error    libmamba Could not set lock (Resource temporarily unavailable)
warning  libmamba Cannot lock '/public/home/vanadiumscandium/.cache/mamba/proc'
    Waiting for other mamba process to finish
CmdStan path set to: /public/home/vanadiumscandium/.cmdstan/cmdstan-2.35.0
Detected cores: 32 | Using: 25
Total covariate combinations: 64 (k=0:1, k=1:6, k=2:15, k=3:20, k=4:15, k=5:6, k=6:1)
Outcomes to analyze: G20_G30_G12.2_F01_F03
===== Disease: NDD (G20_G30_G12.2_F01_F03) =====
Chain 2 Informational Message: The current Metropolis proposal is about to be rejected because of the following issue:
Chain 2 Exception: normal_cdf: Scale parameter is 0, but must be positive! (in '/tmp/RtmpuVlZ1z/model-2be52f8da75c.stan', line 30, column 6 to column 53)
Chain 2 If this warning occurs sporadically, such as for highly constrained variable types like covariance matrices, then the sampler is fine,
Chain 2 but if this warning occurs often then your model may be either severely ill-conditioned or misspecified.
Chain 2 
Chain 2 Informational Message: The current Metropolis proposal is about to be rejected because of the following issue:
Chain 2 Exception: normal_cdf: Scale parameter is 0, but must be positive! (in '/tmp/RtmpuVlZ1z/model-2be52f8da75c.stan', line 30, column 6 to column 53)
Chain 2 If this warning occurs sporadically, such as for highly constrained variable types like covariance matrices, then the sampler is fine,
Chain 2 but if this warning occurs often then your model may be either severely ill-conditioned or misspecified.
Chain 2 
Chain 4 Informational Message: The current Metropolis proposal is about to be rejected because of the following issue:
Chain 4 Exception: normal_cdf: Location parameter is inf, but must be finite! (in '/tmp/RtmpuVlZ1z/model-2be52f8da75c.stan', line 30, column 6 to column 53)
Chain 4 If this warning occurs sporadically, such as for highly constrained variable types like covariance matrices, then the sampler is fine,
Chain 4 but if this warning occurs often then your model may be either severely ill-conditioned or misspecified.
Chain 4 
Chain 4 Informational Message: The current Metropolis proposal is about to be rejected because of the following issue:
Chain 4 Exception: normal_cdf: Scale parameter is 0, but must be positive! (in '/tmp/RtmpuVlZ1z/model-2be52f8da75c.stan', line 30, column 6 to column 53)
Chain 4 If this warning occurs sporadically, such as for highly constrained variable types like covariance matrices, then the sampler is fine,
Chain 4 but if this warning occurs often then your model may be either severely ill-conditioned or misspecified.
Chain 4 
[OK] EQI0005_AAMR2006_2010 Overall EQI
Chain 1 Informational Message: The current Metropolis proposal is about to be rejected because of the following issue:
Chain 1 Exception: normal_cdf: Scale parameter is 0, but must be positive! (in '/tmp/RtmpuVlZ1z/model-2be52f8da75c.stan', line 30, column 6 to column 53)
Chain 1 If this warning occurs sporadically, such as for highly constrained variable types like covariance matrices, then the sampler is fine,
Chain 1 but if this warning occurs often then your model may be either severely ill-conditioned or misspecified.
Chain 1 
Chain 2 Informational Message: The current Metropolis proposal is about to be rejected because of the following issue:
Chain 2 Exception: normal_cdf: Scale parameter is 0, but must be positive! (in '/tmp/RtmpuVlZ1z/model-2be52f8da75c.stan', line 30, column 6 to column 53)
Chain 2 If this warning occurs sporadically, such as for highly constrained variable types like covariance matrices, then the sampler is fine,
Chain 2 but if this warning occurs often then your model may be either severely ill-conditioned or misspecified.
Chain 2 
Chain 3 Informational Message: The current Metropolis proposal is about to be rejected because of the following issue:
Chain 3 Exception: normal_cdf: Scale parameter is 0, but must be positive! (in '/tmp/RtmpuVlZ1z/model-2be52f8da75c.stan', line 30, column 6 to column 53)
Chain 3 If this warning occurs sporadically, such as for highly constrained variable types like covariance matrices, then the sampler is fine,
Chain 3 but if this warning occurs often then your model may be either severely ill-conditioned or misspecified.
Chain 3 
Chain 4 Informational Message: The current Metropolis proposal is about to be rejected because of the following issue:
Chain 4 Exception: normal_cdf: Scale parameter is 0, but must be positive! (in '/tmp/RtmpuVlZ1z/model-2be52f8da75c.stan', line 30, column 6 to column 53)
Chain 4 If this warning occurs sporadically, such as for highly constrained variable types like covariance matrices, then the sampler is fine,
Chain 4 but if this warning occurs often then your model may be either severely ill-conditioned or misspecified.
Chain 4 
[OK] EQI0005_AAMR2006_2010 Overall EQI+SM
Chain 1 Informational Message: The current Metropolis proposal is about to be rejected because of the following issue:
Chain 1 Exception: normal_cdf: Scale parameter is 0, but must be positive! (in '/tmp/RtmpuVlZ1z/model-2be52f8da75c.stan', line 30, column 6 to column 53)
Chain 1 If this warning occurs sporadically, such as for highly constrained variable types like covariance matrices, then the sampler is fine,
Chain 1 but if this warning occurs often then your model may be either severely ill-conditioned or misspecified.
Chain 1 
Chain 1 Informational Message: The current Metropolis proposal is about to be rejected because of the following issue:
Chain 1 Exception: normal_cdf: Scale parameter is 0, but must be positive! (in '/tmp/RtmpuVlZ1z/model-2be52f8da75c.stan', line 30, column 6 to column 53)
Chain 1 If this warning occurs sporadically, such as for highly constrained variable types like covariance matrices, then the sampler is fine,
Chain 1 but if this warning occurs often then your model may be either severely ill-conditioned or misspecified.
Chain 1 
Chain 3 Informational Message: The current Metropolis proposal is about to be rejected because of the following issue:
Chain 3 Exception: normal_cdf: Scale parameter is 0, but must be positive! (in '/tmp/RtmpuVlZ1z/model-2be52f8da75c.stan', line 30, column 6 to column 53)
Chain 3 If this warning occurs sporadically, such as for highly constrained variable types like covariance matrices, then the sampler is fine,
Chain 3 but if this warning occurs often then your model may be either severely ill-conditioned or misspecified.
Chain 3 
Chain 3 Informational Message: The current Metropolis proposal is about to be rejected because of the following issue:
Chain 3 Exception: normal_cdf: Scale parameter is 0, but must be positive! (in '/tmp/RtmpuVlZ1z/model-2be52f8da75c.stan', line 30, column 6 to column 53)
Chain 3 If this warning occurs sporadically, such as for highly constrained variable types like covariance matrices, then the sampler is fine,
Chain 3 but if this warning occurs often then your model may be either severely ill-conditioned or misspecified.
Chain 3 
Chain 4 Informational Message: The current Metropolis proposal is about to be rejected because of the following issue:
Chain 4 Exception: normal_cdf: Scale parameter is 0, but must be positive! (in '/tmp/RtmpuVlZ1z/model-2be52f8da75c.stan', line 30, column 6 to column 53)
Chain 4 If this warning occurs sporadically, such as for highly constrained variable types like covariance matrices, then the sampler is fine,
Chain 4 but if this warning occurs often then your model may be either severely ill-conditioned or misspecified.
Chain 4 
Chain 4 Informational Message: The current Metropolis proposal is about to be rejected because of the following issue:
Chain 4 Exception: normal_cdf: Scale parameter is 0, but must be positive! (in '/tmp/RtmpuVlZ1z/model-2be52f8da75c.stan', line 30, column 6 to column 53)
Chain 4 If this warning occurs sporadically, such as for highly constrained variable types like covariance matrices, then the sampler is fine,
Chain 4 but if this warning occurs often then your model may be either severely ill-conditioned or misspecified.
Chain 4 
[OK] EQI0005_AAMR2006_2010 Overall EQI+PA
Chain 1 Informational Message: The current Metropolis proposal is about to be rejected because of the following issue:
Chain 1 Exception: normal_cdf: Scale parameter is 0, but must be positive! (in '/tmp/RtmpuVlZ1z/model-2be52f8da75c.stan', line 30, column 6 to column 53)
Chain 1 If this warning occurs sporadically, such as for highly constrained variable types like covariance matrices, then the sampler is fine,
Chain 1 but if this warning occurs often then your model may be either severely ill-conditioned or misspecified.
Chain 1 
Chain 2 Informational Message: The current Metropolis proposal is about to be rejected because of the following issue:
Chain 2 Exception: normal_cdf: Scale parameter is 0, but must be positive! (in '/tmp/RtmpuVlZ1z/model-2be52f8da75c.stan', line 30, column 6 to column 53)
Chain 2 If this warning occurs sporadically, such as for highly constrained variable types like covariance matrices, then the sampler is fine,
Chain 2 but if this warning occurs often then your model may be either severely ill-conditioned or misspecified.
Chain 2 
Chain 3 Informational Message: The current Metropolis proposal is about to be rejected because of the following issue:
Chain 3 Exception: normal_cdf: Scale parameter is 0, but must be positive! (in '/tmp/RtmpuVlZ1z/model-2be52f8da75c.stan', line 30, column 6 to column 53)
Chain 3 If this warning occurs sporadically, such as for highly constrained variable types like covariance matrices, then the sampler is fine,
Chain 3 but if this warning occurs often then your model may be either severely ill-conditioned or misspecified.
Chain 3 
Chain 4 Informational Message: The current Metropolis proposal is about to be rejected because of the following issue:
Chain 4 Exception: normal_cdf: Scale parameter is 0, but must be positive! (in '/tmp/RtmpuVlZ1z/model-2be52f8da75c.stan', line 30, column 6 to column 53)
Chain 4 If this warning occurs sporadically, such as for highly constrained variable types like covariance matrices, then the sampler is fine,
Chain 4 but if this warning occurs often then your model may be either severely ill-conditioned or misspecified.
Chain 4 
Chain 4 Informational Message: The current Metropolis proposal is about to be rejected because of the following issue:
Chain 4 Exception: normal_cdf: Scale parameter is 0, but must be positive! (in '/tmp/RtmpuVlZ1z/model-2be52f8da75c.stan', line 30, column 6 to column 53)
Chain 4 If this warning occurs sporadically, such as for highly constrained variable types like covariance matrices, then the sampler is fine,
Chain 4 but if this warning occurs often then your model may be either severely ill-conditioned or misspecified.
Chain 4 
[OK] EQI0005_AAMR2006_2010 Overall EQI+OB
Chain 1 Informational Message: The current Metropolis proposal is about to be rejected because of the following issue:
Chain 1 Exception: normal_cdf: Scale parameter is 0, but must be positive! (in '/tmp/RtmpuVlZ1z/model-2be52f8da75c.stan', line 30, column 6 to column 53)
Chain 1 If this warning occurs sporadically, such as for highly constrained variable types like covariance matrices, then the sampler is fine,
Chain 1 but if this warning occurs often then your model may be either severely ill-conditioned or misspecified.
Chain 1 
Chain 2 Informational Message: The current Metropolis proposal is about to be rejected because of the following issue:
Chain 2 Exception: normal_cdf: Scale parameter is 0, but must be positive! (in '/tmp/RtmpuVlZ1z/model-2be52f8da75c.stan', line 30, column 6 to column 53)
Chain 2 If this warning occurs sporadically, such as for highly constrained variable types like covariance matrices, then the sampler is fine,
Chain 2 but if this warning occurs often then your model may be either severely ill-conditioned or misspecified.
Chain 2 
Chain 3 Informational Message: The current Metropolis proposal is about to be rejected because of the following issue:
Chain 3 Exception: normal_cdf: Scale parameter is 0, but must be positive! (in '/tmp/RtmpuVlZ1z/model-2be52f8da75c.stan', line 30, column 6 to column 53)
Chain 3 If this warning occurs sporadically, such as for highly constrained variable types like covariance matrices, then the sampler is fine,
Chain 3 but if this warning occurs often then your model may be either severely ill-conditioned or misspecified.
Chain 3 
Chain 4 Informational Message: The current Metropolis proposal is about to be rejected because of the following issue:
Chain 4 Exception: normal_cdf: Scale parameter is 0, but must be positive! (in '/tmp/RtmpuVlZ1z/model-2be52f8da75c.stan', line 30, column 6 to column 53)
Chain 4 If this warning occurs sporadically, such as for highly constrained variable types like covariance matrices, then the sampler is fine,
Chain 4 but if this warning occurs often then your model may be either severely ill-conditioned or misspecified.
Chain 4 
[OK] EQI0005_AAMR2006_2010 Overall EQI+UN
Chain 1 Informational Message: The current Metropolis proposal is about to be rejected because of the following issue:
Chain 1 Exception: normal_cdf: Scale parameter is 0, but must be positive! (in '/tmp/RtmpuVlZ1z/model-2be52f8da75c.stan', line 30, column 6 to column 53)
Chain 1 If this warning occurs sporadically, such as for highly constrained variable types like covariance matrices, then the sampler is fine,
Chain 1 but if this warning occurs often then your model may be either severely ill-conditioned or misspecified.
Chain 1 
Chain 2 Informational Message: The current Metropolis proposal is about to be rejected because of the following issue:
Chain 2 Exception: normal_cdf: Scale parameter is 0, but must be positive! (in '/tmp/RtmpuVlZ1z/model-2be52f8da75c.stan', line 30, column 6 to column 53)
Chain 2 If this warning occurs sporadically, such as for highly constrained variable types like covariance matrices, then the sampler is fine,
Chain 2 but if this warning occurs often then your model may be either severely ill-conditioned or misspecified.
Chain 2 
Chain 3 Informational Message: The current Metropolis proposal is about to be rejected because of the following issue:
Chain 3 Exception: normal_cdf: Scale parameter is 0, but must be positive! (in '/tmp/RtmpuVlZ1z/model-2be52f8da75c.stan', line 30, column 6 to column 53)
Chain 3 If this warning occurs sporadically, such as for highly constrained variable types like covariance matrices, then the sampler is fine,
Chain 3 but if this warning occurs often then your model may be either severely ill-conditioned or misspecified.
Chain 3 
Chain 4 Informational Message: The current Metropolis proposal is about to be rejected because of the following issue:
Chain 4 Exception: normal_cdf: Scale parameter is 0, but must be positive! (in '/tmp/RtmpuVlZ1z/model-2be52f8da75c.stan', line 30, column 6 to column 53)
Chain 4 If this warning occurs sporadically, such as for highly constrained variable types like covariance matrices, then the sampler is fine,
Chain 4 but if this warning occurs often then your model may be either severely ill-conditioned or misspecified.
Chain 4 
[OK] EQI0005_AAMR2006_2010 Overall EQI+PD
Chain 4 Informational Message: The current Metropolis proposal is about to be rejected because of the following issue:
Chain 4 Exception: normal_cdf: Location parameter is inf, but must be finite! (in '/tmp/RtmpuVlZ1z/model-2be52f8da75c.stan', line 30, column 6 to column 53)
Chain 4 If this warning occurs sporadically, such as for highly constrained variable types like covariance matrices, then the sampler is fine,
Chain 4 but if this warning occurs often then your model may be either severely ill-conditioned or misspecified.
Chain 4 
[OK] EQI0005_AAMR2006_2010 Overall EQI+DB
Chain 1 Informational Message: The current Metropolis proposal is about to be rejected because of the following issue:
Chain 1 Exception: normal_cdf: Scale parameter is 0, but must be positive! (in '/tmp/RtmpuVlZ1z/model-2be52f8da75c.stan', line 30, column 6 to column 53)
Chain 1 If this warning occurs sporadically, such as for highly constrained variable types like covariance matrices, then the sampler is fine,
Chain 1 but if this warning occurs often then your model may be either severely ill-conditioned or misspecified.
Chain 1 
Chain 2 Informational Message: The current Metropolis proposal is about to be rejected because of the following issue:
Chain 2 Exception: normal_cdf: Scale parameter is 0, but must be positive! (in '/tmp/RtmpuVlZ1z/model-2be52f8da75c.stan', line 30, column 6 to column 53)
Chain 2 If this warning occurs sporadically, such as for highly constrained variable types like covariance matrices, then the sampler is fine,
Chain 2 but if this warning occurs often then your model may be either severely ill-conditioned or misspecified.
Chain 2 
Chain 3 Informational Message: The current Metropolis proposal is about to be rejected because of the following issue:
Chain 3 Exception: normal_cdf: Scale parameter is 0, but must be positive! (in '/tmp/RtmpuVlZ1z/model-2be52f8da75c.stan', line 30, column 6 to column 53)
Chain 3 If this warning occurs sporadically, such as for highly constrained variable types like covariance matrices, then the sampler is fine,
Chain 3 but if this warning occurs often then your model may be either severely ill-conditioned or misspecified.
Chain 3 
Chain 4 Informational Message: The current Metropolis proposal is about to be rejected because of the following issue:
Chain 4 Exception: normal_cdf: Scale parameter is 0, but must be positive! (in '/tmp/RtmpuVlZ1z/model-2be52f8da75c.stan', line 30, column 6 to column 53)
Chain 4 If this warning occurs sporadically, such as for highly constrained variable types like covariance matrices, then the sampler is fine,
Chain 4 but if this warning occurs often then your model may be either severely ill-conditioned or misspecified.
Chain 4 
[OK] EQI0005_AAMR2006_2010 Overall EQI+SM+PA
Chain 1 Informational Message: The current Metropolis proposal is about to be rejected because of the following issue:
Chain 1 Exception: normal_cdf: Scale parameter is 0, but must be positive! (in '/tmp/RtmpuVlZ1z/model-2be52f8da75c.stan', line 30, column 6 to column 53)
Chain 1 If this warning occurs sporadically, such as for highly constrained variable types like covariance matrices, then the sampler is fine,
Chain 1 but if this warning occurs often then your model may be either severely ill-conditioned or misspecified.
Chain 1 
Chain 1 Informational Message: The current Metropolis proposal is about to be rejected because of the following issue:
Chain 1 Exception: normal_cdf: Scale parameter is 0, but must be positive! (in '/tmp/RtmpuVlZ1z/model-2be52f8da75c.stan', line 30, column 6 to column 53)
Chain 1 If this warning occurs sporadically, such as for highly constrained variable types like covariance matrices, then the sampler is fine,
Chain 1 but if this warning occurs often then your model may be either severely ill-conditioned or misspecified.
Chain 1 
[OK] EQI0005_AAMR2006_2010 Overall EQI+SM+OB
Chain 1 Informational Message: The current Metropolis proposal is about to be rejected because of the following issue:
Chain 1 Exception: normal_cdf: Scale parameter is 0, but must be positive! (in '/tmp/RtmpuVlZ1z/model-2be52f8da75c.stan', line 30, column 6 to column 53)
Chain 1 If this warning occurs sporadically, such as for highly constrained variable types like covariance matrices, then the sampler is fine,
Chain 1 but if this warning occurs often then your model may be either severely ill-conditioned or misspecified.
Chain 1 
Chain 4 Informational Message: The current Metropolis proposal is about to be rejected because of the following issue:
Chain 4 Exception: normal_cdf: Scale parameter is 0, but must be positive! (in '/tmp/RtmpuVlZ1z/model-2be52f8da75c.stan', line 30, column 6 to column 53)
Chain 4 If this warning occurs sporadically, such as for highly constrained variable types like covariance matrices, then the sampler is fine,
Chain 4 but if this warning occurs often then your model may be either severely ill-conditioned or misspecified.
Chain 4 
Chain 4 Informational Message: The current Metropolis proposal is about to be rejected because of the following issue:
Chain 4 Exception: normal_cdf: Scale parameter is 0, but must be positive! (in '/tmp/RtmpuVlZ1z/model-2be52f8da75c.stan', line 30, column 6 to column 53)
Chain 4 If this warning occurs sporadically, such as for highly constrained variable types like covariance matrices, then the sampler is fine,
Chain 4 but if this warning occurs often then your model may be either severely ill-conditioned or misspecified.
Chain 4 
[OK] EQI0005_AAMR2006_2010 Overall EQI+SM+UN
Chain 1 Informational Message: The current Metropolis proposal is about to be rejected because of the following issue:
Chain 1 Exception: normal_cdf: Scale parameter is 0, but must be positive! (in '/tmp/RtmpuVlZ1z/model-2be52f8da75c.stan', line 30, column 6 to column 53)
Chain 1 If this warning occurs sporadically, such as for highly constrained variable types like covariance matrices, then the sampler is fine,
Chain 1 but if this warning occurs often then your model may be either severely ill-conditioned or misspecified.
Chain 1 
Chain 2 Informational Message: The current Metropolis proposal is about to be rejected because of the following issue:
Chain 2 Exception: normal_cdf: Scale parameter is 0, but must be positive! (in '/tmp/RtmpuVlZ1z/model-2be52f8da75c.stan', line 30, column 6 to column 53)
Chain 2 If this warning occurs sporadically, such as for highly constrained variable types like covariance matrices, then the sampler is fine,
Chain 2 but if this warning occurs often then your model may be either severely ill-conditioned or misspecified.
Chain 2 
Chain 3 Informational Message: The current Metropolis proposal is about to be rejected because of the following issue:
Chain 3 Exception: normal_cdf: Scale parameter is 0, but must be positive! (in '/tmp/RtmpuVlZ1z/model-2be52f8da75c.stan', line 30, column 6 to column 53)
Chain 3 If this warning occurs sporadically, such as for highly constrained variable types like covariance matrices, then the sampler is fine,
Chain 3 but if this warning occurs often then your model may be either severely ill-conditioned or misspecified.
Chain 3 
Chain 3 Informational Message: The current Metropolis proposal is about to be rejected because of the following issue:
Chain 3 Exception: normal_cdf: Scale parameter is 0, but must be positive! (in '/tmp/RtmpuVlZ1z/model-2be52f8da75c.stan', line 30, column 6 to column 53)
Chain 3 If this warning occurs sporadically, such as for highly constrained variable types like covariance matrices, then the sampler is fine,
Chain 3 but if this warning occurs often then your model may be either severely ill-conditioned or misspecified.
Chain 3 
Chain 4 Informational Message: The current Metropolis proposal is about to be rejected because of the following issue:
Chain 4 Exception: normal_cdf: Scale parameter is 0, but must be positive! (in '/tmp/RtmpuVlZ1z/model-2be52f8da75c.stan', line 30, column 6 to column 53)
Chain 4 If this warning occurs sporadically, such as for highly constrained variable types like covariance matrices, then the sampler is fine,
Chain 4 but if this warning occurs often then your model may be either severely ill-conditioned or misspecified.
Chain 4 
[OK] EQI0005_AAMR2006_2010 Overall EQI+SM+PD
Chain 1 Informational Message: The current Metropolis proposal is about to be rejected because of the following issue:
Chain 1 Exception: normal_cdf: Scale parameter is 0, but must be positive! (in '/tmp/RtmpuVlZ1z/model-2be52f8da75c.stan', line 30, column 6 to column 53)
Chain 1 If this warning occurs sporadically, such as for highly constrained variable types like covariance matrices, then the sampler is fine,
Chain 1 but if this warning occurs often then your model may be either severely ill-conditioned or misspecified.
Chain 1 
Chain 2 Informational Message: The current Metropolis proposal is about to be rejected because of the following issue:
Chain 2 Exception: normal_cdf: Scale parameter is 0, but must be positive! (in '/tmp/RtmpuVlZ1z/model-2be52f8da75c.stan', line 30, column 6 to column 53)
Chain 2 If this warning occurs sporadically, such as for highly constrained variable types like covariance matrices, then the sampler is fine,
Chain 2 but if this warning occurs often then your model may be either severely ill-conditioned or misspecified.
Chain 2 
Chain 3 Informational Message: The current Metropolis proposal is about to be rejected because of the following issue:
Chain 3 Exception: normal_cdf: Scale parameter is 0, but must be positive! (in '/tmp/RtmpuVlZ1z/model-2be52f8da75c.stan', line 30, column 6 to column 53)
Chain 3 If this warning occurs sporadically, such as for highly constrained variable types like covariance matrices, then the sampler is fine,
Chain 3 but if this warning occurs often then your model may be either severely ill-conditioned or misspecified.
Chain 3 
Chain 4 Informational Message: The current Metropolis proposal is about to be rejected because of the following issue:
Chain 4 Exception: normal_cdf: Scale parameter is 0, but must be positive! (in '/tmp/RtmpuVlZ1z/model-2be52f8da75c.stan', line 30, column 6 to column 53)
Chain 4 If this warning occurs sporadically, such as for highly constrained variable types like covariance matrices, then the sampler is fine,
Chain 4 but if this warning occurs often then your model may be either severely ill-conditioned or misspecified.
Chain 4 
[OK] EQI0005_AAMR2006_2010 Overall EQI+SM+DB
Chain 1 Informational Message: The current Metropolis proposal is about to be rejected because of the following issue:
Chain 1 Exception: normal_cdf: Scale parameter is 0, but must be positive! (in '/tmp/RtmpuVlZ1z/model-2be52f8da75c.stan', line 30, column 6 to column 53)
Chain 1 If this warning occurs sporadically, such as for highly constrained variable types like covariance matrices, then the sampler is fine,
Chain 1 but if this warning occurs often then your model may be either severely ill-conditioned or misspecified.
Chain 1 
Chain 2 Informational Message: The current Metropolis proposal is about to be rejected because of the following issue:
Chain 2 Exception: normal_cdf: Scale parameter is 0, but must be positive! (in '/tmp/RtmpuVlZ1z/model-2be52f8da75c.stan', line 30, column 6 to column 53)
Chain 2 If this warning occurs sporadically, such as for highly constrained variable types like covariance matrices, then the sampler is fine,
Chain 2 but if this warning occurs often then your model may be either severely ill-conditioned or misspecified.
Chain 2 
Chain 3 Informational Message: The current Metropolis proposal is about to be rejected because of the following issue:
Chain 3 Exception: normal_cdf: Scale parameter is 0, but must be positive! (in '/tmp/RtmpuVlZ1z/model-2be52f8da75c.stan', line 30, column 6 to column 53)
Chain 3 If this warning occurs sporadically, such as for highly constrained variable types like covariance matrices, then the sampler is fine,
Chain 3 but if this warning occurs often then your model may be either severely ill-conditioned or misspecified.
Chain 3 
Chain 4 Informational Message: The current Metropolis proposal is about to be rejected because of the following issue:
Chain 4 Exception: normal_cdf: Scale parameter is 0, but must be positive! (in '/tmp/RtmpuVlZ1z/model-2be52f8da75c.stan', line 30, column 6 to column 53)
Chain 4 If this warning occurs sporadically, such as for highly constrained variable types like covariance matrices, then the sampler is fine,
Chain 4 but if this warning occurs often then your model may be either severely ill-conditioned or misspecified.
Chain 4 
[OK] EQI0005_AAMR2006_2010 Overall EQI+PA+OB
Chain 1 Informational Message: The current Metropolis proposal is about to be rejected because of the following issue:
Chain 1 Exception: normal_cdf: Scale parameter is 0, but must be positive! (in '/tmp/RtmpuVlZ1z/model-2be52f8da75c.stan', line 30, column 6 to column 53)
Chain 1 If this warning occurs sporadically, such as for highly constrained variable types like covariance matrices, then the sampler is fine,
Chain 1 but if this warning occurs often then your model may be either severely ill-conditioned or misspecified.
Chain 1 
Chain 1 Informational Message: The current Metropolis proposal is about to be rejected because of the following issue:
Chain 1 Exception: normal_cdf: Scale parameter is 0, but must be positive! (in '/tmp/RtmpuVlZ1z/model-2be52f8da75c.stan', line 30, column 6 to column 53)
Chain 1 If this warning occurs sporadically, such as for highly constrained variable types like covariance matrices, then the sampler is fine,
Chain 1 but if this warning occurs often then your model may be either severely ill-conditioned or misspecified.
Chain 1 
Chain 2 Informational Message: The current Metropolis proposal is about to be rejected because of the following issue:
Chain 2 Exception: normal_cdf: Scale parameter is 0, but must be positive! (in '/tmp/RtmpuVlZ1z/model-2be52f8da75c.stan', line 30, column 6 to column 53)
Chain 2 If this warning occurs sporadically, such as for highly constrained variable types like covariance matrices, then the sampler is fine,
Chain 2 but if this warning occurs often then your model may be either severely ill-conditioned or misspecified.
Chain 2 
Chain 2 Informational Message: The current Metropolis proposal is about to be rejected because of the following issue:
Chain 2 Exception: normal_cdf: Scale parameter is 0, but must be positive! (in '/tmp/RtmpuVlZ1z/model-2be52f8da75c.stan', line 30, column 6 to column 53)
Chain 2 If this warning occurs sporadically, such as for highly constrained variable types like covariance matrices, then the sampler is fine,
Chain 2 but if this warning occurs often then your model may be either severely ill-conditioned or misspecified.
Chain 2 
Chain 3 Informational Message: The current Metropolis proposal is about to be rejected because of the following issue:
Chain 3 Exception: normal_cdf: Scale parameter is 0, but must be positive! (in '/tmp/RtmpuVlZ1z/model-2be52f8da75c.stan', line 30, column 6 to column 53)
Chain 3 If this warning occurs sporadically, such as for highly constrained variable types like covariance matrices, then the sampler is fine,
Chain 3 but if this warning occurs often then your model may be either severely ill-conditioned or misspecified.
Chain 3 
Chain 3 Informational Message: The current Metropolis proposal is about to be rejected because of the following issue:
Chain 3 Exception: normal_cdf: Scale parameter is 0, but must be positive! (in '/tmp/RtmpuVlZ1z/model-2be52f8da75c.stan', line 30, column 6 to column 53)
Chain 3 If this warning occurs sporadically, such as for highly constrained variable types like covariance matrices, then the sampler is fine,
Chain 3 but if this warning occurs often then your model may be either severely ill-conditioned or misspecified.
Chain 3 
Chain 4 Informational Message: The current Metropolis proposal is about to be rejected because of the following issue:
Chain 4 Exception: normal_cdf: Scale parameter is 0, but must be positive! (in '/tmp/RtmpuVlZ1z/model-2be52f8da75c.stan', line 30, column 6 to column 53)
Chain 4 If this warning occurs sporadically, such as for highly constrained variable types like covariance matrices, then the sampler is fine,
Chain 4 but if this warning occurs often then your model may be either severely ill-conditioned or misspecified.
Chain 4 
[OK] EQI0005_AAMR2006_2010 Overall EQI+PA+UN
Chain 1 Informational Message: The current Metropolis proposal is about to be rejected because of the following issue:
Chain 1 Exception: normal_cdf: Scale parameter is 0, but must be positive! (in '/tmp/RtmpuVlZ1z/model-2be52f8da75c.stan', line 30, column 6 to column 53)
Chain 1 If this warning occurs sporadically, such as for highly constrained variable types like covariance matrices, then the sampler is fine,
Chain 1 but if this warning occurs often then your model may be either severely ill-conditioned or misspecified.
Chain 1 
Chain 1 Informational Message: The current Metropolis proposal is about to be rejected because of the following issue:
Chain 1 Exception: normal_cdf: Scale parameter is 0, but must be positive! (in '/tmp/RtmpuVlZ1z/model-2be52f8da75c.stan', line 30, column 6 to column 53)
Chain 1 If this warning occurs sporadically, such as for highly constrained variable types like covariance matrices, then the sampler is fine,
Chain 1 but if this warning occurs often then your model may be either severely ill-conditioned or misspecified.
Chain 1 
Chain 2 Informational Message: The current Metropolis proposal is about to be rejected because of the following issue:
Chain 2 Exception: normal_cdf: Scale parameter is 0, but must be positive! (in '/tmp/RtmpuVlZ1z/model-2be52f8da75c.stan', line 30, column 6 to column 53)
Chain 2 If this warning occurs sporadically, such as for highly constrained variable types like covariance matrices, then the sampler is fine,
Chain 2 but if this warning occurs often then your model may be either severely ill-conditioned or misspecified.
Chain 2 
Chain 3 Informational Message: The current Metropolis proposal is about to be rejected because of the following issue:
Chain 3 Exception: normal_cdf: Scale parameter is 0, but must be positive! (in '/tmp/RtmpuVlZ1z/model-2be52f8da75c.stan', line 30, column 6 to column 53)
Chain 3 If this warning occurs sporadically, such as for highly constrained variable types like covariance matrices, then the sampler is fine,
Chain 3 but if this warning occurs often then your model may be either severely ill-conditioned or misspecified.
Chain 3 
Chain 4 Informational Message: The current Metropolis proposal is about to be rejected because of the following issue:
Chain 4 Exception: normal_cdf: Scale parameter is 0, but must be positive! (in '/tmp/RtmpuVlZ1z/model-2be52f8da75c.stan', line 30, column 6 to column 53)
Chain 4 If this warning occurs sporadically, such as for highly constrained variable types like covariance matrices, then the sampler is fine,
Chain 4 but if this warning occurs often then your model may be either severely ill-conditioned or misspecified.
Chain 4 
Chain 4 Informational Message: The current Metropolis proposal is about to be rejected because of the following issue:
Chain 4 Exception: normal_cdf: Scale parameter is 0, but must be positive! (in '/tmp/RtmpuVlZ1z/model-2be52f8da75c.stan', line 30, column 6 to column 53)
Chain 4 If this warning occurs sporadically, such as for highly constrained variable types like covariance matrices, then the sampler is fine,
Chain 4 but if this warning occurs often then your model may be either severely ill-conditioned or misspecified.
Chain 4 
[OK] EQI0005_AAMR2006_2010 Overall EQI+PA+PD
Chain 2 Informational Message: The current Metropolis proposal is about to be rejected because of the following issue:
Chain 2 Exception: normal_cdf: Scale parameter is 0, but must be positive! (in '/tmp/RtmpuVlZ1z/model-2be52f8da75c.stan', line 30, column 6 to column 53)
Chain 2 If this warning occurs sporadically, such as for highly constrained variable types like covariance matrices, then the sampler is fine,
Chain 2 but if this warning occurs often then your model may be either severely ill-conditioned or misspecified.
Chain 2 
Chain 2 Informational Message: The current Metropolis proposal is about to be rejected because of the following issue:
Chain 2 Exception: normal_cdf: Scale parameter is 0, but must be positive! (in '/tmp/RtmpuVlZ1z/model-2be52f8da75c.stan', line 30, column 6 to column 53)
Chain 2 If this warning occurs sporadically, such as for highly constrained variable types like covariance matrices, then the sampler is fine,
Chain 2 but if this warning occurs often then your model may be either severely ill-conditioned or misspecified.
Chain 2 
Chain 3 Informational Message: The current Metropolis proposal is about to be rejected because of the following issue:
Chain 3 Exception: normal_cdf: Scale parameter is 0, but must be positive! (in '/tmp/RtmpuVlZ1z/model-2be52f8da75c.stan', line 30, column 6 to column 53)
Chain 3 If this warning occurs sporadically, such as for highly constrained variable types like covariance matrices, then the sampler is fine,
Chain 3 but if this warning occurs often then your model may be either severely ill-conditioned or misspecified.
Chain 3 
Chain 3 Informational Message: The current Metropolis proposal is about to be rejected because of the following issue:
Chain 3 Exception: normal_cdf: Scale parameter is 0, but must be positive! (in '/tmp/RtmpuVlZ1z/model-2be52f8da75c.stan', line 30, column 6 to column 53)
Chain 3 If this warning occurs sporadically, such as for highly constrained variable types like covariance matrices, then the sampler is fine,
Chain 3 but if this warning occurs often then your model may be either severely ill-conditioned or misspecified.
Chain 3 
Chain 4 Informational Message: The current Metropolis proposal is about to be rejected because of the following issue:
Chain 4 Exception: normal_cdf: Scale parameter is 0, but must be positive! (in '/tmp/RtmpuVlZ1z/model-2be52f8da75c.stan', line 30, column 6 to column 53)
Chain 4 If this warning occurs sporadically, such as for highly constrained variable types like covariance matrices, then the sampler is fine,
Chain 4 but if this warning occurs often then your model may be either severely ill-conditioned or misspecified.
Chain 4 
[OK] EQI0005_AAMR2006_2010 Overall EQI+PA+DB
Chain 1 Informational Message: The current Metropolis proposal is about to be rejected because of the following issue:
Chain 1 Exception: normal_cdf: Scale parameter is 0, but must be positive! (in '/tmp/RtmpuVlZ1z/model-2be52f8da75c.stan', line 30, column 6 to column 53)
Chain 1 If this warning occurs sporadically, such as for highly constrained variable types like covariance matrices, then the sampler is fine,
Chain 1 but if this warning occurs often then your model may be either severely ill-conditioned or misspecified.
Chain 1 
Chain 2 Informational Message: The current Metropolis proposal is about to be rejected because of the following issue:
Chain 2 Exception: normal_cdf: Scale parameter is 0, but must be positive! (in '/tmp/RtmpuVlZ1z/model-2be52f8da75c.stan', line 30, column 6 to column 53)
Chain 2 If this warning occurs sporadically, such as for highly constrained variable types like covariance matrices, then the sampler is fine,
Chain 2 but if this warning occurs often then your model may be either severely ill-conditioned or misspecified.
Chain 2 
Chain 3 Informational Message: The current Metropolis proposal is about to be rejected because of the following issue:
Chain 3 Exception: normal_cdf: Scale parameter is 0, but must be positive! (in '/tmp/RtmpuVlZ1z/model-2be52f8da75c.stan', line 30, column 6 to column 53)
Chain 3 If this warning occurs sporadically, such as for highly constrained variable types like covariance matrices, then the sampler is fine,
Chain 3 but if this warning occurs often then your model may be either severely ill-conditioned or misspecified.
Chain 3 
Chain 4 Informational Message: The current Metropolis proposal is about to be rejected because of the following issue:
Chain 4 Exception: normal_cdf: Scale parameter is 0, but must be positive! (in '/tmp/RtmpuVlZ1z/model-2be52f8da75c.stan', line 30, column 6 to column 53)
Chain 4 If this warning occurs sporadically, such as for highly constrained variable types like covariance matrices, then the sampler is fine,
Chain 4 but if this warning occurs often then your model may be either severely ill-conditioned or misspecified.
Chain 4 
[OK] EQI0005_AAMR2006_2010 Overall EQI+OB+UN
Chain 1 Informational Message: The current Metropolis proposal is about to be rejected because of the following issue:
Chain 1 Exception: normal_cdf: Scale parameter is 0, but must be positive! (in '/tmp/RtmpuVlZ1z/model-2be52f8da75c.stan', line 30, column 6 to column 53)
Chain 1 If this warning occurs sporadically, such as for highly constrained variable types like covariance matrices, then the sampler is fine,
Chain 1 but if this warning occurs often then your model may be either severely ill-conditioned or misspecified.
Chain 1 
Chain 1 Informational Message: The current Metropolis proposal is about to be rejected because of the following issue:
Chain 1 Exception: normal_cdf: Scale parameter is 0, but must be positive! (in '/tmp/RtmpuVlZ1z/model-2be52f8da75c.stan', line 30, column 6 to column 53)
Chain 1 If this warning occurs sporadically, such as for highly constrained variable types like covariance matrices, then the sampler is fine,
Chain 1 but if this warning occurs often then your model may be either severely ill-conditioned or misspecified.
Chain 1 
Chain 2 Informational Message: The current Metropolis proposal is about to be rejected because of the following issue:
Chain 2 Exception: normal_cdf: Scale parameter is 0, but must be positive! (in '/tmp/RtmpuVlZ1z/model-2be52f8da75c.stan', line 30, column 6 to column 53)
Chain 2 If this warning occurs sporadically, such as for highly constrained variable types like covariance matrices, then the sampler is fine,
Chain 2 but if this warning occurs often then your model may be either severely ill-conditioned or misspecified.
Chain 2 
Chain 3 Informational Message: The current Metropolis proposal is about to be rejected because of the following issue:
Chain 3 Exception: normal_cdf: Scale parameter is 0, but must be positive! (in '/tmp/RtmpuVlZ1z/model-2be52f8da75c.stan', line 30, column 6 to column 53)
Chain 3 If this warning occurs sporadically, such as for highly constrained variable types like covariance matrices, then the sampler is fine,
Chain 3 but if this warning occurs often then your model may be either severely ill-conditioned or misspecified.
Chain 3 
Chain 3 Informational Message: The current Metropolis proposal is about to be rejected because of the following issue:
Chain 3 Exception: normal_cdf: Scale parameter is 0, but must be positive! (in '/tmp/RtmpuVlZ1z/model-2be52f8da75c.stan', line 30, column 6 to column 53)
Chain 3 If this warning occurs sporadically, such as for highly constrained variable types like covariance matrices, then the sampler is fine,
Chain 3 but if this warning occurs often then your model may be either severely ill-conditioned or misspecified.
Chain 3 
Chain 4 Informational Message: The current Metropolis proposal is about to be rejected because of the following issue:
Chain 4 Exception: normal_cdf: Scale parameter is 0, but must be positive! (in '/tmp/RtmpuVlZ1z/model-2be52f8da75c.stan', line 30, column 6 to column 53)
Chain 4 If this warning occurs sporadically, such as for highly constrained variable types like covariance matrices, then the sampler is fine,
Chain 4 but if this warning occurs often then your model may be either severely ill-conditioned or misspecified.
Chain 4 
Chain 4 Informational Message: The current Metropolis proposal is about to be rejected because of the following issue:
Chain 4 Exception: normal_cdf: Scale parameter is 0, but must be positive! (in '/tmp/RtmpuVlZ1z/model-2be52f8da75c.stan', line 30, column 6 to column 53)
Chain 4 If this warning occurs sporadically, such as for highly constrained variable types like covariance matrices, then the sampler is fine,
Chain 4 but if this warning occurs often then your model may be either severely ill-conditioned or misspecified.
Chain 4 
[OK] EQI0005_AAMR2006_2010 Overall EQI+OB+PD
Chain 1 Informational Message: The current Metropolis proposal is about to be rejected because of the following issue:
Chain 1 Exception: normal_cdf: Scale parameter is 0, but must be positive! (in '/tmp/RtmpuVlZ1z/model-2be52f8da75c.stan', line 30, column 6 to column 53)
Chain 1 If this warning occurs sporadically, such as for highly constrained variable types like covariance matrices, then the sampler is fine,
Chain 1 but if this warning occurs often then your model may be either severely ill-conditioned or misspecified.
Chain 1 
Chain 2 Informational Message: The current Metropolis proposal is about to be rejected because of the following issue:
Chain 2 Exception: normal_cdf: Scale parameter is 0, but must be positive! (in '/tmp/RtmpuVlZ1z/model-2be52f8da75c.stan', line 30, column 6 to column 53)
Chain 2 If this warning occurs sporadically, such as for highly constrained variable types like covariance matrices, then the sampler is fine,
Chain 2 but if this warning occurs often then your model may be either severely ill-conditioned or misspecified.
Chain 2 
Chain 2 Informational Message: The current Metropolis proposal is about to be rejected because of the following issue:
Chain 2 Exception: normal_cdf: Scale parameter is 0, but must be positive! (in '/tmp/RtmpuVlZ1z/model-2be52f8da75c.stan', line 30, column 6 to column 53)
Chain 2 If this warning occurs sporadically, such as for highly constrained variable types like covariance matrices, then the sampler is fine,
Chain 2 but if this warning occurs often then your model may be either severely ill-conditioned or misspecified.
Chain 2 
Chain 3 Informational Message: The current Metropolis proposal is about to be rejected because of the following issue:
Chain 3 Exception: normal_cdf: Scale parameter is 0, but must be positive! (in '/tmp/RtmpuVlZ1z/model-2be52f8da75c.stan', line 30, column 6 to column 53)
Chain 3 If this warning occurs sporadically, such as for highly constrained variable types like covariance matrices, then the sampler is fine,
Chain 3 but if this warning occurs often then your model may be either severely ill-conditioned or misspecified.
Chain 3 
Chain 3 Informational Message: The current Metropolis proposal is about to be rejected because of the following issue:
Chain 3 Exception: normal_cdf: Scale parameter is 0, but must be positive! (in '/tmp/RtmpuVlZ1z/model-2be52f8da75c.stan', line 30, column 6 to column 53)
Chain 3 If this warning occurs sporadically, such as for highly constrained variable types like covariance matrices, then the sampler is fine,
Chain 3 but if this warning occurs often then your model may be either severely ill-conditioned or misspecified.
Chain 3 
Chain 4 Informational Message: The current Metropolis proposal is about to be rejected because of the following issue:
Chain 4 Exception: normal_cdf: Scale parameter is 0, but must be positive! (in '/tmp/RtmpuVlZ1z/model-2be52f8da75c.stan', line 30, column 6 to column 53)
Chain 4 If this warning occurs sporadically, such as for highly constrained variable types like covariance matrices, then the sampler is fine,
Chain 4 but if this warning occurs often then your model may be either severely ill-conditioned or misspecified.
Chain 4 
[OK] EQI0005_AAMR2006_2010 Overall EQI+OB+DB
Chain 1 Informational Message: The current Metropolis proposal is about to be rejected because of the following issue:
Chain 1 Exception: normal_cdf: Scale parameter is 0, but must be positive! (in '/tmp/RtmpuVlZ1z/model-2be52f8da75c.stan', line 30, column 6 to column 53)
Chain 1 If this warning occurs sporadically, such as for highly constrained variable types like covariance matrices, then the sampler is fine,
Chain 1 but if this warning occurs often then your model may be either severely ill-conditioned or misspecified.
Chain 1 
Chain 2 Informational Message: The current Metropolis proposal is about to be rejected because of the following issue:
Chain 2 Exception: normal_cdf: Scale parameter is 0, but must be positive! (in '/tmp/RtmpuVlZ1z/model-2be52f8da75c.stan', line 30, column 6 to column 53)
Chain 2 If this warning occurs sporadically, such as for highly constrained variable types like covariance matrices, then the sampler is fine,
Chain 2 but if this warning occurs often then your model may be either severely ill-conditioned or misspecified.
Chain 2 
Chain 3 Informational Message: The current Metropolis proposal is about to be rejected because of the following issue:
Chain 3 Exception: normal_cdf: Scale parameter is 0, but must be positive! (in '/tmp/RtmpuVlZ1z/model-2be52f8da75c.stan', line 30, column 6 to column 53)
Chain 3 If this warning occurs sporadically, such as for highly constrained variable types like covariance matrices, then the sampler is fine,
Chain 3 but if this warning occurs often then your model may be either severely ill-conditioned or misspecified.
Chain 3 
Chain 4 Informational Message: The current Metropolis proposal is about to be rejected because of the following issue:
Chain 4 Exception: normal_cdf: Scale parameter is 0, but must be positive! (in '/tmp/RtmpuVlZ1z/model-2be52f8da75c.stan', line 30, column 6 to column 53)
Chain 4 If this warning occurs sporadically, such as for highly constrained variable types like covariance matrices, then the sampler is fine,
Chain 4 but if this warning occurs often then your model may be either severely ill-conditioned or misspecified.
Chain 4 
[OK] EQI0005_AAMR2006_2010 Overall EQI+UN+PD
Chain 1 Informational Message: The current Metropolis proposal is about to be rejected because of the following issue:
Chain 1 Exception: normal_cdf: Scale parameter is 0, but must be positive! (in '/tmp/RtmpuVlZ1z/model-2be52f8da75c.stan', line 30, column 6 to column 53)
Chain 1 If this warning occurs sporadically, such as for highly constrained variable types like covariance matrices, then the sampler is fine,
Chain 1 but if this warning occurs often then your model may be either severely ill-conditioned or misspecified.
Chain 1 
Chain 2 Informational Message: The current Metropolis proposal is about to be rejected because of the following issue:
Chain 2 Exception: normal_cdf: Scale parameter is 0, but must be positive! (in '/tmp/RtmpuVlZ1z/model-2be52f8da75c.stan', line 30, column 6 to column 53)
Chain 2 If this warning occurs sporadically, such as for highly constrained variable types like covariance matrices, then the sampler is fine,
Chain 2 but if this warning occurs often then your model may be either severely ill-conditioned or misspecified.
Chain 2 
Chain 3 Informational Message: The current Metropolis proposal is about to be rejected because of the following issue:
Chain 3 Exception: normal_cdf: Scale parameter is 0, but must be positive! (in '/tmp/RtmpuVlZ1z/model-2be52f8da75c.stan', line 30, column 6 to column 53)
Chain 3 If this warning occurs sporadically, such as for highly constrained variable types like covariance matrices, then the sampler is fine,
Chain 3 but if this warning occurs often then your model may be either severely ill-conditioned or misspecified.
Chain 3 
[OK] EQI0005_AAMR2006_2010 Overall EQI+UN+DB
Chain 1 Informational Message: The current Metropolis proposal is about to be rejected because of the following issue:
Chain 1 Exception: normal_cdf: Scale parameter is 0, but must be positive! (in '/tmp/RtmpuVlZ1z/model-2be52f8da75c.stan', line 30, column 6 to column 53)
Chain 1 If this warning occurs sporadically, such as for highly constrained variable types like covariance matrices, then the sampler is fine,
Chain 1 but if this warning occurs often then your model may be either severely ill-conditioned or misspecified.
Chain 1 
Chain 2 Informational Message: The current Metropolis proposal is about to be rejected because of the following issue:
Chain 2 Exception: normal_cdf: Scale parameter is 0, but must be positive! (in '/tmp/RtmpuVlZ1z/model-2be52f8da75c.stan', line 30, column 6 to column 53)
Chain 2 If this warning occurs sporadically, such as for highly constrained variable types like covariance matrices, then the sampler is fine,
Chain 2 but if this warning occurs often then your model may be either severely ill-conditioned or misspecified.
Chain 2 
Chain 3 Informational Message: The current Metropolis proposal is about to be rejected because of the following issue:
Chain 3 Exception: normal_cdf: Scale parameter is 0, but must be positive! (in '/tmp/RtmpuVlZ1z/model-2be52f8da75c.stan', line 30, column 6 to column 53)
Chain 3 If this warning occurs sporadically, such as for highly constrained variable types like covariance matrices, then the sampler is fine,
Chain 3 but if this warning occurs often then your model may be either severely ill-conditioned or misspecified.
Chain 3 
Chain 4 Informational Message: The current Metropolis proposal is about to be rejected because of the following issue:
Chain 4 Exception: normal_cdf: Scale parameter is 0, but must be positive! (in '/tmp/RtmpuVlZ1z/model-2be52f8da75c.stan', line 30, column 6 to column 53)
Chain 4 If this warning occurs sporadically, such as for highly constrained variable types like covariance matrices, then the sampler is fine,
Chain 4 but if this warning occurs often then your model may be either severely ill-conditioned or misspecified.
Chain 4 
[OK] EQI0005_AAMR2006_2010 Overall EQI+PD+DB
Chain 1 Informational Message: The current Metropolis proposal is about to be rejected because of the following issue:
Chain 1 Exception: normal_cdf: Scale parameter is 0, but must be positive! (in '/tmp/RtmpuVlZ1z/model-2be52f8da75c.stan', line 30, column 6 to column 53)
Chain 1 If this warning occurs sporadically, such as for highly constrained variable types like covariance matrices, then the sampler is fine,
Chain 1 but if this warning occurs often then your model may be either severely ill-conditioned or misspecified.
Chain 1 
Chain 2 Informational Message: The current Metropolis proposal is about to be rejected because of the following issue:
Chain 2 Exception: normal_cdf: Scale parameter is 0, but must be positive! (in '/tmp/RtmpuVlZ1z/model-2be52f8da75c.stan', line 30, column 6 to column 53)
Chain 2 If this warning occurs sporadically, such as for highly constrained variable types like covariance matrices, then the sampler is fine,
Chain 2 but if this warning occurs often then your model may be either severely ill-conditioned or misspecified.
Chain 2 
Chain 3 Informational Message: The current Metropolis proposal is about to be rejected because of the following issue:
Chain 3 Exception: normal_cdf: Scale parameter is 0, but must be positive! (in '/tmp/RtmpuVlZ1z/model-2be52f8da75c.stan', line 30, column 6 to column 53)
Chain 3 If this warning occurs sporadically, such as for highly constrained variable types like covariance matrices, then the sampler is fine,
Chain 3 but if this warning occurs often then your model may be either severely ill-conditioned or misspecified.
Chain 3 
Chain 4 Informational Message: The current Metropolis proposal is about to be rejected because of the following issue:
Chain 4 Exception: normal_cdf: Scale parameter is 0, but must be positive! (in '/tmp/RtmpuVlZ1z/model-2be52f8da75c.stan', line 30, column 6 to column 53)
Chain 4 If this warning occurs sporadically, such as for highly constrained variable types like covariance matrices, then the sampler is fine,
Chain 4 but if this warning occurs often then your model may be either severely ill-conditioned or misspecified.
Chain 4 
[OK] EQI0005_AAMR2006_2010 Overall EQI+SM+PA+OB
Chain 1 Informational Message: The current Metropolis proposal is about to be rejected because of the following issue:
Chain 1 Exception: normal_cdf: Scale parameter is 0, but must be positive! (in '/tmp/RtmpuVlZ1z/model-2be52f8da75c.stan', line 30, column 6 to column 53)
Chain 1 If this warning occurs sporadically, such as for highly constrained variable types like covariance matrices, then the sampler is fine,
Chain 1 but if this warning occurs often then your model may be either severely ill-conditioned or misspecified.
Chain 1 
Chain 2 Informational Message: The current Metropolis proposal is about to be rejected because of the following issue:
Chain 2 Exception: normal_cdf: Scale parameter is 0, but must be positive! (in '/tmp/RtmpuVlZ1z/model-2be52f8da75c.stan', line 30, column 6 to column 53)
Chain 2 If this warning occurs sporadically, such as for highly constrained variable types like covariance matrices, then the sampler is fine,
Chain 2 but if this warning occurs often then your model may be either severely ill-conditioned or misspecified.
Chain 2 
Chain 3 Informational Message: The current Metropolis proposal is about to be rejected because of the following issue:
Chain 3 Exception: normal_cdf: Scale parameter is 0, but must be positive! (in '/tmp/RtmpuVlZ1z/model-2be52f8da75c.stan', line 30, column 6 to column 53)
Chain 3 If this warning occurs sporadically, such as for highly constrained variable types like covariance matrices, then the sampler is fine,
Chain 3 but if this warning occurs often then your model may be either severely ill-conditioned or misspecified.
Chain 3 
Chain 4 Informational Message: The current Metropolis proposal is about to be rejected because of the following issue:
Chain 4 Exception: normal_cdf: Scale parameter is 0, but must be positive! (in '/tmp/RtmpuVlZ1z/model-2be52f8da75c.stan', line 30, column 6 to column 53)
Chain 4 If this warning occurs sporadically, such as for highly constrained variable types like covariance matrices, then the sampler is fine,
Chain 4 but if this warning occurs often then your model may be either severely ill-conditioned or misspecified.
Chain 4 
[OK] EQI0005_AAMR2006_2010 Overall EQI+SM+PA+UN
Chain 1 Informational Message: The current Metropolis proposal is about to be rejected because of the following issue:
Chain 1 Exception: normal_cdf: Scale parameter is 0, but must be positive! (in '/tmp/RtmpuVlZ1z/model-2be52f8da75c.stan', line 30, column 6 to column 53)
Chain 1 If this warning occurs sporadically, such as for highly constrained variable types like covariance matrices, then the sampler is fine,
Chain 1 but if this warning occurs often then your model may be either severely ill-conditioned or misspecified.
Chain 1 
Chain 1 Informational Message: The current Metropolis proposal is about to be rejected because of the following issue:
Chain 1 Exception: normal_cdf: Scale parameter is 0, but must be positive! (in '/tmp/RtmpuVlZ1z/model-2be52f8da75c.stan', line 30, column 6 to column 53)
Chain 1 If this warning occurs sporadically, such as for highly constrained variable types like covariance matrices, then the sampler is fine,
Chain 1 but if this warning occurs often then your model may be either severely ill-conditioned or misspecified.
Chain 1 
Chain 2 Informational Message: The current Metropolis proposal is about to be rejected because of the following issue:
Chain 2 Exception: normal_cdf: Scale parameter is 0, but must be positive! (in '/tmp/RtmpuVlZ1z/model-2be52f8da75c.stan', line 30, column 6 to column 53)
Chain 2 If this warning occurs sporadically, such as for highly constrained variable types like covariance matrices, then the sampler is fine,
Chain 2 but if this warning occurs often then your model may be either severely ill-conditioned or misspecified.
Chain 2 
Chain 2 Informational Message: The current Metropolis proposal is about to be rejected because of the following issue:
Chain 2 Exception: normal_cdf: Scale parameter is 0, but must be positive! (in '/tmp/RtmpuVlZ1z/model-2be52f8da75c.stan', line 30, column 6 to column 53)
Chain 2 If this warning occurs sporadically, such as for highly constrained variable types like covariance matrices, then the sampler is fine,
Chain 2 but if this warning occurs often then your model may be either severely ill-conditioned or misspecified.
Chain 2 
Chain 3 Informational Message: The current Metropolis proposal is about to be rejected because of the following issue:
Chain 3 Exception: normal_cdf: Scale parameter is 0, but must be positive! (in '/tmp/RtmpuVlZ1z/model-2be52f8da75c.stan', line 30, column 6 to column 53)
Chain 3 If this warning occurs sporadically, such as for highly constrained variable types like covariance matrices, then the sampler is fine,
Chain 3 but if this warning occurs often then your model may be either severely ill-conditioned or misspecified.
Chain 3 
Chain 3 Informational Message: The current Metropolis proposal is about to be rejected because of the following issue:
Chain 3 Exception: normal_cdf: Scale parameter is 0, but must be positive! (in '/tmp/RtmpuVlZ1z/model-2be52f8da75c.stan', line 30, column 6 to column 53)
Chain 3 If this warning occurs sporadically, such as for highly constrained variable types like covariance matrices, then the sampler is fine,
Chain 3 but if this warning occurs often then your model may be either severely ill-conditioned or misspecified.
Chain 3 
Chain 4 Informational Message: The current Metropolis proposal is about to be rejected because of the following issue:
Chain 4 Exception: normal_cdf: Scale parameter is 0, but must be positive! (in '/tmp/RtmpuVlZ1z/model-2be52f8da75c.stan', line 30, column 6 to column 53)
Chain 4 If this warning occurs sporadically, such as for highly constrained variable types like covariance matrices, then the sampler is fine,
Chain 4 but if this warning occurs often then your model may be either severely ill-conditioned or misspecified.
Chain 4 
Chain 4 Informational Message: The current Metropolis proposal is about to be rejected because of the following issue:
Chain 4 Exception: normal_cdf: Scale parameter is 0, but must be positive! (in '/tmp/RtmpuVlZ1z/model-2be52f8da75c.stan', line 30, column 6 to column 53)
Chain 4 If this warning occurs sporadically, such as for highly constrained variable types like covariance matrices, then the sampler is fine,
Chain 4 but if this warning occurs often then your model may be either severely ill-conditioned or misspecified.
Chain 4 
[OK] EQI0005_AAMR2006_2010 Overall EQI+SM+PA+PD
Chain 1 Informational Message: The current Metropolis proposal is about to be rejected because of the following issue:
Chain 1 Exception: normal_cdf: Scale parameter is 0, but must be positive! (in '/tmp/RtmpuVlZ1z/model-2be52f8da75c.stan', line 30, column 6 to column 53)
Chain 1 If this warning occurs sporadically, such as for highly constrained variable types like covariance matrices, then the sampler is fine,
Chain 1 but if this warning occurs often then your model may be either severely ill-conditioned or misspecified.
Chain 1 
Chain 2 Informational Message: The current Metropolis proposal is about to be rejected because of the following issue:
Chain 2 Exception: normal_cdf: Scale parameter is 0, but must be positive! (in '/tmp/RtmpuVlZ1z/model-2be52f8da75c.stan', line 30, column 6 to column 53)
Chain 2 If this warning occurs sporadically, such as for highly constrained variable types like covariance matrices, then the sampler is fine,
Chain 2 but if this warning occurs often then your model may be either severely ill-conditioned or misspecified.
Chain 2 
Chain 3 Informational Message: The current Metropolis proposal is about to be rejected because of the following issue:
Chain 3 Exception: normal_cdf: Scale parameter is 0, but must be positive! (in '/tmp/RtmpuVlZ1z/model-2be52f8da75c.stan', line 30, column 6 to column 53)
Chain 3 If this warning occurs sporadically, such as for highly constrained variable types like covariance matrices, then the sampler is fine,
Chain 3 but if this warning occurs often then your model may be either severely ill-conditioned or misspecified.
Chain 3 
Chain 4 Informational Message: The current Metropolis proposal is about to be rejected because of the following issue:
Chain 4 Exception: normal_cdf: Scale parameter is 0, but must be positive! (in '/tmp/RtmpuVlZ1z/model-2be52f8da75c.stan', line 30, column 6 to column 53)
Chain 4 If this warning occurs sporadically, such as for highly constrained variable types like covariance matrices, then the sampler is fine,
Chain 4 but if this warning occurs often then your model may be either severely ill-conditioned or misspecified.
Chain 4 
[OK] EQI0005_AAMR2006_2010 Overall EQI+SM+PA+DB
Chain 1 Informational Message: The current Metropolis proposal is about to be rejected because of the following issue:
Chain 1 Exception: normal_cdf: Scale parameter is 0, but must be positive! (in '/tmp/RtmpuVlZ1z/model-2be52f8da75c.stan', line 30, column 6 to column 53)
Chain 1 If this warning occurs sporadically, such as for highly constrained variable types like covariance matrices, then the sampler is fine,
Chain 1 but if this warning occurs often then your model may be either severely ill-conditioned or misspecified.
Chain 1 
Chain 1 Informational Message: The current Metropolis proposal is about to be rejected because of the following issue:
Chain 1 Exception: normal_cdf: Scale parameter is 0, but must be positive! (in '/tmp/RtmpuVlZ1z/model-2be52f8da75c.stan', line 30, column 6 to column 53)
Chain 1 If this warning occurs sporadically, such as for highly constrained variable types like covariance matrices, then the sampler is fine,
Chain 1 but if this warning occurs often then your model may be either severely ill-conditioned or misspecified.
Chain 1 
Chain 2 Informational Message: The current Metropolis proposal is about to be rejected because of the following issue:
Chain 2 Exception: normal_cdf: Scale parameter is 0, but must be positive! (in '/tmp/RtmpuVlZ1z/model-2be52f8da75c.stan', line 30, column 6 to column 53)
Chain 2 If this warning occurs sporadically, such as for highly constrained variable types like covariance matrices, then the sampler is fine,
Chain 2 but if this warning occurs often then your model may be either severely ill-conditioned or misspecified.
Chain 2 
Chain 2 Informational Message: The current Metropolis proposal is about to be rejected because of the following issue:
Chain 2 Exception: normal_cdf: Scale parameter is 0, but must be positive! (in '/tmp/RtmpuVlZ1z/model-2be52f8da75c.stan', line 30, column 6 to column 53)
Chain 2 If this warning occurs sporadically, such as for highly constrained variable types like covariance matrices, then the sampler is fine,
Chain 2 but if this warning occurs often then your model may be either severely ill-conditioned or misspecified.
Chain 2 
Chain 4 Informational Message: The current Metropolis proposal is about to be rejected because of the following issue:
Chain 4 Exception: normal_cdf: Scale parameter is 0, but must be positive! (in '/tmp/RtmpuVlZ1z/model-2be52f8da75c.stan', line 30, column 6 to column 53)
Chain 4 If this warning occurs sporadically, such as for highly constrained variable types like covariance matrices, then the sampler is fine,
Chain 4 but if this warning occurs often then your model may be either severely ill-conditioned or misspecified.
Chain 4 
Chain 4 Informational Message: The current Metropolis proposal is about to be rejected because of the following issue:
Chain 4 Exception: normal_cdf: Scale parameter is 0, but must be positive! (in '/tmp/RtmpuVlZ1z/model-2be52f8da75c.stan', line 30, column 6 to column 53)
Chain 4 If this warning occurs sporadically, such as for highly constrained variable types like covariance matrices, then the sampler is fine,
Chain 4 but if this warning occurs often then your model may be either severely ill-conditioned or misspecified.
Chain 4 
[OK] EQI0005_AAMR2006_2010 Overall EQI+SM+OB+UN
Chain 1 Informational Message: The current Metropolis proposal is about to be rejected because of the following issue:
Chain 1 Exception: normal_cdf: Scale parameter is 0, but must be positive! (in '/tmp/RtmpuVlZ1z/model-2be52f8da75c.stan', line 30, column 6 to column 53)
Chain 1 If this warning occurs sporadically, such as for highly constrained variable types like covariance matrices, then the sampler is fine,
Chain 1 but if this warning occurs often then your model may be either severely ill-conditioned or misspecified.
Chain 1 
Chain 1 Informational Message: The current Metropolis proposal is about to be rejected because of the following issue:
Chain 1 Exception: normal_cdf: Scale parameter is 0, but must be positive! (in '/tmp/RtmpuVlZ1z/model-2be52f8da75c.stan', line 30, column 6 to column 53)
Chain 1 If this warning occurs sporadically, such as for highly constrained variable types like covariance matrices, then the sampler is fine,
Chain 1 but if this warning occurs often then your model may be either severely ill-conditioned or misspecified.
Chain 1 
Chain 2 Informational Message: The current Metropolis proposal is about to be rejected because of the following issue:
Chain 2 Exception: normal_cdf: Scale parameter is 0, but must be positive! (in '/tmp/RtmpuVlZ1z/model-2be52f8da75c.stan', line 30, column 6 to column 53)
Chain 2 If this warning occurs sporadically, such as for highly constrained variable types like covariance matrices, then the sampler is fine,
Chain 2 but if this warning occurs often then your model may be either severely ill-conditioned or misspecified.
Chain 2 
Chain 2 Informational Message: The current Metropolis proposal is about to be rejected because of the following issue:
Chain 2 Exception: normal_cdf: Scale parameter is 0, but must be positive! (in '/tmp/RtmpuVlZ1z/model-2be52f8da75c.stan', line 30, column 6 to column 53)
Chain 2 If this warning occurs sporadically, such as for highly constrained variable types like covariance matrices, then the sampler is fine,
Chain 2 but if this warning occurs often then your model may be either severely ill-conditioned or misspecified.
Chain 2 
Chain 3 Informational Message: The current Metropolis proposal is about to be rejected because of the following issue:
Chain 3 Exception: normal_cdf: Scale parameter is 0, but must be positive! (in '/tmp/RtmpuVlZ1z/model-2be52f8da75c.stan', line 30, column 6 to column 53)
Chain 3 If this warning occurs sporadically, such as for highly constrained variable types like covariance matrices, then the sampler is fine,
Chain 3 but if this warning occurs often then your model may be either severely ill-conditioned or misspecified.
Chain 3 
Chain 3 Informational Message: The current Metropolis proposal is about to be rejected because of the following issue:
Chain 3 Exception: normal_cdf: Scale parameter is 0, but must be positive! (in '/tmp/RtmpuVlZ1z/model-2be52f8da75c.stan', line 30, column 6 to column 53)
Chain 3 If this warning occurs sporadically, such as for highly constrained variable types like covariance matrices, then the sampler is fine,
Chain 3 but if this warning occurs often then your model may be either severely ill-conditioned or misspecified.
Chain 3 
Chain 4 Informational Message: The current Metropolis proposal is about to be rejected because of the following issue:
Chain 4 Exception: normal_cdf: Scale parameter is 0, but must be positive! (in '/tmp/RtmpuVlZ1z/model-2be52f8da75c.stan', line 30, column 6 to column 53)
Chain 4 If this warning occurs sporadically, such as for highly constrained variable types like covariance matrices, then the sampler is fine,
Chain 4 but if this warning occurs often then your model may be either severely ill-conditioned or misspecified.
Chain 4 
Chain 4 Informational Message: The current Metropolis proposal is about to be rejected because of the following issue:
Chain 4 Exception: normal_cdf: Scale parameter is 0, but must be positive! (in '/tmp/RtmpuVlZ1z/model-2be52f8da75c.stan', line 30, column 6 to column 53)
Chain 4 If this warning occurs sporadically, such as for highly constrained variable types like covariance matrices, then the sampler is fine,
Chain 4 but if this warning occurs often then your model may be either severely ill-conditioned or misspecified.
Chain 4 
[OK] EQI0005_AAMR2006_2010 Overall EQI+SM+OB+PD
Chain 1 Informational Message: The current Metropolis proposal is about to be rejected because of the following issue:
Chain 1 Exception: normal_cdf: Scale parameter is 0, but must be positive! (in '/tmp/RtmpuVlZ1z/model-2be52f8da75c.stan', line 30, column 6 to column 53)
Chain 1 If this warning occurs sporadically, such as for highly constrained variable types like covariance matrices, then the sampler is fine,
Chain 1 but if this warning occurs often then your model may be either severely ill-conditioned or misspecified.
Chain 1 
Chain 1 Informational Message: The current Metropolis proposal is about to be rejected because of the following issue:
Chain 1 Exception: normal_cdf: Scale parameter is 0, but must be positive! (in '/tmp/RtmpuVlZ1z/model-2be52f8da75c.stan', line 30, column 6 to column 53)
Chain 1 If this warning occurs sporadically, such as for highly constrained variable types like covariance matrices, then the sampler is fine,
Chain 1 but if this warning occurs often then your model may be either severely ill-conditioned or misspecified.
Chain 1 
Chain 2 Informational Message: The current Metropolis proposal is about to be rejected because of the following issue:
Chain 2 Exception: normal_cdf: Scale parameter is 0, but must be positive! (in '/tmp/RtmpuVlZ1z/model-2be52f8da75c.stan', line 30, column 6 to column 53)
Chain 2 If this warning occurs sporadically, such as for highly constrained variable types like covariance matrices, then the sampler is fine,
Chain 2 but if this warning occurs often then your model may be either severely ill-conditioned or misspecified.
Chain 2 
Chain 2 Informational Message: The current Metropolis proposal is about to be rejected because of the following issue:
Chain 2 Exception: normal_cdf: Scale parameter is 0, but must be positive! (in '/tmp/RtmpuVlZ1z/model-2be52f8da75c.stan', line 30, column 6 to column 53)
Chain 2 If this warning occurs sporadically, such as for highly constrained variable types like covariance matrices, then the sampler is fine,
Chain 2 but if this warning occurs often then your model may be either severely ill-conditioned or misspecified.
Chain 2 
Chain 4 Informational Message: The current Metropolis proposal is about to be rejected because of the following issue:
Chain 4 Exception: normal_cdf: Scale parameter is 0, but must be positive! (in '/tmp/RtmpuVlZ1z/model-2be52f8da75c.stan', line 30, column 6 to column 53)
Chain 4 If this warning occurs sporadically, such as for highly constrained variable types like covariance matrices, then the sampler is fine,
Chain 4 but if this warning occurs often then your model may be either severely ill-conditioned or misspecified.
Chain 4 
Chain 4 Informational Message: The current Metropolis proposal is about to be rejected because of the following issue:
Chain 4 Exception: normal_cdf: Scale parameter is 0, but must be positive! (in '/tmp/RtmpuVlZ1z/model-2be52f8da75c.stan', line 30, column 6 to column 53)
Chain 4 If this warning occurs sporadically, such as for highly constrained variable types like covariance matrices, then the sampler is fine,
Chain 4 but if this warning occurs often then your model may be either severely ill-conditioned or misspecified.
Chain 4 
[OK] EQI0005_AAMR2006_2010 Overall EQI+SM+OB+DB
Chain 1 Informational Message: The current Metropolis proposal is about to be rejected because of the following issue:
Chain 1 Exception: normal_cdf: Scale parameter is 0, but must be positive! (in '/tmp/RtmpuVlZ1z/model-2be52f8da75c.stan', line 30, column 6 to column 53)
Chain 1 If this warning occurs sporadically, such as for highly constrained variable types like covariance matrices, then the sampler is fine,
Chain 1 but if this warning occurs often then your model may be either severely ill-conditioned or misspecified.
Chain 1 
Chain 1 Informational Message: The current Metropolis proposal is about to be rejected because of the following issue:
Chain 1 Exception: normal_cdf: Scale parameter is 0, but must be positive! (in '/tmp/RtmpuVlZ1z/model-2be52f8da75c.stan', line 30, column 6 to column 53)
Chain 1 If this warning occurs sporadically, such as for highly constrained variable types like covariance matrices, then the sampler is fine,
Chain 1 but if this warning occurs often then your model may be either severely ill-conditioned or misspecified.
Chain 1 
Chain 2 Informational Message: The current Metropolis proposal is about to be rejected because of the following issue:
Chain 2 Exception: normal_cdf: Scale parameter is 0, but must be positive! (in '/tmp/RtmpuVlZ1z/model-2be52f8da75c.stan', line 30, column 6 to column 53)
Chain 2 If this warning occurs sporadically, such as for highly constrained variable types like covariance matrices, then the sampler is fine,
Chain 2 but if this warning occurs often then your model may be either severely ill-conditioned or misspecified.
Chain 2 
Chain 3 Informational Message: The current Metropolis proposal is about to be rejected because of the following issue:
Chain 3 Exception: normal_cdf: Scale parameter is 0, but must be positive! (in '/tmp/RtmpuVlZ1z/model-2be52f8da75c.stan', line 30, column 6 to column 53)
Chain 3 If this warning occurs sporadically, such as for highly constrained variable types like covariance matrices, then the sampler is fine,
Chain 3 but if this warning occurs often then your model may be either severely ill-conditioned or misspecified.
Chain 3 
Chain 3 Informational Message: The current Metropolis proposal is about to be rejected because of the following issue:
Chain 3 Exception: normal_cdf: Scale parameter is 0, but must be positive! (in '/tmp/RtmpuVlZ1z/model-2be52f8da75c.stan', line 30, column 6 to column 53)
Chain 3 If this warning occurs sporadically, such as for highly constrained variable types like covariance matrices, then the sampler is fine,
Chain 3 but if this warning occurs often then your model may be either severely ill-conditioned or misspecified.
Chain 3 
Chain 4 Informational Message: The current Metropolis proposal is about to be rejected because of the following issue:
Chain 4 Exception: normal_cdf: Scale parameter is 0, but must be positive! (in '/tmp/RtmpuVlZ1z/model-2be52f8da75c.stan', line 30, column 6 to column 53)
Chain 4 If this warning occurs sporadically, such as for highly constrained variable types like covariance matrices, then the sampler is fine,
Chain 4 but if this warning occurs often then your model may be either severely ill-conditioned or misspecified.
Chain 4 
Chain 4 Informational Message: The current Metropolis proposal is about to be rejected because of the following issue:
Chain 4 Exception: normal_cdf: Scale parameter is 0, but must be positive! (in '/tmp/RtmpuVlZ1z/model-2be52f8da75c.stan', line 30, column 6 to column 53)
Chain 4 If this warning occurs sporadically, such as for highly constrained variable types like covariance matrices, then the sampler is fine,
Chain 4 but if this warning occurs often then your model may be either severely ill-conditioned or misspecified.
Chain 4 
[OK] EQI0005_AAMR2006_2010 Overall EQI+SM+UN+PD
Chain 1 Informational Message: The current Metropolis proposal is about to be rejected because of the following issue:
Chain 1 Exception: normal_cdf: Scale parameter is 0, but must be positive! (in '/tmp/RtmpuVlZ1z/model-2be52f8da75c.stan', line 30, column 6 to column 53)
Chain 1 If this warning occurs sporadically, such as for highly constrained variable types like covariance matrices, then the sampler is fine,
Chain 1 but if this warning occurs often then your model may be either severely ill-conditioned or misspecified.
Chain 1 
Chain 2 Informational Message: The current Metropolis proposal is about to be rejected because of the following issue:
Chain 2 Exception: normal_cdf: Scale parameter is 0, but must be positive! (in '/tmp/RtmpuVlZ1z/model-2be52f8da75c.stan', line 30, column 6 to column 53)
Chain 2 If this warning occurs sporadically, such as for highly constrained variable types like covariance matrices, then the sampler is fine,
Chain 2 but if this warning occurs often then your model may be either severely ill-conditioned or misspecified.
Chain 2 
Chain 3 Informational Message: The current Metropolis proposal is about to be rejected because of the following issue:
Chain 3 Exception: normal_cdf: Scale parameter is 0, but must be positive! (in '/tmp/RtmpuVlZ1z/model-2be52f8da75c.stan', line 30, column 6 to column 53)
Chain 3 If this warning occurs sporadically, such as for highly constrained variable types like covariance matrices, then the sampler is fine,
Chain 3 but if this warning occurs often then your model may be either severely ill-conditioned or misspecified.
Chain 3 
Chain 3 Informational Message: The current Metropolis proposal is about to be rejected because of the following issue:
Chain 3 Exception: normal_cdf: Scale parameter is 0, but must be positive! (in '/tmp/RtmpuVlZ1z/model-2be52f8da75c.stan', line 30, column 6 to column 53)
Chain 3 If this warning occurs sporadically, such as for highly constrained variable types like covariance matrices, then the sampler is fine,
Chain 3 but if this warning occurs often then your model may be either severely ill-conditioned or misspecified.
Chain 3 
Chain 4 Informational Message: The current Metropolis proposal is about to be rejected because of the following issue:
Chain 4 Exception: normal_cdf: Scale parameter is 0, but must be positive! (in '/tmp/RtmpuVlZ1z/model-2be52f8da75c.stan', line 30, column 6 to column 53)
Chain 4 If this warning occurs sporadically, such as for highly constrained variable types like covariance matrices, then the sampler is fine,
Chain 4 but if this warning occurs often then your model may be either severely ill-conditioned or misspecified.
Chain 4 
[OK] EQI0005_AAMR2006_2010 Overall EQI+SM+UN+DB
Chain 1 Informational Message: The current Metropolis proposal is about to be rejected because of the following issue:
Chain 1 Exception: normal_cdf: Scale parameter is 0, but must be positive! (in '/tmp/RtmpuVlZ1z/model-2be52f8da75c.stan', line 30, column 6 to column 53)
Chain 1 If this warning occurs sporadically, such as for highly constrained variable types like covariance matrices, then the sampler is fine,
Chain 1 but if this warning occurs often then your model may be either severely ill-conditioned or misspecified.
Chain 1 
Chain 2 Informational Message: The current Metropolis proposal is about to be rejected because of the following issue:
Chain 2 Exception: normal_cdf: Scale parameter is 0, but must be positive! (in '/tmp/RtmpuVlZ1z/model-2be52f8da75c.stan', line 30, column 6 to column 53)
Chain 2 If this warning occurs sporadically, such as for highly constrained variable types like covariance matrices, then the sampler is fine,
Chain 2 but if this warning occurs often then your model may be either severely ill-conditioned or misspecified.
Chain 2 
Chain 3 Informational Message: The current Metropolis proposal is about to be rejected because of the following issue:
Chain 3 Exception: normal_cdf: Scale parameter is 0, but must be positive! (in '/tmp/RtmpuVlZ1z/model-2be52f8da75c.stan', line 30, column 6 to column 53)
Chain 3 If this warning occurs sporadically, such as for highly constrained variable types like covariance matrices, then the sampler is fine,
Chain 3 but if this warning occurs often then your model may be either severely ill-conditioned or misspecified.
Chain 3 
Chain 4 Informational Message: The current Metropolis proposal is about to be rejected because of the following issue:
Chain 4 Exception: normal_cdf: Scale parameter is 0, but must be positive! (in '/tmp/RtmpuVlZ1z/model-2be52f8da75c.stan', line 30, column 6 to column 53)
Chain 4 If this warning occurs sporadically, such as for highly constrained variable types like covariance matrices, then the sampler is fine,
Chain 4 but if this warning occurs often then your model may be either severely ill-conditioned or misspecified.
Chain 4 
[OK] EQI0005_AAMR2006_2010 Overall EQI+SM+PD+DB
Chain 1 Informational Message: The current Metropolis proposal is about to be rejected because of the following issue:
Chain 1 Exception: normal_cdf: Scale parameter is 0, but must be positive! (in '/tmp/RtmpuVlZ1z/model-2be52f8da75c.stan', line 30, column 6 to column 53)
Chain 1 If this warning occurs sporadically, such as for highly constrained variable types like covariance matrices, then the sampler is fine,
Chain 1 but if this warning occurs often then your model may be either severely ill-conditioned or misspecified.
Chain 1 
Chain 2 Informational Message: The current Metropolis proposal is about to be rejected because of the following issue:
Chain 2 Exception: normal_cdf: Scale parameter is 0, but must be positive! (in '/tmp/RtmpuVlZ1z/model-2be52f8da75c.stan', line 30, column 6 to column 53)
Chain 2 If this warning occurs sporadically, such as for highly constrained variable types like covariance matrices, then the sampler is fine,
Chain 2 but if this warning occurs often then your model may be either severely ill-conditioned or misspecified.
Chain 2 
Chain 3 Informational Message: The current Metropolis proposal is about to be rejected because of the following issue:
Chain 3 Exception: normal_cdf: Scale parameter is 0, but must be positive! (in '/tmp/RtmpuVlZ1z/model-2be52f8da75c.stan', line 30, column 6 to column 53)
Chain 3 If this warning occurs sporadically, such as for highly constrained variable types like covariance matrices, then the sampler is fine,
Chain 3 but if this warning occurs often then your model may be either severely ill-conditioned or misspecified.
Chain 3 
Chain 4 Informational Message: The current Metropolis proposal is about to be rejected because of the following issue:
Chain 4 Exception: normal_cdf: Scale parameter is 0, but must be positive! (in '/tmp/RtmpuVlZ1z/model-2be52f8da75c.stan', line 30, column 6 to column 53)
Chain 4 If this warning occurs sporadically, such as for highly constrained variable types like covariance matrices, then the sampler is fine,
Chain 4 but if this warning occurs often then your model may be either severely ill-conditioned or misspecified.
Chain 4 
[OK] EQI0005_AAMR2006_2010 Overall EQI+PA+OB+UN
Chain 1 Informational Message: The current Metropolis proposal is about to be rejected because of the following issue:
Chain 1 Exception: normal_cdf: Scale parameter is 0, but must be positive! (in '/tmp/RtmpuVlZ1z/model-2be52f8da75c.stan', line 30, column 6 to column 53)
Chain 1 If this warning occurs sporadically, such as for highly constrained variable types like covariance matrices, then the sampler is fine,
Chain 1 but if this warning occurs often then your model may be either severely ill-conditioned or misspecified.
Chain 1 
Chain 1 Informational Message: The current Metropolis proposal is about to be rejected because of the following issue:
Chain 1 Exception: normal_cdf: Scale parameter is 0, but must be positive! (in '/tmp/RtmpuVlZ1z/model-2be52f8da75c.stan', line 30, column 6 to column 53)
Chain 1 If this warning occurs sporadically, such as for highly constrained variable types like covariance matrices, then the sampler is fine,
Chain 1 but if this warning occurs often then your model may be either severely ill-conditioned or misspecified.
Chain 1 
Chain 2 Informational Message: The current Metropolis proposal is about to be rejected because of the following issue:
Chain 2 Exception: normal_cdf: Scale parameter is 0, but must be positive! (in '/tmp/RtmpuVlZ1z/model-2be52f8da75c.stan', line 30, column 6 to column 53)
Chain 2 If this warning occurs sporadically, such as for highly constrained variable types like covariance matrices, then the sampler is fine,
Chain 2 but if this warning occurs often then your model may be either severely ill-conditioned or misspecified.
Chain 2 
Chain 2 Informational Message: The current Metropolis proposal is about to be rejected because of the following issue:
Chain 2 Exception: normal_cdf: Scale parameter is 0, but must be positive! (in '/tmp/RtmpuVlZ1z/model-2be52f8da75c.stan', line 30, column 6 to column 53)
Chain 2 If this warning occurs sporadically, such as for highly constrained variable types like covariance matrices, then the sampler is fine,
Chain 2 but if this warning occurs often then your model may be either severely ill-conditioned or misspecified.
Chain 2 
Chain 3 Informational Message: The current Metropolis proposal is about to be rejected because of the following issue:
Chain 3 Exception: normal_cdf: Scale parameter is 0, but must be positive! (in '/tmp/RtmpuVlZ1z/model-2be52f8da75c.stan', line 30, column 6 to column 53)
Chain 3 If this warning occurs sporadically, such as for highly constrained variable types like covariance matrices, then the sampler is fine,
Chain 3 but if this warning occurs often then your model may be either severely ill-conditioned or misspecified.
Chain 3 
Chain 3 Informational Message: The current Metropolis proposal is about to be rejected because of the following issue:
Chain 3 Exception: normal_cdf: Scale parameter is 0, but must be positive! (in '/tmp/RtmpuVlZ1z/model-2be52f8da75c.stan', line 30, column 6 to column 53)
Chain 3 If this warning occurs sporadically, such as for highly constrained variable types like covariance matrices, then the sampler is fine,
Chain 3 but if this warning occurs often then your model may be either severely ill-conditioned or misspecified.
Chain 3 
Chain 4 Informational Message: The current Metropolis proposal is about to be rejected because of the following issue:
Chain 4 Exception: normal_cdf: Scale parameter is 0, but must be positive! (in '/tmp/RtmpuVlZ1z/model-2be52f8da75c.stan', line 30, column 6 to column 53)
Chain 4 If this warning occurs sporadically, such as for highly constrained variable types like covariance matrices, then the sampler is fine,
Chain 4 but if this warning occurs often then your model may be either severely ill-conditioned or misspecified.
Chain 4 
Chain 4 Informational Message: The current Metropolis proposal is about to be rejected because of the following issue:
Chain 4 Exception: normal_cdf: Scale parameter is 0, but must be positive! (in '/tmp/RtmpuVlZ1z/model-2be52f8da75c.stan', line 30, column 6 to column 53)
Chain 4 If this warning occurs sporadically, such as for highly constrained variable types like covariance matrices, then the sampler is fine,
Chain 4 but if this warning occurs often then your model may be either severely ill-conditioned or misspecified.
Chain 4 
[OK] EQI0005_AAMR2006_2010 Overall EQI+PA+OB+PD
Chain 1 Informational Message: The current Metropolis proposal is about to be rejected because of the following issue:
Chain 1 Exception: normal_cdf: Scale parameter is 0, but must be positive! (in '/tmp/RtmpuVlZ1z/model-2be52f8da75c.stan', line 30, column 6 to column 53)
Chain 1 If this warning occurs sporadically, such as for highly constrained variable types like covariance matrices, then the sampler is fine,
Chain 1 but if this warning occurs often then your model may be either severely ill-conditioned or misspecified.
Chain 1 
Chain 2 Informational Message: The current Metropolis proposal is about to be rejected because of the following issue:
Chain 2 Exception: normal_cdf: Scale parameter is 0, but must be positive! (in '/tmp/RtmpuVlZ1z/model-2be52f8da75c.stan', line 30, column 6 to column 53)
Chain 2 If this warning occurs sporadically, such as for highly constrained variable types like covariance matrices, then the sampler is fine,
Chain 2 but if this warning occurs often then your model may be either severely ill-conditioned or misspecified.
Chain 2 
Chain 3 Informational Message: The current Metropolis proposal is about to be rejected because of the following issue:
Chain 3 Exception: normal_cdf: Scale parameter is 0, but must be positive! (in '/tmp/RtmpuVlZ1z/model-2be52f8da75c.stan', line 30, column 6 to column 53)
Chain 3 If this warning occurs sporadically, such as for highly constrained variable types like covariance matrices, then the sampler is fine,
Chain 3 but if this warning occurs often then your model may be either severely ill-conditioned or misspecified.
Chain 3 
Chain 4 Informational Message: The current Metropolis proposal is about to be rejected because of the following issue:
Chain 4 Exception: normal_cdf: Scale parameter is 0, but must be positive! (in '/tmp/RtmpuVlZ1z/model-2be52f8da75c.stan', line 30, column 6 to column 53)
Chain 4 If this warning occurs sporadically, such as for highly constrained variable types like covariance matrices, then the sampler is fine,
Chain 4 but if this warning occurs often then your model may be either severely ill-conditioned or misspecified.
Chain 4 
[OK] EQI0005_AAMR2006_2010 Overall EQI+PA+OB+DB
Chain 1 Informational Message: The current Metropolis proposal is about to be rejected because of the following issue:
Chain 1 Exception: normal_cdf: Scale parameter is 0, but must be positive! (in '/tmp/RtmpuVlZ1z/model-2be52f8da75c.stan', line 30, column 6 to column 53)
Chain 1 If this warning occurs sporadically, such as for highly constrained variable types like covariance matrices, then the sampler is fine,
Chain 1 but if this warning occurs often then your model may be either severely ill-conditioned or misspecified.
Chain 1 
Chain 1 Informational Message: The current Metropolis proposal is about to be rejected because of the following issue:
Chain 1 Exception: normal_cdf: Scale parameter is 0, but must be positive! (in '/tmp/RtmpuVlZ1z/model-2be52f8da75c.stan', line 30, column 6 to column 53)
Chain 1 If this warning occurs sporadically, such as for highly constrained variable types like covariance matrices, then the sampler is fine,
Chain 1 but if this warning occurs often then your model may be either severely ill-conditioned or misspecified.
Chain 1 
Chain 2 Informational Message: The current Metropolis proposal is about to be rejected because of the following issue:
Chain 2 Exception: normal_cdf: Scale parameter is 0, but must be positive! (in '/tmp/RtmpuVlZ1z/model-2be52f8da75c.stan', line 30, column 6 to column 53)
Chain 2 If this warning occurs sporadically, such as for highly constrained variable types like covariance matrices, then the sampler is fine,
Chain 2 but if this warning occurs often then your model may be either severely ill-conditioned or misspecified.
Chain 2 
Chain 3 Informational Message: The current Metropolis proposal is about to be rejected because of the following issue:
Chain 3 Exception: normal_cdf: Scale parameter is 0, but must be positive! (in '/tmp/RtmpuVlZ1z/model-2be52f8da75c.stan', line 30, column 6 to column 53)
Chain 3 If this warning occurs sporadically, such as for highly constrained variable types like covariance matrices, then the sampler is fine,
Chain 3 but if this warning occurs often then your model may be either severely ill-conditioned or misspecified.
Chain 3 
Chain 3 Informational Message: The current Metropolis proposal is about to be rejected because of the following issue:
Chain 3 Exception: normal_cdf: Scale parameter is 0, but must be positive! (in '/tmp/RtmpuVlZ1z/model-2be52f8da75c.stan', line 30, column 6 to column 53)
Chain 3 If this warning occurs sporadically, such as for highly constrained variable types like covariance matrices, then the sampler is fine,
Chain 3 but if this warning occurs often then your model may be either severely ill-conditioned or misspecified.
Chain 3 
Chain 4 Informational Message: The current Metropolis proposal is about to be rejected because of the following issue:
Chain 4 Exception: normal_cdf: Scale parameter is 0, but must be positive! (in '/tmp/RtmpuVlZ1z/model-2be52f8da75c.stan', line 30, column 6 to column 53)
Chain 4 If this warning occurs sporadically, such as for highly constrained variable types like covariance matrices, then the sampler is fine,
Chain 4 but if this warning occurs often then your model may be either severely ill-conditioned or misspecified.
Chain 4 
Chain 4 Informational Message: The current Metropolis proposal is about to be rejected because of the following issue:
Chain 4 Exception: normal_cdf: Scale parameter is 0, but must be positive! (in '/tmp/RtmpuVlZ1z/model-2be52f8da75c.stan', line 30, column 6 to column 53)
Chain 4 If this warning occurs sporadically, such as for highly constrained variable types like covariance matrices, then the sampler is fine,
Chain 4 but if this warning occurs often then your model may be either severely ill-conditioned or misspecified.
Chain 4 
[OK] EQI0005_AAMR2006_2010 Overall EQI+PA+UN+PD
Chain 1 Informational Message: The current Metropolis proposal is about to be rejected because of the following issue:
Chain 1 Exception: normal_cdf: Scale parameter is 0, but must be positive! (in '/tmp/RtmpuVlZ1z/model-2be52f8da75c.stan', line 30, column 6 to column 53)
Chain 1 If this warning occurs sporadically, such as for highly constrained variable types like covariance matrices, then the sampler is fine,
Chain 1 but if this warning occurs often then your model may be either severely ill-conditioned or misspecified.
Chain 1 
Chain 1 Informational Message: The current Metropolis proposal is about to be rejected because of the following issue:
Chain 1 Exception: normal_cdf: Scale parameter is 0, but must be positive! (in '/tmp/RtmpuVlZ1z/model-2be52f8da75c.stan', line 30, column 6 to column 53)
Chain 1 If this warning occurs sporadically, such as for highly constrained variable types like covariance matrices, then the sampler is fine,
Chain 1 but if this warning occurs often then your model may be either severely ill-conditioned or misspecified.
Chain 1 
Chain 2 Informational Message: The current Metropolis proposal is about to be rejected because of the following issue:
Chain 2 Exception: normal_cdf: Scale parameter is 0, but must be positive! (in '/tmp/RtmpuVlZ1z/model-2be52f8da75c.stan', line 30, column 6 to column 53)
Chain 2 If this warning occurs sporadically, such as for highly constrained variable types like covariance matrices, then the sampler is fine,
Chain 2 but if this warning occurs often then your model may be either severely ill-conditioned or misspecified.
Chain 2 
Chain 2 Informational Message: The current Metropolis proposal is about to be rejected because of the following issue:
Chain 2 Exception: normal_cdf: Scale parameter is 0, but must be positive! (in '/tmp/RtmpuVlZ1z/model-2be52f8da75c.stan', line 30, column 6 to column 53)
Chain 2 If this warning occurs sporadically, such as for highly constrained variable types like covariance matrices, then the sampler is fine,
Chain 2 but if this warning occurs often then your model may be either severely ill-conditioned or misspecified.
Chain 2 
Chain 3 Informational Message: The current Metropolis proposal is about to be rejected because of the following issue:
Chain 3 Exception: normal_cdf: Scale parameter is 0, but must be positive! (in '/tmp/RtmpuVlZ1z/model-2be52f8da75c.stan', line 30, column 6 to column 53)
Chain 3 If this warning occurs sporadically, such as for highly constrained variable types like covariance matrices, then the sampler is fine,
Chain 3 but if this warning occurs often then your model may be either severely ill-conditioned or misspecified.
Chain 3 
Chain 4 Informational Message: The current Metropolis proposal is about to be rejected because of the following issue:
Chain 4 Exception: normal_cdf: Scale parameter is 0, but must be positive! (in '/tmp/RtmpuVlZ1z/model-2be52f8da75c.stan', line 30, column 6 to column 53)
Chain 4 If this warning occurs sporadically, such as for highly constrained variable types like covariance matrices, then the sampler is fine,
Chain 4 but if this warning occurs often then your model may be either severely ill-conditioned or misspecified.
Chain 4 
Chain 4 Informational Message: The current Metropolis proposal is about to be rejected because of the following issue:
Chain 4 Exception: normal_cdf: Scale parameter is 0, but must be positive! (in '/tmp/RtmpuVlZ1z/model-2be52f8da75c.stan', line 30, column 6 to column 53)
Chain 4 If this warning occurs sporadically, such as for highly constrained variable types like covariance matrices, then the sampler is fine,
Chain 4 but if this warning occurs often then your model may be either severely ill-conditioned or misspecified.
Chain 4 
[OK] EQI0005_AAMR2006_2010 Overall EQI+PA+UN+DB
Chain 1 Informational Message: The current Metropolis proposal is about to be rejected because of the following issue:
Chain 1 Exception: normal_cdf: Scale parameter is 0, but must be positive! (in '/tmp/RtmpuVlZ1z/model-2be52f8da75c.stan', line 30, column 6 to column 53)
Chain 1 If this warning occurs sporadically, such as for highly constrained variable types like covariance matrices, then the sampler is fine,
Chain 1 but if this warning occurs often then your model may be either severely ill-conditioned or misspecified.
Chain 1 
Chain 1 Informational Message: The current Metropolis proposal is about to be rejected because of the following issue:
Chain 1 Exception: normal_cdf: Scale parameter is 0, but must be positive! (in '/tmp/RtmpuVlZ1z/model-2be52f8da75c.stan', line 30, column 6 to column 53)
Chain 1 If this warning occurs sporadically, such as for highly constrained variable types like covariance matrices, then the sampler is fine,
Chain 1 but if this warning occurs often then your model may be either severely ill-conditioned or misspecified.
Chain 1 
Chain 2 Informational Message: The current Metropolis proposal is about to be rejected because of the following issue:
Chain 2 Exception: normal_cdf: Scale parameter is 0, but must be positive! (in '/tmp/RtmpuVlZ1z/model-2be52f8da75c.stan', line 30, column 6 to column 53)
Chain 2 If this warning occurs sporadically, such as for highly constrained variable types like covariance matrices, then the sampler is fine,
Chain 2 but if this warning occurs often then your model may be either severely ill-conditioned or misspecified.
Chain 2 
Chain 3 Informational Message: The current Metropolis proposal is about to be rejected because of the following issue:
Chain 3 Exception: normal_cdf: Scale parameter is 0, but must be positive! (in '/tmp/RtmpuVlZ1z/model-2be52f8da75c.stan', line 30, column 6 to column 53)
Chain 3 If this warning occurs sporadically, such as for highly constrained variable types like covariance matrices, then the sampler is fine,
Chain 3 but if this warning occurs often then your model may be either severely ill-conditioned or misspecified.
Chain 3 
Chain 3 Informational Message: The current Metropolis proposal is about to be rejected because of the following issue:
Chain 3 Exception: normal_cdf: Scale parameter is 0, but must be positive! (in '/tmp/RtmpuVlZ1z/model-2be52f8da75c.stan', line 30, column 6 to column 53)
Chain 3 If this warning occurs sporadically, such as for highly constrained variable types like covariance matrices, then the sampler is fine,
Chain 3 but if this warning occurs often then your model may be either severely ill-conditioned or misspecified.
Chain 3 
Chain 4 Informational Message: The current Metropolis proposal is about to be rejected because of the following issue:
Chain 4 Exception: normal_cdf: Scale parameter is 0, but must be positive! (in '/tmp/RtmpuVlZ1z/model-2be52f8da75c.stan', line 30, column 6 to column 53)
Chain 4 If this warning occurs sporadically, such as for highly constrained variable types like covariance matrices, then the sampler is fine,
Chain 4 but if this warning occurs often then your model may be either severely ill-conditioned or misspecified.
Chain 4 
Chain 4 Informational Message: The current Metropolis proposal is about to be rejected because of the following issue:
Chain 4 Exception: normal_cdf: Scale parameter is 0, but must be positive! (in '/tmp/RtmpuVlZ1z/model-2be52f8da75c.stan', line 30, column 6 to column 53)
Chain 4 If this warning occurs sporadically, such as for highly constrained variable types like covariance matrices, then the sampler is fine,
Chain 4 but if this warning occurs often then your model may be either severely ill-conditioned or misspecified.
Chain 4 
[OK] EQI0005_AAMR2006_2010 Overall EQI+PA+PD+DB
Chain 1 Informational Message: The current Metropolis proposal is about to be rejected because of the following issue:
Chain 1 Exception: normal_cdf: Scale parameter is 0, but must be positive! (in '/tmp/RtmpuVlZ1z/model-2be52f8da75c.stan', line 30, column 6 to column 53)
Chain 1 If this warning occurs sporadically, such as for highly constrained variable types like covariance matrices, then the sampler is fine,
Chain 1 but if this warning occurs often then your model may be either severely ill-conditioned or misspecified.
Chain 1 
Chain 1 Informational Message: The current Metropolis proposal is about to be rejected because of the following issue:
Chain 1 Exception: normal_cdf: Scale parameter is 0, but must be positive! (in '/tmp/RtmpuVlZ1z/model-2be52f8da75c.stan', line 30, column 6 to column 53)
Chain 1 If this warning occurs sporadically, such as for highly constrained variable types like covariance matrices, then the sampler is fine,
Chain 1 but if this warning occurs often then your model may be either severely ill-conditioned or misspecified.
Chain 1 
Chain 2 Informational Message: The current Metropolis proposal is about to be rejected because of the following issue:
Chain 2 Exception: normal_cdf: Scale parameter is 0, but must be positive! (in '/tmp/RtmpuVlZ1z/model-2be52f8da75c.stan', line 30, column 6 to column 53)
Chain 2 If this warning occurs sporadically, such as for highly constrained variable types like covariance matrices, then the sampler is fine,
Chain 2 but if this warning occurs often then your model may be either severely ill-conditioned or misspecified.
Chain 2 
Chain 2 Informational Message: The current Metropolis proposal is about to be rejected because of the following issue:
Chain 2 Exception: normal_cdf: Scale parameter is 0, but must be positive! (in '/tmp/RtmpuVlZ1z/model-2be52f8da75c.stan', line 30, column 6 to column 53)
Chain 2 If this warning occurs sporadically, such as for highly constrained variable types like covariance matrices, then the sampler is fine,
Chain 2 but if this warning occurs often then your model may be either severely ill-conditioned or misspecified.
Chain 2 
Chain 3 Informational Message: The current Metropolis proposal is about to be rejected because of the following issue:
Chain 3 Exception: normal_cdf: Scale parameter is 0, but must be positive! (in '/tmp/RtmpuVlZ1z/model-2be52f8da75c.stan', line 30, column 6 to column 53)
Chain 3 If this warning occurs sporadically, such as for highly constrained variable types like covariance matrices, then the sampler is fine,
Chain 3 but if this warning occurs often then your model may be either severely ill-conditioned or misspecified.
Chain 3 
Chain 3 Informational Message: The current Metropolis proposal is about to be rejected because of the following issue:
Chain 3 Exception: normal_cdf: Scale parameter is 0, but must be positive! (in '/tmp/RtmpuVlZ1z/model-2be52f8da75c.stan', line 30, column 6 to column 53)
Chain 3 If this warning occurs sporadically, such as for highly constrained variable types like covariance matrices, then the sampler is fine,
Chain 3 but if this warning occurs often then your model may be either severely ill-conditioned or misspecified.
Chain 3 
Chain 4 Informational Message: The current Metropolis proposal is about to be rejected because of the following issue:
Chain 4 Exception: normal_cdf: Scale parameter is 0, but must be positive! (in '/tmp/RtmpuVlZ1z/model-2be52f8da75c.stan', line 30, column 6 to column 53)
Chain 4 If this warning occurs sporadically, such as for highly constrained variable types like covariance matrices, then the sampler is fine,
Chain 4 but if this warning occurs often then your model may be either severely ill-conditioned or misspecified.
Chain 4 
Chain 4 Informational Message: The current Metropolis proposal is about to be rejected because of the following issue:
Chain 4 Exception: normal_cdf: Scale parameter is 0, but must be positive! (in '/tmp/RtmpuVlZ1z/model-2be52f8da75c.stan', line 30, column 6 to column 53)
Chain 4 If this warning occurs sporadically, such as for highly constrained variable types like covariance matrices, then the sampler is fine,
Chain 4 but if this warning occurs often then your model may be either severely ill-conditioned or misspecified.
Chain 4 
[OK] EQI0005_AAMR2006_2010 Overall EQI+OB+UN+PD
Chain 1 Informational Message: The current Metropolis proposal is about to be rejected because of the following issue:
Chain 1 Exception: normal_cdf: Scale parameter is 0, but must be positive! (in '/tmp/RtmpuVlZ1z/model-2be52f8da75c.stan', line 30, column 6 to column 53)
Chain 1 If this warning occurs sporadically, such as for highly constrained variable types like covariance matrices, then the sampler is fine,
Chain 1 but if this warning occurs often then your model may be either severely ill-conditioned or misspecified.
Chain 1 
Chain 2 Informational Message: The current Metropolis proposal is about to be rejected because of the following issue:
Chain 2 Exception: normal_cdf: Scale parameter is 0, but must be positive! (in '/tmp/RtmpuVlZ1z/model-2be52f8da75c.stan', line 30, column 6 to column 53)
Chain 2 If this warning occurs sporadically, such as for highly constrained variable types like covariance matrices, then the sampler is fine,
Chain 2 but if this warning occurs often then your model may be either severely ill-conditioned or misspecified.
Chain 2 
Chain 3 Informational Message: The current Metropolis proposal is about to be rejected because of the following issue:
Chain 3 Exception: normal_cdf: Scale parameter is 0, but must be positive! (in '/tmp/RtmpuVlZ1z/model-2be52f8da75c.stan', line 30, column 6 to column 53)
Chain 3 If this warning occurs sporadically, such as for highly constrained variable types like covariance matrices, then the sampler is fine,
Chain 3 but if this warning occurs often then your model may be either severely ill-conditioned or misspecified.
Chain 3 
Chain 4 Informational Message: The current Metropolis proposal is about to be rejected because of the following issue:
Chain 4 Exception: normal_cdf: Scale parameter is 0, but must be positive! (in '/tmp/RtmpuVlZ1z/model-2be52f8da75c.stan', line 30, column 6 to column 53)
Chain 4 If this warning occurs sporadically, such as for highly constrained variable types like covariance matrices, then the sampler is fine,
Chain 4 but if this warning occurs often then your model may be either severely ill-conditioned or misspecified.
Chain 4 
[OK] EQI0005_AAMR2006_2010 Overall EQI+OB+UN+DB
Chain 1 Informational Message: The current Metropolis proposal is about to be rejected because of the following issue:
Chain 1 Exception: normal_cdf: Scale parameter is 0, but must be positive! (in '/tmp/RtmpuVlZ1z/model-2be52f8da75c.stan', line 30, column 6 to column 53)
Chain 1 If this warning occurs sporadically, such as for highly constrained variable types like covariance matrices, then the sampler is fine,
Chain 1 but if this warning occurs often then your model may be either severely ill-conditioned or misspecified.
Chain 1 
Chain 1 Informational Message: The current Metropolis proposal is about to be rejected because of the following issue:
Chain 1 Exception: normal_cdf: Scale parameter is 0, but must be positive! (in '/tmp/RtmpuVlZ1z/model-2be52f8da75c.stan', line 30, column 6 to column 53)
Chain 1 If this warning occurs sporadically, such as for highly constrained variable types like covariance matrices, then the sampler is fine,
Chain 1 but if this warning occurs often then your model may be either severely ill-conditioned or misspecified.
Chain 1 
Chain 2 Informational Message: The current Metropolis proposal is about to be rejected because of the following issue:
Chain 2 Exception: normal_cdf: Scale parameter is 0, but must be positive! (in '/tmp/RtmpuVlZ1z/model-2be52f8da75c.stan', line 30, column 6 to column 53)
Chain 2 If this warning occurs sporadically, such as for highly constrained variable types like covariance matrices, then the sampler is fine,
Chain 2 but if this warning occurs often then your model may be either severely ill-conditioned or misspecified.
Chain 2 
Chain 3 Informational Message: The current Metropolis proposal is about to be rejected because of the following issue:
Chain 3 Exception: normal_cdf: Scale parameter is 0, but must be positive! (in '/tmp/RtmpuVlZ1z/model-2be52f8da75c.stan', line 30, column 6 to column 53)
Chain 3 If this warning occurs sporadically, such as for highly constrained variable types like covariance matrices, then the sampler is fine,
Chain 3 but if this warning occurs often then your model may be either severely ill-conditioned or misspecified.
Chain 3 
Chain 3 Informational Message: The current Metropolis proposal is about to be rejected because of the following issue:
Chain 3 Exception: normal_cdf: Scale parameter is 0, but must be positive! (in '/tmp/RtmpuVlZ1z/model-2be52f8da75c.stan', line 30, column 6 to column 53)
Chain 3 If this warning occurs sporadically, such as for highly constrained variable types like covariance matrices, then the sampler is fine,
Chain 3 but if this warning occurs often then your model may be either severely ill-conditioned or misspecified.
Chain 3 
Chain 4 Informational Message: The current Metropolis proposal is about to be rejected because of the following issue:
Chain 4 Exception: normal_cdf: Scale parameter is 0, but must be positive! (in '/tmp/RtmpuVlZ1z/model-2be52f8da75c.stan', line 30, column 6 to column 53)
Chain 4 If this warning occurs sporadically, such as for highly constrained variable types like covariance matrices, then the sampler is fine,
Chain 4 but if this warning occurs often then your model may be either severely ill-conditioned or misspecified.
Chain 4 
Chain 4 Informational Message: The current Metropolis proposal is about to be rejected because of the following issue:
Chain 4 Exception: normal_cdf: Scale parameter is 0, but must be positive! (in '/tmp/RtmpuVlZ1z/model-2be52f8da75c.stan', line 30, column 6 to column 53)
Chain 4 If this warning occurs sporadically, such as for highly constrained variable types like covariance matrices, then the sampler is fine,
Chain 4 but if this warning occurs often then your model may be either severely ill-conditioned or misspecified.
Chain 4 
[OK] EQI0005_AAMR2006_2010 Overall EQI+OB+PD+DB
Chain 1 Informational Message: The current Metropolis proposal is about to be rejected because of the following issue:
Chain 1 Exception: normal_cdf: Scale parameter is 0, but must be positive! (in '/tmp/RtmpuVlZ1z/model-2be52f8da75c.stan', line 30, column 6 to column 53)
Chain 1 If this warning occurs sporadically, such as for highly constrained variable types like covariance matrices, then the sampler is fine,
Chain 1 but if this warning occurs often then your model may be either severely ill-conditioned or misspecified.
Chain 1 
Chain 2 Informational Message: The current Metropolis proposal is about to be rejected because of the following issue:
Chain 2 Exception: normal_cdf: Scale parameter is 0, but must be positive! (in '/tmp/RtmpuVlZ1z/model-2be52f8da75c.stan', line 30, column 6 to column 53)
Chain 2 If this warning occurs sporadically, such as for highly constrained variable types like covariance matrices, then the sampler is fine,
Chain 2 but if this warning occurs often then your model may be either severely ill-conditioned or misspecified.
Chain 2 
Chain 2 Informational Message: The current Metropolis proposal is about to be rejected because of the following issue:
Chain 2 Exception: normal_cdf: Scale parameter is 0, but must be positive! (in '/tmp/RtmpuVlZ1z/model-2be52f8da75c.stan', line 30, column 6 to column 53)
Chain 2 If this warning occurs sporadically, such as for highly constrained variable types like covariance matrices, then the sampler is fine,
Chain 2 but if this warning occurs often then your model may be either severely ill-conditioned or misspecified.
Chain 2 
Chain 3 Informational Message: The current Metropolis proposal is about to be rejected because of the following issue:
Chain 3 Exception: normal_cdf: Scale parameter is 0, but must be positive! (in '/tmp/RtmpuVlZ1z/model-2be52f8da75c.stan', line 30, column 6 to column 53)
Chain 3 If this warning occurs sporadically, such as for highly constrained variable types like covariance matrices, then the sampler is fine,
Chain 3 but if this warning occurs often then your model may be either severely ill-conditioned or misspecified.
Chain 3 
Chain 4 Informational Message: The current Metropolis proposal is about to be rejected because of the following issue:
Chain 4 Exception: normal_cdf: Scale parameter is 0, but must be positive! (in '/tmp/RtmpuVlZ1z/model-2be52f8da75c.stan', line 30, column 6 to column 53)
Chain 4 If this warning occurs sporadically, such as for highly constrained variable types like covariance matrices, then the sampler is fine,
Chain 4 but if this warning occurs often then your model may be either severely ill-conditioned or misspecified.
Chain 4 
[OK] EQI0005_AAMR2006_2010 Overall EQI+UN+PD+DB
Chain 1 Informational Message: The current Metropolis proposal is about to be rejected because of the following issue:
Chain 1 Exception: normal_cdf: Scale parameter is 0, but must be positive! (in '/tmp/RtmpuVlZ1z/model-2be52f8da75c.stan', line 30, column 6 to column 53)
Chain 1 If this warning occurs sporadically, such as for highly constrained variable types like covariance matrices, then the sampler is fine,
Chain 1 but if this warning occurs often then your model may be either severely ill-conditioned or misspecified.
Chain 1 
Chain 2 Informational Message: The current Metropolis proposal is about to be rejected because of the following issue:
Chain 2 Exception: normal_cdf: Scale parameter is 0, but must be positive! (in '/tmp/RtmpuVlZ1z/model-2be52f8da75c.stan', line 30, column 6 to column 53)
Chain 2 If this warning occurs sporadically, such as for highly constrained variable types like covariance matrices, then the sampler is fine,
Chain 2 but if this warning occurs often then your model may be either severely ill-conditioned or misspecified.
Chain 2 
Chain 3 Informational Message: The current Metropolis proposal is about to be rejected because of the following issue:
Chain 3 Exception: normal_cdf: Scale parameter is 0, but must be positive! (in '/tmp/RtmpuVlZ1z/model-2be52f8da75c.stan', line 30, column 6 to column 53)
Chain 3 If this warning occurs sporadically, such as for highly constrained variable types like covariance matrices, then the sampler is fine,
Chain 3 but if this warning occurs often then your model may be either severely ill-conditioned or misspecified.
Chain 3 
Chain 4 Informational Message: The current Metropolis proposal is about to be rejected because of the following issue:
Chain 4 Exception: normal_cdf: Scale parameter is 0, but must be positive! (in '/tmp/RtmpuVlZ1z/model-2be52f8da75c.stan', line 30, column 6 to column 53)
Chain 4 If this warning occurs sporadically, such as for highly constrained variable types like covariance matrices, then the sampler is fine,
Chain 4 but if this warning occurs often then your model may be either severely ill-conditioned or misspecified.
Chain 4 
[OK] EQI0005_AAMR2006_2010 Overall EQI+SM+PA+OB+UN
Chain 1 Informational Message: The current Metropolis proposal is about to be rejected because of the following issue:
Chain 1 Exception: normal_cdf: Scale parameter is 0, but must be positive! (in '/tmp/RtmpuVlZ1z/model-2be52f8da75c.stan', line 30, column 6 to column 53)
Chain 1 If this warning occurs sporadically, such as for highly constrained variable types like covariance matrices, then the sampler is fine,
Chain 1 but if this warning occurs often then your model may be either severely ill-conditioned or misspecified.
Chain 1 
Chain 1 Informational Message: The current Metropolis proposal is about to be rejected because of the following issue:
Chain 1 Exception: normal_cdf: Scale parameter is 0, but must be positive! (in '/tmp/RtmpuVlZ1z/model-2be52f8da75c.stan', line 30, column 6 to column 53)
Chain 1 If this warning occurs sporadically, such as for highly constrained variable types like covariance matrices, then the sampler is fine,
Chain 1 but if this warning occurs often then your model may be either severely ill-conditioned or misspecified.
Chain 1 
Chain 2 Informational Message: The current Metropolis proposal is about to be rejected because of the following issue:
Chain 2 Exception: normal_cdf: Scale parameter is 0, but must be positive! (in '/tmp/RtmpuVlZ1z/model-2be52f8da75c.stan', line 30, column 6 to column 53)
Chain 2 If this warning occurs sporadically, such as for highly constrained variable types like covariance matrices, then the sampler is fine,
Chain 2 but if this warning occurs often then your model may be either severely ill-conditioned or misspecified.
Chain 2 
Chain 2 Informational Message: The current Metropolis proposal is about to be rejected because of the following issue:
Chain 2 Exception: normal_cdf: Scale parameter is 0, but must be positive! (in '/tmp/RtmpuVlZ1z/model-2be52f8da75c.stan', line 30, column 6 to column 53)
Chain 2 If this warning occurs sporadically, such as for highly constrained variable types like covariance matrices, then the sampler is fine,
Chain 2 but if this warning occurs often then your model may be either severely ill-conditioned or misspecified.
Chain 2 
Chain 3 Informational Message: The current Metropolis proposal is about to be rejected because of the following issue:
Chain 3 Exception: normal_cdf: Scale parameter is 0, but must be positive! (in '/tmp/RtmpuVlZ1z/model-2be52f8da75c.stan', line 30, column 6 to column 53)
Chain 3 If this warning occurs sporadically, such as for highly constrained variable types like covariance matrices, then the sampler is fine,
Chain 3 but if this warning occurs often then your model may be either severely ill-conditioned or misspecified.
Chain 3 
Chain 4 Informational Message: The current Metropolis proposal is about to be rejected because of the following issue:
Chain 4 Exception: normal_cdf: Scale parameter is 0, but must be positive! (in '/tmp/RtmpuVlZ1z/model-2be52f8da75c.stan', line 30, column 6 to column 53)
Chain 4 If this warning occurs sporadically, such as for highly constrained variable types like covariance matrices, then the sampler is fine,
Chain 4 but if this warning occurs often then your model may be either severely ill-conditioned or misspecified.
Chain 4 
Chain 4 Informational Message: The current Metropolis proposal is about to be rejected because of the following issue:
Chain 4 Exception: normal_cdf: Scale parameter is 0, but must be positive! (in '/tmp/RtmpuVlZ1z/model-2be52f8da75c.stan', line 30, column 6 to column 53)
Chain 4 If this warning occurs sporadically, such as for highly constrained variable types like covariance matrices, then the sampler is fine,
Chain 4 but if this warning occurs often then your model may be either severely ill-conditioned or misspecified.
Chain 4 
[OK] EQI0005_AAMR2006_2010 Overall EQI+SM+PA+OB+PD
Chain 1 Informational Message: The current Metropolis proposal is about to be rejected because of the following issue:
Chain 1 Exception: normal_cdf: Scale parameter is 0, but must be positive! (in '/tmp/RtmpuVlZ1z/model-2be52f8da75c.stan', line 30, column 6 to column 53)
Chain 1 If this warning occurs sporadically, such as for highly constrained variable types like covariance matrices, then the sampler is fine,
Chain 1 but if this warning occurs often then your model may be either severely ill-conditioned or misspecified.
Chain 1 
Chain 2 Informational Message: The current Metropolis proposal is about to be rejected because of the following issue:
Chain 2 Exception: normal_cdf: Scale parameter is 0, but must be positive! (in '/tmp/RtmpuVlZ1z/model-2be52f8da75c.stan', line 30, column 6 to column 53)
Chain 2 If this warning occurs sporadically, such as for highly constrained variable types like covariance matrices, then the sampler is fine,
Chain 2 but if this warning occurs often then your model may be either severely ill-conditioned or misspecified.
Chain 2 
Chain 3 Informational Message: The current Metropolis proposal is about to be rejected because of the following issue:
Chain 3 Exception: normal_cdf: Scale parameter is 0, but must be positive! (in '/tmp/RtmpuVlZ1z/model-2be52f8da75c.stan', line 30, column 6 to column 53)
Chain 3 If this warning occurs sporadically, such as for highly constrained variable types like covariance matrices, then the sampler is fine,
Chain 3 but if this warning occurs often then your model may be either severely ill-conditioned or misspecified.
Chain 3 
Chain 4 Informational Message: The current Metropolis proposal is about to be rejected because of the following issue:
Chain 4 Exception: normal_cdf: Scale parameter is 0, but must be positive! (in '/tmp/RtmpuVlZ1z/model-2be52f8da75c.stan', line 30, column 6 to column 53)
Chain 4 If this warning occurs sporadically, such as for highly constrained variable types like covariance matrices, then the sampler is fine,
Chain 4 but if this warning occurs often then your model may be either severely ill-conditioned or misspecified.
Chain 4 
[OK] EQI0005_AAMR2006_2010 Overall EQI+SM+PA+OB+DB
Chain 1 Informational Message: The current Metropolis proposal is about to be rejected because of the following issue:
Chain 1 Exception: normal_cdf: Scale parameter is 0, but must be positive! (in '/tmp/RtmpuVlZ1z/model-2be52f8da75c.stan', line 30, column 6 to column 53)
Chain 1 If this warning occurs sporadically, such as for highly constrained variable types like covariance matrices, then the sampler is fine,
Chain 1 but if this warning occurs often then your model may be either severely ill-conditioned or misspecified.
Chain 1 
Chain 1 Informational Message: The current Metropolis proposal is about to be rejected because of the following issue:
Chain 1 Exception: normal_cdf: Scale parameter is 0, but must be positive! (in '/tmp/RtmpuVlZ1z/model-2be52f8da75c.stan', line 30, column 6 to column 53)
Chain 1 If this warning occurs sporadically, such as for highly constrained variable types like covariance matrices, then the sampler is fine,
Chain 1 but if this warning occurs often then your model may be either severely ill-conditioned or misspecified.
Chain 1 
Chain 2 Informational Message: The current Metropolis proposal is about to be rejected because of the following issue:
Chain 2 Exception: normal_cdf: Scale parameter is 0, but must be positive! (in '/tmp/RtmpuVlZ1z/model-2be52f8da75c.stan', line 30, column 6 to column 53)
Chain 2 If this warning occurs sporadically, such as for highly constrained variable types like covariance matrices, then the sampler is fine,
Chain 2 but if this warning occurs often then your model may be either severely ill-conditioned or misspecified.
Chain 2 
Chain 2 Informational Message: The current Metropolis proposal is about to be rejected because of the following issue:
Chain 2 Exception: normal_cdf: Scale parameter is 0, but must be positive! (in '/tmp/RtmpuVlZ1z/model-2be52f8da75c.stan', line 30, column 6 to column 53)
Chain 2 If this warning occurs sporadically, such as for highly constrained variable types like covariance matrices, then the sampler is fine,
Chain 2 but if this warning occurs often then your model may be either severely ill-conditioned or misspecified.
Chain 2 
Chain 3 Informational Message: The current Metropolis proposal is about to be rejected because of the following issue:
Chain 3 Exception: normal_cdf: Scale parameter is 0, but must be positive! (in '/tmp/RtmpuVlZ1z/model-2be52f8da75c.stan', line 30, column 6 to column 53)
Chain 3 If this warning occurs sporadically, such as for highly constrained variable types like covariance matrices, then the sampler is fine,
Chain 3 but if this warning occurs often then your model may be either severely ill-conditioned or misspecified.
Chain 3 
Chain 3 Informational Message: The current Metropolis proposal is about to be rejected because of the following issue:
Chain 3 Exception: normal_cdf: Scale parameter is 0, but must be positive! (in '/tmp/RtmpuVlZ1z/model-2be52f8da75c.stan', line 30, column 6 to column 53)
Chain 3 If this warning occurs sporadically, such as for highly constrained variable types like covariance matrices, then the sampler is fine,
Chain 3 but if this warning occurs often then your model may be either severely ill-conditioned or misspecified.
Chain 3 
Chain 4 Informational Message: The current Metropolis proposal is about to be rejected because of the following issue:
Chain 4 Exception: normal_cdf: Scale parameter is 0, but must be positive! (in '/tmp/RtmpuVlZ1z/model-2be52f8da75c.stan', line 30, column 6 to column 53)
Chain 4 If this warning occurs sporadically, such as for highly constrained variable types like covariance matrices, then the sampler is fine,
Chain 4 but if this warning occurs often then your model may be either severely ill-conditioned or misspecified.
Chain 4 
[OK] EQI0005_AAMR2006_2010 Overall EQI+SM+PA+UN+PD
Chain 1 Informational Message: The current Metropolis proposal is about to be rejected because of the following issue:
Chain 1 Exception: normal_cdf: Scale parameter is 0, but must be positive! (in '/tmp/RtmpuVlZ1z/model-2be52f8da75c.stan', line 30, column 6 to column 53)
Chain 1 If this warning occurs sporadically, such as for highly constrained variable types like covariance matrices, then the sampler is fine,
Chain 1 but if this warning occurs often then your model may be either severely ill-conditioned or misspecified.
Chain 1 
Chain 2 Informational Message: The current Metropolis proposal is about to be rejected because of the following issue:
Chain 2 Exception: normal_cdf: Scale parameter is 0, but must be positive! (in '/tmp/RtmpuVlZ1z/model-2be52f8da75c.stan', line 30, column 6 to column 53)
Chain 2 If this warning occurs sporadically, such as for highly constrained variable types like covariance matrices, then the sampler is fine,
Chain 2 but if this warning occurs often then your model may be either severely ill-conditioned or misspecified.
Chain 2 
Chain 3 Informational Message: The current Metropolis proposal is about to be rejected because of the following issue:
Chain 3 Exception: normal_cdf: Scale parameter is 0, but must be positive! (in '/tmp/RtmpuVlZ1z/model-2be52f8da75c.stan', line 30, column 6 to column 53)
Chain 3 If this warning occurs sporadically, such as for highly constrained variable types like covariance matrices, then the sampler is fine,
Chain 3 but if this warning occurs often then your model may be either severely ill-conditioned or misspecified.
Chain 3 
Chain 4 Informational Message: The current Metropolis proposal is about to be rejected because of the following issue:
Chain 4 Exception: normal_cdf: Scale parameter is 0, but must be positive! (in '/tmp/RtmpuVlZ1z/model-2be52f8da75c.stan', line 30, column 6 to column 53)
Chain 4 If this warning occurs sporadically, such as for highly constrained variable types like covariance matrices, then the sampler is fine,
Chain 4 but if this warning occurs often then your model may be either severely ill-conditioned or misspecified.
Chain 4 
[OK] EQI0005_AAMR2006_2010 Overall EQI+SM+PA+UN+DB
Chain 1 Informational Message: The current Metropolis proposal is about to be rejected because of the following issue:
Chain 1 Exception: normal_cdf: Scale parameter is 0, but must be positive! (in '/tmp/RtmpuVlZ1z/model-2be52f8da75c.stan', line 30, column 6 to column 53)
Chain 1 If this warning occurs sporadically, such as for highly constrained variable types like covariance matrices, then the sampler is fine,
Chain 1 but if this warning occurs often then your model may be either severely ill-conditioned or misspecified.
Chain 1 
Chain 2 Informational Message: The current Metropolis proposal is about to be rejected because of the following issue:
Chain 2 Exception: normal_cdf: Scale parameter is 0, but must be positive! (in '/tmp/RtmpuVlZ1z/model-2be52f8da75c.stan', line 30, column 6 to column 53)
Chain 2 If this warning occurs sporadically, such as for highly constrained variable types like covariance matrices, then the sampler is fine,
Chain 2 but if this warning occurs often then your model may be either severely ill-conditioned or misspecified.
Chain 2 
Chain 2 Informational Message: The current Metropolis proposal is about to be rejected because of the following issue:
Chain 2 Exception: normal_cdf: Scale parameter is 0, but must be positive! (in '/tmp/RtmpuVlZ1z/model-2be52f8da75c.stan', line 30, column 6 to column 53)
Chain 2 If this warning occurs sporadically, such as for highly constrained variable types like covariance matrices, then the sampler is fine,
Chain 2 but if this warning occurs often then your model may be either severely ill-conditioned or misspecified.
Chain 2 
Chain 3 Informational Message: The current Metropolis proposal is about to be rejected because of the following issue:
Chain 3 Exception: normal_cdf: Scale parameter is 0, but must be positive! (in '/tmp/RtmpuVlZ1z/model-2be52f8da75c.stan', line 30, column 6 to column 53)
Chain 3 If this warning occurs sporadically, such as for highly constrained variable types like covariance matrices, then the sampler is fine,
Chain 3 but if this warning occurs often then your model may be either severely ill-conditioned or misspecified.
Chain 3 
Chain 3 Informational Message: The current Metropolis proposal is about to be rejected because of the following issue:
Chain 3 Exception: normal_cdf: Scale parameter is 0, but must be positive! (in '/tmp/RtmpuVlZ1z/model-2be52f8da75c.stan', line 30, column 6 to column 53)
Chain 3 If this warning occurs sporadically, such as for highly constrained variable types like covariance matrices, then the sampler is fine,
Chain 3 but if this warning occurs often then your model may be either severely ill-conditioned or misspecified.
Chain 3 
Chain 4 Informational Message: The current Metropolis proposal is about to be rejected because of the following issue:
Chain 4 Exception: normal_cdf: Scale parameter is 0, but must be positive! (in '/tmp/RtmpuVlZ1z/model-2be52f8da75c.stan', line 30, column 6 to column 53)
Chain 4 If this warning occurs sporadically, such as for highly constrained variable types like covariance matrices, then the sampler is fine,
Chain 4 but if this warning occurs often then your model may be either severely ill-conditioned or misspecified.
Chain 4 
[OK] EQI0005_AAMR2006_2010 Overall EQI+SM+PA+PD+DB
Chain 1 Informational Message: The current Metropolis proposal is about to be rejected because of the following issue:
Chain 1 Exception: normal_cdf: Scale parameter is 0, but must be positive! (in '/tmp/RtmpuVlZ1z/model-2be52f8da75c.stan', line 30, column 6 to column 53)
Chain 1 If this warning occurs sporadically, such as for highly constrained variable types like covariance matrices, then the sampler is fine,
Chain 1 but if this warning occurs often then your model may be either severely ill-conditioned or misspecified.
Chain 1 
Chain 2 Informational Message: The current Metropolis proposal is about to be rejected because of the following issue:
Chain 2 Exception: normal_cdf: Scale parameter is 0, but must be positive! (in '/tmp/RtmpuVlZ1z/model-2be52f8da75c.stan', line 30, column 6 to column 53)
Chain 2 If this warning occurs sporadically, such as for highly constrained variable types like covariance matrices, then the sampler is fine,
Chain 2 but if this warning occurs often then your model may be either severely ill-conditioned or misspecified.
Chain 2 
Chain 2 Informational Message: The current Metropolis proposal is about to be rejected because of the following issue:
Chain 2 Exception: normal_cdf: Scale parameter is 0, but must be positive! (in '/tmp/RtmpuVlZ1z/model-2be52f8da75c.stan', line 30, column 6 to column 53)
Chain 2 If this warning occurs sporadically, such as for highly constrained variable types like covariance matrices, then the sampler is fine,
Chain 2 but if this warning occurs often then your model may be either severely ill-conditioned or misspecified.
Chain 2 
Chain 3 Informational Message: The current Metropolis proposal is about to be rejected because of the following issue:
Chain 3 Exception: normal_cdf: Scale parameter is 0, but must be positive! (in '/tmp/RtmpuVlZ1z/model-2be52f8da75c.stan', line 30, column 6 to column 53)
Chain 3 If this warning occurs sporadically, such as for highly constrained variable types like covariance matrices, then the sampler is fine,
Chain 3 but if this warning occurs often then your model may be either severely ill-conditioned or misspecified.
Chain 3 
Chain 3 Informational Message: The current Metropolis proposal is about to be rejected because of the following issue:
Chain 3 Exception: normal_cdf: Scale parameter is 0, but must be positive! (in '/tmp/RtmpuVlZ1z/model-2be52f8da75c.stan', line 30, column 6 to column 53)
Chain 3 If this warning occurs sporadically, such as for highly constrained variable types like covariance matrices, then the sampler is fine,
Chain 3 but if this warning occurs often then your model may be either severely ill-conditioned or misspecified.
Chain 3 
Chain 4 Informational Message: The current Metropolis proposal is about to be rejected because of the following issue:
Chain 4 Exception: normal_cdf: Scale parameter is 0, but must be positive! (in '/tmp/RtmpuVlZ1z/model-2be52f8da75c.stan', line 30, column 6 to column 53)
Chain 4 If this warning occurs sporadically, such as for highly constrained variable types like covariance matrices, then the sampler is fine,
Chain 4 but if this warning occurs often then your model may be either severely ill-conditioned or misspecified.
Chain 4 
Chain 4 Informational Message: The current Metropolis proposal is about to be rejected because of the following issue:
Chain 4 Exception: normal_cdf: Scale parameter is 0, but must be positive! (in '/tmp/RtmpuVlZ1z/model-2be52f8da75c.stan', line 30, column 6 to column 53)
Chain 4 If this warning occurs sporadically, such as for highly constrained variable types like covariance matrices, then the sampler is fine,
Chain 4 but if this warning occurs often then your model may be either severely ill-conditioned or misspecified.
Chain 4 
[OK] EQI0005_AAMR2006_2010 Overall EQI+SM+OB+UN+PD
Chain 1 Informational Message: The current Metropolis proposal is about to be rejected because of the following issue:
Chain 1 Exception: normal_cdf: Scale parameter is 0, but must be positive! (in '/tmp/RtmpuVlZ1z/model-2be52f8da75c.stan', line 30, column 6 to column 53)
Chain 1 If this warning occurs sporadically, such as for highly constrained variable types like covariance matrices, then the sampler is fine,
Chain 1 but if this warning occurs often then your model may be either severely ill-conditioned or misspecified.
Chain 1 
Chain 1 Informational Message: The current Metropolis proposal is about to be rejected because of the following issue:
Chain 1 Exception: normal_cdf: Scale parameter is 0, but must be positive! (in '/tmp/RtmpuVlZ1z/model-2be52f8da75c.stan', line 30, column 6 to column 53)
Chain 1 If this warning occurs sporadically, such as for highly constrained variable types like covariance matrices, then the sampler is fine,
Chain 1 but if this warning occurs often then your model may be either severely ill-conditioned or misspecified.
Chain 1 
Chain 2 Informational Message: The current Metropolis proposal is about to be rejected because of the following issue:
Chain 2 Exception: normal_cdf: Scale parameter is 0, but must be positive! (in '/tmp/RtmpuVlZ1z/model-2be52f8da75c.stan', line 30, column 6 to column 53)
Chain 2 If this warning occurs sporadically, such as for highly constrained variable types like covariance matrices, then the sampler is fine,
Chain 2 but if this warning occurs often then your model may be either severely ill-conditioned or misspecified.
Chain 2 
Chain 2 Informational Message: The current Metropolis proposal is about to be rejected because of the following issue:
Chain 2 Exception: normal_cdf: Scale parameter is 0, but must be positive! (in '/tmp/RtmpuVlZ1z/model-2be52f8da75c.stan', line 30, column 6 to column 53)
Chain 2 If this warning occurs sporadically, such as for highly constrained variable types like covariance matrices, then the sampler is fine,
Chain 2 but if this warning occurs often then your model may be either severely ill-conditioned or misspecified.
Chain 2 
[OK] EQI0005_AAMR2006_2010 Overall EQI+SM+OB+UN+DB
Chain 1 Informational Message: The current Metropolis proposal is about to be rejected because of the following issue:
Chain 1 Exception: normal_cdf: Scale parameter is 0, but must be positive! (in '/tmp/RtmpuVlZ1z/model-2be52f8da75c.stan', line 30, column 6 to column 53)
Chain 1 If this warning occurs sporadically, such as for highly constrained variable types like covariance matrices, then the sampler is fine,
Chain 1 but if this warning occurs often then your model may be either severely ill-conditioned or misspecified.
Chain 1 
Chain 2 Informational Message: The current Metropolis proposal is about to be rejected because of the following issue:
Chain 2 Exception: normal_cdf: Scale parameter is 0, but must be positive! (in '/tmp/RtmpuVlZ1z/model-2be52f8da75c.stan', line 30, column 6 to column 53)
Chain 2 If this warning occurs sporadically, such as for highly constrained variable types like covariance matrices, then the sampler is fine,
Chain 2 but if this warning occurs often then your model may be either severely ill-conditioned or misspecified.
Chain 2 
Chain 2 Informational Message: The current Metropolis proposal is about to be rejected because of the following issue:
Chain 2 Exception: normal_cdf: Scale parameter is 0, but must be positive! (in '/tmp/RtmpuVlZ1z/model-2be52f8da75c.stan', line 30, column 6 to column 53)
Chain 2 If this warning occurs sporadically, such as for highly constrained variable types like covariance matrices, then the sampler is fine,
Chain 2 but if this warning occurs often then your model may be either severely ill-conditioned or misspecified.
Chain 2 
Chain 3 Informational Message: The current Metropolis proposal is about to be rejected because of the following issue:
Chain 3 Exception: normal_cdf: Scale parameter is 0, but must be positive! (in '/tmp/RtmpuVlZ1z/model-2be52f8da75c.stan', line 30, column 6 to column 53)
Chain 3 If this warning occurs sporadically, such as for highly constrained variable types like covariance matrices, then the sampler is fine,
Chain 3 but if this warning occurs often then your model may be either severely ill-conditioned or misspecified.
Chain 3 
Chain 3 Informational Message: The current Metropolis proposal is about to be rejected because of the following issue:
Chain 3 Exception: normal_cdf: Scale parameter is 0, but must be positive! (in '/tmp/RtmpuVlZ1z/model-2be52f8da75c.stan', line 30, column 6 to column 53)
Chain 3 If this warning occurs sporadically, such as for highly constrained variable types like covariance matrices, then the sampler is fine,
Chain 3 but if this warning occurs often then your model may be either severely ill-conditioned or misspecified.
Chain 3 
Chain 4 Informational Message: The current Metropolis proposal is about to be rejected because of the following issue:
Chain 4 Exception: normal_cdf: Scale parameter is 0, but must be positive! (in '/tmp/RtmpuVlZ1z/model-2be52f8da75c.stan', line 30, column 6 to column 53)
Chain 4 If this warning occurs sporadically, such as for highly constrained variable types like covariance matrices, then the sampler is fine,
Chain 4 but if this warning occurs often then your model may be either severely ill-conditioned or misspecified.
Chain 4 
Chain 4 Informational Message: The current Metropolis proposal is about to be rejected because of the following issue:
Chain 4 Exception: normal_cdf: Scale parameter is 0, but must be positive! (in '/tmp/RtmpuVlZ1z/model-2be52f8da75c.stan', line 30, column 6 to column 53)
Chain 4 If this warning occurs sporadically, such as for highly constrained variable types like covariance matrices, then the sampler is fine,
Chain 4 but if this warning occurs often then your model may be either severely ill-conditioned or misspecified.
Chain 4 
[OK] EQI0005_AAMR2006_2010 Overall EQI+SM+OB+PD+DB
Chain 1 Informational Message: The current Metropolis proposal is about to be rejected because of the following issue:
Chain 1 Exception: normal_cdf: Scale parameter is 0, but must be positive! (in '/tmp/RtmpuVlZ1z/model-2be52f8da75c.stan', line 30, column 6 to column 53)
Chain 1 If this warning occurs sporadically, such as for highly constrained variable types like covariance matrices, then the sampler is fine,
Chain 1 but if this warning occurs often then your model may be either severely ill-conditioned or misspecified.
Chain 1 
Chain 2 Informational Message: The current Metropolis proposal is about to be rejected because of the following issue:
Chain 2 Exception: normal_cdf: Scale parameter is 0, but must be positive! (in '/tmp/RtmpuVlZ1z/model-2be52f8da75c.stan', line 30, column 6 to column 53)
Chain 2 If this warning occurs sporadically, such as for highly constrained variable types like covariance matrices, then the sampler is fine,
Chain 2 but if this warning occurs often then your model may be either severely ill-conditioned or misspecified.
Chain 2 
Chain 2 Informational Message: The current Metropolis proposal is about to be rejected because of the following issue:
Chain 2 Exception: normal_cdf: Scale parameter is 0, but must be positive! (in '/tmp/RtmpuVlZ1z/model-2be52f8da75c.stan', line 30, column 6 to column 53)
Chain 2 If this warning occurs sporadically, such as for highly constrained variable types like covariance matrices, then the sampler is fine,
Chain 2 but if this warning occurs often then your model may be either severely ill-conditioned or misspecified.
Chain 2 
Chain 3 Informational Message: The current Metropolis proposal is about to be rejected because of the following issue:
Chain 3 Exception: normal_cdf: Scale parameter is 0, but must be positive! (in '/tmp/RtmpuVlZ1z/model-2be52f8da75c.stan', line 30, column 6 to column 53)
Chain 3 If this warning occurs sporadically, such as for highly constrained variable types like covariance matrices, then the sampler is fine,
Chain 3 but if this warning occurs often then your model may be either severely ill-conditioned or misspecified.
Chain 3 
Chain 4 Informational Message: The current Metropolis proposal is about to be rejected because of the following issue:
Chain 4 Exception: normal_cdf: Scale parameter is 0, but must be positive! (in '/tmp/RtmpuVlZ1z/model-2be52f8da75c.stan', line 30, column 6 to column 53)
Chain 4 If this warning occurs sporadically, such as for highly constrained variable types like covariance matrices, then the sampler is fine,
Chain 4 but if this warning occurs often then your model may be either severely ill-conditioned or misspecified.
Chain 4 
Chain 4 Informational Message: The current Metropolis proposal is about to be rejected because of the following issue:
Chain 4 Exception: normal_cdf: Scale parameter is 0, but must be positive! (in '/tmp/RtmpuVlZ1z/model-2be52f8da75c.stan', line 30, column 6 to column 53)
Chain 4 If this warning occurs sporadically, such as for highly constrained variable types like covariance matrices, then the sampler is fine,
Chain 4 but if this warning occurs often then your model may be either severely ill-conditioned or misspecified.
Chain 4 
[OK] EQI0005_AAMR2006_2010 Overall EQI+SM+UN+PD+DB
Chain 1 Informational Message: The current Metropolis proposal is about to be rejected because of the following issue:
Chain 1 Exception: normal_cdf: Scale parameter is 0, but must be positive! (in '/tmp/RtmpuVlZ1z/model-2be52f8da75c.stan', line 30, column 6 to column 53)
Chain 1 If this warning occurs sporadically, such as for highly constrained variable types like covariance matrices, then the sampler is fine,
Chain 1 but if this warning occurs often then your model may be either severely ill-conditioned or misspecified.
Chain 1 
Chain 1 Informational Message: The current Metropolis proposal is about to be rejected because of the following issue:
Chain 1 Exception: normal_cdf: Scale parameter is 0, but must be positive! (in '/tmp/RtmpuVlZ1z/model-2be52f8da75c.stan', line 30, column 6 to column 53)
Chain 1 If this warning occurs sporadically, such as for highly constrained variable types like covariance matrices, then the sampler is fine,
Chain 1 but if this warning occurs often then your model may be either severely ill-conditioned or misspecified.
Chain 1 
Chain 2 Informational Message: The current Metropolis proposal is about to be rejected because of the following issue:
Chain 2 Exception: normal_cdf: Scale parameter is 0, but must be positive! (in '/tmp/RtmpuVlZ1z/model-2be52f8da75c.stan', line 30, column 6 to column 53)
Chain 2 If this warning occurs sporadically, such as for highly constrained variable types like covariance matrices, then the sampler is fine,
Chain 2 but if this warning occurs often then your model may be either severely ill-conditioned or misspecified.
Chain 2 
Chain 2 Informational Message: The current Metropolis proposal is about to be rejected because of the following issue:
Chain 2 Exception: normal_cdf: Scale parameter is 0, but must be positive! (in '/tmp/RtmpuVlZ1z/model-2be52f8da75c.stan', line 30, column 6 to column 53)
Chain 2 If this warning occurs sporadically, such as for highly constrained variable types like covariance matrices, then the sampler is fine,
Chain 2 but if this warning occurs often then your model may be either severely ill-conditioned or misspecified.
Chain 2 
Chain 3 Informational Message: The current Metropolis proposal is about to be rejected because of the following issue:
Chain 3 Exception: normal_cdf: Scale parameter is 0, but must be positive! (in '/tmp/RtmpuVlZ1z/model-2be52f8da75c.stan', line 30, column 6 to column 53)
Chain 3 If this warning occurs sporadically, such as for highly constrained variable types like covariance matrices, then the sampler is fine,
Chain 3 but if this warning occurs often then your model may be either severely ill-conditioned or misspecified.
Chain 3 
Chain 4 Informational Message: The current Metropolis proposal is about to be rejected because of the following issue:
Chain 4 Exception: normal_cdf: Scale parameter is 0, but must be positive! (in '/tmp/RtmpuVlZ1z/model-2be52f8da75c.stan', line 30, column 6 to column 53)
Chain 4 If this warning occurs sporadically, such as for highly constrained variable types like covariance matrices, then the sampler is fine,
Chain 4 but if this warning occurs often then your model may be either severely ill-conditioned or misspecified.
Chain 4 
[OK] EQI0005_AAMR2006_2010 Overall EQI+PA+OB+UN+PD
Chain 1 Informational Message: The current Metropolis proposal is about to be rejected because of the following issue:
Chain 1 Exception: normal_cdf: Scale parameter is 0, but must be positive! (in '/tmp/RtmpuVlZ1z/model-2be52f8da75c.stan', line 30, column 6 to column 53)
Chain 1 If this warning occurs sporadically, such as for highly constrained variable types like covariance matrices, then the sampler is fine,
Chain 1 but if this warning occurs often then your model may be either severely ill-conditioned or misspecified.
Chain 1 
Chain 2 Informational Message: The current Metropolis proposal is about to be rejected because of the following issue:
Chain 2 Exception: normal_cdf: Scale parameter is 0, but must be positive! (in '/tmp/RtmpuVlZ1z/model-2be52f8da75c.stan', line 30, column 6 to column 53)
Chain 2 If this warning occurs sporadically, such as for highly constrained variable types like covariance matrices, then the sampler is fine,
Chain 2 but if this warning occurs often then your model may be either severely ill-conditioned or misspecified.
Chain 2 
Chain 3 Informational Message: The current Metropolis proposal is about to be rejected because of the following issue:
Chain 3 Exception: normal_cdf: Scale parameter is 0, but must be positive! (in '/tmp/RtmpuVlZ1z/model-2be52f8da75c.stan', line 30, column 6 to column 53)
Chain 3 If this warning occurs sporadically, such as for highly constrained variable types like covariance matrices, then the sampler is fine,
Chain 3 but if this warning occurs often then your model may be either severely ill-conditioned or misspecified.
Chain 3 
Chain 4 Informational Message: The current Metropolis proposal is about to be rejected because of the following issue:
Chain 4 Exception: normal_cdf: Scale parameter is 0, but must be positive! (in '/tmp/RtmpuVlZ1z/model-2be52f8da75c.stan', line 30, column 6 to column 53)
Chain 4 If this warning occurs sporadically, such as for highly constrained variable types like covariance matrices, then the sampler is fine,
Chain 4 but if this warning occurs often then your model may be either severely ill-conditioned or misspecified.
Chain 4 
[OK] EQI0005_AAMR2006_2010 Overall EQI+PA+OB+UN+DB
Chain 1 Informational Message: The current Metropolis proposal is about to be rejected because of the following issue:
Chain 1 Exception: normal_cdf: Scale parameter is 0, but must be positive! (in '/tmp/RtmpuVlZ1z/model-2be52f8da75c.stan', line 30, column 6 to column 53)
Chain 1 If this warning occurs sporadically, such as for highly constrained variable types like covariance matrices, then the sampler is fine,
Chain 1 but if this warning occurs often then your model may be either severely ill-conditioned or misspecified.
Chain 1 
Chain 1 Informational Message: The current Metropolis proposal is about to be rejected because of the following issue:
Chain 1 Exception: normal_cdf: Scale parameter is 0, but must be positive! (in '/tmp/RtmpuVlZ1z/model-2be52f8da75c.stan', line 30, column 6 to column 53)
Chain 1 If this warning occurs sporadically, such as for highly constrained variable types like covariance matrices, then the sampler is fine,
Chain 1 but if this warning occurs often then your model may be either severely ill-conditioned or misspecified.
Chain 1 
Chain 2 Informational Message: The current Metropolis proposal is about to be rejected because of the following issue:
Chain 2 Exception: normal_cdf: Scale parameter is 0, but must be positive! (in '/tmp/RtmpuVlZ1z/model-2be52f8da75c.stan', line 30, column 6 to column 53)
Chain 2 If this warning occurs sporadically, such as for highly constrained variable types like covariance matrices, then the sampler is fine,
Chain 2 but if this warning occurs often then your model may be either severely ill-conditioned or misspecified.
Chain 2 
Chain 2 Informational Message: The current Metropolis proposal is about to be rejected because of the following issue:
Chain 2 Exception: normal_cdf: Scale parameter is 0, but must be positive! (in '/tmp/RtmpuVlZ1z/model-2be52f8da75c.stan', line 30, column 6 to column 53)
Chain 2 If this warning occurs sporadically, such as for highly constrained variable types like covariance matrices, then the sampler is fine,
Chain 2 but if this warning occurs often then your model may be either severely ill-conditioned or misspecified.
Chain 2 
Chain 3 Informational Message: The current Metropolis proposal is about to be rejected because of the following issue:
Chain 3 Exception: normal_cdf: Scale parameter is 0, but must be positive! (in '/tmp/RtmpuVlZ1z/model-2be52f8da75c.stan', line 30, column 6 to column 53)
Chain 3 If this warning occurs sporadically, such as for highly constrained variable types like covariance matrices, then the sampler is fine,
Chain 3 but if this warning occurs often then your model may be either severely ill-conditioned or misspecified.
Chain 3 
Chain 3 Informational Message: The current Metropolis proposal is about to be rejected because of the following issue:
Chain 3 Exception: normal_cdf: Scale parameter is 0, but must be positive! (in '/tmp/RtmpuVlZ1z/model-2be52f8da75c.stan', line 30, column 6 to column 53)
Chain 3 If this warning occurs sporadically, such as for highly constrained variable types like covariance matrices, then the sampler is fine,
Chain 3 but if this warning occurs often then your model may be either severely ill-conditioned or misspecified.
Chain 3 
Chain 4 Informational Message: The current Metropolis proposal is about to be rejected because of the following issue:
Chain 4 Exception: normal_cdf: Scale parameter is 0, but must be positive! (in '/tmp/RtmpuVlZ1z/model-2be52f8da75c.stan', line 30, column 6 to column 53)
Chain 4 If this warning occurs sporadically, such as for highly constrained variable types like covariance matrices, then the sampler is fine,
Chain 4 but if this warning occurs often then your model may be either severely ill-conditioned or misspecified.
Chain 4 
[OK] EQI0005_AAMR2006_2010 Overall EQI+PA+OB+PD+DB
Chain 1 Informational Message: The current Metropolis proposal is about to be rejected because of the following issue:
Chain 1 Exception: normal_cdf: Scale parameter is 0, but must be positive! (in '/tmp/RtmpuVlZ1z/model-2be52f8da75c.stan', line 30, column 6 to column 53)
Chain 1 If this warning occurs sporadically, such as for highly constrained variable types like covariance matrices, then the sampler is fine,
Chain 1 but if this warning occurs often then your model may be either severely ill-conditioned or misspecified.
Chain 1 
Chain 2 Informational Message: The current Metropolis proposal is about to be rejected because of the following issue:
Chain 2 Exception: normal_cdf: Scale parameter is 0, but must be positive! (in '/tmp/RtmpuVlZ1z/model-2be52f8da75c.stan', line 30, column 6 to column 53)
Chain 2 If this warning occurs sporadically, such as for highly constrained variable types like covariance matrices, then the sampler is fine,
Chain 2 but if this warning occurs often then your model may be either severely ill-conditioned or misspecified.
Chain 2 
Chain 2 Informational Message: The current Metropolis proposal is about to be rejected because of the following issue:
Chain 2 Exception: normal_cdf: Scale parameter is 0, but must be positive! (in '/tmp/RtmpuVlZ1z/model-2be52f8da75c.stan', line 30, column 6 to column 53)
Chain 2 If this warning occurs sporadically, such as for highly constrained variable types like covariance matrices, then the sampler is fine,
Chain 2 but if this warning occurs often then your model may be either severely ill-conditioned or misspecified.
Chain 2 
Chain 3 Informational Message: The current Metropolis proposal is about to be rejected because of the following issue:
Chain 3 Exception: normal_cdf: Scale parameter is 0, but must be positive! (in '/tmp/RtmpuVlZ1z/model-2be52f8da75c.stan', line 30, column 6 to column 53)
Chain 3 If this warning occurs sporadically, such as for highly constrained variable types like covariance matrices, then the sampler is fine,
Chain 3 but if this warning occurs often then your model may be either severely ill-conditioned or misspecified.
Chain 3 
Chain 4 Informational Message: The current Metropolis proposal is about to be rejected because of the following issue:
Chain 4 Exception: normal_cdf: Scale parameter is 0, but must be positive! (in '/tmp/RtmpuVlZ1z/model-2be52f8da75c.stan', line 30, column 6 to column 53)
Chain 4 If this warning occurs sporadically, such as for highly constrained variable types like covariance matrices, then the sampler is fine,
Chain 4 but if this warning occurs often then your model may be either severely ill-conditioned or misspecified.
Chain 4 
[OK] EQI0005_AAMR2006_2010 Overall EQI+PA+UN+PD+DB
Chain 1 Informational Message: The current Metropolis proposal is about to be rejected because of the following issue:
Chain 1 Exception: normal_cdf: Scale parameter is 0, but must be positive! (in '/tmp/RtmpuVlZ1z/model-2be52f8da75c.stan', line 30, column 6 to column 53)
Chain 1 If this warning occurs sporadically, such as for highly constrained variable types like covariance matrices, then the sampler is fine,
Chain 1 but if this warning occurs often then your model may be either severely ill-conditioned or misspecified.
Chain 1 
Chain 1 Informational Message: The current Metropolis proposal is about to be rejected because of the following issue:
Chain 1 Exception: normal_cdf: Scale parameter is 0, but must be positive! (in '/tmp/RtmpuVlZ1z/model-2be52f8da75c.stan', line 30, column 6 to column 53)
Chain 1 If this warning occurs sporadically, such as for highly constrained variable types like covariance matrices, then the sampler is fine,
Chain 1 but if this warning occurs often then your model may be either severely ill-conditioned or misspecified.
Chain 1 
Chain 2 Informational Message: The current Metropolis proposal is about to be rejected because of the following issue:
Chain 2 Exception: normal_cdf: Scale parameter is 0, but must be positive! (in '/tmp/RtmpuVlZ1z/model-2be52f8da75c.stan', line 30, column 6 to column 53)
Chain 2 If this warning occurs sporadically, such as for highly constrained variable types like covariance matrices, then the sampler is fine,
Chain 2 but if this warning occurs often then your model may be either severely ill-conditioned or misspecified.
Chain 2 
Chain 2 Informational Message: The current Metropolis proposal is about to be rejected because of the following issue:
Chain 2 Exception: normal_cdf: Scale parameter is 0, but must be positive! (in '/tmp/RtmpuVlZ1z/model-2be52f8da75c.stan', line 30, column 6 to column 53)
Chain 2 If this warning occurs sporadically, such as for highly constrained variable types like covariance matrices, then the sampler is fine,
Chain 2 but if this warning occurs often then your model may be either severely ill-conditioned or misspecified.
Chain 2 
Chain 3 Informational Message: The current Metropolis proposal is about to be rejected because of the following issue:
Chain 3 Exception: normal_cdf: Scale parameter is 0, but must be positive! (in '/tmp/RtmpuVlZ1z/model-2be52f8da75c.stan', line 30, column 6 to column 53)
Chain 3 If this warning occurs sporadically, such as for highly constrained variable types like covariance matrices, then the sampler is fine,
Chain 3 but if this warning occurs often then your model may be either severely ill-conditioned or misspecified.
Chain 3 
Chain 3 Informational Message: The current Metropolis proposal is about to be rejected because of the following issue:
Chain 3 Exception: normal_cdf: Scale parameter is 0, but must be positive! (in '/tmp/RtmpuVlZ1z/model-2be52f8da75c.stan', line 30, column 6 to column 53)
Chain 3 If this warning occurs sporadically, such as for highly constrained variable types like covariance matrices, then the sampler is fine,
Chain 3 but if this warning occurs often then your model may be either severely ill-conditioned or misspecified.
Chain 3 
Chain 4 Informational Message: The current Metropolis proposal is about to be rejected because of the following issue:
Chain 4 Exception: normal_cdf: Scale parameter is 0, but must be positive! (in '/tmp/RtmpuVlZ1z/model-2be52f8da75c.stan', line 30, column 6 to column 53)
Chain 4 If this warning occurs sporadically, such as for highly constrained variable types like covariance matrices, then the sampler is fine,
Chain 4 but if this warning occurs often then your model may be either severely ill-conditioned or misspecified.
Chain 4 
Chain 4 Informational Message: The current Metropolis proposal is about to be rejected because of the following issue:
Chain 4 Exception: normal_cdf: Scale parameter is 0, but must be positive! (in '/tmp/RtmpuVlZ1z/model-2be52f8da75c.stan', line 30, column 6 to column 53)
Chain 4 If this warning occurs sporadically, such as for highly constrained variable types like covariance matrices, then the sampler is fine,
Chain 4 but if this warning occurs often then your model may be either severely ill-conditioned or misspecified.
Chain 4 
[OK] EQI0005_AAMR2006_2010 Overall EQI+OB+UN+PD+DB
Chain 1 Informational Message: The current Metropolis proposal is about to be rejected because of the following issue:
Chain 1 Exception: normal_cdf: Scale parameter is 0, but must be positive! (in '/tmp/RtmpuVlZ1z/model-2be52f8da75c.stan', line 30, column 6 to column 53)
Chain 1 If this warning occurs sporadically, such as for highly constrained variable types like covariance matrices, then the sampler is fine,
Chain 1 but if this warning occurs often then your model may be either severely ill-conditioned or misspecified.
Chain 1 
Chain 1 Informational Message: The current Metropolis proposal is about to be rejected because of the following issue:
Chain 1 Exception: normal_cdf: Scale parameter is 0, but must be positive! (in '/tmp/RtmpuVlZ1z/model-2be52f8da75c.stan', line 30, column 6 to column 53)
Chain 1 If this warning occurs sporadically, such as for highly constrained variable types like covariance matrices, then the sampler is fine,
Chain 1 but if this warning occurs often then your model may be either severely ill-conditioned or misspecified.
Chain 1 
Chain 2 Informational Message: The current Metropolis proposal is about to be rejected because of the following issue:
Chain 2 Exception: normal_cdf: Scale parameter is 0, but must be positive! (in '/tmp/RtmpuVlZ1z/model-2be52f8da75c.stan', line 30, column 6 to column 53)
Chain 2 If this warning occurs sporadically, such as for highly constrained variable types like covariance matrices, then the sampler is fine,
Chain 2 but if this warning occurs often then your model may be either severely ill-conditioned or misspecified.
Chain 2 
Chain 2 Informational Message: The current Metropolis proposal is about to be rejected because of the following issue:
Chain 2 Exception: normal_cdf: Scale parameter is 0, but must be positive! (in '/tmp/RtmpuVlZ1z/model-2be52f8da75c.stan', line 30, column 6 to column 53)
Chain 2 If this warning occurs sporadically, such as for highly constrained variable types like covariance matrices, then the sampler is fine,
Chain 2 but if this warning occurs often then your model may be either severely ill-conditioned or misspecified.
Chain 2 
Chain 3 Informational Message: The current Metropolis proposal is about to be rejected because of the following issue:
Chain 3 Exception: normal_cdf: Scale parameter is 0, but must be positive! (in '/tmp/RtmpuVlZ1z/model-2be52f8da75c.stan', line 30, column 6 to column 53)
Chain 3 If this warning occurs sporadically, such as for highly constrained variable types like covariance matrices, then the sampler is fine,
Chain 3 but if this warning occurs often then your model may be either severely ill-conditioned or misspecified.
Chain 3 
Chain 3 Informational Message: The current Metropolis proposal is about to be rejected because of the following issue:
Chain 3 Exception: normal_cdf: Scale parameter is 0, but must be positive! (in '/tmp/RtmpuVlZ1z/model-2be52f8da75c.stan', line 30, column 6 to column 53)
Chain 3 If this warning occurs sporadically, such as for highly constrained variable types like covariance matrices, then the sampler is fine,
Chain 3 but if this warning occurs often then your model may be either severely ill-conditioned or misspecified.
Chain 3 
Chain 4 Informational Message: The current Metropolis proposal is about to be rejected because of the following issue:
Chain 4 Exception: normal_cdf: Scale parameter is 0, but must be positive! (in '/tmp/RtmpuVlZ1z/model-2be52f8da75c.stan', line 30, column 6 to column 53)
Chain 4 If this warning occurs sporadically, such as for highly constrained variable types like covariance matrices, then the sampler is fine,
Chain 4 but if this warning occurs often then your model may be either severely ill-conditioned or misspecified.
Chain 4 
Chain 4 Informational Message: The current Metropolis proposal is about to be rejected because of the following issue:
Chain 4 Exception: normal_cdf: Scale parameter is 0, but must be positive! (in '/tmp/RtmpuVlZ1z/model-2be52f8da75c.stan', line 30, column 6 to column 53)
Chain 4 If this warning occurs sporadically, such as for highly constrained variable types like covariance matrices, then the sampler is fine,
Chain 4 but if this warning occurs often then your model may be either severely ill-conditioned or misspecified.
Chain 4 
[OK] EQI0005_AAMR2006_2010 Overall EQI+SM+PA+OB+UN+PD
Chain 1 Informational Message: The current Metropolis proposal is about to be rejected because of the following issue:
Chain 1 Exception: normal_cdf: Scale parameter is 0, but must be positive! (in '/tmp/RtmpuVlZ1z/model-2be52f8da75c.stan', line 30, column 6 to column 53)
Chain 1 If this warning occurs sporadically, such as for highly constrained variable types like covariance matrices, then the sampler is fine,
Chain 1 but if this warning occurs often then your model may be either severely ill-conditioned or misspecified.
Chain 1 
Chain 2 Informational Message: The current Metropolis proposal is about to be rejected because of the following issue:
Chain 2 Exception: normal_cdf: Scale parameter is 0, but must be positive! (in '/tmp/RtmpuVlZ1z/model-2be52f8da75c.stan', line 30, column 6 to column 53)
Chain 2 If this warning occurs sporadically, such as for highly constrained variable types like covariance matrices, then the sampler is fine,
Chain 2 but if this warning occurs often then your model may be either severely ill-conditioned or misspecified.
Chain 2 
Chain 2 Informational Message: The current Metropolis proposal is about to be rejected because of the following issue:
Chain 2 Exception: normal_cdf: Scale parameter is 0, but must be positive! (in '/tmp/RtmpuVlZ1z/model-2be52f8da75c.stan', line 30, column 6 to column 53)
Chain 2 If this warning occurs sporadically, such as for highly constrained variable types like covariance matrices, then the sampler is fine,
Chain 2 but if this warning occurs often then your model may be either severely ill-conditioned or misspecified.
Chain 2 
Chain 3 Informational Message: The current Metropolis proposal is about to be rejected because of the following issue:
Chain 3 Exception: normal_cdf: Scale parameter is 0, but must be positive! (in '/tmp/RtmpuVlZ1z/model-2be52f8da75c.stan', line 30, column 6 to column 53)
Chain 3 If this warning occurs sporadically, such as for highly constrained variable types like covariance matrices, then the sampler is fine,
Chain 3 but if this warning occurs often then your model may be either severely ill-conditioned or misspecified.
Chain 3 
Chain 4 Informational Message: The current Metropolis proposal is about to be rejected because of the following issue:
Chain 4 Exception: normal_cdf: Scale parameter is 0, but must be positive! (in '/tmp/RtmpuVlZ1z/model-2be52f8da75c.stan', line 30, column 6 to column 53)
Chain 4 If this warning occurs sporadically, such as for highly constrained variable types like covariance matrices, then the sampler is fine,
Chain 4 but if this warning occurs often then your model may be either severely ill-conditioned or misspecified.
Chain 4 
[OK] EQI0005_AAMR2006_2010 Overall EQI+SM+PA+OB+UN+DB
Chain 1 Informational Message: The current Metropolis proposal is about to be rejected because of the following issue:
Chain 1 Exception: normal_cdf: Scale parameter is 0, but must be positive! (in '/tmp/RtmpuVlZ1z/model-2be52f8da75c.stan', line 30, column 6 to column 53)
Chain 1 If this warning occurs sporadically, such as for highly constrained variable types like covariance matrices, then the sampler is fine,
Chain 1 but if this warning occurs often then your model may be either severely ill-conditioned or misspecified.
Chain 1 
Chain 1 Informational Message: The current Metropolis proposal is about to be rejected because of the following issue:
Chain 1 Exception: normal_cdf: Scale parameter is 0, but must be positive! (in '/tmp/RtmpuVlZ1z/model-2be52f8da75c.stan', line 30, column 6 to column 53)
Chain 1 If this warning occurs sporadically, such as for highly constrained variable types like covariance matrices, then the sampler is fine,
Chain 1 but if this warning occurs often then your model may be either severely ill-conditioned or misspecified.
Chain 1 
Chain 2 Informational Message: The current Metropolis proposal is about to be rejected because of the following issue:
Chain 2 Exception: normal_cdf: Scale parameter is 0, but must be positive! (in '/tmp/RtmpuVlZ1z/model-2be52f8da75c.stan', line 30, column 6 to column 53)
Chain 2 If this warning occurs sporadically, such as for highly constrained variable types like covariance matrices, then the sampler is fine,
Chain 2 but if this warning occurs often then your model may be either severely ill-conditioned or misspecified.
Chain 2 
Chain 2 Informational Message: The current Metropolis proposal is about to be rejected because of the following issue:
Chain 2 Exception: normal_cdf: Scale parameter is 0, but must be positive! (in '/tmp/RtmpuVlZ1z/model-2be52f8da75c.stan', line 30, column 6 to column 53)
Chain 2 If this warning occurs sporadically, such as for highly constrained variable types like covariance matrices, then the sampler is fine,
Chain 2 but if this warning occurs often then your model may be either severely ill-conditioned or misspecified.
Chain 2 
Chain 3 Informational Message: The current Metropolis proposal is about to be rejected because of the following issue:
Chain 3 Exception: normal_cdf: Scale parameter is 0, but must be positive! (in '/tmp/RtmpuVlZ1z/model-2be52f8da75c.stan', line 30, column 6 to column 53)
Chain 3 If this warning occurs sporadically, such as for highly constrained variable types like covariance matrices, then the sampler is fine,
Chain 3 but if this warning occurs often then your model may be either severely ill-conditioned or misspecified.
Chain 3 
Chain 3 Informational Message: The current Metropolis proposal is about to be rejected because of the following issue:
Chain 3 Exception: normal_cdf: Scale parameter is 0, but must be positive! (in '/tmp/RtmpuVlZ1z/model-2be52f8da75c.stan', line 30, column 6 to column 53)
Chain 3 If this warning occurs sporadically, such as for highly constrained variable types like covariance matrices, then the sampler is fine,
Chain 3 but if this warning occurs often then your model may be either severely ill-conditioned or misspecified.
Chain 3 
Chain 4 Informational Message: The current Metropolis proposal is about to be rejected because of the following issue:
Chain 4 Exception: normal_cdf: Scale parameter is 0, but must be positive! (in '/tmp/RtmpuVlZ1z/model-2be52f8da75c.stan', line 30, column 6 to column 53)
Chain 4 If this warning occurs sporadically, such as for highly constrained variable types like covariance matrices, then the sampler is fine,
Chain 4 but if this warning occurs often then your model may be either severely ill-conditioned or misspecified.
Chain 4 
Chain 4 Informational Message: The current Metropolis proposal is about to be rejected because of the following issue:
Chain 4 Exception: normal_cdf: Scale parameter is 0, but must be positive! (in '/tmp/RtmpuVlZ1z/model-2be52f8da75c.stan', line 30, column 6 to column 53)
Chain 4 If this warning occurs sporadically, such as for highly constrained variable types like covariance matrices, then the sampler is fine,
Chain 4 but if this warning occurs often then your model may be either severely ill-conditioned or misspecified.
Chain 4 
[OK] EQI0005_AAMR2006_2010 Overall EQI+SM+PA+OB+PD+DB
Chain 1 Informational Message: The current Metropolis proposal is about to be rejected because of the following issue:
Chain 1 Exception: normal_cdf: Scale parameter is 0, but must be positive! (in '/tmp/RtmpuVlZ1z/model-2be52f8da75c.stan', line 30, column 6 to column 53)
Chain 1 If this warning occurs sporadically, such as for highly constrained variable types like covariance matrices, then the sampler is fine,
Chain 1 but if this warning occurs often then your model may be either severely ill-conditioned or misspecified.
Chain 1 
Chain 1 Informational Message: The current Metropolis proposal is about to be rejected because of the following issue:
Chain 1 Exception: normal_cdf: Scale parameter is 0, but must be positive! (in '/tmp/RtmpuVlZ1z/model-2be52f8da75c.stan', line 30, column 6 to column 53)
Chain 1 If this warning occurs sporadically, such as for highly constrained variable types like covariance matrices, then the sampler is fine,
Chain 1 but if this warning occurs often then your model may be either severely ill-conditioned or misspecified.
Chain 1 
Chain 2 Informational Message: The current Metropolis proposal is about to be rejected because of the following issue:
Chain 2 Exception: normal_cdf: Scale parameter is 0, but must be positive! (in '/tmp/RtmpuVlZ1z/model-2be52f8da75c.stan', line 30, column 6 to column 53)
Chain 2 If this warning occurs sporadically, such as for highly constrained variable types like covariance matrices, then the sampler is fine,
Chain 2 but if this warning occurs often then your model may be either severely ill-conditioned or misspecified.
Chain 2 
Chain 2 Informational Message: The current Metropolis proposal is about to be rejected because of the following issue:
Chain 2 Exception: normal_cdf: Scale parameter is 0, but must be positive! (in '/tmp/RtmpuVlZ1z/model-2be52f8da75c.stan', line 30, column 6 to column 53)
Chain 2 If this warning occurs sporadically, such as for highly constrained variable types like covariance matrices, then the sampler is fine,
Chain 2 but if this warning occurs often then your model may be either severely ill-conditioned or misspecified.
Chain 2 
Chain 3 Informational Message: The current Metropolis proposal is about to be rejected because of the following issue:
Chain 3 Exception: normal_cdf: Scale parameter is 0, but must be positive! (in '/tmp/RtmpuVlZ1z/model-2be52f8da75c.stan', line 30, column 6 to column 53)
Chain 3 If this warning occurs sporadically, such as for highly constrained variable types like covariance matrices, then the sampler is fine,
Chain 3 but if this warning occurs often then your model may be either severely ill-conditioned or misspecified.
Chain 3 
Chain 3 Informational Message: The current Metropolis proposal is about to be rejected because of the following issue:
Chain 3 Exception: normal_cdf: Scale parameter is 0, but must be positive! (in '/tmp/RtmpuVlZ1z/model-2be52f8da75c.stan', line 30, column 6 to column 53)
Chain 3 If this warning occurs sporadically, such as for highly constrained variable types like covariance matrices, then the sampler is fine,
Chain 3 but if this warning occurs often then your model may be either severely ill-conditioned or misspecified.
Chain 3 
Chain 4 Informational Message: The current Metropolis proposal is about to be rejected because of the following issue:
Chain 4 Exception: normal_cdf: Scale parameter is 0, but must be positive! (in '/tmp/RtmpuVlZ1z/model-2be52f8da75c.stan', line 30, column 6 to column 53)
Chain 4 If this warning occurs sporadically, such as for highly constrained variable types like covariance matrices, then the sampler is fine,
Chain 4 but if this warning occurs often then your model may be either severely ill-conditioned or misspecified.
Chain 4 
Chain 4 Informational Message: The current Metropolis proposal is about to be rejected because of the following issue:
Chain 4 Exception: normal_cdf: Scale parameter is 0, but must be positive! (in '/tmp/RtmpuVlZ1z/model-2be52f8da75c.stan', line 30, column 6 to column 53)
Chain 4 If this warning occurs sporadically, such as for highly constrained variable types like covariance matrices, then the sampler is fine,
Chain 4 but if this warning occurs often then your model may be either severely ill-conditioned or misspecified.
Chain 4 
[OK] EQI0005_AAMR2006_2010 Overall EQI+SM+PA+UN+PD+DB
Chain 1 Informational Message: The current Metropolis proposal is about to be rejected because of the following issue:
Chain 1 Exception: normal_cdf: Scale parameter is 0, but must be positive! (in '/tmp/RtmpuVlZ1z/model-2be52f8da75c.stan', line 30, column 6 to column 53)
Chain 1 If this warning occurs sporadically, such as for highly constrained variable types like covariance matrices, then the sampler is fine,
Chain 1 but if this warning occurs often then your model may be either severely ill-conditioned or misspecified.
Chain 1 
Chain 1 Informational Message: The current Metropolis proposal is about to be rejected because of the following issue:
Chain 1 Exception: normal_cdf: Scale parameter is 0, but must be positive! (in '/tmp/RtmpuVlZ1z/model-2be52f8da75c.stan', line 30, column 6 to column 53)
Chain 1 If this warning occurs sporadically, such as for highly constrained variable types like covariance matrices, then the sampler is fine,
Chain 1 but if this warning occurs often then your model may be either severely ill-conditioned or misspecified.
Chain 1 
Chain 2 Informational Message: The current Metropolis proposal is about to be rejected because of the following issue:
Chain 2 Exception: normal_cdf: Scale parameter is 0, but must be positive! (in '/tmp/RtmpuVlZ1z/model-2be52f8da75c.stan', line 30, column 6 to column 53)
Chain 2 If this warning occurs sporadically, such as for highly constrained variable types like covariance matrices, then the sampler is fine,
Chain 2 but if this warning occurs often then your model may be either severely ill-conditioned or misspecified.
Chain 2 
Chain 2 Informational Message: The current Metropolis proposal is about to be rejected because of the following issue:
Chain 2 Exception: normal_cdf: Scale parameter is 0, but must be positive! (in '/tmp/RtmpuVlZ1z/model-2be52f8da75c.stan', line 30, column 6 to column 53)
Chain 2 If this warning occurs sporadically, such as for highly constrained variable types like covariance matrices, then the sampler is fine,
Chain 2 but if this warning occurs often then your model may be either severely ill-conditioned or misspecified.
Chain 2 
Chain 3 Informational Message: The current Metropolis proposal is about to be rejected because of the following issue:
Chain 3 Exception: normal_cdf: Scale parameter is 0, but must be positive! (in '/tmp/RtmpuVlZ1z/model-2be52f8da75c.stan', line 30, column 6 to column 53)
Chain 3 If this warning occurs sporadically, such as for highly constrained variable types like covariance matrices, then the sampler is fine,
Chain 3 but if this warning occurs often then your model may be either severely ill-conditioned or misspecified.
Chain 3 
Chain 3 Informational Message: The current Metropolis proposal is about to be rejected because of the following issue:
Chain 3 Exception: normal_cdf: Scale parameter is 0, but must be positive! (in '/tmp/RtmpuVlZ1z/model-2be52f8da75c.stan', line 30, column 6 to column 53)
Chain 3 If this warning occurs sporadically, such as for highly constrained variable types like covariance matrices, then the sampler is fine,
Chain 3 but if this warning occurs often then your model may be either severely ill-conditioned or misspecified.
Chain 3 
[OK] EQI0005_AAMR2006_2010 Overall EQI+SM+OB+UN+PD+DB
Chain 1 Informational Message: The current Metropolis proposal is about to be rejected because of the following issue:
Chain 1 Exception: normal_cdf: Scale parameter is 0, but must be positive! (in '/tmp/RtmpuVlZ1z/model-2be52f8da75c.stan', line 30, column 6 to column 53)
Chain 1 If this warning occurs sporadically, such as for highly constrained variable types like covariance matrices, then the sampler is fine,
Chain 1 but if this warning occurs often then your model may be either severely ill-conditioned or misspecified.
Chain 1 
Chain 1 Informational Message: The current Metropolis proposal is about to be rejected because of the following issue:
Chain 1 Exception: normal_cdf: Scale parameter is 0, but must be positive! (in '/tmp/RtmpuVlZ1z/model-2be52f8da75c.stan', line 30, column 6 to column 53)
Chain 1 If this warning occurs sporadically, such as for highly constrained variable types like covariance matrices, then the sampler is fine,
Chain 1 but if this warning occurs often then your model may be either severely ill-conditioned or misspecified.
Chain 1 
Chain 2 Informational Message: The current Metropolis proposal is about to be rejected because of the following issue:
Chain 2 Exception: normal_cdf: Scale parameter is 0, but must be positive! (in '/tmp/RtmpuVlZ1z/model-2be52f8da75c.stan', line 30, column 6 to column 53)
Chain 2 If this warning occurs sporadically, such as for highly constrained variable types like covariance matrices, then the sampler is fine,
Chain 2 but if this warning occurs often then your model may be either severely ill-conditioned or misspecified.
Chain 2 
Chain 2 Informational Message: The current Metropolis proposal is about to be rejected because of the following issue:
Chain 2 Exception: normal_cdf: Scale parameter is 0, but must be positive! (in '/tmp/RtmpuVlZ1z/model-2be52f8da75c.stan', line 30, column 6 to column 53)
Chain 2 If this warning occurs sporadically, such as for highly constrained variable types like covariance matrices, then the sampler is fine,
Chain 2 but if this warning occurs often then your model may be either severely ill-conditioned or misspecified.
Chain 2 
Chain 3 Informational Message: The current Metropolis proposal is about to be rejected because of the following issue:
Chain 3 Exception: normal_cdf: Scale parameter is 0, but must be positive! (in '/tmp/RtmpuVlZ1z/model-2be52f8da75c.stan', line 30, column 6 to column 53)
Chain 3 If this warning occurs sporadically, such as for highly constrained variable types like covariance matrices, then the sampler is fine,
Chain 3 but if this warning occurs often then your model may be either severely ill-conditioned or misspecified.
Chain 3 
Chain 3 Informational Message: The current Metropolis proposal is about to be rejected because of the following issue:
Chain 3 Exception: normal_cdf: Scale parameter is 0, but must be positive! (in '/tmp/RtmpuVlZ1z/model-2be52f8da75c.stan', line 30, column 6 to column 53)
Chain 3 If this warning occurs sporadically, such as for highly constrained variable types like covariance matrices, then the sampler is fine,
Chain 3 but if this warning occurs often then your model may be either severely ill-conditioned or misspecified.
Chain 3 
Chain 4 Informational Message: The current Metropolis proposal is about to be rejected because of the following issue:
Chain 4 Exception: normal_cdf: Scale parameter is 0, but must be positive! (in '/tmp/RtmpuVlZ1z/model-2be52f8da75c.stan', line 30, column 6 to column 53)
Chain 4 If this warning occurs sporadically, such as for highly constrained variable types like covariance matrices, then the sampler is fine,
Chain 4 but if this warning occurs often then your model may be either severely ill-conditioned or misspecified.
Chain 4 
Chain 4 Informational Message: The current Metropolis proposal is about to be rejected because of the following issue:
Chain 4 Exception: normal_cdf: Scale parameter is 0, but must be positive! (in '/tmp/RtmpuVlZ1z/model-2be52f8da75c.stan', line 30, column 6 to column 53)
Chain 4 If this warning occurs sporadically, such as for highly constrained variable types like covariance matrices, then the sampler is fine,
Chain 4 but if this warning occurs often then your model may be either severely ill-conditioned or misspecified.
Chain 4 
[OK] EQI0005_AAMR2006_2010 Overall EQI+PA+OB+UN+PD+DB
Chain 1 Informational Message: The current Metropolis proposal is about to be rejected because of the following issue:
Chain 1 Exception: normal_cdf: Scale parameter is 0, but must be positive! (in '/tmp/RtmpuVlZ1z/model-2be52f8da75c.stan', line 30, column 6 to column 53)
Chain 1 If this warning occurs sporadically, such as for highly constrained variable types like covariance matrices, then the sampler is fine,
Chain 1 but if this warning occurs often then your model may be either severely ill-conditioned or misspecified.
Chain 1 
Chain 1 Informational Message: The current Metropolis proposal is about to be rejected because of the following issue:
Chain 1 Exception: normal_cdf: Scale parameter is 0, but must be positive! (in '/tmp/RtmpuVlZ1z/model-2be52f8da75c.stan', line 30, column 6 to column 53)
Chain 1 If this warning occurs sporadically, such as for highly constrained variable types like covariance matrices, then the sampler is fine,
Chain 1 but if this warning occurs often then your model may be either severely ill-conditioned or misspecified.
Chain 1 
Chain 2 Informational Message: The current Metropolis proposal is about to be rejected because of the following issue:
Chain 2 Exception: normal_cdf: Scale parameter is 0, but must be positive! (in '/tmp/RtmpuVlZ1z/model-2be52f8da75c.stan', line 30, column 6 to column 53)
Chain 2 If this warning occurs sporadically, such as for highly constrained variable types like covariance matrices, then the sampler is fine,
Chain 2 but if this warning occurs often then your model may be either severely ill-conditioned or misspecified.
Chain 2 
Chain 2 Informational Message: The current Metropolis proposal is about to be rejected because of the following issue:
Chain 2 Exception: normal_cdf: Scale parameter is 0, but must be positive! (in '/tmp/RtmpuVlZ1z/model-2be52f8da75c.stan', line 30, column 6 to column 53)
Chain 2 If this warning occurs sporadically, such as for highly constrained variable types like covariance matrices, then the sampler is fine,
Chain 2 but if this warning occurs often then your model may be either severely ill-conditioned or misspecified.
Chain 2 
Chain 3 Informational Message: The current Metropolis proposal is about to be rejected because of the following issue:
Chain 3 Exception: normal_cdf: Scale parameter is 0, but must be positive! (in '/tmp/RtmpuVlZ1z/model-2be52f8da75c.stan', line 30, column 6 to column 53)
Chain 3 If this warning occurs sporadically, such as for highly constrained variable types like covariance matrices, then the sampler is fine,
Chain 3 but if this warning occurs often then your model may be either severely ill-conditioned or misspecified.
Chain 3 
Chain 3 Informational Message: The current Metropolis proposal is about to be rejected because of the following issue:
Chain 3 Exception: normal_cdf: Scale parameter is 0, but must be positive! (in '/tmp/RtmpuVlZ1z/model-2be52f8da75c.stan', line 30, column 6 to column 53)
Chain 3 If this warning occurs sporadically, such as for highly constrained variable types like covariance matrices, then the sampler is fine,
Chain 3 but if this warning occurs often then your model may be either severely ill-conditioned or misspecified.
Chain 3 
Chain 4 Informational Message: The current Metropolis proposal is about to be rejected because of the following issue:
Chain 4 Exception: normal_cdf: Scale parameter is 0, but must be positive! (in '/tmp/RtmpuVlZ1z/model-2be52f8da75c.stan', line 30, column 6 to column 53)
Chain 4 If this warning occurs sporadically, such as for highly constrained variable types like covariance matrices, then the sampler is fine,
Chain 4 but if this warning occurs often then your model may be either severely ill-conditioned or misspecified.
Chain 4 
Chain 4 Informational Message: The current Metropolis proposal is about to be rejected because of the following issue:
Chain 4 Exception: normal_cdf: Scale parameter is 0, but must be positive! (in '/tmp/RtmpuVlZ1z/model-2be52f8da75c.stan', line 30, column 6 to column 53)
Chain 4 If this warning occurs sporadically, such as for highly constrained variable types like covariance matrices, then the sampler is fine,
Chain 4 but if this warning occurs often then your model may be either severely ill-conditioned or misspecified.
Chain 4 
[OK] EQI0005_AAMR2006_2010 Overall EQI+SM+PA+OB+UN+PD+DB
Chain 3 Informational Message: The current Metropolis proposal is about to be rejected because of the following issue:
Chain 3 Exception: normal_cdf: Location parameter is inf, but must be finite! (in '/tmp/RtmpuVlZ1z/model-2be52f8da75c.stan', line 30, column 6 to column 53)
Chain 3 If this warning occurs sporadically, such as for highly constrained variable types like covariance matrices, then the sampler is fine,
Chain 3 but if this warning occurs often then your model may be either severely ill-conditioned or misspecified.
Chain 3 
[OK] EQI0005_AAMR2006_2010 RUCC1 EQI
Chain 2 Informational Message: The current Metropolis proposal is about to be rejected because of the following issue:
Chain 2 Exception: normal_cdf: Scale parameter is 0, but must be positive! (in '/tmp/RtmpuVlZ1z/model-2be52f8da75c.stan', line 30, column 6 to column 53)
Chain 2 If this warning occurs sporadically, such as for highly constrained variable types like covariance matrices, then the sampler is fine,
Chain 2 but if this warning occurs often then your model may be either severely ill-conditioned or misspecified.
Chain 2 
Chain 4 Informational Message: The current Metropolis proposal is about to be rejected because of the following issue:
Chain 4 Exception: normal_cdf: Scale parameter is 0, but must be positive! (in '/tmp/RtmpuVlZ1z/model-2be52f8da75c.stan', line 30, column 6 to column 53)
Chain 4 If this warning occurs sporadically, such as for highly constrained variable types like covariance matrices, then the sampler is fine,
Chain 4 but if this warning occurs often then your model may be either severely ill-conditioned or misspecified.
Chain 4 
[OK] EQI0005_AAMR2006_2010 RUCC1 EQI+SM
Chain 1 Informational Message: The current Metropolis proposal is about to be rejected because of the following issue:
Chain 1 Exception: normal_cdf: Scale parameter is 0, but must be positive! (in '/tmp/RtmpuVlZ1z/model-2be52f8da75c.stan', line 30, column 6 to column 53)
Chain 1 If this warning occurs sporadically, such as for highly constrained variable types like covariance matrices, then the sampler is fine,
Chain 1 but if this warning occurs often then your model may be either severely ill-conditioned or misspecified.
Chain 1 
Chain 1 Informational Message: The current Metropolis proposal is about to be rejected because of the following issue:
Chain 1 Exception: normal_cdf: Scale parameter is 0, but must be positive! (in '/tmp/RtmpuVlZ1z/model-2be52f8da75c.stan', line 30, column 6 to column 53)
Chain 1 If this warning occurs sporadically, such as for highly constrained variable types like covariance matrices, then the sampler is fine,
Chain 1 but if this warning occurs often then your model may be either severely ill-conditioned or misspecified.
Chain 1 
Chain 2 Informational Message: The current Metropolis proposal is about to be rejected because of the following issue:
Chain 2 Exception: normal_cdf: Scale parameter is 0, but must be positive! (in '/tmp/RtmpuVlZ1z/model-2be52f8da75c.stan', line 30, column 6 to column 53)
Chain 2 If this warning occurs sporadically, such as for highly constrained variable types like covariance matrices, then the sampler is fine,
Chain 2 but if this warning occurs often then your model may be either severely ill-conditioned or misspecified.
Chain 2 
Chain 3 Informational Message: The current Metropolis proposal is about to be rejected because of the following issue:
Chain 3 Exception: normal_cdf: Scale parameter is 0, but must be positive! (in '/tmp/RtmpuVlZ1z/model-2be52f8da75c.stan', line 30, column 6 to column 53)
Chain 3 If this warning occurs sporadically, such as for highly constrained variable types like covariance matrices, then the sampler is fine,
Chain 3 but if this warning occurs often then your model may be either severely ill-conditioned or misspecified.
Chain 3 
[OK] EQI0005_AAMR2006_2010 RUCC1 EQI+PA
Chain 1 Informational Message: The current Metropolis proposal is about to be rejected because of the following issue:
Chain 1 Exception: normal_cdf: Scale parameter is 0, but must be positive! (in '/tmp/RtmpuVlZ1z/model-2be52f8da75c.stan', line 30, column 6 to column 53)
Chain 1 If this warning occurs sporadically, such as for highly constrained variable types like covariance matrices, then the sampler is fine,
Chain 1 but if this warning occurs often then your model may be either severely ill-conditioned or misspecified.
Chain 1 
Chain 2 Informational Message: The current Metropolis proposal is about to be rejected because of the following issue:
Chain 2 Exception: normal_cdf: Scale parameter is 0, but must be positive! (in '/tmp/RtmpuVlZ1z/model-2be52f8da75c.stan', line 30, column 6 to column 53)
Chain 2 If this warning occurs sporadically, such as for highly constrained variable types like covariance matrices, then the sampler is fine,
Chain 2 but if this warning occurs often then your model may be either severely ill-conditioned or misspecified.
Chain 2 
Chain 3 Informational Message: The current Metropolis proposal is about to be rejected because of the following issue:
Chain 3 Exception: normal_cdf: Scale parameter is 0, but must be positive! (in '/tmp/RtmpuVlZ1z/model-2be52f8da75c.stan', line 30, column 6 to column 53)
Chain 3 If this warning occurs sporadically, such as for highly constrained variable types like covariance matrices, then the sampler is fine,
Chain 3 but if this warning occurs often then your model may be either severely ill-conditioned or misspecified.
Chain 3 
Chain 4 Informational Message: The current Metropolis proposal is about to be rejected because of the following issue:
Chain 4 Exception: normal_cdf: Scale parameter is 0, but must be positive! (in '/tmp/RtmpuVlZ1z/model-2be52f8da75c.stan', line 30, column 6 to column 53)
Chain 4 If this warning occurs sporadically, such as for highly constrained variable types like covariance matrices, then the sampler is fine,
Chain 4 but if this warning occurs often then your model may be either severely ill-conditioned or misspecified.
Chain 4 
[OK] EQI0005_AAMR2006_2010 RUCC1 EQI+OB
Chain 4 Informational Message: The current Metropolis proposal is about to be rejected because of the following issue:
Chain 4 Exception: normal_cdf: Scale parameter is 0, but must be positive! (in '/tmp/RtmpuVlZ1z/model-2be52f8da75c.stan', line 30, column 6 to column 53)
Chain 4 If this warning occurs sporadically, such as for highly constrained variable types like covariance matrices, then the sampler is fine,
Chain 4 but if this warning occurs often then your model may be either severely ill-conditioned or misspecified.
Chain 4 
[OK] EQI0005_AAMR2006_2010 RUCC1 EQI+UN
Chain 1 Informational Message: The current Metropolis proposal is about to be rejected because of the following issue:
Chain 1 Exception: normal_cdf: Scale parameter is 0, but must be positive! (in '/tmp/RtmpuVlZ1z/model-2be52f8da75c.stan', line 30, column 6 to column 53)
Chain 1 If this warning occurs sporadically, such as for highly constrained variable types like covariance matrices, then the sampler is fine,
Chain 1 but if this warning occurs often then your model may be either severely ill-conditioned or misspecified.
Chain 1 
Chain 2 Informational Message: The current Metropolis proposal is about to be rejected because of the following issue:
Chain 2 Exception: normal_cdf: Scale parameter is 0, but must be positive! (in '/tmp/RtmpuVlZ1z/model-2be52f8da75c.stan', line 30, column 6 to column 53)
Chain 2 If this warning occurs sporadically, such as for highly constrained variable types like covariance matrices, then the sampler is fine,
Chain 2 but if this warning occurs often then your model may be either severely ill-conditioned or misspecified.
Chain 2 
Chain 4 Informational Message: The current Metropolis proposal is about to be rejected because of the following issue:
Chain 4 Exception: normal_cdf: Scale parameter is 0, but must be positive! (in '/tmp/RtmpuVlZ1z/model-2be52f8da75c.stan', line 30, column 6 to column 53)
Chain 4 If this warning occurs sporadically, such as for highly constrained variable types like covariance matrices, then the sampler is fine,
Chain 4 but if this warning occurs often then your model may be either severely ill-conditioned or misspecified.
Chain 4 
[OK] EQI0005_AAMR2006_2010 RUCC1 EQI+PD
[OK] EQI0005_AAMR2006_2010 RUCC1 EQI+DB
Chain 1 Informational Message: The current Metropolis proposal is about to be rejected because of the following issue:
Chain 1 Exception: normal_cdf: Scale parameter is 0, but must be positive! (in '/tmp/RtmpuVlZ1z/model-2be52f8da75c.stan', line 30, column 6 to column 53)
Chain 1 If this warning occurs sporadically, such as for highly constrained variable types like covariance matrices, then the sampler is fine,
Chain 1 but if this warning occurs often then your model may be either severely ill-conditioned or misspecified.
Chain 1 
Chain 3 Informational Message: The current Metropolis proposal is about to be rejected because of the following issue:
Chain 3 Exception: normal_cdf: Scale parameter is 0, but must be positive! (in '/tmp/RtmpuVlZ1z/model-2be52f8da75c.stan', line 30, column 6 to column 53)
Chain 3 If this warning occurs sporadically, such as for highly constrained variable types like covariance matrices, then the sampler is fine,
Chain 3 but if this warning occurs often then your model may be either severely ill-conditioned or misspecified.
Chain 3 
[OK] EQI0005_AAMR2006_2010 RUCC1 EQI+SM+PA
Chain 1 Informational Message: The current Metropolis proposal is about to be rejected because of the following issue:
Chain 1 Exception: normal_cdf: Scale parameter is 0, but must be positive! (in '/tmp/RtmpuVlZ1z/model-2be52f8da75c.stan', line 30, column 6 to column 53)
Chain 1 If this warning occurs sporadically, such as for highly constrained variable types like covariance matrices, then the sampler is fine,
Chain 1 but if this warning occurs often then your model may be either severely ill-conditioned or misspecified.
Chain 1 
Chain 2 Informational Message: The current Metropolis proposal is about to be rejected because of the following issue:
Chain 2 Exception: normal_cdf: Scale parameter is 0, but must be positive! (in '/tmp/RtmpuVlZ1z/model-2be52f8da75c.stan', line 30, column 6 to column 53)
Chain 2 If this warning occurs sporadically, such as for highly constrained variable types like covariance matrices, then the sampler is fine,
Chain 2 but if this warning occurs often then your model may be either severely ill-conditioned or misspecified.
Chain 2 
Chain 3 Informational Message: The current Metropolis proposal is about to be rejected because of the following issue:
Chain 3 Exception: normal_cdf: Scale parameter is 0, but must be positive! (in '/tmp/RtmpuVlZ1z/model-2be52f8da75c.stan', line 30, column 6 to column 53)
Chain 3 If this warning occurs sporadically, such as for highly constrained variable types like covariance matrices, then the sampler is fine,
Chain 3 but if this warning occurs often then your model may be either severely ill-conditioned or misspecified.
Chain 3 
Chain 4 Informational Message: The current Metropolis proposal is about to be rejected because of the following issue:
Chain 4 Exception: normal_cdf: Scale parameter is 0, but must be positive! (in '/tmp/RtmpuVlZ1z/model-2be52f8da75c.stan', line 30, column 6 to column 53)
Chain 4 If this warning occurs sporadically, such as for highly constrained variable types like covariance matrices, then the sampler is fine,
Chain 4 but if this warning occurs often then your model may be either severely ill-conditioned or misspecified.
Chain 4 
[OK] EQI0005_AAMR2006_2010 RUCC1 EQI+SM+OB
Chain 1 Informational Message: The current Metropolis proposal is about to be rejected because of the following issue:
Chain 1 Exception: normal_cdf: Scale parameter is 0, but must be positive! (in '/tmp/RtmpuVlZ1z/model-2be52f8da75c.stan', line 30, column 6 to column 53)
Chain 1 If this warning occurs sporadically, such as for highly constrained variable types like covariance matrices, then the sampler is fine,
Chain 1 but if this warning occurs often then your model may be either severely ill-conditioned or misspecified.
Chain 1 
Chain 2 Informational Message: The current Metropolis proposal is about to be rejected because of the following issue:
Chain 2 Exception: normal_cdf: Scale parameter is 0, but must be positive! (in '/tmp/RtmpuVlZ1z/model-2be52f8da75c.stan', line 30, column 6 to column 53)
Chain 2 If this warning occurs sporadically, such as for highly constrained variable types like covariance matrices, then the sampler is fine,
Chain 2 but if this warning occurs often then your model may be either severely ill-conditioned or misspecified.
Chain 2 
Chain 3 Informational Message: The current Metropolis proposal is about to be rejected because of the following issue:
Chain 3 Exception: normal_cdf: Scale parameter is 0, but must be positive! (in '/tmp/RtmpuVlZ1z/model-2be52f8da75c.stan', line 30, column 6 to column 53)
Chain 3 If this warning occurs sporadically, such as for highly constrained variable types like covariance matrices, then the sampler is fine,
Chain 3 but if this warning occurs often then your model may be either severely ill-conditioned or misspecified.
Chain 3 
Chain 4 Informational Message: The current Metropolis proposal is about to be rejected because of the following issue:
Chain 4 Exception: normal_cdf: Scale parameter is 0, but must be positive! (in '/tmp/RtmpuVlZ1z/model-2be52f8da75c.stan', line 30, column 6 to column 53)
Chain 4 If this warning occurs sporadically, such as for highly constrained variable types like covariance matrices, then the sampler is fine,
Chain 4 but if this warning occurs often then your model may be either severely ill-conditioned or misspecified.
Chain 4 
[OK] EQI0005_AAMR2006_2010 RUCC1 EQI+SM+UN
Chain 1 Informational Message: The current Metropolis proposal is about to be rejected because of the following issue:
Chain 1 Exception: normal_cdf: Scale parameter is 0, but must be positive! (in '/tmp/RtmpuVlZ1z/model-2be52f8da75c.stan', line 30, column 6 to column 53)
Chain 1 If this warning occurs sporadically, such as for highly constrained variable types like covariance matrices, then the sampler is fine,
Chain 1 but if this warning occurs often then your model may be either severely ill-conditioned or misspecified.
Chain 1 
Chain 2 Informational Message: The current Metropolis proposal is about to be rejected because of the following issue:
Chain 2 Exception: normal_cdf: Scale parameter is 0, but must be positive! (in '/tmp/RtmpuVlZ1z/model-2be52f8da75c.stan', line 30, column 6 to column 53)
Chain 2 If this warning occurs sporadically, such as for highly constrained variable types like covariance matrices, then the sampler is fine,
Chain 2 but if this warning occurs often then your model may be either severely ill-conditioned or misspecified.
Chain 2 
Chain 3 Informational Message: The current Metropolis proposal is about to be rejected because of the following issue:
Chain 3 Exception: normal_cdf: Scale parameter is 0, but must be positive! (in '/tmp/RtmpuVlZ1z/model-2be52f8da75c.stan', line 30, column 6 to column 53)
Chain 3 If this warning occurs sporadically, such as for highly constrained variable types like covariance matrices, then the sampler is fine,
Chain 3 but if this warning occurs often then your model may be either severely ill-conditioned or misspecified.
Chain 3 
Chain 4 Informational Message: The current Metropolis proposal is about to be rejected because of the following issue:
Chain 4 Exception: normal_cdf: Scale parameter is 0, but must be positive! (in '/tmp/RtmpuVlZ1z/model-2be52f8da75c.stan', line 30, column 6 to column 53)
Chain 4 If this warning occurs sporadically, such as for highly constrained variable types like covariance matrices, then the sampler is fine,
Chain 4 but if this warning occurs often then your model may be either severely ill-conditioned or misspecified.
Chain 4 
[OK] EQI0005_AAMR2006_2010 RUCC1 EQI+SM+PD
Chain 1 Informational Message: The current Metropolis proposal is about to be rejected because of the following issue:
Chain 1 Exception: normal_cdf: Scale parameter is 0, but must be positive! (in '/tmp/RtmpuVlZ1z/model-2be52f8da75c.stan', line 30, column 6 to column 53)
Chain 1 If this warning occurs sporadically, such as for highly constrained variable types like covariance matrices, then the sampler is fine,
Chain 1 but if this warning occurs often then your model may be either severely ill-conditioned or misspecified.
Chain 1 
Chain 2 Informational Message: The current Metropolis proposal is about to be rejected because of the following issue:
Chain 2 Exception: normal_cdf: Scale parameter is 0, but must be positive! (in '/tmp/RtmpuVlZ1z/model-2be52f8da75c.stan', line 30, column 6 to column 53)
Chain 2 If this warning occurs sporadically, such as for highly constrained variable types like covariance matrices, then the sampler is fine,
Chain 2 but if this warning occurs often then your model may be either severely ill-conditioned or misspecified.
Chain 2 
Chain 3 Informational Message: The current Metropolis proposal is about to be rejected because of the following issue:
Chain 3 Exception: normal_cdf: Scale parameter is 0, but must be positive! (in '/tmp/RtmpuVlZ1z/model-2be52f8da75c.stan', line 30, column 6 to column 53)
Chain 3 If this warning occurs sporadically, such as for highly constrained variable types like covariance matrices, then the sampler is fine,
Chain 3 but if this warning occurs often then your model may be either severely ill-conditioned or misspecified.
Chain 3 
Chain 4 Informational Message: The current Metropolis proposal is about to be rejected because of the following issue:
Chain 4 Exception: normal_cdf: Scale parameter is 0, but must be positive! (in '/tmp/RtmpuVlZ1z/model-2be52f8da75c.stan', line 30, column 6 to column 53)
Chain 4 If this warning occurs sporadically, such as for highly constrained variable types like covariance matrices, then the sampler is fine,
Chain 4 but if this warning occurs often then your model may be either severely ill-conditioned or misspecified.
Chain 4 
[OK] EQI0005_AAMR2006_2010 RUCC1 EQI+SM+DB
Chain 1 Informational Message: The current Metropolis proposal is about to be rejected because of the following issue:
Chain 1 Exception: normal_cdf: Scale parameter is 0, but must be positive! (in '/tmp/RtmpuVlZ1z/model-2be52f8da75c.stan', line 30, column 6 to column 53)
Chain 1 If this warning occurs sporadically, such as for highly constrained variable types like covariance matrices, then the sampler is fine,
Chain 1 but if this warning occurs often then your model may be either severely ill-conditioned or misspecified.
Chain 1 
[OK] EQI0005_AAMR2006_2010 RUCC1 EQI+PA+OB
Chain 1 Informational Message: The current Metropolis proposal is about to be rejected because of the following issue:
Chain 1 Exception: normal_cdf: Scale parameter is 0, but must be positive! (in '/tmp/RtmpuVlZ1z/model-2be52f8da75c.stan', line 30, column 6 to column 53)
Chain 1 If this warning occurs sporadically, such as for highly constrained variable types like covariance matrices, then the sampler is fine,
Chain 1 but if this warning occurs often then your model may be either severely ill-conditioned or misspecified.
Chain 1 
Chain 2 Informational Message: The current Metropolis proposal is about to be rejected because of the following issue:
Chain 2 Exception: normal_cdf: Scale parameter is 0, but must be positive! (in '/tmp/RtmpuVlZ1z/model-2be52f8da75c.stan', line 30, column 6 to column 53)
Chain 2 If this warning occurs sporadically, such as for highly constrained variable types like covariance matrices, then the sampler is fine,
Chain 2 but if this warning occurs often then your model may be either severely ill-conditioned or misspecified.
Chain 2 
Chain 3 Informational Message: The current Metropolis proposal is about to be rejected because of the following issue:
Chain 3 Exception: normal_cdf: Scale parameter is 0, but must be positive! (in '/tmp/RtmpuVlZ1z/model-2be52f8da75c.stan', line 30, column 6 to column 53)
Chain 3 If this warning occurs sporadically, such as for highly constrained variable types like covariance matrices, then the sampler is fine,
Chain 3 but if this warning occurs often then your model may be either severely ill-conditioned or misspecified.
Chain 3 
Chain 4 Informational Message: The current Metropolis proposal is about to be rejected because of the following issue:
Chain 4 Exception: normal_cdf: Scale parameter is 0, but must be positive! (in '/tmp/RtmpuVlZ1z/model-2be52f8da75c.stan', line 30, column 6 to column 53)
Chain 4 If this warning occurs sporadically, such as for highly constrained variable types like covariance matrices, then the sampler is fine,
Chain 4 but if this warning occurs often then your model may be either severely ill-conditioned or misspecified.
Chain 4 
[OK] EQI0005_AAMR2006_2010 RUCC1 EQI+PA+UN
Chain 1 Informational Message: The current Metropolis proposal is about to be rejected because of the following issue:
Chain 1 Exception: normal_cdf: Scale parameter is 0, but must be positive! (in '/tmp/RtmpuVlZ1z/model-2be52f8da75c.stan', line 30, column 6 to column 53)
Chain 1 If this warning occurs sporadically, such as for highly constrained variable types like covariance matrices, then the sampler is fine,
Chain 1 but if this warning occurs often then your model may be either severely ill-conditioned or misspecified.
Chain 1 
Chain 2 Informational Message: The current Metropolis proposal is about to be rejected because of the following issue:
Chain 2 Exception: normal_cdf: Scale parameter is 0, but must be positive! (in '/tmp/RtmpuVlZ1z/model-2be52f8da75c.stan', line 30, column 6 to column 53)
Chain 2 If this warning occurs sporadically, such as for highly constrained variable types like covariance matrices, then the sampler is fine,
Chain 2 but if this warning occurs often then your model may be either severely ill-conditioned or misspecified.
Chain 2 
Chain 3 Informational Message: The current Metropolis proposal is about to be rejected because of the following issue:
Chain 3 Exception: normal_cdf: Scale parameter is 0, but must be positive! (in '/tmp/RtmpuVlZ1z/model-2be52f8da75c.stan', line 30, column 6 to column 53)
Chain 3 If this warning occurs sporadically, such as for highly constrained variable types like covariance matrices, then the sampler is fine,
Chain 3 but if this warning occurs often then your model may be either severely ill-conditioned or misspecified.
Chain 3 
Chain 4 Informational Message: The current Metropolis proposal is about to be rejected because of the following issue:
Chain 4 Exception: normal_cdf: Scale parameter is 0, but must be positive! (in '/tmp/RtmpuVlZ1z/model-2be52f8da75c.stan', line 30, column 6 to column 53)
Chain 4 If this warning occurs sporadically, such as for highly constrained variable types like covariance matrices, then the sampler is fine,
Chain 4 but if this warning occurs often then your model may be either severely ill-conditioned or misspecified.
Chain 4 
[OK] EQI0005_AAMR2006_2010 RUCC1 EQI+PA+PD
Chain 1 Informational Message: The current Metropolis proposal is about to be rejected because of the following issue:
Chain 1 Exception: normal_cdf: Scale parameter is 0, but must be positive! (in '/tmp/RtmpuVlZ1z/model-2be52f8da75c.stan', line 30, column 6 to column 53)
Chain 1 If this warning occurs sporadically, such as for highly constrained variable types like covariance matrices, then the sampler is fine,
Chain 1 but if this warning occurs often then your model may be either severely ill-conditioned or misspecified.
Chain 1 
Chain 2 Informational Message: The current Metropolis proposal is about to be rejected because of the following issue:
Chain 2 Exception: normal_cdf: Scale parameter is 0, but must be positive! (in '/tmp/RtmpuVlZ1z/model-2be52f8da75c.stan', line 30, column 6 to column 53)
Chain 2 If this warning occurs sporadically, such as for highly constrained variable types like covariance matrices, then the sampler is fine,
Chain 2 but if this warning occurs often then your model may be either severely ill-conditioned or misspecified.
Chain 2 
Chain 3 Informational Message: The current Metropolis proposal is about to be rejected because of the following issue:
Chain 3 Exception: normal_cdf: Scale parameter is 0, but must be positive! (in '/tmp/RtmpuVlZ1z/model-2be52f8da75c.stan', line 30, column 6 to column 53)
Chain 3 If this warning occurs sporadically, such as for highly constrained variable types like covariance matrices, then the sampler is fine,
Chain 3 but if this warning occurs often then your model may be either severely ill-conditioned or misspecified.
Chain 3 
Chain 4 Informational Message: The current Metropolis proposal is about to be rejected because of the following issue:
Chain 4 Exception: normal_cdf: Scale parameter is 0, but must be positive! (in '/tmp/RtmpuVlZ1z/model-2be52f8da75c.stan', line 30, column 6 to column 53)
Chain 4 If this warning occurs sporadically, such as for highly constrained variable types like covariance matrices, then the sampler is fine,
Chain 4 but if this warning occurs often then your model may be either severely ill-conditioned or misspecified.
Chain 4 
[OK] EQI0005_AAMR2006_2010 RUCC1 EQI+PA+DB
Chain 1 Informational Message: The current Metropolis proposal is about to be rejected because of the following issue:
Chain 1 Exception: normal_cdf: Scale parameter is 0, but must be positive! (in '/tmp/RtmpuVlZ1z/model-2be52f8da75c.stan', line 30, column 6 to column 53)
Chain 1 If this warning occurs sporadically, such as for highly constrained variable types like covariance matrices, then the sampler is fine,
Chain 1 but if this warning occurs often then your model may be either severely ill-conditioned or misspecified.
Chain 1 
Chain 3 Informational Message: The current Metropolis proposal is about to be rejected because of the following issue:
Chain 3 Exception: normal_cdf: Scale parameter is 0, but must be positive! (in '/tmp/RtmpuVlZ1z/model-2be52f8da75c.stan', line 30, column 6 to column 53)
Chain 3 If this warning occurs sporadically, such as for highly constrained variable types like covariance matrices, then the sampler is fine,
Chain 3 but if this warning occurs often then your model may be either severely ill-conditioned or misspecified.
Chain 3 
Chain 4 Informational Message: The current Metropolis proposal is about to be rejected because of the following issue:
Chain 4 Exception: normal_cdf: Scale parameter is 0, but must be positive! (in '/tmp/RtmpuVlZ1z/model-2be52f8da75c.stan', line 30, column 6 to column 53)
Chain 4 If this warning occurs sporadically, such as for highly constrained variable types like covariance matrices, then the sampler is fine,
Chain 4 but if this warning occurs often then your model may be either severely ill-conditioned or misspecified.
Chain 4 
[OK] EQI0005_AAMR2006_2010 RUCC1 EQI+OB+UN
Chain 1 Informational Message: The current Metropolis proposal is about to be rejected because of the following issue:
Chain 1 Exception: normal_cdf: Scale parameter is 0, but must be positive! (in '/tmp/RtmpuVlZ1z/model-2be52f8da75c.stan', line 30, column 6 to column 53)
Chain 1 If this warning occurs sporadically, such as for highly constrained variable types like covariance matrices, then the sampler is fine,
Chain 1 but if this warning occurs often then your model may be either severely ill-conditioned or misspecified.
Chain 1 
Chain 2 Informational Message: The current Metropolis proposal is about to be rejected because of the following issue:
Chain 2 Exception: normal_cdf: Scale parameter is 0, but must be positive! (in '/tmp/RtmpuVlZ1z/model-2be52f8da75c.stan', line 30, column 6 to column 53)
Chain 2 If this warning occurs sporadically, such as for highly constrained variable types like covariance matrices, then the sampler is fine,
Chain 2 but if this warning occurs often then your model may be either severely ill-conditioned or misspecified.
Chain 2 
Chain 3 Informational Message: The current Metropolis proposal is about to be rejected because of the following issue:
Chain 3 Exception: normal_cdf: Scale parameter is 0, but must be positive! (in '/tmp/RtmpuVlZ1z/model-2be52f8da75c.stan', line 30, column 6 to column 53)
Chain 3 If this warning occurs sporadically, such as for highly constrained variable types like covariance matrices, then the sampler is fine,
Chain 3 but if this warning occurs often then your model may be either severely ill-conditioned or misspecified.
Chain 3 
Chain 4 Informational Message: The current Metropolis proposal is about to be rejected because of the following issue:
Chain 4 Exception: normal_cdf: Scale parameter is 0, but must be positive! (in '/tmp/RtmpuVlZ1z/model-2be52f8da75c.stan', line 30, column 6 to column 53)
Chain 4 If this warning occurs sporadically, such as for highly constrained variable types like covariance matrices, then the sampler is fine,
Chain 4 but if this warning occurs often then your model may be either severely ill-conditioned or misspecified.
Chain 4 
[OK] EQI0005_AAMR2006_2010 RUCC1 EQI+OB+PD
Chain 1 Informational Message: The current Metropolis proposal is about to be rejected because of the following issue:
Chain 1 Exception: normal_cdf: Scale parameter is 0, but must be positive! (in '/tmp/RtmpuVlZ1z/model-2be52f8da75c.stan', line 30, column 6 to column 53)
Chain 1 If this warning occurs sporadically, such as for highly constrained variable types like covariance matrices, then the sampler is fine,
Chain 1 but if this warning occurs often then your model may be either severely ill-conditioned or misspecified.
Chain 1 
Chain 2 Informational Message: The current Metropolis proposal is about to be rejected because of the following issue:
Chain 2 Exception: normal_cdf: Scale parameter is 0, but must be positive! (in '/tmp/RtmpuVlZ1z/model-2be52f8da75c.stan', line 30, column 6 to column 53)
Chain 2 If this warning occurs sporadically, such as for highly constrained variable types like covariance matrices, then the sampler is fine,
Chain 2 but if this warning occurs often then your model may be either severely ill-conditioned or misspecified.
Chain 2 
Chain 3 Informational Message: The current Metropolis proposal is about to be rejected because of the following issue:
Chain 3 Exception: normal_cdf: Scale parameter is 0, but must be positive! (in '/tmp/RtmpuVlZ1z/model-2be52f8da75c.stan', line 30, column 6 to column 53)
Chain 3 If this warning occurs sporadically, such as for highly constrained variable types like covariance matrices, then the sampler is fine,
Chain 3 but if this warning occurs often then your model may be either severely ill-conditioned or misspecified.
Chain 3 
Chain 4 Informational Message: The current Metropolis proposal is about to be rejected because of the following issue:
Chain 4 Exception: normal_cdf: Scale parameter is 0, but must be positive! (in '/tmp/RtmpuVlZ1z/model-2be52f8da75c.stan', line 30, column 6 to column 53)
Chain 4 If this warning occurs sporadically, such as for highly constrained variable types like covariance matrices, then the sampler is fine,
Chain 4 but if this warning occurs often then your model may be either severely ill-conditioned or misspecified.
Chain 4 
[OK] EQI0005_AAMR2006_2010 RUCC1 EQI+OB+DB
Chain 1 Informational Message: The current Metropolis proposal is about to be rejected because of the following issue:
Chain 1 Exception: normal_cdf: Scale parameter is 0, but must be positive! (in '/tmp/RtmpuVlZ1z/model-2be52f8da75c.stan', line 30, column 6 to column 53)
Chain 1 If this warning occurs sporadically, such as for highly constrained variable types like covariance matrices, then the sampler is fine,
Chain 1 but if this warning occurs often then your model may be either severely ill-conditioned or misspecified.
Chain 1 
Chain 2 Informational Message: The current Metropolis proposal is about to be rejected because of the following issue:
Chain 2 Exception: normal_cdf: Scale parameter is 0, but must be positive! (in '/tmp/RtmpuVlZ1z/model-2be52f8da75c.stan', line 30, column 6 to column 53)
Chain 2 If this warning occurs sporadically, such as for highly constrained variable types like covariance matrices, then the sampler is fine,
Chain 2 but if this warning occurs often then your model may be either severely ill-conditioned or misspecified.
Chain 2 
Chain 3 Informational Message: The current Metropolis proposal is about to be rejected because of the following issue:
Chain 3 Exception: normal_cdf: Scale parameter is 0, but must be positive! (in '/tmp/RtmpuVlZ1z/model-2be52f8da75c.stan', line 30, column 6 to column 53)
Chain 3 If this warning occurs sporadically, such as for highly constrained variable types like covariance matrices, then the sampler is fine,
Chain 3 but if this warning occurs often then your model may be either severely ill-conditioned or misspecified.
Chain 3 
Chain 4 Informational Message: The current Metropolis proposal is about to be rejected because of the following issue:
Chain 4 Exception: normal_cdf: Scale parameter is 0, but must be positive! (in '/tmp/RtmpuVlZ1z/model-2be52f8da75c.stan', line 30, column 6 to column 53)
Chain 4 If this warning occurs sporadically, such as for highly constrained variable types like covariance matrices, then the sampler is fine,
Chain 4 but if this warning occurs often then your model may be either severely ill-conditioned or misspecified.
Chain 4 
[OK] EQI0005_AAMR2006_2010 RUCC1 EQI+UN+PD
Chain 3 Informational Message: The current Metropolis proposal is about to be rejected because of the following issue:
Chain 3 Exception: normal_cdf: Scale parameter is 0, but must be positive! (in '/tmp/RtmpuVlZ1z/model-2be52f8da75c.stan', line 30, column 6 to column 53)
Chain 3 If this warning occurs sporadically, such as for highly constrained variable types like covariance matrices, then the sampler is fine,
Chain 3 but if this warning occurs often then your model may be either severely ill-conditioned or misspecified.
Chain 3 
Chain 4 Informational Message: The current Metropolis proposal is about to be rejected because of the following issue:
Chain 4 Exception: normal_cdf: Scale parameter is 0, but must be positive! (in '/tmp/RtmpuVlZ1z/model-2be52f8da75c.stan', line 30, column 6 to column 53)
Chain 4 If this warning occurs sporadically, such as for highly constrained variable types like covariance matrices, then the sampler is fine,
Chain 4 but if this warning occurs often then your model may be either severely ill-conditioned or misspecified.
Chain 4 
[OK] EQI0005_AAMR2006_2010 RUCC1 EQI+UN+DB
Chain 1 Informational Message: The current Metropolis proposal is about to be rejected because of the following issue:
Chain 1 Exception: normal_cdf: Scale parameter is 0, but must be positive! (in '/tmp/RtmpuVlZ1z/model-2be52f8da75c.stan', line 30, column 6 to column 53)
Chain 1 If this warning occurs sporadically, such as for highly constrained variable types like covariance matrices, then the sampler is fine,
Chain 1 but if this warning occurs often then your model may be either severely ill-conditioned or misspecified.
Chain 1 
Chain 2 Informational Message: The current Metropolis proposal is about to be rejected because of the following issue:
Chain 2 Exception: normal_cdf: Scale parameter is 0, but must be positive! (in '/tmp/RtmpuVlZ1z/model-2be52f8da75c.stan', line 30, column 6 to column 53)
Chain 2 If this warning occurs sporadically, such as for highly constrained variable types like covariance matrices, then the sampler is fine,
Chain 2 but if this warning occurs often then your model may be either severely ill-conditioned or misspecified.
Chain 2 
Chain 3 Informational Message: The current Metropolis proposal is about to be rejected because of the following issue:
Chain 3 Exception: normal_cdf: Scale parameter is 0, but must be positive! (in '/tmp/RtmpuVlZ1z/model-2be52f8da75c.stan', line 30, column 6 to column 53)
Chain 3 If this warning occurs sporadically, such as for highly constrained variable types like covariance matrices, then the sampler is fine,
Chain 3 but if this warning occurs often then your model may be either severely ill-conditioned or misspecified.
Chain 3 
Chain 4 Informational Message: The current Metropolis proposal is about to be rejected because of the following issue:
Chain 4 Exception: normal_cdf: Scale parameter is 0, but must be positive! (in '/tmp/RtmpuVlZ1z/model-2be52f8da75c.stan', line 30, column 6 to column 53)
Chain 4 If this warning occurs sporadically, such as for highly constrained variable types like covariance matrices, then the sampler is fine,
Chain 4 but if this warning occurs often then your model may be either severely ill-conditioned or misspecified.
Chain 4 
[OK] EQI0005_AAMR2006_2010 RUCC1 EQI+PD+DB
Chain 1 Informational Message: The current Metropolis proposal is about to be rejected because of the following issue:
Chain 1 Exception: normal_cdf: Scale parameter is 0, but must be positive! (in '/tmp/RtmpuVlZ1z/model-2be52f8da75c.stan', line 30, column 6 to column 53)
Chain 1 If this warning occurs sporadically, such as for highly constrained variable types like covariance matrices, then the sampler is fine,
Chain 1 but if this warning occurs often then your model may be either severely ill-conditioned or misspecified.
Chain 1 
Chain 2 Informational Message: The current Metropolis proposal is about to be rejected because of the following issue:
Chain 2 Exception: normal_cdf: Scale parameter is 0, but must be positive! (in '/tmp/RtmpuVlZ1z/model-2be52f8da75c.stan', line 30, column 6 to column 53)
Chain 2 If this warning occurs sporadically, such as for highly constrained variable types like covariance matrices, then the sampler is fine,
Chain 2 but if this warning occurs often then your model may be either severely ill-conditioned or misspecified.
Chain 2 
Chain 3 Informational Message: The current Metropolis proposal is about to be rejected because of the following issue:
Chain 3 Exception: normal_cdf: Scale parameter is 0, but must be positive! (in '/tmp/RtmpuVlZ1z/model-2be52f8da75c.stan', line 30, column 6 to column 53)
Chain 3 If this warning occurs sporadically, such as for highly constrained variable types like covariance matrices, then the sampler is fine,
Chain 3 but if this warning occurs often then your model may be either severely ill-conditioned or misspecified.
Chain 3 
Chain 4 Informational Message: The current Metropolis proposal is about to be rejected because of the following issue:
Chain 4 Exception: normal_cdf: Scale parameter is 0, but must be positive! (in '/tmp/RtmpuVlZ1z/model-2be52f8da75c.stan', line 30, column 6 to column 53)
Chain 4 If this warning occurs sporadically, such as for highly constrained variable types like covariance matrices, then the sampler is fine,
Chain 4 but if this warning occurs often then your model may be either severely ill-conditioned or misspecified.
Chain 4 
[OK] EQI0005_AAMR2006_2010 RUCC1 EQI+SM+PA+OB
Chain 1 Informational Message: The current Metropolis proposal is about to be rejected because of the following issue:
Chain 1 Exception: normal_cdf: Scale parameter is 0, but must be positive! (in '/tmp/RtmpuVlZ1z/model-2be52f8da75c.stan', line 30, column 6 to column 53)
Chain 1 If this warning occurs sporadically, such as for highly constrained variable types like covariance matrices, then the sampler is fine,
Chain 1 but if this warning occurs often then your model may be either severely ill-conditioned or misspecified.
Chain 1 
Chain 1 Informational Message: The current Metropolis proposal is about to be rejected because of the following issue:
Chain 1 Exception: normal_cdf: Scale parameter is 0, but must be positive! (in '/tmp/RtmpuVlZ1z/model-2be52f8da75c.stan', line 30, column 6 to column 53)
Chain 1 If this warning occurs sporadically, such as for highly constrained variable types like covariance matrices, then the sampler is fine,
Chain 1 but if this warning occurs often then your model may be either severely ill-conditioned or misspecified.
Chain 1 
Chain 2 Informational Message: The current Metropolis proposal is about to be rejected because of the following issue:
Chain 2 Exception: normal_cdf: Scale parameter is 0, but must be positive! (in '/tmp/RtmpuVlZ1z/model-2be52f8da75c.stan', line 30, column 6 to column 53)
Chain 2 If this warning occurs sporadically, such as for highly constrained variable types like covariance matrices, then the sampler is fine,
Chain 2 but if this warning occurs often then your model may be either severely ill-conditioned or misspecified.
Chain 2 
Chain 4 Informational Message: The current Metropolis proposal is about to be rejected because of the following issue:
Chain 4 Exception: normal_cdf: Scale parameter is 0, but must be positive! (in '/tmp/RtmpuVlZ1z/model-2be52f8da75c.stan', line 30, column 6 to column 53)
Chain 4 If this warning occurs sporadically, such as for highly constrained variable types like covariance matrices, then the sampler is fine,
Chain 4 but if this warning occurs often then your model may be either severely ill-conditioned or misspecified.
Chain 4 
[OK] EQI0005_AAMR2006_2010 RUCC1 EQI+SM+PA+UN
Chain 1 Informational Message: The current Metropolis proposal is about to be rejected because of the following issue:
Chain 1 Exception: normal_cdf: Scale parameter is 0, but must be positive! (in '/tmp/RtmpuVlZ1z/model-2be52f8da75c.stan', line 30, column 6 to column 53)
Chain 1 If this warning occurs sporadically, such as for highly constrained variable types like covariance matrices, then the sampler is fine,
Chain 1 but if this warning occurs often then your model may be either severely ill-conditioned or misspecified.
Chain 1 
Chain 2 Informational Message: The current Metropolis proposal is about to be rejected because of the following issue:
Chain 2 Exception: normal_cdf: Scale parameter is 0, but must be positive! (in '/tmp/RtmpuVlZ1z/model-2be52f8da75c.stan', line 30, column 6 to column 53)
Chain 2 If this warning occurs sporadically, such as for highly constrained variable types like covariance matrices, then the sampler is fine,
Chain 2 but if this warning occurs often then your model may be either severely ill-conditioned or misspecified.
Chain 2 
Chain 3 Informational Message: The current Metropolis proposal is about to be rejected because of the following issue:
Chain 3 Exception: normal_cdf: Scale parameter is 0, but must be positive! (in '/tmp/RtmpuVlZ1z/model-2be52f8da75c.stan', line 30, column 6 to column 53)
Chain 3 If this warning occurs sporadically, such as for highly constrained variable types like covariance matrices, then the sampler is fine,
Chain 3 but if this warning occurs often then your model may be either severely ill-conditioned or misspecified.
Chain 3 
Chain 4 Informational Message: The current Metropolis proposal is about to be rejected because of the following issue:
Chain 4 Exception: normal_cdf: Scale parameter is 0, but must be positive! (in '/tmp/RtmpuVlZ1z/model-2be52f8da75c.stan', line 30, column 6 to column 53)
Chain 4 If this warning occurs sporadically, such as for highly constrained variable types like covariance matrices, then the sampler is fine,
Chain 4 but if this warning occurs often then your model may be either severely ill-conditioned or misspecified.
Chain 4 
[OK] EQI0005_AAMR2006_2010 RUCC1 EQI+SM+PA+PD
Chain 1 Informational Message: The current Metropolis proposal is about to be rejected because of the following issue:
Chain 1 Exception: normal_cdf: Scale parameter is 0, but must be positive! (in '/tmp/RtmpuVlZ1z/model-2be52f8da75c.stan', line 30, column 6 to column 53)
Chain 1 If this warning occurs sporadically, such as for highly constrained variable types like covariance matrices, then the sampler is fine,
Chain 1 but if this warning occurs often then your model may be either severely ill-conditioned or misspecified.
Chain 1 
Chain 2 Informational Message: The current Metropolis proposal is about to be rejected because of the following issue:
Chain 2 Exception: normal_cdf: Scale parameter is 0, but must be positive! (in '/tmp/RtmpuVlZ1z/model-2be52f8da75c.stan', line 30, column 6 to column 53)
Chain 2 If this warning occurs sporadically, such as for highly constrained variable types like covariance matrices, then the sampler is fine,
Chain 2 but if this warning occurs often then your model may be either severely ill-conditioned or misspecified.
Chain 2 
Chain 4 Informational Message: The current Metropolis proposal is about to be rejected because of the following issue:
Chain 4 Exception: normal_cdf: Scale parameter is 0, but must be positive! (in '/tmp/RtmpuVlZ1z/model-2be52f8da75c.stan', line 30, column 6 to column 53)
Chain 4 If this warning occurs sporadically, such as for highly constrained variable types like covariance matrices, then the sampler is fine,
Chain 4 but if this warning occurs often then your model may be either severely ill-conditioned or misspecified.
Chain 4 
[OK] EQI0005_AAMR2006_2010 RUCC1 EQI+SM+PA+DB
Chain 1 Informational Message: The current Metropolis proposal is about to be rejected because of the following issue:
Chain 1 Exception: normal_cdf: Scale parameter is 0, but must be positive! (in '/tmp/RtmpuVlZ1z/model-2be52f8da75c.stan', line 30, column 6 to column 53)
Chain 1 If this warning occurs sporadically, such as for highly constrained variable types like covariance matrices, then the sampler is fine,
Chain 1 but if this warning occurs often then your model may be either severely ill-conditioned or misspecified.
Chain 1 
Chain 2 Informational Message: The current Metropolis proposal is about to be rejected because of the following issue:
Chain 2 Exception: normal_cdf: Scale parameter is 0, but must be positive! (in '/tmp/RtmpuVlZ1z/model-2be52f8da75c.stan', line 30, column 6 to column 53)
Chain 2 If this warning occurs sporadically, such as for highly constrained variable types like covariance matrices, then the sampler is fine,
Chain 2 but if this warning occurs often then your model may be either severely ill-conditioned or misspecified.
Chain 2 
Chain 3 Informational Message: The current Metropolis proposal is about to be rejected because of the following issue:
Chain 3 Exception: normal_cdf: Scale parameter is 0, but must be positive! (in '/tmp/RtmpuVlZ1z/model-2be52f8da75c.stan', line 30, column 6 to column 53)
Chain 3 If this warning occurs sporadically, such as for highly constrained variable types like covariance matrices, then the sampler is fine,
Chain 3 but if this warning occurs often then your model may be either severely ill-conditioned or misspecified.
Chain 3 
Chain 4 Informational Message: The current Metropolis proposal is about to be rejected because of the following issue:
Chain 4 Exception: normal_cdf: Scale parameter is 0, but must be positive! (in '/tmp/RtmpuVlZ1z/model-2be52f8da75c.stan', line 30, column 6 to column 53)
Chain 4 If this warning occurs sporadically, such as for highly constrained variable types like covariance matrices, then the sampler is fine,
Chain 4 but if this warning occurs often then your model may be either severely ill-conditioned or misspecified.
Chain 4 
[OK] EQI0005_AAMR2006_2010 RUCC1 EQI+SM+OB+UN
Chain 1 Informational Message: The current Metropolis proposal is about to be rejected because of the following issue:
Chain 1 Exception: normal_cdf: Scale parameter is 0, but must be positive! (in '/tmp/RtmpuVlZ1z/model-2be52f8da75c.stan', line 30, column 6 to column 53)
Chain 1 If this warning occurs sporadically, such as for highly constrained variable types like covariance matrices, then the sampler is fine,
Chain 1 but if this warning occurs often then your model may be either severely ill-conditioned or misspecified.
Chain 1 
Chain 2 Informational Message: The current Metropolis proposal is about to be rejected because of the following issue:
Chain 2 Exception: normal_cdf: Scale parameter is 0, but must be positive! (in '/tmp/RtmpuVlZ1z/model-2be52f8da75c.stan', line 30, column 6 to column 53)
Chain 2 If this warning occurs sporadically, such as for highly constrained variable types like covariance matrices, then the sampler is fine,
Chain 2 but if this warning occurs often then your model may be either severely ill-conditioned or misspecified.
Chain 2 
Chain 3 Informational Message: The current Metropolis proposal is about to be rejected because of the following issue:
Chain 3 Exception: normal_cdf: Scale parameter is 0, but must be positive! (in '/tmp/RtmpuVlZ1z/model-2be52f8da75c.stan', line 30, column 6 to column 53)
Chain 3 If this warning occurs sporadically, such as for highly constrained variable types like covariance matrices, then the sampler is fine,
Chain 3 but if this warning occurs often then your model may be either severely ill-conditioned or misspecified.
Chain 3 
Chain 4 Informational Message: The current Metropolis proposal is about to be rejected because of the following issue:
Chain 4 Exception: normal_cdf: Scale parameter is 0, but must be positive! (in '/tmp/RtmpuVlZ1z/model-2be52f8da75c.stan', line 30, column 6 to column 53)
Chain 4 If this warning occurs sporadically, such as for highly constrained variable types like covariance matrices, then the sampler is fine,
Chain 4 but if this warning occurs often then your model may be either severely ill-conditioned or misspecified.
Chain 4 
[OK] EQI0005_AAMR2006_2010 RUCC1 EQI+SM+OB+PD
Chain 1 Informational Message: The current Metropolis proposal is about to be rejected because of the following issue:
Chain 1 Exception: normal_cdf: Scale parameter is 0, but must be positive! (in '/tmp/RtmpuVlZ1z/model-2be52f8da75c.stan', line 30, column 6 to column 53)
Chain 1 If this warning occurs sporadically, such as for highly constrained variable types like covariance matrices, then the sampler is fine,
Chain 1 but if this warning occurs often then your model may be either severely ill-conditioned or misspecified.
Chain 1 
Chain 2 Informational Message: The current Metropolis proposal is about to be rejected because of the following issue:
Chain 2 Exception: normal_cdf: Scale parameter is 0, but must be positive! (in '/tmp/RtmpuVlZ1z/model-2be52f8da75c.stan', line 30, column 6 to column 53)
Chain 2 If this warning occurs sporadically, such as for highly constrained variable types like covariance matrices, then the sampler is fine,
Chain 2 but if this warning occurs often then your model may be either severely ill-conditioned or misspecified.
Chain 2 
Chain 3 Informational Message: The current Metropolis proposal is about to be rejected because of the following issue:
Chain 3 Exception: normal_cdf: Scale parameter is 0, but must be positive! (in '/tmp/RtmpuVlZ1z/model-2be52f8da75c.stan', line 30, column 6 to column 53)
Chain 3 If this warning occurs sporadically, such as for highly constrained variable types like covariance matrices, then the sampler is fine,
Chain 3 but if this warning occurs often then your model may be either severely ill-conditioned or misspecified.
Chain 3 
Chain 4 Informational Message: The current Metropolis proposal is about to be rejected because of the following issue:
Chain 4 Exception: normal_cdf: Scale parameter is 0, but must be positive! (in '/tmp/RtmpuVlZ1z/model-2be52f8da75c.stan', line 30, column 6 to column 53)
Chain 4 If this warning occurs sporadically, such as for highly constrained variable types like covariance matrices, then the sampler is fine,
Chain 4 but if this warning occurs often then your model may be either severely ill-conditioned or misspecified.
Chain 4 
[OK] EQI0005_AAMR2006_2010 RUCC1 EQI+SM+OB+DB
Chain 1 Informational Message: The current Metropolis proposal is about to be rejected because of the following issue:
Chain 1 Exception: normal_cdf: Scale parameter is 0, but must be positive! (in '/tmp/RtmpuVlZ1z/model-2be52f8da75c.stan', line 30, column 6 to column 53)
Chain 1 If this warning occurs sporadically, such as for highly constrained variable types like covariance matrices, then the sampler is fine,
Chain 1 but if this warning occurs often then your model may be either severely ill-conditioned or misspecified.
Chain 1 
Chain 2 Informational Message: The current Metropolis proposal is about to be rejected because of the following issue:
Chain 2 Exception: normal_cdf: Scale parameter is 0, but must be positive! (in '/tmp/RtmpuVlZ1z/model-2be52f8da75c.stan', line 30, column 6 to column 53)
Chain 2 If this warning occurs sporadically, such as for highly constrained variable types like covariance matrices, then the sampler is fine,
Chain 2 but if this warning occurs often then your model may be either severely ill-conditioned or misspecified.
Chain 2 
Chain 3 Informational Message: The current Metropolis proposal is about to be rejected because of the following issue:
Chain 3 Exception: normal_cdf: Scale parameter is 0, but must be positive! (in '/tmp/RtmpuVlZ1z/model-2be52f8da75c.stan', line 30, column 6 to column 53)
Chain 3 If this warning occurs sporadically, such as for highly constrained variable types like covariance matrices, then the sampler is fine,
Chain 3 but if this warning occurs often then your model may be either severely ill-conditioned or misspecified.
Chain 3 
Chain 4 Informational Message: The current Metropolis proposal is about to be rejected because of the following issue:
Chain 4 Exception: normal_cdf: Scale parameter is 0, but must be positive! (in '/tmp/RtmpuVlZ1z/model-2be52f8da75c.stan', line 30, column 6 to column 53)
Chain 4 If this warning occurs sporadically, such as for highly constrained variable types like covariance matrices, then the sampler is fine,
Chain 4 but if this warning occurs often then your model may be either severely ill-conditioned or misspecified.
Chain 4 
[OK] EQI0005_AAMR2006_2010 RUCC1 EQI+SM+UN+PD
Chain 1 Informational Message: The current Metropolis proposal is about to be rejected because of the following issue:
Chain 1 Exception: normal_cdf: Scale parameter is 0, but must be positive! (in '/tmp/RtmpuVlZ1z/model-2be52f8da75c.stan', line 30, column 6 to column 53)
Chain 1 If this warning occurs sporadically, such as for highly constrained variable types like covariance matrices, then the sampler is fine,
Chain 1 but if this warning occurs often then your model may be either severely ill-conditioned or misspecified.
Chain 1 
Chain 2 Informational Message: The current Metropolis proposal is about to be rejected because of the following issue:
Chain 2 Exception: normal_cdf: Scale parameter is 0, but must be positive! (in '/tmp/RtmpuVlZ1z/model-2be52f8da75c.stan', line 30, column 6 to column 53)
Chain 2 If this warning occurs sporadically, such as for highly constrained variable types like covariance matrices, then the sampler is fine,
Chain 2 but if this warning occurs often then your model may be either severely ill-conditioned or misspecified.
Chain 2 
Chain 3 Informational Message: The current Metropolis proposal is about to be rejected because of the following issue:
Chain 3 Exception: normal_cdf: Scale parameter is 0, but must be positive! (in '/tmp/RtmpuVlZ1z/model-2be52f8da75c.stan', line 30, column 6 to column 53)
Chain 3 If this warning occurs sporadically, such as for highly constrained variable types like covariance matrices, then the sampler is fine,
Chain 3 but if this warning occurs often then your model may be either severely ill-conditioned or misspecified.
Chain 3 
Chain 4 Informational Message: The current Metropolis proposal is about to be rejected because of the following issue:
Chain 4 Exception: normal_cdf: Scale parameter is 0, but must be positive! (in '/tmp/RtmpuVlZ1z/model-2be52f8da75c.stan', line 30, column 6 to column 53)
Chain 4 If this warning occurs sporadically, such as for highly constrained variable types like covariance matrices, then the sampler is fine,
Chain 4 but if this warning occurs often then your model may be either severely ill-conditioned or misspecified.
Chain 4 
[OK] EQI0005_AAMR2006_2010 RUCC1 EQI+SM+UN+DB
Chain 1 Informational Message: The current Metropolis proposal is about to be rejected because of the following issue:
Chain 1 Exception: normal_cdf: Scale parameter is 0, but must be positive! (in '/tmp/RtmpuVlZ1z/model-2be52f8da75c.stan', line 30, column 6 to column 53)
Chain 1 If this warning occurs sporadically, such as for highly constrained variable types like covariance matrices, then the sampler is fine,
Chain 1 but if this warning occurs often then your model may be either severely ill-conditioned or misspecified.
Chain 1 
Chain 2 Informational Message: The current Metropolis proposal is about to be rejected because of the following issue:
Chain 2 Exception: normal_cdf: Scale parameter is 0, but must be positive! (in '/tmp/RtmpuVlZ1z/model-2be52f8da75c.stan', line 30, column 6 to column 53)
Chain 2 If this warning occurs sporadically, such as for highly constrained variable types like covariance matrices, then the sampler is fine,
Chain 2 but if this warning occurs often then your model may be either severely ill-conditioned or misspecified.
Chain 2 
Chain 3 Informational Message: The current Metropolis proposal is about to be rejected because of the following issue:
Chain 3 Exception: normal_cdf: Scale parameter is 0, but must be positive! (in '/tmp/RtmpuVlZ1z/model-2be52f8da75c.stan', line 30, column 6 to column 53)
Chain 3 If this warning occurs sporadically, such as for highly constrained variable types like covariance matrices, then the sampler is fine,
Chain 3 but if this warning occurs often then your model may be either severely ill-conditioned or misspecified.
Chain 3 
Chain 4 Informational Message: The current Metropolis proposal is about to be rejected because of the following issue:
Chain 4 Exception: normal_cdf: Scale parameter is 0, but must be positive! (in '/tmp/RtmpuVlZ1z/model-2be52f8da75c.stan', line 30, column 6 to column 53)
Chain 4 If this warning occurs sporadically, such as for highly constrained variable types like covariance matrices, then the sampler is fine,
Chain 4 but if this warning occurs often then your model may be either severely ill-conditioned or misspecified.
Chain 4 
[OK] EQI0005_AAMR2006_2010 RUCC1 EQI+SM+PD+DB
Chain 1 Informational Message: The current Metropolis proposal is about to be rejected because of the following issue:
Chain 1 Exception: normal_cdf: Scale parameter is 0, but must be positive! (in '/tmp/RtmpuVlZ1z/model-2be52f8da75c.stan', line 30, column 6 to column 53)
Chain 1 If this warning occurs sporadically, such as for highly constrained variable types like covariance matrices, then the sampler is fine,
Chain 1 but if this warning occurs often then your model may be either severely ill-conditioned or misspecified.
Chain 1 
Chain 2 Informational Message: The current Metropolis proposal is about to be rejected because of the following issue:
Chain 2 Exception: normal_cdf: Scale parameter is 0, but must be positive! (in '/tmp/RtmpuVlZ1z/model-2be52f8da75c.stan', line 30, column 6 to column 53)
Chain 2 If this warning occurs sporadically, such as for highly constrained variable types like covariance matrices, then the sampler is fine,
Chain 2 but if this warning occurs often then your model may be either severely ill-conditioned or misspecified.
Chain 2 
Chain 3 Informational Message: The current Metropolis proposal is about to be rejected because of the following issue:
Chain 3 Exception: normal_cdf: Scale parameter is 0, but must be positive! (in '/tmp/RtmpuVlZ1z/model-2be52f8da75c.stan', line 30, column 6 to column 53)
Chain 3 If this warning occurs sporadically, such as for highly constrained variable types like covariance matrices, then the sampler is fine,
Chain 3 but if this warning occurs often then your model may be either severely ill-conditioned or misspecified.
Chain 3 
Chain 4 Informational Message: The current Metropolis proposal is about to be rejected because of the following issue:
Chain 4 Exception: normal_cdf: Scale parameter is 0, but must be positive! (in '/tmp/RtmpuVlZ1z/model-2be52f8da75c.stan', line 30, column 6 to column 53)
Chain 4 If this warning occurs sporadically, such as for highly constrained variable types like covariance matrices, then the sampler is fine,
Chain 4 but if this warning occurs often then your model may be either severely ill-conditioned or misspecified.
Chain 4 
Chain 4 Informational Message: The current Metropolis proposal is about to be rejected because of the following issue:
Chain 4 Exception: normal_cdf: Scale parameter is 0, but must be positive! (in '/tmp/RtmpuVlZ1z/model-2be52f8da75c.stan', line 30, column 6 to column 53)
Chain 4 If this warning occurs sporadically, such as for highly constrained variable types like covariance matrices, then the sampler is fine,
Chain 4 but if this warning occurs often then your model may be either severely ill-conditioned or misspecified.
Chain 4 
[OK] EQI0005_AAMR2006_2010 RUCC1 EQI+PA+OB+UN
Chain 1 Informational Message: The current Metropolis proposal is about to be rejected because of the following issue:
Chain 1 Exception: normal_cdf: Scale parameter is 0, but must be positive! (in '/tmp/RtmpuVlZ1z/model-2be52f8da75c.stan', line 30, column 6 to column 53)
Chain 1 If this warning occurs sporadically, such as for highly constrained variable types like covariance matrices, then the sampler is fine,
Chain 1 but if this warning occurs often then your model may be either severely ill-conditioned or misspecified.
Chain 1 
Chain 2 Informational Message: The current Metropolis proposal is about to be rejected because of the following issue:
Chain 2 Exception: normal_cdf: Scale parameter is 0, but must be positive! (in '/tmp/RtmpuVlZ1z/model-2be52f8da75c.stan', line 30, column 6 to column 53)
Chain 2 If this warning occurs sporadically, such as for highly constrained variable types like covariance matrices, then the sampler is fine,
Chain 2 but if this warning occurs often then your model may be either severely ill-conditioned or misspecified.
Chain 2 
Chain 3 Informational Message: The current Metropolis proposal is about to be rejected because of the following issue:
Chain 3 Exception: normal_cdf: Scale parameter is 0, but must be positive! (in '/tmp/RtmpuVlZ1z/model-2be52f8da75c.stan', line 30, column 6 to column 53)
Chain 3 If this warning occurs sporadically, such as for highly constrained variable types like covariance matrices, then the sampler is fine,
Chain 3 but if this warning occurs often then your model may be either severely ill-conditioned or misspecified.
Chain 3 
Chain 4 Informational Message: The current Metropolis proposal is about to be rejected because of the following issue:
Chain 4 Exception: normal_cdf: Scale parameter is 0, but must be positive! (in '/tmp/RtmpuVlZ1z/model-2be52f8da75c.stan', line 30, column 6 to column 53)
Chain 4 If this warning occurs sporadically, such as for highly constrained variable types like covariance matrices, then the sampler is fine,
Chain 4 but if this warning occurs often then your model may be either severely ill-conditioned or misspecified.
Chain 4 
[OK] EQI0005_AAMR2006_2010 RUCC1 EQI+PA+OB+PD
Chain 1 Informational Message: The current Metropolis proposal is about to be rejected because of the following issue:
Chain 1 Exception: normal_cdf: Scale parameter is 0, but must be positive! (in '/tmp/RtmpuVlZ1z/model-2be52f8da75c.stan', line 30, column 6 to column 53)
Chain 1 If this warning occurs sporadically, such as for highly constrained variable types like covariance matrices, then the sampler is fine,
Chain 1 but if this warning occurs often then your model may be either severely ill-conditioned or misspecified.
Chain 1 
Chain 1 Informational Message: The current Metropolis proposal is about to be rejected because of the following issue:
Chain 1 Exception: normal_cdf: Scale parameter is 0, but must be positive! (in '/tmp/RtmpuVlZ1z/model-2be52f8da75c.stan', line 30, column 6 to column 53)
Chain 1 If this warning occurs sporadically, such as for highly constrained variable types like covariance matrices, then the sampler is fine,
Chain 1 but if this warning occurs often then your model may be either severely ill-conditioned or misspecified.
Chain 1 
Chain 2 Informational Message: The current Metropolis proposal is about to be rejected because of the following issue:
Chain 2 Exception: normal_cdf: Scale parameter is 0, but must be positive! (in '/tmp/RtmpuVlZ1z/model-2be52f8da75c.stan', line 30, column 6 to column 53)
Chain 2 If this warning occurs sporadically, such as for highly constrained variable types like covariance matrices, then the sampler is fine,
Chain 2 but if this warning occurs often then your model may be either severely ill-conditioned or misspecified.
Chain 2 
Chain 3 Informational Message: The current Metropolis proposal is about to be rejected because of the following issue:
Chain 3 Exception: normal_cdf: Scale parameter is 0, but must be positive! (in '/tmp/RtmpuVlZ1z/model-2be52f8da75c.stan', line 30, column 6 to column 53)
Chain 3 If this warning occurs sporadically, such as for highly constrained variable types like covariance matrices, then the sampler is fine,
Chain 3 but if this warning occurs often then your model may be either severely ill-conditioned or misspecified.
Chain 3 
Chain 4 Informational Message: The current Metropolis proposal is about to be rejected because of the following issue:
Chain 4 Exception: normal_cdf: Scale parameter is 0, but must be positive! (in '/tmp/RtmpuVlZ1z/model-2be52f8da75c.stan', line 30, column 6 to column 53)
Chain 4 If this warning occurs sporadically, such as for highly constrained variable types like covariance matrices, then the sampler is fine,
Chain 4 but if this warning occurs often then your model may be either severely ill-conditioned or misspecified.
Chain 4 
Chain 4 Informational Message: The current Metropolis proposal is about to be rejected because of the following issue:
Chain 4 Exception: normal_cdf: Scale parameter is 0, but must be positive! (in '/tmp/RtmpuVlZ1z/model-2be52f8da75c.stan', line 30, column 6 to column 53)
Chain 4 If this warning occurs sporadically, such as for highly constrained variable types like covariance matrices, then the sampler is fine,
Chain 4 but if this warning occurs often then your model may be either severely ill-conditioned or misspecified.
Chain 4 
[OK] EQI0005_AAMR2006_2010 RUCC1 EQI+PA+OB+DB
Chain 1 Informational Message: The current Metropolis proposal is about to be rejected because of the following issue:
Chain 1 Exception: normal_cdf: Scale parameter is 0, but must be positive! (in '/tmp/RtmpuVlZ1z/model-2be52f8da75c.stan', line 30, column 6 to column 53)
Chain 1 If this warning occurs sporadically, such as for highly constrained variable types like covariance matrices, then the sampler is fine,
Chain 1 but if this warning occurs often then your model may be either severely ill-conditioned or misspecified.
Chain 1 
Chain 2 Informational Message: The current Metropolis proposal is about to be rejected because of the following issue:
Chain 2 Exception: normal_cdf: Scale parameter is 0, but must be positive! (in '/tmp/RtmpuVlZ1z/model-2be52f8da75c.stan', line 30, column 6 to column 53)
Chain 2 If this warning occurs sporadically, such as for highly constrained variable types like covariance matrices, then the sampler is fine,
Chain 2 but if this warning occurs often then your model may be either severely ill-conditioned or misspecified.
Chain 2 
Chain 3 Informational Message: The current Metropolis proposal is about to be rejected because of the following issue:
Chain 3 Exception: normal_cdf: Scale parameter is 0, but must be positive! (in '/tmp/RtmpuVlZ1z/model-2be52f8da75c.stan', line 30, column 6 to column 53)
Chain 3 If this warning occurs sporadically, such as for highly constrained variable types like covariance matrices, then the sampler is fine,
Chain 3 but if this warning occurs often then your model may be either severely ill-conditioned or misspecified.
Chain 3 
Chain 4 Informational Message: The current Metropolis proposal is about to be rejected because of the following issue:
Chain 4 Exception: normal_cdf: Scale parameter is 0, but must be positive! (in '/tmp/RtmpuVlZ1z/model-2be52f8da75c.stan', line 30, column 6 to column 53)
Chain 4 If this warning occurs sporadically, such as for highly constrained variable types like covariance matrices, then the sampler is fine,
Chain 4 but if this warning occurs often then your model may be either severely ill-conditioned or misspecified.
Chain 4 
[OK] EQI0005_AAMR2006_2010 RUCC1 EQI+PA+UN+PD
Chain 1 Informational Message: The current Metropolis proposal is about to be rejected because of the following issue:
Chain 1 Exception: normal_cdf: Scale parameter is 0, but must be positive! (in '/tmp/RtmpuVlZ1z/model-2be52f8da75c.stan', line 30, column 6 to column 53)
Chain 1 If this warning occurs sporadically, such as for highly constrained variable types like covariance matrices, then the sampler is fine,
Chain 1 but if this warning occurs often then your model may be either severely ill-conditioned or misspecified.
Chain 1 
Chain 2 Informational Message: The current Metropolis proposal is about to be rejected because of the following issue:
Chain 2 Exception: normal_cdf: Scale parameter is 0, but must be positive! (in '/tmp/RtmpuVlZ1z/model-2be52f8da75c.stan', line 30, column 6 to column 53)
Chain 2 If this warning occurs sporadically, such as for highly constrained variable types like covariance matrices, then the sampler is fine,
Chain 2 but if this warning occurs often then your model may be either severely ill-conditioned or misspecified.
Chain 2 
Chain 4 Informational Message: The current Metropolis proposal is about to be rejected because of the following issue:
Chain 4 Exception: normal_cdf: Scale parameter is 0, but must be positive! (in '/tmp/RtmpuVlZ1z/model-2be52f8da75c.stan', line 30, column 6 to column 53)
Chain 4 If this warning occurs sporadically, such as for highly constrained variable types like covariance matrices, then the sampler is fine,
Chain 4 but if this warning occurs often then your model may be either severely ill-conditioned or misspecified.
Chain 4 
[OK] EQI0005_AAMR2006_2010 RUCC1 EQI+PA+UN+DB
Chain 1 Informational Message: The current Metropolis proposal is about to be rejected because of the following issue:
Chain 1 Exception: normal_cdf: Scale parameter is 0, but must be positive! (in '/tmp/RtmpuVlZ1z/model-2be52f8da75c.stan', line 30, column 6 to column 53)
Chain 1 If this warning occurs sporadically, such as for highly constrained variable types like covariance matrices, then the sampler is fine,
Chain 1 but if this warning occurs often then your model may be either severely ill-conditioned or misspecified.
Chain 1 
Chain 2 Informational Message: The current Metropolis proposal is about to be rejected because of the following issue:
Chain 2 Exception: normal_cdf: Scale parameter is 0, but must be positive! (in '/tmp/RtmpuVlZ1z/model-2be52f8da75c.stan', line 30, column 6 to column 53)
Chain 2 If this warning occurs sporadically, such as for highly constrained variable types like covariance matrices, then the sampler is fine,
Chain 2 but if this warning occurs often then your model may be either severely ill-conditioned or misspecified.
Chain 2 
Chain 3 Informational Message: The current Metropolis proposal is about to be rejected because of the following issue:
Chain 3 Exception: normal_cdf: Scale parameter is 0, but must be positive! (in '/tmp/RtmpuVlZ1z/model-2be52f8da75c.stan', line 30, column 6 to column 53)
Chain 3 If this warning occurs sporadically, such as for highly constrained variable types like covariance matrices, then the sampler is fine,
Chain 3 but if this warning occurs often then your model may be either severely ill-conditioned or misspecified.
Chain 3 
Chain 4 Informational Message: The current Metropolis proposal is about to be rejected because of the following issue:
Chain 4 Exception: normal_cdf: Scale parameter is 0, but must be positive! (in '/tmp/RtmpuVlZ1z/model-2be52f8da75c.stan', line 30, column 6 to column 53)
Chain 4 If this warning occurs sporadically, such as for highly constrained variable types like covariance matrices, then the sampler is fine,
Chain 4 but if this warning occurs often then your model may be either severely ill-conditioned or misspecified.
Chain 4 
[OK] EQI0005_AAMR2006_2010 RUCC1 EQI+PA+PD+DB
Chain 1 Informational Message: The current Metropolis proposal is about to be rejected because of the following issue:
Chain 1 Exception: normal_cdf: Scale parameter is 0, but must be positive! (in '/tmp/RtmpuVlZ1z/model-2be52f8da75c.stan', line 30, column 6 to column 53)
Chain 1 If this warning occurs sporadically, such as for highly constrained variable types like covariance matrices, then the sampler is fine,
Chain 1 but if this warning occurs often then your model may be either severely ill-conditioned or misspecified.
Chain 1 
Chain 2 Informational Message: The current Metropolis proposal is about to be rejected because of the following issue:
Chain 2 Exception: normal_cdf: Scale parameter is 0, but must be positive! (in '/tmp/RtmpuVlZ1z/model-2be52f8da75c.stan', line 30, column 6 to column 53)
Chain 2 If this warning occurs sporadically, such as for highly constrained variable types like covariance matrices, then the sampler is fine,
Chain 2 but if this warning occurs often then your model may be either severely ill-conditioned or misspecified.
Chain 2 
Chain 3 Informational Message: The current Metropolis proposal is about to be rejected because of the following issue:
Chain 3 Exception: normal_cdf: Scale parameter is 0, but must be positive! (in '/tmp/RtmpuVlZ1z/model-2be52f8da75c.stan', line 30, column 6 to column 53)
Chain 3 If this warning occurs sporadically, such as for highly constrained variable types like covariance matrices, then the sampler is fine,
Chain 3 but if this warning occurs often then your model may be either severely ill-conditioned or misspecified.
Chain 3 
Chain 4 Informational Message: The current Metropolis proposal is about to be rejected because of the following issue:
Chain 4 Exception: normal_cdf: Scale parameter is 0, but must be positive! (in '/tmp/RtmpuVlZ1z/model-2be52f8da75c.stan', line 30, column 6 to column 53)
Chain 4 If this warning occurs sporadically, such as for highly constrained variable types like covariance matrices, then the sampler is fine,
Chain 4 but if this warning occurs often then your model may be either severely ill-conditioned or misspecified.
Chain 4 
[OK] EQI0005_AAMR2006_2010 RUCC1 EQI+OB+UN+PD
Chain 1 Informational Message: The current Metropolis proposal is about to be rejected because of the following issue:
Chain 1 Exception: normal_cdf: Scale parameter is 0, but must be positive! (in '/tmp/RtmpuVlZ1z/model-2be52f8da75c.stan', line 30, column 6 to column 53)
Chain 1 If this warning occurs sporadically, such as for highly constrained variable types like covariance matrices, then the sampler is fine,
Chain 1 but if this warning occurs often then your model may be either severely ill-conditioned or misspecified.
Chain 1 
Chain 3 Informational Message: The current Metropolis proposal is about to be rejected because of the following issue:
Chain 3 Exception: normal_cdf: Scale parameter is 0, but must be positive! (in '/tmp/RtmpuVlZ1z/model-2be52f8da75c.stan', line 30, column 6 to column 53)
Chain 3 If this warning occurs sporadically, such as for highly constrained variable types like covariance matrices, then the sampler is fine,
Chain 3 but if this warning occurs often then your model may be either severely ill-conditioned or misspecified.
Chain 3 
Chain 4 Informational Message: The current Metropolis proposal is about to be rejected because of the following issue:
Chain 4 Exception: normal_cdf: Scale parameter is 0, but must be positive! (in '/tmp/RtmpuVlZ1z/model-2be52f8da75c.stan', line 30, column 6 to column 53)
Chain 4 If this warning occurs sporadically, such as for highly constrained variable types like covariance matrices, then the sampler is fine,
Chain 4 but if this warning occurs often then your model may be either severely ill-conditioned or misspecified.
Chain 4 
[OK] EQI0005_AAMR2006_2010 RUCC1 EQI+OB+UN+DB
Chain 1 Informational Message: The current Metropolis proposal is about to be rejected because of the following issue:
Chain 1 Exception: normal_cdf: Scale parameter is 0, but must be positive! (in '/tmp/RtmpuVlZ1z/model-2be52f8da75c.stan', line 30, column 6 to column 53)
Chain 1 If this warning occurs sporadically, such as for highly constrained variable types like covariance matrices, then the sampler is fine,
Chain 1 but if this warning occurs often then your model may be either severely ill-conditioned or misspecified.
Chain 1 
Chain 2 Informational Message: The current Metropolis proposal is about to be rejected because of the following issue:
Chain 2 Exception: normal_cdf: Scale parameter is 0, but must be positive! (in '/tmp/RtmpuVlZ1z/model-2be52f8da75c.stan', line 30, column 6 to column 53)
Chain 2 If this warning occurs sporadically, such as for highly constrained variable types like covariance matrices, then the sampler is fine,
Chain 2 but if this warning occurs often then your model may be either severely ill-conditioned or misspecified.
Chain 2 
Chain 3 Informational Message: The current Metropolis proposal is about to be rejected because of the following issue:
Chain 3 Exception: normal_cdf: Scale parameter is 0, but must be positive! (in '/tmp/RtmpuVlZ1z/model-2be52f8da75c.stan', line 30, column 6 to column 53)
Chain 3 If this warning occurs sporadically, such as for highly constrained variable types like covariance matrices, then the sampler is fine,
Chain 3 but if this warning occurs often then your model may be either severely ill-conditioned or misspecified.
Chain 3 
Chain 4 Informational Message: The current Metropolis proposal is about to be rejected because of the following issue:
Chain 4 Exception: normal_cdf: Scale parameter is 0, but must be positive! (in '/tmp/RtmpuVlZ1z/model-2be52f8da75c.stan', line 30, column 6 to column 53)
Chain 4 If this warning occurs sporadically, such as for highly constrained variable types like covariance matrices, then the sampler is fine,
Chain 4 but if this warning occurs often then your model may be either severely ill-conditioned or misspecified.
Chain 4 
[OK] EQI0005_AAMR2006_2010 RUCC1 EQI+OB+PD+DB
Chain 1 Informational Message: The current Metropolis proposal is about to be rejected because of the following issue:
Chain 1 Exception: normal_cdf: Scale parameter is 0, but must be positive! (in '/tmp/RtmpuVlZ1z/model-2be52f8da75c.stan', line 30, column 6 to column 53)
Chain 1 If this warning occurs sporadically, such as for highly constrained variable types like covariance matrices, then the sampler is fine,
Chain 1 but if this warning occurs often then your model may be either severely ill-conditioned or misspecified.
Chain 1 
Chain 2 Informational Message: The current Metropolis proposal is about to be rejected because of the following issue:
Chain 2 Exception: normal_cdf: Scale parameter is 0, but must be positive! (in '/tmp/RtmpuVlZ1z/model-2be52f8da75c.stan', line 30, column 6 to column 53)
Chain 2 If this warning occurs sporadically, such as for highly constrained variable types like covariance matrices, then the sampler is fine,
Chain 2 but if this warning occurs often then your model may be either severely ill-conditioned or misspecified.
Chain 2 
Chain 3 Informational Message: The current Metropolis proposal is about to be rejected because of the following issue:
Chain 3 Exception: normal_cdf: Scale parameter is 0, but must be positive! (in '/tmp/RtmpuVlZ1z/model-2be52f8da75c.stan', line 30, column 6 to column 53)
Chain 3 If this warning occurs sporadically, such as for highly constrained variable types like covariance matrices, then the sampler is fine,
Chain 3 but if this warning occurs often then your model may be either severely ill-conditioned or misspecified.
Chain 3 
Chain 4 Informational Message: The current Metropolis proposal is about to be rejected because of the following issue:
Chain 4 Exception: normal_cdf: Scale parameter is 0, but must be positive! (in '/tmp/RtmpuVlZ1z/model-2be52f8da75c.stan', line 30, column 6 to column 53)
Chain 4 If this warning occurs sporadically, such as for highly constrained variable types like covariance matrices, then the sampler is fine,
Chain 4 but if this warning occurs often then your model may be either severely ill-conditioned or misspecified.
Chain 4 
[OK] EQI0005_AAMR2006_2010 RUCC1 EQI+UN+PD+DB
Chain 1 Informational Message: The current Metropolis proposal is about to be rejected because of the following issue:
Chain 1 Exception: normal_cdf: Scale parameter is 0, but must be positive! (in '/tmp/RtmpuVlZ1z/model-2be52f8da75c.stan', line 30, column 6 to column 53)
Chain 1 If this warning occurs sporadically, such as for highly constrained variable types like covariance matrices, then the sampler is fine,
Chain 1 but if this warning occurs often then your model may be either severely ill-conditioned or misspecified.
Chain 1 
Chain 2 Informational Message: The current Metropolis proposal is about to be rejected because of the following issue:
Chain 2 Exception: normal_cdf: Scale parameter is 0, but must be positive! (in '/tmp/RtmpuVlZ1z/model-2be52f8da75c.stan', line 30, column 6 to column 53)
Chain 2 If this warning occurs sporadically, such as for highly constrained variable types like covariance matrices, then the sampler is fine,
Chain 2 but if this warning occurs often then your model may be either severely ill-conditioned or misspecified.
Chain 2 
Chain 3 Informational Message: The current Metropolis proposal is about to be rejected because of the following issue:
Chain 3 Exception: normal_cdf: Scale parameter is 0, but must be positive! (in '/tmp/RtmpuVlZ1z/model-2be52f8da75c.stan', line 30, column 6 to column 53)
Chain 3 If this warning occurs sporadically, such as for highly constrained variable types like covariance matrices, then the sampler is fine,
Chain 3 but if this warning occurs often then your model may be either severely ill-conditioned or misspecified.
Chain 3 
Chain 4 Informational Message: The current Metropolis proposal is about to be rejected because of the following issue:
Chain 4 Exception: normal_cdf: Scale parameter is 0, but must be positive! (in '/tmp/RtmpuVlZ1z/model-2be52f8da75c.stan', line 30, column 6 to column 53)
Chain 4 If this warning occurs sporadically, such as for highly constrained variable types like covariance matrices, then the sampler is fine,
Chain 4 but if this warning occurs often then your model may be either severely ill-conditioned or misspecified.
Chain 4 
[OK] EQI0005_AAMR2006_2010 RUCC1 EQI+SM+PA+OB+UN
Chain 1 Informational Message: The current Metropolis proposal is about to be rejected because of the following issue:
Chain 1 Exception: normal_cdf: Scale parameter is 0, but must be positive! (in '/tmp/RtmpuVlZ1z/model-2be52f8da75c.stan', line 30, column 6 to column 53)
Chain 1 If this warning occurs sporadically, such as for highly constrained variable types like covariance matrices, then the sampler is fine,
Chain 1 but if this warning occurs often then your model may be either severely ill-conditioned or misspecified.
Chain 1 
Chain 2 Informational Message: The current Metropolis proposal is about to be rejected because of the following issue:
Chain 2 Exception: normal_cdf: Scale parameter is 0, but must be positive! (in '/tmp/RtmpuVlZ1z/model-2be52f8da75c.stan', line 30, column 6 to column 53)
Chain 2 If this warning occurs sporadically, such as for highly constrained variable types like covariance matrices, then the sampler is fine,
Chain 2 but if this warning occurs often then your model may be either severely ill-conditioned or misspecified.
Chain 2 
Chain 3 Informational Message: The current Metropolis proposal is about to be rejected because of the following issue:
Chain 3 Exception: normal_cdf: Scale parameter is 0, but must be positive! (in '/tmp/RtmpuVlZ1z/model-2be52f8da75c.stan', line 30, column 6 to column 53)
Chain 3 If this warning occurs sporadically, such as for highly constrained variable types like covariance matrices, then the sampler is fine,
Chain 3 but if this warning occurs often then your model may be either severely ill-conditioned or misspecified.
Chain 3 
Chain 4 Informational Message: The current Metropolis proposal is about to be rejected because of the following issue:
Chain 4 Exception: normal_cdf: Scale parameter is 0, but must be positive! (in '/tmp/RtmpuVlZ1z/model-2be52f8da75c.stan', line 30, column 6 to column 53)
Chain 4 If this warning occurs sporadically, such as for highly constrained variable types like covariance matrices, then the sampler is fine,
Chain 4 but if this warning occurs often then your model may be either severely ill-conditioned or misspecified.
Chain 4 
[OK] EQI0005_AAMR2006_2010 RUCC1 EQI+SM+PA+OB+PD
Chain 1 Informational Message: The current Metropolis proposal is about to be rejected because of the following issue:
Chain 1 Exception: normal_cdf: Scale parameter is 0, but must be positive! (in '/tmp/RtmpuVlZ1z/model-2be52f8da75c.stan', line 30, column 6 to column 53)
Chain 1 If this warning occurs sporadically, such as for highly constrained variable types like covariance matrices, then the sampler is fine,
Chain 1 but if this warning occurs often then your model may be either severely ill-conditioned or misspecified.
Chain 1 
Chain 2 Informational Message: The current Metropolis proposal is about to be rejected because of the following issue:
Chain 2 Exception: normal_cdf: Scale parameter is 0, but must be positive! (in '/tmp/RtmpuVlZ1z/model-2be52f8da75c.stan', line 30, column 6 to column 53)
Chain 2 If this warning occurs sporadically, such as for highly constrained variable types like covariance matrices, then the sampler is fine,
Chain 2 but if this warning occurs often then your model may be either severely ill-conditioned or misspecified.
Chain 2 
Chain 3 Informational Message: The current Metropolis proposal is about to be rejected because of the following issue:
Chain 3 Exception: normal_cdf: Scale parameter is 0, but must be positive! (in '/tmp/RtmpuVlZ1z/model-2be52f8da75c.stan', line 30, column 6 to column 53)
Chain 3 If this warning occurs sporadically, such as for highly constrained variable types like covariance matrices, then the sampler is fine,
Chain 3 but if this warning occurs often then your model may be either severely ill-conditioned or misspecified.
Chain 3 
Chain 4 Informational Message: The current Metropolis proposal is about to be rejected because of the following issue:
Chain 4 Exception: normal_cdf: Scale parameter is 0, but must be positive! (in '/tmp/RtmpuVlZ1z/model-2be52f8da75c.stan', line 30, column 6 to column 53)
Chain 4 If this warning occurs sporadically, such as for highly constrained variable types like covariance matrices, then the sampler is fine,
Chain 4 but if this warning occurs often then your model may be either severely ill-conditioned or misspecified.
Chain 4 
[OK] EQI0005_AAMR2006_2010 RUCC1 EQI+SM+PA+OB+DB
Chain 1 Informational Message: The current Metropolis proposal is about to be rejected because of the following issue:
Chain 1 Exception: normal_cdf: Scale parameter is 0, but must be positive! (in '/tmp/RtmpuVlZ1z/model-2be52f8da75c.stan', line 30, column 6 to column 53)
Chain 1 If this warning occurs sporadically, such as for highly constrained variable types like covariance matrices, then the sampler is fine,
Chain 1 but if this warning occurs often then your model may be either severely ill-conditioned or misspecified.
Chain 1 
Chain 2 Informational Message: The current Metropolis proposal is about to be rejected because of the following issue:
Chain 2 Exception: normal_cdf: Scale parameter is 0, but must be positive! (in '/tmp/RtmpuVlZ1z/model-2be52f8da75c.stan', line 30, column 6 to column 53)
Chain 2 If this warning occurs sporadically, such as for highly constrained variable types like covariance matrices, then the sampler is fine,
Chain 2 but if this warning occurs often then your model may be either severely ill-conditioned or misspecified.
Chain 2 
Chain 3 Informational Message: The current Metropolis proposal is about to be rejected because of the following issue:
Chain 3 Exception: normal_cdf: Scale parameter is 0, but must be positive! (in '/tmp/RtmpuVlZ1z/model-2be52f8da75c.stan', line 30, column 6 to column 53)
Chain 3 If this warning occurs sporadically, such as for highly constrained variable types like covariance matrices, then the sampler is fine,
Chain 3 but if this warning occurs often then your model may be either severely ill-conditioned or misspecified.
Chain 3 
Chain 4 Informational Message: The current Metropolis proposal is about to be rejected because of the following issue:
Chain 4 Exception: normal_cdf: Scale parameter is 0, but must be positive! (in '/tmp/RtmpuVlZ1z/model-2be52f8da75c.stan', line 30, column 6 to column 53)
Chain 4 If this warning occurs sporadically, such as for highly constrained variable types like covariance matrices, then the sampler is fine,
Chain 4 but if this warning occurs often then your model may be either severely ill-conditioned or misspecified.
Chain 4 
[OK] EQI0005_AAMR2006_2010 RUCC1 EQI+SM+PA+UN+PD
Chain 1 Informational Message: The current Metropolis proposal is about to be rejected because of the following issue:
Chain 1 Exception: normal_cdf: Scale parameter is 0, but must be positive! (in '/tmp/RtmpuVlZ1z/model-2be52f8da75c.stan', line 30, column 6 to column 53)
Chain 1 If this warning occurs sporadically, such as for highly constrained variable types like covariance matrices, then the sampler is fine,
Chain 1 but if this warning occurs often then your model may be either severely ill-conditioned or misspecified.
Chain 1 
Chain 2 Informational Message: The current Metropolis proposal is about to be rejected because of the following issue:
Chain 2 Exception: normal_cdf: Scale parameter is 0, but must be positive! (in '/tmp/RtmpuVlZ1z/model-2be52f8da75c.stan', line 30, column 6 to column 53)
Chain 2 If this warning occurs sporadically, such as for highly constrained variable types like covariance matrices, then the sampler is fine,
Chain 2 but if this warning occurs often then your model may be either severely ill-conditioned or misspecified.
Chain 2 
[OK] EQI0005_AAMR2006_2010 RUCC1 EQI+SM+PA+UN+DB
Chain 1 Informational Message: The current Metropolis proposal is about to be rejected because of the following issue:
Chain 1 Exception: normal_cdf: Scale parameter is 0, but must be positive! (in '/tmp/RtmpuVlZ1z/model-2be52f8da75c.stan', line 30, column 6 to column 53)
Chain 1 If this warning occurs sporadically, such as for highly constrained variable types like covariance matrices, then the sampler is fine,
Chain 1 but if this warning occurs often then your model may be either severely ill-conditioned or misspecified.
Chain 1 
Chain 2 Informational Message: The current Metropolis proposal is about to be rejected because of the following issue:
Chain 2 Exception: normal_cdf: Scale parameter is 0, but must be positive! (in '/tmp/RtmpuVlZ1z/model-2be52f8da75c.stan', line 30, column 6 to column 53)
Chain 2 If this warning occurs sporadically, such as for highly constrained variable types like covariance matrices, then the sampler is fine,
Chain 2 but if this warning occurs often then your model may be either severely ill-conditioned or misspecified.
Chain 2 
Chain 3 Informational Message: The current Metropolis proposal is about to be rejected because of the following issue:
Chain 3 Exception: normal_cdf: Scale parameter is 0, but must be positive! (in '/tmp/RtmpuVlZ1z/model-2be52f8da75c.stan', line 30, column 6 to column 53)
Chain 3 If this warning occurs sporadically, such as for highly constrained variable types like covariance matrices, then the sampler is fine,
Chain 3 but if this warning occurs often then your model may be either severely ill-conditioned or misspecified.
Chain 3 
Chain 4 Informational Message: The current Metropolis proposal is about to be rejected because of the following issue:
Chain 4 Exception: normal_cdf: Scale parameter is 0, but must be positive! (in '/tmp/RtmpuVlZ1z/model-2be52f8da75c.stan', line 30, column 6 to column 53)
Chain 4 If this warning occurs sporadically, such as for highly constrained variable types like covariance matrices, then the sampler is fine,
Chain 4 but if this warning occurs often then your model may be either severely ill-conditioned or misspecified.
Chain 4 
[OK] EQI0005_AAMR2006_2010 RUCC1 EQI+SM+PA+PD+DB
Chain 1 Informational Message: The current Metropolis proposal is about to be rejected because of the following issue:
Chain 1 Exception: normal_cdf: Scale parameter is 0, but must be positive! (in '/tmp/RtmpuVlZ1z/model-2be52f8da75c.stan', line 30, column 6 to column 53)
Chain 1 If this warning occurs sporadically, such as for highly constrained variable types like covariance matrices, then the sampler is fine,
Chain 1 but if this warning occurs often then your model may be either severely ill-conditioned or misspecified.
Chain 1 
Chain 2 Informational Message: The current Metropolis proposal is about to be rejected because of the following issue:
Chain 2 Exception: normal_cdf: Scale parameter is 0, but must be positive! (in '/tmp/RtmpuVlZ1z/model-2be52f8da75c.stan', line 30, column 6 to column 53)
Chain 2 If this warning occurs sporadically, such as for highly constrained variable types like covariance matrices, then the sampler is fine,
Chain 2 but if this warning occurs often then your model may be either severely ill-conditioned or misspecified.
Chain 2 
Chain 3 Informational Message: The current Metropolis proposal is about to be rejected because of the following issue:
Chain 3 Exception: normal_cdf: Scale parameter is 0, but must be positive! (in '/tmp/RtmpuVlZ1z/model-2be52f8da75c.stan', line 30, column 6 to column 53)
Chain 3 If this warning occurs sporadically, such as for highly constrained variable types like covariance matrices, then the sampler is fine,
Chain 3 but if this warning occurs often then your model may be either severely ill-conditioned or misspecified.
Chain 3 
Chain 4 Informational Message: The current Metropolis proposal is about to be rejected because of the following issue:
Chain 4 Exception: normal_cdf: Scale parameter is 0, but must be positive! (in '/tmp/RtmpuVlZ1z/model-2be52f8da75c.stan', line 30, column 6 to column 53)
Chain 4 If this warning occurs sporadically, such as for highly constrained variable types like covariance matrices, then the sampler is fine,
Chain 4 but if this warning occurs often then your model may be either severely ill-conditioned or misspecified.
Chain 4 
[OK] EQI0005_AAMR2006_2010 RUCC1 EQI+SM+OB+UN+PD
Chain 1 Informational Message: The current Metropolis proposal is about to be rejected because of the following issue:
Chain 1 Exception: normal_cdf: Scale parameter is 0, but must be positive! (in '/tmp/RtmpuVlZ1z/model-2be52f8da75c.stan', line 30, column 6 to column 53)
Chain 1 If this warning occurs sporadically, such as for highly constrained variable types like covariance matrices, then the sampler is fine,
Chain 1 but if this warning occurs often then your model may be either severely ill-conditioned or misspecified.
Chain 1 
Chain 2 Informational Message: The current Metropolis proposal is about to be rejected because of the following issue:
Chain 2 Exception: normal_cdf: Scale parameter is 0, but must be positive! (in '/tmp/RtmpuVlZ1z/model-2be52f8da75c.stan', line 30, column 6 to column 53)
Chain 2 If this warning occurs sporadically, such as for highly constrained variable types like covariance matrices, then the sampler is fine,
Chain 2 but if this warning occurs often then your model may be either severely ill-conditioned or misspecified.
Chain 2 
Chain 3 Informational Message: The current Metropolis proposal is about to be rejected because of the following issue:
Chain 3 Exception: normal_cdf: Scale parameter is 0, but must be positive! (in '/tmp/RtmpuVlZ1z/model-2be52f8da75c.stan', line 30, column 6 to column 53)
Chain 3 If this warning occurs sporadically, such as for highly constrained variable types like covariance matrices, then the sampler is fine,
Chain 3 but if this warning occurs often then your model may be either severely ill-conditioned or misspecified.
Chain 3 
Chain 4 Informational Message: The current Metropolis proposal is about to be rejected because of the following issue:
Chain 4 Exception: normal_cdf: Scale parameter is 0, but must be positive! (in '/tmp/RtmpuVlZ1z/model-2be52f8da75c.stan', line 30, column 6 to column 53)
Chain 4 If this warning occurs sporadically, such as for highly constrained variable types like covariance matrices, then the sampler is fine,
Chain 4 but if this warning occurs often then your model may be either severely ill-conditioned or misspecified.
Chain 4 
[OK] EQI0005_AAMR2006_2010 RUCC1 EQI+SM+OB+UN+DB
Chain 1 Informational Message: The current Metropolis proposal is about to be rejected because of the following issue:
Chain 1 Exception: normal_cdf: Scale parameter is 0, but must be positive! (in '/tmp/RtmpuVlZ1z/model-2be52f8da75c.stan', line 30, column 6 to column 53)
Chain 1 If this warning occurs sporadically, such as for highly constrained variable types like covariance matrices, then the sampler is fine,
Chain 1 but if this warning occurs often then your model may be either severely ill-conditioned or misspecified.
Chain 1 
Chain 2 Informational Message: The current Metropolis proposal is about to be rejected because of the following issue:
Chain 2 Exception: normal_cdf: Scale parameter is 0, but must be positive! (in '/tmp/RtmpuVlZ1z/model-2be52f8da75c.stan', line 30, column 6 to column 53)
Chain 2 If this warning occurs sporadically, such as for highly constrained variable types like covariance matrices, then the sampler is fine,
Chain 2 but if this warning occurs often then your model may be either severely ill-conditioned or misspecified.
Chain 2 
Chain 3 Informational Message: The current Metropolis proposal is about to be rejected because of the following issue:
Chain 3 Exception: normal_cdf: Scale parameter is 0, but must be positive! (in '/tmp/RtmpuVlZ1z/model-2be52f8da75c.stan', line 30, column 6 to column 53)
Chain 3 If this warning occurs sporadically, such as for highly constrained variable types like covariance matrices, then the sampler is fine,
Chain 3 but if this warning occurs often then your model may be either severely ill-conditioned or misspecified.
Chain 3 
Chain 4 Informational Message: The current Metropolis proposal is about to be rejected because of the following issue:
Chain 4 Exception: normal_cdf: Scale parameter is 0, but must be positive! (in '/tmp/RtmpuVlZ1z/model-2be52f8da75c.stan', line 30, column 6 to column 53)
Chain 4 If this warning occurs sporadically, such as for highly constrained variable types like covariance matrices, then the sampler is fine,
Chain 4 but if this warning occurs often then your model may be either severely ill-conditioned or misspecified.
Chain 4 
[OK] EQI0005_AAMR2006_2010 RUCC1 EQI+SM+OB+PD+DB
Chain 1 Informational Message: The current Metropolis proposal is about to be rejected because of the following issue:
Chain 1 Exception: normal_cdf: Scale parameter is 0, but must be positive! (in '/tmp/RtmpuVlZ1z/model-2be52f8da75c.stan', line 30, column 6 to column 53)
Chain 1 If this warning occurs sporadically, such as for highly constrained variable types like covariance matrices, then the sampler is fine,
Chain 1 but if this warning occurs often then your model may be either severely ill-conditioned or misspecified.
Chain 1 
Chain 2 Informational Message: The current Metropolis proposal is about to be rejected because of the following issue:
Chain 2 Exception: normal_cdf: Scale parameter is 0, but must be positive! (in '/tmp/RtmpuVlZ1z/model-2be52f8da75c.stan', line 30, column 6 to column 53)
Chain 2 If this warning occurs sporadically, such as for highly constrained variable types like covariance matrices, then the sampler is fine,
Chain 2 but if this warning occurs often then your model may be either severely ill-conditioned or misspecified.
Chain 2 
Chain 3 Informational Message: The current Metropolis proposal is about to be rejected because of the following issue:
Chain 3 Exception: normal_cdf: Scale parameter is 0, but must be positive! (in '/tmp/RtmpuVlZ1z/model-2be52f8da75c.stan', line 30, column 6 to column 53)
Chain 3 If this warning occurs sporadically, such as for highly constrained variable types like covariance matrices, then the sampler is fine,
Chain 3 but if this warning occurs often then your model may be either severely ill-conditioned or misspecified.
Chain 3 
Chain 4 Informational Message: The current Metropolis proposal is about to be rejected because of the following issue:
Chain 4 Exception: normal_cdf: Scale parameter is 0, but must be positive! (in '/tmp/RtmpuVlZ1z/model-2be52f8da75c.stan', line 30, column 6 to column 53)
Chain 4 If this warning occurs sporadically, such as for highly constrained variable types like covariance matrices, then the sampler is fine,
Chain 4 but if this warning occurs often then your model may be either severely ill-conditioned or misspecified.
Chain 4 
[OK] EQI0005_AAMR2006_2010 RUCC1 EQI+SM+UN+PD+DB
Chain 1 Informational Message: The current Metropolis proposal is about to be rejected because of the following issue:
Chain 1 Exception: normal_cdf: Scale parameter is 0, but must be positive! (in '/tmp/RtmpuVlZ1z/model-2be52f8da75c.stan', line 30, column 6 to column 53)
Chain 1 If this warning occurs sporadically, such as for highly constrained variable types like covariance matrices, then the sampler is fine,
Chain 1 but if this warning occurs often then your model may be either severely ill-conditioned or misspecified.
Chain 1 
Chain 2 Informational Message: The current Metropolis proposal is about to be rejected because of the following issue:
Chain 2 Exception: normal_cdf: Scale parameter is 0, but must be positive! (in '/tmp/RtmpuVlZ1z/model-2be52f8da75c.stan', line 30, column 6 to column 53)
Chain 2 If this warning occurs sporadically, such as for highly constrained variable types like covariance matrices, then the sampler is fine,
Chain 2 but if this warning occurs often then your model may be either severely ill-conditioned or misspecified.
Chain 2 
Chain 3 Informational Message: The current Metropolis proposal is about to be rejected because of the following issue:
Chain 3 Exception: normal_cdf: Scale parameter is 0, but must be positive! (in '/tmp/RtmpuVlZ1z/model-2be52f8da75c.stan', line 30, column 6 to column 53)
Chain 3 If this warning occurs sporadically, such as for highly constrained variable types like covariance matrices, then the sampler is fine,
Chain 3 but if this warning occurs often then your model may be either severely ill-conditioned or misspecified.
Chain 3 
Chain 4 Informational Message: The current Metropolis proposal is about to be rejected because of the following issue:
Chain 4 Exception: normal_cdf: Scale parameter is 0, but must be positive! (in '/tmp/RtmpuVlZ1z/model-2be52f8da75c.stan', line 30, column 6 to column 53)
Chain 4 If this warning occurs sporadically, such as for highly constrained variable types like covariance matrices, then the sampler is fine,
Chain 4 but if this warning occurs often then your model may be either severely ill-conditioned or misspecified.
Chain 4 
[OK] EQI0005_AAMR2006_2010 RUCC1 EQI+PA+OB+UN+PD
Chain 1 Informational Message: The current Metropolis proposal is about to be rejected because of the following issue:
Chain 1 Exception: normal_cdf: Scale parameter is 0, but must be positive! (in '/tmp/RtmpuVlZ1z/model-2be52f8da75c.stan', line 30, column 6 to column 53)
Chain 1 If this warning occurs sporadically, such as for highly constrained variable types like covariance matrices, then the sampler is fine,
Chain 1 but if this warning occurs often then your model may be either severely ill-conditioned or misspecified.
Chain 1 
Chain 2 Informational Message: The current Metropolis proposal is about to be rejected because of the following issue:
Chain 2 Exception: normal_cdf: Scale parameter is 0, but must be positive! (in '/tmp/RtmpuVlZ1z/model-2be52f8da75c.stan', line 30, column 6 to column 53)
Chain 2 If this warning occurs sporadically, such as for highly constrained variable types like covariance matrices, then the sampler is fine,
Chain 2 but if this warning occurs often then your model may be either severely ill-conditioned or misspecified.
Chain 2 
Chain 3 Informational Message: The current Metropolis proposal is about to be rejected because of the following issue:
Chain 3 Exception: normal_cdf: Scale parameter is 0, but must be positive! (in '/tmp/RtmpuVlZ1z/model-2be52f8da75c.stan', line 30, column 6 to column 53)
Chain 3 If this warning occurs sporadically, such as for highly constrained variable types like covariance matrices, then the sampler is fine,
Chain 3 but if this warning occurs often then your model may be either severely ill-conditioned or misspecified.
Chain 3 
Chain 4 Informational Message: The current Metropolis proposal is about to be rejected because of the following issue:
Chain 4 Exception: normal_cdf: Scale parameter is 0, but must be positive! (in '/tmp/RtmpuVlZ1z/model-2be52f8da75c.stan', line 30, column 6 to column 53)
Chain 4 If this warning occurs sporadically, such as for highly constrained variable types like covariance matrices, then the sampler is fine,
Chain 4 but if this warning occurs often then your model may be either severely ill-conditioned or misspecified.
Chain 4 
[OK] EQI0005_AAMR2006_2010 RUCC1 EQI+PA+OB+UN+DB
Chain 1 Informational Message: The current Metropolis proposal is about to be rejected because of the following issue:
Chain 1 Exception: normal_cdf: Scale parameter is 0, but must be positive! (in '/tmp/RtmpuVlZ1z/model-2be52f8da75c.stan', line 30, column 6 to column 53)
Chain 1 If this warning occurs sporadically, such as for highly constrained variable types like covariance matrices, then the sampler is fine,
Chain 1 but if this warning occurs often then your model may be either severely ill-conditioned or misspecified.
Chain 1 
Chain 2 Informational Message: The current Metropolis proposal is about to be rejected because of the following issue:
Chain 2 Exception: normal_cdf: Scale parameter is 0, but must be positive! (in '/tmp/RtmpuVlZ1z/model-2be52f8da75c.stan', line 30, column 6 to column 53)
Chain 2 If this warning occurs sporadically, such as for highly constrained variable types like covariance matrices, then the sampler is fine,
Chain 2 but if this warning occurs often then your model may be either severely ill-conditioned or misspecified.
Chain 2 
Chain 3 Informational Message: The current Metropolis proposal is about to be rejected because of the following issue:
Chain 3 Exception: normal_cdf: Scale parameter is 0, but must be positive! (in '/tmp/RtmpuVlZ1z/model-2be52f8da75c.stan', line 30, column 6 to column 53)
Chain 3 If this warning occurs sporadically, such as for highly constrained variable types like covariance matrices, then the sampler is fine,
Chain 3 but if this warning occurs often then your model may be either severely ill-conditioned or misspecified.
Chain 3 
Chain 4 Informational Message: The current Metropolis proposal is about to be rejected because of the following issue:
Chain 4 Exception: normal_cdf: Scale parameter is 0, but must be positive! (in '/tmp/RtmpuVlZ1z/model-2be52f8da75c.stan', line 30, column 6 to column 53)
Chain 4 If this warning occurs sporadically, such as for highly constrained variable types like covariance matrices, then the sampler is fine,
Chain 4 but if this warning occurs often then your model may be either severely ill-conditioned or misspecified.
Chain 4 
[OK] EQI0005_AAMR2006_2010 RUCC1 EQI+PA+OB+PD+DB
Chain 1 Informational Message: The current Metropolis proposal is about to be rejected because of the following issue:
Chain 1 Exception: normal_cdf: Scale parameter is 0, but must be positive! (in '/tmp/RtmpuVlZ1z/model-2be52f8da75c.stan', line 30, column 6 to column 53)
Chain 1 If this warning occurs sporadically, such as for highly constrained variable types like covariance matrices, then the sampler is fine,
Chain 1 but if this warning occurs often then your model may be either severely ill-conditioned or misspecified.
Chain 1 
Chain 2 Informational Message: The current Metropolis proposal is about to be rejected because of the following issue:
Chain 2 Exception: normal_cdf: Scale parameter is 0, but must be positive! (in '/tmp/RtmpuVlZ1z/model-2be52f8da75c.stan', line 30, column 6 to column 53)
Chain 2 If this warning occurs sporadically, such as for highly constrained variable types like covariance matrices, then the sampler is fine,
Chain 2 but if this warning occurs often then your model may be either severely ill-conditioned or misspecified.
Chain 2 
Chain 3 Informational Message: The current Metropolis proposal is about to be rejected because of the following issue:
Chain 3 Exception: normal_cdf: Scale parameter is 0, but must be positive! (in '/tmp/RtmpuVlZ1z/model-2be52f8da75c.stan', line 30, column 6 to column 53)
Chain 3 If this warning occurs sporadically, such as for highly constrained variable types like covariance matrices, then the sampler is fine,
Chain 3 but if this warning occurs often then your model may be either severely ill-conditioned or misspecified.
Chain 3 
Chain 4 Informational Message: The current Metropolis proposal is about to be rejected because of the following issue:
Chain 4 Exception: normal_cdf: Scale parameter is 0, but must be positive! (in '/tmp/RtmpuVlZ1z/model-2be52f8da75c.stan', line 30, column 6 to column 53)
Chain 4 If this warning occurs sporadically, such as for highly constrained variable types like covariance matrices, then the sampler is fine,
Chain 4 but if this warning occurs often then your model may be either severely ill-conditioned or misspecified.
Chain 4 
[OK] EQI0005_AAMR2006_2010 RUCC1 EQI+PA+UN+PD+DB
Chain 1 Informational Message: The current Metropolis proposal is about to be rejected because of the following issue:
Chain 1 Exception: normal_cdf: Scale parameter is 0, but must be positive! (in '/tmp/RtmpuVlZ1z/model-2be52f8da75c.stan', line 30, column 6 to column 53)
Chain 1 If this warning occurs sporadically, such as for highly constrained variable types like covariance matrices, then the sampler is fine,
Chain 1 but if this warning occurs often then your model may be either severely ill-conditioned or misspecified.
Chain 1 
Chain 2 Informational Message: The current Metropolis proposal is about to be rejected because of the following issue:
Chain 2 Exception: normal_cdf: Scale parameter is 0, but must be positive! (in '/tmp/RtmpuVlZ1z/model-2be52f8da75c.stan', line 30, column 6 to column 53)
Chain 2 If this warning occurs sporadically, such as for highly constrained variable types like covariance matrices, then the sampler is fine,
Chain 2 but if this warning occurs often then your model may be either severely ill-conditioned or misspecified.
Chain 2 
Chain 3 Informational Message: The current Metropolis proposal is about to be rejected because of the following issue:
Chain 3 Exception: normal_cdf: Scale parameter is 0, but must be positive! (in '/tmp/RtmpuVlZ1z/model-2be52f8da75c.stan', line 30, column 6 to column 53)
Chain 3 If this warning occurs sporadically, such as for highly constrained variable types like covariance matrices, then the sampler is fine,
Chain 3 but if this warning occurs often then your model may be either severely ill-conditioned or misspecified.
Chain 3 
Chain 4 Informational Message: The current Metropolis proposal is about to be rejected because of the following issue:
Chain 4 Exception: normal_cdf: Scale parameter is 0, but must be positive! (in '/tmp/RtmpuVlZ1z/model-2be52f8da75c.stan', line 30, column 6 to column 53)
Chain 4 If this warning occurs sporadically, such as for highly constrained variable types like covariance matrices, then the sampler is fine,
Chain 4 but if this warning occurs often then your model may be either severely ill-conditioned or misspecified.
Chain 4 
[OK] EQI0005_AAMR2006_2010 RUCC1 EQI+OB+UN+PD+DB
Chain 1 Informational Message: The current Metropolis proposal is about to be rejected because of the following issue:
Chain 1 Exception: normal_cdf: Scale parameter is 0, but must be positive! (in '/tmp/RtmpuVlZ1z/model-2be52f8da75c.stan', line 30, column 6 to column 53)
Chain 1 If this warning occurs sporadically, such as for highly constrained variable types like covariance matrices, then the sampler is fine,
Chain 1 but if this warning occurs often then your model may be either severely ill-conditioned or misspecified.
Chain 1 
Chain 2 Informational Message: The current Metropolis proposal is about to be rejected because of the following issue:
Chain 2 Exception: normal_cdf: Scale parameter is 0, but must be positive! (in '/tmp/RtmpuVlZ1z/model-2be52f8da75c.stan', line 30, column 6 to column 53)
Chain 2 If this warning occurs sporadically, such as for highly constrained variable types like covariance matrices, then the sampler is fine,
Chain 2 but if this warning occurs often then your model may be either severely ill-conditioned or misspecified.
Chain 2 
Chain 3 Informational Message: The current Metropolis proposal is about to be rejected because of the following issue:
Chain 3 Exception: normal_cdf: Scale parameter is 0, but must be positive! (in '/tmp/RtmpuVlZ1z/model-2be52f8da75c.stan', line 30, column 6 to column 53)
Chain 3 If this warning occurs sporadically, such as for highly constrained variable types like covariance matrices, then the sampler is fine,
Chain 3 but if this warning occurs often then your model may be either severely ill-conditioned or misspecified.
Chain 3 
Chain 4 Informational Message: The current Metropolis proposal is about to be rejected because of the following issue:
Chain 4 Exception: normal_cdf: Scale parameter is 0, but must be positive! (in '/tmp/RtmpuVlZ1z/model-2be52f8da75c.stan', line 30, column 6 to column 53)
Chain 4 If this warning occurs sporadically, such as for highly constrained variable types like covariance matrices, then the sampler is fine,
Chain 4 but if this warning occurs often then your model may be either severely ill-conditioned or misspecified.
Chain 4 
[OK] EQI0005_AAMR2006_2010 RUCC1 EQI+SM+PA+OB+UN+PD
Chain 1 Informational Message: The current Metropolis proposal is about to be rejected because of the following issue:
Chain 1 Exception: normal_cdf: Scale parameter is 0, but must be positive! (in '/tmp/RtmpuVlZ1z/model-2be52f8da75c.stan', line 30, column 6 to column 53)
Chain 1 If this warning occurs sporadically, such as for highly constrained variable types like covariance matrices, then the sampler is fine,
Chain 1 but if this warning occurs often then your model may be either severely ill-conditioned or misspecified.
Chain 1 
Chain 2 Informational Message: The current Metropolis proposal is about to be rejected because of the following issue:
Chain 2 Exception: normal_cdf: Scale parameter is 0, but must be positive! (in '/tmp/RtmpuVlZ1z/model-2be52f8da75c.stan', line 30, column 6 to column 53)
Chain 2 If this warning occurs sporadically, such as for highly constrained variable types like covariance matrices, then the sampler is fine,
Chain 2 but if this warning occurs often then your model may be either severely ill-conditioned or misspecified.
Chain 2 
Chain 3 Informational Message: The current Metropolis proposal is about to be rejected because of the following issue:
Chain 3 Exception: normal_cdf: Scale parameter is 0, but must be positive! (in '/tmp/RtmpuVlZ1z/model-2be52f8da75c.stan', line 30, column 6 to column 53)
Chain 3 If this warning occurs sporadically, such as for highly constrained variable types like covariance matrices, then the sampler is fine,
Chain 3 but if this warning occurs often then your model may be either severely ill-conditioned or misspecified.
Chain 3 
Chain 4 Informational Message: The current Metropolis proposal is about to be rejected because of the following issue:
Chain 4 Exception: normal_cdf: Scale parameter is 0, but must be positive! (in '/tmp/RtmpuVlZ1z/model-2be52f8da75c.stan', line 30, column 6 to column 53)
Chain 4 If this warning occurs sporadically, such as for highly constrained variable types like covariance matrices, then the sampler is fine,
Chain 4 but if this warning occurs often then your model may be either severely ill-conditioned or misspecified.
Chain 4 
[OK] EQI0005_AAMR2006_2010 RUCC1 EQI+SM+PA+OB+UN+DB
Chain 1 Informational Message: The current Metropolis proposal is about to be rejected because of the following issue:
Chain 1 Exception: normal_cdf: Scale parameter is 0, but must be positive! (in '/tmp/RtmpuVlZ1z/model-2be52f8da75c.stan', line 30, column 6 to column 53)
Chain 1 If this warning occurs sporadically, such as for highly constrained variable types like covariance matrices, then the sampler is fine,
Chain 1 but if this warning occurs often then your model may be either severely ill-conditioned or misspecified.
Chain 1 
Chain 2 Informational Message: The current Metropolis proposal is about to be rejected because of the following issue:
Chain 2 Exception: normal_cdf: Scale parameter is 0, but must be positive! (in '/tmp/RtmpuVlZ1z/model-2be52f8da75c.stan', line 30, column 6 to column 53)
Chain 2 If this warning occurs sporadically, such as for highly constrained variable types like covariance matrices, then the sampler is fine,
Chain 2 but if this warning occurs often then your model may be either severely ill-conditioned or misspecified.
Chain 2 
Chain 3 Informational Message: The current Metropolis proposal is about to be rejected because of the following issue:
Chain 3 Exception: normal_cdf: Scale parameter is 0, but must be positive! (in '/tmp/RtmpuVlZ1z/model-2be52f8da75c.stan', line 30, column 6 to column 53)
Chain 3 If this warning occurs sporadically, such as for highly constrained variable types like covariance matrices, then the sampler is fine,
Chain 3 but if this warning occurs often then your model may be either severely ill-conditioned or misspecified.
Chain 3 
Chain 4 Informational Message: The current Metropolis proposal is about to be rejected because of the following issue:
Chain 4 Exception: normal_cdf: Scale parameter is 0, but must be positive! (in '/tmp/RtmpuVlZ1z/model-2be52f8da75c.stan', line 30, column 6 to column 53)
Chain 4 If this warning occurs sporadically, such as for highly constrained variable types like covariance matrices, then the sampler is fine,
Chain 4 but if this warning occurs often then your model may be either severely ill-conditioned or misspecified.
Chain 4 
[OK] EQI0005_AAMR2006_2010 RUCC1 EQI+SM+PA+OB+PD+DB
Chain 1 Informational Message: The current Metropolis proposal is about to be rejected because of the following issue:
Chain 1 Exception: normal_cdf: Scale parameter is 0, but must be positive! (in '/tmp/RtmpuVlZ1z/model-2be52f8da75c.stan', line 30, column 6 to column 53)
Chain 1 If this warning occurs sporadically, such as for highly constrained variable types like covariance matrices, then the sampler is fine,
Chain 1 but if this warning occurs often then your model may be either severely ill-conditioned or misspecified.
Chain 1 
Chain 2 Informational Message: The current Metropolis proposal is about to be rejected because of the following issue:
Chain 2 Exception: normal_cdf: Scale parameter is 0, but must be positive! (in '/tmp/RtmpuVlZ1z/model-2be52f8da75c.stan', line 30, column 6 to column 53)
Chain 2 If this warning occurs sporadically, such as for highly constrained variable types like covariance matrices, then the sampler is fine,
Chain 2 but if this warning occurs often then your model may be either severely ill-conditioned or misspecified.
Chain 2 
Chain 3 Informational Message: The current Metropolis proposal is about to be rejected because of the following issue:
Chain 3 Exception: normal_cdf: Scale parameter is 0, but must be positive! (in '/tmp/RtmpuVlZ1z/model-2be52f8da75c.stan', line 30, column 6 to column 53)
Chain 3 If this warning occurs sporadically, such as for highly constrained variable types like covariance matrices, then the sampler is fine,
Chain 3 but if this warning occurs often then your model may be either severely ill-conditioned or misspecified.
Chain 3 
[OK] EQI0005_AAMR2006_2010 RUCC1 EQI+SM+PA+UN+PD+DB
Chain 1 Informational Message: The current Metropolis proposal is about to be rejected because of the following issue:
Chain 1 Exception: normal_cdf: Scale parameter is 0, but must be positive! (in '/tmp/RtmpuVlZ1z/model-2be52f8da75c.stan', line 30, column 6 to column 53)
Chain 1 If this warning occurs sporadically, such as for highly constrained variable types like covariance matrices, then the sampler is fine,
Chain 1 but if this warning occurs often then your model may be either severely ill-conditioned or misspecified.
Chain 1 
Chain 2 Informational Message: The current Metropolis proposal is about to be rejected because of the following issue:
Chain 2 Exception: normal_cdf: Scale parameter is 0, but must be positive! (in '/tmp/RtmpuVlZ1z/model-2be52f8da75c.stan', line 30, column 6 to column 53)
Chain 2 If this warning occurs sporadically, such as for highly constrained variable types like covariance matrices, then the sampler is fine,
Chain 2 but if this warning occurs often then your model may be either severely ill-conditioned or misspecified.
Chain 2 
Chain 3 Informational Message: The current Metropolis proposal is about to be rejected because of the following issue:
Chain 3 Exception: normal_cdf: Scale parameter is 0, but must be positive! (in '/tmp/RtmpuVlZ1z/model-2be52f8da75c.stan', line 30, column 6 to column 53)
Chain 3 If this warning occurs sporadically, such as for highly constrained variable types like covariance matrices, then the sampler is fine,
Chain 3 but if this warning occurs often then your model may be either severely ill-conditioned or misspecified.
Chain 3 
Chain 4 Informational Message: The current Metropolis proposal is about to be rejected because of the following issue:
Chain 4 Exception: normal_cdf: Scale parameter is 0, but must be positive! (in '/tmp/RtmpuVlZ1z/model-2be52f8da75c.stan', line 30, column 6 to column 53)
Chain 4 If this warning occurs sporadically, such as for highly constrained variable types like covariance matrices, then the sampler is fine,
Chain 4 but if this warning occurs often then your model may be either severely ill-conditioned or misspecified.
Chain 4 
[OK] EQI0005_AAMR2006_2010 RUCC1 EQI+SM+OB+UN+PD+DB
Chain 1 Informational Message: The current Metropolis proposal is about to be rejected because of the following issue:
Chain 1 Exception: normal_cdf: Scale parameter is 0, but must be positive! (in '/tmp/RtmpuVlZ1z/model-2be52f8da75c.stan', line 30, column 6 to column 53)
Chain 1 If this warning occurs sporadically, such as for highly constrained variable types like covariance matrices, then the sampler is fine,
Chain 1 but if this warning occurs often then your model may be either severely ill-conditioned or misspecified.
Chain 1 
Chain 2 Informational Message: The current Metropolis proposal is about to be rejected because of the following issue:
Chain 2 Exception: normal_cdf: Scale parameter is 0, but must be positive! (in '/tmp/RtmpuVlZ1z/model-2be52f8da75c.stan', line 30, column 6 to column 53)
Chain 2 If this warning occurs sporadically, such as for highly constrained variable types like covariance matrices, then the sampler is fine,
Chain 2 but if this warning occurs often then your model may be either severely ill-conditioned or misspecified.
Chain 2 
Chain 3 Informational Message: The current Metropolis proposal is about to be rejected because of the following issue:
Chain 3 Exception: normal_cdf: Scale parameter is 0, but must be positive! (in '/tmp/RtmpuVlZ1z/model-2be52f8da75c.stan', line 30, column 6 to column 53)
Chain 3 If this warning occurs sporadically, such as for highly constrained variable types like covariance matrices, then the sampler is fine,
Chain 3 but if this warning occurs often then your model may be either severely ill-conditioned or misspecified.
Chain 3 
Chain 4 Informational Message: The current Metropolis proposal is about to be rejected because of the following issue:
Chain 4 Exception: normal_cdf: Scale parameter is 0, but must be positive! (in '/tmp/RtmpuVlZ1z/model-2be52f8da75c.stan', line 30, column 6 to column 53)
Chain 4 If this warning occurs sporadically, such as for highly constrained variable types like covariance matrices, then the sampler is fine,
Chain 4 but if this warning occurs often then your model may be either severely ill-conditioned or misspecified.
Chain 4 
[OK] EQI0005_AAMR2006_2010 RUCC1 EQI+PA+OB+UN+PD+DB
Chain 1 Informational Message: The current Metropolis proposal is about to be rejected because of the following issue:
Chain 1 Exception: normal_cdf: Scale parameter is 0, but must be positive! (in '/tmp/RtmpuVlZ1z/model-2be52f8da75c.stan', line 30, column 6 to column 53)
Chain 1 If this warning occurs sporadically, such as for highly constrained variable types like covariance matrices, then the sampler is fine,
Chain 1 but if this warning occurs often then your model may be either severely ill-conditioned or misspecified.
Chain 1 
Chain 2 Informational Message: The current Metropolis proposal is about to be rejected because of the following issue:
Chain 2 Exception: normal_cdf: Scale parameter is 0, but must be positive! (in '/tmp/RtmpuVlZ1z/model-2be52f8da75c.stan', line 30, column 6 to column 53)
Chain 2 If this warning occurs sporadically, such as for highly constrained variable types like covariance matrices, then the sampler is fine,
Chain 2 but if this warning occurs often then your model may be either severely ill-conditioned or misspecified.
Chain 2 
Chain 3 Informational Message: The current Metropolis proposal is about to be rejected because of the following issue:
Chain 3 Exception: normal_cdf: Scale parameter is 0, but must be positive! (in '/tmp/RtmpuVlZ1z/model-2be52f8da75c.stan', line 30, column 6 to column 53)
Chain 3 If this warning occurs sporadically, such as for highly constrained variable types like covariance matrices, then the sampler is fine,
Chain 3 but if this warning occurs often then your model may be either severely ill-conditioned or misspecified.
Chain 3 
Chain 4 Informational Message: The current Metropolis proposal is about to be rejected because of the following issue:
Chain 4 Exception: normal_cdf: Scale parameter is 0, but must be positive! (in '/tmp/RtmpuVlZ1z/model-2be52f8da75c.stan', line 30, column 6 to column 53)
Chain 4 If this warning occurs sporadically, such as for highly constrained variable types like covariance matrices, then the sampler is fine,
Chain 4 but if this warning occurs often then your model may be either severely ill-conditioned or misspecified.
Chain 4 
[OK] EQI0005_AAMR2006_2010 RUCC1 EQI+SM+PA+OB+UN+PD+DB
Chain 2 Informational Message: The current Metropolis proposal is about to be rejected because of the following issue:
Chain 2 Exception: normal_cdf: Location parameter is inf, but must be finite! (in '/tmp/RtmpuVlZ1z/model-2be52f8da75c.stan', line 30, column 6 to column 53)
Chain 2 If this warning occurs sporadically, such as for highly constrained variable types like covariance matrices, then the sampler is fine,
Chain 2 but if this warning occurs often then your model may be either severely ill-conditioned or misspecified.
Chain 2 
Chain 3 Informational Message: The current Metropolis proposal is about to be rejected because of the following issue:
Chain 3 Exception: normal_cdf: Scale parameter is 0, but must be positive! (in '/tmp/RtmpuVlZ1z/model-2be52f8da75c.stan', line 30, column 6 to column 53)
Chain 3 If this warning occurs sporadically, such as for highly constrained variable types like covariance matrices, then the sampler is fine,
Chain 3 but if this warning occurs often then your model may be either severely ill-conditioned or misspecified.
Chain 3 
[OK] EQI0005_AAMR2006_2010 RUCC2 EQI
Chain 4 Informational Message: The current Metropolis proposal is about to be rejected because of the following issue:
Chain 4 Exception: normal_cdf: Scale parameter is 0, but must be positive! (in '/tmp/RtmpuVlZ1z/model-2be52f8da75c.stan', line 30, column 6 to column 53)
Chain 4 If this warning occurs sporadically, such as for highly constrained variable types like covariance matrices, then the sampler is fine,
Chain 4 but if this warning occurs often then your model may be either severely ill-conditioned or misspecified.
Chain 4 
[OK] EQI0005_AAMR2006_2010 RUCC2 EQI+SM
Chain 2 Informational Message: The current Metropolis proposal is about to be rejected because of the following issue:
Chain 2 Exception: normal_cdf: Scale parameter is 0, but must be positive! (in '/tmp/RtmpuVlZ1z/model-2be52f8da75c.stan', line 30, column 6 to column 53)
Chain 2 If this warning occurs sporadically, such as for highly constrained variable types like covariance matrices, then the sampler is fine,
Chain 2 but if this warning occurs often then your model may be either severely ill-conditioned or misspecified.
Chain 2 
Chain 3 Informational Message: The current Metropolis proposal is about to be rejected because of the following issue:
Chain 3 Exception: normal_cdf: Scale parameter is 0, but must be positive! (in '/tmp/RtmpuVlZ1z/model-2be52f8da75c.stan', line 30, column 6 to column 53)
Chain 3 If this warning occurs sporadically, such as for highly constrained variable types like covariance matrices, then the sampler is fine,
Chain 3 but if this warning occurs often then your model may be either severely ill-conditioned or misspecified.
Chain 3 
[OK] EQI0005_AAMR2006_2010 RUCC2 EQI+PA
Chain 2 Informational Message: The current Metropolis proposal is about to be rejected because of the following issue:
Chain 2 Exception: normal_cdf: Scale parameter is 0, but must be positive! (in '/tmp/RtmpuVlZ1z/model-2be52f8da75c.stan', line 30, column 6 to column 53)
Chain 2 If this warning occurs sporadically, such as for highly constrained variable types like covariance matrices, then the sampler is fine,
Chain 2 but if this warning occurs often then your model may be either severely ill-conditioned or misspecified.
Chain 2 
Chain 4 Informational Message: The current Metropolis proposal is about to be rejected because of the following issue:
Chain 4 Exception: normal_cdf: Scale parameter is 0, but must be positive! (in '/tmp/RtmpuVlZ1z/model-2be52f8da75c.stan', line 30, column 6 to column 53)
Chain 4 If this warning occurs sporadically, such as for highly constrained variable types like covariance matrices, then the sampler is fine,
Chain 4 but if this warning occurs often then your model may be either severely ill-conditioned or misspecified.
Chain 4 
[OK] EQI0005_AAMR2006_2010 RUCC2 EQI+OB
Chain 1 Informational Message: The current Metropolis proposal is about to be rejected because of the following issue:
Chain 1 Exception: normal_cdf: Scale parameter is 0, but must be positive! (in '/tmp/RtmpuVlZ1z/model-2be52f8da75c.stan', line 30, column 6 to column 53)
Chain 1 If this warning occurs sporadically, such as for highly constrained variable types like covariance matrices, then the sampler is fine,
Chain 1 but if this warning occurs often then your model may be either severely ill-conditioned or misspecified.
Chain 1 
Chain 3 Informational Message: The current Metropolis proposal is about to be rejected because of the following issue:
Chain 3 Exception: normal_cdf: Scale parameter is 0, but must be positive! (in '/tmp/RtmpuVlZ1z/model-2be52f8da75c.stan', line 30, column 6 to column 53)
Chain 3 If this warning occurs sporadically, such as for highly constrained variable types like covariance matrices, then the sampler is fine,
Chain 3 but if this warning occurs often then your model may be either severely ill-conditioned or misspecified.
Chain 3 
Chain 4 Informational Message: The current Metropolis proposal is about to be rejected because of the following issue:
Chain 4 Exception: normal_cdf: Scale parameter is 0, but must be positive! (in '/tmp/RtmpuVlZ1z/model-2be52f8da75c.stan', line 30, column 6 to column 53)
Chain 4 If this warning occurs sporadically, such as for highly constrained variable types like covariance matrices, then the sampler is fine,
Chain 4 but if this warning occurs often then your model may be either severely ill-conditioned or misspecified.
Chain 4 
[OK] EQI0005_AAMR2006_2010 RUCC2 EQI+UN
Chain 1 Informational Message: The current Metropolis proposal is about to be rejected because of the following issue:
Chain 1 Exception: normal_cdf: Scale parameter is 0, but must be positive! (in '/tmp/RtmpuVlZ1z/model-2be52f8da75c.stan', line 30, column 6 to column 53)
Chain 1 If this warning occurs sporadically, such as for highly constrained variable types like covariance matrices, then the sampler is fine,
Chain 1 but if this warning occurs often then your model may be either severely ill-conditioned or misspecified.
Chain 1 
Chain 3 Informational Message: The current Metropolis proposal is about to be rejected because of the following issue:
Chain 3 Exception: normal_cdf: Scale parameter is 0, but must be positive! (in '/tmp/RtmpuVlZ1z/model-2be52f8da75c.stan', line 30, column 6 to column 53)
Chain 3 If this warning occurs sporadically, such as for highly constrained variable types like covariance matrices, then the sampler is fine,
Chain 3 but if this warning occurs often then your model may be either severely ill-conditioned or misspecified.
Chain 3 
Chain 4 Informational Message: The current Metropolis proposal is about to be rejected because of the following issue:
Chain 4 Exception: normal_cdf: Scale parameter is 0, but must be positive! (in '/tmp/RtmpuVlZ1z/model-2be52f8da75c.stan', line 30, column 6 to column 53)
Chain 4 If this warning occurs sporadically, such as for highly constrained variable types like covariance matrices, then the sampler is fine,
Chain 4 but if this warning occurs often then your model may be either severely ill-conditioned or misspecified.
Chain 4 
[OK] EQI0005_AAMR2006_2010 RUCC2 EQI+PD
[OK] EQI0005_AAMR2006_2010 RUCC2 EQI+DB
Chain 1 Informational Message: The current Metropolis proposal is about to be rejected because of the following issue:
Chain 1 Exception: normal_cdf: Scale parameter is 0, but must be positive! (in '/tmp/RtmpuVlZ1z/model-2be52f8da75c.stan', line 30, column 6 to column 53)
Chain 1 If this warning occurs sporadically, such as for highly constrained variable types like covariance matrices, then the sampler is fine,
Chain 1 but if this warning occurs often then your model may be either severely ill-conditioned or misspecified.
Chain 1 
Chain 2 Informational Message: The current Metropolis proposal is about to be rejected because of the following issue:
Chain 2 Exception: normal_cdf: Scale parameter is 0, but must be positive! (in '/tmp/RtmpuVlZ1z/model-2be52f8da75c.stan', line 30, column 6 to column 53)
Chain 2 If this warning occurs sporadically, such as for highly constrained variable types like covariance matrices, then the sampler is fine,
Chain 2 but if this warning occurs often then your model may be either severely ill-conditioned or misspecified.
Chain 2 
Chain 4 Informational Message: The current Metropolis proposal is about to be rejected because of the following issue:
Chain 4 Exception: normal_cdf: Scale parameter is 0, but must be positive! (in '/tmp/RtmpuVlZ1z/model-2be52f8da75c.stan', line 30, column 6 to column 53)
Chain 4 If this warning occurs sporadically, such as for highly constrained variable types like covariance matrices, then the sampler is fine,
Chain 4 but if this warning occurs often then your model may be either severely ill-conditioned or misspecified.
Chain 4 
[OK] EQI0005_AAMR2006_2010 RUCC2 EQI+SM+PA
Chain 2 Informational Message: The current Metropolis proposal is about to be rejected because of the following issue:
Chain 2 Exception: normal_cdf: Scale parameter is 0, but must be positive! (in '/tmp/RtmpuVlZ1z/model-2be52f8da75c.stan', line 30, column 6 to column 53)
Chain 2 If this warning occurs sporadically, such as for highly constrained variable types like covariance matrices, then the sampler is fine,
Chain 2 but if this warning occurs often then your model may be either severely ill-conditioned or misspecified.
Chain 2 
Chain 4 Informational Message: The current Metropolis proposal is about to be rejected because of the following issue:
Chain 4 Exception: normal_cdf: Scale parameter is 0, but must be positive! (in '/tmp/RtmpuVlZ1z/model-2be52f8da75c.stan', line 30, column 6 to column 53)
Chain 4 If this warning occurs sporadically, such as for highly constrained variable types like covariance matrices, then the sampler is fine,
Chain 4 but if this warning occurs often then your model may be either severely ill-conditioned or misspecified.
Chain 4 
[OK] EQI0005_AAMR2006_2010 RUCC2 EQI+SM+OB
Chain 1 Informational Message: The current Metropolis proposal is about to be rejected because of the following issue:
Chain 1 Exception: normal_cdf: Scale parameter is 0, but must be positive! (in '/tmp/RtmpuVlZ1z/model-2be52f8da75c.stan', line 30, column 6 to column 53)
Chain 1 If this warning occurs sporadically, such as for highly constrained variable types like covariance matrices, then the sampler is fine,
Chain 1 but if this warning occurs often then your model may be either severely ill-conditioned or misspecified.
Chain 1 
Chain 2 Informational Message: The current Metropolis proposal is about to be rejected because of the following issue:
Chain 2 Exception: normal_cdf: Scale parameter is 0, but must be positive! (in '/tmp/RtmpuVlZ1z/model-2be52f8da75c.stan', line 30, column 6 to column 53)
Chain 2 If this warning occurs sporadically, such as for highly constrained variable types like covariance matrices, then the sampler is fine,
Chain 2 but if this warning occurs often then your model may be either severely ill-conditioned or misspecified.
Chain 2 
Chain 3 Informational Message: The current Metropolis proposal is about to be rejected because of the following issue:
Chain 3 Exception: normal_cdf: Scale parameter is 0, but must be positive! (in '/tmp/RtmpuVlZ1z/model-2be52f8da75c.stan', line 30, column 6 to column 53)
Chain 3 If this warning occurs sporadically, such as for highly constrained variable types like covariance matrices, then the sampler is fine,
Chain 3 but if this warning occurs often then your model may be either severely ill-conditioned or misspecified.
Chain 3 
[OK] EQI0005_AAMR2006_2010 RUCC2 EQI+SM+UN
Chain 1 Informational Message: The current Metropolis proposal is about to be rejected because of the following issue:
Chain 1 Exception: normal_cdf: Scale parameter is 0, but must be positive! (in '/tmp/RtmpuVlZ1z/model-2be52f8da75c.stan', line 30, column 6 to column 53)
Chain 1 If this warning occurs sporadically, such as for highly constrained variable types like covariance matrices, then the sampler is fine,
Chain 1 but if this warning occurs often then your model may be either severely ill-conditioned or misspecified.
Chain 1 
Chain 2 Informational Message: The current Metropolis proposal is about to be rejected because of the following issue:
Chain 2 Exception: normal_cdf: Scale parameter is 0, but must be positive! (in '/tmp/RtmpuVlZ1z/model-2be52f8da75c.stan', line 30, column 6 to column 53)
Chain 2 If this warning occurs sporadically, such as for highly constrained variable types like covariance matrices, then the sampler is fine,
Chain 2 but if this warning occurs often then your model may be either severely ill-conditioned or misspecified.
Chain 2 
Chain 3 Informational Message: The current Metropolis proposal is about to be rejected because of the following issue:
Chain 3 Exception: normal_cdf: Scale parameter is 0, but must be positive! (in '/tmp/RtmpuVlZ1z/model-2be52f8da75c.stan', line 30, column 6 to column 53)
Chain 3 If this warning occurs sporadically, such as for highly constrained variable types like covariance matrices, then the sampler is fine,
Chain 3 but if this warning occurs often then your model may be either severely ill-conditioned or misspecified.
Chain 3 
[OK] EQI0005_AAMR2006_2010 RUCC2 EQI+SM+PD
Chain 1 Informational Message: The current Metropolis proposal is about to be rejected because of the following issue:
Chain 1 Exception: normal_cdf: Scale parameter is 0, but must be positive! (in '/tmp/RtmpuVlZ1z/model-2be52f8da75c.stan', line 30, column 6 to column 53)
Chain 1 If this warning occurs sporadically, such as for highly constrained variable types like covariance matrices, then the sampler is fine,
Chain 1 but if this warning occurs often then your model may be either severely ill-conditioned or misspecified.
Chain 1 
Chain 2 Informational Message: The current Metropolis proposal is about to be rejected because of the following issue:
Chain 2 Exception: normal_cdf: Scale parameter is 0, but must be positive! (in '/tmp/RtmpuVlZ1z/model-2be52f8da75c.stan', line 30, column 6 to column 53)
Chain 2 If this warning occurs sporadically, such as for highly constrained variable types like covariance matrices, then the sampler is fine,
Chain 2 but if this warning occurs often then your model may be either severely ill-conditioned or misspecified.
Chain 2 
Chain 3 Informational Message: The current Metropolis proposal is about to be rejected because of the following issue:
Chain 3 Exception: normal_cdf: Scale parameter is 0, but must be positive! (in '/tmp/RtmpuVlZ1z/model-2be52f8da75c.stan', line 30, column 6 to column 53)
Chain 3 If this warning occurs sporadically, such as for highly constrained variable types like covariance matrices, then the sampler is fine,
Chain 3 but if this warning occurs often then your model may be either severely ill-conditioned or misspecified.
Chain 3 
[OK] EQI0005_AAMR2006_2010 RUCC2 EQI+SM+DB
Chain 1 Informational Message: The current Metropolis proposal is about to be rejected because of the following issue:
Chain 1 Exception: normal_cdf: Scale parameter is 0, but must be positive! (in '/tmp/RtmpuVlZ1z/model-2be52f8da75c.stan', line 30, column 6 to column 53)
Chain 1 If this warning occurs sporadically, such as for highly constrained variable types like covariance matrices, then the sampler is fine,
Chain 1 but if this warning occurs often then your model may be either severely ill-conditioned or misspecified.
Chain 1 
Chain 2 Informational Message: The current Metropolis proposal is about to be rejected because of the following issue:
Chain 2 Exception: normal_cdf: Scale parameter is 0, but must be positive! (in '/tmp/RtmpuVlZ1z/model-2be52f8da75c.stan', line 30, column 6 to column 53)
Chain 2 If this warning occurs sporadically, such as for highly constrained variable types like covariance matrices, then the sampler is fine,
Chain 2 but if this warning occurs often then your model may be either severely ill-conditioned or misspecified.
Chain 2 
Chain 4 Informational Message: The current Metropolis proposal is about to be rejected because of the following issue:
Chain 4 Exception: normal_cdf: Scale parameter is 0, but must be positive! (in '/tmp/RtmpuVlZ1z/model-2be52f8da75c.stan', line 30, column 6 to column 53)
Chain 4 If this warning occurs sporadically, such as for highly constrained variable types like covariance matrices, then the sampler is fine,
Chain 4 but if this warning occurs often then your model may be either severely ill-conditioned or misspecified.
Chain 4 
[OK] EQI0005_AAMR2006_2010 RUCC2 EQI+PA+OB
Chain 1 Informational Message: The current Metropolis proposal is about to be rejected because of the following issue:
Chain 1 Exception: normal_cdf: Scale parameter is 0, but must be positive! (in '/tmp/RtmpuVlZ1z/model-2be52f8da75c.stan', line 30, column 6 to column 53)
Chain 1 If this warning occurs sporadically, such as for highly constrained variable types like covariance matrices, then the sampler is fine,
Chain 1 but if this warning occurs often then your model may be either severely ill-conditioned or misspecified.
Chain 1 
Chain 2 Informational Message: The current Metropolis proposal is about to be rejected because of the following issue:
Chain 2 Exception: normal_cdf: Scale parameter is 0, but must be positive! (in '/tmp/RtmpuVlZ1z/model-2be52f8da75c.stan', line 30, column 6 to column 53)
Chain 2 If this warning occurs sporadically, such as for highly constrained variable types like covariance matrices, then the sampler is fine,
Chain 2 but if this warning occurs often then your model may be either severely ill-conditioned or misspecified.
Chain 2 
Chain 3 Informational Message: The current Metropolis proposal is about to be rejected because of the following issue:
Chain 3 Exception: normal_cdf: Scale parameter is 0, but must be positive! (in '/tmp/RtmpuVlZ1z/model-2be52f8da75c.stan', line 30, column 6 to column 53)
Chain 3 If this warning occurs sporadically, such as for highly constrained variable types like covariance matrices, then the sampler is fine,
Chain 3 but if this warning occurs often then your model may be either severely ill-conditioned or misspecified.
Chain 3 
[OK] EQI0005_AAMR2006_2010 RUCC2 EQI+PA+UN
Chain 1 Informational Message: The current Metropolis proposal is about to be rejected because of the following issue:
Chain 1 Exception: normal_cdf: Scale parameter is 0, but must be positive! (in '/tmp/RtmpuVlZ1z/model-2be52f8da75c.stan', line 30, column 6 to column 53)
Chain 1 If this warning occurs sporadically, such as for highly constrained variable types like covariance matrices, then the sampler is fine,
Chain 1 but if this warning occurs often then your model may be either severely ill-conditioned or misspecified.
Chain 1 
Chain 2 Informational Message: The current Metropolis proposal is about to be rejected because of the following issue:
Chain 2 Exception: normal_cdf: Scale parameter is 0, but must be positive! (in '/tmp/RtmpuVlZ1z/model-2be52f8da75c.stan', line 30, column 6 to column 53)
Chain 2 If this warning occurs sporadically, such as for highly constrained variable types like covariance matrices, then the sampler is fine,
Chain 2 but if this warning occurs often then your model may be either severely ill-conditioned or misspecified.
Chain 2 
Chain 3 Informational Message: The current Metropolis proposal is about to be rejected because of the following issue:
Chain 3 Exception: normal_cdf: Scale parameter is 0, but must be positive! (in '/tmp/RtmpuVlZ1z/model-2be52f8da75c.stan', line 30, column 6 to column 53)
Chain 3 If this warning occurs sporadically, such as for highly constrained variable types like covariance matrices, then the sampler is fine,
Chain 3 but if this warning occurs often then your model may be either severely ill-conditioned or misspecified.
Chain 3 
Chain 4 Informational Message: The current Metropolis proposal is about to be rejected because of the following issue:
Chain 4 Exception: normal_cdf: Scale parameter is 0, but must be positive! (in '/tmp/RtmpuVlZ1z/model-2be52f8da75c.stan', line 30, column 6 to column 53)
Chain 4 If this warning occurs sporadically, such as for highly constrained variable types like covariance matrices, then the sampler is fine,
Chain 4 but if this warning occurs often then your model may be either severely ill-conditioned or misspecified.
Chain 4 
[OK] EQI0005_AAMR2006_2010 RUCC2 EQI+PA+PD
Chain 1 Informational Message: The current Metropolis proposal is about to be rejected because of the following issue:
Chain 1 Exception: normal_cdf: Scale parameter is 0, but must be positive! (in '/tmp/RtmpuVlZ1z/model-2be52f8da75c.stan', line 30, column 6 to column 53)
Chain 1 If this warning occurs sporadically, such as for highly constrained variable types like covariance matrices, then the sampler is fine,
Chain 1 but if this warning occurs often then your model may be either severely ill-conditioned or misspecified.
Chain 1 
Chain 2 Informational Message: The current Metropolis proposal is about to be rejected because of the following issue:
Chain 2 Exception: normal_cdf: Scale parameter is 0, but must be positive! (in '/tmp/RtmpuVlZ1z/model-2be52f8da75c.stan', line 30, column 6 to column 53)
Chain 2 If this warning occurs sporadically, such as for highly constrained variable types like covariance matrices, then the sampler is fine,
Chain 2 but if this warning occurs often then your model may be either severely ill-conditioned or misspecified.
Chain 2 
Chain 3 Informational Message: The current Metropolis proposal is about to be rejected because of the following issue:
Chain 3 Exception: normal_cdf: Scale parameter is 0, but must be positive! (in '/tmp/RtmpuVlZ1z/model-2be52f8da75c.stan', line 30, column 6 to column 53)
Chain 3 If this warning occurs sporadically, such as for highly constrained variable types like covariance matrices, then the sampler is fine,
Chain 3 but if this warning occurs often then your model may be either severely ill-conditioned or misspecified.
Chain 3 
[OK] EQI0005_AAMR2006_2010 RUCC2 EQI+PA+DB
Chain 2 Informational Message: The current Metropolis proposal is about to be rejected because of the following issue:
Chain 2 Exception: normal_cdf: Scale parameter is 0, but must be positive! (in '/tmp/RtmpuVlZ1z/model-2be52f8da75c.stan', line 30, column 6 to column 53)
Chain 2 If this warning occurs sporadically, such as for highly constrained variable types like covariance matrices, then the sampler is fine,
Chain 2 but if this warning occurs often then your model may be either severely ill-conditioned or misspecified.
Chain 2 
Chain 3 Informational Message: The current Metropolis proposal is about to be rejected because of the following issue:
Chain 3 Exception: normal_cdf: Scale parameter is 0, but must be positive! (in '/tmp/RtmpuVlZ1z/model-2be52f8da75c.stan', line 30, column 6 to column 53)
Chain 3 If this warning occurs sporadically, such as for highly constrained variable types like covariance matrices, then the sampler is fine,
Chain 3 but if this warning occurs often then your model may be either severely ill-conditioned or misspecified.
Chain 3 
Chain 4 Informational Message: The current Metropolis proposal is about to be rejected because of the following issue:
Chain 4 Exception: normal_cdf: Scale parameter is 0, but must be positive! (in '/tmp/RtmpuVlZ1z/model-2be52f8da75c.stan', line 30, column 6 to column 53)
Chain 4 If this warning occurs sporadically, such as for highly constrained variable types like covariance matrices, then the sampler is fine,
Chain 4 but if this warning occurs often then your model may be either severely ill-conditioned or misspecified.
Chain 4 
[OK] EQI0005_AAMR2006_2010 RUCC2 EQI+OB+UN
Chain 1 Informational Message: The current Metropolis proposal is about to be rejected because of the following issue:
Chain 1 Exception: normal_cdf: Scale parameter is 0, but must be positive! (in '/tmp/RtmpuVlZ1z/model-2be52f8da75c.stan', line 30, column 6 to column 53)
Chain 1 If this warning occurs sporadically, such as for highly constrained variable types like covariance matrices, then the sampler is fine,
Chain 1 but if this warning occurs often then your model may be either severely ill-conditioned or misspecified.
Chain 1 
Chain 2 Informational Message: The current Metropolis proposal is about to be rejected because of the following issue:
Chain 2 Exception: normal_cdf: Scale parameter is 0, but must be positive! (in '/tmp/RtmpuVlZ1z/model-2be52f8da75c.stan', line 30, column 6 to column 53)
Chain 2 If this warning occurs sporadically, such as for highly constrained variable types like covariance matrices, then the sampler is fine,
Chain 2 but if this warning occurs often then your model may be either severely ill-conditioned or misspecified.
Chain 2 
Chain 3 Informational Message: The current Metropolis proposal is about to be rejected because of the following issue:
Chain 3 Exception: normal_cdf: Scale parameter is 0, but must be positive! (in '/tmp/RtmpuVlZ1z/model-2be52f8da75c.stan', line 30, column 6 to column 53)
Chain 3 If this warning occurs sporadically, such as for highly constrained variable types like covariance matrices, then the sampler is fine,
Chain 3 but if this warning occurs often then your model may be either severely ill-conditioned or misspecified.
Chain 3 
Chain 4 Informational Message: The current Metropolis proposal is about to be rejected because of the following issue:
Chain 4 Exception: normal_cdf: Scale parameter is 0, but must be positive! (in '/tmp/RtmpuVlZ1z/model-2be52f8da75c.stan', line 30, column 6 to column 53)
Chain 4 If this warning occurs sporadically, such as for highly constrained variable types like covariance matrices, then the sampler is fine,
Chain 4 but if this warning occurs often then your model may be either severely ill-conditioned or misspecified.
Chain 4 
[OK] EQI0005_AAMR2006_2010 RUCC2 EQI+OB+PD
Chain 1 Informational Message: The current Metropolis proposal is about to be rejected because of the following issue:
Chain 1 Exception: normal_cdf: Scale parameter is 0, but must be positive! (in '/tmp/RtmpuVlZ1z/model-2be52f8da75c.stan', line 30, column 6 to column 53)
Chain 1 If this warning occurs sporadically, such as for highly constrained variable types like covariance matrices, then the sampler is fine,
Chain 1 but if this warning occurs often then your model may be either severely ill-conditioned or misspecified.
Chain 1 
Chain 2 Informational Message: The current Metropolis proposal is about to be rejected because of the following issue:
Chain 2 Exception: normal_cdf: Scale parameter is 0, but must be positive! (in '/tmp/RtmpuVlZ1z/model-2be52f8da75c.stan', line 30, column 6 to column 53)
Chain 2 If this warning occurs sporadically, such as for highly constrained variable types like covariance matrices, then the sampler is fine,
Chain 2 but if this warning occurs often then your model may be either severely ill-conditioned or misspecified.
Chain 2 
Chain 3 Informational Message: The current Metropolis proposal is about to be rejected because of the following issue:
Chain 3 Exception: normal_cdf: Scale parameter is 0, but must be positive! (in '/tmp/RtmpuVlZ1z/model-2be52f8da75c.stan', line 30, column 6 to column 53)
Chain 3 If this warning occurs sporadically, such as for highly constrained variable types like covariance matrices, then the sampler is fine,
Chain 3 but if this warning occurs often then your model may be either severely ill-conditioned or misspecified.
Chain 3 
Chain 4 Informational Message: The current Metropolis proposal is about to be rejected because of the following issue:
Chain 4 Exception: normal_cdf: Scale parameter is 0, but must be positive! (in '/tmp/RtmpuVlZ1z/model-2be52f8da75c.stan', line 30, column 6 to column 53)
Chain 4 If this warning occurs sporadically, such as for highly constrained variable types like covariance matrices, then the sampler is fine,
Chain 4 but if this warning occurs often then your model may be either severely ill-conditioned or misspecified.
Chain 4 
[OK] EQI0005_AAMR2006_2010 RUCC2 EQI+OB+DB
Chain 1 Informational Message: The current Metropolis proposal is about to be rejected because of the following issue:
Chain 1 Exception: normal_cdf: Scale parameter is 0, but must be positive! (in '/tmp/RtmpuVlZ1z/model-2be52f8da75c.stan', line 30, column 6 to column 53)
Chain 1 If this warning occurs sporadically, such as for highly constrained variable types like covariance matrices, then the sampler is fine,
Chain 1 but if this warning occurs often then your model may be either severely ill-conditioned or misspecified.
Chain 1 
Chain 2 Informational Message: The current Metropolis proposal is about to be rejected because of the following issue:
Chain 2 Exception: normal_cdf: Scale parameter is 0, but must be positive! (in '/tmp/RtmpuVlZ1z/model-2be52f8da75c.stan', line 30, column 6 to column 53)
Chain 2 If this warning occurs sporadically, such as for highly constrained variable types like covariance matrices, then the sampler is fine,
Chain 2 but if this warning occurs often then your model may be either severely ill-conditioned or misspecified.
Chain 2 
Chain 3 Informational Message: The current Metropolis proposal is about to be rejected because of the following issue:
Chain 3 Exception: normal_cdf: Scale parameter is 0, but must be positive! (in '/tmp/RtmpuVlZ1z/model-2be52f8da75c.stan', line 30, column 6 to column 53)
Chain 3 If this warning occurs sporadically, such as for highly constrained variable types like covariance matrices, then the sampler is fine,
Chain 3 but if this warning occurs often then your model may be either severely ill-conditioned or misspecified.
Chain 3 
[OK] EQI0005_AAMR2006_2010 RUCC2 EQI+UN+PD
Chain 2 Informational Message: The current Metropolis proposal is about to be rejected because of the following issue:
Chain 2 Exception: normal_cdf: Scale parameter is 0, but must be positive! (in '/tmp/RtmpuVlZ1z/model-2be52f8da75c.stan', line 30, column 6 to column 53)
Chain 2 If this warning occurs sporadically, such as for highly constrained variable types like covariance matrices, then the sampler is fine,
Chain 2 but if this warning occurs often then your model may be either severely ill-conditioned or misspecified.
Chain 2 
Chain 4 Informational Message: The current Metropolis proposal is about to be rejected because of the following issue:
Chain 4 Exception: normal_cdf: Scale parameter is 0, but must be positive! (in '/tmp/RtmpuVlZ1z/model-2be52f8da75c.stan', line 30, column 6 to column 53)
Chain 4 If this warning occurs sporadically, such as for highly constrained variable types like covariance matrices, then the sampler is fine,
Chain 4 but if this warning occurs often then your model may be either severely ill-conditioned or misspecified.
Chain 4 
[OK] EQI0005_AAMR2006_2010 RUCC2 EQI+UN+DB
Chain 1 Informational Message: The current Metropolis proposal is about to be rejected because of the following issue:
Chain 1 Exception: normal_cdf: Scale parameter is 0, but must be positive! (in '/tmp/RtmpuVlZ1z/model-2be52f8da75c.stan', line 30, column 6 to column 53)
Chain 1 If this warning occurs sporadically, such as for highly constrained variable types like covariance matrices, then the sampler is fine,
Chain 1 but if this warning occurs often then your model may be either severely ill-conditioned or misspecified.
Chain 1 
Chain 2 Informational Message: The current Metropolis proposal is about to be rejected because of the following issue:
Chain 2 Exception: normal_cdf: Scale parameter is 0, but must be positive! (in '/tmp/RtmpuVlZ1z/model-2be52f8da75c.stan', line 30, column 6 to column 53)
Chain 2 If this warning occurs sporadically, such as for highly constrained variable types like covariance matrices, then the sampler is fine,
Chain 2 but if this warning occurs often then your model may be either severely ill-conditioned or misspecified.
Chain 2 
Chain 3 Informational Message: The current Metropolis proposal is about to be rejected because of the following issue:
Chain 3 Exception: normal_cdf: Scale parameter is 0, but must be positive! (in '/tmp/RtmpuVlZ1z/model-2be52f8da75c.stan', line 30, column 6 to column 53)
Chain 3 If this warning occurs sporadically, such as for highly constrained variable types like covariance matrices, then the sampler is fine,
Chain 3 but if this warning occurs often then your model may be either severely ill-conditioned or misspecified.
Chain 3 
Chain 4 Informational Message: The current Metropolis proposal is about to be rejected because of the following issue:
Chain 4 Exception: normal_cdf: Scale parameter is 0, but must be positive! (in '/tmp/RtmpuVlZ1z/model-2be52f8da75c.stan', line 30, column 6 to column 53)
Chain 4 If this warning occurs sporadically, such as for highly constrained variable types like covariance matrices, then the sampler is fine,
Chain 4 but if this warning occurs often then your model may be either severely ill-conditioned or misspecified.
Chain 4 
[OK] EQI0005_AAMR2006_2010 RUCC2 EQI+PD+DB
Chain 1 Informational Message: The current Metropolis proposal is about to be rejected because of the following issue:
Chain 1 Exception: normal_cdf: Scale parameter is 0, but must be positive! (in '/tmp/RtmpuVlZ1z/model-2be52f8da75c.stan', line 30, column 6 to column 53)
Chain 1 If this warning occurs sporadically, such as for highly constrained variable types like covariance matrices, then the sampler is fine,
Chain 1 but if this warning occurs often then your model may be either severely ill-conditioned or misspecified.
Chain 1 
Chain 2 Informational Message: The current Metropolis proposal is about to be rejected because of the following issue:
Chain 2 Exception: normal_cdf: Scale parameter is 0, but must be positive! (in '/tmp/RtmpuVlZ1z/model-2be52f8da75c.stan', line 30, column 6 to column 53)
Chain 2 If this warning occurs sporadically, such as for highly constrained variable types like covariance matrices, then the sampler is fine,
Chain 2 but if this warning occurs often then your model may be either severely ill-conditioned or misspecified.
Chain 2 
Chain 3 Informational Message: The current Metropolis proposal is about to be rejected because of the following issue:
Chain 3 Exception: normal_cdf: Scale parameter is 0, but must be positive! (in '/tmp/RtmpuVlZ1z/model-2be52f8da75c.stan', line 30, column 6 to column 53)
Chain 3 If this warning occurs sporadically, such as for highly constrained variable types like covariance matrices, then the sampler is fine,
Chain 3 but if this warning occurs often then your model may be either severely ill-conditioned or misspecified.
Chain 3 
Chain 4 Informational Message: The current Metropolis proposal is about to be rejected because of the following issue:
Chain 4 Exception: normal_cdf: Scale parameter is 0, but must be positive! (in '/tmp/RtmpuVlZ1z/model-2be52f8da75c.stan', line 30, column 6 to column 53)
Chain 4 If this warning occurs sporadically, such as for highly constrained variable types like covariance matrices, then the sampler is fine,
Chain 4 but if this warning occurs often then your model may be either severely ill-conditioned or misspecified.
Chain 4 
[OK] EQI0005_AAMR2006_2010 RUCC2 EQI+SM+PA+OB
Chain 1 Informational Message: The current Metropolis proposal is about to be rejected because of the following issue:
Chain 1 Exception: normal_cdf: Scale parameter is 0, but must be positive! (in '/tmp/RtmpuVlZ1z/model-2be52f8da75c.stan', line 30, column 6 to column 53)
Chain 1 If this warning occurs sporadically, such as for highly constrained variable types like covariance matrices, then the sampler is fine,
Chain 1 but if this warning occurs often then your model may be either severely ill-conditioned or misspecified.
Chain 1 
Chain 2 Informational Message: The current Metropolis proposal is about to be rejected because of the following issue:
Chain 2 Exception: normal_cdf: Scale parameter is 0, but must be positive! (in '/tmp/RtmpuVlZ1z/model-2be52f8da75c.stan', line 30, column 6 to column 53)
Chain 2 If this warning occurs sporadically, such as for highly constrained variable types like covariance matrices, then the sampler is fine,
Chain 2 but if this warning occurs often then your model may be either severely ill-conditioned or misspecified.
Chain 2 
Chain 3 Informational Message: The current Metropolis proposal is about to be rejected because of the following issue:
Chain 3 Exception: normal_cdf: Scale parameter is 0, but must be positive! (in '/tmp/RtmpuVlZ1z/model-2be52f8da75c.stan', line 30, column 6 to column 53)
Chain 3 If this warning occurs sporadically, such as for highly constrained variable types like covariance matrices, then the sampler is fine,
Chain 3 but if this warning occurs often then your model may be either severely ill-conditioned or misspecified.
Chain 3 
[OK] EQI0005_AAMR2006_2010 RUCC2 EQI+SM+PA+UN
Chain 1 Informational Message: The current Metropolis proposal is about to be rejected because of the following issue:
Chain 1 Exception: normal_cdf: Scale parameter is 0, but must be positive! (in '/tmp/RtmpuVlZ1z/model-2be52f8da75c.stan', line 30, column 6 to column 53)
Chain 1 If this warning occurs sporadically, such as for highly constrained variable types like covariance matrices, then the sampler is fine,
Chain 1 but if this warning occurs often then your model may be either severely ill-conditioned or misspecified.
Chain 1 
Chain 2 Informational Message: The current Metropolis proposal is about to be rejected because of the following issue:
Chain 2 Exception: normal_cdf: Scale parameter is 0, but must be positive! (in '/tmp/RtmpuVlZ1z/model-2be52f8da75c.stan', line 30, column 6 to column 53)
Chain 2 If this warning occurs sporadically, such as for highly constrained variable types like covariance matrices, then the sampler is fine,
Chain 2 but if this warning occurs often then your model may be either severely ill-conditioned or misspecified.
Chain 2 
Chain 3 Informational Message: The current Metropolis proposal is about to be rejected because of the following issue:
Chain 3 Exception: normal_cdf: Scale parameter is 0, but must be positive! (in '/tmp/RtmpuVlZ1z/model-2be52f8da75c.stan', line 30, column 6 to column 53)
Chain 3 If this warning occurs sporadically, such as for highly constrained variable types like covariance matrices, then the sampler is fine,
Chain 3 but if this warning occurs often then your model may be either severely ill-conditioned or misspecified.
Chain 3 
Chain 4 Informational Message: The current Metropolis proposal is about to be rejected because of the following issue:
Chain 4 Exception: normal_cdf: Scale parameter is 0, but must be positive! (in '/tmp/RtmpuVlZ1z/model-2be52f8da75c.stan', line 30, column 6 to column 53)
Chain 4 If this warning occurs sporadically, such as for highly constrained variable types like covariance matrices, then the sampler is fine,
Chain 4 but if this warning occurs often then your model may be either severely ill-conditioned or misspecified.
Chain 4 
[OK] EQI0005_AAMR2006_2010 RUCC2 EQI+SM+PA+PD
Chain 1 Informational Message: The current Metropolis proposal is about to be rejected because of the following issue:
Chain 1 Exception: normal_cdf: Scale parameter is 0, but must be positive! (in '/tmp/RtmpuVlZ1z/model-2be52f8da75c.stan', line 30, column 6 to column 53)
Chain 1 If this warning occurs sporadically, such as for highly constrained variable types like covariance matrices, then the sampler is fine,
Chain 1 but if this warning occurs often then your model may be either severely ill-conditioned or misspecified.
Chain 1 
Chain 2 Informational Message: The current Metropolis proposal is about to be rejected because of the following issue:
Chain 2 Exception: normal_cdf: Scale parameter is 0, but must be positive! (in '/tmp/RtmpuVlZ1z/model-2be52f8da75c.stan', line 30, column 6 to column 53)
Chain 2 If this warning occurs sporadically, such as for highly constrained variable types like covariance matrices, then the sampler is fine,
Chain 2 but if this warning occurs often then your model may be either severely ill-conditioned or misspecified.
Chain 2 
Chain 3 Informational Message: The current Metropolis proposal is about to be rejected because of the following issue:
Chain 3 Exception: normal_cdf: Scale parameter is 0, but must be positive! (in '/tmp/RtmpuVlZ1z/model-2be52f8da75c.stan', line 30, column 6 to column 53)
Chain 3 If this warning occurs sporadically, such as for highly constrained variable types like covariance matrices, then the sampler is fine,
Chain 3 but if this warning occurs often then your model may be either severely ill-conditioned or misspecified.
Chain 3 
[OK] EQI0005_AAMR2006_2010 RUCC2 EQI+SM+PA+DB
Chain 2 Informational Message: The current Metropolis proposal is about to be rejected because of the following issue:
Chain 2 Exception: normal_cdf: Scale parameter is 0, but must be positive! (in '/tmp/RtmpuVlZ1z/model-2be52f8da75c.stan', line 30, column 6 to column 53)
Chain 2 If this warning occurs sporadically, such as for highly constrained variable types like covariance matrices, then the sampler is fine,
Chain 2 but if this warning occurs often then your model may be either severely ill-conditioned or misspecified.
Chain 2 
Chain 3 Informational Message: The current Metropolis proposal is about to be rejected because of the following issue:
Chain 3 Exception: normal_cdf: Scale parameter is 0, but must be positive! (in '/tmp/RtmpuVlZ1z/model-2be52f8da75c.stan', line 30, column 6 to column 53)
Chain 3 If this warning occurs sporadically, such as for highly constrained variable types like covariance matrices, then the sampler is fine,
Chain 3 but if this warning occurs often then your model may be either severely ill-conditioned or misspecified.
Chain 3 
[OK] EQI0005_AAMR2006_2010 RUCC2 EQI+SM+OB+UN
Chain 1 Informational Message: The current Metropolis proposal is about to be rejected because of the following issue:
Chain 1 Exception: normal_cdf: Scale parameter is 0, but must be positive! (in '/tmp/RtmpuVlZ1z/model-2be52f8da75c.stan', line 30, column 6 to column 53)
Chain 1 If this warning occurs sporadically, such as for highly constrained variable types like covariance matrices, then the sampler is fine,
Chain 1 but if this warning occurs often then your model may be either severely ill-conditioned or misspecified.
Chain 1 
Chain 2 Informational Message: The current Metropolis proposal is about to be rejected because of the following issue:
Chain 2 Exception: normal_cdf: Scale parameter is 0, but must be positive! (in '/tmp/RtmpuVlZ1z/model-2be52f8da75c.stan', line 30, column 6 to column 53)
Chain 2 If this warning occurs sporadically, such as for highly constrained variable types like covariance matrices, then the sampler is fine,
Chain 2 but if this warning occurs often then your model may be either severely ill-conditioned or misspecified.
Chain 2 
Chain 3 Informational Message: The current Metropolis proposal is about to be rejected because of the following issue:
Chain 3 Exception: normal_cdf: Scale parameter is 0, but must be positive! (in '/tmp/RtmpuVlZ1z/model-2be52f8da75c.stan', line 30, column 6 to column 53)
Chain 3 If this warning occurs sporadically, such as for highly constrained variable types like covariance matrices, then the sampler is fine,
Chain 3 but if this warning occurs often then your model may be either severely ill-conditioned or misspecified.
Chain 3 
Chain 4 Informational Message: The current Metropolis proposal is about to be rejected because of the following issue:
Chain 4 Exception: normal_cdf: Scale parameter is 0, but must be positive! (in '/tmp/RtmpuVlZ1z/model-2be52f8da75c.stan', line 30, column 6 to column 53)
Chain 4 If this warning occurs sporadically, such as for highly constrained variable types like covariance matrices, then the sampler is fine,
Chain 4 but if this warning occurs often then your model may be either severely ill-conditioned or misspecified.
Chain 4 
[OK] EQI0005_AAMR2006_2010 RUCC2 EQI+SM+OB+PD
Chain 2 Informational Message: The current Metropolis proposal is about to be rejected because of the following issue:
Chain 2 Exception: normal_cdf: Scale parameter is 0, but must be positive! (in '/tmp/RtmpuVlZ1z/model-2be52f8da75c.stan', line 30, column 6 to column 53)
Chain 2 If this warning occurs sporadically, such as for highly constrained variable types like covariance matrices, then the sampler is fine,
Chain 2 but if this warning occurs often then your model may be either severely ill-conditioned or misspecified.
Chain 2 
Chain 3 Informational Message: The current Metropolis proposal is about to be rejected because of the following issue:
Chain 3 Exception: normal_cdf: Scale parameter is 0, but must be positive! (in '/tmp/RtmpuVlZ1z/model-2be52f8da75c.stan', line 30, column 6 to column 53)
Chain 3 If this warning occurs sporadically, such as for highly constrained variable types like covariance matrices, then the sampler is fine,
Chain 3 but if this warning occurs often then your model may be either severely ill-conditioned or misspecified.
Chain 3 
[OK] EQI0005_AAMR2006_2010 RUCC2 EQI+SM+OB+DB
Chain 1 Informational Message: The current Metropolis proposal is about to be rejected because of the following issue:
Chain 1 Exception: normal_cdf: Scale parameter is 0, but must be positive! (in '/tmp/RtmpuVlZ1z/model-2be52f8da75c.stan', line 30, column 6 to column 53)
Chain 1 If this warning occurs sporadically, such as for highly constrained variable types like covariance matrices, then the sampler is fine,
Chain 1 but if this warning occurs often then your model may be either severely ill-conditioned or misspecified.
Chain 1 
Chain 2 Informational Message: The current Metropolis proposal is about to be rejected because of the following issue:
Chain 2 Exception: normal_cdf: Scale parameter is 0, but must be positive! (in '/tmp/RtmpuVlZ1z/model-2be52f8da75c.stan', line 30, column 6 to column 53)
Chain 2 If this warning occurs sporadically, such as for highly constrained variable types like covariance matrices, then the sampler is fine,
Chain 2 but if this warning occurs often then your model may be either severely ill-conditioned or misspecified.
Chain 2 
Chain 3 Informational Message: The current Metropolis proposal is about to be rejected because of the following issue:
Chain 3 Exception: normal_cdf: Scale parameter is 0, but must be positive! (in '/tmp/RtmpuVlZ1z/model-2be52f8da75c.stan', line 30, column 6 to column 53)
Chain 3 If this warning occurs sporadically, such as for highly constrained variable types like covariance matrices, then the sampler is fine,
Chain 3 but if this warning occurs often then your model may be either severely ill-conditioned or misspecified.
Chain 3 
Chain 4 Informational Message: The current Metropolis proposal is about to be rejected because of the following issue:
Chain 4 Exception: normal_cdf: Scale parameter is 0, but must be positive! (in '/tmp/RtmpuVlZ1z/model-2be52f8da75c.stan', line 30, column 6 to column 53)
Chain 4 If this warning occurs sporadically, such as for highly constrained variable types like covariance matrices, then the sampler is fine,
Chain 4 but if this warning occurs often then your model may be either severely ill-conditioned or misspecified.
Chain 4 
[OK] EQI0005_AAMR2006_2010 RUCC2 EQI+SM+UN+PD
Chain 1 Informational Message: The current Metropolis proposal is about to be rejected because of the following issue:
Chain 1 Exception: normal_cdf: Scale parameter is 0, but must be positive! (in '/tmp/RtmpuVlZ1z/model-2be52f8da75c.stan', line 30, column 6 to column 53)
Chain 1 If this warning occurs sporadically, such as for highly constrained variable types like covariance matrices, then the sampler is fine,
Chain 1 but if this warning occurs often then your model may be either severely ill-conditioned or misspecified.
Chain 1 
Chain 2 Informational Message: The current Metropolis proposal is about to be rejected because of the following issue:
Chain 2 Exception: normal_cdf: Scale parameter is 0, but must be positive! (in '/tmp/RtmpuVlZ1z/model-2be52f8da75c.stan', line 30, column 6 to column 53)
Chain 2 If this warning occurs sporadically, such as for highly constrained variable types like covariance matrices, then the sampler is fine,
Chain 2 but if this warning occurs often then your model may be either severely ill-conditioned or misspecified.
Chain 2 
[OK] EQI0005_AAMR2006_2010 RUCC2 EQI+SM+UN+DB
Chain 2 Informational Message: The current Metropolis proposal is about to be rejected because of the following issue:
Chain 2 Exception: normal_cdf: Scale parameter is 0, but must be positive! (in '/tmp/RtmpuVlZ1z/model-2be52f8da75c.stan', line 30, column 6 to column 53)
Chain 2 If this warning occurs sporadically, such as for highly constrained variable types like covariance matrices, then the sampler is fine,
Chain 2 but if this warning occurs often then your model may be either severely ill-conditioned or misspecified.
Chain 2 
Chain 3 Informational Message: The current Metropolis proposal is about to be rejected because of the following issue:
Chain 3 Exception: normal_cdf: Scale parameter is 0, but must be positive! (in '/tmp/RtmpuVlZ1z/model-2be52f8da75c.stan', line 30, column 6 to column 53)
Chain 3 If this warning occurs sporadically, such as for highly constrained variable types like covariance matrices, then the sampler is fine,
Chain 3 but if this warning occurs often then your model may be either severely ill-conditioned or misspecified.
Chain 3 
Chain 4 Informational Message: The current Metropolis proposal is about to be rejected because of the following issue:
Chain 4 Exception: normal_cdf: Scale parameter is 0, but must be positive! (in '/tmp/RtmpuVlZ1z/model-2be52f8da75c.stan', line 30, column 6 to column 53)
Chain 4 If this warning occurs sporadically, such as for highly constrained variable types like covariance matrices, then the sampler is fine,
Chain 4 but if this warning occurs often then your model may be either severely ill-conditioned or misspecified.
Chain 4 
[OK] EQI0005_AAMR2006_2010 RUCC2 EQI+SM+PD+DB
Chain 1 Informational Message: The current Metropolis proposal is about to be rejected because of the following issue:
Chain 1 Exception: normal_cdf: Scale parameter is 0, but must be positive! (in '/tmp/RtmpuVlZ1z/model-2be52f8da75c.stan', line 30, column 6 to column 53)
Chain 1 If this warning occurs sporadically, such as for highly constrained variable types like covariance matrices, then the sampler is fine,
Chain 1 but if this warning occurs often then your model may be either severely ill-conditioned or misspecified.
Chain 1 
Chain 2 Informational Message: The current Metropolis proposal is about to be rejected because of the following issue:
Chain 2 Exception: normal_cdf: Scale parameter is 0, but must be positive! (in '/tmp/RtmpuVlZ1z/model-2be52f8da75c.stan', line 30, column 6 to column 53)
Chain 2 If this warning occurs sporadically, such as for highly constrained variable types like covariance matrices, then the sampler is fine,
Chain 2 but if this warning occurs often then your model may be either severely ill-conditioned or misspecified.
Chain 2 
Chain 3 Informational Message: The current Metropolis proposal is about to be rejected because of the following issue:
Chain 3 Exception: normal_cdf: Scale parameter is 0, but must be positive! (in '/tmp/RtmpuVlZ1z/model-2be52f8da75c.stan', line 30, column 6 to column 53)
Chain 3 If this warning occurs sporadically, such as for highly constrained variable types like covariance matrices, then the sampler is fine,
Chain 3 but if this warning occurs often then your model may be either severely ill-conditioned or misspecified.
Chain 3 
Chain 4 Informational Message: The current Metropolis proposal is about to be rejected because of the following issue:
Chain 4 Exception: normal_cdf: Scale parameter is 0, but must be positive! (in '/tmp/RtmpuVlZ1z/model-2be52f8da75c.stan', line 30, column 6 to column 53)
Chain 4 If this warning occurs sporadically, such as for highly constrained variable types like covariance matrices, then the sampler is fine,
Chain 4 but if this warning occurs often then your model may be either severely ill-conditioned or misspecified.
Chain 4 
[OK] EQI0005_AAMR2006_2010 RUCC2 EQI+PA+OB+UN
Chain 1 Informational Message: The current Metropolis proposal is about to be rejected because of the following issue:
Chain 1 Exception: normal_cdf: Scale parameter is 0, but must be positive! (in '/tmp/RtmpuVlZ1z/model-2be52f8da75c.stan', line 30, column 6 to column 53)
Chain 1 If this warning occurs sporadically, such as for highly constrained variable types like covariance matrices, then the sampler is fine,
Chain 1 but if this warning occurs often then your model may be either severely ill-conditioned or misspecified.
Chain 1 
Chain 2 Informational Message: The current Metropolis proposal is about to be rejected because of the following issue:
Chain 2 Exception: normal_cdf: Scale parameter is 0, but must be positive! (in '/tmp/RtmpuVlZ1z/model-2be52f8da75c.stan', line 30, column 6 to column 53)
Chain 2 If this warning occurs sporadically, such as for highly constrained variable types like covariance matrices, then the sampler is fine,
Chain 2 but if this warning occurs often then your model may be either severely ill-conditioned or misspecified.
Chain 2 
Chain 4 Informational Message: The current Metropolis proposal is about to be rejected because of the following issue:
Chain 4 Exception: normal_cdf: Scale parameter is 0, but must be positive! (in '/tmp/RtmpuVlZ1z/model-2be52f8da75c.stan', line 30, column 6 to column 53)
Chain 4 If this warning occurs sporadically, such as for highly constrained variable types like covariance matrices, then the sampler is fine,
Chain 4 but if this warning occurs often then your model may be either severely ill-conditioned or misspecified.
Chain 4 
[OK] EQI0005_AAMR2006_2010 RUCC2 EQI+PA+OB+PD
Chain 1 Informational Message: The current Metropolis proposal is about to be rejected because of the following issue:
Chain 1 Exception: normal_cdf: Scale parameter is 0, but must be positive! (in '/tmp/RtmpuVlZ1z/model-2be52f8da75c.stan', line 30, column 6 to column 53)
Chain 1 If this warning occurs sporadically, such as for highly constrained variable types like covariance matrices, then the sampler is fine,
Chain 1 but if this warning occurs often then your model may be either severely ill-conditioned or misspecified.
Chain 1 
Chain 2 Informational Message: The current Metropolis proposal is about to be rejected because of the following issue:
Chain 2 Exception: normal_cdf: Scale parameter is 0, but must be positive! (in '/tmp/RtmpuVlZ1z/model-2be52f8da75c.stan', line 30, column 6 to column 53)
Chain 2 If this warning occurs sporadically, such as for highly constrained variable types like covariance matrices, then the sampler is fine,
Chain 2 but if this warning occurs often then your model may be either severely ill-conditioned or misspecified.
Chain 2 
Chain 3 Informational Message: The current Metropolis proposal is about to be rejected because of the following issue:
Chain 3 Exception: normal_cdf: Scale parameter is 0, but must be positive! (in '/tmp/RtmpuVlZ1z/model-2be52f8da75c.stan', line 30, column 6 to column 53)
Chain 3 If this warning occurs sporadically, such as for highly constrained variable types like covariance matrices, then the sampler is fine,
Chain 3 but if this warning occurs often then your model may be either severely ill-conditioned or misspecified.
Chain 3 
[OK] EQI0005_AAMR2006_2010 RUCC2 EQI+PA+OB+DB
Chain 1 Informational Message: The current Metropolis proposal is about to be rejected because of the following issue:
Chain 1 Exception: normal_cdf: Scale parameter is 0, but must be positive! (in '/tmp/RtmpuVlZ1z/model-2be52f8da75c.stan', line 30, column 6 to column 53)
Chain 1 If this warning occurs sporadically, such as for highly constrained variable types like covariance matrices, then the sampler is fine,
Chain 1 but if this warning occurs often then your model may be either severely ill-conditioned or misspecified.
Chain 1 
Chain 2 Informational Message: The current Metropolis proposal is about to be rejected because of the following issue:
Chain 2 Exception: normal_cdf: Scale parameter is 0, but must be positive! (in '/tmp/RtmpuVlZ1z/model-2be52f8da75c.stan', line 30, column 6 to column 53)
Chain 2 If this warning occurs sporadically, such as for highly constrained variable types like covariance matrices, then the sampler is fine,
Chain 2 but if this warning occurs often then your model may be either severely ill-conditioned or misspecified.
Chain 2 
Chain 4 Informational Message: The current Metropolis proposal is about to be rejected because of the following issue:
Chain 4 Exception: normal_cdf: Scale parameter is 0, but must be positive! (in '/tmp/RtmpuVlZ1z/model-2be52f8da75c.stan', line 30, column 6 to column 53)
Chain 4 If this warning occurs sporadically, such as for highly constrained variable types like covariance matrices, then the sampler is fine,
Chain 4 but if this warning occurs often then your model may be either severely ill-conditioned or misspecified.
Chain 4 
[OK] EQI0005_AAMR2006_2010 RUCC2 EQI+PA+UN+PD
Chain 1 Informational Message: The current Metropolis proposal is about to be rejected because of the following issue:
Chain 1 Exception: normal_cdf: Scale parameter is 0, but must be positive! (in '/tmp/RtmpuVlZ1z/model-2be52f8da75c.stan', line 30, column 6 to column 53)
Chain 1 If this warning occurs sporadically, such as for highly constrained variable types like covariance matrices, then the sampler is fine,
Chain 1 but if this warning occurs often then your model may be either severely ill-conditioned or misspecified.
Chain 1 
Chain 2 Informational Message: The current Metropolis proposal is about to be rejected because of the following issue:
Chain 2 Exception: normal_cdf: Scale parameter is 0, but must be positive! (in '/tmp/RtmpuVlZ1z/model-2be52f8da75c.stan', line 30, column 6 to column 53)
Chain 2 If this warning occurs sporadically, such as for highly constrained variable types like covariance matrices, then the sampler is fine,
Chain 2 but if this warning occurs often then your model may be either severely ill-conditioned or misspecified.
Chain 2 
[OK] EQI0005_AAMR2006_2010 RUCC2 EQI+PA+UN+DB
Chain 1 Informational Message: The current Metropolis proposal is about to be rejected because of the following issue:
Chain 1 Exception: normal_cdf: Scale parameter is 0, but must be positive! (in '/tmp/RtmpuVlZ1z/model-2be52f8da75c.stan', line 30, column 6 to column 53)
Chain 1 If this warning occurs sporadically, such as for highly constrained variable types like covariance matrices, then the sampler is fine,
Chain 1 but if this warning occurs often then your model may be either severely ill-conditioned or misspecified.
Chain 1 
Chain 2 Informational Message: The current Metropolis proposal is about to be rejected because of the following issue:
Chain 2 Exception: normal_cdf: Scale parameter is 0, but must be positive! (in '/tmp/RtmpuVlZ1z/model-2be52f8da75c.stan', line 30, column 6 to column 53)
Chain 2 If this warning occurs sporadically, such as for highly constrained variable types like covariance matrices, then the sampler is fine,
Chain 2 but if this warning occurs often then your model may be either severely ill-conditioned or misspecified.
Chain 2 
Chain 3 Informational Message: The current Metropolis proposal is about to be rejected because of the following issue:
Chain 3 Exception: normal_cdf: Scale parameter is 0, but must be positive! (in '/tmp/RtmpuVlZ1z/model-2be52f8da75c.stan', line 30, column 6 to column 53)
Chain 3 If this warning occurs sporadically, such as for highly constrained variable types like covariance matrices, then the sampler is fine,
Chain 3 but if this warning occurs often then your model may be either severely ill-conditioned or misspecified.
Chain 3 
Chain 4 Informational Message: The current Metropolis proposal is about to be rejected because of the following issue:
Chain 4 Exception: normal_cdf: Scale parameter is 0, but must be positive! (in '/tmp/RtmpuVlZ1z/model-2be52f8da75c.stan', line 30, column 6 to column 53)
Chain 4 If this warning occurs sporadically, such as for highly constrained variable types like covariance matrices, then the sampler is fine,
Chain 4 but if this warning occurs often then your model may be either severely ill-conditioned or misspecified.
Chain 4 
[OK] EQI0005_AAMR2006_2010 RUCC2 EQI+PA+PD+DB
Chain 1 Informational Message: The current Metropolis proposal is about to be rejected because of the following issue:
Chain 1 Exception: normal_cdf: Scale parameter is 0, but must be positive! (in '/tmp/RtmpuVlZ1z/model-2be52f8da75c.stan', line 30, column 6 to column 53)
Chain 1 If this warning occurs sporadically, such as for highly constrained variable types like covariance matrices, then the sampler is fine,
Chain 1 but if this warning occurs often then your model may be either severely ill-conditioned or misspecified.
Chain 1 
Chain 2 Informational Message: The current Metropolis proposal is about to be rejected because of the following issue:
Chain 2 Exception: normal_cdf: Scale parameter is 0, but must be positive! (in '/tmp/RtmpuVlZ1z/model-2be52f8da75c.stan', line 30, column 6 to column 53)
Chain 2 If this warning occurs sporadically, such as for highly constrained variable types like covariance matrices, then the sampler is fine,
Chain 2 but if this warning occurs often then your model may be either severely ill-conditioned or misspecified.
Chain 2 
Chain 3 Informational Message: The current Metropolis proposal is about to be rejected because of the following issue:
Chain 3 Exception: normal_cdf: Scale parameter is 0, but must be positive! (in '/tmp/RtmpuVlZ1z/model-2be52f8da75c.stan', line 30, column 6 to column 53)
Chain 3 If this warning occurs sporadically, such as for highly constrained variable types like covariance matrices, then the sampler is fine,
Chain 3 but if this warning occurs often then your model may be either severely ill-conditioned or misspecified.
Chain 3 
Chain 4 Informational Message: The current Metropolis proposal is about to be rejected because of the following issue:
Chain 4 Exception: normal_cdf: Scale parameter is 0, but must be positive! (in '/tmp/RtmpuVlZ1z/model-2be52f8da75c.stan', line 30, column 6 to column 53)
Chain 4 If this warning occurs sporadically, such as for highly constrained variable types like covariance matrices, then the sampler is fine,
Chain 4 but if this warning occurs often then your model may be either severely ill-conditioned or misspecified.
Chain 4 
[OK] EQI0005_AAMR2006_2010 RUCC2 EQI+OB+UN+PD
Chain 3 Informational Message: The current Metropolis proposal is about to be rejected because of the following issue:
Chain 3 Exception: normal_cdf: Scale parameter is 0, but must be positive! (in '/tmp/RtmpuVlZ1z/model-2be52f8da75c.stan', line 30, column 6 to column 53)
Chain 3 If this warning occurs sporadically, such as for highly constrained variable types like covariance matrices, then the sampler is fine,
Chain 3 but if this warning occurs often then your model may be either severely ill-conditioned or misspecified.
Chain 3 
[OK] EQI0005_AAMR2006_2010 RUCC2 EQI+OB+UN+DB
Chain 1 Informational Message: The current Metropolis proposal is about to be rejected because of the following issue:
Chain 1 Exception: normal_cdf: Scale parameter is 0, but must be positive! (in '/tmp/RtmpuVlZ1z/model-2be52f8da75c.stan', line 30, column 6 to column 53)
Chain 1 If this warning occurs sporadically, such as for highly constrained variable types like covariance matrices, then the sampler is fine,
Chain 1 but if this warning occurs often then your model may be either severely ill-conditioned or misspecified.
Chain 1 
Chain 2 Informational Message: The current Metropolis proposal is about to be rejected because of the following issue:
Chain 2 Exception: normal_cdf: Scale parameter is 0, but must be positive! (in '/tmp/RtmpuVlZ1z/model-2be52f8da75c.stan', line 30, column 6 to column 53)
Chain 2 If this warning occurs sporadically, such as for highly constrained variable types like covariance matrices, then the sampler is fine,
Chain 2 but if this warning occurs often then your model may be either severely ill-conditioned or misspecified.
Chain 2 
Chain 3 Informational Message: The current Metropolis proposal is about to be rejected because of the following issue:
Chain 3 Exception: normal_cdf: Scale parameter is 0, but must be positive! (in '/tmp/RtmpuVlZ1z/model-2be52f8da75c.stan', line 30, column 6 to column 53)
Chain 3 If this warning occurs sporadically, such as for highly constrained variable types like covariance matrices, then the sampler is fine,
Chain 3 but if this warning occurs often then your model may be either severely ill-conditioned or misspecified.
Chain 3 
Chain 4 Informational Message: The current Metropolis proposal is about to be rejected because of the following issue:
Chain 4 Exception: normal_cdf: Scale parameter is 0, but must be positive! (in '/tmp/RtmpuVlZ1z/model-2be52f8da75c.stan', line 30, column 6 to column 53)
Chain 4 If this warning occurs sporadically, such as for highly constrained variable types like covariance matrices, then the sampler is fine,
Chain 4 but if this warning occurs often then your model may be either severely ill-conditioned or misspecified.
Chain 4 
[OK] EQI0005_AAMR2006_2010 RUCC2 EQI+OB+PD+DB
Chain 2 Informational Message: The current Metropolis proposal is about to be rejected because of the following issue:
Chain 2 Exception: normal_cdf: Scale parameter is 0, but must be positive! (in '/tmp/RtmpuVlZ1z/model-2be52f8da75c.stan', line 30, column 6 to column 53)
Chain 2 If this warning occurs sporadically, such as for highly constrained variable types like covariance matrices, then the sampler is fine,
Chain 2 but if this warning occurs often then your model may be either severely ill-conditioned or misspecified.
Chain 2 
Chain 3 Informational Message: The current Metropolis proposal is about to be rejected because of the following issue:
Chain 3 Exception: normal_cdf: Scale parameter is 0, but must be positive! (in '/tmp/RtmpuVlZ1z/model-2be52f8da75c.stan', line 30, column 6 to column 53)
Chain 3 If this warning occurs sporadically, such as for highly constrained variable types like covariance matrices, then the sampler is fine,
Chain 3 but if this warning occurs often then your model may be either severely ill-conditioned or misspecified.
Chain 3 
Chain 4 Informational Message: The current Metropolis proposal is about to be rejected because of the following issue:
Chain 4 Exception: normal_cdf: Scale parameter is 0, but must be positive! (in '/tmp/RtmpuVlZ1z/model-2be52f8da75c.stan', line 30, column 6 to column 53)
Chain 4 If this warning occurs sporadically, such as for highly constrained variable types like covariance matrices, then the sampler is fine,
Chain 4 but if this warning occurs often then your model may be either severely ill-conditioned or misspecified.
Chain 4 
[OK] EQI0005_AAMR2006_2010 RUCC2 EQI+UN+PD+DB
Chain 1 Informational Message: The current Metropolis proposal is about to be rejected because of the following issue:
Chain 1 Exception: normal_cdf: Scale parameter is 0, but must be positive! (in '/tmp/RtmpuVlZ1z/model-2be52f8da75c.stan', line 30, column 6 to column 53)
Chain 1 If this warning occurs sporadically, such as for highly constrained variable types like covariance matrices, then the sampler is fine,
Chain 1 but if this warning occurs often then your model may be either severely ill-conditioned or misspecified.
Chain 1 
Chain 2 Informational Message: The current Metropolis proposal is about to be rejected because of the following issue:
Chain 2 Exception: normal_cdf: Scale parameter is 0, but must be positive! (in '/tmp/RtmpuVlZ1z/model-2be52f8da75c.stan', line 30, column 6 to column 53)
Chain 2 If this warning occurs sporadically, such as for highly constrained variable types like covariance matrices, then the sampler is fine,
Chain 2 but if this warning occurs often then your model may be either severely ill-conditioned or misspecified.
Chain 2 
Chain 3 Informational Message: The current Metropolis proposal is about to be rejected because of the following issue:
Chain 3 Exception: normal_cdf: Scale parameter is 0, but must be positive! (in '/tmp/RtmpuVlZ1z/model-2be52f8da75c.stan', line 30, column 6 to column 53)
Chain 3 If this warning occurs sporadically, such as for highly constrained variable types like covariance matrices, then the sampler is fine,
Chain 3 but if this warning occurs often then your model may be either severely ill-conditioned or misspecified.
Chain 3 
Chain 4 Informational Message: The current Metropolis proposal is about to be rejected because of the following issue:
Chain 4 Exception: normal_cdf: Scale parameter is 0, but must be positive! (in '/tmp/RtmpuVlZ1z/model-2be52f8da75c.stan', line 30, column 6 to column 53)
Chain 4 If this warning occurs sporadically, such as for highly constrained variable types like covariance matrices, then the sampler is fine,
Chain 4 but if this warning occurs often then your model may be either severely ill-conditioned or misspecified.
Chain 4 
[OK] EQI0005_AAMR2006_2010 RUCC2 EQI+SM+PA+OB+UN
Chain 1 Informational Message: The current Metropolis proposal is about to be rejected because of the following issue:
Chain 1 Exception: normal_cdf: Scale parameter is 0, but must be positive! (in '/tmp/RtmpuVlZ1z/model-2be52f8da75c.stan', line 30, column 6 to column 53)
Chain 1 If this warning occurs sporadically, such as for highly constrained variable types like covariance matrices, then the sampler is fine,
Chain 1 but if this warning occurs often then your model may be either severely ill-conditioned or misspecified.
Chain 1 
Chain 2 Informational Message: The current Metropolis proposal is about to be rejected because of the following issue:
Chain 2 Exception: normal_cdf: Scale parameter is 0, but must be positive! (in '/tmp/RtmpuVlZ1z/model-2be52f8da75c.stan', line 30, column 6 to column 53)
Chain 2 If this warning occurs sporadically, such as for highly constrained variable types like covariance matrices, then the sampler is fine,
Chain 2 but if this warning occurs often then your model may be either severely ill-conditioned or misspecified.
Chain 2 
Chain 3 Informational Message: The current Metropolis proposal is about to be rejected because of the following issue:
Chain 3 Exception: normal_cdf: Scale parameter is 0, but must be positive! (in '/tmp/RtmpuVlZ1z/model-2be52f8da75c.stan', line 30, column 6 to column 53)
Chain 3 If this warning occurs sporadically, such as for highly constrained variable types like covariance matrices, then the sampler is fine,
Chain 3 but if this warning occurs often then your model may be either severely ill-conditioned or misspecified.
Chain 3 
Chain 4 Informational Message: The current Metropolis proposal is about to be rejected because of the following issue:
Chain 4 Exception: normal_cdf: Scale parameter is 0, but must be positive! (in '/tmp/RtmpuVlZ1z/model-2be52f8da75c.stan', line 30, column 6 to column 53)
Chain 4 If this warning occurs sporadically, such as for highly constrained variable types like covariance matrices, then the sampler is fine,
Chain 4 but if this warning occurs often then your model may be either severely ill-conditioned or misspecified.
Chain 4 
[OK] EQI0005_AAMR2006_2010 RUCC2 EQI+SM+PA+OB+PD
Chain 1 Informational Message: The current Metropolis proposal is about to be rejected because of the following issue:
Chain 1 Exception: normal_cdf: Scale parameter is 0, but must be positive! (in '/tmp/RtmpuVlZ1z/model-2be52f8da75c.stan', line 30, column 6 to column 53)
Chain 1 If this warning occurs sporadically, such as for highly constrained variable types like covariance matrices, then the sampler is fine,
Chain 1 but if this warning occurs often then your model may be either severely ill-conditioned or misspecified.
Chain 1 
Chain 2 Informational Message: The current Metropolis proposal is about to be rejected because of the following issue:
Chain 2 Exception: normal_cdf: Scale parameter is 0, but must be positive! (in '/tmp/RtmpuVlZ1z/model-2be52f8da75c.stan', line 30, column 6 to column 53)
Chain 2 If this warning occurs sporadically, such as for highly constrained variable types like covariance matrices, then the sampler is fine,
Chain 2 but if this warning occurs often then your model may be either severely ill-conditioned or misspecified.
Chain 2 
Chain 3 Informational Message: The current Metropolis proposal is about to be rejected because of the following issue:
Chain 3 Exception: normal_cdf: Scale parameter is 0, but must be positive! (in '/tmp/RtmpuVlZ1z/model-2be52f8da75c.stan', line 30, column 6 to column 53)
Chain 3 If this warning occurs sporadically, such as for highly constrained variable types like covariance matrices, then the sampler is fine,
Chain 3 but if this warning occurs often then your model may be either severely ill-conditioned or misspecified.
Chain 3 
Chain 4 Informational Message: The current Metropolis proposal is about to be rejected because of the following issue:
Chain 4 Exception: normal_cdf: Scale parameter is 0, but must be positive! (in '/tmp/RtmpuVlZ1z/model-2be52f8da75c.stan', line 30, column 6 to column 53)
Chain 4 If this warning occurs sporadically, such as for highly constrained variable types like covariance matrices, then the sampler is fine,
Chain 4 but if this warning occurs often then your model may be either severely ill-conditioned or misspecified.
Chain 4 
[OK] EQI0005_AAMR2006_2010 RUCC2 EQI+SM+PA+OB+DB
Chain 1 Informational Message: The current Metropolis proposal is about to be rejected because of the following issue:
Chain 1 Exception: normal_cdf: Scale parameter is 0, but must be positive! (in '/tmp/RtmpuVlZ1z/model-2be52f8da75c.stan', line 30, column 6 to column 53)
Chain 1 If this warning occurs sporadically, such as for highly constrained variable types like covariance matrices, then the sampler is fine,
Chain 1 but if this warning occurs often then your model may be either severely ill-conditioned or misspecified.
Chain 1 
Chain 2 Informational Message: The current Metropolis proposal is about to be rejected because of the following issue:
Chain 2 Exception: normal_cdf: Scale parameter is 0, but must be positive! (in '/tmp/RtmpuVlZ1z/model-2be52f8da75c.stan', line 30, column 6 to column 53)
Chain 2 If this warning occurs sporadically, such as for highly constrained variable types like covariance matrices, then the sampler is fine,
Chain 2 but if this warning occurs often then your model may be either severely ill-conditioned or misspecified.
Chain 2 
Chain 3 Informational Message: The current Metropolis proposal is about to be rejected because of the following issue:
Chain 3 Exception: normal_cdf: Scale parameter is 0, but must be positive! (in '/tmp/RtmpuVlZ1z/model-2be52f8da75c.stan', line 30, column 6 to column 53)
Chain 3 If this warning occurs sporadically, such as for highly constrained variable types like covariance matrices, then the sampler is fine,
Chain 3 but if this warning occurs often then your model may be either severely ill-conditioned or misspecified.
Chain 3 
Chain 4 Informational Message: The current Metropolis proposal is about to be rejected because of the following issue:
Chain 4 Exception: normal_cdf: Scale parameter is 0, but must be positive! (in '/tmp/RtmpuVlZ1z/model-2be52f8da75c.stan', line 30, column 6 to column 53)
Chain 4 If this warning occurs sporadically, such as for highly constrained variable types like covariance matrices, then the sampler is fine,
Chain 4 but if this warning occurs often then your model may be either severely ill-conditioned or misspecified.
Chain 4 
[OK] EQI0005_AAMR2006_2010 RUCC2 EQI+SM+PA+UN+PD
Chain 1 Informational Message: The current Metropolis proposal is about to be rejected because of the following issue:
Chain 1 Exception: normal_cdf: Scale parameter is 0, but must be positive! (in '/tmp/RtmpuVlZ1z/model-2be52f8da75c.stan', line 30, column 6 to column 53)
Chain 1 If this warning occurs sporadically, such as for highly constrained variable types like covariance matrices, then the sampler is fine,
Chain 1 but if this warning occurs often then your model may be either severely ill-conditioned or misspecified.
Chain 1 
Chain 2 Informational Message: The current Metropolis proposal is about to be rejected because of the following issue:
Chain 2 Exception: normal_cdf: Scale parameter is 0, but must be positive! (in '/tmp/RtmpuVlZ1z/model-2be52f8da75c.stan', line 30, column 6 to column 53)
Chain 2 If this warning occurs sporadically, such as for highly constrained variable types like covariance matrices, then the sampler is fine,
Chain 2 but if this warning occurs often then your model may be either severely ill-conditioned or misspecified.
Chain 2 
Chain 3 Informational Message: The current Metropolis proposal is about to be rejected because of the following issue:
Chain 3 Exception: normal_cdf: Scale parameter is 0, but must be positive! (in '/tmp/RtmpuVlZ1z/model-2be52f8da75c.stan', line 30, column 6 to column 53)
Chain 3 If this warning occurs sporadically, such as for highly constrained variable types like covariance matrices, then the sampler is fine,
Chain 3 but if this warning occurs often then your model may be either severely ill-conditioned or misspecified.
Chain 3 
Chain 4 Informational Message: The current Metropolis proposal is about to be rejected because of the following issue:
Chain 4 Exception: normal_cdf: Scale parameter is 0, but must be positive! (in '/tmp/RtmpuVlZ1z/model-2be52f8da75c.stan', line 30, column 6 to column 53)
Chain 4 If this warning occurs sporadically, such as for highly constrained variable types like covariance matrices, then the sampler is fine,
Chain 4 but if this warning occurs often then your model may be either severely ill-conditioned or misspecified.
Chain 4 
[OK] EQI0005_AAMR2006_2010 RUCC2 EQI+SM+PA+UN+DB
Chain 1 Informational Message: The current Metropolis proposal is about to be rejected because of the following issue:
Chain 1 Exception: normal_cdf: Scale parameter is 0, but must be positive! (in '/tmp/RtmpuVlZ1z/model-2be52f8da75c.stan', line 30, column 6 to column 53)
Chain 1 If this warning occurs sporadically, such as for highly constrained variable types like covariance matrices, then the sampler is fine,
Chain 1 but if this warning occurs often then your model may be either severely ill-conditioned or misspecified.
Chain 1 
Chain 2 Informational Message: The current Metropolis proposal is about to be rejected because of the following issue:
Chain 2 Exception: normal_cdf: Scale parameter is 0, but must be positive! (in '/tmp/RtmpuVlZ1z/model-2be52f8da75c.stan', line 30, column 6 to column 53)
Chain 2 If this warning occurs sporadically, such as for highly constrained variable types like covariance matrices, then the sampler is fine,
Chain 2 but if this warning occurs often then your model may be either severely ill-conditioned or misspecified.
Chain 2 
Chain 3 Informational Message: The current Metropolis proposal is about to be rejected because of the following issue:
Chain 3 Exception: normal_cdf: Scale parameter is 0, but must be positive! (in '/tmp/RtmpuVlZ1z/model-2be52f8da75c.stan', line 30, column 6 to column 53)
Chain 3 If this warning occurs sporadically, such as for highly constrained variable types like covariance matrices, then the sampler is fine,
Chain 3 but if this warning occurs often then your model may be either severely ill-conditioned or misspecified.
Chain 3 
Chain 4 Informational Message: The current Metropolis proposal is about to be rejected because of the following issue:
Chain 4 Exception: normal_cdf: Scale parameter is 0, but must be positive! (in '/tmp/RtmpuVlZ1z/model-2be52f8da75c.stan', line 30, column 6 to column 53)
Chain 4 If this warning occurs sporadically, such as for highly constrained variable types like covariance matrices, then the sampler is fine,
Chain 4 but if this warning occurs often then your model may be either severely ill-conditioned or misspecified.
Chain 4 
[OK] EQI0005_AAMR2006_2010 RUCC2 EQI+SM+PA+PD+DB
Chain 1 Informational Message: The current Metropolis proposal is about to be rejected because of the following issue:
Chain 1 Exception: normal_cdf: Scale parameter is 0, but must be positive! (in '/tmp/RtmpuVlZ1z/model-2be52f8da75c.stan', line 30, column 6 to column 53)
Chain 1 If this warning occurs sporadically, such as for highly constrained variable types like covariance matrices, then the sampler is fine,
Chain 1 but if this warning occurs often then your model may be either severely ill-conditioned or misspecified.
Chain 1 
Chain 2 Informational Message: The current Metropolis proposal is about to be rejected because of the following issue:
Chain 2 Exception: normal_cdf: Scale parameter is 0, but must be positive! (in '/tmp/RtmpuVlZ1z/model-2be52f8da75c.stan', line 30, column 6 to column 53)
Chain 2 If this warning occurs sporadically, such as for highly constrained variable types like covariance matrices, then the sampler is fine,
Chain 2 but if this warning occurs often then your model may be either severely ill-conditioned or misspecified.
Chain 2 
Chain 3 Informational Message: The current Metropolis proposal is about to be rejected because of the following issue:
Chain 3 Exception: normal_cdf: Scale parameter is 0, but must be positive! (in '/tmp/RtmpuVlZ1z/model-2be52f8da75c.stan', line 30, column 6 to column 53)
Chain 3 If this warning occurs sporadically, such as for highly constrained variable types like covariance matrices, then the sampler is fine,
Chain 3 but if this warning occurs often then your model may be either severely ill-conditioned or misspecified.
Chain 3 
Chain 4 Informational Message: The current Metropolis proposal is about to be rejected because of the following issue:
Chain 4 Exception: normal_cdf: Scale parameter is 0, but must be positive! (in '/tmp/RtmpuVlZ1z/model-2be52f8da75c.stan', line 30, column 6 to column 53)
Chain 4 If this warning occurs sporadically, such as for highly constrained variable types like covariance matrices, then the sampler is fine,
Chain 4 but if this warning occurs often then your model may be either severely ill-conditioned or misspecified.
Chain 4 
[OK] EQI0005_AAMR2006_2010 RUCC2 EQI+SM+OB+UN+PD
Chain 1 Informational Message: The current Metropolis proposal is about to be rejected because of the following issue:
Chain 1 Exception: normal_cdf: Scale parameter is 0, but must be positive! (in '/tmp/RtmpuVlZ1z/model-2be52f8da75c.stan', line 30, column 6 to column 53)
Chain 1 If this warning occurs sporadically, such as for highly constrained variable types like covariance matrices, then the sampler is fine,
Chain 1 but if this warning occurs often then your model may be either severely ill-conditioned or misspecified.
Chain 1 
Chain 2 Informational Message: The current Metropolis proposal is about to be rejected because of the following issue:
Chain 2 Exception: normal_cdf: Scale parameter is 0, but must be positive! (in '/tmp/RtmpuVlZ1z/model-2be52f8da75c.stan', line 30, column 6 to column 53)
Chain 2 If this warning occurs sporadically, such as for highly constrained variable types like covariance matrices, then the sampler is fine,
Chain 2 but if this warning occurs often then your model may be either severely ill-conditioned or misspecified.
Chain 2 
Chain 3 Informational Message: The current Metropolis proposal is about to be rejected because of the following issue:
Chain 3 Exception: normal_cdf: Scale parameter is 0, but must be positive! (in '/tmp/RtmpuVlZ1z/model-2be52f8da75c.stan', line 30, column 6 to column 53)
Chain 3 If this warning occurs sporadically, such as for highly constrained variable types like covariance matrices, then the sampler is fine,
Chain 3 but if this warning occurs often then your model may be either severely ill-conditioned or misspecified.
Chain 3 
Chain 4 Informational Message: The current Metropolis proposal is about to be rejected because of the following issue:
Chain 4 Exception: normal_cdf: Scale parameter is 0, but must be positive! (in '/tmp/RtmpuVlZ1z/model-2be52f8da75c.stan', line 30, column 6 to column 53)
Chain 4 If this warning occurs sporadically, such as for highly constrained variable types like covariance matrices, then the sampler is fine,
Chain 4 but if this warning occurs often then your model may be either severely ill-conditioned or misspecified.
Chain 4 
[OK] EQI0005_AAMR2006_2010 RUCC2 EQI+SM+OB+UN+DB
Chain 1 Informational Message: The current Metropolis proposal is about to be rejected because of the following issue:
Chain 1 Exception: normal_cdf: Scale parameter is 0, but must be positive! (in '/tmp/RtmpuVlZ1z/model-2be52f8da75c.stan', line 30, column 6 to column 53)
Chain 1 If this warning occurs sporadically, such as for highly constrained variable types like covariance matrices, then the sampler is fine,
Chain 1 but if this warning occurs often then your model may be either severely ill-conditioned or misspecified.
Chain 1 
Chain 2 Informational Message: The current Metropolis proposal is about to be rejected because of the following issue:
Chain 2 Exception: normal_cdf: Scale parameter is 0, but must be positive! (in '/tmp/RtmpuVlZ1z/model-2be52f8da75c.stan', line 30, column 6 to column 53)
Chain 2 If this warning occurs sporadically, such as for highly constrained variable types like covariance matrices, then the sampler is fine,
Chain 2 but if this warning occurs often then your model may be either severely ill-conditioned or misspecified.
Chain 2 
Chain 3 Informational Message: The current Metropolis proposal is about to be rejected because of the following issue:
Chain 3 Exception: normal_cdf: Scale parameter is 0, but must be positive! (in '/tmp/RtmpuVlZ1z/model-2be52f8da75c.stan', line 30, column 6 to column 53)
Chain 3 If this warning occurs sporadically, such as for highly constrained variable types like covariance matrices, then the sampler is fine,
Chain 3 but if this warning occurs often then your model may be either severely ill-conditioned or misspecified.
Chain 3 
Chain 4 Informational Message: The current Metropolis proposal is about to be rejected because of the following issue:
Chain 4 Exception: normal_cdf: Scale parameter is 0, but must be positive! (in '/tmp/RtmpuVlZ1z/model-2be52f8da75c.stan', line 30, column 6 to column 53)
Chain 4 If this warning occurs sporadically, such as for highly constrained variable types like covariance matrices, then the sampler is fine,
Chain 4 but if this warning occurs often then your model may be either severely ill-conditioned or misspecified.
Chain 4 
[OK] EQI0005_AAMR2006_2010 RUCC2 EQI+SM+OB+PD+DB
Chain 1 Informational Message: The current Metropolis proposal is about to be rejected because of the following issue:
Chain 1 Exception: normal_cdf: Scale parameter is 0, but must be positive! (in '/tmp/RtmpuVlZ1z/model-2be52f8da75c.stan', line 30, column 6 to column 53)
Chain 1 If this warning occurs sporadically, such as for highly constrained variable types like covariance matrices, then the sampler is fine,
Chain 1 but if this warning occurs often then your model may be either severely ill-conditioned or misspecified.
Chain 1 
Chain 2 Informational Message: The current Metropolis proposal is about to be rejected because of the following issue:
Chain 2 Exception: normal_cdf: Scale parameter is 0, but must be positive! (in '/tmp/RtmpuVlZ1z/model-2be52f8da75c.stan', line 30, column 6 to column 53)
Chain 2 If this warning occurs sporadically, such as for highly constrained variable types like covariance matrices, then the sampler is fine,
Chain 2 but if this warning occurs often then your model may be either severely ill-conditioned or misspecified.
Chain 2 
Chain 3 Informational Message: The current Metropolis proposal is about to be rejected because of the following issue:
Chain 3 Exception: normal_cdf: Scale parameter is 0, but must be positive! (in '/tmp/RtmpuVlZ1z/model-2be52f8da75c.stan', line 30, column 6 to column 53)
Chain 3 If this warning occurs sporadically, such as for highly constrained variable types like covariance matrices, then the sampler is fine,
Chain 3 but if this warning occurs often then your model may be either severely ill-conditioned or misspecified.
Chain 3 
Chain 4 Informational Message: The current Metropolis proposal is about to be rejected because of the following issue:
Chain 4 Exception: normal_cdf: Scale parameter is 0, but must be positive! (in '/tmp/RtmpuVlZ1z/model-2be52f8da75c.stan', line 30, column 6 to column 53)
Chain 4 If this warning occurs sporadically, such as for highly constrained variable types like covariance matrices, then the sampler is fine,
Chain 4 but if this warning occurs often then your model may be either severely ill-conditioned or misspecified.
Chain 4 
[OK] EQI0005_AAMR2006_2010 RUCC2 EQI+SM+UN+PD+DB
Chain 1 Informational Message: The current Metropolis proposal is about to be rejected because of the following issue:
Chain 1 Exception: normal_cdf: Scale parameter is 0, but must be positive! (in '/tmp/RtmpuVlZ1z/model-2be52f8da75c.stan', line 30, column 6 to column 53)
Chain 1 If this warning occurs sporadically, such as for highly constrained variable types like covariance matrices, then the sampler is fine,
Chain 1 but if this warning occurs often then your model may be either severely ill-conditioned or misspecified.
Chain 1 
Chain 2 Informational Message: The current Metropolis proposal is about to be rejected because of the following issue:
Chain 2 Exception: normal_cdf: Scale parameter is 0, but must be positive! (in '/tmp/RtmpuVlZ1z/model-2be52f8da75c.stan', line 30, column 6 to column 53)
Chain 2 If this warning occurs sporadically, such as for highly constrained variable types like covariance matrices, then the sampler is fine,
Chain 2 but if this warning occurs often then your model may be either severely ill-conditioned or misspecified.
Chain 2 
Chain 3 Informational Message: The current Metropolis proposal is about to be rejected because of the following issue:
Chain 3 Exception: normal_cdf: Scale parameter is 0, but must be positive! (in '/tmp/RtmpuVlZ1z/model-2be52f8da75c.stan', line 30, column 6 to column 53)
Chain 3 If this warning occurs sporadically, such as for highly constrained variable types like covariance matrices, then the sampler is fine,
Chain 3 but if this warning occurs often then your model may be either severely ill-conditioned or misspecified.
Chain 3 
[OK] EQI0005_AAMR2006_2010 RUCC2 EQI+PA+OB+UN+PD
Chain 1 Informational Message: The current Metropolis proposal is about to be rejected because of the following issue:
Chain 1 Exception: normal_cdf: Scale parameter is 0, but must be positive! (in '/tmp/RtmpuVlZ1z/model-2be52f8da75c.stan', line 30, column 6 to column 53)
Chain 1 If this warning occurs sporadically, such as for highly constrained variable types like covariance matrices, then the sampler is fine,
Chain 1 but if this warning occurs often then your model may be either severely ill-conditioned or misspecified.
Chain 1 
Chain 2 Informational Message: The current Metropolis proposal is about to be rejected because of the following issue:
Chain 2 Exception: normal_cdf: Scale parameter is 0, but must be positive! (in '/tmp/RtmpuVlZ1z/model-2be52f8da75c.stan', line 30, column 6 to column 53)
Chain 2 If this warning occurs sporadically, such as for highly constrained variable types like covariance matrices, then the sampler is fine,
Chain 2 but if this warning occurs often then your model may be either severely ill-conditioned or misspecified.
Chain 2 
Chain 3 Informational Message: The current Metropolis proposal is about to be rejected because of the following issue:
Chain 3 Exception: normal_cdf: Scale parameter is 0, but must be positive! (in '/tmp/RtmpuVlZ1z/model-2be52f8da75c.stan', line 30, column 6 to column 53)
Chain 3 If this warning occurs sporadically, such as for highly constrained variable types like covariance matrices, then the sampler is fine,
Chain 3 but if this warning occurs often then your model may be either severely ill-conditioned or misspecified.
Chain 3 
Chain 4 Informational Message: The current Metropolis proposal is about to be rejected because of the following issue:
Chain 4 Exception: normal_cdf: Scale parameter is 0, but must be positive! (in '/tmp/RtmpuVlZ1z/model-2be52f8da75c.stan', line 30, column 6 to column 53)
Chain 4 If this warning occurs sporadically, such as for highly constrained variable types like covariance matrices, then the sampler is fine,
Chain 4 but if this warning occurs often then your model may be either severely ill-conditioned or misspecified.
Chain 4 
[OK] EQI0005_AAMR2006_2010 RUCC2 EQI+PA+OB+UN+DB
Chain 1 Informational Message: The current Metropolis proposal is about to be rejected because of the following issue:
Chain 1 Exception: normal_cdf: Scale parameter is 0, but must be positive! (in '/tmp/RtmpuVlZ1z/model-2be52f8da75c.stan', line 30, column 6 to column 53)
Chain 1 If this warning occurs sporadically, such as for highly constrained variable types like covariance matrices, then the sampler is fine,
Chain 1 but if this warning occurs often then your model may be either severely ill-conditioned or misspecified.
Chain 1 
Chain 2 Informational Message: The current Metropolis proposal is about to be rejected because of the following issue:
Chain 2 Exception: normal_cdf: Scale parameter is 0, but must be positive! (in '/tmp/RtmpuVlZ1z/model-2be52f8da75c.stan', line 30, column 6 to column 53)
Chain 2 If this warning occurs sporadically, such as for highly constrained variable types like covariance matrices, then the sampler is fine,
Chain 2 but if this warning occurs often then your model may be either severely ill-conditioned or misspecified.
Chain 2 
Chain 3 Informational Message: The current Metropolis proposal is about to be rejected because of the following issue:
Chain 3 Exception: normal_cdf: Scale parameter is 0, but must be positive! (in '/tmp/RtmpuVlZ1z/model-2be52f8da75c.stan', line 30, column 6 to column 53)
Chain 3 If this warning occurs sporadically, such as for highly constrained variable types like covariance matrices, then the sampler is fine,
Chain 3 but if this warning occurs often then your model may be either severely ill-conditioned or misspecified.
Chain 3 
Chain 4 Informational Message: The current Metropolis proposal is about to be rejected because of the following issue:
Chain 4 Exception: normal_cdf: Scale parameter is 0, but must be positive! (in '/tmp/RtmpuVlZ1z/model-2be52f8da75c.stan', line 30, column 6 to column 53)
Chain 4 If this warning occurs sporadically, such as for highly constrained variable types like covariance matrices, then the sampler is fine,
Chain 4 but if this warning occurs often then your model may be either severely ill-conditioned or misspecified.
Chain 4 
[OK] EQI0005_AAMR2006_2010 RUCC2 EQI+PA+OB+PD+DB
Chain 1 Informational Message: The current Metropolis proposal is about to be rejected because of the following issue:
Chain 1 Exception: normal_cdf: Scale parameter is 0, but must be positive! (in '/tmp/RtmpuVlZ1z/model-2be52f8da75c.stan', line 30, column 6 to column 53)
Chain 1 If this warning occurs sporadically, such as for highly constrained variable types like covariance matrices, then the sampler is fine,
Chain 1 but if this warning occurs often then your model may be either severely ill-conditioned or misspecified.
Chain 1 
Chain 2 Informational Message: The current Metropolis proposal is about to be rejected because of the following issue:
Chain 2 Exception: normal_cdf: Scale parameter is 0, but must be positive! (in '/tmp/RtmpuVlZ1z/model-2be52f8da75c.stan', line 30, column 6 to column 53)
Chain 2 If this warning occurs sporadically, such as for highly constrained variable types like covariance matrices, then the sampler is fine,
Chain 2 but if this warning occurs often then your model may be either severely ill-conditioned or misspecified.
Chain 2 
Chain 3 Informational Message: The current Metropolis proposal is about to be rejected because of the following issue:
Chain 3 Exception: normal_cdf: Scale parameter is 0, but must be positive! (in '/tmp/RtmpuVlZ1z/model-2be52f8da75c.stan', line 30, column 6 to column 53)
Chain 3 If this warning occurs sporadically, such as for highly constrained variable types like covariance matrices, then the sampler is fine,
Chain 3 but if this warning occurs often then your model may be either severely ill-conditioned or misspecified.
Chain 3 
Chain 4 Informational Message: The current Metropolis proposal is about to be rejected because of the following issue:
Chain 4 Exception: normal_cdf: Scale parameter is 0, but must be positive! (in '/tmp/RtmpuVlZ1z/model-2be52f8da75c.stan', line 30, column 6 to column 53)
Chain 4 If this warning occurs sporadically, such as for highly constrained variable types like covariance matrices, then the sampler is fine,
Chain 4 but if this warning occurs often then your model may be either severely ill-conditioned or misspecified.
Chain 4 
[OK] EQI0005_AAMR2006_2010 RUCC2 EQI+PA+UN+PD+DB
Chain 1 Informational Message: The current Metropolis proposal is about to be rejected because of the following issue:
Chain 1 Exception: normal_cdf: Scale parameter is 0, but must be positive! (in '/tmp/RtmpuVlZ1z/model-2be52f8da75c.stan', line 30, column 6 to column 53)
Chain 1 If this warning occurs sporadically, such as for highly constrained variable types like covariance matrices, then the sampler is fine,
Chain 1 but if this warning occurs often then your model may be either severely ill-conditioned or misspecified.
Chain 1 
Chain 2 Informational Message: The current Metropolis proposal is about to be rejected because of the following issue:
Chain 2 Exception: normal_cdf: Scale parameter is 0, but must be positive! (in '/tmp/RtmpuVlZ1z/model-2be52f8da75c.stan', line 30, column 6 to column 53)
Chain 2 If this warning occurs sporadically, such as for highly constrained variable types like covariance matrices, then the sampler is fine,
Chain 2 but if this warning occurs often then your model may be either severely ill-conditioned or misspecified.
Chain 2 
Chain 3 Informational Message: The current Metropolis proposal is about to be rejected because of the following issue:
Chain 3 Exception: normal_cdf: Scale parameter is 0, but must be positive! (in '/tmp/RtmpuVlZ1z/model-2be52f8da75c.stan', line 30, column 6 to column 53)
Chain 3 If this warning occurs sporadically, such as for highly constrained variable types like covariance matrices, then the sampler is fine,
Chain 3 but if this warning occurs often then your model may be either severely ill-conditioned or misspecified.
Chain 3 
Chain 4 Informational Message: The current Metropolis proposal is about to be rejected because of the following issue:
Chain 4 Exception: normal_cdf: Scale parameter is 0, but must be positive! (in '/tmp/RtmpuVlZ1z/model-2be52f8da75c.stan', line 30, column 6 to column 53)
Chain 4 If this warning occurs sporadically, such as for highly constrained variable types like covariance matrices, then the sampler is fine,
Chain 4 but if this warning occurs often then your model may be either severely ill-conditioned or misspecified.
Chain 4 
[OK] EQI0005_AAMR2006_2010 RUCC2 EQI+OB+UN+PD+DB
Chain 1 Informational Message: The current Metropolis proposal is about to be rejected because of the following issue:
Chain 1 Exception: normal_cdf: Scale parameter is 0, but must be positive! (in '/tmp/RtmpuVlZ1z/model-2be52f8da75c.stan', line 30, column 6 to column 53)
Chain 1 If this warning occurs sporadically, such as for highly constrained variable types like covariance matrices, then the sampler is fine,
Chain 1 but if this warning occurs often then your model may be either severely ill-conditioned or misspecified.
Chain 1 
Chain 2 Informational Message: The current Metropolis proposal is about to be rejected because of the following issue:
Chain 2 Exception: normal_cdf: Scale parameter is 0, but must be positive! (in '/tmp/RtmpuVlZ1z/model-2be52f8da75c.stan', line 30, column 6 to column 53)
Chain 2 If this warning occurs sporadically, such as for highly constrained variable types like covariance matrices, then the sampler is fine,
Chain 2 but if this warning occurs often then your model may be either severely ill-conditioned or misspecified.
Chain 2 
Chain 3 Informational Message: The current Metropolis proposal is about to be rejected because of the following issue:
Chain 3 Exception: normal_cdf: Scale parameter is 0, but must be positive! (in '/tmp/RtmpuVlZ1z/model-2be52f8da75c.stan', line 30, column 6 to column 53)
Chain 3 If this warning occurs sporadically, such as for highly constrained variable types like covariance matrices, then the sampler is fine,
Chain 3 but if this warning occurs often then your model may be either severely ill-conditioned or misspecified.
Chain 3 
Chain 4 Informational Message: The current Metropolis proposal is about to be rejected because of the following issue:
Chain 4 Exception: normal_cdf: Scale parameter is 0, but must be positive! (in '/tmp/RtmpuVlZ1z/model-2be52f8da75c.stan', line 30, column 6 to column 53)
Chain 4 If this warning occurs sporadically, such as for highly constrained variable types like covariance matrices, then the sampler is fine,
Chain 4 but if this warning occurs often then your model may be either severely ill-conditioned or misspecified.
Chain 4 
[OK] EQI0005_AAMR2006_2010 RUCC2 EQI+SM+PA+OB+UN+PD
Chain 1 Informational Message: The current Metropolis proposal is about to be rejected because of the following issue:
Chain 1 Exception: normal_cdf: Scale parameter is 0, but must be positive! (in '/tmp/RtmpuVlZ1z/model-2be52f8da75c.stan', line 30, column 6 to column 53)
Chain 1 If this warning occurs sporadically, such as for highly constrained variable types like covariance matrices, then the sampler is fine,
Chain 1 but if this warning occurs often then your model may be either severely ill-conditioned or misspecified.
Chain 1 
Chain 2 Informational Message: The current Metropolis proposal is about to be rejected because of the following issue:
Chain 2 Exception: normal_cdf: Scale parameter is 0, but must be positive! (in '/tmp/RtmpuVlZ1z/model-2be52f8da75c.stan', line 30, column 6 to column 53)
Chain 2 If this warning occurs sporadically, such as for highly constrained variable types like covariance matrices, then the sampler is fine,
Chain 2 but if this warning occurs often then your model may be either severely ill-conditioned or misspecified.
Chain 2 
Chain 3 Informational Message: The current Metropolis proposal is about to be rejected because of the following issue:
Chain 3 Exception: normal_cdf: Scale parameter is 0, but must be positive! (in '/tmp/RtmpuVlZ1z/model-2be52f8da75c.stan', line 30, column 6 to column 53)
Chain 3 If this warning occurs sporadically, such as for highly constrained variable types like covariance matrices, then the sampler is fine,
Chain 3 but if this warning occurs often then your model may be either severely ill-conditioned or misspecified.
Chain 3 
Chain 4 Informational Message: The current Metropolis proposal is about to be rejected because of the following issue:
Chain 4 Exception: normal_cdf: Scale parameter is 0, but must be positive! (in '/tmp/RtmpuVlZ1z/model-2be52f8da75c.stan', line 30, column 6 to column 53)
Chain 4 If this warning occurs sporadically, such as for highly constrained variable types like covariance matrices, then the sampler is fine,
Chain 4 but if this warning occurs often then your model may be either severely ill-conditioned or misspecified.
Chain 4 
[OK] EQI0005_AAMR2006_2010 RUCC2 EQI+SM+PA+OB+UN+DB
Chain 1 Informational Message: The current Metropolis proposal is about to be rejected because of the following issue:
Chain 1 Exception: normal_cdf: Scale parameter is 0, but must be positive! (in '/tmp/RtmpuVlZ1z/model-2be52f8da75c.stan', line 30, column 6 to column 53)
Chain 1 If this warning occurs sporadically, such as for highly constrained variable types like covariance matrices, then the sampler is fine,
Chain 1 but if this warning occurs often then your model may be either severely ill-conditioned or misspecified.
Chain 1 
Chain 2 Informational Message: The current Metropolis proposal is about to be rejected because of the following issue:
Chain 2 Exception: normal_cdf: Scale parameter is 0, but must be positive! (in '/tmp/RtmpuVlZ1z/model-2be52f8da75c.stan', line 30, column 6 to column 53)
Chain 2 If this warning occurs sporadically, such as for highly constrained variable types like covariance matrices, then the sampler is fine,
Chain 2 but if this warning occurs often then your model may be either severely ill-conditioned or misspecified.
Chain 2 
Chain 3 Informational Message: The current Metropolis proposal is about to be rejected because of the following issue:
Chain 3 Exception: normal_cdf: Scale parameter is 0, but must be positive! (in '/tmp/RtmpuVlZ1z/model-2be52f8da75c.stan', line 30, column 6 to column 53)
Chain 3 If this warning occurs sporadically, such as for highly constrained variable types like covariance matrices, then the sampler is fine,
Chain 3 but if this warning occurs often then your model may be either severely ill-conditioned or misspecified.
Chain 3 
Chain 4 Informational Message: The current Metropolis proposal is about to be rejected because of the following issue:
Chain 4 Exception: normal_cdf: Scale parameter is 0, but must be positive! (in '/tmp/RtmpuVlZ1z/model-2be52f8da75c.stan', line 30, column 6 to column 53)
Chain 4 If this warning occurs sporadically, such as for highly constrained variable types like covariance matrices, then the sampler is fine,
Chain 4 but if this warning occurs often then your model may be either severely ill-conditioned or misspecified.
Chain 4 
[OK] EQI0005_AAMR2006_2010 RUCC2 EQI+SM+PA+OB+PD+DB
Chain 1 Informational Message: The current Metropolis proposal is about to be rejected because of the following issue:
Chain 1 Exception: normal_cdf: Scale parameter is 0, but must be positive! (in '/tmp/RtmpuVlZ1z/model-2be52f8da75c.stan', line 30, column 6 to column 53)
Chain 1 If this warning occurs sporadically, such as for highly constrained variable types like covariance matrices, then the sampler is fine,
Chain 1 but if this warning occurs often then your model may be either severely ill-conditioned or misspecified.
Chain 1 
Chain 2 Informational Message: The current Metropolis proposal is about to be rejected because of the following issue:
Chain 2 Exception: normal_cdf: Scale parameter is 0, but must be positive! (in '/tmp/RtmpuVlZ1z/model-2be52f8da75c.stan', line 30, column 6 to column 53)
Chain 2 If this warning occurs sporadically, such as for highly constrained variable types like covariance matrices, then the sampler is fine,
Chain 2 but if this warning occurs often then your model may be either severely ill-conditioned or misspecified.
Chain 2 
Chain 3 Informational Message: The current Metropolis proposal is about to be rejected because of the following issue:
Chain 3 Exception: normal_cdf: Scale parameter is 0, but must be positive! (in '/tmp/RtmpuVlZ1z/model-2be52f8da75c.stan', line 30, column 6 to column 53)
Chain 3 If this warning occurs sporadically, such as for highly constrained variable types like covariance matrices, then the sampler is fine,
Chain 3 but if this warning occurs often then your model may be either severely ill-conditioned or misspecified.
Chain 3 
Chain 4 Informational Message: The current Metropolis proposal is about to be rejected because of the following issue:
Chain 4 Exception: normal_cdf: Scale parameter is 0, but must be positive! (in '/tmp/RtmpuVlZ1z/model-2be52f8da75c.stan', line 30, column 6 to column 53)
Chain 4 If this warning occurs sporadically, such as for highly constrained variable types like covariance matrices, then the sampler is fine,
Chain 4 but if this warning occurs often then your model may be either severely ill-conditioned or misspecified.
Chain 4 
[OK] EQI0005_AAMR2006_2010 RUCC2 EQI+SM+PA+UN+PD+DB
Chain 1 Informational Message: The current Metropolis proposal is about to be rejected because of the following issue:
Chain 1 Exception: normal_cdf: Scale parameter is 0, but must be positive! (in '/tmp/RtmpuVlZ1z/model-2be52f8da75c.stan', line 30, column 6 to column 53)
Chain 1 If this warning occurs sporadically, such as for highly constrained variable types like covariance matrices, then the sampler is fine,
Chain 1 but if this warning occurs often then your model may be either severely ill-conditioned or misspecified.
Chain 1 
Chain 2 Informational Message: The current Metropolis proposal is about to be rejected because of the following issue:
Chain 2 Exception: normal_cdf: Scale parameter is 0, but must be positive! (in '/tmp/RtmpuVlZ1z/model-2be52f8da75c.stan', line 30, column 6 to column 53)
Chain 2 If this warning occurs sporadically, such as for highly constrained variable types like covariance matrices, then the sampler is fine,
Chain 2 but if this warning occurs often then your model may be either severely ill-conditioned or misspecified.
Chain 2 
Chain 3 Informational Message: The current Metropolis proposal is about to be rejected because of the following issue:
Chain 3 Exception: normal_cdf: Scale parameter is 0, but must be positive! (in '/tmp/RtmpuVlZ1z/model-2be52f8da75c.stan', line 30, column 6 to column 53)
Chain 3 If this warning occurs sporadically, such as for highly constrained variable types like covariance matrices, then the sampler is fine,
Chain 3 but if this warning occurs often then your model may be either severely ill-conditioned or misspecified.
Chain 3 
Chain 4 Informational Message: The current Metropolis proposal is about to be rejected because of the following issue:
Chain 4 Exception: normal_cdf: Scale parameter is 0, but must be positive! (in '/tmp/RtmpuVlZ1z/model-2be52f8da75c.stan', line 30, column 6 to column 53)
Chain 4 If this warning occurs sporadically, such as for highly constrained variable types like covariance matrices, then the sampler is fine,
Chain 4 but if this warning occurs often then your model may be either severely ill-conditioned or misspecified.
Chain 4 
[OK] EQI0005_AAMR2006_2010 RUCC2 EQI+SM+OB+UN+PD+DB
Chain 1 Informational Message: The current Metropolis proposal is about to be rejected because of the following issue:
Chain 1 Exception: normal_cdf: Scale parameter is 0, but must be positive! (in '/tmp/RtmpuVlZ1z/model-2be52f8da75c.stan', line 30, column 6 to column 53)
Chain 1 If this warning occurs sporadically, such as for highly constrained variable types like covariance matrices, then the sampler is fine,
Chain 1 but if this warning occurs often then your model may be either severely ill-conditioned or misspecified.
Chain 1 
Chain 2 Informational Message: The current Metropolis proposal is about to be rejected because of the following issue:
Chain 2 Exception: normal_cdf: Scale parameter is 0, but must be positive! (in '/tmp/RtmpuVlZ1z/model-2be52f8da75c.stan', line 30, column 6 to column 53)
Chain 2 If this warning occurs sporadically, such as for highly constrained variable types like covariance matrices, then the sampler is fine,
Chain 2 but if this warning occurs often then your model may be either severely ill-conditioned or misspecified.
Chain 2 
Chain 3 Informational Message: The current Metropolis proposal is about to be rejected because of the following issue:
Chain 3 Exception: normal_cdf: Scale parameter is 0, but must be positive! (in '/tmp/RtmpuVlZ1z/model-2be52f8da75c.stan', line 30, column 6 to column 53)
Chain 3 If this warning occurs sporadically, such as for highly constrained variable types like covariance matrices, then the sampler is fine,
Chain 3 but if this warning occurs often then your model may be either severely ill-conditioned or misspecified.
Chain 3 
Chain 4 Informational Message: The current Metropolis proposal is about to be rejected because of the following issue:
Chain 4 Exception: normal_cdf: Scale parameter is 0, but must be positive! (in '/tmp/RtmpuVlZ1z/model-2be52f8da75c.stan', line 30, column 6 to column 53)
Chain 4 If this warning occurs sporadically, such as for highly constrained variable types like covariance matrices, then the sampler is fine,
Chain 4 but if this warning occurs often then your model may be either severely ill-conditioned or misspecified.
Chain 4 
[OK] EQI0005_AAMR2006_2010 RUCC2 EQI+PA+OB+UN+PD+DB
Chain 1 Informational Message: The current Metropolis proposal is about to be rejected because of the following issue:
Chain 1 Exception: normal_cdf: Scale parameter is 0, but must be positive! (in '/tmp/RtmpuVlZ1z/model-2be52f8da75c.stan', line 30, column 6 to column 53)
Chain 1 If this warning occurs sporadically, such as for highly constrained variable types like covariance matrices, then the sampler is fine,
Chain 1 but if this warning occurs often then your model may be either severely ill-conditioned or misspecified.
Chain 1 
Chain 2 Informational Message: The current Metropolis proposal is about to be rejected because of the following issue:
Chain 2 Exception: normal_cdf: Scale parameter is 0, but must be positive! (in '/tmp/RtmpuVlZ1z/model-2be52f8da75c.stan', line 30, column 6 to column 53)
Chain 2 If this warning occurs sporadically, such as for highly constrained variable types like covariance matrices, then the sampler is fine,
Chain 2 but if this warning occurs often then your model may be either severely ill-conditioned or misspecified.
Chain 2 
Chain 4 Informational Message: The current Metropolis proposal is about to be rejected because of the following issue:
Chain 4 Exception: normal_cdf: Scale parameter is 0, but must be positive! (in '/tmp/RtmpuVlZ1z/model-2be52f8da75c.stan', line 30, column 6 to column 53)
Chain 4 If this warning occurs sporadically, such as for highly constrained variable types like covariance matrices, then the sampler is fine,
Chain 4 but if this warning occurs often then your model may be either severely ill-conditioned or misspecified.
Chain 4 
[OK] EQI0005_AAMR2006_2010 RUCC2 EQI+SM+PA+OB+UN+PD+DB
Chain 3 Informational Message: The current Metropolis proposal is about to be rejected because of the following issue:
Chain 3 Exception: normal_cdf: Location parameter is inf, but must be finite! (in '/tmp/RtmpuVlZ1z/model-2be52f8da75c.stan', line 30, column 6 to column 53)
Chain 3 If this warning occurs sporadically, such as for highly constrained variable types like covariance matrices, then the sampler is fine,
Chain 3 but if this warning occurs often then your model may be either severely ill-conditioned or misspecified.
Chain 3 
Chain 4 Informational Message: The current Metropolis proposal is about to be rejected because of the following issue:
Chain 4 Exception: normal_cdf: Scale parameter is 0, but must be positive! (in '/tmp/RtmpuVlZ1z/model-2be52f8da75c.stan', line 30, column 6 to column 53)
Chain 4 If this warning occurs sporadically, such as for highly constrained variable types like covariance matrices, then the sampler is fine,
Chain 4 but if this warning occurs often then your model may be either severely ill-conditioned or misspecified.
Chain 4 
[OK] EQI0005_AAMR2006_2010 RUCC3 EQI
Chain 1 Informational Message: The current Metropolis proposal is about to be rejected because of the following issue:
Chain 1 Exception: normal_cdf: Scale parameter is 0, but must be positive! (in '/tmp/RtmpuVlZ1z/model-2be52f8da75c.stan', line 30, column 6 to column 53)
Chain 1 If this warning occurs sporadically, such as for highly constrained variable types like covariance matrices, then the sampler is fine,
Chain 1 but if this warning occurs often then your model may be either severely ill-conditioned or misspecified.
Chain 1 
Chain 2 Informational Message: The current Metropolis proposal is about to be rejected because of the following issue:
Chain 2 Exception: normal_cdf: Scale parameter is 0, but must be positive! (in '/tmp/RtmpuVlZ1z/model-2be52f8da75c.stan', line 30, column 6 to column 53)
Chain 2 If this warning occurs sporadically, such as for highly constrained variable types like covariance matrices, then the sampler is fine,
Chain 2 but if this warning occurs often then your model may be either severely ill-conditioned or misspecified.
Chain 2 
Chain 3 Informational Message: The current Metropolis proposal is about to be rejected because of the following issue:
Chain 3 Exception: normal_cdf: Scale parameter is 0, but must be positive! (in '/tmp/RtmpuVlZ1z/model-2be52f8da75c.stan', line 30, column 6 to column 53)
Chain 3 If this warning occurs sporadically, such as for highly constrained variable types like covariance matrices, then the sampler is fine,
Chain 3 but if this warning occurs often then your model may be either severely ill-conditioned or misspecified.
Chain 3 
Chain 4 Informational Message: The current Metropolis proposal is about to be rejected because of the following issue:
Chain 4 Exception: normal_cdf: Scale parameter is 0, but must be positive! (in '/tmp/RtmpuVlZ1z/model-2be52f8da75c.stan', line 30, column 6 to column 53)
Chain 4 If this warning occurs sporadically, such as for highly constrained variable types like covariance matrices, then the sampler is fine,
Chain 4 but if this warning occurs often then your model may be either severely ill-conditioned or misspecified.
Chain 4 
[OK] EQI0005_AAMR2006_2010 RUCC3 EQI+SM
Chain 1 Informational Message: The current Metropolis proposal is about to be rejected because of the following issue:
Chain 1 Exception: normal_cdf: Scale parameter is 0, but must be positive! (in '/tmp/RtmpuVlZ1z/model-2be52f8da75c.stan', line 30, column 6 to column 53)
Chain 1 If this warning occurs sporadically, such as for highly constrained variable types like covariance matrices, then the sampler is fine,
Chain 1 but if this warning occurs often then your model may be either severely ill-conditioned or misspecified.
Chain 1 
Chain 2 Informational Message: The current Metropolis proposal is about to be rejected because of the following issue:
Chain 2 Exception: normal_cdf: Scale parameter is 0, but must be positive! (in '/tmp/RtmpuVlZ1z/model-2be52f8da75c.stan', line 30, column 6 to column 53)
Chain 2 If this warning occurs sporadically, such as for highly constrained variable types like covariance matrices, then the sampler is fine,
Chain 2 but if this warning occurs often then your model may be either severely ill-conditioned or misspecified.
Chain 2 
Chain 3 Informational Message: The current Metropolis proposal is about to be rejected because of the following issue:
Chain 3 Exception: normal_cdf: Scale parameter is 0, but must be positive! (in '/tmp/RtmpuVlZ1z/model-2be52f8da75c.stan', line 30, column 6 to column 53)
Chain 3 If this warning occurs sporadically, such as for highly constrained variable types like covariance matrices, then the sampler is fine,
Chain 3 but if this warning occurs often then your model may be either severely ill-conditioned or misspecified.
Chain 3 
Chain 4 Informational Message: The current Metropolis proposal is about to be rejected because of the following issue:
Chain 4 Exception: normal_cdf: Scale parameter is 0, but must be positive! (in '/tmp/RtmpuVlZ1z/model-2be52f8da75c.stan', line 30, column 6 to column 53)
Chain 4 If this warning occurs sporadically, such as for highly constrained variable types like covariance matrices, then the sampler is fine,
Chain 4 but if this warning occurs often then your model may be either severely ill-conditioned or misspecified.
Chain 4 
[OK] EQI0005_AAMR2006_2010 RUCC3 EQI+PA
Chain 1 Informational Message: The current Metropolis proposal is about to be rejected because of the following issue:
Chain 1 Exception: normal_cdf: Scale parameter is 0, but must be positive! (in '/tmp/RtmpuVlZ1z/model-2be52f8da75c.stan', line 30, column 6 to column 53)
Chain 1 If this warning occurs sporadically, such as for highly constrained variable types like covariance matrices, then the sampler is fine,
Chain 1 but if this warning occurs often then your model may be either severely ill-conditioned or misspecified.
Chain 1 
Chain 2 Informational Message: The current Metropolis proposal is about to be rejected because of the following issue:
Chain 2 Exception: normal_cdf: Scale parameter is 0, but must be positive! (in '/tmp/RtmpuVlZ1z/model-2be52f8da75c.stan', line 30, column 6 to column 53)
Chain 2 If this warning occurs sporadically, such as for highly constrained variable types like covariance matrices, then the sampler is fine,
Chain 2 but if this warning occurs often then your model may be either severely ill-conditioned or misspecified.
Chain 2 
Chain 3 Informational Message: The current Metropolis proposal is about to be rejected because of the following issue:
Chain 3 Exception: normal_cdf: Scale parameter is 0, but must be positive! (in '/tmp/RtmpuVlZ1z/model-2be52f8da75c.stan', line 30, column 6 to column 53)
Chain 3 If this warning occurs sporadically, such as for highly constrained variable types like covariance matrices, then the sampler is fine,
Chain 3 but if this warning occurs often then your model may be either severely ill-conditioned or misspecified.
Chain 3 
Chain 4 Informational Message: The current Metropolis proposal is about to be rejected because of the following issue:
Chain 4 Exception: normal_cdf: Scale parameter is 0, but must be positive! (in '/tmp/RtmpuVlZ1z/model-2be52f8da75c.stan', line 30, column 6 to column 53)
Chain 4 If this warning occurs sporadically, such as for highly constrained variable types like covariance matrices, then the sampler is fine,
Chain 4 but if this warning occurs often then your model may be either severely ill-conditioned or misspecified.
Chain 4 
[OK] EQI0005_AAMR2006_2010 RUCC3 EQI+OB
Chain 1 Informational Message: The current Metropolis proposal is about to be rejected because of the following issue:
Chain 1 Exception: normal_cdf: Scale parameter is 0, but must be positive! (in '/tmp/RtmpuVlZ1z/model-2be52f8da75c.stan', line 30, column 6 to column 53)
Chain 1 If this warning occurs sporadically, such as for highly constrained variable types like covariance matrices, then the sampler is fine,
Chain 1 but if this warning occurs often then your model may be either severely ill-conditioned or misspecified.
Chain 1 
Chain 2 Informational Message: The current Metropolis proposal is about to be rejected because of the following issue:
Chain 2 Exception: normal_cdf: Scale parameter is 0, but must be positive! (in '/tmp/RtmpuVlZ1z/model-2be52f8da75c.stan', line 30, column 6 to column 53)
Chain 2 If this warning occurs sporadically, such as for highly constrained variable types like covariance matrices, then the sampler is fine,
Chain 2 but if this warning occurs often then your model may be either severely ill-conditioned or misspecified.
Chain 2 
[OK] EQI0005_AAMR2006_2010 RUCC3 EQI+UN
Chain 1 Informational Message: The current Metropolis proposal is about to be rejected because of the following issue:
Chain 1 Exception: normal_cdf: Scale parameter is 0, but must be positive! (in '/tmp/RtmpuVlZ1z/model-2be52f8da75c.stan', line 30, column 6 to column 53)
Chain 1 If this warning occurs sporadically, such as for highly constrained variable types like covariance matrices, then the sampler is fine,
Chain 1 but if this warning occurs often then your model may be either severely ill-conditioned or misspecified.
Chain 1 
Chain 2 Informational Message: The current Metropolis proposal is about to be rejected because of the following issue:
Chain 2 Exception: normal_cdf: Scale parameter is 0, but must be positive! (in '/tmp/RtmpuVlZ1z/model-2be52f8da75c.stan', line 30, column 6 to column 53)
Chain 2 If this warning occurs sporadically, such as for highly constrained variable types like covariance matrices, then the sampler is fine,
Chain 2 but if this warning occurs often then your model may be either severely ill-conditioned or misspecified.
Chain 2 
Chain 3 Informational Message: The current Metropolis proposal is about to be rejected because of the following issue:
Chain 3 Exception: normal_cdf: Scale parameter is 0, but must be positive! (in '/tmp/RtmpuVlZ1z/model-2be52f8da75c.stan', line 30, column 6 to column 53)
Chain 3 If this warning occurs sporadically, such as for highly constrained variable types like covariance matrices, then the sampler is fine,
Chain 3 but if this warning occurs often then your model may be either severely ill-conditioned or misspecified.
Chain 3 
Chain 4 Informational Message: The current Metropolis proposal is about to be rejected because of the following issue:
Chain 4 Exception: normal_cdf: Scale parameter is 0, but must be positive! (in '/tmp/RtmpuVlZ1z/model-2be52f8da75c.stan', line 30, column 6 to column 53)
Chain 4 If this warning occurs sporadically, such as for highly constrained variable types like covariance matrices, then the sampler is fine,
Chain 4 but if this warning occurs often then your model may be either severely ill-conditioned or misspecified.
Chain 4 
[OK] EQI0005_AAMR2006_2010 RUCC3 EQI+PD
Chain 2 Informational Message: The current Metropolis proposal is about to be rejected because of the following issue:
Chain 2 Exception: normal_cdf: Scale parameter is 0, but must be positive! (in '/tmp/RtmpuVlZ1z/model-2be52f8da75c.stan', line 30, column 6 to column 53)
Chain 2 If this warning occurs sporadically, such as for highly constrained variable types like covariance matrices, then the sampler is fine,
Chain 2 but if this warning occurs often then your model may be either severely ill-conditioned or misspecified.
Chain 2 
[OK] EQI0005_AAMR2006_2010 RUCC3 EQI+DB
Chain 1 Informational Message: The current Metropolis proposal is about to be rejected because of the following issue:
Chain 1 Exception: normal_cdf: Scale parameter is 0, but must be positive! (in '/tmp/RtmpuVlZ1z/model-2be52f8da75c.stan', line 30, column 6 to column 53)
Chain 1 If this warning occurs sporadically, such as for highly constrained variable types like covariance matrices, then the sampler is fine,
Chain 1 but if this warning occurs often then your model may be either severely ill-conditioned or misspecified.
Chain 1 
Chain 2 Informational Message: The current Metropolis proposal is about to be rejected because of the following issue:
Chain 2 Exception: normal_cdf: Scale parameter is 0, but must be positive! (in '/tmp/RtmpuVlZ1z/model-2be52f8da75c.stan', line 30, column 6 to column 53)
Chain 2 If this warning occurs sporadically, such as for highly constrained variable types like covariance matrices, then the sampler is fine,
Chain 2 but if this warning occurs often then your model may be either severely ill-conditioned or misspecified.
Chain 2 
Chain 3 Informational Message: The current Metropolis proposal is about to be rejected because of the following issue:
Chain 3 Exception: normal_cdf: Scale parameter is 0, but must be positive! (in '/tmp/RtmpuVlZ1z/model-2be52f8da75c.stan', line 30, column 6 to column 53)
Chain 3 If this warning occurs sporadically, such as for highly constrained variable types like covariance matrices, then the sampler is fine,
Chain 3 but if this warning occurs often then your model may be either severely ill-conditioned or misspecified.
Chain 3 
Chain 4 Informational Message: The current Metropolis proposal is about to be rejected because of the following issue:
Chain 4 Exception: normal_cdf: Scale parameter is 0, but must be positive! (in '/tmp/RtmpuVlZ1z/model-2be52f8da75c.stan', line 30, column 6 to column 53)
Chain 4 If this warning occurs sporadically, such as for highly constrained variable types like covariance matrices, then the sampler is fine,
Chain 4 but if this warning occurs often then your model may be either severely ill-conditioned or misspecified.
Chain 4 
[OK] EQI0005_AAMR2006_2010 RUCC3 EQI+SM+PA
Chain 1 Informational Message: The current Metropolis proposal is about to be rejected because of the following issue:
Chain 1 Exception: normal_cdf: Scale parameter is 0, but must be positive! (in '/tmp/RtmpuVlZ1z/model-2be52f8da75c.stan', line 30, column 6 to column 53)
Chain 1 If this warning occurs sporadically, such as for highly constrained variable types like covariance matrices, then the sampler is fine,
Chain 1 but if this warning occurs often then your model may be either severely ill-conditioned or misspecified.
Chain 1 
Chain 2 Informational Message: The current Metropolis proposal is about to be rejected because of the following issue:
Chain 2 Exception: normal_cdf: Scale parameter is 0, but must be positive! (in '/tmp/RtmpuVlZ1z/model-2be52f8da75c.stan', line 30, column 6 to column 53)
Chain 2 If this warning occurs sporadically, such as for highly constrained variable types like covariance matrices, then the sampler is fine,
Chain 2 but if this warning occurs often then your model may be either severely ill-conditioned or misspecified.
Chain 2 
Chain 3 Informational Message: The current Metropolis proposal is about to be rejected because of the following issue:
Chain 3 Exception: normal_cdf: Scale parameter is 0, but must be positive! (in '/tmp/RtmpuVlZ1z/model-2be52f8da75c.stan', line 30, column 6 to column 53)
Chain 3 If this warning occurs sporadically, such as for highly constrained variable types like covariance matrices, then the sampler is fine,
Chain 3 but if this warning occurs often then your model may be either severely ill-conditioned or misspecified.
Chain 3 
Chain 4 Informational Message: The current Metropolis proposal is about to be rejected because of the following issue:
Chain 4 Exception: normal_cdf: Scale parameter is 0, but must be positive! (in '/tmp/RtmpuVlZ1z/model-2be52f8da75c.stan', line 30, column 6 to column 53)
Chain 4 If this warning occurs sporadically, such as for highly constrained variable types like covariance matrices, then the sampler is fine,
Chain 4 but if this warning occurs often then your model may be either severely ill-conditioned or misspecified.
Chain 4 
[OK] EQI0005_AAMR2006_2010 RUCC3 EQI+SM+OB
Chain 2 Informational Message: The current Metropolis proposal is about to be rejected because of the following issue:
Chain 2 Exception: normal_cdf: Scale parameter is 0, but must be positive! (in '/tmp/RtmpuVlZ1z/model-2be52f8da75c.stan', line 30, column 6 to column 53)
Chain 2 If this warning occurs sporadically, such as for highly constrained variable types like covariance matrices, then the sampler is fine,
Chain 2 but if this warning occurs often then your model may be either severely ill-conditioned or misspecified.
Chain 2 
[OK] EQI0005_AAMR2006_2010 RUCC3 EQI+SM+UN
Chain 1 Informational Message: The current Metropolis proposal is about to be rejected because of the following issue:
Chain 1 Exception: normal_cdf: Scale parameter is 0, but must be positive! (in '/tmp/RtmpuVlZ1z/model-2be52f8da75c.stan', line 30, column 6 to column 53)
Chain 1 If this warning occurs sporadically, such as for highly constrained variable types like covariance matrices, then the sampler is fine,
Chain 1 but if this warning occurs often then your model may be either severely ill-conditioned or misspecified.
Chain 1 
Chain 2 Informational Message: The current Metropolis proposal is about to be rejected because of the following issue:
Chain 2 Exception: normal_cdf: Scale parameter is 0, but must be positive! (in '/tmp/RtmpuVlZ1z/model-2be52f8da75c.stan', line 30, column 6 to column 53)
Chain 2 If this warning occurs sporadically, such as for highly constrained variable types like covariance matrices, then the sampler is fine,
Chain 2 but if this warning occurs often then your model may be either severely ill-conditioned or misspecified.
Chain 2 
Chain 3 Informational Message: The current Metropolis proposal is about to be rejected because of the following issue:
Chain 3 Exception: normal_cdf: Scale parameter is 0, but must be positive! (in '/tmp/RtmpuVlZ1z/model-2be52f8da75c.stan', line 30, column 6 to column 53)
Chain 3 If this warning occurs sporadically, such as for highly constrained variable types like covariance matrices, then the sampler is fine,
Chain 3 but if this warning occurs often then your model may be either severely ill-conditioned or misspecified.
Chain 3 
Chain 4 Informational Message: The current Metropolis proposal is about to be rejected because of the following issue:
Chain 4 Exception: normal_cdf: Scale parameter is 0, but must be positive! (in '/tmp/RtmpuVlZ1z/model-2be52f8da75c.stan', line 30, column 6 to column 53)
Chain 4 If this warning occurs sporadically, such as for highly constrained variable types like covariance matrices, then the sampler is fine,
Chain 4 but if this warning occurs often then your model may be either severely ill-conditioned or misspecified.
Chain 4 
[OK] EQI0005_AAMR2006_2010 RUCC3 EQI+SM+PD
Chain 1 Informational Message: The current Metropolis proposal is about to be rejected because of the following issue:
Chain 1 Exception: normal_cdf: Scale parameter is 0, but must be positive! (in '/tmp/RtmpuVlZ1z/model-2be52f8da75c.stan', line 30, column 6 to column 53)
Chain 1 If this warning occurs sporadically, such as for highly constrained variable types like covariance matrices, then the sampler is fine,
Chain 1 but if this warning occurs often then your model may be either severely ill-conditioned or misspecified.
Chain 1 
Chain 2 Informational Message: The current Metropolis proposal is about to be rejected because of the following issue:
Chain 2 Exception: normal_cdf: Scale parameter is 0, but must be positive! (in '/tmp/RtmpuVlZ1z/model-2be52f8da75c.stan', line 30, column 6 to column 53)
Chain 2 If this warning occurs sporadically, such as for highly constrained variable types like covariance matrices, then the sampler is fine,
Chain 2 but if this warning occurs often then your model may be either severely ill-conditioned or misspecified.
Chain 2 
Chain 3 Informational Message: The current Metropolis proposal is about to be rejected because of the following issue:
Chain 3 Exception: normal_cdf: Scale parameter is 0, but must be positive! (in '/tmp/RtmpuVlZ1z/model-2be52f8da75c.stan', line 30, column 6 to column 53)
Chain 3 If this warning occurs sporadically, such as for highly constrained variable types like covariance matrices, then the sampler is fine,
Chain 3 but if this warning occurs often then your model may be either severely ill-conditioned or misspecified.
Chain 3 
Chain 4 Informational Message: The current Metropolis proposal is about to be rejected because of the following issue:
Chain 4 Exception: normal_cdf: Scale parameter is 0, but must be positive! (in '/tmp/RtmpuVlZ1z/model-2be52f8da75c.stan', line 30, column 6 to column 53)
Chain 4 If this warning occurs sporadically, such as for highly constrained variable types like covariance matrices, then the sampler is fine,
Chain 4 but if this warning occurs often then your model may be either severely ill-conditioned or misspecified.
Chain 4 
[OK] EQI0005_AAMR2006_2010 RUCC3 EQI+SM+DB
Chain 1 Informational Message: The current Metropolis proposal is about to be rejected because of the following issue:
Chain 1 Exception: normal_cdf: Scale parameter is 0, but must be positive! (in '/tmp/RtmpuVlZ1z/model-2be52f8da75c.stan', line 30, column 6 to column 53)
Chain 1 If this warning occurs sporadically, such as for highly constrained variable types like covariance matrices, then the sampler is fine,
Chain 1 but if this warning occurs often then your model may be either severely ill-conditioned or misspecified.
Chain 1 
Chain 2 Informational Message: The current Metropolis proposal is about to be rejected because of the following issue:
Chain 2 Exception: normal_cdf: Scale parameter is 0, but must be positive! (in '/tmp/RtmpuVlZ1z/model-2be52f8da75c.stan', line 30, column 6 to column 53)
Chain 2 If this warning occurs sporadically, such as for highly constrained variable types like covariance matrices, then the sampler is fine,
Chain 2 but if this warning occurs often then your model may be either severely ill-conditioned or misspecified.
Chain 2 
Chain 3 Informational Message: The current Metropolis proposal is about to be rejected because of the following issue:
Chain 3 Exception: normal_cdf: Scale parameter is 0, but must be positive! (in '/tmp/RtmpuVlZ1z/model-2be52f8da75c.stan', line 30, column 6 to column 53)
Chain 3 If this warning occurs sporadically, such as for highly constrained variable types like covariance matrices, then the sampler is fine,
Chain 3 but if this warning occurs often then your model may be either severely ill-conditioned or misspecified.
Chain 3 
Chain 4 Informational Message: The current Metropolis proposal is about to be rejected because of the following issue:
Chain 4 Exception: normal_cdf: Scale parameter is 0, but must be positive! (in '/tmp/RtmpuVlZ1z/model-2be52f8da75c.stan', line 30, column 6 to column 53)
Chain 4 If this warning occurs sporadically, such as for highly constrained variable types like covariance matrices, then the sampler is fine,
Chain 4 but if this warning occurs often then your model may be either severely ill-conditioned or misspecified.
Chain 4 
[OK] EQI0005_AAMR2006_2010 RUCC3 EQI+PA+OB
Chain 1 Informational Message: The current Metropolis proposal is about to be rejected because of the following issue:
Chain 1 Exception: normal_cdf: Scale parameter is 0, but must be positive! (in '/tmp/RtmpuVlZ1z/model-2be52f8da75c.stan', line 30, column 6 to column 53)
Chain 1 If this warning occurs sporadically, such as for highly constrained variable types like covariance matrices, then the sampler is fine,
Chain 1 but if this warning occurs often then your model may be either severely ill-conditioned or misspecified.
Chain 1 
Chain 2 Informational Message: The current Metropolis proposal is about to be rejected because of the following issue:
Chain 2 Exception: normal_cdf: Scale parameter is 0, but must be positive! (in '/tmp/RtmpuVlZ1z/model-2be52f8da75c.stan', line 30, column 6 to column 53)
Chain 2 If this warning occurs sporadically, such as for highly constrained variable types like covariance matrices, then the sampler is fine,
Chain 2 but if this warning occurs often then your model may be either severely ill-conditioned or misspecified.
Chain 2 
Chain 3 Informational Message: The current Metropolis proposal is about to be rejected because of the following issue:
Chain 3 Exception: normal_cdf: Scale parameter is 0, but must be positive! (in '/tmp/RtmpuVlZ1z/model-2be52f8da75c.stan', line 30, column 6 to column 53)
Chain 3 If this warning occurs sporadically, such as for highly constrained variable types like covariance matrices, then the sampler is fine,
Chain 3 but if this warning occurs often then your model may be either severely ill-conditioned or misspecified.
Chain 3 
Chain 4 Informational Message: The current Metropolis proposal is about to be rejected because of the following issue:
Chain 4 Exception: normal_cdf: Scale parameter is 0, but must be positive! (in '/tmp/RtmpuVlZ1z/model-2be52f8da75c.stan', line 30, column 6 to column 53)
Chain 4 If this warning occurs sporadically, such as for highly constrained variable types like covariance matrices, then the sampler is fine,
Chain 4 but if this warning occurs often then your model may be either severely ill-conditioned or misspecified.
Chain 4 
[OK] EQI0005_AAMR2006_2010 RUCC3 EQI+PA+UN
Chain 1 Informational Message: The current Metropolis proposal is about to be rejected because of the following issue:
Chain 1 Exception: normal_cdf: Scale parameter is 0, but must be positive! (in '/tmp/RtmpuVlZ1z/model-2be52f8da75c.stan', line 30, column 6 to column 53)
Chain 1 If this warning occurs sporadically, such as for highly constrained variable types like covariance matrices, then the sampler is fine,
Chain 1 but if this warning occurs often then your model may be either severely ill-conditioned or misspecified.
Chain 1 
Chain 2 Informational Message: The current Metropolis proposal is about to be rejected because of the following issue:
Chain 2 Exception: normal_cdf: Scale parameter is 0, but must be positive! (in '/tmp/RtmpuVlZ1z/model-2be52f8da75c.stan', line 30, column 6 to column 53)
Chain 2 If this warning occurs sporadically, such as for highly constrained variable types like covariance matrices, then the sampler is fine,
Chain 2 but if this warning occurs often then your model may be either severely ill-conditioned or misspecified.
Chain 2 
Chain 3 Informational Message: The current Metropolis proposal is about to be rejected because of the following issue:
Chain 3 Exception: normal_cdf: Scale parameter is 0, but must be positive! (in '/tmp/RtmpuVlZ1z/model-2be52f8da75c.stan', line 30, column 6 to column 53)
Chain 3 If this warning occurs sporadically, such as for highly constrained variable types like covariance matrices, then the sampler is fine,
Chain 3 but if this warning occurs often then your model may be either severely ill-conditioned or misspecified.
Chain 3 
Chain 4 Informational Message: The current Metropolis proposal is about to be rejected because of the following issue:
Chain 4 Exception: normal_cdf: Scale parameter is 0, but must be positive! (in '/tmp/RtmpuVlZ1z/model-2be52f8da75c.stan', line 30, column 6 to column 53)
Chain 4 If this warning occurs sporadically, such as for highly constrained variable types like covariance matrices, then the sampler is fine,
Chain 4 but if this warning occurs often then your model may be either severely ill-conditioned or misspecified.
Chain 4 
[OK] EQI0005_AAMR2006_2010 RUCC3 EQI+PA+PD
Chain 1 Informational Message: The current Metropolis proposal is about to be rejected because of the following issue:
Chain 1 Exception: normal_cdf: Scale parameter is 0, but must be positive! (in '/tmp/RtmpuVlZ1z/model-2be52f8da75c.stan', line 30, column 6 to column 53)
Chain 1 If this warning occurs sporadically, such as for highly constrained variable types like covariance matrices, then the sampler is fine,
Chain 1 but if this warning occurs often then your model may be either severely ill-conditioned or misspecified.
Chain 1 
Chain 2 Informational Message: The current Metropolis proposal is about to be rejected because of the following issue:
Chain 2 Exception: normal_cdf: Scale parameter is 0, but must be positive! (in '/tmp/RtmpuVlZ1z/model-2be52f8da75c.stan', line 30, column 6 to column 53)
Chain 2 If this warning occurs sporadically, such as for highly constrained variable types like covariance matrices, then the sampler is fine,
Chain 2 but if this warning occurs often then your model may be either severely ill-conditioned or misspecified.
Chain 2 
Chain 3 Informational Message: The current Metropolis proposal is about to be rejected because of the following issue:
Chain 3 Exception: normal_cdf: Scale parameter is 0, but must be positive! (in '/tmp/RtmpuVlZ1z/model-2be52f8da75c.stan', line 30, column 6 to column 53)
Chain 3 If this warning occurs sporadically, such as for highly constrained variable types like covariance matrices, then the sampler is fine,
Chain 3 but if this warning occurs often then your model may be either severely ill-conditioned or misspecified.
Chain 3 
Chain 4 Informational Message: The current Metropolis proposal is about to be rejected because of the following issue:
Chain 4 Exception: normal_cdf: Scale parameter is 0, but must be positive! (in '/tmp/RtmpuVlZ1z/model-2be52f8da75c.stan', line 30, column 6 to column 53)
Chain 4 If this warning occurs sporadically, such as for highly constrained variable types like covariance matrices, then the sampler is fine,
Chain 4 but if this warning occurs often then your model may be either severely ill-conditioned or misspecified.
Chain 4 
[OK] EQI0005_AAMR2006_2010 RUCC3 EQI+PA+DB
Chain 1 Informational Message: The current Metropolis proposal is about to be rejected because of the following issue:
Chain 1 Exception: normal_cdf: Scale parameter is 0, but must be positive! (in '/tmp/RtmpuVlZ1z/model-2be52f8da75c.stan', line 30, column 6 to column 53)
Chain 1 If this warning occurs sporadically, such as for highly constrained variable types like covariance matrices, then the sampler is fine,
Chain 1 but if this warning occurs often then your model may be either severely ill-conditioned or misspecified.
Chain 1 
Chain 2 Informational Message: The current Metropolis proposal is about to be rejected because of the following issue:
Chain 2 Exception: normal_cdf: Scale parameter is 0, but must be positive! (in '/tmp/RtmpuVlZ1z/model-2be52f8da75c.stan', line 30, column 6 to column 53)
Chain 2 If this warning occurs sporadically, such as for highly constrained variable types like covariance matrices, then the sampler is fine,
Chain 2 but if this warning occurs often then your model may be either severely ill-conditioned or misspecified.
Chain 2 
Chain 3 Informational Message: The current Metropolis proposal is about to be rejected because of the following issue:
Chain 3 Exception: normal_cdf: Scale parameter is 0, but must be positive! (in '/tmp/RtmpuVlZ1z/model-2be52f8da75c.stan', line 30, column 6 to column 53)
Chain 3 If this warning occurs sporadically, such as for highly constrained variable types like covariance matrices, then the sampler is fine,
Chain 3 but if this warning occurs often then your model may be either severely ill-conditioned or misspecified.
Chain 3 
Chain 4 Informational Message: The current Metropolis proposal is about to be rejected because of the following issue:
Chain 4 Exception: normal_cdf: Scale parameter is 0, but must be positive! (in '/tmp/RtmpuVlZ1z/model-2be52f8da75c.stan', line 30, column 6 to column 53)
Chain 4 If this warning occurs sporadically, such as for highly constrained variable types like covariance matrices, then the sampler is fine,
Chain 4 but if this warning occurs often then your model may be either severely ill-conditioned or misspecified.
Chain 4 
[OK] EQI0005_AAMR2006_2010 RUCC3 EQI+OB+UN
Chain 1 Informational Message: The current Metropolis proposal is about to be rejected because of the following issue:
Chain 1 Exception: normal_cdf: Scale parameter is 0, but must be positive! (in '/tmp/RtmpuVlZ1z/model-2be52f8da75c.stan', line 30, column 6 to column 53)
Chain 1 If this warning occurs sporadically, such as for highly constrained variable types like covariance matrices, then the sampler is fine,
Chain 1 but if this warning occurs often then your model may be either severely ill-conditioned or misspecified.
Chain 1 
Chain 2 Informational Message: The current Metropolis proposal is about to be rejected because of the following issue:
Chain 2 Exception: normal_cdf: Scale parameter is 0, but must be positive! (in '/tmp/RtmpuVlZ1z/model-2be52f8da75c.stan', line 30, column 6 to column 53)
Chain 2 If this warning occurs sporadically, such as for highly constrained variable types like covariance matrices, then the sampler is fine,
Chain 2 but if this warning occurs often then your model may be either severely ill-conditioned or misspecified.
Chain 2 
Chain 3 Informational Message: The current Metropolis proposal is about to be rejected because of the following issue:
Chain 3 Exception: normal_cdf: Scale parameter is 0, but must be positive! (in '/tmp/RtmpuVlZ1z/model-2be52f8da75c.stan', line 30, column 6 to column 53)
Chain 3 If this warning occurs sporadically, such as for highly constrained variable types like covariance matrices, then the sampler is fine,
Chain 3 but if this warning occurs often then your model may be either severely ill-conditioned or misspecified.
Chain 3 
Chain 4 Informational Message: The current Metropolis proposal is about to be rejected because of the following issue:
Chain 4 Exception: normal_cdf: Scale parameter is 0, but must be positive! (in '/tmp/RtmpuVlZ1z/model-2be52f8da75c.stan', line 30, column 6 to column 53)
Chain 4 If this warning occurs sporadically, such as for highly constrained variable types like covariance matrices, then the sampler is fine,
Chain 4 but if this warning occurs often then your model may be either severely ill-conditioned or misspecified.
Chain 4 
[OK] EQI0005_AAMR2006_2010 RUCC3 EQI+OB+PD
Chain 2 Informational Message: The current Metropolis proposal is about to be rejected because of the following issue:
Chain 2 Exception: normal_cdf: Scale parameter is 0, but must be positive! (in '/tmp/RtmpuVlZ1z/model-2be52f8da75c.stan', line 30, column 6 to column 53)
Chain 2 If this warning occurs sporadically, such as for highly constrained variable types like covariance matrices, then the sampler is fine,
Chain 2 but if this warning occurs often then your model may be either severely ill-conditioned or misspecified.
Chain 2 
[OK] EQI0005_AAMR2006_2010 RUCC3 EQI+OB+DB
Chain 1 Informational Message: The current Metropolis proposal is about to be rejected because of the following issue:
Chain 1 Exception: normal_cdf: Scale parameter is 0, but must be positive! (in '/tmp/RtmpuVlZ1z/model-2be52f8da75c.stan', line 30, column 6 to column 53)
Chain 1 If this warning occurs sporadically, such as for highly constrained variable types like covariance matrices, then the sampler is fine,
Chain 1 but if this warning occurs often then your model may be either severely ill-conditioned or misspecified.
Chain 1 
Chain 2 Informational Message: The current Metropolis proposal is about to be rejected because of the following issue:
Chain 2 Exception: normal_cdf: Scale parameter is 0, but must be positive! (in '/tmp/RtmpuVlZ1z/model-2be52f8da75c.stan', line 30, column 6 to column 53)
Chain 2 If this warning occurs sporadically, such as for highly constrained variable types like covariance matrices, then the sampler is fine,
Chain 2 but if this warning occurs often then your model may be either severely ill-conditioned or misspecified.
Chain 2 
Chain 3 Informational Message: The current Metropolis proposal is about to be rejected because of the following issue:
Chain 3 Exception: normal_cdf: Scale parameter is 0, but must be positive! (in '/tmp/RtmpuVlZ1z/model-2be52f8da75c.stan', line 30, column 6 to column 53)
Chain 3 If this warning occurs sporadically, such as for highly constrained variable types like covariance matrices, then the sampler is fine,
Chain 3 but if this warning occurs often then your model may be either severely ill-conditioned or misspecified.
Chain 3 
Chain 4 Informational Message: The current Metropolis proposal is about to be rejected because of the following issue:
Chain 4 Exception: normal_cdf: Scale parameter is 0, but must be positive! (in '/tmp/RtmpuVlZ1z/model-2be52f8da75c.stan', line 30, column 6 to column 53)
Chain 4 If this warning occurs sporadically, such as for highly constrained variable types like covariance matrices, then the sampler is fine,
Chain 4 but if this warning occurs often then your model may be either severely ill-conditioned or misspecified.
Chain 4 
[OK] EQI0005_AAMR2006_2010 RUCC3 EQI+UN+PD
Chain 1 Informational Message: The current Metropolis proposal is about to be rejected because of the following issue:
Chain 1 Exception: normal_cdf: Scale parameter is 0, but must be positive! (in '/tmp/RtmpuVlZ1z/model-2be52f8da75c.stan', line 30, column 6 to column 53)
Chain 1 If this warning occurs sporadically, such as for highly constrained variable types like covariance matrices, then the sampler is fine,
Chain 1 but if this warning occurs often then your model may be either severely ill-conditioned or misspecified.
Chain 1 
Chain 2 Informational Message: The current Metropolis proposal is about to be rejected because of the following issue:
Chain 2 Exception: normal_cdf: Scale parameter is 0, but must be positive! (in '/tmp/RtmpuVlZ1z/model-2be52f8da75c.stan', line 30, column 6 to column 53)
Chain 2 If this warning occurs sporadically, such as for highly constrained variable types like covariance matrices, then the sampler is fine,
Chain 2 but if this warning occurs often then your model may be either severely ill-conditioned or misspecified.
Chain 2 
Chain 4 Informational Message: The current Metropolis proposal is about to be rejected because of the following issue:
Chain 4 Exception: normal_cdf: Scale parameter is 0, but must be positive! (in '/tmp/RtmpuVlZ1z/model-2be52f8da75c.stan', line 30, column 6 to column 53)
Chain 4 If this warning occurs sporadically, such as for highly constrained variable types like covariance matrices, then the sampler is fine,
Chain 4 but if this warning occurs often then your model may be either severely ill-conditioned or misspecified.
Chain 4 
[OK] EQI0005_AAMR2006_2010 RUCC3 EQI+UN+DB
Chain 1 Informational Message: The current Metropolis proposal is about to be rejected because of the following issue:
Chain 1 Exception: normal_cdf: Scale parameter is 0, but must be positive! (in '/tmp/RtmpuVlZ1z/model-2be52f8da75c.stan', line 30, column 6 to column 53)
Chain 1 If this warning occurs sporadically, such as for highly constrained variable types like covariance matrices, then the sampler is fine,
Chain 1 but if this warning occurs often then your model may be either severely ill-conditioned or misspecified.
Chain 1 
Chain 2 Informational Message: The current Metropolis proposal is about to be rejected because of the following issue:
Chain 2 Exception: normal_cdf: Scale parameter is 0, but must be positive! (in '/tmp/RtmpuVlZ1z/model-2be52f8da75c.stan', line 30, column 6 to column 53)
Chain 2 If this warning occurs sporadically, such as for highly constrained variable types like covariance matrices, then the sampler is fine,
Chain 2 but if this warning occurs often then your model may be either severely ill-conditioned or misspecified.
Chain 2 
Chain 3 Informational Message: The current Metropolis proposal is about to be rejected because of the following issue:
Chain 3 Exception: normal_cdf: Scale parameter is 0, but must be positive! (in '/tmp/RtmpuVlZ1z/model-2be52f8da75c.stan', line 30, column 6 to column 53)
Chain 3 If this warning occurs sporadically, such as for highly constrained variable types like covariance matrices, then the sampler is fine,
Chain 3 but if this warning occurs often then your model may be either severely ill-conditioned or misspecified.
Chain 3 
Chain 4 Informational Message: The current Metropolis proposal is about to be rejected because of the following issue:
Chain 4 Exception: normal_cdf: Scale parameter is 0, but must be positive! (in '/tmp/RtmpuVlZ1z/model-2be52f8da75c.stan', line 30, column 6 to column 53)
Chain 4 If this warning occurs sporadically, such as for highly constrained variable types like covariance matrices, then the sampler is fine,
Chain 4 but if this warning occurs often then your model may be either severely ill-conditioned or misspecified.
Chain 4 
[OK] EQI0005_AAMR2006_2010 RUCC3 EQI+PD+DB
Chain 1 Informational Message: The current Metropolis proposal is about to be rejected because of the following issue:
Chain 1 Exception: normal_cdf: Scale parameter is 0, but must be positive! (in '/tmp/RtmpuVlZ1z/model-2be52f8da75c.stan', line 30, column 6 to column 53)
Chain 1 If this warning occurs sporadically, such as for highly constrained variable types like covariance matrices, then the sampler is fine,
Chain 1 but if this warning occurs often then your model may be either severely ill-conditioned or misspecified.
Chain 1 
Chain 2 Informational Message: The current Metropolis proposal is about to be rejected because of the following issue:
Chain 2 Exception: normal_cdf: Scale parameter is 0, but must be positive! (in '/tmp/RtmpuVlZ1z/model-2be52f8da75c.stan', line 30, column 6 to column 53)
Chain 2 If this warning occurs sporadically, such as for highly constrained variable types like covariance matrices, then the sampler is fine,
Chain 2 but if this warning occurs often then your model may be either severely ill-conditioned or misspecified.
Chain 2 
Chain 3 Informational Message: The current Metropolis proposal is about to be rejected because of the following issue:
Chain 3 Exception: normal_cdf: Scale parameter is 0, but must be positive! (in '/tmp/RtmpuVlZ1z/model-2be52f8da75c.stan', line 30, column 6 to column 53)
Chain 3 If this warning occurs sporadically, such as for highly constrained variable types like covariance matrices, then the sampler is fine,
Chain 3 but if this warning occurs often then your model may be either severely ill-conditioned or misspecified.
Chain 3 
Chain 4 Informational Message: The current Metropolis proposal is about to be rejected because of the following issue:
Chain 4 Exception: normal_cdf: Scale parameter is 0, but must be positive! (in '/tmp/RtmpuVlZ1z/model-2be52f8da75c.stan', line 30, column 6 to column 53)
Chain 4 If this warning occurs sporadically, such as for highly constrained variable types like covariance matrices, then the sampler is fine,
Chain 4 but if this warning occurs often then your model may be either severely ill-conditioned or misspecified.
Chain 4 
slurmstepd: error: *** JOB 112954303 ON k14r3n00 CANCELLED AT 2026-05-07T16:24:18 ***
