CmdStan path set to: /public/home/vanadiumscandium/.cmdstan/cmdstan-2.35.0
Detected cores: 32 | Using: 25
Total covariate combinations: 64 (k=0:1, k=1:6, k=2:15, k=3:20, k=4:15, k=5:6, k=6:1)
Outcomes to analyze: C00_C97
===== Disease: Cancer (C00_C97) =====
[OK] EQI0005_AAMR2006_2010 Overall EQI
[OK] EQI0005_AAMR2006_2010 Overall EQI+SM
[OK] EQI0005_AAMR2006_2010 Overall EQI+PA
[OK] EQI0005_AAMR2006_2010 Overall EQI+OB
[OK] EQI0005_AAMR2006_2010 Overall EQI+UN
Chain 1 Informational Message: The current Metropolis proposal is about to be rejected because of the following issue:
Chain 1 Exception: normal_cdf: Scale parameter is 0, but must be positive! (in '/tmp/Rtmpmu8SN7/model-37dc36a64a5f.stan', line 30, column 6 to column 53)
Chain 1 If this warning occurs sporadically, such as for highly constrained variable types like covariance matrices, then the sampler is fine,
Chain 1 but if this warning occurs often then your model may be either severely ill-conditioned or misspecified.
Chain 1 
Chain 2 Informational Message: The current Metropolis proposal is about to be rejected because of the following issue:
Chain 2 Exception: normal_cdf: Scale parameter is 0, but must be positive! (in '/tmp/Rtmpmu8SN7/model-37dc36a64a5f.stan', line 30, column 6 to column 53)
Chain 2 If this warning occurs sporadically, such as for highly constrained variable types like covariance matrices, then the sampler is fine,
Chain 2 but if this warning occurs often then your model may be either severely ill-conditioned or misspecified.
Chain 2 
Chain 3 Informational Message: The current Metropolis proposal is about to be rejected because of the following issue:
Chain 3 Exception: normal_cdf: Scale parameter is 0, but must be positive! (in '/tmp/Rtmpmu8SN7/model-37dc36a64a5f.stan', line 30, column 6 to column 53)
Chain 3 If this warning occurs sporadically, such as for highly constrained variable types like covariance matrices, then the sampler is fine,
Chain 3 but if this warning occurs often then your model may be either severely ill-conditioned or misspecified.
Chain 3 
Chain 4 Informational Message: The current Metropolis proposal is about to be rejected because of the following issue:
Chain 4 Exception: normal_cdf: Scale parameter is 0, but must be positive! (in '/tmp/Rtmpmu8SN7/model-37dc36a64a5f.stan', line 30, column 6 to column 53)
Chain 4 If this warning occurs sporadically, such as for highly constrained variable types like covariance matrices, then the sampler is fine,
Chain 4 but if this warning occurs often then your model may be either severely ill-conditioned or misspecified.
Chain 4 
[OK] EQI0005_AAMR2006_2010 Overall EQI+PD
[OK] EQI0005_AAMR2006_2010 Overall EQI+DB
[OK] EQI0005_AAMR2006_2010 Overall EQI+SM+PA
[OK] EQI0005_AAMR2006_2010 Overall EQI+SM+OB
[OK] EQI0005_AAMR2006_2010 Overall EQI+SM+UN
Chain 1 Informational Message: The current Metropolis proposal is about to be rejected because of the following issue:
Chain 1 Exception: normal_cdf: Scale parameter is 0, but must be positive! (in '/tmp/Rtmpmu8SN7/model-37dc36a64a5f.stan', line 30, column 6 to column 53)
Chain 1 If this warning occurs sporadically, such as for highly constrained variable types like covariance matrices, then the sampler is fine,
Chain 1 but if this warning occurs often then your model may be either severely ill-conditioned or misspecified.
Chain 1 
Chain 2 Informational Message: The current Metropolis proposal is about to be rejected because of the following issue:
Chain 2 Exception: normal_cdf: Scale parameter is 0, but must be positive! (in '/tmp/Rtmpmu8SN7/model-37dc36a64a5f.stan', line 30, column 6 to column 53)
Chain 2 If this warning occurs sporadically, such as for highly constrained variable types like covariance matrices, then the sampler is fine,
Chain 2 but if this warning occurs often then your model may be either severely ill-conditioned or misspecified.
Chain 2 
Chain 3 Informational Message: The current Metropolis proposal is about to be rejected because of the following issue:
Chain 3 Exception: normal_cdf: Scale parameter is 0, but must be positive! (in '/tmp/Rtmpmu8SN7/model-37dc36a64a5f.stan', line 30, column 6 to column 53)
Chain 3 If this warning occurs sporadically, such as for highly constrained variable types like covariance matrices, then the sampler is fine,
Chain 3 but if this warning occurs often then your model may be either severely ill-conditioned or misspecified.
Chain 3 
Chain 4 Informational Message: The current Metropolis proposal is about to be rejected because of the following issue:
Chain 4 Exception: normal_cdf: Scale parameter is 0, but must be positive! (in '/tmp/Rtmpmu8SN7/model-37dc36a64a5f.stan', line 30, column 6 to column 53)
Chain 4 If this warning occurs sporadically, such as for highly constrained variable types like covariance matrices, then the sampler is fine,
Chain 4 but if this warning occurs often then your model may be either severely ill-conditioned or misspecified.
Chain 4 
[OK] EQI0005_AAMR2006_2010 Overall EQI+SM+PD
[OK] EQI0005_AAMR2006_2010 Overall EQI+SM+DB
Chain 4 Informational Message: The current Metropolis proposal is about to be rejected because of the following issue:
Chain 4 Exception: normal_cdf: Scale parameter is 0, but must be positive! (in '/tmp/Rtmpmu8SN7/model-37dc36a64a5f.stan', line 30, column 6 to column 53)
Chain 4 If this warning occurs sporadically, such as for highly constrained variable types like covariance matrices, then the sampler is fine,
Chain 4 but if this warning occurs often then your model may be either severely ill-conditioned or misspecified.
Chain 4 
[OK] EQI0005_AAMR2006_2010 Overall EQI+PA+OB
[OK] EQI0005_AAMR2006_2010 Overall EQI+PA+UN
Chain 1 Informational Message: The current Metropolis proposal is about to be rejected because of the following issue:
Chain 1 Exception: normal_cdf: Scale parameter is 0, but must be positive! (in '/tmp/Rtmpmu8SN7/model-37dc36a64a5f.stan', line 30, column 6 to column 53)
Chain 1 If this warning occurs sporadically, such as for highly constrained variable types like covariance matrices, then the sampler is fine,
Chain 1 but if this warning occurs often then your model may be either severely ill-conditioned or misspecified.
Chain 1 
Chain 1 Informational Message: The current Metropolis proposal is about to be rejected because of the following issue:
Chain 1 Exception: normal_cdf: Scale parameter is 0, but must be positive! (in '/tmp/Rtmpmu8SN7/model-37dc36a64a5f.stan', line 30, column 6 to column 53)
Chain 1 If this warning occurs sporadically, such as for highly constrained variable types like covariance matrices, then the sampler is fine,
Chain 1 but if this warning occurs often then your model may be either severely ill-conditioned or misspecified.
Chain 1 
Chain 2 Informational Message: The current Metropolis proposal is about to be rejected because of the following issue:
Chain 2 Exception: normal_cdf: Scale parameter is 0, but must be positive! (in '/tmp/Rtmpmu8SN7/model-37dc36a64a5f.stan', line 30, column 6 to column 53)
Chain 2 If this warning occurs sporadically, such as for highly constrained variable types like covariance matrices, then the sampler is fine,
Chain 2 but if this warning occurs often then your model may be either severely ill-conditioned or misspecified.
Chain 2 
Chain 2 Informational Message: The current Metropolis proposal is about to be rejected because of the following issue:
Chain 2 Exception: normal_cdf: Scale parameter is 0, but must be positive! (in '/tmp/Rtmpmu8SN7/model-37dc36a64a5f.stan', line 30, column 6 to column 53)
Chain 2 If this warning occurs sporadically, such as for highly constrained variable types like covariance matrices, then the sampler is fine,
Chain 2 but if this warning occurs often then your model may be either severely ill-conditioned or misspecified.
Chain 2 
Chain 3 Informational Message: The current Metropolis proposal is about to be rejected because of the following issue:
Chain 3 Exception: normal_cdf: Scale parameter is 0, but must be positive! (in '/tmp/Rtmpmu8SN7/model-37dc36a64a5f.stan', line 30, column 6 to column 53)
Chain 3 If this warning occurs sporadically, such as for highly constrained variable types like covariance matrices, then the sampler is fine,
Chain 3 but if this warning occurs often then your model may be either severely ill-conditioned or misspecified.
Chain 3 
Chain 3 Informational Message: The current Metropolis proposal is about to be rejected because of the following issue:
Chain 3 Exception: normal_cdf: Scale parameter is 0, but must be positive! (in '/tmp/Rtmpmu8SN7/model-37dc36a64a5f.stan', line 30, column 6 to column 53)
Chain 3 If this warning occurs sporadically, such as for highly constrained variable types like covariance matrices, then the sampler is fine,
Chain 3 but if this warning occurs often then your model may be either severely ill-conditioned or misspecified.
Chain 3 
Chain 4 Informational Message: The current Metropolis proposal is about to be rejected because of the following issue:
Chain 4 Exception: normal_cdf: Scale parameter is 0, but must be positive! (in '/tmp/Rtmpmu8SN7/model-37dc36a64a5f.stan', line 30, column 6 to column 53)
Chain 4 If this warning occurs sporadically, such as for highly constrained variable types like covariance matrices, then the sampler is fine,
Chain 4 but if this warning occurs often then your model may be either severely ill-conditioned or misspecified.
Chain 4 
Chain 4 Informational Message: The current Metropolis proposal is about to be rejected because of the following issue:
Chain 4 Exception: normal_cdf: Scale parameter is 0, but must be positive! (in '/tmp/Rtmpmu8SN7/model-37dc36a64a5f.stan', line 30, column 6 to column 53)
Chain 4 If this warning occurs sporadically, such as for highly constrained variable types like covariance matrices, then the sampler is fine,
Chain 4 but if this warning occurs often then your model may be either severely ill-conditioned or misspecified.
Chain 4 
[OK] EQI0005_AAMR2006_2010 Overall EQI+PA+PD
[OK] EQI0005_AAMR2006_2010 Overall EQI+PA+DB
[OK] EQI0005_AAMR2006_2010 Overall EQI+OB+UN
Chain 1 Informational Message: The current Metropolis proposal is about to be rejected because of the following issue:
Chain 1 Exception: normal_cdf: Scale parameter is 0, but must be positive! (in '/tmp/Rtmpmu8SN7/model-37dc36a64a5f.stan', line 30, column 6 to column 53)
Chain 1 If this warning occurs sporadically, such as for highly constrained variable types like covariance matrices, then the sampler is fine,
Chain 1 but if this warning occurs often then your model may be either severely ill-conditioned or misspecified.
Chain 1 
Chain 2 Informational Message: The current Metropolis proposal is about to be rejected because of the following issue:
Chain 2 Exception: normal_cdf: Scale parameter is 0, but must be positive! (in '/tmp/Rtmpmu8SN7/model-37dc36a64a5f.stan', line 30, column 6 to column 53)
Chain 2 If this warning occurs sporadically, such as for highly constrained variable types like covariance matrices, then the sampler is fine,
Chain 2 but if this warning occurs often then your model may be either severely ill-conditioned or misspecified.
Chain 2 
Chain 3 Informational Message: The current Metropolis proposal is about to be rejected because of the following issue:
Chain 3 Exception: normal_cdf: Scale parameter is 0, but must be positive! (in '/tmp/Rtmpmu8SN7/model-37dc36a64a5f.stan', line 30, column 6 to column 53)
Chain 3 If this warning occurs sporadically, such as for highly constrained variable types like covariance matrices, then the sampler is fine,
Chain 3 but if this warning occurs often then your model may be either severely ill-conditioned or misspecified.
Chain 3 
Chain 4 Informational Message: The current Metropolis proposal is about to be rejected because of the following issue:
Chain 4 Exception: normal_cdf: Scale parameter is 0, but must be positive! (in '/tmp/Rtmpmu8SN7/model-37dc36a64a5f.stan', line 30, column 6 to column 53)
Chain 4 If this warning occurs sporadically, such as for highly constrained variable types like covariance matrices, then the sampler is fine,
Chain 4 but if this warning occurs often then your model may be either severely ill-conditioned or misspecified.
Chain 4 
[OK] EQI0005_AAMR2006_2010 Overall EQI+OB+PD
[OK] EQI0005_AAMR2006_2010 Overall EQI+OB+DB
Chain 1 Informational Message: The current Metropolis proposal is about to be rejected because of the following issue:
Chain 1 Exception: normal_cdf: Scale parameter is 0, but must be positive! (in '/tmp/Rtmpmu8SN7/model-37dc36a64a5f.stan', line 30, column 6 to column 53)
Chain 1 If this warning occurs sporadically, such as for highly constrained variable types like covariance matrices, then the sampler is fine,
Chain 1 but if this warning occurs often then your model may be either severely ill-conditioned or misspecified.
Chain 1 
Chain 2 Informational Message: The current Metropolis proposal is about to be rejected because of the following issue:
Chain 2 Exception: normal_cdf: Scale parameter is 0, but must be positive! (in '/tmp/Rtmpmu8SN7/model-37dc36a64a5f.stan', line 30, column 6 to column 53)
Chain 2 If this warning occurs sporadically, such as for highly constrained variable types like covariance matrices, then the sampler is fine,
Chain 2 but if this warning occurs often then your model may be either severely ill-conditioned or misspecified.
Chain 2 
Chain 3 Informational Message: The current Metropolis proposal is about to be rejected because of the following issue:
Chain 3 Exception: normal_cdf: Scale parameter is 0, but must be positive! (in '/tmp/Rtmpmu8SN7/model-37dc36a64a5f.stan', line 30, column 6 to column 53)
Chain 3 If this warning occurs sporadically, such as for highly constrained variable types like covariance matrices, then the sampler is fine,
Chain 3 but if this warning occurs often then your model may be either severely ill-conditioned or misspecified.
Chain 3 
Chain 4 Informational Message: The current Metropolis proposal is about to be rejected because of the following issue:
Chain 4 Exception: normal_cdf: Scale parameter is 0, but must be positive! (in '/tmp/Rtmpmu8SN7/model-37dc36a64a5f.stan', line 30, column 6 to column 53)
Chain 4 If this warning occurs sporadically, such as for highly constrained variable types like covariance matrices, then the sampler is fine,
Chain 4 but if this warning occurs often then your model may be either severely ill-conditioned or misspecified.
Chain 4 
[OK] EQI0005_AAMR2006_2010 Overall EQI+UN+PD
[OK] EQI0005_AAMR2006_2010 Overall EQI+UN+DB
Chain 1 Informational Message: The current Metropolis proposal is about to be rejected because of the following issue:
Chain 1 Exception: normal_cdf: Scale parameter is 0, but must be positive! (in '/tmp/Rtmpmu8SN7/model-37dc36a64a5f.stan', line 30, column 6 to column 53)
Chain 1 If this warning occurs sporadically, such as for highly constrained variable types like covariance matrices, then the sampler is fine,
Chain 1 but if this warning occurs often then your model may be either severely ill-conditioned or misspecified.
Chain 1 
Chain 2 Informational Message: The current Metropolis proposal is about to be rejected because of the following issue:
Chain 2 Exception: normal_cdf: Scale parameter is 0, but must be positive! (in '/tmp/Rtmpmu8SN7/model-37dc36a64a5f.stan', line 30, column 6 to column 53)
Chain 2 If this warning occurs sporadically, such as for highly constrained variable types like covariance matrices, then the sampler is fine,
Chain 2 but if this warning occurs often then your model may be either severely ill-conditioned or misspecified.
Chain 2 
Chain 3 Informational Message: The current Metropolis proposal is about to be rejected because of the following issue:
Chain 3 Exception: normal_cdf: Scale parameter is 0, but must be positive! (in '/tmp/Rtmpmu8SN7/model-37dc36a64a5f.stan', line 30, column 6 to column 53)
Chain 3 If this warning occurs sporadically, such as for highly constrained variable types like covariance matrices, then the sampler is fine,
Chain 3 but if this warning occurs often then your model may be either severely ill-conditioned or misspecified.
Chain 3 
Chain 4 Informational Message: The current Metropolis proposal is about to be rejected because of the following issue:
Chain 4 Exception: normal_cdf: Scale parameter is 0, but must be positive! (in '/tmp/Rtmpmu8SN7/model-37dc36a64a5f.stan', line 30, column 6 to column 53)
Chain 4 If this warning occurs sporadically, such as for highly constrained variable types like covariance matrices, then the sampler is fine,
Chain 4 but if this warning occurs often then your model may be either severely ill-conditioned or misspecified.
Chain 4 
[OK] EQI0005_AAMR2006_2010 Overall EQI+PD+DB
Chain 1 Informational Message: The current Metropolis proposal is about to be rejected because of the following issue:
Chain 1 Exception: normal_cdf: Scale parameter is 0, but must be positive! (in '/tmp/Rtmpmu8SN7/model-37dc36a64a5f.stan', line 30, column 6 to column 53)
Chain 1 If this warning occurs sporadically, such as for highly constrained variable types like covariance matrices, then the sampler is fine,
Chain 1 but if this warning occurs often then your model may be either severely ill-conditioned or misspecified.
Chain 1 
Chain 2 Informational Message: The current Metropolis proposal is about to be rejected because of the following issue:
Chain 2 Exception: normal_cdf: Scale parameter is 0, but must be positive! (in '/tmp/Rtmpmu8SN7/model-37dc36a64a5f.stan', line 30, column 6 to column 53)
Chain 2 If this warning occurs sporadically, such as for highly constrained variable types like covariance matrices, then the sampler is fine,
Chain 2 but if this warning occurs often then your model may be either severely ill-conditioned or misspecified.
Chain 2 
Chain 3 Informational Message: The current Metropolis proposal is about to be rejected because of the following issue:
Chain 3 Exception: normal_cdf: Scale parameter is 0, but must be positive! (in '/tmp/Rtmpmu8SN7/model-37dc36a64a5f.stan', line 30, column 6 to column 53)
Chain 3 If this warning occurs sporadically, such as for highly constrained variable types like covariance matrices, then the sampler is fine,
Chain 3 but if this warning occurs often then your model may be either severely ill-conditioned or misspecified.
Chain 3 
Chain 4 Informational Message: The current Metropolis proposal is about to be rejected because of the following issue:
Chain 4 Exception: normal_cdf: Scale parameter is 0, but must be positive! (in '/tmp/Rtmpmu8SN7/model-37dc36a64a5f.stan', line 30, column 6 to column 53)
Chain 4 If this warning occurs sporadically, such as for highly constrained variable types like covariance matrices, then the sampler is fine,
Chain 4 but if this warning occurs often then your model may be either severely ill-conditioned or misspecified.
Chain 4 
[OK] EQI0005_AAMR2006_2010 Overall EQI+SM+PA+OB
Chain 1 Informational Message: The current Metropolis proposal is about to be rejected because of the following issue:
Chain 1 Exception: normal_cdf: Scale parameter is 0, but must be positive! (in '/tmp/Rtmpmu8SN7/model-37dc36a64a5f.stan', line 30, column 6 to column 53)
Chain 1 If this warning occurs sporadically, such as for highly constrained variable types like covariance matrices, then the sampler is fine,
Chain 1 but if this warning occurs often then your model may be either severely ill-conditioned or misspecified.
Chain 1 
[OK] EQI0005_AAMR2006_2010 Overall EQI+SM+PA+UN
Chain 1 Informational Message: The current Metropolis proposal is about to be rejected because of the following issue:
Chain 1 Exception: normal_cdf: Scale parameter is 0, but must be positive! (in '/tmp/Rtmpmu8SN7/model-37dc36a64a5f.stan', line 30, column 6 to column 53)
Chain 1 If this warning occurs sporadically, such as for highly constrained variable types like covariance matrices, then the sampler is fine,
Chain 1 but if this warning occurs often then your model may be either severely ill-conditioned or misspecified.
Chain 1 
Chain 1 Informational Message: The current Metropolis proposal is about to be rejected because of the following issue:
Chain 1 Exception: normal_cdf: Scale parameter is 0, but must be positive! (in '/tmp/Rtmpmu8SN7/model-37dc36a64a5f.stan', line 30, column 6 to column 53)
Chain 1 If this warning occurs sporadically, such as for highly constrained variable types like covariance matrices, then the sampler is fine,
Chain 1 but if this warning occurs often then your model may be either severely ill-conditioned or misspecified.
Chain 1 
Chain 2 Informational Message: The current Metropolis proposal is about to be rejected because of the following issue:
Chain 2 Exception: normal_cdf: Scale parameter is 0, but must be positive! (in '/tmp/Rtmpmu8SN7/model-37dc36a64a5f.stan', line 30, column 6 to column 53)
Chain 2 If this warning occurs sporadically, such as for highly constrained variable types like covariance matrices, then the sampler is fine,
Chain 2 but if this warning occurs often then your model may be either severely ill-conditioned or misspecified.
Chain 2 
Chain 2 Informational Message: The current Metropolis proposal is about to be rejected because of the following issue:
Chain 2 Exception: normal_cdf: Scale parameter is 0, but must be positive! (in '/tmp/Rtmpmu8SN7/model-37dc36a64a5f.stan', line 30, column 6 to column 53)
Chain 2 If this warning occurs sporadically, such as for highly constrained variable types like covariance matrices, then the sampler is fine,
Chain 2 but if this warning occurs often then your model may be either severely ill-conditioned or misspecified.
Chain 2 
Chain 3 Informational Message: The current Metropolis proposal is about to be rejected because of the following issue:
Chain 3 Exception: normal_cdf: Scale parameter is 0, but must be positive! (in '/tmp/Rtmpmu8SN7/model-37dc36a64a5f.stan', line 30, column 6 to column 53)
Chain 3 If this warning occurs sporadically, such as for highly constrained variable types like covariance matrices, then the sampler is fine,
Chain 3 but if this warning occurs often then your model may be either severely ill-conditioned or misspecified.
Chain 3 
Chain 3 Informational Message: The current Metropolis proposal is about to be rejected because of the following issue:
Chain 3 Exception: normal_cdf: Scale parameter is 0, but must be positive! (in '/tmp/Rtmpmu8SN7/model-37dc36a64a5f.stan', line 30, column 6 to column 53)
Chain 3 If this warning occurs sporadically, such as for highly constrained variable types like covariance matrices, then the sampler is fine,
Chain 3 but if this warning occurs often then your model may be either severely ill-conditioned or misspecified.
Chain 3 
Chain 4 Informational Message: The current Metropolis proposal is about to be rejected because of the following issue:
Chain 4 Exception: normal_cdf: Scale parameter is 0, but must be positive! (in '/tmp/Rtmpmu8SN7/model-37dc36a64a5f.stan', line 30, column 6 to column 53)
Chain 4 If this warning occurs sporadically, such as for highly constrained variable types like covariance matrices, then the sampler is fine,
Chain 4 but if this warning occurs often then your model may be either severely ill-conditioned or misspecified.
Chain 4 
Chain 4 Informational Message: The current Metropolis proposal is about to be rejected because of the following issue:
Chain 4 Exception: normal_cdf: Scale parameter is 0, but must be positive! (in '/tmp/Rtmpmu8SN7/model-37dc36a64a5f.stan', line 30, column 6 to column 53)
Chain 4 If this warning occurs sporadically, such as for highly constrained variable types like covariance matrices, then the sampler is fine,
Chain 4 but if this warning occurs often then your model may be either severely ill-conditioned or misspecified.
Chain 4 
[OK] EQI0005_AAMR2006_2010 Overall EQI+SM+PA+PD
[OK] EQI0005_AAMR2006_2010 Overall EQI+SM+PA+DB
[OK] EQI0005_AAMR2006_2010 Overall EQI+SM+OB+UN
Chain 1 Informational Message: The current Metropolis proposal is about to be rejected because of the following issue:
Chain 1 Exception: normal_cdf: Scale parameter is 0, but must be positive! (in '/tmp/Rtmpmu8SN7/model-37dc36a64a5f.stan', line 30, column 6 to column 53)
Chain 1 If this warning occurs sporadically, such as for highly constrained variable types like covariance matrices, then the sampler is fine,
Chain 1 but if this warning occurs often then your model may be either severely ill-conditioned or misspecified.
Chain 1 
Chain 2 Informational Message: The current Metropolis proposal is about to be rejected because of the following issue:
Chain 2 Exception: normal_cdf: Scale parameter is 0, but must be positive! (in '/tmp/Rtmpmu8SN7/model-37dc36a64a5f.stan', line 30, column 6 to column 53)
Chain 2 If this warning occurs sporadically, such as for highly constrained variable types like covariance matrices, then the sampler is fine,
Chain 2 but if this warning occurs often then your model may be either severely ill-conditioned or misspecified.
Chain 2 
Chain 3 Informational Message: The current Metropolis proposal is about to be rejected because of the following issue:
Chain 3 Exception: normal_cdf: Scale parameter is 0, but must be positive! (in '/tmp/Rtmpmu8SN7/model-37dc36a64a5f.stan', line 30, column 6 to column 53)
Chain 3 If this warning occurs sporadically, such as for highly constrained variable types like covariance matrices, then the sampler is fine,
Chain 3 but if this warning occurs often then your model may be either severely ill-conditioned or misspecified.
Chain 3 
Chain 4 Informational Message: The current Metropolis proposal is about to be rejected because of the following issue:
Chain 4 Exception: normal_cdf: Scale parameter is 0, but must be positive! (in '/tmp/Rtmpmu8SN7/model-37dc36a64a5f.stan', line 30, column 6 to column 53)
Chain 4 If this warning occurs sporadically, such as for highly constrained variable types like covariance matrices, then the sampler is fine,
Chain 4 but if this warning occurs often then your model may be either severely ill-conditioned or misspecified.
Chain 4 
[OK] EQI0005_AAMR2006_2010 Overall EQI+SM+OB+PD
[OK] EQI0005_AAMR2006_2010 Overall EQI+SM+OB+DB
Chain 1 Informational Message: The current Metropolis proposal is about to be rejected because of the following issue:
Chain 1 Exception: normal_cdf: Scale parameter is 0, but must be positive! (in '/tmp/Rtmpmu8SN7/model-37dc36a64a5f.stan', line 30, column 6 to column 53)
Chain 1 If this warning occurs sporadically, such as for highly constrained variable types like covariance matrices, then the sampler is fine,
Chain 1 but if this warning occurs often then your model may be either severely ill-conditioned or misspecified.
Chain 1 
Chain 2 Informational Message: The current Metropolis proposal is about to be rejected because of the following issue:
Chain 2 Exception: normal_cdf: Scale parameter is 0, but must be positive! (in '/tmp/Rtmpmu8SN7/model-37dc36a64a5f.stan', line 30, column 6 to column 53)
Chain 2 If this warning occurs sporadically, such as for highly constrained variable types like covariance matrices, then the sampler is fine,
Chain 2 but if this warning occurs often then your model may be either severely ill-conditioned or misspecified.
Chain 2 
Chain 3 Informational Message: The current Metropolis proposal is about to be rejected because of the following issue:
Chain 3 Exception: normal_cdf: Scale parameter is 0, but must be positive! (in '/tmp/Rtmpmu8SN7/model-37dc36a64a5f.stan', line 30, column 6 to column 53)
Chain 3 If this warning occurs sporadically, such as for highly constrained variable types like covariance matrices, then the sampler is fine,
Chain 3 but if this warning occurs often then your model may be either severely ill-conditioned or misspecified.
Chain 3 
Chain 4 Informational Message: The current Metropolis proposal is about to be rejected because of the following issue:
Chain 4 Exception: normal_cdf: Scale parameter is 0, but must be positive! (in '/tmp/Rtmpmu8SN7/model-37dc36a64a5f.stan', line 30, column 6 to column 53)
Chain 4 If this warning occurs sporadically, such as for highly constrained variable types like covariance matrices, then the sampler is fine,
Chain 4 but if this warning occurs often then your model may be either severely ill-conditioned or misspecified.
Chain 4 
[OK] EQI0005_AAMR2006_2010 Overall EQI+SM+UN+PD
[OK] EQI0005_AAMR2006_2010 Overall EQI+SM+UN+DB
Chain 1 Informational Message: The current Metropolis proposal is about to be rejected because of the following issue:
Chain 1 Exception: normal_cdf: Scale parameter is 0, but must be positive! (in '/tmp/Rtmpmu8SN7/model-37dc36a64a5f.stan', line 30, column 6 to column 53)
Chain 1 If this warning occurs sporadically, such as for highly constrained variable types like covariance matrices, then the sampler is fine,
Chain 1 but if this warning occurs often then your model may be either severely ill-conditioned or misspecified.
Chain 1 
Chain 2 Informational Message: The current Metropolis proposal is about to be rejected because of the following issue:
Chain 2 Exception: normal_cdf: Scale parameter is 0, but must be positive! (in '/tmp/Rtmpmu8SN7/model-37dc36a64a5f.stan', line 30, column 6 to column 53)
Chain 2 If this warning occurs sporadically, such as for highly constrained variable types like covariance matrices, then the sampler is fine,
Chain 2 but if this warning occurs often then your model may be either severely ill-conditioned or misspecified.
Chain 2 
Chain 3 Informational Message: The current Metropolis proposal is about to be rejected because of the following issue:
Chain 3 Exception: normal_cdf: Scale parameter is 0, but must be positive! (in '/tmp/Rtmpmu8SN7/model-37dc36a64a5f.stan', line 30, column 6 to column 53)
Chain 3 If this warning occurs sporadically, such as for highly constrained variable types like covariance matrices, then the sampler is fine,
Chain 3 but if this warning occurs often then your model may be either severely ill-conditioned or misspecified.
Chain 3 
Chain 4 Informational Message: The current Metropolis proposal is about to be rejected because of the following issue:
Chain 4 Exception: normal_cdf: Scale parameter is 0, but must be positive! (in '/tmp/Rtmpmu8SN7/model-37dc36a64a5f.stan', line 30, column 6 to column 53)
Chain 4 If this warning occurs sporadically, such as for highly constrained variable types like covariance matrices, then the sampler is fine,
Chain 4 but if this warning occurs often then your model may be either severely ill-conditioned or misspecified.
Chain 4 
[OK] EQI0005_AAMR2006_2010 Overall EQI+SM+PD+DB
Chain 1 Informational Message: The current Metropolis proposal is about to be rejected because of the following issue:
Chain 1 Exception: normal_cdf: Scale parameter is 0, but must be positive! (in '/tmp/Rtmpmu8SN7/model-37dc36a64a5f.stan', line 30, column 6 to column 53)
Chain 1 If this warning occurs sporadically, such as for highly constrained variable types like covariance matrices, then the sampler is fine,
Chain 1 but if this warning occurs often then your model may be either severely ill-conditioned or misspecified.
Chain 1 
Chain 2 Informational Message: The current Metropolis proposal is about to be rejected because of the following issue:
Chain 2 Exception: normal_cdf: Scale parameter is 0, but must be positive! (in '/tmp/Rtmpmu8SN7/model-37dc36a64a5f.stan', line 30, column 6 to column 53)
Chain 2 If this warning occurs sporadically, such as for highly constrained variable types like covariance matrices, then the sampler is fine,
Chain 2 but if this warning occurs often then your model may be either severely ill-conditioned or misspecified.
Chain 2 
Chain 3 Informational Message: The current Metropolis proposal is about to be rejected because of the following issue:
Chain 3 Exception: normal_cdf: Scale parameter is 0, but must be positive! (in '/tmp/Rtmpmu8SN7/model-37dc36a64a5f.stan', line 30, column 6 to column 53)
Chain 3 If this warning occurs sporadically, such as for highly constrained variable types like covariance matrices, then the sampler is fine,
Chain 3 but if this warning occurs often then your model may be either severely ill-conditioned or misspecified.
Chain 3 
Chain 4 Informational Message: The current Metropolis proposal is about to be rejected because of the following issue:
Chain 4 Exception: normal_cdf: Scale parameter is 0, but must be positive! (in '/tmp/Rtmpmu8SN7/model-37dc36a64a5f.stan', line 30, column 6 to column 53)
Chain 4 If this warning occurs sporadically, such as for highly constrained variable types like covariance matrices, then the sampler is fine,
Chain 4 but if this warning occurs often then your model may be either severely ill-conditioned or misspecified.
Chain 4 
[OK] EQI0005_AAMR2006_2010 Overall EQI+PA+OB+UN
Chain 1 Informational Message: The current Metropolis proposal is about to be rejected because of the following issue:
Chain 1 Exception: normal_cdf: Scale parameter is 0, but must be positive! (in '/tmp/Rtmpmu8SN7/model-37dc36a64a5f.stan', line 30, column 6 to column 53)
Chain 1 If this warning occurs sporadically, such as for highly constrained variable types like covariance matrices, then the sampler is fine,
Chain 1 but if this warning occurs often then your model may be either severely ill-conditioned or misspecified.
Chain 1 
Chain 1 Informational Message: The current Metropolis proposal is about to be rejected because of the following issue:
Chain 1 Exception: normal_cdf: Scale parameter is 0, but must be positive! (in '/tmp/Rtmpmu8SN7/model-37dc36a64a5f.stan', line 30, column 6 to column 53)
Chain 1 If this warning occurs sporadically, such as for highly constrained variable types like covariance matrices, then the sampler is fine,
Chain 1 but if this warning occurs often then your model may be either severely ill-conditioned or misspecified.
Chain 1 
Chain 2 Informational Message: The current Metropolis proposal is about to be rejected because of the following issue:
Chain 2 Exception: normal_cdf: Scale parameter is 0, but must be positive! (in '/tmp/Rtmpmu8SN7/model-37dc36a64a5f.stan', line 30, column 6 to column 53)
Chain 2 If this warning occurs sporadically, such as for highly constrained variable types like covariance matrices, then the sampler is fine,
Chain 2 but if this warning occurs often then your model may be either severely ill-conditioned or misspecified.
Chain 2 
Chain 2 Informational Message: The current Metropolis proposal is about to be rejected because of the following issue:
Chain 2 Exception: normal_cdf: Scale parameter is 0, but must be positive! (in '/tmp/Rtmpmu8SN7/model-37dc36a64a5f.stan', line 30, column 6 to column 53)
Chain 2 If this warning occurs sporadically, such as for highly constrained variable types like covariance matrices, then the sampler is fine,
Chain 2 but if this warning occurs often then your model may be either severely ill-conditioned or misspecified.
Chain 2 
Chain 3 Informational Message: The current Metropolis proposal is about to be rejected because of the following issue:
Chain 3 Exception: normal_cdf: Scale parameter is 0, but must be positive! (in '/tmp/Rtmpmu8SN7/model-37dc36a64a5f.stan', line 30, column 6 to column 53)
Chain 3 If this warning occurs sporadically, such as for highly constrained variable types like covariance matrices, then the sampler is fine,
Chain 3 but if this warning occurs often then your model may be either severely ill-conditioned or misspecified.
Chain 3 
Chain 3 Informational Message: The current Metropolis proposal is about to be rejected because of the following issue:
Chain 3 Exception: normal_cdf: Scale parameter is 0, but must be positive! (in '/tmp/Rtmpmu8SN7/model-37dc36a64a5f.stan', line 30, column 6 to column 53)
Chain 3 If this warning occurs sporadically, such as for highly constrained variable types like covariance matrices, then the sampler is fine,
Chain 3 but if this warning occurs often then your model may be either severely ill-conditioned or misspecified.
Chain 3 
Chain 4 Informational Message: The current Metropolis proposal is about to be rejected because of the following issue:
Chain 4 Exception: normal_cdf: Scale parameter is 0, but must be positive! (in '/tmp/Rtmpmu8SN7/model-37dc36a64a5f.stan', line 30, column 6 to column 53)
Chain 4 If this warning occurs sporadically, such as for highly constrained variable types like covariance matrices, then the sampler is fine,
Chain 4 but if this warning occurs often then your model may be either severely ill-conditioned or misspecified.
Chain 4 
Chain 4 Informational Message: The current Metropolis proposal is about to be rejected because of the following issue:
Chain 4 Exception: normal_cdf: Scale parameter is 0, but must be positive! (in '/tmp/Rtmpmu8SN7/model-37dc36a64a5f.stan', line 30, column 6 to column 53)
Chain 4 If this warning occurs sporadically, such as for highly constrained variable types like covariance matrices, then the sampler is fine,
Chain 4 but if this warning occurs often then your model may be either severely ill-conditioned or misspecified.
Chain 4 
[OK] EQI0005_AAMR2006_2010 Overall EQI+PA+OB+PD
Chain 1 Informational Message: The current Metropolis proposal is about to be rejected because of the following issue:
Chain 1 Exception: normal_cdf: Scale parameter is 0, but must be positive! (in '/tmp/Rtmpmu8SN7/model-37dc36a64a5f.stan', line 30, column 6 to column 53)
Chain 1 If this warning occurs sporadically, such as for highly constrained variable types like covariance matrices, then the sampler is fine,
Chain 1 but if this warning occurs often then your model may be either severely ill-conditioned or misspecified.
Chain 1 
Chain 3 Informational Message: The current Metropolis proposal is about to be rejected because of the following issue:
Chain 3 Exception: normal_cdf: Scale parameter is 0, but must be positive! (in '/tmp/Rtmpmu8SN7/model-37dc36a64a5f.stan', line 30, column 6 to column 53)
Chain 3 If this warning occurs sporadically, such as for highly constrained variable types like covariance matrices, then the sampler is fine,
Chain 3 but if this warning occurs often then your model may be either severely ill-conditioned or misspecified.
Chain 3 
[OK] EQI0005_AAMR2006_2010 Overall EQI+PA+OB+DB
Chain 1 Informational Message: The current Metropolis proposal is about to be rejected because of the following issue:
Chain 1 Exception: normal_cdf: Scale parameter is 0, but must be positive! (in '/tmp/Rtmpmu8SN7/model-37dc36a64a5f.stan', line 30, column 6 to column 53)
Chain 1 If this warning occurs sporadically, such as for highly constrained variable types like covariance matrices, then the sampler is fine,
Chain 1 but if this warning occurs often then your model may be either severely ill-conditioned or misspecified.
Chain 1 
Chain 1 Informational Message: The current Metropolis proposal is about to be rejected because of the following issue:
Chain 1 Exception: normal_cdf: Scale parameter is 0, but must be positive! (in '/tmp/Rtmpmu8SN7/model-37dc36a64a5f.stan', line 30, column 6 to column 53)
Chain 1 If this warning occurs sporadically, such as for highly constrained variable types like covariance matrices, then the sampler is fine,
Chain 1 but if this warning occurs often then your model may be either severely ill-conditioned or misspecified.
Chain 1 
Chain 2 Informational Message: The current Metropolis proposal is about to be rejected because of the following issue:
Chain 2 Exception: normal_cdf: Scale parameter is 0, but must be positive! (in '/tmp/Rtmpmu8SN7/model-37dc36a64a5f.stan', line 30, column 6 to column 53)
Chain 2 If this warning occurs sporadically, such as for highly constrained variable types like covariance matrices, then the sampler is fine,
Chain 2 but if this warning occurs often then your model may be either severely ill-conditioned or misspecified.
Chain 2 
Chain 2 Informational Message: The current Metropolis proposal is about to be rejected because of the following issue:
Chain 2 Exception: normal_cdf: Scale parameter is 0, but must be positive! (in '/tmp/Rtmpmu8SN7/model-37dc36a64a5f.stan', line 30, column 6 to column 53)
Chain 2 If this warning occurs sporadically, such as for highly constrained variable types like covariance matrices, then the sampler is fine,
Chain 2 but if this warning occurs often then your model may be either severely ill-conditioned or misspecified.
Chain 2 
Chain 3 Informational Message: The current Metropolis proposal is about to be rejected because of the following issue:
Chain 3 Exception: normal_cdf: Scale parameter is 0, but must be positive! (in '/tmp/Rtmpmu8SN7/model-37dc36a64a5f.stan', line 30, column 6 to column 53)
Chain 3 If this warning occurs sporadically, such as for highly constrained variable types like covariance matrices, then the sampler is fine,
Chain 3 but if this warning occurs often then your model may be either severely ill-conditioned or misspecified.
Chain 3 
Chain 3 Informational Message: The current Metropolis proposal is about to be rejected because of the following issue:
Chain 3 Exception: normal_cdf: Scale parameter is 0, but must be positive! (in '/tmp/Rtmpmu8SN7/model-37dc36a64a5f.stan', line 30, column 6 to column 53)
Chain 3 If this warning occurs sporadically, such as for highly constrained variable types like covariance matrices, then the sampler is fine,
Chain 3 but if this warning occurs often then your model may be either severely ill-conditioned or misspecified.
Chain 3 
Chain 4 Informational Message: The current Metropolis proposal is about to be rejected because of the following issue:
Chain 4 Exception: normal_cdf: Scale parameter is 0, but must be positive! (in '/tmp/Rtmpmu8SN7/model-37dc36a64a5f.stan', line 30, column 6 to column 53)
Chain 4 If this warning occurs sporadically, such as for highly constrained variable types like covariance matrices, then the sampler is fine,
Chain 4 but if this warning occurs often then your model may be either severely ill-conditioned or misspecified.
Chain 4 
Chain 4 Informational Message: The current Metropolis proposal is about to be rejected because of the following issue:
Chain 4 Exception: normal_cdf: Scale parameter is 0, but must be positive! (in '/tmp/Rtmpmu8SN7/model-37dc36a64a5f.stan', line 30, column 6 to column 53)
Chain 4 If this warning occurs sporadically, such as for highly constrained variable types like covariance matrices, then the sampler is fine,
Chain 4 but if this warning occurs often then your model may be either severely ill-conditioned or misspecified.
Chain 4 
[OK] EQI0005_AAMR2006_2010 Overall EQI+PA+UN+PD
[OK] EQI0005_AAMR2006_2010 Overall EQI+PA+UN+DB
Chain 1 Informational Message: The current Metropolis proposal is about to be rejected because of the following issue:
Chain 1 Exception: normal_cdf: Scale parameter is 0, but must be positive! (in '/tmp/Rtmpmu8SN7/model-37dc36a64a5f.stan', line 30, column 6 to column 53)
Chain 1 If this warning occurs sporadically, such as for highly constrained variable types like covariance matrices, then the sampler is fine,
Chain 1 but if this warning occurs often then your model may be either severely ill-conditioned or misspecified.
Chain 1 
Chain 1 Informational Message: The current Metropolis proposal is about to be rejected because of the following issue:
Chain 1 Exception: normal_cdf: Scale parameter is 0, but must be positive! (in '/tmp/Rtmpmu8SN7/model-37dc36a64a5f.stan', line 30, column 6 to column 53)
Chain 1 If this warning occurs sporadically, such as for highly constrained variable types like covariance matrices, then the sampler is fine,
Chain 1 but if this warning occurs often then your model may be either severely ill-conditioned or misspecified.
Chain 1 
Chain 2 Informational Message: The current Metropolis proposal is about to be rejected because of the following issue:
Chain 2 Exception: normal_cdf: Scale parameter is 0, but must be positive! (in '/tmp/Rtmpmu8SN7/model-37dc36a64a5f.stan', line 30, column 6 to column 53)
Chain 2 If this warning occurs sporadically, such as for highly constrained variable types like covariance matrices, then the sampler is fine,
Chain 2 but if this warning occurs often then your model may be either severely ill-conditioned or misspecified.
Chain 2 
Chain 2 Informational Message: The current Metropolis proposal is about to be rejected because of the following issue:
Chain 2 Exception: normal_cdf: Scale parameter is 0, but must be positive! (in '/tmp/Rtmpmu8SN7/model-37dc36a64a5f.stan', line 30, column 6 to column 53)
Chain 2 If this warning occurs sporadically, such as for highly constrained variable types like covariance matrices, then the sampler is fine,
Chain 2 but if this warning occurs often then your model may be either severely ill-conditioned or misspecified.
Chain 2 
Chain 3 Informational Message: The current Metropolis proposal is about to be rejected because of the following issue:
Chain 3 Exception: normal_cdf: Scale parameter is 0, but must be positive! (in '/tmp/Rtmpmu8SN7/model-37dc36a64a5f.stan', line 30, column 6 to column 53)
Chain 3 If this warning occurs sporadically, such as for highly constrained variable types like covariance matrices, then the sampler is fine,
Chain 3 but if this warning occurs often then your model may be either severely ill-conditioned or misspecified.
Chain 3 
Chain 3 Informational Message: The current Metropolis proposal is about to be rejected because of the following issue:
Chain 3 Exception: normal_cdf: Scale parameter is 0, but must be positive! (in '/tmp/Rtmpmu8SN7/model-37dc36a64a5f.stan', line 30, column 6 to column 53)
Chain 3 If this warning occurs sporadically, such as for highly constrained variable types like covariance matrices, then the sampler is fine,
Chain 3 but if this warning occurs often then your model may be either severely ill-conditioned or misspecified.
Chain 3 
Chain 4 Informational Message: The current Metropolis proposal is about to be rejected because of the following issue:
Chain 4 Exception: normal_cdf: Scale parameter is 0, but must be positive! (in '/tmp/Rtmpmu8SN7/model-37dc36a64a5f.stan', line 30, column 6 to column 53)
Chain 4 If this warning occurs sporadically, such as for highly constrained variable types like covariance matrices, then the sampler is fine,
Chain 4 but if this warning occurs often then your model may be either severely ill-conditioned or misspecified.
Chain 4 
Chain 4 Informational Message: The current Metropolis proposal is about to be rejected because of the following issue:
Chain 4 Exception: normal_cdf: Scale parameter is 0, but must be positive! (in '/tmp/Rtmpmu8SN7/model-37dc36a64a5f.stan', line 30, column 6 to column 53)
Chain 4 If this warning occurs sporadically, such as for highly constrained variable types like covariance matrices, then the sampler is fine,
Chain 4 but if this warning occurs often then your model may be either severely ill-conditioned or misspecified.
Chain 4 
[OK] EQI0005_AAMR2006_2010 Overall EQI+PA+PD+DB
Chain 1 Informational Message: The current Metropolis proposal is about to be rejected because of the following issue:
Chain 1 Exception: normal_cdf: Scale parameter is 0, but must be positive! (in '/tmp/Rtmpmu8SN7/model-37dc36a64a5f.stan', line 30, column 6 to column 53)
Chain 1 If this warning occurs sporadically, such as for highly constrained variable types like covariance matrices, then the sampler is fine,
Chain 1 but if this warning occurs often then your model may be either severely ill-conditioned or misspecified.
Chain 1 
Chain 2 Informational Message: The current Metropolis proposal is about to be rejected because of the following issue:
Chain 2 Exception: normal_cdf: Scale parameter is 0, but must be positive! (in '/tmp/Rtmpmu8SN7/model-37dc36a64a5f.stan', line 30, column 6 to column 53)
Chain 2 If this warning occurs sporadically, such as for highly constrained variable types like covariance matrices, then the sampler is fine,
Chain 2 but if this warning occurs often then your model may be either severely ill-conditioned or misspecified.
Chain 2 
Chain 3 Informational Message: The current Metropolis proposal is about to be rejected because of the following issue:
Chain 3 Exception: normal_cdf: Scale parameter is 0, but must be positive! (in '/tmp/Rtmpmu8SN7/model-37dc36a64a5f.stan', line 30, column 6 to column 53)
Chain 3 If this warning occurs sporadically, such as for highly constrained variable types like covariance matrices, then the sampler is fine,
Chain 3 but if this warning occurs often then your model may be either severely ill-conditioned or misspecified.
Chain 3 
Chain 4 Informational Message: The current Metropolis proposal is about to be rejected because of the following issue:
Chain 4 Exception: normal_cdf: Scale parameter is 0, but must be positive! (in '/tmp/Rtmpmu8SN7/model-37dc36a64a5f.stan', line 30, column 6 to column 53)
Chain 4 If this warning occurs sporadically, such as for highly constrained variable types like covariance matrices, then the sampler is fine,
Chain 4 but if this warning occurs often then your model may be either severely ill-conditioned or misspecified.
Chain 4 
[OK] EQI0005_AAMR2006_2010 Overall EQI+OB+UN+PD
[OK] EQI0005_AAMR2006_2010 Overall EQI+OB+UN+DB
Chain 1 Informational Message: The current Metropolis proposal is about to be rejected because of the following issue:
Chain 1 Exception: normal_cdf: Scale parameter is 0, but must be positive! (in '/tmp/Rtmpmu8SN7/model-37dc36a64a5f.stan', line 30, column 6 to column 53)
Chain 1 If this warning occurs sporadically, such as for highly constrained variable types like covariance matrices, then the sampler is fine,
Chain 1 but if this warning occurs often then your model may be either severely ill-conditioned or misspecified.
Chain 1 
Chain 2 Informational Message: The current Metropolis proposal is about to be rejected because of the following issue:
Chain 2 Exception: normal_cdf: Scale parameter is 0, but must be positive! (in '/tmp/Rtmpmu8SN7/model-37dc36a64a5f.stan', line 30, column 6 to column 53)
Chain 2 If this warning occurs sporadically, such as for highly constrained variable types like covariance matrices, then the sampler is fine,
Chain 2 but if this warning occurs often then your model may be either severely ill-conditioned or misspecified.
Chain 2 
Chain 3 Informational Message: The current Metropolis proposal is about to be rejected because of the following issue:
Chain 3 Exception: normal_cdf: Scale parameter is 0, but must be positive! (in '/tmp/Rtmpmu8SN7/model-37dc36a64a5f.stan', line 30, column 6 to column 53)
Chain 3 If this warning occurs sporadically, such as for highly constrained variable types like covariance matrices, then the sampler is fine,
Chain 3 but if this warning occurs often then your model may be either severely ill-conditioned or misspecified.
Chain 3 
Chain 4 Informational Message: The current Metropolis proposal is about to be rejected because of the following issue:
Chain 4 Exception: normal_cdf: Scale parameter is 0, but must be positive! (in '/tmp/Rtmpmu8SN7/model-37dc36a64a5f.stan', line 30, column 6 to column 53)
Chain 4 If this warning occurs sporadically, such as for highly constrained variable types like covariance matrices, then the sampler is fine,
Chain 4 but if this warning occurs often then your model may be either severely ill-conditioned or misspecified.
Chain 4 
[OK] EQI0005_AAMR2006_2010 Overall EQI+OB+PD+DB
Chain 1 Informational Message: The current Metropolis proposal is about to be rejected because of the following issue:
Chain 1 Exception: normal_cdf: Scale parameter is 0, but must be positive! (in '/tmp/Rtmpmu8SN7/model-37dc36a64a5f.stan', line 30, column 6 to column 53)
Chain 1 If this warning occurs sporadically, such as for highly constrained variable types like covariance matrices, then the sampler is fine,
Chain 1 but if this warning occurs often then your model may be either severely ill-conditioned or misspecified.
Chain 1 
Chain 2 Informational Message: The current Metropolis proposal is about to be rejected because of the following issue:
Chain 2 Exception: normal_cdf: Scale parameter is 0, but must be positive! (in '/tmp/Rtmpmu8SN7/model-37dc36a64a5f.stan', line 30, column 6 to column 53)
Chain 2 If this warning occurs sporadically, such as for highly constrained variable types like covariance matrices, then the sampler is fine,
Chain 2 but if this warning occurs often then your model may be either severely ill-conditioned or misspecified.
Chain 2 
Chain 3 Informational Message: The current Metropolis proposal is about to be rejected because of the following issue:
Chain 3 Exception: normal_cdf: Scale parameter is 0, but must be positive! (in '/tmp/Rtmpmu8SN7/model-37dc36a64a5f.stan', line 30, column 6 to column 53)
Chain 3 If this warning occurs sporadically, such as for highly constrained variable types like covariance matrices, then the sampler is fine,
Chain 3 but if this warning occurs often then your model may be either severely ill-conditioned or misspecified.
Chain 3 
Chain 4 Informational Message: The current Metropolis proposal is about to be rejected because of the following issue:
Chain 4 Exception: normal_cdf: Scale parameter is 0, but must be positive! (in '/tmp/Rtmpmu8SN7/model-37dc36a64a5f.stan', line 30, column 6 to column 53)
Chain 4 If this warning occurs sporadically, such as for highly constrained variable types like covariance matrices, then the sampler is fine,
Chain 4 but if this warning occurs often then your model may be either severely ill-conditioned or misspecified.
Chain 4 
[OK] EQI0005_AAMR2006_2010 Overall EQI+UN+PD+DB
Chain 1 Informational Message: The current Metropolis proposal is about to be rejected because of the following issue:
Chain 1 Exception: normal_cdf: Scale parameter is 0, but must be positive! (in '/tmp/Rtmpmu8SN7/model-37dc36a64a5f.stan', line 30, column 6 to column 53)
Chain 1 If this warning occurs sporadically, such as for highly constrained variable types like covariance matrices, then the sampler is fine,
Chain 1 but if this warning occurs often then your model may be either severely ill-conditioned or misspecified.
Chain 1 
Chain 2 Informational Message: The current Metropolis proposal is about to be rejected because of the following issue:
Chain 2 Exception: normal_cdf: Scale parameter is 0, but must be positive! (in '/tmp/Rtmpmu8SN7/model-37dc36a64a5f.stan', line 30, column 6 to column 53)
Chain 2 If this warning occurs sporadically, such as for highly constrained variable types like covariance matrices, then the sampler is fine,
Chain 2 but if this warning occurs often then your model may be either severely ill-conditioned or misspecified.
Chain 2 
Chain 3 Informational Message: The current Metropolis proposal is about to be rejected because of the following issue:
Chain 3 Exception: normal_cdf: Scale parameter is 0, but must be positive! (in '/tmp/Rtmpmu8SN7/model-37dc36a64a5f.stan', line 30, column 6 to column 53)
Chain 3 If this warning occurs sporadically, such as for highly constrained variable types like covariance matrices, then the sampler is fine,
Chain 3 but if this warning occurs often then your model may be either severely ill-conditioned or misspecified.
Chain 3 
Chain 4 Informational Message: The current Metropolis proposal is about to be rejected because of the following issue:
Chain 4 Exception: normal_cdf: Scale parameter is 0, but must be positive! (in '/tmp/Rtmpmu8SN7/model-37dc36a64a5f.stan', line 30, column 6 to column 53)
Chain 4 If this warning occurs sporadically, such as for highly constrained variable types like covariance matrices, then the sampler is fine,
Chain 4 but if this warning occurs often then your model may be either severely ill-conditioned or misspecified.
Chain 4 
[OK] EQI0005_AAMR2006_2010 Overall EQI+SM+PA+OB+UN
Chain 1 Informational Message: The current Metropolis proposal is about to be rejected because of the following issue:
Chain 1 Exception: normal_cdf: Scale parameter is 0, but must be positive! (in '/tmp/Rtmpmu8SN7/model-37dc36a64a5f.stan', line 30, column 6 to column 53)
Chain 1 If this warning occurs sporadically, such as for highly constrained variable types like covariance matrices, then the sampler is fine,
Chain 1 but if this warning occurs often then your model may be either severely ill-conditioned or misspecified.
Chain 1 
Chain 1 Informational Message: The current Metropolis proposal is about to be rejected because of the following issue:
Chain 1 Exception: normal_cdf: Scale parameter is 0, but must be positive! (in '/tmp/Rtmpmu8SN7/model-37dc36a64a5f.stan', line 30, column 6 to column 53)
Chain 1 If this warning occurs sporadically, such as for highly constrained variable types like covariance matrices, then the sampler is fine,
Chain 1 but if this warning occurs often then your model may be either severely ill-conditioned or misspecified.
Chain 1 
Chain 2 Informational Message: The current Metropolis proposal is about to be rejected because of the following issue:
Chain 2 Exception: normal_cdf: Scale parameter is 0, but must be positive! (in '/tmp/Rtmpmu8SN7/model-37dc36a64a5f.stan', line 30, column 6 to column 53)
Chain 2 If this warning occurs sporadically, such as for highly constrained variable types like covariance matrices, then the sampler is fine,
Chain 2 but if this warning occurs often then your model may be either severely ill-conditioned or misspecified.
Chain 2 
Chain 2 Informational Message: The current Metropolis proposal is about to be rejected because of the following issue:
Chain 2 Exception: normal_cdf: Scale parameter is 0, but must be positive! (in '/tmp/Rtmpmu8SN7/model-37dc36a64a5f.stan', line 30, column 6 to column 53)
Chain 2 If this warning occurs sporadically, such as for highly constrained variable types like covariance matrices, then the sampler is fine,
Chain 2 but if this warning occurs often then your model may be either severely ill-conditioned or misspecified.
Chain 2 
Chain 3 Informational Message: The current Metropolis proposal is about to be rejected because of the following issue:
Chain 3 Exception: normal_cdf: Scale parameter is 0, but must be positive! (in '/tmp/Rtmpmu8SN7/model-37dc36a64a5f.stan', line 30, column 6 to column 53)
Chain 3 If this warning occurs sporadically, such as for highly constrained variable types like covariance matrices, then the sampler is fine,
Chain 3 but if this warning occurs often then your model may be either severely ill-conditioned or misspecified.
Chain 3 
Chain 4 Informational Message: The current Metropolis proposal is about to be rejected because of the following issue:
Chain 4 Exception: normal_cdf: Scale parameter is 0, but must be positive! (in '/tmp/Rtmpmu8SN7/model-37dc36a64a5f.stan', line 30, column 6 to column 53)
Chain 4 If this warning occurs sporadically, such as for highly constrained variable types like covariance matrices, then the sampler is fine,
Chain 4 but if this warning occurs often then your model may be either severely ill-conditioned or misspecified.
Chain 4 
Chain 4 Informational Message: The current Metropolis proposal is about to be rejected because of the following issue:
Chain 4 Exception: normal_cdf: Scale parameter is 0, but must be positive! (in '/tmp/Rtmpmu8SN7/model-37dc36a64a5f.stan', line 30, column 6 to column 53)
Chain 4 If this warning occurs sporadically, such as for highly constrained variable types like covariance matrices, then the sampler is fine,
Chain 4 but if this warning occurs often then your model may be either severely ill-conditioned or misspecified.
Chain 4 
[OK] EQI0005_AAMR2006_2010 Overall EQI+SM+PA+OB+PD
Chain 1 Informational Message: The current Metropolis proposal is about to be rejected because of the following issue:
Chain 1 Exception: normal_cdf: Scale parameter is 0, but must be positive! (in '/tmp/Rtmpmu8SN7/model-37dc36a64a5f.stan', line 30, column 6 to column 53)
Chain 1 If this warning occurs sporadically, such as for highly constrained variable types like covariance matrices, then the sampler is fine,
Chain 1 but if this warning occurs often then your model may be either severely ill-conditioned or misspecified.
Chain 1 
Chain 2 Informational Message: The current Metropolis proposal is about to be rejected because of the following issue:
Chain 2 Exception: normal_cdf: Scale parameter is 0, but must be positive! (in '/tmp/Rtmpmu8SN7/model-37dc36a64a5f.stan', line 30, column 6 to column 53)
Chain 2 If this warning occurs sporadically, such as for highly constrained variable types like covariance matrices, then the sampler is fine,
Chain 2 but if this warning occurs often then your model may be either severely ill-conditioned or misspecified.
Chain 2 
Chain 3 Informational Message: The current Metropolis proposal is about to be rejected because of the following issue:
Chain 3 Exception: normal_cdf: Scale parameter is 0, but must be positive! (in '/tmp/Rtmpmu8SN7/model-37dc36a64a5f.stan', line 30, column 6 to column 53)
Chain 3 If this warning occurs sporadically, such as for highly constrained variable types like covariance matrices, then the sampler is fine,
Chain 3 but if this warning occurs often then your model may be either severely ill-conditioned or misspecified.
Chain 3 
Chain 4 Informational Message: The current Metropolis proposal is about to be rejected because of the following issue:
Chain 4 Exception: normal_cdf: Scale parameter is 0, but must be positive! (in '/tmp/Rtmpmu8SN7/model-37dc36a64a5f.stan', line 30, column 6 to column 53)
Chain 4 If this warning occurs sporadically, such as for highly constrained variable types like covariance matrices, then the sampler is fine,
Chain 4 but if this warning occurs often then your model may be either severely ill-conditioned or misspecified.
Chain 4 
[OK] EQI0005_AAMR2006_2010 Overall EQI+SM+PA+OB+DB
Chain 1 Informational Message: The current Metropolis proposal is about to be rejected because of the following issue:
Chain 1 Exception: normal_cdf: Scale parameter is 0, but must be positive! (in '/tmp/Rtmpmu8SN7/model-37dc36a64a5f.stan', line 30, column 6 to column 53)
Chain 1 If this warning occurs sporadically, such as for highly constrained variable types like covariance matrices, then the sampler is fine,
Chain 1 but if this warning occurs often then your model may be either severely ill-conditioned or misspecified.
Chain 1 
Chain 1 Informational Message: The current Metropolis proposal is about to be rejected because of the following issue:
Chain 1 Exception: normal_cdf: Scale parameter is 0, but must be positive! (in '/tmp/Rtmpmu8SN7/model-37dc36a64a5f.stan', line 30, column 6 to column 53)
Chain 1 If this warning occurs sporadically, such as for highly constrained variable types like covariance matrices, then the sampler is fine,
Chain 1 but if this warning occurs often then your model may be either severely ill-conditioned or misspecified.
Chain 1 
Chain 2 Informational Message: The current Metropolis proposal is about to be rejected because of the following issue:
Chain 2 Exception: normal_cdf: Scale parameter is 0, but must be positive! (in '/tmp/Rtmpmu8SN7/model-37dc36a64a5f.stan', line 30, column 6 to column 53)
Chain 2 If this warning occurs sporadically, such as for highly constrained variable types like covariance matrices, then the sampler is fine,
Chain 2 but if this warning occurs often then your model may be either severely ill-conditioned or misspecified.
Chain 2 
Chain 2 Informational Message: The current Metropolis proposal is about to be rejected because of the following issue:
Chain 2 Exception: normal_cdf: Scale parameter is 0, but must be positive! (in '/tmp/Rtmpmu8SN7/model-37dc36a64a5f.stan', line 30, column 6 to column 53)
Chain 2 If this warning occurs sporadically, such as for highly constrained variable types like covariance matrices, then the sampler is fine,
Chain 2 but if this warning occurs often then your model may be either severely ill-conditioned or misspecified.
Chain 2 
Chain 3 Informational Message: The current Metropolis proposal is about to be rejected because of the following issue:
Chain 3 Exception: normal_cdf: Scale parameter is 0, but must be positive! (in '/tmp/Rtmpmu8SN7/model-37dc36a64a5f.stan', line 30, column 6 to column 53)
Chain 3 If this warning occurs sporadically, such as for highly constrained variable types like covariance matrices, then the sampler is fine,
Chain 3 but if this warning occurs often then your model may be either severely ill-conditioned or misspecified.
Chain 3 
Chain 3 Informational Message: The current Metropolis proposal is about to be rejected because of the following issue:
Chain 3 Exception: normal_cdf: Scale parameter is 0, but must be positive! (in '/tmp/Rtmpmu8SN7/model-37dc36a64a5f.stan', line 30, column 6 to column 53)
Chain 3 If this warning occurs sporadically, such as for highly constrained variable types like covariance matrices, then the sampler is fine,
Chain 3 but if this warning occurs often then your model may be either severely ill-conditioned or misspecified.
Chain 3 
Chain 4 Informational Message: The current Metropolis proposal is about to be rejected because of the following issue:
Chain 4 Exception: normal_cdf: Scale parameter is 0, but must be positive! (in '/tmp/Rtmpmu8SN7/model-37dc36a64a5f.stan', line 30, column 6 to column 53)
Chain 4 If this warning occurs sporadically, such as for highly constrained variable types like covariance matrices, then the sampler is fine,
Chain 4 but if this warning occurs often then your model may be either severely ill-conditioned or misspecified.
Chain 4 
Chain 4 Informational Message: The current Metropolis proposal is about to be rejected because of the following issue:
Chain 4 Exception: normal_cdf: Scale parameter is 0, but must be positive! (in '/tmp/Rtmpmu8SN7/model-37dc36a64a5f.stan', line 30, column 6 to column 53)
Chain 4 If this warning occurs sporadically, such as for highly constrained variable types like covariance matrices, then the sampler is fine,
Chain 4 but if this warning occurs often then your model may be either severely ill-conditioned or misspecified.
Chain 4 
[OK] EQI0005_AAMR2006_2010 Overall EQI+SM+PA+UN+PD
Chain 3 Informational Message: The current Metropolis proposal is about to be rejected because of the following issue:
Chain 3 Exception: normal_cdf: Scale parameter is 0, but must be positive! (in '/tmp/Rtmpmu8SN7/model-37dc36a64a5f.stan', line 30, column 6 to column 53)
Chain 3 If this warning occurs sporadically, such as for highly constrained variable types like covariance matrices, then the sampler is fine,
Chain 3 but if this warning occurs often then your model may be either severely ill-conditioned or misspecified.
Chain 3 
[OK] EQI0005_AAMR2006_2010 Overall EQI+SM+PA+UN+DB
Chain 1 Informational Message: The current Metropolis proposal is about to be rejected because of the following issue:
Chain 1 Exception: normal_cdf: Scale parameter is 0, but must be positive! (in '/tmp/Rtmpmu8SN7/model-37dc36a64a5f.stan', line 30, column 6 to column 53)
Chain 1 If this warning occurs sporadically, such as for highly constrained variable types like covariance matrices, then the sampler is fine,
Chain 1 but if this warning occurs often then your model may be either severely ill-conditioned or misspecified.
Chain 1 
Chain 1 Informational Message: The current Metropolis proposal is about to be rejected because of the following issue:
Chain 1 Exception: normal_cdf: Scale parameter is 0, but must be positive! (in '/tmp/Rtmpmu8SN7/model-37dc36a64a5f.stan', line 30, column 6 to column 53)
Chain 1 If this warning occurs sporadically, such as for highly constrained variable types like covariance matrices, then the sampler is fine,
Chain 1 but if this warning occurs often then your model may be either severely ill-conditioned or misspecified.
Chain 1 
Chain 2 Informational Message: The current Metropolis proposal is about to be rejected because of the following issue:
Chain 2 Exception: normal_cdf: Scale parameter is 0, but must be positive! (in '/tmp/Rtmpmu8SN7/model-37dc36a64a5f.stan', line 30, column 6 to column 53)
Chain 2 If this warning occurs sporadically, such as for highly constrained variable types like covariance matrices, then the sampler is fine,
Chain 2 but if this warning occurs often then your model may be either severely ill-conditioned or misspecified.
Chain 2 
Chain 2 Informational Message: The current Metropolis proposal is about to be rejected because of the following issue:
Chain 2 Exception: normal_cdf: Scale parameter is 0, but must be positive! (in '/tmp/Rtmpmu8SN7/model-37dc36a64a5f.stan', line 30, column 6 to column 53)
Chain 2 If this warning occurs sporadically, such as for highly constrained variable types like covariance matrices, then the sampler is fine,
Chain 2 but if this warning occurs often then your model may be either severely ill-conditioned or misspecified.
Chain 2 
Chain 3 Informational Message: The current Metropolis proposal is about to be rejected because of the following issue:
Chain 3 Exception: normal_cdf: Scale parameter is 0, but must be positive! (in '/tmp/Rtmpmu8SN7/model-37dc36a64a5f.stan', line 30, column 6 to column 53)
Chain 3 If this warning occurs sporadically, such as for highly constrained variable types like covariance matrices, then the sampler is fine,
Chain 3 but if this warning occurs often then your model may be either severely ill-conditioned or misspecified.
Chain 3 
Chain 3 Informational Message: The current Metropolis proposal is about to be rejected because of the following issue:
Chain 3 Exception: normal_cdf: Scale parameter is 0, but must be positive! (in '/tmp/Rtmpmu8SN7/model-37dc36a64a5f.stan', line 30, column 6 to column 53)
Chain 3 If this warning occurs sporadically, such as for highly constrained variable types like covariance matrices, then the sampler is fine,
Chain 3 but if this warning occurs often then your model may be either severely ill-conditioned or misspecified.
Chain 3 
Chain 4 Informational Message: The current Metropolis proposal is about to be rejected because of the following issue:
Chain 4 Exception: normal_cdf: Scale parameter is 0, but must be positive! (in '/tmp/Rtmpmu8SN7/model-37dc36a64a5f.stan', line 30, column 6 to column 53)
Chain 4 If this warning occurs sporadically, such as for highly constrained variable types like covariance matrices, then the sampler is fine,
Chain 4 but if this warning occurs often then your model may be either severely ill-conditioned or misspecified.
Chain 4 
Chain 4 Informational Message: The current Metropolis proposal is about to be rejected because of the following issue:
Chain 4 Exception: normal_cdf: Scale parameter is 0, but must be positive! (in '/tmp/Rtmpmu8SN7/model-37dc36a64a5f.stan', line 30, column 6 to column 53)
Chain 4 If this warning occurs sporadically, such as for highly constrained variable types like covariance matrices, then the sampler is fine,
Chain 4 but if this warning occurs often then your model may be either severely ill-conditioned or misspecified.
Chain 4 
[OK] EQI0005_AAMR2006_2010 Overall EQI+SM+PA+PD+DB
Chain 1 Informational Message: The current Metropolis proposal is about to be rejected because of the following issue:
Chain 1 Exception: normal_cdf: Scale parameter is 0, but must be positive! (in '/tmp/Rtmpmu8SN7/model-37dc36a64a5f.stan', line 30, column 6 to column 53)
Chain 1 If this warning occurs sporadically, such as for highly constrained variable types like covariance matrices, then the sampler is fine,
Chain 1 but if this warning occurs often then your model may be either severely ill-conditioned or misspecified.
Chain 1 
Chain 2 Informational Message: The current Metropolis proposal is about to be rejected because of the following issue:
Chain 2 Exception: normal_cdf: Scale parameter is 0, but must be positive! (in '/tmp/Rtmpmu8SN7/model-37dc36a64a5f.stan', line 30, column 6 to column 53)
Chain 2 If this warning occurs sporadically, such as for highly constrained variable types like covariance matrices, then the sampler is fine,
Chain 2 but if this warning occurs often then your model may be either severely ill-conditioned or misspecified.
Chain 2 
Chain 3 Informational Message: The current Metropolis proposal is about to be rejected because of the following issue:
Chain 3 Exception: normal_cdf: Scale parameter is 0, but must be positive! (in '/tmp/Rtmpmu8SN7/model-37dc36a64a5f.stan', line 30, column 6 to column 53)
Chain 3 If this warning occurs sporadically, such as for highly constrained variable types like covariance matrices, then the sampler is fine,
Chain 3 but if this warning occurs often then your model may be either severely ill-conditioned or misspecified.
Chain 3 
Chain 3 Informational Message: The current Metropolis proposal is about to be rejected because of the following issue:
Chain 3 Exception: normal_cdf: Scale parameter is 0, but must be positive! (in '/tmp/Rtmpmu8SN7/model-37dc36a64a5f.stan', line 30, column 6 to column 53)
Chain 3 If this warning occurs sporadically, such as for highly constrained variable types like covariance matrices, then the sampler is fine,
Chain 3 but if this warning occurs often then your model may be either severely ill-conditioned or misspecified.
Chain 3 
Chain 4 Informational Message: The current Metropolis proposal is about to be rejected because of the following issue:
Chain 4 Exception: normal_cdf: Scale parameter is 0, but must be positive! (in '/tmp/Rtmpmu8SN7/model-37dc36a64a5f.stan', line 30, column 6 to column 53)
Chain 4 If this warning occurs sporadically, such as for highly constrained variable types like covariance matrices, then the sampler is fine,
Chain 4 but if this warning occurs often then your model may be either severely ill-conditioned or misspecified.
Chain 4 
[OK] EQI0005_AAMR2006_2010 Overall EQI+SM+OB+UN+PD
[OK] EQI0005_AAMR2006_2010 Overall EQI+SM+OB+UN+DB
Chain 1 Informational Message: The current Metropolis proposal is about to be rejected because of the following issue:
Chain 1 Exception: normal_cdf: Scale parameter is 0, but must be positive! (in '/tmp/Rtmpmu8SN7/model-37dc36a64a5f.stan', line 30, column 6 to column 53)
Chain 1 If this warning occurs sporadically, such as for highly constrained variable types like covariance matrices, then the sampler is fine,
Chain 1 but if this warning occurs often then your model may be either severely ill-conditioned or misspecified.
Chain 1 
Chain 2 Informational Message: The current Metropolis proposal is about to be rejected because of the following issue:
Chain 2 Exception: normal_cdf: Scale parameter is 0, but must be positive! (in '/tmp/Rtmpmu8SN7/model-37dc36a64a5f.stan', line 30, column 6 to column 53)
Chain 2 If this warning occurs sporadically, such as for highly constrained variable types like covariance matrices, then the sampler is fine,
Chain 2 but if this warning occurs often then your model may be either severely ill-conditioned or misspecified.
Chain 2 
Chain 3 Informational Message: The current Metropolis proposal is about to be rejected because of the following issue:
Chain 3 Exception: normal_cdf: Scale parameter is 0, but must be positive! (in '/tmp/Rtmpmu8SN7/model-37dc36a64a5f.stan', line 30, column 6 to column 53)
Chain 3 If this warning occurs sporadically, such as for highly constrained variable types like covariance matrices, then the sampler is fine,
Chain 3 but if this warning occurs often then your model may be either severely ill-conditioned or misspecified.
Chain 3 
Chain 4 Informational Message: The current Metropolis proposal is about to be rejected because of the following issue:
Chain 4 Exception: normal_cdf: Scale parameter is 0, but must be positive! (in '/tmp/Rtmpmu8SN7/model-37dc36a64a5f.stan', line 30, column 6 to column 53)
Chain 4 If this warning occurs sporadically, such as for highly constrained variable types like covariance matrices, then the sampler is fine,
Chain 4 but if this warning occurs often then your model may be either severely ill-conditioned or misspecified.
Chain 4 
[OK] EQI0005_AAMR2006_2010 Overall EQI+SM+OB+PD+DB
Chain 1 Informational Message: The current Metropolis proposal is about to be rejected because of the following issue:
Chain 1 Exception: normal_cdf: Scale parameter is 0, but must be positive! (in '/tmp/Rtmpmu8SN7/model-37dc36a64a5f.stan', line 30, column 6 to column 53)
Chain 1 If this warning occurs sporadically, such as for highly constrained variable types like covariance matrices, then the sampler is fine,
Chain 1 but if this warning occurs often then your model may be either severely ill-conditioned or misspecified.
Chain 1 
Chain 2 Informational Message: The current Metropolis proposal is about to be rejected because of the following issue:
Chain 2 Exception: normal_cdf: Scale parameter is 0, but must be positive! (in '/tmp/Rtmpmu8SN7/model-37dc36a64a5f.stan', line 30, column 6 to column 53)
Chain 2 If this warning occurs sporadically, such as for highly constrained variable types like covariance matrices, then the sampler is fine,
Chain 2 but if this warning occurs often then your model may be either severely ill-conditioned or misspecified.
Chain 2 
Chain 3 Informational Message: The current Metropolis proposal is about to be rejected because of the following issue:
Chain 3 Exception: normal_cdf: Scale parameter is 0, but must be positive! (in '/tmp/Rtmpmu8SN7/model-37dc36a64a5f.stan', line 30, column 6 to column 53)
Chain 3 If this warning occurs sporadically, such as for highly constrained variable types like covariance matrices, then the sampler is fine,
Chain 3 but if this warning occurs often then your model may be either severely ill-conditioned or misspecified.
Chain 3 
Chain 4 Informational Message: The current Metropolis proposal is about to be rejected because of the following issue:
Chain 4 Exception: normal_cdf: Scale parameter is 0, but must be positive! (in '/tmp/Rtmpmu8SN7/model-37dc36a64a5f.stan', line 30, column 6 to column 53)
Chain 4 If this warning occurs sporadically, such as for highly constrained variable types like covariance matrices, then the sampler is fine,
Chain 4 but if this warning occurs often then your model may be either severely ill-conditioned or misspecified.
Chain 4 
[OK] EQI0005_AAMR2006_2010 Overall EQI+SM+UN+PD+DB
Chain 1 Informational Message: The current Metropolis proposal is about to be rejected because of the following issue:
Chain 1 Exception: normal_cdf: Scale parameter is 0, but must be positive! (in '/tmp/Rtmpmu8SN7/model-37dc36a64a5f.stan', line 30, column 6 to column 53)
Chain 1 If this warning occurs sporadically, such as for highly constrained variable types like covariance matrices, then the sampler is fine,
Chain 1 but if this warning occurs often then your model may be either severely ill-conditioned or misspecified.
Chain 1 
Chain 1 Informational Message: The current Metropolis proposal is about to be rejected because of the following issue:
Chain 1 Exception: normal_cdf: Scale parameter is 0, but must be positive! (in '/tmp/Rtmpmu8SN7/model-37dc36a64a5f.stan', line 30, column 6 to column 53)
Chain 1 If this warning occurs sporadically, such as for highly constrained variable types like covariance matrices, then the sampler is fine,
Chain 1 but if this warning occurs often then your model may be either severely ill-conditioned or misspecified.
Chain 1 
Chain 2 Informational Message: The current Metropolis proposal is about to be rejected because of the following issue:
Chain 2 Exception: normal_cdf: Scale parameter is 0, but must be positive! (in '/tmp/Rtmpmu8SN7/model-37dc36a64a5f.stan', line 30, column 6 to column 53)
Chain 2 If this warning occurs sporadically, such as for highly constrained variable types like covariance matrices, then the sampler is fine,
Chain 2 but if this warning occurs often then your model may be either severely ill-conditioned or misspecified.
Chain 2 
Chain 2 Informational Message: The current Metropolis proposal is about to be rejected because of the following issue:
Chain 2 Exception: normal_cdf: Scale parameter is 0, but must be positive! (in '/tmp/Rtmpmu8SN7/model-37dc36a64a5f.stan', line 30, column 6 to column 53)
Chain 2 If this warning occurs sporadically, such as for highly constrained variable types like covariance matrices, then the sampler is fine,
Chain 2 but if this warning occurs often then your model may be either severely ill-conditioned or misspecified.
Chain 2 
Chain 3 Informational Message: The current Metropolis proposal is about to be rejected because of the following issue:
Chain 3 Exception: normal_cdf: Scale parameter is 0, but must be positive! (in '/tmp/Rtmpmu8SN7/model-37dc36a64a5f.stan', line 30, column 6 to column 53)
Chain 3 If this warning occurs sporadically, such as for highly constrained variable types like covariance matrices, then the sampler is fine,
Chain 3 but if this warning occurs often then your model may be either severely ill-conditioned or misspecified.
Chain 3 
Chain 3 Informational Message: The current Metropolis proposal is about to be rejected because of the following issue:
Chain 3 Exception: normal_cdf: Scale parameter is 0, but must be positive! (in '/tmp/Rtmpmu8SN7/model-37dc36a64a5f.stan', line 30, column 6 to column 53)
Chain 3 If this warning occurs sporadically, such as for highly constrained variable types like covariance matrices, then the sampler is fine,
Chain 3 but if this warning occurs often then your model may be either severely ill-conditioned or misspecified.
Chain 3 
Chain 4 Informational Message: The current Metropolis proposal is about to be rejected because of the following issue:
Chain 4 Exception: normal_cdf: Scale parameter is 0, but must be positive! (in '/tmp/Rtmpmu8SN7/model-37dc36a64a5f.stan', line 30, column 6 to column 53)
Chain 4 If this warning occurs sporadically, such as for highly constrained variable types like covariance matrices, then the sampler is fine,
Chain 4 but if this warning occurs often then your model may be either severely ill-conditioned or misspecified.
Chain 4 
Chain 4 Informational Message: The current Metropolis proposal is about to be rejected because of the following issue:
Chain 4 Exception: normal_cdf: Scale parameter is 0, but must be positive! (in '/tmp/Rtmpmu8SN7/model-37dc36a64a5f.stan', line 30, column 6 to column 53)
Chain 4 If this warning occurs sporadically, such as for highly constrained variable types like covariance matrices, then the sampler is fine,
Chain 4 but if this warning occurs often then your model may be either severely ill-conditioned or misspecified.
Chain 4 
[OK] EQI0005_AAMR2006_2010 Overall EQI+PA+OB+UN+PD
Chain 1 Informational Message: The current Metropolis proposal is about to be rejected because of the following issue:
Chain 1 Exception: normal_cdf: Scale parameter is 0, but must be positive! (in '/tmp/Rtmpmu8SN7/model-37dc36a64a5f.stan', line 30, column 6 to column 53)
Chain 1 If this warning occurs sporadically, such as for highly constrained variable types like covariance matrices, then the sampler is fine,
Chain 1 but if this warning occurs often then your model may be either severely ill-conditioned or misspecified.
Chain 1 
Chain 2 Informational Message: The current Metropolis proposal is about to be rejected because of the following issue:
Chain 2 Exception: normal_cdf: Scale parameter is 0, but must be positive! (in '/tmp/Rtmpmu8SN7/model-37dc36a64a5f.stan', line 30, column 6 to column 53)
Chain 2 If this warning occurs sporadically, such as for highly constrained variable types like covariance matrices, then the sampler is fine,
Chain 2 but if this warning occurs often then your model may be either severely ill-conditioned or misspecified.
Chain 2 
Chain 3 Informational Message: The current Metropolis proposal is about to be rejected because of the following issue:
Chain 3 Exception: normal_cdf: Scale parameter is 0, but must be positive! (in '/tmp/Rtmpmu8SN7/model-37dc36a64a5f.stan', line 30, column 6 to column 53)
Chain 3 If this warning occurs sporadically, such as for highly constrained variable types like covariance matrices, then the sampler is fine,
Chain 3 but if this warning occurs often then your model may be either severely ill-conditioned or misspecified.
Chain 3 
Chain 4 Informational Message: The current Metropolis proposal is about to be rejected because of the following issue:
Chain 4 Exception: normal_cdf: Scale parameter is 0, but must be positive! (in '/tmp/Rtmpmu8SN7/model-37dc36a64a5f.stan', line 30, column 6 to column 53)
Chain 4 If this warning occurs sporadically, such as for highly constrained variable types like covariance matrices, then the sampler is fine,
Chain 4 but if this warning occurs often then your model may be either severely ill-conditioned or misspecified.
Chain 4 
[OK] EQI0005_AAMR2006_2010 Overall EQI+PA+OB+UN+DB
Chain 1 Informational Message: The current Metropolis proposal is about to be rejected because of the following issue:
Chain 1 Exception: normal_cdf: Scale parameter is 0, but must be positive! (in '/tmp/Rtmpmu8SN7/model-37dc36a64a5f.stan', line 30, column 6 to column 53)
Chain 1 If this warning occurs sporadically, such as for highly constrained variable types like covariance matrices, then the sampler is fine,
Chain 1 but if this warning occurs often then your model may be either severely ill-conditioned or misspecified.
Chain 1 
Chain 1 Informational Message: The current Metropolis proposal is about to be rejected because of the following issue:
Chain 1 Exception: normal_cdf: Scale parameter is 0, but must be positive! (in '/tmp/Rtmpmu8SN7/model-37dc36a64a5f.stan', line 30, column 6 to column 53)
Chain 1 If this warning occurs sporadically, such as for highly constrained variable types like covariance matrices, then the sampler is fine,
Chain 1 but if this warning occurs often then your model may be either severely ill-conditioned or misspecified.
Chain 1 
Chain 2 Informational Message: The current Metropolis proposal is about to be rejected because of the following issue:
Chain 2 Exception: normal_cdf: Scale parameter is 0, but must be positive! (in '/tmp/Rtmpmu8SN7/model-37dc36a64a5f.stan', line 30, column 6 to column 53)
Chain 2 If this warning occurs sporadically, such as for highly constrained variable types like covariance matrices, then the sampler is fine,
Chain 2 but if this warning occurs often then your model may be either severely ill-conditioned or misspecified.
Chain 2 
Chain 2 Informational Message: The current Metropolis proposal is about to be rejected because of the following issue:
Chain 2 Exception: normal_cdf: Scale parameter is 0, but must be positive! (in '/tmp/Rtmpmu8SN7/model-37dc36a64a5f.stan', line 30, column 6 to column 53)
Chain 2 If this warning occurs sporadically, such as for highly constrained variable types like covariance matrices, then the sampler is fine,
Chain 2 but if this warning occurs often then your model may be either severely ill-conditioned or misspecified.
Chain 2 
Chain 3 Informational Message: The current Metropolis proposal is about to be rejected because of the following issue:
Chain 3 Exception: normal_cdf: Scale parameter is 0, but must be positive! (in '/tmp/Rtmpmu8SN7/model-37dc36a64a5f.stan', line 30, column 6 to column 53)
Chain 3 If this warning occurs sporadically, such as for highly constrained variable types like covariance matrices, then the sampler is fine,
Chain 3 but if this warning occurs often then your model may be either severely ill-conditioned or misspecified.
Chain 3 
Chain 3 Informational Message: The current Metropolis proposal is about to be rejected because of the following issue:
Chain 3 Exception: normal_cdf: Scale parameter is 0, but must be positive! (in '/tmp/Rtmpmu8SN7/model-37dc36a64a5f.stan', line 30, column 6 to column 53)
Chain 3 If this warning occurs sporadically, such as for highly constrained variable types like covariance matrices, then the sampler is fine,
Chain 3 but if this warning occurs often then your model may be either severely ill-conditioned or misspecified.
Chain 3 
Chain 4 Informational Message: The current Metropolis proposal is about to be rejected because of the following issue:
Chain 4 Exception: normal_cdf: Scale parameter is 0, but must be positive! (in '/tmp/Rtmpmu8SN7/model-37dc36a64a5f.stan', line 30, column 6 to column 53)
Chain 4 If this warning occurs sporadically, such as for highly constrained variable types like covariance matrices, then the sampler is fine,
Chain 4 but if this warning occurs often then your model may be either severely ill-conditioned or misspecified.
Chain 4 
Chain 4 Informational Message: The current Metropolis proposal is about to be rejected because of the following issue:
Chain 4 Exception: normal_cdf: Scale parameter is 0, but must be positive! (in '/tmp/Rtmpmu8SN7/model-37dc36a64a5f.stan', line 30, column 6 to column 53)
Chain 4 If this warning occurs sporadically, such as for highly constrained variable types like covariance matrices, then the sampler is fine,
Chain 4 but if this warning occurs often then your model may be either severely ill-conditioned or misspecified.
Chain 4 
[OK] EQI0005_AAMR2006_2010 Overall EQI+PA+OB+PD+DB
Chain 1 Informational Message: The current Metropolis proposal is about to be rejected because of the following issue:
Chain 1 Exception: normal_cdf: Scale parameter is 0, but must be positive! (in '/tmp/Rtmpmu8SN7/model-37dc36a64a5f.stan', line 30, column 6 to column 53)
Chain 1 If this warning occurs sporadically, such as for highly constrained variable types like covariance matrices, then the sampler is fine,
Chain 1 but if this warning occurs often then your model may be either severely ill-conditioned or misspecified.
Chain 1 
Chain 1 Informational Message: The current Metropolis proposal is about to be rejected because of the following issue:
Chain 1 Exception: normal_cdf: Scale parameter is 0, but must be positive! (in '/tmp/Rtmpmu8SN7/model-37dc36a64a5f.stan', line 30, column 6 to column 53)
Chain 1 If this warning occurs sporadically, such as for highly constrained variable types like covariance matrices, then the sampler is fine,
Chain 1 but if this warning occurs often then your model may be either severely ill-conditioned or misspecified.
Chain 1 
Chain 2 Informational Message: The current Metropolis proposal is about to be rejected because of the following issue:
Chain 2 Exception: normal_cdf: Scale parameter is 0, but must be positive! (in '/tmp/Rtmpmu8SN7/model-37dc36a64a5f.stan', line 30, column 6 to column 53)
Chain 2 If this warning occurs sporadically, such as for highly constrained variable types like covariance matrices, then the sampler is fine,
Chain 2 but if this warning occurs often then your model may be either severely ill-conditioned or misspecified.
Chain 2 
Chain 2 Informational Message: The current Metropolis proposal is about to be rejected because of the following issue:
Chain 2 Exception: normal_cdf: Scale parameter is 0, but must be positive! (in '/tmp/Rtmpmu8SN7/model-37dc36a64a5f.stan', line 30, column 6 to column 53)
Chain 2 If this warning occurs sporadically, such as for highly constrained variable types like covariance matrices, then the sampler is fine,
Chain 2 but if this warning occurs often then your model may be either severely ill-conditioned or misspecified.
Chain 2 
Chain 3 Informational Message: The current Metropolis proposal is about to be rejected because of the following issue:
Chain 3 Exception: normal_cdf: Scale parameter is 0, but must be positive! (in '/tmp/Rtmpmu8SN7/model-37dc36a64a5f.stan', line 30, column 6 to column 53)
Chain 3 If this warning occurs sporadically, such as for highly constrained variable types like covariance matrices, then the sampler is fine,
Chain 3 but if this warning occurs often then your model may be either severely ill-conditioned or misspecified.
Chain 3 
Chain 3 Informational Message: The current Metropolis proposal is about to be rejected because of the following issue:
Chain 3 Exception: normal_cdf: Scale parameter is 0, but must be positive! (in '/tmp/Rtmpmu8SN7/model-37dc36a64a5f.stan', line 30, column 6 to column 53)
Chain 3 If this warning occurs sporadically, such as for highly constrained variable types like covariance matrices, then the sampler is fine,
Chain 3 but if this warning occurs often then your model may be either severely ill-conditioned or misspecified.
Chain 3 
Chain 4 Informational Message: The current Metropolis proposal is about to be rejected because of the following issue:
Chain 4 Exception: normal_cdf: Scale parameter is 0, but must be positive! (in '/tmp/Rtmpmu8SN7/model-37dc36a64a5f.stan', line 30, column 6 to column 53)
Chain 4 If this warning occurs sporadically, such as for highly constrained variable types like covariance matrices, then the sampler is fine,
Chain 4 but if this warning occurs often then your model may be either severely ill-conditioned or misspecified.
Chain 4 
Chain 4 Informational Message: The current Metropolis proposal is about to be rejected because of the following issue:
Chain 4 Exception: normal_cdf: Scale parameter is 0, but must be positive! (in '/tmp/Rtmpmu8SN7/model-37dc36a64a5f.stan', line 30, column 6 to column 53)
Chain 4 If this warning occurs sporadically, such as for highly constrained variable types like covariance matrices, then the sampler is fine,
Chain 4 but if this warning occurs often then your model may be either severely ill-conditioned or misspecified.
Chain 4 
[OK] EQI0005_AAMR2006_2010 Overall EQI+PA+UN+PD+DB
Chain 1 Informational Message: The current Metropolis proposal is about to be rejected because of the following issue:
Chain 1 Exception: normal_cdf: Scale parameter is 0, but must be positive! (in '/tmp/Rtmpmu8SN7/model-37dc36a64a5f.stan', line 30, column 6 to column 53)
Chain 1 If this warning occurs sporadically, such as for highly constrained variable types like covariance matrices, then the sampler is fine,
Chain 1 but if this warning occurs often then your model may be either severely ill-conditioned or misspecified.
Chain 1 
Chain 2 Informational Message: The current Metropolis proposal is about to be rejected because of the following issue:
Chain 2 Exception: normal_cdf: Scale parameter is 0, but must be positive! (in '/tmp/Rtmpmu8SN7/model-37dc36a64a5f.stan', line 30, column 6 to column 53)
Chain 2 If this warning occurs sporadically, such as for highly constrained variable types like covariance matrices, then the sampler is fine,
Chain 2 but if this warning occurs often then your model may be either severely ill-conditioned or misspecified.
Chain 2 
Chain 3 Informational Message: The current Metropolis proposal is about to be rejected because of the following issue:
Chain 3 Exception: normal_cdf: Scale parameter is 0, but must be positive! (in '/tmp/Rtmpmu8SN7/model-37dc36a64a5f.stan', line 30, column 6 to column 53)
Chain 3 If this warning occurs sporadically, such as for highly constrained variable types like covariance matrices, then the sampler is fine,
Chain 3 but if this warning occurs often then your model may be either severely ill-conditioned or misspecified.
Chain 3 
Chain 4 Informational Message: The current Metropolis proposal is about to be rejected because of the following issue:
Chain 4 Exception: normal_cdf: Scale parameter is 0, but must be positive! (in '/tmp/Rtmpmu8SN7/model-37dc36a64a5f.stan', line 30, column 6 to column 53)
Chain 4 If this warning occurs sporadically, such as for highly constrained variable types like covariance matrices, then the sampler is fine,
Chain 4 but if this warning occurs often then your model may be either severely ill-conditioned or misspecified.
Chain 4 
[OK] EQI0005_AAMR2006_2010 Overall EQI+OB+UN+PD+DB
Chain 1 Informational Message: The current Metropolis proposal is about to be rejected because of the following issue:
Chain 1 Exception: normal_cdf: Scale parameter is 0, but must be positive! (in '/tmp/Rtmpmu8SN7/model-37dc36a64a5f.stan', line 30, column 6 to column 53)
Chain 1 If this warning occurs sporadically, such as for highly constrained variable types like covariance matrices, then the sampler is fine,
Chain 1 but if this warning occurs often then your model may be either severely ill-conditioned or misspecified.
Chain 1 
Chain 2 Informational Message: The current Metropolis proposal is about to be rejected because of the following issue:
Chain 2 Exception: normal_cdf: Scale parameter is 0, but must be positive! (in '/tmp/Rtmpmu8SN7/model-37dc36a64a5f.stan', line 30, column 6 to column 53)
Chain 2 If this warning occurs sporadically, such as for highly constrained variable types like covariance matrices, then the sampler is fine,
Chain 2 but if this warning occurs often then your model may be either severely ill-conditioned or misspecified.
Chain 2 
Chain 2 Informational Message: The current Metropolis proposal is about to be rejected because of the following issue:
Chain 2 Exception: normal_cdf: Scale parameter is 0, but must be positive! (in '/tmp/Rtmpmu8SN7/model-37dc36a64a5f.stan', line 30, column 6 to column 53)
Chain 2 If this warning occurs sporadically, such as for highly constrained variable types like covariance matrices, then the sampler is fine,
Chain 2 but if this warning occurs often then your model may be either severely ill-conditioned or misspecified.
Chain 2 
Chain 3 Informational Message: The current Metropolis proposal is about to be rejected because of the following issue:
Chain 3 Exception: normal_cdf: Scale parameter is 0, but must be positive! (in '/tmp/Rtmpmu8SN7/model-37dc36a64a5f.stan', line 30, column 6 to column 53)
Chain 3 If this warning occurs sporadically, such as for highly constrained variable types like covariance matrices, then the sampler is fine,
Chain 3 but if this warning occurs often then your model may be either severely ill-conditioned or misspecified.
Chain 3 
Chain 3 Informational Message: The current Metropolis proposal is about to be rejected because of the following issue:
Chain 3 Exception: normal_cdf: Scale parameter is 0, but must be positive! (in '/tmp/Rtmpmu8SN7/model-37dc36a64a5f.stan', line 30, column 6 to column 53)
Chain 3 If this warning occurs sporadically, such as for highly constrained variable types like covariance matrices, then the sampler is fine,
Chain 3 but if this warning occurs often then your model may be either severely ill-conditioned or misspecified.
Chain 3 
Chain 4 Informational Message: The current Metropolis proposal is about to be rejected because of the following issue:
Chain 4 Exception: normal_cdf: Scale parameter is 0, but must be positive! (in '/tmp/Rtmpmu8SN7/model-37dc36a64a5f.stan', line 30, column 6 to column 53)
Chain 4 If this warning occurs sporadically, such as for highly constrained variable types like covariance matrices, then the sampler is fine,
Chain 4 but if this warning occurs often then your model may be either severely ill-conditioned or misspecified.
Chain 4 
[OK] EQI0005_AAMR2006_2010 Overall EQI+SM+PA+OB+UN+PD
Chain 1 Informational Message: The current Metropolis proposal is about to be rejected because of the following issue:
Chain 1 Exception: normal_cdf: Scale parameter is 0, but must be positive! (in '/tmp/Rtmpmu8SN7/model-37dc36a64a5f.stan', line 30, column 6 to column 53)
Chain 1 If this warning occurs sporadically, such as for highly constrained variable types like covariance matrices, then the sampler is fine,
Chain 1 but if this warning occurs often then your model may be either severely ill-conditioned or misspecified.
Chain 1 
Chain 2 Informational Message: The current Metropolis proposal is about to be rejected because of the following issue:
Chain 2 Exception: normal_cdf: Scale parameter is 0, but must be positive! (in '/tmp/Rtmpmu8SN7/model-37dc36a64a5f.stan', line 30, column 6 to column 53)
Chain 2 If this warning occurs sporadically, such as for highly constrained variable types like covariance matrices, then the sampler is fine,
Chain 2 but if this warning occurs often then your model may be either severely ill-conditioned or misspecified.
Chain 2 
Chain 3 Informational Message: The current Metropolis proposal is about to be rejected because of the following issue:
Chain 3 Exception: normal_cdf: Scale parameter is 0, but must be positive! (in '/tmp/Rtmpmu8SN7/model-37dc36a64a5f.stan', line 30, column 6 to column 53)
Chain 3 If this warning occurs sporadically, such as for highly constrained variable types like covariance matrices, then the sampler is fine,
Chain 3 but if this warning occurs often then your model may be either severely ill-conditioned or misspecified.
Chain 3 
Chain 4 Informational Message: The current Metropolis proposal is about to be rejected because of the following issue:
Chain 4 Exception: normal_cdf: Scale parameter is 0, but must be positive! (in '/tmp/Rtmpmu8SN7/model-37dc36a64a5f.stan', line 30, column 6 to column 53)
Chain 4 If this warning occurs sporadically, such as for highly constrained variable types like covariance matrices, then the sampler is fine,
Chain 4 but if this warning occurs often then your model may be either severely ill-conditioned or misspecified.
Chain 4 
[OK] EQI0005_AAMR2006_2010 Overall EQI+SM+PA+OB+UN+DB
Chain 1 Informational Message: The current Metropolis proposal is about to be rejected because of the following issue:
Chain 1 Exception: normal_cdf: Scale parameter is 0, but must be positive! (in '/tmp/Rtmpmu8SN7/model-37dc36a64a5f.stan', line 30, column 6 to column 53)
Chain 1 If this warning occurs sporadically, such as for highly constrained variable types like covariance matrices, then the sampler is fine,
Chain 1 but if this warning occurs often then your model may be either severely ill-conditioned or misspecified.
Chain 1 
Chain 1 Informational Message: The current Metropolis proposal is about to be rejected because of the following issue:
Chain 1 Exception: normal_cdf: Scale parameter is 0, but must be positive! (in '/tmp/Rtmpmu8SN7/model-37dc36a64a5f.stan', line 30, column 6 to column 53)
Chain 1 If this warning occurs sporadically, such as for highly constrained variable types like covariance matrices, then the sampler is fine,
Chain 1 but if this warning occurs often then your model may be either severely ill-conditioned or misspecified.
Chain 1 
Chain 2 Informational Message: The current Metropolis proposal is about to be rejected because of the following issue:
Chain 2 Exception: normal_cdf: Scale parameter is 0, but must be positive! (in '/tmp/Rtmpmu8SN7/model-37dc36a64a5f.stan', line 30, column 6 to column 53)
Chain 2 If this warning occurs sporadically, such as for highly constrained variable types like covariance matrices, then the sampler is fine,
Chain 2 but if this warning occurs often then your model may be either severely ill-conditioned or misspecified.
Chain 2 
Chain 2 Informational Message: The current Metropolis proposal is about to be rejected because of the following issue:
Chain 2 Exception: normal_cdf: Scale parameter is 0, but must be positive! (in '/tmp/Rtmpmu8SN7/model-37dc36a64a5f.stan', line 30, column 6 to column 53)
Chain 2 If this warning occurs sporadically, such as for highly constrained variable types like covariance matrices, then the sampler is fine,
Chain 2 but if this warning occurs often then your model may be either severely ill-conditioned or misspecified.
Chain 2 
Chain 3 Informational Message: The current Metropolis proposal is about to be rejected because of the following issue:
Chain 3 Exception: normal_cdf: Scale parameter is 0, but must be positive! (in '/tmp/Rtmpmu8SN7/model-37dc36a64a5f.stan', line 30, column 6 to column 53)
Chain 3 If this warning occurs sporadically, such as for highly constrained variable types like covariance matrices, then the sampler is fine,
Chain 3 but if this warning occurs often then your model may be either severely ill-conditioned or misspecified.
Chain 3 
Chain 3 Informational Message: The current Metropolis proposal is about to be rejected because of the following issue:
Chain 3 Exception: normal_cdf: Scale parameter is 0, but must be positive! (in '/tmp/Rtmpmu8SN7/model-37dc36a64a5f.stan', line 30, column 6 to column 53)
Chain 3 If this warning occurs sporadically, such as for highly constrained variable types like covariance matrices, then the sampler is fine,
Chain 3 but if this warning occurs often then your model may be either severely ill-conditioned or misspecified.
Chain 3 
Chain 4 Informational Message: The current Metropolis proposal is about to be rejected because of the following issue:
Chain 4 Exception: normal_cdf: Scale parameter is 0, but must be positive! (in '/tmp/Rtmpmu8SN7/model-37dc36a64a5f.stan', line 30, column 6 to column 53)
Chain 4 If this warning occurs sporadically, such as for highly constrained variable types like covariance matrices, then the sampler is fine,
Chain 4 but if this warning occurs often then your model may be either severely ill-conditioned or misspecified.
Chain 4 
[OK] EQI0005_AAMR2006_2010 Overall EQI+SM+PA+OB+PD+DB
Chain 1 Informational Message: The current Metropolis proposal is about to be rejected because of the following issue:
Chain 1 Exception: normal_cdf: Scale parameter is 0, but must be positive! (in '/tmp/Rtmpmu8SN7/model-37dc36a64a5f.stan', line 30, column 6 to column 53)
Chain 1 If this warning occurs sporadically, such as for highly constrained variable types like covariance matrices, then the sampler is fine,
Chain 1 but if this warning occurs often then your model may be either severely ill-conditioned or misspecified.
Chain 1 
Chain 1 Informational Message: The current Metropolis proposal is about to be rejected because of the following issue:
Chain 1 Exception: normal_cdf: Scale parameter is 0, but must be positive! (in '/tmp/Rtmpmu8SN7/model-37dc36a64a5f.stan', line 30, column 6 to column 53)
Chain 1 If this warning occurs sporadically, such as for highly constrained variable types like covariance matrices, then the sampler is fine,
Chain 1 but if this warning occurs often then your model may be either severely ill-conditioned or misspecified.
Chain 1 
Chain 2 Informational Message: The current Metropolis proposal is about to be rejected because of the following issue:
Chain 2 Exception: normal_cdf: Scale parameter is 0, but must be positive! (in '/tmp/Rtmpmu8SN7/model-37dc36a64a5f.stan', line 30, column 6 to column 53)
Chain 2 If this warning occurs sporadically, such as for highly constrained variable types like covariance matrices, then the sampler is fine,
Chain 2 but if this warning occurs often then your model may be either severely ill-conditioned or misspecified.
Chain 2 
Chain 2 Informational Message: The current Metropolis proposal is about to be rejected because of the following issue:
Chain 2 Exception: normal_cdf: Scale parameter is 0, but must be positive! (in '/tmp/Rtmpmu8SN7/model-37dc36a64a5f.stan', line 30, column 6 to column 53)
Chain 2 If this warning occurs sporadically, such as for highly constrained variable types like covariance matrices, then the sampler is fine,
Chain 2 but if this warning occurs often then your model may be either severely ill-conditioned or misspecified.
Chain 2 
Chain 3 Informational Message: The current Metropolis proposal is about to be rejected because of the following issue:
Chain 3 Exception: normal_cdf: Scale parameter is 0, but must be positive! (in '/tmp/Rtmpmu8SN7/model-37dc36a64a5f.stan', line 30, column 6 to column 53)
Chain 3 If this warning occurs sporadically, such as for highly constrained variable types like covariance matrices, then the sampler is fine,
Chain 3 but if this warning occurs often then your model may be either severely ill-conditioned or misspecified.
Chain 3 
Chain 3 Informational Message: The current Metropolis proposal is about to be rejected because of the following issue:
Chain 3 Exception: normal_cdf: Scale parameter is 0, but must be positive! (in '/tmp/Rtmpmu8SN7/model-37dc36a64a5f.stan', line 30, column 6 to column 53)
Chain 3 If this warning occurs sporadically, such as for highly constrained variable types like covariance matrices, then the sampler is fine,
Chain 3 but if this warning occurs often then your model may be either severely ill-conditioned or misspecified.
Chain 3 
Chain 4 Informational Message: The current Metropolis proposal is about to be rejected because of the following issue:
Chain 4 Exception: normal_cdf: Scale parameter is 0, but must be positive! (in '/tmp/Rtmpmu8SN7/model-37dc36a64a5f.stan', line 30, column 6 to column 53)
Chain 4 If this warning occurs sporadically, such as for highly constrained variable types like covariance matrices, then the sampler is fine,
Chain 4 but if this warning occurs often then your model may be either severely ill-conditioned or misspecified.
Chain 4 
Chain 4 Informational Message: The current Metropolis proposal is about to be rejected because of the following issue:
Chain 4 Exception: normal_cdf: Scale parameter is 0, but must be positive! (in '/tmp/Rtmpmu8SN7/model-37dc36a64a5f.stan', line 30, column 6 to column 53)
Chain 4 If this warning occurs sporadically, such as for highly constrained variable types like covariance matrices, then the sampler is fine,
Chain 4 but if this warning occurs often then your model may be either severely ill-conditioned or misspecified.
Chain 4 
[OK] EQI0005_AAMR2006_2010 Overall EQI+SM+PA+UN+PD+DB
Chain 1 Informational Message: The current Metropolis proposal is about to be rejected because of the following issue:
Chain 1 Exception: normal_cdf: Scale parameter is 0, but must be positive! (in '/tmp/Rtmpmu8SN7/model-37dc36a64a5f.stan', line 30, column 6 to column 53)
Chain 1 If this warning occurs sporadically, such as for highly constrained variable types like covariance matrices, then the sampler is fine,
Chain 1 but if this warning occurs often then your model may be either severely ill-conditioned or misspecified.
Chain 1 
Chain 2 Informational Message: The current Metropolis proposal is about to be rejected because of the following issue:
Chain 2 Exception: normal_cdf: Scale parameter is 0, but must be positive! (in '/tmp/Rtmpmu8SN7/model-37dc36a64a5f.stan', line 30, column 6 to column 53)
Chain 2 If this warning occurs sporadically, such as for highly constrained variable types like covariance matrices, then the sampler is fine,
Chain 2 but if this warning occurs often then your model may be either severely ill-conditioned or misspecified.
Chain 2 
Chain 3 Informational Message: The current Metropolis proposal is about to be rejected because of the following issue:
Chain 3 Exception: normal_cdf: Scale parameter is 0, but must be positive! (in '/tmp/Rtmpmu8SN7/model-37dc36a64a5f.stan', line 30, column 6 to column 53)
Chain 3 If this warning occurs sporadically, such as for highly constrained variable types like covariance matrices, then the sampler is fine,
Chain 3 but if this warning occurs often then your model may be either severely ill-conditioned or misspecified.
Chain 3 
Chain 4 Informational Message: The current Metropolis proposal is about to be rejected because of the following issue:
Chain 4 Exception: normal_cdf: Scale parameter is 0, but must be positive! (in '/tmp/Rtmpmu8SN7/model-37dc36a64a5f.stan', line 30, column 6 to column 53)
Chain 4 If this warning occurs sporadically, such as for highly constrained variable types like covariance matrices, then the sampler is fine,
Chain 4 but if this warning occurs often then your model may be either severely ill-conditioned or misspecified.
Chain 4 
[OK] EQI0005_AAMR2006_2010 Overall EQI+SM+OB+UN+PD+DB
Chain 1 Informational Message: The current Metropolis proposal is about to be rejected because of the following issue:
Chain 1 Exception: normal_cdf: Scale parameter is 0, but must be positive! (in '/tmp/Rtmpmu8SN7/model-37dc36a64a5f.stan', line 30, column 6 to column 53)
Chain 1 If this warning occurs sporadically, such as for highly constrained variable types like covariance matrices, then the sampler is fine,
Chain 1 but if this warning occurs often then your model may be either severely ill-conditioned or misspecified.
Chain 1 
Chain 1 Informational Message: The current Metropolis proposal is about to be rejected because of the following issue:
Chain 1 Exception: normal_cdf: Scale parameter is 0, but must be positive! (in '/tmp/Rtmpmu8SN7/model-37dc36a64a5f.stan', line 30, column 6 to column 53)
Chain 1 If this warning occurs sporadically, such as for highly constrained variable types like covariance matrices, then the sampler is fine,
Chain 1 but if this warning occurs often then your model may be either severely ill-conditioned or misspecified.
Chain 1 
Chain 2 Informational Message: The current Metropolis proposal is about to be rejected because of the following issue:
Chain 2 Exception: normal_cdf: Scale parameter is 0, but must be positive! (in '/tmp/Rtmpmu8SN7/model-37dc36a64a5f.stan', line 30, column 6 to column 53)
Chain 2 If this warning occurs sporadically, such as for highly constrained variable types like covariance matrices, then the sampler is fine,
Chain 2 but if this warning occurs often then your model may be either severely ill-conditioned or misspecified.
Chain 2 
Chain 2 Informational Message: The current Metropolis proposal is about to be rejected because of the following issue:
Chain 2 Exception: normal_cdf: Scale parameter is 0, but must be positive! (in '/tmp/Rtmpmu8SN7/model-37dc36a64a5f.stan', line 30, column 6 to column 53)
Chain 2 If this warning occurs sporadically, such as for highly constrained variable types like covariance matrices, then the sampler is fine,
Chain 2 but if this warning occurs often then your model may be either severely ill-conditioned or misspecified.
Chain 2 
Chain 3 Informational Message: The current Metropolis proposal is about to be rejected because of the following issue:
Chain 3 Exception: normal_cdf: Scale parameter is 0, but must be positive! (in '/tmp/Rtmpmu8SN7/model-37dc36a64a5f.stan', line 30, column 6 to column 53)
Chain 3 If this warning occurs sporadically, such as for highly constrained variable types like covariance matrices, then the sampler is fine,
Chain 3 but if this warning occurs often then your model may be either severely ill-conditioned or misspecified.
Chain 3 
Chain 3 Informational Message: The current Metropolis proposal is about to be rejected because of the following issue:
Chain 3 Exception: normal_cdf: Scale parameter is 0, but must be positive! (in '/tmp/Rtmpmu8SN7/model-37dc36a64a5f.stan', line 30, column 6 to column 53)
Chain 3 If this warning occurs sporadically, such as for highly constrained variable types like covariance matrices, then the sampler is fine,
Chain 3 but if this warning occurs often then your model may be either severely ill-conditioned or misspecified.
Chain 3 
Chain 4 Informational Message: The current Metropolis proposal is about to be rejected because of the following issue:
Chain 4 Exception: normal_cdf: Scale parameter is 0, but must be positive! (in '/tmp/Rtmpmu8SN7/model-37dc36a64a5f.stan', line 30, column 6 to column 53)
Chain 4 If this warning occurs sporadically, such as for highly constrained variable types like covariance matrices, then the sampler is fine,
Chain 4 but if this warning occurs often then your model may be either severely ill-conditioned or misspecified.
Chain 4 
Chain 4 Informational Message: The current Metropolis proposal is about to be rejected because of the following issue:
Chain 4 Exception: normal_cdf: Scale parameter is 0, but must be positive! (in '/tmp/Rtmpmu8SN7/model-37dc36a64a5f.stan', line 30, column 6 to column 53)
Chain 4 If this warning occurs sporadically, such as for highly constrained variable types like covariance matrices, then the sampler is fine,
Chain 4 but if this warning occurs often then your model may be either severely ill-conditioned or misspecified.
Chain 4 
[OK] EQI0005_AAMR2006_2010 Overall EQI+PA+OB+UN+PD+DB
Chain 1 Informational Message: The current Metropolis proposal is about to be rejected because of the following issue:
Chain 1 Exception: normal_cdf: Scale parameter is 0, but must be positive! (in '/tmp/Rtmpmu8SN7/model-37dc36a64a5f.stan', line 30, column 6 to column 53)
Chain 1 If this warning occurs sporadically, such as for highly constrained variable types like covariance matrices, then the sampler is fine,
Chain 1 but if this warning occurs often then your model may be either severely ill-conditioned or misspecified.
Chain 1 
Chain 1 Informational Message: The current Metropolis proposal is about to be rejected because of the following issue:
Chain 1 Exception: normal_cdf: Scale parameter is 0, but must be positive! (in '/tmp/Rtmpmu8SN7/model-37dc36a64a5f.stan', line 30, column 6 to column 53)
Chain 1 If this warning occurs sporadically, such as for highly constrained variable types like covariance matrices, then the sampler is fine,
Chain 1 but if this warning occurs often then your model may be either severely ill-conditioned or misspecified.
Chain 1 
Chain 2 Informational Message: The current Metropolis proposal is about to be rejected because of the following issue:
Chain 2 Exception: normal_cdf: Scale parameter is 0, but must be positive! (in '/tmp/Rtmpmu8SN7/model-37dc36a64a5f.stan', line 30, column 6 to column 53)
Chain 2 If this warning occurs sporadically, such as for highly constrained variable types like covariance matrices, then the sampler is fine,
Chain 2 but if this warning occurs often then your model may be either severely ill-conditioned or misspecified.
Chain 2 
Chain 3 Informational Message: The current Metropolis proposal is about to be rejected because of the following issue:
Chain 3 Exception: normal_cdf: Scale parameter is 0, but must be positive! (in '/tmp/Rtmpmu8SN7/model-37dc36a64a5f.stan', line 30, column 6 to column 53)
Chain 3 If this warning occurs sporadically, such as for highly constrained variable types like covariance matrices, then the sampler is fine,
Chain 3 but if this warning occurs often then your model may be either severely ill-conditioned or misspecified.
Chain 3 
Chain 3 Informational Message: The current Metropolis proposal is about to be rejected because of the following issue:
Chain 3 Exception: normal_cdf: Scale parameter is 0, but must be positive! (in '/tmp/Rtmpmu8SN7/model-37dc36a64a5f.stan', line 30, column 6 to column 53)
Chain 3 If this warning occurs sporadically, such as for highly constrained variable types like covariance matrices, then the sampler is fine,
Chain 3 but if this warning occurs often then your model may be either severely ill-conditioned or misspecified.
Chain 3 
Chain 4 Informational Message: The current Metropolis proposal is about to be rejected because of the following issue:
Chain 4 Exception: normal_cdf: Scale parameter is 0, but must be positive! (in '/tmp/Rtmpmu8SN7/model-37dc36a64a5f.stan', line 30, column 6 to column 53)
Chain 4 If this warning occurs sporadically, such as for highly constrained variable types like covariance matrices, then the sampler is fine,
Chain 4 but if this warning occurs often then your model may be either severely ill-conditioned or misspecified.
Chain 4 
[OK] EQI0005_AAMR2006_2010 Overall EQI+SM+PA+OB+UN+PD+DB
Chain 1 Informational Message: The current Metropolis proposal is about to be rejected because of the following issue:
Chain 1 Exception: normal_cdf: Scale parameter is 0, but must be positive! (in '/tmp/Rtmpmu8SN7/model-37dc36a64a5f.stan', line 30, column 6 to column 53)
Chain 1 If this warning occurs sporadically, such as for highly constrained variable types like covariance matrices, then the sampler is fine,
Chain 1 but if this warning occurs often then your model may be either severely ill-conditioned or misspecified.
Chain 1 
Chain 2 Informational Message: The current Metropolis proposal is about to be rejected because of the following issue:
Chain 2 Exception: normal_cdf: Scale parameter is 0, but must be positive! (in '/tmp/Rtmpmu8SN7/model-37dc36a64a5f.stan', line 30, column 6 to column 53)
Chain 2 If this warning occurs sporadically, such as for highly constrained variable types like covariance matrices, then the sampler is fine,
Chain 2 but if this warning occurs often then your model may be either severely ill-conditioned or misspecified.
Chain 2 
Chain 3 Informational Message: The current Metropolis proposal is about to be rejected because of the following issue:
Chain 3 Exception: normal_cdf: Scale parameter is 0, but must be positive! (in '/tmp/Rtmpmu8SN7/model-37dc36a64a5f.stan', line 30, column 6 to column 53)
Chain 3 If this warning occurs sporadically, such as for highly constrained variable types like covariance matrices, then the sampler is fine,
Chain 3 but if this warning occurs often then your model may be either severely ill-conditioned or misspecified.
Chain 3 
Chain 4 Informational Message: The current Metropolis proposal is about to be rejected because of the following issue:
Chain 4 Exception: normal_cdf: Scale parameter is 0, but must be positive! (in '/tmp/Rtmpmu8SN7/model-37dc36a64a5f.stan', line 30, column 6 to column 53)
Chain 4 If this warning occurs sporadically, such as for highly constrained variable types like covariance matrices, then the sampler is fine,
Chain 4 but if this warning occurs often then your model may be either severely ill-conditioned or misspecified.
Chain 4 
[OK] EQI0005_AAMR2006_2010 RUCC1 EQI
Chain 3 Informational Message: The current Metropolis proposal is about to be rejected because of the following issue:
Chain 3 Exception: normal_cdf: Scale parameter is 0, but must be positive! (in '/tmp/Rtmpmu8SN7/model-37dc36a64a5f.stan', line 30, column 6 to column 53)
Chain 3 If this warning occurs sporadically, such as for highly constrained variable types like covariance matrices, then the sampler is fine,
Chain 3 but if this warning occurs often then your model may be either severely ill-conditioned or misspecified.
Chain 3 
Chain 4 Informational Message: The current Metropolis proposal is about to be rejected because of the following issue:
Chain 4 Exception: normal_cdf: Scale parameter is 0, but must be positive! (in '/tmp/Rtmpmu8SN7/model-37dc36a64a5f.stan', line 30, column 6 to column 53)
Chain 4 If this warning occurs sporadically, such as for highly constrained variable types like covariance matrices, then the sampler is fine,
Chain 4 but if this warning occurs often then your model may be either severely ill-conditioned or misspecified.
Chain 4 
[OK] EQI0005_AAMR2006_2010 RUCC1 EQI+SM
[OK] EQI0005_AAMR2006_2010 RUCC1 EQI+PA
Chain 3 Informational Message: The current Metropolis proposal is about to be rejected because of the following issue:
Chain 3 Exception: normal_cdf: Scale parameter is 0, but must be positive! (in '/tmp/Rtmpmu8SN7/model-37dc36a64a5f.stan', line 30, column 6 to column 53)
Chain 3 If this warning occurs sporadically, such as for highly constrained variable types like covariance matrices, then the sampler is fine,
Chain 3 but if this warning occurs often then your model may be either severely ill-conditioned or misspecified.
Chain 3 
Chain 4 Informational Message: The current Metropolis proposal is about to be rejected because of the following issue:
Chain 4 Exception: normal_cdf: Scale parameter is 0, but must be positive! (in '/tmp/Rtmpmu8SN7/model-37dc36a64a5f.stan', line 30, column 6 to column 53)
Chain 4 If this warning occurs sporadically, such as for highly constrained variable types like covariance matrices, then the sampler is fine,
Chain 4 but if this warning occurs often then your model may be either severely ill-conditioned or misspecified.
Chain 4 
[OK] EQI0005_AAMR2006_2010 RUCC1 EQI+OB
Chain 1 Informational Message: The current Metropolis proposal is about to be rejected because of the following issue:
Chain 1 Exception: normal_cdf: Location parameter is inf, but must be finite! (in '/tmp/Rtmpmu8SN7/model-37dc36a64a5f.stan', line 30, column 6 to column 53)
Chain 1 If this warning occurs sporadically, such as for highly constrained variable types like covariance matrices, then the sampler is fine,
Chain 1 but if this warning occurs often then your model may be either severely ill-conditioned or misspecified.
Chain 1 
Chain 3 Informational Message: The current Metropolis proposal is about to be rejected because of the following issue:
Chain 3 Exception: normal_cdf: Scale parameter is 0, but must be positive! (in '/tmp/Rtmpmu8SN7/model-37dc36a64a5f.stan', line 30, column 6 to column 53)
Chain 3 If this warning occurs sporadically, such as for highly constrained variable types like covariance matrices, then the sampler is fine,
Chain 3 but if this warning occurs often then your model may be either severely ill-conditioned or misspecified.
Chain 3 
Chain 4 Informational Message: The current Metropolis proposal is about to be rejected because of the following issue:
Chain 4 Exception: normal_cdf: Scale parameter is 0, but must be positive! (in '/tmp/Rtmpmu8SN7/model-37dc36a64a5f.stan', line 30, column 6 to column 53)
Chain 4 If this warning occurs sporadically, such as for highly constrained variable types like covariance matrices, then the sampler is fine,
Chain 4 but if this warning occurs often then your model may be either severely ill-conditioned or misspecified.
Chain 4 
[OK] EQI0005_AAMR2006_2010 RUCC1 EQI+UN
[OK] EQI0005_AAMR2006_2010 RUCC1 EQI+PD
Chain 1 Informational Message: The current Metropolis proposal is about to be rejected because of the following issue:
Chain 1 Exception: normal_cdf: Location parameter is inf, but must be finite! (in '/tmp/Rtmpmu8SN7/model-37dc36a64a5f.stan', line 30, column 6 to column 53)
Chain 1 If this warning occurs sporadically, such as for highly constrained variable types like covariance matrices, then the sampler is fine,
Chain 1 but if this warning occurs often then your model may be either severely ill-conditioned or misspecified.
Chain 1 
Chain 3 Informational Message: The current Metropolis proposal is about to be rejected because of the following issue:
Chain 3 Exception: normal_cdf: Scale parameter is 0, but must be positive! (in '/tmp/Rtmpmu8SN7/model-37dc36a64a5f.stan', line 30, column 6 to column 53)
Chain 3 If this warning occurs sporadically, such as for highly constrained variable types like covariance matrices, then the sampler is fine,
Chain 3 but if this warning occurs often then your model may be either severely ill-conditioned or misspecified.
Chain 3 
Chain 4 Informational Message: The current Metropolis proposal is about to be rejected because of the following issue:
Chain 4 Exception: normal_cdf: Scale parameter is 0, but must be positive! (in '/tmp/Rtmpmu8SN7/model-37dc36a64a5f.stan', line 30, column 6 to column 53)
Chain 4 If this warning occurs sporadically, such as for highly constrained variable types like covariance matrices, then the sampler is fine,
Chain 4 but if this warning occurs often then your model may be either severely ill-conditioned or misspecified.
Chain 4 
Warning: 142 of 4000 (4.0%) transitions ended with a divergence.
See https://mc-stan.org/misc/warnings for details.

Warning: 1 of 4 chains had an E-BFMI less than 0.3.
See https://mc-stan.org/misc/warnings for details.

[OK] EQI0005_AAMR2006_2010 RUCC1 EQI+DB
[OK] EQI0005_AAMR2006_2010 RUCC1 EQI+SM+PA
Chain 2 Informational Message: The current Metropolis proposal is about to be rejected because of the following issue:
Chain 2 Exception: normal_cdf: Scale parameter is 0, but must be positive! (in '/tmp/Rtmpmu8SN7/model-37dc36a64a5f.stan', line 30, column 6 to column 53)
Chain 2 If this warning occurs sporadically, such as for highly constrained variable types like covariance matrices, then the sampler is fine,
Chain 2 but if this warning occurs often then your model may be either severely ill-conditioned or misspecified.
Chain 2 
Chain 3 Informational Message: The current Metropolis proposal is about to be rejected because of the following issue:
Chain 3 Exception: normal_cdf: Scale parameter is 0, but must be positive! (in '/tmp/Rtmpmu8SN7/model-37dc36a64a5f.stan', line 30, column 6 to column 53)
Chain 3 If this warning occurs sporadically, such as for highly constrained variable types like covariance matrices, then the sampler is fine,
Chain 3 but if this warning occurs often then your model may be either severely ill-conditioned or misspecified.
Chain 3 
Chain 4 Informational Message: The current Metropolis proposal is about to be rejected because of the following issue:
Chain 4 Exception: normal_cdf: Scale parameter is 0, but must be positive! (in '/tmp/Rtmpmu8SN7/model-37dc36a64a5f.stan', line 30, column 6 to column 53)
Chain 4 If this warning occurs sporadically, such as for highly constrained variable types like covariance matrices, then the sampler is fine,
Chain 4 but if this warning occurs often then your model may be either severely ill-conditioned or misspecified.
Chain 4 
[OK] EQI0005_AAMR2006_2010 RUCC1 EQI+SM+OB
Chain 1 Informational Message: The current Metropolis proposal is about to be rejected because of the following issue:
Chain 1 Exception: normal_cdf: Location parameter is inf, but must be finite! (in '/tmp/Rtmpmu8SN7/model-37dc36a64a5f.stan', line 30, column 6 to column 53)
Chain 1 If this warning occurs sporadically, such as for highly constrained variable types like covariance matrices, then the sampler is fine,
Chain 1 but if this warning occurs often then your model may be either severely ill-conditioned or misspecified.
Chain 1 
Chain 2 Informational Message: The current Metropolis proposal is about to be rejected because of the following issue:
Chain 2 Exception: normal_cdf: Scale parameter is 0, but must be positive! (in '/tmp/Rtmpmu8SN7/model-37dc36a64a5f.stan', line 30, column 6 to column 53)
Chain 2 If this warning occurs sporadically, such as for highly constrained variable types like covariance matrices, then the sampler is fine,
Chain 2 but if this warning occurs often then your model may be either severely ill-conditioned or misspecified.
Chain 2 
Chain 3 Informational Message: The current Metropolis proposal is about to be rejected because of the following issue:
Chain 3 Exception: normal_cdf: Scale parameter is 0, but must be positive! (in '/tmp/Rtmpmu8SN7/model-37dc36a64a5f.stan', line 30, column 6 to column 53)
Chain 3 If this warning occurs sporadically, such as for highly constrained variable types like covariance matrices, then the sampler is fine,
Chain 3 but if this warning occurs often then your model may be either severely ill-conditioned or misspecified.
Chain 3 
[OK] EQI0005_AAMR2006_2010 RUCC1 EQI+SM+UN
[OK] EQI0005_AAMR2006_2010 RUCC1 EQI+SM+PD
Chain 1 Informational Message: The current Metropolis proposal is about to be rejected because of the following issue:
Chain 1 Exception: normal_cdf: Location parameter is inf, but must be finite! (in '/tmp/Rtmpmu8SN7/model-37dc36a64a5f.stan', line 30, column 6 to column 53)
Chain 1 If this warning occurs sporadically, such as for highly constrained variable types like covariance matrices, then the sampler is fine,
Chain 1 but if this warning occurs often then your model may be either severely ill-conditioned or misspecified.
Chain 1 
Chain 2 Informational Message: The current Metropolis proposal is about to be rejected because of the following issue:
Chain 2 Exception: normal_cdf: Scale parameter is 0, but must be positive! (in '/tmp/Rtmpmu8SN7/model-37dc36a64a5f.stan', line 30, column 6 to column 53)
Chain 2 If this warning occurs sporadically, such as for highly constrained variable types like covariance matrices, then the sampler is fine,
Chain 2 but if this warning occurs often then your model may be either severely ill-conditioned or misspecified.
Chain 2 
Chain 3 Informational Message: The current Metropolis proposal is about to be rejected because of the following issue:
Chain 3 Exception: normal_cdf: Scale parameter is 0, but must be positive! (in '/tmp/Rtmpmu8SN7/model-37dc36a64a5f.stan', line 30, column 6 to column 53)
Chain 3 If this warning occurs sporadically, such as for highly constrained variable types like covariance matrices, then the sampler is fine,
Chain 3 but if this warning occurs often then your model may be either severely ill-conditioned or misspecified.
Chain 3 
[OK] EQI0005_AAMR2006_2010 RUCC1 EQI+SM+DB
[OK] EQI0005_AAMR2006_2010 RUCC1 EQI+PA+OB
[OK] EQI0005_AAMR2006_2010 RUCC1 EQI+PA+UN
[OK] EQI0005_AAMR2006_2010 RUCC1 EQI+PA+PD
[OK] EQI0005_AAMR2006_2010 RUCC1 EQI+PA+DB
Chain 1 Informational Message: The current Metropolis proposal is about to be rejected because of the following issue:
Chain 1 Exception: normal_cdf: Location parameter is inf, but must be finite! (in '/tmp/Rtmpmu8SN7/model-37dc36a64a5f.stan', line 30, column 6 to column 53)
Chain 1 If this warning occurs sporadically, such as for highly constrained variable types like covariance matrices, then the sampler is fine,
Chain 1 but if this warning occurs often then your model may be either severely ill-conditioned or misspecified.
Chain 1 
Chain 2 Informational Message: The current Metropolis proposal is about to be rejected because of the following issue:
Chain 2 Exception: normal_cdf: Scale parameter is 0, but must be positive! (in '/tmp/Rtmpmu8SN7/model-37dc36a64a5f.stan', line 30, column 6 to column 53)
Chain 2 If this warning occurs sporadically, such as for highly constrained variable types like covariance matrices, then the sampler is fine,
Chain 2 but if this warning occurs often then your model may be either severely ill-conditioned or misspecified.
Chain 2 
Chain 3 Informational Message: The current Metropolis proposal is about to be rejected because of the following issue:
Chain 3 Exception: normal_cdf: Scale parameter is 0, but must be positive! (in '/tmp/Rtmpmu8SN7/model-37dc36a64a5f.stan', line 30, column 6 to column 53)
Chain 3 If this warning occurs sporadically, such as for highly constrained variable types like covariance matrices, then the sampler is fine,
Chain 3 but if this warning occurs often then your model may be either severely ill-conditioned or misspecified.
Chain 3 
[OK] EQI0005_AAMR2006_2010 RUCC1 EQI+OB+UN
[OK] EQI0005_AAMR2006_2010 RUCC1 EQI+OB+PD
Chain 1 Informational Message: The current Metropolis proposal is about to be rejected because of the following issue:
Chain 1 Exception: normal_cdf: Location parameter is inf, but must be finite! (in '/tmp/Rtmpmu8SN7/model-37dc36a64a5f.stan', line 30, column 6 to column 53)
Chain 1 If this warning occurs sporadically, such as for highly constrained variable types like covariance matrices, then the sampler is fine,
Chain 1 but if this warning occurs often then your model may be either severely ill-conditioned or misspecified.
Chain 1 
Chain 2 Informational Message: The current Metropolis proposal is about to be rejected because of the following issue:
Chain 2 Exception: normal_cdf: Scale parameter is 0, but must be positive! (in '/tmp/Rtmpmu8SN7/model-37dc36a64a5f.stan', line 30, column 6 to column 53)
Chain 2 If this warning occurs sporadically, such as for highly constrained variable types like covariance matrices, then the sampler is fine,
Chain 2 but if this warning occurs often then your model may be either severely ill-conditioned or misspecified.
Chain 2 
Chain 3 Informational Message: The current Metropolis proposal is about to be rejected because of the following issue:
Chain 3 Exception: normal_cdf: Scale parameter is 0, but must be positive! (in '/tmp/Rtmpmu8SN7/model-37dc36a64a5f.stan', line 30, column 6 to column 53)
Chain 3 If this warning occurs sporadically, such as for highly constrained variable types like covariance matrices, then the sampler is fine,
Chain 3 but if this warning occurs often then your model may be either severely ill-conditioned or misspecified.
Chain 3 
[OK] EQI0005_AAMR2006_2010 RUCC1 EQI+OB+DB
[OK] EQI0005_AAMR2006_2010 RUCC1 EQI+UN+PD
Chain 1 Informational Message: The current Metropolis proposal is about to be rejected because of the following issue:
Chain 1 Exception: normal_cdf: Location parameter is inf, but must be finite! (in '/tmp/Rtmpmu8SN7/model-37dc36a64a5f.stan', line 30, column 6 to column 53)
Chain 1 If this warning occurs sporadically, such as for highly constrained variable types like covariance matrices, then the sampler is fine,
Chain 1 but if this warning occurs often then your model may be either severely ill-conditioned or misspecified.
Chain 1 
Chain 2 Informational Message: The current Metropolis proposal is about to be rejected because of the following issue:
Chain 2 Exception: normal_cdf: Scale parameter is 0, but must be positive! (in '/tmp/Rtmpmu8SN7/model-37dc36a64a5f.stan', line 30, column 6 to column 53)
Chain 2 If this warning occurs sporadically, such as for highly constrained variable types like covariance matrices, then the sampler is fine,
Chain 2 but if this warning occurs often then your model may be either severely ill-conditioned or misspecified.
Chain 2 
Chain 3 Informational Message: The current Metropolis proposal is about to be rejected because of the following issue:
Chain 3 Exception: normal_cdf: Scale parameter is 0, but must be positive! (in '/tmp/Rtmpmu8SN7/model-37dc36a64a5f.stan', line 30, column 6 to column 53)
Chain 3 If this warning occurs sporadically, such as for highly constrained variable types like covariance matrices, then the sampler is fine,
Chain 3 but if this warning occurs often then your model may be either severely ill-conditioned or misspecified.
Chain 3 
Chain 4 Informational Message: The current Metropolis proposal is about to be rejected because of the following issue:
Chain 4 Exception: normal_cdf: Scale parameter is 0, but must be positive! (in '/tmp/Rtmpmu8SN7/model-37dc36a64a5f.stan', line 30, column 6 to column 53)
Chain 4 If this warning occurs sporadically, such as for highly constrained variable types like covariance matrices, then the sampler is fine,
Chain 4 but if this warning occurs often then your model may be either severely ill-conditioned or misspecified.
Chain 4 
[OK] EQI0005_AAMR2006_2010 RUCC1 EQI+UN+DB
[OK] EQI0005_AAMR2006_2010 RUCC1 EQI+PD+DB
[OK] EQI0005_AAMR2006_2010 RUCC1 EQI+SM+PA+OB
[OK] EQI0005_AAMR2006_2010 RUCC1 EQI+SM+PA+UN
[OK] EQI0005_AAMR2006_2010 RUCC1 EQI+SM+PA+PD
[OK] EQI0005_AAMR2006_2010 RUCC1 EQI+SM+PA+DB
Chain 1 Informational Message: The current Metropolis proposal is about to be rejected because of the following issue:
Chain 1 Exception: normal_cdf: Scale parameter is 0, but must be positive! (in '/tmp/Rtmpmu8SN7/model-37dc36a64a5f.stan', line 30, column 6 to column 53)
Chain 1 If this warning occurs sporadically, such as for highly constrained variable types like covariance matrices, then the sampler is fine,
Chain 1 but if this warning occurs often then your model may be either severely ill-conditioned or misspecified.
Chain 1 
Chain 2 Informational Message: The current Metropolis proposal is about to be rejected because of the following issue:
Chain 2 Exception: normal_cdf: Scale parameter is 0, but must be positive! (in '/tmp/Rtmpmu8SN7/model-37dc36a64a5f.stan', line 30, column 6 to column 53)
Chain 2 If this warning occurs sporadically, such as for highly constrained variable types like covariance matrices, then the sampler is fine,
Chain 2 but if this warning occurs often then your model may be either severely ill-conditioned or misspecified.
Chain 2 
Chain 3 Informational Message: The current Metropolis proposal is about to be rejected because of the following issue:
Chain 3 Exception: normal_cdf: Scale parameter is 0, but must be positive! (in '/tmp/Rtmpmu8SN7/model-37dc36a64a5f.stan', line 30, column 6 to column 53)
Chain 3 If this warning occurs sporadically, such as for highly constrained variable types like covariance matrices, then the sampler is fine,
Chain 3 but if this warning occurs often then your model may be either severely ill-conditioned or misspecified.
Chain 3 
Chain 4 Informational Message: The current Metropolis proposal is about to be rejected because of the following issue:
Chain 4 Exception: normal_cdf: Scale parameter is 0, but must be positive! (in '/tmp/Rtmpmu8SN7/model-37dc36a64a5f.stan', line 30, column 6 to column 53)
Chain 4 If this warning occurs sporadically, such as for highly constrained variable types like covariance matrices, then the sampler is fine,
Chain 4 but if this warning occurs often then your model may be either severely ill-conditioned or misspecified.
Chain 4 
[OK] EQI0005_AAMR2006_2010 RUCC1 EQI+SM+OB+UN
[OK] EQI0005_AAMR2006_2010 RUCC1 EQI+SM+OB+PD
Chain 1 Informational Message: The current Metropolis proposal is about to be rejected because of the following issue:
Chain 1 Exception: normal_cdf: Scale parameter is 0, but must be positive! (in '/tmp/Rtmpmu8SN7/model-37dc36a64a5f.stan', line 30, column 6 to column 53)
Chain 1 If this warning occurs sporadically, such as for highly constrained variable types like covariance matrices, then the sampler is fine,
Chain 1 but if this warning occurs often then your model may be either severely ill-conditioned or misspecified.
Chain 1 
Chain 2 Informational Message: The current Metropolis proposal is about to be rejected because of the following issue:
Chain 2 Exception: normal_cdf: Scale parameter is 0, but must be positive! (in '/tmp/Rtmpmu8SN7/model-37dc36a64a5f.stan', line 30, column 6 to column 53)
Chain 2 If this warning occurs sporadically, such as for highly constrained variable types like covariance matrices, then the sampler is fine,
Chain 2 but if this warning occurs often then your model may be either severely ill-conditioned or misspecified.
Chain 2 
Chain 3 Informational Message: The current Metropolis proposal is about to be rejected because of the following issue:
Chain 3 Exception: normal_cdf: Scale parameter is 0, but must be positive! (in '/tmp/Rtmpmu8SN7/model-37dc36a64a5f.stan', line 30, column 6 to column 53)
Chain 3 If this warning occurs sporadically, such as for highly constrained variable types like covariance matrices, then the sampler is fine,
Chain 3 but if this warning occurs often then your model may be either severely ill-conditioned or misspecified.
Chain 3 
Chain 4 Informational Message: The current Metropolis proposal is about to be rejected because of the following issue:
Chain 4 Exception: normal_cdf: Scale parameter is 0, but must be positive! (in '/tmp/Rtmpmu8SN7/model-37dc36a64a5f.stan', line 30, column 6 to column 53)
Chain 4 If this warning occurs sporadically, such as for highly constrained variable types like covariance matrices, then the sampler is fine,
Chain 4 but if this warning occurs often then your model may be either severely ill-conditioned or misspecified.
Chain 4 
[OK] EQI0005_AAMR2006_2010 RUCC1 EQI+SM+OB+DB
[OK] EQI0005_AAMR2006_2010 RUCC1 EQI+SM+UN+PD
Chain 1 Informational Message: The current Metropolis proposal is about to be rejected because of the following issue:
Chain 1 Exception: normal_cdf: Scale parameter is 0, but must be positive! (in '/tmp/Rtmpmu8SN7/model-37dc36a64a5f.stan', line 30, column 6 to column 53)
Chain 1 If this warning occurs sporadically, such as for highly constrained variable types like covariance matrices, then the sampler is fine,
Chain 1 but if this warning occurs often then your model may be either severely ill-conditioned or misspecified.
Chain 1 
Chain 2 Informational Message: The current Metropolis proposal is about to be rejected because of the following issue:
Chain 2 Exception: normal_cdf: Scale parameter is 0, but must be positive! (in '/tmp/Rtmpmu8SN7/model-37dc36a64a5f.stan', line 30, column 6 to column 53)
Chain 2 If this warning occurs sporadically, such as for highly constrained variable types like covariance matrices, then the sampler is fine,
Chain 2 but if this warning occurs often then your model may be either severely ill-conditioned or misspecified.
Chain 2 
Chain 3 Informational Message: The current Metropolis proposal is about to be rejected because of the following issue:
Chain 3 Exception: normal_cdf: Scale parameter is 0, but must be positive! (in '/tmp/Rtmpmu8SN7/model-37dc36a64a5f.stan', line 30, column 6 to column 53)
Chain 3 If this warning occurs sporadically, such as for highly constrained variable types like covariance matrices, then the sampler is fine,
Chain 3 but if this warning occurs often then your model may be either severely ill-conditioned or misspecified.
Chain 3 
Chain 4 Informational Message: The current Metropolis proposal is about to be rejected because of the following issue:
Chain 4 Exception: normal_cdf: Scale parameter is 0, but must be positive! (in '/tmp/Rtmpmu8SN7/model-37dc36a64a5f.stan', line 30, column 6 to column 53)
Chain 4 If this warning occurs sporadically, such as for highly constrained variable types like covariance matrices, then the sampler is fine,
Chain 4 but if this warning occurs often then your model may be either severely ill-conditioned or misspecified.
Chain 4 
[OK] EQI0005_AAMR2006_2010 RUCC1 EQI+SM+UN+DB
[OK] EQI0005_AAMR2006_2010 RUCC1 EQI+SM+PD+DB
[OK] EQI0005_AAMR2006_2010 RUCC1 EQI+PA+OB+UN
[OK] EQI0005_AAMR2006_2010 RUCC1 EQI+PA+OB+PD
[OK] EQI0005_AAMR2006_2010 RUCC1 EQI+PA+OB+DB
[OK] EQI0005_AAMR2006_2010 RUCC1 EQI+PA+UN+PD
[OK] EQI0005_AAMR2006_2010 RUCC1 EQI+PA+UN+DB
[OK] EQI0005_AAMR2006_2010 RUCC1 EQI+PA+PD+DB
[OK] EQI0005_AAMR2006_2010 RUCC1 EQI+OB+UN+PD
Chain 1 Informational Message: The current Metropolis proposal is about to be rejected because of the following issue:
Chain 1 Exception: normal_cdf: Scale parameter is 0, but must be positive! (in '/tmp/Rtmpmu8SN7/model-37dc36a64a5f.stan', line 30, column 6 to column 53)
Chain 1 If this warning occurs sporadically, such as for highly constrained variable types like covariance matrices, then the sampler is fine,
Chain 1 but if this warning occurs often then your model may be either severely ill-conditioned or misspecified.
Chain 1 
Chain 2 Informational Message: The current Metropolis proposal is about to be rejected because of the following issue:
Chain 2 Exception: normal_cdf: Scale parameter is 0, but must be positive! (in '/tmp/Rtmpmu8SN7/model-37dc36a64a5f.stan', line 30, column 6 to column 53)
Chain 2 If this warning occurs sporadically, such as for highly constrained variable types like covariance matrices, then the sampler is fine,
Chain 2 but if this warning occurs often then your model may be either severely ill-conditioned or misspecified.
Chain 2 
Chain 3 Informational Message: The current Metropolis proposal is about to be rejected because of the following issue:
Chain 3 Exception: normal_cdf: Scale parameter is 0, but must be positive! (in '/tmp/Rtmpmu8SN7/model-37dc36a64a5f.stan', line 30, column 6 to column 53)
Chain 3 If this warning occurs sporadically, such as for highly constrained variable types like covariance matrices, then the sampler is fine,
Chain 3 but if this warning occurs often then your model may be either severely ill-conditioned or misspecified.
Chain 3 
Chain 4 Informational Message: The current Metropolis proposal is about to be rejected because of the following issue:
Chain 4 Exception: normal_cdf: Scale parameter is 0, but must be positive! (in '/tmp/Rtmpmu8SN7/model-37dc36a64a5f.stan', line 30, column 6 to column 53)
Chain 4 If this warning occurs sporadically, such as for highly constrained variable types like covariance matrices, then the sampler is fine,
Chain 4 but if this warning occurs often then your model may be either severely ill-conditioned or misspecified.
Chain 4 
[OK] EQI0005_AAMR2006_2010 RUCC1 EQI+OB+UN+DB
[OK] EQI0005_AAMR2006_2010 RUCC1 EQI+OB+PD+DB
[OK] EQI0005_AAMR2006_2010 RUCC1 EQI+UN+PD+DB
[OK] EQI0005_AAMR2006_2010 RUCC1 EQI+SM+PA+OB+UN
[OK] EQI0005_AAMR2006_2010 RUCC1 EQI+SM+PA+OB+PD
[OK] EQI0005_AAMR2006_2010 RUCC1 EQI+SM+PA+OB+DB
[OK] EQI0005_AAMR2006_2010 RUCC1 EQI+SM+PA+UN+PD
[OK] EQI0005_AAMR2006_2010 RUCC1 EQI+SM+PA+UN+DB
[OK] EQI0005_AAMR2006_2010 RUCC1 EQI+SM+PA+PD+DB
[OK] EQI0005_AAMR2006_2010 RUCC1 EQI+SM+OB+UN+PD
Chain 1 Informational Message: The current Metropolis proposal is about to be rejected because of the following issue:
Chain 1 Exception: normal_cdf: Scale parameter is 0, but must be positive! (in '/tmp/Rtmpmu8SN7/model-37dc36a64a5f.stan', line 30, column 6 to column 53)
Chain 1 If this warning occurs sporadically, such as for highly constrained variable types like covariance matrices, then the sampler is fine,
Chain 1 but if this warning occurs often then your model may be either severely ill-conditioned or misspecified.
Chain 1 
Chain 2 Informational Message: The current Metropolis proposal is about to be rejected because of the following issue:
Chain 2 Exception: normal_cdf: Scale parameter is 0, but must be positive! (in '/tmp/Rtmpmu8SN7/model-37dc36a64a5f.stan', line 30, column 6 to column 53)
Chain 2 If this warning occurs sporadically, such as for highly constrained variable types like covariance matrices, then the sampler is fine,
Chain 2 but if this warning occurs often then your model may be either severely ill-conditioned or misspecified.
Chain 2 
Chain 3 Informational Message: The current Metropolis proposal is about to be rejected because of the following issue:
Chain 3 Exception: normal_cdf: Scale parameter is 0, but must be positive! (in '/tmp/Rtmpmu8SN7/model-37dc36a64a5f.stan', line 30, column 6 to column 53)
Chain 3 If this warning occurs sporadically, such as for highly constrained variable types like covariance matrices, then the sampler is fine,
Chain 3 but if this warning occurs often then your model may be either severely ill-conditioned or misspecified.
Chain 3 
Chain 4 Informational Message: The current Metropolis proposal is about to be rejected because of the following issue:
Chain 4 Exception: normal_cdf: Scale parameter is 0, but must be positive! (in '/tmp/Rtmpmu8SN7/model-37dc36a64a5f.stan', line 30, column 6 to column 53)
Chain 4 If this warning occurs sporadically, such as for highly constrained variable types like covariance matrices, then the sampler is fine,
Chain 4 but if this warning occurs often then your model may be either severely ill-conditioned or misspecified.
Chain 4 
[OK] EQI0005_AAMR2006_2010 RUCC1 EQI+SM+OB+UN+DB
[OK] EQI0005_AAMR2006_2010 RUCC1 EQI+SM+OB+PD+DB
[OK] EQI0005_AAMR2006_2010 RUCC1 EQI+SM+UN+PD+DB
[OK] EQI0005_AAMR2006_2010 RUCC1 EQI+PA+OB+UN+PD
[OK] EQI0005_AAMR2006_2010 RUCC1 EQI+PA+OB+UN+DB
[OK] EQI0005_AAMR2006_2010 RUCC1 EQI+PA+OB+PD+DB
[OK] EQI0005_AAMR2006_2010 RUCC1 EQI+PA+UN+PD+DB
[OK] EQI0005_AAMR2006_2010 RUCC1 EQI+OB+UN+PD+DB
[OK] EQI0005_AAMR2006_2010 RUCC1 EQI+SM+PA+OB+UN+PD
[OK] EQI0005_AAMR2006_2010 RUCC1 EQI+SM+PA+OB+UN+DB
[OK] EQI0005_AAMR2006_2010 RUCC1 EQI+SM+PA+OB+PD+DB
[OK] EQI0005_AAMR2006_2010 RUCC1 EQI+SM+PA+UN+PD+DB
[OK] EQI0005_AAMR2006_2010 RUCC1 EQI+SM+OB+UN+PD+DB
[OK] EQI0005_AAMR2006_2010 RUCC1 EQI+PA+OB+UN+PD+DB
[OK] EQI0005_AAMR2006_2010 RUCC1 EQI+SM+PA+OB+UN+PD+DB
[OK] EQI0005_AAMR2006_2010 RUCC2 EQI
[OK] EQI0005_AAMR2006_2010 RUCC2 EQI+SM
[OK] EQI0005_AAMR2006_2010 RUCC2 EQI+PA
[OK] EQI0005_AAMR2006_2010 RUCC2 EQI+OB
[OK] EQI0005_AAMR2006_2010 RUCC2 EQI+UN
[OK] EQI0005_AAMR2006_2010 RUCC2 EQI+PD
[OK] EQI0005_AAMR2006_2010 RUCC2 EQI+DB
[OK] EQI0005_AAMR2006_2010 RUCC2 EQI+SM+PA
[OK] EQI0005_AAMR2006_2010 RUCC2 EQI+SM+OB
[OK] EQI0005_AAMR2006_2010 RUCC2 EQI+SM+UN
[OK] EQI0005_AAMR2006_2010 RUCC2 EQI+SM+PD
[OK] EQI0005_AAMR2006_2010 RUCC2 EQI+SM+DB
[OK] EQI0005_AAMR2006_2010 RUCC2 EQI+PA+OB
[OK] EQI0005_AAMR2006_2010 RUCC2 EQI+PA+UN
[OK] EQI0005_AAMR2006_2010 RUCC2 EQI+PA+PD
[OK] EQI0005_AAMR2006_2010 RUCC2 EQI+PA+DB
[OK] EQI0005_AAMR2006_2010 RUCC2 EQI+OB+UN
[OK] EQI0005_AAMR2006_2010 RUCC2 EQI+OB+PD
[OK] EQI0005_AAMR2006_2010 RUCC2 EQI+OB+DB
[OK] EQI0005_AAMR2006_2010 RUCC2 EQI+UN+PD
[OK] EQI0005_AAMR2006_2010 RUCC2 EQI+UN+DB
[OK] EQI0005_AAMR2006_2010 RUCC2 EQI+PD+DB
[OK] EQI0005_AAMR2006_2010 RUCC2 EQI+SM+PA+OB
[OK] EQI0005_AAMR2006_2010 RUCC2 EQI+SM+PA+UN
[OK] EQI0005_AAMR2006_2010 RUCC2 EQI+SM+PA+PD
[OK] EQI0005_AAMR2006_2010 RUCC2 EQI+SM+PA+DB
[OK] EQI0005_AAMR2006_2010 RUCC2 EQI+SM+OB+UN
[OK] EQI0005_AAMR2006_2010 RUCC2 EQI+SM+OB+PD
[OK] EQI0005_AAMR2006_2010 RUCC2 EQI+SM+OB+DB
[OK] EQI0005_AAMR2006_2010 RUCC2 EQI+SM+UN+PD
[OK] EQI0005_AAMR2006_2010 RUCC2 EQI+SM+UN+DB
[OK] EQI0005_AAMR2006_2010 RUCC2 EQI+SM+PD+DB
[OK] EQI0005_AAMR2006_2010 RUCC2 EQI+PA+OB+UN
[OK] EQI0005_AAMR2006_2010 RUCC2 EQI+PA+OB+PD
[OK] EQI0005_AAMR2006_2010 RUCC2 EQI+PA+OB+DB
[OK] EQI0005_AAMR2006_2010 RUCC2 EQI+PA+UN+PD
[OK] EQI0005_AAMR2006_2010 RUCC2 EQI+PA+UN+DB
[OK] EQI0005_AAMR2006_2010 RUCC2 EQI+PA+PD+DB
[OK] EQI0005_AAMR2006_2010 RUCC2 EQI+OB+UN+PD
[OK] EQI0005_AAMR2006_2010 RUCC2 EQI+OB+UN+DB
[OK] EQI0005_AAMR2006_2010 RUCC2 EQI+OB+PD+DB
[OK] EQI0005_AAMR2006_2010 RUCC2 EQI+UN+PD+DB
[OK] EQI0005_AAMR2006_2010 RUCC2 EQI+SM+PA+OB+UN
[OK] EQI0005_AAMR2006_2010 RUCC2 EQI+SM+PA+OB+PD
[OK] EQI0005_AAMR2006_2010 RUCC2 EQI+SM+PA+OB+DB
[OK] EQI0005_AAMR2006_2010 RUCC2 EQI+SM+PA+UN+PD
[OK] EQI0005_AAMR2006_2010 RUCC2 EQI+SM+PA+UN+DB
[OK] EQI0005_AAMR2006_2010 RUCC2 EQI+SM+PA+PD+DB
[OK] EQI0005_AAMR2006_2010 RUCC2 EQI+SM+OB+UN+PD
[OK] EQI0005_AAMR2006_2010 RUCC2 EQI+SM+OB+UN+DB
[OK] EQI0005_AAMR2006_2010 RUCC2 EQI+SM+OB+PD+DB
[OK] EQI0005_AAMR2006_2010 RUCC2 EQI+SM+UN+PD+DB
[OK] EQI0005_AAMR2006_2010 RUCC2 EQI+PA+OB+UN+PD
[OK] EQI0005_AAMR2006_2010 RUCC2 EQI+PA+OB+UN+DB
[OK] EQI0005_AAMR2006_2010 RUCC2 EQI+PA+OB+PD+DB
[OK] EQI0005_AAMR2006_2010 RUCC2 EQI+PA+UN+PD+DB
[OK] EQI0005_AAMR2006_2010 RUCC2 EQI+OB+UN+PD+DB
[OK] EQI0005_AAMR2006_2010 RUCC2 EQI+SM+PA+OB+UN+PD
[OK] EQI0005_AAMR2006_2010 RUCC2 EQI+SM+PA+OB+UN+DB
[OK] EQI0005_AAMR2006_2010 RUCC2 EQI+SM+PA+OB+PD+DB
[OK] EQI0005_AAMR2006_2010 RUCC2 EQI+SM+PA+UN+PD+DB
[OK] EQI0005_AAMR2006_2010 RUCC2 EQI+SM+OB+UN+PD+DB
[OK] EQI0005_AAMR2006_2010 RUCC2 EQI+PA+OB+UN+PD+DB
[OK] EQI0005_AAMR2006_2010 RUCC2 EQI+SM+PA+OB+UN+PD+DB
Chain 1 Informational Message: The current Metropolis proposal is about to be rejected because of the following issue:
Chain 1 Exception: normal_cdf: Scale parameter is 0, but must be positive! (in '/tmp/Rtmpmu8SN7/model-37dc36a64a5f.stan', line 30, column 6 to column 53)
Chain 1 If this warning occurs sporadically, such as for highly constrained variable types like covariance matrices, then the sampler is fine,
Chain 1 but if this warning occurs often then your model may be either severely ill-conditioned or misspecified.
Chain 1 
Chain 4 Informational Message: The current Metropolis proposal is about to be rejected because of the following issue:
Chain 4 Exception: normal_cdf: Scale parameter is 0, but must be positive! (in '/tmp/Rtmpmu8SN7/model-37dc36a64a5f.stan', line 30, column 6 to column 53)
Chain 4 If this warning occurs sporadically, such as for highly constrained variable types like covariance matrices, then the sampler is fine,
Chain 4 but if this warning occurs often then your model may be either severely ill-conditioned or misspecified.
Chain 4 
[OK] EQI0005_AAMR2006_2010 RUCC3 EQI
Chain 1 Informational Message: The current Metropolis proposal is about to be rejected because of the following issue:
Chain 1 Exception: normal_cdf: Scale parameter is 0, but must be positive! (in '/tmp/Rtmpmu8SN7/model-37dc36a64a5f.stan', line 30, column 6 to column 53)
Chain 1 If this warning occurs sporadically, such as for highly constrained variable types like covariance matrices, then the sampler is fine,
Chain 1 but if this warning occurs often then your model may be either severely ill-conditioned or misspecified.
Chain 1 
Chain 3 Informational Message: The current Metropolis proposal is about to be rejected because of the following issue:
Chain 3 Exception: normal_cdf: Scale parameter is 0, but must be positive! (in '/tmp/Rtmpmu8SN7/model-37dc36a64a5f.stan', line 30, column 6 to column 53)
Chain 3 If this warning occurs sporadically, such as for highly constrained variable types like covariance matrices, then the sampler is fine,
Chain 3 but if this warning occurs often then your model may be either severely ill-conditioned or misspecified.
Chain 3 
[OK] EQI0005_AAMR2006_2010 RUCC3 EQI+SM
Chain 1 Informational Message: The current Metropolis proposal is about to be rejected because of the following issue:
Chain 1 Exception: normal_cdf: Scale parameter is 0, but must be positive! (in '/tmp/Rtmpmu8SN7/model-37dc36a64a5f.stan', line 30, column 6 to column 53)
Chain 1 If this warning occurs sporadically, such as for highly constrained variable types like covariance matrices, then the sampler is fine,
Chain 1 but if this warning occurs often then your model may be either severely ill-conditioned or misspecified.
Chain 1 
Chain 3 Informational Message: The current Metropolis proposal is about to be rejected because of the following issue:
Chain 3 Exception: normal_cdf: Scale parameter is 0, but must be positive! (in '/tmp/Rtmpmu8SN7/model-37dc36a64a5f.stan', line 30, column 6 to column 53)
Chain 3 If this warning occurs sporadically, such as for highly constrained variable types like covariance matrices, then the sampler is fine,
Chain 3 but if this warning occurs often then your model may be either severely ill-conditioned or misspecified.
Chain 3 
[OK] EQI0005_AAMR2006_2010 RUCC3 EQI+PA
Chain 1 Informational Message: The current Metropolis proposal is about to be rejected because of the following issue:
Chain 1 Exception: normal_cdf: Scale parameter is 0, but must be positive! (in '/tmp/Rtmpmu8SN7/model-37dc36a64a5f.stan', line 30, column 6 to column 53)
Chain 1 If this warning occurs sporadically, such as for highly constrained variable types like covariance matrices, then the sampler is fine,
Chain 1 but if this warning occurs often then your model may be either severely ill-conditioned or misspecified.
Chain 1 
Chain 3 Informational Message: The current Metropolis proposal is about to be rejected because of the following issue:
Chain 3 Exception: normal_cdf: Scale parameter is 0, but must be positive! (in '/tmp/Rtmpmu8SN7/model-37dc36a64a5f.stan', line 30, column 6 to column 53)
Chain 3 If this warning occurs sporadically, such as for highly constrained variable types like covariance matrices, then the sampler is fine,
Chain 3 but if this warning occurs often then your model may be either severely ill-conditioned or misspecified.
Chain 3 
[OK] EQI0005_AAMR2006_2010 RUCC3 EQI+OB
Chain 1 Informational Message: The current Metropolis proposal is about to be rejected because of the following issue:
Chain 1 Exception: normal_cdf: Scale parameter is 0, but must be positive! (in '/tmp/Rtmpmu8SN7/model-37dc36a64a5f.stan', line 30, column 6 to column 53)
Chain 1 If this warning occurs sporadically, such as for highly constrained variable types like covariance matrices, then the sampler is fine,
Chain 1 but if this warning occurs often then your model may be either severely ill-conditioned or misspecified.
Chain 1 
Chain 3 Informational Message: The current Metropolis proposal is about to be rejected because of the following issue:
Chain 3 Exception: normal_cdf: Scale parameter is 0, but must be positive! (in '/tmp/Rtmpmu8SN7/model-37dc36a64a5f.stan', line 30, column 6 to column 53)
Chain 3 If this warning occurs sporadically, such as for highly constrained variable types like covariance matrices, then the sampler is fine,
Chain 3 but if this warning occurs often then your model may be either severely ill-conditioned or misspecified.
Chain 3 
[OK] EQI0005_AAMR2006_2010 RUCC3 EQI+UN
Chain 1 Informational Message: The current Metropolis proposal is about to be rejected because of the following issue:
Chain 1 Exception: normal_cdf: Scale parameter is 0, but must be positive! (in '/tmp/Rtmpmu8SN7/model-37dc36a64a5f.stan', line 30, column 6 to column 53)
Chain 1 If this warning occurs sporadically, such as for highly constrained variable types like covariance matrices, then the sampler is fine,
Chain 1 but if this warning occurs often then your model may be either severely ill-conditioned or misspecified.
Chain 1 
[OK] EQI0005_AAMR2006_2010 RUCC3 EQI+PD
Chain 1 Informational Message: The current Metropolis proposal is about to be rejected because of the following issue:
Chain 1 Exception: normal_cdf: Scale parameter is 0, but must be positive! (in '/tmp/Rtmpmu8SN7/model-37dc36a64a5f.stan', line 30, column 6 to column 53)
Chain 1 If this warning occurs sporadically, such as for highly constrained variable types like covariance matrices, then the sampler is fine,
Chain 1 but if this warning occurs often then your model may be either severely ill-conditioned or misspecified.
Chain 1 
Chain 3 Informational Message: The current Metropolis proposal is about to be rejected because of the following issue:
Chain 3 Exception: normal_cdf: Scale parameter is 0, but must be positive! (in '/tmp/Rtmpmu8SN7/model-37dc36a64a5f.stan', line 30, column 6 to column 53)
Chain 3 If this warning occurs sporadically, such as for highly constrained variable types like covariance matrices, then the sampler is fine,
Chain 3 but if this warning occurs often then your model may be either severely ill-conditioned or misspecified.
Chain 3 
[OK] EQI0005_AAMR2006_2010 RUCC3 EQI+DB
Chain 1 Informational Message: The current Metropolis proposal is about to be rejected because of the following issue:
Chain 1 Exception: normal_cdf: Scale parameter is 0, but must be positive! (in '/tmp/Rtmpmu8SN7/model-37dc36a64a5f.stan', line 30, column 6 to column 53)
Chain 1 If this warning occurs sporadically, such as for highly constrained variable types like covariance matrices, then the sampler is fine,
Chain 1 but if this warning occurs often then your model may be either severely ill-conditioned or misspecified.
Chain 1 
Chain 3 Informational Message: The current Metropolis proposal is about to be rejected because of the following issue:
Chain 3 Exception: normal_cdf: Scale parameter is 0, but must be positive! (in '/tmp/Rtmpmu8SN7/model-37dc36a64a5f.stan', line 30, column 6 to column 53)
Chain 3 If this warning occurs sporadically, such as for highly constrained variable types like covariance matrices, then the sampler is fine,
Chain 3 but if this warning occurs often then your model may be either severely ill-conditioned or misspecified.
Chain 3 
Chain 4 Informational Message: The current Metropolis proposal is about to be rejected because of the following issue:
Chain 4 Exception: normal_cdf: Scale parameter is 0, but must be positive! (in '/tmp/Rtmpmu8SN7/model-37dc36a64a5f.stan', line 30, column 6 to column 53)
Chain 4 If this warning occurs sporadically, such as for highly constrained variable types like covariance matrices, then the sampler is fine,
Chain 4 but if this warning occurs often then your model may be either severely ill-conditioned or misspecified.
Chain 4 
[OK] EQI0005_AAMR2006_2010 RUCC3 EQI+SM+PA
Chain 1 Informational Message: The current Metropolis proposal is about to be rejected because of the following issue:
Chain 1 Exception: normal_cdf: Scale parameter is 0, but must be positive! (in '/tmp/Rtmpmu8SN7/model-37dc36a64a5f.stan', line 30, column 6 to column 53)
Chain 1 If this warning occurs sporadically, such as for highly constrained variable types like covariance matrices, then the sampler is fine,
Chain 1 but if this warning occurs often then your model may be either severely ill-conditioned or misspecified.
Chain 1 
Chain 2 Informational Message: The current Metropolis proposal is about to be rejected because of the following issue:
Chain 2 Exception: normal_cdf: Scale parameter is 0, but must be positive! (in '/tmp/Rtmpmu8SN7/model-37dc36a64a5f.stan', line 30, column 6 to column 53)
Chain 2 If this warning occurs sporadically, such as for highly constrained variable types like covariance matrices, then the sampler is fine,
Chain 2 but if this warning occurs often then your model may be either severely ill-conditioned or misspecified.
Chain 2 
Chain 3 Informational Message: The current Metropolis proposal is about to be rejected because of the following issue:
Chain 3 Exception: normal_cdf: Scale parameter is 0, but must be positive! (in '/tmp/Rtmpmu8SN7/model-37dc36a64a5f.stan', line 30, column 6 to column 53)
Chain 3 If this warning occurs sporadically, such as for highly constrained variable types like covariance matrices, then the sampler is fine,
Chain 3 but if this warning occurs often then your model may be either severely ill-conditioned or misspecified.
Chain 3 
Chain 4 Informational Message: The current Metropolis proposal is about to be rejected because of the following issue:
Chain 4 Exception: normal_cdf: Scale parameter is 0, but must be positive! (in '/tmp/Rtmpmu8SN7/model-37dc36a64a5f.stan', line 30, column 6 to column 53)
Chain 4 If this warning occurs sporadically, such as for highly constrained variable types like covariance matrices, then the sampler is fine,
Chain 4 but if this warning occurs often then your model may be either severely ill-conditioned or misspecified.
Chain 4 
[OK] EQI0005_AAMR2006_2010 RUCC3 EQI+SM+OB
Chain 1 Informational Message: The current Metropolis proposal is about to be rejected because of the following issue:
Chain 1 Exception: normal_cdf: Scale parameter is 0, but must be positive! (in '/tmp/Rtmpmu8SN7/model-37dc36a64a5f.stan', line 30, column 6 to column 53)
Chain 1 If this warning occurs sporadically, such as for highly constrained variable types like covariance matrices, then the sampler is fine,
Chain 1 but if this warning occurs often then your model may be either severely ill-conditioned or misspecified.
Chain 1 
Chain 3 Informational Message: The current Metropolis proposal is about to be rejected because of the following issue:
Chain 3 Exception: normal_cdf: Scale parameter is 0, but must be positive! (in '/tmp/Rtmpmu8SN7/model-37dc36a64a5f.stan', line 30, column 6 to column 53)
Chain 3 If this warning occurs sporadically, such as for highly constrained variable types like covariance matrices, then the sampler is fine,
Chain 3 but if this warning occurs often then your model may be either severely ill-conditioned or misspecified.
Chain 3 
Chain 4 Informational Message: The current Metropolis proposal is about to be rejected because of the following issue:
Chain 4 Exception: normal_cdf: Scale parameter is 0, but must be positive! (in '/tmp/Rtmpmu8SN7/model-37dc36a64a5f.stan', line 30, column 6 to column 53)
Chain 4 If this warning occurs sporadically, such as for highly constrained variable types like covariance matrices, then the sampler is fine,
Chain 4 but if this warning occurs often then your model may be either severely ill-conditioned or misspecified.
Chain 4 
[OK] EQI0005_AAMR2006_2010 RUCC3 EQI+SM+UN
[OK] EQI0005_AAMR2006_2010 RUCC3 EQI+SM+PD
Chain 1 Informational Message: The current Metropolis proposal is about to be rejected because of the following issue:
Chain 1 Exception: normal_cdf: Scale parameter is 0, but must be positive! (in '/tmp/Rtmpmu8SN7/model-37dc36a64a5f.stan', line 30, column 6 to column 53)
Chain 1 If this warning occurs sporadically, such as for highly constrained variable types like covariance matrices, then the sampler is fine,
Chain 1 but if this warning occurs often then your model may be either severely ill-conditioned or misspecified.
Chain 1 
Chain 3 Informational Message: The current Metropolis proposal is about to be rejected because of the following issue:
Chain 3 Exception: normal_cdf: Scale parameter is 0, but must be positive! (in '/tmp/Rtmpmu8SN7/model-37dc36a64a5f.stan', line 30, column 6 to column 53)
Chain 3 If this warning occurs sporadically, such as for highly constrained variable types like covariance matrices, then the sampler is fine,
Chain 3 but if this warning occurs often then your model may be either severely ill-conditioned or misspecified.
Chain 3 
Chain 4 Informational Message: The current Metropolis proposal is about to be rejected because of the following issue:
Chain 4 Exception: normal_cdf: Scale parameter is 0, but must be positive! (in '/tmp/Rtmpmu8SN7/model-37dc36a64a5f.stan', line 30, column 6 to column 53)
Chain 4 If this warning occurs sporadically, such as for highly constrained variable types like covariance matrices, then the sampler is fine,
Chain 4 but if this warning occurs often then your model may be either severely ill-conditioned or misspecified.
Chain 4 
[OK] EQI0005_AAMR2006_2010 RUCC3 EQI+SM+DB
Chain 1 Informational Message: The current Metropolis proposal is about to be rejected because of the following issue:
Chain 1 Exception: normal_cdf: Scale parameter is 0, but must be positive! (in '/tmp/Rtmpmu8SN7/model-37dc36a64a5f.stan', line 30, column 6 to column 53)
Chain 1 If this warning occurs sporadically, such as for highly constrained variable types like covariance matrices, then the sampler is fine,
Chain 1 but if this warning occurs often then your model may be either severely ill-conditioned or misspecified.
Chain 1 
Chain 4 Informational Message: The current Metropolis proposal is about to be rejected because of the following issue:
Chain 4 Exception: normal_cdf: Scale parameter is 0, but must be positive! (in '/tmp/Rtmpmu8SN7/model-37dc36a64a5f.stan', line 30, column 6 to column 53)
Chain 4 If this warning occurs sporadically, such as for highly constrained variable types like covariance matrices, then the sampler is fine,
Chain 4 but if this warning occurs often then your model may be either severely ill-conditioned or misspecified.
Chain 4 
[OK] EQI0005_AAMR2006_2010 RUCC3 EQI+PA+OB
Chain 1 Informational Message: The current Metropolis proposal is about to be rejected because of the following issue:
Chain 1 Exception: normal_cdf: Scale parameter is 0, but must be positive! (in '/tmp/Rtmpmu8SN7/model-37dc36a64a5f.stan', line 30, column 6 to column 53)
Chain 1 If this warning occurs sporadically, such as for highly constrained variable types like covariance matrices, then the sampler is fine,
Chain 1 but if this warning occurs often then your model may be either severely ill-conditioned or misspecified.
Chain 1 
Chain 3 Informational Message: The current Metropolis proposal is about to be rejected because of the following issue:
Chain 3 Exception: normal_cdf: Scale parameter is 0, but must be positive! (in '/tmp/Rtmpmu8SN7/model-37dc36a64a5f.stan', line 30, column 6 to column 53)
Chain 3 If this warning occurs sporadically, such as for highly constrained variable types like covariance matrices, then the sampler is fine,
Chain 3 but if this warning occurs often then your model may be either severely ill-conditioned or misspecified.
Chain 3 
Chain 4 Informational Message: The current Metropolis proposal is about to be rejected because of the following issue:
Chain 4 Exception: normal_cdf: Scale parameter is 0, but must be positive! (in '/tmp/Rtmpmu8SN7/model-37dc36a64a5f.stan', line 30, column 6 to column 53)
Chain 4 If this warning occurs sporadically, such as for highly constrained variable types like covariance matrices, then the sampler is fine,
Chain 4 but if this warning occurs often then your model may be either severely ill-conditioned or misspecified.
Chain 4 
[OK] EQI0005_AAMR2006_2010 RUCC3 EQI+PA+UN
[OK] EQI0005_AAMR2006_2010 RUCC3 EQI+PA+PD
Chain 1 Informational Message: The current Metropolis proposal is about to be rejected because of the following issue:
Chain 1 Exception: normal_cdf: Scale parameter is 0, but must be positive! (in '/tmp/Rtmpmu8SN7/model-37dc36a64a5f.stan', line 30, column 6 to column 53)
Chain 1 If this warning occurs sporadically, such as for highly constrained variable types like covariance matrices, then the sampler is fine,
Chain 1 but if this warning occurs often then your model may be either severely ill-conditioned or misspecified.
Chain 1 
Chain 3 Informational Message: The current Metropolis proposal is about to be rejected because of the following issue:
Chain 3 Exception: normal_cdf: Scale parameter is 0, but must be positive! (in '/tmp/Rtmpmu8SN7/model-37dc36a64a5f.stan', line 30, column 6 to column 53)
Chain 3 If this warning occurs sporadically, such as for highly constrained variable types like covariance matrices, then the sampler is fine,
Chain 3 but if this warning occurs often then your model may be either severely ill-conditioned or misspecified.
Chain 3 
Chain 4 Informational Message: The current Metropolis proposal is about to be rejected because of the following issue:
Chain 4 Exception: normal_cdf: Scale parameter is 0, but must be positive! (in '/tmp/Rtmpmu8SN7/model-37dc36a64a5f.stan', line 30, column 6 to column 53)
Chain 4 If this warning occurs sporadically, such as for highly constrained variable types like covariance matrices, then the sampler is fine,
Chain 4 but if this warning occurs often then your model may be either severely ill-conditioned or misspecified.
Chain 4 
[OK] EQI0005_AAMR2006_2010 RUCC3 EQI+PA+DB
Chain 1 Informational Message: The current Metropolis proposal is about to be rejected because of the following issue:
Chain 1 Exception: normal_cdf: Scale parameter is 0, but must be positive! (in '/tmp/Rtmpmu8SN7/model-37dc36a64a5f.stan', line 30, column 6 to column 53)
Chain 1 If this warning occurs sporadically, such as for highly constrained variable types like covariance matrices, then the sampler is fine,
Chain 1 but if this warning occurs often then your model may be either severely ill-conditioned or misspecified.
Chain 1 
Chain 3 Informational Message: The current Metropolis proposal is about to be rejected because of the following issue:
Chain 3 Exception: normal_cdf: Scale parameter is 0, but must be positive! (in '/tmp/Rtmpmu8SN7/model-37dc36a64a5f.stan', line 30, column 6 to column 53)
Chain 3 If this warning occurs sporadically, such as for highly constrained variable types like covariance matrices, then the sampler is fine,
Chain 3 but if this warning occurs often then your model may be either severely ill-conditioned or misspecified.
Chain 3 
Chain 4 Informational Message: The current Metropolis proposal is about to be rejected because of the following issue:
Chain 4 Exception: normal_cdf: Scale parameter is 0, but must be positive! (in '/tmp/Rtmpmu8SN7/model-37dc36a64a5f.stan', line 30, column 6 to column 53)
Chain 4 If this warning occurs sporadically, such as for highly constrained variable types like covariance matrices, then the sampler is fine,
Chain 4 but if this warning occurs often then your model may be either severely ill-conditioned or misspecified.
Chain 4 
[OK] EQI0005_AAMR2006_2010 RUCC3 EQI+OB+UN
[OK] EQI0005_AAMR2006_2010 RUCC3 EQI+OB+PD
Chain 1 Informational Message: The current Metropolis proposal is about to be rejected because of the following issue:
Chain 1 Exception: normal_cdf: Scale parameter is 0, but must be positive! (in '/tmp/Rtmpmu8SN7/model-37dc36a64a5f.stan', line 30, column 6 to column 53)
Chain 1 If this warning occurs sporadically, such as for highly constrained variable types like covariance matrices, then the sampler is fine,
Chain 1 but if this warning occurs often then your model may be either severely ill-conditioned or misspecified.
Chain 1 
Chain 3 Informational Message: The current Metropolis proposal is about to be rejected because of the following issue:
Chain 3 Exception: normal_cdf: Scale parameter is 0, but must be positive! (in '/tmp/Rtmpmu8SN7/model-37dc36a64a5f.stan', line 30, column 6 to column 53)
Chain 3 If this warning occurs sporadically, such as for highly constrained variable types like covariance matrices, then the sampler is fine,
Chain 3 but if this warning occurs often then your model may be either severely ill-conditioned or misspecified.
Chain 3 
Chain 4 Informational Message: The current Metropolis proposal is about to be rejected because of the following issue:
Chain 4 Exception: normal_cdf: Scale parameter is 0, but must be positive! (in '/tmp/Rtmpmu8SN7/model-37dc36a64a5f.stan', line 30, column 6 to column 53)
Chain 4 If this warning occurs sporadically, such as for highly constrained variable types like covariance matrices, then the sampler is fine,
Chain 4 but if this warning occurs often then your model may be either severely ill-conditioned or misspecified.
Chain 4 
[OK] EQI0005_AAMR2006_2010 RUCC3 EQI+OB+DB
[OK] EQI0005_AAMR2006_2010 RUCC3 EQI+UN+PD
Chain 1 Informational Message: The current Metropolis proposal is about to be rejected because of the following issue:
Chain 1 Exception: normal_cdf: Scale parameter is 0, but must be positive! (in '/tmp/Rtmpmu8SN7/model-37dc36a64a5f.stan', line 30, column 6 to column 53)
Chain 1 If this warning occurs sporadically, such as for highly constrained variable types like covariance matrices, then the sampler is fine,
Chain 1 but if this warning occurs often then your model may be either severely ill-conditioned or misspecified.
Chain 1 
Chain 3 Informational Message: The current Metropolis proposal is about to be rejected because of the following issue:
Chain 3 Exception: normal_cdf: Scale parameter is 0, but must be positive! (in '/tmp/Rtmpmu8SN7/model-37dc36a64a5f.stan', line 30, column 6 to column 53)
Chain 3 If this warning occurs sporadically, such as for highly constrained variable types like covariance matrices, then the sampler is fine,
Chain 3 but if this warning occurs often then your model may be either severely ill-conditioned or misspecified.
Chain 3 
Chain 4 Informational Message: The current Metropolis proposal is about to be rejected because of the following issue:
Chain 4 Exception: normal_cdf: Scale parameter is 0, but must be positive! (in '/tmp/Rtmpmu8SN7/model-37dc36a64a5f.stan', line 30, column 6 to column 53)
Chain 4 If this warning occurs sporadically, such as for highly constrained variable types like covariance matrices, then the sampler is fine,
Chain 4 but if this warning occurs often then your model may be either severely ill-conditioned or misspecified.
Chain 4 
[OK] EQI0005_AAMR2006_2010 RUCC3 EQI+UN+DB
[OK] EQI0005_AAMR2006_2010 RUCC3 EQI+PD+DB
Chain 4 Informational Message: The current Metropolis proposal is about to be rejected because of the following issue:
Chain 4 Exception: normal_cdf: Scale parameter is 0, but must be positive! (in '/tmp/Rtmpmu8SN7/model-37dc36a64a5f.stan', line 30, column 6 to column 53)
Chain 4 If this warning occurs sporadically, such as for highly constrained variable types like covariance matrices, then the sampler is fine,
Chain 4 but if this warning occurs often then your model may be either severely ill-conditioned or misspecified.
Chain 4 
[OK] EQI0005_AAMR2006_2010 RUCC3 EQI+SM+PA+OB
Chain 1 Informational Message: The current Metropolis proposal is about to be rejected because of the following issue:
Chain 1 Exception: normal_cdf: Scale parameter is 0, but must be positive! (in '/tmp/Rtmpmu8SN7/model-37dc36a64a5f.stan', line 30, column 6 to column 53)
Chain 1 If this warning occurs sporadically, such as for highly constrained variable types like covariance matrices, then the sampler is fine,
Chain 1 but if this warning occurs often then your model may be either severely ill-conditioned or misspecified.
Chain 1 
Chain 2 Informational Message: The current Metropolis proposal is about to be rejected because of the following issue:
Chain 2 Exception: normal_cdf: Scale parameter is 0, but must be positive! (in '/tmp/Rtmpmu8SN7/model-37dc36a64a5f.stan', line 30, column 6 to column 53)
Chain 2 If this warning occurs sporadically, such as for highly constrained variable types like covariance matrices, then the sampler is fine,
Chain 2 but if this warning occurs often then your model may be either severely ill-conditioned or misspecified.
Chain 2 
[OK] EQI0005_AAMR2006_2010 RUCC3 EQI+SM+PA+UN
[OK] EQI0005_AAMR2006_2010 RUCC3 EQI+SM+PA+PD
Chain 1 Informational Message: The current Metropolis proposal is about to be rejected because of the following issue:
Chain 1 Exception: normal_cdf: Scale parameter is 0, but must be positive! (in '/tmp/Rtmpmu8SN7/model-37dc36a64a5f.stan', line 30, column 6 to column 53)
Chain 1 If this warning occurs sporadically, such as for highly constrained variable types like covariance matrices, then the sampler is fine,
Chain 1 but if this warning occurs often then your model may be either severely ill-conditioned or misspecified.
Chain 1 
Chain 2 Informational Message: The current Metropolis proposal is about to be rejected because of the following issue:
Chain 2 Exception: normal_cdf: Scale parameter is 0, but must be positive! (in '/tmp/Rtmpmu8SN7/model-37dc36a64a5f.stan', line 30, column 6 to column 53)
Chain 2 If this warning occurs sporadically, such as for highly constrained variable types like covariance matrices, then the sampler is fine,
Chain 2 but if this warning occurs often then your model may be either severely ill-conditioned or misspecified.
Chain 2 
[OK] EQI0005_AAMR2006_2010 RUCC3 EQI+SM+PA+DB
Chain 1 Informational Message: The current Metropolis proposal is about to be rejected because of the following issue:
Chain 1 Exception: normal_cdf: Scale parameter is 0, but must be positive! (in '/tmp/Rtmpmu8SN7/model-37dc36a64a5f.stan', line 30, column 6 to column 53)
Chain 1 If this warning occurs sporadically, such as for highly constrained variable types like covariance matrices, then the sampler is fine,
Chain 1 but if this warning occurs often then your model may be either severely ill-conditioned or misspecified.
Chain 1 
Chain 2 Informational Message: The current Metropolis proposal is about to be rejected because of the following issue:
Chain 2 Exception: normal_cdf: Scale parameter is 0, but must be positive! (in '/tmp/Rtmpmu8SN7/model-37dc36a64a5f.stan', line 30, column 6 to column 53)
Chain 2 If this warning occurs sporadically, such as for highly constrained variable types like covariance matrices, then the sampler is fine,
Chain 2 but if this warning occurs often then your model may be either severely ill-conditioned or misspecified.
Chain 2 
Chain 3 Informational Message: The current Metropolis proposal is about to be rejected because of the following issue:
Chain 3 Exception: normal_cdf: Scale parameter is 0, but must be positive! (in '/tmp/Rtmpmu8SN7/model-37dc36a64a5f.stan', line 30, column 6 to column 53)
Chain 3 If this warning occurs sporadically, such as for highly constrained variable types like covariance matrices, then the sampler is fine,
Chain 3 but if this warning occurs often then your model may be either severely ill-conditioned or misspecified.
Chain 3 
Chain 4 Informational Message: The current Metropolis proposal is about to be rejected because of the following issue:
Chain 4 Exception: normal_cdf: Scale parameter is 0, but must be positive! (in '/tmp/Rtmpmu8SN7/model-37dc36a64a5f.stan', line 30, column 6 to column 53)
Chain 4 If this warning occurs sporadically, such as for highly constrained variable types like covariance matrices, then the sampler is fine,
Chain 4 but if this warning occurs often then your model may be either severely ill-conditioned or misspecified.
Chain 4 
[OK] EQI0005_AAMR2006_2010 RUCC3 EQI+SM+OB+UN
[OK] EQI0005_AAMR2006_2010 RUCC3 EQI+SM+OB+PD
Chain 1 Informational Message: The current Metropolis proposal is about to be rejected because of the following issue:
Chain 1 Exception: normal_cdf: Scale parameter is 0, but must be positive! (in '/tmp/Rtmpmu8SN7/model-37dc36a64a5f.stan', line 30, column 6 to column 53)
Chain 1 If this warning occurs sporadically, such as for highly constrained variable types like covariance matrices, then the sampler is fine,
Chain 1 but if this warning occurs often then your model may be either severely ill-conditioned or misspecified.
Chain 1 
Chain 2 Informational Message: The current Metropolis proposal is about to be rejected because of the following issue:
Chain 2 Exception: normal_cdf: Scale parameter is 0, but must be positive! (in '/tmp/Rtmpmu8SN7/model-37dc36a64a5f.stan', line 30, column 6 to column 53)
Chain 2 If this warning occurs sporadically, such as for highly constrained variable types like covariance matrices, then the sampler is fine,
Chain 2 but if this warning occurs often then your model may be either severely ill-conditioned or misspecified.
Chain 2 
Chain 3 Informational Message: The current Metropolis proposal is about to be rejected because of the following issue:
Chain 3 Exception: normal_cdf: Scale parameter is 0, but must be positive! (in '/tmp/Rtmpmu8SN7/model-37dc36a64a5f.stan', line 30, column 6 to column 53)
Chain 3 If this warning occurs sporadically, such as for highly constrained variable types like covariance matrices, then the sampler is fine,
Chain 3 but if this warning occurs often then your model may be either severely ill-conditioned or misspecified.
Chain 3 
Chain 4 Informational Message: The current Metropolis proposal is about to be rejected because of the following issue:
Chain 4 Exception: normal_cdf: Scale parameter is 0, but must be positive! (in '/tmp/Rtmpmu8SN7/model-37dc36a64a5f.stan', line 30, column 6 to column 53)
Chain 4 If this warning occurs sporadically, such as for highly constrained variable types like covariance matrices, then the sampler is fine,
Chain 4 but if this warning occurs often then your model may be either severely ill-conditioned or misspecified.
Chain 4 
[OK] EQI0005_AAMR2006_2010 RUCC3 EQI+SM+OB+DB
[OK] EQI0005_AAMR2006_2010 RUCC3 EQI+SM+UN+PD
Chain 1 Informational Message: The current Metropolis proposal is about to be rejected because of the following issue:
Chain 1 Exception: normal_cdf: Scale parameter is 0, but must be positive! (in '/tmp/Rtmpmu8SN7/model-37dc36a64a5f.stan', line 30, column 6 to column 53)
Chain 1 If this warning occurs sporadically, such as for highly constrained variable types like covariance matrices, then the sampler is fine,
Chain 1 but if this warning occurs often then your model may be either severely ill-conditioned or misspecified.
Chain 1 
Chain 2 Informational Message: The current Metropolis proposal is about to be rejected because of the following issue:
Chain 2 Exception: normal_cdf: Scale parameter is 0, but must be positive! (in '/tmp/Rtmpmu8SN7/model-37dc36a64a5f.stan', line 30, column 6 to column 53)
Chain 2 If this warning occurs sporadically, such as for highly constrained variable types like covariance matrices, then the sampler is fine,
Chain 2 but if this warning occurs often then your model may be either severely ill-conditioned or misspecified.
Chain 2 
[OK] EQI0005_AAMR2006_2010 RUCC3 EQI+SM+UN+DB
[OK] EQI0005_AAMR2006_2010 RUCC3 EQI+SM+PD+DB
Chain 1 Informational Message: The current Metropolis proposal is about to be rejected because of the following issue:
Chain 1 Exception: normal_cdf: Scale parameter is 0, but must be positive! (in '/tmp/Rtmpmu8SN7/model-37dc36a64a5f.stan', line 30, column 6 to column 53)
Chain 1 If this warning occurs sporadically, such as for highly constrained variable types like covariance matrices, then the sampler is fine,
Chain 1 but if this warning occurs often then your model may be either severely ill-conditioned or misspecified.
Chain 1 
Chain 2 Informational Message: The current Metropolis proposal is about to be rejected because of the following issue:
Chain 2 Exception: normal_cdf: Scale parameter is 0, but must be positive! (in '/tmp/Rtmpmu8SN7/model-37dc36a64a5f.stan', line 30, column 6 to column 53)
Chain 2 If this warning occurs sporadically, such as for highly constrained variable types like covariance matrices, then the sampler is fine,
Chain 2 but if this warning occurs often then your model may be either severely ill-conditioned or misspecified.
Chain 2 
[OK] EQI0005_AAMR2006_2010 RUCC3 EQI+PA+OB+UN
[OK] EQI0005_AAMR2006_2010 RUCC3 EQI+PA+OB+PD
Chain 1 Informational Message: The current Metropolis proposal is about to be rejected because of the following issue:
Chain 1 Exception: normal_cdf: Scale parameter is 0, but must be positive! (in '/tmp/Rtmpmu8SN7/model-37dc36a64a5f.stan', line 30, column 6 to column 53)
Chain 1 If this warning occurs sporadically, such as for highly constrained variable types like covariance matrices, then the sampler is fine,
Chain 1 but if this warning occurs often then your model may be either severely ill-conditioned or misspecified.
Chain 1 
Chain 2 Informational Message: The current Metropolis proposal is about to be rejected because of the following issue:
Chain 2 Exception: normal_cdf: Scale parameter is 0, but must be positive! (in '/tmp/Rtmpmu8SN7/model-37dc36a64a5f.stan', line 30, column 6 to column 53)
Chain 2 If this warning occurs sporadically, such as for highly constrained variable types like covariance matrices, then the sampler is fine,
Chain 2 but if this warning occurs often then your model may be either severely ill-conditioned or misspecified.
Chain 2 
[OK] EQI0005_AAMR2006_2010 RUCC3 EQI+PA+OB+DB
[OK] EQI0005_AAMR2006_2010 RUCC3 EQI+PA+UN+PD
Chain 1 Informational Message: The current Metropolis proposal is about to be rejected because of the following issue:
Chain 1 Exception: normal_cdf: Scale parameter is 0, but must be positive! (in '/tmp/Rtmpmu8SN7/model-37dc36a64a5f.stan', line 30, column 6 to column 53)
Chain 1 If this warning occurs sporadically, such as for highly constrained variable types like covariance matrices, then the sampler is fine,
Chain 1 but if this warning occurs often then your model may be either severely ill-conditioned or misspecified.
Chain 1 
Chain 2 Informational Message: The current Metropolis proposal is about to be rejected because of the following issue:
Chain 2 Exception: normal_cdf: Scale parameter is 0, but must be positive! (in '/tmp/Rtmpmu8SN7/model-37dc36a64a5f.stan', line 30, column 6 to column 53)
Chain 2 If this warning occurs sporadically, such as for highly constrained variable types like covariance matrices, then the sampler is fine,
Chain 2 but if this warning occurs often then your model may be either severely ill-conditioned or misspecified.
Chain 2 
[OK] EQI0005_AAMR2006_2010 RUCC3 EQI+PA+UN+DB
[OK] EQI0005_AAMR2006_2010 RUCC3 EQI+PA+PD+DB
[OK] EQI0005_AAMR2006_2010 RUCC3 EQI+OB+UN+PD
Chain 1 Informational Message: The current Metropolis proposal is about to be rejected because of the following issue:
Chain 1 Exception: normal_cdf: Scale parameter is 0, but must be positive! (in '/tmp/Rtmpmu8SN7/model-37dc36a64a5f.stan', line 30, column 6 to column 53)
Chain 1 If this warning occurs sporadically, such as for highly constrained variable types like covariance matrices, then the sampler is fine,
Chain 1 but if this warning occurs often then your model may be either severely ill-conditioned or misspecified.
Chain 1 
Chain 2 Informational Message: The current Metropolis proposal is about to be rejected because of the following issue:
Chain 2 Exception: normal_cdf: Scale parameter is 0, but must be positive! (in '/tmp/Rtmpmu8SN7/model-37dc36a64a5f.stan', line 30, column 6 to column 53)
Chain 2 If this warning occurs sporadically, such as for highly constrained variable types like covariance matrices, then the sampler is fine,
Chain 2 but if this warning occurs often then your model may be either severely ill-conditioned or misspecified.
Chain 2 
[OK] EQI0005_AAMR2006_2010 RUCC3 EQI+OB+UN+DB
slurmstepd: error: *** JOB 112954297 ON j05r4n01 CANCELLED AT 2026-05-07T16:24:18 ***
