Detected cores: 32 | Using: 25
Cancer types to analyze: C81_C96
===== Disease: C81_C96 =====
Chain 1 Informational Message: The current Metropolis proposal is about to be rejected because of the following issue:
Chain 1 Exception: normal_cdf: Scale parameter is 0, but must be positive! (in '/tmp/Rtmp0qR3q2/model-4f6aa8b26b.stan', line 30, column 6 to column 53)
Chain 1 If this warning occurs sporadically, such as for highly constrained variable types like covariance matrices, then the sampler is fine,
Chain 1 but if this warning occurs often then your model may be either severely ill-conditioned or misspecified.
Chain 1 
Chain 1 Informational Message: The current Metropolis proposal is about to be rejected because of the following issue:
Chain 1 Exception: normal_cdf: Scale parameter is 0, but must be positive! (in '/tmp/Rtmp0qR3q2/model-4f6aa8b26b.stan', line 30, column 6 to column 53)
Chain 1 If this warning occurs sporadically, such as for highly constrained variable types like covariance matrices, then the sampler is fine,
Chain 1 but if this warning occurs often then your model may be either severely ill-conditioned or misspecified.
Chain 1 
Chain 1 Informational Message: The current Metropolis proposal is about to be rejected because of the following issue:
Chain 1 Exception: normal_cdf: Scale parameter is 0, but must be positive! (in '/tmp/Rtmp0qR3q2/model-4f6aa8b26b.stan', line 30, column 6 to column 53)
Chain 1 If this warning occurs sporadically, such as for highly constrained variable types like covariance matrices, then the sampler is fine,
Chain 1 but if this warning occurs often then your model may be either severely ill-conditioned or misspecified.
Chain 1 
Chain 2 Informational Message: The current Metropolis proposal is about to be rejected because of the following issue:
Chain 2 Exception: normal_cdf: Scale parameter is 0, but must be positive! (in '/tmp/Rtmp0qR3q2/model-4f6aa8b26b.stan', line 30, column 6 to column 53)
Chain 2 If this warning occurs sporadically, such as for highly constrained variable types like covariance matrices, then the sampler is fine,
Chain 2 but if this warning occurs often then your model may be either severely ill-conditioned or misspecified.
Chain 2 
Chain 2 Informational Message: The current Metropolis proposal is about to be rejected because of the following issue:
Chain 2 Exception: normal_cdf: Scale parameter is 0, but must be positive! (in '/tmp/Rtmp0qR3q2/model-4f6aa8b26b.stan', line 30, column 6 to column 53)
Chain 2 If this warning occurs sporadically, such as for highly constrained variable types like covariance matrices, then the sampler is fine,
Chain 2 but if this warning occurs often then your model may be either severely ill-conditioned or misspecified.
Chain 2 
Chain 2 Informational Message: The current Metropolis proposal is about to be rejected because of the following issue:
Chain 2 Exception: normal_cdf: Scale parameter is 0, but must be positive! (in '/tmp/Rtmp0qR3q2/model-4f6aa8b26b.stan', line 30, column 6 to column 53)
Chain 2 If this warning occurs sporadically, such as for highly constrained variable types like covariance matrices, then the sampler is fine,
Chain 2 but if this warning occurs often then your model may be either severely ill-conditioned or misspecified.
Chain 2 
Chain 3 Informational Message: The current Metropolis proposal is about to be rejected because of the following issue:
Chain 3 Exception: normal_cdf: Scale parameter is 0, but must be positive! (in '/tmp/Rtmp0qR3q2/model-4f6aa8b26b.stan', line 30, column 6 to column 53)
Chain 3 If this warning occurs sporadically, such as for highly constrained variable types like covariance matrices, then the sampler is fine,
Chain 3 but if this warning occurs often then your model may be either severely ill-conditioned or misspecified.
Chain 3 
Chain 3 Informational Message: The current Metropolis proposal is about to be rejected because of the following issue:
Chain 3 Exception: normal_cdf: Scale parameter is 0, but must be positive! (in '/tmp/Rtmp0qR3q2/model-4f6aa8b26b.stan', line 30, column 6 to column 53)
Chain 3 If this warning occurs sporadically, such as for highly constrained variable types like covariance matrices, then the sampler is fine,
Chain 3 but if this warning occurs often then your model may be either severely ill-conditioned or misspecified.
Chain 3 
Chain 3 Informational Message: The current Metropolis proposal is about to be rejected because of the following issue:
Chain 3 Exception: normal_cdf: Scale parameter is 0, but must be positive! (in '/tmp/Rtmp0qR3q2/model-4f6aa8b26b.stan', line 30, column 6 to column 53)
Chain 3 If this warning occurs sporadically, such as for highly constrained variable types like covariance matrices, then the sampler is fine,
Chain 3 but if this warning occurs often then your model may be either severely ill-conditioned or misspecified.
Chain 3 
Chain 4 Informational Message: The current Metropolis proposal is about to be rejected because of the following issue:
Chain 4 Exception: normal_cdf: Scale parameter is 0, but must be positive! (in '/tmp/Rtmp0qR3q2/model-4f6aa8b26b.stan', line 30, column 6 to column 53)
Chain 4 If this warning occurs sporadically, such as for highly constrained variable types like covariance matrices, then the sampler is fine,
Chain 4 but if this warning occurs often then your model may be either severely ill-conditioned or misspecified.
Chain 4 
Chain 4 Informational Message: The current Metropolis proposal is about to be rejected because of the following issue:
Chain 4 Exception: normal_cdf: Scale parameter is 0, but must be positive! (in '/tmp/Rtmp0qR3q2/model-4f6aa8b26b.stan', line 30, column 6 to column 53)
Chain 4 If this warning occurs sporadically, such as for highly constrained variable types like covariance matrices, then the sampler is fine,
Chain 4 but if this warning occurs often then your model may be either severely ill-conditioned or misspecified.
Chain 4 
Chain 4 Informational Message: The current Metropolis proposal is about to be rejected because of the following issue:
Chain 4 Exception: normal_cdf: Scale parameter is 0, but must be positive! (in '/tmp/Rtmp0qR3q2/model-4f6aa8b26b.stan', line 30, column 6 to column 53)
Chain 4 If this warning occurs sporadically, such as for highly constrained variable types like covariance matrices, then the sampler is fine,
Chain 4 but if this warning occurs often then your model may be either severely ill-conditioned or misspecified.
Chain 4 
[OK] EQI0005_AAMR2006_2010 Overall Overall
Chain 1 Informational Message: The current Metropolis proposal is about to be rejected because of the following issue:
Chain 1 Exception: normal_cdf: Scale parameter is 0, but must be positive! (in '/tmp/Rtmp0qR3q2/model-4f6aa8b26b.stan', line 30, column 6 to column 53)
Chain 1 If this warning occurs sporadically, such as for highly constrained variable types like covariance matrices, then the sampler is fine,
Chain 1 but if this warning occurs often then your model may be either severely ill-conditioned or misspecified.
Chain 1 
Chain 1 Informational Message: The current Metropolis proposal is about to be rejected because of the following issue:
Chain 1 Exception: normal_cdf: Scale parameter is 0, but must be positive! (in '/tmp/Rtmp0qR3q2/model-4f6aa8b26b.stan', line 30, column 6 to column 53)
Chain 1 If this warning occurs sporadically, such as for highly constrained variable types like covariance matrices, then the sampler is fine,
Chain 1 but if this warning occurs often then your model may be either severely ill-conditioned or misspecified.
Chain 1 
Chain 1 Informational Message: The current Metropolis proposal is about to be rejected because of the following issue:
Chain 1 Exception: normal_cdf: Scale parameter is 0, but must be positive! (in '/tmp/Rtmp0qR3q2/model-4f6aa8b26b.stan', line 30, column 6 to column 53)
Chain 1 If this warning occurs sporadically, such as for highly constrained variable types like covariance matrices, then the sampler is fine,
Chain 1 but if this warning occurs often then your model may be either severely ill-conditioned or misspecified.
Chain 1 
Chain 2 Informational Message: The current Metropolis proposal is about to be rejected because of the following issue:
Chain 2 Exception: normal_cdf: Scale parameter is 0, but must be positive! (in '/tmp/Rtmp0qR3q2/model-4f6aa8b26b.stan', line 30, column 6 to column 53)
Chain 2 If this warning occurs sporadically, such as for highly constrained variable types like covariance matrices, then the sampler is fine,
Chain 2 but if this warning occurs often then your model may be either severely ill-conditioned or misspecified.
Chain 2 
Chain 2 Informational Message: The current Metropolis proposal is about to be rejected because of the following issue:
Chain 2 Exception: normal_cdf: Scale parameter is 0, but must be positive! (in '/tmp/Rtmp0qR3q2/model-4f6aa8b26b.stan', line 30, column 6 to column 53)
Chain 2 If this warning occurs sporadically, such as for highly constrained variable types like covariance matrices, then the sampler is fine,
Chain 2 but if this warning occurs often then your model may be either severely ill-conditioned or misspecified.
Chain 2 
Chain 2 Informational Message: The current Metropolis proposal is about to be rejected because of the following issue:
Chain 2 Exception: normal_cdf: Scale parameter is 0, but must be positive! (in '/tmp/Rtmp0qR3q2/model-4f6aa8b26b.stan', line 30, column 6 to column 53)
Chain 2 If this warning occurs sporadically, such as for highly constrained variable types like covariance matrices, then the sampler is fine,
Chain 2 but if this warning occurs often then your model may be either severely ill-conditioned or misspecified.
Chain 2 
Chain 3 Informational Message: The current Metropolis proposal is about to be rejected because of the following issue:
Chain 3 Exception: normal_cdf: Scale parameter is 0, but must be positive! (in '/tmp/Rtmp0qR3q2/model-4f6aa8b26b.stan', line 30, column 6 to column 53)
Chain 3 If this warning occurs sporadically, such as for highly constrained variable types like covariance matrices, then the sampler is fine,
Chain 3 but if this warning occurs often then your model may be either severely ill-conditioned or misspecified.
Chain 3 
Chain 3 Informational Message: The current Metropolis proposal is about to be rejected because of the following issue:
Chain 3 Exception: normal_cdf: Scale parameter is 0, but must be positive! (in '/tmp/Rtmp0qR3q2/model-4f6aa8b26b.stan', line 30, column 6 to column 53)
Chain 3 If this warning occurs sporadically, such as for highly constrained variable types like covariance matrices, then the sampler is fine,
Chain 3 but if this warning occurs often then your model may be either severely ill-conditioned or misspecified.
Chain 3 
Chain 3 Informational Message: The current Metropolis proposal is about to be rejected because of the following issue:
Chain 3 Exception: normal_cdf: Scale parameter is 0, but must be positive! (in '/tmp/Rtmp0qR3q2/model-4f6aa8b26b.stan', line 30, column 6 to column 53)
Chain 3 If this warning occurs sporadically, such as for highly constrained variable types like covariance matrices, then the sampler is fine,
Chain 3 but if this warning occurs often then your model may be either severely ill-conditioned or misspecified.
Chain 3 
Chain 4 Informational Message: The current Metropolis proposal is about to be rejected because of the following issue:
Chain 4 Exception: normal_cdf: Scale parameter is 0, but must be positive! (in '/tmp/Rtmp0qR3q2/model-4f6aa8b26b.stan', line 30, column 6 to column 53)
Chain 4 If this warning occurs sporadically, such as for highly constrained variable types like covariance matrices, then the sampler is fine,
Chain 4 but if this warning occurs often then your model may be either severely ill-conditioned or misspecified.
Chain 4 
Chain 4 Informational Message: The current Metropolis proposal is about to be rejected because of the following issue:
Chain 4 Exception: normal_cdf: Scale parameter is 0, but must be positive! (in '/tmp/Rtmp0qR3q2/model-4f6aa8b26b.stan', line 30, column 6 to column 53)
Chain 4 If this warning occurs sporadically, such as for highly constrained variable types like covariance matrices, then the sampler is fine,
Chain 4 but if this warning occurs often then your model may be either severely ill-conditioned or misspecified.
Chain 4 
Chain 4 Informational Message: The current Metropolis proposal is about to be rejected because of the following issue:
Chain 4 Exception: normal_cdf: Scale parameter is 0, but must be positive! (in '/tmp/Rtmp0qR3q2/model-4f6aa8b26b.stan', line 30, column 6 to column 53)
Chain 4 If this warning occurs sporadically, such as for highly constrained variable types like covariance matrices, then the sampler is fine,
Chain 4 but if this warning occurs often then your model may be either severely ill-conditioned or misspecified.
Chain 4 
[OK] EQI0005_AAMR2006_2010 Overall Multi-domain
Chain 1 Informational Message: The current Metropolis proposal is about to be rejected because of the following issue:
Chain 1 Exception: normal_cdf: Scale parameter is 0, but must be positive! (in '/tmp/Rtmp0qR3q2/model-4f6aa8b26b.stan', line 30, column 6 to column 53)
Chain 1 If this warning occurs sporadically, such as for highly constrained variable types like covariance matrices, then the sampler is fine,
Chain 1 but if this warning occurs often then your model may be either severely ill-conditioned or misspecified.
Chain 1 
Chain 2 Informational Message: The current Metropolis proposal is about to be rejected because of the following issue:
Chain 2 Exception: normal_cdf: Scale parameter is 0, but must be positive! (in '/tmp/Rtmp0qR3q2/model-4f6aa8b26b.stan', line 30, column 6 to column 53)
Chain 2 If this warning occurs sporadically, such as for highly constrained variable types like covariance matrices, then the sampler is fine,
Chain 2 but if this warning occurs often then your model may be either severely ill-conditioned or misspecified.
Chain 2 
Chain 3 Informational Message: The current Metropolis proposal is about to be rejected because of the following issue:
Chain 3 Exception: normal_cdf: Scale parameter is 0, but must be positive! (in '/tmp/Rtmp0qR3q2/model-4f6aa8b26b.stan', line 30, column 6 to column 53)
Chain 3 If this warning occurs sporadically, such as for highly constrained variable types like covariance matrices, then the sampler is fine,
Chain 3 but if this warning occurs often then your model may be either severely ill-conditioned or misspecified.
Chain 3 
Chain 4 Informational Message: The current Metropolis proposal is about to be rejected because of the following issue:
Chain 4 Exception: normal_cdf: Scale parameter is 0, but must be positive! (in '/tmp/Rtmp0qR3q2/model-4f6aa8b26b.stan', line 30, column 6 to column 53)
Chain 4 If this warning occurs sporadically, such as for highly constrained variable types like covariance matrices, then the sampler is fine,
Chain 4 but if this warning occurs often then your model may be either severely ill-conditioned or misspecified.
Chain 4 
[OK] EQI0005_AAMR2006_2010 RUCC1 Overall
Chain 1 Informational Message: The current Metropolis proposal is about to be rejected because of the following issue:
Chain 1 Exception: normal_cdf: Scale parameter is 0, but must be positive! (in '/tmp/Rtmp0qR3q2/model-4f6aa8b26b.stan', line 30, column 6 to column 53)
Chain 1 If this warning occurs sporadically, such as for highly constrained variable types like covariance matrices, then the sampler is fine,
Chain 1 but if this warning occurs often then your model may be either severely ill-conditioned or misspecified.
Chain 1 
Chain 2 Informational Message: The current Metropolis proposal is about to be rejected because of the following issue:
Chain 2 Exception: normal_cdf: Scale parameter is 0, but must be positive! (in '/tmp/Rtmp0qR3q2/model-4f6aa8b26b.stan', line 30, column 6 to column 53)
Chain 2 If this warning occurs sporadically, such as for highly constrained variable types like covariance matrices, then the sampler is fine,
Chain 2 but if this warning occurs often then your model may be either severely ill-conditioned or misspecified.
Chain 2 
Chain 3 Informational Message: The current Metropolis proposal is about to be rejected because of the following issue:
Chain 3 Exception: normal_cdf: Scale parameter is 0, but must be positive! (in '/tmp/Rtmp0qR3q2/model-4f6aa8b26b.stan', line 30, column 6 to column 53)
Chain 3 If this warning occurs sporadically, such as for highly constrained variable types like covariance matrices, then the sampler is fine,
Chain 3 but if this warning occurs often then your model may be either severely ill-conditioned or misspecified.
Chain 3 
Chain 4 Informational Message: The current Metropolis proposal is about to be rejected because of the following issue:
Chain 4 Exception: normal_cdf: Scale parameter is 0, but must be positive! (in '/tmp/Rtmp0qR3q2/model-4f6aa8b26b.stan', line 30, column 6 to column 53)
Chain 4 If this warning occurs sporadically, such as for highly constrained variable types like covariance matrices, then the sampler is fine,
Chain 4 but if this warning occurs often then your model may be either severely ill-conditioned or misspecified.
Chain 4 
[OK] EQI0005_AAMR2006_2010 RUCC1 Multi-domain
Chain 2 Informational Message: The current Metropolis proposal is about to be rejected because of the following issue:
Chain 2 Exception: normal_cdf: Scale parameter is 0, but must be positive! (in '/tmp/Rtmp0qR3q2/model-4f6aa8b26b.stan', line 30, column 6 to column 53)
Chain 2 If this warning occurs sporadically, such as for highly constrained variable types like covariance matrices, then the sampler is fine,
Chain 2 but if this warning occurs often then your model may be either severely ill-conditioned or misspecified.
Chain 2 
Chain 3 Informational Message: The current Metropolis proposal is about to be rejected because of the following issue:
Chain 3 Exception: normal_cdf: Scale parameter is 0, but must be positive! (in '/tmp/Rtmp0qR3q2/model-4f6aa8b26b.stan', line 30, column 6 to column 53)
Chain 3 If this warning occurs sporadically, such as for highly constrained variable types like covariance matrices, then the sampler is fine,
Chain 3 but if this warning occurs often then your model may be either severely ill-conditioned or misspecified.
Chain 3 
Chain 4 Informational Message: The current Metropolis proposal is about to be rejected because of the following issue:
Chain 4 Exception: normal_cdf: Scale parameter is 0, but must be positive! (in '/tmp/Rtmp0qR3q2/model-4f6aa8b26b.stan', line 30, column 6 to column 53)
Chain 4 If this warning occurs sporadically, such as for highly constrained variable types like covariance matrices, then the sampler is fine,
Chain 4 but if this warning occurs often then your model may be either severely ill-conditioned or misspecified.
Chain 4 
[OK] EQI0005_AAMR2006_2010 RUCC2 Overall
Chain 1 Informational Message: The current Metropolis proposal is about to be rejected because of the following issue:
Chain 1 Exception: normal_cdf: Scale parameter is 0, but must be positive! (in '/tmp/Rtmp0qR3q2/model-4f6aa8b26b.stan', line 30, column 6 to column 53)
Chain 1 If this warning occurs sporadically, such as for highly constrained variable types like covariance matrices, then the sampler is fine,
Chain 1 but if this warning occurs often then your model may be either severely ill-conditioned or misspecified.
Chain 1 
Chain 3 Informational Message: The current Metropolis proposal is about to be rejected because of the following issue:
Chain 3 Exception: normal_cdf: Scale parameter is 0, but must be positive! (in '/tmp/Rtmp0qR3q2/model-4f6aa8b26b.stan', line 30, column 6 to column 53)
Chain 3 If this warning occurs sporadically, such as for highly constrained variable types like covariance matrices, then the sampler is fine,
Chain 3 but if this warning occurs often then your model may be either severely ill-conditioned or misspecified.
Chain 3 
Chain 4 Informational Message: The current Metropolis proposal is about to be rejected because of the following issue:
Chain 4 Exception: normal_cdf: Scale parameter is 0, but must be positive! (in '/tmp/Rtmp0qR3q2/model-4f6aa8b26b.stan', line 30, column 6 to column 53)
Chain 4 If this warning occurs sporadically, such as for highly constrained variable types like covariance matrices, then the sampler is fine,
Chain 4 but if this warning occurs often then your model may be either severely ill-conditioned or misspecified.
Chain 4 
[OK] EQI0005_AAMR2006_2010 RUCC2 Multi-domain
Chain 1 Informational Message: The current Metropolis proposal is about to be rejected because of the following issue:
Chain 1 Exception: normal_cdf: Scale parameter is 0, but must be positive! (in '/tmp/Rtmp0qR3q2/model-4f6aa8b26b.stan', line 30, column 6 to column 53)
Chain 1 If this warning occurs sporadically, such as for highly constrained variable types like covariance matrices, then the sampler is fine,
Chain 1 but if this warning occurs often then your model may be either severely ill-conditioned or misspecified.
Chain 1 
Chain 2 Informational Message: The current Metropolis proposal is about to be rejected because of the following issue:
Chain 2 Exception: normal_cdf: Scale parameter is 0, but must be positive! (in '/tmp/Rtmp0qR3q2/model-4f6aa8b26b.stan', line 30, column 6 to column 53)
Chain 2 If this warning occurs sporadically, such as for highly constrained variable types like covariance matrices, then the sampler is fine,
Chain 2 but if this warning occurs often then your model may be either severely ill-conditioned or misspecified.
Chain 2 
Chain 3 Informational Message: The current Metropolis proposal is about to be rejected because of the following issue:
Chain 3 Exception: normal_cdf: Scale parameter is 0, but must be positive! (in '/tmp/Rtmp0qR3q2/model-4f6aa8b26b.stan', line 30, column 6 to column 53)
Chain 3 If this warning occurs sporadically, such as for highly constrained variable types like covariance matrices, then the sampler is fine,
Chain 3 but if this warning occurs often then your model may be either severely ill-conditioned or misspecified.
Chain 3 
Chain 4 Informational Message: The current Metropolis proposal is about to be rejected because of the following issue:
Chain 4 Exception: normal_cdf: Scale parameter is 0, but must be positive! (in '/tmp/Rtmp0qR3q2/model-4f6aa8b26b.stan', line 30, column 6 to column 53)
Chain 4 If this warning occurs sporadically, such as for highly constrained variable types like covariance matrices, then the sampler is fine,
Chain 4 but if this warning occurs often then your model may be either severely ill-conditioned or misspecified.
Chain 4 
[OK] EQI0005_AAMR2006_2010 RUCC3 Overall
Chain 1 Informational Message: The current Metropolis proposal is about to be rejected because of the following issue:
Chain 1 Exception: normal_cdf: Scale parameter is 0, but must be positive! (in '/tmp/Rtmp0qR3q2/model-4f6aa8b26b.stan', line 30, column 6 to column 53)
Chain 1 If this warning occurs sporadically, such as for highly constrained variable types like covariance matrices, then the sampler is fine,
Chain 1 but if this warning occurs often then your model may be either severely ill-conditioned or misspecified.
Chain 1 
Chain 2 Informational Message: The current Metropolis proposal is about to be rejected because of the following issue:
Chain 2 Exception: normal_cdf: Scale parameter is 0, but must be positive! (in '/tmp/Rtmp0qR3q2/model-4f6aa8b26b.stan', line 30, column 6 to column 53)
Chain 2 If this warning occurs sporadically, such as for highly constrained variable types like covariance matrices, then the sampler is fine,
Chain 2 but if this warning occurs often then your model may be either severely ill-conditioned or misspecified.
Chain 2 
Chain 3 Informational Message: The current Metropolis proposal is about to be rejected because of the following issue:
Chain 3 Exception: normal_cdf: Scale parameter is 0, but must be positive! (in '/tmp/Rtmp0qR3q2/model-4f6aa8b26b.stan', line 30, column 6 to column 53)
Chain 3 If this warning occurs sporadically, such as for highly constrained variable types like covariance matrices, then the sampler is fine,
Chain 3 but if this warning occurs often then your model may be either severely ill-conditioned or misspecified.
Chain 3 
Chain 4 Informational Message: The current Metropolis proposal is about to be rejected because of the following issue:
Chain 4 Exception: normal_cdf: Scale parameter is 0, but must be positive! (in '/tmp/Rtmp0qR3q2/model-4f6aa8b26b.stan', line 30, column 6 to column 53)
Chain 4 If this warning occurs sporadically, such as for highly constrained variable types like covariance matrices, then the sampler is fine,
Chain 4 but if this warning occurs often then your model may be either severely ill-conditioned or misspecified.
Chain 4 
[OK] EQI0005_AAMR2006_2010 RUCC3 Multi-domain
Chain 2 Informational Message: The current Metropolis proposal is about to be rejected because of the following issue:
Chain 2 Exception: normal_cdf: Scale parameter is 0, but must be positive! (in '/tmp/Rtmp0qR3q2/model-4f6aa8b26b.stan', line 30, column 6 to column 53)
Chain 2 If this warning occurs sporadically, such as for highly constrained variable types like covariance matrices, then the sampler is fine,
Chain 2 but if this warning occurs often then your model may be either severely ill-conditioned or misspecified.
Chain 2 
Chain 3 Informational Message: The current Metropolis proposal is about to be rejected because of the following issue:
Chain 3 Exception: normal_cdf: Scale parameter is 0, but must be positive! (in '/tmp/Rtmp0qR3q2/model-4f6aa8b26b.stan', line 30, column 6 to column 53)
Chain 3 If this warning occurs sporadically, such as for highly constrained variable types like covariance matrices, then the sampler is fine,
Chain 3 but if this warning occurs often then your model may be either severely ill-conditioned or misspecified.
Chain 3 
Chain 4 Informational Message: The current Metropolis proposal is about to be rejected because of the following issue:
Chain 4 Exception: normal_cdf: Scale parameter is 0, but must be positive! (in '/tmp/Rtmp0qR3q2/model-4f6aa8b26b.stan', line 30, column 6 to column 53)
Chain 4 If this warning occurs sporadically, such as for highly constrained variable types like covariance matrices, then the sampler is fine,
Chain 4 but if this warning occurs often then your model may be either severely ill-conditioned or misspecified.
Chain 4 
[OK] EQI0005_AAMR2006_2010 RUCC4 Overall
Chain 1 Informational Message: The current Metropolis proposal is about to be rejected because of the following issue:
Chain 1 Exception: normal_cdf: Scale parameter is 0, but must be positive! (in '/tmp/Rtmp0qR3q2/model-4f6aa8b26b.stan', line 30, column 6 to column 53)
Chain 1 If this warning occurs sporadically, such as for highly constrained variable types like covariance matrices, then the sampler is fine,
Chain 1 but if this warning occurs often then your model may be either severely ill-conditioned or misspecified.
Chain 1 
Chain 2 Informational Message: The current Metropolis proposal is about to be rejected because of the following issue:
Chain 2 Exception: normal_cdf: Scale parameter is 0, but must be positive! (in '/tmp/Rtmp0qR3q2/model-4f6aa8b26b.stan', line 30, column 6 to column 53)
Chain 2 If this warning occurs sporadically, such as for highly constrained variable types like covariance matrices, then the sampler is fine,
Chain 2 but if this warning occurs often then your model may be either severely ill-conditioned or misspecified.
Chain 2 
Chain 3 Informational Message: The current Metropolis proposal is about to be rejected because of the following issue:
Chain 3 Exception: normal_cdf: Scale parameter is 0, but must be positive! (in '/tmp/Rtmp0qR3q2/model-4f6aa8b26b.stan', line 30, column 6 to column 53)
Chain 3 If this warning occurs sporadically, such as for highly constrained variable types like covariance matrices, then the sampler is fine,
Chain 3 but if this warning occurs often then your model may be either severely ill-conditioned or misspecified.
Chain 3 
[OK] EQI0005_AAMR2006_2010 RUCC4 Multi-domain
Chain 1 Informational Message: The current Metropolis proposal is about to be rejected because of the following issue:
Chain 1 Exception: normal_cdf: Scale parameter is 0, but must be positive! (in '/tmp/Rtmp0qR3q2/model-4f6aa8b26b.stan', line 30, column 6 to column 53)
Chain 1 If this warning occurs sporadically, such as for highly constrained variable types like covariance matrices, then the sampler is fine,
Chain 1 but if this warning occurs often then your model may be either severely ill-conditioned or misspecified.
Chain 1 
Chain 1 Informational Message: The current Metropolis proposal is about to be rejected because of the following issue:
Chain 1 Exception: normal_cdf: Scale parameter is 0, but must be positive! (in '/tmp/Rtmp0qR3q2/model-4f6aa8b26b.stan', line 30, column 6 to column 53)
Chain 1 If this warning occurs sporadically, such as for highly constrained variable types like covariance matrices, then the sampler is fine,
Chain 1 but if this warning occurs often then your model may be either severely ill-conditioned or misspecified.
Chain 1 
Chain 1 Informational Message: The current Metropolis proposal is about to be rejected because of the following issue:
Chain 1 Exception: normal_cdf: Scale parameter is 0, but must be positive! (in '/tmp/Rtmp0qR3q2/model-4f6aa8b26b.stan', line 30, column 6 to column 53)
Chain 1 If this warning occurs sporadically, such as for highly constrained variable types like covariance matrices, then the sampler is fine,
Chain 1 but if this warning occurs often then your model may be either severely ill-conditioned or misspecified.
Chain 1 
Chain 2 Informational Message: The current Metropolis proposal is about to be rejected because of the following issue:
Chain 2 Exception: normal_cdf: Scale parameter is 0, but must be positive! (in '/tmp/Rtmp0qR3q2/model-4f6aa8b26b.stan', line 30, column 6 to column 53)
Chain 2 If this warning occurs sporadically, such as for highly constrained variable types like covariance matrices, then the sampler is fine,
Chain 2 but if this warning occurs often then your model may be either severely ill-conditioned or misspecified.
Chain 2 
Chain 2 Informational Message: The current Metropolis proposal is about to be rejected because of the following issue:
Chain 2 Exception: normal_cdf: Scale parameter is 0, but must be positive! (in '/tmp/Rtmp0qR3q2/model-4f6aa8b26b.stan', line 30, column 6 to column 53)
Chain 2 If this warning occurs sporadically, such as for highly constrained variable types like covariance matrices, then the sampler is fine,
Chain 2 but if this warning occurs often then your model may be either severely ill-conditioned or misspecified.
Chain 2 
Chain 2 Informational Message: The current Metropolis proposal is about to be rejected because of the following issue:
Chain 2 Exception: normal_cdf: Scale parameter is 0, but must be positive! (in '/tmp/Rtmp0qR3q2/model-4f6aa8b26b.stan', line 30, column 6 to column 53)
Chain 2 If this warning occurs sporadically, such as for highly constrained variable types like covariance matrices, then the sampler is fine,
Chain 2 but if this warning occurs often then your model may be either severely ill-conditioned or misspecified.
Chain 2 
Chain 3 Informational Message: The current Metropolis proposal is about to be rejected because of the following issue:
Chain 3 Exception: normal_cdf: Scale parameter is 0, but must be positive! (in '/tmp/Rtmp0qR3q2/model-4f6aa8b26b.stan', line 30, column 6 to column 53)
Chain 3 If this warning occurs sporadically, such as for highly constrained variable types like covariance matrices, then the sampler is fine,
Chain 3 but if this warning occurs often then your model may be either severely ill-conditioned or misspecified.
Chain 3 
Chain 3 Informational Message: The current Metropolis proposal is about to be rejected because of the following issue:
Chain 3 Exception: normal_cdf: Scale parameter is 0, but must be positive! (in '/tmp/Rtmp0qR3q2/model-4f6aa8b26b.stan', line 30, column 6 to column 53)
Chain 3 If this warning occurs sporadically, such as for highly constrained variable types like covariance matrices, then the sampler is fine,
Chain 3 but if this warning occurs often then your model may be either severely ill-conditioned or misspecified.
Chain 3 
Chain 3 Informational Message: The current Metropolis proposal is about to be rejected because of the following issue:
Chain 3 Exception: normal_cdf: Scale parameter is 0, but must be positive! (in '/tmp/Rtmp0qR3q2/model-4f6aa8b26b.stan', line 30, column 6 to column 53)
Chain 3 If this warning occurs sporadically, such as for highly constrained variable types like covariance matrices, then the sampler is fine,
Chain 3 but if this warning occurs often then your model may be either severely ill-conditioned or misspecified.
Chain 3 
Chain 4 Informational Message: The current Metropolis proposal is about to be rejected because of the following issue:
Chain 4 Exception: normal_cdf: Scale parameter is 0, but must be positive! (in '/tmp/Rtmp0qR3q2/model-4f6aa8b26b.stan', line 30, column 6 to column 53)
Chain 4 If this warning occurs sporadically, such as for highly constrained variable types like covariance matrices, then the sampler is fine,
Chain 4 but if this warning occurs often then your model may be either severely ill-conditioned or misspecified.
Chain 4 
Chain 4 Informational Message: The current Metropolis proposal is about to be rejected because of the following issue:
Chain 4 Exception: normal_cdf: Scale parameter is 0, but must be positive! (in '/tmp/Rtmp0qR3q2/model-4f6aa8b26b.stan', line 30, column 6 to column 53)
Chain 4 If this warning occurs sporadically, such as for highly constrained variable types like covariance matrices, then the sampler is fine,
Chain 4 but if this warning occurs often then your model may be either severely ill-conditioned or misspecified.
Chain 4 
Chain 4 Informational Message: The current Metropolis proposal is about to be rejected because of the following issue:
Chain 4 Exception: normal_cdf: Scale parameter is 0, but must be positive! (in '/tmp/Rtmp0qR3q2/model-4f6aa8b26b.stan', line 30, column 6 to column 53)
Chain 4 If this warning occurs sporadically, such as for highly constrained variable types like covariance matrices, then the sampler is fine,
Chain 4 but if this warning occurs often then your model may be either severely ill-conditioned or misspecified.
Chain 4 
[OK] EQI0005_AAMR2011_2015 Overall Overall
Chain 1 Informational Message: The current Metropolis proposal is about to be rejected because of the following issue:
Chain 1 Exception: normal_cdf: Scale parameter is 0, but must be positive! (in '/tmp/Rtmp0qR3q2/model-4f6aa8b26b.stan', line 30, column 6 to column 53)
Chain 1 If this warning occurs sporadically, such as for highly constrained variable types like covariance matrices, then the sampler is fine,
Chain 1 but if this warning occurs often then your model may be either severely ill-conditioned or misspecified.
Chain 1 
Chain 1 Informational Message: The current Metropolis proposal is about to be rejected because of the following issue:
Chain 1 Exception: normal_cdf: Scale parameter is 0, but must be positive! (in '/tmp/Rtmp0qR3q2/model-4f6aa8b26b.stan', line 30, column 6 to column 53)
Chain 1 If this warning occurs sporadically, such as for highly constrained variable types like covariance matrices, then the sampler is fine,
Chain 1 but if this warning occurs often then your model may be either severely ill-conditioned or misspecified.
Chain 1 
Chain 1 Informational Message: The current Metropolis proposal is about to be rejected because of the following issue:
Chain 1 Exception: normal_cdf: Scale parameter is 0, but must be positive! (in '/tmp/Rtmp0qR3q2/model-4f6aa8b26b.stan', line 30, column 6 to column 53)
Chain 1 If this warning occurs sporadically, such as for highly constrained variable types like covariance matrices, then the sampler is fine,
Chain 1 but if this warning occurs often then your model may be either severely ill-conditioned or misspecified.
Chain 1 
Chain 2 Informational Message: The current Metropolis proposal is about to be rejected because of the following issue:
Chain 2 Exception: normal_cdf: Scale parameter is 0, but must be positive! (in '/tmp/Rtmp0qR3q2/model-4f6aa8b26b.stan', line 30, column 6 to column 53)
Chain 2 If this warning occurs sporadically, such as for highly constrained variable types like covariance matrices, then the sampler is fine,
Chain 2 but if this warning occurs often then your model may be either severely ill-conditioned or misspecified.
Chain 2 
Chain 2 Informational Message: The current Metropolis proposal is about to be rejected because of the following issue:
Chain 2 Exception: normal_cdf: Scale parameter is 0, but must be positive! (in '/tmp/Rtmp0qR3q2/model-4f6aa8b26b.stan', line 30, column 6 to column 53)
Chain 2 If this warning occurs sporadically, such as for highly constrained variable types like covariance matrices, then the sampler is fine,
Chain 2 but if this warning occurs often then your model may be either severely ill-conditioned or misspecified.
Chain 2 
Chain 2 Informational Message: The current Metropolis proposal is about to be rejected because of the following issue:
Chain 2 Exception: normal_cdf: Scale parameter is 0, but must be positive! (in '/tmp/Rtmp0qR3q2/model-4f6aa8b26b.stan', line 30, column 6 to column 53)
Chain 2 If this warning occurs sporadically, such as for highly constrained variable types like covariance matrices, then the sampler is fine,
Chain 2 but if this warning occurs often then your model may be either severely ill-conditioned or misspecified.
Chain 2 
Chain 3 Informational Message: The current Metropolis proposal is about to be rejected because of the following issue:
Chain 3 Exception: normal_cdf: Scale parameter is 0, but must be positive! (in '/tmp/Rtmp0qR3q2/model-4f6aa8b26b.stan', line 30, column 6 to column 53)
Chain 3 If this warning occurs sporadically, such as for highly constrained variable types like covariance matrices, then the sampler is fine,
Chain 3 but if this warning occurs often then your model may be either severely ill-conditioned or misspecified.
Chain 3 
Chain 3 Informational Message: The current Metropolis proposal is about to be rejected because of the following issue:
Chain 3 Exception: normal_cdf: Scale parameter is 0, but must be positive! (in '/tmp/Rtmp0qR3q2/model-4f6aa8b26b.stan', line 30, column 6 to column 53)
Chain 3 If this warning occurs sporadically, such as for highly constrained variable types like covariance matrices, then the sampler is fine,
Chain 3 but if this warning occurs often then your model may be either severely ill-conditioned or misspecified.
Chain 3 
Chain 3 Informational Message: The current Metropolis proposal is about to be rejected because of the following issue:
Chain 3 Exception: normal_cdf: Scale parameter is 0, but must be positive! (in '/tmp/Rtmp0qR3q2/model-4f6aa8b26b.stan', line 30, column 6 to column 53)
Chain 3 If this warning occurs sporadically, such as for highly constrained variable types like covariance matrices, then the sampler is fine,
Chain 3 but if this warning occurs often then your model may be either severely ill-conditioned or misspecified.
Chain 3 
Chain 4 Informational Message: The current Metropolis proposal is about to be rejected because of the following issue:
Chain 4 Exception: normal_cdf: Scale parameter is 0, but must be positive! (in '/tmp/Rtmp0qR3q2/model-4f6aa8b26b.stan', line 30, column 6 to column 53)
Chain 4 If this warning occurs sporadically, such as for highly constrained variable types like covariance matrices, then the sampler is fine,
Chain 4 but if this warning occurs often then your model may be either severely ill-conditioned or misspecified.
Chain 4 
Chain 4 Informational Message: The current Metropolis proposal is about to be rejected because of the following issue:
Chain 4 Exception: normal_cdf: Scale parameter is 0, but must be positive! (in '/tmp/Rtmp0qR3q2/model-4f6aa8b26b.stan', line 30, column 6 to column 53)
Chain 4 If this warning occurs sporadically, such as for highly constrained variable types like covariance matrices, then the sampler is fine,
Chain 4 but if this warning occurs often then your model may be either severely ill-conditioned or misspecified.
Chain 4 
Chain 4 Informational Message: The current Metropolis proposal is about to be rejected because of the following issue:
Chain 4 Exception: normal_cdf: Scale parameter is 0, but must be positive! (in '/tmp/Rtmp0qR3q2/model-4f6aa8b26b.stan', line 30, column 6 to column 53)
Chain 4 If this warning occurs sporadically, such as for highly constrained variable types like covariance matrices, then the sampler is fine,
Chain 4 but if this warning occurs often then your model may be either severely ill-conditioned or misspecified.
Chain 4 
[OK] EQI0005_AAMR2011_2015 Overall Multi-domain
Chain 1 Informational Message: The current Metropolis proposal is about to be rejected because of the following issue:
Chain 1 Exception: normal_cdf: Scale parameter is 0, but must be positive! (in '/tmp/Rtmp0qR3q2/model-4f6aa8b26b.stan', line 30, column 6 to column 53)
Chain 1 If this warning occurs sporadically, such as for highly constrained variable types like covariance matrices, then the sampler is fine,
Chain 1 but if this warning occurs often then your model may be either severely ill-conditioned or misspecified.
Chain 1 
Chain 2 Informational Message: The current Metropolis proposal is about to be rejected because of the following issue:
Chain 2 Exception: normal_cdf: Scale parameter is 0, but must be positive! (in '/tmp/Rtmp0qR3q2/model-4f6aa8b26b.stan', line 30, column 6 to column 53)
Chain 2 If this warning occurs sporadically, such as for highly constrained variable types like covariance matrices, then the sampler is fine,
Chain 2 but if this warning occurs often then your model may be either severely ill-conditioned or misspecified.
Chain 2 
Chain 3 Informational Message: The current Metropolis proposal is about to be rejected because of the following issue:
Chain 3 Exception: normal_cdf: Scale parameter is 0, but must be positive! (in '/tmp/Rtmp0qR3q2/model-4f6aa8b26b.stan', line 30, column 6 to column 53)
Chain 3 If this warning occurs sporadically, such as for highly constrained variable types like covariance matrices, then the sampler is fine,
Chain 3 but if this warning occurs often then your model may be either severely ill-conditioned or misspecified.
Chain 3 
Chain 4 Informational Message: The current Metropolis proposal is about to be rejected because of the following issue:
Chain 4 Exception: normal_cdf: Scale parameter is 0, but must be positive! (in '/tmp/Rtmp0qR3q2/model-4f6aa8b26b.stan', line 30, column 6 to column 53)
Chain 4 If this warning occurs sporadically, such as for highly constrained variable types like covariance matrices, then the sampler is fine,
Chain 4 but if this warning occurs often then your model may be either severely ill-conditioned or misspecified.
Chain 4 
[OK] EQI0005_AAMR2011_2015 RUCC1 Overall
Chain 1 Informational Message: The current Metropolis proposal is about to be rejected because of the following issue:
Chain 1 Exception: normal_cdf: Scale parameter is 0, but must be positive! (in '/tmp/Rtmp0qR3q2/model-4f6aa8b26b.stan', line 30, column 6 to column 53)
Chain 1 If this warning occurs sporadically, such as for highly constrained variable types like covariance matrices, then the sampler is fine,
Chain 1 but if this warning occurs often then your model may be either severely ill-conditioned or misspecified.
Chain 1 
Chain 2 Informational Message: The current Metropolis proposal is about to be rejected because of the following issue:
Chain 2 Exception: normal_cdf: Scale parameter is 0, but must be positive! (in '/tmp/Rtmp0qR3q2/model-4f6aa8b26b.stan', line 30, column 6 to column 53)
Chain 2 If this warning occurs sporadically, such as for highly constrained variable types like covariance matrices, then the sampler is fine,
Chain 2 but if this warning occurs often then your model may be either severely ill-conditioned or misspecified.
Chain 2 
Chain 3 Informational Message: The current Metropolis proposal is about to be rejected because of the following issue:
Chain 3 Exception: normal_cdf: Scale parameter is 0, but must be positive! (in '/tmp/Rtmp0qR3q2/model-4f6aa8b26b.stan', line 30, column 6 to column 53)
Chain 3 If this warning occurs sporadically, such as for highly constrained variable types like covariance matrices, then the sampler is fine,
Chain 3 but if this warning occurs often then your model may be either severely ill-conditioned or misspecified.
Chain 3 
Chain 4 Informational Message: The current Metropolis proposal is about to be rejected because of the following issue:
Chain 4 Exception: normal_cdf: Scale parameter is 0, but must be positive! (in '/tmp/Rtmp0qR3q2/model-4f6aa8b26b.stan', line 30, column 6 to column 53)
Chain 4 If this warning occurs sporadically, such as for highly constrained variable types like covariance matrices, then the sampler is fine,
Chain 4 but if this warning occurs often then your model may be either severely ill-conditioned or misspecified.
Chain 4 
[OK] EQI0005_AAMR2011_2015 RUCC1 Multi-domain
Chain 2 Informational Message: The current Metropolis proposal is about to be rejected because of the following issue:
Chain 2 Exception: normal_cdf: Scale parameter is 0, but must be positive! (in '/tmp/Rtmp0qR3q2/model-4f6aa8b26b.stan', line 30, column 6 to column 53)
Chain 2 If this warning occurs sporadically, such as for highly constrained variable types like covariance matrices, then the sampler is fine,
Chain 2 but if this warning occurs often then your model may be either severely ill-conditioned or misspecified.
Chain 2 
Chain 3 Informational Message: The current Metropolis proposal is about to be rejected because of the following issue:
Chain 3 Exception: normal_cdf: Scale parameter is 0, but must be positive! (in '/tmp/Rtmp0qR3q2/model-4f6aa8b26b.stan', line 30, column 6 to column 53)
Chain 3 If this warning occurs sporadically, such as for highly constrained variable types like covariance matrices, then the sampler is fine,
Chain 3 but if this warning occurs often then your model may be either severely ill-conditioned or misspecified.
Chain 3 
Chain 4 Informational Message: The current Metropolis proposal is about to be rejected because of the following issue:
Chain 4 Exception: normal_cdf: Scale parameter is 0, but must be positive! (in '/tmp/Rtmp0qR3q2/model-4f6aa8b26b.stan', line 30, column 6 to column 53)
Chain 4 If this warning occurs sporadically, such as for highly constrained variable types like covariance matrices, then the sampler is fine,
Chain 4 but if this warning occurs often then your model may be either severely ill-conditioned or misspecified.
Chain 4 
[OK] EQI0005_AAMR2011_2015 RUCC2 Overall
Chain 1 Informational Message: The current Metropolis proposal is about to be rejected because of the following issue:
Chain 1 Exception: normal_cdf: Scale parameter is 0, but must be positive! (in '/tmp/Rtmp0qR3q2/model-4f6aa8b26b.stan', line 30, column 6 to column 53)
Chain 1 If this warning occurs sporadically, such as for highly constrained variable types like covariance matrices, then the sampler is fine,
Chain 1 but if this warning occurs often then your model may be either severely ill-conditioned or misspecified.
Chain 1 
Chain 2 Informational Message: The current Metropolis proposal is about to be rejected because of the following issue:
Chain 2 Exception: normal_cdf: Scale parameter is 0, but must be positive! (in '/tmp/Rtmp0qR3q2/model-4f6aa8b26b.stan', line 30, column 6 to column 53)
Chain 2 If this warning occurs sporadically, such as for highly constrained variable types like covariance matrices, then the sampler is fine,
Chain 2 but if this warning occurs often then your model may be either severely ill-conditioned or misspecified.
Chain 2 
Chain 3 Informational Message: The current Metropolis proposal is about to be rejected because of the following issue:
Chain 3 Exception: normal_cdf: Scale parameter is 0, but must be positive! (in '/tmp/Rtmp0qR3q2/model-4f6aa8b26b.stan', line 30, column 6 to column 53)
Chain 3 If this warning occurs sporadically, such as for highly constrained variable types like covariance matrices, then the sampler is fine,
Chain 3 but if this warning occurs often then your model may be either severely ill-conditioned or misspecified.
Chain 3 
Chain 4 Informational Message: The current Metropolis proposal is about to be rejected because of the following issue:
Chain 4 Exception: normal_cdf: Scale parameter is 0, but must be positive! (in '/tmp/Rtmp0qR3q2/model-4f6aa8b26b.stan', line 30, column 6 to column 53)
Chain 4 If this warning occurs sporadically, such as for highly constrained variable types like covariance matrices, then the sampler is fine,
Chain 4 but if this warning occurs often then your model may be either severely ill-conditioned or misspecified.
Chain 4 
[OK] EQI0005_AAMR2011_2015 RUCC2 Multi-domain
Chain 1 Informational Message: The current Metropolis proposal is about to be rejected because of the following issue:
Chain 1 Exception: normal_cdf: Scale parameter is 0, but must be positive! (in '/tmp/Rtmp0qR3q2/model-4f6aa8b26b.stan', line 30, column 6 to column 53)
Chain 1 If this warning occurs sporadically, such as for highly constrained variable types like covariance matrices, then the sampler is fine,
Chain 1 but if this warning occurs often then your model may be either severely ill-conditioned or misspecified.
Chain 1 
Chain 2 Informational Message: The current Metropolis proposal is about to be rejected because of the following issue:
Chain 2 Exception: normal_cdf: Scale parameter is 0, but must be positive! (in '/tmp/Rtmp0qR3q2/model-4f6aa8b26b.stan', line 30, column 6 to column 53)
Chain 2 If this warning occurs sporadically, such as for highly constrained variable types like covariance matrices, then the sampler is fine,
Chain 2 but if this warning occurs often then your model may be either severely ill-conditioned or misspecified.
Chain 2 
Chain 3 Informational Message: The current Metropolis proposal is about to be rejected because of the following issue:
Chain 3 Exception: normal_cdf: Scale parameter is 0, but must be positive! (in '/tmp/Rtmp0qR3q2/model-4f6aa8b26b.stan', line 30, column 6 to column 53)
Chain 3 If this warning occurs sporadically, such as for highly constrained variable types like covariance matrices, then the sampler is fine,
Chain 3 but if this warning occurs often then your model may be either severely ill-conditioned or misspecified.
Chain 3 
Chain 4 Informational Message: The current Metropolis proposal is about to be rejected because of the following issue:
Chain 4 Exception: normal_cdf: Scale parameter is 0, but must be positive! (in '/tmp/Rtmp0qR3q2/model-4f6aa8b26b.stan', line 30, column 6 to column 53)
Chain 4 If this warning occurs sporadically, such as for highly constrained variable types like covariance matrices, then the sampler is fine,
Chain 4 but if this warning occurs often then your model may be either severely ill-conditioned or misspecified.
Chain 4 
[OK] EQI0005_AAMR2011_2015 RUCC3 Overall
Chain 1 Informational Message: The current Metropolis proposal is about to be rejected because of the following issue:
Chain 1 Exception: normal_cdf: Scale parameter is 0, but must be positive! (in '/tmp/Rtmp0qR3q2/model-4f6aa8b26b.stan', line 30, column 6 to column 53)
Chain 1 If this warning occurs sporadically, such as for highly constrained variable types like covariance matrices, then the sampler is fine,
Chain 1 but if this warning occurs often then your model may be either severely ill-conditioned or misspecified.
Chain 1 
Chain 2 Informational Message: The current Metropolis proposal is about to be rejected because of the following issue:
Chain 2 Exception: normal_cdf: Scale parameter is 0, but must be positive! (in '/tmp/Rtmp0qR3q2/model-4f6aa8b26b.stan', line 30, column 6 to column 53)
Chain 2 If this warning occurs sporadically, such as for highly constrained variable types like covariance matrices, then the sampler is fine,
Chain 2 but if this warning occurs often then your model may be either severely ill-conditioned or misspecified.
Chain 2 
Chain 3 Informational Message: The current Metropolis proposal is about to be rejected because of the following issue:
Chain 3 Exception: normal_cdf: Scale parameter is 0, but must be positive! (in '/tmp/Rtmp0qR3q2/model-4f6aa8b26b.stan', line 30, column 6 to column 53)
Chain 3 If this warning occurs sporadically, such as for highly constrained variable types like covariance matrices, then the sampler is fine,
Chain 3 but if this warning occurs often then your model may be either severely ill-conditioned or misspecified.
Chain 3 
Chain 4 Informational Message: The current Metropolis proposal is about to be rejected because of the following issue:
Chain 4 Exception: normal_cdf: Scale parameter is 0, but must be positive! (in '/tmp/Rtmp0qR3q2/model-4f6aa8b26b.stan', line 30, column 6 to column 53)
Chain 4 If this warning occurs sporadically, such as for highly constrained variable types like covariance matrices, then the sampler is fine,
Chain 4 but if this warning occurs often then your model may be either severely ill-conditioned or misspecified.
Chain 4 
[OK] EQI0005_AAMR2011_2015 RUCC3 Multi-domain
Chain 1 Informational Message: The current Metropolis proposal is about to be rejected because of the following issue:
Chain 1 Exception: normal_cdf: Scale parameter is 0, but must be positive! (in '/tmp/Rtmp0qR3q2/model-4f6aa8b26b.stan', line 30, column 6 to column 53)
Chain 1 If this warning occurs sporadically, such as for highly constrained variable types like covariance matrices, then the sampler is fine,
Chain 1 but if this warning occurs often then your model may be either severely ill-conditioned or misspecified.
Chain 1 
Chain 2 Informational Message: The current Metropolis proposal is about to be rejected because of the following issue:
Chain 2 Exception: normal_cdf: Scale parameter is 0, but must be positive! (in '/tmp/Rtmp0qR3q2/model-4f6aa8b26b.stan', line 30, column 6 to column 53)
Chain 2 If this warning occurs sporadically, such as for highly constrained variable types like covariance matrices, then the sampler is fine,
Chain 2 but if this warning occurs often then your model may be either severely ill-conditioned or misspecified.
Chain 2 
Chain 3 Informational Message: The current Metropolis proposal is about to be rejected because of the following issue:
Chain 3 Exception: normal_cdf: Scale parameter is 0, but must be positive! (in '/tmp/Rtmp0qR3q2/model-4f6aa8b26b.stan', line 30, column 6 to column 53)
Chain 3 If this warning occurs sporadically, such as for highly constrained variable types like covariance matrices, then the sampler is fine,
Chain 3 but if this warning occurs often then your model may be either severely ill-conditioned or misspecified.
Chain 3 
Chain 4 Informational Message: The current Metropolis proposal is about to be rejected because of the following issue:
Chain 4 Exception: normal_cdf: Scale parameter is 0, but must be positive! (in '/tmp/Rtmp0qR3q2/model-4f6aa8b26b.stan', line 30, column 6 to column 53)
Chain 4 If this warning occurs sporadically, such as for highly constrained variable types like covariance matrices, then the sampler is fine,
Chain 4 but if this warning occurs often then your model may be either severely ill-conditioned or misspecified.
Chain 4 
[OK] EQI0005_AAMR2011_2015 RUCC4 Overall
Chain 1 Informational Message: The current Metropolis proposal is about to be rejected because of the following issue:
Chain 1 Exception: normal_cdf: Scale parameter is 0, but must be positive! (in '/tmp/Rtmp0qR3q2/model-4f6aa8b26b.stan', line 30, column 6 to column 53)
Chain 1 If this warning occurs sporadically, such as for highly constrained variable types like covariance matrices, then the sampler is fine,
Chain 1 but if this warning occurs often then your model may be either severely ill-conditioned or misspecified.
Chain 1 
Chain 2 Informational Message: The current Metropolis proposal is about to be rejected because of the following issue:
Chain 2 Exception: normal_cdf: Scale parameter is 0, but must be positive! (in '/tmp/Rtmp0qR3q2/model-4f6aa8b26b.stan', line 30, column 6 to column 53)
Chain 2 If this warning occurs sporadically, such as for highly constrained variable types like covariance matrices, then the sampler is fine,
Chain 2 but if this warning occurs often then your model may be either severely ill-conditioned or misspecified.
Chain 2 
Chain 3 Informational Message: The current Metropolis proposal is about to be rejected because of the following issue:
Chain 3 Exception: normal_cdf: Scale parameter is 0, but must be positive! (in '/tmp/Rtmp0qR3q2/model-4f6aa8b26b.stan', line 30, column 6 to column 53)
Chain 3 If this warning occurs sporadically, such as for highly constrained variable types like covariance matrices, then the sampler is fine,
Chain 3 but if this warning occurs often then your model may be either severely ill-conditioned or misspecified.
Chain 3 
[OK] EQI0005_AAMR2011_2015 RUCC4 Multi-domain
Chain 1 Informational Message: The current Metropolis proposal is about to be rejected because of the following issue:
Chain 1 Exception: normal_cdf: Scale parameter is 0, but must be positive! (in '/tmp/Rtmp0qR3q2/model-4f6aa8b26b.stan', line 30, column 6 to column 53)
Chain 1 If this warning occurs sporadically, such as for highly constrained variable types like covariance matrices, then the sampler is fine,
Chain 1 but if this warning occurs often then your model may be either severely ill-conditioned or misspecified.
Chain 1 
Chain 1 Informational Message: The current Metropolis proposal is about to be rejected because of the following issue:
Chain 1 Exception: normal_cdf: Scale parameter is 0, but must be positive! (in '/tmp/Rtmp0qR3q2/model-4f6aa8b26b.stan', line 30, column 6 to column 53)
Chain 1 If this warning occurs sporadically, such as for highly constrained variable types like covariance matrices, then the sampler is fine,
Chain 1 but if this warning occurs often then your model may be either severely ill-conditioned or misspecified.
Chain 1 
Chain 1 Informational Message: The current Metropolis proposal is about to be rejected because of the following issue:
Chain 1 Exception: normal_cdf: Scale parameter is 0, but must be positive! (in '/tmp/Rtmp0qR3q2/model-4f6aa8b26b.stan', line 30, column 6 to column 53)
Chain 1 If this warning occurs sporadically, such as for highly constrained variable types like covariance matrices, then the sampler is fine,
Chain 1 but if this warning occurs often then your model may be either severely ill-conditioned or misspecified.
Chain 1 
Chain 2 Informational Message: The current Metropolis proposal is about to be rejected because of the following issue:
Chain 2 Exception: normal_cdf: Scale parameter is 0, but must be positive! (in '/tmp/Rtmp0qR3q2/model-4f6aa8b26b.stan', line 30, column 6 to column 53)
Chain 2 If this warning occurs sporadically, such as for highly constrained variable types like covariance matrices, then the sampler is fine,
Chain 2 but if this warning occurs often then your model may be either severely ill-conditioned or misspecified.
Chain 2 
Chain 2 Informational Message: The current Metropolis proposal is about to be rejected because of the following issue:
Chain 2 Exception: normal_cdf: Scale parameter is 0, but must be positive! (in '/tmp/Rtmp0qR3q2/model-4f6aa8b26b.stan', line 30, column 6 to column 53)
Chain 2 If this warning occurs sporadically, such as for highly constrained variable types like covariance matrices, then the sampler is fine,
Chain 2 but if this warning occurs often then your model may be either severely ill-conditioned or misspecified.
Chain 2 
Chain 2 Informational Message: The current Metropolis proposal is about to be rejected because of the following issue:
Chain 2 Exception: normal_cdf: Scale parameter is 0, but must be positive! (in '/tmp/Rtmp0qR3q2/model-4f6aa8b26b.stan', line 30, column 6 to column 53)
Chain 2 If this warning occurs sporadically, such as for highly constrained variable types like covariance matrices, then the sampler is fine,
Chain 2 but if this warning occurs often then your model may be either severely ill-conditioned or misspecified.
Chain 2 
Chain 3 Informational Message: The current Metropolis proposal is about to be rejected because of the following issue:
Chain 3 Exception: normal_cdf: Scale parameter is 0, but must be positive! (in '/tmp/Rtmp0qR3q2/model-4f6aa8b26b.stan', line 30, column 6 to column 53)
Chain 3 If this warning occurs sporadically, such as for highly constrained variable types like covariance matrices, then the sampler is fine,
Chain 3 but if this warning occurs often then your model may be either severely ill-conditioned or misspecified.
Chain 3 
Chain 3 Informational Message: The current Metropolis proposal is about to be rejected because of the following issue:
Chain 3 Exception: normal_cdf: Scale parameter is 0, but must be positive! (in '/tmp/Rtmp0qR3q2/model-4f6aa8b26b.stan', line 30, column 6 to column 53)
Chain 3 If this warning occurs sporadically, such as for highly constrained variable types like covariance matrices, then the sampler is fine,
Chain 3 but if this warning occurs often then your model may be either severely ill-conditioned or misspecified.
Chain 3 
Chain 3 Informational Message: The current Metropolis proposal is about to be rejected because of the following issue:
Chain 3 Exception: normal_cdf: Scale parameter is 0, but must be positive! (in '/tmp/Rtmp0qR3q2/model-4f6aa8b26b.stan', line 30, column 6 to column 53)
Chain 3 If this warning occurs sporadically, such as for highly constrained variable types like covariance matrices, then the sampler is fine,
Chain 3 but if this warning occurs often then your model may be either severely ill-conditioned or misspecified.
Chain 3 
Chain 4 Informational Message: The current Metropolis proposal is about to be rejected because of the following issue:
Chain 4 Exception: normal_cdf: Scale parameter is 0, but must be positive! (in '/tmp/Rtmp0qR3q2/model-4f6aa8b26b.stan', line 30, column 6 to column 53)
Chain 4 If this warning occurs sporadically, such as for highly constrained variable types like covariance matrices, then the sampler is fine,
Chain 4 but if this warning occurs often then your model may be either severely ill-conditioned or misspecified.
Chain 4 
Chain 4 Informational Message: The current Metropolis proposal is about to be rejected because of the following issue:
Chain 4 Exception: normal_cdf: Scale parameter is 0, but must be positive! (in '/tmp/Rtmp0qR3q2/model-4f6aa8b26b.stan', line 30, column 6 to column 53)
Chain 4 If this warning occurs sporadically, such as for highly constrained variable types like covariance matrices, then the sampler is fine,
Chain 4 but if this warning occurs often then your model may be either severely ill-conditioned or misspecified.
Chain 4 
Chain 4 Informational Message: The current Metropolis proposal is about to be rejected because of the following issue:
Chain 4 Exception: normal_cdf: Scale parameter is 0, but must be positive! (in '/tmp/Rtmp0qR3q2/model-4f6aa8b26b.stan', line 30, column 6 to column 53)
Chain 4 If this warning occurs sporadically, such as for highly constrained variable types like covariance matrices, then the sampler is fine,
Chain 4 but if this warning occurs often then your model may be either severely ill-conditioned or misspecified.
Chain 4 
[OK] EQI0610_AAMR2011_2015 Overall Overall
Chain 1 Informational Message: The current Metropolis proposal is about to be rejected because of the following issue:
Chain 1 Exception: normal_cdf: Scale parameter is 0, but must be positive! (in '/tmp/Rtmp0qR3q2/model-4f6aa8b26b.stan', line 30, column 6 to column 53)
Chain 1 If this warning occurs sporadically, such as for highly constrained variable types like covariance matrices, then the sampler is fine,
Chain 1 but if this warning occurs often then your model may be either severely ill-conditioned or misspecified.
Chain 1 
Chain 1 Informational Message: The current Metropolis proposal is about to be rejected because of the following issue:
Chain 1 Exception: normal_cdf: Scale parameter is 0, but must be positive! (in '/tmp/Rtmp0qR3q2/model-4f6aa8b26b.stan', line 30, column 6 to column 53)
Chain 1 If this warning occurs sporadically, such as for highly constrained variable types like covariance matrices, then the sampler is fine,
Chain 1 but if this warning occurs often then your model may be either severely ill-conditioned or misspecified.
Chain 1 
Chain 1 Informational Message: The current Metropolis proposal is about to be rejected because of the following issue:
Chain 1 Exception: normal_cdf: Scale parameter is 0, but must be positive! (in '/tmp/Rtmp0qR3q2/model-4f6aa8b26b.stan', line 30, column 6 to column 53)
Chain 1 If this warning occurs sporadically, such as for highly constrained variable types like covariance matrices, then the sampler is fine,
Chain 1 but if this warning occurs often then your model may be either severely ill-conditioned or misspecified.
Chain 1 
Chain 2 Informational Message: The current Metropolis proposal is about to be rejected because of the following issue:
Chain 2 Exception: normal_cdf: Scale parameter is 0, but must be positive! (in '/tmp/Rtmp0qR3q2/model-4f6aa8b26b.stan', line 30, column 6 to column 53)
Chain 2 If this warning occurs sporadically, such as for highly constrained variable types like covariance matrices, then the sampler is fine,
Chain 2 but if this warning occurs often then your model may be either severely ill-conditioned or misspecified.
Chain 2 
Chain 2 Informational Message: The current Metropolis proposal is about to be rejected because of the following issue:
Chain 2 Exception: normal_cdf: Scale parameter is 0, but must be positive! (in '/tmp/Rtmp0qR3q2/model-4f6aa8b26b.stan', line 30, column 6 to column 53)
Chain 2 If this warning occurs sporadically, such as for highly constrained variable types like covariance matrices, then the sampler is fine,
Chain 2 but if this warning occurs often then your model may be either severely ill-conditioned or misspecified.
Chain 2 
Chain 2 Informational Message: The current Metropolis proposal is about to be rejected because of the following issue:
Chain 2 Exception: normal_cdf: Scale parameter is 0, but must be positive! (in '/tmp/Rtmp0qR3q2/model-4f6aa8b26b.stan', line 30, column 6 to column 53)
Chain 2 If this warning occurs sporadically, such as for highly constrained variable types like covariance matrices, then the sampler is fine,
Chain 2 but if this warning occurs often then your model may be either severely ill-conditioned or misspecified.
Chain 2 
Chain 3 Informational Message: The current Metropolis proposal is about to be rejected because of the following issue:
Chain 3 Exception: normal_cdf: Scale parameter is 0, but must be positive! (in '/tmp/Rtmp0qR3q2/model-4f6aa8b26b.stan', line 30, column 6 to column 53)
Chain 3 If this warning occurs sporadically, such as for highly constrained variable types like covariance matrices, then the sampler is fine,
Chain 3 but if this warning occurs often then your model may be either severely ill-conditioned or misspecified.
Chain 3 
Chain 3 Informational Message: The current Metropolis proposal is about to be rejected because of the following issue:
Chain 3 Exception: normal_cdf: Scale parameter is 0, but must be positive! (in '/tmp/Rtmp0qR3q2/model-4f6aa8b26b.stan', line 30, column 6 to column 53)
Chain 3 If this warning occurs sporadically, such as for highly constrained variable types like covariance matrices, then the sampler is fine,
Chain 3 but if this warning occurs often then your model may be either severely ill-conditioned or misspecified.
Chain 3 
Chain 3 Informational Message: The current Metropolis proposal is about to be rejected because of the following issue:
Chain 3 Exception: normal_cdf: Scale parameter is 0, but must be positive! (in '/tmp/Rtmp0qR3q2/model-4f6aa8b26b.stan', line 30, column 6 to column 53)
Chain 3 If this warning occurs sporadically, such as for highly constrained variable types like covariance matrices, then the sampler is fine,
Chain 3 but if this warning occurs often then your model may be either severely ill-conditioned or misspecified.
Chain 3 
Chain 4 Informational Message: The current Metropolis proposal is about to be rejected because of the following issue:
Chain 4 Exception: normal_cdf: Scale parameter is 0, but must be positive! (in '/tmp/Rtmp0qR3q2/model-4f6aa8b26b.stan', line 30, column 6 to column 53)
Chain 4 If this warning occurs sporadically, such as for highly constrained variable types like covariance matrices, then the sampler is fine,
Chain 4 but if this warning occurs often then your model may be either severely ill-conditioned or misspecified.
Chain 4 
Chain 4 Informational Message: The current Metropolis proposal is about to be rejected because of the following issue:
Chain 4 Exception: normal_cdf: Scale parameter is 0, but must be positive! (in '/tmp/Rtmp0qR3q2/model-4f6aa8b26b.stan', line 30, column 6 to column 53)
Chain 4 If this warning occurs sporadically, such as for highly constrained variable types like covariance matrices, then the sampler is fine,
Chain 4 but if this warning occurs often then your model may be either severely ill-conditioned or misspecified.
Chain 4 
Chain 4 Informational Message: The current Metropolis proposal is about to be rejected because of the following issue:
Chain 4 Exception: normal_cdf: Scale parameter is 0, but must be positive! (in '/tmp/Rtmp0qR3q2/model-4f6aa8b26b.stan', line 30, column 6 to column 53)
Chain 4 If this warning occurs sporadically, such as for highly constrained variable types like covariance matrices, then the sampler is fine,
Chain 4 but if this warning occurs often then your model may be either severely ill-conditioned or misspecified.
Chain 4 
[OK] EQI0610_AAMR2011_2015 Overall Multi-domain
Chain 1 Informational Message: The current Metropolis proposal is about to be rejected because of the following issue:
Chain 1 Exception: normal_cdf: Scale parameter is 0, but must be positive! (in '/tmp/Rtmp0qR3q2/model-4f6aa8b26b.stan', line 30, column 6 to column 53)
Chain 1 If this warning occurs sporadically, such as for highly constrained variable types like covariance matrices, then the sampler is fine,
Chain 1 but if this warning occurs often then your model may be either severely ill-conditioned or misspecified.
Chain 1 
Chain 2 Informational Message: The current Metropolis proposal is about to be rejected because of the following issue:
Chain 2 Exception: normal_cdf: Scale parameter is 0, but must be positive! (in '/tmp/Rtmp0qR3q2/model-4f6aa8b26b.stan', line 30, column 6 to column 53)
Chain 2 If this warning occurs sporadically, such as for highly constrained variable types like covariance matrices, then the sampler is fine,
Chain 2 but if this warning occurs often then your model may be either severely ill-conditioned or misspecified.
Chain 2 
Chain 3 Informational Message: The current Metropolis proposal is about to be rejected because of the following issue:
Chain 3 Exception: normal_cdf: Scale parameter is 0, but must be positive! (in '/tmp/Rtmp0qR3q2/model-4f6aa8b26b.stan', line 30, column 6 to column 53)
Chain 3 If this warning occurs sporadically, such as for highly constrained variable types like covariance matrices, then the sampler is fine,
Chain 3 but if this warning occurs often then your model may be either severely ill-conditioned or misspecified.
Chain 3 
Chain 4 Informational Message: The current Metropolis proposal is about to be rejected because of the following issue:
Chain 4 Exception: normal_cdf: Scale parameter is 0, but must be positive! (in '/tmp/Rtmp0qR3q2/model-4f6aa8b26b.stan', line 30, column 6 to column 53)
Chain 4 If this warning occurs sporadically, such as for highly constrained variable types like covariance matrices, then the sampler is fine,
Chain 4 but if this warning occurs often then your model may be either severely ill-conditioned or misspecified.
Chain 4 
[OK] EQI0610_AAMR2011_2015 RUCC1 Overall
Chain 1 Informational Message: The current Metropolis proposal is about to be rejected because of the following issue:
Chain 1 Exception: normal_cdf: Scale parameter is 0, but must be positive! (in '/tmp/Rtmp0qR3q2/model-4f6aa8b26b.stan', line 30, column 6 to column 53)
Chain 1 If this warning occurs sporadically, such as for highly constrained variable types like covariance matrices, then the sampler is fine,
Chain 1 but if this warning occurs often then your model may be either severely ill-conditioned or misspecified.
Chain 1 
Chain 2 Informational Message: The current Metropolis proposal is about to be rejected because of the following issue:
Chain 2 Exception: normal_cdf: Scale parameter is 0, but must be positive! (in '/tmp/Rtmp0qR3q2/model-4f6aa8b26b.stan', line 30, column 6 to column 53)
Chain 2 If this warning occurs sporadically, such as for highly constrained variable types like covariance matrices, then the sampler is fine,
Chain 2 but if this warning occurs often then your model may be either severely ill-conditioned or misspecified.
Chain 2 
Chain 3 Informational Message: The current Metropolis proposal is about to be rejected because of the following issue:
Chain 3 Exception: normal_cdf: Scale parameter is 0, but must be positive! (in '/tmp/Rtmp0qR3q2/model-4f6aa8b26b.stan', line 30, column 6 to column 53)
Chain 3 If this warning occurs sporadically, such as for highly constrained variable types like covariance matrices, then the sampler is fine,
Chain 3 but if this warning occurs often then your model may be either severely ill-conditioned or misspecified.
Chain 3 
Chain 4 Informational Message: The current Metropolis proposal is about to be rejected because of the following issue:
Chain 4 Exception: normal_cdf: Scale parameter is 0, but must be positive! (in '/tmp/Rtmp0qR3q2/model-4f6aa8b26b.stan', line 30, column 6 to column 53)
Chain 4 If this warning occurs sporadically, such as for highly constrained variable types like covariance matrices, then the sampler is fine,
Chain 4 but if this warning occurs often then your model may be either severely ill-conditioned or misspecified.
Chain 4 
[OK] EQI0610_AAMR2011_2015 RUCC1 Multi-domain
Chain 1 Informational Message: The current Metropolis proposal is about to be rejected because of the following issue:
Chain 1 Exception: normal_cdf: Scale parameter is 0, but must be positive! (in '/tmp/Rtmp0qR3q2/model-4f6aa8b26b.stan', line 30, column 6 to column 53)
Chain 1 If this warning occurs sporadically, such as for highly constrained variable types like covariance matrices, then the sampler is fine,
Chain 1 but if this warning occurs often then your model may be either severely ill-conditioned or misspecified.
Chain 1 
Chain 2 Informational Message: The current Metropolis proposal is about to be rejected because of the following issue:
Chain 2 Exception: normal_cdf: Scale parameter is 0, but must be positive! (in '/tmp/Rtmp0qR3q2/model-4f6aa8b26b.stan', line 30, column 6 to column 53)
Chain 2 If this warning occurs sporadically, such as for highly constrained variable types like covariance matrices, then the sampler is fine,
Chain 2 but if this warning occurs often then your model may be either severely ill-conditioned or misspecified.
Chain 2 
Chain 3 Informational Message: The current Metropolis proposal is about to be rejected because of the following issue:
Chain 3 Exception: normal_cdf: Scale parameter is 0, but must be positive! (in '/tmp/Rtmp0qR3q2/model-4f6aa8b26b.stan', line 30, column 6 to column 53)
Chain 3 If this warning occurs sporadically, such as for highly constrained variable types like covariance matrices, then the sampler is fine,
Chain 3 but if this warning occurs often then your model may be either severely ill-conditioned or misspecified.
Chain 3 
Chain 4 Informational Message: The current Metropolis proposal is about to be rejected because of the following issue:
Chain 4 Exception: normal_cdf: Scale parameter is 0, but must be positive! (in '/tmp/Rtmp0qR3q2/model-4f6aa8b26b.stan', line 30, column 6 to column 53)
Chain 4 If this warning occurs sporadically, such as for highly constrained variable types like covariance matrices, then the sampler is fine,
Chain 4 but if this warning occurs often then your model may be either severely ill-conditioned or misspecified.
Chain 4 
[OK] EQI0610_AAMR2011_2015 RUCC2 Overall
Chain 1 Informational Message: The current Metropolis proposal is about to be rejected because of the following issue:
Chain 1 Exception: normal_cdf: Scale parameter is 0, but must be positive! (in '/tmp/Rtmp0qR3q2/model-4f6aa8b26b.stan', line 30, column 6 to column 53)
Chain 1 If this warning occurs sporadically, such as for highly constrained variable types like covariance matrices, then the sampler is fine,
Chain 1 but if this warning occurs often then your model may be either severely ill-conditioned or misspecified.
Chain 1 
Chain 2 Informational Message: The current Metropolis proposal is about to be rejected because of the following issue:
Chain 2 Exception: normal_cdf: Scale parameter is 0, but must be positive! (in '/tmp/Rtmp0qR3q2/model-4f6aa8b26b.stan', line 30, column 6 to column 53)
Chain 2 If this warning occurs sporadically, such as for highly constrained variable types like covariance matrices, then the sampler is fine,
Chain 2 but if this warning occurs often then your model may be either severely ill-conditioned or misspecified.
Chain 2 
Chain 3 Informational Message: The current Metropolis proposal is about to be rejected because of the following issue:
Chain 3 Exception: normal_cdf: Scale parameter is 0, but must be positive! (in '/tmp/Rtmp0qR3q2/model-4f6aa8b26b.stan', line 30, column 6 to column 53)
Chain 3 If this warning occurs sporadically, such as for highly constrained variable types like covariance matrices, then the sampler is fine,
Chain 3 but if this warning occurs often then your model may be either severely ill-conditioned or misspecified.
Chain 3 
Chain 4 Informational Message: The current Metropolis proposal is about to be rejected because of the following issue:
Chain 4 Exception: normal_cdf: Scale parameter is 0, but must be positive! (in '/tmp/Rtmp0qR3q2/model-4f6aa8b26b.stan', line 30, column 6 to column 53)
Chain 4 If this warning occurs sporadically, such as for highly constrained variable types like covariance matrices, then the sampler is fine,
Chain 4 but if this warning occurs often then your model may be either severely ill-conditioned or misspecified.
Chain 4 
[OK] EQI0610_AAMR2011_2015 RUCC2 Multi-domain
Chain 1 Informational Message: The current Metropolis proposal is about to be rejected because of the following issue:
Chain 1 Exception: normal_cdf: Scale parameter is 0, but must be positive! (in '/tmp/Rtmp0qR3q2/model-4f6aa8b26b.stan', line 30, column 6 to column 53)
Chain 1 If this warning occurs sporadically, such as for highly constrained variable types like covariance matrices, then the sampler is fine,
Chain 1 but if this warning occurs often then your model may be either severely ill-conditioned or misspecified.
Chain 1 
Chain 2 Informational Message: The current Metropolis proposal is about to be rejected because of the following issue:
Chain 2 Exception: normal_cdf: Scale parameter is 0, but must be positive! (in '/tmp/Rtmp0qR3q2/model-4f6aa8b26b.stan', line 30, column 6 to column 53)
Chain 2 If this warning occurs sporadically, such as for highly constrained variable types like covariance matrices, then the sampler is fine,
Chain 2 but if this warning occurs often then your model may be either severely ill-conditioned or misspecified.
Chain 2 
Chain 3 Informational Message: The current Metropolis proposal is about to be rejected because of the following issue:
Chain 3 Exception: normal_cdf: Scale parameter is 0, but must be positive! (in '/tmp/Rtmp0qR3q2/model-4f6aa8b26b.stan', line 30, column 6 to column 53)
Chain 3 If this warning occurs sporadically, such as for highly constrained variable types like covariance matrices, then the sampler is fine,
Chain 3 but if this warning occurs often then your model may be either severely ill-conditioned or misspecified.
Chain 3 
Chain 4 Informational Message: The current Metropolis proposal is about to be rejected because of the following issue:
Chain 4 Exception: normal_cdf: Scale parameter is 0, but must be positive! (in '/tmp/Rtmp0qR3q2/model-4f6aa8b26b.stan', line 30, column 6 to column 53)
Chain 4 If this warning occurs sporadically, such as for highly constrained variable types like covariance matrices, then the sampler is fine,
Chain 4 but if this warning occurs often then your model may be either severely ill-conditioned or misspecified.
Chain 4 
[OK] EQI0610_AAMR2011_2015 RUCC3 Overall
Chain 1 Informational Message: The current Metropolis proposal is about to be rejected because of the following issue:
Chain 1 Exception: normal_cdf: Scale parameter is 0, but must be positive! (in '/tmp/Rtmp0qR3q2/model-4f6aa8b26b.stan', line 30, column 6 to column 53)
Chain 1 If this warning occurs sporadically, such as for highly constrained variable types like covariance matrices, then the sampler is fine,
Chain 1 but if this warning occurs often then your model may be either severely ill-conditioned or misspecified.
Chain 1 
Chain 2 Informational Message: The current Metropolis proposal is about to be rejected because of the following issue:
Chain 2 Exception: normal_cdf: Scale parameter is 0, but must be positive! (in '/tmp/Rtmp0qR3q2/model-4f6aa8b26b.stan', line 30, column 6 to column 53)
Chain 2 If this warning occurs sporadically, such as for highly constrained variable types like covariance matrices, then the sampler is fine,
Chain 2 but if this warning occurs often then your model may be either severely ill-conditioned or misspecified.
Chain 2 
Chain 3 Informational Message: The current Metropolis proposal is about to be rejected because of the following issue:
Chain 3 Exception: normal_cdf: Scale parameter is 0, but must be positive! (in '/tmp/Rtmp0qR3q2/model-4f6aa8b26b.stan', line 30, column 6 to column 53)
Chain 3 If this warning occurs sporadically, such as for highly constrained variable types like covariance matrices, then the sampler is fine,
Chain 3 but if this warning occurs often then your model may be either severely ill-conditioned or misspecified.
Chain 3 
Chain 4 Informational Message: The current Metropolis proposal is about to be rejected because of the following issue:
Chain 4 Exception: normal_cdf: Scale parameter is 0, but must be positive! (in '/tmp/Rtmp0qR3q2/model-4f6aa8b26b.stan', line 30, column 6 to column 53)
Chain 4 If this warning occurs sporadically, such as for highly constrained variable types like covariance matrices, then the sampler is fine,
Chain 4 but if this warning occurs often then your model may be either severely ill-conditioned or misspecified.
Chain 4 
[OK] EQI0610_AAMR2011_2015 RUCC3 Multi-domain
Chain 1 Informational Message: The current Metropolis proposal is about to be rejected because of the following issue:
Chain 1 Exception: normal_cdf: Scale parameter is 0, but must be positive! (in '/tmp/Rtmp0qR3q2/model-4f6aa8b26b.stan', line 30, column 6 to column 53)
Chain 1 If this warning occurs sporadically, such as for highly constrained variable types like covariance matrices, then the sampler is fine,
Chain 1 but if this warning occurs often then your model may be either severely ill-conditioned or misspecified.
Chain 1 
Chain 3 Informational Message: The current Metropolis proposal is about to be rejected because of the following issue:
Chain 3 Exception: normal_cdf: Scale parameter is 0, but must be positive! (in '/tmp/Rtmp0qR3q2/model-4f6aa8b26b.stan', line 30, column 6 to column 53)
Chain 3 If this warning occurs sporadically, such as for highly constrained variable types like covariance matrices, then the sampler is fine,
Chain 3 but if this warning occurs often then your model may be either severely ill-conditioned or misspecified.
Chain 3 
[OK] EQI0610_AAMR2011_2015 RUCC4 Overall
Chain 1 Informational Message: The current Metropolis proposal is about to be rejected because of the following issue:
Chain 1 Exception: normal_cdf: Scale parameter is 0, but must be positive! (in '/tmp/Rtmp0qR3q2/model-4f6aa8b26b.stan', line 30, column 6 to column 53)
Chain 1 If this warning occurs sporadically, such as for highly constrained variable types like covariance matrices, then the sampler is fine,
Chain 1 but if this warning occurs often then your model may be either severely ill-conditioned or misspecified.
Chain 1 
Chain 2 Informational Message: The current Metropolis proposal is about to be rejected because of the following issue:
Chain 2 Exception: normal_cdf: Scale parameter is 0, but must be positive! (in '/tmp/Rtmp0qR3q2/model-4f6aa8b26b.stan', line 30, column 6 to column 53)
Chain 2 If this warning occurs sporadically, such as for highly constrained variable types like covariance matrices, then the sampler is fine,
Chain 2 but if this warning occurs often then your model may be either severely ill-conditioned or misspecified.
Chain 2 
Chain 3 Informational Message: The current Metropolis proposal is about to be rejected because of the following issue:
Chain 3 Exception: normal_cdf: Scale parameter is 0, but must be positive! (in '/tmp/Rtmp0qR3q2/model-4f6aa8b26b.stan', line 30, column 6 to column 53)
Chain 3 If this warning occurs sporadically, such as for highly constrained variable types like covariance matrices, then the sampler is fine,
Chain 3 but if this warning occurs often then your model may be either severely ill-conditioned or misspecified.
Chain 3 
[OK] EQI0610_AAMR2011_2015 RUCC4 Multi-domain
Chain 1 Informational Message: The current Metropolis proposal is about to be rejected because of the following issue:
Chain 1 Exception: normal_cdf: Scale parameter is 0, but must be positive! (in '/tmp/Rtmp0qR3q2/model-4f6aa8b26b.stan', line 30, column 6 to column 53)
Chain 1 If this warning occurs sporadically, such as for highly constrained variable types like covariance matrices, then the sampler is fine,
Chain 1 but if this warning occurs often then your model may be either severely ill-conditioned or misspecified.
Chain 1 
Chain 1 Informational Message: The current Metropolis proposal is about to be rejected because of the following issue:
Chain 1 Exception: normal_cdf: Scale parameter is 0, but must be positive! (in '/tmp/Rtmp0qR3q2/model-4f6aa8b26b.stan', line 30, column 6 to column 53)
Chain 1 If this warning occurs sporadically, such as for highly constrained variable types like covariance matrices, then the sampler is fine,
Chain 1 but if this warning occurs often then your model may be either severely ill-conditioned or misspecified.
Chain 1 
Chain 1 Informational Message: The current Metropolis proposal is about to be rejected because of the following issue:
Chain 1 Exception: normal_cdf: Scale parameter is 0, but must be positive! (in '/tmp/Rtmp0qR3q2/model-4f6aa8b26b.stan', line 30, column 6 to column 53)
Chain 1 If this warning occurs sporadically, such as for highly constrained variable types like covariance matrices, then the sampler is fine,
Chain 1 but if this warning occurs often then your model may be either severely ill-conditioned or misspecified.
Chain 1 
Chain 2 Informational Message: The current Metropolis proposal is about to be rejected because of the following issue:
Chain 2 Exception: normal_cdf: Scale parameter is 0, but must be positive! (in '/tmp/Rtmp0qR3q2/model-4f6aa8b26b.stan', line 30, column 6 to column 53)
Chain 2 If this warning occurs sporadically, such as for highly constrained variable types like covariance matrices, then the sampler is fine,
Chain 2 but if this warning occurs often then your model may be either severely ill-conditioned or misspecified.
Chain 2 
Chain 2 Informational Message: The current Metropolis proposal is about to be rejected because of the following issue:
Chain 2 Exception: normal_cdf: Scale parameter is 0, but must be positive! (in '/tmp/Rtmp0qR3q2/model-4f6aa8b26b.stan', line 30, column 6 to column 53)
Chain 2 If this warning occurs sporadically, such as for highly constrained variable types like covariance matrices, then the sampler is fine,
Chain 2 but if this warning occurs often then your model may be either severely ill-conditioned or misspecified.
Chain 2 
Chain 2 Informational Message: The current Metropolis proposal is about to be rejected because of the following issue:
Chain 2 Exception: normal_cdf: Scale parameter is 0, but must be positive! (in '/tmp/Rtmp0qR3q2/model-4f6aa8b26b.stan', line 30, column 6 to column 53)
Chain 2 If this warning occurs sporadically, such as for highly constrained variable types like covariance matrices, then the sampler is fine,
Chain 2 but if this warning occurs often then your model may be either severely ill-conditioned or misspecified.
Chain 2 
Chain 3 Informational Message: The current Metropolis proposal is about to be rejected because of the following issue:
Chain 3 Exception: normal_cdf: Scale parameter is 0, but must be positive! (in '/tmp/Rtmp0qR3q2/model-4f6aa8b26b.stan', line 30, column 6 to column 53)
Chain 3 If this warning occurs sporadically, such as for highly constrained variable types like covariance matrices, then the sampler is fine,
Chain 3 but if this warning occurs often then your model may be either severely ill-conditioned or misspecified.
Chain 3 
Chain 3 Informational Message: The current Metropolis proposal is about to be rejected because of the following issue:
Chain 3 Exception: normal_cdf: Scale parameter is 0, but must be positive! (in '/tmp/Rtmp0qR3q2/model-4f6aa8b26b.stan', line 30, column 6 to column 53)
Chain 3 If this warning occurs sporadically, such as for highly constrained variable types like covariance matrices, then the sampler is fine,
Chain 3 but if this warning occurs often then your model may be either severely ill-conditioned or misspecified.
Chain 3 
Chain 3 Informational Message: The current Metropolis proposal is about to be rejected because of the following issue:
Chain 3 Exception: normal_cdf: Scale parameter is 0, but must be positive! (in '/tmp/Rtmp0qR3q2/model-4f6aa8b26b.stan', line 30, column 6 to column 53)
Chain 3 If this warning occurs sporadically, such as for highly constrained variable types like covariance matrices, then the sampler is fine,
Chain 3 but if this warning occurs often then your model may be either severely ill-conditioned or misspecified.
Chain 3 
Chain 4 Informational Message: The current Metropolis proposal is about to be rejected because of the following issue:
Chain 4 Exception: normal_cdf: Scale parameter is 0, but must be positive! (in '/tmp/Rtmp0qR3q2/model-4f6aa8b26b.stan', line 30, column 6 to column 53)
Chain 4 If this warning occurs sporadically, such as for highly constrained variable types like covariance matrices, then the sampler is fine,
Chain 4 but if this warning occurs often then your model may be either severely ill-conditioned or misspecified.
Chain 4 
Chain 4 Informational Message: The current Metropolis proposal is about to be rejected because of the following issue:
Chain 4 Exception: normal_cdf: Scale parameter is 0, but must be positive! (in '/tmp/Rtmp0qR3q2/model-4f6aa8b26b.stan', line 30, column 6 to column 53)
Chain 4 If this warning occurs sporadically, such as for highly constrained variable types like covariance matrices, then the sampler is fine,
Chain 4 but if this warning occurs often then your model may be either severely ill-conditioned or misspecified.
Chain 4 
Chain 4 Informational Message: The current Metropolis proposal is about to be rejected because of the following issue:
Chain 4 Exception: normal_cdf: Scale parameter is 0, but must be positive! (in '/tmp/Rtmp0qR3q2/model-4f6aa8b26b.stan', line 30, column 6 to column 53)
Chain 4 If this warning occurs sporadically, such as for highly constrained variable types like covariance matrices, then the sampler is fine,
Chain 4 but if this warning occurs often then your model may be either severely ill-conditioned or misspecified.
Chain 4 
[OK] EQI0610_AAMR2016_2020 Overall Overall
Chain 1 Informational Message: The current Metropolis proposal is about to be rejected because of the following issue:
Chain 1 Exception: normal_cdf: Scale parameter is 0, but must be positive! (in '/tmp/Rtmp0qR3q2/model-4f6aa8b26b.stan', line 30, column 6 to column 53)
Chain 1 If this warning occurs sporadically, such as for highly constrained variable types like covariance matrices, then the sampler is fine,
Chain 1 but if this warning occurs often then your model may be either severely ill-conditioned or misspecified.
Chain 1 
Chain 1 Informational Message: The current Metropolis proposal is about to be rejected because of the following issue:
Chain 1 Exception: normal_cdf: Scale parameter is 0, but must be positive! (in '/tmp/Rtmp0qR3q2/model-4f6aa8b26b.stan', line 30, column 6 to column 53)
Chain 1 If this warning occurs sporadically, such as for highly constrained variable types like covariance matrices, then the sampler is fine,
Chain 1 but if this warning occurs often then your model may be either severely ill-conditioned or misspecified.
Chain 1 
Chain 1 Informational Message: The current Metropolis proposal is about to be rejected because of the following issue:
Chain 1 Exception: normal_cdf: Scale parameter is 0, but must be positive! (in '/tmp/Rtmp0qR3q2/model-4f6aa8b26b.stan', line 30, column 6 to column 53)
Chain 1 If this warning occurs sporadically, such as for highly constrained variable types like covariance matrices, then the sampler is fine,
Chain 1 but if this warning occurs often then your model may be either severely ill-conditioned or misspecified.
Chain 1 
Chain 2 Informational Message: The current Metropolis proposal is about to be rejected because of the following issue:
Chain 2 Exception: normal_cdf: Scale parameter is 0, but must be positive! (in '/tmp/Rtmp0qR3q2/model-4f6aa8b26b.stan', line 30, column 6 to column 53)
Chain 2 If this warning occurs sporadically, such as for highly constrained variable types like covariance matrices, then the sampler is fine,
Chain 2 but if this warning occurs often then your model may be either severely ill-conditioned or misspecified.
Chain 2 
Chain 2 Informational Message: The current Metropolis proposal is about to be rejected because of the following issue:
Chain 2 Exception: normal_cdf: Scale parameter is 0, but must be positive! (in '/tmp/Rtmp0qR3q2/model-4f6aa8b26b.stan', line 30, column 6 to column 53)
Chain 2 If this warning occurs sporadically, such as for highly constrained variable types like covariance matrices, then the sampler is fine,
Chain 2 but if this warning occurs often then your model may be either severely ill-conditioned or misspecified.
Chain 2 
Chain 2 Informational Message: The current Metropolis proposal is about to be rejected because of the following issue:
Chain 2 Exception: normal_cdf: Scale parameter is 0, but must be positive! (in '/tmp/Rtmp0qR3q2/model-4f6aa8b26b.stan', line 30, column 6 to column 53)
Chain 2 If this warning occurs sporadically, such as for highly constrained variable types like covariance matrices, then the sampler is fine,
Chain 2 but if this warning occurs often then your model may be either severely ill-conditioned or misspecified.
Chain 2 
Chain 3 Informational Message: The current Metropolis proposal is about to be rejected because of the following issue:
Chain 3 Exception: normal_cdf: Scale parameter is 0, but must be positive! (in '/tmp/Rtmp0qR3q2/model-4f6aa8b26b.stan', line 30, column 6 to column 53)
Chain 3 If this warning occurs sporadically, such as for highly constrained variable types like covariance matrices, then the sampler is fine,
Chain 3 but if this warning occurs often then your model may be either severely ill-conditioned or misspecified.
Chain 3 
Chain 3 Informational Message: The current Metropolis proposal is about to be rejected because of the following issue:
Chain 3 Exception: normal_cdf: Scale parameter is 0, but must be positive! (in '/tmp/Rtmp0qR3q2/model-4f6aa8b26b.stan', line 30, column 6 to column 53)
Chain 3 If this warning occurs sporadically, such as for highly constrained variable types like covariance matrices, then the sampler is fine,
Chain 3 but if this warning occurs often then your model may be either severely ill-conditioned or misspecified.
Chain 3 
Chain 3 Informational Message: The current Metropolis proposal is about to be rejected because of the following issue:
Chain 3 Exception: normal_cdf: Scale parameter is 0, but must be positive! (in '/tmp/Rtmp0qR3q2/model-4f6aa8b26b.stan', line 30, column 6 to column 53)
Chain 3 If this warning occurs sporadically, such as for highly constrained variable types like covariance matrices, then the sampler is fine,
Chain 3 but if this warning occurs often then your model may be either severely ill-conditioned or misspecified.
Chain 3 
Chain 4 Informational Message: The current Metropolis proposal is about to be rejected because of the following issue:
Chain 4 Exception: normal_cdf: Scale parameter is 0, but must be positive! (in '/tmp/Rtmp0qR3q2/model-4f6aa8b26b.stan', line 30, column 6 to column 53)
Chain 4 If this warning occurs sporadically, such as for highly constrained variable types like covariance matrices, then the sampler is fine,
Chain 4 but if this warning occurs often then your model may be either severely ill-conditioned or misspecified.
Chain 4 
Chain 4 Informational Message: The current Metropolis proposal is about to be rejected because of the following issue:
Chain 4 Exception: normal_cdf: Scale parameter is 0, but must be positive! (in '/tmp/Rtmp0qR3q2/model-4f6aa8b26b.stan', line 30, column 6 to column 53)
Chain 4 If this warning occurs sporadically, such as for highly constrained variable types like covariance matrices, then the sampler is fine,
Chain 4 but if this warning occurs often then your model may be either severely ill-conditioned or misspecified.
Chain 4 
Chain 4 Informational Message: The current Metropolis proposal is about to be rejected because of the following issue:
Chain 4 Exception: normal_cdf: Scale parameter is 0, but must be positive! (in '/tmp/Rtmp0qR3q2/model-4f6aa8b26b.stan', line 30, column 6 to column 53)
Chain 4 If this warning occurs sporadically, such as for highly constrained variable types like covariance matrices, then the sampler is fine,
Chain 4 but if this warning occurs often then your model may be either severely ill-conditioned or misspecified.
Chain 4 
[OK] EQI0610_AAMR2016_2020 Overall Multi-domain
Chain 1 Informational Message: The current Metropolis proposal is about to be rejected because of the following issue:
Chain 1 Exception: normal_cdf: Scale parameter is 0, but must be positive! (in '/tmp/Rtmp0qR3q2/model-4f6aa8b26b.stan', line 30, column 6 to column 53)
Chain 1 If this warning occurs sporadically, such as for highly constrained variable types like covariance matrices, then the sampler is fine,
Chain 1 but if this warning occurs often then your model may be either severely ill-conditioned or misspecified.
Chain 1 
Chain 2 Informational Message: The current Metropolis proposal is about to be rejected because of the following issue:
Chain 2 Exception: normal_cdf: Scale parameter is 0, but must be positive! (in '/tmp/Rtmp0qR3q2/model-4f6aa8b26b.stan', line 30, column 6 to column 53)
Chain 2 If this warning occurs sporadically, such as for highly constrained variable types like covariance matrices, then the sampler is fine,
Chain 2 but if this warning occurs often then your model may be either severely ill-conditioned or misspecified.
Chain 2 
Chain 3 Informational Message: The current Metropolis proposal is about to be rejected because of the following issue:
Chain 3 Exception: normal_cdf: Scale parameter is 0, but must be positive! (in '/tmp/Rtmp0qR3q2/model-4f6aa8b26b.stan', line 30, column 6 to column 53)
Chain 3 If this warning occurs sporadically, such as for highly constrained variable types like covariance matrices, then the sampler is fine,
Chain 3 but if this warning occurs often then your model may be either severely ill-conditioned or misspecified.
Chain 3 
Chain 4 Informational Message: The current Metropolis proposal is about to be rejected because of the following issue:
Chain 4 Exception: normal_cdf: Scale parameter is 0, but must be positive! (in '/tmp/Rtmp0qR3q2/model-4f6aa8b26b.stan', line 30, column 6 to column 53)
Chain 4 If this warning occurs sporadically, such as for highly constrained variable types like covariance matrices, then the sampler is fine,
Chain 4 but if this warning occurs often then your model may be either severely ill-conditioned or misspecified.
Chain 4 
[OK] EQI0610_AAMR2016_2020 RUCC1 Overall
Chain 1 Informational Message: The current Metropolis proposal is about to be rejected because of the following issue:
Chain 1 Exception: normal_cdf: Scale parameter is 0, but must be positive! (in '/tmp/Rtmp0qR3q2/model-4f6aa8b26b.stan', line 30, column 6 to column 53)
Chain 1 If this warning occurs sporadically, such as for highly constrained variable types like covariance matrices, then the sampler is fine,
Chain 1 but if this warning occurs often then your model may be either severely ill-conditioned or misspecified.
Chain 1 
Chain 2 Informational Message: The current Metropolis proposal is about to be rejected because of the following issue:
Chain 2 Exception: normal_cdf: Scale parameter is 0, but must be positive! (in '/tmp/Rtmp0qR3q2/model-4f6aa8b26b.stan', line 30, column 6 to column 53)
Chain 2 If this warning occurs sporadically, such as for highly constrained variable types like covariance matrices, then the sampler is fine,
Chain 2 but if this warning occurs often then your model may be either severely ill-conditioned or misspecified.
Chain 2 
Chain 3 Informational Message: The current Metropolis proposal is about to be rejected because of the following issue:
Chain 3 Exception: normal_cdf: Scale parameter is 0, but must be positive! (in '/tmp/Rtmp0qR3q2/model-4f6aa8b26b.stan', line 30, column 6 to column 53)
Chain 3 If this warning occurs sporadically, such as for highly constrained variable types like covariance matrices, then the sampler is fine,
Chain 3 but if this warning occurs often then your model may be either severely ill-conditioned or misspecified.
Chain 3 
Chain 4 Informational Message: The current Metropolis proposal is about to be rejected because of the following issue:
Chain 4 Exception: normal_cdf: Scale parameter is 0, but must be positive! (in '/tmp/Rtmp0qR3q2/model-4f6aa8b26b.stan', line 30, column 6 to column 53)
Chain 4 If this warning occurs sporadically, such as for highly constrained variable types like covariance matrices, then the sampler is fine,
Chain 4 but if this warning occurs often then your model may be either severely ill-conditioned or misspecified.
Chain 4 
[OK] EQI0610_AAMR2016_2020 RUCC1 Multi-domain
Chain 1 Informational Message: The current Metropolis proposal is about to be rejected because of the following issue:
Chain 1 Exception: normal_cdf: Scale parameter is 0, but must be positive! (in '/tmp/Rtmp0qR3q2/model-4f6aa8b26b.stan', line 30, column 6 to column 53)
Chain 1 If this warning occurs sporadically, such as for highly constrained variable types like covariance matrices, then the sampler is fine,
Chain 1 but if this warning occurs often then your model may be either severely ill-conditioned or misspecified.
Chain 1 
Chain 2 Informational Message: The current Metropolis proposal is about to be rejected because of the following issue:
Chain 2 Exception: normal_cdf: Scale parameter is 0, but must be positive! (in '/tmp/Rtmp0qR3q2/model-4f6aa8b26b.stan', line 30, column 6 to column 53)
Chain 2 If this warning occurs sporadically, such as for highly constrained variable types like covariance matrices, then the sampler is fine,
Chain 2 but if this warning occurs often then your model may be either severely ill-conditioned or misspecified.
Chain 2 
Chain 3 Informational Message: The current Metropolis proposal is about to be rejected because of the following issue:
Chain 3 Exception: normal_cdf: Scale parameter is 0, but must be positive! (in '/tmp/Rtmp0qR3q2/model-4f6aa8b26b.stan', line 30, column 6 to column 53)
Chain 3 If this warning occurs sporadically, such as for highly constrained variable types like covariance matrices, then the sampler is fine,
Chain 3 but if this warning occurs often then your model may be either severely ill-conditioned or misspecified.
Chain 3 
Chain 4 Informational Message: The current Metropolis proposal is about to be rejected because of the following issue:
Chain 4 Exception: normal_cdf: Scale parameter is 0, but must be positive! (in '/tmp/Rtmp0qR3q2/model-4f6aa8b26b.stan', line 30, column 6 to column 53)
Chain 4 If this warning occurs sporadically, such as for highly constrained variable types like covariance matrices, then the sampler is fine,
Chain 4 but if this warning occurs often then your model may be either severely ill-conditioned or misspecified.
Chain 4 
[OK] EQI0610_AAMR2016_2020 RUCC2 Overall
Chain 1 Informational Message: The current Metropolis proposal is about to be rejected because of the following issue:
Chain 1 Exception: normal_cdf: Scale parameter is 0, but must be positive! (in '/tmp/Rtmp0qR3q2/model-4f6aa8b26b.stan', line 30, column 6 to column 53)
Chain 1 If this warning occurs sporadically, such as for highly constrained variable types like covariance matrices, then the sampler is fine,
Chain 1 but if this warning occurs often then your model may be either severely ill-conditioned or misspecified.
Chain 1 
Chain 2 Informational Message: The current Metropolis proposal is about to be rejected because of the following issue:
Chain 2 Exception: normal_cdf: Scale parameter is 0, but must be positive! (in '/tmp/Rtmp0qR3q2/model-4f6aa8b26b.stan', line 30, column 6 to column 53)
Chain 2 If this warning occurs sporadically, such as for highly constrained variable types like covariance matrices, then the sampler is fine,
Chain 2 but if this warning occurs often then your model may be either severely ill-conditioned or misspecified.
Chain 2 
Chain 3 Informational Message: The current Metropolis proposal is about to be rejected because of the following issue:
Chain 3 Exception: normal_cdf: Scale parameter is 0, but must be positive! (in '/tmp/Rtmp0qR3q2/model-4f6aa8b26b.stan', line 30, column 6 to column 53)
Chain 3 If this warning occurs sporadically, such as for highly constrained variable types like covariance matrices, then the sampler is fine,
Chain 3 but if this warning occurs often then your model may be either severely ill-conditioned or misspecified.
Chain 3 
Chain 4 Informational Message: The current Metropolis proposal is about to be rejected because of the following issue:
Chain 4 Exception: normal_cdf: Scale parameter is 0, but must be positive! (in '/tmp/Rtmp0qR3q2/model-4f6aa8b26b.stan', line 30, column 6 to column 53)
Chain 4 If this warning occurs sporadically, such as for highly constrained variable types like covariance matrices, then the sampler is fine,
Chain 4 but if this warning occurs often then your model may be either severely ill-conditioned or misspecified.
Chain 4 
[OK] EQI0610_AAMR2016_2020 RUCC2 Multi-domain
Chain 1 Informational Message: The current Metropolis proposal is about to be rejected because of the following issue:
Chain 1 Exception: normal_cdf: Scale parameter is 0, but must be positive! (in '/tmp/Rtmp0qR3q2/model-4f6aa8b26b.stan', line 30, column 6 to column 53)
Chain 1 If this warning occurs sporadically, such as for highly constrained variable types like covariance matrices, then the sampler is fine,
Chain 1 but if this warning occurs often then your model may be either severely ill-conditioned or misspecified.
Chain 1 
Chain 2 Informational Message: The current Metropolis proposal is about to be rejected because of the following issue:
Chain 2 Exception: normal_cdf: Scale parameter is 0, but must be positive! (in '/tmp/Rtmp0qR3q2/model-4f6aa8b26b.stan', line 30, column 6 to column 53)
Chain 2 If this warning occurs sporadically, such as for highly constrained variable types like covariance matrices, then the sampler is fine,
Chain 2 but if this warning occurs often then your model may be either severely ill-conditioned or misspecified.
Chain 2 
Chain 3 Informational Message: The current Metropolis proposal is about to be rejected because of the following issue:
Chain 3 Exception: normal_cdf: Scale parameter is 0, but must be positive! (in '/tmp/Rtmp0qR3q2/model-4f6aa8b26b.stan', line 30, column 6 to column 53)
Chain 3 If this warning occurs sporadically, such as for highly constrained variable types like covariance matrices, then the sampler is fine,
Chain 3 but if this warning occurs often then your model may be either severely ill-conditioned or misspecified.
Chain 3 
Chain 4 Informational Message: The current Metropolis proposal is about to be rejected because of the following issue:
Chain 4 Exception: normal_cdf: Scale parameter is 0, but must be positive! (in '/tmp/Rtmp0qR3q2/model-4f6aa8b26b.stan', line 30, column 6 to column 53)
Chain 4 If this warning occurs sporadically, such as for highly constrained variable types like covariance matrices, then the sampler is fine,
Chain 4 but if this warning occurs often then your model may be either severely ill-conditioned or misspecified.
Chain 4 
[OK] EQI0610_AAMR2016_2020 RUCC3 Overall
Chain 1 Informational Message: The current Metropolis proposal is about to be rejected because of the following issue:
Chain 1 Exception: normal_cdf: Scale parameter is 0, but must be positive! (in '/tmp/Rtmp0qR3q2/model-4f6aa8b26b.stan', line 30, column 6 to column 53)
Chain 1 If this warning occurs sporadically, such as for highly constrained variable types like covariance matrices, then the sampler is fine,
Chain 1 but if this warning occurs often then your model may be either severely ill-conditioned or misspecified.
Chain 1 
Chain 2 Informational Message: The current Metropolis proposal is about to be rejected because of the following issue:
Chain 2 Exception: normal_cdf: Scale parameter is 0, but must be positive! (in '/tmp/Rtmp0qR3q2/model-4f6aa8b26b.stan', line 30, column 6 to column 53)
Chain 2 If this warning occurs sporadically, such as for highly constrained variable types like covariance matrices, then the sampler is fine,
Chain 2 but if this warning occurs often then your model may be either severely ill-conditioned or misspecified.
Chain 2 
Chain 3 Informational Message: The current Metropolis proposal is about to be rejected because of the following issue:
Chain 3 Exception: normal_cdf: Scale parameter is 0, but must be positive! (in '/tmp/Rtmp0qR3q2/model-4f6aa8b26b.stan', line 30, column 6 to column 53)
Chain 3 If this warning occurs sporadically, such as for highly constrained variable types like covariance matrices, then the sampler is fine,
Chain 3 but if this warning occurs often then your model may be either severely ill-conditioned or misspecified.
Chain 3 
Chain 4 Informational Message: The current Metropolis proposal is about to be rejected because of the following issue:
Chain 4 Exception: normal_cdf: Scale parameter is 0, but must be positive! (in '/tmp/Rtmp0qR3q2/model-4f6aa8b26b.stan', line 30, column 6 to column 53)
Chain 4 If this warning occurs sporadically, such as for highly constrained variable types like covariance matrices, then the sampler is fine,
Chain 4 but if this warning occurs often then your model may be either severely ill-conditioned or misspecified.
Chain 4 
[OK] EQI0610_AAMR2016_2020 RUCC3 Multi-domain
Chain 1 Informational Message: The current Metropolis proposal is about to be rejected because of the following issue:
Chain 1 Exception: normal_cdf: Scale parameter is 0, but must be positive! (in '/tmp/Rtmp0qR3q2/model-4f6aa8b26b.stan', line 30, column 6 to column 53)
Chain 1 If this warning occurs sporadically, such as for highly constrained variable types like covariance matrices, then the sampler is fine,
Chain 1 but if this warning occurs often then your model may be either severely ill-conditioned or misspecified.
Chain 1 
Chain 2 Informational Message: The current Metropolis proposal is about to be rejected because of the following issue:
Chain 2 Exception: normal_cdf: Scale parameter is 0, but must be positive! (in '/tmp/Rtmp0qR3q2/model-4f6aa8b26b.stan', line 30, column 6 to column 53)
Chain 2 If this warning occurs sporadically, such as for highly constrained variable types like covariance matrices, then the sampler is fine,
Chain 2 but if this warning occurs often then your model may be either severely ill-conditioned or misspecified.
Chain 2 
Chain 3 Informational Message: The current Metropolis proposal is about to be rejected because of the following issue:
Chain 3 Exception: normal_cdf: Scale parameter is 0, but must be positive! (in '/tmp/Rtmp0qR3q2/model-4f6aa8b26b.stan', line 30, column 6 to column 53)
Chain 3 If this warning occurs sporadically, such as for highly constrained variable types like covariance matrices, then the sampler is fine,
Chain 3 but if this warning occurs often then your model may be either severely ill-conditioned or misspecified.
Chain 3 
[OK] EQI0610_AAMR2016_2020 RUCC4 Overall
Chain 1 Informational Message: The current Metropolis proposal is about to be rejected because of the following issue:
Chain 1 Exception: normal_cdf: Scale parameter is 0, but must be positive! (in '/tmp/Rtmp0qR3q2/model-4f6aa8b26b.stan', line 30, column 6 to column 53)
Chain 1 If this warning occurs sporadically, such as for highly constrained variable types like covariance matrices, then the sampler is fine,
Chain 1 but if this warning occurs often then your model may be either severely ill-conditioned or misspecified.
Chain 1 
Chain 2 Informational Message: The current Metropolis proposal is about to be rejected because of the following issue:
Chain 2 Exception: normal_cdf: Scale parameter is 0, but must be positive! (in '/tmp/Rtmp0qR3q2/model-4f6aa8b26b.stan', line 30, column 6 to column 53)
Chain 2 If this warning occurs sporadically, such as for highly constrained variable types like covariance matrices, then the sampler is fine,
Chain 2 but if this warning occurs often then your model may be either severely ill-conditioned or misspecified.
Chain 2 
Chain 3 Informational Message: The current Metropolis proposal is about to be rejected because of the following issue:
Chain 3 Exception: normal_cdf: Scale parameter is 0, but must be positive! (in '/tmp/Rtmp0qR3q2/model-4f6aa8b26b.stan', line 30, column 6 to column 53)
Chain 3 If this warning occurs sporadically, such as for highly constrained variable types like covariance matrices, then the sampler is fine,
Chain 3 but if this warning occurs often then your model may be either severely ill-conditioned or misspecified.
Chain 3 
[OK] EQI0610_AAMR2016_2020 RUCC4 Multi-domain
===== Completed: C81_C96 =====
All requested analyses complete. Output directory: /public/home/acf4pijnzl/WDP/Result/brms
