Component,Eigenvalue
1,3.5273574642257337
2,0.8596861271257071
3,0.643912973201629
4,0.4858028070310866
5,0.31342641053220827
6,0.169945785290007
