Time_Period,ICD-10 Code,Outcome_Fullname,Outcome_Shortname,Stratification,Strata,Total_Deaths,Total_Population,AAMR,AAMR_SE,AAMR_Lower,AAMR_Upper,AAMRSE
2006-2010,C00_C97,C00_C97,Cancer,RUCC,Metropolitan urbanized,2294776,1288964259,174.242,0.1157,174.0166,174.4675,174.24 ± 0.12
2006-2010,C00_C97,C00_C97,Cancer,RUCC,Non-metropolitan urbanized,199102,91640982,185.7693,0.4191,184.9542,186.5871,185.77 ± 0.42
2006-2010,C00_C97,C00_C97,Cancer,RUCC,Less urbanized,272631,114771138,188.7125,0.3643,188.0048,189.4222,188.71 ± 0.36
2006-2010,C00_C97,C00_C97,Cancer,RUCC,Thinly populated,59583,23845762,177.6642,0.7351,176.2404,179.0965,177.66 ± 0.74
2006-2010,C00_C97,C00_C97,Cancer,RUCC,National,2826092,1519222141,176.3593,0.1055,176.1537,176.565,176.36 ± 0.11
2006-2010,C18_C21,C18_C21,Colorectal,RUCC,Metropolitan urbanized,213963,1288964259,16.2314,0.0353,16.1627,16.3003,16.23 ± 0.04
2006-2010,C18_C21,C18_C21,Colorectal,RUCC,Non-metropolitan urbanized,18754,91640982,17.5132,0.1287,17.2634,17.7657,17.51 ± 0.13
2006-2010,C18_C21,C18_C21,Colorectal,RUCC,Less urbanized,26548,114771138,18.3899,0.1138,18.1693,18.6124,18.39 ± 0.11
2006-2010,C18_C21,C18_C21,Colorectal,RUCC,Thinly populated,6036,23845762,18.0828,0.2354,17.6295,18.5449,18.08 ± 0.24
2006-2010,C18_C21,C18_C21,Colorectal,RUCC,National,265301,1519222141,16.5456,0.0323,16.4827,16.6087,16.55 ± 0.03
2006-2010,C22,C22,Liver,RUCC,Metropolitan urbanized,77165,1288964259,5.7319,0.0208,5.6915,5.7725,5.73 ± 0.02
2006-2010,C22,C22,Liver,RUCC,Non-metropolitan urbanized,5402,91640982,4.9818,0.0683,4.8499,5.1165,4.98 ± 0.07
2006-2010,C22,C22,Liver,RUCC,Less urbanized,7343,114771138,5.0646,0.0596,4.9494,5.1817,5.06 ± 0.06
2006-2010,C22,C22,Liver,RUCC,Thinly populated,1537,23845762,4.6007,0.1186,4.3736,4.8366,4.60 ± 0.12
2006-2010,C22,C22,Liver,RUCC,National,91447,1519222141,5.5996,0.0186,5.5633,5.636,5.60 ± 0.02
2006-2010,C25,C25,Pancreatic,RUCC,Metropolitan urbanized,144368,1288964259,10.9474,0.029,10.891,11.004,10.95 ± 0.03
2006-2010,C25,C25,Pancreatic,RUCC,Non-metropolitan urbanized,11684,91640982,10.8273,0.1008,10.6318,11.0254,10.83 ± 0.10
2006-2010,C25,C25,Pancreatic,RUCC,Less urbanized,15702,114771138,10.8169,0.0869,10.6484,10.9874,10.82 ± 0.09
2006-2010,C25,C25,Pancreatic,RUCC,Thinly populated,3485,23845762,10.3245,0.1762,9.9845,10.6731,10.32 ± 0.18
2006-2010,C25,C25,Pancreatic,RUCC,National,175239,1519222141,10.907,0.0262,10.856,10.9582,10.91 ± 0.03
2006-2010,C34,C34,Lung,RUCC,Metropolitan urbanized,630764,1288964259,48.039,0.0608,47.9205,48.1577,48.04 ± 0.06
2006-2010,C34,C34,Lung,RUCC,Non-metropolitan urbanized,59251,91640982,54.9463,0.227,54.5047,55.3905,54.95 ± 0.23
2006-2010,C34,C34,Lung,RUCC,Less urbanized,83270,114771138,57.0887,0.199,56.7016,57.4778,57.09 ± 0.20
2006-2010,C34,C34,Lung,RUCC,Thinly populated,18645,23845762,55.1139,0.4066,54.3256,55.9108,55.11 ± 0.41
2006-2010,C34,C34,Lung,RUCC,National,791930,1519222141,49.4425,0.0559,49.3337,49.5516,49.44 ± 0.06
2006-2010,C50,C50,Breast,RUCC,Metropolitan urbanized,171236,1288964259,12.8338,0.0312,12.7731,12.8948,12.83 ± 0.03
2006-2010,C50,C50,Breast,RUCC,Non-metropolitan urbanized,13151,91640982,12.3442,0.1087,12.1341,12.557,12.34 ± 0.11
2006-2010,C50,C50,Breast,RUCC,Less urbanized,17505,114771138,12.308,0.0942,12.1263,12.4917,12.31 ± 0.09
2006-2010,C50,C50,Breast,RUCC,Thinly populated,3659,23845762,11.0917,0.1865,10.7352,11.4571,11.09 ± 0.19
2006-2010,C50,C50,Breast,RUCC,National,205551,1519222141,12.7195,0.0282,12.6645,12.7746,12.72 ± 0.03
2006-2010,C56,C56,Ovarian,RUCC,Metropolitan urbanized,60197,1288964259,4.5374,0.0186,4.5012,4.5738,4.54 ± 0.02
2006-2010,C56,C56,Ovarian,RUCC,Non-metropolitan urbanized,4938,91640982,4.6183,0.0662,4.4904,4.749,4.62 ± 0.07
2006-2010,C56,C56,Ovarian,RUCC,Less urbanized,6262,114771138,4.339,0.0553,4.2321,4.4478,4.34 ± 0.06
2006-2010,C56,C56,Ovarian,RUCC,Thinly populated,1398,23845762,4.1794,0.1132,3.9631,4.4043,4.18 ± 0.11
2006-2010,C56,C56,Ovarian,RUCC,National,72795,1519222141,4.5159,0.0168,4.4831,4.5488,4.52 ± 0.02
2006-2010,C61,C61,Prostate,RUCC,Metropolitan urbanized,115265,1288964259,8.9225,0.0264,8.871,8.9741,8.92 ± 0.03
2006-2010,C61,C61,Prostate,RUCC,Non-metropolitan urbanized,9830,91640982,9.1834,0.0929,9.0027,9.3668,9.18 ± 0.09
2006-2010,C61,C61,Prostate,RUCC,Less urbanized,14112,114771138,9.6697,0.0816,9.5108,9.8306,9.67 ± 0.08
2006-2010,C61,C61,Prostate,RUCC,Thinly populated,3359,23845762,9.8733,0.1708,9.5422,10.213,9.87 ± 0.17
2006-2010,C61,C61,Prostate,RUCC,National,142566,1519222141,9.0297,0.024,8.9829,9.0767,9.03 ± 0.02
2006-2010,C64_C65,C64_C65,Kidney,RUCC,Metropolitan urbanized,51366,1288964259,3.876,0.0172,3.8425,3.9096,3.88 ± 0.02
2006-2010,C64_C65,C64_C65,Kidney,RUCC,Non-metropolitan urbanized,4739,91640982,4.3852,0.0641,4.2612,4.5118,4.39 ± 0.06
2006-2010,C64_C65,C64_C65,Kidney,RUCC,Less urbanized,6545,114771138,4.5132,0.0562,4.4045,4.6239,4.51 ± 0.06
2006-2010,C64_C65,C64_C65,Kidney,RUCC,Thinly populated,1451,23845762,4.3282,0.1148,4.1083,4.5568,4.33 ± 0.11
2006-2010,C64_C65,C64_C65,Kidney,RUCC,National,64101,1519222141,3.9739,0.0158,3.9432,4.0047,3.97 ± 0.02
2006-2010,C82_C85,C82_C85,NHL,RUCC,Metropolitan urbanized,83137,1288964259,6.38,0.0222,6.3367,6.4235,6.38 ± 0.02
2006-2010,C82_C85,C82_C85,NHL,RUCC,Non-metropolitan urbanized,7291,91640982,6.8574,0.0808,6.7008,7.0166,6.86 ± 0.08
2006-2010,C82_C85,C82_C85,NHL,RUCC,Less urbanized,9576,114771138,6.6778,0.0688,6.5447,6.8129,6.68 ± 0.07
2006-2010,C82_C85,C82_C85,NHL,RUCC,Thinly populated,2057,23845762,6.1695,0.1374,5.9057,6.442,6.17 ± 0.14
2006-2010,C82_C85,C82_C85,NHL,RUCC,National,102061,1519222141,6.4357,0.0202,6.3963,6.4754,6.44 ± 0.02
2006-2010,C91_C95,C91_C95,Leukemia,RUCC,Metropolitan urbanized,90438,1288964259,6.9622,0.0233,6.9169,7.0077,6.96 ± 0.02
2006-2010,C91_C95,C91_C95,Leukemia,RUCC,Non-metropolitan urbanized,7630,91640982,7.2211,0.0833,7.06,7.385,7.22 ± 0.08
2006-2010,C91_C95,C91_C95,Leukemia,RUCC,Less urbanized,10400,114771138,7.3124,0.0724,7.1725,7.4543,7.31 ± 0.07
2006-2010,C91_C95,C91_C95,Leukemia,RUCC,Thinly populated,2233,23845762,6.7171,0.1437,6.4414,7.0016,6.72 ± 0.14
2006-2010,C91_C95,C91_C95,Leukemia,RUCC,National,110701,1519222141,7.0127,0.0212,6.9715,7.0542,7.01 ± 0.02
2006-2010,G10,G10,HD,RUCC,Metropolitan urbanized,3530,1288964259,0.2606,0.0044,0.252,0.2693,0.26 ± 0.00
2006-2010,G10,G10,HD,RUCC,Non-metropolitan urbanized,342,91640982,0.3324,0.0183,0.2981,0.3696,0.33 ± 0.02
2006-2010,G10,G10,HD,RUCC,Less urbanized,456,114771138,0.3371,0.0161,0.3068,0.3695,0.34 ± 0.02
2006-2010,G10,G10,HD,RUCC,Thinly populated,90,23845762,0.3011,0.0327,0.2422,0.3702,0.30 ± 0.03
2006-2010,G10,G10,HD,RUCC,National,4418,1519222141,0.272,0.0041,0.264,0.2801,0.27 ± 0.00
2006-2010,G12.2,G12.2,ALS,RUCC,Metropolitan urbanized,25530,1288964259,1.9352,0.0122,1.9116,1.9591,1.94 ± 0.01
2006-2010,G12.2,G12.2,ALS,RUCC,Non-metropolitan urbanized,2230,91640982,2.086,0.0445,2.0003,2.1744,2.09 ± 0.04
2006-2010,G12.2,G12.2,ALS,RUCC,Less urbanized,2843,114771138,1.9767,0.0374,1.9047,2.0507,1.98 ± 0.04
2006-2010,G12.2,G12.2,ALS,RUCC,Thinly populated,609,23845762,1.8317,0.0752,1.6891,1.9831,1.83 ± 0.08
2006-2010,G12.2,G12.2,ALS,RUCC,National,31212,1519222141,1.9455,0.0111,1.924,1.9672,1.95 ± 0.01
2006-2010,G20,G20,PD,RUCC,Metropolitan urbanized,84097,1288964259,6.6016,0.0228,6.5571,6.6464,6.60 ± 0.02
2006-2010,G20,G20,PD,RUCC,Non-metropolitan urbanized,7259,91640982,6.8469,0.0805,6.6903,7.0063,6.85 ± 0.08
2006-2010,G20,G20,PD,RUCC,Less urbanized,8640,114771138,5.9827,0.0645,5.8572,6.1102,5.98 ± 0.06
2006-2010,G20,G20,PD,RUCC,Thinly populated,1884,23845762,5.5856,0.129,5.3362,5.8436,5.59 ± 0.13
2006-2010,G20,G20,PD,RUCC,National,101880,1519222141,6.5388,0.0205,6.4987,6.579,6.54 ± 0.02
2006-2010,G20_G30_G12.2_F01_F03,G20_G30_G12.2_F01_F03,NDD,RUCC,Metropolitan urbanized,801592,1288964259,61.3042,0.0686,61.1701,61.4386,61.30 ± 0.07
2006-2010,G20_G30_G12.2_F01_F03,G20_G30_G12.2_F01_F03,NDD,RUCC,Non-metropolitan urbanized,70073,91640982,64.6941,0.2449,64.216,65.1749,64.69 ± 0.24
2006-2010,G20_G30_G12.2_F01_F03,G20_G30_G12.2_F01_F03,NDD,RUCC,Less urbanized,89130,114771138,60.658,0.2036,60.2604,61.0575,60.66 ± 0.20
2006-2010,G20_G30_G12.2_F01_F03,G20_G30_G12.2_F01_F03,NDD,RUCC,Thinly populated,18701,23845768,54.5788,0.4,53.7994,55.3668,54.58 ± 0.40
2006-2010,G20_G30_G12.2_F01_F03,G20_G30_G12.2_F01_F03,NDD,RUCC,National,979496,1519222147,61.3281,0.0621,61.2067,61.4497,61.33 ± 0.06
2006-2010,G30_F01_F03,G30_F01_F03,Dementia,RUCC,Metropolitan urbanized,688435,1288964259,52.5068,0.0634,52.3829,52.631,52.51 ± 0.06
2006-2010,G30_F01_F03,G30_F01_F03,Dementia,RUCC,Non-metropolitan urbanized,60242,91640982,55.4287,0.2263,54.987,55.8731,55.43 ± 0.23
2006-2010,G30_F01_F03,G30_F01_F03,Dementia,RUCC,Less urbanized,77191,114771138,52.3615,0.1888,51.9928,52.7322,52.36 ± 0.19
2006-2010,G30_F01_F03,G30_F01_F03,Dementia,RUCC,Thinly populated,16118,23845768,46.8605,0.3697,46.1398,47.5896,46.86 ± 0.37
2006-2010,G30_F01_F03,G30_F01_F03,Dementia,RUCC,National,841986,1519222147,52.5719,0.0574,52.4597,52.6844,52.57 ± 0.06
2006-2010,I00_I99,I00_I99,CVD,RUCC,Metropolitan urbanized,3219048,1288964264,244.7638,0.137,244.4965,245.0313,244.76 ± 0.14
2006-2010,I00_I99,I00_I99,CVD,RUCC,Non-metropolitan urbanized,291744,91640982,271.4475,0.5052,270.4634,272.4344,271.45 ± 0.51
2006-2010,I00_I99,I00_I99,CVD,RUCC,Less urbanized,410439,114771138,283.248,0.4451,282.3821,284.1159,283.25 ± 0.45
2006-2010,I00_I99,I00_I99,CVD,RUCC,Thinly populated,90597,23845762,269.2904,0.9026,267.5397,271.0497,269.29 ± 0.90
2006-2010,I00_I99,I00_I99,CVD,RUCC,National,4011828,1519222146,250.466,0.1256,250.221,250.7113,250.47 ± 0.13
2006-2010,I10_I15,I10_I15,HD,RUCC,Metropolitan urbanized,252885,1288964259,19.0455,0.0381,18.9713,19.1199,19.05 ± 0.04
2006-2010,I10_I15,I10_I15,HD,RUCC,Non-metropolitan urbanized,18399,91640982,17.1022,0.1269,16.8559,17.3511,17.10 ± 0.13
2006-2010,I10_I15,I10_I15,HD,RUCC,Less urbanized,23893,114771138,16.5713,0.1081,16.3619,16.7828,16.57 ± 0.11
2006-2010,I10_I15,I10_I15,HD,RUCC,Thinly populated,4871,23845762,14.617,0.2123,14.2094,15.0334,14.62 ± 0.21
2006-2010,I10_I15,I10_I15,HD,RUCC,National,300048,1519222141,18.6082,0.0341,18.5416,18.6749,18.61 ± 0.03
2006-2010,I20_I25,I20_I25,IHD,RUCC,Metropolitan urbanized,1615352,1288964259,122.6382,0.0969,122.4492,122.8275,122.64 ± 0.10
2006-2010,I20_I25,I20_I25,IHD,RUCC,Non-metropolitan urbanized,142821,91640982,132.5436,0.3526,131.8571,133.2328,132.54 ± 0.35
2006-2010,I20_I25,I20_I25,IHD,RUCC,Less urbanized,199711,114771138,137.6498,0.3101,137.0468,138.2549,137.65 ± 0.31
2006-2010,I20_I25,I20_I25,IHD,RUCC,Thinly populated,43977,23845762,130.7598,0.6292,129.5405,131.9877,130.76 ± 0.63
2006-2010,I20_I25,I20_I25,IHD,RUCC,National,2001861,1519222141,124.7241,0.0885,124.5514,124.897,124.72 ± 0.09
2006-2010,I50,I50,HF,RUCC,Metropolitan urbanized,219672,1288964259,16.7207,0.0358,16.6509,16.7908,16.72 ± 0.04
2006-2010,I50,I50,HF,RUCC,Non-metropolitan urbanized,22464,91640982,20.7215,0.1387,20.4514,20.9943,20.72 ± 0.14
2006-2010,I50,I50,HF,RUCC,Less urbanized,36565,114771138,24.8938,0.1306,24.6393,25.1503,24.89 ± 0.13
2006-2010,I50,I50,HF,RUCC,Thinly populated,9077,23845762,26.5574,0.2799,26.0138,27.1094,26.56 ± 0.28
2006-2010,I50,I50,HF,RUCC,National,287778,1519222141,17.9445,0.0335,17.879,18.0102,17.94 ± 0.03
2006-2010,I60_I69,I60_I69,Stroke,RUCC,Metropolitan urbanized,528490,1288964259,40.4288,0.0558,40.3198,40.5379,40.43 ± 0.06
2006-2010,I60_I69,I60_I69,Stroke,RUCC,Non-metropolitan urbanized,50305,91640982,46.8881,0.21,46.4793,47.2997,46.89 ± 0.21
2006-2010,I60_I69,I60_I69,Stroke,RUCC,Less urbanized,70753,114771138,48.7493,0.1842,48.3908,49.1099,48.75 ± 0.18
2006-2010,I60_I69,I60_I69,Stroke,RUCC,Thinly populated,15508,23845762,45.9914,0.3719,45.2704,46.7211,45.99 ± 0.37
2006-2010,I60_I69,I60_I69,Stroke,RUCC,National,665056,1519222141,41.7426,0.0514,41.6423,41.843,41.74 ± 0.05
2006-2010,J40_J42_J45_J46_J47_J60_J70,J40_J42_J45_J46_J47_J60_J70,Other CRD,RUCC,Metropolitan urbanized,90722,1288964259,6.939,0.0231,6.8939,6.9843,6.94 ± 0.02
2006-2010,J40_J42_J45_J46_J47_J60_J70,J40_J42_J45_J46_J47_J60_J70,Other CRD,RUCC,Non-metropolitan urbanized,8795,91640982,8.2519,0.0885,8.0803,8.4262,8.25 ± 0.09
2006-2010,J40_J42_J45_J46_J47_J60_J70,J40_J42_J45_J46_J47_J60_J70,Other CRD,RUCC,Less urbanized,11487,114771138,7.9975,0.0752,7.8519,8.1451,8.00 ± 0.08
2006-2010,J40_J42_J45_J46_J47_J60_J70,J40_J42_J45_J46_J47_J60_J70,Other CRD,RUCC,Thinly populated,2512,23845762,7.5153,0.1514,7.2242,7.8151,7.52 ± 0.15
2006-2010,J40_J42_J45_J46_J47_J60_J70,J40_J42_J45_J46_J47_J60_J70,Other CRD,RUCC,National,113516,1519222141,7.1363,0.0213,7.0948,7.1779,7.14 ± 0.02
2006-2010,J40_J47,J40_J47,J40_J47,RUCC,Metropolitan urbanized,522035,1288964259,40.4157,0.0562,40.3061,40.5255,40.42 ± 0.06
2006-2010,J40_J47,J40_J47,J40_J47,RUCC,Non-metropolitan urbanized,55089,91640982,51.4924,0.2202,51.0633,51.9242,51.49 ± 0.22
2006-2010,J40_J47,J40_J47,J40_J47,RUCC,Less urbanized,74708,114771138,51.4053,0.1889,51.0373,51.7752,51.41 ± 0.19
2006-2010,J40_J47,J40_J47,J40_J47,RUCC,Thinly populated,16792,23845762,49.6116,0.3847,48.8641,50.3678,49.61 ± 0.38
2006-2010,J40_J47,J40_J47,J40_J47,RUCC,National,668624,1519222141,42.3634,0.052,42.2619,42.465,42.36 ± 0.05
2006-2010,J40_J47_J60_J70_J84_D86,J40_J47_J60_J70_J84_D86,Non-cancer CRD,RUCC,Metropolitan urbanized,659073,1288964259,50.9581,0.063,50.8352,51.0813,50.96 ± 0.06
2006-2010,J40_J47_J60_J70_J84_D86,J40_J47_J60_J70_J84_D86,Non-cancer CRD,RUCC,Non-metropolitan urbanized,68158,91640982,63.7221,0.245,63.2446,64.2023,63.72 ± 0.25
2006-2010,J40_J47_J60_J70_J84_D86,J40_J47_J60_J70_J84_D86,Non-cancer CRD,RUCC,Less urbanized,91658,114771138,63.122,0.2094,62.714,63.5319,63.12 ± 0.21
2006-2010,J40_J47_J60_J70_J84_D86,J40_J47_J60_J70_J84_D86,Non-cancer CRD,RUCC,Thinly populated,20372,23845762,60.2589,0.4244,59.4342,61.0921,60.26 ± 0.42
2006-2010,J40_J47_J60_J70_J84_D86,J40_J47_J60_J70_J84_D86,Non-cancer CRD,RUCC,National,839261,1519222141,53.1269,0.0582,53.0133,53.2407,53.13 ± 0.06
2006-2010,J40_J47_J60_J70_J84_D86_C34,J40_J47_J60_J70_J84_D86_C34,CRD,RUCC,Metropolitan urbanized,1289837,1288964259,98.9971,0.0876,98.8264,99.1681,99.00 ± 0.09
2006-2010,J40_J47_J60_J70_J84_D86_C34,J40_J47_J60_J70_J84_D86_C34,CRD,RUCC,Non-metropolitan urbanized,127409,91640982,118.6683,0.334,118.0176,119.3217,118.67 ± 0.33
2006-2010,J40_J47_J60_J70_J84_D86_C34,J40_J47_J60_J70_J84_D86_C34,CRD,RUCC,Less urbanized,174928,114771138,120.2107,0.2889,119.648,120.7754,120.21 ± 0.29
2006-2010,J40_J47_J60_J70_J84_D86_C34,J40_J47_J60_J70_J84_D86_C34,CRD,RUCC,Thinly populated,39017,23845762,115.3728,0.5878,114.2308,116.5234,115.37 ± 0.59
2006-2010,J40_J47_J60_J70_J84_D86_C34,J40_J47_J60_J70_J84_D86_C34,CRD,RUCC,National,1631191,1519222141,102.5694,0.0807,102.4121,102.727,102.57 ± 0.08
2006-2010,J43_J44,J43_J44,COPD,RUCC,Metropolitan urbanized,501227,1288964259,38.8261,0.0551,38.7187,38.9338,38.83 ± 0.06
2006-2010,J43_J44,J43_J44,COPD,RUCC,Non-metropolitan urbanized,53306,91640982,49.7651,0.2163,49.3435,50.1894,49.77 ± 0.22
2006-2010,J43_J44,J43_J44,COPD,RUCC,Less urbanized,72504,114771138,49.7976,0.1856,49.4358,50.1614,49.80 ± 0.19
2006-2010,J43_J44,J43_J44,COPD,RUCC,Thinly populated,16325,23845762,48.1589,0.3785,47.4229,48.9034,48.16 ± 0.38
2006-2010,J43_J44,J43_J44,COPD,RUCC,National,643362,1519222141,40.7639,0.051,40.6643,40.8636,40.76 ± 0.05
2006-2010,J45,J45,Asthma,RUCC,Metropolitan urbanized,13079,1288964259,0.9939,0.0087,0.977,1.0111,0.99 ± 0.01
2006-2010,J45,J45,Asthma,RUCC,Non-metropolitan urbanized,1075,91640982,1.0501,0.0324,0.9883,1.1149,1.05 ± 0.03
2006-2010,J45,J45,Asthma,RUCC,Less urbanized,1369,114771138,1.0111,0.0279,0.9582,1.0661,1.01 ± 0.03
2006-2010,J45,J45,Asthma,RUCC,Thinly populated,283,23845762,0.8872,0.0539,0.7869,0.9969,0.89 ± 0.05
2006-2010,J45,J45,Asthma,RUCC,National,15806,1519222141,0.9992,0.008,0.9837,1.0149,1.00 ± 0.01
2006-2010,J60-J70,J60-J70,J60_J70,RUCC,Metropolitan urbanized,619,620388785,0.0479,0.0019,0.0442,0.0518,0.05 ± 0.00
2006-2010,J60-J70,J60-J70,J60_J70,RUCC,Non-metropolitan urbanized,48,41971389,0.0563,0.0082,0.0415,0.0747,0.06 ± 0.01
2006-2010,J60-J70,J60-J70,J60_J70,RUCC,Less urbanized,61,50151924,0.0624,0.008,0.0478,0.0802,0.06 ± 0.01
2006-2010,J60-J70,J60-J70,J60_J70,RUCC,Thinly populated,8,9596234,0.0421,0.0149,0.0182,0.083,0.04 ± 0.01
2006-2010,J60-J70,J60-J70,J60_J70,RUCC,National,736,722108332,0.0491,0.0018,0.0457,0.0528,0.05 ± 0.00
2006-2010,J60_J66,J60_J66,Pneumoconiosis,RUCC,Metropolitan urbanized,2850,1288964259,0.2232,0.0042,0.2151,0.2316,0.22 ± 0.00
2006-2010,J60_J66,J60_J66,Pneumoconiosis,RUCC,Non-metropolitan urbanized,519,91640982,0.4835,0.0213,0.4428,0.5269,0.48 ± 0.02
2006-2010,J60_J66,J60_J66,Pneumoconiosis,RUCC,Less urbanized,763,114771138,0.5264,0.0191,0.4897,0.5651,0.53 ± 0.02
2006-2010,J60_J66,J60_J66,Pneumoconiosis,RUCC,Thinly populated,215,23845762,0.6344,0.0434,0.5524,0.7251,0.63 ± 0.04
2006-2010,J60_J66,J60_J66,Pneumoconiosis,RUCC,National,4347,1519222141,0.2778,0.0042,0.2696,0.2861,0.28 ± 0.00
2006-2010,J60_J70,J60_J70,J60_J70,RUCC,Metropolitan urbanized,69295,668575474,5.3015,0.0202,5.2621,5.3411,5.30 ± 0.02
2006-2010,J60_J70,J60_J70,J60_J70,RUCC,Non-metropolitan urbanized,6964,49669593,6.4683,0.0778,6.3172,6.622,6.47 ± 0.08
2006-2010,J60_J70,J60_J70,J60_J70,RUCC,Less urbanized,9224,64619214,6.3295,0.0662,6.201,6.46,6.33 ± 0.07
2006-2010,J60_J70,J60_J70,J60_J70,RUCC,Thinly populated,2039,14249528,6.0267,0.1342,5.768,6.2941,6.03 ± 0.13
2006-2010,J60_J70,J60_J70,J60_J70,RUCC,National,87522,797113809,5.4879,0.0186,5.4516,5.5244,5.49 ± 0.02
2006-2010,J84_D86,J84_D86,ILD,RUCC,Metropolitan urbanized,67124,1288964259,5.193,0.0201,5.1538,5.2324,5.19 ± 0.02
2006-2010,J84_D86,J84_D86,ILD,RUCC,Non-metropolitan urbanized,6057,91640982,5.705,0.0737,5.5623,5.8506,5.71 ± 0.07
2006-2010,J84_D86,J84_D86,ILD,RUCC,Less urbanized,7667,114771138,5.3269,0.0612,5.2083,5.4475,5.33 ± 0.06
2006-2010,J84_D86,J84_D86,ILD,RUCC,Thinly populated,1535,23845762,4.5847,0.1179,4.3582,4.82,4.58 ± 0.12
2006-2010,J84_D86,J84_D86,ILD,RUCC,National,82383,1519222141,5.2267,0.0183,5.1911,5.2626,5.23 ± 0.02
2006-2010,K70,K70,Alcoholic,RUCC,Metropolitan urbanized,61042,1288964259,4.4338,0.0181,4.3987,4.4692,4.43 ± 0.02
2006-2010,K70,K70,Alcoholic,RUCC,Non-metropolitan urbanized,5138,91640982,5.0018,0.0711,4.8659,5.1404,5.00 ± 0.07
2006-2010,K70,K70,Alcoholic,RUCC,Less urbanized,5899,114771138,4.4305,0.0591,4.3181,4.545,4.43 ± 0.06
2006-2010,K70,K70,Alcoholic,RUCC,Thinly populated,1226,23845762,4.1155,0.1217,3.8883,4.3525,4.12 ± 0.12
2006-2010,K70,K70,Alcoholic,RUCC,National,73305,1519222141,4.4559,0.0166,4.4237,4.4883,4.46 ± 0.02
2006-2010,K70_K76,K70_K76,Non-cancer CLD,RUCC,Metropolitan urbanized,164417,1288964259,12.0795,0.03,12.0211,12.138,12.08 ± 0.03
2006-2010,K70_K76,K70_K76,Non-cancer CLD,RUCC,Non-metropolitan urbanized,13906,91640982,13.2885,0.1143,13.0685,13.5112,13.29 ± 0.11
2006-2010,K70_K76,K70_K76,Non-cancer CLD,RUCC,Less urbanized,17950,114771138,13.034,0.0991,12.8441,13.2261,13.03 ± 0.10
2006-2010,K70_K76,K70_K76,Non-cancer CLD,RUCC,Thinly populated,3611,23845762,11.542,0.1974,11.1685,11.9247,11.54 ± 0.20
2006-2010,K70_K76,K70_K76,Non-cancer CLD,RUCC,National,199884,1519222141,12.2147,0.0275,12.1612,12.2684,12.21 ± 0.03
2006-2010,K70_K76_C22,K70_K76_C22,CLD,RUCC,Metropolitan urbanized,241582,1288964259,17.8113,0.0365,17.7404,17.8825,17.81 ± 0.04
2006-2010,K70_K76_C22,K70_K76_C22,CLD,RUCC,Non-metropolitan urbanized,19308,91640982,18.2703,0.1332,18.0135,18.5299,18.27 ± 0.13
2006-2010,K70_K76_C22,K70_K76_C22,CLD,RUCC,Less urbanized,25293,114771138,18.0986,0.1156,17.8762,18.323,18.10 ± 0.12
2006-2010,K70_K76_C22,K70_K76_C22,CLD,RUCC,Thinly populated,5148,23845762,16.1427,0.2303,15.7047,16.5898,16.14 ± 0.23
2006-2010,K70_K76_C22,K70_K76_C22,CLD,RUCC,National,291331,1519222141,17.8143,0.0333,17.7496,17.8791,17.81 ± 0.03
2006-2010,K71,K71,K71,RUCC,Metropolitan urbanized,54,1288964259,0.0041,0.0006,0.0031,0.0054,0.00 ± 0.00
2006-2010,K71,K71,K71,RUCC,Non-metropolitan urbanized,2,91640982,0.0022,0.0015,0.0003,0.0078,0.00 ± 0.00
2006-2010,K71,K71,K71,RUCC,Less urbanized,2,114771138,0.0015,0.0011,0.0002,0.0055,0.00 ± 0.00
2006-2010,K71,K71,K71,RUCC,Thinly populated,3,23845762,0.0091,0.0053,0.0019,0.0267,0.01 ± 0.01
2006-2010,K71,K71,K71,RUCC,National,61,1519222141,0.0039,0.0005,0.003,0.005,0.00 ± 0.00
2006-2010,K71_K73_K74,K71_K73_K74,Toxic & chronic,RUCC,Metropolitan urbanized,61532,1288964259,4.5581,0.0185,4.5222,4.5943,4.56 ± 0.02
2006-2010,K71_K73_K74,K71_K73_K74,Toxic & chronic,RUCC,Non-metropolitan urbanized,5311,91640982,5.002,0.0694,4.8683,5.1383,5.00 ± 0.07
2006-2010,K71_K73_K74,K71_K73_K74,Toxic & chronic,RUCC,Less urbanized,7345,114771138,5.2144,0.0617,5.0958,5.335,5.21 ± 0.06
2006-2010,K71_K73_K74,K71_K73_K74,Toxic & chronic,RUCC,Thinly populated,1448,23845762,4.4862,0.1202,4.2581,4.7234,4.49 ± 0.12
2006-2010,K71_K73_K74,K71_K73_K74,Toxic & chronic,RUCC,National,75636,1519222141,4.6376,0.017,4.6046,4.6708,4.64 ± 0.02
2006-2010,K72_K75,K72_K75,Other CLD,RUCC,Metropolitan urbanized,19144,1288964259,1.4206,0.0103,1.4006,1.4409,1.42 ± 0.01
2006-2010,K72_K75,K72_K75,Other CLD,RUCC,Non-metropolitan urbanized,1759,91640982,1.6706,0.0403,1.5934,1.7505,1.67 ± 0.04
2006-2010,K72_K75,K72_K75,Other CLD,RUCC,Less urbanized,2526,114771138,1.81,0.0366,1.7401,1.882,1.81 ± 0.04
2006-2010,K72_K75,K72_K75,Other CLD,RUCC,Thinly populated,542,23845762,1.7033,0.075,1.5629,1.8529,1.70 ± 0.07
2006-2010,K72_K75,K72_K75,Other CLD,RUCC,National,23971,1519222141,1.4754,0.0096,1.4568,1.4942,1.48 ± 0.01
2006-2010,K73,K73,K73,RUCC,Metropolitan urbanized,367,1288964259,0.0272,0.0014,0.0245,0.0301,0.03 ± 0.00
2006-2010,K73,K73,K73,RUCC,Non-metropolitan urbanized,33,91640982,0.0301,0.0053,0.0207,0.0422,0.03 ± 0.01
2006-2010,K73,K73,K73,RUCC,Less urbanized,46,114771138,0.033,0.0049,0.0242,0.0441,0.03 ± 0.00
2006-2010,K73,K73,K73,RUCC,Thinly populated,8,23845762,0.032,0.0116,0.0138,0.0631,0.03 ± 0.01
2006-2010,K73,K73,K73,RUCC,National,454,1519222141,0.0278,0.0013,0.0253,0.0305,0.03 ± 0.00
2006-2010,K74,K74,K74,RUCC,Metropolitan urbanized,61111,1288964259,4.5268,0.0184,4.491,4.5628,4.53 ± 0.02
2006-2010,K74,K74,K74,RUCC,Non-metropolitan urbanized,5276,91640982,4.9697,0.0691,4.8365,5.1057,4.97 ± 0.07
2006-2010,K74,K74,K74,RUCC,Less urbanized,7297,114771138,5.1798,0.0615,5.0616,5.3,5.18 ± 0.06
2006-2010,K74,K74,K74,RUCC,Thinly populated,1437,23845762,4.4451,0.1195,4.2182,4.681,4.45 ± 0.12
2006-2010,K74,K74,K74,RUCC,National,75121,1519222141,4.6059,0.0169,4.573,4.639,4.61 ± 0.02
2006-2010,K76,K76,Non-alcoholic,RUCC,Metropolitan urbanized,22699,1288964259,1.6669,0.0111,1.6453,1.6887,1.67 ± 0.01
2006-2010,K76,K76,Non-alcoholic,RUCC,Non-metropolitan urbanized,1698,91640982,1.6142,0.0397,1.5383,1.6928,1.61 ± 0.04
2006-2010,K76,K76,Non-alcoholic,RUCC,Less urbanized,2180,114771138,1.5792,0.0345,1.5136,1.6469,1.58 ± 0.03
2006-2010,K76,K76,Non-alcoholic,RUCC,Thinly populated,395,23845762,1.237,0.0639,1.118,1.3652,1.24 ± 0.06
2006-2010,K76,K76,Non-alcoholic,RUCC,National,26972,1519222141,1.6457,0.0101,1.6261,1.6655,1.65 ± 0.01
2006-2010,K76.7,K76.7,HRS,RUCC,Metropolitan urbanized,1930,1288964259,0.1426,0.0033,0.1363,0.1491,0.14 ± 0.00
2006-2010,K76.7,K76.7,HRS,RUCC,Non-metropolitan urbanized,186,91640982,0.1793,0.0133,0.1544,0.207,0.18 ± 0.01
2006-2010,K76.7,K76.7,HRS,RUCC,Less urbanized,244,114771138,0.1752,0.0114,0.1539,0.1987,0.18 ± 0.01
2006-2010,K76.7,K76.7,HRS,RUCC,Thinly populated,34,23845762,0.1034,0.0181,0.0716,0.1445,0.10 ± 0.02
2006-2010,K76.7,K76.7,HRS,RUCC,National,2394,1519222141,0.1469,0.003,0.1411,0.1529,0.15 ± 0.00
2006-2010,N00_N15,N00_N15,GRTI,RUCC,Metropolitan urbanized,20944,1288964259,1.6003,0.0111,1.5787,1.6221,1.60 ± 0.01
2006-2010,N00_N15,N00_N15,GRTI,RUCC,Non-metropolitan urbanized,1864,91640982,1.7336,0.0403,1.6558,1.8142,1.73 ± 0.04
2006-2010,N00_N15,N00_N15,GRTI,RUCC,Less urbanized,2544,114771138,1.7494,0.0349,1.6821,1.8187,1.75 ± 0.03
2006-2010,N00_N15,N00_N15,GRTI,RUCC,Thinly populated,480,23845762,1.4248,0.0655,1.3001,1.5581,1.42 ± 0.07
2006-2010,N00_N15,N00_N15,GRTI,RUCC,National,25832,1519222141,1.6201,0.0101,1.6004,1.64,1.62 ± 0.01
2006-2010,N00_N29,N00_N29,Non-cancer CKD,RUCC,Metropolitan urbanized,199650,1288964259,15.2864,0.0344,15.2195,15.3536,15.29 ± 0.03
2006-2010,N00_N29,N00_N29,Non-cancer CKD,RUCC,Non-metropolitan urbanized,18470,91640982,17.2737,0.1278,17.0255,17.5247,17.27 ± 0.13
2006-2010,N00_N29,N00_N29,Non-cancer CKD,RUCC,Less urbanized,26733,114771138,18.4779,0.1137,18.257,18.7007,18.48 ± 0.11
2006-2010,N00_N29,N00_N29,Non-cancer CKD,RUCC,Thinly populated,6017,23845762,17.8986,0.2326,17.4492,18.3567,17.90 ± 0.23
2006-2010,N00_N29,N00_N29,Non-cancer CKD,RUCC,National,250870,1519222141,15.7646,0.0316,15.703,15.8264,15.76 ± 0.03
2006-2010,N00_N29_C64_C65,N00_N29_C64_C65,CKD,RUCC,Metropolitan urbanized,251016,1288964259,19.1624,0.0384,19.0875,19.2375,19.16 ± 0.04
2006-2010,N00_N29_C64_C65,N00_N29_C64_C65,CKD,RUCC,Non-metropolitan urbanized,23209,91640982,21.6589,0.1429,21.3811,21.9394,21.66 ± 0.14
2006-2010,N00_N29_C64_C65,N00_N29_C64_C65,CKD,RUCC,Less urbanized,33278,114771138,22.9911,0.1268,22.7447,23.2394,22.99 ± 0.13
2006-2010,N00_N29_C64_C65,N00_N29_C64_C65,CKD,RUCC,Thinly populated,7468,23845762,22.2268,0.2594,21.7255,22.7367,22.23 ± 0.26
2006-2010,N00_N29_C64_C65,N00_N29_C64_C65,CKD,RUCC,National,314971,1519222141,19.7385,0.0353,19.6696,19.8075,19.74 ± 0.04
2006-2010,N16_N17_N20_N29,N16_N17_N20_N29,Other kidney disease,RUCC,Metropolitan urbanized,39405,1288964259,3.015,0.0152,2.9853,3.045,3.02 ± 0.02
2006-2010,N16_N17_N20_N29,N16_N17_N20_N29,Other kidney disease,RUCC,Non-metropolitan urbanized,3616,91640982,3.3793,0.0565,3.27,3.4912,3.38 ± 0.06
2006-2010,N16_N17_N20_N29,N16_N17_N20_N29,Other kidney disease,RUCC,Less urbanized,5287,114771138,3.6528,0.0505,3.555,3.7526,3.65 ± 0.05
2006-2010,N16_N17_N20_N29,N16_N17_N20_N29,Other kidney disease,RUCC,Thinly populated,1198,23845762,3.5588,0.1036,3.3601,3.7662,3.56 ± 0.10
2006-2010,N16_N17_N20_N29,N16_N17_N20_N29,Other kidney disease,RUCC,National,49506,1519222141,3.1087,0.014,3.0814,3.1362,3.11 ± 0.01
2006-2010,N18_N19,N18_N19,RF,RUCC,Metropolitan urbanized,139301,1288964259,10.6711,0.0287,10.6151,10.7273,10.67 ± 0.03
2006-2010,N18_N19,N18_N19,RF,RUCC,Non-metropolitan urbanized,12990,91640982,12.1608,0.1073,11.9526,12.3718,12.16 ± 0.11
2006-2010,N18_N19,N18_N19,RF,RUCC,Less urbanized,18902,114771138,13.0756,0.0957,12.8899,13.2634,13.08 ± 0.10
2006-2010,N18_N19,N18_N19,RF,RUCC,Thinly populated,4339,23845762,12.915,0.1978,12.5335,13.3051,12.91 ± 0.20
2006-2010,N18_N19,N18_N19,RF,RUCC,National,175532,1519222141,11.0358,0.0265,10.9843,11.0876,11.04 ± 0.03
2006-2010,X60_X69,X60_X69,NVS,RUCC,Metropolitan urbanized,27151,1288964259,2.0499,0.0125,2.0256,2.0744,2.05 ± 0.01
2006-2010,X60_X69,X60_X69,NVS,RUCC,Non-metropolitan urbanized,2080,91640982,2.2493,0.0503,2.1537,2.3481,2.25 ± 0.05
2006-2010,X60_X69,X60_X69,NVS,RUCC,Less urbanized,2145,114771138,1.8494,0.0409,1.7719,1.9293,1.85 ± 0.04
2006-2010,X60_X69,X60_X69,NVS,RUCC,Thinly populated,332,23845762,1.298,0.074,1.1621,1.4454,1.30 ± 0.07
2006-2010,X60_X69,X60_X69,NVS,RUCC,National,31708,1519222141,2.0301,0.0115,2.0079,2.0526,2.03 ± 0.01
2006-2010,X60_X84_Y87.0,X60_X84_Y87.0,Suicide,RUCC,Metropolitan urbanized,144668,1288964259,11.0141,0.0291,10.9574,11.071,11.01 ± 0.03
2006-2010,X60_X84_Y87.0,X60_X84_Y87.0,Suicide,RUCC,Non-metropolitan urbanized,12938,91640982,13.8688,0.1241,13.6309,14.1099,13.87 ± 0.12
2006-2010,X60_X84_Y87.0,X60_X84_Y87.0,Suicide,RUCC,Less urbanized,15865,114771138,13.4145,0.1091,13.2066,13.6249,13.41 ± 0.11
2006-2010,X60_X84_Y87.0,X60_X84_Y87.0,Suicide,RUCC,Thinly populated,2990,23845762,11.3194,0.2159,10.9173,11.7325,11.32 ± 0.22
2006-2010,X60_X84_Y87.0,X60_X84_Y87.0,Suicide,RUCC,National,176461,1519222141,11.3739,0.0273,11.3209,11.4271,11.37 ± 0.03
2006-2010,X70_X84,X70_X84,VS,RUCC,Metropolitan urbanized,117206,1288964259,8.9405,0.0263,8.8894,8.9919,8.94 ± 0.03
2006-2010,X70_X84,X70_X84,VS,RUCC,Non-metropolitan urbanized,10838,91640982,11.599,0.1134,11.3817,11.8195,11.60 ± 0.11
2006-2010,X70_X84,X70_X84,VS,RUCC,Less urbanized,13692,114771138,11.5408,0.1011,11.3482,11.7357,11.54 ± 0.10
2006-2010,X70_X84,X70_X84,VS,RUCC,Thinly populated,2656,23845762,10.0151,0.2027,9.6378,10.4034,10.02 ± 0.20
2006-2010,X70_X84,X70_X84,VS,RUCC,National,144392,1519222141,9.3206,0.0247,9.2726,9.3688,9.32 ± 0.02
2006-2010,Y87.0,Y87.0,SI,RUCC,Metropolitan urbanized,311,1288964259,0.0237,0.0013,0.0211,0.0264,0.02 ± 0.00
2006-2010,Y87.0,Y87.0,SI,RUCC,Non-metropolitan urbanized,20,91640982,0.0205,0.0047,0.0125,0.0317,0.02 ± 0.00
2006-2010,Y87.0,Y87.0,SI,RUCC,Less urbanized,28,114771138,0.0244,0.0047,0.0162,0.0352,0.02 ± 0.00
2006-2010,Y87.0,Y87.0,SI,RUCC,Thinly populated,2,23845762,0.0063,0.0045,0.0008,0.0227,0.01 ± 0.00
2006-2010,Y87.0,Y87.0,SI,RUCC,National,361,1519222141,0.0232,0.0012,0.0209,0.0257,0.02 ± 0.00
2011-2015,C00_C97,C00_C97,Cancer,RUCC,Metropolitan urbanized,2383931,1350766445,160.4996,0.1052,160.296,160.7035,160.50 ± 0.11
2011-2015,C00_C97,C00_C97,Cancer,RUCC,Non-metropolitan urbanized,204730,92864210,175.5284,0.3938,174.7688,176.2904,175.53 ± 0.39
2011-2015,C00_C97,C00_C97,Cancer,RUCC,Less urbanized,277817,114653464,179.5899,0.3463,178.9227,180.259,179.59 ± 0.35
2011-2015,C00_C97,C00_C97,Cancer,RUCC,Thinly populated,60878,23626553,170.6631,0.7052,169.3101,172.0243,170.66 ± 0.71
2011-2015,C00_C97,C00_C97,Cancer,RUCC,National,2927356,1581910672,163.2643,0.0966,163.0773,163.4514,163.26 ± 0.10
2011-2015,C18_C21,C18_C21,Colorectal,RUCC,Metropolitan urbanized,211241,1350766445,14.2154,0.0313,14.1548,14.2762,14.22 ± 0.03
2011-2015,C18_C21,C18_C21,Colorectal,RUCC,Non-metropolitan urbanized,18587,92864210,16.0942,0.12,15.8636,16.3273,16.09 ± 0.12
2011-2015,C18_C21,C18_C21,Colorectal,RUCC,Less urbanized,26187,114653464,17.1014,0.1076,16.8949,17.3098,17.10 ± 0.11
2011-2015,C18_C21,C18_C21,Colorectal,RUCC,Thinly populated,5767,23626553,16.3353,0.22,15.9163,16.7624,16.34 ± 0.22
2011-2015,C18_C21,C18_C21,Colorectal,RUCC,National,261782,1581910672,14.6217,0.0289,14.5658,14.6778,14.62 ± 0.03
2011-2015,C22,C22,Liver,RUCC,Metropolitan urbanized,100392,1350766445,6.5404,0.0209,6.5,6.581,6.54 ± 0.02
2011-2015,C22,C22,Liver,RUCC,Non-metropolitan urbanized,7246,92864210,6.0579,0.0723,5.9192,6.1991,6.06 ± 0.07
2011-2015,C22,C22,Liver,RUCC,Less urbanized,9443,114653464,6.0089,0.0629,5.8883,6.1313,6.01 ± 0.06
2011-2015,C22,C22,Liver,RUCC,Thinly populated,1904,23626553,5.3103,0.1242,5.0745,5.5543,5.31 ± 0.12
2011-2015,C22,C22,Liver,RUCC,National,118985,1581910672,6.4356,0.0189,6.3991,6.4723,6.44 ± 0.02
2011-2015,C25,C25,Pancreatic,RUCC,Metropolitan urbanized,162983,1350766445,10.9185,0.0274,10.8655,10.9716,10.92 ± 0.03
2011-2015,C25,C25,Pancreatic,RUCC,Non-metropolitan urbanized,12902,92864210,10.9362,0.0975,10.7483,11.1266,10.94 ± 0.10
2011-2015,C25,C25,Pancreatic,RUCC,Less urbanized,17305,114653464,11.0868,0.0855,10.9222,11.2532,11.09 ± 0.09
2011-2015,C25,C25,Pancreatic,RUCC,Thinly populated,3897,23626553,10.8663,0.1771,10.5278,11.2129,10.87 ± 0.18
2011-2015,C25,C25,Pancreatic,RUCC,National,197087,1581910672,10.9229,0.0249,10.8747,10.9712,10.92 ± 0.02
2011-2015,C34,C34,Lung,RUCC,Metropolitan urbanized,619837,1350766445,41.6551,0.0535,41.5515,41.759,41.66 ± 0.05
2011-2015,C34,C34,Lung,RUCC,Non-metropolitan urbanized,58866,92864210,49.7936,0.2078,49.3922,50.1975,49.79 ± 0.21
2011-2015,C34,C34,Lung,RUCC,Less urbanized,82259,114653464,52.3065,0.1847,51.9497,52.6652,52.31 ± 0.18
2011-2015,C34,C34,Lung,RUCC,Thinly populated,18574,23626553,51.325,0.3823,50.5895,52.0685,51.32 ± 0.38
2011-2015,C34,C34,Lung,RUCC,National,779536,1581910672,43.2653,0.0496,43.1693,43.3615,43.27 ± 0.05
2011-2015,C50,C50,Breast,RUCC,Metropolitan urbanized,173445,1350766445,11.6411,0.0283,11.5864,11.696,11.64 ± 0.03
2011-2015,C50,C50,Breast,RUCC,Non-metropolitan urbanized,13313,92864210,11.5987,0.1026,11.4025,11.7974,11.60 ± 0.10
2011-2015,C50,C50,Breast,RUCC,Less urbanized,17334,114653464,11.5021,0.0896,11.3315,11.6746,11.50 ± 0.09
2011-2015,C50,C50,Breast,RUCC,Thinly populated,3643,23626553,10.5211,0.1797,10.1822,10.8684,10.52 ± 0.18
2011-2015,C50,C50,Breast,RUCC,National,207735,1581910672,11.6065,0.0258,11.5566,11.6565,11.61 ± 0.03
2011-2015,C56,C56,Ovarian,RUCC,Metropolitan urbanized,59121,1350766445,3.9652,0.0165,3.9334,3.9973,3.97 ± 0.02
2011-2015,C56,C56,Ovarian,RUCC,Non-metropolitan urbanized,4693,92864210,4.0401,0.0599,3.9253,4.1574,4.04 ± 0.06
2011-2015,C56,C56,Ovarian,RUCC,Less urbanized,5931,114653464,3.8663,0.0511,3.7685,3.9659,3.87 ± 0.05
2011-2015,C56,C56,Ovarian,RUCC,Thinly populated,1352,23626553,3.8622,0.1075,3.6591,4.0737,3.86 ± 0.11
2011-2015,C56,C56,Ovarian,RUCC,National,71097,1581910672,3.9582,0.015,3.9291,3.9874,3.96 ± 0.02
2011-2015,C61,C61,Prostate,RUCC,Metropolitan urbanized,114152,1350766445,7.7894,0.0233,7.7443,7.8347,7.79 ± 0.02
2011-2015,C61,C61,Prostate,RUCC,Non-metropolitan urbanized,9600,92864210,8.1937,0.0843,8.0306,8.3592,8.19 ± 0.08
2011-2015,C61,C61,Prostate,RUCC,Less urbanized,13235,114653464,8.4317,0.0737,8.2886,8.5766,8.43 ± 0.07
2011-2015,C61,C61,Prostate,RUCC,Thinly populated,3084,23626553,8.5016,0.154,8.2041,8.807,8.50 ± 0.15
2011-2015,C61,C61,Prostate,RUCC,National,140071,1581910672,7.8876,0.0213,7.8464,7.929,7.89 ± 0.02
2011-2015,C64_C65,C64_C65,Kidney,RUCC,Metropolitan urbanized,38059,1580361016,2.6566,0.0137,2.63,2.6835,2.66 ± 0.01
2011-2015,C64_C65,C64_C65,Kidney,RUCC,Non-metropolitan urbanized,3276,108601659,2.8096,0.0494,2.7142,2.9074,2.81 ± 0.05
2011-2015,C64_C65,C64_C65,Kidney,RUCC,Less urbanized,4815,133916818,3.0589,0.0443,2.9731,3.1466,3.06 ± 0.04
2011-2015,C64_C65,C64_C65,Kidney,RUCC,Thinly populated,1090,27508733,2.9626,0.0901,2.7893,3.1439,2.96 ± 0.09
2011-2015,C64_C65,C64_C65,Kidney,RUCC,National,47240,1850388226,2.71,0.0126,2.6856,2.7346,2.71 ± 0.01
2011-2015,C82_C85,C82_C85,NHL,RUCC,Metropolitan urbanized,82831,1350766445,5.6706,0.0199,5.6321,5.7094,5.67 ± 0.02
2011-2015,C82_C85,C82_C85,NHL,RUCC,Non-metropolitan urbanized,7158,92864210,6.2222,0.0745,6.0789,6.3681,6.22 ± 0.07
2011-2015,C82_C85,C82_C85,NHL,RUCC,Less urbanized,9299,114653464,6.0439,0.0636,5.9217,6.1681,6.04 ± 0.06
2011-2015,C82_C85,C82_C85,NHL,RUCC,Thinly populated,1968,23626553,5.5377,0.127,5.2957,5.7879,5.54 ± 0.13
2011-2015,C82_C85,C82_C85,NHL,RUCC,National,101256,1581910672,5.7373,0.0182,5.702,5.7728,5.74 ± 0.02
2011-2015,C91_C95,C91_C95,Leukemia,RUCC,Metropolitan urbanized,94691,1350766445,6.536,0.0215,6.4944,6.5778,6.54 ± 0.02
2011-2015,C91_C95,C91_C95,Leukemia,RUCC,Non-metropolitan urbanized,7774,92864210,6.8163,0.0785,6.6656,6.9696,6.82 ± 0.08
2011-2015,C91_C95,C91_C95,Leukemia,RUCC,Less urbanized,10481,114653464,6.9061,0.0686,6.7745,7.0396,6.91 ± 0.07
2011-2015,C91_C95,C91_C95,Leukemia,RUCC,Thinly populated,2355,23626553,6.6685,0.1404,6.4019,6.9434,6.67 ± 0.14
2011-2015,C91_C95,C91_C95,Leukemia,RUCC,National,115301,1581910672,6.5937,0.0196,6.5557,6.6318,6.59 ± 0.02
2011-2015,G10,G10,HD,RUCC,Metropolitan urbanized,4011,1350766445,0.2697,0.0043,0.2615,0.2782,0.27 ± 0.00
2011-2015,G10,G10,HD,RUCC,Non-metropolitan urbanized,406,92864210,0.384,0.0197,0.3476,0.4233,0.38 ± 0.02
2011-2015,G10,G10,HD,RUCC,Less urbanized,539,114653464,0.3943,0.0177,0.3618,0.4291,0.39 ± 0.02
2011-2015,G10,G10,HD,RUCC,Thinly populated,119,23626553,0.3614,0.0345,0.2994,0.4325,0.36 ± 0.03
2011-2015,G10,G10,HD,RUCC,National,5075,1581910672,0.2873,0.0041,0.2795,0.2953,0.29 ± 0.00
2011-2015,G12.2,G12.2,ALS,RUCC,Metropolitan urbanized,29387,1350766445,1.973,0.0117,1.9505,1.9956,1.97 ± 0.01
2011-2015,G12.2,G12.2,ALS,RUCC,Non-metropolitan urbanized,2479,92864210,2.1357,0.0437,2.0524,2.2214,2.14 ± 0.04
2011-2015,G12.2,G12.2,ALS,RUCC,Less urbanized,3173,114653464,2.0557,0.0372,1.9847,2.1285,2.06 ± 0.04
2011-2015,G12.2,G12.2,ALS,RUCC,Thinly populated,709,23626553,2.0055,0.0773,1.8606,2.1588,2.01 ± 0.08
2011-2015,G12.2,G12.2,ALS,RUCC,National,35748,1581910672,1.9885,0.0107,1.9679,2.0092,1.99 ± 0.01
2011-2015,G20,G20,PD,RUCC,Metropolitan urbanized,104474,1350766445,7.326,0.0229,7.2816,7.3705,7.33 ± 0.02
2011-2015,G20,G20,PD,RUCC,Non-metropolitan urbanized,8363,92864210,7.2947,0.0803,7.1392,7.4527,7.29 ± 0.08
2011-2015,G20,G20,PD,RUCC,Less urbanized,10387,114653464,6.7467,0.0665,6.6176,6.8777,6.75 ± 0.07
2011-2015,G20,G20,PD,RUCC,Thinly populated,2185,23626553,6.0881,0.1308,5.8355,6.3489,6.09 ± 0.13
2011-2015,G20,G20,PD,RUCC,National,125409,1581910672,7.2462,0.0206,7.2061,7.2864,7.25 ± 0.02
2011-2015,G20_G30_G12.2_F01_F03,G20_G30_G12.2_F01_F03,NDD,RUCC,Metropolitan urbanized,1055233,1350766445,70.9761,0.0697,70.8407,71.1116,70.98 ± 0.07
2011-2015,G20_G30_G12.2_F01_F03,G20_G30_G12.2_F01_F03,NDD,RUCC,Non-metropolitan urbanized,89084,92864210,75.5654,0.2546,75.07,76.0633,75.57 ± 0.25
2011-2015,G20_G30_G12.2_F01_F03,G20_G30_G12.2_F01_F03,NDD,RUCC,Less urbanized,113890,114653464,72.4923,0.2158,72.0719,72.9146,72.49 ± 0.22
2011-2015,G20_G30_G12.2_F01_F03,G20_G30_G12.2_F01_F03,NDD,RUCC,Thinly populated,23676,23626553,64.9682,0.4239,64.1433,65.8011,64.97 ± 0.42
2011-2015,G20_G30_G12.2_F01_F03,G20_G30_G12.2_F01_F03,NDD,RUCC,National,1281883,1581910672,71.2872,0.0634,71.1638,71.4107,71.29 ± 0.06
2011-2015,G30_F01_F03,G30_F01_F03,Dementia,RUCC,Metropolitan urbanized,917361,1350766445,61.4074,0.0646,61.2818,61.5332,61.41 ± 0.06
2011-2015,G30_F01_F03,G30_F01_F03,Dementia,RUCC,Non-metropolitan urbanized,77836,92864210,65.751,0.2369,65.2899,66.2146,65.75 ± 0.24
2011-2015,G30_F01_F03,G30_F01_F03,Dementia,RUCC,Less urbanized,99791,114653464,63.2956,0.2011,62.9035,63.6896,63.30 ± 0.20
2011-2015,G30_F01_F03,G30_F01_F03,Dementia,RUCC,Thinly populated,20663,23626553,56.5132,0.3942,55.7452,57.2891,56.51 ± 0.39
2011-2015,G30_F01_F03,G30_F01_F03,Dementia,RUCC,National,1115651,1581910672,61.7652,0.0589,61.6506,61.8799,61.77 ± 0.06
2011-2015,I00_I99,I00_I99,CVD,RUCC,Metropolitan urbanized,3234373,1350766445,217.2421,0.1221,217.0054,217.479,217.24 ± 0.12
2011-2015,I00_I99,I00_I99,CVD,RUCC,Non-metropolitan urbanized,288587,92864210,247.7497,0.4672,246.8466,248.6553,247.75 ± 0.47
2011-2015,I00_I99,I00_I99,CVD,RUCC,Less urbanized,401742,114653464,260.2784,0.4166,259.4742,261.0845,260.28 ± 0.42
2011-2015,I00_I99,I00_I99,CVD,RUCC,Thinly populated,87682,23626553,246.0508,0.8452,244.4249,247.6849,246.05 ± 0.85
2011-2015,I00_I99,I00_I99,CVD,RUCC,National,4012384,1581910672,223.3787,0.1127,223.1602,223.5974,223.38 ± 0.11
2011-2015,I10_I15,I10_I15,HD,RUCC,Metropolitan urbanized,302099,1350766445,20.1362,0.0371,20.0645,20.2081,20.14 ± 0.04
2011-2015,I10_I15,I10_I15,HD,RUCC,Non-metropolitan urbanized,21291,92864210,18.3214,0.1275,18.0761,18.5691,18.32 ± 0.13
2011-2015,I10_I15,I10_I15,HD,RUCC,Less urbanized,28036,114653464,18.3451,0.1116,18.131,18.5611,18.35 ± 0.11
2011-2015,I10_I15,I10_I15,HD,RUCC,Thinly populated,5830,23626553,16.573,0.2222,16.1503,17.004,16.57 ± 0.22
2011-2015,I10_I15,I10_I15,HD,RUCC,National,357256,1581910672,19.7932,0.0335,19.7283,19.8582,19.79 ± 0.03
2011-2015,I20_I25,I20_I25,IHD,RUCC,Metropolitan urbanized,1486536,1350766445,99.5325,0.0825,99.3725,99.6926,99.53 ± 0.08
2011-2015,I20_I25,I20_I25,IHD,RUCC,Non-metropolitan urbanized,133701,92864210,114.435,0.3171,113.8224,115.05,114.43 ± 0.32
2011-2015,I20_I25,I20_I25,IHD,RUCC,Less urbanized,186566,114653464,120.5872,0.2833,120.0407,121.1357,120.59 ± 0.28
2011-2015,I20_I25,I20_I25,IHD,RUCC,Thinly populated,40504,23626553,113.6507,0.5749,112.5465,114.763,113.65 ± 0.57
2011-2015,I20_I25,I20_I25,IHD,RUCC,National,1847307,1581910672,102.4768,0.0762,102.3291,102.6247,102.48 ± 0.08
2011-2015,I50,I50,HF,RUCC,Metropolitan urbanized,256536,1350766445,17.1408,0.0341,17.0745,17.2073,17.14 ± 0.03
2011-2015,I50,I50,HF,RUCC,Non-metropolitan urbanized,23925,92864210,20.2246,0.1318,19.9692,20.4826,20.22 ± 0.13
2011-2015,I50,I50,HF,RUCC,Less urbanized,37690,114653464,23.9871,0.1245,23.7455,24.2305,23.99 ± 0.12
2011-2015,I50,I50,HF,RUCC,Thinly populated,9384,23626553,25.8314,0.2688,25.3114,26.3594,25.83 ± 0.27
2011-2015,I50,I50,HF,RUCC,National,327535,1581910672,18.111,0.0319,18.049,18.1731,18.11 ± 0.03
2011-2015,I60_I69,I60_I69,Stroke,RUCC,Metropolitan urbanized,530477,1350766445,35.9242,0.0498,35.8276,36.021,35.92 ± 0.05
2011-2015,I60_I69,I60_I69,Stroke,RUCC,Non-metropolitan urbanized,48426,92864210,41.6107,0.1911,41.2409,41.983,41.61 ± 0.19
2011-2015,I60_I69,I60_I69,Stroke,RUCC,Less urbanized,66110,114653464,42.778,0.1683,42.4526,43.1054,42.78 ± 0.17
2011-2015,I60_I69,I60_I69,Stroke,RUCC,Thinly populated,14424,23626553,40.3005,0.3399,39.6455,40.9636,40.30 ± 0.34
2011-2015,I60_I69,I60_I69,Stroke,RUCC,National,659437,1581910672,36.9776,0.046,36.8884,37.0669,36.98 ± 0.05
2011-2015,J40_J42_J45_J46_J47_J60_J70,J40_J42_J45_J46_J47_J60_J70,Other CRD,RUCC,Metropolitan urbanized,99304,1350766445,6.736,0.0216,6.6942,6.778,6.74 ± 0.02
2011-2015,J40_J42_J45_J46_J47_J60_J70,J40_J42_J45_J46_J47_J60_J70,Other CRD,RUCC,Non-metropolitan urbanized,9175,92864210,7.9741,0.0844,7.8117,8.139,7.97 ± 0.08
2011-2015,J40_J42_J45_J46_J47_J60_J70,J40_J42_J45_J46_J47_J60_J70,Other CRD,RUCC,Less urbanized,12065,114653464,7.934,0.0734,7.7931,8.0769,7.93 ± 0.07
2011-2015,J40_J42_J45_J46_J47_J60_J70,J40_J42_J45_J46_J47_J60_J70,Other CRD,RUCC,Thinly populated,2683,23626553,7.5952,0.1494,7.3105,7.8882,7.60 ± 0.15
2011-2015,J40_J42_J45_J46_J47_J60_J70,J40_J42_J45_J46_J47_J60_J70,Other CRD,RUCC,National,123227,1581910672,6.9353,0.02,6.8967,6.9742,6.94 ± 0.02
2011-2015,J40_J47,J40_J47,J40_J47,RUCC,Metropolitan urbanized,572664,1350766445,39.1597,0.0523,39.0583,39.2612,39.16 ± 0.05
2011-2015,J40_J47,J40_J47,J40_J47,RUCC,Non-metropolitan urbanized,61029,92864210,52.2363,0.2135,51.8226,52.6524,52.24 ± 0.21
2011-2015,J40_J47,J40_J47,J40_J47,RUCC,Less urbanized,84689,114653464,54.3017,0.1884,53.9366,54.6686,54.30 ± 0.19
2011-2015,J40_J47,J40_J47,J40_J47,RUCC,Thinly populated,18970,23626553,52.514,0.3852,51.7693,53.2667,52.51 ± 0.39
2011-2015,J40_J47,J40_J47,J40_J47,RUCC,National,737352,1581910672,41.608,0.0489,41.5131,41.7031,41.61 ± 0.05
2011-2015,J40_J47_J60_J70_J84_D86,J40_J47_J60_J70_J84_D86,Non-cancer CRD,RUCC,Metropolitan urbanized,727522,1350766445,49.7098,0.0589,49.5956,49.8242,49.71 ± 0.06
2011-2015,J40_J47_J60_J70_J84_D86,J40_J47_J60_J70_J84_D86,Non-cancer CRD,RUCC,Non-metropolitan urbanized,74897,92864210,64.1876,0.2369,63.7287,64.6489,64.19 ± 0.24
2011-2015,J40_J47_J60_J70_J84_D86,J40_J47_J60_J70_J84_D86,Non-cancer CRD,RUCC,Less urbanized,102835,114653464,66.0508,0.208,65.6478,66.4558,66.05 ± 0.21
2011-2015,J40_J47_J60_J70_J84_D86,J40_J47_J60_J70_J84_D86,Non-cancer CRD,RUCC,Thinly populated,22934,23626553,63.5858,0.4243,62.7655,64.4142,63.59 ± 0.42
2011-2015,J40_J47_J60_J70_J84_D86,J40_J47_J60_J70_J84_D86,Non-cancer CRD,RUCC,National,928188,1581910672,52.3608,0.0549,52.2543,52.4674,52.36 ± 0.05
2011-2015,J40_J47_J60_J70_J84_D86_C34,J40_J47_J60_J70_J84_D86_C34,CRD,RUCC,Metropolitan urbanized,1347359,1350766445,91.3649,0.0796,91.2107,91.5193,91.36 ± 0.08
2011-2015,J40_J47_J60_J70_J84_D86_C34,J40_J47_J60_J70_J84_D86_C34,CRD,RUCC,Non-metropolitan urbanized,133763,92864210,113.9812,0.3151,113.3712,114.5936,113.98 ± 0.32
2011-2015,J40_J47_J60_J70_J84_D86_C34,J40_J47_J60_J70_J84_D86_C34,CRD,RUCC,Less urbanized,185094,114653464,118.3574,0.2782,117.8188,118.8978,118.36 ± 0.28
2011-2015,J40_J47_J60_J70_J84_D86_C34,J40_J47_J60_J70_J84_D86_C34,CRD,RUCC,Thinly populated,41508,23626553,114.9108,0.5711,113.8079,116.0216,114.91 ± 0.57
2011-2015,J40_J47_J60_J70_J84_D86_C34,J40_J47_J60_J70_J84_D86_C34,CRD,RUCC,National,1707724,1581910672,95.6261,0.074,95.4827,95.7696,95.63 ± 0.07
2011-2015,J43_J44,J43_J44,COPD,RUCC,Metropolitan urbanized,551501,1350766445,37.6942,0.0513,37.5948,37.7938,37.69 ± 0.05
2011-2015,J43_J44,J43_J44,COPD,RUCC,Non-metropolitan urbanized,59251,92864210,50.5989,0.2098,50.1923,51.008,50.60 ± 0.21
2011-2015,J43_J44,J43_J44,COPD,RUCC,Less urbanized,82510,114653464,52.7522,0.1852,52.3929,53.1134,52.75 ± 0.19
2011-2015,J43_J44,J43_J44,COPD,RUCC,Thinly populated,18510,23626553,51.1175,0.3791,50.3837,51.8593,51.12 ± 0.38
2011-2015,J43_J44,J43_J44,COPD,RUCC,National,711772,1581910672,40.1262,0.048,40.0331,40.2195,40.13 ± 0.05
2011-2015,J45,J45,Asthma,RUCC,Metropolitan urbanized,13272,1350766445,0.9199,0.0081,0.9044,0.9357,0.92 ± 0.01
2011-2015,J45,J45,Asthma,RUCC,Non-metropolitan urbanized,1076,92864210,1.0021,0.0314,0.9432,1.0639,1.00 ± 0.03
2011-2015,J45,J45,Asthma,RUCC,Less urbanized,1371,114653464,0.9987,0.028,0.9465,1.053,1.00 ± 0.03
2011-2015,J45,J45,Asthma,RUCC,Thinly populated,290,23626553,0.9163,0.0568,0.8139,1.0281,0.92 ± 0.06
2011-2015,J45,J45,Asthma,RUCC,National,16009,1581910672,0.9315,0.0075,0.9171,0.946,0.93 ± 0.01
2011-2015,J60_J66,J60_J66,Pneumoconiosis,RUCC,Metropolitan urbanized,2411,1350766445,0.168,0.0035,0.1614,0.1748,0.17 ± 0.00
2011-2015,J60_J66,J60_J66,Pneumoconiosis,RUCC,Non-metropolitan urbanized,420,92864210,0.3593,0.0177,0.3258,0.3954,0.36 ± 0.02
2011-2015,J60_J66,J60_J66,Pneumoconiosis,RUCC,Less urbanized,672,114653464,0.4323,0.0168,0.4002,0.4662,0.43 ± 0.02
2011-2015,J60_J66,J60_J66,Pneumoconiosis,RUCC,Thinly populated,213,23626553,0.5944,0.0412,0.5173,0.6798,0.59 ± 0.04
2011-2015,J60_J66,J60_J66,Pneumoconiosis,RUCC,National,3716,1581910672,0.2128,0.0035,0.206,0.2197,0.21 ± 0.00
2011-2015,J60_J70,J60_J70,J60_J70,RUCC,Metropolitan urbanized,78143,1350766445,5.2707,0.019,5.2338,5.3078,5.27 ± 0.02
2011-2015,J60_J70,J60_J70,J60_J70,RUCC,Non-metropolitan urbanized,7397,92864210,6.3367,0.0744,6.1931,6.4828,6.34 ± 0.07
2011-2015,J60_J70,J60_J70,J60_J70,RUCC,Less urbanized,9888,114653464,6.3863,0.0649,6.261,6.5134,6.39 ± 0.06
2011-2015,J60_J70,J60_J70,J60_J70,RUCC,Thinly populated,2231,23626553,6.2197,0.1331,5.9643,6.4833,6.22 ± 0.13
2011-2015,J60_J70,J60_J70,J60_J70,RUCC,National,97659,1581910672,5.4543,0.0176,5.4201,5.4886,5.45 ± 0.02
2011-2015,J84_D86,J84_D86,ILD,RUCC,Metropolitan urbanized,76717,1350766445,5.2796,0.0193,5.2423,5.3171,5.28 ± 0.02
2011-2015,J84_D86,J84_D86,ILD,RUCC,Non-metropolitan urbanized,6471,92864210,5.6146,0.0706,5.4786,5.7531,5.61 ± 0.07
2011-2015,J84_D86,J84_D86,ILD,RUCC,Less urbanized,8260,114653464,5.3646,0.0597,5.2495,5.4816,5.36 ± 0.06
2011-2015,J84_D86,J84_D86,ILD,RUCC,Thinly populated,1741,23626553,4.8731,0.1182,4.6468,5.1075,4.87 ± 0.12
2011-2015,J84_D86,J84_D86,ILD,RUCC,National,93189,1581910672,5.2992,0.0175,5.2653,5.3334,5.30 ± 0.02
2011-2015,K70,K70,Alcoholic,RUCC,Metropolitan urbanized,77374,1350766445,5.142,0.0188,5.1058,5.1783,5.14 ± 0.02
2011-2015,K70,K70,Alcoholic,RUCC,Non-metropolitan urbanized,6447,92864210,5.9933,0.0773,5.8479,6.1414,5.99 ± 0.08
2011-2015,K70,K70,Alcoholic,RUCC,Less urbanized,7279,114653464,5.3121,0.0649,5.1907,5.4355,5.31 ± 0.06
2011-2015,K70,K70,Alcoholic,RUCC,Thinly populated,1406,23626553,4.593,0.1294,4.356,4.8395,4.59 ± 0.13
2011-2015,K70,K70,Alcoholic,RUCC,National,92506,1581910672,5.1894,0.0174,5.1561,5.223,5.19 ± 0.02
2011-2015,K70_K76,K70_K76,Non-cancer CLD,RUCC,Metropolitan urbanized,199293,1350766445,13.2045,0.03,13.1466,13.2626,13.20 ± 0.03
2011-2015,K70_K76,K70_K76,Non-cancer CLD,RUCC,Non-metropolitan urbanized,17596,92864210,15.776,0.1224,15.5437,16.0108,15.78 ± 0.12
2011-2015,K70_K76,K70_K76,Non-cancer CLD,RUCC,Less urbanized,22282,114653464,15.3489,0.1063,15.148,15.5518,15.35 ± 0.11
2011-2015,K70_K76,K70_K76,Non-cancer CLD,RUCC,Thinly populated,4445,23626553,13.5804,0.2132,13.184,13.9856,13.58 ± 0.21
2011-2015,K70_K76,K70_K76,Non-cancer CLD,RUCC,National,243616,1581910672,13.5317,0.0279,13.4781,13.5856,13.53 ± 0.03
2011-2015,K70_K76_C22,K70_K76_C22,CLD,RUCC,Metropolitan urbanized,299685,1350766445,19.7449,0.0366,19.6743,19.8157,19.74 ± 0.04
2011-2015,K70_K76_C22,K70_K76_C22,CLD,RUCC,Non-metropolitan urbanized,24842,92864210,21.8339,0.1421,21.5632,22.1071,21.83 ± 0.14
2011-2015,K70_K76_C22,K70_K76_C22,CLD,RUCC,Less urbanized,31725,114653464,21.3578,0.1235,21.1234,21.5941,21.36 ± 0.12
2011-2015,K70_K76_C22,K70_K76_C22,CLD,RUCC,Thinly populated,6349,23626553,18.8907,0.2467,18.4289,19.3612,18.89 ± 0.25
2011-2015,K70_K76_C22,K70_K76_C22,CLD,RUCC,National,362601,1581910672,19.9673,0.0337,19.9024,20.0324,19.97 ± 0.03
2011-2015,K71,K71,K71,RUCC,Metropolitan urbanized,46,1350766445,0.003,0.0004,0.0022,0.004,0.00 ± 0.00
2011-2015,K71,K71,K71,RUCC,Non-metropolitan urbanized,9,92864210,0.0079,0.0027,0.0036,0.015,0.01 ± 0.00
2011-2015,K71,K71,K71,RUCC,Less urbanized,8,114653464,0.0058,0.0021,0.0025,0.0115,0.01 ± 0.00
2011-2015,K71,K71,K71,RUCC,Thinly populated,0,23626553,0.0,0.0,0.0,0.0,0.00 ± 0.00
2011-2015,K71,K71,K71,RUCC,National,63,1581910672,0.0035,0.0004,0.0027,0.0045,0.00 ± 0.00
2011-2015,K71_K73_K74,K71_K73_K74,Toxic & chronic,RUCC,Metropolitan urbanized,72996,1350766445,4.8214,0.0181,4.7865,4.8565,4.82 ± 0.02
2011-2015,K71_K73_K74,K71_K73_K74,Toxic & chronic,RUCC,Non-metropolitan urbanized,6885,92864210,6.0361,0.0744,5.8944,6.1804,6.04 ± 0.07
2011-2015,K71_K73_K74,K71_K73_K74,Toxic & chronic,RUCC,Less urbanized,9101,114653464,6.0865,0.0656,5.9621,6.2129,6.09 ± 0.07
2011-2015,K71_K73_K74,K71_K73_K74,Toxic & chronic,RUCC,Thinly populated,1826,23626553,5.4035,0.1314,5.1584,5.6571,5.40 ± 0.13
2011-2015,K71_K73_K74,K71_K73_K74,Toxic & chronic,RUCC,National,90808,1581910672,5.0054,0.0169,4.9729,5.0381,5.01 ± 0.02
2011-2015,K72_K75,K72_K75,Other CLD,RUCC,Metropolitan urbanized,19165,1350766445,1.2781,0.0094,1.26,1.2963,1.28 ± 0.01
2011-2015,K72_K75,K72_K75,Other CLD,RUCC,Non-metropolitan urbanized,1882,92864210,1.6684,0.0395,1.5938,1.7455,1.67 ± 0.04
2011-2015,K72_K75,K72_K75,Other CLD,RUCC,Less urbanized,2704,114653464,1.8268,0.0362,1.7586,1.897,1.83 ± 0.04
2011-2015,K72_K75,K72_K75,Other CLD,RUCC,Thinly populated,571,23626553,1.6758,0.0729,1.5412,1.8191,1.68 ± 0.07
2011-2015,K72_K75,K72_K75,Other CLD,RUCC,National,24322,1581910672,1.3556,0.0088,1.3387,1.3728,1.36 ± 0.01
2011-2015,K73,K73,K73,RUCC,Metropolitan urbanized,306,1350766445,0.0201,0.0012,0.0179,0.0225,0.02 ± 0.00
2011-2015,K73,K73,K73,RUCC,Non-metropolitan urbanized,32,92864210,0.0284,0.0051,0.0194,0.04,0.03 ± 0.01
2011-2015,K73,K73,K73,RUCC,Less urbanized,27,114653464,0.0172,0.0034,0.0113,0.025,0.02 ± 0.00
2011-2015,K73,K73,K73,RUCC,Thinly populated,8,23626553,0.0238,0.0085,0.0103,0.0468,0.02 ± 0.01
2011-2015,K73,K73,K73,RUCC,National,373,1581910672,0.0205,0.0011,0.0185,0.0227,0.02 ± 0.00
2011-2015,K74,K74,K74,RUCC,Metropolitan urbanized,72644,1350766445,4.7983,0.0181,4.7635,4.8334,4.80 ± 0.02
2011-2015,K74,K74,K74,RUCC,Non-metropolitan urbanized,6844,92864210,5.9998,0.0742,5.8585,6.1437,6.00 ± 0.07
2011-2015,K74,K74,K74,RUCC,Less urbanized,9066,114653464,6.0635,0.0655,5.9393,6.1896,6.06 ± 0.07
2011-2015,K74,K74,K74,RUCC,Thinly populated,1818,23626553,5.3797,0.1311,5.1352,5.6328,5.38 ± 0.13
2011-2015,K74,K74,K74,RUCC,National,90372,1581910672,4.9815,0.0168,4.9491,5.0141,4.98 ± 0.02
2011-2015,K76,K76,Non-alcoholic,RUCC,Metropolitan urbanized,29758,1350766445,1.963,0.0115,1.9408,1.9855,1.96 ± 0.01
2011-2015,K76,K76,Non-alcoholic,RUCC,Non-metropolitan urbanized,2382,92864210,2.0783,0.0436,1.9956,2.1634,2.08 ± 0.04
2011-2015,K76,K76,Non-alcoholic,RUCC,Less urbanized,3198,114653464,2.1234,0.0386,2.0505,2.1983,2.12 ± 0.04
2011-2015,K76,K76,Non-alcoholic,RUCC,Thinly populated,642,23626553,1.9081,0.0782,1.7633,2.0616,1.91 ± 0.08
2011-2015,K76,K76,Non-alcoholic,RUCC,National,35980,1581910672,1.9812,0.0106,1.9608,2.0018,1.98 ± 0.01
2011-2015,K76.7,K76.7,HRS,RUCC,Metropolitan urbanized,2030,1350766445,0.1352,0.003,0.1294,0.1412,0.14 ± 0.00
2011-2015,K76.7,K76.7,HRS,RUCC,Non-metropolitan urbanized,184,92864210,0.164,0.0124,0.1412,0.1895,0.16 ± 0.01
2011-2015,K76.7,K76.7,HRS,RUCC,Less urbanized,286,114653464,0.1905,0.0116,0.1691,0.2139,0.19 ± 0.01
2011-2015,K76.7,K76.7,HRS,RUCC,Thinly populated,61,23626553,0.1844,0.0245,0.1411,0.2369,0.18 ± 0.02
2011-2015,K76.7,K76.7,HRS,RUCC,National,2561,1581910672,0.1425,0.0029,0.137,0.1481,0.14 ± 0.00
2011-2015,N00_N15,N00_N15,GRTI,RUCC,Metropolitan urbanized,7369,1350766445,0.5033,0.0059,0.4918,0.5149,0.50 ± 0.01
2011-2015,N00_N15,N00_N15,GRTI,RUCC,Non-metropolitan urbanized,683,92864210,0.6019,0.0234,0.5576,0.6488,0.60 ± 0.02
2011-2015,N00_N15,N00_N15,GRTI,RUCC,Less urbanized,965,114653464,0.6322,0.0207,0.5929,0.6734,0.63 ± 0.02
2011-2015,N00_N15,N00_N15,GRTI,RUCC,Thinly populated,205,23626553,0.5918,0.0424,0.5135,0.6786,0.59 ± 0.04
2011-2015,N00_N15,N00_N15,GRTI,RUCC,National,9222,1581910672,0.5225,0.0055,0.5119,0.5332,0.52 ± 0.01
2011-2015,N00_N29,N00_N29,Non-cancer CKD,RUCC,Metropolitan urbanized,204183,1350766445,13.8489,0.031,13.7889,13.9091,13.85 ± 0.03
2011-2015,N00_N29,N00_N29,Non-cancer CKD,RUCC,Non-metropolitan urbanized,18805,92864210,16.1705,0.1193,15.9402,16.4033,16.17 ± 0.12
2011-2015,N00_N29,N00_N29,Non-cancer CKD,RUCC,Less urbanized,27643,114653464,17.8836,0.109,17.6734,18.0957,17.88 ± 0.11
2011-2015,N00_N29,N00_N29,Non-cancer CKD,RUCC,Thinly populated,5983,23626553,16.7643,0.2203,16.3421,17.1945,16.76 ± 0.22
2011-2015,N00_N29,N00_N29,Non-cancer CKD,RUCC,National,256614,1581910672,14.403,0.0287,14.3473,14.4588,14.40 ± 0.03
2011-2015,N00_N29_C64_C65,N00_N29_C64_C65,CKD,RUCC,Metropolitan urbanized,242242,1350766445,16.5056,0.0339,16.4399,16.5714,16.51 ± 0.03
2011-2015,N00_N29_C64_C65,N00_N29_C64_C65,CKD,RUCC,Non-metropolitan urbanized,22081,92864210,18.9801,0.1291,18.7306,19.2321,18.98 ± 0.13
2011-2015,N00_N29_C64_C65,N00_N29_C64_C65,CKD,RUCC,Less urbanized,32458,114653464,20.9425,0.1176,20.7153,21.1716,20.94 ± 0.12
2011-2015,N00_N29_C64_C65,N00_N29_C64_C65,CKD,RUCC,Thinly populated,7073,23626553,19.7296,0.238,19.2724,20.1948,19.73 ± 0.24
2011-2015,N00_N29_C64_C65,N00_N29_C64_C65,CKD,RUCC,National,303854,1581910672,17.1131,0.0314,17.0523,17.174,17.11 ± 0.03
2011-2015,N16_N17_N20_N29,N16_N17_N20_N29,Other kidney disease,RUCC,Metropolitan urbanized,43971,1350766445,2.9744,0.0143,2.9467,3.0023,2.97 ± 0.01
2011-2015,N16_N17_N20_N29,N16_N17_N20_N29,Other kidney disease,RUCC,Non-metropolitan urbanized,4364,92864210,3.7476,0.0574,3.6373,3.8605,3.75 ± 0.06
2011-2015,N16_N17_N20_N29,N16_N17_N20_N29,Other kidney disease,RUCC,Less urbanized,6364,114653464,4.1224,0.0524,4.0218,4.225,4.12 ± 0.05
2011-2015,N16_N17_N20_N29,N16_N17_N20_N29,Other kidney disease,RUCC,Thinly populated,1364,23626553,3.8014,0.1044,3.6023,4.0086,3.80 ± 0.10
2011-2015,N16_N17_N20_N29,N16_N17_N20_N29,Other kidney disease,RUCC,National,56063,1581910672,3.1399,0.0134,3.114,3.166,3.14 ± 0.01
2011-2015,N18_N19,N18_N19,RF,RUCC,Metropolitan urbanized,152843,1350766445,10.3712,0.0268,10.3193,10.4234,10.37 ± 0.03
2011-2015,N18_N19,N18_N19,RF,RUCC,Non-metropolitan urbanized,13758,92864210,11.821,0.1019,11.6243,12.0202,11.82 ± 0.10
2011-2015,N18_N19,N18_N19,RF,RUCC,Less urbanized,20314,114653464,13.129,0.0933,12.9491,13.3108,13.13 ± 0.09
2011-2015,N18_N19,N18_N19,RF,RUCC,Thinly populated,4414,23626553,12.3711,0.1893,12.0088,12.7415,12.37 ± 0.19
2011-2015,N18_N19,N18_N19,RF,RUCC,National,191329,1581910672,10.7406,0.0248,10.6926,10.7889,10.74 ± 0.02
2011-2015,X60_X69,X60_X69,NVS,RUCC,Metropolitan urbanized,28761,1350766445,2.0414,0.0122,2.0179,2.0652,2.04 ± 0.01
2011-2015,X60_X69,X60_X69,NVS,RUCC,Non-metropolitan urbanized,2019,92864210,2.124,0.049,2.0324,2.2187,2.12 ± 0.05
2011-2015,X60_X69,X60_X69,NVS,RUCC,Less urbanized,2219,114653464,1.8785,0.0415,1.8012,1.9583,1.88 ± 0.04
2011-2015,X60_X69,X60_X69,NVS,RUCC,Thinly populated,348,23626553,1.38,0.0784,1.2388,1.5329,1.38 ± 0.08
2011-2015,X60_X69,X60_X69,NVS,RUCC,National,33347,1581910672,2.0205,0.0113,1.9988,2.0423,2.02 ± 0.01
2011-2015,X60_X84_Y87.0,X60_X84_Y87.0,Suicide,RUCC,Metropolitan urbanized,168177,1350766445,12.0746,0.0299,12.017,12.1325,12.07 ± 0.03
2011-2015,X60_X84_Y87.0,X60_X84_Y87.0,Suicide,RUCC,Non-metropolitan urbanized,14914,92864210,15.7271,0.1327,15.4757,15.9815,15.73 ± 0.13
2011-2015,X60_X84_Y87.0,X60_X84_Y87.0,Suicide,RUCC,Less urbanized,18227,114653464,15.2852,0.1176,15.0641,15.5088,15.29 ± 0.12
2011-2015,X60_X84_Y87.0,X60_X84_Y87.0,Suicide,RUCC,Thinly populated,3220,23626553,11.9904,0.225,11.5798,12.4118,11.99 ± 0.22
2011-2015,X60_X84_Y87.0,X60_X84_Y87.0,Suicide,RUCC,National,204538,1581910672,12.5188,0.0281,12.4646,12.5731,12.52 ± 0.03
2011-2015,X70_X84,X70_X84,VS,RUCC,Metropolitan urbanized,139125,1350766445,10.0124,0.0272,9.9599,10.0652,10.01 ± 0.03
2011-2015,X70_X84,X70_X84,VS,RUCC,Non-metropolitan urbanized,12870,92864210,13.5771,0.1232,13.3436,13.8138,13.58 ± 0.12
2011-2015,X70_X84,X70_X84,VS,RUCC,Less urbanized,15983,114653464,13.3846,0.11,13.1779,13.5938,13.38 ± 0.11
2011-2015,X70_X84,X70_X84,VS,RUCC,Thinly populated,2867,23626553,10.5906,0.2106,10.2065,10.9855,10.59 ± 0.21
2011-2015,X70_X84,X70_X84,VS,RUCC,National,170845,1581910672,10.4773,0.0257,10.4276,10.5271,10.48 ± 0.03
2011-2015,Y87.0,Y87.0,SI,RUCC,Metropolitan urbanized,291,1350766445,0.0208,0.0012,0.0184,0.0233,0.02 ± 0.00
2011-2015,Y87.0,Y87.0,SI,RUCC,Non-metropolitan urbanized,25,92864210,0.0259,0.0054,0.0168,0.0383,0.03 ± 0.01
2011-2015,Y87.0,Y87.0,SI,RUCC,Less urbanized,25,114653464,0.0221,0.0045,0.0143,0.0326,0.02 ± 0.00
2011-2015,Y87.0,Y87.0,SI,RUCC,Thinly populated,5,23626553,0.0198,0.0097,0.0064,0.0461,0.02 ± 0.01
2011-2015,Y87.0,Y87.0,SI,RUCC,National,346,1581910672,0.0211,0.0012,0.0189,0.0234,0.02 ± 0.00
2016-2020,C00_C97,C00_C97,Cancer,RUCC,Metropolitan urbanized,2446268,1403347391,145.9381,0.0947,145.7552,146.1211,145.94 ± 0.09
2016-2020,C00_C97,C00_C97,Cancer,RUCC,Non-metropolitan urbanized,207979,93238846,164.1324,0.368,163.4278,164.8393,164.13 ± 0.37
2016-2020,C00_C97,C00_C97,Cancer,RUCC,Less urbanized,279595,113762539,169.0287,0.3278,168.4027,169.6564,169.03 ± 0.33
2016-2020,C00_C97,C00_C97,Cancer,RUCC,Thinly populated,60972,23379649,159.6723,0.6667,158.4074,160.9448,159.67 ± 0.67
2016-2020,C00_C97,C00_C97,Cancer,RUCC,National,2994814,1633728425,149.1664,0.0875,148.9975,149.3355,149.17 ± 0.09
2016-2020,C18_C21,C18_C21,Colorectal,RUCC,Metropolitan urbanized,215108,1403347391,12.936,0.0283,12.8814,12.9908,12.94 ± 0.03
2016-2020,C18_C21,C18_C21,Colorectal,RUCC,Non-metropolitan urbanized,18710,93238846,15.1033,0.1134,14.8876,15.3212,15.10 ± 0.11
2016-2020,C18_C21,C18_C21,Colorectal,RUCC,Less urbanized,25978,113762539,16.0852,0.1029,15.8902,16.282,16.09 ± 0.10
2016-2020,C18_C21,C18_C21,Colorectal,RUCC,Thinly populated,5809,23379649,15.6221,0.2134,15.223,16.0291,15.62 ± 0.21
2016-2020,C18_C21,C18_C21,Colorectal,RUCC,National,265605,1633728425,13.3736,0.0264,13.3228,13.4245,13.37 ± 0.03
2016-2020,C22,C22,Liver,RUCC,Metropolitan urbanized,115401,1403347391,6.6746,0.0199,6.6361,6.7132,6.67 ± 0.02
2016-2020,C22,C22,Liver,RUCC,Non-metropolitan urbanized,8561,93238846,6.5468,0.0723,6.4088,6.6869,6.55 ± 0.07
2016-2020,C22,C22,Liver,RUCC,Less urbanized,11164,113762539,6.6002,0.0639,6.4783,6.7238,6.60 ± 0.06
2016-2020,C22,C22,Liver,RUCC,Thinly populated,2331,23379649,6.0203,0.1283,5.7783,6.2697,6.02 ± 0.13
2016-2020,C22,C22,Liver,RUCC,National,137457,1633728425,6.6436,0.0182,6.6085,6.6788,6.64 ± 0.02
2016-2020,C25,C25,Pancreatic,RUCC,Metropolitan urbanized,185792,1403347391,10.9803,0.0258,10.9304,11.0303,10.98 ± 0.03
2016-2020,C25,C25,Pancreatic,RUCC,Non-metropolitan urbanized,14773,93238846,11.4856,0.0963,11.3011,11.6723,11.49 ± 0.10
2016-2020,C25,C25,Pancreatic,RUCC,Less urbanized,19452,113762539,11.6002,0.085,11.4377,11.7643,11.60 ± 0.08
2016-2020,C25,C25,Pancreatic,RUCC,Thinly populated,4247,23379649,11.0431,0.1742,10.7134,11.3803,11.04 ± 0.17
2016-2020,C25,C25,Pancreatic,RUCC,National,224264,1633728425,11.053,0.0237,11.0073,11.0988,11.05 ± 0.02
2016-2020,C34,C34,Lung,RUCC,Metropolitan urbanized,565258,1403347391,33.2821,0.0449,33.1954,33.369,33.28 ± 0.04
2016-2020,C34,C34,Lung,RUCC,Non-metropolitan urbanized,54134,93238846,41.6667,0.1822,41.3164,42.0192,41.67 ± 0.18
2016-2020,C34,C34,Lung,RUCC,Less urbanized,76046,113762539,44.7685,0.1653,44.4509,45.0878,44.77 ± 0.17
2016-2020,C34,C34,Lung,RUCC,Thinly populated,16886,23379649,43.332,0.3413,42.6809,43.9906,43.33 ± 0.34
2016-2020,C34,C34,Lung,RUCC,National,712324,1633728425,34.9142,0.0419,34.8331,34.9953,34.91 ± 0.04
2016-2020,C50,C50,Breast,RUCC,Metropolitan urbanized,178771,1403347391,10.8346,0.0261,10.7844,10.8849,10.83 ± 0.03
2016-2020,C50,C50,Breast,RUCC,Non-metropolitan urbanized,13319,93238846,10.9026,0.0975,10.7182,11.0893,10.90 ± 0.10
2016-2020,C50,C50,Breast,RUCC,Less urbanized,17117,113762539,10.8221,0.0859,10.6606,10.9855,10.82 ± 0.09
2016-2020,C50,C50,Breast,RUCC,Thinly populated,3549,23379649,9.6988,0.1704,9.3823,10.0233,9.70 ± 0.17
2016-2020,C50,C50,Breast,RUCC,National,212756,1633728425,10.8178,0.0239,10.7719,10.8639,10.82 ± 0.02
2016-2020,C56,C56,Ovarian,RUCC,Metropolitan urbanized,58114,1403347391,3.4651,0.0146,3.437,3.4934,3.47 ± 0.01
2016-2020,C56,C56,Ovarian,RUCC,Non-metropolitan urbanized,4327,93238846,3.4511,0.0538,3.349,3.5555,3.45 ± 0.05
2016-2020,C56,C56,Ovarian,RUCC,Less urbanized,5451,113762539,3.3329,0.0465,3.245,3.4226,3.33 ± 0.05
2016-2020,C56,C56,Ovarian,RUCC,Thinly populated,1121,23379649,2.9897,0.0925,2.8172,3.17,2.99 ± 0.09
2016-2020,C56,C56,Ovarian,RUCC,National,69013,1633728425,3.4433,0.0133,3.4176,3.4691,3.44 ± 0.01
2016-2020,C61,C61,Prostate,RUCC,Metropolitan urbanized,128836,1403347391,7.7121,0.0217,7.67,7.7543,7.71 ± 0.02
2016-2020,C61,C61,Prostate,RUCC,Non-metropolitan urbanized,10415,93238846,8.1014,0.0801,7.9465,8.2585,8.10 ± 0.08
2016-2020,C61,C61,Prostate,RUCC,Less urbanized,14134,113762539,8.3104,0.0704,8.174,8.4486,8.31 ± 0.07
2016-2020,C61,C61,Prostate,RUCC,Thinly populated,3281,23379649,8.3093,0.1461,8.0274,8.5986,8.31 ± 0.15
2016-2020,C61,C61,Prostate,RUCC,National,156666,1633728425,7.7995,0.0199,7.7609,7.8382,7.80 ± 0.02
2016-2020,C64_C65,C64_C65,Kidney,RUCC,Metropolitan urbanized,56241,1403347391,3.3483,0.0143,3.3207,3.3761,3.35 ± 0.01
2016-2020,C64_C65,C64_C65,Kidney,RUCC,Non-metropolitan urbanized,5309,93238846,4.1718,0.0585,4.0603,4.2856,4.17 ± 0.06
2016-2020,C64_C65,C64_C65,Kidney,RUCC,Less urbanized,7208,113762539,4.3577,0.0526,4.2577,4.4595,4.36 ± 0.05
2016-2020,C64_C65,C64_C65,Kidney,RUCC,Thinly populated,1558,23379649,4.0792,0.1067,3.8791,4.2869,4.08 ± 0.11
2016-2020,C64_C65,C64_C65,Kidney,RUCC,National,70316,1633728425,3.495,0.0134,3.4692,3.521,3.50 ± 0.01
2016-2020,C82_C85,C82_C85,NHL,RUCC,Metropolitan urbanized,83472,1403347391,5.0583,0.0177,5.024,5.0927,5.06 ± 0.02
2016-2020,C82_C85,C82_C85,NHL,RUCC,Non-metropolitan urbanized,6823,93238846,5.4316,0.067,5.3035,5.5621,5.43 ± 0.07
2016-2020,C82_C85,C82_C85,NHL,RUCC,Less urbanized,9157,113762539,5.5228,0.0588,5.4103,5.6371,5.52 ± 0.06
2016-2020,C82_C85,C82_C85,NHL,RUCC,Thinly populated,1932,23379649,5.0424,0.1176,4.8201,5.2724,5.04 ± 0.12
2016-2020,C82_C85,C82_C85,NHL,RUCC,National,101384,1633728425,5.1207,0.0163,5.0892,5.1523,5.12 ± 0.02
2016-2020,C91_C95,C91_C95,Leukemia,RUCC,Metropolitan urbanized,95590,1403347391,5.8685,0.0193,5.8313,5.9058,5.87 ± 0.02
2016-2020,C91_C95,C91_C95,Leukemia,RUCC,Non-metropolitan urbanized,7715,93238846,6.2328,0.0725,6.0945,6.3735,6.23 ± 0.07
2016-2020,C91_C95,C91_C95,Leukemia,RUCC,Less urbanized,10397,113762539,6.4282,0.0648,6.3052,6.5529,6.43 ± 0.06
2016-2020,C91_C95,C91_C95,Leukemia,RUCC,Thinly populated,2324,23379649,6.1059,0.1301,5.8602,6.3593,6.11 ± 0.13
2016-2020,C91_C95,C91_C95,Leukemia,RUCC,National,116026,1633728425,5.9447,0.0177,5.9105,5.979,5.94 ± 0.02
2016-2020,G10,G10,HD,RUCC,Metropolitan urbanized,4543,1403347391,0.2797,0.0042,0.2716,0.288,0.28 ± 0.00
2016-2020,G10,G10,HD,RUCC,Non-metropolitan urbanized,449,93238846,0.4048,0.0201,0.3682,0.4441,0.40 ± 0.02
2016-2020,G10,G10,HD,RUCC,Less urbanized,556,113762539,0.3984,0.0179,0.366,0.4329,0.40 ± 0.02
2016-2020,G10,G10,HD,RUCC,Thinly populated,105,23379649,0.3323,0.0351,0.2718,0.4023,0.33 ± 0.04
2016-2020,G10,G10,HD,RUCC,National,5653,1633728425,0.2955,0.004,0.2879,0.3033,0.30 ± 0.00
2016-2020,G12.2,G12.2,ALS,RUCC,Metropolitan urbanized,28950,1403347391,1.705,0.0102,1.6854,1.7248,1.71 ± 0.01
2016-2020,G12.2,G12.2,ALS,RUCC,Non-metropolitan urbanized,2387,93238846,1.9049,0.0401,1.8293,1.9829,1.90 ± 0.04
2016-2020,G12.2,G12.2,ALS,RUCC,Less urbanized,2791,113762539,1.6921,0.033,1.6299,1.7561,1.69 ± 0.03
2016-2020,G12.2,G12.2,ALS,RUCC,Thinly populated,644,23379649,1.7224,0.0709,1.5919,1.8607,1.72 ± 0.07
2016-2020,G12.2,G12.2,ALS,RUCC,National,34772,1633728425,1.7137,0.0094,1.6958,1.7318,1.71 ± 0.01
2016-2020,G20,G20,PD,RUCC,Metropolitan urbanized,141499,1403347391,8.7515,0.0235,8.7059,8.7972,8.75 ± 0.02
2016-2020,G20,G20,PD,RUCC,Non-metropolitan urbanized,11239,93238846,8.9713,0.0851,8.8062,9.1388,8.97 ± 0.09
2016-2020,G20,G20,PD,RUCC,Less urbanized,14306,113762539,8.5904,0.0722,8.4502,8.7323,8.59 ± 0.07
2016-2020,G20,G20,PD,RUCC,Thinly populated,2882,23379649,7.4109,0.1385,7.1427,7.6865,7.41 ± 0.14
2016-2020,G20,G20,PD,RUCC,National,169926,1633728425,8.7253,0.0213,8.6839,8.7669,8.73 ± 0.02
2016-2020,G20_G30_G12.2_F01_F03,G20_G30_G12.2_F01_F03,NDD,RUCC,Metropolitan urbanized,1163285,1403347391,70.076,0.0654,69.9487,70.2035,70.08 ± 0.07
2016-2020,G20_G30_G12.2_F01_F03,G20_G30_G12.2_F01_F03,NDD,RUCC,Non-metropolitan urbanized,99484,93238846,78.3486,0.2496,77.8625,78.837,78.35 ± 0.25
2016-2020,G20_G30_G12.2_F01_F03,G20_G30_G12.2_F01_F03,NDD,RUCC,Less urbanized,127519,113762539,75.8513,0.2133,75.4355,76.2687,75.85 ± 0.21
2016-2020,G20_G30_G12.2_F01_F03,G20_G30_G12.2_F01_F03,NDD,RUCC,Thinly populated,26467,23379649,67.4128,0.4162,66.603,68.2299,67.41 ± 0.42
2016-2020,G20_G30_G12.2_F01_F03,G20_G30_G12.2_F01_F03,NDD,RUCC,National,1416755,1633728425,71.0428,0.06,70.9258,71.1599,71.04 ± 0.06
2016-2020,G30_F01_F03,G30_F01_F03,Dementia,RUCC,Metropolitan urbanized,988293,1403347391,59.3398,0.06,59.2229,59.4569,59.34 ± 0.06
2016-2020,G30_F01_F03,G30_F01_F03,Dementia,RUCC,Non-metropolitan urbanized,85409,93238846,67.0675,0.2303,66.6185,67.5188,67.07 ± 0.23
2016-2020,G30_F01_F03,G30_F01_F03,Dementia,RUCC,Less urbanized,109866,113762539,65.1704,0.1971,64.7856,65.5569,65.17 ± 0.20
2016-2020,G30_F01_F03,G30_F01_F03,Dementia,RUCC,Thinly populated,22836,23379649,57.9472,0.3844,57.198,58.7037,57.95 ± 0.38
2016-2020,G30_F01_F03,G30_F01_F03,Dementia,RUCC,National,1206404,1633728425,60.3082,0.0552,60.2007,60.4159,60.31 ± 0.06
2016-2020,I00_I99,I00_I99,CVD,RUCC,Metropolitan urbanized,3551703,1403347391,212.9457,0.1143,212.7243,213.1673,212.95 ± 0.11
2016-2020,I00_I99,I00_I99,CVD,RUCC,Non-metropolitan urbanized,306536,93238846,244.5612,0.45,243.6962,245.4285,244.56 ± 0.45
2016-2020,I00_I99,I00_I99,CVD,RUCC,Less urbanized,420044,113762539,255.9748,0.4037,255.2013,256.7501,255.97 ± 0.40
2016-2020,I00_I99,I00_I99,CVD,RUCC,Thinly populated,90111,23379649,237.6279,0.8152,236.0789,239.1846,237.63 ± 0.82
2016-2020,I00_I99,I00_I99,CVD,RUCC,National,4368394,1633728425,218.774,0.1059,218.5689,218.9792,218.77 ± 0.11
2016-2020,I10_I15,I10_I15,HD,RUCC,Metropolitan urbanized,411723,1403347391,24.6753,0.039,24.6,24.7508,24.68 ± 0.04
2016-2020,I10_I15,I10_I15,HD,RUCC,Non-metropolitan urbanized,30029,93238846,24.074,0.1418,23.8025,24.3479,24.07 ± 0.14
2016-2020,I10_I15,I10_I15,HD,RUCC,Less urbanized,40312,113762539,24.8349,0.127,24.5931,25.0786,24.83 ± 0.13
2016-2020,I10_I15,I10_I15,HD,RUCC,Thinly populated,8518,23379649,22.8448,0.2566,22.3622,23.3352,22.84 ± 0.26
2016-2020,I10_I15,I10_I15,HD,RUCC,National,490582,1633728425,24.6084,0.0356,24.5396,24.6774,24.61 ± 0.04
2016-2020,I20_I25,I20_I25,IHD,RUCC,Metropolitan urbanized,1484059,1403347391,88.4446,0.0735,88.3023,88.587,88.44 ± 0.07
2016-2020,I20_I25,I20_I25,IHD,RUCC,Non-metropolitan urbanized,133630,93238846,105.8912,0.2951,105.3242,106.4605,105.89 ± 0.30
2016-2020,I20_I25,I20_I25,IHD,RUCC,Less urbanized,180707,113762539,109.6619,0.2637,109.1568,110.1686,109.66 ± 0.26
2016-2020,I20_I25,I20_I25,IHD,RUCC,Thinly populated,39534,23379649,104.1326,0.5396,103.1086,105.1642,104.13 ± 0.54
2016-2020,I20_I25,I20_I25,IHD,RUCC,National,1837930,1633728425,91.4762,0.0683,91.344,91.6085,91.48 ± 0.07
2016-2020,I50,I50,HF,RUCC,Metropolitan urbanized,332434,1403347391,19.8614,0.0347,19.794,19.9291,19.86 ± 0.03
2016-2020,I50,I50,HF,RUCC,Non-metropolitan urbanized,28701,93238846,22.6188,0.1349,22.3579,22.8821,22.62 ± 0.13
2016-2020,I50,I50,HF,RUCC,Less urbanized,43437,113762539,25.9566,0.126,25.7131,26.2019,25.96 ± 0.13
2016-2020,I50,I50,HF,RUCC,Thinly populated,9806,23379649,25.2508,0.259,24.7534,25.7556,25.25 ± 0.26
2016-2020,I50,I50,HF,RUCC,National,414378,1633728425,20.6424,0.0323,20.5796,20.7054,20.64 ± 0.03
2016-2020,I60_I69,I60_I69,Stroke,RUCC,Metropolitan urbanized,614489,1403347391,37.0535,0.0478,36.961,37.1463,37.05 ± 0.05
2016-2020,I60_I69,I60_I69,Stroke,RUCC,Non-metropolitan urbanized,49795,93238846,39.674,0.1805,39.3263,40.0241,39.67 ± 0.18
2016-2020,I60_I69,I60_I69,Stroke,RUCC,Less urbanized,67621,113762539,40.9873,0.1604,40.6789,41.2974,40.99 ± 0.16
2016-2020,I60_I69,I60_I69,Stroke,RUCC,Thinly populated,14271,23379649,37.3749,0.3204,36.7642,37.9933,37.37 ± 0.32
2016-2020,I60_I69,I60_I69,Stroke,RUCC,National,746176,1633728425,37.5331,0.0439,37.448,37.6183,37.53 ± 0.04
2016-2020,J40_J42_J45_J46_J47_J60_J70,J40_J42_J45_J46_J47_J60_J70,Other CRD,RUCC,Metropolitan urbanized,103223,1403347391,6.2862,0.0198,6.2479,6.3247,6.29 ± 0.02
2016-2020,J40_J42_J45_J46_J47_J60_J70,J40_J42_J45_J46_J47_J60_J70,Other CRD,RUCC,Non-metropolitan urbanized,9115,93238846,7.4001,0.0791,7.2489,7.5536,7.40 ± 0.08
2016-2020,J40_J42_J45_J46_J47_J60_J70,J40_J42_J45_J46_J47_J60_J70,Other CRD,RUCC,Less urbanized,11233,113762539,6.9668,0.0674,6.8386,7.0969,6.97 ± 0.07
2016-2020,J40_J42_J45_J46_J47_J60_J70,J40_J42_J45_J46_J47_J60_J70,Other CRD,RUCC,Thinly populated,2512,23379649,6.7388,0.1391,6.4778,7.0076,6.74 ± 0.14
2016-2020,J40_J42_J45_J46_J47_J60_J70,J40_J42_J45_J46_J47_J60_J70,Other CRD,RUCC,National,126083,1633728425,6.418,0.0183,6.3826,6.4535,6.42 ± 0.02
2016-2020,J40_J47,J40_J47,J40_J47,RUCC,Metropolitan urbanized,605693,1403347391,36.3113,0.0472,36.2199,36.4029,36.31 ± 0.05
2016-2020,J40_J47,J40_J47,J40_J47,RUCC,Non-metropolitan urbanized,65136,93238846,50.765,0.2015,50.3758,51.1563,50.76 ± 0.20
2016-2020,J40_J47,J40_J47,J40_J47,RUCC,Less urbanized,92411,113762539,54.7745,0.1826,54.4219,55.1288,54.77 ± 0.18
2016-2020,J40_J47,J40_J47,J40_J47,RUCC,Thinly populated,20264,23379649,51.9275,0.3709,51.215,52.6475,51.93 ± 0.37
2016-2020,J40_J47,J40_J47,J40_J47,RUCC,National,783504,1633728425,39.0643,0.0446,38.9779,39.1509,39.06 ± 0.04
2016-2020,J40_J47_J60_J70_J84_D86,J40_J47_J60_J70_J84_D86,Non-cancer CRD,RUCC,Metropolitan urbanized,774554,1403347391,46.5178,0.0534,46.4143,46.6216,46.52 ± 0.05
2016-2020,J40_J47_J60_J70_J84_D86,J40_J47_J60_J70_J84_D86,Non-cancer CRD,RUCC,Non-metropolitan urbanized,79946,93238846,62.5103,0.224,62.0777,62.9451,62.51 ± 0.22
2016-2020,J40_J47_J60_J70_J84_D86,J40_J47_J60_J70_J84_D86,Non-cancer CRD,RUCC,Less urbanized,110721,113762539,65.8194,0.2006,65.4322,66.2082,65.82 ± 0.20
2016-2020,J40_J47_J60_J70_J84_D86,J40_J47_J60_J70_J84_D86,Non-cancer CRD,RUCC,Thinly populated,24196,23379649,62.1548,0.4066,61.3741,62.943,62.15 ± 0.41
2016-2020,J40_J47_J60_J70_J84_D86,J40_J47_J60_J70_J84_D86,Non-cancer CRD,RUCC,National,989417,1633728425,49.4324,0.0502,49.3351,49.5299,49.43 ± 0.05
2016-2020,J40_J47_J60_J70_J84_D86_C34,J40_J47_J60_J70_J84_D86_C34,CRD,RUCC,Metropolitan urbanized,1339812,1403347391,79.8,0.0698,79.6649,79.9352,79.80 ± 0.07
2016-2020,J40_J47_J60_J70_J84_D86_C34,J40_J47_J60_J70_J84_D86_C34,CRD,RUCC,Non-metropolitan urbanized,134080,93238846,104.177,0.2887,103.6201,104.7361,104.18 ± 0.29
2016-2020,J40_J47_J60_J70_J84_D86_C34,J40_J47_J60_J70_J84_D86_C34,CRD,RUCC,Less urbanized,186767,113762539,110.5879,0.2599,110.0869,111.0905,110.59 ± 0.26
2016-2020,J40_J47_J60_J70_J84_D86_C34,J40_J47_J60_J70_J84_D86_C34,CRD,RUCC,Thinly populated,41082,23379649,105.4869,0.5309,104.4693,106.5119,105.49 ± 0.53
2016-2020,J40_J47_J60_J70_J84_D86_C34,J40_J47_J60_J70_J84_D86_C34,CRD,RUCC,National,1701741,1633728425,84.3466,0.0654,84.2199,84.4734,84.35 ± 0.07
2016-2020,J43_J44,J43_J44,COPD,RUCC,Metropolitan urbanized,584458,1403347391,34.9546,0.0462,34.865,35.0443,34.95 ± 0.05
2016-2020,J43_J44,J43_J44,COPD,RUCC,Non-metropolitan urbanized,63606,93238846,49.3973,0.1982,49.0141,49.7827,49.40 ± 0.20
2016-2020,J43_J44,J43_J44,COPD,RUCC,Less urbanized,90332,113762539,53.3377,0.1796,52.9905,53.6867,53.34 ± 0.18
2016-2020,J43_J44,J43_J44,COPD,RUCC,Thinly populated,19827,23379649,50.629,0.3649,49.9267,51.3387,50.63 ± 0.36
2016-2020,J43_J44,J43_J44,COPD,RUCC,National,758223,1633728425,37.7018,0.0437,37.617,37.7867,37.70 ± 0.04
2016-2020,J45,J45,Asthma,RUCC,Metropolitan urbanized,13810,1403347391,0.8899,0.0077,0.8751,0.9049,0.89 ± 0.01
2016-2020,J45,J45,Asthma,RUCC,Non-metropolitan urbanized,968,93238846,0.8923,0.0298,0.837,0.9504,0.89 ± 0.03
2016-2020,J45,J45,Asthma,RUCC,Less urbanized,1366,113762539,0.9714,0.0277,0.9206,1.0243,0.97 ± 0.03
2016-2020,J45,J45,Asthma,RUCC,Thinly populated,264,23379649,0.8223,0.0545,0.7261,0.9278,0.82 ± 0.05
2016-2020,J45,J45,Asthma,RUCC,National,16408,1633728425,0.8951,0.0072,0.8815,0.9089,0.90 ± 0.01
2016-2020,J60_J66,J60_J66,Pneumoconiosis,RUCC,Metropolitan urbanized,2101,1403347391,0.1288,0.0028,0.1233,0.1344,0.13 ± 0.00
2016-2020,J60_J66,J60_J66,Pneumoconiosis,RUCC,Non-metropolitan urbanized,306,93238846,0.2425,0.014,0.2161,0.2712,0.24 ± 0.01
2016-2020,J60_J66,J60_J66,Pneumoconiosis,RUCC,Less urbanized,611,113762539,0.3614,0.0148,0.3333,0.3912,0.36 ± 0.01
2016-2020,J60_J66,J60_J66,Pneumoconiosis,RUCC,Thinly populated,185,23379649,0.4704,0.035,0.4051,0.5433,0.47 ± 0.04
2016-2020,J60_J66,J60_J66,Pneumoconiosis,RUCC,National,3203,1633728425,0.1622,0.0029,0.1567,0.168,0.16 ± 0.00
2016-2020,J60_J70,J60_J70,J60_J70,RUCC,Metropolitan urbanized,81988,1403347391,4.9295,0.0174,4.8958,4.9634,4.93 ± 0.02
2016-2020,J60_J70,J60_J70,J60_J70,RUCC,Non-metropolitan urbanized,7585,93238846,6.0324,0.0703,5.8974,6.1697,6.03 ± 0.07
2016-2020,J60_J70,J60_J70,J60_J70,RUCC,Less urbanized,9154,113762539,5.5301,0.0588,5.4174,5.6446,5.53 ± 0.06
2016-2020,J60_J70,J60_J70,J60_J70,RUCC,Thinly populated,2084,23379649,5.4623,0.1226,5.2302,5.7019,5.46 ± 0.12
2016-2020,J60_J70,J60_J70,J60_J70,RUCC,National,100811,1633728425,5.0559,0.0161,5.0247,5.0872,5.06 ± 0.02
2016-2020,J84_D86,J84_D86,ILD,RUCC,Metropolitan urbanized,86873,1403347391,5.277,0.0181,5.242,5.3122,5.28 ± 0.02
2016-2020,J84_D86,J84_D86,ILD,RUCC,Non-metropolitan urbanized,7225,93238846,5.7129,0.0682,5.582,5.8462,5.71 ± 0.07
2016-2020,J84_D86,J84_D86,ILD,RUCC,Less urbanized,9156,113762539,5.5148,0.0586,5.4024,5.6289,5.51 ± 0.06
2016-2020,J84_D86,J84_D86,ILD,RUCC,Thinly populated,1857,23379649,4.787,0.1132,4.5717,5.0098,4.79 ± 0.11
2016-2020,J84_D86,J84_D86,ILD,RUCC,National,105111,1633728425,5.3127,0.0166,5.2806,5.3449,5.31 ± 0.02
2016-2020,K70,K70,Alcoholic,RUCC,Metropolitan urbanized,99814,1403347391,6.2405,0.0203,6.2019,6.2794,6.24 ± 0.02
2016-2020,K70,K70,Alcoholic,RUCC,Non-metropolitan urbanized,8707,93238846,8.0151,0.0904,7.8476,8.1852,8.02 ± 0.09
2016-2020,K70,K70,Alcoholic,RUCC,Less urbanized,9953,113762539,7.287,0.0776,7.1446,7.4316,7.29 ± 0.08
2016-2020,K70,K70,Alcoholic,RUCC,Thinly populated,2050,23379649,6.8087,0.163,6.5172,7.11,6.81 ± 0.16
2016-2020,K70,K70,Alcoholic,RUCC,National,120524,1633728425,6.4173,0.0191,6.3811,6.4536,6.42 ± 0.02
2016-2020,K70_K76,K70_K76,Non-cancer CLD,RUCC,Metropolitan urbanized,232490,1403347391,14.1913,0.0301,14.1337,14.2491,14.19 ± 0.03
2016-2020,K70_K76,K70_K76,Non-cancer CLD,RUCC,Non-metropolitan urbanized,21573,93238846,18.6125,0.1326,18.3649,18.8625,18.61 ± 0.13
2016-2020,K70_K76,K70_K76,Non-cancer CLD,RUCC,Less urbanized,26963,113762539,18.2186,0.1171,18.0018,18.4374,18.22 ± 0.12
2016-2020,K70_K76,K70_K76,Non-cancer CLD,RUCC,Thinly populated,5494,23379649,16.6549,0.2415,16.2174,17.1012,16.65 ± 0.24
2016-2020,K70_K76,K70_K76,Non-cancer CLD,RUCC,National,286520,1633728425,14.7821,0.0283,14.728,14.8363,14.78 ± 0.03
2016-2020,K70_K76_C22,K70_K76_C22,CLD,RUCC,Metropolitan urbanized,347891,1403347391,20.8659,0.0361,20.7966,20.9353,20.87 ± 0.04
2016-2020,K70_K76_C22,K70_K76_C22,CLD,RUCC,Non-metropolitan urbanized,30134,93238846,25.1592,0.151,24.876,25.4449,25.16 ± 0.15
2016-2020,K70_K76_C22,K70_K76_C22,CLD,RUCC,Less urbanized,38127,113762539,24.8189,0.1334,24.5703,25.0692,24.82 ± 0.13
2016-2020,K70_K76_C22,K70_K76_C22,CLD,RUCC,Thinly populated,7825,23379649,22.6752,0.2735,22.1755,23.1832,22.68 ± 0.27
2016-2020,K70_K76_C22,K70_K76_C22,CLD,RUCC,National,423977,1633728425,21.4257,0.0337,21.3612,21.4903,21.43 ± 0.03
2016-2020,K71,K71,K71,RUCC,Metropolitan urbanized,83,1403347391,0.005,0.0006,0.004,0.0062,0.01 ± 0.00
2016-2020,K71,K71,K71,RUCC,Non-metropolitan urbanized,6,93238846,0.006,0.0026,0.0022,0.0131,0.01 ± 0.00
2016-2020,K71,K71,K71,RUCC,Less urbanized,17,113762539,0.0105,0.0027,0.0061,0.0169,0.01 ± 0.00
2016-2020,K71,K71,K71,RUCC,Thinly populated,0,23379649,0.0,0.0,0.0,0.0,0.00 ± 0.00
2016-2020,K71,K71,K71,RUCC,National,106,1633728425,0.0054,0.0005,0.0044,0.0066,0.01 ± 0.00
2016-2020,K71_K73_K74,K71_K73_K74,Toxic & chronic,RUCC,Metropolitan urbanized,80284,1403347391,4.7913,0.0172,4.7582,4.8245,4.79 ± 0.02
2016-2020,K71_K73_K74,K71_K73_K74,Toxic & chronic,RUCC,Non-metropolitan urbanized,7686,93238846,6.2897,0.0744,6.1498,6.4319,6.29 ± 0.07
2016-2020,K71_K73_K74,K71_K73_K74,Toxic & chronic,RUCC,Less urbanized,10273,113762539,6.5917,0.068,6.4649,6.7204,6.59 ± 0.07
2016-2020,K71_K73_K74,K71_K73_K74,Toxic & chronic,RUCC,Thinly populated,2062,23379649,5.8677,0.1371,5.6171,6.1265,5.87 ± 0.14
2016-2020,K71_K73_K74,K71_K73_K74,Toxic & chronic,RUCC,National,100305,1633728425,5.0329,0.0162,5.0018,5.0642,5.03 ± 0.02
2016-2020,K72_K75,K72_K75,Other CLD,RUCC,Metropolitan urbanized,20986,1403347391,1.2807,0.009,1.2634,1.2981,1.28 ± 0.01
2016-2020,K72_K75,K72_K75,Other CLD,RUCC,Non-metropolitan urbanized,2168,93238846,1.8295,0.0409,1.7533,1.9082,1.83 ± 0.04
2016-2020,K72_K75,K72_K75,Other CLD,RUCC,Less urbanized,2906,113762539,1.8999,0.0369,1.8314,1.9702,1.90 ± 0.04
2016-2020,K72_K75,K72_K75,Other CLD,RUCC,Thinly populated,628,23379649,1.8026,0.0765,1.6644,1.9493,1.80 ± 0.08
2016-2020,K72_K75,K72_K75,Other CLD,RUCC,National,26688,1633728425,1.3705,0.0086,1.3541,1.387,1.37 ± 0.01
2016-2020,K73,K73,K73,RUCC,Metropolitan urbanized,213,1403347391,0.0127,0.0009,0.011,0.0145,0.01 ± 0.00
2016-2020,K73,K73,K73,RUCC,Non-metropolitan urbanized,20,93238846,0.018,0.0042,0.011,0.0279,0.02 ± 0.00
2016-2020,K73,K73,K73,RUCC,Less urbanized,36,113762539,0.0234,0.0041,0.0164,0.0324,0.02 ± 0.00
2016-2020,K73,K73,K73,RUCC,Thinly populated,2,23379649,0.0048,0.0034,0.0006,0.0174,0.00 ± 0.00
2016-2020,K73,K73,K73,RUCC,National,271,1633728425,0.0137,0.0009,0.0121,0.0154,0.01 ± 0.00
2016-2020,K74,K74,K74,RUCC,Metropolitan urbanized,79988,1403347391,4.7736,0.0172,4.7405,4.8067,4.77 ± 0.02
2016-2020,K74,K74,K74,RUCC,Non-metropolitan urbanized,7660,93238846,6.2656,0.0742,6.126,6.4075,6.27 ± 0.07
2016-2020,K74,K74,K74,RUCC,Less urbanized,10220,113762539,6.5578,0.0678,6.4312,6.6862,6.56 ± 0.07
2016-2020,K74,K74,K74,RUCC,Thinly populated,2060,23379649,5.8628,0.1371,5.6124,6.1216,5.86 ± 0.14
2016-2020,K74,K74,K74,RUCC,National,99928,1633728425,5.0138,0.0162,4.9828,5.045,5.01 ± 0.02
2016-2020,K76,K76,Non-alcoholic,RUCC,Metropolitan urbanized,31406,1403347391,1.8788,0.0108,1.8581,1.8997,1.88 ± 0.01
2016-2020,K76,K76,Non-alcoholic,RUCC,Non-metropolitan urbanized,3012,93238846,2.4783,0.0469,2.3905,2.5684,2.48 ± 0.05
2016-2020,K76,K76,Non-alcoholic,RUCC,Less urbanized,3831,113762539,2.44,0.0412,2.3634,2.5185,2.44 ± 0.04
2016-2020,K76,K76,Non-alcoholic,RUCC,Thinly populated,754,23379649,2.1759,0.0841,2.0233,2.3369,2.18 ± 0.08
2016-2020,K76,K76,Non-alcoholic,RUCC,National,39003,1633728425,1.9615,0.0101,1.9421,1.9811,1.96 ± 0.01
2016-2020,K76.7,K76.7,HRS,RUCC,Metropolitan urbanized,1899,1403347391,0.1153,0.0027,0.1102,0.1206,0.12 ± 0.00
2016-2020,K76.7,K76.7,HRS,RUCC,Non-metropolitan urbanized,199,93238846,0.1619,0.0119,0.1402,0.186,0.16 ± 0.01
2016-2020,K76.7,K76.7,HRS,RUCC,Less urbanized,265,113762539,0.1768,0.0114,0.1561,0.1994,0.18 ± 0.01
2016-2020,K76.7,K76.7,HRS,RUCC,Thinly populated,61,23379649,0.1937,0.0266,0.1482,0.2488,0.19 ± 0.03
2016-2020,K76.7,K76.7,HRS,RUCC,National,2424,1633728425,0.1242,0.0026,0.1193,0.1293,0.12 ± 0.00
2016-2020,N00_N15,N00_N15,GRTI,RUCC,Metropolitan urbanized,9852,1403347391,0.6,0.0061,0.5882,0.6119,0.60 ± 0.01
2016-2020,N00_N15,N00_N15,GRTI,RUCC,Non-metropolitan urbanized,963,93238846,0.7858,0.026,0.7369,0.837,0.79 ± 0.03
2016-2020,N00_N15,N00_N15,GRTI,RUCC,Less urbanized,1218,113762539,0.7552,0.0222,0.7134,0.7989,0.76 ± 0.02
2016-2020,N00_N15,N00_N15,GRTI,RUCC,Thinly populated,262,23379649,0.6784,0.0428,0.5988,0.7657,0.68 ± 0.04
2016-2020,N00_N15,N00_N15,GRTI,RUCC,National,12295,1633728425,0.6256,0.0057,0.6146,0.6368,0.63 ± 0.01
2016-2020,N00_N29,N00_N29,Non-cancer CKD,RUCC,Metropolitan urbanized,234811,1403347391,14.1594,0.0296,14.1022,14.2168,14.16 ± 0.03
2016-2020,N00_N29,N00_N29,Non-cancer CKD,RUCC,Non-metropolitan urbanized,21210,93238846,16.9142,0.1182,16.6873,17.1433,16.91 ± 0.12
2016-2020,N00_N29,N00_N29,Non-cancer CKD,RUCC,Less urbanized,30177,113762539,18.3635,0.1079,18.1569,18.5719,18.36 ± 0.11
2016-2020,N00_N29,N00_N29,Non-cancer CKD,RUCC,Thinly populated,6226,23379649,16.4586,0.2148,16.0523,16.8726,16.46 ± 0.21
2016-2020,N00_N29,N00_N29,Non-cancer CKD,RUCC,National,292424,1633728425,14.7156,0.0276,14.6623,14.769,14.72 ± 0.03
2016-2020,N00_N29_C64_C65,N00_N29_C64_C65,CKD,RUCC,Metropolitan urbanized,291052,1403347391,17.5078,0.0329,17.4442,17.5715,17.51 ± 0.03
2016-2020,N00_N29_C64_C65,N00_N29_C64_C65,CKD,RUCC,Non-metropolitan urbanized,26519,93238846,21.086,0.1319,20.8329,21.3413,21.09 ± 0.13
2016-2020,N00_N29_C64_C65,N00_N29_C64_C65,CKD,RUCC,Less urbanized,37385,113762539,22.7212,0.1201,22.4915,22.9528,22.72 ± 0.12
2016-2020,N00_N29_C64_C65,N00_N29_C64_C65,CKD,RUCC,Thinly populated,7784,23379649,20.5377,0.2398,20.084,20.9992,20.54 ± 0.24
2016-2020,N00_N29_C64_C65,N00_N29_C64_C65,CKD,RUCC,National,362740,1633728425,18.2106,0.0306,18.1514,18.27,18.21 ± 0.03
2016-2020,N16_N17_N20_N29,N16_N17_N20_N29,Other kidney disease,RUCC,Metropolitan urbanized,54233,1403347391,3.2684,0.0142,3.2409,3.296,3.27 ± 0.01
2016-2020,N16_N17_N20_N29,N16_N17_N20_N29,Other kidney disease,RUCC,Non-metropolitan urbanized,5339,93238846,4.2729,0.0596,4.1591,4.3891,4.27 ± 0.06
2016-2020,N16_N17_N20_N29,N16_N17_N20_N29,Other kidney disease,RUCC,Less urbanized,7665,113762539,4.6572,0.0543,4.5535,4.7626,4.66 ± 0.05
2016-2020,N16_N17_N20_N29,N16_N17_N20_N29,Other kidney disease,RUCC,Thinly populated,1656,23379649,4.4464,0.1133,4.2348,4.6659,4.45 ± 0.11
2016-2020,N16_N17_N20_N29,N16_N17_N20_N29,Other kidney disease,RUCC,National,68893,1633728425,3.4654,0.0134,3.4395,3.4913,3.47 ± 0.01
2016-2020,N18_N19,N18_N19,RF,RUCC,Metropolitan urbanized,170726,1403347391,10.2911,0.0252,10.2423,10.34,10.29 ± 0.03
2016-2020,N18_N19,N18_N19,RF,RUCC,Non-metropolitan urbanized,14908,93238846,11.8554,0.0987,11.6659,12.0473,11.86 ± 0.10
2016-2020,N18_N19,N18_N19,RF,RUCC,Less urbanized,21294,113762539,12.9511,0.0906,12.7778,13.1263,12.95 ± 0.09
2016-2020,N18_N19,N18_N19,RF,RUCC,Thinly populated,4308,23379649,11.3337,0.1774,10.9978,11.6773,11.33 ± 0.18
2016-2020,N18_N19,N18_N19,RF,RUCC,National,211236,1633728425,10.6246,0.0234,10.5793,10.67,10.62 ± 0.02
2016-2020,X60_X69,X60_X69,NVS,RUCC,Metropolitan urbanized,26639,1403347391,1.7965,0.0113,1.775,1.8182,1.80 ± 0.01
2016-2020,X60_X69,X60_X69,NVS,RUCC,Non-metropolitan urbanized,1924,93238846,2.0168,0.0479,1.9277,2.109,2.02 ± 0.05
2016-2020,X60_X69,X60_X69,NVS,RUCC,Less urbanized,2057,113762539,1.7587,0.0408,1.6835,1.8364,1.76 ± 0.04
2016-2020,X60_X69,X60_X69,NVS,RUCC,Thinly populated,309,23379649,1.1851,0.0725,1.0566,1.3248,1.19 ± 0.07
2016-2020,X60_X69,X60_X69,NVS,RUCC,National,30929,1633728425,1.7938,0.0105,1.7738,1.8139,1.79 ± 0.01
2016-2020,X60_X84_Y87.0,X60_X84_Y87.0,Suicide,RUCC,Metropolitan urbanized,188859,1403347391,12.9724,0.0304,12.9139,13.031,12.97 ± 0.03
2016-2020,X60_X84_Y87.0,X60_X84_Y87.0,Suicide,RUCC,Non-metropolitan urbanized,17036,93238846,17.9415,0.1426,17.6731,18.213,17.94 ± 0.14
2016-2020,X60_X84_Y87.0,X60_X84_Y87.0,Suicide,RUCC,Less urbanized,20007,113762539,17.0712,0.1266,16.8354,17.3094,17.07 ± 0.13
2016-2020,X60_X84_Y87.0,X60_X84_Y87.0,Suicide,RUCC,Thinly populated,3636,23379649,14.0622,0.2518,13.6088,14.5268,14.06 ± 0.25
2016-2020,X60_X84_Y87.0,X60_X84_Y87.0,Suicide,RUCC,National,229538,1633728425,13.5415,0.0289,13.4861,13.597,13.54 ± 0.03
2016-2020,X70_X84,X70_X84,VS,RUCC,Metropolitan urbanized,161993,1403347391,11.1607,0.0283,11.1064,11.2152,11.16 ± 0.03
2016-2020,X70_X84,X70_X84,VS,RUCC,Non-metropolitan urbanized,15101,93238846,15.9116,0.1343,15.6588,16.1675,15.91 ± 0.13
2016-2020,X70_X84,X70_X84,VS,RUCC,Less urbanized,17935,113762539,15.3,0.1198,15.0769,15.5256,15.30 ± 0.12
2016-2020,X70_X84,X70_X84,VS,RUCC,Thinly populated,3326,23379649,12.8717,0.2411,12.438,13.3168,12.87 ± 0.24
2016-2020,X70_X84,X70_X84,VS,RUCC,National,198355,1633728425,11.7329,0.0269,11.6814,11.7847,11.73 ± 0.03
2016-2020,Y87.0,Y87.0,SI,RUCC,Metropolitan urbanized,227,1403347391,0.0152,0.001,0.0133,0.0173,0.02 ± 0.00
2016-2020,Y87.0,Y87.0,SI,RUCC,Non-metropolitan urbanized,11,93238846,0.013,0.0041,0.0065,0.0233,0.01 ± 0.00
2016-2020,Y87.0,Y87.0,SI,RUCC,Less urbanized,15,113762539,0.0125,0.0034,0.007,0.0206,0.01 ± 0.00
2016-2020,Y87.0,Y87.0,SI,RUCC,Thinly populated,1,23379649,0.0054,0.0054,0.0001,0.0301,0.01 ± 0.01
2016-2020,Y87.0,Y87.0,SI,RUCC,National,254,1633728425,0.0147,0.0009,0.013,0.0167,0.01 ± 0.00
2021-2024,C00_C97,C00_C97,Cancer,RUCC,Metropolitan urbanized,1997032,1137415626,160.8958,0.1181,160.6727,161.1191,160.90 ± 0.12
2021-2024,C00_C97,C00_C97,Cancer,RUCC,Non-metropolitan urbanized,170058,73816463,191.3003,0.4922,190.3922,192.2117,191.30 ± 0.49
2021-2024,C00_C97,C00_C97,Cancer,RUCC,Less urbanized,227557,89213110,199.0987,0.4465,198.2815,199.9184,199.10 ± 0.45
2021-2024,C00_C97,C00_C97,Cancer,RUCC,Thinly populated,48950,17931743,188.248,0.9259,186.584,189.9231,188.25 ± 0.93
2021-2024,C00_C97,C00_C97,Cancer,RUCC,National,2443597,1318376942,166.0297,0.1106,165.8215,166.238,166.03 ± 0.11
2021-2024,C18_C21,C18_C21,Colorectal,RUCC,Metropolitan urbanized,177526,1137415626,14.8075,0.0364,14.7387,14.8765,14.81 ± 0.04
2021-2024,C18_C21,C18_C21,Colorectal,RUCC,Non-metropolitan urbanized,15435,73816463,18.1159,0.1545,17.8312,18.404,18.12 ± 0.15
2021-2024,C18_C21,C18_C21,Colorectal,RUCC,Less urbanized,21669,89213110,19.8241,0.1439,19.561,20.0899,19.82 ± 0.14
2021-2024,C18_C21,C18_C21,Colorectal,RUCC,Thinly populated,4593,17931743,18.715,0.301,18.1776,19.2642,18.71 ± 0.30
2021-2024,C18_C21,C18_C21,Colorectal,RUCC,National,219223,1318376942,15.4481,0.0343,15.3835,15.5129,15.45 ± 0.03
2021-2024,C22,C22,Liver,RUCC,Metropolitan urbanized,98675,1137415626,7.9397,0.0264,7.8902,7.9894,7.94 ± 0.03
2021-2024,C22,C22,Liver,RUCC,Non-metropolitan urbanized,7535,73816463,8.46,0.1042,8.27,8.6532,8.46 ± 0.10
2021-2024,C22,C22,Liver,RUCC,Less urbanized,9750,89213110,8.5916,0.0938,8.4219,8.7638,8.59 ± 0.09
2021-2024,C22,C22,Liver,RUCC,Thinly populated,2073,17931743,8.0958,0.1951,7.751,8.4519,8.10 ± 0.20
2021-2024,C22,C22,Liver,RUCC,National,118033,1318376942,8.0152,0.0245,7.9695,8.061,8.02 ± 0.02
2021-2024,C25,C25,Pancreatic,RUCC,Metropolitan urbanized,163635,1137415626,13.0826,0.0336,13.0193,13.1462,13.08 ± 0.03
2021-2024,C25,C25,Pancreatic,RUCC,Non-metropolitan urbanized,12946,73816463,14.4429,0.135,14.1951,14.6938,14.44 ± 0.13
2021-2024,C25,C25,Pancreatic,RUCC,Less urbanized,16609,89213110,14.4506,0.1202,14.2316,14.672,14.45 ± 0.12
2021-2024,C25,C25,Pancreatic,RUCC,Thinly populated,3734,17931743,14.3634,0.256,13.9064,14.8317,14.36 ± 0.26
2021-2024,C25,C25,Pancreatic,RUCC,National,196924,1318376942,13.2752,0.0312,13.2166,13.3339,13.28 ± 0.03
2021-2024,C34,C34,Lung,RUCC,Metropolitan urbanized,416784,1137415626,33.014,0.0532,32.9138,33.1143,33.01 ± 0.05
2021-2024,C34,C34,Lung,RUCC,Non-metropolitan urbanized,40362,73816463,44.8631,0.2381,44.4265,45.3029,44.86 ± 0.24
2021-2024,C34,C34,Lung,RUCC,Less urbanized,56783,89213110,49.195,0.2218,48.7912,49.6013,49.20 ± 0.22
2021-2024,C34,C34,Lung,RUCC,Thinly populated,12562,17931743,48.0771,0.4686,47.24,48.9253,48.08 ± 0.47
2021-2024,C34,C34,Lung,RUCC,National,526491,1318376942,35.1985,0.0506,35.1035,35.2937,35.20 ± 0.05
2021-2024,C50,C50,Breast,RUCC,Metropolitan urbanized,143877,1137415626,12.0707,0.033,12.0084,12.1332,12.07 ± 0.03
2021-2024,C50,C50,Breast,RUCC,Non-metropolitan urbanized,10931,73816463,12.8921,0.1306,12.6515,13.1361,12.89 ± 0.13
2021-2024,C50,C50,Breast,RUCC,Less urbanized,14154,89213110,13.0164,0.1169,12.8028,13.2326,13.02 ± 0.12
2021-2024,C50,C50,Breast,RUCC,Thinly populated,3013,17931743,12.3862,0.2456,11.9478,12.8365,12.39 ± 0.25
2021-2024,C50,C50,Breast,RUCC,National,171975,1318376942,12.1939,0.0306,12.1364,12.2517,12.19 ± 0.03
2021-2024,C56,C56,Ovarian,RUCC,Metropolitan urbanized,44088,1137415626,3.6454,0.018,3.6114,3.6796,3.65 ± 0.02
2021-2024,C56,C56,Ovarian,RUCC,Non-metropolitan urbanized,3286,73816463,3.7939,0.0704,3.6653,3.9259,3.79 ± 0.07
2021-2024,C56,C56,Ovarian,RUCC,Less urbanized,3931,89213110,3.4968,0.0597,3.3883,3.6079,3.50 ± 0.06
2021-2024,C56,C56,Ovarian,RUCC,Thinly populated,851,17931743,3.3607,0.1256,3.1386,3.5942,3.36 ± 0.13
2021-2024,C56,C56,Ovarian,RUCC,National,52156,1318376942,3.6367,0.0166,3.6056,3.6681,3.64 ± 0.02
2021-2024,C61,C61,Prostate,RUCC,Metropolitan urbanized,110601,1137415626,8.3655,0.0257,8.3163,8.415,8.37 ± 0.03
2021-2024,C61,C61,Prostate,RUCC,Non-metropolitan urbanized,8986,73816463,9.1678,0.1001,8.9792,9.3593,9.17 ± 0.10
2021-2024,C61,C61,Prostate,RUCC,Less urbanized,12202,89213110,9.5058,0.0895,9.3379,9.676,9.51 ± 0.09
2021-2024,C61,C61,Prostate,RUCC,Thinly populated,2812,17931743,9.5037,0.1877,9.1557,9.8616,9.50 ± 0.19
2021-2024,C61,C61,Prostate,RUCC,National,134601,1318376942,8.5275,0.0238,8.482,8.5731,8.53 ± 0.02
2021-2024,C64_C65,C64_C65,Kidney,RUCC,Metropolitan urbanized,47244,1137415626,3.8214,0.0182,3.787,3.856,3.82 ± 0.02
2021-2024,C64_C65,C64_C65,Kidney,RUCC,Non-metropolitan urbanized,4191,73816463,4.7201,0.0774,4.5783,4.8652,4.72 ± 0.08
2021-2024,C64_C65,C64_C65,Kidney,RUCC,Less urbanized,5848,89213110,5.151,0.0721,5.0198,5.2848,5.15 ± 0.07
2021-2024,C64_C65,C64_C65,Kidney,RUCC,Thinly populated,1280,17931743,4.9737,0.1512,4.7049,5.2538,4.97 ± 0.15
2021-2024,C64_C65,C64_C65,Kidney,RUCC,National,58563,1318376942,3.996,0.0172,3.9637,4.0285,4.00 ± 0.02
2021-2024,C82_C85,C82_C85,NHL,RUCC,Metropolitan urbanized,65472,1137415626,5.1393,0.0207,5.1,5.1788,5.14 ± 0.02
2021-2024,C82_C85,C82_C85,NHL,RUCC,Non-metropolitan urbanized,5373,73816463,5.7507,0.0822,5.5979,5.9065,5.75 ± 0.08
2021-2024,C82_C85,C82_C85,NHL,RUCC,Less urbanized,7154,89213110,5.9545,0.0745,5.8173,6.0941,5.95 ± 0.07
2021-2024,C82_C85,C82_C85,NHL,RUCC,Thinly populated,1431,17931743,5.1713,0.1468,4.9068,5.4463,5.17 ± 0.15
2021-2024,C82_C85,C82_C85,NHL,RUCC,National,79430,1318376942,5.2393,0.0192,5.203,5.2759,5.24 ± 0.02
2021-2024,C91_C95,C91_C95,Leukemia,RUCC,Metropolitan urbanized,76922,1137415626,6.0482,0.0224,6.0056,6.0911,6.05 ± 0.02
2021-2024,C91_C95,C91_C95,Leukemia,RUCC,Non-metropolitan urbanized,6348,73816463,6.8673,0.0904,6.6993,7.0383,6.87 ± 0.09
2021-2024,C91_C95,C91_C95,Leukemia,RUCC,Less urbanized,8362,89213110,6.9618,0.0805,6.8134,7.1126,6.96 ± 0.08
2021-2024,C91_C95,C91_C95,Leukemia,RUCC,Thinly populated,1727,17931743,6.2147,0.16,5.925,6.5149,6.21 ± 0.16
2021-2024,C91_C95,C91_C95,Leukemia,RUCC,National,93359,1318376942,6.1729,0.0208,6.1333,6.2126,6.17 ± 0.02
2021-2024,G10,G10,HD,RUCC,Metropolitan urbanized,3763,1137415626,0.3409,0.0058,0.3301,0.3519,0.34 ± 0.01
2021-2024,G10,G10,HD,RUCC,Non-metropolitan urbanized,346,73816463,0.4762,0.027,0.4273,0.5291,0.48 ± 0.03
2021-2024,G10,G10,HD,RUCC,Less urbanized,460,89213110,0.5149,0.0253,0.4689,0.5642,0.51 ± 0.03
2021-2024,G10,G10,HD,RUCC,Thinly populated,93,17931743,0.4681,0.0524,0.3778,0.5735,0.47 ± 0.05
2021-2024,G10,G10,HD,RUCC,National,4662,1318376942,0.3622,0.0055,0.3519,0.3727,0.36 ± 0.01
2021-2024,G12.2,G12.2,ALS,RUCC,Metropolitan urbanized,24882,1137415626,2.0509,0.0136,2.0255,2.0766,2.05 ± 0.01
2021-2024,G12.2,G12.2,ALS,RUCC,Non-metropolitan urbanized,2025,73816463,2.3505,0.056,2.2493,2.4552,2.35 ± 0.06
2021-2024,G12.2,G12.2,ALS,RUCC,Less urbanized,2366,89213110,2.1545,0.0478,2.0686,2.2431,2.15 ± 0.05
2021-2024,G12.2,G12.2,ALS,RUCC,Thinly populated,501,17931743,2.0273,0.0993,1.8537,2.2129,2.03 ± 0.10
2021-2024,G12.2,G12.2,ALS,RUCC,National,29774,1318376942,2.0732,0.0126,2.0497,2.0969,2.07 ± 0.01
2021-2024,G20,G20,PD,RUCC,Metropolitan urbanized,132003,1137415626,9.7932,0.0272,9.7404,9.8461,9.79 ± 0.03
2021-2024,G20,G20,PD,RUCC,Non-metropolitan urbanized,10505,73816463,10.441,0.1034,10.2422,10.6426,10.44 ± 0.10
2021-2024,G20,G20,PD,RUCC,Less urbanized,13192,89213110,9.927,0.0877,9.7583,10.0979,9.93 ± 0.09
2021-2024,G20,G20,PD,RUCC,Thinly populated,2711,17931743,8.8094,0.1725,8.4809,9.1474,8.81 ± 0.17
2021-2024,G20,G20,PD,RUCC,National,158411,1318376942,9.8241,0.0249,9.7757,9.8726,9.82 ± 0.02
2021-2024,G20_G30_G12.2_F01_F03,G20_G30_G12.2_F01_F03,NDD,RUCC,Metropolitan urbanized,905388,1137415626,68.0205,0.072,67.8805,68.1608,68.02 ± 0.07
2021-2024,G20_G30_G12.2_F01_F03,G20_G30_G12.2_F01_F03,NDD,RUCC,Non-metropolitan urbanized,78664,73816463,79.9909,0.2884,79.4329,80.5518,79.99 ± 0.29
2021-2024,G20_G30_G12.2_F01_F03,G20_G30_G12.2_F01_F03,NDD,RUCC,Less urbanized,100174,89213110,76.9113,0.246,76.4357,77.389,76.91 ± 0.25
2021-2024,G20_G30_G12.2_F01_F03,G20_G30_G12.2_F01_F03,NDD,RUCC,Thinly populated,21586,17931743,71.1017,0.4915,70.1563,72.0567,71.10 ± 0.49
2021-2024,G20_G30_G12.2_F01_F03,G20_G30_G12.2_F01_F03,NDD,RUCC,National,1105812,1318376942,69.5403,0.0666,69.4108,69.67,69.54 ± 0.07
2021-2024,G30_F01_F03,G30_F01_F03,Dementia,RUCC,Metropolitan urbanized,744740,1137415626,55.8356,0.065,55.7089,55.9626,55.84 ± 0.06
2021-2024,G30_F01_F03,G30_F01_F03,Dementia,RUCC,Non-metropolitan urbanized,65788,73816463,66.7232,0.2619,66.2143,67.235,66.72 ± 0.26
2021-2024,G30_F01_F03,G30_F01_F03,Dementia,RUCC,Less urbanized,84156,89213110,64.3149,0.2234,63.8811,64.7509,64.31 ± 0.22
2021-2024,G30_F01_F03,G30_F01_F03,Dementia,RUCC,Thinly populated,18281,17931743,59.7969,0.4463,58.9331,60.6701,59.80 ± 0.45
2021-2024,G30_F01_F03,G30_F01_F03,Dementia,RUCC,National,912965,1318376942,57.2808,0.0602,57.1634,57.3985,57.28 ± 0.06
2021-2024,I00_I99,I00_I99,CVD,RUCC,Metropolitan urbanized,3016434,1137415626,238.9865,0.1413,238.7169,239.2564,238.99 ± 0.14
2021-2024,I00_I99,I00_I99,CVD,RUCC,Non-metropolitan urbanized,261769,73816463,289.3099,0.5916,288.2026,290.4203,289.31 ± 0.59
2021-2024,I00_I99,I00_I99,CVD,RUCC,Less urbanized,353844,89213110,301.6781,0.5351,300.6849,302.6738,301.68 ± 0.54
2021-2024,I00_I99,I00_I99,CVD,RUCC,Thinly populated,76273,17931743,285.0114,1.1072,282.9923,287.0414,285.01 ± 1.11
2021-2024,I00_I99,I00_I99,CVD,RUCC,National,3708320,1318376942,247.49,0.1323,247.2382,247.742,247.49 ± 0.13
2021-2024,I10_I15,I10_I15,HD,RUCC,Metropolitan urbanized,434244,1137415626,34.8331,0.0543,34.7295,34.9368,34.83 ± 0.05
2021-2024,I10_I15,I10_I15,HD,RUCC,Non-metropolitan urbanized,34184,73816463,37.9649,0.2143,37.5635,38.3695,37.96 ± 0.21
2021-2024,I10_I15,I10_I15,HD,RUCC,Less urbanized,48264,89213110,41.4336,0.1987,41.0648,41.8049,41.43 ± 0.20
2021-2024,I10_I15,I10_I15,HD,RUCC,Thinly populated,9552,17931743,35.6724,0.3906,34.9606,36.3951,35.67 ± 0.39
2021-2024,I10_I15,I10_I15,HD,RUCC,National,526244,1318376942,35.5389,0.0505,35.4429,35.635,35.54 ± 0.05
2021-2024,I20_I25,I20_I25,IHD,RUCC,Metropolitan urbanized,1161015,1137415626,92.4459,0.0884,92.2778,92.6142,92.45 ± 0.09
2021-2024,I20_I25,I20_I25,IHD,RUCC,Non-metropolitan urbanized,106528,73816463,118.7462,0.3825,118.0342,119.4614,118.75 ± 0.38
2021-2024,I20_I25,I20_I25,IHD,RUCC,Less urbanized,141877,89213110,122.2696,0.344,121.6342,122.9075,122.27 ± 0.34
2021-2024,I20_I25,I20_I25,IHD,RUCC,Thinly populated,31212,17931743,118.892,0.7259,117.5766,120.2184,118.89 ± 0.73
2021-2024,I20_I25,I20_I25,IHD,RUCC,National,1440632,1318376942,96.6948,0.0833,96.5369,96.8528,96.69 ± 0.08
2021-2024,I50,I50,HF,RUCC,Metropolitan urbanized,286862,1137415626,22.068,0.0419,21.9873,22.1489,22.07 ± 0.04
2021-2024,I50,I50,HF,RUCC,Non-metropolitan urbanized,24076,73816463,25.591,0.1702,25.2688,25.9164,25.59 ± 0.17
2021-2024,I50,I50,HF,RUCC,Less urbanized,35584,89213110,28.8925,0.1591,28.5931,29.1943,28.89 ± 0.16
2021-2024,I50,I50,HF,RUCC,Thinly populated,8306,17931743,29.5794,0.3424,28.9466,30.2224,29.58 ± 0.34
2021-2024,I50,I50,HF,RUCC,National,354828,1318376942,22.9407,0.0392,22.8653,23.0163,22.94 ± 0.04
2021-2024,I60_I69,I60_I69,Stroke,RUCC,Metropolitan urbanized,547304,1137415626,42.6262,0.0589,42.5133,42.7392,42.63 ± 0.06
2021-2024,I60_I69,I60_I69,Stroke,RUCC,Non-metropolitan urbanized,42667,73816463,45.9439,0.2311,45.509,46.382,45.94 ± 0.23
2021-2024,I60_I69,I60_I69,Stroke,RUCC,Less urbanized,55654,89213110,46.1611,0.2051,45.7783,46.5462,46.16 ± 0.21
2021-2024,I60_I69,I60_I69,Stroke,RUCC,Thinly populated,11756,17931743,42.5315,0.4174,41.7661,43.3074,42.53 ± 0.42
2021-2024,I60_I69,I60_I69,Stroke,RUCC,National,657381,1318376942,43.059,0.0544,42.955,43.1632,43.06 ± 0.05
2021-2024,J40_J42_J45_J46_J47_J60_J70,J40_J42_J45_J46_J47_J60_J70,Other CRD,RUCC,Metropolitan urbanized,84185,1137415626,6.6727,0.0236,6.6277,6.7179,6.67 ± 0.02
2021-2024,J40_J42_J45_J46_J47_J60_J70,J40_J42_J45_J46_J47_J60_J70,Other CRD,RUCC,Non-metropolitan urbanized,6839,73816463,7.6268,0.0965,7.4471,7.8098,7.63 ± 0.10
2021-2024,J40_J42_J45_J46_J47_J60_J70,J40_J42_J45_J46_J47_J60_J70,Other CRD,RUCC,Less urbanized,8519,89213110,7.2796,0.0831,7.1258,7.4358,7.28 ± 0.08
2021-2024,J40_J42_J45_J46_J47_J60_J70,J40_J42_J45_J46_J47_J60_J70,Other CRD,RUCC,Thinly populated,1840,17931743,6.879,0.1722,6.5683,7.2007,6.88 ± 0.17
2021-2024,J40_J42_J45_J46_J47_J60_J70,J40_J42_J45_J46_J47_J60_J70,Other CRD,RUCC,National,101383,1318376942,6.7747,0.0219,6.733,6.8165,6.77 ± 0.02
2021-2024,J40_J47_J60_J70_J84_D86,J40_J47_J60_J70_J84_D86,Non-cancer CRD,RUCC,Metropolitan urbanized,587199,1137415626,45.2506,0.0606,45.135,45.3665,45.25 ± 0.06
2021-2024,J40_J47_J60_J70_J84_D86,J40_J47_J60_J70_J84_D86,Non-cancer CRD,RUCC,Non-metropolitan urbanized,62060,73816463,66.0523,0.2781,65.5336,66.574,66.05 ± 0.28
2021-2024,J40_J47_J60_J70_J84_D86,J40_J47_J60_J70_J84_D86,Non-cancer CRD,RUCC,Less urbanized,86457,89213110,71.0469,0.2554,70.5741,71.522,71.05 ± 0.26
2021-2024,J40_J47_J60_J70_J84_D86,J40_J47_J60_J70_J84_D86,Non-cancer CRD,RUCC,Thinly populated,18910,17931743,68.1401,0.5315,67.1724,69.1184,68.14 ± 0.53
2021-2024,J40_J47_J60_J70_J84_D86,J40_J47_J60_J70_J84_D86,Non-cancer CRD,RUCC,National,754626,1318376942,48.9218,0.058,48.8115,49.0323,48.92 ± 0.06
2021-2024,J40_J47_J60_J70_J84_D86_C34,J40_J47_J60_J70_J84_D86_C34,CRD,RUCC,Metropolitan urbanized,1003983,1137415626,78.2646,0.0806,78.1116,78.4178,78.26 ± 0.08
2021-2024,J40_J47_J60_J70_J84_D86_C34,J40_J47_J60_J70_J84_D86_C34,CRD,RUCC,Non-metropolitan urbanized,102422,73816463,110.9154,0.3661,110.2371,111.5968,110.92 ± 0.37
2021-2024,J40_J47_J60_J70_J84_D86_C34,J40_J47_J60_J70_J84_D86_C34,CRD,RUCC,Less urbanized,143240,89213110,120.2419,0.3383,119.62,120.8662,120.24 ± 0.34
2021-2024,J40_J47_J60_J70_J84_D86_C34,J40_J47_J60_J70_J84_D86_C34,CRD,RUCC,Thinly populated,31472,17931743,116.2173,0.7085,114.9368,117.5084,116.22 ± 0.71
2021-2024,J40_J47_J60_J70_J84_D86_C34,J40_J47_J60_J70_J84_D86_C34,CRD,RUCC,National,1281117,1318376942,84.1203,0.077,83.9747,84.2661,84.12 ± 0.08
2021-2024,J43_J44,J43_J44,COPD,RUCC,Metropolitan urbanized,426025,1137415626,32.6886,0.0515,32.5905,32.7869,32.69 ± 0.05
2021-2024,J43_J44,J43_J44,COPD,RUCC,Non-metropolitan urbanized,48906,73816463,51.8318,0.2461,51.3734,52.2933,51.83 ± 0.25
2021-2024,J43_J44,J43_J44,COPD,RUCC,Less urbanized,70159,89213110,57.5192,0.2298,57.0944,57.9464,57.52 ± 0.23
2021-2024,J43_J44,J43_J44,COPD,RUCC,Thinly populated,15495,17931743,55.7446,0.4806,54.8703,56.6294,55.74 ± 0.48
2021-2024,J43_J44,J43_J44,COPD,RUCC,National,560585,1318376942,36.198,0.0499,36.1033,36.2929,36.20 ± 0.05
2021-2024,J45,J45,Asthma,RUCC,Metropolitan urbanized,10804,1137415626,0.9499,0.0094,0.9321,0.968,0.95 ± 0.01
2021-2024,J45,J45,Asthma,RUCC,Non-metropolitan urbanized,860,73816463,1.1234,0.0403,1.0496,1.2011,1.12 ± 0.04
2021-2024,J45,J45,Asthma,RUCC,Less urbanized,974,89213110,1.0137,0.0344,0.951,1.0794,1.01 ± 0.03
2021-2024,J45,J45,Asthma,RUCC,Thinly populated,216,17931743,0.9943,0.0736,0.8661,1.1361,0.99 ± 0.07
2021-2024,J45,J45,Asthma,RUCC,National,12854,1318376942,0.9643,0.0088,0.9477,0.9811,0.96 ± 0.01
2021-2024,J60_J66,J60_J66,Pneumoconiosis,RUCC,Metropolitan urbanized,1169,1137415626,0.0879,0.0026,0.0829,0.0931,0.09 ± 0.00
2021-2024,J60_J66,J60_J66,Pneumoconiosis,RUCC,Non-metropolitan urbanized,209,73816463,0.2104,0.015,0.1828,0.2409,0.21 ± 0.01
2021-2024,J60_J66,J60_J66,Pneumoconiosis,RUCC,Less urbanized,469,89213110,0.3687,0.0179,0.3361,0.4036,0.37 ± 0.02
2021-2024,J60_J66,J60_J66,Pneumoconiosis,RUCC,Thinly populated,168,17931743,0.5838,0.0484,0.4989,0.6791,0.58 ± 0.05
2021-2024,J60_J66,J60_J66,Pneumoconiosis,RUCC,National,2015,1318376942,0.1269,0.0029,0.1214,0.1326,0.13 ± 0.00
2021-2024,J60_J70,J60_J70,J60_J70,RUCC,Metropolitan urbanized,67459,1137415626,5.243,0.0206,5.2035,5.2827,5.24 ± 0.02
2021-2024,J60_J70,J60_J70,J60_J70,RUCC,Non-metropolitan urbanized,5584,73816463,6.0549,0.0844,5.8971,6.2158,6.05 ± 0.08
2021-2024,J60_J70,J60_J70,J60_J70,RUCC,Less urbanized,7030,89213110,5.8097,0.0726,5.6746,5.9471,5.81 ± 0.07
2021-2024,J60_J70,J60_J70,J60_J70,RUCC,Thinly populated,1510,17931743,5.46,0.1498,5.188,5.7425,5.46 ± 0.15
2021-2024,J60_J70,J60_J70,J60_J70,RUCC,National,81583,1318376942,5.335,0.0192,5.2985,5.3718,5.34 ± 0.02
2021-2024,J84_D86,J84_D86,ILD,RUCC,Metropolitan urbanized,76989,1137415626,5.8894,0.0217,5.8479,5.9311,5.89 ± 0.02
2021-2024,J84_D86,J84_D86,ILD,RUCC,Non-metropolitan urbanized,6315,73816463,6.5936,0.0863,6.432,6.7583,6.59 ± 0.09
2021-2024,J84_D86,J84_D86,ILD,RUCC,Less urbanized,7779,89213110,6.2481,0.0742,6.11,6.3885,6.25 ± 0.07
2021-2024,J84_D86,J84_D86,ILD,RUCC,Thinly populated,1575,17931743,5.5165,0.1478,5.2474,5.7958,5.52 ± 0.15
2021-2024,J84_D86,J84_D86,ILD,RUCC,National,92658,1318376942,5.9491,0.0201,5.9109,5.9876,5.95 ± 0.02
2021-2024,K70,K70,Alcoholic,RUCC,Metropolitan urbanized,98225,1137415626,9.5359,0.0313,9.4763,9.5957,9.54 ± 0.03
2021-2024,K70,K70,Alcoholic,RUCC,Non-metropolitan urbanized,9115,73816463,13.5791,0.1481,13.3017,13.8608,13.58 ± 0.15
2021-2024,K70,K70,Alcoholic,RUCC,Less urbanized,10408,89213110,12.4503,0.1276,12.2123,12.6919,12.45 ± 0.13
2021-2024,K70,K70,Alcoholic,RUCC,Thinly populated,2204,17931743,12.3637,0.2794,11.8529,12.8909,12.36 ± 0.28
2021-2024,K70,K70,Alcoholic,RUCC,National,119952,1318376942,9.9971,0.0298,9.9407,10.0539,10.00 ± 0.03
2021-2024,K70_K76,K70_K76,Non-cancer CLD,RUCC,Metropolitan urbanized,220120,1137415626,19.9972,0.0442,19.9137,20.0809,20.00 ± 0.04
2021-2024,K70_K76,K70_K76,Non-cancer CLD,RUCC,Non-metropolitan urbanized,21195,73816463,28.6109,0.2077,28.227,28.9987,28.61 ± 0.21
2021-2024,K70_K76,K70_K76,Non-cancer CLD,RUCC,Less urbanized,26744,89213110,28.3524,0.1847,28.0136,28.6942,28.35 ± 0.18
2021-2024,K70_K76,K70_K76,Non-cancer CLD,RUCC,Thinly populated,5551,17931743,27.2788,0.3967,26.5659,28.0061,27.28 ± 0.40
2021-2024,K70_K76,K70_K76,Non-cancer CLD,RUCC,National,273610,1318376942,21.1903,0.0422,21.111,21.2698,21.19 ± 0.04
2021-2024,K70_K76_C22,K70_K76_C22,CLD,RUCC,Metropolitan urbanized,318795,1137415626,27.9368,0.0515,27.8399,28.034,27.94 ± 0.05
2021-2024,K70_K76_C22,K70_K76_C22,CLD,RUCC,Non-metropolitan urbanized,28730,73816463,37.0709,0.2324,36.6434,37.502,37.07 ± 0.23
2021-2024,K70_K76_C22,K70_K76_C22,CLD,RUCC,Less urbanized,36494,89213110,36.9439,0.2072,36.5658,37.3249,36.94 ± 0.21
2021-2024,K70_K76_C22,K70_K76_C22,CLD,RUCC,Thinly populated,7624,17931743,35.3746,0.4421,34.585,36.1777,35.37 ± 0.44
2021-2024,K70_K76_C22,K70_K76_C22,CLD,RUCC,National,391643,1318376942,29.2054,0.0487,29.1141,29.2971,29.21 ± 0.05
2021-2024,K71,K71,K71,RUCC,Metropolitan urbanized,110,1137415626,0.0094,0.0009,0.0077,0.0113,0.01 ± 0.00
2021-2024,K71,K71,K71,RUCC,Non-metropolitan urbanized,7,73816463,0.0082,0.0033,0.0033,0.0169,0.01 ± 0.00
2021-2024,K71,K71,K71,RUCC,Less urbanized,11,89213110,0.0125,0.004,0.0062,0.0223,0.01 ± 0.00
2021-2024,K71,K71,K71,RUCC,Thinly populated,6,17931743,0.0242,0.0109,0.0089,0.0526,0.02 ± 0.01
2021-2024,K71,K71,K71,RUCC,National,134,1318376942,0.0097,0.0009,0.0082,0.0115,0.01 ± 0.00
2021-2024,K71_K73_K74,K71_K73_K74,Toxic & chronic,RUCC,Metropolitan urbanized,76039,1137415626,6.5616,0.0248,6.515,6.6084,6.56 ± 0.02
2021-2024,K71_K73_K74,K71_K73_K74,Toxic & chronic,RUCC,Non-metropolitan urbanized,7364,73816463,9.2124,0.1143,9.0031,9.4252,9.21 ± 0.11
2021-2024,K71_K73_K74,K71_K73_K74,Toxic & chronic,RUCC,Less urbanized,10069,89213110,9.8468,0.1053,9.6554,10.041,9.85 ± 0.11
2021-2024,K71_K73_K74,K71_K73_K74,Toxic & chronic,RUCC,Thinly populated,2045,17931743,9.2038,0.2223,8.8092,9.6116,9.20 ± 0.22
2021-2024,K71_K73_K74,K71_K73_K74,Toxic & chronic,RUCC,National,95517,1318376942,6.9955,0.0237,6.9513,7.0401,7.00 ± 0.02
2021-2024,K72_K75,K72_K75,Other CLD,RUCC,Metropolitan urbanized,18111,1137415626,1.5821,0.0122,1.5591,1.6053,1.58 ± 0.01
2021-2024,K72_K75,K72_K75,Other CLD,RUCC,Non-metropolitan urbanized,1827,73816463,2.3478,0.0583,2.2414,2.458,2.35 ± 0.06
2021-2024,K72_K75,K72_K75,Other CLD,RUCC,Less urbanized,2582,89213110,2.576,0.0543,2.4776,2.6773,2.58 ± 0.05
2021-2024,K72_K75,K72_K75,Other CLD,RUCC,Thinly populated,515,17931743,2.3636,0.1133,2.1638,2.5768,2.36 ± 0.11
2021-2024,K72_K75,K72_K75,Other CLD,RUCC,National,23035,1318376942,1.7112,0.0118,1.6892,1.7335,1.71 ± 0.01
2021-2024,K73,K73,K73,RUCC,Metropolitan urbanized,168,1137415626,0.0149,0.0012,0.0128,0.0174,0.01 ± 0.00
2021-2024,K73,K73,K73,RUCC,Non-metropolitan urbanized,17,73816463,0.0231,0.0059,0.0135,0.037,0.02 ± 0.01
2021-2024,K73,K73,K73,RUCC,Less urbanized,32,89213110,0.0362,0.0068,0.0248,0.0512,0.04 ± 0.01
2021-2024,K73,K73,K73,RUCC,Thinly populated,3,17931743,0.0164,0.0101,0.0034,0.048,0.02 ± 0.01
2021-2024,K73,K73,K73,RUCC,National,220,1318376942,0.0169,0.0012,0.0148,0.0193,0.02 ± 0.00
2021-2024,K74,K74,K74,RUCC,Metropolitan urbanized,75761,1137415626,6.5373,0.0247,6.4908,6.584,6.54 ± 0.02
2021-2024,K74,K74,K74,RUCC,Non-metropolitan urbanized,7340,73816463,9.181,0.1141,8.9722,9.3935,9.18 ± 0.11
2021-2024,K74,K74,K74,RUCC,Less urbanized,10026,89213110,9.798,0.105,9.6072,9.9917,9.80 ± 0.11
2021-2024,K74,K74,K74,RUCC,Thinly populated,2036,17931743,9.1632,0.2218,8.7695,9.5701,9.16 ± 0.22
2021-2024,K74,K74,K74,RUCC,National,95163,1318376942,6.9689,0.0236,6.9246,7.0133,6.97 ± 0.02
2021-2024,K76,K76,Non-alcoholic,RUCC,Metropolitan urbanized,27745,1137415626,2.3176,0.0145,2.2904,2.3451,2.32 ± 0.01
2021-2024,K76,K76,Non-alcoholic,RUCC,Non-metropolitan urbanized,2889,73816463,3.4716,0.0689,3.3462,3.6006,3.47 ± 0.07
2021-2024,K76,K76,Non-alcoholic,RUCC,Less urbanized,3685,89213110,3.4793,0.0617,3.3678,3.5934,3.48 ± 0.06
2021-2024,K76,K76,Non-alcoholic,RUCC,Thinly populated,787,17931743,3.3477,0.1306,3.1179,3.59,3.35 ± 0.13
2021-2024,K76,K76,Non-alcoholic,RUCC,National,35106,1318376942,2.4864,0.0139,2.4604,2.5125,2.49 ± 0.01
2021-2024,K76.7,K76.7,HRS,RUCC,Metropolitan urbanized,1503,1137415626,0.1341,0.0036,0.1274,0.1411,0.13 ± 0.00
2021-2024,K76.7,K76.7,HRS,RUCC,Non-metropolitan urbanized,164,73816463,0.2214,0.0182,0.1888,0.258,0.22 ± 0.02
2021-2024,K76.7,K76.7,HRS,RUCC,Less urbanized,226,89213110,0.2324,0.0165,0.203,0.2647,0.23 ± 0.02
2021-2024,K76.7,K76.7,HRS,RUCC,Thinly populated,49,17931743,0.2363,0.0367,0.1748,0.3124,0.24 ± 0.04
2021-2024,K76.7,K76.7,HRS,RUCC,National,1942,1318376942,0.1477,0.0035,0.1412,0.1544,0.15 ± 0.00
2021-2024,N00_N15,N00_N15,GRTI,RUCC,Metropolitan urbanized,10339,1137415626,0.8189,0.0083,0.8032,0.8349,0.82 ± 0.01
2021-2024,N00_N15,N00_N15,GRTI,RUCC,Non-metropolitan urbanized,944,73816463,1.0484,0.0357,0.9826,1.1175,1.05 ± 0.04
2021-2024,N00_N15,N00_N15,GRTI,RUCC,Less urbanized,1254,89213110,1.0594,0.0316,1.0015,1.1197,1.06 ± 0.03
2021-2024,N00_N15,N00_N15,GRTI,RUCC,Thinly populated,255,17931743,0.9146,0.0611,0.8058,1.0341,0.91 ± 0.06
2021-2024,N00_N15,N00_N15,GRTI,RUCC,National,12792,1318376942,0.8532,0.0078,0.8385,0.8681,0.85 ± 0.01
2021-2024,N00_N29,N00_N29,Non-cancer CKD,RUCC,Metropolitan urbanized,199214,1137415626,15.707,0.0362,15.6381,15.7761,15.71 ± 0.04
2021-2024,N00_N29,N00_N29,Non-cancer CKD,RUCC,Non-metropolitan urbanized,17173,73816463,18.7043,0.1494,18.4256,18.9862,18.70 ± 0.15
2021-2024,N00_N29,N00_N29,Non-cancer CKD,RUCC,Less urbanized,24362,89213110,20.5407,0.1389,20.2835,20.8003,20.54 ± 0.14
2021-2024,N00_N29,N00_N29,Non-cancer CKD,RUCC,Thinly populated,5119,17931743,18.9443,0.2838,18.4289,19.4705,18.94 ± 0.28
2021-2024,N00_N29,N00_N29,Non-cancer CKD,RUCC,National,245868,1318376942,16.3116,0.0339,16.2472,16.3762,16.31 ± 0.03
2021-2024,N00_N29_C64_C65,N00_N29_C64_C65,CKD,RUCC,Metropolitan urbanized,246458,1137415626,19.5284,0.0405,19.4514,19.6056,19.53 ± 0.04
2021-2024,N00_N29_C64_C65,N00_N29_C64_C65,CKD,RUCC,Non-metropolitan urbanized,21364,73816463,23.4244,0.1682,23.1113,23.7406,23.42 ± 0.17
2021-2024,N00_N29_C64_C65,N00_N29_C64_C65,CKD,RUCC,Less urbanized,30210,89213110,25.6917,0.1564,25.4028,25.9831,25.69 ± 0.16
2021-2024,N00_N29_C64_C65,N00_N29_C64_C65,CKD,RUCC,Thinly populated,6399,17931743,23.918,0.3216,23.3355,24.5113,23.92 ± 0.32
2021-2024,N00_N29_C64_C65,N00_N29_C64_C65,CKD,RUCC,National,304431,1318376942,20.3076,0.038,20.2355,20.3799,20.31 ± 0.04
2021-2024,N16_N17_N20_N29,N16_N17_N20_N29,Other kidney disease,RUCC,Metropolitan urbanized,47892,1137415626,3.7832,0.0178,3.7494,3.8172,3.78 ± 0.02
2021-2024,N16_N17_N20_N29,N16_N17_N20_N29,Other kidney disease,RUCC,Non-metropolitan urbanized,4508,73816463,4.9366,0.0771,4.7936,5.0829,4.94 ± 0.08
2021-2024,N16_N17_N20_N29,N16_N17_N20_N29,Other kidney disease,RUCC,Less urbanized,6652,89213110,5.6806,0.0737,5.5449,5.8188,5.68 ± 0.07
2021-2024,N16_N17_N20_N29,N16_N17_N20_N29,Other kidney disease,RUCC,Thinly populated,1420,17931743,5.3461,0.1528,5.0716,5.6315,5.35 ± 0.15
2021-2024,N16_N17_N20_N29,N16_N17_N20_N29,Other kidney disease,RUCC,National,60472,1318376942,4.0238,0.0169,3.9918,4.056,4.02 ± 0.02
2021-2024,N18_N19,N18_N19,RF,RUCC,Metropolitan urbanized,140983,1137415626,11.1049,0.0304,11.047,11.163,11.10 ± 0.03
2021-2024,N18_N19,N18_N19,RF,RUCC,Non-metropolitan urbanized,11721,73816463,12.7192,0.1228,12.49,12.9516,12.72 ± 0.12
2021-2024,N18_N19,N18_N19,RF,RUCC,Less urbanized,16456,89213110,13.8007,0.1134,13.5907,14.0132,13.80 ± 0.11
2021-2024,N18_N19,N18_N19,RF,RUCC,Thinly populated,3444,17931743,12.6836,0.2312,12.2635,13.1145,12.68 ± 0.23
2021-2024,N18_N19,N18_N19,RF,RUCC,National,172604,1318376942,11.4346,0.0284,11.3807,11.4887,11.43 ± 0.03
2021-2024,X60_X69,X60_X69,NVS,RUCC,Metropolitan urbanized,19993,1137415626,1.8891,0.0137,1.863,1.9154,1.89 ± 0.01
2021-2024,X60_X69,X60_X69,NVS,RUCC,Non-metropolitan urbanized,1416,73816463,2.1122,0.0578,2.0036,2.2252,2.11 ± 0.06
2021-2024,X60_X69,X60_X69,NVS,RUCC,Less urbanized,1448,89213110,1.7911,0.0485,1.7,1.8858,1.79 ± 0.05
2021-2024,X60_X69,X60_X69,NVS,RUCC,Thinly populated,247,17931743,1.4851,0.0987,1.3056,1.6823,1.49 ± 0.10
2021-2024,X60_X69,X60_X69,NVS,RUCC,National,23104,1318376942,1.8862,0.0127,1.8619,1.9106,1.89 ± 0.01
2021-2024,X60_X84_Y87.0,X60_X84_Y87.0,Suicide,RUCC,Metropolitan urbanized,159333,1137415626,14.9195,0.0381,14.8463,14.9929,14.92 ± 0.04
2021-2024,X60_X84_Y87.0,X60_X84_Y87.0,Suicide,RUCC,Non-metropolitan urbanized,14233,73816463,20.7163,0.1789,20.3773,21.0595,20.72 ± 0.18
2021-2024,X60_X84_Y87.0,X60_X84_Y87.0,Suicide,RUCC,Less urbanized,16892,89213110,20.2242,0.1613,19.9203,20.5315,20.22 ± 0.16
2021-2024,X60_X84_Y87.0,X60_X84_Y87.0,Suicide,RUCC,Thinly populated,2989,17931743,17.016,0.3289,16.4114,17.6372,17.02 ± 0.33
2021-2024,X60_X84_Y87.0,X60_X84_Y87.0,Suicide,RUCC,National,193447,1318376942,15.6182,0.0363,15.5487,15.688,15.62 ± 0.04
2021-2024,X70_X84,X70_X84,VS,RUCC,Metropolitan urbanized,137534,1137415626,12.8567,0.0353,12.7888,12.9248,12.86 ± 0.04
2021-2024,X70_X84,X70_X84,VS,RUCC,Non-metropolitan urbanized,12739,73816463,18.4883,0.1688,18.1686,18.8122,18.49 ± 0.17
2021-2024,X70_X84,X70_X84,VS,RUCC,Less urbanized,15347,89213110,18.3166,0.1534,18.0279,18.6087,18.32 ± 0.15
2021-2024,X70_X84,X70_X84,VS,RUCC,Thinly populated,2726,17931743,15.4465,0.3129,14.8721,16.0375,15.45 ± 0.31
2021-2024,X70_X84,X70_X84,VS,RUCC,National,168346,1318376942,13.5665,0.0338,13.5017,13.6314,13.57 ± 0.03
2021-2024,Y87.0,Y87.0,SI,RUCC,Metropolitan urbanized,1806,1137415626,0.1738,0.0042,0.1658,0.182,0.17 ± 0.00
2021-2024,Y87.0,Y87.0,SI,RUCC,Non-metropolitan urbanized,78,73816463,0.1158,0.0135,0.0915,0.1445,0.12 ± 0.01
2021-2024,Y87.0,Y87.0,SI,RUCC,Less urbanized,97,89213110,0.1165,0.0122,0.0944,0.1421,0.12 ± 0.01
2021-2024,Y87.0,Y87.0,SI,RUCC,Thinly populated,16,17931743,0.0844,0.0228,0.0483,0.1371,0.08 ± 0.02
2021-2024,Y87.0,Y87.0,SI,RUCC,National,1997,1318376942,0.1656,0.0038,0.1584,0.173,0.17 ± 0.00
