Time_Period,ICD-10 Code,Outcome_Fullname,Outcome_Shortname,Stratification,Strata,Total_Deaths,Total_Population,AAMR,AAMR_SE,AAMR_Lower,AAMR_Upper,AAMRSE
2006-2010,C00_C97,C00_C97,Cancer,EQI Quintile,National,2826092,1519222141,176.3593,0.1055,176.1537,176.565,176.36 ± 0.11
2006-2010,C00_C97,C00_C97,Cancer,EQI Quintile,Q1,108741,54149786,176.9707,0.5401,175.9204,178.0258,176.97 ± 0.54
2006-2010,C00_C97,C00_C97,Cancer,EQI Quintile,Q2,216300,96778284,182.9255,0.3961,182.1554,183.6981,182.93 ± 0.40
2006-2010,C00_C97,C00_C97,Cancer,EQI Quintile,Q3,374361,180414358,182.8209,0.3003,182.2358,183.4075,182.82 ± 0.30
2006-2010,C00_C97,C00_C97,Cancer,EQI Quintile,Q4,523558,260777432,182.7254,0.2538,182.2308,183.221,182.73 ± 0.25
2006-2010,C00_C97,C00_C97,Cancer,EQI Quintile,Q5,1602802,926838167,172.4072,0.1372,172.1404,172.6744,172.41 ± 0.14
2006-2010,C00_C97,C00_C97,Cancer,EQI Quintile,Unclassified,330,264114,152.3754,8.6137,136.3769,169.7351,152.38 ± 8.61
2006-2010,C18_C21,C18_C21,Colorectal,EQI Quintile,National,265301,1519222141,16.5456,0.0323,16.4827,16.6087,16.55 ± 0.03
2006-2010,C18_C21,C18_C21,Colorectal,EQI Quintile,Q1,10815,54149786,17.7385,0.1717,17.4057,18.076,17.74 ± 0.17
2006-2010,C18_C21,C18_C21,Colorectal,EQI Quintile,Q2,20182,96778284,17.1702,0.1218,16.9342,17.4088,17.17 ± 0.12
2006-2010,C18_C21,C18_C21,Colorectal,EQI Quintile,Q3,35259,180414358,17.2706,0.0924,17.0908,17.4518,17.27 ± 0.09
2006-2010,C18_C21,C18_C21,Colorectal,EQI Quintile,Q4,49878,260777432,17.3983,0.0783,17.2459,17.5516,17.40 ± 0.08
2006-2010,C18_C21,C18_C21,Colorectal,EQI Quintile,Q5,149130,926838167,15.9994,0.0417,15.9183,16.0808,16.00 ± 0.04
2006-2010,C18_C21,C18_C21,Colorectal,EQI Quintile,Unclassified,37,264114,16.96,2.8638,11.9414,23.3771,16.96 ± 2.86
2006-2010,C22,C22,Liver,EQI Quintile,National,91447,1519222141,5.5996,0.0186,5.5633,5.636,5.60 ± 0.02
2006-2010,C22,C22,Liver,EQI Quintile,Q1,3702,54149786,5.9692,0.0988,5.7784,6.1646,5.97 ± 0.10
2006-2010,C22,C22,Liver,EQI Quintile,Q2,6599,96778284,5.5725,0.0691,5.4389,5.7086,5.57 ± 0.07
2006-2010,C22,C22,Liver,EQI Quintile,Q3,11621,180414358,5.6047,0.0523,5.5033,5.7075,5.60 ± 0.05
2006-2010,C22,C22,Liver,EQI Quintile,Q4,16223,260777432,5.5905,0.0442,5.5048,5.6772,5.59 ± 0.04
2006-2010,C22,C22,Liver,EQI Quintile,Q5,53296,926838167,5.597,0.0245,5.5496,5.6448,5.60 ± 0.02
2006-2010,C22,C22,Liver,EQI Quintile,Unclassified,6,264114,2.414,1.0292,0.8859,5.2543,2.41 ± 1.03
2006-2010,C25,C25,Pancreatic,EQI Quintile,National,175239,1519222141,10.907,0.0262,10.856,10.9582,10.91 ± 0.03
2006-2010,C25,C25,Pancreatic,EQI Quintile,Q1,6442,54149786,10.4553,0.131,10.2015,10.7138,10.46 ± 0.13
2006-2010,C25,C25,Pancreatic,EQI Quintile,Q2,12632,96778284,10.5922,0.0948,10.4083,10.7785,10.59 ± 0.09
2006-2010,C25,C25,Pancreatic,EQI Quintile,Q3,22100,180414358,10.7448,0.0726,10.6036,10.8874,10.74 ± 0.07
2006-2010,C25,C25,Pancreatic,EQI Quintile,Q4,31895,260777432,11.0887,0.0624,10.9674,11.2111,11.09 ± 0.06
2006-2010,C25,C25,Pancreatic,EQI Quintile,Q5,102140,926838167,10.9806,0.0346,10.9134,11.0482,10.98 ± 0.03
2006-2010,C25,C25,Pancreatic,EQI Quintile,Unclassified,30,264114,14.4893,2.7053,9.7759,20.6844,14.49 ± 2.71
2006-2010,C34,C34,Lung,EQI Quintile,National,791930,1519222141,49.4425,0.0559,49.3337,49.5516,49.44 ± 0.06
2006-2010,C34,C34,Lung,EQI Quintile,Q1,32386,54149786,51.8163,0.2895,51.2535,52.3838,51.82 ± 0.29
2006-2010,C34,C34,Lung,EQI Quintile,Q2,67892,96778284,56.4899,0.218,56.0658,56.9165,56.49 ± 0.22
2006-2010,C34,C34,Lung,EQI Quintile,Q3,111415,180414358,53.9494,0.1623,53.6331,54.2671,53.95 ± 0.16
2006-2010,C34,C34,Lung,EQI Quintile,Q4,150370,260777432,52.3352,0.1356,52.071,52.6004,52.34 ± 0.14
2006-2010,C34,C34,Lung,EQI Quintile,Q5,429791,926838167,46.5776,0.0716,46.4385,46.7171,46.58 ± 0.07
2006-2010,C34,C34,Lung,EQI Quintile,Unclassified,76,264114,36.1809,4.2446,28.5064,45.2858,36.18 ± 4.24
2006-2010,C50,C50,Breast,EQI Quintile,National,205551,1519222141,12.7195,0.0282,12.6645,12.7746,12.72 ± 0.03
2006-2010,C50,C50,Breast,EQI Quintile,Q1,7229,54149786,11.8829,0.141,11.6106,12.1601,11.88 ± 0.14
2006-2010,C50,C50,Breast,EQI Quintile,Q2,13699,96778284,11.8323,0.1023,11.6349,12.0321,11.83 ± 0.10
2006-2010,C50,C50,Breast,EQI Quintile,Q3,25294,180414358,12.443,0.0788,12.2901,12.5973,12.44 ± 0.08
2006-2010,C50,C50,Breast,EQI Quintile,Q4,37281,260777432,13.028,0.068,12.8961,13.1609,13.03 ± 0.07
2006-2010,C50,C50,Breast,EQI Quintile,Q5,122018,926838167,12.877,0.0372,12.8048,12.9494,12.88 ± 0.04
2006-2010,C50,C50,Breast,EQI Quintile,Unclassified,30,264114,13.6567,2.5613,9.2141,19.4958,13.66 ± 2.56
2006-2010,C56,C56,Ovarian,EQI Quintile,National,72795,1519222141,4.5159,0.0168,4.4831,4.5488,4.52 ± 0.02
2006-2010,C56,C56,Ovarian,EQI Quintile,Q1,2471,54149786,4.0228,0.0815,3.8657,4.1846,4.02 ± 0.08
2006-2010,C56,C56,Ovarian,EQI Quintile,Q2,4789,96778284,4.0586,0.0591,3.9444,4.1752,4.06 ± 0.06
2006-2010,C56,C56,Ovarian,EQI Quintile,Q3,8930,180414358,4.3571,0.0464,4.2672,4.4485,4.36 ± 0.05
2006-2010,C56,C56,Ovarian,EQI Quintile,Q4,13198,260777432,4.5921,0.0402,4.5141,4.6712,4.59 ± 0.04
2006-2010,C56,C56,Ovarian,EQI Quintile,Q5,43401,926838167,4.6255,0.0224,4.5821,4.6692,4.63 ± 0.02
2006-2010,C56,C56,Ovarian,EQI Quintile,Unclassified,6,264114,2.74,1.1463,1.0055,5.9638,2.74 ± 1.15
2006-2010,C61,C61,Prostate,EQI Quintile,National,142566,1519222141,9.0297,0.024,8.9829,9.0767,9.03 ± 0.02
2006-2010,C61,C61,Prostate,EQI Quintile,Q1,5848,54149786,9.7621,0.1281,9.5135,10.0155,9.76 ± 0.13
2006-2010,C61,C61,Prostate,EQI Quintile,Q2,10799,96778284,9.1386,0.0881,8.967,9.3126,9.14 ± 0.09
2006-2010,C61,C61,Prostate,EQI Quintile,Q3,18991,180414358,9.3448,0.068,9.2124,9.4787,9.34 ± 0.07
2006-2010,C61,C61,Prostate,EQI Quintile,Q4,26390,260777432,9.2478,0.0571,9.1366,9.3601,9.25 ± 0.06
2006-2010,C61,C61,Prostate,EQI Quintile,Q5,80524,926838167,8.8326,0.0313,8.7717,8.8938,8.83 ± 0.03
2006-2010,C61,C61,Prostate,EQI Quintile,Unclassified,14,264114,6.8036,1.8519,3.7196,11.4153,6.80 ± 1.85
2006-2010,C64_C65,C64_C65,Kidney,EQI Quintile,National,64101,1519222141,3.9739,0.0158,3.9432,4.0047,3.97 ± 0.02
2006-2010,C64_C65,C64_C65,Kidney,EQI Quintile,Q1,2473,54149786,4.0085,0.0811,3.8521,4.1697,4.01 ± 0.08
2006-2010,C64_C65,C64_C65,Kidney,EQI Quintile,Q2,4982,96778284,4.1953,0.0599,4.0796,4.3135,4.20 ± 0.06
2006-2010,C64_C65,C64_C65,Kidney,EQI Quintile,Q3,8746,180414358,4.2446,0.0456,4.1561,4.3345,4.24 ± 0.05
2006-2010,C64_C65,C64_C65,Kidney,EQI Quintile,Q4,12129,260777432,4.2053,0.0384,4.1308,4.2809,4.21 ± 0.04
2006-2010,C64_C65,C64_C65,Kidney,EQI Quintile,Q5,35761,926838167,3.8224,0.0204,3.7829,3.8622,3.82 ± 0.02
2006-2010,C64_C65,C64_C65,Kidney,EQI Quintile,Unclassified,10,264114,4.7257,1.5325,2.2662,8.6907,4.73 ± 1.53
2006-2010,C82_C85,C82_C85,NHL,EQI Quintile,National,102061,1519222141,6.4357,0.0202,6.3963,6.4754,6.44 ± 0.02
2006-2010,C82_C85,C82_C85,NHL,EQI Quintile,Q1,3578,54149786,5.9114,0.0994,5.7193,6.1083,5.91 ± 0.10
2006-2010,C82_C85,C82_C85,NHL,EQI Quintile,Q2,7404,96778284,6.3187,0.0739,6.1755,6.4643,6.32 ± 0.07
2006-2010,C82_C85,C82_C85,NHL,EQI Quintile,Q3,13267,180414358,6.5495,0.0571,6.4386,6.662,6.55 ± 0.06
2006-2010,C82_C85,C82_C85,NHL,EQI Quintile,Q4,18679,260777432,6.568,0.0483,6.4742,6.6629,6.57 ± 0.05
2006-2010,C82_C85,C82_C85,NHL,EQI Quintile,Q5,59118,926838167,6.4271,0.0266,6.3754,6.4791,6.43 ± 0.03
2006-2010,C82_C85,C82_C85,NHL,EQI Quintile,Unclassified,15,264114,7.3718,1.9494,4.1259,12.1586,7.37 ± 1.95
2006-2010,C91_C95,C91_C95,Leukemia,EQI Quintile,National,110701,1519222141,7.0127,0.0212,6.9715,7.0542,7.01 ± 0.02
2006-2010,C91_C95,C91_C95,Leukemia,EQI Quintile,Q1,4018,54149786,6.7067,0.1064,6.5009,6.9173,6.71 ± 0.11
2006-2010,C91_C95,C91_C95,Leukemia,EQI Quintile,Q2,7919,96778284,6.8238,0.0773,6.6743,6.9757,6.82 ± 0.08
2006-2010,C91_C95,C91_C95,Leukemia,EQI Quintile,Q3,14165,180414358,7.0424,0.0595,6.9269,7.1594,7.04 ± 0.06
2006-2010,C91_C95,C91_C95,Leukemia,EQI Quintile,Q4,20059,260777432,7.1002,0.0504,7.0023,7.1992,7.10 ± 0.05
2006-2010,C91_C95,C91_C95,Leukemia,EQI Quintile,Q5,64523,926838167,7.031,0.0279,6.9768,7.0854,7.03 ± 0.03
2006-2010,C91_C95,C91_C95,Leukemia,EQI Quintile,Unclassified,17,264114,7.742,1.9255,4.51,12.3957,7.74 ± 1.93
2006-2010,G10,G10,HD,EQI Quintile,National,4418,1519222141,0.272,0.0041,0.264,0.2801,0.27 ± 0.00
2006-2010,G10,G10,HD,EQI Quintile,Q1,123,54149786,0.2032,0.0185,0.1688,0.2424,0.20 ± 0.02
2006-2010,G10,G10,HD,EQI Quintile,Q2,299,96778284,0.2675,0.0157,0.238,0.2996,0.27 ± 0.02
2006-2010,G10,G10,HD,EQI Quintile,Q3,561,180414358,0.2801,0.012,0.2574,0.3042,0.28 ± 0.01
2006-2010,G10,G10,HD,EQI Quintile,Q4,837,260777432,0.2973,0.0104,0.2775,0.3182,0.30 ± 0.01
2006-2010,G10,G10,HD,EQI Quintile,Q5,2597,926838167,0.2688,0.0053,0.2586,0.2794,0.27 ± 0.01
2006-2010,G10,G10,HD,EQI Quintile,Unclassified,1,264114,0.3169,0.3169,0.008,1.7655,0.32 ± 0.32
2006-2010,G12.2,G12.2,ALS,EQI Quintile,National,31212,1519222141,1.9455,0.0111,1.924,1.9672,1.95 ± 0.01
2006-2010,G12.2,G12.2,ALS,EQI Quintile,Q1,913,54149786,1.4626,0.0488,1.3692,1.5606,1.46 ± 0.05
2006-2010,G12.2,G12.2,ALS,EQI Quintile,Q2,2017,96778284,1.7023,0.0382,1.6288,1.7783,1.70 ± 0.04
2006-2010,G12.2,G12.2,ALS,EQI Quintile,Q3,3719,180414358,1.8093,0.0298,1.7516,1.8684,1.81 ± 0.03
2006-2010,G12.2,G12.2,ALS,EQI Quintile,Q4,5676,260777432,1.9882,0.0266,1.9368,2.0406,1.99 ± 0.03
2006-2010,G12.2,G12.2,ALS,EQI Quintile,Q5,18882,926838167,2.0309,0.0149,2.002,2.0601,2.03 ± 0.01
2006-2010,G12.2,G12.2,ALS,EQI Quintile,Unclassified,5,264114,2.1154,0.9658,0.6869,4.9365,2.12 ± 0.97
2006-2010,G20,G20,PD,EQI Quintile,National,101880,1519222141,6.5388,0.0205,6.4987,6.579,6.54 ± 0.02
2006-2010,G20,G20,PD,EQI Quintile,Q1,2921,54149786,5.0059,0.0928,4.826,5.1908,5.01 ± 0.09
2006-2010,G20,G20,PD,EQI Quintile,Q2,6577,96778284,5.6624,0.0699,5.5264,5.8009,5.66 ± 0.07
2006-2010,G20,G20,PD,EQI Quintile,Q3,12677,180414358,6.3268,0.0563,6.2171,6.4379,6.33 ± 0.06
2006-2010,G20,G20,PD,EQI Quintile,Q4,18648,260777432,6.6026,0.0485,6.5082,6.6981,6.60 ± 0.05
2006-2010,G20,G20,PD,EQI Quintile,Q5,61045,926838167,6.779,0.0275,6.7253,6.833,6.78 ± 0.03
2006-2010,G20,G20,PD,EQI Quintile,Unclassified,12,264114,6.7293,1.9443,3.4771,11.7547,6.73 ± 1.94
2006-2010,G20_G30_G12.2_F01_F03,G20_G30_G12.2_F01_F03,NDD,EQI Quintile,National,979496,1519222147,61.3281,0.0621,61.2067,61.4497,61.33 ± 0.06
2006-2010,G20_G30_G12.2_F01_F03,G20_G30_G12.2_F01_F03,NDD,EQI Quintile,Q1,30731,54149792,53.1478,0.3035,52.5552,53.7454,53.15 ± 0.30
2006-2010,G20_G30_G12.2_F01_F03,G20_G30_G12.2_F01_F03,NDD,EQI Quintile,Q2,67558,96778284,58.416,0.2249,57.9763,58.8582,58.42 ± 0.22
2006-2010,G20_G30_G12.2_F01_F03,G20_G30_G12.2_F01_F03,NDD,EQI Quintile,Q3,121247,180414358,59.889,0.1722,59.5523,60.227,59.89 ± 0.17
2006-2010,G20_G30_G12.2_F01_F03,G20_G30_G12.2_F01_F03,NDD,EQI Quintile,Q4,180028,260777432,62.3206,0.1472,62.033,62.6091,62.32 ± 0.15
2006-2010,G20_G30_G12.2_F01_F03,G20_G30_G12.2_F01_F03,NDD,EQI Quintile,Q5,579795,926838167,62.1958,0.082,62.0358,62.3561,62.20 ± 0.08
2006-2010,G20_G30_G12.2_F01_F03,G20_G30_G12.2_F01_F03,NDD,EQI Quintile,Unclassified,137,264114,77.3555,6.6306,64.945,91.4468,77.36 ± 6.63
2006-2010,G30_F01_F03,G30_F01_F03,Dementia,EQI Quintile,National,841986,1519222147,52.5719,0.0574,52.4597,52.6844,52.57 ± 0.06
2006-2010,G30_F01_F03,G30_F01_F03,Dementia,EQI Quintile,Q1,26774,54149792,46.4761,0.2843,45.9211,47.0362,46.48 ± 0.28
2006-2010,G30_F01_F03,G30_F01_F03,Dementia,EQI Quintile,Q2,58665,96778284,50.7837,0.2098,50.3736,51.1964,50.78 ± 0.21
2006-2010,G30_F01_F03,G30_F01_F03,Dementia,EQI Quintile,Q3,104290,180414358,51.4728,0.1595,51.1608,51.7861,51.47 ± 0.16
2006-2010,G30_F01_F03,G30_F01_F03,Dementia,EQI Quintile,Q4,154867,260777432,53.4324,0.136,53.1667,53.6992,53.43 ± 0.14
2006-2010,G30_F01_F03,G30_F01_F03,Dementia,EQI Quintile,Q5,497271,926838167,53.1171,0.0756,52.9696,53.265,53.12 ± 0.08
2006-2010,G30_F01_F03,G30_F01_F03,Dementia,EQI Quintile,Unclassified,119,264114,68.1939,6.2571,56.493,81.6042,68.19 ± 6.26
2006-2010,I00_I99,I00_I99,CVD,EQI Quintile,National,4011828,1519222146,250.466,0.1256,250.221,250.7113,250.47 ± 0.13
2006-2010,I00_I99,I00_I99,CVD,EQI Quintile,Q1,168960,54149791,284.1818,0.6946,282.8283,285.5401,284.18 ± 0.69
2006-2010,I00_I99,I00_I99,CVD,EQI Quintile,Q2,320961,96778284,276.1498,0.49,275.1953,277.1068,276.15 ± 0.49
2006-2010,I00_I99,I00_I99,CVD,EQI Quintile,Q3,538147,180414358,264.9923,0.3626,264.2848,265.7012,264.99 ± 0.36
2006-2010,I00_I99,I00_I99,CVD,EQI Quintile,Q4,764731,260777432,266.008,0.3054,265.4121,266.6048,266.01 ± 0.31
2006-2010,I00_I99,I00_I99,CVD,EQI Quintile,Q5,2218704,926838167,237.5051,0.1603,237.1927,237.8178,237.51 ± 0.16
2006-2010,I00_I99,I00_I99,CVD,EQI Quintile,Unclassified,325,264114,167.8774,9.466,150.12,187.1577,167.88 ± 9.47
2006-2010,I10_I15,I10_I15,HD,EQI Quintile,National,300048,1519222141,18.6082,0.0341,18.5416,18.6749,18.61 ± 0.03
2006-2010,I10_I15,I10_I15,HD,EQI Quintile,Q1,12133,54149786,20.4654,0.1869,20.1029,20.8329,20.47 ± 0.19
2006-2010,I10_I15,I10_I15,HD,EQI Quintile,Q2,21215,96778284,18.4311,0.1274,18.1839,18.6808,18.43 ± 0.13
2006-2010,I10_I15,I10_I15,HD,EQI Quintile,Q3,41069,180414358,20.2647,0.1005,20.0692,20.4617,20.26 ± 0.10
2006-2010,I10_I15,I10_I15,HD,EQI Quintile,Q4,52502,260777432,18.2217,0.0799,18.0662,18.3782,18.22 ± 0.08
2006-2010,I10_I15,I10_I15,HD,EQI Quintile,Q5,173120,926838167,18.3035,0.0443,18.2174,18.3899,18.30 ± 0.04
2006-2010,I10_I15,I10_I15,HD,EQI Quintile,Unclassified,9,264114,4.5674,1.555,2.0885,8.6703,4.57 ± 1.55
2006-2010,I20_I25,I20_I25,IHD,EQI Quintile,National,2001861,1519222141,124.7241,0.0885,124.5514,124.897,124.72 ± 0.09
2006-2010,I20_I25,I20_I25,IHD,EQI Quintile,Q1,84083,54149786,140.7229,0.4876,139.7733,141.6774,140.72 ± 0.49
2006-2010,I20_I25,I20_I25,IHD,EQI Quintile,Q2,160893,96778284,137.7605,0.3452,137.0882,138.4353,137.76 ± 0.35
2006-2010,I20_I25,I20_I25,IHD,EQI Quintile,Q3,266422,180414358,130.6893,0.2541,130.1936,131.1866,130.69 ± 0.25
2006-2010,I20_I25,I20_I25,IHD,EQI Quintile,Q4,384173,260777432,133.3361,0.216,132.9148,133.7585,133.34 ± 0.22
2006-2010,I20_I25,I20_I25,IHD,EQI Quintile,Q5,1106124,926838167,118.3243,0.1132,118.1039,118.545,118.32 ± 0.11
2006-2010,I20_I25,I20_I25,IHD,EQI Quintile,Unclassified,166,264114,84.5158,6.6798,72.1478,98.3956,84.52 ± 6.68
2006-2010,I50,I50,HF,EQI Quintile,National,287778,1519222141,17.9445,0.0335,17.879,18.0102,17.94 ± 0.03
2006-2010,I50,I50,HF,EQI Quintile,Q1,14682,54149786,25.0281,0.2071,24.6249,25.4363,25.03 ± 0.21
2006-2010,I50,I50,HF,EQI Quintile,Q2,25291,96778284,21.768,0.1373,21.5005,22.0379,21.77 ± 0.14
2006-2010,I50,I50,HF,EQI Quintile,Q3,38336,180414358,18.8435,0.0964,18.6554,19.0331,18.84 ± 0.10
2006-2010,I50,I50,HF,EQI Quintile,Q4,55689,260777432,19.2351,0.0817,19.0757,19.3955,19.24 ± 0.08
2006-2010,I50,I50,HF,EQI Quintile,Q5,153759,926838167,16.4329,0.0421,16.3509,16.5153,16.43 ± 0.04
2006-2010,I50,I50,HF,EQI Quintile,Unclassified,21,264114,11.6238,2.551,7.1953,17.7682,11.62 ± 2.55
2006-2010,I60_I69,I60_I69,Stroke,EQI Quintile,National,665056,1519222141,41.7426,0.0514,41.6423,41.843,41.74 ± 0.05
2006-2010,I60_I69,I60_I69,Stroke,EQI Quintile,Q1,26199,54149786,44.2864,0.2747,43.7518,44.826,44.29 ± 0.27
2006-2010,I60_I69,I60_I69,Stroke,EQI Quintile,Q2,52580,96778284,45.3082,0.1984,44.9218,45.6972,45.31 ± 0.20
2006-2010,I60_I69,I60_I69,Stroke,EQI Quintile,Q3,90564,180414358,44.7478,0.1492,44.4569,45.0402,44.75 ± 0.15
2006-2010,I60_I69,I60_I69,Stroke,EQI Quintile,Q4,126713,260777432,44.2049,0.1246,43.9618,44.4489,44.20 ± 0.12
2006-2010,I60_I69,I60_I69,Stroke,EQI Quintile,Q5,368938,926838167,39.7598,0.0658,39.6316,39.8883,39.76 ± 0.07
2006-2010,I60_I69,I60_I69,Stroke,EQI Quintile,Unclassified,62,264114,31.9716,4.1288,24.5125,40.9862,31.97 ± 4.13
2006-2010,J40_J42_J45_J46_J47_J60_J70,J40_J42_J45_J46_J47_J60_J70,Other CRD,EQI Quintile,National,113516,1519222141,7.1363,0.0213,7.0948,7.1779,7.14 ± 0.02
2006-2010,J40_J42_J45_J46_J47_J60_J70,J40_J42_J45_J46_J47_J60_J70,Other CRD,EQI Quintile,Q1,4422,54149786,7.5445,0.1139,7.3238,7.7702,7.54 ± 0.11
2006-2010,J40_J42_J45_J46_J47_J60_J70,J40_J42_J45_J46_J47_J60_J70,Other CRD,EQI Quintile,Q2,8525,96778284,7.4422,0.0811,7.285,7.6019,7.44 ± 0.08
2006-2010,J40_J42_J45_J46_J47_J60_J70,J40_J42_J45_J46_J47_J60_J70,Other CRD,EQI Quintile,Q3,14569,180414358,7.2561,0.0604,7.1387,7.3749,7.26 ± 0.06
2006-2010,J40_J42_J45_J46_J47_J60_J70,J40_J42_J45_J46_J47_J60_J70,Other CRD,EQI Quintile,Q4,21408,260777432,7.4966,0.0515,7.3965,7.5977,7.50 ± 0.05
2006-2010,J40_J42_J45_J46_J47_J60_J70,J40_J42_J45_J46_J47_J60_J70,Other CRD,EQI Quintile,Q5,64577,926838167,6.9436,0.0275,6.8901,6.9974,6.94 ± 0.03
2006-2010,J40_J42_J45_J46_J47_J60_J70,J40_J42_J45_J46_J47_J60_J70,Other CRD,EQI Quintile,Unclassified,15,264114,8.6133,2.2246,4.8208,14.2063,8.61 ± 2.22
2006-2010,J40_J47,J40_J47,J40_J47,EQI Quintile,National,668624,1519222141,42.3634,0.052,42.2619,42.465,42.36 ± 0.05
2006-2010,J40_J47,J40_J47,J40_J47,EQI Quintile,Q1,27366,54149786,45.2849,0.2749,44.75,45.8247,45.28 ± 0.27
2006-2010,J40_J47,J40_J47,J40_J47,EQI Quintile,Q2,58175,96778284,49.1099,0.2043,48.7117,49.5107,49.11 ± 0.20
2006-2010,J40_J47,J40_J47,J40_J47,EQI Quintile,Q3,96708,180414358,47.5225,0.1533,47.2234,47.8229,47.52 ± 0.15
2006-2010,J40_J47,J40_J47,J40_J47,EQI Quintile,Q4,129315,260777432,45.4011,0.1267,45.1539,45.6492,45.40 ± 0.13
2006-2010,J40_J47,J40_J47,J40_J47,EQI Quintile,Q5,356968,926838167,39.2336,0.066,39.105,39.3625,39.23 ± 0.07
2006-2010,J40_J47,J40_J47,J40_J47,EQI Quintile,Unclassified,92,264114,49.0734,5.1563,39.5601,60.1842,49.07 ± 5.16
2006-2010,J40_J47_J60_J70_J84_D86,J40_J47_J60_J70_J84_D86,Non-cancer CRD,EQI Quintile,National,839261,1519222141,53.1269,0.0582,53.0133,53.2407,53.13 ± 0.06
2006-2010,J40_J47_J60_J70_J84_D86,J40_J47_J60_J70_J84_D86,Non-cancer CRD,EQI Quintile,Q1,33781,54149786,56.1095,0.3066,55.5127,56.711,56.11 ± 0.31
2006-2010,J40_J47_J60_J70_J84_D86,J40_J47_J60_J70_J84_D86,Non-cancer CRD,EQI Quintile,Q2,70840,96778284,59.9981,0.2262,59.5571,60.4416,60.00 ± 0.23
2006-2010,J40_J47_J60_J70_J84_D86,J40_J47_J60_J70_J84_D86,Non-cancer CRD,EQI Quintile,Q3,118546,180414358,58.3214,0.1699,57.9899,58.6544,58.32 ± 0.17
2006-2010,J40_J47_J60_J70_J84_D86,J40_J47_J60_J70_J84_D86,Non-cancer CRD,EQI Quintile,Q4,161138,260777432,56.5423,0.1413,56.2665,56.819,56.54 ± 0.14
2006-2010,J40_J47_J60_J70_J84_D86,J40_J47_J60_J70_J84_D86,Non-cancer CRD,EQI Quintile,Q5,454844,926838167,49.8675,0.0743,49.7227,50.0126,49.87 ± 0.07
2006-2010,J40_J47_J60_J70_J84_D86,J40_J47_J60_J70_J84_D86,Non-cancer CRD,EQI Quintile,Unclassified,112,264114,60.15,5.7236,49.5273,72.3761,60.15 ± 5.72
2006-2010,J40_J47_J60_J70_J84_D86_C34,J40_J47_J60_J70_J84_D86_C34,CRD,EQI Quintile,National,1631191,1519222141,102.5694,0.0807,102.4121,102.727,102.57 ± 0.08
2006-2010,J40_J47_J60_J70_J84_D86_C34,J40_J47_J60_J70_J84_D86_C34,CRD,EQI Quintile,Q1,66167,54149786,107.9258,0.4217,107.105,108.7513,107.93 ± 0.42
2006-2010,J40_J47_J60_J70_J84_D86_C34,J40_J47_J60_J70_J84_D86_C34,CRD,EQI Quintile,Q2,138732,96778284,116.4881,0.3141,115.8759,117.1027,116.49 ± 0.31
2006-2010,J40_J47_J60_J70_J84_D86_C34,J40_J47_J60_J70_J84_D86_C34,CRD,EQI Quintile,Q3,229961,180414358,112.2708,0.235,111.8124,112.7306,112.27 ± 0.23
2006-2010,J40_J47_J60_J70_J84_D86_C34,J40_J47_J60_J70_J84_D86_C34,CRD,EQI Quintile,Q4,311508,260777432,108.8775,0.1959,108.4954,109.2605,108.88 ± 0.20
2006-2010,J40_J47_J60_J70_J84_D86_C34,J40_J47_J60_J70_J84_D86_C34,CRD,EQI Quintile,Q5,884635,926838167,96.4451,0.1032,96.2443,96.6463,96.45 ± 0.10
2006-2010,J40_J47_J60_J70_J84_D86_C34,J40_J47_J60_J70_J84_D86_C34,CRD,EQI Quintile,Unclassified,188,264114,96.3309,7.1257,83.0524,111.1286,96.33 ± 7.13
2006-2010,J43_J44,J43_J44,COPD,EQI Quintile,National,643362,1519222141,40.7639,0.051,40.6643,40.8636,40.76 ± 0.05
2006-2010,J43_J44,J43_J44,COPD,EQI Quintile,Q1,26441,54149786,43.7065,0.2699,43.1812,44.2365,43.71 ± 0.27
2006-2010,J43_J44,J43_J44,COPD,EQI Quintile,Q2,56500,96778284,47.5882,0.2008,47.1966,47.9822,47.59 ± 0.20
2006-2010,J43_J44,J43_J44,COPD,EQI Quintile,Q3,93310,180414358,45.7881,0.1503,45.4948,46.0829,45.79 ± 0.15
2006-2010,J43_J44,J43_J44,COPD,EQI Quintile,Q4,124595,260777432,43.7093,0.1242,43.467,43.9527,43.71 ± 0.12
2006-2010,J43_J44,J43_J44,COPD,EQI Quintile,Q5,342425,926838167,37.6754,0.0647,37.5494,37.8018,37.68 ± 0.06
2006-2010,J43_J44,J43_J44,COPD,EQI Quintile,Unclassified,91,264114,48.5143,5.1259,39.0607,59.5648,48.51 ± 5.13
2006-2010,J45,J45,Asthma,EQI Quintile,National,15806,1519222141,0.9992,0.008,0.9837,1.0149,1.00 ± 0.01
2006-2010,J45,J45,Asthma,EQI Quintile,Q1,581,54149786,0.9933,0.0416,0.9142,1.0774,0.99 ± 0.04
2006-2010,J45,J45,Asthma,EQI Quintile,Q2,1001,96778284,0.923,0.0296,0.8667,0.982,0.92 ± 0.03
2006-2010,J45,J45,Asthma,EQI Quintile,Q3,2170,180414358,1.1149,0.0242,1.0685,1.1628,1.11 ± 0.02
2006-2010,J45,J45,Asthma,EQI Quintile,Q4,3048,260777432,1.098,0.0201,1.0593,1.1377,1.10 ± 0.02
2006-2010,J45,J45,Asthma,EQI Quintile,Q5,9005,926838167,0.957,0.0101,0.9373,0.977,0.96 ± 0.01
2006-2010,J45,J45,Asthma,EQI Quintile,Unclassified,1,264114,0.5591,0.5591,0.0142,3.1153,0.56 ± 0.56
2006-2010,J60-J70,J60-J70,J60_J70,EQI Quintile,National,736,722108332,0.0491,0.0018,0.0457,0.0528,0.05 ± 0.00
2006-2010,J60-J70,J60-J70,J60_J70,EQI Quintile,Q1,22,25083933,0.0429,0.0092,0.0269,0.065,0.04 ± 0.01
2006-2010,J60-J70,J60-J70,J60_J70,EQI Quintile,Q2,51,43520796,0.0579,0.0081,0.0431,0.0761,0.06 ± 0.01
2006-2010,J60-J70,J60-J70,J60_J70,EQI Quintile,Q3,117,84114581,0.0678,0.0063,0.0561,0.0813,0.07 ± 0.01
2006-2010,J60-J70,J60-J70,J60_J70,EQI Quintile,Q4,142,123989720,0.0555,0.0047,0.0468,0.0655,0.06 ± 0.00
2006-2010,J60-J70,J60-J70,J60_J70,EQI Quintile,Q5,404,445273856,0.0436,0.0022,0.0394,0.048,0.04 ± 0.00
2006-2010,J60-J70,J60-J70,J60_J70,EQI Quintile,Unclassified,0,125446,0.0,0.0,0.0,0.0,0.00 ± 0.00
2006-2010,J60_J66,J60_J66,Pneumoconiosis,EQI Quintile,National,4347,1519222141,0.2778,0.0042,0.2696,0.2861,0.28 ± 0.00
2006-2010,J60_J66,J60_J66,Pneumoconiosis,EQI Quintile,Q1,324,54149786,0.5367,0.0299,0.4799,0.5985,0.54 ± 0.03
2006-2010,J60_J66,J60_J66,Pneumoconiosis,EQI Quintile,Q2,646,96778284,0.5458,0.0215,0.5045,0.5896,0.55 ± 0.02
2006-2010,J60_J66,J60_J66,Pneumoconiosis,EQI Quintile,Q3,672,180414358,0.3331,0.0129,0.3084,0.3593,0.33 ± 0.01
2006-2010,J60_J66,J60_J66,Pneumoconiosis,EQI Quintile,Q4,998,260777432,0.3514,0.0112,0.3299,0.3739,0.35 ± 0.01
2006-2010,J60_J66,J60_J66,Pneumoconiosis,EQI Quintile,Q5,1706,926838167,0.19,0.0046,0.1811,0.1992,0.19 ± 0.00
2006-2010,J60_J66,J60_J66,Pneumoconiosis,EQI Quintile,Unclassified,1,264114,0.5591,0.5591,0.0142,3.1153,0.56 ± 0.56
2006-2010,J60_J70,J60_J70,J60_J70,EQI Quintile,National,87522,797113809,5.4879,0.0186,5.4516,5.5244,5.49 ± 0.02
2006-2010,J60_J70,J60_J70,J60_J70,EQI Quintile,Q1,3479,29065853,5.9307,0.1008,5.7352,6.1311,5.93 ± 0.10
2006-2010,J60_J70,J60_J70,J60_J70,EQI Quintile,Q2,6799,53257488,5.8625,0.0713,5.724,6.0036,5.86 ± 0.07
2006-2010,J60_J70,J60_J70,J60_J70,EQI Quintile,Q3,11054,96299777,5.4539,0.052,5.3527,5.5566,5.45 ± 0.05
2006-2010,J60_J70,J60_J70,J60_J70,EQI Quintile,Q4,16546,136787712,5.7493,0.0448,5.662,5.8376,5.75 ± 0.04
2006-2010,J60_J70,J60_J70,J60_J70,EQI Quintile,Q5,49630,481564311,5.3419,0.0241,5.295,5.3891,5.34 ± 0.02
2006-2010,J60_J70,J60_J70,J60_J70,EQI Quintile,Unclassified,14,138668,8.0542,2.1532,4.4033,13.5135,8.05 ± 2.15
2006-2010,J84_D86,J84_D86,ILD,EQI Quintile,National,82383,1519222141,5.2267,0.0183,5.1911,5.2626,5.23 ± 0.02
2006-2010,J84_D86,J84_D86,ILD,EQI Quintile,Q1,2918,54149786,4.8585,0.0904,4.6838,5.038,4.86 ± 0.09
2006-2010,J84_D86,J84_D86,ILD,EQI Quintile,Q2,5815,96778284,4.9677,0.0655,4.8409,5.0971,4.97 ± 0.07
2006-2010,J84_D86,J84_D86,ILD,EQI Quintile,Q3,10667,180414358,5.2772,0.0513,5.1775,5.3783,5.28 ± 0.05
2006-2010,J84_D86,J84_D86,ILD,EQI Quintile,Q4,15135,260777432,5.3364,0.0436,5.2517,5.4221,5.34 ± 0.04
2006-2010,J84_D86,J84_D86,ILD,EQI Quintile,Q5,47842,926838167,5.2485,0.0241,5.2015,5.2957,5.25 ± 0.02
2006-2010,J84_D86,J84_D86,ILD,EQI Quintile,Unclassified,6,264114,3.0224,1.2392,1.1092,6.5785,3.02 ± 1.24
2006-2010,K70,K70,Alcoholic,EQI Quintile,National,73305,1519222141,4.4559,0.0166,4.4237,4.4883,4.46 ± 0.02
2006-2010,K70,K70,Alcoholic,EQI Quintile,Q1,2413,54149786,4.0585,0.0838,3.8982,4.2237,4.06 ± 0.08
2006-2010,K70,K70,Alcoholic,EQI Quintile,Q2,5202,96778284,4.7003,0.0664,4.5734,4.8298,4.70 ± 0.07
2006-2010,K70,K70,Alcoholic,EQI Quintile,Q3,9733,180414358,4.862,0.0499,4.7658,4.9595,4.86 ± 0.05
2006-2010,K70,K70,Alcoholic,EQI Quintile,Q4,12612,260777432,4.4393,0.04,4.3622,4.5175,4.44 ± 0.04
2006-2010,K70,K70,Alcoholic,EQI Quintile,Q5,43333,926838167,4.3876,0.0213,4.3463,4.4291,4.39 ± 0.02
2006-2010,K70,K70,Alcoholic,EQI Quintile,Unclassified,12,264114,4.0263,1.1749,2.0804,7.0331,4.03 ± 1.17
2006-2010,K70_K76,K70_K76,Non-cancer CLD,EQI Quintile,National,199884,1519222141,12.2147,0.0275,12.1612,12.2684,12.21 ± 0.03
2006-2010,K70_K76,K70_K76,Non-cancer CLD,EQI Quintile,Q1,8363,54149786,13.7455,0.152,13.4525,14.0434,13.75 ± 0.15
2006-2010,K70_K76,K70_K76,Non-cancer CLD,EQI Quintile,Q2,16486,96778284,14.507,0.1148,14.2863,14.7301,14.51 ± 0.11
2006-2010,K70_K76,K70_K76,Non-cancer CLD,EQI Quintile,Q3,27964,180414358,13.8176,0.0835,13.6561,13.9805,13.82 ± 0.08
2006-2010,K70_K76,K70_K76,Non-cancer CLD,EQI Quintile,Q4,37163,260777432,13.0072,0.0681,12.8753,13.1401,13.01 ± 0.07
2006-2010,K70_K76,K70_K76,Non-cancer CLD,EQI Quintile,Q5,109883,926838167,11.3219,0.0345,11.2551,11.389,11.32 ± 0.03
2006-2010,K70_K76,K70_K76,Non-cancer CLD,EQI Quintile,Unclassified,25,264114,9.412,1.9521,6.091,13.894,9.41 ± 1.95
2006-2010,K70_K76_C22,K70_K76_C22,CLD,EQI Quintile,National,291331,1519222141,17.8143,0.0333,17.7496,17.8791,17.81 ± 0.03
2006-2010,K70_K76_C22,K70_K76_C22,CLD,EQI Quintile,Q1,12065,54149786,19.7147,0.1812,19.3645,20.0697,19.71 ± 0.18
2006-2010,K70_K76_C22,K70_K76_C22,CLD,EQI Quintile,Q2,23085,96778284,20.0795,0.134,19.8213,20.3402,20.08 ± 0.13
2006-2010,K70_K76_C22,K70_K76_C22,CLD,EQI Quintile,Q3,39585,180414358,19.4223,0.0985,19.2314,19.6145,19.42 ± 0.10
2006-2010,K70_K76_C22,K70_K76_C22,CLD,EQI Quintile,Q4,53386,260777432,18.5977,0.0812,18.4403,18.7561,18.60 ± 0.08
2006-2010,K70_K76_C22,K70_K76_C22,CLD,EQI Quintile,Q5,163179,926838167,16.9189,0.0423,16.8369,17.0012,16.92 ± 0.04
2006-2010,K70_K76_C22,K70_K76_C22,CLD,EQI Quintile,Unclassified,31,264114,11.8261,2.2068,8.0352,16.7862,11.83 ± 2.21
2006-2010,K71,K71,K71,EQI Quintile,National,61,1519222141,0.0039,0.0005,0.003,0.005,0.00 ± 0.00
2006-2010,K71,K71,K71,EQI Quintile,Q1,3,54149786,0.0054,0.0031,0.0011,0.0157,0.01 ± 0.00
2006-2010,K71,K71,K71,EQI Quintile,Q2,2,96778284,0.0019,0.0013,0.0002,0.0067,0.00 ± 0.00
2006-2010,K71,K71,K71,EQI Quintile,Q3,7,180414358,0.0035,0.0013,0.0014,0.0072,0.00 ± 0.00
2006-2010,K71,K71,K71,EQI Quintile,Q4,9,260777432,0.0033,0.0011,0.0015,0.0062,0.00 ± 0.00
2006-2010,K71,K71,K71,EQI Quintile,Q5,40,926838167,0.0043,0.0007,0.0031,0.0059,0.00 ± 0.00
2006-2010,K71,K71,K71,EQI Quintile,Unclassified,0,264114,0.0,0.0,0.0,0.0,0.00 ± 0.00
2006-2010,K71_K73_K74,K71_K73_K74,Toxic & chronic,EQI Quintile,National,75636,1519222141,4.6376,0.017,4.6046,4.6708,4.64 ± 0.02
2006-2010,K71_K73_K74,K71_K73_K74,Toxic & chronic,EQI Quintile,Q1,3670,54149786,5.9539,0.0991,5.7628,6.1497,5.95 ± 0.10
2006-2010,K71_K73_K74,K71_K73_K74,Toxic & chronic,EQI Quintile,Q2,7152,96778284,6.1797,0.074,6.0373,6.3246,6.18 ± 0.07
2006-2010,K71_K73_K74,K71_K73_K74,Toxic & chronic,EQI Quintile,Q3,11149,180414358,5.464,0.0522,5.363,5.5664,5.46 ± 0.05
2006-2010,K71_K73_K74,K71_K73_K74,Toxic & chronic,EQI Quintile,Q4,14606,260777432,5.0901,0.0424,5.0079,5.1733,5.09 ± 0.04
2006-2010,K71_K73_K74,K71_K73_K74,Toxic & chronic,EQI Quintile,Q5,39052,926838167,4.0822,0.0208,4.0419,4.1229,4.08 ± 0.02
2006-2010,K71_K73_K74,K71_K73_K74,Toxic & chronic,EQI Quintile,Unclassified,7,264114,3.2434,1.2714,1.304,6.6826,3.24 ± 1.27
2006-2010,K72_K75,K72_K75,Other CLD,EQI Quintile,National,23971,1519222141,1.4754,0.0096,1.4568,1.4942,1.48 ± 0.01
2006-2010,K72_K75,K72_K75,Other CLD,EQI Quintile,Q1,1081,54149786,1.7756,0.0546,1.6713,1.8847,1.78 ± 0.05
2006-2010,K72_K75,K72_K75,Other CLD,EQI Quintile,Q2,2058,96778284,1.814,0.0406,1.7365,1.8941,1.81 ± 0.04
2006-2010,K72_K75,K72_K75,Other CLD,EQI Quintile,Q3,3372,180414358,1.6664,0.029,1.6107,1.7236,1.67 ± 0.03
2006-2010,K72_K75,K72_K75,Other CLD,EQI Quintile,Q4,4841,260777432,1.6965,0.0246,1.649,1.7449,1.70 ± 0.02
2006-2010,K72_K75,K72_K75,Other CLD,EQI Quintile,Q5,12616,926838167,1.3174,0.0118,1.2945,1.3406,1.32 ± 0.01
2006-2010,K72_K75,K72_K75,Other CLD,EQI Quintile,Unclassified,3,264114,1.1925,0.7164,0.2459,3.485,1.19 ± 0.72
2006-2010,K73,K73,K73,EQI Quintile,National,454,1519222141,0.0278,0.0013,0.0253,0.0305,0.03 ± 0.00
2006-2010,K73,K73,K73,EQI Quintile,Q1,17,54149786,0.0285,0.007,0.0166,0.0456,0.03 ± 0.01
2006-2010,K73,K73,K73,EQI Quintile,Q2,37,96778284,0.0321,0.0053,0.0226,0.0442,0.03 ± 0.01
2006-2010,K73,K73,K73,EQI Quintile,Q3,73,180414358,0.0357,0.0042,0.028,0.0449,0.04 ± 0.00
2006-2010,K73,K73,K73,EQI Quintile,Q4,80,260777432,0.0273,0.0031,0.0217,0.034,0.03 ± 0.00
2006-2010,K73,K73,K73,EQI Quintile,Q5,247,926838167,0.0259,0.0017,0.0227,0.0293,0.03 ± 0.00
2006-2010,K73,K73,K73,EQI Quintile,Unclassified,0,264114,0.0,0.0,0.0,0.0,0.00 ± 0.00
2006-2010,K74,K74,K74,EQI Quintile,National,75121,1519222141,4.6059,0.0169,4.573,4.639,4.61 ± 0.02
2006-2010,K74,K74,K74,EQI Quintile,Q1,3650,54149786,5.92,0.0988,5.7295,6.1152,5.92 ± 0.10
2006-2010,K74,K74,K74,EQI Quintile,Q2,7113,96778284,6.1458,0.0738,6.0038,6.2903,6.15 ± 0.07
2006-2010,K74,K74,K74,EQI Quintile,Q3,11069,180414358,5.4248,0.052,5.3242,5.5268,5.42 ± 0.05
2006-2010,K74,K74,K74,EQI Quintile,Q4,14517,260777432,5.0595,0.0423,4.9775,5.1425,5.06 ± 0.04
2006-2010,K74,K74,K74,EQI Quintile,Q5,38765,926838167,4.052,0.0208,4.0118,4.0926,4.05 ± 0.02
2006-2010,K74,K74,K74,EQI Quintile,Unclassified,7,264114,3.2434,1.2714,1.304,6.6826,3.24 ± 1.27
2006-2010,K76,K76,Non-alcoholic,EQI Quintile,National,26972,1519222141,1.6457,0.0101,1.6261,1.6655,1.65 ± 0.01
2006-2010,K76,K76,Non-alcoholic,EQI Quintile,Q1,1199,54149786,1.9575,0.0571,1.8483,2.0716,1.96 ± 0.06
2006-2010,K76,K76,Non-alcoholic,EQI Quintile,Q2,2074,96778284,1.8129,0.0404,1.7357,1.8927,1.81 ± 0.04
2006-2010,K76,K76,Non-alcoholic,EQI Quintile,Q3,3710,180414358,1.8252,0.0303,1.7669,1.8849,1.83 ± 0.03
2006-2010,K76,K76,Non-alcoholic,EQI Quintile,Q4,5104,260777432,1.7813,0.0252,1.7328,1.8309,1.78 ± 0.03
2006-2010,K76,K76,Non-alcoholic,EQI Quintile,Q5,14882,926838167,1.5347,0.0127,1.5102,1.5596,1.53 ± 0.01
2006-2010,K76,K76,Non-alcoholic,EQI Quintile,Unclassified,3,264114,0.9499,0.5484,0.1959,2.776,0.95 ± 0.55
2006-2010,K76.7,K76.7,HRS,EQI Quintile,National,2394,1519222141,0.1469,0.003,0.1411,0.1529,0.15 ± 0.00
2006-2010,K76.7,K76.7,HRS,EQI Quintile,Q1,110,54149786,0.1803,0.0174,0.1482,0.2174,0.18 ± 0.02
2006-2010,K76.7,K76.7,HRS,EQI Quintile,Q2,219,96778284,0.1885,0.0129,0.1644,0.2152,0.19 ± 0.01
2006-2010,K76.7,K76.7,HRS,EQI Quintile,Q3,323,180414358,0.1623,0.0091,0.1451,0.181,0.16 ± 0.01
2006-2010,K76.7,K76.7,HRS,EQI Quintile,Q4,472,260777432,0.166,0.0077,0.1513,0.1816,0.17 ± 0.01
2006-2010,K76.7,K76.7,HRS,EQI Quintile,Q5,1270,926838167,0.1311,0.0037,0.1239,0.1385,0.13 ± 0.00
2006-2010,K76.7,K76.7,HRS,EQI Quintile,Unclassified,0,264114,0.0,0.0,0.0,0.0,0.00 ± 0.00
2006-2010,N00_N15,N00_N15,GRTI,EQI Quintile,National,25832,1519222141,1.6201,0.0101,1.6004,1.64,1.62 ± 0.01
2006-2010,N00_N15,N00_N15,GRTI,EQI Quintile,Q1,922,54149786,1.5628,0.0517,1.4636,1.667,1.56 ± 0.05
2006-2010,N00_N15,N00_N15,GRTI,EQI Quintile,Q2,1857,96778284,1.5992,0.0372,1.5273,1.6736,1.60 ± 0.04
2006-2010,N00_N15,N00_N15,GRTI,EQI Quintile,Q3,3423,180414358,1.6916,0.029,1.6354,1.7492,1.69 ± 0.03
2006-2010,N00_N15,N00_N15,GRTI,EQI Quintile,Q4,4820,260777432,1.6807,0.0243,1.6336,1.7288,1.68 ± 0.02
2006-2010,N00_N15,N00_N15,GRTI,EQI Quintile,Q5,14808,926838167,1.5917,0.0131,1.5661,1.6175,1.59 ± 0.01
2006-2010,N00_N15,N00_N15,GRTI,EQI Quintile,Unclassified,2,264114,1.1466,0.811,0.1389,4.1417,1.15 ± 0.81
2006-2010,N00_N29,N00_N29,Non-cancer CKD,EQI Quintile,National,250870,1519222141,15.7646,0.0316,15.703,15.8264,15.76 ± 0.03
2006-2010,N00_N29,N00_N29,Non-cancer CKD,EQI Quintile,Q1,11970,54149786,20.119,0.1847,19.7602,20.4827,20.12 ± 0.18
2006-2010,N00_N29,N00_N29,Non-cancer CKD,EQI Quintile,Q2,20780,96778284,17.8548,0.1245,17.6128,18.0992,17.85 ± 0.12
2006-2010,N00_N29,N00_N29,Non-cancer CKD,EQI Quintile,Q3,33943,180414358,16.7492,0.0913,16.5715,16.9284,16.75 ± 0.09
2006-2010,N00_N29,N00_N29,Non-cancer CKD,EQI Quintile,Q4,48840,260777432,17.0925,0.0777,16.9413,17.2448,17.09 ± 0.08
2006-2010,N00_N29,N00_N29,Non-cancer CKD,EQI Quintile,Q5,135320,926838167,14.6269,0.04,14.5491,14.7051,14.63 ± 0.04
2006-2010,N00_N29,N00_N29,Non-cancer CKD,EQI Quintile,Unclassified,17,264114,9.0063,2.2081,5.2465,14.42,9.01 ± 2.21
2006-2010,N00_N29_C64_C65,N00_N29_C64_C65,CKD,EQI Quintile,National,314971,1519222141,19.7385,0.0353,19.6696,19.8075,19.74 ± 0.04
2006-2010,N00_N29_C64_C65,N00_N29_C64_C65,CKD,EQI Quintile,Q1,14443,54149786,24.1275,0.2018,23.7356,24.5242,24.13 ± 0.20
2006-2010,N00_N29_C64_C65,N00_N29_C64_C65,CKD,EQI Quintile,Q2,25762,96778284,22.0501,0.1381,21.7817,22.3211,22.05 ± 0.14
2006-2010,N00_N29_C64_C65,N00_N29_C64_C65,CKD,EQI Quintile,Q3,42689,180414358,20.9939,0.102,20.7952,21.194,20.99 ± 0.10
2006-2010,N00_N29_C64_C65,N00_N29_C64_C65,CKD,EQI Quintile,Q4,60969,260777432,21.2979,0.0866,21.1291,21.4676,21.30 ± 0.09
2006-2010,N00_N29_C64_C65,N00_N29_C64_C65,CKD,EQI Quintile,Q5,171081,926838167,18.4493,0.0449,18.362,18.5369,18.45 ± 0.04
2006-2010,N00_N29_C64_C65,N00_N29_C64_C65,CKD,EQI Quintile,Unclassified,27,264114,13.732,2.6878,9.0495,19.9794,13.73 ± 2.69
2006-2010,N16_N17_N20_N29,N16_N17_N20_N29,Other kidney disease,EQI Quintile,National,49506,1519222141,3.1087,0.014,3.0814,3.1362,3.11 ± 0.01
2006-2010,N16_N17_N20_N29,N16_N17_N20_N29,Other kidney disease,EQI Quintile,Q1,2232,54149786,3.7626,0.08,3.6081,3.922,3.76 ± 0.08
2006-2010,N16_N17_N20_N29,N16_N17_N20_N29,Other kidney disease,EQI Quintile,Q2,4142,96778284,3.5629,0.0556,3.4552,3.6731,3.56 ± 0.06
2006-2010,N16_N17_N20_N29,N16_N17_N20_N29,Other kidney disease,EQI Quintile,Q3,6834,180414358,3.3695,0.0409,3.2901,3.4504,3.37 ± 0.04
2006-2010,N16_N17_N20_N29,N16_N17_N20_N29,Other kidney disease,EQI Quintile,Q4,9807,260777432,3.4315,0.0348,3.364,3.5001,3.43 ± 0.03
2006-2010,N16_N17_N20_N29,N16_N17_N20_N29,Other kidney disease,EQI Quintile,Q5,26488,926838167,2.8572,0.0176,2.8229,2.8918,2.86 ± 0.02
2006-2010,N16_N17_N20_N29,N16_N17_N20_N29,Other kidney disease,EQI Quintile,Unclassified,3,264114,1.4468,0.8501,0.2984,4.2281,1.45 ± 0.85
2006-2010,N18_N19,N18_N19,RF,EQI Quintile,National,175532,1519222141,11.0358,0.0265,10.9843,11.0876,11.04 ± 0.03
2006-2010,N18_N19,N18_N19,RF,EQI Quintile,Q1,8816,54149786,14.7936,0.1583,14.4864,15.1057,14.79 ± 0.16
2006-2010,N18_N19,N18_N19,RF,EQI Quintile,Q2,14781,96778284,12.6927,0.105,12.4889,12.899,12.69 ± 0.10
2006-2010,N18_N19,N18_N19,RF,EQI Quintile,Q3,23686,180414358,11.6881,0.0762,11.5398,11.838,11.69 ± 0.08
2006-2010,N18_N19,N18_N19,RF,EQI Quintile,Q4,34213,260777432,11.9803,0.065,11.8537,12.1079,11.98 ± 0.07
2006-2010,N18_N19,N18_N19,RF,EQI Quintile,Q5,94024,926838167,10.178,0.0334,10.1131,10.2433,10.18 ± 0.03
2006-2010,N18_N19,N18_N19,RF,EQI Quintile,Unclassified,12,264114,6.413,1.8696,3.3137,11.2022,6.41 ± 1.87
2006-2010,X60_X69,X60_X69,NVS,EQI Quintile,National,31708,1519222141,2.0301,0.0115,2.0079,2.0526,2.03 ± 0.01
2006-2010,X60_X69,X60_X69,NVS,EQI Quintile,Q1,701,54149786,1.2754,0.0488,1.1828,1.3735,1.28 ± 0.05
2006-2010,X60_X69,X60_X69,NVS,EQI Quintile,Q2,1934,96778284,1.9572,0.0453,1.8709,2.0464,1.96 ± 0.05
2006-2010,X60_X69,X60_X69,NVS,EQI Quintile,Q3,3937,180414358,2.1522,0.0348,2.0855,2.2205,2.15 ± 0.03
2006-2010,X60_X69,X60_X69,NVS,EQI Quintile,Q4,5308,260777432,2.0156,0.028,1.9617,2.0705,2.02 ± 0.03
2006-2010,X60_X69,X60_X69,NVS,EQI Quintile,Q5,19811,926838167,2.0672,0.0148,2.0385,2.0962,2.07 ± 0.01
2006-2010,X60_X69,X60_X69,NVS,EQI Quintile,Unclassified,17,264114,6.2174,1.5168,3.6219,9.9546,6.22 ± 1.52
2006-2010,X60_X84_Y87.0,X60_X84_Y87.0,Suicide,EQI Quintile,National,176461,1519222141,11.3739,0.0273,11.3209,11.4271,11.37 ± 0.03
2006-2010,X60_X84_Y87.0,X60_X84_Y87.0,Suicide,EQI Quintile,Q1,6518,54149786,11.7412,0.1472,11.4579,12.0298,11.74 ± 0.15
2006-2010,X60_X84_Y87.0,X60_X84_Y87.0,Suicide,EQI Quintile,Q2,13298,96778284,13.3437,0.1179,13.1179,13.5725,13.34 ± 0.12
2006-2010,X60_X84_Y87.0,X60_X84_Y87.0,Suicide,EQI Quintile,Q3,24430,180414358,13.272,0.086,13.1061,13.4395,13.27 ± 0.09
2006-2010,X60_X84_Y87.0,X60_X84_Y87.0,Suicide,EQI Quintile,Q4,32605,260777432,12.3039,0.0689,12.1707,12.4382,12.30 ± 0.07
2006-2010,X60_X84_Y87.0,X60_X84_Y87.0,Suicide,EQI Quintile,Q5,99563,926838167,10.5176,0.0335,10.4524,10.5832,10.52 ± 0.03
2006-2010,X60_X84_Y87.0,X60_X84_Y87.0,Suicide,EQI Quintile,Unclassified,47,264114,17.4404,2.5651,12.8145,23.192,17.44 ± 2.57
2006-2010,X70_X84,X70_X84,VS,EQI Quintile,National,144392,1519222141,9.3206,0.0247,9.2726,9.3688,9.32 ± 0.02
2006-2010,X70_X84,X70_X84,VS,EQI Quintile,Q1,5813,54149786,10.4589,0.1388,10.1917,10.7313,10.46 ± 0.14
2006-2010,X70_X84,X70_X84,VS,EQI Quintile,Q2,11337,96778284,11.3604,0.1087,11.1522,11.5715,11.36 ± 0.11
2006-2010,X70_X84,X70_X84,VS,EQI Quintile,Q3,20449,180414358,11.0961,0.0786,10.9445,11.2492,11.10 ± 0.08
2006-2010,X70_X84,X70_X84,VS,EQI Quintile,Q4,27239,260777432,10.2669,0.0629,10.1453,10.3896,10.27 ± 0.06
2006-2010,X70_X84,X70_X84,VS,EQI Quintile,Q5,79524,926838167,8.4263,0.0301,8.3678,8.4851,8.43 ± 0.03
2006-2010,X70_X84,X70_X84,VS,EQI Quintile,Unclassified,30,264114,11.223,2.0686,7.5721,16.0215,11.22 ± 2.07
2006-2010,Y87.0,Y87.0,SI,EQI Quintile,National,361,1519222141,0.0232,0.0012,0.0209,0.0257,0.02 ± 0.00
2006-2010,Y87.0,Y87.0,SI,EQI Quintile,Q1,4,54149786,0.0069,0.0035,0.0019,0.0176,0.01 ± 0.00
2006-2010,Y87.0,Y87.0,SI,EQI Quintile,Q2,27,96778284,0.0261,0.0051,0.0172,0.038,0.03 ± 0.01
2006-2010,Y87.0,Y87.0,SI,EQI Quintile,Q3,44,180414358,0.0237,0.0036,0.0172,0.0318,0.02 ± 0.00
2006-2010,Y87.0,Y87.0,SI,EQI Quintile,Q4,58,260777432,0.0215,0.0028,0.0163,0.0277,0.02 ± 0.00
2006-2010,Y87.0,Y87.0,SI,EQI Quintile,Q5,228,926838167,0.0241,0.0016,0.0211,0.0275,0.02 ± 0.00
2006-2010,Y87.0,Y87.0,SI,EQI Quintile,Unclassified,0,264114,0.0,0.0,0.0,0.0,0.00 ± 0.00
2011-2015,C00_C97,C00_C97,Cancer,EQI Quintile,National,2927356,1581910672,163.2643,0.0966,163.0773,163.4514,163.26 ± 0.10
2011-2015,C00_C97,C00_C97,Cancer,EQI Quintile,Q1,113213,55692570,165.8978,0.4985,164.9328,166.867,165.90 ± 0.50
2011-2015,C00_C97,C00_C97,Cancer,EQI Quintile,Q2,223713,99511336,171.726,0.3684,171.0151,172.4391,171.73 ± 0.37
2011-2015,C00_C97,C00_C97,Cancer,EQI Quintile,Q3,389002,186955556,171.0505,0.2776,170.5134,171.5889,171.05 ± 0.28
2011-2015,C00_C97,C00_C97,Cancer,EQI Quintile,Q4,542420,270786281,171.1564,0.2352,170.7012,171.6125,171.16 ± 0.24
2011-2015,C00_C97,C00_C97,Cancer,EQI Quintile,Q5,1658558,968632477,158.365,0.1247,158.1241,158.6062,158.37 ± 0.12
2011-2015,C00_C97,C00_C97,Cancer,EQI Quintile,Unclassified,450,332452,142.1199,6.8032,129.2906,155.8778,142.12 ± 6.80
2011-2015,C18_C21,C18_C21,Colorectal,EQI Quintile,National,261782,1581910672,14.6217,0.0289,14.5658,14.6778,14.62 ± 0.03
2011-2015,C18_C21,C18_C21,Colorectal,EQI Quintile,Q1,11022,55692570,16.3095,0.1572,16.0064,16.6169,16.31 ± 0.16
2011-2015,C18_C21,C18_C21,Colorectal,EQI Quintile,Q2,20626,99511336,15.9945,0.1132,15.7769,16.2143,15.99 ± 0.11
2011-2015,C18_C21,C18_C21,Colorectal,EQI Quintile,Q3,34960,186955556,15.4968,0.084,15.3348,15.6601,15.50 ± 0.08
2011-2015,C18_C21,C18_C21,Colorectal,EQI Quintile,Q4,48741,270786281,15.4538,0.0709,15.3169,15.5916,15.45 ± 0.07
2011-2015,C18_C21,C18_C21,Colorectal,EQI Quintile,Q5,146395,968632477,13.9393,0.0369,13.8679,14.0109,13.94 ± 0.04
2011-2015,C18_C21,C18_C21,Colorectal,EQI Quintile,Unclassified,38,332452,12.1557,1.9963,8.6021,16.6846,12.16 ± 2.00
2011-2015,C22,C22,Liver,EQI Quintile,National,118985,1581910672,6.4356,0.0189,6.3991,6.4723,6.44 ± 0.02
2011-2015,C22,C22,Liver,EQI Quintile,Q1,4501,55692570,6.4649,0.0974,6.2774,6.6566,6.46 ± 0.10
2011-2015,C22,C22,Liver,EQI Quintile,Q2,8884,99511336,6.727,0.0724,6.5878,6.8684,6.73 ± 0.07
2011-2015,C22,C22,Liver,EQI Quintile,Q3,15383,186955556,6.5976,0.0539,6.4937,6.7026,6.60 ± 0.05
2011-2015,C22,C22,Liver,EQI Quintile,Q4,21600,270786281,6.6337,0.0457,6.5455,6.7228,6.63 ± 0.05
2011-2015,C22,C22,Liver,EQI Quintile,Q5,68604,968632477,6.3298,0.0246,6.2825,6.3773,6.33 ± 0.02
2011-2015,C22,C22,Liver,EQI Quintile,Unclassified,13,332452,3.9494,1.1116,2.1029,6.7536,3.95 ± 1.11
2011-2015,C25,C25,Pancreatic,EQI Quintile,National,197087,1581910672,10.9229,0.0249,10.8747,10.9712,10.92 ± 0.02
2011-2015,C25,C25,Pancreatic,EQI Quintile,Q1,7271,55692570,10.5932,0.1254,10.3511,10.8396,10.59 ± 0.13
2011-2015,C25,C25,Pancreatic,EQI Quintile,Q2,14122,99511336,10.7048,0.0912,10.529,10.8829,10.70 ± 0.09
2011-2015,C25,C25,Pancreatic,EQI Quintile,Q3,25084,186955556,10.9248,0.0697,10.79,11.0609,10.92 ± 0.07
2011-2015,C25,C25,Pancreatic,EQI Quintile,Q4,35754,270786281,11.2016,0.0599,11.0858,11.3183,11.20 ± 0.06
2011-2015,C25,C25,Pancreatic,EQI Quintile,Q5,114820,968632477,10.918,0.0327,10.855,10.9814,10.92 ± 0.03
2011-2015,C25,C25,Pancreatic,EQI Quintile,Unclassified,36,332452,11.1834,1.8908,7.8327,15.4825,11.18 ± 1.89
2011-2015,C34,C34,Lung,EQI Quintile,National,779536,1581910672,43.2653,0.0496,43.1693,43.3615,43.27 ± 0.05
2011-2015,C34,C34,Lung,EQI Quintile,Q1,32123,55692570,46.1249,0.2597,45.6218,46.6321,46.12 ± 0.26
2011-2015,C34,C34,Lung,EQI Quintile,Q2,67249,99511336,50.6003,0.1973,50.2186,50.9842,50.60 ± 0.20
2011-2015,C34,C34,Lung,EQI Quintile,Q3,110933,186955556,48.1268,0.146,47.844,48.4108,48.13 ± 0.15
2011-2015,C34,C34,Lung,EQI Quintile,Q4,149791,270786281,46.8593,0.1224,46.6223,47.0972,46.86 ± 0.12
2011-2015,C34,C34,Lung,EQI Quintile,Q5,419346,968632477,40.1298,0.0628,40.0084,40.2514,40.13 ± 0.06
2011-2015,C34,C34,Lung,EQI Quintile,Unclassified,94,332452,30.2671,3.1644,24.4589,37.0393,30.27 ± 3.16
2011-2015,C50,C50,Breast,EQI Quintile,National,207735,1581910672,11.6065,0.0258,11.5566,11.6565,11.61 ± 0.03
2011-2015,C50,C50,Breast,EQI Quintile,Q1,7369,55692570,11.0575,0.1308,10.8064,11.3129,11.06 ± 0.13
2011-2015,C50,C50,Breast,EQI Quintile,Q2,14055,99511336,11.1317,0.096,10.9484,11.3173,11.13 ± 0.10
2011-2015,C50,C50,Breast,EQI Quintile,Q3,25812,186955556,11.5482,0.0731,11.4078,11.69,11.55 ± 0.07
2011-2015,C50,C50,Breast,EQI Quintile,Q4,36954,270786281,11.7908,0.0623,11.6709,11.9116,11.79 ± 0.06
2011-2015,C50,C50,Breast,EQI Quintile,Q5,123513,968632477,11.6824,0.0337,11.6174,11.7478,11.68 ± 0.03
2011-2015,C50,C50,Breast,EQI Quintile,Unclassified,32,332452,9.9572,1.7915,6.8107,14.0566,9.96 ± 1.79
2011-2015,C56,C56,Ovarian,EQI Quintile,National,71097,1581910672,3.9582,0.015,3.9291,3.9874,3.96 ± 0.02
2011-2015,C56,C56,Ovarian,EQI Quintile,Q1,2394,55692570,3.5304,0.073,3.3904,3.6747,3.53 ± 0.07
2011-2015,C56,C56,Ovarian,EQI Quintile,Q2,4656,99511336,3.6093,0.0538,3.5063,3.7145,3.61 ± 0.05
2011-2015,C56,C56,Ovarian,EQI Quintile,Q3,8759,186955556,3.858,0.0418,3.7777,3.9397,3.86 ± 0.04
2011-2015,C56,C56,Ovarian,EQI Quintile,Q4,12817,270786281,4.058,0.0363,3.988,4.1288,4.06 ± 0.04
2011-2015,C56,C56,Ovarian,EQI Quintile,Q5,42451,968632477,4.0276,0.0198,3.9893,4.0661,4.03 ± 0.02
2011-2015,C56,C56,Ovarian,EQI Quintile,Unclassified,20,332452,5.9976,1.367,3.6635,9.2629,6.00 ± 1.37
2011-2015,C61,C61,Prostate,EQI Quintile,National,140071,1581910672,7.8876,0.0213,7.8464,7.929,7.89 ± 0.02
2011-2015,C61,C61,Prostate,EQI Quintile,Q1,5731,55692570,8.4591,0.1123,8.2415,8.681,8.46 ± 0.11
2011-2015,C61,C61,Prostate,EQI Quintile,Q2,10350,99511336,7.8415,0.0774,7.6912,7.9941,7.84 ± 0.08
2011-2015,C61,C61,Prostate,EQI Quintile,Q3,18438,186955556,8.1035,0.0601,7.987,8.2213,8.10 ± 0.06
2011-2015,C61,C61,Prostate,EQI Quintile,Q4,25506,270786281,8.0483,0.0508,7.9498,8.1477,8.05 ± 0.05
2011-2015,C61,C61,Prostate,EQI Quintile,Q5,80021,968632477,7.7615,0.0278,7.7078,7.8155,7.76 ± 0.03
2011-2015,C61,C61,Prostate,EQI Quintile,Unclassified,25,332452,8.5651,1.7315,5.5429,12.6438,8.57 ± 1.73
2011-2015,C64_C65,C64_C65,Kidney,EQI Quintile,National,47240,1850388226,2.71,0.0126,2.6856,2.7346,2.71 ± 0.01
2011-2015,C64_C65,C64_C65,Kidney,EQI Quintile,Q1,1850,65058831,2.7005,0.0631,2.5788,2.8264,2.70 ± 0.06
2011-2015,C64_C65,C64_C65,Kidney,EQI Quintile,Q2,3768,115950431,2.8166,0.0461,2.7274,2.908,2.82 ± 0.05
2011-2015,C64_C65,C64_C65,Kidney,EQI Quintile,Q3,6380,218283987,2.8078,0.0353,2.7393,2.8776,2.81 ± 0.04
2011-2015,C64_C65,C64_C65,Kidney,EQI Quintile,Q4,8842,316544007,2.8263,0.0302,2.7677,2.8859,2.83 ± 0.03
2011-2015,C64_C65,C64_C65,Kidney,EQI Quintile,Q5,26391,1134168137,2.6361,0.0164,2.6044,2.6681,2.64 ± 0.02
2011-2015,C64_C65,C64_C65,Kidney,EQI Quintile,Unclassified,9,382833,3.1175,1.0459,1.4255,5.918,3.12 ± 1.05
2011-2015,C82_C85,C82_C85,NHL,EQI Quintile,National,101256,1581910672,5.7373,0.0182,5.702,5.7728,5.74 ± 0.02
2011-2015,C82_C85,C82_C85,NHL,EQI Quintile,Q1,3667,55692570,5.4648,0.0912,5.2893,5.6446,5.46 ± 0.09
2011-2015,C82_C85,C82_C85,NHL,EQI Quintile,Q2,7083,99511336,5.4658,0.0658,5.3392,5.5946,5.47 ± 0.07
2011-2015,C82_C85,C82_C85,NHL,EQI Quintile,Q3,13025,186955556,5.8068,0.0515,5.7075,5.9074,5.81 ± 0.05
2011-2015,C82_C85,C82_C85,NHL,EQI Quintile,Q4,18775,270786281,6.0027,0.0443,5.9171,6.0891,6.00 ± 0.04
2011-2015,C82_C85,C82_C85,NHL,EQI Quintile,Q5,58695,968632477,5.7056,0.0239,5.6596,5.752,5.71 ± 0.02
2011-2015,C82_C85,C82_C85,NHL,EQI Quintile,Unclassified,11,332452,3.7371,1.1345,1.8655,6.6867,3.74 ± 1.13
2011-2015,C91_C95,C91_C95,Leukemia,EQI Quintile,National,115301,1581910672,6.5937,0.0196,6.5557,6.6318,6.59 ± 0.02
2011-2015,C91_C95,C91_C95,Leukemia,EQI Quintile,Q1,4129,55692570,6.2264,0.098,6.0379,6.4193,6.23 ± 0.10
2011-2015,C91_C95,C91_C95,Leukemia,EQI Quintile,Q2,8250,99511336,6.4873,0.0726,6.3481,6.6289,6.49 ± 0.07
2011-2015,C91_C95,C91_C95,Leukemia,EQI Quintile,Q3,14882,186955556,6.7003,0.0556,6.5931,6.8088,6.70 ± 0.06
2011-2015,C91_C95,C91_C95,Leukemia,EQI Quintile,Q4,20951,270786281,6.7531,0.0472,6.662,6.8452,6.75 ± 0.05
2011-2015,C91_C95,C91_C95,Leukemia,EQI Quintile,Q5,67070,968632477,6.5687,0.0257,6.5191,6.6186,6.57 ± 0.03
2011-2015,C91_C95,C91_C95,Leukemia,EQI Quintile,Unclassified,19,332452,5.9117,1.382,3.5593,9.2319,5.91 ± 1.38
2011-2015,G10,G10,HD,EQI Quintile,National,5075,1581910672,0.2873,0.0041,0.2795,0.2953,0.29 ± 0.00
2011-2015,G10,G10,HD,EQI Quintile,Q1,149,55692570,0.2315,0.0194,0.1958,0.2718,0.23 ± 0.02
2011-2015,G10,G10,HD,EQI Quintile,Q2,366,99511336,0.3137,0.0169,0.2823,0.3475,0.31 ± 0.02
2011-2015,G10,G10,HD,EQI Quintile,Q3,634,186955556,0.2999,0.0122,0.277,0.3242,0.30 ± 0.01
2011-2015,G10,G10,HD,EQI Quintile,Q4,1013,270786281,0.3341,0.0107,0.3138,0.3553,0.33 ± 0.01
2011-2015,G10,G10,HD,EQI Quintile,Q5,2913,968632477,0.274,0.0052,0.2642,0.2842,0.27 ± 0.01
2011-2015,G10,G10,HD,EQI Quintile,Unclassified,0,332452,0.0,0.0,0.0,0.0,0.00 ± 0.00
2011-2015,G12.2,G12.2,ALS,EQI Quintile,National,35748,1581910672,1.9885,0.0107,1.9679,2.0092,1.99 ± 0.01
2011-2015,G12.2,G12.2,ALS,EQI Quintile,Q1,1027,55692570,1.4841,0.0469,1.3947,1.5778,1.48 ± 0.05
2011-2015,G12.2,G12.2,ALS,EQI Quintile,Q2,2296,99511336,1.7598,0.0374,1.6885,1.8332,1.76 ± 0.04
2011-2015,G12.2,G12.2,ALS,EQI Quintile,Q3,4354,186955556,1.9077,0.0293,1.8514,1.9652,1.91 ± 0.03
2011-2015,G12.2,G12.2,ALS,EQI Quintile,Q4,6293,270786281,1.9853,0.0254,1.9365,2.035,1.99 ± 0.03
2011-2015,G12.2,G12.2,ALS,EQI Quintile,Q5,21770,968632477,2.0773,0.0143,2.0498,2.1051,2.08 ± 0.01
2011-2015,G12.2,G12.2,ALS,EQI Quintile,Unclassified,8,332452,2.5138,0.9074,1.0853,4.9532,2.51 ± 0.91
2011-2015,G20,G20,PD,EQI Quintile,National,125409,1581910672,7.2462,0.0206,7.2061,7.2864,7.25 ± 0.02
2011-2015,G20,G20,PD,EQI Quintile,Q1,3931,55692570,5.9625,0.0954,5.7776,6.1519,5.96 ± 0.10
2011-2015,G20,G20,PD,EQI Quintile,Q2,8019,99511336,6.1854,0.0693,6.0508,6.3223,6.19 ± 0.07
2011-2015,G20,G20,PD,EQI Quintile,Q3,15334,186955556,6.89,0.0559,6.7814,7.0,6.89 ± 0.06
2011-2015,G20,G20,PD,EQI Quintile,Q4,22703,270786281,7.3236,0.0489,7.2287,7.4195,7.32 ± 0.05
2011-2015,G20,G20,PD,EQI Quintile,Q5,75406,968632477,7.5266,0.0277,7.473,7.5805,7.53 ± 0.03
2011-2015,G20,G20,PD,EQI Quintile,Unclassified,16,332452,5.2894,1.3316,3.0234,8.5897,5.29 ± 1.33
2011-2015,G20_G30_G12.2_F01_F03,G20_G30_G12.2_F01_F03,NDD,EQI Quintile,National,1281883,1581910672,71.2872,0.0634,71.1638,71.4107,71.29 ± 0.06
2011-2015,G20_G30_G12.2_F01_F03,G20_G30_G12.2_F01_F03,NDD,EQI Quintile,Q1,41608,55692570,63.0928,0.31,62.488,63.702,63.09 ± 0.31
2011-2015,G20_G30_G12.2_F01_F03,G20_G30_G12.2_F01_F03,NDD,EQI Quintile,Q2,87359,99511336,66.9723,0.2272,66.5289,67.4179,66.97 ± 0.23
2011-2015,G20_G30_G12.2_F01_F03,G20_G30_G12.2_F01_F03,NDD,EQI Quintile,Q3,157561,186955556,69.3957,0.1756,69.0535,69.7392,69.40 ± 0.18
2011-2015,G20_G30_G12.2_F01_F03,G20_G30_G12.2_F01_F03,NDD,EQI Quintile,Q4,232666,270786281,72.6571,0.1516,72.3622,72.953,72.66 ± 0.15
2011-2015,G20_G30_G12.2_F01_F03,G20_G30_G12.2_F01_F03,NDD,EQI Quintile,Q5,762486,968632477,72.3071,0.0837,72.1449,72.4696,72.31 ± 0.08
2011-2015,G20_G30_G12.2_F01_F03,G20_G30_G12.2_F01_F03,NDD,EQI Quintile,Unclassified,203,332452,69.9402,4.9304,60.6494,80.2516,69.94 ± 4.93
2011-2015,G30_F01_F03,G30_F01_F03,Dementia,EQI Quintile,National,1115651,1581910672,61.7652,0.0589,61.6506,61.8799,61.77 ± 0.06
2011-2015,G30_F01_F03,G30_F01_F03,Dementia,EQI Quintile,Q1,36501,55692570,55.4146,0.2905,54.8476,55.9861,55.41 ± 0.29
2011-2015,G30_F01_F03,G30_F01_F03,Dementia,EQI Quintile,Q2,76678,99511336,58.7134,0.2124,58.2985,59.1304,58.71 ± 0.21
2011-2015,G30_F01_F03,G30_F01_F03,Dementia,EQI Quintile,Q3,137239,186955556,60.298,0.1634,59.9794,60.6179,60.30 ± 0.16
2011-2015,G30_F01_F03,G30_F01_F03,Dementia,EQI Quintile,Q4,202657,270786281,63.0141,0.1408,62.7401,63.2891,63.01 ± 0.14
2011-2015,G30_F01_F03,G30_F01_F03,Dementia,EQI Quintile,Q5,662397,968632477,62.4291,0.0775,62.2789,62.5797,62.43 ± 0.08
2011-2015,G30_F01_F03,G30_F01_F03,Dementia,EQI Quintile,Unclassified,179,332452,62.137,4.6596,53.3674,71.9365,62.14 ± 4.66
2011-2015,I00_I99,I00_I99,CVD,EQI Quintile,National,4012384,1581910672,223.3787,0.1127,223.1602,223.5974,223.38 ± 0.11
2011-2015,I00_I99,I00_I99,CVD,EQI Quintile,Q1,168524,55692570,252.3399,0.6199,251.1366,253.5476,252.34 ± 0.62
2011-2015,I00_I99,I00_I99,CVD,EQI Quintile,Q2,320242,99511336,248.3879,0.4442,247.5284,249.2497,248.39 ± 0.44
2011-2015,I00_I99,I00_I99,CVD,EQI Quintile,Q3,540704,186955556,239.3484,0.3288,238.7108,239.9872,239.35 ± 0.33
2011-2015,I00_I99,I00_I99,CVD,EQI Quintile,Q4,760509,270786281,239.2869,0.2773,238.7495,239.8254,239.29 ± 0.28
2011-2015,I00_I99,I00_I99,CVD,EQI Quintile,Q5,2221927,968632477,210.6158,0.1431,210.3389,210.8929,210.62 ± 0.14
2011-2015,I00_I99,I00_I99,CVD,EQI Quintile,Unclassified,478,332452,157.9434,7.2915,144.0999,172.7581,157.94 ± 7.29
2011-2015,I10_I15,I10_I15,HD,EQI Quintile,National,357256,1581910672,19.7932,0.0335,19.7283,19.8582,19.79 ± 0.03
2011-2015,I10_I15,I10_I15,HD,EQI Quintile,Q1,14110,55692570,21.2966,0.1813,20.9466,21.6509,21.30 ± 0.18
2011-2015,I10_I15,I10_I15,HD,EQI Quintile,Q2,25595,99511336,20.1311,0.1278,19.8852,20.3793,20.13 ± 0.13
2011-2015,I10_I15,I10_I15,HD,EQI Quintile,Q3,48091,186955556,21.3889,0.0988,21.1981,21.5809,21.39 ± 0.10
2011-2015,I10_I15,I10_I15,HD,EQI Quintile,Q4,64089,270786281,20.18,0.0807,20.024,20.3368,20.18 ± 0.08
2011-2015,I10_I15,I10_I15,HD,EQI Quintile,Q5,205348,968632477,19.251,0.043,19.1678,19.3344,19.25 ± 0.04
2011-2015,I10_I15,I10_I15,HD,EQI Quintile,Unclassified,23,332452,7.6512,1.6039,4.8502,11.4805,7.65 ± 1.60
2011-2015,I20_I25,I20_I25,IHD,EQI Quintile,National,1847307,1581910672,102.4768,0.0762,102.3291,102.6247,102.48 ± 0.08
2011-2015,I20_I25,I20_I25,IHD,EQI Quintile,Q1,78387,55692570,116.6439,0.4202,115.8288,117.4634,116.64 ± 0.42
2011-2015,I20_I25,I20_I25,IHD,EQI Quintile,Q2,152393,99511336,117.603,0.3048,117.0133,118.195,117.60 ± 0.30
2011-2015,I20_I25,I20_I25,IHD,EQI Quintile,Q3,250652,186955556,110.3958,0.2227,109.964,110.8288,110.40 ± 0.22
2011-2015,I20_I25,I20_I25,IHD,EQI Quintile,Q4,354312,270786281,111.0675,0.1885,110.7021,111.4339,111.07 ± 0.19
2011-2015,I20_I25,I20_I25,IHD,EQI Quintile,Q5,1011364,968632477,95.6422,0.0963,95.4559,95.8288,95.64 ± 0.10
2011-2015,I20_I25,I20_I25,IHD,EQI Quintile,Unclassified,199,332452,64.7686,4.6445,56.0819,74.4197,64.77 ± 4.64
2011-2015,I50,I50,HF,EQI Quintile,National,327535,1581910672,18.111,0.0319,18.049,18.1731,18.11 ± 0.03
2011-2015,I50,I50,HF,EQI Quintile,Q1,15710,55692570,23.5608,0.1889,23.1938,23.9322,23.56 ± 0.19
2011-2015,I50,I50,HF,EQI Quintile,Q2,27034,99511336,20.7379,0.1269,20.4914,20.9866,20.74 ± 0.13
2011-2015,I50,I50,HF,EQI Quintile,Q3,42802,186955556,18.781,0.0914,18.6035,18.9598,18.78 ± 0.09
2011-2015,I50,I50,HF,EQI Quintile,Q4,61252,270786281,19.0573,0.0776,18.9067,19.2089,19.06 ± 0.08
2011-2015,I50,I50,HF,EQI Quintile,Q5,180688,968632477,17.0054,0.0404,16.9271,17.084,17.01 ± 0.04
2011-2015,I50,I50,HF,EQI Quintile,Unclassified,49,332452,16.5778,2.3804,12.2644,21.9168,16.58 ± 2.38
2011-2015,I60_I69,I60_I69,Stroke,EQI Quintile,National,659437,1581910672,36.9776,0.046,36.8884,37.0669,36.98 ± 0.05
2011-2015,I60_I69,I60_I69,Stroke,EQI Quintile,Q1,26301,55692570,39.5367,0.2456,39.0603,40.0175,39.54 ± 0.25
2011-2015,I60_I69,I60_I69,Stroke,EQI Quintile,Q2,51561,99511336,39.9382,0.1776,39.5942,40.2844,39.94 ± 0.18
2011-2015,I60_I69,I60_I69,Stroke,EQI Quintile,Q3,90171,186955556,40.032,0.1345,39.7711,40.2941,40.03 ± 0.13
2011-2015,I60_I69,I60_I69,Stroke,EQI Quintile,Q4,124260,270786281,39.2551,0.1124,39.0371,39.474,39.26 ± 0.11
2011-2015,I60_I69,I60_I69,Stroke,EQI Quintile,Q5,367043,968632477,35.1367,0.0587,35.0231,35.2505,35.14 ± 0.06
2011-2015,I60_I69,I60_I69,Stroke,EQI Quintile,Unclassified,101,332452,34.228,3.4368,27.8792,41.5901,34.23 ± 3.44
2011-2015,J40_J42_J45_J46_J47_J60_J70,J40_J42_J45_J46_J47_J60_J70,Other CRD,EQI Quintile,National,123227,1581910672,6.9353,0.02,6.8967,6.9742,6.94 ± 0.02
2011-2015,J40_J42_J45_J46_J47_J60_J70,J40_J42_J45_J46_J47_J60_J70,Other CRD,EQI Quintile,Q1,4599,55692570,6.9932,0.104,6.7926,7.1983,6.99 ± 0.10
2011-2015,J40_J42_J45_J46_J47_J60_J70,J40_J42_J45_J46_J47_J60_J70,Other CRD,EQI Quintile,Q2,9159,99511336,7.1982,0.0762,7.0516,7.3472,7.20 ± 0.08
2011-2015,J40_J42_J45_J46_J47_J60_J70,J40_J42_J45_J46_J47_J60_J70,Other CRD,EQI Quintile,Q3,15250,186955556,6.8539,0.0561,6.7455,6.9635,6.85 ± 0.06
2011-2015,J40_J42_J45_J46_J47_J60_J70,J40_J42_J45_J46_J47_J60_J70,Other CRD,EQI Quintile,Q4,22915,270786281,7.2852,0.0487,7.1912,7.3801,7.29 ± 0.05
2011-2015,J40_J42_J45_J46_J47_J60_J70,J40_J42_J45_J46_J47_J60_J70,Other CRD,EQI Quintile,Q5,71289,968632477,6.8231,0.0259,6.7731,6.8734,6.82 ± 0.03
2011-2015,J40_J42_J45_J46_J47_J60_J70,J40_J42_J45_J46_J47_J60_J70,Other CRD,EQI Quintile,Unclassified,15,332452,4.7577,1.2432,2.6628,7.8471,4.76 ± 1.24
2011-2015,J40_J47,J40_J47,J40_J47,EQI Quintile,National,737352,1581910672,41.608,0.0489,41.5131,41.7031,41.61 ± 0.05
2011-2015,J40_J47,J40_J47,J40_J47,EQI Quintile,Q1,31365,55692570,46.208,0.2627,45.698,46.7222,46.21 ± 0.26
2011-2015,J40_J47,J40_J47,J40_J47,EQI Quintile,Q2,66600,99511336,50.5895,0.1976,50.206,50.9752,50.59 ± 0.20
2011-2015,J40_J47,J40_J47,J40_J47,EQI Quintile,Q3,108723,186955556,47.8487,0.1463,47.5647,48.134,47.85 ± 0.15
2011-2015,J40_J47,J40_J47,J40_J47,EQI Quintile,Q4,144226,270786281,45.6837,0.1214,45.4482,45.9201,45.68 ± 0.12
2011-2015,J40_J47,J40_J47,J40_J47,EQI Quintile,Q5,386318,968632477,37.5993,0.0613,37.4808,37.718,37.60 ± 0.06
2011-2015,J40_J47,J40_J47,J40_J47,EQI Quintile,Unclassified,120,332452,39.843,3.6782,33.0338,47.6425,39.84 ± 3.68
2011-2015,J40_J47_J60_J70_J84_D86,J40_J47_J60_J70_J84_D86,Non-cancer CRD,EQI Quintile,National,928188,1581910672,52.3608,0.0549,52.2543,52.4674,52.36 ± 0.05
2011-2015,J40_J47_J60_J70_J84_D86,J40_J47_J60_J70_J84_D86,Non-cancer CRD,EQI Quintile,Q1,38370,55692570,56.7067,0.2915,56.1407,57.277,56.71 ± 0.29
2011-2015,J40_J47_J60_J70_J84_D86,J40_J47_J60_J70_J84_D86,Non-cancer CRD,EQI Quintile,Q2,80504,99511336,61.3098,0.2179,60.887,61.7348,61.31 ± 0.22
2011-2015,J40_J47_J60_J70_J84_D86,J40_J47_J60_J70_J84_D86,Non-cancer CRD,EQI Quintile,Q3,132465,186955556,58.3891,0.1617,58.0751,58.7044,58.39 ± 0.16
2011-2015,J40_J47_J60_J70_J84_D86,J40_J47_J60_J70_J84_D86,Non-cancer CRD,EQI Quintile,Q4,179682,270786281,56.9056,0.1355,56.6428,57.1694,56.91 ± 0.14
2011-2015,J40_J47_J60_J70_J84_D86,J40_J47_J60_J70_J84_D86,Non-cancer CRD,EQI Quintile,Q5,497019,968632477,48.2946,0.0694,48.1604,48.4291,48.29 ± 0.07
2011-2015,J40_J47_J60_J70_J84_D86,J40_J47_J60_J70_J84_D86,Non-cancer CRD,EQI Quintile,Unclassified,148,332452,49.4722,4.1102,41.823,58.1154,49.47 ± 4.11
2011-2015,J40_J47_J60_J70_J84_D86_C34,J40_J47_J60_J70_J84_D86_C34,CRD,EQI Quintile,National,1707724,1581910672,95.6261,0.074,95.4827,95.7696,95.63 ± 0.07
2011-2015,J40_J47_J60_J70_J84_D86_C34,J40_J47_J60_J70_J84_D86_C34,CRD,EQI Quintile,Q1,70493,55692570,102.8316,0.3904,102.0739,103.5935,102.83 ± 0.39
2011-2015,J40_J47_J60_J70_J84_D86_C34,J40_J47_J60_J70_J84_D86_C34,CRD,EQI Quintile,Q2,147753,99511336,111.9102,0.2939,111.3403,112.4823,111.91 ± 0.29
2011-2015,J40_J47_J60_J70_J84_D86_C34,J40_J47_J60_J70_J84_D86_C34,CRD,EQI Quintile,Q3,243398,186955556,106.5159,0.2179,106.0932,106.9399,106.52 ± 0.22
2011-2015,J40_J47_J60_J70_J84_D86_C34,J40_J47_J60_J70_J84_D86_C34,CRD,EQI Quintile,Q4,329473,270786281,103.765,0.1826,103.411,104.1199,103.76 ± 0.18
2011-2015,J40_J47_J60_J70_J84_D86_C34,J40_J47_J60_J70_J84_D86_C34,CRD,EQI Quintile,Q5,916365,968632477,88.4244,0.0936,88.2434,88.6056,88.42 ± 0.09
2011-2015,J40_J47_J60_J70_J84_D86_C34,J40_J47_J60_J70_J84_D86_C34,CRD,EQI Quintile,Unclassified,242,332452,79.7393,5.1872,70.0085,90.4443,79.74 ± 5.19
2011-2015,J43_J44,J43_J44,COPD,EQI Quintile,National,711772,1581910672,40.1262,0.048,40.0331,40.2195,40.13 ± 0.05
2011-2015,J43_J44,J43_J44,COPD,EQI Quintile,Q1,30433,55692570,44.7341,0.2581,44.233,45.2396,44.73 ± 0.26
2011-2015,J43_J44,J43_J44,COPD,EQI Quintile,Q2,64960,99511336,49.1962,0.1944,48.8186,49.576,49.20 ± 0.19
2011-2015,J43_J44,J43_J44,COPD,EQI Quintile,Q3,105457,186955556,46.2963,0.1436,46.0173,46.5766,46.30 ± 0.14
2011-2015,J43_J44,J43_J44,COPD,EQI Quintile,Q4,139629,270786281,44.1525,0.1192,43.9212,44.3847,44.15 ± 0.12
2011-2015,J43_J44,J43_J44,COPD,EQI Quintile,Q5,371175,968632477,36.1279,0.0601,36.0118,36.2443,36.13 ± 0.06
2011-2015,J43_J44,J43_J44,COPD,EQI Quintile,Unclassified,118,332452,39.2851,3.6562,32.5173,47.046,39.29 ± 3.66
2011-2015,J45,J45,Asthma,EQI Quintile,National,16009,1581910672,0.9315,0.0075,0.9171,0.946,0.93 ± 0.01
2011-2015,J45,J45,Asthma,EQI Quintile,Q1,592,55692570,0.9519,0.0399,0.8767,1.0317,0.95 ± 0.04
2011-2015,J45,J45,Asthma,EQI Quintile,Q2,1018,99511336,0.8885,0.0288,0.8348,0.9448,0.89 ± 0.03
2011-2015,J45,J45,Asthma,EQI Quintile,Q3,2076,186955556,0.9972,0.0224,0.9548,1.0411,1.00 ± 0.02
2011-2015,J45,J45,Asthma,EQI Quintile,Q4,2938,270786281,0.9883,0.0186,0.9529,1.0247,0.99 ± 0.02
2011-2015,J45,J45,Asthma,EQI Quintile,Q5,9383,968632477,0.9105,0.0095,0.8921,0.9291,0.91 ± 0.01
2011-2015,J45,J45,Asthma,EQI Quintile,Unclassified,2,332452,0.558,0.402,0.0676,2.0156,0.56 ± 0.40
2011-2015,J60_J66,J60_J66,Pneumoconiosis,EQI Quintile,National,3716,1581910672,0.2128,0.0035,0.206,0.2197,0.21 ± 0.00
2011-2015,J60_J66,J60_J66,Pneumoconiosis,EQI Quintile,Q1,308,55692570,0.4546,0.0261,0.4052,0.5083,0.45 ± 0.03
2011-2015,J60_J66,J60_J66,Pneumoconiosis,EQI Quintile,Q2,550,99511336,0.4177,0.0179,0.3835,0.4541,0.42 ± 0.02
2011-2015,J60_J66,J60_J66,Pneumoconiosis,EQI Quintile,Q3,593,186955556,0.2652,0.011,0.2443,0.2874,0.27 ± 0.01
2011-2015,J60_J66,J60_J66,Pneumoconiosis,EQI Quintile,Q4,805,270786281,0.2563,0.0091,0.2389,0.2746,0.26 ± 0.01
2011-2015,J60_J66,J60_J66,Pneumoconiosis,EQI Quintile,Q5,1459,968632477,0.1451,0.0038,0.1377,0.1527,0.15 ± 0.00
2011-2015,J60_J66,J60_J66,Pneumoconiosis,EQI Quintile,Unclassified,1,332452,0.2885,0.2885,0.0073,1.6077,0.29 ± 0.29
2011-2015,J60_J70,J60_J70,J60_J70,EQI Quintile,National,97659,1581910672,5.4543,0.0176,5.4201,5.4886,5.45 ± 0.02
2011-2015,J60_J70,J60_J70,J60_J70,EQI Quintile,Q1,3675,55692570,5.5305,0.0917,5.3531,5.7123,5.53 ± 0.09
2011-2015,J60_J70,J60_J70,J60_J70,EQI Quintile,Q2,7519,99511336,5.805,0.0675,5.6745,5.9377,5.80 ± 0.07
2011-2015,J60_J70,J60_J70,J60_J70,EQI Quintile,Q3,11984,186955556,5.3015,0.0488,5.207,5.3973,5.30 ± 0.05
2011-2015,J60_J70,J60_J70,J60_J70,EQI Quintile,Q4,18322,270786281,5.7556,0.0429,5.6726,5.8395,5.76 ± 0.04
2011-2015,J60_J70,J60_J70,J60_J70,EQI Quintile,Q5,56146,968632477,5.3518,0.0229,5.3076,5.3962,5.35 ± 0.02
2011-2015,J60_J70,J60_J70,J60_J70,EQI Quintile,Unclassified,13,332452,4.1997,1.1765,2.2362,7.1816,4.20 ± 1.18
2011-2015,J84_D86,J84_D86,ILD,EQI Quintile,National,93189,1581910672,5.2992,0.0175,5.2653,5.3334,5.30 ± 0.02
2011-2015,J84_D86,J84_D86,ILD,EQI Quintile,Q1,3338,55692570,4.9793,0.0869,4.8118,5.1512,4.98 ± 0.09
2011-2015,J84_D86,J84_D86,ILD,EQI Quintile,Q2,6385,99511336,4.9154,0.0621,4.7955,5.0374,4.92 ± 0.06
2011-2015,J84_D86,J84_D86,ILD,EQI Quintile,Q3,11758,186955556,5.2389,0.0488,5.1446,5.3344,5.24 ± 0.05
2011-2015,J84_D86,J84_D86,ILD,EQI Quintile,Q4,17138,270786281,5.4679,0.0422,5.3864,5.5504,5.47 ± 0.04
2011-2015,J84_D86,J84_D86,ILD,EQI Quintile,Q5,54555,968632477,5.3436,0.0232,5.2988,5.3886,5.34 ± 0.02
2011-2015,J84_D86,J84_D86,ILD,EQI Quintile,Unclassified,15,332452,5.4294,1.4073,3.0388,8.955,5.43 ± 1.41
2011-2015,K70,K70,Alcoholic,EQI Quintile,National,92506,1581910672,5.1894,0.0174,5.1561,5.223,5.19 ± 0.02
2011-2015,K70,K70,Alcoholic,EQI Quintile,Q1,3071,55692570,4.8707,0.0901,4.6999,5.0461,4.87 ± 0.09
2011-2015,K70,K70,Alcoholic,EQI Quintile,Q2,6380,99511336,5.4668,0.0708,5.3335,5.6027,5.47 ± 0.07
2011-2015,K70,K70,Alcoholic,EQI Quintile,Q3,12207,186955556,5.6931,0.0529,5.5926,5.795,5.69 ± 0.05
2011-2015,K70,K70,Alcoholic,EQI Quintile,Q4,16174,270786281,5.308,0.0428,5.2265,5.3904,5.31 ± 0.04
2011-2015,K70,K70,Alcoholic,EQI Quintile,Q5,54657,968632477,5.0592,0.022,5.0169,5.1018,5.06 ± 0.02
2011-2015,K70,K70,Alcoholic,EQI Quintile,Unclassified,17,332452,4.8584,1.197,2.8302,7.7787,4.86 ± 1.20
2011-2015,K70_K76,K70_K76,Non-cancer CLD,EQI Quintile,National,243616,1581910672,13.5317,0.0279,13.4781,13.5856,13.53 ± 0.03
2011-2015,K70_K76,K70_K76,Non-cancer CLD,EQI Quintile,Q1,10544,55692570,15.9746,0.1587,15.6711,16.2825,15.97 ± 0.16
2011-2015,K70_K76,K70_K76,Non-cancer CLD,EQI Quintile,Q2,20373,99511336,16.6627,0.1201,16.4346,16.8931,16.66 ± 0.12
2011-2015,K70_K76,K70_K76,Non-cancer CLD,EQI Quintile,Q3,34751,186955556,15.7321,0.0863,15.5671,15.8984,15.73 ± 0.09
2011-2015,K70_K76,K70_K76,Non-cancer CLD,EQI Quintile,Q4,45753,270786281,14.7135,0.0702,14.579,14.8489,14.71 ± 0.07
2011-2015,K70_K76,K70_K76,Non-cancer CLD,EQI Quintile,Q5,132154,968632477,12.281,0.0343,12.2149,12.3474,12.28 ± 0.03
2011-2015,K70_K76,K70_K76,Non-cancer CLD,EQI Quintile,Unclassified,41,332452,11.8053,1.8701,8.4717,16.0152,11.81 ± 1.87
2011-2015,K70_K76_C22,K70_K76_C22,CLD,EQI Quintile,National,362601,1581910672,19.9673,0.0337,19.9024,20.0324,19.97 ± 0.03
2011-2015,K70_K76_C22,K70_K76_C22,CLD,EQI Quintile,Q1,15045,55692570,22.4395,0.1862,22.0823,22.801,22.44 ± 0.19
2011-2015,K70_K76_C22,K70_K76_C22,CLD,EQI Quintile,Q2,29257,99511336,23.3896,0.1402,23.1224,23.6592,23.39 ± 0.14
2011-2015,K70_K76_C22,K70_K76_C22,CLD,EQI Quintile,Q3,50134,186955556,22.3296,0.1017,22.1346,22.526,22.33 ± 0.10
2011-2015,K70_K76_C22,K70_K76_C22,CLD,EQI Quintile,Q4,67353,270786281,21.3472,0.0838,21.1863,21.509,21.35 ± 0.08
2011-2015,K70_K76_C22,K70_K76_C22,CLD,EQI Quintile,Q5,200758,968632477,18.6108,0.0422,18.5295,18.6924,18.61 ± 0.04
2011-2015,K70_K76_C22,K70_K76_C22,CLD,EQI Quintile,Unclassified,54,332452,15.7547,2.1756,11.8354,20.5565,15.75 ± 2.18
2011-2015,K71,K71,K71,EQI Quintile,National,63,1581910672,0.0035,0.0004,0.0027,0.0045,0.00 ± 0.00
2011-2015,K71,K71,K71,EQI Quintile,Q1,2,55692570,0.0035,0.0025,0.0004,0.0128,0.00 ± 0.00
2011-2015,K71,K71,K71,EQI Quintile,Q2,4,99511336,0.0034,0.0017,0.0009,0.0086,0.00 ± 0.00
2011-2015,K71,K71,K71,EQI Quintile,Q3,10,186955556,0.0043,0.0014,0.0021,0.008,0.00 ± 0.00
2011-2015,K71,K71,K71,EQI Quintile,Q4,16,270786281,0.005,0.0013,0.0028,0.008,0.00 ± 0.00
2011-2015,K71,K71,K71,EQI Quintile,Q5,31,968632477,0.0029,0.0005,0.002,0.0041,0.00 ± 0.00
2011-2015,K71,K71,K71,EQI Quintile,Unclassified,0,332452,0.0,0.0,0.0,0.0,0.00 ± 0.00
2011-2015,K71_K73_K74,K71_K73_K74,Toxic & chronic,EQI Quintile,National,90808,1581910672,5.0054,0.0169,4.9729,5.0381,5.01 ± 0.02
2011-2015,K71_K73_K74,K71_K73_K74,Toxic & chronic,EQI Quintile,Q1,4776,55692570,7.0708,0.104,6.8717,7.2742,7.07 ± 0.10
2011-2015,K71_K73_K74,K71_K73_K74,Toxic & chronic,EQI Quintile,Q2,8733,99511336,6.9621,0.0763,6.8169,7.1097,6.96 ± 0.08
2011-2015,K71_K73_K74,K71_K73_K74,Toxic & chronic,EQI Quintile,Q3,13763,186955556,6.1119,0.0531,6.0102,6.2148,6.11 ± 0.05
2011-2015,K71_K73_K74,K71_K73_K74,Toxic & chronic,EQI Quintile,Q4,17688,270786281,5.6098,0.0429,5.5275,5.6931,5.61 ± 0.04
2011-2015,K71_K73_K74,K71_K73_K74,Toxic & chronic,EQI Quintile,Q5,45835,968632477,4.2723,0.0203,4.2333,4.3116,4.27 ± 0.02
2011-2015,K71_K73_K74,K71_K73_K74,Toxic & chronic,EQI Quintile,Unclassified,13,332452,3.7821,1.0621,2.0138,6.4674,3.78 ± 1.06
2011-2015,K72_K75,K72_K75,Other CLD,EQI Quintile,National,24322,1581910672,1.3556,0.0088,1.3387,1.3728,1.36 ± 0.01
2011-2015,K72_K75,K72_K75,Other CLD,EQI Quintile,Q1,1123,55692570,1.6902,0.0513,1.5928,1.792,1.69 ± 0.05
2011-2015,K72_K75,K72_K75,Other CLD,EQI Quintile,Q2,2209,99511336,1.8042,0.0394,1.7297,1.881,1.80 ± 0.04
2011-2015,K72_K75,K72_K75,Other CLD,EQI Quintile,Q3,3599,186955556,1.6177,0.0275,1.5653,1.6715,1.62 ± 0.03
2011-2015,K72_K75,K72_K75,Other CLD,EQI Quintile,Q4,4889,270786281,1.5751,0.0229,1.5312,1.6198,1.58 ± 0.02
2011-2015,K72_K75,K72_K75,Other CLD,EQI Quintile,Q5,12497,968632477,1.1697,0.0106,1.1493,1.1904,1.17 ± 0.01
2011-2015,K72_K75,K72_K75,Other CLD,EQI Quintile,Unclassified,5,332452,1.4189,0.6393,0.4607,3.3112,1.42 ± 0.64
2011-2015,K73,K73,K73,EQI Quintile,National,373,1581910672,0.0205,0.0011,0.0185,0.0227,0.02 ± 0.00
2011-2015,K73,K73,K73,EQI Quintile,Q1,17,55692570,0.0239,0.0059,0.014,0.0383,0.02 ± 0.01
2011-2015,K73,K73,K73,EQI Quintile,Q2,31,99511336,0.0224,0.0041,0.0152,0.0318,0.02 ± 0.00
2011-2015,K73,K73,K73,EQI Quintile,Q3,71,186955556,0.0319,0.0038,0.0249,0.0402,0.03 ± 0.00
2011-2015,K73,K73,K73,EQI Quintile,Q4,66,270786281,0.0217,0.0027,0.0168,0.0276,0.02 ± 0.00
2011-2015,K73,K73,K73,EQI Quintile,Q5,188,968632477,0.0173,0.0013,0.0149,0.0199,0.02 ± 0.00
2011-2015,K73,K73,K73,EQI Quintile,Unclassified,0,332452,0.0,0.0,0.0,0.0,0.00 ± 0.00
2011-2015,K74,K74,K74,EQI Quintile,National,90372,1581910672,4.9815,0.0168,4.9491,5.0141,4.98 ± 0.02
2011-2015,K74,K74,K74,EQI Quintile,Q1,4757,55692570,7.0433,0.1038,6.8446,7.2464,7.04 ± 0.10
2011-2015,K74,K74,K74,EQI Quintile,Q2,8698,99511336,6.9364,0.0762,6.7914,7.0837,6.94 ± 0.08
2011-2015,K74,K74,K74,EQI Quintile,Q3,13682,186955556,6.0756,0.0529,5.9743,6.1783,6.08 ± 0.05
2011-2015,K74,K74,K74,EQI Quintile,Q4,17606,270786281,5.5832,0.0428,5.501,5.6663,5.58 ± 0.04
2011-2015,K74,K74,K74,EQI Quintile,Q5,45616,968632477,4.2521,0.0202,4.2132,4.2913,4.25 ± 0.02
2011-2015,K74,K74,K74,EQI Quintile,Unclassified,13,332452,3.7821,1.0621,2.0138,6.4674,3.78 ± 1.06
2011-2015,K76,K76,Non-alcoholic,EQI Quintile,National,35980,1581910672,1.9812,0.0106,1.9608,2.0018,1.98 ± 0.01
2011-2015,K76,K76,Non-alcoholic,EQI Quintile,Q1,1574,55692570,2.3429,0.0601,2.2286,2.4616,2.34 ± 0.06
2011-2015,K76,K76,Non-alcoholic,EQI Quintile,Q2,3051,99511336,2.4295,0.0451,2.3441,2.5173,2.43 ± 0.05
2011-2015,K76,K76,Non-alcoholic,EQI Quintile,Q3,5182,186955556,2.3094,0.0328,2.2469,2.3731,2.31 ± 0.03
2011-2015,K76,K76,Non-alcoholic,EQI Quintile,Q4,7002,270786281,2.2206,0.027,2.1689,2.2732,2.22 ± 0.03
2011-2015,K76,K76,Non-alcoholic,EQI Quintile,Q5,19165,968632477,1.7798,0.0131,1.7547,1.8052,1.78 ± 0.01
2011-2015,K76,K76,Non-alcoholic,EQI Quintile,Unclassified,6,332452,1.746,0.7265,0.6407,3.8002,1.75 ± 0.73
2011-2015,K76.7,K76.7,HRS,EQI Quintile,National,2561,1581910672,0.1425,0.0029,0.137,0.1481,0.14 ± 0.00
2011-2015,K76.7,K76.7,HRS,EQI Quintile,Q1,145,55692570,0.2228,0.0188,0.188,0.2621,0.22 ± 0.02
2011-2015,K76.7,K76.7,HRS,EQI Quintile,Q2,237,99511336,0.1926,0.0128,0.1688,0.2187,0.19 ± 0.01
2011-2015,K76.7,K76.7,HRS,EQI Quintile,Q3,396,186955556,0.1779,0.0091,0.1608,0.1964,0.18 ± 0.01
2011-2015,K76.7,K76.7,HRS,EQI Quintile,Q4,497,270786281,0.162,0.0074,0.1481,0.1769,0.16 ± 0.01
2011-2015,K76.7,K76.7,HRS,EQI Quintile,Q5,1285,968632477,0.1192,0.0034,0.1127,0.1259,0.12 ± 0.00
2011-2015,K76.7,K76.7,HRS,EQI Quintile,Unclassified,1,332452,0.2885,0.2885,0.0073,1.6077,0.29 ± 0.29
2011-2015,N00_N15,N00_N15,GRTI,EQI Quintile,National,9222,1581910672,0.5225,0.0055,0.5119,0.5332,0.52 ± 0.01
2011-2015,N00_N15,N00_N15,GRTI,EQI Quintile,Q1,362,55692570,0.5462,0.029,0.4914,0.6055,0.55 ± 0.03
2011-2015,N00_N15,N00_N15,GRTI,EQI Quintile,Q2,647,99511336,0.5085,0.0203,0.4701,0.5492,0.51 ± 0.02
2011-2015,N00_N15,N00_N15,GRTI,EQI Quintile,Q3,1145,186955556,0.5212,0.0156,0.4915,0.5523,0.52 ± 0.02
2011-2015,N00_N15,N00_N15,GRTI,EQI Quintile,Q4,1839,270786281,0.587,0.0139,0.5605,0.6145,0.59 ± 0.01
2011-2015,N00_N15,N00_N15,GRTI,EQI Quintile,Q5,5225,968632477,0.5043,0.0071,0.4907,0.5182,0.50 ± 0.01
2011-2015,N00_N15,N00_N15,GRTI,EQI Quintile,Unclassified,4,332452,1.2328,0.6277,0.3359,3.1565,1.23 ± 0.63
2011-2015,N00_N29,N00_N29,Non-cancer CKD,EQI Quintile,National,256614,1581910672,14.403,0.0287,14.3473,14.4588,14.40 ± 0.03
2011-2015,N00_N29,N00_N29,Non-cancer CKD,EQI Quintile,Q1,12047,55692570,18.0302,0.1657,17.7097,18.3551,18.03 ± 0.17
2011-2015,N00_N29,N00_N29,Non-cancer CKD,EQI Quintile,Q2,21834,99511336,16.892,0.1156,16.6686,17.1175,16.89 ± 0.12
2011-2015,N00_N29,N00_N29,Non-cancer CKD,EQI Quintile,Q3,35363,186955556,15.6869,0.0843,15.5238,15.8512,15.69 ± 0.08
2011-2015,N00_N29,N00_N29,Non-cancer CKD,EQI Quintile,Q4,49343,270786281,15.619,0.071,15.4815,15.7575,15.62 ± 0.07
2011-2015,N00_N29,N00_N29,Non-cancer CKD,EQI Quintile,Q5,138005,968632477,13.2448,0.0361,13.175,13.3149,13.24 ± 0.04
2011-2015,N00_N29,N00_N29,Non-cancer CKD,EQI Quintile,Unclassified,22,332452,7.0657,1.5364,4.428,10.6975,7.07 ± 1.54
2011-2015,N00_N29_C64_C65,N00_N29_C64_C65,CKD,EQI Quintile,National,303854,1581910672,17.1131,0.0314,17.0523,17.174,17.11 ± 0.03
2011-2015,N00_N29_C64_C65,N00_N29_C64_C65,CKD,EQI Quintile,Q1,13897,55692570,20.7318,0.1773,20.3885,21.0794,20.73 ± 0.18
2011-2015,N00_N29_C64_C65,N00_N29_C64_C65,CKD,EQI Quintile,Q2,25602,99511336,19.7087,0.1245,19.468,19.9516,19.71 ± 0.12
2011-2015,N00_N29_C64_C65,N00_N29_C64_C65,CKD,EQI Quintile,Q3,41743,186955556,18.4948,0.0914,18.3178,18.6731,18.49 ± 0.09
2011-2015,N00_N29_C64_C65,N00_N29_C64_C65,CKD,EQI Quintile,Q4,58185,270786281,18.4454,0.0772,18.2958,18.5959,18.45 ± 0.08
2011-2015,N00_N29_C64_C65,N00_N29_C64_C65,CKD,EQI Quintile,Q5,164396,968632477,15.8809,0.0396,15.8042,15.9579,15.88 ± 0.04
2011-2015,N00_N29_C64_C65,N00_N29_C64_C65,CKD,EQI Quintile,Unclassified,31,332452,10.1832,1.8586,6.919,14.4542,10.18 ± 1.86
2011-2015,N16_N17_N20_N29,N16_N17_N20_N29,Other kidney disease,EQI Quintile,National,56063,1581910672,3.1399,0.0134,3.114,3.166,3.14 ± 0.01
2011-2015,N16_N17_N20_N29,N16_N17_N20_N29,Other kidney disease,EQI Quintile,Q1,2600,55692570,3.8953,0.077,3.747,4.048,3.90 ± 0.08
2011-2015,N16_N17_N20_N29,N16_N17_N20_N29,Other kidney disease,EQI Quintile,Q2,5087,99511336,3.9425,0.0559,3.8349,4.0524,3.94 ± 0.06
2011-2015,N16_N17_N20_N29,N16_N17_N20_N29,Other kidney disease,EQI Quintile,Q3,8406,186955556,3.722,0.041,3.6428,3.8024,3.72 ± 0.04
2011-2015,N16_N17_N20_N29,N16_N17_N20_N29,Other kidney disease,EQI Quintile,Q4,11083,270786281,3.5047,0.0336,3.4397,3.5706,3.50 ± 0.03
2011-2015,N16_N17_N20_N29,N16_N17_N20_N29,Other kidney disease,EQI Quintile,Q5,28882,968632477,2.7603,0.0164,2.7285,2.7923,2.76 ± 0.02
2011-2015,N16_N17_N20_N29,N16_N17_N20_N29,Other kidney disease,EQI Quintile,Unclassified,5,332452,1.6081,0.7406,0.5221,3.7527,1.61 ± 0.74
2011-2015,N18_N19,N18_N19,RF,EQI Quintile,National,191329,1581910672,10.7406,0.0248,10.6926,10.7889,10.74 ± 0.02
2011-2015,N18_N19,N18_N19,RF,EQI Quintile,Q1,9085,55692570,13.5886,0.1438,13.3106,13.871,13.59 ± 0.14
2011-2015,N18_N19,N18_N19,RF,EQI Quintile,Q2,16100,99511336,12.441,0.0992,12.2495,12.6346,12.44 ± 0.10
2011-2015,N18_N19,N18_N19,RF,EQI Quintile,Q3,25812,186955556,11.4437,0.0719,11.3045,11.5842,11.44 ± 0.07
2011-2015,N18_N19,N18_N19,RF,EQI Quintile,Q4,36421,270786281,11.5273,0.061,11.4092,11.6463,11.53 ± 0.06
2011-2015,N18_N19,N18_N19,RF,EQI Quintile,Q5,103898,968632477,9.9803,0.0314,9.9197,10.0411,9.98 ± 0.03
2011-2015,N18_N19,N18_N19,RF,EQI Quintile,Unclassified,13,332452,4.2248,1.1908,2.2495,7.2245,4.22 ± 1.19
2011-2015,X60_X69,X60_X69,NVS,EQI Quintile,National,33347,1581910672,2.0205,0.0113,1.9988,2.0423,2.02 ± 0.01
2011-2015,X60_X69,X60_X69,NVS,EQI Quintile,Q1,757,55692570,1.2969,0.0483,1.2061,1.3926,1.30 ± 0.05
2011-2015,X60_X69,X60_X69,NVS,EQI Quintile,Q2,1952,99511336,1.879,0.0439,1.7966,1.9643,1.88 ± 0.04
2011-2015,X60_X69,X60_X69,NVS,EQI Quintile,Q3,3944,186955556,2.046,0.0334,1.9826,2.1108,2.05 ± 0.03
2011-2015,X60_X69,X60_X69,NVS,EQI Quintile,Q4,5533,270786281,1.9911,0.0274,1.939,2.0443,1.99 ± 0.03
2011-2015,X60_X69,X60_X69,NVS,EQI Quintile,Q5,21153,968632477,2.0839,0.0146,2.0559,2.1122,2.08 ± 0.01
2011-2015,X60_X69,X60_X69,NVS,EQI Quintile,Unclassified,8,332452,2.447,0.8752,1.0564,4.8216,2.45 ± 0.88
2011-2015,X60_X84_Y87.0,X60_X84_Y87.0,Suicide,EQI Quintile,National,204538,1581910672,12.5188,0.0281,12.4646,12.5731,12.52 ± 0.03
2011-2015,X60_X84_Y87.0,X60_X84_Y87.0,Suicide,EQI Quintile,Q1,7330,55692570,12.6374,0.1509,12.3497,12.9301,12.64 ± 0.15
2011-2015,X60_X84_Y87.0,X60_X84_Y87.0,Suicide,EQI Quintile,Q2,15320,99511336,14.8113,0.1233,14.5777,15.0478,14.81 ± 0.12
2011-2015,X60_X84_Y87.0,X60_X84_Y87.0,Suicide,EQI Quintile,Q3,28069,186955556,14.5424,0.0889,14.3727,14.7135,14.54 ± 0.09
2011-2015,X60_X84_Y87.0,X60_X84_Y87.0,Suicide,EQI Quintile,Q4,37968,270786281,13.6673,0.0716,13.5302,13.8055,13.67 ± 0.07
2011-2015,X60_X84_Y87.0,X60_X84_Y87.0,Suicide,EQI Quintile,Q5,115803,968632477,11.5702,0.0345,11.5037,11.6371,11.57 ± 0.03
2011-2015,X60_X84_Y87.0,X60_X84_Y87.0,Suicide,EQI Quintile,Unclassified,48,332452,14.2267,2.0765,10.4896,18.8625,14.23 ± 2.08
2011-2015,X70_X84,X70_X84,VS,EQI Quintile,National,170845,1581910672,10.4773,0.0257,10.4276,10.5271,10.48 ± 0.03
2011-2015,X70_X84,X70_X84,VS,EQI Quintile,Q1,6556,55692570,11.3128,0.1428,11.0406,11.59,11.31 ± 0.14
2011-2015,X70_X84,X70_X84,VS,EQI Quintile,Q2,13339,99511336,12.9046,0.1151,12.6865,13.1255,12.90 ± 0.12
2011-2015,X70_X84,X70_X84,VS,EQI Quintile,Q3,24085,186955556,12.4758,0.0823,12.3187,12.6344,12.48 ± 0.08
2011-2015,X70_X84,X70_X84,VS,EQI Quintile,Q4,32376,270786281,11.655,0.0661,11.5284,11.7826,11.65 ± 0.07
2011-2015,X70_X84,X70_X84,VS,EQI Quintile,Q5,94449,968632477,9.4663,0.0312,9.406,9.5268,9.47 ± 0.03
2011-2015,X70_X84,X70_X84,VS,EQI Quintile,Unclassified,40,332452,11.7797,1.8831,8.4156,16.0406,11.78 ± 1.88
2011-2015,Y87.0,Y87.0,SI,EQI Quintile,National,346,1581910672,0.0211,0.0012,0.0189,0.0234,0.02 ± 0.00
2011-2015,Y87.0,Y87.0,SI,EQI Quintile,Q1,17,55692570,0.0277,0.0069,0.0162,0.0444,0.03 ± 0.01
2011-2015,Y87.0,Y87.0,SI,EQI Quintile,Q2,29,99511336,0.0277,0.0053,0.0186,0.0398,0.03 ± 0.01
2011-2015,Y87.0,Y87.0,SI,EQI Quintile,Q3,40,186955556,0.0206,0.0033,0.0147,0.0281,0.02 ± 0.00
2011-2015,Y87.0,Y87.0,SI,EQI Quintile,Q4,59,270786281,0.0213,0.0028,0.0162,0.0274,0.02 ± 0.00
2011-2015,Y87.0,Y87.0,SI,EQI Quintile,Q5,201,968632477,0.0201,0.0014,0.0174,0.023,0.02 ± 0.00
2011-2015,Y87.0,Y87.0,SI,EQI Quintile,Unclassified,0,332452,0.0,0.0,0.0,0.0,0.00 ± 0.00
2016-2020,C00_C97,C00_C97,Cancer,EQI Quintile,National,2994814,1633728425,149.1664,0.0875,148.9975,149.3355,149.17 ± 0.09
2016-2020,C00_C97,C00_C97,Cancer,EQI Quintile,Q1,116765,56261033,155.147,0.4614,154.2584,156.0395,155.15 ± 0.46
2016-2020,C00_C97,C00_C97,Cancer,EQI Quintile,Q2,230785,102207873,159.4715,0.3394,158.8215,160.1235,159.47 ± 0.34
2016-2020,C00_C97,C00_C97,Cancer,EQI Quintile,Q3,400465,192718074,157.5576,0.2536,157.07,158.0464,157.56 ± 0.25
2016-2020,C00_C97,C00_C97,Cancer,EQI Quintile,Q4,552083,279125800,156.9567,0.2149,156.5429,157.3713,156.96 ± 0.21
2016-2020,C00_C97,C00_C97,Cancer,EQI Quintile,Q5,1694153,1002992167,143.8169,0.1122,143.6004,144.0336,143.82 ± 0.11
2016-2020,C00_C97,C00_C97,Cancer,EQI Quintile,Unclassified,563,423478,121.5412,5.2251,111.7076,132.0086,121.54 ± 5.23
2016-2020,C18_C21,C18_C21,Colorectal,EQI Quintile,National,265605,1633728425,13.3736,0.0264,13.3228,13.4245,13.37 ± 0.03
2016-2020,C18_C21,C18_C21,Colorectal,EQI Quintile,Q1,11533,56261033,15.5765,0.1478,15.2935,15.8634,15.58 ± 0.15
2016-2020,C18_C21,C18_C21,Colorectal,EQI Quintile,Q2,20996,102207873,14.8592,0.1054,14.6589,15.0616,14.86 ± 0.11
2016-2020,C18_C21,C18_C21,Colorectal,EQI Quintile,Q3,35948,192718074,14.4266,0.0778,14.2779,14.5765,14.43 ± 0.08
2016-2020,C18_C21,C18_C21,Colorectal,EQI Quintile,Q4,49185,279125800,14.2183,0.0654,14.0929,14.3445,14.22 ± 0.07
2016-2020,C18_C21,C18_C21,Colorectal,EQI Quintile,Q5,147889,1002992167,12.6183,0.0333,12.554,12.6827,12.62 ± 0.03
2016-2020,C18_C21,C18_C21,Colorectal,EQI Quintile,Unclassified,54,423478,11.7958,1.6348,8.8614,15.3909,11.80 ± 1.63
2016-2020,C22,C22,Liver,EQI Quintile,National,137457,1633728425,6.6436,0.0182,6.6085,6.6788,6.64 ± 0.02
2016-2020,C22,C22,Liver,EQI Quintile,Q1,5500,56261033,7.147,0.0977,6.9593,7.3384,7.15 ± 0.10
2016-2020,C22,C22,Liver,EQI Quintile,Q2,10729,102207873,7.2714,0.0716,7.1344,7.4103,7.27 ± 0.07
2016-2020,C22,C22,Liver,EQI Quintile,Q3,18208,192718074,6.9547,0.0524,6.854,7.0565,6.95 ± 0.05
2016-2020,C22,C22,Liver,EQI Quintile,Q4,24860,279125800,6.8636,0.0443,6.7785,6.9494,6.86 ± 0.04
2016-2020,C22,C22,Liver,EQI Quintile,Q5,78142,1002992167,6.4302,0.0234,6.3852,6.4755,6.43 ± 0.02
2016-2020,C22,C22,Liver,EQI Quintile,Unclassified,18,423478,3.5688,0.862,2.1151,5.6403,3.57 ± 0.86
2016-2020,C25,C25,Pancreatic,EQI Quintile,National,224264,1633728425,11.053,0.0237,11.0073,11.0988,11.05 ± 0.02
2016-2020,C25,C25,Pancreatic,EQI Quintile,Q1,8315,56261033,10.9102,0.1212,10.6769,11.1472,10.91 ± 0.12
2016-2020,C25,C25,Pancreatic,EQI Quintile,Q2,16004,102207873,10.9089,0.0879,10.7406,11.0793,10.91 ± 0.09
2016-2020,C25,C25,Pancreatic,EQI Quintile,Q3,28558,192718074,11.0861,0.0666,10.9579,11.2155,11.09 ± 0.07
2016-2020,C25,C25,Pancreatic,EQI Quintile,Q4,40045,279125800,11.2602,0.0571,11.1502,11.3711,11.26 ± 0.06
2016-2020,C25,C25,Pancreatic,EQI Quintile,Q5,131298,1002992167,11.0478,0.031,10.9881,11.1077,11.05 ± 0.03
2016-2020,C25,C25,Pancreatic,EQI Quintile,Unclassified,44,423478,8.8451,1.364,6.4269,11.8742,8.85 ± 1.36
2016-2020,C34,C34,Lung,EQI Quintile,National,712324,1633728425,34.9142,0.0419,34.8331,34.9953,34.91 ± 0.04
2016-2020,C34,C34,Lung,EQI Quintile,Q1,29973,56261033,38.7974,0.2267,38.3594,39.2392,38.80 ± 0.23
2016-2020,C34,C34,Lung,EQI Quintile,Q2,62566,102207873,42.0386,0.1707,41.7098,42.3693,42.04 ± 0.17
2016-2020,C34,C34,Lung,EQI Quintile,Q3,102773,192718074,39.511,0.125,39.2698,39.7533,39.51 ± 0.12
2016-2020,C34,C34,Lung,EQI Quintile,Q4,137068,279125800,38.1884,0.1046,37.9864,38.3911,38.19 ± 0.10
2016-2020,C34,C34,Lung,EQI Quintile,Q5,379837,1002992167,31.9294,0.0526,31.828,32.0311,31.93 ± 0.05
2016-2020,C34,C34,Lung,EQI Quintile,Unclassified,107,423478,22.5683,2.2264,18.4953,27.2715,22.57 ± 2.23
2016-2020,C50,C50,Breast,EQI Quintile,National,212756,1633728425,10.8178,0.0239,10.7719,10.8639,10.82 ± 0.02
2016-2020,C50,C50,Breast,EQI Quintile,Q1,7486,56261033,10.3561,0.1226,10.1228,10.5934,10.36 ± 0.12
2016-2020,C50,C50,Breast,EQI Quintile,Q2,14719,102207873,10.6727,0.091,10.501,10.8466,10.67 ± 0.09
2016-2020,C50,C50,Breast,EQI Quintile,Q3,26721,192718074,10.919,0.0686,10.7885,11.0507,10.92 ± 0.07
2016-2020,C50,C50,Breast,EQI Quintile,Q4,38086,279125800,11.1225,0.0583,11.0111,11.2348,11.12 ± 0.06
2016-2020,C50,C50,Breast,EQI Quintile,Q5,125710,1002992167,10.7816,0.031,10.7221,10.8414,10.78 ± 0.03
2016-2020,C50,C50,Breast,EQI Quintile,Unclassified,34,423478,7.3787,1.2909,5.1099,10.311,7.38 ± 1.29
2016-2020,C56,C56,Ovarian,EQI Quintile,National,69013,1633728425,3.4433,0.0133,3.4176,3.4691,3.44 ± 0.01
2016-2020,C56,C56,Ovarian,EQI Quintile,Q1,2292,56261033,3.089,0.0658,2.9639,3.2182,3.09 ± 0.07
2016-2020,C56,C56,Ovarian,EQI Quintile,Q2,4648,102207873,3.2446,0.0488,3.152,3.3393,3.24 ± 0.05
2016-2020,C56,C56,Ovarian,EQI Quintile,Q3,8584,192718074,3.4032,0.0375,3.3316,3.476,3.40 ± 0.04
2016-2020,C56,C56,Ovarian,EQI Quintile,Q4,12077,279125800,3.4491,0.032,3.3879,3.5112,3.45 ± 0.03
2016-2020,C56,C56,Ovarian,EQI Quintile,Q5,41395,1002992167,3.5033,0.0175,3.4696,3.5372,3.50 ± 0.02
2016-2020,C56,C56,Ovarian,EQI Quintile,Unclassified,17,423478,3.7347,0.9233,2.1756,5.9795,3.73 ± 0.92
2016-2020,C61,C61,Prostate,EQI Quintile,National,156666,1633728425,7.7995,0.0199,7.7609,7.8382,7.80 ± 0.02
2016-2020,C61,C61,Prostate,EQI Quintile,Q1,6338,56261033,8.2826,0.1046,8.0799,8.4891,8.28 ± 0.10
2016-2020,C61,C61,Prostate,EQI Quintile,Q2,11254,102207873,7.5227,0.0713,7.3843,7.663,7.52 ± 0.07
2016-2020,C61,C61,Prostate,EQI Quintile,Q3,20386,192718074,7.8983,0.0557,7.7903,8.0075,7.90 ± 0.06
2016-2020,C61,C61,Prostate,EQI Quintile,Q4,28243,279125800,7.9729,0.0479,7.8802,8.0665,7.97 ± 0.05
2016-2020,C61,C61,Prostate,EQI Quintile,Q5,90418,1002992167,7.7319,0.026,7.6816,7.7825,7.73 ± 0.03
2016-2020,C61,C61,Prostate,EQI Quintile,Unclassified,27,423478,6.2506,1.2194,4.1192,9.0943,6.25 ± 1.22
2016-2020,C64_C65,C64_C65,Kidney,EQI Quintile,National,70316,1633728425,3.495,0.0134,3.4692,3.521,3.50 ± 0.01
2016-2020,C64_C65,C64_C65,Kidney,EQI Quintile,Q1,2910,56261033,3.8958,0.0735,3.7555,4.0399,3.90 ± 0.07
2016-2020,C64_C65,C64_C65,Kidney,EQI Quintile,Q2,5769,102207873,3.9786,0.0535,3.8766,4.0826,3.98 ± 0.05
2016-2020,C64_C65,C64_C65,Kidney,EQI Quintile,Q3,9779,192718074,3.8429,0.0396,3.7671,3.9199,3.84 ± 0.04
2016-2020,C64_C65,C64_C65,Kidney,EQI Quintile,Q4,13232,279125800,3.7494,0.0331,3.6858,3.8138,3.75 ± 0.03
2016-2020,C64_C65,C64_C65,Kidney,EQI Quintile,Q5,38616,1002992167,3.2696,0.0169,3.2371,3.3024,3.27 ± 0.02
2016-2020,C64_C65,C64_C65,Kidney,EQI Quintile,Unclassified,10,423478,2.3757,0.7612,1.1392,4.3689,2.38 ± 0.76
2016-2020,C82_C85,C82_C85,NHL,EQI Quintile,National,101384,1633728425,5.1207,0.0163,5.0892,5.1523,5.12 ± 0.02
2016-2020,C82_C85,C82_C85,NHL,EQI Quintile,Q1,3683,56261033,4.9208,0.0822,4.7632,5.0824,4.92 ± 0.08
2016-2020,C82_C85,C82_C85,NHL,EQI Quintile,Q2,7214,102207873,4.9749,0.0596,4.8607,5.091,4.97 ± 0.06
2016-2020,C82_C85,C82_C85,NHL,EQI Quintile,Q3,12986,192718074,5.1526,0.0459,5.0643,5.242,5.15 ± 0.05
2016-2020,C82_C85,C82_C85,NHL,EQI Quintile,Q4,18378,279125800,5.2809,0.0395,5.2048,5.3578,5.28 ± 0.04
2016-2020,C82_C85,C82_C85,NHL,EQI Quintile,Q5,59104,1002992167,5.1072,0.0213,5.0661,5.1486,5.11 ± 0.02
2016-2020,C82_C85,C82_C85,NHL,EQI Quintile,Unclassified,19,423478,4.2491,0.9906,2.5582,6.6355,4.25 ± 0.99
2016-2020,C91_C95,C91_C95,Leukemia,EQI Quintile,National,116026,1633728425,5.9447,0.0177,5.9105,5.979,5.94 ± 0.02
2016-2020,C91_C95,C91_C95,Leukemia,EQI Quintile,Q1,4283,56261033,5.8384,0.0907,5.6648,6.0159,5.84 ± 0.09
2016-2020,C91_C95,C91_C95,Leukemia,EQI Quintile,Q2,8498,102207873,6.0168,0.0669,5.8896,6.1462,6.02 ± 0.07
2016-2020,C91_C95,C91_C95,Leukemia,EQI Quintile,Q3,15131,192718074,6.1226,0.0507,6.0255,6.221,6.12 ± 0.05
2016-2020,C91_C95,C91_C95,Leukemia,EQI Quintile,Q4,21140,279125800,6.1694,0.0431,6.0865,6.2531,6.17 ± 0.04
2016-2020,C91_C95,C91_C95,Leukemia,EQI Quintile,Q5,66946,1002992167,5.8498,0.0229,5.8055,5.8943,5.85 ± 0.02
2016-2020,C91_C95,C91_C95,Leukemia,EQI Quintile,Unclassified,28,423478,6.3405,1.2175,4.2132,9.1638,6.34 ± 1.22
2016-2020,G10,G10,HD,EQI Quintile,National,5653,1633728425,0.2955,0.004,0.2879,0.3033,0.30 ± 0.00
2016-2020,G10,G10,HD,EQI Quintile,Q1,156,56261033,0.2353,0.0195,0.1998,0.2752,0.24 ± 0.02
2016-2020,G10,G10,HD,EQI Quintile,Q2,374,102207873,0.294,0.016,0.2649,0.3253,0.29 ± 0.02
2016-2020,G10,G10,HD,EQI Quintile,Q3,655,192718074,0.2815,0.0114,0.2603,0.3039,0.28 ± 0.01
2016-2020,G10,G10,HD,EQI Quintile,Q4,1137,279125800,0.3571,0.0109,0.3366,0.3785,0.36 ± 0.01
2016-2020,G10,G10,HD,EQI Quintile,Q5,3330,1002992167,0.2869,0.0051,0.2773,0.2968,0.29 ± 0.01
2016-2020,G10,G10,HD,EQI Quintile,Unclassified,1,423478,0.271,0.271,0.0069,1.5097,0.27 ± 0.27
2016-2020,G12.2,G12.2,ALS,EQI Quintile,National,34772,1633728425,1.7137,0.0094,1.6958,1.7318,1.71 ± 0.01
2016-2020,G12.2,G12.2,ALS,EQI Quintile,Q1,967,56261033,1.2875,0.0423,1.2077,1.3713,1.29 ± 0.04
2016-2020,G12.2,G12.2,ALS,EQI Quintile,Q2,2147,102207873,1.4986,0.0333,1.4359,1.5634,1.50 ± 0.03
2016-2020,G12.2,G12.2,ALS,EQI Quintile,Q3,4262,192718074,1.6673,0.0261,1.6176,1.7181,1.67 ± 0.03
2016-2020,G12.2,G12.2,ALS,EQI Quintile,Q4,6001,279125800,1.6947,0.0223,1.6521,1.7382,1.69 ± 0.02
2016-2020,G12.2,G12.2,ALS,EQI Quintile,Q5,21376,1002992167,1.7885,0.0124,1.7646,1.8126,1.79 ± 0.01
2016-2020,G12.2,G12.2,ALS,EQI Quintile,Unclassified,19,423478,3.7921,0.8896,2.2831,5.9218,3.79 ± 0.89
2016-2020,G20,G20,PD,EQI Quintile,National,169926,1633728425,8.7253,0.0213,8.6839,8.7669,8.73 ± 0.02
2016-2020,G20,G20,PD,EQI Quintile,Q1,5867,56261033,7.826,0.1025,7.627,8.0289,7.83 ± 0.10
2016-2020,G20,G20,PD,EQI Quintile,Q2,11550,102207873,7.8493,0.0733,7.7068,7.9938,7.85 ± 0.07
2016-2020,G20,G20,PD,EQI Quintile,Q3,21161,192718074,8.4001,0.058,8.2873,8.5141,8.40 ± 0.06
2016-2020,G20,G20,PD,EQI Quintile,Q4,30134,279125800,8.7422,0.0507,8.6437,8.8414,8.74 ± 0.05
2016-2020,G20,G20,PD,EQI Quintile,Q5,101174,1002992167,8.9677,0.0285,8.9125,9.0231,8.97 ± 0.03
2016-2020,G20,G20,PD,EQI Quintile,Unclassified,40,423478,9.6432,1.5359,6.8892,13.1313,9.64 ± 1.54
2016-2020,G20_G30_G12.2_F01_F03,G20_G30_G12.2_F01_F03,NDD,EQI Quintile,National,1416755,1633728425,71.0428,0.06,70.9258,71.1599,71.04 ± 0.06
2016-2020,G20_G30_G12.2_F01_F03,G20_G30_G12.2_F01_F03,NDD,EQI Quintile,Q1,48177,56261033,64.2292,0.2934,63.6569,64.8053,64.23 ± 0.29
2016-2020,G20_G30_G12.2_F01_F03,G20_G30_G12.2_F01_F03,NDD,EQI Quintile,Q2,95892,102207873,64.9403,0.2103,64.5299,65.3526,64.94 ± 0.21
2016-2020,G20_G30_G12.2_F01_F03,G20_G30_G12.2_F01_F03,NDD,EQI Quintile,Q3,170659,192718074,67.1913,0.1633,66.8729,67.5109,67.19 ± 0.16
2016-2020,G20_G30_G12.2_F01_F03,G20_G30_G12.2_F01_F03,NDD,EQI Quintile,Q4,253468,279125800,72.1242,0.144,71.8437,72.4056,72.12 ± 0.14
2016-2020,G20_G30_G12.2_F01_F03,G20_G30_G12.2_F01_F03,NDD,EQI Quintile,Q5,848289,1002992167,72.7394,0.0796,72.5847,72.8944,72.74 ± 0.08
2016-2020,G20_G30_G12.2_F01_F03,G20_G30_G12.2_F01_F03,NDD,EQI Quintile,Unclassified,270,423478,64.3455,3.9434,56.8986,72.4963,64.35 ± 3.94
2016-2020,G30_F01_F03,G30_F01_F03,Dementia,EQI Quintile,National,1206404,1633728425,60.3082,0.0552,60.2007,60.4159,60.31 ± 0.06
2016-2020,G30_F01_F03,G30_F01_F03,Dementia,EQI Quintile,Q1,41187,56261033,54.8804,0.2709,54.3516,55.413,54.88 ± 0.27
2016-2020,G30_F01_F03,G30_F01_F03,Dementia,EQI Quintile,Q2,81821,102207873,55.2984,0.1937,54.9201,55.6786,55.30 ± 0.19
2016-2020,G30_F01_F03,G30_F01_F03,Dementia,EQI Quintile,Q3,144581,192718074,56.8425,0.1499,56.5498,57.1362,56.84 ± 0.15
2016-2020,G30_F01_F03,G30_F01_F03,Dementia,EQI Quintile,Q4,216196,279125800,61.3302,0.1325,61.072,61.5893,61.33 ± 0.13
2016-2020,G30_F01_F03,G30_F01_F03,Dementia,EQI Quintile,Q5,722409,1002992167,61.6963,0.0731,61.5542,61.8388,61.70 ± 0.07
2016-2020,G30_F01_F03,G30_F01_F03,Dementia,EQI Quintile,Unclassified,210,423478,50.6393,3.5109,44.0215,57.9712,50.64 ± 3.51
2016-2020,I00_I99,I00_I99,CVD,EQI Quintile,National,4368394,1633728425,218.774,0.1059,218.5689,218.9792,218.77 ± 0.11
2016-2020,I00_I99,I00_I99,CVD,EQI Quintile,Q1,183861,56261033,247.3882,0.5848,246.2586,248.5216,247.39 ± 0.58
2016-2020,I00_I99,I00_I99,CVD,EQI Quintile,Q2,349928,102207873,243.9522,0.4207,243.1445,244.7618,243.95 ± 0.42
2016-2020,I00_I99,I00_I99,CVD,EQI Quintile,Q3,593271,192718074,235.9534,0.311,235.3534,236.5546,235.95 ± 0.31
2016-2020,I00_I99,I00_I99,CVD,EQI Quintile,Q4,822501,279125800,235.2734,0.2631,234.7652,235.7824,235.27 ± 0.26
2016-2020,I00_I99,I00_I99,CVD,EQI Quintile,Q5,2418207,1002992167,205.8664,0.134,205.607,206.1261,205.87 ± 0.13
2016-2020,I00_I99,I00_I99,CVD,EQI Quintile,Unclassified,626,423478,143.7486,5.8124,132.707,155.4638,143.75 ± 5.81
2016-2020,I10_I15,I10_I15,HD,EQI Quintile,National,490582,1633728425,24.6084,0.0356,24.5396,24.6774,24.61 ± 0.04
2016-2020,I10_I15,I10_I15,HD,EQI Quintile,Q1,20030,56261033,27.3094,0.1963,26.9325,27.6903,27.31 ± 0.20
2016-2020,I10_I15,I10_I15,HD,EQI Quintile,Q2,38970,102207873,27.597,0.1433,27.3236,27.8723,27.60 ± 0.14
2016-2020,I10_I15,I10_I15,HD,EQI Quintile,Q3,67363,192718074,27.0553,0.1062,26.8513,27.2604,27.06 ± 0.11
2016-2020,I10_I15,I10_I15,HD,EQI Quintile,Q4,90214,279125800,25.9098,0.0877,25.741,26.0794,25.91 ± 0.09
2016-2020,I10_I15,I10_I15,HD,EQI Quintile,Q5,273951,1002992167,23.2384,0.045,23.1514,23.3255,23.24 ± 0.04
2016-2020,I10_I15,I10_I15,HD,EQI Quintile,Unclassified,54,423478,12.2465,1.6897,9.2,15.9791,12.25 ± 1.69
2016-2020,I20_I25,I20_I25,IHD,EQI Quintile,National,1837930,1633728425,91.4762,0.0683,91.344,91.6085,91.48 ± 0.07
2016-2020,I20_I25,I20_I25,IHD,EQI Quintile,Q1,80094,56261033,107.1415,0.3836,106.4008,107.8861,107.14 ± 0.38
2016-2020,I20_I25,I20_I25,IHD,EQI Quintile,Q2,152825,102207873,105.8395,0.276,105.3095,106.3715,105.84 ± 0.28
2016-2020,I20_I25,I20_I25,IHD,EQI Quintile,Q3,253342,192718074,99.9694,0.2015,99.5805,100.3595,99.97 ± 0.20
2016-2020,I20_I25,I20_I25,IHD,EQI Quintile,Q4,354088,279125800,100.6491,0.1715,100.3178,100.9811,100.65 ± 0.17
2016-2020,I20_I25,I20_I25,IHD,EQI Quintile,Q5,997343,1002992167,84.4315,0.0856,84.2659,84.5974,84.43 ± 0.09
2016-2020,I20_I25,I20_I25,IHD,EQI Quintile,Unclassified,238,423478,52.8293,3.4781,46.3302,59.9848,52.83 ± 3.48
2016-2020,I50,I50,HF,EQI Quintile,National,414378,1633728425,20.6424,0.0323,20.5796,20.7054,20.64 ± 0.03
2016-2020,I50,I50,HF,EQI Quintile,Q1,17258,56261033,22.9989,0.1765,22.657,23.3446,23.00 ± 0.18
2016-2020,I50,I50,HF,EQI Quintile,Q2,32206,102207873,21.9908,0.1238,21.7513,22.2323,21.99 ± 0.12
2016-2020,I50,I50,HF,EQI Quintile,Q3,52029,192718074,20.4715,0.0905,20.2959,20.6481,20.47 ± 0.09
2016-2020,I50,I50,HF,EQI Quintile,Q4,75918,279125800,21.5334,0.0789,21.3805,21.6871,21.53 ± 0.08
2016-2020,I50,I50,HF,EQI Quintile,Q5,236920,1002992167,20.1195,0.0417,20.0386,20.2007,20.12 ± 0.04
2016-2020,I50,I50,HF,EQI Quintile,Unclassified,47,423478,11.1743,1.6426,8.2105,14.8595,11.17 ± 1.64
2016-2020,I60_I69,I60_I69,Stroke,EQI Quintile,National,746176,1633728425,37.5331,0.0439,37.448,37.6183,37.53 ± 0.04
2016-2020,I60_I69,I60_I69,Stroke,EQI Quintile,Q1,31496,56261033,42.2791,0.2408,41.8134,42.7486,42.28 ± 0.24
2016-2020,I60_I69,I60_I69,Stroke,EQI Quintile,Q2,58283,102207873,40.3669,0.1699,40.0398,40.6959,40.37 ± 0.17
2016-2020,I60_I69,I60_I69,Stroke,EQI Quintile,Q3,103261,192718074,41.0282,0.1292,40.7783,41.2792,41.03 ± 0.13
2016-2020,I60_I69,I60_I69,Stroke,EQI Quintile,Q4,135552,279125800,38.8438,0.1068,38.6373,39.0511,38.84 ± 0.11
2016-2020,I60_I69,I60_I69,Stroke,EQI Quintile,Q5,417454,1002992167,35.8057,0.0561,35.6972,35.9145,35.81 ± 0.06
2016-2020,I60_I69,I60_I69,Stroke,EQI Quintile,Unclassified,130,423478,31.08,2.7421,25.9672,36.9049,31.08 ± 2.74
2016-2020,J40_J42_J45_J46_J47_J60_J70,J40_J42_J45_J46_J47_J60_J70,Other CRD,EQI Quintile,National,126083,1633728425,6.418,0.0183,6.3826,6.4535,6.42 ± 0.02
2016-2020,J40_J42_J45_J46_J47_J60_J70,J40_J42_J45_J46_J47_J60_J70,Other CRD,EQI Quintile,Q1,4461,56261033,6.0859,0.0925,5.9086,6.2672,6.09 ± 0.09
2016-2020,J40_J42_J45_J46_J47_J60_J70,J40_J42_J45_J46_J47_J60_J70,Other CRD,EQI Quintile,Q2,9363,102207873,6.6369,0.0701,6.5032,6.7728,6.64 ± 0.07
2016-2020,J40_J42_J45_J46_J47_J60_J70,J40_J42_J45_J46_J47_J60_J70,Other CRD,EQI Quintile,Q3,15803,192718074,6.413,0.0519,6.3134,6.5138,6.41 ± 0.05
2016-2020,J40_J42_J45_J46_J47_J60_J70,J40_J42_J45_J46_J47_J60_J70,Other CRD,EQI Quintile,Q4,23425,279125800,6.8301,0.0453,6.7429,6.9181,6.83 ± 0.05
2016-2020,J40_J42_J45_J46_J47_J60_J70,J40_J42_J45_J46_J47_J60_J70,Other CRD,EQI Quintile,Q5,73007,1002992167,6.3073,0.0236,6.2616,6.3532,6.31 ± 0.02
2016-2020,J40_J42_J45_J46_J47_J60_J70,J40_J42_J45_J46_J47_J60_J70,Other CRD,EQI Quintile,Unclassified,24,423478,5.7633,1.1859,3.6927,8.5754,5.76 ± 1.19
2016-2020,J40_J47,J40_J47,J40_J47,EQI Quintile,National,783504,1633728425,39.0643,0.0446,38.9779,39.1509,39.06 ± 0.04
2016-2020,J40_J47,J40_J47,J40_J47,EQI Quintile,Q1,35678,56261033,46.8222,0.25,46.3376,47.3106,46.82 ± 0.25
2016-2020,J40_J47,J40_J47,J40_J47,EQI Quintile,Q2,73757,102207873,49.768,0.1853,49.4095,50.1285,49.77 ± 0.19
2016-2020,J40_J47,J40_J47,J40_J47,EQI Quintile,Q3,118305,192718074,46.0478,0.1353,45.7858,46.311,46.05 ± 0.14
2016-2020,J40_J47,J40_J47,J40_J47,EQI Quintile,Q4,155308,279125800,43.9351,0.1127,43.7169,44.1542,43.94 ± 0.11
2016-2020,J40_J47,J40_J47,J40_J47,EQI Quintile,Q5,400305,1002992167,34.2996,0.0549,34.1935,34.4061,34.30 ± 0.05
2016-2020,J40_J47,J40_J47,J40_J47,EQI Quintile,Unclassified,151,423478,33.5363,2.7759,28.4007,39.3323,33.54 ± 2.78
2016-2020,J40_J47_J60_J70_J84_D86,J40_J47_J60_J70_J84_D86,Non-cancer CRD,EQI Quintile,National,989417,1633728425,49.4324,0.0502,49.3351,49.5299,49.43 ± 0.05
2016-2020,J40_J47_J60_J70_J84_D86,J40_J47_J60_J70_J84_D86,Non-cancer CRD,EQI Quintile,Q1,43041,56261033,56.6437,0.2754,56.1098,57.1814,56.64 ± 0.28
2016-2020,J40_J47_J60_J70_J84_D86,J40_J47_J60_J70_J84_D86,Non-cancer CRD,EQI Quintile,Q2,88652,102207873,59.9927,0.2039,59.5984,60.3889,59.99 ± 0.20
2016-2020,J40_J47_J60_J70_J84_D86,J40_J47_J60_J70_J84_D86,Non-cancer CRD,EQI Quintile,Q3,144281,192718074,56.3246,0.1499,56.0344,56.616,56.32 ± 0.15
2016-2020,J40_J47_J60_J70_J84_D86,J40_J47_J60_J70_J84_D86,Non-cancer CRD,EQI Quintile,Q4,193328,279125800,54.8384,0.1261,54.5942,55.0834,54.84 ± 0.13
2016-2020,J40_J47_J60_J70_J84_D86,J40_J47_J60_J70_J84_D86,Non-cancer CRD,EQI Quintile,Q5,519912,1002992167,44.6038,0.0626,44.4827,44.7253,44.60 ± 0.06
2016-2020,J40_J47_J60_J70_J84_D86,J40_J47_J60_J70_J84_D86,Non-cancer CRD,EQI Quintile,Unclassified,203,423478,45.4968,3.2457,39.4531,52.2045,45.50 ± 3.25
2016-2020,J40_J47_J60_J70_J84_D86_C34,J40_J47_J60_J70_J84_D86_C34,CRD,EQI Quintile,National,1701741,1633728425,84.3466,0.0654,84.2199,84.4734,84.35 ± 0.07
2016-2020,J40_J47_J60_J70_J84_D86_C34,J40_J47_J60_J70_J84_D86_C34,CRD,EQI Quintile,Q1,73014,56261033,95.4412,0.3567,94.7501,96.136,95.44 ± 0.36
2016-2020,J40_J47_J60_J70_J84_D86_C34,J40_J47_J60_J70_J84_D86_C34,CRD,EQI Quintile,Q2,151218,102207873,102.0313,0.2659,101.5177,102.5469,102.03 ± 0.27
2016-2020,J40_J47_J60_J70_J84_D86_C34,J40_J47_J60_J70_J84_D86_C34,CRD,EQI Quintile,Q3,247054,192718074,95.8356,0.1951,95.4581,96.2143,95.84 ± 0.20
2016-2020,J40_J47_J60_J70_J84_D86_C34,J40_J47_J60_J70_J84_D86_C34,CRD,EQI Quintile,Q4,330396,279125800,93.0267,0.1639,92.7098,93.3445,93.03 ± 0.16
2016-2020,J40_J47_J60_J70_J84_D86_C34,J40_J47_J60_J70_J84_D86_C34,CRD,EQI Quintile,Q5,899749,1002992167,76.5333,0.0818,76.3752,76.6916,76.53 ± 0.08
2016-2020,J40_J47_J60_J70_J84_D86_C34,J40_J47_J60_J70_J84_D86_C34,CRD,EQI Quintile,Unclassified,310,423478,68.0652,3.936,60.6983,76.0796,68.07 ± 3.94
2016-2020,J43_J44,J43_J44,COPD,EQI Quintile,National,758223,1633728425,37.7018,0.0437,37.617,37.7867,37.70 ± 0.04
2016-2020,J43_J44,J43_J44,COPD,EQI Quintile,Q1,34788,56261033,45.5068,0.2458,45.0299,45.9876,45.51 ± 0.25
2016-2020,J43_J44,J43_J44,COPD,EQI Quintile,Q2,72004,102207873,48.3726,0.1821,48.0199,48.7273,48.37 ± 0.18
2016-2020,J43_J44,J43_J44,COPD,EQI Quintile,Q3,115088,192718074,44.616,0.1328,44.3586,44.8745,44.62 ± 0.13
2016-2020,J43_J44,J43_J44,COPD,EQI Quintile,Q4,150672,279125800,42.4822,0.1106,42.268,42.6972,42.48 ± 0.11
2016-2020,J43_J44,J43_J44,COPD,EQI Quintile,Q5,385524,1002992167,32.971,0.0538,32.867,33.0753,32.97 ± 0.05
2016-2020,J43_J44,J43_J44,COPD,EQI Quintile,Unclassified,147,423478,32.5039,2.7271,27.462,38.2035,32.50 ± 2.73
2016-2020,J45,J45,Asthma,EQI Quintile,National,16408,1633728425,0.8951,0.0072,0.8815,0.9089,0.90 ± 0.01
2016-2020,J45,J45,Asthma,EQI Quintile,Q1,590,56261033,0.8866,0.0377,0.8165,0.9611,0.89 ± 0.04
2016-2020,J45,J45,Asthma,EQI Quintile,Q2,1091,102207873,0.8982,0.0284,0.8457,0.9531,0.90 ± 0.03
2016-2020,J45,J45,Asthma,EQI Quintile,Q3,2170,192718074,0.9915,0.022,0.9502,1.0341,0.99 ± 0.02
2016-2020,J45,J45,Asthma,EQI Quintile,Q4,3082,279125800,0.9804,0.0182,0.9461,1.0157,0.98 ± 0.02
2016-2020,J45,J45,Asthma,EQI Quintile,Q5,9473,1002992167,0.8561,0.009,0.8389,0.8735,0.86 ± 0.01
2016-2020,J45,J45,Asthma,EQI Quintile,Unclassified,2,423478,0.5554,0.3929,0.0673,2.0065,0.56 ± 0.39
2016-2020,J60_J66,J60_J66,Pneumoconiosis,EQI Quintile,National,3203,1633728425,0.1622,0.0029,0.1567,0.168,0.16 ± 0.00
2016-2020,J60_J66,J60_J66,Pneumoconiosis,EQI Quintile,Q1,253,56261033,0.3281,0.0207,0.2889,0.3711,0.33 ± 0.02
2016-2020,J60_J66,J60_J66,Pneumoconiosis,EQI Quintile,Q2,540,102207873,0.3626,0.0158,0.3327,0.3945,0.36 ± 0.02
2016-2020,J60_J66,J60_J66,Pneumoconiosis,EQI Quintile,Q3,495,192718074,0.1946,0.0088,0.1779,0.2126,0.19 ± 0.01
2016-2020,J60_J66,J60_J66,Pneumoconiosis,EQI Quintile,Q4,646,279125800,0.1857,0.0074,0.1717,0.2006,0.19 ± 0.01
2016-2020,J60_J66,J60_J66,Pneumoconiosis,EQI Quintile,Q5,1269,1002992167,0.112,0.0032,0.1059,0.1183,0.11 ± 0.00
2016-2020,J60_J66,J60_J66,Pneumoconiosis,EQI Quintile,Unclassified,0,423478,0.0,0.0,0.0,0.0,0.00 ± 0.00
2016-2020,J60_J70,J60_J70,J60_J70,EQI Quintile,National,100811,1633728425,5.0559,0.0161,5.0247,5.0872,5.06 ± 0.02
2016-2020,J60_J70,J60_J70,J60_J70,EQI Quintile,Q1,3580,56261033,4.7817,0.0807,4.6264,4.941,4.78 ± 0.08
2016-2020,J60_J70,J60_J70,J60_J70,EQI Quintile,Q2,7610,102207873,5.2416,0.0609,5.1245,5.3607,5.24 ± 0.06
2016-2020,J60_J70,J60_J70,J60_J70,EQI Quintile,Q3,12586,192718074,4.9812,0.0449,4.8946,5.069,4.98 ± 0.04
2016-2020,J60_J70,J60_J70,J60_J70,EQI Quintile,Q4,18789,279125800,5.3772,0.0397,5.3005,5.4546,5.38 ± 0.04
2016-2020,J60_J70,J60_J70,J60_J70,EQI Quintile,Q5,58226,1002992167,4.9787,0.0209,4.9383,5.0193,4.98 ± 0.02
2016-2020,J60_J70,J60_J70,J60_J70,EQI Quintile,Unclassified,20,423478,4.7309,1.0669,2.8898,7.3065,4.73 ± 1.07
2016-2020,J84_D86,J84_D86,ILD,EQI Quintile,National,105111,1633728425,5.3127,0.0166,5.2806,5.3449,5.31 ± 0.02
2016-2020,J84_D86,J84_D86,ILD,EQI Quintile,Q1,3792,56261033,5.051,0.0829,4.8915,5.2144,5.05 ± 0.08
2016-2020,J84_D86,J84_D86,ILD,EQI Quintile,Q2,7285,102207873,4.9831,0.0593,4.8693,5.0989,4.98 ± 0.06
2016-2020,J84_D86,J84_D86,ILD,EQI Quintile,Q3,13390,192718074,5.2956,0.0463,5.2063,5.3861,5.30 ± 0.05
2016-2020,J84_D86,J84_D86,ILD,EQI Quintile,Q4,19231,279125800,5.5261,0.0403,5.4483,5.6048,5.53 ± 0.04
2016-2020,J84_D86,J84_D86,ILD,EQI Quintile,Q5,61381,1002992167,5.3255,0.0218,5.2835,5.3678,5.33 ± 0.02
2016-2020,J84_D86,J84_D86,ILD,EQI Quintile,Unclassified,32,423478,7.2296,1.3004,4.945,10.206,7.23 ± 1.30
2016-2020,K70,K70,Alcoholic,EQI Quintile,National,120524,1633728425,6.4173,0.0191,6.3811,6.4536,6.42 ± 0.02
2016-2020,K70,K70,Alcoholic,EQI Quintile,Q1,4356,56261033,6.725,0.1058,6.5268,6.9278,6.73 ± 0.11
2016-2020,K70,K70,Alcoholic,EQI Quintile,Q2,8506,102207873,6.9958,0.0797,6.8479,7.1461,7.00 ± 0.08
2016-2020,K70,K70,Alcoholic,EQI Quintile,Q3,16412,192718074,7.2984,0.0594,7.1872,7.4109,7.30 ± 0.06
2016-2020,K70,K70,Alcoholic,EQI Quintile,Q4,21285,279125800,6.6932,0.0476,6.6036,6.7837,6.69 ± 0.05
2016-2020,K70,K70,Alcoholic,EQI Quintile,Q5,69924,1002992167,6.1046,0.0237,6.0595,6.15,6.10 ± 0.02
2016-2020,K70,K70,Alcoholic,EQI Quintile,Unclassified,41,423478,8.5424,1.3616,6.1302,11.5887,8.54 ± 1.36
2016-2020,K70_K76,K70_K76,Non-cancer CLD,EQI Quintile,National,286520,1633728425,14.7821,0.0283,14.728,14.8363,14.78 ± 0.03
2016-2020,K70_K76,K70_K76,Non-cancer CLD,EQI Quintile,Q1,12649,56261033,18.2179,0.1674,17.9017,18.5382,18.22 ± 0.17
2016-2020,K70_K76,K70_K76,Non-cancer CLD,EQI Quintile,Q2,24106,102207873,18.4573,0.1242,18.2251,18.6918,18.46 ± 0.12
2016-2020,K70_K76,K70_K76,Non-cancer CLD,EQI Quintile,Q3,41189,192718074,17.4086,0.0889,17.2409,17.5776,17.41 ± 0.09
2016-2020,K70_K76,K70_K76,Non-cancer CLD,EQI Quintile,Q4,54281,279125800,16.3083,0.0722,16.1714,16.4461,16.31 ± 0.07
2016-2020,K70_K76,K70_K76,Non-cancer CLD,EQI Quintile,Q5,154235,1002992167,13.2509,0.0345,13.1848,13.3172,13.25 ± 0.03
2016-2020,K70_K76,K70_K76,Non-cancer CLD,EQI Quintile,Unclassified,60,423478,12.533,1.6503,9.564,16.1324,12.53 ± 1.65
2016-2020,K70_K76_C22,K70_K76_C22,CLD,EQI Quintile,National,423977,1633728425,21.4257,0.0337,21.3612,21.4903,21.43 ± 0.03
2016-2020,K70_K76_C22,K70_K76_C22,CLD,EQI Quintile,Q1,18149,56261033,25.3648,0.1938,24.9971,25.7366,25.36 ± 0.19
2016-2020,K70_K76_C22,K70_K76_C22,CLD,EQI Quintile,Q2,34835,102207873,25.7287,0.1434,25.4592,26.0003,25.73 ± 0.14
2016-2020,K70_K76_C22,K70_K76_C22,CLD,EQI Quintile,Q3,59397,192718074,24.3633,0.1032,24.1678,24.5601,24.36 ± 0.10
2016-2020,K70_K76_C22,K70_K76_C22,CLD,EQI Quintile,Q4,79141,279125800,23.1719,0.0847,23.0108,23.3339,23.17 ± 0.08
2016-2020,K70_K76_C22,K70_K76_C22,CLD,EQI Quintile,Q5,232377,1002992167,19.6811,0.0417,19.6012,19.7613,19.68 ± 0.04
2016-2020,K70_K76_C22,K70_K76_C22,CLD,EQI Quintile,Unclassified,78,423478,16.1018,1.8619,12.7278,20.0958,16.10 ± 1.86
2016-2020,K71,K71,K71,EQI Quintile,National,106,1633728425,0.0054,0.0005,0.0044,0.0066,0.01 ± 0.00
2016-2020,K71,K71,K71,EQI Quintile,Q1,5,56261033,0.0058,0.0026,0.0019,0.0135,0.01 ± 0.00
2016-2020,K71,K71,K71,EQI Quintile,Q2,10,102207873,0.0076,0.0025,0.0036,0.0139,0.01 ± 0.00
2016-2020,K71,K71,K71,EQI Quintile,Q3,16,192718074,0.006,0.0015,0.0034,0.0097,0.01 ± 0.00
2016-2020,K71,K71,K71,EQI Quintile,Q4,25,279125800,0.0074,0.0015,0.0048,0.0109,0.01 ± 0.00
2016-2020,K71,K71,K71,EQI Quintile,Q5,50,1002992167,0.0045,0.0006,0.0033,0.0059,0.00 ± 0.00
2016-2020,K71,K71,K71,EQI Quintile,Unclassified,0,423478,0.0,0.0,0.0,0.0,0.00 ± 0.00
2016-2020,K71_K73_K74,K71_K73_K74,Toxic & chronic,EQI Quintile,National,100305,1633728425,5.0329,0.0162,5.0018,5.0642,5.03 ± 0.02
2016-2020,K71_K73_K74,K71_K73_K74,Toxic & chronic,EQI Quintile,Q1,5295,56261033,7.2886,0.1028,7.0935,7.4876,7.29 ± 0.10
2016-2020,K71_K73_K74,K71_K73_K74,Toxic & chronic,EQI Quintile,Q2,9856,102207873,7.2096,0.0754,7.068,7.3534,7.21 ± 0.08
2016-2020,K71_K73_K74,K71_K73_K74,Toxic & chronic,EQI Quintile,Q3,15332,192718074,6.24,0.0519,6.1416,6.3396,6.24 ± 0.05
2016-2020,K71_K73_K74,K71_K73_K74,Toxic & chronic,EQI Quintile,Q4,19921,279125800,5.7826,0.042,5.7026,5.8635,5.78 ± 0.04
2016-2020,K71_K73_K74,K71_K73_K74,Toxic & chronic,EQI Quintile,Q5,49890,1002992167,4.2106,0.0192,4.1737,4.2477,4.21 ± 0.02
2016-2020,K71_K73_K74,K71_K73_K74,Toxic & chronic,EQI Quintile,Unclassified,11,423478,2.482,0.7601,1.239,4.441,2.48 ± 0.76
2016-2020,K72_K75,K72_K75,Other CLD,EQI Quintile,National,26688,1633728425,1.3705,0.0086,1.3541,1.387,1.37 ± 0.01
2016-2020,K72_K75,K72_K75,Other CLD,EQI Quintile,Q1,1233,56261033,1.7567,0.0517,1.66,1.8575,1.76 ± 0.05
2016-2020,K72_K75,K72_K75,Other CLD,EQI Quintile,Q2,2438,102207873,1.8289,0.0386,1.7571,1.903,1.83 ± 0.04
2016-2020,K72_K75,K72_K75,Other CLD,EQI Quintile,Q3,3915,192718074,1.6245,0.0268,1.574,1.6762,1.62 ± 0.03
2016-2020,K72_K75,K72_K75,Other CLD,EQI Quintile,Q4,5493,279125800,1.637,0.0227,1.594,1.6809,1.64 ± 0.02
2016-2020,K72_K75,K72_K75,Other CLD,EQI Quintile,Q5,13607,1002992167,1.1725,0.0103,1.1529,1.1924,1.17 ± 0.01
2016-2020,K72_K75,K72_K75,Other CLD,EQI Quintile,Unclassified,2,423478,0.3263,0.2308,0.0395,1.1789,0.33 ± 0.23
2016-2020,K73,K73,K73,EQI Quintile,National,271,1633728425,0.0137,0.0009,0.0121,0.0154,0.01 ± 0.00
2016-2020,K73,K73,K73,EQI Quintile,Q1,13,56261033,0.0171,0.0048,0.0091,0.0292,0.02 ± 0.00
2016-2020,K73,K73,K73,EQI Quintile,Q2,29,102207873,0.0223,0.0043,0.0149,0.032,0.02 ± 0.00
2016-2020,K73,K73,K73,EQI Quintile,Q3,44,192718074,0.0182,0.0028,0.0132,0.0244,0.02 ± 0.00
2016-2020,K73,K73,K73,EQI Quintile,Q4,44,279125800,0.0121,0.0019,0.0088,0.0162,0.01 ± 0.00
2016-2020,K73,K73,K73,EQI Quintile,Q5,141,1002992167,0.0121,0.001,0.0101,0.0142,0.01 ± 0.00
2016-2020,K73,K73,K73,EQI Quintile,Unclassified,0,423478,0.0,0.0,0.0,0.0,0.00 ± 0.00
2016-2020,K74,K74,K74,EQI Quintile,National,99928,1633728425,5.0138,0.0162,4.9828,5.045,5.01 ± 0.02
2016-2020,K74,K74,K74,EQI Quintile,Q1,5277,56261033,7.2657,0.1026,7.071,7.4644,7.27 ± 0.10
2016-2020,K74,K74,K74,EQI Quintile,Q2,9817,102207873,7.1798,0.0752,7.0384,7.3232,7.18 ± 0.08
2016-2020,K74,K74,K74,EQI Quintile,Q3,15272,192718074,6.2159,0.0518,6.1177,6.3152,6.22 ± 0.05
2016-2020,K74,K74,K74,EQI Quintile,Q4,19852,279125800,5.7631,0.042,5.6833,5.8439,5.76 ± 0.04
2016-2020,K74,K74,K74,EQI Quintile,Q5,49699,1002992167,4.1941,0.0192,4.1573,4.2311,4.19 ± 0.02
2016-2020,K74,K74,K74,EQI Quintile,Unclassified,11,423478,2.482,0.7601,1.239,4.441,2.48 ± 0.76
2016-2020,K76,K76,Non-alcoholic,EQI Quintile,National,39003,1633728425,1.9615,0.0101,1.9421,1.9811,1.96 ± 0.01
2016-2020,K76,K76,Non-alcoholic,EQI Quintile,Q1,1765,56261033,2.4476,0.0599,2.3347,2.5645,2.45 ± 0.06
2016-2020,K76,K76,Non-alcoholic,EQI Quintile,Q2,3306,102207873,2.4229,0.0438,2.341,2.507,2.42 ± 0.04
2016-2020,K76,K76,Non-alcoholic,EQI Quintile,Q3,5530,192718074,2.2457,0.0311,2.1869,2.3057,2.25 ± 0.03
2016-2020,K76,K76,Non-alcoholic,EQI Quintile,Q4,7582,279125800,2.1955,0.0259,2.1464,2.2455,2.20 ± 0.03
2016-2020,K76,K76,Non-alcoholic,EQI Quintile,Q5,20814,1002992167,1.7632,0.0125,1.7393,1.7873,1.76 ± 0.01
2016-2020,K76,K76,Non-alcoholic,EQI Quintile,Unclassified,6,423478,1.1822,0.4881,0.4338,2.5731,1.18 ± 0.49
2016-2020,K76.7,K76.7,HRS,EQI Quintile,National,2424,1633728425,0.1242,0.0026,0.1193,0.1293,0.12 ± 0.00
2016-2020,K76.7,K76.7,HRS,EQI Quintile,Q1,125,56261033,0.1793,0.0166,0.1492,0.2136,0.18 ± 0.02
2016-2020,K76.7,K76.7,HRS,EQI Quintile,Q2,260,102207873,0.1938,0.0125,0.171,0.2188,0.19 ± 0.01
2016-2020,K76.7,K76.7,HRS,EQI Quintile,Q3,396,192718074,0.1672,0.0087,0.1512,0.1846,0.17 ± 0.01
2016-2020,K76.7,K76.7,HRS,EQI Quintile,Q4,482,279125800,0.1418,0.0066,0.1294,0.155,0.14 ± 0.01
2016-2020,K76.7,K76.7,HRS,EQI Quintile,Q5,1160,1002992167,0.0996,0.003,0.094,0.1055,0.10 ± 0.00
2016-2020,K76.7,K76.7,HRS,EQI Quintile,Unclassified,1,423478,0.2313,0.2313,0.0059,1.2885,0.23 ± 0.23
2016-2020,N00_N15,N00_N15,GRTI,EQI Quintile,National,12295,1633728425,0.6256,0.0057,0.6146,0.6368,0.63 ± 0.01
2016-2020,N00_N15,N00_N15,GRTI,EQI Quintile,Q1,483,56261033,0.6508,0.03,0.594,0.7115,0.65 ± 0.03
2016-2020,N00_N15,N00_N15,GRTI,EQI Quintile,Q2,851,102207873,0.606,0.0213,0.5659,0.6481,0.61 ± 0.02
2016-2020,N00_N15,N00_N15,GRTI,EQI Quintile,Q3,1561,192718074,0.6326,0.0163,0.6016,0.6647,0.63 ± 0.02
2016-2020,N00_N15,N00_N15,GRTI,EQI Quintile,Q4,2462,279125800,0.7142,0.0146,0.6862,0.7429,0.71 ± 0.01
2016-2020,N00_N15,N00_N15,GRTI,EQI Quintile,Q5,6935,1002992167,0.6003,0.0073,0.5863,0.6146,0.60 ± 0.01
2016-2020,N00_N15,N00_N15,GRTI,EQI Quintile,Unclassified,3,423478,0.4964,0.2867,0.1024,1.4507,0.50 ± 0.29
2016-2020,N00_N29,N00_N29,Non-cancer CKD,EQI Quintile,National,292424,1633728425,14.7156,0.0276,14.6623,14.769,14.72 ± 0.03
2016-2020,N00_N29,N00_N29,Non-cancer CKD,EQI Quintile,Q1,13137,56261033,17.6777,0.1564,17.3767,17.9826,17.68 ± 0.16
2016-2020,N00_N29,N00_N29,Non-cancer CKD,EQI Quintile,Q2,24058,102207873,16.7457,0.1101,16.5347,16.9586,16.75 ± 0.11
2016-2020,N00_N29,N00_N29,Non-cancer CKD,EQI Quintile,Q3,39883,192718074,15.8757,0.0807,15.7202,16.0322,15.88 ± 0.08
2016-2020,N00_N29,N00_N29,Non-cancer CKD,EQI Quintile,Q4,55777,279125800,16.0071,0.0687,15.8745,16.1405,16.01 ± 0.07
2016-2020,N00_N29,N00_N29,Non-cancer CKD,EQI Quintile,Q5,159532,1002992167,13.6917,0.0347,13.6246,13.759,13.69 ± 0.03
2016-2020,N00_N29,N00_N29,Non-cancer CKD,EQI Quintile,Unclassified,37,423478,8.2906,1.3852,5.8374,11.4276,8.29 ± 1.39
2016-2020,N00_N29_C64_C65,N00_N29_C64_C65,CKD,EQI Quintile,National,362740,1633728425,18.2106,0.0306,18.1514,18.27,18.21 ± 0.03
2016-2020,N00_N29_C64_C65,N00_N29_C64_C65,CKD,EQI Quintile,Q1,16047,56261033,21.5735,0.1728,21.241,21.9099,21.57 ± 0.17
2016-2020,N00_N29_C64_C65,N00_N29_C64_C65,CKD,EQI Quintile,Q2,29827,102207873,20.7243,0.1225,20.4897,20.9608,20.72 ± 0.12
2016-2020,N00_N29_C64_C65,N00_N29_C64_C65,CKD,EQI Quintile,Q3,49662,192718074,19.7186,0.0899,19.5455,19.8928,19.72 ± 0.09
2016-2020,N00_N29_C64_C65,N00_N29_C64_C65,CKD,EQI Quintile,Q4,69009,279125800,19.7565,0.0763,19.6094,19.9045,19.76 ± 0.08
2016-2020,N00_N29_C64_C65,N00_N29_C64_C65,CKD,EQI Quintile,Q5,198148,1002992167,16.9613,0.0386,16.8867,17.0361,16.96 ± 0.04
2016-2020,N00_N29_C64_C65,N00_N29_C64_C65,CKD,EQI Quintile,Unclassified,47,423478,10.6663,1.5805,7.8372,14.1839,10.67 ± 1.58
2016-2020,N16_N17_N20_N29,N16_N17_N20_N29,Other kidney disease,EQI Quintile,National,68893,1633728425,3.4654,0.0134,3.4395,3.4913,3.47 ± 0.01
2016-2020,N16_N17_N20_N29,N16_N17_N20_N29,Other kidney disease,EQI Quintile,Q1,3425,56261033,4.6032,0.0797,4.4503,4.76,4.60 ± 0.08
2016-2020,N16_N17_N20_N29,N16_N17_N20_N29,Other kidney disease,EQI Quintile,Q2,6308,102207873,4.3988,0.0565,4.2909,4.5087,4.40 ± 0.06
2016-2020,N16_N17_N20_N29,N16_N17_N20_N29,Other kidney disease,EQI Quintile,Q3,10231,192718074,4.0637,0.0408,3.9854,4.1432,4.06 ± 0.04
2016-2020,N16_N17_N20_N29,N16_N17_N20_N29,Other kidney disease,EQI Quintile,Q4,13499,279125800,3.8708,0.0338,3.8057,3.9366,3.87 ± 0.03
2016-2020,N16_N17_N20_N29,N16_N17_N20_N29,Other kidney disease,EQI Quintile,Q5,35418,1002992167,3.0383,0.0164,3.0067,3.0701,3.04 ± 0.02
2016-2020,N16_N17_N20_N29,N16_N17_N20_N29,Other kidney disease,EQI Quintile,Unclassified,12,423478,2.9993,0.8707,1.5498,5.2392,3.00 ± 0.87
2016-2020,N18_N19,N18_N19,RF,EQI Quintile,National,211236,1633728425,10.6246,0.0234,10.5793,10.67,10.62 ± 0.02
2016-2020,N18_N19,N18_N19,RF,EQI Quintile,Q1,9229,56261033,12.4237,0.1311,12.1715,12.6798,12.42 ± 0.13
2016-2020,N18_N19,N18_N19,RF,EQI Quintile,Q2,16899,102207873,11.7409,0.0921,11.5645,11.9193,11.74 ± 0.09
2016-2020,N18_N19,N18_N19,RF,EQI Quintile,Q3,28091,192718074,11.1794,0.0677,11.049,11.3109,11.18 ± 0.07
2016-2020,N18_N19,N18_N19,RF,EQI Quintile,Q4,39816,279125800,11.4222,0.058,11.3103,11.5349,11.42 ± 0.06
2016-2020,N18_N19,N18_N19,RF,EQI Quintile,Q5,117179,1002992167,10.0531,0.0297,9.9956,10.1108,10.05 ± 0.03
2016-2020,N18_N19,N18_N19,RF,EQI Quintile,Unclassified,22,423478,4.7949,1.0385,3.005,7.2596,4.79 ± 1.04
2016-2020,X60_X69,X60_X69,NVS,EQI Quintile,National,30929,1633728425,1.7938,0.0105,1.7738,1.8139,1.79 ± 0.01
2016-2020,X60_X69,X60_X69,NVS,EQI Quintile,Q1,656,56261033,1.1054,0.0446,1.0224,1.1933,1.11 ± 0.04
2016-2020,X60_X69,X60_X69,NVS,EQI Quintile,Q2,1769,102207873,1.6424,0.0407,1.5667,1.7208,1.64 ± 0.04
2016-2020,X60_X69,X60_X69,NVS,EQI Quintile,Q3,3657,192718074,1.807,0.031,1.7489,1.8666,1.81 ± 0.03
2016-2020,X60_X69,X60_X69,NVS,EQI Quintile,Q4,5330,279125800,1.8509,0.0261,1.8015,1.9012,1.85 ± 0.03
2016-2020,X60_X69,X60_X69,NVS,EQI Quintile,Q5,19503,1002992167,1.8327,0.0134,1.807,1.8586,1.83 ± 0.01
2016-2020,X60_X69,X60_X69,NVS,EQI Quintile,Unclassified,14,423478,3.31,0.8996,1.8096,5.5535,3.31 ± 0.90
2016-2020,X60_X84_Y87.0,X60_X84_Y87.0,Suicide,EQI Quintile,National,229538,1633728425,13.5415,0.0289,13.4861,13.597,13.54 ± 0.03
2016-2020,X60_X84_Y87.0,X60_X84_Y87.0,Suicide,EQI Quintile,Q1,8070,56261033,13.7696,0.158,13.4708,14.0733,13.77 ± 0.16
2016-2020,X60_X84_Y87.0,X60_X84_Y87.0,Suicide,EQI Quintile,Q2,17142,102207873,16.1171,0.1281,15.8767,16.3602,16.12 ± 0.13
2016-2020,X60_X84_Y87.0,X60_X84_Y87.0,Suicide,EQI Quintile,Q3,31412,192718074,15.6998,0.0914,15.5267,15.8744,15.70 ± 0.09
2016-2020,X60_X84_Y87.0,X60_X84_Y87.0,Suicide,EQI Quintile,Q4,43327,279125800,15.1165,0.0745,14.9745,15.2595,15.12 ± 0.07
2016-2020,X60_X84_Y87.0,X60_X84_Y87.0,Suicide,EQI Quintile,Q5,129528,1002992167,12.4293,0.0352,12.3617,12.4972,12.43 ± 0.04
2016-2020,X60_X84_Y87.0,X60_X84_Y87.0,Suicide,EQI Quintile,Unclassified,59,423478,13.4877,1.7815,10.2675,17.3982,13.49 ± 1.78
2016-2020,X70_X84,X70_X84,VS,EQI Quintile,National,198355,1633728425,11.7329,0.0269,11.6814,11.7847,11.73 ± 0.03
2016-2020,X70_X84,X70_X84,VS,EQI Quintile,Q1,7403,56261033,12.6472,0.1515,12.3607,12.9386,12.65 ± 0.15
2016-2020,X70_X84,X70_X84,VS,EQI Quintile,Q2,15358,102207873,14.4613,0.1214,14.2334,14.6918,14.46 ± 0.12
2016-2020,X70_X84,X70_X84,VS,EQI Quintile,Q3,27721,192718074,13.8752,0.0859,13.7123,14.0395,13.88 ± 0.09
2016-2020,X70_X84,X70_X84,VS,EQI Quintile,Q4,37948,279125800,13.2484,0.0698,13.1154,13.3823,13.25 ± 0.07
2016-2020,X70_X84,X70_X84,VS,EQI Quintile,Q5,109880,1002992167,10.5831,0.0325,10.5206,10.6459,10.58 ± 0.03
2016-2020,X70_X84,X70_X84,VS,EQI Quintile,Unclassified,45,423478,10.1778,1.5376,7.4237,13.6187,10.18 ± 1.54
2016-2020,Y87.0,Y87.0,SI,EQI Quintile,National,254,1633728425,0.0147,0.0009,0.013,0.0167,0.01 ± 0.00
2016-2020,Y87.0,Y87.0,SI,EQI Quintile,Q1,11,56261033,0.0169,0.0053,0.0085,0.0303,0.02 ± 0.01
2016-2020,Y87.0,Y87.0,SI,EQI Quintile,Q2,15,102207873,0.0135,0.0036,0.0075,0.0222,0.01 ± 0.00
2016-2020,Y87.0,Y87.0,SI,EQI Quintile,Q3,34,192718074,0.0177,0.0031,0.0122,0.0247,0.02 ± 0.00
2016-2020,Y87.0,Y87.0,SI,EQI Quintile,Q4,49,279125800,0.0172,0.0025,0.0127,0.0228,0.02 ± 0.00
2016-2020,Y87.0,Y87.0,SI,EQI Quintile,Q5,145,1002992167,0.0136,0.0012,0.0114,0.016,0.01 ± 0.00
2016-2020,Y87.0,Y87.0,SI,EQI Quintile,Unclassified,0,423478,0.0,0.0,0.0,0.0,0.00 ± 0.00
2021-2024,C00_C97,C00_C97,Cancer,EQI Quintile,National,2443597,1318376942,166.0297,0.1106,165.8215,166.238,166.03 ± 0.11
2021-2024,C00_C97,C00_C97,Cancer,EQI Quintile,Q1,95236,44179895,180.1371,0.6148,178.9949,181.2849,180.14 ± 0.61
2021-2024,C00_C97,C00_C97,Cancer,EQI Quintile,Q2,192201,83470451,185.71,0.453,184.8807,186.5422,185.71 ± 0.45
2021-2024,C00_C97,C00_C97,Cancer,EQI Quintile,Q3,330349,157446091,178.2806,0.3273,177.6731,178.8896,178.28 ± 0.33
2021-2024,C00_C97,C00_C97,Cancer,EQI Quintile,Q4,450988,228584642,175.6107,0.2745,175.0985,176.124,175.61 ± 0.27
2021-2024,C00_C97,C00_C97,Cancer,EQI Quintile,Q5,1374303,804336010,157.9459,0.1392,157.6819,158.2102,157.95 ± 0.14
2021-2024,C00_C97,C00_C97,Cancer,EQI Quintile,Unclassified,520,359853,128.0341,5.8422,117.2646,139.5267,128.03 ± 5.84
2021-2024,C18_C21,C18_C21,Colorectal,EQI Quintile,National,219223,1318376942,15.4481,0.0343,15.3835,15.5129,15.45 ± 0.03
2021-2024,C18_C21,C18_C21,Colorectal,EQI Quintile,Q1,9395,44179895,18.4945,0.201,18.1223,18.8723,18.49 ± 0.20
2021-2024,C18_C21,C18_C21,Colorectal,EQI Quintile,Q2,17809,83470451,18.1112,0.1451,17.8462,18.3792,18.11 ± 0.15
2021-2024,C18_C21,C18_C21,Colorectal,EQI Quintile,Q3,30302,157446091,17.0915,0.1036,16.8996,17.285,17.09 ± 0.10
2021-2024,C18_C21,C18_C21,Colorectal,EQI Quintile,Q4,40476,228584642,16.3861,0.0854,16.2269,16.5466,16.39 ± 0.09
2021-2024,C18_C21,C18_C21,Colorectal,EQI Quintile,Q5,121200,804336010,14.3779,0.0427,14.2971,14.4591,14.38 ± 0.04
2021-2024,C18_C21,C18_C21,Colorectal,EQI Quintile,Unclassified,41,359853,11.1294,1.8159,7.9866,15.0982,11.13 ± 1.82
2021-2024,C22,C22,Liver,EQI Quintile,National,118033,1318376942,8.0152,0.0245,7.9695,8.061,8.02 ± 0.02
2021-2024,C22,C22,Liver,EQI Quintile,Q1,4730,44179895,8.9143,0.1373,8.662,9.172,8.91 ± 0.14
2021-2024,C22,C22,Liver,EQI Quintile,Q2,9424,83470451,9.2284,0.1024,9.043,9.4166,9.23 ± 0.10
2021-2024,C22,C22,Liver,EQI Quintile,Q3,15822,157446091,8.5357,0.0722,8.4032,8.6697,8.54 ± 0.07
2021-2024,C22,C22,Liver,EQI Quintile,Q4,21580,228584642,8.4571,0.0609,8.3447,8.5707,8.46 ± 0.06
2021-2024,C22,C22,Liver,EQI Quintile,Q5,66450,804336010,7.6071,0.0307,7.5493,7.6651,7.61 ± 0.03
2021-2024,C22,C22,Liver,EQI Quintile,Unclassified,27,359853,6.1798,1.2575,4.0725,8.9913,6.18 ± 1.26
2021-2024,C25,C25,Pancreatic,EQI Quintile,National,196924,1318376942,13.2752,0.0312,13.2166,13.3339,13.28 ± 0.03
2021-2024,C25,C25,Pancreatic,EQI Quintile,Q1,7159,44179895,13.4502,0.1676,13.1405,13.7655,13.45 ± 0.17
2021-2024,C25,C25,Pancreatic,EQI Quintile,Q2,14113,83470451,13.4693,0.1214,13.248,13.6934,13.47 ± 0.12
2021-2024,C25,C25,Pancreatic,EQI Quintile,Q3,25521,157446091,13.6245,0.0902,13.4579,13.7927,13.62 ± 0.09
2021-2024,C25,C25,Pancreatic,EQI Quintile,Q4,35063,228584642,13.547,0.0761,13.4056,13.6896,13.55 ± 0.08
2021-2024,C25,C25,Pancreatic,EQI Quintile,Q5,115021,804336010,13.1322,0.0401,13.0564,13.2083,13.13 ± 0.04
2021-2024,C25,C25,Pancreatic,EQI Quintile,Unclassified,47,359853,11.422,1.7405,8.3925,15.1889,11.42 ± 1.74
2021-2024,C34,C34,Lung,EQI Quintile,National,526491,1318376942,35.1985,0.0506,35.1035,35.2937,35.20 ± 0.05
2021-2024,C34,C34,Lung,EQI Quintile,Q1,22523,44179895,41.9356,0.2953,41.3897,42.4869,41.94 ± 0.30
2021-2024,C34,C34,Lung,EQI Quintile,Q2,47296,83470451,44.8481,0.2213,44.4448,45.2541,44.85 ± 0.22
2021-2024,C34,C34,Lung,EQI Quintile,Q3,76489,157446091,40.6051,0.1555,40.3178,40.8939,40.61 ± 0.16
2021-2024,C34,C34,Lung,EQI Quintile,Q4,101933,228584642,39.1515,0.1293,38.9115,39.3926,39.15 ± 0.13
2021-2024,C34,C34,Lung,EQI Quintile,Q5,278158,804336010,31.4514,0.0617,31.3346,31.5685,31.45 ± 0.06
2021-2024,C34,C34,Lung,EQI Quintile,Unclassified,92,359853,21.0571,2.2589,16.975,25.8247,21.06 ± 2.26
2021-2024,C50,C50,Breast,EQI Quintile,National,171975,1318376942,12.1939,0.0306,12.1364,12.2517,12.19 ± 0.03
2021-2024,C50,C50,Breast,EQI Quintile,Q1,6314,44179895,12.5819,0.1665,12.2734,12.8961,12.58 ± 0.17
2021-2024,C50,C50,Breast,EQI Quintile,Q2,12589,83470451,12.8468,0.1222,12.6234,13.0732,12.85 ± 0.12
2021-2024,C50,C50,Breast,EQI Quintile,Q3,22236,157446091,12.6348,0.0893,12.4692,12.8019,12.63 ± 0.09
2021-2024,C50,C50,Breast,EQI Quintile,Q4,30631,228584642,12.4499,0.0745,12.3109,12.5901,12.45 ± 0.07
2021-2024,C50,C50,Breast,EQI Quintile,Q5,100172,804336010,11.9592,0.039,11.8852,12.0335,11.96 ± 0.04
2021-2024,C50,C50,Breast,EQI Quintile,Unclassified,33,359853,8.3218,1.5142,5.7283,11.6869,8.32 ± 1.51
2021-2024,C56,C56,Ovarian,EQI Quintile,National,52156,1318376942,3.6367,0.0166,3.6056,3.6681,3.64 ± 0.02
2021-2024,C56,C56,Ovarian,EQI Quintile,Q1,1783,44179895,3.4871,0.0871,3.3271,3.6528,3.49 ± 0.09
2021-2024,C56,C56,Ovarian,EQI Quintile,Q2,3363,83470451,3.3834,0.0625,3.27,3.4997,3.38 ± 0.06
2021-2024,C56,C56,Ovarian,EQI Quintile,Q3,6365,157446091,3.5307,0.0468,3.4445,3.6186,3.53 ± 0.05
2021-2024,C56,C56,Ovarian,EQI Quintile,Q4,9184,228584642,3.6604,0.0402,3.5859,3.736,3.66 ± 0.04
2021-2024,C56,C56,Ovarian,EQI Quintile,Q5,31449,804336010,3.7017,0.0216,3.6609,3.7428,3.70 ± 0.02
2021-2024,C56,C56,Ovarian,EQI Quintile,Unclassified,12,359853,3.1921,0.9859,1.6494,5.576,3.19 ± 0.99
2021-2024,C61,C61,Prostate,EQI Quintile,National,134601,1318376942,8.5275,0.0238,8.482,8.5731,8.53 ± 0.02
2021-2024,C61,C61,Prostate,EQI Quintile,Q1,5372,44179895,9.2416,0.1302,8.9961,9.4921,9.24 ± 0.13
2021-2024,C61,C61,Prostate,EQI Quintile,Q2,10211,83470451,8.7289,0.09,8.5604,8.8998,8.73 ± 0.09
2021-2024,C61,C61,Prostate,EQI Quintile,Q3,17738,157446091,8.7104,0.0676,8.5827,8.8395,8.71 ± 0.07
2021-2024,C61,C61,Prostate,EQI Quintile,Q4,24293,228584642,8.6921,0.0574,8.5831,8.8021,8.69 ± 0.06
2021-2024,C61,C61,Prostate,EQI Quintile,Q5,76951,804336010,8.3759,0.0308,8.3169,8.4353,8.38 ± 0.03
2021-2024,C61,C61,Prostate,EQI Quintile,Unclassified,36,359853,8.7589,1.5089,6.1346,12.1261,8.76 ± 1.51
2021-2024,C64_C65,C64_C65,Kidney,EQI Quintile,National,58563,1318376942,3.996,0.0172,3.9637,4.0285,4.00 ± 0.02
2021-2024,C64_C65,C64_C65,Kidney,EQI Quintile,Q1,2432,44179895,4.694,0.1003,4.5093,4.8844,4.69 ± 0.10
2021-2024,C64_C65,C64_C65,Kidney,EQI Quintile,Q2,4786,83470451,4.676,0.0723,4.5444,4.8104,4.68 ± 0.07
2021-2024,C64_C65,C64_C65,Kidney,EQI Quintile,Q3,8285,157446091,4.4763,0.0519,4.3804,4.5738,4.48 ± 0.05
2021-2024,C64_C65,C64_C65,Kidney,EQI Quintile,Q4,11115,228584642,4.3457,0.0433,4.2653,4.4273,4.35 ± 0.04
2021-2024,C64_C65,C64_C65,Kidney,EQI Quintile,Q5,31935,804336010,3.6808,0.0213,3.6406,3.7214,3.68 ± 0.02
2021-2024,C64_C65,C64_C65,Kidney,EQI Quintile,Unclassified,10,359853,2.5008,0.8381,1.1992,4.5991,2.50 ± 0.84
2021-2024,C82_C85,C82_C85,NHL,EQI Quintile,National,79430,1318376942,5.2393,0.0192,5.203,5.2759,5.24 ± 0.02
2021-2024,C82_C85,C82_C85,NHL,EQI Quintile,Q1,2862,44179895,5.186,0.1013,4.9977,5.3795,5.19 ± 0.10
2021-2024,C82_C85,C82_C85,NHL,EQI Quintile,Q2,5882,83470451,5.4135,0.0748,5.2761,5.5537,5.41 ± 0.07
2021-2024,C82_C85,C82_C85,NHL,EQI Quintile,Q3,10070,157446091,5.2335,0.0545,5.1318,5.3367,5.23 ± 0.05
2021-2024,C82_C85,C82_C85,NHL,EQI Quintile,Q4,14385,228584642,5.4163,0.047,5.3281,5.5055,5.42 ± 0.05
2021-2024,C82_C85,C82_C85,NHL,EQI Quintile,Q5,46220,804336010,5.1896,0.0248,5.1424,5.2371,5.19 ± 0.02
2021-2024,C82_C85,C82_C85,NHL,EQI Quintile,Unclassified,11,359853,2.5303,0.7674,1.2631,4.5274,2.53 ± 0.77
2021-2024,C91_C95,C91_C95,Leukemia,EQI Quintile,National,93359,1318376942,6.1729,0.0208,6.1333,6.2126,6.17 ± 0.02
2021-2024,C91_C95,C91_C95,Leukemia,EQI Quintile,Q1,3239,44179895,5.9188,0.1084,5.7167,6.1262,5.92 ± 0.11
2021-2024,C91_C95,C91_C95,Leukemia,EQI Quintile,Q2,6977,83470451,6.4496,0.0816,6.2991,6.6027,6.45 ± 0.08
2021-2024,C91_C95,C91_C95,Leukemia,EQI Quintile,Q3,12300,157446091,6.4019,0.0602,6.2892,6.516,6.40 ± 0.06
2021-2024,C91_C95,C91_C95,Leukemia,EQI Quintile,Q4,16841,228584642,6.3369,0.0507,6.2415,6.4333,6.34 ± 0.05
2021-2024,C91_C95,C91_C95,Leukemia,EQI Quintile,Q5,53982,804336010,6.0743,0.0268,6.0232,6.1258,6.07 ± 0.03
2021-2024,C91_C95,C91_C95,Leukemia,EQI Quintile,Unclassified,20,359853,4.9593,1.1401,3.0293,7.6592,4.96 ± 1.14
2021-2024,G10,G10,HD,EQI Quintile,National,4662,1318376942,0.3622,0.0055,0.3519,0.3727,0.36 ± 0.01
2021-2024,G10,G10,HD,EQI Quintile,Q1,151,44179895,0.3538,0.0299,0.2996,0.4149,0.35 ± 0.03
2021-2024,G10,G10,HD,EQI Quintile,Q2,317,83470451,0.3805,0.0226,0.3397,0.4247,0.38 ± 0.02
2021-2024,G10,G10,HD,EQI Quintile,Q3,588,157446091,0.3783,0.0164,0.3484,0.4102,0.38 ± 0.02
2021-2024,G10,G10,HD,EQI Quintile,Q4,884,228584642,0.4073,0.0143,0.3809,0.435,0.41 ± 0.01
2021-2024,G10,G10,HD,EQI Quintile,Q5,2721,804336010,0.3469,0.0069,0.334,0.3602,0.35 ± 0.01
2021-2024,G10,G10,HD,EQI Quintile,Unclassified,1,359853,0.1776,0.1776,0.0045,0.9893,0.18 ± 0.18
2021-2024,G12.2,G12.2,ALS,EQI Quintile,National,29774,1318376942,2.0732,0.0126,2.0497,2.0969,2.07 ± 0.01
2021-2024,G12.2,G12.2,ALS,EQI Quintile,Q1,857,44179895,1.7002,0.0616,1.5882,1.8179,1.70 ± 0.06
2021-2024,G12.2,G12.2,ALS,EQI Quintile,Q2,1800,83470451,1.8309,0.0465,1.7473,1.9175,1.83 ± 0.05
2021-2024,G12.2,G12.2,ALS,EQI Quintile,Q3,3612,157446091,2.0211,0.0358,1.9557,2.0881,2.02 ± 0.04
2021-2024,G12.2,G12.2,ALS,EQI Quintile,Q4,5161,228584642,2.0636,0.0304,2.0077,2.1207,2.06 ± 0.03
2021-2024,G12.2,G12.2,ALS,EQI Quintile,Q5,18332,804336010,2.146,0.0165,2.115,2.1773,2.15 ± 0.02
2021-2024,G12.2,G12.2,ALS,EQI Quintile,Unclassified,12,359853,2.7047,0.8315,1.3976,4.7246,2.70 ± 0.83
2021-2024,G20,G20,PD,EQI Quintile,National,158411,1318376942,9.8241,0.0249,9.7757,9.8726,9.82 ± 0.02
2021-2024,G20,G20,PD,EQI Quintile,Q1,5533,44179895,9.1813,0.125,8.941,9.4265,9.18 ± 0.12
2021-2024,G20,G20,PD,EQI Quintile,Q2,11051,83470451,9.0879,0.0879,8.9192,9.2589,9.09 ± 0.09
2021-2024,G20,G20,PD,EQI Quintile,Q3,20160,157446091,9.5717,0.0683,9.44,9.7048,9.57 ± 0.07
2021-2024,G20,G20,PD,EQI Quintile,Q4,28399,228584642,9.9146,0.0595,9.7996,10.0306,9.91 ± 0.06
2021-2024,G20,G20,PD,EQI Quintile,Q5,93220,804336010,9.9984,0.033,9.9343,10.0628,10.00 ± 0.03
2021-2024,G20,G20,PD,EQI Quintile,Unclassified,48,359853,11.9333,1.748,8.7987,15.8218,11.93 ± 1.75
2021-2024,G20_G30_G12.2_F01_F03,G20_G30_G12.2_F01_F03,NDD,EQI Quintile,National,1105812,1318376942,69.5403,0.0666,69.4108,69.67,69.54 ± 0.07
2021-2024,G20_G30_G12.2_F01_F03,G20_G30_G12.2_F01_F03,NDD,EQI Quintile,Q1,40495,44179895,68.1222,0.3417,67.4603,68.789,68.12 ± 0.34
2021-2024,G20_G30_G12.2_F01_F03,G20_G30_G12.2_F01_F03,NDD,EQI Quintile,Q2,78628,83470451,65.582,0.2369,65.1244,66.042,65.58 ± 0.24
2021-2024,G20_G30_G12.2_F01_F03,G20_G30_G12.2_F01_F03,NDD,EQI Quintile,Q3,134604,157446091,65.1241,0.1794,64.7766,65.4729,65.12 ± 0.18
2021-2024,G20_G30_G12.2_F01_F03,G20_G30_G12.2_F01_F03,NDD,EQI Quintile,Q4,197980,228584642,70.3461,0.1595,70.0365,70.6566,70.35 ± 0.16
2021-2024,G20_G30_G12.2_F01_F03,G20_G30_G12.2_F01_F03,NDD,EQI Quintile,Q5,653839,804336010,70.9041,0.0882,70.7323,71.0762,70.90 ± 0.09
2021-2024,G20_G30_G12.2_F01_F03,G20_G30_G12.2_F01_F03,NDD,EQI Quintile,Unclassified,266,359853,64.0215,3.9642,56.5583,72.1957,64.02 ± 3.96
2021-2024,G30_F01_F03,G30_F01_F03,Dementia,EQI Quintile,National,912965,1318376942,57.2808,0.0602,57.1634,57.3985,57.28 ± 0.06
2021-2024,G30_F01_F03,G30_F01_F03,Dementia,EQI Quintile,Q1,33954,44179895,56.8869,0.3106,56.2835,57.4953,56.89 ± 0.31
2021-2024,G30_F01_F03,G30_F01_F03,Dementia,EQI Quintile,Q2,65460,83470451,54.2828,0.2138,53.8677,54.7002,54.28 ± 0.21
2021-2024,G30_F01_F03,G30_F01_F03,Dementia,EQI Quintile,Q3,110244,157446091,53.1529,0.1611,52.8396,53.4676,53.15 ± 0.16
2021-2024,G30_F01_F03,G30_F01_F03,Dementia,EQI Quintile,Q4,163536,228584642,57.9607,0.1442,57.6801,58.2423,57.96 ± 0.14
2021-2024,G30_F01_F03,G30_F01_F03,Dementia,EQI Quintile,Q5,539566,804336010,58.4129,0.0798,58.2571,58.5689,58.41 ± 0.08
2021-2024,G30_F01_F03,G30_F01_F03,Dementia,EQI Quintile,Unclassified,205,359853,49.206,3.4549,42.7003,56.4226,49.21 ± 3.45
2021-2024,I00_I99,I00_I99,CVD,EQI Quintile,National,3708320,1318376942,247.49,0.1323,247.2382,247.742,247.49 ± 0.13
2021-2024,I00_I99,I00_I99,CVD,EQI Quintile,Q1,158249,44179895,293.2361,0.7684,291.7931,294.6844,293.24 ± 0.77
2021-2024,I00_I99,I00_I99,CVD,EQI Quintile,Q2,304951,83470451,286.0458,0.5471,285.0315,287.0629,286.05 ± 0.55
2021-2024,I00_I99,I00_I99,CVD,EQI Quintile,Q3,512245,157446091,270.3838,0.3938,269.6438,271.1252,270.38 ± 0.39
2021-2024,I00_I99,I00_I99,CVD,EQI Quintile,Q4,698152,228584642,266.627,0.3309,266.0019,267.2532,266.63 ± 0.33
2021-2024,I00_I99,I00_I99,CVD,EQI Quintile,Q5,2034141,804336010,230.3485,0.1652,230.032,230.6652,230.35 ± 0.17
2021-2024,I00_I99,I00_I99,CVD,EQI Quintile,Unclassified,582,359853,144.0168,6.1091,132.5526,156.2073,144.02 ± 6.11
2021-2024,I10_I15,I10_I15,HD,EQI Quintile,National,526244,1318376942,35.5389,0.0505,35.4429,35.635,35.54 ± 0.05
2021-2024,I10_I15,I10_I15,HD,EQI Quintile,Q1,22952,44179895,42.7283,0.2937,42.1773,43.2847,42.73 ± 0.29
2021-2024,I10_I15,I10_I15,HD,EQI Quintile,Q2,45503,83470451,43.1811,0.2138,42.7853,43.5797,43.18 ± 0.21
2021-2024,I10_I15,I10_I15,HD,EQI Quintile,Q3,74502,157446091,39.928,0.1526,39.6418,40.2157,39.93 ± 0.15
2021-2024,I10_I15,I10_I15,HD,EQI Quintile,Q4,98716,228584642,38.1384,0.1259,37.9008,38.377,38.14 ± 0.13
2021-2024,I10_I15,I10_I15,HD,EQI Quintile,Q5,284488,804336010,32.5774,0.0625,32.4578,32.6973,32.58 ± 0.06
2021-2024,I10_I15,I10_I15,HD,EQI Quintile,Unclassified,83,359853,20.9346,2.3585,16.6743,25.9516,20.93 ± 2.36
2021-2024,I20_I25,I20_I25,IHD,EQI Quintile,National,1440632,1318376942,96.6948,0.0833,96.5369,96.8528,96.69 ± 0.08
2021-2024,I20_I25,I20_I25,IHD,EQI Quintile,Q1,63659,44179895,118.9447,0.4929,118.0225,119.8723,118.94 ± 0.49
2021-2024,I20_I25,I20_I25,IHD,EQI Quintile,Q2,123233,83470451,116.4299,0.3516,115.7808,117.0818,116.43 ± 0.35
2021-2024,I20_I25,I20_I25,IHD,EQI Quintile,Q3,204465,157446091,108.5856,0.2513,108.1155,109.0573,108.59 ± 0.25
2021-2024,I20_I25,I20_I25,IHD,EQI Quintile,Q4,273613,228584642,105.0009,0.2089,104.6078,105.395,105.00 ± 0.21
2021-2024,I20_I25,I20_I25,IHD,EQI Quintile,Q5,775451,804336010,88.273,0.1029,88.0767,88.4697,88.27 ± 0.10
2021-2024,I20_I25,I20_I25,IHD,EQI Quintile,Unclassified,211,359853,51.5092,3.6401,44.7931,58.9482,51.51 ± 3.64
2021-2024,I50,I50,HF,EQI Quintile,National,354828,1318376942,22.9407,0.0392,22.8653,23.0163,22.94 ± 0.04
2021-2024,I50,I50,HF,EQI Quintile,Q1,14259,44179895,25.6823,0.2224,25.2624,26.1073,25.68 ± 0.22
2021-2024,I50,I50,HF,EQI Quintile,Q2,27077,83470451,24.2246,0.1535,23.9369,24.5149,24.22 ± 0.15
2021-2024,I50,I50,HF,EQI Quintile,Q3,44897,157446091,22.7829,0.1108,22.5727,22.9947,22.78 ± 0.11
2021-2024,I50,I50,HF,EQI Quintile,Q4,66967,228584642,24.7124,0.098,24.5255,24.9003,24.71 ± 0.10
2021-2024,I50,I50,HF,EQI Quintile,Q5,201574,804336010,22.2194,0.0502,22.1225,22.3166,22.22 ± 0.05
2021-2024,I50,I50,HF,EQI Quintile,Unclassified,54,359853,13.2384,1.8206,9.9451,17.2733,13.24 ± 1.82
2021-2024,I60_I69,I60_I69,Stroke,EQI Quintile,National,657381,1318376942,43.059,0.0544,42.955,43.1632,43.06 ± 0.05
2021-2024,I60_I69,I60_I69,Stroke,EQI Quintile,Q1,28018,44179895,50.3976,0.3117,49.8092,50.9913,50.40 ± 0.31
2021-2024,I60_I69,I60_I69,Stroke,EQI Quintile,Q2,52099,83470451,47.393,0.2177,46.9869,47.8017,47.39 ± 0.22
2021-2024,I60_I69,I60_I69,Stroke,EQI Quintile,Q3,92225,157446091,47.3309,0.1612,47.0259,47.6373,47.33 ± 0.16
2021-2024,I60_I69,I60_I69,Stroke,EQI Quintile,Q4,118107,228584642,44.1441,0.1325,43.8927,44.3966,44.14 ± 0.13
2021-2024,I60_I69,I60_I69,Stroke,EQI Quintile,Q5,366816,804336010,40.9562,0.0689,40.8237,41.0889,40.96 ± 0.07
2021-2024,I60_I69,I60_I69,Stroke,EQI Quintile,Unclassified,116,359853,28.5633,2.7011,23.6024,34.259,28.56 ± 2.70
2021-2024,J40_J42_J45_J46_J47_J60_J70,J40_J42_J45_J46_J47_J60_J70,Other CRD,EQI Quintile,National,101383,1318376942,6.7747,0.0219,6.733,6.8165,6.77 ± 0.02
2021-2024,J40_J42_J45_J46_J47_J60_J70,J40_J42_J45_J46_J47_J60_J70,Other CRD,EQI Quintile,Q1,3522,44179895,6.4974,0.1139,6.2845,6.7156,6.50 ± 0.11
2021-2024,J40_J42_J45_J46_J47_J60_J70,J40_J42_J45_J46_J47_J60_J70,Other CRD,EQI Quintile,Q2,7218,83470451,6.7969,0.0844,6.641,6.9555,6.80 ± 0.08
2021-2024,J40_J42_J45_J46_J47_J60_J70,J40_J42_J45_J46_J47_J60_J70,Other CRD,EQI Quintile,Q3,12867,157446091,6.8171,0.0626,6.6998,6.9359,6.82 ± 0.06
2021-2024,J40_J42_J45_J46_J47_J60_J70,J40_J42_J45_J46_J47_J60_J70,Other CRD,EQI Quintile,Q4,18976,228584642,7.2725,0.0546,7.1694,7.3767,7.27 ± 0.05
2021-2024,J40_J42_J45_J46_J47_J60_J70,J40_J42_J45_J46_J47_J60_J70,Other CRD,EQI Quintile,Q5,58773,804336010,6.6591,0.028,6.6053,6.7131,6.66 ± 0.03
2021-2024,J40_J42_J45_J46_J47_J60_J70,J40_J42_J45_J46_J47_J60_J70,Other CRD,EQI Quintile,Unclassified,27,359853,7.192,1.4295,4.7396,10.464,7.19 ± 1.43
2021-2024,J40_J47_J60_J70_J84_D86,J40_J47_J60_J70_J84_D86,Non-cancer CRD,EQI Quintile,National,754626,1318376942,48.9218,0.058,48.8115,49.0323,48.92 ± 0.06
2021-2024,J40_J47_J60_J70_J84_D86,J40_J47_J60_J70_J84_D86,Non-cancer CRD,EQI Quintile,Q1,34042,44179895,60.7367,0.343,60.0932,61.3853,60.74 ± 0.34
2021-2024,J40_J47_J60_J70_J84_D86,J40_J47_J60_J70_J84_D86,Non-cancer CRD,EQI Quintile,Q2,70230,83470451,63.319,0.2525,62.8516,63.789,63.32 ± 0.25
2021-2024,J40_J47_J60_J70_J84_D86,J40_J47_J60_J70_J84_D86,Non-cancer CRD,EQI Quintile,Q3,111733,157446091,56.7557,0.1771,56.4234,57.0895,56.76 ± 0.18
2021-2024,J40_J47_J60_J70_J84_D86,J40_J47_J60_J70_J84_D86,Non-cancer CRD,EQI Quintile,Q4,149393,228584642,55.2041,0.1483,54.9246,55.4848,55.20 ± 0.15
2021-2024,J40_J47_J60_J70_J84_D86,J40_J47_J60_J70_J84_D86,Non-cancer CRD,EQI Quintile,Q5,389040,804336010,42.9929,0.0705,42.8579,43.1282,42.99 ± 0.07
2021-2024,J40_J47_J60_J70_J84_D86,J40_J47_J60_J70_J84_D86,Non-cancer CRD,EQI Quintile,Unclassified,188,359853,45.2783,3.3904,39.037,52.2336,45.28 ± 3.39
2021-2024,J40_J47_J60_J70_J84_D86_C34,J40_J47_J60_J70_J84_D86_C34,CRD,EQI Quintile,National,1281117,1318376942,84.1203,0.077,83.9747,84.2661,84.12 ± 0.08
2021-2024,J40_J47_J60_J70_J84_D86_C34,J40_J47_J60_J70_J84_D86_C34,CRD,EQI Quintile,Q1,56565,44179895,102.6722,0.4526,101.8279,103.5219,102.67 ± 0.45
2021-2024,J40_J47_J60_J70_J84_D86_C34,J40_J47_J60_J70_J84_D86_C34,CRD,EQI Quintile,Q2,117526,83470451,108.1671,0.3358,107.5496,108.7873,108.17 ± 0.34
2021-2024,J40_J47_J60_J70_J84_D86_C34,J40_J47_J60_J70_J84_D86_C34,CRD,EQI Quintile,Q3,188222,157446091,97.3608,0.2356,96.9215,97.8017,97.36 ± 0.24
2021-2024,J40_J47_J60_J70_J84_D86_C34,J40_J47_J60_J70_J84_D86_C34,CRD,EQI Quintile,Q4,251326,228584642,94.3556,0.1968,93.9871,94.7253,94.36 ± 0.20
2021-2024,J40_J47_J60_J70_J84_D86_C34,J40_J47_J60_J70_J84_D86_C34,CRD,EQI Quintile,Q5,667198,804336010,74.4443,0.0937,74.2658,74.6231,74.44 ± 0.09
2021-2024,J40_J47_J60_J70_J84_D86_C34,J40_J47_J60_J70_J84_D86_C34,CRD,EQI Quintile,Unclassified,280,359853,66.3354,4.074,58.7923,74.578,66.34 ± 4.07
2021-2024,J43_J44,J43_J44,COPD,EQI Quintile,National,560585,1318376942,36.198,0.0499,36.1033,36.2929,36.20 ± 0.05
2021-2024,J43_J44,J43_J44,COPD,EQI Quintile,Q1,27268,44179895,48.5056,0.3063,47.9315,49.0847,48.51 ± 0.31
2021-2024,J43_J44,J43_J44,COPD,EQI Quintile,Q2,56510,83470451,50.7963,0.2261,50.3783,51.2169,50.80 ± 0.23
2021-2024,J43_J44,J43_J44,COPD,EQI Quintile,Q3,87212,157446091,44.1144,0.1559,43.8221,44.4081,44.11 ± 0.16
2021-2024,J43_J44,J43_J44,COPD,EQI Quintile,Q4,113414,228584642,41.7449,0.1289,41.5022,41.9885,41.74 ± 0.13
2021-2024,J43_J44,J43_J44,COPD,EQI Quintile,Q5,276053,804336010,30.3698,0.0592,30.2567,30.4833,30.37 ± 0.06
2021-2024,J43_J44,J43_J44,COPD,EQI Quintile,Unclassified,128,359853,30.3843,2.7537,25.3489,36.127,30.38 ± 2.75
2021-2024,J45,J45,Asthma,EQI Quintile,National,12854,1318376942,0.9643,0.0088,0.9477,0.9811,0.96 ± 0.01
2021-2024,J45,J45,Asthma,EQI Quintile,Q1,463,44179895,0.9963,0.0485,0.9076,1.0913,1.00 ± 0.05
2021-2024,J45,J45,Asthma,EQI Quintile,Q2,844,83470451,0.9694,0.0352,0.9051,1.0371,0.97 ± 0.04
2021-2024,J45,J45,Asthma,EQI Quintile,Q3,1674,157446091,1.0254,0.0262,0.9768,1.0757,1.03 ± 0.03
2021-2024,J45,J45,Asthma,EQI Quintile,Q4,2474,228584642,1.0842,0.0226,1.0419,1.1278,1.08 ± 0.02
2021-2024,J45,J45,Asthma,EQI Quintile,Q5,7394,804336010,0.9191,0.011,0.8982,0.9403,0.92 ± 0.01
2021-2024,J45,J45,Asthma,EQI Quintile,Unclassified,5,359853,1.5676,0.7204,0.509,3.6583,1.57 ± 0.72
2021-2024,J60_J66,J60_J66,Pneumoconiosis,EQI Quintile,National,2015,1318376942,0.1269,0.0029,0.1214,0.1326,0.13 ± 0.00
2021-2024,J60_J66,J60_J66,Pneumoconiosis,EQI Quintile,Q1,201,44179895,0.3491,0.0258,0.3025,0.4009,0.35 ± 0.03
2021-2024,J60_J66,J60_J66,Pneumoconiosis,EQI Quintile,Q2,416,83470451,0.3537,0.0181,0.3205,0.3893,0.35 ± 0.02
2021-2024,J60_J66,J60_J66,Pneumoconiosis,EQI Quintile,Q3,319,157446091,0.1556,0.0089,0.139,0.1737,0.16 ± 0.01
2021-2024,J60_J66,J60_J66,Pneumoconiosis,EQI Quintile,Q4,366,228584642,0.1303,0.007,0.1173,0.1444,0.13 ± 0.01
2021-2024,J60_J66,J60_J66,Pneumoconiosis,EQI Quintile,Q5,711,804336010,0.0773,0.0029,0.0717,0.0832,0.08 ± 0.00
2021-2024,J60_J66,J60_J66,Pneumoconiosis,EQI Quintile,Unclassified,2,359853,0.4861,0.3437,0.0589,1.7558,0.49 ± 0.34
2021-2024,J60_J70,J60_J70,J60_J70,EQI Quintile,National,81583,1318376942,5.335,0.0192,5.2985,5.3718,5.34 ± 0.02
2021-2024,J60_J70,J60_J70,J60_J70,EQI Quintile,Q1,2832,44179895,5.0821,0.0989,4.8966,5.2728,5.08 ± 0.10
2021-2024,J60_J70,J60_J70,J60_J70,EQI Quintile,Q2,5908,83470451,5.3519,0.0731,5.2163,5.4901,5.35 ± 0.07
2021-2024,J60_J70,J60_J70,J60_J70,EQI Quintile,Q3,10381,157446091,5.348,0.0545,5.2457,5.4519,5.35 ± 0.05
2021-2024,J60_J70,J60_J70,J60_J70,EQI Quintile,Q4,15332,228584642,5.7293,0.0478,5.639,5.8207,5.73 ± 0.05
2021-2024,J60_J70,J60_J70,J60_J70,EQI Quintile,Q5,47110,804336010,5.2474,0.0246,5.2002,5.2951,5.25 ± 0.02
2021-2024,J60_J70,J60_J70,J60_J70,EQI Quintile,Unclassified,20,359853,5.1454,1.1873,3.143,7.9467,5.15 ± 1.19
2021-2024,J84_D86,J84_D86,ILD,EQI Quintile,National,92658,1318376942,5.9491,0.0201,5.9109,5.9876,5.95 ± 0.02
2021-2024,J84_D86,J84_D86,ILD,EQI Quintile,Q1,3252,44179895,5.7337,0.1043,5.5383,5.9342,5.73 ± 0.10
2021-2024,J84_D86,J84_D86,ILD,EQI Quintile,Q2,6502,83470451,5.7258,0.0744,5.5875,5.8667,5.73 ± 0.07
2021-2024,J84_D86,J84_D86,ILD,EQI Quintile,Q3,11654,157446091,5.8243,0.0559,5.719,5.931,5.82 ± 0.06
2021-2024,J84_D86,J84_D86,ILD,EQI Quintile,Q4,17003,228584642,6.1868,0.049,6.0941,6.2805,6.19 ± 0.05
2021-2024,J84_D86,J84_D86,ILD,EQI Quintile,Q5,54214,804336010,5.964,0.0261,5.9139,6.0144,5.96 ± 0.03
2021-2024,J84_D86,J84_D86,ILD,EQI Quintile,Unclassified,33,359853,7.702,1.367,5.3017,10.8165,7.70 ± 1.37
2021-2024,K70,K70,Alcoholic,EQI Quintile,National,119952,1318376942,9.9971,0.0298,9.9407,10.0539,10.00 ± 0.03
2021-2024,K70,K70,Alcoholic,EQI Quintile,Q1,4591,44179895,11.1532,0.1705,10.8329,11.4805,11.15 ± 0.17
2021-2024,K70,K70,Alcoholic,EQI Quintile,Q2,8589,83470451,11.1423,0.1257,10.9079,11.3805,11.14 ± 0.13
2021-2024,K70,K70,Alcoholic,EQI Quintile,Q3,16019,157446091,11.14,0.0914,10.9682,11.3139,11.14 ± 0.09
2021-2024,K70,K70,Alcoholic,EQI Quintile,Q4,21403,228584642,10.5273,0.0745,10.3867,10.6692,10.53 ± 0.07
2021-2024,K70,K70,Alcoholic,EQI Quintile,Q5,69306,804336010,9.4506,0.0369,9.3803,9.5212,9.45 ± 0.04
2021-2024,K70,K70,Alcoholic,EQI Quintile,Unclassified,44,359853,12.9785,2.0394,9.4302,17.423,12.98 ± 2.04
2021-2024,K70_K76,K70_K76,Non-cancer CLD,EQI Quintile,National,273610,1318376942,21.1903,0.0422,21.111,21.2698,21.19 ± 0.04
2021-2024,K70_K76,K70_K76,Non-cancer CLD,EQI Quintile,Q1,12274,44179895,27.2221,0.2578,26.7426,27.708,27.22 ± 0.26
2021-2024,K70_K76,K70_K76,Non-cancer CLD,EQI Quintile,Q2,22956,83470451,26.7994,0.188,26.4538,27.1483,26.80 ± 0.19
2021-2024,K70_K76,K70_K76,Non-cancer CLD,EQI Quintile,Q3,39167,157446091,24.8913,0.1323,24.6454,25.1391,24.89 ± 0.13
2021-2024,K70_K76,K70_K76,Non-cancer CLD,EQI Quintile,Q4,52645,228584642,23.731,0.1084,23.5287,23.9346,23.73 ± 0.11
2021-2024,K70_K76,K70_K76,Non-cancer CLD,EQI Quintile,Q5,146503,804336010,18.8012,0.0508,18.7051,18.8978,18.80 ± 0.05
2021-2024,K70_K76,K70_K76,Non-cancer CLD,EQI Quintile,Unclassified,65,359853,18.1596,2.3564,14.0152,23.146,18.16 ± 2.36
2021-2024,K70_K76_C22,K70_K76_C22,CLD,EQI Quintile,National,391643,1318376942,29.2054,0.0487,29.1141,29.2971,29.21 ± 0.05
2021-2024,K70_K76_C22,K70_K76_C22,CLD,EQI Quintile,Q1,17004,44179895,36.1364,0.2921,35.5953,36.6837,36.14 ± 0.29
2021-2024,K70_K76_C22,K70_K76_C22,CLD,EQI Quintile,Q2,32380,83470451,36.0278,0.2141,35.6364,36.4224,36.03 ± 0.21
2021-2024,K70_K76_C22,K70_K76_C22,CLD,EQI Quintile,Q3,54989,157446091,33.427,0.1507,33.1482,33.7076,33.43 ± 0.15
2021-2024,K70_K76_C22,K70_K76_C22,CLD,EQI Quintile,Q4,74225,228584642,32.1882,0.1244,31.957,32.4206,32.19 ± 0.12
2021-2024,K70_K76_C22,K70_K76_C22,CLD,EQI Quintile,Q5,212953,804336010,26.4083,0.0594,26.2963,26.5207,26.41 ± 0.06
2021-2024,K70_K76_C22,K70_K76_C22,CLD,EQI Quintile,Unclassified,92,359853,24.3394,2.671,19.621,29.8502,24.34 ± 2.67
2021-2024,K71,K71,K71,EQI Quintile,National,134,1318376942,0.0097,0.0009,0.0082,0.0115,0.01 ± 0.00
2021-2024,K71,K71,K71,EQI Quintile,Q1,11,44179895,0.0217,0.0069,0.0108,0.0388,0.02 ± 0.01
2021-2024,K71,K71,K71,EQI Quintile,Q2,10,83470451,0.0119,0.004,0.0057,0.0219,0.01 ± 0.00
2021-2024,K71,K71,K71,EQI Quintile,Q3,17,157446091,0.0085,0.0021,0.0049,0.0135,0.01 ± 0.00
2021-2024,K71,K71,K71,EQI Quintile,Q4,24,228584642,0.0111,0.0024,0.0071,0.0166,0.01 ± 0.00
2021-2024,K71,K71,K71,EQI Quintile,Q5,72,804336010,0.0087,0.0011,0.0068,0.0109,0.01 ± 0.00
2021-2024,K71,K71,K71,EQI Quintile,Unclassified,0,359853,0.0,0.0,0.0,0.0,0.00 ± 0.00
2021-2024,K71_K73_K74,K71_K73_K74,Toxic & chronic,EQI Quintile,National,95517,1318376942,6.9955,0.0237,6.9513,7.0401,7.00 ± 0.02
2021-2024,K71_K73_K74,K71_K73_K74,Toxic & chronic,EQI Quintile,Q1,4997,44179895,10.4596,0.1562,10.1716,10.7537,10.46 ± 0.16
2021-2024,K71_K73_K74,K71_K73_K74,Toxic & chronic,EQI Quintile,Q2,9278,83470451,10.1391,0.1127,9.9338,10.3475,10.14 ± 0.11
2021-2024,K71_K73_K74,K71_K73_K74,Toxic & chronic,EQI Quintile,Q3,14735,157446091,8.7969,0.0767,8.6554,8.9401,8.80 ± 0.08
2021-2024,K71_K73_K74,K71_K73_K74,Toxic & chronic,EQI Quintile,Q4,19262,228584642,8.1956,0.0622,8.0803,8.3122,8.20 ± 0.06
2021-2024,K71_K73_K74,K71_K73_K74,Toxic & chronic,EQI Quintile,Q5,47229,804336010,5.7527,0.0275,5.7009,5.8048,5.75 ± 0.03
2021-2024,K71_K73_K74,K71_K73_K74,Toxic & chronic,EQI Quintile,Unclassified,16,359853,4.0064,1.0389,2.29,6.5061,4.01 ± 1.04
2021-2024,K72_K75,K72_K75,Other CLD,EQI Quintile,National,23035,1318376942,1.7112,0.0118,1.6892,1.7335,1.71 ± 0.01
2021-2024,K72_K75,K72_K75,Other CLD,EQI Quintile,Q1,1141,44179895,2.4377,0.076,2.2983,2.5834,2.44 ± 0.08
2021-2024,K72_K75,K72_K75,Other CLD,EQI Quintile,Q2,2057,83470451,2.2826,0.0537,2.185,2.3834,2.28 ± 0.05
2021-2024,K72_K75,K72_K75,Other CLD,EQI Quintile,Q3,3340,157446091,2.0442,0.0373,1.9754,2.1147,2.04 ± 0.04
2021-2024,K72_K75,K72_K75,Other CLD,EQI Quintile,Q4,4844,228584642,2.0862,0.0315,2.0279,2.1458,2.09 ± 0.03
2021-2024,K72_K75,K72_K75,Other CLD,EQI Quintile,Q5,11651,804336010,1.4367,0.0138,1.4107,1.463,1.44 ± 0.01
2021-2024,K72_K75,K72_K75,Other CLD,EQI Quintile,Unclassified,2,359853,0.5807,0.4405,0.0703,2.0976,0.58 ± 0.44
2021-2024,K73,K73,K73,EQI Quintile,National,220,1318376942,0.0169,0.0012,0.0148,0.0193,0.02 ± 0.00
2021-2024,K73,K73,K73,EQI Quintile,Q1,11,44179895,0.0284,0.0088,0.0142,0.0508,0.03 ± 0.01
2021-2024,K73,K73,K73,EQI Quintile,Q2,19,83470451,0.0241,0.0058,0.0145,0.0376,0.02 ± 0.01
2021-2024,K73,K73,K73,EQI Quintile,Q3,44,157446091,0.0278,0.0044,0.0202,0.0373,0.03 ± 0.00
2021-2024,K73,K73,K73,EQI Quintile,Q4,41,228584642,0.0184,0.0031,0.0132,0.025,0.02 ± 0.00
2021-2024,K73,K73,K73,EQI Quintile,Q5,105,804336010,0.0131,0.0013,0.0107,0.0158,0.01 ± 0.00
2021-2024,K73,K73,K73,EQI Quintile,Unclassified,0,359853,0.0,0.0,0.0,0.0,0.00 ± 0.00
2021-2024,K74,K74,K74,EQI Quintile,National,95163,1318376942,6.9689,0.0236,6.9246,7.0133,6.97 ± 0.02
2021-2024,K74,K74,K74,EQI Quintile,Q1,4975,44179895,10.4095,0.1558,10.1222,10.7029,10.41 ± 0.16
2021-2024,K74,K74,K74,EQI Quintile,Q2,9249,83470451,10.1031,0.1125,9.8982,10.3111,10.10 ± 0.11
2021-2024,K74,K74,K74,EQI Quintile,Q3,14674,157446091,8.7606,0.0765,8.6195,8.9035,8.76 ± 0.08
2021-2024,K74,K74,K74,EQI Quintile,Q4,19197,228584642,8.1661,0.0621,8.051,8.2824,8.17 ± 0.06
2021-2024,K74,K74,K74,EQI Quintile,Q5,47052,804336010,5.7309,0.0274,5.6792,5.7829,5.73 ± 0.03
2021-2024,K74,K74,K74,EQI Quintile,Unclassified,16,359853,4.0064,1.0389,2.29,6.5061,4.01 ± 1.04
2021-2024,K76,K76,Non-alcoholic,EQI Quintile,National,35106,1318376942,2.4864,0.0139,2.4604,2.5125,2.49 ± 0.01
2021-2024,K76,K76,Non-alcoholic,EQI Quintile,Q1,1545,44179895,3.1716,0.0851,3.0154,3.3338,3.17 ± 0.09
2021-2024,K76,K76,Non-alcoholic,EQI Quintile,Q2,3032,83470451,3.2353,0.063,3.1212,3.3526,3.24 ± 0.06
2021-2024,K76,K76,Non-alcoholic,EQI Quintile,Q3,5073,157446091,2.9102,0.0433,2.8307,2.9914,2.91 ± 0.04
2021-2024,K76,K76,Non-alcoholic,EQI Quintile,Q4,7136,228584642,2.9219,0.0365,2.8545,2.9905,2.92 ± 0.04
2021-2024,K76,K76,Non-alcoholic,EQI Quintile,Q5,18317,804336010,2.1613,0.0166,2.1301,2.1928,2.16 ± 0.02
2021-2024,K76,K76,Non-alcoholic,EQI Quintile,Unclassified,3,359853,0.5941,0.3467,0.1225,1.7363,0.59 ± 0.35
2021-2024,K76.7,K76.7,HRS,EQI Quintile,National,1942,1318376942,0.1477,0.0035,0.1412,0.1544,0.15 ± 0.00
2021-2024,K76.7,K76.7,HRS,EQI Quintile,Q1,83,44179895,0.1803,0.0207,0.1436,0.2235,0.18 ± 0.02
2021-2024,K76.7,K76.7,HRS,EQI Quintile,Q2,210,83470451,0.2391,0.0176,0.2078,0.2737,0.24 ± 0.02
2021-2024,K76.7,K76.7,HRS,EQI Quintile,Q3,303,157446091,0.1922,0.0116,0.1711,0.2151,0.19 ± 0.01
2021-2024,K76.7,K76.7,HRS,EQI Quintile,Q4,413,228584642,0.1815,0.0094,0.1644,0.1999,0.18 ± 0.01
2021-2024,K76.7,K76.7,HRS,EQI Quintile,Q5,933,804336010,0.1176,0.004,0.1101,0.1254,0.12 ± 0.00
2021-2024,K76.7,K76.7,HRS,EQI Quintile,Unclassified,0,359853,0.0,0.0,0.0,0.0,0.00 ± 0.00
2021-2024,N00_N15,N00_N15,GRTI,EQI Quintile,National,12792,1318376942,0.8532,0.0078,0.8385,0.8681,0.85 ± 0.01
2021-2024,N00_N15,N00_N15,GRTI,EQI Quintile,Q1,454,44179895,0.8502,0.0416,0.7738,0.9322,0.85 ± 0.04
2021-2024,N00_N15,N00_N15,GRTI,EQI Quintile,Q2,957,83470451,0.9017,0.0309,0.8455,0.9607,0.90 ± 0.03
2021-2024,N00_N15,N00_N15,GRTI,EQI Quintile,Q3,1689,157446091,0.889,0.0226,0.8471,0.9324,0.89 ± 0.02
2021-2024,N00_N15,N00_N15,GRTI,EQI Quintile,Q4,2496,228584642,0.9544,0.0198,0.9173,0.9926,0.95 ± 0.02
2021-2024,N00_N15,N00_N15,GRTI,EQI Quintile,Q5,7193,804336010,0.8134,0.0098,0.7947,0.8324,0.81 ± 0.01
2021-2024,N00_N15,N00_N15,GRTI,EQI Quintile,Unclassified,3,359853,0.6022,0.3523,0.1242,1.7598,0.60 ± 0.35
2021-2024,N00_N29,N00_N29,Non-cancer CKD,EQI Quintile,National,245868,1318376942,16.3116,0.0339,16.2472,16.3762,16.31 ± 0.03
2021-2024,N00_N29,N00_N29,Non-cancer CKD,EQI Quintile,Q1,10624,44179895,19.7537,0.2001,19.3798,20.133,19.75 ± 0.20
2021-2024,N00_N29,N00_N29,Non-cancer CKD,EQI Quintile,Q2,20309,83470451,18.9553,0.1407,18.6954,19.2178,18.96 ± 0.14
2021-2024,N00_N29,N00_N29,Non-cancer CKD,EQI Quintile,Q3,33827,157446091,17.7346,0.1007,17.5461,17.9246,17.73 ± 0.10
2021-2024,N00_N29,N00_N29,Non-cancer CKD,EQI Quintile,Q4,47375,228584642,18.0149,0.086,17.8531,18.1779,18.01 ± 0.09
2021-2024,N00_N29,N00_N29,Non-cancer CKD,EQI Quintile,Q5,133691,804336010,15.0423,0.0421,14.9617,15.1231,15.04 ± 0.04
2021-2024,N00_N29,N00_N29,Non-cancer CKD,EQI Quintile,Unclassified,42,359853,9.892,1.5583,7.1293,13.3711,9.89 ± 1.56
2021-2024,N00_N29_C64_C65,N00_N29_C64_C65,CKD,EQI Quintile,National,304431,1318376942,20.3076,0.038,20.2355,20.3799,20.31 ± 0.04
2021-2024,N00_N29_C64_C65,N00_N29_C64_C65,CKD,EQI Quintile,Q1,13056,44179895,24.4477,0.2239,24.0302,24.8708,24.45 ± 0.22
2021-2024,N00_N29_C64_C65,N00_N29_C64_C65,CKD,EQI Quintile,Q2,25095,83470451,23.6312,0.1582,23.3398,23.9255,23.63 ± 0.16
2021-2024,N00_N29_C64_C65,N00_N29_C64_C65,CKD,EQI Quintile,Q3,42112,157446091,22.2109,0.1133,21.9993,22.4241,22.21 ± 0.11
2021-2024,N00_N29_C64_C65,N00_N29_C64_C65,CKD,EQI Quintile,Q4,58490,228584642,22.3607,0.0963,22.1798,22.5426,22.36 ± 0.10
2021-2024,N00_N29_C64_C65,N00_N29_C64_C65,CKD,EQI Quintile,Q5,165626,804336010,18.7231,0.0472,18.6331,18.8135,18.72 ± 0.05
2021-2024,N00_N29_C64_C65,N00_N29_C64_C65,CKD,EQI Quintile,Unclassified,52,359853,12.3928,1.7694,9.2555,16.2515,12.39 ± 1.77
2021-2024,N16_N17_N20_N29,N16_N17_N20_N29,Other kidney disease,EQI Quintile,National,60472,1318376942,4.0238,0.0169,3.9918,4.056,4.02 ± 0.02
2021-2024,N16_N17_N20_N29,N16_N17_N20_N29,Other kidney disease,EQI Quintile,Q1,2982,44179895,5.5733,0.1068,5.3751,5.777,5.57 ± 0.11
2021-2024,N16_N17_N20_N29,N16_N17_N20_N29,Other kidney disease,EQI Quintile,Q2,5596,83470451,5.2736,0.0747,5.1363,5.4136,5.27 ± 0.07
2021-2024,N16_N17_N20_N29,N16_N17_N20_N29,Other kidney disease,EQI Quintile,Q3,9168,157446091,4.8436,0.0529,4.745,4.9438,4.84 ± 0.05
2021-2024,N16_N17_N20_N29,N16_N17_N20_N29,Other kidney disease,EQI Quintile,Q4,12070,228584642,4.6027,0.0436,4.5209,4.6855,4.60 ± 0.04
2021-2024,N16_N17_N20_N29,N16_N17_N20_N29,Other kidney disease,EQI Quintile,Q5,30645,804336010,3.4496,0.0202,3.4111,3.4884,3.45 ± 0.02
2021-2024,N16_N17_N20_N29,N16_N17_N20_N29,Other kidney disease,EQI Quintile,Unclassified,11,359853,2.772,0.8759,1.3837,4.9598,2.77 ± 0.88
2021-2024,N18_N19,N18_N19,RF,EQI Quintile,National,172604,1318376942,11.4346,0.0284,11.3807,11.4887,11.43 ± 0.03
2021-2024,N18_N19,N18_N19,RF,EQI Quintile,Q1,7188,44179895,13.3301,0.1641,13.0237,13.6419,13.33 ± 0.16
2021-2024,N18_N19,N18_N19,RF,EQI Quintile,Q2,13756,83470451,12.78,0.1152,12.5673,12.9953,12.78 ± 0.12
2021-2024,N18_N19,N18_N19,RF,EQI Quintile,Q3,22970,157446091,12.002,0.0826,11.8473,12.1582,12.00 ± 0.08
2021-2024,N18_N19,N18_N19,RF,EQI Quintile,Q4,32809,228584642,12.4579,0.0714,12.3234,12.5934,12.46 ± 0.07
2021-2024,N18_N19,N18_N19,RF,EQI Quintile,Q5,95853,804336010,10.7793,0.0357,10.7111,10.8477,10.78 ± 0.04
2021-2024,N18_N19,N18_N19,RF,EQI Quintile,Unclassified,28,359853,6.5179,1.2398,4.3311,9.4201,6.52 ± 1.24
2021-2024,X60_X69,X60_X69,NVS,EQI Quintile,National,23104,1318376942,1.8862,0.0127,1.8619,1.9106,1.89 ± 0.01
2021-2024,X60_X69,X60_X69,NVS,EQI Quintile,Q1,483,44179895,1.1859,0.0555,1.0825,1.2965,1.19 ± 0.06
2021-2024,X60_X69,X60_X69,NVS,EQI Quintile,Q2,1299,83470451,1.7017,0.0488,1.6104,1.7968,1.70 ± 0.05
2021-2024,X60_X69,X60_X69,NVS,EQI Quintile,Q3,2554,157446091,1.7566,0.0358,1.6891,1.8261,1.76 ± 0.04
2021-2024,X60_X69,X60_X69,NVS,EQI Quintile,Q4,3871,228584642,1.8481,0.0305,1.7903,1.9072,1.85 ± 0.03
2021-2024,X60_X69,X60_X69,NVS,EQI Quintile,Q5,14888,804336010,1.9815,0.0166,1.9498,2.0135,1.98 ± 0.02
2021-2024,X60_X69,X60_X69,NVS,EQI Quintile,Unclassified,9,359853,2.6479,0.9092,1.2108,5.0265,2.65 ± 0.91
2021-2024,X60_X84_Y87.0,X60_X84_Y87.0,Suicide,EQI Quintile,National,193447,1318376942,15.6182,0.0363,15.5487,15.688,15.62 ± 0.04
2021-2024,X60_X84_Y87.0,X60_X84_Y87.0,Suicide,EQI Quintile,Q1,6945,44179895,16.7063,0.206,16.3156,17.1039,16.71 ± 0.21
2021-2024,X60_X84_Y87.0,X60_X84_Y87.0,Suicide,EQI Quintile,Q2,14705,83470451,18.6966,0.1595,18.3956,19.0013,18.70 ± 0.16
2021-2024,X60_X84_Y87.0,X60_X84_Y87.0,Suicide,EQI Quintile,Q3,26557,157446091,17.9782,0.1134,17.7626,18.1958,17.98 ± 0.11
2021-2024,X60_X84_Y87.0,X60_X84_Y87.0,Suicide,EQI Quintile,Q4,37115,228584642,17.4785,0.093,17.3012,17.6573,17.48 ± 0.09
2021-2024,X60_X84_Y87.0,X60_X84_Y87.0,Suicide,EQI Quintile,Q5,108076,804336010,14.2777,0.0442,14.1927,14.363,14.28 ± 0.04
2021-2024,X60_X84_Y87.0,X60_X84_Y87.0,Suicide,EQI Quintile,Unclassified,49,359853,13.4812,1.9779,9.9735,17.8228,13.48 ± 1.98
2021-2024,X70_X84,X70_X84,VS,EQI Quintile,National,168346,1318376942,13.5665,0.0338,13.5017,13.6314,13.57 ± 0.03
2021-2024,X70_X84,X70_X84,VS,EQI Quintile,Q1,6418,44179895,15.417,0.1977,15.0421,15.7989,15.42 ± 0.20
2021-2024,X70_X84,X70_X84,VS,EQI Quintile,Q2,13301,83470451,16.8583,0.1512,16.573,17.1473,16.86 ± 0.15
2021-2024,X70_X84,X70_X84,VS,EQI Quintile,Q3,23763,157446091,16.0572,0.107,15.8537,16.2627,16.06 ± 0.11
2021-2024,X70_X84,X70_X84,VS,EQI Quintile,Q4,32872,228584642,15.4475,0.0873,15.281,15.6154,15.45 ± 0.09
2021-2024,X70_X84,X70_X84,VS,EQI Quintile,Q5,91952,804336010,12.1286,0.0407,12.0503,12.2072,12.13 ± 0.04
2021-2024,X70_X84,X70_X84,VS,EQI Quintile,Unclassified,40,359853,10.8333,1.7566,7.7395,14.7519,10.83 ± 1.76
2021-2024,Y87.0,Y87.0,SI,EQI Quintile,National,1997,1318376942,0.1656,0.0038,0.1584,0.173,0.17 ± 0.00
2021-2024,Y87.0,Y87.0,SI,EQI Quintile,Q1,44,44179895,0.1033,0.0161,0.0751,0.1387,0.10 ± 0.02
2021-2024,Y87.0,Y87.0,SI,EQI Quintile,Q2,105,83470451,0.1366,0.0137,0.1118,0.1654,0.14 ± 0.01
2021-2024,Y87.0,Y87.0,SI,EQI Quintile,Q3,240,157446091,0.1644,0.0109,0.1443,0.1866,0.16 ± 0.01
2021-2024,Y87.0,Y87.0,SI,EQI Quintile,Q4,372,228584642,0.1829,0.0097,0.1648,0.2025,0.18 ± 0.01
2021-2024,Y87.0,Y87.0,SI,EQI Quintile,Q5,1236,804336010,0.1676,0.0049,0.1584,0.1772,0.17 ± 0.00
2021-2024,Y87.0,Y87.0,SI,EQI Quintile,Unclassified,0,359853,0.0,0.0,0.0,0.0,0.00 ± 0.00
