Time_Period,ICD-10 Code,Outcome_Fullname,Outcome_Shortname,Stratification,Strata,Total_Deaths,Total_Population,AAMR,AAMR_SE,AAMR_Lower,AAMR_Upper,AAMRSE
2006-2010,C00_C97,C00_C97,Cancer,EQI Cluster,Low-burden,174182,81106903,185.8393,0.4489,184.9676,186.7141,185.84 ± 0.45
2006-2010,C00_C97,C00_C97,Cancer,EQI Cluster,Mixed-burden,864733,428983518,178.3524,0.1927,177.9767,178.7287,178.35 ± 0.19
2006-2010,C00_C97,C00_C97,Cancer,EQI Cluster,High-burden,1786847,1008867606,174.6942,0.1316,174.4381,174.9505,174.69 ± 0.13
2006-2010,C00_C97,C00_C97,Cancer,EQI Cluster,National,2826092,1519222141,176.3593,0.1055,176.1537,176.565,176.36 ± 0.11
2006-2010,C00_C97,C00_C97,Cancer,EQI Cluster,Unclassified,330,264114,152.3754,8.6137,136.3769,169.7351,152.38 ± 8.61
2006-2010,C00_C97,C00_C97,Cancer,Land Use Cluster,Natural,1039198,571554527,174.8978,0.1727,174.5617,175.2344,174.90 ± 0.17
2006-2010,C00_C97,C00_C97,Cancer,Land Use Cluster,Water-sensitive,527710,249881527,176.3577,0.244,175.8822,176.8342,176.36 ± 0.24
2006-2010,C00_C97,C00_C97,Cancer,Land Use Cluster,Agricultural,495782,256231205,180.9791,0.2585,180.4756,181.4835,180.98 ± 0.26
2006-2010,C00_C97,C00_C97,Cancer,Land Use Cluster,Urban,763074,441345687,175.625,0.2025,175.2312,176.0195,175.63 ± 0.20
2006-2010,C00_C97,C00_C97,Cancer,Land Use Cluster,National,2826092,1519222141,176.3593,0.1055,176.1537,176.565,176.36 ± 0.11
2006-2010,C00_C97,C00_C97,Cancer,Land Use Cluster,Unclassified,328,209195,190.6953,10.7197,170.6141,212.4903,190.70 ± 10.72
2006-2010,C18_C21,C18_C21,Colorectal,EQI Cluster,Low-burden,16699,81106903,17.9736,0.1403,17.702,18.2483,17.97 ± 0.14
2006-2010,C18_C21,C18_C21,Colorectal,EQI Cluster,Mixed-burden,82238,428983518,16.9288,0.0593,16.8133,17.0449,16.93 ± 0.06
2006-2010,C18_C21,C18_C21,Colorectal,EQI Cluster,High-burden,166327,1008867606,16.2499,0.0401,16.1719,16.3282,16.25 ± 0.04
2006-2010,C18_C21,C18_C21,Colorectal,EQI Cluster,National,265301,1519222141,16.5456,0.0323,16.4827,16.6087,16.55 ± 0.03
2006-2010,C18_C21,C18_C21,Colorectal,EQI Cluster,Unclassified,37,264114,16.96,2.8638,11.9414,23.3771,16.96 ± 2.86
2006-2010,C18_C21,C18_C21,Colorectal,Land Use Cluster,Natural,96378,571554527,16.2673,0.0527,16.1647,16.3703,16.27 ± 0.05
2006-2010,C18_C21,C18_C21,Colorectal,Land Use Cluster,Water-sensitive,48102,249881527,16.0411,0.0735,15.8981,16.1851,16.04 ± 0.07
2006-2010,C18_C21,C18_C21,Colorectal,Land Use Cluster,Agricultural,47421,256231205,17.2552,0.0797,17.1002,17.4112,17.26 ± 0.08
2006-2010,C18_C21,C18_C21,Colorectal,Land Use Cluster,Urban,73353,441345687,16.8373,0.0626,16.7157,16.9596,16.84 ± 0.06
2006-2010,C18_C21,C18_C21,Colorectal,Land Use Cluster,National,265301,1519222141,16.5456,0.0323,16.4827,16.6087,16.55 ± 0.03
2006-2010,C18_C21,C18_C21,Colorectal,Land Use Cluster,Unclassified,47,209195,28.0034,4.1636,20.5758,37.2386,28.00 ± 4.16
2006-2010,C22,C22,Liver,EQI Cluster,Low-burden,5459,81106903,5.7664,0.0787,5.6144,5.9214,5.77 ± 0.08
2006-2010,C22,C22,Liver,EQI Cluster,Mixed-burden,27708,428983518,5.6577,0.0342,5.5913,5.7247,5.66 ± 0.03
2006-2010,C22,C22,Liver,EQI Cluster,High-burden,58274,1008867606,5.5658,0.0232,5.5207,5.6112,5.57 ± 0.02
2006-2010,C22,C22,Liver,EQI Cluster,National,91447,1519222141,5.5996,0.0186,5.5633,5.636,5.60 ± 0.02
2006-2010,C22,C22,Liver,EQI Cluster,Unclassified,6,264114,2.414,1.0292,0.8859,5.2543,2.41 ± 1.03
2006-2010,C22,C22,Liver,Land Use Cluster,Natural,33388,571554527,5.498,0.0303,5.4391,5.5573,5.50 ± 0.03
2006-2010,C22,C22,Liver,Land Use Cluster,Water-sensitive,17025,249881527,5.6502,0.0435,5.5657,5.7358,5.65 ± 0.04
2006-2010,C22,C22,Liver,Land Use Cluster,Agricultural,13600,256231205,4.8967,0.0422,4.8147,4.9797,4.90 ± 0.04
2006-2010,C22,C22,Liver,Land Use Cluster,Urban,27428,441345687,6.1465,0.0374,6.074,6.2197,6.15 ± 0.04
2006-2010,C22,C22,Liver,Land Use Cluster,National,91447,1519222141,5.5996,0.0186,5.5633,5.636,5.60 ± 0.02
2006-2010,C22,C22,Liver,Land Use Cluster,Unclassified,6,209195,3.351,1.3832,1.2298,7.2938,3.35 ± 1.38
2006-2010,C25,C25,Pancreatic,EQI Cluster,Low-burden,9791,81106903,10.3909,0.1058,10.1861,10.5988,10.39 ± 0.11
2006-2010,C25,C25,Pancreatic,EQI Cluster,Mixed-burden,54321,428983518,11.156,0.0481,11.0624,11.2503,11.16 ± 0.05
2006-2010,C25,C25,Pancreatic,EQI Cluster,High-burden,111097,1008867606,10.8443,0.0328,10.7807,10.9083,10.84 ± 0.03
2006-2010,C25,C25,Pancreatic,EQI Cluster,National,175239,1519222141,10.907,0.0262,10.856,10.9582,10.91 ± 0.03
2006-2010,C25,C25,Pancreatic,EQI Cluster,Unclassified,30,264114,14.4893,2.7053,9.7759,20.6844,14.49 ± 2.71
2006-2010,C25,C25,Pancreatic,Land Use Cluster,Natural,63198,571554527,10.5983,0.0424,10.5158,10.6812,10.60 ± 0.04
2006-2010,C25,C25,Pancreatic,Land Use Cluster,Water-sensitive,33395,249881527,11.0941,0.0609,10.9754,11.2137,11.09 ± 0.06
2006-2010,C25,C25,Pancreatic,Land Use Cluster,Agricultural,29489,256231205,10.7284,0.0628,10.6063,10.8515,10.73 ± 0.06
2006-2010,C25,C25,Pancreatic,Land Use Cluster,Urban,49137,441345687,11.3284,0.0515,11.2284,11.429,11.33 ± 0.05
2006-2010,C25,C25,Pancreatic,Land Use Cluster,National,175239,1519222141,10.907,0.0262,10.856,10.9582,10.91 ± 0.03
2006-2010,C25,C25,Pancreatic,Land Use Cluster,Unclassified,20,209195,11.8172,2.6769,7.2183,18.2507,11.82 ± 2.68
2006-2010,C34,C34,Lung,EQI Cluster,Low-burden,54573,81106903,57.127,0.2463,56.6487,57.6083,57.13 ± 0.25
2006-2010,C34,C34,Lung,EQI Cluster,Mixed-burden,244629,428983518,50.3878,0.1023,50.1884,50.5879,50.39 ± 0.10
2006-2010,C34,C34,Lung,EQI Cluster,High-burden,492652,1008867606,48.3295,0.0693,48.1946,48.4647,48.33 ± 0.07
2006-2010,C34,C34,Lung,EQI Cluster,National,791930,1519222141,49.4425,0.0559,49.3337,49.5516,49.44 ± 0.06
2006-2010,C34,C34,Lung,EQI Cluster,Unclassified,76,264114,36.1809,4.2446,28.5064,45.2858,36.18 ± 4.24
2006-2010,C34,C34,Lung,Land Use Cluster,Natural,293964,571554527,49.2866,0.0915,49.1086,49.4651,49.29 ± 0.09
2006-2010,C34,C34,Lung,Land Use Cluster,Water-sensitive,150969,249881527,50.2266,0.1297,49.9735,50.4806,50.23 ± 0.13
2006-2010,C34,C34,Lung,Land Use Cluster,Agricultural,144999,256231205,53.0256,0.14,52.7531,53.2993,53.03 ± 0.14
2006-2010,C34,C34,Lung,Land Use Cluster,Urban,201904,441345687,46.906,0.1052,46.7016,47.111,46.91 ± 0.11
2006-2010,C34,C34,Lung,Land Use Cluster,National,791930,1519222141,49.4425,0.0559,49.3337,49.5516,49.44 ± 0.06
2006-2010,C34,C34,Lung,Land Use Cluster,Unclassified,94,209195,54.0157,5.6853,43.6502,66.1016,54.02 ± 5.69
2006-2010,C50,C50,Breast,EQI Cluster,Low-burden,11102,81106903,12.0,0.1152,11.7779,12.2254,12.00 ± 0.12
2006-2010,C50,C50,Breast,EQI Cluster,Mixed-burden,62549,428983518,12.9367,0.0521,12.8356,13.0385,12.94 ± 0.05
2006-2010,C50,C50,Breast,EQI Cluster,High-burden,131870,1008867606,12.6943,0.0352,12.6259,12.763,12.69 ± 0.04
2006-2010,C50,C50,Breast,EQI Cluster,National,205551,1519222141,12.7195,0.0282,12.6645,12.7746,12.72 ± 0.03
2006-2010,C50,C50,Breast,EQI Cluster,Unclassified,30,264114,13.6567,2.5613,9.2141,19.4958,13.66 ± 2.56
2006-2010,C50,C50,Breast,Land Use Cluster,Natural,73328,571554527,12.2149,0.0455,12.1266,12.3036,12.21 ± 0.05
2006-2010,C50,C50,Breast,Land Use Cluster,Water-sensitive,36819,249881527,12.4158,0.0652,12.2893,12.5433,12.42 ± 0.07
2006-2010,C50,C50,Breast,Land Use Cluster,Agricultural,34395,256231205,12.4845,0.0678,12.3529,12.6172,12.48 ± 0.07
2006-2010,C50,C50,Breast,Land Use Cluster,Urban,60993,441345687,13.7739,0.0562,13.6648,13.8836,13.77 ± 0.06
2006-2010,C50,C50,Breast,Land Use Cluster,National,205551,1519222141,12.7195,0.0282,12.6645,12.7746,12.72 ± 0.03
2006-2010,C50,C50,Breast,Land Use Cluster,Unclassified,16,209195,8.4734,2.1769,4.8433,13.7602,8.47 ± 2.18
2006-2010,C56,C56,Ovarian,EQI Cluster,Low-burden,3845,81106903,4.1018,0.0667,3.9732,4.2336,4.10 ± 0.07
2006-2010,C56,C56,Ovarian,EQI Cluster,Mixed-burden,22136,428983518,4.5546,0.0308,4.4947,4.615,4.55 ± 0.03
2006-2010,C56,C56,Ovarian,EQI Cluster,High-burden,46808,1008867606,4.5379,0.0211,4.4969,4.5792,4.54 ± 0.02
2006-2010,C56,C56,Ovarian,EQI Cluster,National,72795,1519222141,4.5159,0.0168,4.4831,4.5488,4.52 ± 0.02
2006-2010,C56,C56,Ovarian,EQI Cluster,Unclassified,6,264114,2.74,1.1463,1.0055,5.9638,2.74 ± 1.15
2006-2010,C56,C56,Ovarian,Land Use Cluster,Natural,27114,571554527,4.5273,0.0277,4.4735,4.5815,4.53 ± 0.03
2006-2010,C56,C56,Ovarian,Land Use Cluster,Water-sensitive,12946,249881527,4.3257,0.0382,4.2515,4.4009,4.33 ± 0.04
2006-2010,C56,C56,Ovarian,Land Use Cluster,Agricultural,12492,256231205,4.5468,0.0409,4.4674,4.6272,4.55 ± 0.04
2006-2010,C56,C56,Ovarian,Land Use Cluster,Urban,20236,441345687,4.6207,0.0327,4.5572,4.6848,4.62 ± 0.03
2006-2010,C56,C56,Ovarian,Land Use Cluster,National,72795,1519222141,4.5159,0.0168,4.4831,4.5488,4.52 ± 0.02
2006-2010,C56,C56,Ovarian,Land Use Cluster,Unclassified,7,209195,3.6519,1.404,1.4683,7.5243,3.65 ± 1.40
2006-2010,C61,C61,Prostate,EQI Cluster,Low-burden,8964,81106903,9.8357,0.1043,9.6331,10.0415,9.84 ± 0.10
2006-2010,C61,C61,Prostate,EQI Cluster,Mixed-burden,43921,428983518,9.0108,0.0431,8.9267,9.0954,9.01 ± 0.04
2006-2010,C61,C61,Prostate,EQI Cluster,High-burden,89667,1008867606,8.9691,0.0301,8.9105,9.028,8.97 ± 0.03
2006-2010,C61,C61,Prostate,EQI Cluster,National,142566,1519222141,9.0297,0.024,8.9829,9.0767,9.03 ± 0.02
2006-2010,C61,C61,Prostate,EQI Cluster,Unclassified,14,264114,6.8036,1.8519,3.7196,11.4153,6.80 ± 1.85
2006-2010,C61,C61,Prostate,Land Use Cluster,Natural,53267,571554527,9.2485,0.0402,9.1701,9.3274,9.25 ± 0.04
2006-2010,C61,C61,Prostate,Land Use Cluster,Water-sensitive,26499,249881527,8.754,0.0539,8.649,8.8601,8.75 ± 0.05
2006-2010,C61,C61,Prostate,Land Use Cluster,Agricultural,24188,256231205,8.8686,0.0573,8.7572,8.9811,8.87 ± 0.06
2006-2010,C61,C61,Prostate,Land Use Cluster,Urban,38600,441345687,9.0463,0.0463,8.9563,9.137,9.05 ± 0.05
2006-2010,C61,C61,Prostate,Land Use Cluster,National,142566,1519222141,9.0297,0.024,8.9829,9.0767,9.03 ± 0.02
2006-2010,C61,C61,Prostate,Land Use Cluster,Unclassified,12,209195,7.2376,2.1096,3.7398,12.6426,7.24 ± 2.11
2006-2010,C64_C65,C64_C65,Kidney,EQI Cluster,Low-burden,4219,81106903,4.4853,0.0696,4.351,4.6228,4.49 ± 0.07
2006-2010,C64_C65,C64_C65,Kidney,EQI Cluster,Mixed-burden,18868,428983518,3.8754,0.0283,3.8203,3.9311,3.88 ± 0.03
2006-2010,C64_C65,C64_C65,Kidney,EQI Cluster,High-burden,41004,1008867606,3.9787,0.0198,3.9403,4.0174,3.98 ± 0.02
2006-2010,C64_C65,C64_C65,Kidney,EQI Cluster,National,64101,1519222141,3.9739,0.0158,3.9432,4.0047,3.97 ± 0.02
2006-2010,C64_C65,C64_C65,Kidney,EQI Cluster,Unclassified,10,264114,4.7257,1.5325,2.2662,8.6907,4.73 ± 1.53
2006-2010,C64_C65,C64_C65,Kidney,Land Use Cluster,Natural,24041,571554527,4.0074,0.026,3.957,4.0584,4.01 ± 0.03
2006-2010,C64_C65,C64_C65,Kidney,Land Use Cluster,Water-sensitive,11521,249881527,3.8322,0.0359,3.7625,3.9028,3.83 ± 0.04
2006-2010,C64_C65,C64_C65,Kidney,Land Use Cluster,Agricultural,12463,256231205,4.5217,0.0407,4.4427,4.6018,4.52 ± 0.04
2006-2010,C64_C65,C64_C65,Kidney,Land Use Cluster,Urban,16061,441345687,3.6778,0.0292,3.6211,3.7351,3.68 ± 0.03
2006-2010,C64_C65,C64_C65,Kidney,Land Use Cluster,National,64101,1519222141,3.9739,0.0158,3.9432,4.0047,3.97 ± 0.02
2006-2010,C64_C65,C64_C65,Kidney,Land Use Cluster,Unclassified,15,209195,9.4608,2.4752,5.2952,15.6042,9.46 ± 2.48
2006-2010,C82_C85,C82_C85,NHL,EQI Cluster,Low-burden,5795,81106903,6.2681,0.083,6.1077,6.4316,6.27 ± 0.08
2006-2010,C82_C85,C82_C85,NHL,EQI Cluster,Mixed-burden,31128,428983518,6.4596,0.0368,6.3881,6.5318,6.46 ± 0.04
2006-2010,C82_C85,C82_C85,NHL,EQI Cluster,High-burden,65123,1008867606,6.4446,0.0254,6.3952,6.4943,6.44 ± 0.03
2006-2010,C82_C85,C82_C85,NHL,EQI Cluster,National,102061,1519222141,6.4357,0.0202,6.3963,6.4754,6.44 ± 0.02
2006-2010,C82_C85,C82_C85,NHL,EQI Cluster,Unclassified,15,264114,7.3718,1.9494,4.1259,12.1586,7.37 ± 1.95
2006-2010,C82_C85,C82_C85,NHL,Land Use Cluster,Natural,37306,571554527,6.3763,0.0332,6.3118,6.4413,6.38 ± 0.03
2006-2010,C82_C85,C82_C85,NHL,Land Use Cluster,Water-sensitive,18972,249881527,6.3725,0.0465,6.2822,6.4639,6.37 ± 0.05
2006-2010,C82_C85,C82_C85,NHL,Land Use Cluster,Agricultural,18635,256231205,6.8497,0.0504,6.7517,6.9488,6.85 ± 0.05
2006-2010,C82_C85,C82_C85,NHL,Land Use Cluster,Urban,27138,441345687,6.2947,0.0385,6.22,6.37,6.29 ± 0.04
2006-2010,C82_C85,C82_C85,NHL,Land Use Cluster,National,102061,1519222141,6.4357,0.0202,6.3963,6.4754,6.44 ± 0.02
2006-2010,C82_C85,C82_C85,NHL,Land Use Cluster,Unclassified,10,209195,6.0252,1.9358,2.8893,11.0805,6.03 ± 1.94
2006-2010,C91_C95,C91_C95,Leukemia,EQI Cluster,Low-burden,6296,81106903,6.8985,0.0876,6.7291,7.071,6.90 ± 0.09
2006-2010,C91_C95,C91_C95,Leukemia,EQI Cluster,Mixed-burden,33520,428983518,7.0005,0.0384,6.9258,7.0759,7.00 ± 0.04
2006-2010,C91_C95,C91_C95,Leukemia,EQI Cluster,High-burden,70868,1008867606,7.0335,0.0266,6.9818,7.0855,7.03 ± 0.03
2006-2010,C91_C95,C91_C95,Leukemia,EQI Cluster,National,110701,1519222141,7.0127,0.0212,6.9715,7.0542,7.01 ± 0.02
2006-2010,C91_C95,C91_C95,Leukemia,EQI Cluster,Unclassified,17,264114,7.742,1.9255,4.51,12.3957,7.74 ± 1.93
2006-2010,C91_C95,C91_C95,Leukemia,Land Use Cluster,Natural,40651,571554527,6.9755,0.0348,6.9079,7.0437,6.98 ± 0.03
2006-2010,C91_C95,C91_C95,Leukemia,Land Use Cluster,Water-sensitive,20312,249881527,6.891,0.0487,6.7966,6.9865,6.89 ± 0.05
2006-2010,C91_C95,C91_C95,Leukemia,Land Use Cluster,Agricultural,20105,256231205,7.4204,0.0526,7.3181,7.5237,7.42 ± 0.05
2006-2010,C91_C95,C91_C95,Leukemia,Land Use Cluster,Urban,29620,441345687,6.8875,0.0403,6.8092,6.9664,6.89 ± 0.04
2006-2010,C91_C95,C91_C95,Leukemia,Land Use Cluster,National,110701,1519222141,7.0127,0.0212,6.9715,7.0542,7.01 ± 0.02
2006-2010,C91_C95,C91_C95,Leukemia,Land Use Cluster,Unclassified,13,209195,8.158,2.292,4.3438,13.9505,8.16 ± 2.29
2006-2010,G10,G10,HD,EQI Cluster,Low-burden,266,81106903,0.2878,0.0179,0.2542,0.3245,0.29 ± 0.02
2006-2010,G10,G10,HD,EQI Cluster,Mixed-burden,1211,428983518,0.2556,0.0074,0.2414,0.2704,0.26 ± 0.01
2006-2010,G10,G10,HD,EQI Cluster,High-burden,2940,1008867606,0.2783,0.0052,0.2684,0.2886,0.28 ± 0.01
2006-2010,G10,G10,HD,EQI Cluster,National,4418,1519222141,0.272,0.0041,0.264,0.2801,0.27 ± 0.00
2006-2010,G10,G10,HD,EQI Cluster,Unclassified,1,264114,0.3169,0.3169,0.008,1.7655,0.32 ± 0.32
2006-2010,G10,G10,HD,Land Use Cluster,Natural,1761,571554527,0.2895,0.007,0.2761,0.3033,0.29 ± 0.01
2006-2010,G10,G10,HD,Land Use Cluster,Water-sensitive,644,249881527,0.2234,0.0089,0.2065,0.2413,0.22 ± 0.01
2006-2010,G10,G10,HD,Land Use Cluster,Agricultural,949,256231205,0.3458,0.0113,0.3241,0.3685,0.35 ± 0.01
2006-2010,G10,G10,HD,Land Use Cluster,Urban,1064,441345687,0.2354,0.0073,0.2215,0.25,0.24 ± 0.01
2006-2010,G10,G10,HD,Land Use Cluster,National,4418,1519222141,0.272,0.0041,0.264,0.2801,0.27 ± 0.00
2006-2010,G10,G10,HD,Land Use Cluster,Unclassified,0,209195,0.0,0.0,0.0,0.0,0.00 ± 0.00
2006-2010,G12.2,G12.2,ALS,EQI Cluster,Low-burden,1537,81106903,1.611,0.0415,1.5314,1.6936,1.61 ± 0.04
2006-2010,G12.2,G12.2,ALS,EQI Cluster,Mixed-burden,8667,428983518,1.7952,0.0194,1.7576,1.8334,1.80 ± 0.02
2006-2010,G12.2,G12.2,ALS,EQI Cluster,High-burden,21003,1008867606,2.0488,0.0142,2.0212,2.0767,2.05 ± 0.01
2006-2010,G12.2,G12.2,ALS,EQI Cluster,National,31212,1519222141,1.9455,0.0111,1.924,1.9672,1.95 ± 0.01
2006-2010,G12.2,G12.2,ALS,EQI Cluster,Unclassified,5,264114,2.1154,0.9658,0.6869,4.9365,2.12 ± 0.97
2006-2010,G12.2,G12.2,ALS,Land Use Cluster,Natural,11777,571554527,1.9631,0.0182,1.9278,1.9989,1.96 ± 0.02
2006-2010,G12.2,G12.2,ALS,Land Use Cluster,Water-sensitive,5707,249881527,1.9181,0.0255,1.8687,1.9685,1.92 ± 0.03
2006-2010,G12.2,G12.2,ALS,Land Use Cluster,Agricultural,5896,256231205,2.1637,0.0283,2.1088,2.2197,2.16 ± 0.03
2006-2010,G12.2,G12.2,ALS,Land Use Cluster,Urban,7832,441345687,1.8058,0.0206,1.766,1.8463,1.81 ± 0.02
2006-2010,G12.2,G12.2,ALS,Land Use Cluster,National,31212,1519222141,1.9455,0.0111,1.924,1.9672,1.95 ± 0.01
2006-2010,G12.2,G12.2,ALS,Land Use Cluster,Unclassified,0,209195,0.0,0.0,0.0,0.0,0.00 ± 0.00
2006-2010,G20,G20,PD,EQI Cluster,Low-burden,4595,81106903,5.1849,0.0766,5.036,5.337,5.18 ± 0.08
2006-2010,G20,G20,PD,EQI Cluster,Mixed-burden,30137,428983518,6.2106,0.0359,6.1407,6.2811,6.21 ± 0.04
2006-2010,G20,G20,PD,EQI Cluster,High-burden,67136,1008867606,6.8226,0.0264,6.7711,6.8744,6.82 ± 0.03
2006-2010,G20,G20,PD,EQI Cluster,National,101880,1519222141,6.5388,0.0205,6.4987,6.579,6.54 ± 0.02
2006-2010,G20,G20,PD,EQI Cluster,Unclassified,12,264114,6.7293,1.9443,3.4771,11.7547,6.73 ± 1.94
2006-2010,G20,G20,PD,Land Use Cluster,Natural,37959,571554527,6.7396,0.0347,6.672,6.8078,6.74 ± 0.03
2006-2010,G20,G20,PD,Land Use Cluster,Water-sensitive,19075,249881527,6.3207,0.0458,6.2313,6.4111,6.32 ± 0.05
2006-2010,G20,G20,PD,Land Use Cluster,Agricultural,19057,256231205,7.043,0.0512,6.9433,7.1437,7.04 ± 0.05
2006-2010,G20,G20,PD,Land Use Cluster,Urban,25780,441345687,6.106,0.0382,6.0317,6.181,6.11 ± 0.04
2006-2010,G20,G20,PD,Land Use Cluster,National,101880,1519222141,6.5388,0.0205,6.4987,6.579,6.54 ± 0.02
2006-2010,G20,G20,PD,Land Use Cluster,Unclassified,9,209195,5.9592,1.9951,2.7249,11.3124,5.96 ± 2.00
2006-2010,G20_G30_G12.2_F01_F03,G20_G30_G12.2_F01_F03,NDD,EQI Cluster,Low-burden,49616,81106909,56.4595,0.2539,55.9638,56.9585,56.46 ± 0.25
2006-2010,G20_G30_G12.2_F01_F03,G20_G30_G12.2_F01_F03,NDD,EQI Cluster,Mixed-burden,281594,428983518,56.5887,0.1069,56.3798,56.7981,56.59 ± 0.11
2006-2010,G20_G30_G12.2_F01_F03,G20_G30_G12.2_F01_F03,NDD,EQI Cluster,High-burden,648149,1008867606,64.0854,0.0798,63.9295,64.2416,64.09 ± 0.08
2006-2010,G20_G30_G12.2_F01_F03,G20_G30_G12.2_F01_F03,NDD,EQI Cluster,National,979496,1519222147,61.3281,0.0621,61.2067,61.4497,61.33 ± 0.06
2006-2010,G20_G30_G12.2_F01_F03,G20_G30_G12.2_F01_F03,NDD,EQI Cluster,Unclassified,137,264114,77.3555,6.6306,64.945,91.4468,77.36 ± 6.63
2006-2010,G20_G30_G12.2_F01_F03,G20_G30_G12.2_F01_F03,NDD,Land Use Cluster,Natural,367657,571554533,64.3976,0.1064,64.1896,64.6061,64.40 ± 0.11
2006-2010,G20_G30_G12.2_F01_F03,G20_G30_G12.2_F01_F03,NDD,Land Use Cluster,Water-sensitive,180858,249881527,58.6667,0.1382,58.3966,58.9377,58.67 ± 0.14
2006-2010,G20_G30_G12.2_F01_F03,G20_G30_G12.2_F01_F03,NDD,Land Use Cluster,Agricultural,182362,256231205,65.1911,0.1532,64.8922,65.491,65.19 ± 0.15
2006-2010,G20_G30_G12.2_F01_F03,G20_G30_G12.2_F01_F03,NDD,Land Use Cluster,Urban,248560,441345687,56.7711,0.1143,56.5481,56.9947,56.77 ± 0.11
2006-2010,G20_G30_G12.2_F01_F03,G20_G30_G12.2_F01_F03,NDD,Land Use Cluster,National,979496,1519222147,61.3281,0.0621,61.2067,61.4497,61.33 ± 0.06
2006-2010,G20_G30_G12.2_F01_F03,G20_G30_G12.2_F01_F03,NDD,Land Use Cluster,Unclassified,59,209195,37.1237,4.8596,28.2603,47.8869,37.12 ± 4.86
2006-2010,G30_F01_F03,G30_F01_F03,Dementia,EQI Cluster,Low-burden,43218,81106909,49.3759,0.2377,48.9114,49.8436,49.38 ± 0.24
2006-2010,G30_F01_F03,G30_F01_F03,Dementia,EQI Cluster,Mixed-burden,241579,428983518,48.3273,0.0985,48.1348,48.5204,48.33 ± 0.10
2006-2010,G30_F01_F03,G30_F01_F03,Dementia,EQI Cluster,High-burden,557070,1008867606,54.9357,0.0738,54.7915,55.0801,54.94 ± 0.07
2006-2010,G30_F01_F03,G30_F01_F03,Dementia,EQI Cluster,National,841986,1519222147,52.5719,0.0574,52.4597,52.6844,52.57 ± 0.06
2006-2010,G30_F01_F03,G30_F01_F03,Dementia,EQI Cluster,Unclassified,119,264114,68.1939,6.2571,56.493,81.6042,68.19 ± 6.26
2006-2010,G30_F01_F03,G30_F01_F03,Dementia,Land Use Cluster,Natural,316160,571554533,55.4054,0.0987,55.2125,55.5989,55.41 ± 0.10
2006-2010,G30_F01_F03,G30_F01_F03,Dementia,Land Use Cluster,Water-sensitive,155432,249881527,50.2045,0.1275,49.9552,50.4547,50.20 ± 0.13
2006-2010,G30_F01_F03,G30_F01_F03,Dementia,Land Use Cluster,Agricultural,156460,256231205,55.6387,0.1412,55.3633,55.915,55.64 ± 0.14
2006-2010,G30_F01_F03,G30_F01_F03,Dementia,Land Use Cluster,Urban,213884,441345687,48.6239,0.1055,48.418,48.8304,48.62 ± 0.11
2006-2010,G30_F01_F03,G30_F01_F03,Dementia,Land Use Cluster,National,841986,1519222147,52.5719,0.0574,52.4597,52.6844,52.57 ± 0.06
2006-2010,G30_F01_F03,G30_F01_F03,Dementia,Land Use Cluster,Unclassified,50,209195,31.1645,4.4311,23.1309,41.0866,31.16 ± 4.43
2006-2010,I00_I99,I00_I99,CVD,EQI Cluster,Low-burden,263065,81106908,290.6603,0.5701,289.5506,291.7732,290.66 ± 0.57
2006-2010,I00_I99,I00_I99,CVD,EQI Cluster,Mixed-burden,1270925,428983518,258.9527,0.2306,258.5026,259.4033,258.95 ± 0.23
2006-2010,I00_I99,I00_I99,CVD,EQI Cluster,High-burden,2477513,1008867606,242.9602,0.1551,242.6578,243.2629,242.96 ± 0.16
2006-2010,I00_I99,I00_I99,CVD,EQI Cluster,National,4011828,1519222146,250.466,0.1256,250.221,250.7113,250.47 ± 0.13
2006-2010,I00_I99,I00_I99,CVD,EQI Cluster,Unclassified,325,264114,167.8774,9.466,150.12,187.1577,167.88 ± 9.47
2006-2010,I00_I99,I00_I99,CVD,Land Use Cluster,Natural,1479118,571554527,253.7378,0.2095,253.329,254.147,253.74 ± 0.21
2006-2010,I00_I99,I00_I99,CVD,Land Use Cluster,Water-sensitive,726987,249881532,239.9555,0.2826,239.4042,240.5077,239.96 ± 0.28
2006-2010,I00_I99,I00_I99,CVD,Land Use Cluster,Agricultural,705999,256231205,254.6592,0.3046,254.0655,255.2539,254.66 ± 0.30
2006-2010,I00_I99,I00_I99,CVD,Land Use Cluster,Urban,1099258,441345687,250.961,0.2408,250.492,251.4306,250.96 ± 0.24
2006-2010,I00_I99,I00_I99,CVD,Land Use Cluster,National,4011828,1519222146,250.466,0.1256,250.221,250.7113,250.47 ± 0.13
2006-2010,I00_I99,I00_I99,CVD,Land Use Cluster,Unclassified,466,209195,273.6832,12.8863,249.3953,299.6973,273.68 ± 12.89
2006-2010,I10_I15,I10_I15,HD,EQI Cluster,Low-burden,16017,81106903,17.8687,0.1422,17.593,18.1476,17.87 ± 0.14
2006-2010,I10_I15,I10_I15,HD,EQI Cluster,Mixed-burden,97132,428983518,19.82,0.0639,19.6956,19.945,19.82 ± 0.06
2006-2010,I10_I15,I10_I15,HD,EQI Cluster,High-burden,186890,1008867606,18.1374,0.0422,18.0552,18.2198,18.14 ± 0.04
2006-2010,I10_I15,I10_I15,HD,EQI Cluster,National,300048,1519222141,18.6082,0.0341,18.5416,18.6749,18.61 ± 0.03
2006-2010,I10_I15,I10_I15,HD,EQI Cluster,Unclassified,9,264114,4.5674,1.555,2.0885,8.6703,4.57 ± 1.55
2006-2010,I10_I15,I10_I15,HD,Land Use Cluster,Natural,105862,571554527,18.0649,0.0558,17.9562,18.1741,18.06 ± 0.06
2006-2010,I10_I15,I10_I15,HD,Land Use Cluster,Water-sensitive,55615,249881527,18.4393,0.0786,18.2863,18.5932,18.44 ± 0.08
2006-2010,I10_I15,I10_I15,HD,Land Use Cluster,Agricultural,44671,256231205,16.0005,0.0761,15.8525,16.1496,16.00 ± 0.08
2006-2010,I10_I15,I10_I15,HD,Land Use Cluster,Urban,93878,441345687,21.1557,0.0695,21.0206,21.2915,21.16 ± 0.07
2006-2010,I10_I15,I10_I15,HD,Land Use Cluster,National,300048,1519222141,18.6082,0.0341,18.5416,18.6749,18.61 ± 0.03
2006-2010,I10_I15,I10_I15,HD,Land Use Cluster,Unclassified,22,209195,12.816,2.7679,8.0317,19.4036,12.82 ± 2.77
2006-2010,I20_I25,I20_I25,IHD,EQI Cluster,Low-burden,130401,81106903,143.0088,0.3986,142.2336,143.7871,143.01 ± 0.40
2006-2010,I20_I25,I20_I25,IHD,EQI Cluster,Mixed-burden,657492,428983518,133.677,0.1655,133.3541,134.0005,133.68 ± 0.17
2006-2010,I20_I25,I20_I25,IHD,EQI Cluster,High-burden,1213802,1008867606,118.7815,0.1084,118.5703,118.993,118.78 ± 0.11
2006-2010,I20_I25,I20_I25,IHD,EQI Cluster,National,2001861,1519222141,124.7241,0.0885,124.5514,124.897,124.72 ± 0.09
2006-2010,I20_I25,I20_I25,IHD,EQI Cluster,Unclassified,166,264114,84.5158,6.6798,72.1478,98.3956,84.52 ± 6.68
2006-2010,I20_I25,I20_I25,IHD,Land Use Cluster,Natural,723470,571554527,123.5294,0.1459,123.2449,123.8144,123.53 ± 0.15
2006-2010,I20_I25,I20_I25,IHD,Land Use Cluster,Water-sensitive,367084,249881527,120.8328,0.2002,120.4422,121.2243,120.83 ± 0.20
2006-2010,I20_I25,I20_I25,IHD,Land Use Cluster,Agricultural,342920,256231205,123.6643,0.2122,123.2507,124.0789,123.66 ± 0.21
2006-2010,I20_I25,I20_I25,IHD,Land Use Cluster,Urban,568181,441345687,129.7739,0.1732,129.4367,130.1118,129.77 ± 0.17
2006-2010,I20_I25,I20_I25,IHD,Land Use Cluster,National,2001861,1519222141,124.7241,0.0885,124.5514,124.897,124.72 ± 0.09
2006-2010,I20_I25,I20_I25,IHD,Land Use Cluster,Unclassified,206,209195,119.0235,8.445,103.324,136.4344,119.02 ± 8.45
2006-2010,I50,I50,HF,EQI Cluster,Low-burden,23736,81106903,26.6079,0.1733,26.2705,26.9486,26.61 ± 0.17
2006-2010,I50,I50,HF,EQI Cluster,Mixed-burden,84336,428983518,16.9873,0.0587,16.8729,17.1024,16.99 ± 0.06
2006-2010,I50,I50,HF,EQI Cluster,High-burden,179685,1008867606,17.669,0.0418,17.5874,17.7508,17.67 ± 0.04
2006-2010,I50,I50,HF,EQI Cluster,National,287778,1519222141,17.9445,0.0335,17.879,18.0102,17.94 ± 0.03
2006-2010,I50,I50,HF,EQI Cluster,Unclassified,21,264114,11.6238,2.551,7.1953,17.7682,11.62 ± 2.55
2006-2010,I50,I50,HF,Land Use Cluster,Natural,111219,571554527,19.2886,0.058,19.1754,19.4023,19.29 ± 0.06
2006-2010,I50,I50,HF,Land Use Cluster,Water-sensitive,45485,249881527,14.7961,0.0695,14.6604,14.9327,14.80 ± 0.07
2006-2010,I50,I50,HF,Land Use Cluster,Agricultural,58450,256231205,20.83,0.0865,20.6614,20.9995,20.83 ± 0.09
2006-2010,I50,I50,HF,Land Use Cluster,Urban,72591,441345687,16.5334,0.0617,16.4133,16.6541,16.53 ± 0.06
2006-2010,I50,I50,HF,Land Use Cluster,National,287778,1519222141,17.9445,0.0335,17.879,18.0102,17.94 ± 0.03
2006-2010,I50,I50,HF,Land Use Cluster,Unclassified,33,209195,20.2461,3.5597,13.9365,28.433,20.25 ± 3.56
2006-2010,I60_I69,I60_I69,Stroke,EQI Cluster,Low-burden,43450,81106903,48.3649,0.2332,47.9112,48.8219,48.36 ± 0.23
2006-2010,I60_I69,I60_I69,Stroke,EQI Cluster,Mixed-burden,195953,428983518,40.0076,0.0907,39.8307,40.1852,40.01 ± 0.09
2006-2010,I60_I69,I60_I69,Stroke,EQI Cluster,High-burden,425591,1008867606,42.0395,0.0647,41.9133,42.166,42.04 ± 0.06
2006-2010,I60_I69,I60_I69,Stroke,EQI Cluster,National,665056,1519222141,41.7426,0.0514,41.6423,41.843,41.74 ± 0.05
2006-2010,I60_I69,I60_I69,Stroke,EQI Cluster,Unclassified,62,264114,31.9716,4.1288,24.5125,40.9862,31.97 ± 4.13
2006-2010,I60_I69,I60_I69,Stroke,Land Use Cluster,Natural,251444,571554527,43.5211,0.0871,43.3512,43.6915,43.52 ± 0.09
2006-2010,I60_I69,I60_I69,Stroke,Land Use Cluster,Water-sensitive,117430,249881527,38.7911,0.1136,38.5696,39.0136,38.79 ± 0.11
2006-2010,I60_I69,I60_I69,Stroke,Land Use Cluster,Agricultural,123774,256231205,44.769,0.1278,44.52,45.0191,44.77 ± 0.13
2006-2010,I60_I69,I60_I69,Stroke,Land Use Cluster,Urban,172292,441345687,39.5574,0.0958,39.3708,39.7446,39.56 ± 0.10
2006-2010,I60_I69,I60_I69,Stroke,Land Use Cluster,National,665056,1519222141,41.7426,0.0514,41.6423,41.843,41.74 ± 0.05
2006-2010,I60_I69,I60_I69,Stroke,Land Use Cluster,Unclassified,116,209195,69.5742,6.5373,57.4905,83.4477,69.57 ± 6.54
2006-2010,J40_J42_J45_J46_J47_J60_J70,J40_J42_J45_J46_J47_J60_J70,Other CRD,EQI Cluster,Low-burden,7544,81106903,8.4784,0.0982,8.2881,8.6719,8.48 ± 0.10
2006-2010,J40_J42_J45_J46_J47_J60_J70,J40_J42_J45_J46_J47_J60_J70,Other CRD,EQI Cluster,Mixed-burden,32693,428983518,6.7087,0.0373,6.6362,6.7819,6.71 ± 0.04
2006-2010,J40_J42_J45_J46_J47_J60_J70,J40_J42_J45_J46_J47_J60_J70,Other CRD,EQI Cluster,High-burden,73264,1008867606,7.2325,0.0268,7.1803,7.2851,7.23 ± 0.03
2006-2010,J40_J42_J45_J46_J47_J60_J70,J40_J42_J45_J46_J47_J60_J70,Other CRD,EQI Cluster,National,113516,1519222141,7.1363,0.0213,7.0948,7.1779,7.14 ± 0.02
2006-2010,J40_J42_J45_J46_J47_J60_J70,J40_J42_J45_J46_J47_J60_J70,Other CRD,EQI Cluster,Unclassified,15,264114,8.6133,2.2246,4.8208,14.2063,8.61 ± 2.22
2006-2010,J40_J42_J45_J46_J47_J60_J70,J40_J42_J45_J46_J47_J60_J70,Other CRD,Land Use Cluster,Natural,41218,571554527,7.1469,0.0353,7.078,7.2162,7.15 ± 0.04
2006-2010,J40_J42_J45_J46_J47_J60_J70,J40_J42_J45_J46_J47_J60_J70,Other CRD,Land Use Cluster,Water-sensitive,18843,249881527,6.2717,0.0459,6.1825,6.3619,6.27 ± 0.05
2006-2010,J40_J42_J45_J46_J47_J60_J70,J40_J42_J45_J46_J47_J60_J70,Other CRD,Land Use Cluster,Agricultural,21293,256231205,7.7094,0.0531,7.6062,7.8137,7.71 ± 0.05
2006-2010,J40_J42_J45_J46_J47_J60_J70,J40_J42_J45_J46_J47_J60_J70,Other CRD,Land Use Cluster,Urban,32144,441345687,7.3507,0.0412,7.2705,7.4315,7.35 ± 0.04
2006-2010,J40_J42_J45_J46_J47_J60_J70,J40_J42_J45_J46_J47_J60_J70,Other CRD,Land Use Cluster,National,113516,1519222141,7.1363,0.0213,7.0948,7.1779,7.14 ± 0.02
2006-2010,J40_J42_J45_J46_J47_J60_J70,J40_J42_J45_J46_J47_J60_J70,Other CRD,Land Use Cluster,Unclassified,18,209195,10.7094,2.564,6.3471,16.9254,10.71 ± 2.56
2006-2010,J40_J47,J40_J47,J40_J47,EQI Cluster,Low-burden,47250,81106903,51.15,0.2366,50.6898,51.6133,51.15 ± 0.24
2006-2010,J40_J47,J40_J47,J40_J47,EQI Cluster,Mixed-burden,195290,428983518,40.2616,0.0914,40.0832,40.4406,40.26 ± 0.09
2006-2010,J40_J47,J40_J47,J40_J47,EQI Cluster,High-burden,425992,1008867606,42.5963,0.0656,42.4685,42.7244,42.60 ± 0.07
2006-2010,J40_J47,J40_J47,J40_J47,EQI Cluster,National,668624,1519222141,42.3634,0.052,42.2619,42.465,42.36 ± 0.05
2006-2010,J40_J47,J40_J47,J40_J47,EQI Cluster,Unclassified,92,264114,49.0734,5.1563,39.5601,60.1842,49.07 ± 5.16
2006-2010,J40_J47,J40_J47,J40_J47,Land Use Cluster,Natural,271652,571554527,46.8606,0.0903,46.6846,47.0372,46.86 ± 0.09
2006-2010,J40_J47,J40_J47,J40_J47,Land Use Cluster,Water-sensitive,117061,249881527,38.8714,0.1139,38.6491,39.0947,38.87 ± 0.11
2006-2010,J40_J47,J40_J47,J40_J47,Land Use Cluster,Agricultural,127782,256231205,47.0344,0.1321,46.7768,47.293,47.03 ± 0.13
2006-2010,J40_J47,J40_J47,J40_J47,Land Use Cluster,Urban,152041,441345687,35.7077,0.0921,35.5285,35.8877,35.71 ± 0.09
2006-2010,J40_J47,J40_J47,J40_J47,Land Use Cluster,National,668624,1519222141,42.3634,0.052,42.2619,42.465,42.36 ± 0.05
2006-2010,J40_J47,J40_J47,J40_J47,Land Use Cluster,Unclassified,88,209195,52.5866,5.6947,42.176,64.7882,52.59 ± 5.69
2006-2010,J40_J47_J60_J70_J84_D86,J40_J47_J60_J70_J84_D86,Non-cancer CRD,EQI Cluster,Low-burden,57980,81106903,63.0604,0.2633,62.5482,63.5759,63.06 ± 0.26
2006-2010,J40_J47_J60_J70_J84_D86,J40_J47_J60_J70_J84_D86,Non-cancer CRD,EQI Cluster,Mixed-burden,244375,428983518,50.328,0.1021,50.1287,50.5279,50.33 ± 0.10
2006-2010,J40_J47_J60_J70_J84_D86,J40_J47_J60_J70_J84_D86,Non-cancer CRD,EQI Cluster,High-burden,536794,1008867606,53.6068,0.0735,53.4634,53.7504,53.61 ± 0.07
2006-2010,J40_J47_J60_J70_J84_D86,J40_J47_J60_J70_J84_D86,Non-cancer CRD,EQI Cluster,National,839261,1519222141,53.1269,0.0582,53.0133,53.2407,53.13 ± 0.06
2006-2010,J40_J47_J60_J70_J84_D86,J40_J47_J60_J70_J84_D86,Non-cancer CRD,EQI Cluster,Unclassified,112,264114,60.15,5.7236,49.5273,72.3761,60.15 ± 5.72
2006-2010,J40_J47_J60_J70_J84_D86,J40_J47_J60_J70_J84_D86,Non-cancer CRD,Land Use Cluster,Natural,334264,571554527,57.7117,0.1002,57.5162,57.9077,57.71 ± 0.10
2006-2010,J40_J47_J60_J70_J84_D86,J40_J47_J60_J70_J84_D86,Non-cancer CRD,Land Use Cluster,Water-sensitive,147144,249881527,48.8503,0.1277,48.601,49.1006,48.85 ± 0.13
2006-2010,J40_J47_J60_J70_J84_D86,J40_J47_J60_J70_J84_D86,Non-cancer CRD,Land Use Cluster,Agricultural,159839,256231205,58.7075,0.1475,58.42,58.996,58.71 ± 0.15
2006-2010,J40_J47_J60_J70_J84_D86,J40_J47_J60_J70_J84_D86,Non-cancer CRD,Land Use Cluster,Urban,197909,441345687,46.3214,0.1047,46.1176,46.526,46.32 ± 0.10
2006-2010,J40_J47_J60_J70_J84_D86,J40_J47_J60_J70_J84_D86,Non-cancer CRD,Land Use Cluster,National,839261,1519222141,53.1269,0.0582,53.0133,53.2407,53.13 ± 0.06
2006-2010,J40_J47_J60_J70_J84_D86,J40_J47_J60_J70_J84_D86,Non-cancer CRD,Land Use Cluster,Unclassified,105,209195,62.9954,6.2448,51.524,76.2598,63.00 ± 6.24
2006-2010,J40_J47_J60_J70_J84_D86_C34,J40_J47_J60_J70_J84_D86_C34,CRD,EQI Cluster,Low-burden,112553,81106903,120.1874,0.3605,119.4863,120.8916,120.19 ± 0.36
2006-2010,J40_J47_J60_J70_J84_D86_C34,J40_J47_J60_J70_J84_D86_C34,CRD,EQI Cluster,Mixed-burden,489004,428983518,100.7158,0.1445,100.4337,100.9985,100.72 ± 0.14
2006-2010,J40_J47_J60_J70_J84_D86_C34,J40_J47_J60_J70_J84_D86_C34,CRD,EQI Cluster,High-burden,1029446,1008867606,101.9363,0.101,101.7394,102.1334,101.94 ± 0.10
2006-2010,J40_J47_J60_J70_J84_D86_C34,J40_J47_J60_J70_J84_D86_C34,CRD,EQI Cluster,National,1631191,1519222141,102.5694,0.0807,102.4121,102.727,102.57 ± 0.08
2006-2010,J40_J47_J60_J70_J84_D86_C34,J40_J47_J60_J70_J84_D86_C34,CRD,EQI Cluster,Unclassified,188,264114,96.3309,7.1257,83.0524,111.1286,96.33 ± 7.13
2006-2010,J40_J47_J60_J70_J84_D86_C34,J40_J47_J60_J70_J84_D86_C34,CRD,Land Use Cluster,Natural,628228,571554527,106.9983,0.1357,106.7339,107.2633,107.00 ± 0.14
2006-2010,J40_J47_J60_J70_J84_D86_C34,J40_J47_J60_J70_J84_D86_C34,CRD,Land Use Cluster,Water-sensitive,298113,249881527,99.0769,0.182,98.7216,99.4332,99.08 ± 0.18
2006-2010,J40_J47_J60_J70_J84_D86_C34,J40_J47_J60_J70_J84_D86_C34,CRD,Land Use Cluster,Agricultural,304838,256231205,111.7331,0.2033,111.3369,112.1305,111.73 ± 0.20
2006-2010,J40_J47_J60_J70_J84_D86_C34,J40_J47_J60_J70_J84_D86_C34,CRD,Land Use Cluster,Urban,399813,441345687,93.2274,0.1484,92.9386,93.5168,93.23 ± 0.15
2006-2010,J40_J47_J60_J70_J84_D86_C34,J40_J47_J60_J70_J84_D86_C34,CRD,Land Use Cluster,National,1631191,1519222141,102.5694,0.0807,102.4121,102.727,102.57 ± 0.08
2006-2010,J40_J47_J60_J70_J84_D86_C34,J40_J47_J60_J70_J84_D86_C34,CRD,Land Use Cluster,Unclassified,199,209195,117.0112,8.4451,101.3177,134.4469,117.01 ± 8.45
2006-2010,J43_J44,J43_J44,COPD,EQI Cluster,Low-burden,45792,81106903,49.4981,0.2325,49.0457,49.9535,49.50 ± 0.23
2006-2010,J43_J44,J43_J44,COPD,EQI Cluster,Mixed-burden,187874,428983518,38.6831,0.0895,38.5084,38.8584,38.68 ± 0.09
2006-2010,J43_J44,J43_J44,COPD,EQI Cluster,High-burden,409605,1008867606,40.9853,0.0643,40.8599,41.111,40.99 ± 0.06
2006-2010,J43_J44,J43_J44,COPD,EQI Cluster,National,643362,1519222141,40.7639,0.051,40.6643,40.8636,40.76 ± 0.05
2006-2010,J43_J44,J43_J44,COPD,EQI Cluster,Unclassified,91,264114,48.5143,5.1259,39.0607,59.5648,48.51 ± 5.13
2006-2010,J43_J44,J43_J44,COPD,Land Use Cluster,Natural,262394,571554527,45.2656,0.0888,45.0926,45.4391,45.27 ± 0.09
2006-2010,J43_J44,J43_J44,COPD,Land Use Cluster,Water-sensitive,112960,249881527,37.4433,0.1117,37.2253,37.6623,37.44 ± 0.11
2006-2010,J43_J44,J43_J44,COPD,Land Use Cluster,Agricultural,123507,256231205,45.4551,0.1299,45.2019,45.7093,45.46 ± 0.13
2006-2010,J43_J44,J43_J44,COPD,Land Use Cluster,Urban,144421,441345687,33.9819,0.0899,33.8069,34.1576,33.98 ± 0.09
2006-2010,J43_J44,J43_J44,COPD,Land Use Cluster,National,643362,1519222141,40.7639,0.051,40.6643,40.8636,40.76 ± 0.05
2006-2010,J43_J44,J43_J44,COPD,Land Use Cluster,Unclassified,80,209195,48.0557,5.4524,38.1052,59.8094,48.06 ± 5.45
2006-2010,J45,J45,Asthma,EQI Cluster,Low-burden,918,81106903,1.0389,0.0347,0.9727,1.1083,1.04 ± 0.03
2006-2010,J45,J45,Asthma,EQI Cluster,Mixed-burden,4684,428983518,1.0086,0.0149,0.9799,1.0379,1.01 ± 0.01
2006-2010,J45,J45,Asthma,EQI Cluster,High-burden,10203,1008867606,0.996,0.0099,0.9768,1.0155,1.00 ± 0.01
2006-2010,J45,J45,Asthma,EQI Cluster,National,15806,1519222141,0.9992,0.008,0.9837,1.0149,1.00 ± 0.01
2006-2010,J45,J45,Asthma,EQI Cluster,Unclassified,1,264114,0.5591,0.5591,0.0142,3.1153,0.56 ± 0.56
2006-2010,J45,J45,Asthma,Land Use Cluster,Natural,5769,571554527,0.9868,0.0131,0.9615,1.0126,0.99 ± 0.01
2006-2010,J45,J45,Asthma,Land Use Cluster,Water-sensitive,2423,249881527,0.8571,0.0176,0.8233,0.8919,0.86 ± 0.02
2006-2010,J45,J45,Asthma,Land Use Cluster,Agricultural,2601,256231205,0.9645,0.0191,0.9278,1.0023,0.96 ± 0.02
2006-2010,J45,J45,Asthma,Land Use Cluster,Urban,5011,441345687,1.1258,0.016,1.0948,1.1574,1.13 ± 0.02
2006-2010,J45,J45,Asthma,Land Use Cluster,National,15806,1519222141,0.9992,0.008,0.9837,1.0149,1.00 ± 0.01
2006-2010,J45,J45,Asthma,Land Use Cluster,Unclassified,2,209195,1.3588,0.9623,0.1646,4.9083,1.36 ± 0.96
2006-2010,J60-J70,J60-J70,J60_J70,EQI Cluster,Low-burden,33,37369182,0.045,0.0078,0.031,0.0632,0.04 ± 0.01
2006-2010,J60-J70,J60-J70,J60_J70,EQI Cluster,Mixed-burden,230,198873442,0.0548,0.0036,0.048,0.0624,0.05 ± 0.00
2006-2010,J60-J70,J60-J70,J60_J70,EQI Cluster,High-burden,473,485740262,0.0472,0.0022,0.043,0.0516,0.05 ± 0.00
2006-2010,J60-J70,J60-J70,J60_J70,EQI Cluster,National,736,722108332,0.0491,0.0018,0.0457,0.0528,0.05 ± 0.00
2006-2010,J60-J70,J60-J70,J60_J70,EQI Cluster,Unclassified,0,125446,0.0,0.0,0.0,0.0,0.00 ± 0.00
2006-2010,J60-J70,J60-J70,J60_J70,Land Use Cluster,Natural,287,273126412,0.0511,0.003,0.0454,0.0574,0.05 ± 0.00
2006-2010,J60-J70,J60-J70,J60_J70,Land Use Cluster,Water-sensitive,130,110940887,0.0569,0.005,0.0476,0.0676,0.06 ± 0.00
2006-2010,J60-J70,J60-J70,J60_J70,Land Use Cluster,Agricultural,134,122362775,0.0545,0.0047,0.0456,0.0645,0.05 ± 0.00
2006-2010,J60-J70,J60-J70,J60_J70,Land Use Cluster,Urban,185,215565690,0.0402,0.003,0.0346,0.0464,0.04 ± 0.00
2006-2010,J60-J70,J60-J70,J60_J70,Land Use Cluster,National,736,722108332,0.0491,0.0018,0.0457,0.0528,0.05 ± 0.00
2006-2010,J60-J70,J60-J70,J60_J70,Land Use Cluster,Unclassified,0,112568,0.0,0.0,0.0,0.0,0.00 ± 0.00
2006-2010,J60_J66,J60_J66,Pneumoconiosis,EQI Cluster,Low-burden,711,81106903,0.7726,0.0291,0.7169,0.8316,0.77 ± 0.03
2006-2010,J60_J66,J60_J66,Pneumoconiosis,EQI Cluster,Mixed-burden,1470,428983518,0.302,0.0079,0.2867,0.3178,0.30 ± 0.01
2006-2010,J60_J66,J60_J66,Pneumoconiosis,EQI Cluster,High-burden,2165,1008867606,0.2197,0.0047,0.2105,0.2291,0.22 ± 0.00
2006-2010,J60_J66,J60_J66,Pneumoconiosis,EQI Cluster,National,4347,1519222141,0.2778,0.0042,0.2696,0.2861,0.28 ± 0.00
2006-2010,J60_J66,J60_J66,Pneumoconiosis,EQI Cluster,Unclassified,1,264114,0.5591,0.5591,0.0142,3.1153,0.56 ± 0.56
2006-2010,J60_J66,J60_J66,Pneumoconiosis,Land Use Cluster,Natural,2383,571554527,0.4154,0.0085,0.3989,0.4324,0.42 ± 0.01
2006-2010,J60_J66,J60_J66,Pneumoconiosis,Land Use Cluster,Water-sensitive,739,249881527,0.2465,0.0091,0.2291,0.2649,0.25 ± 0.01
2006-2010,J60_J66,J60_J66,Pneumoconiosis,Land Use Cluster,Agricultural,512,256231205,0.1901,0.0084,0.174,0.2073,0.19 ± 0.01
2006-2010,J60_J66,J60_J66,Pneumoconiosis,Land Use Cluster,Urban,713,441345687,0.1699,0.0064,0.1577,0.1828,0.17 ± 0.01
2006-2010,J60_J66,J60_J66,Pneumoconiosis,Land Use Cluster,National,4347,1519222141,0.2778,0.0042,0.2696,0.2861,0.28 ± 0.00
2006-2010,J60_J66,J60_J66,Pneumoconiosis,Land Use Cluster,Unclassified,0,209195,0.0,0.0,0.0,0.0,0.00 ± 0.00
2006-2010,J60_J70,J60_J70,J60_J70,EQI Cluster,Low-burden,6057,43737721,6.7866,0.0875,6.6168,6.9597,6.79 ± 0.09
2006-2010,J60_J70,J60_J70,J60_J70,EQI Cluster,Mixed-burden,25047,230110076,5.0754,0.0322,5.0128,5.1387,5.08 ± 0.03
2006-2010,J60_J70,J60_J70,J60_J70,EQI Cluster,High-burden,56404,523127344,5.5744,0.0236,5.5285,5.6206,5.57 ± 0.02
2006-2010,J60_J70,J60_J70,J60_J70,EQI Cluster,National,87522,797113809,5.4879,0.0186,5.4516,5.5244,5.49 ± 0.02
2006-2010,J60_J70,J60_J70,J60_J70,EQI Cluster,Unclassified,14,138668,8.0542,2.1532,4.4033,13.5135,8.05 ± 2.15
2006-2010,J60_J70,J60_J70,J60_J70,Land Use Cluster,Natural,31675,298428115,5.5011,0.031,5.4407,5.562,5.50 ± 0.03
2006-2010,J60_J70,J60_J70,J60_J70,Land Use Cluster,Water-sensitive,14612,138940640,4.7867,0.0397,4.7094,4.8649,4.79 ± 0.04
2006-2010,J60_J70,J60_J70,J60_J70,Land Use Cluster,Agricultural,16886,133868430,6.0765,0.047,5.9852,6.1688,6.08 ± 0.05
2006-2010,J60_J70,J60_J70,J60_J70,Land Use Cluster,Urban,24339,225779997,5.5847,0.036,5.5147,5.6553,5.58 ± 0.04
2006-2010,J60_J70,J60_J70,J60_J70,Land Use Cluster,National,87522,797113809,5.4879,0.0186,5.4516,5.5244,5.49 ± 0.02
2006-2010,J60_J70,J60_J70,J60_J70,Land Use Cluster,Unclassified,10,96627,6.1784,1.968,2.9628,11.3624,6.18 ± 1.97
2006-2010,J84_D86,J84_D86,ILD,EQI Cluster,Low-burden,4644,81106903,5.084,0.0751,4.9388,5.2324,5.08 ± 0.08
2006-2010,J84_D86,J84_D86,ILD,EQI Cluster,Mixed-burden,23808,428983518,4.9361,0.0321,4.8736,4.9992,4.94 ± 0.03
2006-2010,J84_D86,J84_D86,ILD,EQI Cluster,High-burden,53925,1008867606,5.3889,0.0233,5.3435,5.4346,5.39 ± 0.02
2006-2010,J84_D86,J84_D86,ILD,EQI Cluster,National,82383,1519222141,5.2267,0.0183,5.1911,5.2626,5.23 ± 0.02
2006-2010,J84_D86,J84_D86,ILD,EQI Cluster,Unclassified,6,264114,3.0224,1.2392,1.1092,6.5785,3.02 ± 1.24
2006-2010,J84_D86,J84_D86,ILD,Land Use Cluster,Natural,30652,571554527,5.2992,0.0304,5.2401,5.3589,5.30 ± 0.03
2006-2010,J84_D86,J84_D86,ILD,Land Use Cluster,Water-sensitive,15341,249881527,5.1353,0.0416,5.0544,5.2172,5.14 ± 0.04
2006-2010,J84_D86,J84_D86,ILD,Land Use Cluster,Agricultural,15039,256231205,5.543,0.0454,5.4548,5.6323,5.54 ± 0.05
2006-2010,J84_D86,J84_D86,ILD,Land Use Cluster,Urban,21344,441345687,4.9889,0.0344,4.9222,5.0563,4.99 ± 0.03
2006-2010,J84_D86,J84_D86,ILD,Land Use Cluster,National,82383,1519222141,5.2267,0.0183,5.1911,5.2626,5.23 ± 0.02
2006-2010,J84_D86,J84_D86,ILD,Land Use Cluster,Unclassified,7,209195,4.2304,1.6417,1.7008,8.7162,4.23 ± 1.64
2006-2010,K70,K70,Alcoholic,EQI Cluster,Low-burden,4393,81106903,4.883,0.0751,4.7396,5.0296,4.88 ± 0.08
2006-2010,K70,K70,Alcoholic,EQI Cluster,Mixed-burden,18973,428983518,3.9788,0.0292,3.9224,4.0358,3.98 ± 0.03
2006-2010,K70,K70,Alcoholic,EQI Cluster,High-burden,49927,1008867606,4.6355,0.0209,4.5949,4.6763,4.64 ± 0.02
2006-2010,K70,K70,Alcoholic,EQI Cluster,National,73305,1519222141,4.4559,0.0166,4.4237,4.4883,4.46 ± 0.02
2006-2010,K70,K70,Alcoholic,EQI Cluster,Unclassified,12,264114,4.0263,1.1749,2.0804,7.0331,4.03 ± 1.17
2006-2010,K70,K70,Alcoholic,Land Use Cluster,Natural,34590,571554527,5.6047,0.0304,5.5458,5.6641,5.60 ± 0.03
2006-2010,K70,K70,Alcoholic,Land Use Cluster,Water-sensitive,11999,249881527,4.1681,0.0385,4.0939,4.2434,4.17 ± 0.04
2006-2010,K70,K70,Alcoholic,Land Use Cluster,Agricultural,9956,256231205,3.6036,0.0365,3.5332,3.6751,3.60 ± 0.04
2006-2010,K70,K70,Alcoholic,Land Use Cluster,Urban,16710,441345687,3.6085,0.0281,3.5539,3.6636,3.61 ± 0.03
2006-2010,K70,K70,Alcoholic,Land Use Cluster,National,73305,1519222141,4.4559,0.0166,4.4237,4.4883,4.46 ± 0.02
2006-2010,K70,K70,Alcoholic,Land Use Cluster,Unclassified,50,209195,26.3709,3.7935,19.573,34.7668,26.37 ± 3.79
2006-2010,K70_K76,K70_K76,Non-cancer CLD,EQI Cluster,Low-burden,14073,81106903,15.2552,0.1306,15.0041,15.5093,15.26 ± 0.13
2006-2010,K70_K76,K70_K76,Non-cancer CLD,EQI Cluster,Mixed-burden,56329,428983518,11.7169,0.0498,11.6204,11.8141,11.72 ± 0.05
2006-2010,K70_K76,K70_K76,Non-cancer CLD,EQI Cluster,High-burden,129457,1008867606,12.1869,0.0342,12.1206,12.2535,12.19 ± 0.03
2006-2010,K70_K76,K70_K76,Non-cancer CLD,EQI Cluster,National,199884,1519222141,12.2147,0.0275,12.1612,12.2684,12.21 ± 0.03
2006-2010,K70_K76,K70_K76,Non-cancer CLD,EQI Cluster,Unclassified,25,264114,9.412,1.9521,6.091,13.894,9.41 ± 1.95
2006-2010,K70_K76,K70_K76,Non-cancer CLD,Land Use Cluster,Natural,81888,571554527,13.3742,0.0472,13.2828,13.4661,13.37 ± 0.05
2006-2010,K70_K76,K70_K76,Non-cancer CLD,Land Use Cluster,Water-sensitive,36262,249881527,12.3958,0.0657,12.2686,12.5241,12.40 ± 0.07
2006-2010,K70_K76,K70_K76,Non-cancer CLD,Land Use Cluster,Agricultural,30604,256231205,11.0846,0.0639,10.9607,11.2095,11.08 ± 0.06
2006-2010,K70_K76,K70_K76,Non-cancer CLD,Land Use Cluster,Urban,51045,441345687,11.2276,0.0501,11.1304,11.3254,11.23 ± 0.05
2006-2010,K70_K76,K70_K76,Non-cancer CLD,Land Use Cluster,National,199884,1519222141,12.2147,0.0275,12.1612,12.2684,12.21 ± 0.03
2006-2010,K70_K76,K70_K76,Non-cancer CLD,Land Use Cluster,Unclassified,85,209195,43.5643,4.8089,34.7976,53.868,43.56 ± 4.81
2006-2010,K70_K76_C22,K70_K76_C22,CLD,EQI Cluster,Low-burden,19532,81106903,21.0215,0.1525,20.7277,21.3184,21.02 ± 0.15
2006-2010,K70_K76_C22,K70_K76_C22,CLD,EQI Cluster,Mixed-burden,84037,428983518,17.3746,0.0604,17.2573,17.4925,17.37 ± 0.06
2006-2010,K70_K76_C22,K70_K76_C22,CLD,EQI Cluster,High-burden,187731,1008867606,17.7527,0.0413,17.6725,17.8332,17.75 ± 0.04
2006-2010,K70_K76_C22,K70_K76_C22,CLD,EQI Cluster,National,291331,1519222141,17.8143,0.0333,17.7496,17.8791,17.81 ± 0.03
2006-2010,K70_K76_C22,K70_K76_C22,CLD,EQI Cluster,Unclassified,31,264114,11.8261,2.2068,8.0352,16.7862,11.83 ± 2.21
2006-2010,K70_K76_C22,K70_K76_C22,CLD,Land Use Cluster,Natural,115276,571554527,18.8722,0.0561,18.7634,18.9814,18.87 ± 0.06
2006-2010,K70_K76_C22,K70_K76_C22,CLD,Land Use Cluster,Water-sensitive,53287,249881527,18.0461,0.0788,17.8932,18.2,18.05 ± 0.08
2006-2010,K70_K76_C22,K70_K76_C22,CLD,Land Use Cluster,Agricultural,44204,256231205,15.9812,0.0766,15.8326,16.1309,15.98 ± 0.08
2006-2010,K70_K76_C22,K70_K76_C22,CLD,Land Use Cluster,Urban,78473,441345687,17.3741,0.0626,17.2527,17.496,17.37 ± 0.06
2006-2010,K70_K76_C22,K70_K76_C22,CLD,Land Use Cluster,National,291331,1519222141,17.8143,0.0333,17.7496,17.8791,17.81 ± 0.03
2006-2010,K70_K76_C22,K70_K76_C22,CLD,Land Use Cluster,Unclassified,91,209195,46.9154,5.0039,37.7733,57.6017,46.92 ± 5.00
2006-2010,K71,K71,K71,EQI Cluster,Low-burden,5,81106903,0.0056,0.0025,0.0018,0.0131,0.01 ± 0.00
2006-2010,K71,K71,K71,EQI Cluster,Mixed-burden,16,428983518,0.0033,0.0008,0.0019,0.0054,0.00 ± 0.00
2006-2010,K71,K71,K71,EQI Cluster,High-burden,40,1008867606,0.004,0.0006,0.0029,0.0055,0.00 ± 0.00
2006-2010,K71,K71,K71,EQI Cluster,National,61,1519222141,0.0039,0.0005,0.003,0.005,0.00 ± 0.00
2006-2010,K71,K71,K71,EQI Cluster,Unclassified,0,264114,0.0,0.0,0.0,0.0,0.00 ± 0.00
2006-2010,K71,K71,K71,Land Use Cluster,Natural,21,571554527,0.0036,0.0008,0.0022,0.0055,0.00 ± 0.00
2006-2010,K71,K71,K71,Land Use Cluster,Water-sensitive,12,249881527,0.0046,0.0014,0.0024,0.0081,0.00 ± 0.00
2006-2010,K71,K71,K71,Land Use Cluster,Agricultural,10,256231205,0.0039,0.0012,0.0019,0.0072,0.00 ± 0.00
2006-2010,K71,K71,K71,Land Use Cluster,Urban,18,441345687,0.0041,0.001,0.0024,0.0065,0.00 ± 0.00
2006-2010,K71,K71,K71,Land Use Cluster,National,61,1519222141,0.0039,0.0005,0.003,0.005,0.00 ± 0.00
2006-2010,K71,K71,K71,Land Use Cluster,Unclassified,0,209195,0.0,0.0,0.0,0.0,0.00 ± 0.00
2006-2010,K71_K73_K74,K71_K73_K74,Toxic & chronic,EQI Cluster,Low-burden,6076,81106903,6.4802,0.0842,6.3183,6.6452,6.48 ± 0.08
2006-2010,K71_K73_K74,K71_K73_K74,Toxic & chronic,EQI Cluster,Mixed-burden,22013,428983518,4.5496,0.0309,4.4897,4.6101,4.55 ± 0.03
2006-2010,K71_K73_K74,K71_K73_K74,Toxic & chronic,EQI Cluster,High-burden,47540,1008867606,4.5243,0.0209,4.4838,4.5652,4.52 ± 0.02
2006-2010,K71_K73_K74,K71_K73_K74,Toxic & chronic,EQI Cluster,National,75636,1519222141,4.6376,0.017,4.6046,4.6708,4.64 ± 0.02
2006-2010,K71_K73_K74,K71_K73_K74,Toxic & chronic,EQI Cluster,Unclassified,7,264114,3.2434,1.2714,1.304,6.6826,3.24 ± 1.27
2006-2010,K71_K73_K74,K71_K73_K74,Toxic & chronic,Land Use Cluster,Natural,28066,571554527,4.6128,0.0278,4.559,4.6671,4.61 ± 0.03
2006-2010,K71_K73_K74,K71_K73_K74,Toxic & chronic,Land Use Cluster,Water-sensitive,14887,249881527,5.0274,0.0415,4.9469,5.1088,5.03 ± 0.04
2006-2010,K71_K73_K74,K71_K73_K74,Toxic & chronic,Land Use Cluster,Agricultural,12500,256231205,4.5325,0.0408,4.4534,4.6127,4.53 ± 0.04
2006-2010,K71_K73_K74,K71_K73_K74,Toxic & chronic,Land Use Cluster,Urban,20168,441345687,4.4884,0.0319,4.4266,4.5508,4.49 ± 0.03
2006-2010,K71_K73_K74,K71_K73_K74,Toxic & chronic,Land Use Cluster,National,75636,1519222141,4.6376,0.017,4.6046,4.6708,4.64 ± 0.02
2006-2010,K71_K73_K74,K71_K73_K74,Toxic & chronic,Land Use Cluster,Unclassified,15,209195,6.9863,1.8266,3.9102,11.5229,6.99 ± 1.83
2006-2010,K72_K75,K72_K75,Other CLD,EQI Cluster,Low-burden,1814,81106903,1.962,0.0467,1.8727,2.0544,1.96 ± 0.05
2006-2010,K72_K75,K72_K75,Other CLD,EQI Cluster,Mixed-burden,7251,428983518,1.5119,0.0179,1.4773,1.5472,1.51 ± 0.02
2006-2010,K72_K75,K72_K75,Other CLD,EQI Cluster,High-burden,14903,1008867606,1.4187,0.0117,1.396,1.4416,1.42 ± 0.01
2006-2010,K72_K75,K72_K75,Other CLD,EQI Cluster,National,23971,1519222141,1.4754,0.0096,1.4568,1.4942,1.48 ± 0.01
2006-2010,K72_K75,K72_K75,Other CLD,EQI Cluster,Unclassified,3,264114,1.1925,0.7164,0.2459,3.485,1.19 ± 0.72
2006-2010,K72_K75,K72_K75,Other CLD,Land Use Cluster,Natural,8878,571554527,1.4652,0.0157,1.4349,1.496,1.47 ± 0.02
2006-2010,K72_K75,K72_K75,Other CLD,Land Use Cluster,Water-sensitive,4369,249881527,1.4957,0.0229,1.4517,1.5407,1.50 ± 0.02
2006-2010,K72_K75,K72_K75,Other CLD,Land Use Cluster,Agricultural,4171,256231205,1.5147,0.0236,1.4691,1.5614,1.51 ± 0.02
2006-2010,K72_K75,K72_K75,Other CLD,Land Use Cluster,Urban,6548,441345687,1.4553,0.0181,1.4202,1.491,1.46 ± 0.02
2006-2010,K72_K75,K72_K75,Other CLD,Land Use Cluster,National,23971,1519222141,1.4754,0.0096,1.4568,1.4942,1.48 ± 0.01
2006-2010,K72_K75,K72_K75,Other CLD,Land Use Cluster,Unclassified,5,209195,2.5841,1.1774,0.839,6.0304,2.58 ± 1.18
2006-2010,K73,K73,K73,EQI Cluster,Low-burden,25,81106903,0.0275,0.0056,0.0178,0.0405,0.03 ± 0.01
2006-2010,K73,K73,K73,EQI Cluster,Mixed-burden,133,428983518,0.0278,0.0024,0.0233,0.033,0.03 ± 0.00
2006-2010,K73,K73,K73,EQI Cluster,High-burden,296,1008867606,0.0279,0.0016,0.0248,0.0313,0.03 ± 0.00
2006-2010,K73,K73,K73,EQI Cluster,National,454,1519222141,0.0278,0.0013,0.0253,0.0305,0.03 ± 0.00
2006-2010,K73,K73,K73,EQI Cluster,Unclassified,0,264114,0.0,0.0,0.0,0.0,0.00 ± 0.00
2006-2010,K73,K73,K73,Land Use Cluster,Natural,175,571554527,0.0286,0.0022,0.0245,0.0332,0.03 ± 0.00
2006-2010,K73,K73,K73,Land Use Cluster,Water-sensitive,81,249881527,0.0275,0.0031,0.0219,0.0342,0.03 ± 0.00
2006-2010,K73,K73,K73,Land Use Cluster,Agricultural,82,256231205,0.0299,0.0033,0.0238,0.0371,0.03 ± 0.00
2006-2010,K73,K73,K73,Land Use Cluster,Urban,116,441345687,0.0257,0.0024,0.0213,0.0308,0.03 ± 0.00
2006-2010,K73,K73,K73,Land Use Cluster,National,454,1519222141,0.0278,0.0013,0.0253,0.0305,0.03 ± 0.00
2006-2010,K73,K73,K73,Land Use Cluster,Unclassified,0,209195,0.0,0.0,0.0,0.0,0.00 ± 0.00
2006-2010,K74,K74,K74,EQI Cluster,Low-burden,6046,81106903,6.4471,0.084,6.2856,6.6117,6.45 ± 0.08
2006-2010,K74,K74,K74,EQI Cluster,Mixed-burden,21864,428983518,4.5185,0.0308,4.4588,4.5788,4.52 ± 0.03
2006-2010,K74,K74,K74,EQI Cluster,High-burden,47204,1008867606,4.4924,0.0208,4.452,4.5331,4.49 ± 0.02
2006-2010,K74,K74,K74,EQI Cluster,National,75121,1519222141,4.6059,0.0169,4.573,4.639,4.61 ± 0.02
2006-2010,K74,K74,K74,EQI Cluster,Unclassified,7,264114,3.2434,1.2714,1.304,6.6826,3.24 ± 1.27
2006-2010,K74,K74,K74,Land Use Cluster,Natural,27870,571554527,4.5807,0.0277,4.527,4.6348,4.58 ± 0.03
2006-2010,K74,K74,K74,Land Use Cluster,Water-sensitive,14794,249881527,4.9952,0.0414,4.9151,5.0764,5.00 ± 0.04
2006-2010,K74,K74,K74,Land Use Cluster,Agricultural,12408,256231205,4.4987,0.0407,4.4199,4.5786,4.50 ± 0.04
2006-2010,K74,K74,K74,Land Use Cluster,Urban,20034,441345687,4.4586,0.0318,4.397,4.5207,4.46 ± 0.03
2006-2010,K74,K74,K74,Land Use Cluster,National,75121,1519222141,4.6059,0.0169,4.573,4.639,4.61 ± 0.02
2006-2010,K74,K74,K74,Land Use Cluster,Unclassified,15,209195,6.9863,1.8266,3.9102,11.5229,6.99 ± 1.83
2006-2010,K76,K76,Non-alcoholic,EQI Cluster,Low-burden,1790,81106903,1.93,0.0463,1.8416,2.0216,1.93 ± 0.05
2006-2010,K76,K76,Non-alcoholic,EQI Cluster,Mixed-burden,8092,428983518,1.6765,0.0188,1.6402,1.7135,1.68 ± 0.02
2006-2010,K76,K76,Non-alcoholic,EQI Cluster,High-burden,17087,1008867606,1.6084,0.0124,1.5844,1.6327,1.61 ± 0.01
2006-2010,K76,K76,Non-alcoholic,EQI Cluster,National,26972,1519222141,1.6457,0.0101,1.6261,1.6655,1.65 ± 0.01
2006-2010,K76,K76,Non-alcoholic,EQI Cluster,Unclassified,3,264114,0.9499,0.5484,0.1959,2.776,0.95 ± 0.55
2006-2010,K76,K76,Non-alcoholic,Land Use Cluster,Natural,10354,571554527,1.6915,0.0168,1.6591,1.7244,1.69 ± 0.02
2006-2010,K76,K76,Non-alcoholic,Land Use Cluster,Water-sensitive,5007,249881527,1.7046,0.0243,1.6577,1.7525,1.70 ± 0.02
2006-2010,K76,K76,Non-alcoholic,Land Use Cluster,Agricultural,3977,256231205,1.4338,0.0229,1.3896,1.479,1.43 ± 0.02
2006-2010,K76,K76,Non-alcoholic,Land Use Cluster,Urban,7619,441345687,1.6755,0.0194,1.6381,1.7135,1.68 ± 0.02
2006-2010,K76,K76,Non-alcoholic,Land Use Cluster,National,26972,1519222141,1.6457,0.0101,1.6261,1.6655,1.65 ± 0.01
2006-2010,K76,K76,Non-alcoholic,Land Use Cluster,Unclassified,15,209195,7.623,2.0031,4.2665,12.573,7.62 ± 2.00
2006-2010,K76.7,K76.7,HRS,EQI Cluster,Low-burden,192,81106903,0.2043,0.0149,0.1764,0.2353,0.20 ± 0.01
2006-2010,K76.7,K76.7,HRS,EQI Cluster,Mixed-burden,694,428983518,0.1451,0.0056,0.1345,0.1563,0.15 ± 0.01
2006-2010,K76.7,K76.7,HRS,EQI Cluster,High-burden,1508,1008867606,0.1423,0.0037,0.1352,0.1497,0.14 ± 0.00
2006-2010,K76.7,K76.7,HRS,EQI Cluster,National,2394,1519222141,0.1469,0.003,0.1411,0.1529,0.15 ± 0.00
2006-2010,K76.7,K76.7,HRS,EQI Cluster,Unclassified,0,264114,0.0,0.0,0.0,0.0,0.00 ± 0.00
2006-2010,K76.7,K76.7,HRS,Land Use Cluster,Natural,1027,571554527,0.1683,0.0053,0.1581,0.1789,0.17 ± 0.01
2006-2010,K76.7,K76.7,HRS,Land Use Cluster,Water-sensitive,436,249881527,0.1493,0.0072,0.1356,0.164,0.15 ± 0.01
2006-2010,K76.7,K76.7,HRS,Land Use Cluster,Agricultural,359,256231205,0.131,0.007,0.1178,0.1452,0.13 ± 0.01
2006-2010,K76.7,K76.7,HRS,Land Use Cluster,Urban,569,441345687,0.1254,0.0053,0.1153,0.1361,0.13 ± 0.01
2006-2010,K76.7,K76.7,HRS,Land Use Cluster,National,2394,1519222141,0.1469,0.003,0.1411,0.1529,0.15 ± 0.00
2006-2010,K76.7,K76.7,HRS,Land Use Cluster,Unclassified,3,209195,1.4315,0.835,0.2952,4.1833,1.43 ± 0.83
2006-2010,N00_N15,N00_N15,GRTI,EQI Cluster,Low-burden,1596,81106903,1.7819,0.0448,1.6956,1.8716,1.78 ± 0.04
2006-2010,N00_N15,N00_N15,GRTI,EQI Cluster,Mixed-burden,7176,428983518,1.4648,0.0174,1.4311,1.4991,1.46 ± 0.02
2006-2010,N00_N15,N00_N15,GRTI,EQI Cluster,High-burden,17058,1008867606,1.6822,0.0129,1.6571,1.7077,1.68 ± 0.01
2006-2010,N00_N15,N00_N15,GRTI,EQI Cluster,National,25832,1519222141,1.6201,0.0101,1.6004,1.64,1.62 ± 0.01
2006-2010,N00_N15,N00_N15,GRTI,EQI Cluster,Unclassified,2,264114,1.1466,0.811,0.1389,4.1417,1.15 ± 0.81
2006-2010,N00_N15,N00_N15,GRTI,Land Use Cluster,Natural,9288,571554527,1.6079,0.0167,1.5753,1.6409,1.61 ± 0.02
2006-2010,N00_N15,N00_N15,GRTI,Land Use Cluster,Water-sensitive,4717,249881527,1.5551,0.0227,1.511,1.6001,1.56 ± 0.02
2006-2010,N00_N15,N00_N15,GRTI,Land Use Cluster,Agricultural,4978,256231205,1.7981,0.0256,1.7485,1.8488,1.80 ± 0.03
2006-2010,N00_N15,N00_N15,GRTI,Land Use Cluster,Urban,6843,441345687,1.5673,0.019,1.5304,1.6049,1.57 ± 0.02
2006-2010,N00_N15,N00_N15,GRTI,Land Use Cluster,National,25832,1519222141,1.6201,0.0101,1.6004,1.64,1.62 ± 0.01
2006-2010,N00_N15,N00_N15,GRTI,Land Use Cluster,Unclassified,6,209195,3.2997,1.3591,1.2109,7.182,3.30 ± 1.36
2006-2010,N00_N29,N00_N29,Non-cancer CKD,EQI Cluster,Low-burden,18379,81106903,20.3361,0.1509,20.0431,20.6322,20.34 ± 0.15
2006-2010,N00_N29,N00_N29,Non-cancer CKD,EQI Cluster,Mixed-burden,77529,428983518,15.8984,0.0573,15.7867,16.0107,15.90 ± 0.06
2006-2010,N00_N29,N00_N29,Non-cancer CKD,EQI Cluster,High-burden,154945,1008867606,15.3126,0.0391,15.2364,15.389,15.31 ± 0.04
2006-2010,N00_N29,N00_N29,Non-cancer CKD,EQI Cluster,National,250870,1519222141,15.7646,0.0316,15.703,15.8264,15.76 ± 0.03
2006-2010,N00_N29,N00_N29,Non-cancer CKD,EQI Cluster,Unclassified,17,264114,9.0063,2.2081,5.2465,14.42,9.01 ± 2.21
2006-2010,N00_N29,N00_N29,Non-cancer CKD,Land Use Cluster,Natural,86920,571554527,14.9707,0.051,14.8714,15.0706,14.97 ± 0.05
2006-2010,N00_N29,N00_N29,Non-cancer CKD,Land Use Cluster,Water-sensitive,46580,249881527,15.4505,0.0719,15.3105,15.5915,15.45 ± 0.07
2006-2010,N00_N29,N00_N29,Non-cancer CKD,Land Use Cluster,Agricultural,46781,256231205,17.0115,0.079,16.8577,17.1664,17.01 ± 0.08
2006-2010,N00_N29,N00_N29,Non-cancer CKD,Land Use Cluster,Urban,70552,441345687,16.2675,0.0616,16.1477,16.388,16.27 ± 0.06
2006-2010,N00_N29,N00_N29,Non-cancer CKD,Land Use Cluster,National,250870,1519222141,15.7646,0.0316,15.703,15.8264,15.76 ± 0.03
2006-2010,N00_N29,N00_N29,Non-cancer CKD,Land Use Cluster,Unclassified,37,209195,21.3544,3.5675,15.0355,29.4343,21.35 ± 3.57
2006-2010,N00_N29_C64_C65,N00_N29_C64_C65,CKD,EQI Cluster,Low-burden,22598,81106903,24.8214,0.1662,24.4988,25.1472,24.82 ± 0.17
2006-2010,N00_N29_C64_C65,N00_N29_C64_C65,CKD,EQI Cluster,Mixed-burden,96397,428983518,19.7738,0.0639,19.6492,19.899,19.77 ± 0.06
2006-2010,N00_N29_C64_C65,N00_N29_C64_C65,CKD,EQI Cluster,High-burden,195949,1008867606,19.2913,0.0438,19.2059,19.3769,19.29 ± 0.04
2006-2010,N00_N29_C64_C65,N00_N29_C64_C65,CKD,EQI Cluster,National,314971,1519222141,19.7385,0.0353,19.6696,19.8075,19.74 ± 0.04
2006-2010,N00_N29_C64_C65,N00_N29_C64_C65,CKD,EQI Cluster,Unclassified,27,264114,13.732,2.6878,9.0495,19.9794,13.73 ± 2.69
2006-2010,N00_N29_C64_C65,N00_N29_C64_C65,CKD,Land Use Cluster,Natural,110961,571554527,18.9782,0.0573,18.8667,19.0902,18.98 ± 0.06
2006-2010,N00_N29_C64_C65,N00_N29_C64_C65,CKD,Land Use Cluster,Water-sensitive,58101,249881527,19.2827,0.0803,19.1262,19.4402,19.28 ± 0.08
2006-2010,N00_N29_C64_C65,N00_N29_C64_C65,CKD,Land Use Cluster,Agricultural,59244,256231205,21.5332,0.0889,21.3602,21.7073,21.53 ± 0.09
2006-2010,N00_N29_C64_C65,N00_N29_C64_C65,CKD,Land Use Cluster,Urban,86613,441345687,19.9453,0.0682,19.8126,20.0785,19.95 ± 0.07
2006-2010,N00_N29_C64_C65,N00_N29_C64_C65,CKD,Land Use Cluster,National,314971,1519222141,19.7385,0.0353,19.6696,19.8075,19.74 ± 0.04
2006-2010,N00_N29_C64_C65,N00_N29_C64_C65,CKD,Land Use Cluster,Unclassified,52,209195,30.8152,4.3421,23.0143,40.4101,30.82 ± 4.34
2006-2010,N16_N17_N20_N29,N16_N17_N20_N29,Other kidney disease,EQI Cluster,Low-burden,3574,81106903,3.9659,0.0667,3.837,4.0981,3.97 ± 0.07
2006-2010,N16_N17_N20_N29,N16_N17_N20_N29,Other kidney disease,EQI Cluster,Mixed-burden,15586,428983518,3.1848,0.0256,3.135,3.2352,3.18 ± 0.03
2006-2010,N16_N17_N20_N29,N16_N17_N20_N29,Other kidney disease,EQI Cluster,High-burden,30343,1008867606,2.9977,0.0173,2.964,3.0316,3.00 ± 0.02
2006-2010,N16_N17_N20_N29,N16_N17_N20_N29,Other kidney disease,EQI Cluster,National,49506,1519222141,3.1087,0.014,3.0814,3.1362,3.11 ± 0.01
2006-2010,N16_N17_N20_N29,N16_N17_N20_N29,Other kidney disease,EQI Cluster,Unclassified,3,264114,1.4468,0.8501,0.2984,4.2281,1.45 ± 0.85
2006-2010,N16_N17_N20_N29,N16_N17_N20_N29,Other kidney disease,Land Use Cluster,Natural,16897,571554527,2.9134,0.0225,2.8696,2.9577,2.91 ± 0.02
2006-2010,N16_N17_N20_N29,N16_N17_N20_N29,Other kidney disease,Land Use Cluster,Water-sensitive,9083,249881527,3.0035,0.0316,2.9421,3.0659,3.00 ± 0.03
2006-2010,N16_N17_N20_N29,N16_N17_N20_N29,Other kidney disease,Land Use Cluster,Agricultural,9483,256231205,3.447,0.0356,3.378,3.5171,3.45 ± 0.04
2006-2010,N16_N17_N20_N29,N16_N17_N20_N29,Other kidney disease,Land Use Cluster,Urban,14039,441345687,3.2261,0.0274,3.173,3.28,3.23 ± 0.03
2006-2010,N16_N17_N20_N29,N16_N17_N20_N29,Other kidney disease,Land Use Cluster,National,49506,1519222141,3.1087,0.014,3.0814,3.1362,3.11 ± 0.01
2006-2010,N16_N17_N20_N29,N16_N17_N20_N29,Other kidney disease,Land Use Cluster,Unclassified,4,209195,2.2731,1.1592,0.6193,5.8199,2.27 ± 1.16
2006-2010,N18_N19,N18_N19,RF,EQI Cluster,Low-burden,13209,81106903,14.5882,0.1277,14.3405,14.8391,14.59 ± 0.13
2006-2010,N18_N19,N18_N19,RF,EQI Cluster,Mixed-burden,54767,428983518,11.2488,0.0483,11.1548,11.3434,11.25 ± 0.05
2006-2010,N18_N19,N18_N19,RF,EQI Cluster,High-burden,107544,1008867606,10.6327,0.0326,10.5692,10.6964,10.63 ± 0.03
2006-2010,N18_N19,N18_N19,RF,EQI Cluster,National,175532,1519222141,11.0358,0.0265,10.9843,11.0876,11.04 ± 0.03
2006-2010,N18_N19,N18_N19,RF,EQI Cluster,Unclassified,12,264114,6.413,1.8696,3.3137,11.2022,6.41 ± 1.87
2006-2010,N18_N19,N18_N19,RF,Land Use Cluster,Natural,60735,571554527,10.4495,0.0426,10.3665,10.5329,10.45 ± 0.04
2006-2010,N18_N19,N18_N19,RF,Land Use Cluster,Water-sensitive,32780,249881527,10.8919,0.0604,10.7743,11.0105,10.89 ± 0.06
2006-2010,N18_N19,N18_N19,RF,Land Use Cluster,Agricultural,32320,256231205,11.7663,0.0658,11.6384,11.8953,11.77 ± 0.07
2006-2010,N18_N19,N18_N19,RF,Land Use Cluster,Urban,49670,441345687,11.474,0.0518,11.3734,11.5754,11.47 ± 0.05
2006-2010,N18_N19,N18_N19,RF,Land Use Cluster,National,175532,1519222141,11.0358,0.0265,10.9843,11.0876,11.04 ± 0.03
2006-2010,N18_N19,N18_N19,RF,Land Use Cluster,Unclassified,27,209195,15.7817,3.088,10.4002,22.9615,15.78 ± 3.09
2006-2010,X60_X69,X60_X69,NVS,EQI Cluster,Low-burden,1195,81106903,1.473,0.0434,1.3907,1.559,1.47 ± 0.04
2006-2010,X60_X69,X60_X69,NVS,EQI Cluster,Mixed-burden,8841,428983518,1.9858,0.0214,1.9446,2.0276,1.99 ± 0.02
2006-2010,X60_X69,X60_X69,NVS,EQI Cluster,High-burden,21655,1008867606,2.0933,0.0143,2.0655,2.1214,2.09 ± 0.01
2006-2010,X60_X69,X60_X69,NVS,EQI Cluster,National,31708,1519222141,2.0301,0.0115,2.0079,2.0526,2.03 ± 0.01
2006-2010,X60_X69,X60_X69,NVS,EQI Cluster,Unclassified,17,264114,6.2174,1.5168,3.6219,9.9546,6.22 ± 1.52
2006-2010,X60_X69,X60_X69,NVS,Land Use Cluster,Natural,12855,571554527,2.2017,0.0196,2.1638,2.24,2.20 ± 0.02
2006-2010,X60_X69,X60_X69,NVS,Land Use Cluster,Water-sensitive,5689,249881527,2.161,0.0291,2.1052,2.2179,2.16 ± 0.03
2006-2010,X60_X69,X60_X69,NVS,Land Use Cluster,Agricultural,5079,256231205,1.9632,0.0278,1.9096,2.018,1.96 ± 0.03
2006-2010,X60_X69,X60_X69,NVS,Land Use Cluster,Urban,8081,441345687,1.7765,0.0199,1.738,1.8157,1.78 ± 0.02
2006-2010,X60_X69,X60_X69,NVS,Land Use Cluster,National,31708,1519222141,2.0301,0.0115,2.0079,2.0526,2.03 ± 0.01
2006-2010,X60_X69,X60_X69,NVS,Land Use Cluster,Unclassified,4,209195,1.9557,0.9945,0.5329,5.0075,1.96 ± 0.99
2006-2010,X60_X84_Y87.0,X60_X84_Y87.0,Suicide,EQI Cluster,Low-burden,10653,81106903,12.9547,0.1277,12.7099,13.2031,12.95 ± 0.13
2006-2010,X60_X84_Y87.0,X60_X84_Y87.0,Suicide,EQI Cluster,Mixed-burden,50580,428983518,11.3884,0.0511,11.2893,11.4881,11.39 ± 0.05
2006-2010,X60_X84_Y87.0,X60_X84_Y87.0,Suicide,EQI Cluster,High-burden,115181,1008867606,11.2385,0.0333,11.1737,11.3036,11.24 ± 0.03
2006-2010,X60_X84_Y87.0,X60_X84_Y87.0,Suicide,EQI Cluster,National,176461,1519222141,11.3739,0.0273,11.3209,11.4271,11.37 ± 0.03
2006-2010,X60_X84_Y87.0,X60_X84_Y87.0,Suicide,EQI Cluster,Unclassified,47,264114,17.4404,2.5651,12.8145,23.192,17.44 ± 2.57
2006-2010,X60_X84_Y87.0,X60_X84_Y87.0,Suicide,Land Use Cluster,Natural,74652,571554527,12.8468,0.0474,12.7549,12.9393,12.85 ± 0.05
2006-2010,X60_X84_Y87.0,X60_X84_Y87.0,Suicide,Land Use Cluster,Water-sensitive,30641,249881527,11.7794,0.0682,11.6479,11.912,11.78 ± 0.07
2006-2010,X60_X84_Y87.0,X60_X84_Y87.0,Suicide,Land Use Cluster,Agricultural,29231,256231205,11.3304,0.0669,11.2008,11.461,11.33 ± 0.07
2006-2010,X60_X84_Y87.0,X60_X84_Y87.0,Suicide,Land Use Cluster,Urban,41877,441345687,9.2886,0.0457,9.1998,9.378,9.29 ± 0.05
2006-2010,X60_X84_Y87.0,X60_X84_Y87.0,Suicide,Land Use Cluster,National,176461,1519222141,11.3739,0.0273,11.3209,11.4271,11.37 ± 0.03
2006-2010,X60_X84_Y87.0,X60_X84_Y87.0,Suicide,Land Use Cluster,Unclassified,60,209195,28.5992,3.7637,21.8242,36.8129,28.60 ± 3.76
2006-2010,X70_X84,X70_X84,VS,EQI Cluster,Low-burden,9448,81106903,11.4698,0.12,11.2397,11.7035,11.47 ± 0.12
2006-2010,X70_X84,X70_X84,VS,EQI Cluster,Mixed-burden,41636,428983518,9.3797,0.0464,9.2898,9.4702,9.38 ± 0.05
2006-2010,X70_X84,X70_X84,VS,EQI Cluster,High-burden,93278,1008867606,9.121,0.0301,9.0626,9.1797,9.12 ± 0.03
2006-2010,X70_X84,X70_X84,VS,EQI Cluster,National,144392,1519222141,9.3206,0.0247,9.2726,9.3688,9.32 ± 0.02
2006-2010,X70_X84,X70_X84,VS,EQI Cluster,Unclassified,30,264114,11.223,2.0686,7.5721,16.0215,11.22 ± 2.07
2006-2010,X70_X84,X70_X84,VS,Land Use Cluster,Natural,61648,571554527,10.6196,0.0431,10.536,10.7038,10.62 ± 0.04
2006-2010,X70_X84,X70_X84,VS,Land Use Cluster,Water-sensitive,24879,249881527,9.5908,0.0616,9.472,9.7107,9.59 ± 0.06
2006-2010,X70_X84,X70_X84,VS,Land Use Cluster,Agricultural,24107,256231205,9.3492,0.0608,9.2316,9.468,9.35 ± 0.06
2006-2010,X70_X84,X70_X84,VS,Land Use Cluster,Urban,33702,441345687,7.491,0.041,7.4112,7.5714,7.49 ± 0.04
2006-2010,X70_X84,X70_X84,VS,Land Use Cluster,National,144392,1519222141,9.3206,0.0247,9.2726,9.3688,9.32 ± 0.02
2006-2010,X70_X84,X70_X84,VS,Land Use Cluster,Unclassified,56,209195,26.6435,3.63,20.1262,34.5988,26.64 ± 3.63
2006-2010,Y87.0,Y87.0,SI,EQI Cluster,Low-burden,10,81106903,0.0119,0.0038,0.0057,0.0219,0.01 ± 0.00
2006-2010,Y87.0,Y87.0,SI,EQI Cluster,Mixed-burden,103,428983518,0.023,0.0023,0.0187,0.0279,0.02 ± 0.00
2006-2010,Y87.0,Y87.0,SI,EQI Cluster,High-burden,248,1008867606,0.0242,0.0015,0.0213,0.0274,0.02 ± 0.00
2006-2010,Y87.0,Y87.0,SI,EQI Cluster,National,361,1519222141,0.0232,0.0012,0.0209,0.0257,0.02 ± 0.00
2006-2010,Y87.0,Y87.0,SI,EQI Cluster,Unclassified,0,264114,0.0,0.0,0.0,0.0,0.00 ± 0.00
2006-2010,Y87.0,Y87.0,SI,Land Use Cluster,Natural,149,571554527,0.0256,0.0021,0.0216,0.03,0.03 ± 0.00
2006-2010,Y87.0,Y87.0,SI,Land Use Cluster,Water-sensitive,73,249881527,0.0276,0.0033,0.0216,0.0347,0.03 ± 0.00
2006-2010,Y87.0,Y87.0,SI,Land Use Cluster,Agricultural,45,256231205,0.0179,0.0027,0.013,0.0239,0.02 ± 0.00
2006-2010,Y87.0,Y87.0,SI,Land Use Cluster,Urban,94,441345687,0.0211,0.0022,0.017,0.0258,0.02 ± 0.00
2006-2010,Y87.0,Y87.0,SI,Land Use Cluster,National,361,1519222141,0.0232,0.0012,0.0209,0.0257,0.02 ± 0.00
2006-2010,Y87.0,Y87.0,SI,Land Use Cluster,Unclassified,0,209195,0.0,0.0,0.0,0.0,0.00 ± 0.00
2011-2015,C00_C97,C00_C97,Cancer,EQI Cluster,Low-burden,178782,82276141,174.9576,0.4198,174.1475,175.7705,174.96 ± 0.42
2011-2015,C00_C97,C00_C97,Cancer,EQI Cluster,Mixed-burden,887096,445644719,165.4246,0.1777,165.0806,165.7692,165.42 ± 0.18
2011-2015,C00_C97,C00_C97,Cancer,EQI Cluster,High-burden,1861028,1053657360,161.3849,0.1199,161.1531,161.6169,161.38 ± 0.12
2011-2015,C00_C97,C00_C97,Cancer,EQI Cluster,National,2927356,1581910672,163.2643,0.0966,163.0773,163.4514,163.26 ± 0.10
2011-2015,C00_C97,C00_C97,Cancer,EQI Cluster,Unclassified,450,332452,142.1199,6.8032,129.2906,155.8778,142.12 ± 6.80
2011-2015,C00_C97,C00_C97,Cancer,Land Use Cluster,Natural,1093180,596705846,162.4731,0.1574,162.1687,162.778,162.47 ± 0.16
2011-2015,C00_C97,C00_C97,Cancer,Land Use Cluster,Water-sensitive,545352,259404191,162.8913,0.2235,162.4593,163.3242,162.89 ± 0.22
2011-2015,C00_C97,C00_C97,Cancer,Land Use Cluster,Agricultural,513847,264189827,169.5707,0.2394,169.1073,170.0349,169.57 ± 0.24
2011-2015,C00_C97,C00_C97,Cancer,Land Use Cluster,Urban,774714,461437252,160.9559,0.1856,160.5977,161.3147,160.96 ± 0.19
2011-2015,C00_C97,C00_C97,Cancer,Land Use Cluster,National,2927356,1581910672,163.2643,0.0966,163.0773,163.4514,163.26 ± 0.10
2011-2015,C00_C97,C00_C97,Cancer,Land Use Cluster,Unclassified,263,173556,189.7295,12.0477,167.4902,214.0999,189.73 ± 12.05
2011-2015,C18_C21,C18_C21,Colorectal,EQI Cluster,Low-burden,16982,82276141,16.8304,0.1312,16.5782,17.0855,16.83 ± 0.13
2011-2015,C18_C21,C18_C21,Colorectal,EQI Cluster,Mixed-burden,79840,445644719,14.9118,0.0534,14.8085,15.0156,14.91 ± 0.05
2011-2015,C18_C21,C18_C21,Colorectal,EQI Cluster,High-burden,164922,1053657360,14.3079,0.0357,14.239,14.3772,14.31 ± 0.04
2011-2015,C18_C21,C18_C21,Colorectal,EQI Cluster,National,261782,1581910672,14.6217,0.0289,14.5658,14.6778,14.62 ± 0.03
2011-2015,C18_C21,C18_C21,Colorectal,EQI Cluster,Unclassified,38,332452,12.1557,1.9963,8.6021,16.6846,12.16 ± 2.00
2011-2015,C18_C21,C18_C21,Colorectal,Land Use Cluster,Natural,97511,596705846,14.5732,0.0473,14.4819,14.665,14.57 ± 0.05
2011-2015,C18_C21,C18_C21,Colorectal,Land Use Cluster,Water-sensitive,47098,259404191,14.1017,0.0659,13.9747,14.2297,14.10 ± 0.07
2011-2015,C18_C21,C18_C21,Colorectal,Land Use Cluster,Agricultural,46684,264189827,15.452,0.0724,15.3122,15.5929,15.45 ± 0.07
2011-2015,C18_C21,C18_C21,Colorectal,Land Use Cluster,Urban,70449,461437252,14.5614,0.0557,14.4541,14.6693,14.56 ± 0.06
2011-2015,C18_C21,C18_C21,Colorectal,Land Use Cluster,National,261782,1581910672,14.6217,0.0289,14.5658,14.6778,14.62 ± 0.03
2011-2015,C18_C21,C18_C21,Colorectal,Land Use Cluster,Unclassified,40,173556,27.0517,4.4173,19.3262,36.8368,27.05 ± 4.42
2011-2015,C22,C22,Liver,EQI Cluster,Low-burden,6991,82276141,6.6791,0.081,6.5234,6.8375,6.68 ± 0.08
2011-2015,C22,C22,Liver,EQI Cluster,Mixed-burden,35506,445644719,6.4711,0.0348,6.4039,6.5387,6.47 ± 0.03
2011-2015,C22,C22,Liver,EQI Cluster,High-burden,76475,1053657360,6.4064,0.0235,6.3611,6.452,6.41 ± 0.02
2011-2015,C22,C22,Liver,EQI Cluster,National,118985,1581910672,6.4356,0.0189,6.3991,6.4723,6.44 ± 0.02
2011-2015,C22,C22,Liver,EQI Cluster,Unclassified,13,332452,3.9494,1.1116,2.1029,6.7536,3.95 ± 1.11
2011-2015,C22,C22,Liver,Land Use Cluster,Natural,44940,596705846,6.4524,0.0309,6.3929,6.5124,6.45 ± 0.03
2011-2015,C22,C22,Liver,Land Use Cluster,Water-sensitive,21617,259404191,6.3426,0.0437,6.2584,6.4278,6.34 ± 0.04
2011-2015,C22,C22,Liver,Land Use Cluster,Agricultural,17906,264189827,5.7586,0.0436,5.6746,5.8436,5.76 ± 0.04
2011-2015,C22,C22,Liver,Land Use Cluster,Urban,34508,461437252,6.912,0.0378,6.8393,6.9854,6.91 ± 0.04
2011-2015,C22,C22,Liver,Land Use Cluster,National,118985,1581910672,6.4356,0.0189,6.3991,6.4723,6.44 ± 0.02
2011-2015,C22,C22,Liver,Land Use Cluster,Unclassified,14,173556,9.8293,2.7191,5.3737,16.4918,9.83 ± 2.72
2011-2015,C25,C25,Pancreatic,EQI Cluster,Low-burden,10836,82276141,10.5071,0.1022,10.3102,10.7068,10.51 ± 0.10
2011-2015,C25,C25,Pancreatic,EQI Cluster,Mixed-burden,60568,445644719,11.2102,0.046,11.121,11.2998,11.21 ± 0.05
2011-2015,C25,C25,Pancreatic,EQI Cluster,High-burden,125647,1053657360,10.8368,0.031,10.777,10.8969,10.84 ± 0.03
2011-2015,C25,C25,Pancreatic,EQI Cluster,National,197087,1581910672,10.9229,0.0249,10.8747,10.9712,10.92 ± 0.02
2011-2015,C25,C25,Pancreatic,EQI Cluster,Unclassified,36,332452,11.1834,1.8908,7.8327,15.4825,11.18 ± 1.89
2011-2015,C25,C25,Pancreatic,Land Use Cluster,Natural,71916,596705846,10.6038,0.04,10.5264,10.6816,10.60 ± 0.04
2011-2015,C25,C25,Pancreatic,Land Use Cluster,Water-sensitive,37593,259404191,11.1149,0.0579,11.0028,11.2279,11.11 ± 0.06
2011-2015,C25,C25,Pancreatic,Land Use Cluster,Agricultural,33243,264189827,10.9026,0.0605,10.7857,11.0204,10.90 ± 0.06
2011-2015,C25,C25,Pancreatic,Land Use Cluster,Urban,54317,461437252,11.2727,0.0491,11.1781,11.3679,11.27 ± 0.05
2011-2015,C25,C25,Pancreatic,Land Use Cluster,National,197087,1581910672,10.9229,0.0249,10.8747,10.9712,10.92 ± 0.02
2011-2015,C25,C25,Pancreatic,Land Use Cluster,Unclassified,18,173556,13.103,3.2153,7.7657,20.7084,13.10 ± 3.22
2011-2015,C34,C34,Lung,EQI Cluster,Low-burden,53618,82276141,51.2553,0.224,50.8224,51.691,51.26 ± 0.22
2011-2015,C34,C34,Lung,EQI Cluster,Mixed-burden,240823,445644719,44.6444,0.0919,44.4663,44.8231,44.64 ± 0.09
2011-2015,C34,C34,Lung,EQI Cluster,High-burden,485001,1053657360,41.9596,0.061,41.8416,42.0778,41.96 ± 0.06
2011-2015,C34,C34,Lung,EQI Cluster,National,779536,1581910672,43.2653,0.0496,43.1693,43.3615,43.27 ± 0.05
2011-2015,C34,C34,Lung,EQI Cluster,Unclassified,94,332452,30.2671,3.1644,24.4589,37.0393,30.27 ± 3.16
2011-2015,C34,C34,Lung,Land Use Cluster,Natural,292045,596705846,42.9994,0.0805,42.8436,43.1556,43.00 ± 0.08
2011-2015,C34,C34,Lung,Land Use Cluster,Water-sensitive,149609,259404191,44.2787,0.1156,44.0546,44.5036,44.28 ± 0.12
2011-2015,C34,C34,Lung,Land Use Cluster,Agricultural,144822,264189827,47.5317,0.1263,47.2872,47.7771,47.53 ± 0.13
2011-2015,C34,C34,Lung,Land Use Cluster,Urban,192997,461437252,40.3139,0.0931,40.1343,40.4942,40.31 ± 0.09
2011-2015,C34,C34,Lung,Land Use Cluster,National,779536,1581910672,43.2653,0.0496,43.1693,43.3615,43.27 ± 0.05
2011-2015,C34,C34,Lung,Land Use Cluster,Unclassified,63,173556,45.4644,5.9013,34.9361,58.1688,45.46 ± 5.90
2011-2015,C50,C50,Breast,EQI Cluster,Low-burden,11079,82276141,11.1231,0.1078,10.9169,11.3322,11.12 ± 0.11
2011-2015,C50,C50,Breast,EQI Cluster,Mixed-burden,62510,445644719,11.7941,0.0479,11.7018,11.887,11.79 ± 0.05
2011-2015,C50,C50,Breast,EQI Cluster,High-burden,134114,1053657360,11.5729,0.0321,11.511,11.635,11.57 ± 0.03
2011-2015,C50,C50,Breast,EQI Cluster,National,207735,1581910672,11.6065,0.0258,11.5566,11.6565,11.61 ± 0.03
2011-2015,C50,C50,Breast,EQI Cluster,Unclassified,32,332452,9.9572,1.7915,6.8107,14.0566,9.96 ± 1.79
2011-2015,C50,C50,Breast,Land Use Cluster,Natural,75710,596705846,11.2746,0.0416,11.1944,11.3552,11.27 ± 0.04
2011-2015,C50,C50,Breast,Land Use Cluster,Water-sensitive,37168,259404191,11.3213,0.0598,11.2065,11.437,11.32 ± 0.06
2011-2015,C50,C50,Breast,Land Use Cluster,Agricultural,34277,264189827,11.3585,0.0623,11.2386,11.4794,11.36 ± 0.06
2011-2015,C50,C50,Breast,Land Use Cluster,Urban,60570,461437252,12.4341,0.0513,12.3353,12.5335,12.43 ± 0.05
2011-2015,C50,C50,Breast,Land Use Cluster,National,207735,1581910672,11.6065,0.0258,11.5566,11.6565,11.61 ± 0.03
2011-2015,C50,C50,Breast,Land Use Cluster,Unclassified,10,173556,7.2695,2.3778,3.486,13.3689,7.27 ± 2.38
2011-2015,C56,C56,Ovarian,EQI Cluster,Low-burden,3736,82276141,3.6836,0.0612,3.5665,3.8037,3.68 ± 0.06
2011-2015,C56,C56,Ovarian,EQI Cluster,Mixed-burden,21212,445644719,3.9688,0.0276,3.9155,4.0225,3.97 ± 0.03
2011-2015,C56,C56,Ovarian,EQI Cluster,High-burden,46129,1053657360,3.9799,0.0188,3.9437,4.0164,3.98 ± 0.02
2011-2015,C56,C56,Ovarian,EQI Cluster,National,71097,1581910672,3.9582,0.015,3.9291,3.9874,3.96 ± 0.02
2011-2015,C56,C56,Ovarian,EQI Cluster,Unclassified,20,332452,5.9976,1.367,3.6635,9.2629,6.00 ± 1.37
2011-2015,C56,C56,Ovarian,Land Use Cluster,Natural,26844,596705846,3.9789,0.0246,3.9315,4.0268,3.98 ± 0.02
2011-2015,C56,C56,Ovarian,Land Use Cluster,Water-sensitive,12602,259404191,3.7767,0.0341,3.7111,3.8432,3.78 ± 0.03
2011-2015,C56,C56,Ovarian,Land Use Cluster,Agricultural,12082,264189827,3.9934,0.0368,3.9225,4.0653,3.99 ± 0.04
2011-2015,C56,C56,Ovarian,Land Use Cluster,Urban,19566,461437252,4.0433,0.0293,3.9869,4.1004,4.04 ± 0.03
2011-2015,C56,C56,Ovarian,Land Use Cluster,National,71097,1581910672,3.9582,0.015,3.9291,3.9874,3.96 ± 0.02
2011-2015,C56,C56,Ovarian,Land Use Cluster,Unclassified,3,173556,2.0385,1.2248,0.4204,5.9575,2.04 ± 1.22
2011-2015,C61,C61,Prostate,EQI Cluster,Low-burden,8422,82276141,8.3682,0.0918,8.1905,8.5489,8.37 ± 0.09
2011-2015,C61,C61,Prostate,EQI Cluster,Mixed-burden,42405,445644719,7.826,0.0383,7.7517,7.9008,7.83 ± 0.04
2011-2015,C61,C61,Prostate,EQI Cluster,High-burden,89219,1053657360,7.8797,0.0267,7.8281,7.9316,7.88 ± 0.03
2011-2015,C61,C61,Prostate,EQI Cluster,National,140071,1581910672,7.8876,0.0213,7.8464,7.929,7.89 ± 0.02
2011-2015,C61,C61,Prostate,EQI Cluster,Unclassified,25,332452,8.5651,1.7315,5.5429,12.6438,8.57 ± 1.73
2011-2015,C61,C61,Prostate,Land Use Cluster,Natural,53002,596705846,8.0578,0.0353,7.9894,8.1267,8.06 ± 0.04
2011-2015,C61,C61,Prostate,Land Use Cluster,Water-sensitive,26074,259404191,7.6322,0.0476,7.5398,7.7254,7.63 ± 0.05
2011-2015,C61,C61,Prostate,Land Use Cluster,Agricultural,23492,264189827,7.7671,0.0511,7.6681,7.8671,7.77 ± 0.05
2011-2015,C61,C61,Prostate,Land Use Cluster,Urban,37490,461437252,7.9244,0.0415,7.8444,8.005,7.92 ± 0.04
2011-2015,C61,C61,Prostate,Land Use Cluster,National,140071,1581910672,7.8876,0.0213,7.8464,7.929,7.89 ± 0.02
2011-2015,C61,C61,Prostate,Land Use Cluster,Unclassified,13,173556,9.4798,2.7017,5.0476,16.2107,9.48 ± 2.70
2011-2015,C64_C65,C64_C65,Kidney,EQI Cluster,Low-burden,3106,96221942,3.0333,0.0548,2.9276,3.1419,3.03 ± 0.05
2011-2015,C64_C65,C64_C65,Kidney,EQI Cluster,Mixed-burden,13892,520341893,2.6116,0.0223,2.5683,2.6554,2.61 ± 0.02
2011-2015,C64_C65,C64_C65,Kidney,EQI Cluster,High-burden,30233,1233441558,2.7267,0.0158,2.696,2.7576,2.73 ± 0.02
2011-2015,C64_C65,C64_C65,Kidney,EQI Cluster,National,47240,1850388226,2.71,0.0126,2.6856,2.7346,2.71 ± 0.01
2011-2015,C64_C65,C64_C65,Kidney,EQI Cluster,Unclassified,9,382833,3.1175,1.0459,1.4255,5.918,3.12 ± 1.05
2011-2015,C64_C65,C64_C65,Kidney,Land Use Cluster,Natural,17890,698044314,2.7367,0.0206,2.6967,2.7771,2.74 ± 0.02
2011-2015,C64_C65,C64_C65,Kidney,Land Use Cluster,Water-sensitive,8732,302304814,2.5882,0.0279,2.5342,2.643,2.59 ± 0.03
2011-2015,C64_C65,C64_C65,Kidney,Land Use Cluster,Agricultural,9027,309298607,3.0511,0.0323,2.9885,3.1147,3.05 ± 0.03
2011-2015,C64_C65,C64_C65,Kidney,Land Use Cluster,Urban,11583,540529094,2.5376,0.0238,2.4916,2.5842,2.54 ± 0.02
2011-2015,C64_C65,C64_C65,Kidney,Land Use Cluster,National,47240,1850388226,2.71,0.0126,2.6856,2.7346,2.71 ± 0.01
2011-2015,C64_C65,C64_C65,Kidney,Land Use Cluster,Unclassified,8,211397,6.0428,2.1539,2.6089,11.9068,6.04 ± 2.15
2011-2015,C82_C85,C82_C85,NHL,EQI Cluster,Low-burden,5554,82276141,5.5326,0.0753,5.3881,5.6801,5.53 ± 0.08
2011-2015,C82_C85,C82_C85,NHL,EQI Cluster,Mixed-burden,30407,445644719,5.7243,0.0332,5.6602,5.789,5.72 ± 0.03
2011-2015,C82_C85,C82_C85,NHL,EQI Cluster,High-burden,65284,1053657360,5.7698,0.0229,5.7257,5.8143,5.77 ± 0.02
2011-2015,C82_C85,C82_C85,NHL,EQI Cluster,National,101256,1581910672,5.7373,0.0182,5.702,5.7728,5.74 ± 0.02
2011-2015,C82_C85,C82_C85,NHL,EQI Cluster,Unclassified,11,332452,3.7371,1.1345,1.8655,6.6867,3.74 ± 1.13
2011-2015,C82_C85,C82_C85,NHL,Land Use Cluster,Natural,38006,596705846,5.7532,0.0298,5.6955,5.8113,5.75 ± 0.03
2011-2015,C82_C85,C82_C85,NHL,Land Use Cluster,Water-sensitive,18705,259404191,5.6251,0.0417,5.5448,5.7063,5.63 ± 0.04
2011-2015,C82_C85,C82_C85,NHL,Land Use Cluster,Agricultural,18136,264189827,6.0643,0.0455,5.9764,6.1533,6.06 ± 0.05
2011-2015,C82_C85,C82_C85,NHL,Land Use Cluster,Urban,26404,461437252,5.581,0.0348,5.5139,5.6487,5.58 ± 0.03
2011-2015,C82_C85,C82_C85,NHL,Land Use Cluster,National,101256,1581910672,5.7373,0.0182,5.702,5.7728,5.74 ± 0.02
2011-2015,C82_C85,C82_C85,NHL,Land Use Cluster,Unclassified,5,173556,4.0308,1.8447,1.3088,9.4066,4.03 ± 1.84
2011-2015,C91_C95,C91_C95,Leukemia,EQI Cluster,Low-burden,6569,82276141,6.6251,0.0829,6.4659,6.7873,6.63 ± 0.08
2011-2015,C91_C95,C91_C95,Leukemia,EQI Cluster,Mixed-burden,34365,445644719,6.5442,0.0357,6.4752,6.6138,6.54 ± 0.04
2011-2015,C91_C95,C91_C95,Leukemia,EQI Cluster,High-burden,74348,1053657360,6.6181,0.0246,6.5706,6.6658,6.62 ± 0.02
2011-2015,C91_C95,C91_C95,Leukemia,EQI Cluster,National,115301,1581910672,6.5937,0.0196,6.5557,6.6318,6.59 ± 0.02
2011-2015,C91_C95,C91_C95,Leukemia,EQI Cluster,Unclassified,19,332452,5.9117,1.382,3.5593,9.2319,5.91 ± 1.38
2011-2015,C91_C95,C91_C95,Leukemia,Land Use Cluster,Natural,43105,596705846,6.5937,0.0321,6.5316,6.6562,6.59 ± 0.03
2011-2015,C91_C95,C91_C95,Leukemia,Land Use Cluster,Water-sensitive,21302,259404191,6.5076,0.0453,6.4205,6.5956,6.51 ± 0.05
2011-2015,C91_C95,C91_C95,Leukemia,Land Use Cluster,Agricultural,20702,264189827,6.9827,0.0491,6.8879,7.0785,6.98 ± 0.05
2011-2015,C91_C95,C91_C95,Leukemia,Land Use Cluster,Urban,30185,461437252,6.4132,0.0374,6.3411,6.486,6.41 ± 0.04
2011-2015,C91_C95,C91_C95,Leukemia,Land Use Cluster,National,115301,1581910672,6.5937,0.0196,6.5557,6.6318,6.59 ± 0.02
2011-2015,C91_C95,C91_C95,Leukemia,Land Use Cluster,Unclassified,7,173556,5.4455,2.1024,2.1894,11.2199,5.45 ± 2.10
2011-2015,G10,G10,HD,EQI Cluster,Low-burden,280,82276141,0.2955,0.0181,0.2619,0.3322,0.30 ± 0.02
2011-2015,G10,G10,HD,EQI Cluster,Mixed-burden,1458,445644719,0.286,0.0076,0.2715,0.3011,0.29 ± 0.01
2011-2015,G10,G10,HD,EQI Cluster,High-burden,3337,1053657360,0.2879,0.0051,0.2782,0.2978,0.29 ± 0.01
2011-2015,G10,G10,HD,EQI Cluster,National,5075,1581910672,0.2873,0.0041,0.2795,0.2953,0.29 ± 0.00
2011-2015,G10,G10,HD,EQI Cluster,Unclassified,0,332452,0.0,0.0,0.0,0.0,0.00 ± 0.00
2011-2015,G10,G10,HD,Land Use Cluster,Natural,2011,596705846,0.3012,0.0068,0.2882,0.3147,0.30 ± 0.01
2011-2015,G10,G10,HD,Land Use Cluster,Water-sensitive,804,259404191,0.2564,0.0093,0.239,0.2748,0.26 ± 0.01
2011-2015,G10,G10,HD,Land Use Cluster,Agricultural,1070,264189827,0.3669,0.0114,0.3453,0.3896,0.37 ± 0.01
2011-2015,G10,G10,HD,Land Use Cluster,Urban,1189,461437252,0.241,0.0071,0.2275,0.2551,0.24 ± 0.01
2011-2015,G10,G10,HD,Land Use Cluster,National,5075,1581910672,0.2873,0.0041,0.2795,0.2953,0.29 ± 0.00
2011-2015,G10,G10,HD,Land Use Cluster,Unclassified,1,173556,0.8911,0.8911,0.0226,4.9648,0.89 ± 0.89
2011-2015,G12.2,G12.2,ALS,EQI Cluster,Low-burden,1754,82276141,1.6965,0.0412,1.618,1.7778,1.70 ± 0.04
2011-2015,G12.2,G12.2,ALS,EQI Cluster,Mixed-burden,10018,445644719,1.8748,0.019,1.8383,1.9119,1.87 ± 0.02
2011-2015,G12.2,G12.2,ALS,EQI Cluster,High-burden,23968,1053657360,2.0697,0.0136,2.0435,2.096,2.07 ± 0.01
2011-2015,G12.2,G12.2,ALS,EQI Cluster,National,35748,1581910672,1.9885,0.0107,1.9679,2.0092,1.99 ± 0.01
2011-2015,G12.2,G12.2,ALS,EQI Cluster,Unclassified,8,332452,2.5138,0.9074,1.0853,4.9532,2.51 ± 0.91
2011-2015,G12.2,G12.2,ALS,Land Use Cluster,Natural,13706,596705846,2.0157,0.0175,1.9821,2.0497,2.02 ± 0.02
2011-2015,G12.2,G12.2,ALS,Land Use Cluster,Water-sensitive,6449,259404191,1.9348,0.0244,1.8879,1.9826,1.93 ± 0.02
2011-2015,G12.2,G12.2,ALS,Land Use Cluster,Agricultural,6578,264189827,2.1707,0.0271,2.1186,2.2238,2.17 ± 0.03
2011-2015,G12.2,G12.2,ALS,Land Use Cluster,Urban,9012,461437252,1.8791,0.0201,1.8405,1.9183,1.88 ± 0.02
2011-2015,G12.2,G12.2,ALS,Land Use Cluster,National,35748,1581910672,1.9885,0.0107,1.9679,2.0092,1.99 ± 0.01
2011-2015,G12.2,G12.2,ALS,Land Use Cluster,Unclassified,3,173556,2.2556,1.3227,0.4652,6.5918,2.26 ± 1.32
2011-2015,G20,G20,PD,EQI Cluster,Low-burden,5764,82276141,5.905,0.0781,5.7535,6.0595,5.91 ± 0.08
2011-2015,G20,G20,PD,EQI Cluster,Mixed-burden,36745,445644719,6.877,0.0362,6.8068,6.9476,6.88 ± 0.04
2011-2015,G20,G20,PD,EQI Cluster,High-burden,82884,1053657360,7.545,0.0264,7.4937,7.5966,7.55 ± 0.03
2011-2015,G20,G20,PD,EQI Cluster,National,125409,1581910672,7.2462,0.0206,7.2061,7.2864,7.25 ± 0.02
2011-2015,G20,G20,PD,EQI Cluster,Unclassified,16,332452,5.2894,1.3316,3.0234,8.5897,5.29 ± 1.33
2011-2015,G20,G20,PD,Land Use Cluster,Natural,46936,596705846,7.3758,0.0343,7.3092,7.4428,7.38 ± 0.03
2011-2015,G20,G20,PD,Land Use Cluster,Water-sensitive,23449,259404191,6.9441,0.0457,6.8555,7.0336,6.94 ± 0.05
2011-2015,G20,G20,PD,Land Use Cluster,Agricultural,23404,264189827,7.9163,0.0522,7.8152,8.0184,7.92 ± 0.05
2011-2015,G20,G20,PD,Land Use Cluster,Urban,31617,461437252,6.8584,0.0391,6.783,6.9345,6.86 ± 0.04
2011-2015,G20,G20,PD,Land Use Cluster,National,125409,1581910672,7.2462,0.0206,7.2061,7.2864,7.25 ± 0.02
2011-2015,G20,G20,PD,Land Use Cluster,Unclassified,3,173556,2.3058,1.3475,0.4755,6.7387,2.31 ± 1.35
2011-2015,G20_G30_G12.2_F01_F03,G20_G30_G12.2_F01_F03,NDD,EQI Cluster,Low-burden,66381,82276141,68.5463,0.2667,68.0259,69.0698,68.55 ± 0.27
2011-2015,G20_G30_G12.2_F01_F03,G20_G30_G12.2_F01_F03,NDD,EQI Cluster,Mixed-burden,364594,445644719,65.4586,0.1093,65.2463,65.6714,65.46 ± 0.11
2011-2015,G20_G30_G12.2_F01_F03,G20_G30_G12.2_F01_F03,NDD,EQI Cluster,High-burden,850705,1053657360,74.3635,0.0813,74.2055,74.5217,74.36 ± 0.08
2011-2015,G20_G30_G12.2_F01_F03,G20_G30_G12.2_F01_F03,NDD,EQI Cluster,National,1281883,1581910672,71.2872,0.0634,71.1638,71.4107,71.29 ± 0.06
2011-2015,G20_G30_G12.2_F01_F03,G20_G30_G12.2_F01_F03,NDD,EQI Cluster,Unclassified,203,332452,69.9402,4.9304,60.6494,80.2516,69.94 ± 4.93
2011-2015,G20_G30_G12.2_F01_F03,G20_G30_G12.2_F01_F03,NDD,Land Use Cluster,Natural,479039,596705846,73.6023,0.1069,73.394,73.811,73.60 ± 0.11
2011-2015,G20_G30_G12.2_F01_F03,G20_G30_G12.2_F01_F03,NDD,Land Use Cluster,Water-sensitive,235137,259404191,66.8612,0.1389,66.5912,67.132,66.86 ± 0.14
2011-2015,G20_G30_G12.2_F01_F03,G20_G30_G12.2_F01_F03,NDD,Land Use Cluster,Agricultural,235962,264189827,76.5281,0.1588,76.2197,76.8376,76.53 ± 0.16
2011-2015,G20_G30_G12.2_F01_F03,G20_G30_G12.2_F01_F03,NDD,Land Use Cluster,Urban,331691,461437252,68.0607,0.1196,67.8293,68.2928,68.06 ± 0.12
2011-2015,G20_G30_G12.2_F01_F03,G20_G30_G12.2_F01_F03,NDD,Land Use Cluster,National,1281883,1581910672,71.2872,0.0634,71.1638,71.4107,71.29 ± 0.06
2011-2015,G20_G30_G12.2_F01_F03,G20_G30_G12.2_F01_F03,NDD,Land Use Cluster,Unclassified,54,173556,45.4994,6.2194,34.1806,59.3669,45.50 ± 6.22
2011-2015,G30_F01_F03,G30_F01_F03,Dementia,EQI Cluster,Low-burden,58583,82276141,60.6493,0.251,60.1592,61.1425,60.65 ± 0.25
2011-2015,G30_F01_F03,G30_F01_F03,Dementia,EQI Cluster,Mixed-burden,316373,445644719,56.4207,0.1011,56.2243,56.6177,56.42 ± 0.10
2011-2015,G30_F01_F03,G30_F01_F03,Dementia,EQI Cluster,High-burden,740516,1053657360,64.4609,0.0755,64.3142,64.6079,64.46 ± 0.08
2011-2015,G30_F01_F03,G30_F01_F03,Dementia,EQI Cluster,National,1115651,1581910672,61.7652,0.0589,61.6506,61.8799,61.77 ± 0.06
2011-2015,G30_F01_F03,G30_F01_F03,Dementia,EQI Cluster,Unclassified,179,332452,62.137,4.6596,53.3674,71.9365,62.14 ± 4.66
2011-2015,G30_F01_F03,G30_F01_F03,Dementia,Land Use Cluster,Natural,416386,596705846,63.9096,0.0995,63.7156,64.104,63.91 ± 0.10
2011-2015,G30_F01_F03,G30_F01_F03,Dementia,Land Use Cluster,Water-sensitive,204435,259404191,57.7258,0.1286,57.4758,57.9766,57.73 ± 0.13
2011-2015,G30_F01_F03,G30_F01_F03,Dementia,Land Use Cluster,Agricultural,204910,264189827,66.0742,0.1471,65.7884,66.3609,66.07 ± 0.15
2011-2015,G30_F01_F03,G30_F01_F03,Dementia,Land Use Cluster,Urban,289873,461437252,59.0822,0.111,58.8673,59.2977,59.08 ± 0.11
2011-2015,G30_F01_F03,G30_F01_F03,Dementia,Land Use Cluster,National,1115651,1581910672,61.7652,0.0589,61.6506,61.8799,61.77 ± 0.06
2011-2015,G30_F01_F03,G30_F01_F03,Dementia,Land Use Cluster,Unclassified,47,173556,40.0469,5.8585,29.425,53.2539,40.05 ± 5.86
2011-2015,I00_I99,I00_I99,CVD,EQI Cluster,Low-burden,261560,82276141,264.1855,0.5224,263.174,265.1999,264.19 ± 0.52
2011-2015,I00_I99,I00_I99,CVD,EQI Cluster,Mixed-burden,1247408,445644719,228.87,0.2072,228.4686,229.272,228.87 ± 0.21
2011-2015,I00_I99,I00_I99,CVD,EQI Cluster,High-burden,2502938,1053657360,217.4067,0.1389,217.1375,217.6762,217.41 ± 0.14
2011-2015,I00_I99,I00_I99,CVD,EQI Cluster,National,4012384,1581910672,223.3787,0.1127,223.1602,223.5974,223.38 ± 0.11
2011-2015,I00_I99,I00_I99,CVD,EQI Cluster,Unclassified,478,332452,157.9434,7.2915,144.0999,172.7581,157.94 ± 7.29
2011-2015,I00_I99,I00_I99,CVD,Land Use Cluster,Natural,1495108,596705846,225.9004,0.1865,225.5384,226.2628,225.90 ± 0.19
2011-2015,I00_I99,I00_I99,CVD,Land Use Cluster,Water-sensitive,731963,259404191,214.4463,0.2538,213.9553,214.9381,214.45 ± 0.25
2011-2015,I00_I99,I00_I99,CVD,Land Use Cluster,Agricultural,710652,264189827,232.4825,0.2788,231.9423,233.0237,232.48 ± 0.28
2011-2015,I00_I99,I00_I99,CVD,Land Use Cluster,Urban,1074358,461437252,220.7554,0.2159,220.3382,221.1732,220.76 ± 0.22
2011-2015,I00_I99,I00_I99,CVD,Land Use Cluster,National,4012384,1581910672,223.3787,0.1127,223.1602,223.5974,223.38 ± 0.11
2011-2015,I00_I99,I00_I99,CVD,Land Use Cluster,Unclassified,303,173556,229.5178,13.4926,204.3996,256.8707,229.52 ± 13.49
2011-2015,I10_I15,I10_I15,HD,EQI Cluster,Low-burden,19129,82276141,19.524,0.1431,19.2483,19.8026,19.52 ± 0.14
2011-2015,I10_I15,I10_I15,HD,EQI Cluster,Mixed-burden,112446,445644719,20.6981,0.0626,20.5773,20.8194,20.70 ± 0.06
2011-2015,I10_I15,I10_I15,HD,EQI Cluster,High-burden,225658,1053657360,19.4331,0.0414,19.353,19.5135,19.43 ± 0.04
2011-2015,I10_I15,I10_I15,HD,EQI Cluster,National,357256,1581910672,19.7932,0.0335,19.7283,19.8582,19.79 ± 0.03
2011-2015,I10_I15,I10_I15,HD,EQI Cluster,Unclassified,23,332452,7.6512,1.6039,4.8502,11.4805,7.65 ± 1.60
2011-2015,I10_I15,I10_I15,HD,Land Use Cluster,Natural,129952,596705846,19.5478,0.0548,19.4417,19.6544,19.55 ± 0.05
2011-2015,I10_I15,I10_I15,HD,Land Use Cluster,Water-sensitive,62328,259404191,18.4456,0.0751,18.3011,18.591,18.45 ± 0.08
2011-2015,I10_I15,I10_I15,HD,Land Use Cluster,Agricultural,54455,264189827,17.7198,0.0768,17.5712,17.8692,17.72 ± 0.08
2011-2015,I10_I15,I10_I15,HD,Land Use Cluster,Urban,110499,461437252,22.4438,0.0685,22.3116,22.5765,22.44 ± 0.07
2011-2015,I10_I15,I10_I15,HD,Land Use Cluster,National,357256,1581910672,19.7932,0.0335,19.7283,19.8582,19.79 ± 0.03
2011-2015,I10_I15,I10_I15,HD,Land Use Cluster,Unclassified,22,173556,17.8834,3.8596,11.2074,27.0757,17.88 ± 3.86
2011-2015,I20_I25,I20_I25,IHD,EQI Cluster,Low-burden,124081,82276141,124.2037,0.3568,123.5136,124.8968,124.20 ± 0.36
2011-2015,I20_I25,I20_I25,IHD,EQI Cluster,Mixed-burden,590704,445644719,108.0629,0.1421,107.7875,108.3389,108.06 ± 0.14
2011-2015,I20_I25,I20_I25,IHD,EQI Cluster,High-burden,1132323,1053657360,97.964,0.0931,97.7836,98.1446,97.96 ± 0.09
2011-2015,I20_I25,I20_I25,IHD,EQI Cluster,National,1847307,1581910672,102.4768,0.0762,102.3291,102.6247,102.48 ± 0.08
2011-2015,I20_I25,I20_I25,IHD,EQI Cluster,Unclassified,199,332452,64.7686,4.6445,56.0819,74.4197,64.77 ± 4.64
2011-2015,I20_I25,I20_I25,IHD,Land Use Cluster,Natural,684219,596705846,102.7205,0.1254,102.4773,102.9642,102.72 ± 0.13
2011-2015,I20_I25,I20_I25,IHD,Land Use Cluster,Water-sensitive,343126,259404191,100.2286,0.1731,99.8935,100.5645,100.23 ± 0.17
2011-2015,I20_I25,I20_I25,IHD,Land Use Cluster,Agricultural,321271,264189827,104.9314,0.1871,104.5688,105.2948,104.93 ± 0.19
2011-2015,I20_I25,I20_I25,IHD,Land Use Cluster,Urban,498560,461437252,102.3073,0.1469,102.0235,102.5917,102.31 ± 0.15
2011-2015,I20_I25,I20_I25,IHD,Land Use Cluster,National,1847307,1581910672,102.4768,0.0762,102.3291,102.6247,102.48 ± 0.08
2011-2015,I20_I25,I20_I25,IHD,Land Use Cluster,Unclassified,131,173556,95.7256,8.5773,80.036,113.592,95.73 ± 8.58
2011-2015,I50,I50,HF,EQI Cluster,Low-burden,24560,82276141,24.9811,0.1604,24.6697,25.2955,24.98 ± 0.16
2011-2015,I50,I50,HF,EQI Cluster,Mixed-burden,96032,445644719,17.3038,0.0563,17.1946,17.4136,17.30 ± 0.06
2011-2015,I50,I50,HF,EQI Cluster,High-burden,206894,1053657360,17.9236,0.0397,17.8464,18.001,17.92 ± 0.04
2011-2015,I50,I50,HF,EQI Cluster,National,327535,1581910672,18.111,0.0319,18.049,18.1731,18.11 ± 0.03
2011-2015,I50,I50,HF,EQI Cluster,Unclassified,49,332452,16.5778,2.3804,12.2644,21.9168,16.58 ± 2.38
2011-2015,I50,I50,HF,Land Use Cluster,Natural,121966,596705846,18.525,0.0534,18.4212,18.6293,18.53 ± 0.05
2011-2015,I50,I50,HF,Land Use Cluster,Water-sensitive,56268,259404191,16.0678,0.0683,15.9353,16.2011,16.07 ± 0.07
2011-2015,I50,I50,HF,Land Use Cluster,Agricultural,64611,264189827,20.8491,0.0827,20.6886,21.0104,20.85 ± 0.08
2011-2015,I50,I50,HF,Land Use Cluster,Urban,84676,461437252,17.273,0.0601,17.1568,17.3897,17.27 ± 0.06
2011-2015,I50,I50,HF,Land Use Cluster,National,327535,1581910672,18.111,0.0319,18.049,18.1731,18.11 ± 0.03
2011-2015,I50,I50,HF,Land Use Cluster,Unclassified,14,173556,11.1863,3.0291,6.1156,18.7687,11.19 ± 3.03
2011-2015,I60_I69,I60_I69,Stroke,EQI Cluster,Low-burden,41757,82276141,42.4387,0.2096,42.0326,42.8477,42.44 ± 0.21
2011-2015,I60_I69,I60_I69,Stroke,EQI Cluster,Mixed-burden,196499,445644719,36.1498,0.0824,35.9901,36.31,36.15 ± 0.08
2011-2015,I60_I69,I60_I69,Stroke,EQI Cluster,High-burden,421080,1053657360,36.9304,0.0575,36.819,37.0422,36.93 ± 0.06
2011-2015,I60_I69,I60_I69,Stroke,EQI Cluster,National,659437,1581910672,36.9776,0.046,36.8884,37.0669,36.98 ± 0.05
2011-2015,I60_I69,I60_I69,Stroke,EQI Cluster,Unclassified,101,332452,34.228,3.4368,27.8792,41.5901,34.23 ± 3.44
2011-2015,I60_I69,I60_I69,Stroke,Land Use Cluster,Natural,248694,596705846,37.9463,0.0767,37.7973,38.0957,37.95 ± 0.08
2011-2015,I60_I69,I60_I69,Stroke,Land Use Cluster,Water-sensitive,118879,259404191,34.8242,0.1022,34.6265,35.0227,34.82 ± 0.10
2011-2015,I60_I69,I60_I69,Stroke,Land Use Cluster,Agricultural,120630,264189827,39.6629,0.1154,39.4394,39.8874,39.66 ± 0.12
2011-2015,I60_I69,I60_I69,Stroke,Land Use Cluster,Urban,171163,461437252,35.5269,0.087,35.3588,35.6956,35.53 ± 0.09
2011-2015,I60_I69,I60_I69,Stroke,Land Use Cluster,National,659437,1581910672,36.9776,0.046,36.8884,37.0669,36.98 ± 0.05
2011-2015,I60_I69,I60_I69,Stroke,Land Use Cluster,Unclassified,71,173556,55.4446,6.721,43.3027,69.9358,55.44 ± 6.72
2011-2015,J40_J42_J45_J46_J47_J60_J70,J40_J42_J45_J46_J47_J60_J70,Other CRD,EQI Cluster,Low-burden,7858,82276141,8.0904,0.0922,7.9125,8.2713,8.09 ± 0.09
2011-2015,J40_J42_J45_J46_J47_J60_J70,J40_J42_J45_J46_J47_J60_J70,Other CRD,EQI Cluster,Mixed-burden,35476,445644719,6.5802,0.0354,6.5119,6.6491,6.58 ± 0.04
2011-2015,J40_J42_J45_J46_J47_J60_J70,J40_J42_J45_J46_J47_J60_J70,Other CRD,EQI Cluster,High-burden,79878,1053657360,7.0166,0.0251,6.968,7.0654,7.02 ± 0.03
2011-2015,J40_J42_J45_J46_J47_J60_J70,J40_J42_J45_J46_J47_J60_J70,Other CRD,EQI Cluster,National,123227,1581910672,6.9353,0.02,6.8967,6.9742,6.94 ± 0.02
2011-2015,J40_J42_J45_J46_J47_J60_J70,J40_J42_J45_J46_J47_J60_J70,Other CRD,EQI Cluster,Unclassified,15,332452,4.7577,1.2432,2.6628,7.8471,4.76 ± 1.24
2011-2015,J40_J42_J45_J46_J47_J60_J70,J40_J42_J45_J46_J47_J60_J70,Other CRD,Land Use Cluster,Natural,45075,596705846,6.9105,0.0328,6.8469,6.9746,6.91 ± 0.03
2011-2015,J40_J42_J45_J46_J47_J60_J70,J40_J42_J45_J46_J47_J60_J70,Other CRD,Land Use Cluster,Water-sensitive,20743,259404191,6.1386,0.0433,6.0554,6.2227,6.14 ± 0.04
2011-2015,J40_J42_J45_J46_J47_J60_J70,J40_J42_J45_J46_J47_J60_J70,Other CRD,Land Use Cluster,Agricultural,23222,264189827,7.6599,0.0508,7.5617,7.7591,7.66 ± 0.05
2011-2015,J40_J42_J45_J46_J47_J60_J70,J40_J42_J45_J46_J47_J60_J70,Other CRD,Land Use Cluster,Urban,34171,461437252,7.0677,0.0387,6.993,7.1431,7.07 ± 0.04
2011-2015,J40_J42_J45_J46_J47_J60_J70,J40_J42_J45_J46_J47_J60_J70,Other CRD,Land Use Cluster,National,123227,1581910672,6.9353,0.02,6.8967,6.9742,6.94 ± 0.02
2011-2015,J40_J42_J45_J46_J47_J60_J70,J40_J42_J45_J46_J47_J60_J70,Other CRD,Land Use Cluster,Unclassified,16,173556,13.7278,3.4559,7.8466,22.2931,13.73 ± 3.46
2011-2015,J40_J47,J40_J47,J40_J47,EQI Cluster,Low-burden,54223,82276141,53.4248,0.2315,52.9761,53.8764,53.42 ± 0.23
2011-2015,J40_J47,J40_J47,J40_J47,EQI Cluster,Mixed-burden,214782,445644719,39.9074,0.0869,39.7388,40.0765,39.91 ± 0.09
2011-2015,J40_J47,J40_J47,J40_J47,EQI Cluster,High-burden,468227,1053657360,41.3954,0.0612,41.2769,41.5141,41.40 ± 0.06
2011-2015,J40_J47,J40_J47,J40_J47,EQI Cluster,National,737352,1581910672,41.608,0.0489,41.5131,41.7031,41.61 ± 0.05
2011-2015,J40_J47,J40_J47,J40_J47,EQI Cluster,Unclassified,120,332452,39.843,3.6782,33.0338,47.6425,39.84 ± 3.68
2011-2015,J40_J47,J40_J47,J40_J47,Land Use Cluster,Natural,302790,596705846,45.8472,0.0841,45.6841,46.0108,45.85 ± 0.08
2011-2015,J40_J47,J40_J47,J40_J47,Land Use Cluster,Water-sensitive,130076,259404191,38.3814,0.1074,38.1731,38.5905,38.38 ± 0.11
2011-2015,J40_J47,J40_J47,J40_J47,Land Use Cluster,Agricultural,143320,264189827,47.6201,0.127,47.3739,47.8673,47.62 ± 0.13
2011-2015,J40_J47,J40_J47,J40_J47,Land Use Cluster,Urban,161120,461437252,34.1222,0.0862,33.9558,34.2892,34.12 ± 0.09
2011-2015,J40_J47,J40_J47,J40_J47,Land Use Cluster,National,737352,1581910672,41.608,0.0489,41.5131,41.7031,41.61 ± 0.05
2011-2015,J40_J47,J40_J47,J40_J47,Land Use Cluster,Unclassified,46,173556,36.6599,5.4944,26.8397,48.8992,36.66 ± 5.49
2011-2015,J40_J47_J60_J70_J84_D86,J40_J47_J60_J70_J84_D86,Non-cancer CRD,EQI Cluster,Low-burden,65963,82276141,65.2922,0.2566,64.7949,65.7924,65.29 ± 0.26
2011-2015,J40_J47_J60_J70_J84_D86,J40_J47_J60_J70_J84_D86,Non-cancer CRD,EQI Cluster,Mixed-burden,269475,445644719,50.0169,0.0973,49.8282,50.2061,50.02 ± 0.10
2011-2015,J40_J47_J60_J70_J84_D86,J40_J47_J60_J70_J84_D86,Non-cancer CRD,EQI Cluster,High-burden,592602,1053657360,52.3699,0.0688,52.2366,52.5034,52.37 ± 0.07
2011-2015,J40_J47_J60_J70_J84_D86,J40_J47_J60_J70_J84_D86,Non-cancer CRD,EQI Cluster,National,928188,1581910672,52.3608,0.0549,52.2543,52.4674,52.36 ± 0.05
2011-2015,J40_J47_J60_J70_J84_D86,J40_J47_J60_J70_J84_D86,Non-cancer CRD,EQI Cluster,Unclassified,148,332452,49.4722,4.1102,41.823,58.1154,49.47 ± 4.11
2011-2015,J40_J47_J60_J70_J84_D86,J40_J47_J60_J70_J84_D86,Non-cancer CRD,Land Use Cluster,Natural,373666,596705846,56.6663,0.0936,56.4848,56.8483,56.67 ± 0.09
2011-2015,J40_J47_J60_J70_J84_D86,J40_J47_J60_J70_J84_D86,Non-cancer CRD,Land Use Cluster,Water-sensitive,164041,259404191,48.3817,0.1206,48.1479,48.6164,48.38 ± 0.12
2011-2015,J40_J47_J60_J70_J84_D86,J40_J47_J60_J70_J84_D86,Non-cancer CRD,Land Use Cluster,Agricultural,178886,264189827,59.386,0.1418,59.1112,59.6619,59.39 ± 0.14
2011-2015,J40_J47_J60_J70_J84_D86,J40_J47_J60_J70_J84_D86,Non-cancer CRD,Land Use Cluster,Urban,211530,461437252,44.6795,0.0985,44.4893,44.8703,44.68 ± 0.10
2011-2015,J40_J47_J60_J70_J84_D86,J40_J47_J60_J70_J84_D86,Non-cancer CRD,Land Use Cluster,National,928188,1581910672,52.3608,0.0549,52.2543,52.4674,52.36 ± 0.05
2011-2015,J40_J47_J60_J70_J84_D86,J40_J47_J60_J70_J84_D86,Non-cancer CRD,Land Use Cluster,Unclassified,65,173556,52.7822,6.6467,40.7362,67.2753,52.78 ± 6.65
2011-2015,J40_J47_J60_J70_J84_D86_C34,J40_J47_J60_J70_J84_D86_C34,CRD,EQI Cluster,Low-burden,119581,82276141,116.5476,0.3406,115.8879,117.21,116.55 ± 0.34
2011-2015,J40_J47_J60_J70_J84_D86_C34,J40_J47_J60_J70_J84_D86_C34,CRD,EQI Cluster,Mixed-burden,510298,445644719,94.6613,0.1338,94.4017,94.9214,94.66 ± 0.13
2011-2015,J40_J47_J60_J70_J84_D86_C34,J40_J47_J60_J70_J84_D86_C34,CRD,EQI Cluster,High-burden,1077603,1053657360,94.3294,0.092,94.1514,94.5077,94.33 ± 0.09
2011-2015,J40_J47_J60_J70_J84_D86_C34,J40_J47_J60_J70_J84_D86_C34,CRD,EQI Cluster,National,1707724,1581910672,95.6261,0.074,95.4827,95.7696,95.63 ± 0.07
2011-2015,J40_J47_J60_J70_J84_D86_C34,J40_J47_J60_J70_J84_D86_C34,CRD,EQI Cluster,Unclassified,242,332452,79.7393,5.1872,70.0085,90.4443,79.74 ± 5.19
2011-2015,J40_J47_J60_J70_J84_D86_C34,J40_J47_J60_J70_J84_D86_C34,CRD,Land Use Cluster,Natural,665711,596705846,99.6657,0.1235,99.4265,99.9055,99.67 ± 0.12
2011-2015,J40_J47_J60_J70_J84_D86_C34,J40_J47_J60_J70_J84_D86_C34,CRD,Land Use Cluster,Water-sensitive,313650,259404191,92.6604,0.1671,92.3364,92.9852,92.66 ± 0.17
2011-2015,J40_J47_J60_J70_J84_D86_C34,J40_J47_J60_J70_J84_D86_C34,CRD,Land Use Cluster,Agricultural,323708,264189827,106.9177,0.1899,106.5497,107.2867,106.92 ± 0.19
2011-2015,J40_J47_J60_J70_J84_D86_C34,J40_J47_J60_J70_J84_D86_C34,CRD,Land Use Cluster,Urban,404527,461437252,84.9934,0.1355,84.7317,85.2558,84.99 ± 0.14
2011-2015,J40_J47_J60_J70_J84_D86_C34,J40_J47_J60_J70_J84_D86_C34,CRD,Land Use Cluster,National,1707724,1581910672,95.6261,0.074,95.4827,95.7696,95.63 ± 0.07
2011-2015,J40_J47_J60_J70_J84_D86_C34,J40_J47_J60_J70_J84_D86_C34,CRD,Land Use Cluster,Unclassified,128,173556,98.2467,8.8884,81.9648,116.8156,98.25 ± 8.89
2011-2015,J43_J44,J43_J44,COPD,EQI Cluster,Low-burden,52841,82276141,51.9365,0.2279,51.4946,52.3812,51.94 ± 0.23
2011-2015,J43_J44,J43_J44,COPD,EQI Cluster,Mixed-burden,207184,445644719,38.4031,0.0851,38.2379,38.5688,38.40 ± 0.09
2011-2015,J43_J44,J43_J44,COPD,EQI Cluster,High-burden,451629,1053657360,39.9163,0.0601,39.8,40.0329,39.92 ± 0.06
2011-2015,J43_J44,J43_J44,COPD,EQI Cluster,National,711772,1581910672,40.1262,0.048,40.0331,40.2195,40.13 ± 0.05
2011-2015,J43_J44,J43_J44,COPD,EQI Cluster,Unclassified,118,332452,39.2851,3.6562,32.5173,47.046,39.29 ± 3.66
2011-2015,J43_J44,J43_J44,COPD,Land Use Cluster,Natural,293419,596705846,44.3908,0.0827,44.2303,44.5517,44.39 ± 0.08
2011-2015,J43_J44,J43_J44,COPD,Land Use Cluster,Water-sensitive,126102,259404191,37.0996,0.1054,36.8951,37.3049,37.10 ± 0.11
2011-2015,J43_J44,J43_J44,COPD,Land Use Cluster,Agricultural,138899,264189827,46.1118,0.1249,45.8697,46.355,46.11 ± 0.12
2011-2015,J43_J44,J43_J44,COPD,Land Use Cluster,Urban,153316,461437252,32.492,0.0841,32.3296,32.6551,32.49 ± 0.08
2011-2015,J43_J44,J43_J44,COPD,Land Use Cluster,National,711772,1581910672,40.1262,0.048,40.0331,40.2195,40.13 ± 0.05
2011-2015,J43_J44,J43_J44,COPD,Land Use Cluster,Unclassified,36,173556,28.3743,4.816,19.873,39.282,28.37 ± 4.82
2011-2015,J45,J45,Asthma,EQI Cluster,Low-burden,892,82276141,0.9755,0.0335,0.9125,1.0416,0.98 ± 0.03
2011-2015,J45,J45,Asthma,EQI Cluster,Mixed-burden,4862,445644719,0.9779,0.0143,0.9506,1.0058,0.98 ± 0.01
2011-2015,J45,J45,Asthma,EQI Cluster,High-burden,10253,1053657360,0.9127,0.0091,0.8951,0.9305,0.91 ± 0.01
2011-2015,J45,J45,Asthma,EQI Cluster,National,16009,1581910672,0.9315,0.0075,0.9171,0.946,0.93 ± 0.01
2011-2015,J45,J45,Asthma,EQI Cluster,Unclassified,2,332452,0.558,0.402,0.0676,2.0156,0.56 ± 0.40
2011-2015,J45,J45,Asthma,Land Use Cluster,Natural,5778,596705846,0.8977,0.012,0.8747,0.9211,0.90 ± 0.01
2011-2015,J45,J45,Asthma,Land Use Cluster,Water-sensitive,2405,259404191,0.7971,0.0167,0.7656,0.8296,0.80 ± 0.02
2011-2015,J45,J45,Asthma,Land Use Cluster,Agricultural,2621,264189827,0.9009,0.0179,0.8667,0.936,0.90 ± 0.02
2011-2015,J45,J45,Asthma,Land Use Cluster,Urban,5201,461437252,1.0801,0.0152,1.0509,1.1099,1.08 ± 0.02
2011-2015,J45,J45,Asthma,Land Use Cluster,National,16009,1581910672,0.9315,0.0075,0.9171,0.946,0.93 ± 0.01
2011-2015,J45,J45,Asthma,Land Use Cluster,Unclassified,4,173556,3.0989,1.5687,0.8443,7.9343,3.10 ± 1.57
2011-2015,J60_J66,J60_J66,Pneumoconiosis,EQI Cluster,Low-burden,662,82276141,0.6568,0.0257,0.6077,0.7088,0.66 ± 0.03
2011-2015,J60_J66,J60_J66,Pneumoconiosis,EQI Cluster,Mixed-burden,1149,445644719,0.2128,0.0063,0.2007,0.2255,0.21 ± 0.01
2011-2015,J60_J66,J60_J66,Pneumoconiosis,EQI Cluster,High-burden,1904,1053657360,0.1726,0.004,0.165,0.1806,0.17 ± 0.00
2011-2015,J60_J66,J60_J66,Pneumoconiosis,EQI Cluster,National,3716,1581910672,0.2128,0.0035,0.206,0.2197,0.21 ± 0.00
2011-2015,J60_J66,J60_J66,Pneumoconiosis,EQI Cluster,Unclassified,1,332452,0.2885,0.2885,0.0073,1.6077,0.29 ± 0.29
2011-2015,J60_J66,J60_J66,Pneumoconiosis,Land Use Cluster,Natural,2117,596705846,0.3248,0.0071,0.3111,0.339,0.32 ± 0.01
2011-2015,J60_J66,J60_J66,Pneumoconiosis,Land Use Cluster,Water-sensitive,610,259404191,0.1823,0.0074,0.1681,0.1973,0.18 ± 0.01
2011-2015,J60_J66,J60_J66,Pneumoconiosis,Land Use Cluster,Agricultural,449,264189827,0.1533,0.0073,0.1394,0.1681,0.15 ± 0.01
2011-2015,J60_J66,J60_J66,Pneumoconiosis,Land Use Cluster,Urban,539,461437252,0.1163,0.0051,0.1067,0.1265,0.12 ± 0.01
2011-2015,J60_J66,J60_J66,Pneumoconiosis,Land Use Cluster,National,3716,1581910672,0.2128,0.0035,0.206,0.2197,0.21 ± 0.00
2011-2015,J60_J66,J60_J66,Pneumoconiosis,Land Use Cluster,Unclassified,1,173556,0.9389,0.9389,0.0238,5.2312,0.94 ± 0.94
2011-2015,J60_J70,J60_J70,J60_J70,EQI Cluster,Low-burden,6484,82276141,6.6094,0.0827,6.4495,6.7722,6.61 ± 0.08
2011-2015,J60_J70,J60_J70,J60_J70,EQI Cluster,Mixed-burden,27880,445644719,5.0765,0.0307,5.0171,5.1364,5.08 ± 0.03
2011-2015,J60_J70,J60_J70,J60_J70,EQI Cluster,High-burden,63282,1053657360,5.5377,0.0222,5.4946,5.581,5.54 ± 0.02
2011-2015,J60_J70,J60_J70,J60_J70,EQI Cluster,National,97659,1581910672,5.4543,0.0176,5.4201,5.4886,5.45 ± 0.02
2011-2015,J60_J70,J60_J70,J60_J70,EQI Cluster,Unclassified,13,332452,4.1997,1.1765,2.2362,7.1816,4.20 ± 1.18
2011-2015,J60_J70,J60_J70,J60_J70,Land Use Cluster,Natural,35708,596705846,5.4548,0.0291,5.3984,5.5117,5.45 ± 0.03
2011-2015,J60_J70,J60_J70,J60_J70,Land Use Cluster,Water-sensitive,16769,259404191,4.8568,0.0379,4.7836,4.9309,4.86 ± 0.04
2011-2015,J60_J70,J60_J70,J60_J70,Land Use Cluster,Agricultural,18809,264189827,6.1543,0.0453,6.0666,6.2429,6.15 ± 0.05
2011-2015,J60_J70,J60_J70,J60_J70,Land Use Cluster,Urban,26367,461437252,5.4376,0.0339,5.3721,5.5036,5.44 ± 0.03
2011-2015,J60_J70,J60_J70,J60_J70,Land Use Cluster,National,97659,1581910672,5.4543,0.0176,5.4201,5.4886,5.45 ± 0.02
2011-2015,J60_J70,J60_J70,J60_J70,Land Use Cluster,Unclassified,6,173556,5.4422,2.2245,1.9972,11.8453,5.44 ± 2.22
2011-2015,J84_D86,J84_D86,ILD,EQI Cluster,Low-burden,5264,82276141,5.2654,0.0733,5.1241,5.4096,5.27 ± 0.07
2011-2015,J84_D86,J84_D86,ILD,EQI Cluster,Mixed-burden,26815,445644719,5.0336,0.0311,4.9735,5.0942,5.03 ± 0.03
2011-2015,J84_D86,J84_D86,ILD,EQI Cluster,High-burden,61095,1053657360,5.437,0.0222,5.394,5.4803,5.44 ± 0.02
2011-2015,J84_D86,J84_D86,ILD,EQI Cluster,National,93189,1581910672,5.2992,0.0175,5.2653,5.3334,5.30 ± 0.02
2011-2015,J84_D86,J84_D86,ILD,EQI Cluster,Unclassified,15,332452,5.4294,1.4073,3.0388,8.955,5.43 ± 1.41
2011-2015,J84_D86,J84_D86,ILD,Land Use Cluster,Natural,35172,596705846,5.365,0.0289,5.3091,5.4214,5.37 ± 0.03
2011-2015,J84_D86,J84_D86,ILD,Land Use Cluster,Water-sensitive,17196,259404191,5.1435,0.0397,5.0669,5.221,5.14 ± 0.04
2011-2015,J84_D86,J84_D86,ILD,Land Use Cluster,Agricultural,16765,264189827,5.6143,0.0438,5.5296,5.6999,5.61 ± 0.04
2011-2015,J84_D86,J84_D86,ILD,Land Use Cluster,Urban,24043,461437252,5.1197,0.0335,5.0552,5.1849,5.12 ± 0.03
2011-2015,J84_D86,J84_D86,ILD,Land Use Cluster,National,93189,1581910672,5.2992,0.0175,5.2653,5.3334,5.30 ± 0.02
2011-2015,J84_D86,J84_D86,ILD,Land Use Cluster,Unclassified,13,173556,10.6801,3.0069,5.6867,18.2633,10.68 ± 3.01
2011-2015,K70,K70,Alcoholic,EQI Cluster,Low-burden,5498,82276141,5.893,0.0821,5.7382,6.0508,5.89 ± 0.08
2011-2015,K70,K70,Alcoholic,EQI Cluster,Mixed-burden,23929,445644719,4.6611,0.0308,4.6022,4.7205,4.66 ± 0.03
2011-2015,K70,K70,Alcoholic,EQI Cluster,High-burden,63062,1053657360,5.3668,0.0218,5.325,5.4089,5.37 ± 0.02
2011-2015,K70,K70,Alcoholic,EQI Cluster,National,92506,1581910672,5.1894,0.0174,5.1561,5.223,5.19 ± 0.02
2011-2015,K70,K70,Alcoholic,EQI Cluster,Unclassified,17,332452,4.8584,1.197,2.8302,7.7787,4.86 ± 1.20
2011-2015,K70,K70,Alcoholic,Land Use Cluster,Natural,43652,596705846,6.5148,0.0318,6.4538,6.5762,6.51 ± 0.03
2011-2015,K70,K70,Alcoholic,Land Use Cluster,Water-sensitive,14922,259404191,4.7998,0.0404,4.7231,4.8775,4.80 ± 0.04
2011-2015,K70,K70,Alcoholic,Land Use Cluster,Agricultural,12904,264189827,4.3581,0.0392,4.2832,4.434,4.36 ± 0.04
2011-2015,K70,K70,Alcoholic,Land Use Cluster,Urban,20950,461437252,4.1455,0.0291,4.0896,4.2021,4.15 ± 0.03
2011-2015,K70,K70,Alcoholic,Land Use Cluster,National,92506,1581910672,5.1894,0.0174,5.1561,5.223,5.19 ± 0.02
2011-2015,K70,K70,Alcoholic,Land Use Cluster,Unclassified,78,173556,52.3641,6.1045,41.3917,65.3528,52.36 ± 6.10
2011-2015,K70_K76,K70_K76,Non-cancer CLD,EQI Cluster,Low-burden,17790,82276141,18.153,0.1398,17.8872,18.4218,18.15 ± 0.14
2011-2015,K70_K76,K70_K76,Non-cancer CLD,EQI Cluster,Mixed-burden,68036,445644719,12.9635,0.0506,12.8662,13.0613,12.96 ± 0.05
2011-2015,K70_K76,K70_K76,Non-cancer CLD,EQI Cluster,High-burden,157749,1053657360,13.4116,0.0343,13.3455,13.4779,13.41 ± 0.03
2011-2015,K70_K76,K70_K76,Non-cancer CLD,EQI Cluster,National,243616,1581910672,13.5317,0.0279,13.4781,13.5856,13.53 ± 0.03
2011-2015,K70_K76,K70_K76,Non-cancer CLD,EQI Cluster,Unclassified,41,332452,11.8053,1.8701,8.4717,16.0152,11.81 ± 1.87
2011-2015,K70_K76,K70_K76,Non-cancer CLD,Land Use Cluster,Natural,102276,596705846,15.1097,0.0481,15.0173,15.2026,15.11 ± 0.05
2011-2015,K70_K76,K70_K76,Non-cancer CLD,Land Use Cluster,Water-sensitive,43529,259404191,13.5519,0.0664,13.4249,13.6798,13.55 ± 0.07
2011-2015,K70_K76,K70_K76,Non-cancer CLD,Land Use Cluster,Agricultural,38674,264189827,12.8465,0.0665,12.7188,12.9752,12.85 ± 0.07
2011-2015,K70_K76,K70_K76,Non-cancer CLD,Land Use Cluster,Urban,59034,461437252,11.8065,0.0494,11.7114,11.9021,11.81 ± 0.05
2011-2015,K70_K76,K70_K76,Non-cancer CLD,Land Use Cluster,National,243616,1581910672,13.5317,0.0279,13.4781,13.5856,13.53 ± 0.03
2011-2015,K70_K76,K70_K76,Non-cancer CLD,Land Use Cluster,Unclassified,103,173556,67.3271,6.8392,54.9546,81.6537,67.33 ± 6.84
2011-2015,K70_K76_C22,K70_K76_C22,CLD,EQI Cluster,Low-burden,24781,82276141,24.8321,0.1616,24.5239,25.1432,24.83 ± 0.16
2011-2015,K70_K76_C22,K70_K76_C22,CLD,EQI Cluster,Mixed-burden,103542,445644719,19.4346,0.0614,19.3164,19.5533,19.43 ± 0.06
2011-2015,K70_K76_C22,K70_K76_C22,CLD,EQI Cluster,High-burden,234224,1053657360,19.818,0.0416,19.7378,19.8984,19.82 ± 0.04
2011-2015,K70_K76_C22,K70_K76_C22,CLD,EQI Cluster,National,362601,1581910672,19.9673,0.0337,19.9024,20.0324,19.97 ± 0.03
2011-2015,K70_K76_C22,K70_K76_C22,CLD,EQI Cluster,Unclassified,54,332452,15.7547,2.1756,11.8354,20.5565,15.75 ± 2.18
2011-2015,K70_K76_C22,K70_K76_C22,CLD,Land Use Cluster,Natural,147216,596705846,21.5621,0.0572,21.4521,21.6726,21.56 ± 0.06
2011-2015,K70_K76_C22,K70_K76_C22,CLD,Land Use Cluster,Water-sensitive,65146,259404191,19.8946,0.0795,19.7421,20.0479,19.89 ± 0.08
2011-2015,K70_K76_C22,K70_K76_C22,CLD,Land Use Cluster,Agricultural,56580,264189827,18.6052,0.0795,18.4522,18.7591,18.61 ± 0.08
2011-2015,K70_K76_C22,K70_K76_C22,CLD,Land Use Cluster,Urban,93542,461437252,18.7185,0.0622,18.5988,18.8389,18.72 ± 0.06
2011-2015,K70_K76_C22,K70_K76_C22,CLD,Land Use Cluster,National,362601,1581910672,19.9673,0.0337,19.9024,20.0324,19.97 ± 0.03
2011-2015,K70_K76_C22,K70_K76_C22,CLD,Land Use Cluster,Unclassified,117,173556,77.1564,7.3599,63.8104,92.4699,77.16 ± 7.36
2011-2015,K71,K71,K71,EQI Cluster,Low-burden,4,82276141,0.0044,0.0022,0.0012,0.0113,0.00 ± 0.00
2011-2015,K71,K71,K71,EQI Cluster,Mixed-burden,18,445644719,0.0035,0.0008,0.0021,0.0055,0.00 ± 0.00
2011-2015,K71,K71,K71,EQI Cluster,High-burden,41,1053657360,0.0034,0.0005,0.0025,0.0047,0.00 ± 0.00
2011-2015,K71,K71,K71,EQI Cluster,National,63,1581910672,0.0035,0.0004,0.0027,0.0045,0.00 ± 0.00
2011-2015,K71,K71,K71,EQI Cluster,Unclassified,0,332452,0.0,0.0,0.0,0.0,0.00 ± 0.00
2011-2015,K71,K71,K71,Land Use Cluster,Natural,26,596705846,0.0038,0.0007,0.0025,0.0055,0.00 ± 0.00
2011-2015,K71,K71,K71,Land Use Cluster,Water-sensitive,6,259404191,0.0019,0.0008,0.0007,0.0042,0.00 ± 0.00
2011-2015,K71,K71,K71,Land Use Cluster,Agricultural,10,264189827,0.0036,0.0012,0.0017,0.0067,0.00 ± 0.00
2011-2015,K71,K71,K71,Land Use Cluster,Urban,21,461437252,0.0041,0.0009,0.0026,0.0063,0.00 ± 0.00
2011-2015,K71,K71,K71,Land Use Cluster,National,63,1581910672,0.0035,0.0004,0.0027,0.0045,0.00 ± 0.00
2011-2015,K71,K71,K71,Land Use Cluster,Unclassified,0,173556,0.0,0.0,0.0,0.0,0.00 ± 0.00
2011-2015,K71_K73_K74,K71_K73_K74,Toxic & chronic,EQI Cluster,Low-burden,7830,82276141,7.7907,0.0901,7.6191,7.9653,7.79 ± 0.09
2011-2015,K71_K73_K74,K71_K73_K74,Toxic & chronic,EQI Cluster,Mixed-burden,25835,445644719,4.8506,0.0306,4.7917,4.9102,4.85 ± 0.03
2011-2015,K71_K73_K74,K71_K73_K74,Toxic & chronic,EQI Cluster,High-burden,57130,1053657360,4.8495,0.0206,4.8098,4.8894,4.85 ± 0.02
2011-2015,K71_K73_K74,K71_K73_K74,Toxic & chronic,EQI Cluster,National,90808,1581910672,5.0054,0.0169,4.9729,5.0381,5.01 ± 0.02
2011-2015,K71_K73_K74,K71_K73_K74,Toxic & chronic,EQI Cluster,Unclassified,13,332452,3.7821,1.0621,2.0138,6.4674,3.78 ± 1.06
2011-2015,K71_K73_K74,K71_K73_K74,Toxic & chronic,Land Use Cluster,Natural,35027,596705846,5.126,0.0278,5.0724,5.1799,5.13 ± 0.03
2011-2015,K71_K73_K74,K71_K73_K74,Toxic & chronic,Land Use Cluster,Water-sensitive,17369,259404191,5.2886,0.0409,5.2103,5.3679,5.29 ± 0.04
2011-2015,K71_K73_K74,K71_K73_K74,Toxic & chronic,Land Use Cluster,Agricultural,15712,264189827,5.1662,0.0418,5.0857,5.2476,5.17 ± 0.04
2011-2015,K71_K73_K74,K71_K73_K74,Toxic & chronic,Land Use Cluster,Urban,22687,461437252,4.5695,0.0308,4.5102,4.6293,4.57 ± 0.03
2011-2015,K71_K73_K74,K71_K73_K74,Toxic & chronic,Land Use Cluster,National,90808,1581910672,5.0054,0.0169,4.9729,5.0381,5.01 ± 0.02
2011-2015,K71_K73_K74,K71_K73_K74,Toxic & chronic,Land Use Cluster,Unclassified,13,173556,7.7111,2.1988,4.1058,13.1863,7.71 ± 2.20
2011-2015,K72_K75,K72_K75,Other CLD,EQI Cluster,Low-burden,1948,82276141,1.9711,0.0457,1.8846,2.0606,1.97 ± 0.05
2011-2015,K72_K75,K72_K75,Other CLD,EQI Cluster,Mixed-burden,7505,445644719,1.4308,0.0168,1.3986,1.4635,1.43 ± 0.02
2011-2015,K72_K75,K72_K75,Other CLD,EQI Cluster,High-burden,14864,1053657360,1.2722,0.0106,1.2518,1.2928,1.27 ± 0.01
2011-2015,K72_K75,K72_K75,Other CLD,EQI Cluster,National,24322,1581910672,1.3556,0.0088,1.3387,1.3728,1.36 ± 0.01
2011-2015,K72_K75,K72_K75,Other CLD,EQI Cluster,Unclassified,5,332452,1.4189,0.6393,0.4607,3.3112,1.42 ± 0.64
2011-2015,K72_K75,K72_K75,Other CLD,Land Use Cluster,Natural,9316,596705846,1.3798,0.0145,1.352,1.4082,1.38 ± 0.01
2011-2015,K72_K75,K72_K75,Other CLD,Land Use Cluster,Water-sensitive,4487,259404191,1.3952,0.0213,1.3547,1.4367,1.40 ± 0.02
2011-2015,K72_K75,K72_K75,Other CLD,Land Use Cluster,Agricultural,4344,264189827,1.4383,0.0222,1.3958,1.4817,1.44 ± 0.02
2011-2015,K72_K75,K72_K75,Other CLD,Land Use Cluster,Urban,6172,461437252,1.2474,0.0161,1.2165,1.279,1.25 ± 0.02
2011-2015,K72_K75,K72_K75,Other CLD,Land Use Cluster,National,24322,1581910672,1.3556,0.0088,1.3387,1.3728,1.36 ± 0.01
2011-2015,K72_K75,K72_K75,Other CLD,Land Use Cluster,Unclassified,3,173556,1.824,1.1087,0.3761,5.3304,1.82 ± 1.11
2011-2015,K73,K73,K73,EQI Cluster,Low-burden,27,82276141,0.0242,0.0047,0.0159,0.0352,0.02 ± 0.00
2011-2015,K73,K73,K73,EQI Cluster,Mixed-burden,134,445644719,0.0254,0.0022,0.0213,0.0301,0.03 ± 0.00
2011-2015,K73,K73,K73,EQI Cluster,High-burden,212,1053657360,0.0179,0.0013,0.0156,0.0205,0.02 ± 0.00
2011-2015,K73,K73,K73,EQI Cluster,National,373,1581910672,0.0205,0.0011,0.0185,0.0227,0.02 ± 0.00
2011-2015,K73,K73,K73,EQI Cluster,Unclassified,0,332452,0.0,0.0,0.0,0.0,0.00 ± 0.00
2011-2015,K73,K73,K73,Land Use Cluster,Natural,142,596705846,0.0208,0.0018,0.0175,0.0245,0.02 ± 0.00
2011-2015,K73,K73,K73,Land Use Cluster,Water-sensitive,70,259404191,0.0218,0.0027,0.017,0.0275,0.02 ± 0.00
2011-2015,K73,K73,K73,Land Use Cluster,Agricultural,58,264189827,0.0196,0.0026,0.0149,0.0253,0.02 ± 0.00
2011-2015,K73,K73,K73,Land Use Cluster,Urban,103,461437252,0.0197,0.002,0.016,0.0238,0.02 ± 0.00
2011-2015,K73,K73,K73,Land Use Cluster,National,373,1581910672,0.0205,0.0011,0.0185,0.0227,0.02 ± 0.00
2011-2015,K73,K73,K73,Land Use Cluster,Unclassified,0,173556,0.0,0.0,0.0,0.0,0.00 ± 0.00
2011-2015,K74,K74,K74,EQI Cluster,Low-burden,7799,82276141,7.7622,0.09,7.5909,7.9364,7.76 ± 0.09
2011-2015,K74,K74,K74,EQI Cluster,Mixed-burden,25683,445644719,4.8218,0.0305,4.763,4.8811,4.82 ± 0.03
2011-2015,K74,K74,K74,EQI Cluster,High-burden,56877,1053657360,4.8281,0.0206,4.7885,4.868,4.83 ± 0.02
2011-2015,K74,K74,K74,EQI Cluster,National,90372,1581910672,4.9815,0.0168,4.9491,5.0141,4.98 ± 0.02
2011-2015,K74,K74,K74,EQI Cluster,Unclassified,13,332452,3.7821,1.0621,2.0138,6.4674,3.78 ± 1.06
2011-2015,K74,K74,K74,Land Use Cluster,Natural,34859,596705846,5.1014,0.0278,5.048,5.1552,5.10 ± 0.03
2011-2015,K74,K74,K74,Land Use Cluster,Water-sensitive,17293,259404191,5.2649,0.0408,5.1867,5.344,5.26 ± 0.04
2011-2015,K74,K74,K74,Land Use Cluster,Agricultural,15644,264189827,5.1429,0.0417,5.0626,5.2242,5.14 ± 0.04
2011-2015,K74,K74,K74,Land Use Cluster,Urban,22563,461437252,4.5457,0.0307,4.4866,4.6054,4.55 ± 0.03
2011-2015,K74,K74,K74,Land Use Cluster,National,90372,1581910672,4.9815,0.0168,4.9491,5.0141,4.98 ± 0.02
2011-2015,K74,K74,K74,Land Use Cluster,Unclassified,13,173556,7.7111,2.1988,4.1058,13.1863,7.71 ± 2.20
2011-2015,K76,K76,Non-alcoholic,EQI Cluster,Low-burden,2514,82276141,2.4982,0.051,2.4015,2.5978,2.50 ± 0.05
2011-2015,K76,K76,Non-alcoholic,EQI Cluster,Mixed-burden,10767,445644719,2.021,0.0198,1.983,2.0595,2.02 ± 0.02
2011-2015,K76,K76,Non-alcoholic,EQI Cluster,High-burden,22693,1053657360,1.923,0.013,1.8981,1.9482,1.92 ± 0.01
2011-2015,K76,K76,Non-alcoholic,EQI Cluster,National,35980,1581910672,1.9812,0.0106,1.9608,2.0018,1.98 ± 0.01
2011-2015,K76,K76,Non-alcoholic,EQI Cluster,Unclassified,6,332452,1.746,0.7265,0.6407,3.8002,1.75 ± 0.73
2011-2015,K76,K76,Non-alcoholic,Land Use Cluster,Natural,14281,596705846,2.0891,0.0178,2.055,2.1237,2.09 ± 0.02
2011-2015,K76,K76,Non-alcoholic,Land Use Cluster,Water-sensitive,6751,259404191,2.0682,0.0257,2.0192,2.1182,2.07 ± 0.03
2011-2015,K76,K76,Non-alcoholic,Land Use Cluster,Agricultural,5714,264189827,1.884,0.0253,1.8355,1.9335,1.88 ± 0.03
2011-2015,K76,K76,Non-alcoholic,Land Use Cluster,Urban,9225,461437252,1.844,0.0195,1.8066,1.8821,1.84 ± 0.02
2011-2015,K76,K76,Non-alcoholic,Land Use Cluster,National,35980,1581910672,1.9812,0.0106,1.9608,2.0018,1.98 ± 0.01
2011-2015,K76,K76,Non-alcoholic,Land Use Cluster,Unclassified,9,173556,5.4279,1.8561,2.482,10.3039,5.43 ± 1.86
2011-2015,K76.7,K76.7,HRS,EQI Cluster,Low-burden,229,82276141,0.236,0.016,0.2064,0.2686,0.24 ± 0.02
2011-2015,K76.7,K76.7,HRS,EQI Cluster,Mixed-burden,751,445644719,0.1431,0.0053,0.133,0.1537,0.14 ± 0.01
2011-2015,K76.7,K76.7,HRS,EQI Cluster,High-burden,1580,1053657360,0.1342,0.0034,0.1277,0.141,0.13 ± 0.00
2011-2015,K76.7,K76.7,HRS,EQI Cluster,National,2561,1581910672,0.1425,0.0029,0.137,0.1481,0.14 ± 0.00
2011-2015,K76.7,K76.7,HRS,EQI Cluster,Unclassified,1,332452,0.2885,0.2885,0.0073,1.6077,0.29 ± 0.29
2011-2015,K76.7,K76.7,HRS,Land Use Cluster,Natural,1042,596705846,0.154,0.0049,0.1448,0.1636,0.15 ± 0.00
2011-2015,K76.7,K76.7,HRS,Land Use Cluster,Water-sensitive,466,259404191,0.1454,0.0069,0.1325,0.1593,0.15 ± 0.01
2011-2015,K76.7,K76.7,HRS,Land Use Cluster,Agricultural,428,264189827,0.1434,0.0071,0.1301,0.1577,0.14 ± 0.01
2011-2015,K76.7,K76.7,HRS,Land Use Cluster,Urban,625,461437252,0.1243,0.005,0.1147,0.1344,0.12 ± 0.01
2011-2015,K76.7,K76.7,HRS,Land Use Cluster,National,2561,1581910672,0.1425,0.0029,0.137,0.1481,0.14 ± 0.00
2011-2015,K76.7,K76.7,HRS,Land Use Cluster,Unclassified,0,173556,0.0,0.0,0.0,0.0,0.00 ± 0.00
2011-2015,N00_N15,N00_N15,GRTI,EQI Cluster,Low-burden,631,82276141,0.6434,0.0259,0.5941,0.6956,0.64 ± 0.03
2011-2015,N00_N15,N00_N15,GRTI,EQI Cluster,Mixed-burden,2453,445644719,0.4627,0.0095,0.4445,0.4813,0.46 ± 0.01
2011-2015,N00_N15,N00_N15,GRTI,EQI Cluster,High-burden,6134,1053657360,0.5405,0.007,0.5271,0.5542,0.54 ± 0.01
2011-2015,N00_N15,N00_N15,GRTI,EQI Cluster,National,9222,1581910672,0.5225,0.0055,0.5119,0.5332,0.52 ± 0.01
2011-2015,N00_N15,N00_N15,GRTI,EQI Cluster,Unclassified,4,332452,1.2328,0.6277,0.3359,3.1565,1.23 ± 0.63
2011-2015,N00_N15,N00_N15,GRTI,Land Use Cluster,Natural,3793,596705846,0.5791,0.0095,0.5608,0.5978,0.58 ± 0.01
2011-2015,N00_N15,N00_N15,GRTI,Land Use Cluster,Water-sensitive,1475,259404191,0.4447,0.0118,0.4222,0.4679,0.44 ± 0.01
2011-2015,N00_N15,N00_N15,GRTI,Land Use Cluster,Agricultural,1684,264189827,0.5599,0.0138,0.5335,0.5873,0.56 ± 0.01
2011-2015,N00_N15,N00_N15,GRTI,Land Use Cluster,Urban,2270,461437252,0.4766,0.0101,0.4572,0.4966,0.48 ± 0.01
2011-2015,N00_N15,N00_N15,GRTI,Land Use Cluster,National,9222,1581910672,0.5225,0.0055,0.5119,0.5332,0.52 ± 0.01
2011-2015,N00_N15,N00_N15,GRTI,Land Use Cluster,Unclassified,0,173556,0.0,0.0,0.0,0.0,0.00 ± 0.00
2011-2015,N00_N29,N00_N29,Non-cancer CKD,EQI Cluster,Low-burden,19268,82276141,19.4244,0.1414,19.1511,19.7006,19.42 ± 0.14
2011-2015,N00_N29,N00_N29,Non-cancer CKD,EQI Cluster,Mixed-burden,78798,445644719,14.5785,0.0525,14.4769,14.6807,14.58 ± 0.05
2011-2015,N00_N29,N00_N29,Non-cancer CKD,EQI Cluster,High-burden,158526,1053657360,13.8994,0.0353,13.831,13.968,13.90 ± 0.04
2011-2015,N00_N29,N00_N29,Non-cancer CKD,EQI Cluster,National,256614,1581910672,14.403,0.0287,14.3473,14.4588,14.40 ± 0.03
2011-2015,N00_N29,N00_N29,Non-cancer CKD,EQI Cluster,Unclassified,22,332452,7.0657,1.5364,4.428,10.6975,7.07 ± 1.54
2011-2015,N00_N29,N00_N29,Non-cancer CKD,Land Use Cluster,Natural,89326,596705846,13.5606,0.0458,13.4718,13.6498,13.56 ± 0.05
2011-2015,N00_N29,N00_N29,Non-cancer CKD,Land Use Cluster,Water-sensitive,48143,259404191,14.1956,0.0655,14.0691,14.323,14.20 ± 0.07
2011-2015,N00_N29,N00_N29,Non-cancer CKD,Land Use Cluster,Agricultural,48938,264189827,16.1282,0.0737,15.9856,16.2717,16.13 ± 0.07
2011-2015,N00_N29,N00_N29,Non-cancer CKD,Land Use Cluster,Urban,70189,461437252,14.6337,0.056,14.5256,14.7424,14.63 ± 0.06
2011-2015,N00_N29,N00_N29,Non-cancer CKD,Land Use Cluster,National,256614,1581910672,14.403,0.0287,14.3473,14.4588,14.40 ± 0.03
2011-2015,N00_N29,N00_N29,Non-cancer CKD,Land Use Cluster,Unclassified,18,173556,12.7899,3.1114,7.5801,20.2135,12.79 ± 3.11
2011-2015,N00_N29_C64_C65,N00_N29_C64_C65,CKD,EQI Cluster,Low-burden,22374,82276141,22.4585,0.1517,22.1652,22.7548,22.46 ± 0.15
2011-2015,N00_N29_C64_C65,N00_N29_C64_C65,CKD,EQI Cluster,Mixed-burden,92690,445644719,17.1901,0.057,17.0797,17.3012,17.19 ± 0.06
2011-2015,N00_N29_C64_C65,N00_N29_C64_C65,CKD,EQI Cluster,High-burden,188759,1053657360,16.626,0.0387,16.5511,16.7012,16.63 ± 0.04
2011-2015,N00_N29_C64_C65,N00_N29_C64_C65,CKD,EQI Cluster,National,303854,1581910672,17.1131,0.0314,17.0523,17.174,17.11 ± 0.03
2011-2015,N00_N29_C64_C65,N00_N29_C64_C65,CKD,EQI Cluster,Unclassified,31,332452,10.1832,1.8586,6.919,14.4542,10.18 ± 1.86
2011-2015,N00_N29_C64_C65,N00_N29_C64_C65,CKD,Land Use Cluster,Natural,107216,596705846,16.2973,0.0502,16.1999,16.3952,16.30 ± 0.05
2011-2015,N00_N29_C64_C65,N00_N29_C64_C65,CKD,Land Use Cluster,Water-sensitive,56875,259404191,16.7838,0.0712,16.6461,16.9223,16.78 ± 0.07
2011-2015,N00_N29_C64_C65,N00_N29_C64_C65,CKD,Land Use Cluster,Agricultural,57965,264189827,19.1795,0.0804,19.0237,19.3363,19.18 ± 0.08
2011-2015,N00_N29_C64_C65,N00_N29_C64_C65,CKD,Land Use Cluster,Urban,81772,461437252,17.1713,0.0608,17.0538,17.2894,17.17 ± 0.06
2011-2015,N00_N29_C64_C65,N00_N29_C64_C65,CKD,Land Use Cluster,National,303854,1581910672,17.1131,0.0314,17.0523,17.174,17.11 ± 0.03
2011-2015,N00_N29_C64_C65,N00_N29_C64_C65,CKD,Land Use Cluster,Unclassified,26,173556,18.8327,3.7843,12.3022,27.5943,18.83 ± 3.78
2011-2015,N16_N17_N20_N29,N16_N17_N20_N29,Other kidney disease,EQI Cluster,Low-burden,4496,82276141,4.5467,0.0686,4.4148,4.6816,4.55 ± 0.07
2011-2015,N16_N17_N20_N29,N16_N17_N20_N29,Other kidney disease,EQI Cluster,Mixed-burden,17410,445644719,3.211,0.0246,3.1635,3.2591,3.21 ± 0.02
2011-2015,N16_N17_N20_N29,N16_N17_N20_N29,Other kidney disease,EQI Cluster,High-burden,34152,1053657360,2.9847,0.0163,2.9531,3.0165,2.98 ± 0.02
2011-2015,N16_N17_N20_N29,N16_N17_N20_N29,Other kidney disease,EQI Cluster,National,56063,1581910672,3.1399,0.0134,3.114,3.166,3.14 ± 0.01
2011-2015,N16_N17_N20_N29,N16_N17_N20_N29,Other kidney disease,EQI Cluster,Unclassified,5,332452,1.6081,0.7406,0.5221,3.7527,1.61 ± 0.74
2011-2015,N16_N17_N20_N29,N16_N17_N20_N29,Other kidney disease,Land Use Cluster,Natural,19452,596705846,2.9487,0.0213,2.9075,2.9905,2.95 ± 0.02
2011-2015,N16_N17_N20_N29,N16_N17_N20_N29,Other kidney disease,Land Use Cluster,Water-sensitive,10196,259404191,2.9989,0.0301,2.941,3.0577,3.00 ± 0.03
2011-2015,N16_N17_N20_N29,N16_N17_N20_N29,Other kidney disease,Land Use Cluster,Agricultural,11412,264189827,3.7643,0.0356,3.6956,3.834,3.76 ± 0.04
2011-2015,N16_N17_N20_N29,N16_N17_N20_N29,Other kidney disease,Land Use Cluster,Urban,14996,461437252,3.1051,0.0257,3.0556,3.1552,3.11 ± 0.03
2011-2015,N16_N17_N20_N29,N16_N17_N20_N29,Other kidney disease,Land Use Cluster,National,56063,1581910672,3.1399,0.0134,3.114,3.166,3.14 ± 0.01
2011-2015,N16_N17_N20_N29,N16_N17_N20_N29,Other kidney disease,Land Use Cluster,Unclassified,7,173556,5.589,2.1629,2.2471,11.5155,5.59 ± 2.16
2011-2015,N18_N19,N18_N19,RF,EQI Cluster,Low-burden,14141,82276141,14.2343,0.121,14.0006,14.4708,14.23 ± 0.12
2011-2015,N18_N19,N18_N19,RF,EQI Cluster,Mixed-burden,58935,445644719,10.9048,0.0454,10.817,10.9932,10.90 ± 0.05
2011-2015,N18_N19,N18_N19,RF,EQI Cluster,High-burden,118240,1053657360,10.3741,0.0305,10.3151,10.4334,10.37 ± 0.03
2011-2015,N18_N19,N18_N19,RF,EQI Cluster,National,191329,1581910672,10.7406,0.0248,10.6926,10.7889,10.74 ± 0.02
2011-2015,N18_N19,N18_N19,RF,EQI Cluster,Unclassified,13,332452,4.2248,1.1908,2.2495,7.2245,4.22 ± 1.19
2011-2015,N18_N19,N18_N19,RF,Land Use Cluster,Natural,66081,596705846,10.0327,0.0394,9.9564,10.1095,10.03 ± 0.04
2011-2015,N18_N19,N18_N19,RF,Land Use Cluster,Water-sensitive,36472,259404191,10.7521,0.057,10.642,10.863,10.75 ± 0.06
2011-2015,N18_N19,N18_N19,RF,Land Use Cluster,Agricultural,35842,264189827,11.8039,0.063,11.682,11.9268,11.80 ± 0.06
2011-2015,N18_N19,N18_N19,RF,Land Use Cluster,Urban,52923,461437252,11.052,0.0487,10.958,11.1466,11.05 ± 0.05
2011-2015,N18_N19,N18_N19,RF,Land Use Cluster,National,191329,1581910672,10.7406,0.0248,10.6926,10.7889,10.74 ± 0.02
2011-2015,N18_N19,N18_N19,RF,Land Use Cluster,Unclassified,11,173556,7.2009,2.2368,3.5947,12.8844,7.20 ± 2.24
2011-2015,X60_X69,X60_X69,NVS,EQI Cluster,Low-burden,1270,82276141,1.5105,0.0437,1.4286,1.596,1.51 ± 0.04
2011-2015,X60_X69,X60_X69,NVS,EQI Cluster,Mixed-burden,9186,445644719,1.9477,0.0208,1.9081,1.9879,1.95 ± 0.02
2011-2015,X60_X69,X60_X69,NVS,EQI Cluster,High-burden,22883,1053657360,2.0912,0.0141,2.0642,2.1185,2.09 ± 0.01
2011-2015,X60_X69,X60_X69,NVS,EQI Cluster,National,33347,1581910672,2.0205,0.0113,1.9988,2.0423,2.02 ± 0.01
2011-2015,X60_X69,X60_X69,NVS,EQI Cluster,Unclassified,8,332452,2.447,0.8752,1.0564,4.8216,2.45 ± 0.88
2011-2015,X60_X69,X60_X69,NVS,Land Use Cluster,Natural,13665,596705846,2.2086,0.0193,2.1717,2.246,2.21 ± 0.02
2011-2015,X60_X69,X60_X69,NVS,Land Use Cluster,Water-sensitive,5918,259404191,2.1076,0.0282,2.0543,2.162,2.11 ± 0.03
2011-2015,X60_X69,X60_X69,NVS,Land Use Cluster,Agricultural,5268,264189827,1.956,0.0275,1.9036,2.0096,1.96 ± 0.03
2011-2015,X60_X69,X60_X69,NVS,Land Use Cluster,Urban,8491,461437252,1.7678,0.0194,1.7304,1.8058,1.77 ± 0.02
2011-2015,X60_X69,X60_X69,NVS,Land Use Cluster,National,33347,1581910672,2.0205,0.0113,1.9988,2.0423,2.02 ± 0.01
2011-2015,X60_X69,X60_X69,NVS,Land Use Cluster,Unclassified,5,173556,3.21,1.4659,1.0423,7.4911,3.21 ± 1.47
2011-2015,X60_X84_Y87.0,X60_X84_Y87.0,Suicide,EQI Cluster,Low-burden,12108,82276141,14.3266,0.1339,14.0725,14.5841,14.33 ± 0.13
2011-2015,X60_X84_Y87.0,X60_X84_Y87.0,Suicide,EQI Cluster,Mixed-burden,58425,445644719,12.5239,0.0528,12.4226,12.6259,12.52 ± 0.05
2011-2015,X60_X84_Y87.0,X60_X84_Y87.0,Suicide,EQI Cluster,High-burden,133957,1053657360,12.3729,0.0343,12.3068,12.4394,12.37 ± 0.03
2011-2015,X60_X84_Y87.0,X60_X84_Y87.0,Suicide,EQI Cluster,National,204538,1581910672,12.5188,0.0281,12.4646,12.5731,12.52 ± 0.03
2011-2015,X60_X84_Y87.0,X60_X84_Y87.0,Suicide,EQI Cluster,Unclassified,48,332452,14.2267,2.0765,10.4896,18.8625,14.23 ± 2.08
2011-2015,X60_X84_Y87.0,X60_X84_Y87.0,Suicide,Land Use Cluster,Natural,87702,596705846,14.2733,0.049,14.179,14.3681,14.27 ± 0.05
2011-2015,X60_X84_Y87.0,X60_X84_Y87.0,Suicide,Land Use Cluster,Water-sensitive,35223,259404191,12.8667,0.0704,12.7327,13.0018,12.87 ± 0.07
2011-2015,X60_X84_Y87.0,X60_X84_Y87.0,Suicide,Land Use Cluster,Agricultural,34230,264189827,12.7898,0.0704,12.6547,12.926,12.79 ± 0.07
2011-2015,X60_X84_Y87.0,X60_X84_Y87.0,Suicide,Land Use Cluster,Urban,47303,461437252,9.9348,0.0462,9.8455,10.0247,9.93 ± 0.05
2011-2015,X60_X84_Y87.0,X60_X84_Y87.0,Suicide,Land Use Cluster,National,204538,1581910672,12.5188,0.0281,12.4646,12.5731,12.52 ± 0.03
2011-2015,X60_X84_Y87.0,X60_X84_Y87.0,Suicide,Land Use Cluster,Unclassified,80,173556,46.4234,5.3112,36.8108,57.7779,46.42 ± 5.31
2011-2015,X70_X84,X70_X84,VS,EQI Cluster,Low-burden,10810,82276141,12.7816,0.1264,12.5418,13.0249,12.78 ± 0.13
2011-2015,X70_X84,X70_X84,VS,EQI Cluster,Mixed-burden,49123,445644719,10.5517,0.0485,10.4586,10.6454,10.55 ± 0.05
2011-2015,X70_X84,X70_X84,VS,EQI Cluster,High-burden,110872,1053657360,10.2632,0.0312,10.2029,10.3238,10.26 ± 0.03
2011-2015,X70_X84,X70_X84,VS,EQI Cluster,National,170845,1581910672,10.4773,0.0257,10.4276,10.5271,10.48 ± 0.03
2011-2015,X70_X84,X70_X84,VS,EQI Cluster,Unclassified,40,332452,11.7797,1.8831,8.4156,16.0406,11.78 ± 1.88
2011-2015,X70_X84,X70_X84,VS,Land Use Cluster,Natural,73890,596705846,12.0403,0.045,11.9536,12.1274,12.04 ± 0.05
2011-2015,X70_X84,X70_X84,VS,Land Use Cluster,Water-sensitive,29247,259404191,10.7384,0.0644,10.6157,10.8622,10.74 ± 0.06
2011-2015,X70_X84,X70_X84,VS,Land Use Cluster,Agricultural,28904,264189827,10.8131,0.0647,10.6888,10.9385,10.81 ± 0.06
2011-2015,X70_X84,X70_X84,VS,Land Use Cluster,Urban,38729,461437252,8.1496,0.0419,8.0687,8.2312,8.15 ± 0.04
2011-2015,X70_X84,X70_X84,VS,Land Use Cluster,National,170845,1581910672,10.4773,0.0257,10.4276,10.5271,10.48 ± 0.03
2011-2015,X70_X84,X70_X84,VS,Land Use Cluster,Unclassified,75,173556,43.2133,5.1049,33.99,54.1683,43.21 ± 5.10
2011-2015,Y87.0,Y87.0,SI,EQI Cluster,Low-burden,28,82276141,0.0344,0.0067,0.0229,0.0497,0.03 ± 0.01
2011-2015,Y87.0,Y87.0,SI,EQI Cluster,Mixed-burden,116,445644719,0.0246,0.0023,0.0203,0.0294,0.02 ± 0.00
2011-2015,Y87.0,Y87.0,SI,EQI Cluster,High-burden,202,1053657360,0.0185,0.0013,0.0161,0.0213,0.02 ± 0.00
2011-2015,Y87.0,Y87.0,SI,EQI Cluster,National,346,1581910672,0.0211,0.0012,0.0189,0.0234,0.02 ± 0.00
2011-2015,Y87.0,Y87.0,SI,EQI Cluster,Unclassified,0,332452,0.0,0.0,0.0,0.0,0.00 ± 0.00
2011-2015,Y87.0,Y87.0,SI,Land Use Cluster,Natural,147,596705846,0.0244,0.002,0.0206,0.0286,0.02 ± 0.00
2011-2015,Y87.0,Y87.0,SI,Land Use Cluster,Water-sensitive,58,259404191,0.0207,0.0028,0.0157,0.0268,0.02 ± 0.00
2011-2015,Y87.0,Y87.0,SI,Land Use Cluster,Agricultural,58,264189827,0.0206,0.0028,0.0157,0.0267,0.02 ± 0.00
2011-2015,Y87.0,Y87.0,SI,Land Use Cluster,Urban,83,461437252,0.0174,0.0019,0.0139,0.0216,0.02 ± 0.00
2011-2015,Y87.0,Y87.0,SI,Land Use Cluster,National,346,1581910672,0.0211,0.0012,0.0189,0.0234,0.02 ± 0.00
2011-2015,Y87.0,Y87.0,SI,Land Use Cluster,Unclassified,0,173556,0.0,0.0,0.0,0.0,0.00 ± 0.00
2016-2020,C00_C97,C00_C97,Cancer,EQI Cluster,Low-burden,182522,82310129,164.1925,0.3923,163.44,164.9475,164.19 ± 0.39
2016-2020,C00_C97,C00_C97,Cancer,EQI Cluster,Mixed-burden,897928,459340937,150.2733,0.1612,149.9626,150.5844,150.27 ± 0.16
2016-2020,C00_C97,C00_C97,Cancer,EQI Cluster,High-burden,1913801,1091653881,147.5537,0.1083,147.3448,147.7629,147.55 ± 0.11
2016-2020,C00_C97,C00_C97,Cancer,EQI Cluster,National,2994814,1633728425,149.1664,0.0875,148.9975,149.3355,149.17 ± 0.09
2016-2020,C00_C97,C00_C97,Cancer,EQI Cluster,Unclassified,563,423478,121.5412,5.2251,111.7076,132.0086,121.54 ± 5.23
2016-2020,C00_C97,C00_C97,Cancer,Land Use Cluster,Natural,1136516,619141954,149.6414,0.1426,149.3665,149.9168,149.64 ± 0.14
2016-2020,C00_C97,C00_C97,Cancer,Land Use Cluster,Water-sensitive,560320,268882534,148.3614,0.2021,147.9732,148.7504,148.36 ± 0.20
2016-2020,C00_C97,C00_C97,Cancer,Land Use Cluster,Agricultural,526373,270387302,157.5991,0.2207,157.1737,158.0255,157.60 ± 0.22
2016-2020,C00_C97,C00_C97,Cancer,Land Use Cluster,Urban,771473,475204114,144.0649,0.1667,143.7436,144.3868,144.06 ± 0.17
2016-2020,C00_C97,C00_C97,Cancer,Land Use Cluster,National,2994814,1633728425,149.1664,0.0875,148.9975,149.3355,149.17 ± 0.09
2016-2020,C00_C97,C00_C97,Cancer,Land Use Cluster,Unclassified,132,112521,195.1725,18.3507,163.2992,231.4497,195.17 ± 18.35
2016-2020,C18_C21,C18_C21,Colorectal,EQI Cluster,Low-burden,17469,82310129,16.0786,0.1247,15.841,16.3188,16.08 ± 0.12
2016-2020,C18_C21,C18_C21,Colorectal,EQI Cluster,Mixed-burden,79725,459340937,13.5256,0.0488,13.4319,13.6199,13.53 ± 0.05
2016-2020,C18_C21,C18_C21,Colorectal,EQI Cluster,High-burden,168357,1091653881,13.0897,0.0324,13.0273,13.1524,13.09 ± 0.03
2016-2020,C18_C21,C18_C21,Colorectal,EQI Cluster,National,265605,1633728425,13.3736,0.0264,13.3228,13.4245,13.37 ± 0.03
2016-2020,C18_C21,C18_C21,Colorectal,EQI Cluster,Unclassified,54,423478,11.7958,1.6348,8.8614,15.3909,11.80 ± 1.63
2016-2020,C18_C21,C18_C21,Colorectal,Land Use Cluster,Natural,101171,619141954,13.5045,0.0432,13.4214,13.5879,13.50 ± 0.04
2016-2020,C18_C21,C18_C21,Colorectal,Land Use Cluster,Water-sensitive,48178,268882534,12.9716,0.0605,12.856,13.0879,12.97 ± 0.06
2016-2020,C18_C21,C18_C21,Colorectal,Land Use Cluster,Agricultural,46783,270387302,14.1772,0.0667,14.049,14.3063,14.18 ± 0.07
2016-2020,C18_C21,C18_C21,Colorectal,Land Use Cluster,Urban,69453,475204114,12.9962,0.0501,12.8997,13.0932,13.00 ± 0.05
2016-2020,C18_C21,C18_C21,Colorectal,Land Use Cluster,National,265605,1633728425,13.3736,0.0264,13.3228,13.4245,13.37 ± 0.03
2016-2020,C18_C21,C18_C21,Colorectal,Land Use Cluster,Unclassified,20,112521,31.9252,7.6603,19.5007,49.3059,31.93 ± 7.66
2016-2020,C22,C22,Liver,EQI Cluster,Low-burden,8585,82310129,7.5231,0.0828,7.3648,7.6839,7.52 ± 0.08
2016-2020,C22,C22,Liver,EQI Cluster,Mixed-burden,40620,459340937,6.6321,0.0334,6.5677,6.6969,6.63 ± 0.03
2016-2020,C22,C22,Liver,EQI Cluster,High-burden,88234,1091653881,6.5847,0.0225,6.5414,6.6283,6.58 ± 0.02
2016-2020,C22,C22,Liver,EQI Cluster,National,137457,1633728425,6.6436,0.0182,6.6085,6.6788,6.64 ± 0.02
2016-2020,C22,C22,Liver,EQI Cluster,Unclassified,18,423478,3.5688,0.862,2.1151,5.6403,3.57 ± 0.86
2016-2020,C22,C22,Liver,Land Use Cluster,Natural,53373,619141954,6.7901,0.0299,6.7326,6.848,6.79 ± 0.03
2016-2020,C22,C22,Liver,Land Use Cluster,Water-sensitive,25004,268882534,6.475,0.0417,6.395,6.5558,6.48 ± 0.04
2016-2020,C22,C22,Liver,Land Use Cluster,Agricultural,21339,270387302,6.228,0.0433,6.1448,6.3122,6.23 ± 0.04
2016-2020,C22,C22,Liver,Land Use Cluster,Urban,37732,475204114,6.8191,0.0357,6.7505,6.8883,6.82 ± 0.04
2016-2020,C22,C22,Liver,Land Use Cluster,National,137457,1633728425,6.6436,0.0182,6.6085,6.6788,6.64 ± 0.02
2016-2020,C22,C22,Liver,Land Use Cluster,Unclassified,9,112521,11.9967,4.1576,5.4857,22.7735,12.00 ± 4.16
2016-2020,C25,C25,Pancreatic,EQI Cluster,Low-burden,12261,82310129,10.8708,0.0999,10.6792,11.065,10.87 ± 0.10
2016-2020,C25,C25,Pancreatic,EQI Cluster,Mixed-burden,67641,459340937,11.2055,0.0437,11.1212,11.2903,11.21 ± 0.04
2016-2020,C25,C25,Pancreatic,EQI Cluster,High-burden,144318,1091653881,11.0106,0.0294,10.9539,11.0676,11.01 ± 0.03
2016-2020,C25,C25,Pancreatic,EQI Cluster,National,224264,1633728425,11.053,0.0237,11.0073,11.0988,11.05 ± 0.02
2016-2020,C25,C25,Pancreatic,EQI Cluster,Unclassified,44,423478,8.8451,1.364,6.4269,11.8742,8.85 ± 1.36
2016-2020,C25,C25,Pancreatic,Land Use Cluster,Natural,83056,619141954,10.801,0.038,10.7276,10.8747,10.80 ± 0.04
2016-2020,C25,C25,Pancreatic,Land Use Cluster,Water-sensitive,42632,268882534,11.1436,0.0548,11.038,11.2499,11.14 ± 0.05
2016-2020,C25,C25,Pancreatic,Land Use Cluster,Agricultural,38263,270387302,11.3432,0.0589,11.2298,11.4574,11.34 ± 0.06
2016-2020,C25,C25,Pancreatic,Land Use Cluster,Urban,60301,475204114,11.1969,0.0463,11.1077,11.2866,11.20 ± 0.05
2016-2020,C25,C25,Pancreatic,Land Use Cluster,National,224264,1633728425,11.053,0.0237,11.0073,11.0988,11.05 ± 0.02
2016-2020,C25,C25,Pancreatic,Land Use Cluster,Unclassified,12,112521,19.3442,6.0345,9.9954,33.7904,19.34 ± 6.03
2016-2020,C34,C34,Lung,EQI Cluster,Low-burden,49596,82310129,43.3114,0.1975,42.931,43.6943,43.31 ± 0.20
2016-2020,C34,C34,Lung,EQI Cluster,Mixed-burden,218006,459340937,35.8582,0.0778,35.7079,36.0091,35.86 ± 0.08
2016-2020,C34,C34,Lung,EQI Cluster,High-burden,444615,1091653881,33.8048,0.0514,33.7055,33.9043,33.80 ± 0.05
2016-2020,C34,C34,Lung,EQI Cluster,National,712324,1633728425,34.9142,0.0419,34.8331,34.9953,34.91 ± 0.04
2016-2020,C34,C34,Lung,EQI Cluster,Unclassified,107,423478,22.5683,2.2264,18.4953,27.2715,22.57 ± 2.23
2016-2020,C34,C34,Lung,Land Use Cluster,Natural,270266,619141954,34.8784,0.068,34.747,35.0101,34.88 ± 0.07
2016-2020,C34,C34,Lung,Land Use Cluster,Water-sensitive,137850,268882534,35.7588,0.0976,35.5702,35.948,35.76 ± 0.10
2016-2020,C34,C34,Lung,Land Use Cluster,Agricultural,134844,270387302,39.6958,0.1096,39.4842,39.9082,39.70 ± 0.11
2016-2020,C34,C34,Lung,Land Use Cluster,Urban,169338,475204114,31.4494,0.0777,31.2998,31.5996,31.45 ± 0.08
2016-2020,C34,C34,Lung,Land Use Cluster,National,712324,1633728425,34.9142,0.0419,34.8331,34.9953,34.91 ± 0.04
2016-2020,C34,C34,Lung,Land Use Cluster,Unclassified,26,112521,37.6737,7.8545,24.6097,55.2007,37.67 ± 7.85
2016-2020,C50,C50,Breast,EQI Cluster,Low-burden,11377,82310129,10.6703,0.1031,10.4752,10.8683,10.67 ± 0.10
2016-2020,C50,C50,Breast,EQI Cluster,Mixed-burden,63552,459340937,10.9381,0.0444,10.8532,11.0235,10.94 ± 0.04
2016-2020,C50,C50,Breast,EQI Cluster,High-burden,137793,1091653881,10.7874,0.0296,10.7305,10.8445,10.79 ± 0.03
2016-2020,C50,C50,Breast,EQI Cluster,National,212756,1633728425,10.8178,0.0239,10.7719,10.8639,10.82 ± 0.02
2016-2020,C50,C50,Breast,EQI Cluster,Unclassified,34,423478,7.3787,1.2909,5.1099,10.311,7.38 ± 1.29
2016-2020,C50,C50,Breast,Land Use Cluster,Natural,79402,619141954,10.6768,0.0386,10.6026,10.7513,10.68 ± 0.04
2016-2020,C50,C50,Breast,Land Use Cluster,Water-sensitive,37996,268882534,10.4609,0.0553,10.356,10.5666,10.46 ± 0.06
2016-2020,C50,C50,Breast,Land Use Cluster,Agricultural,35084,270387302,10.7483,0.0586,10.6362,10.8614,10.75 ± 0.06
2016-2020,C50,C50,Breast,Land Use Cluster,Urban,60268,475204114,11.3242,0.0469,11.234,11.415,11.32 ± 0.05
2016-2020,C50,C50,Breast,Land Use Cluster,National,212756,1633728425,10.8178,0.0239,10.7719,10.8639,10.82 ± 0.02
2016-2020,C50,C50,Breast,Land Use Cluster,Unclassified,6,112521,9.3745,4.1728,3.4403,20.4043,9.37 ± 4.17
2016-2020,C56,C56,Ovarian,EQI Cluster,Low-burden,3490,82310129,3.1908,0.0553,3.0858,3.2984,3.19 ± 0.06
2016-2020,C56,C56,Ovarian,EQI Cluster,Mixed-burden,20684,459340937,3.4827,0.0247,3.4354,3.5305,3.48 ± 0.02
2016-2020,C56,C56,Ovarian,EQI Cluster,High-burden,44822,1091653881,3.4492,0.0166,3.4173,3.4813,3.45 ± 0.02
2016-2020,C56,C56,Ovarian,EQI Cluster,National,69013,1633728425,3.4433,0.0133,3.4176,3.4691,3.44 ± 0.01
2016-2020,C56,C56,Ovarian,EQI Cluster,Unclassified,17,423478,3.7347,0.9233,2.1756,5.9795,3.73 ± 0.92
2016-2020,C56,C56,Ovarian,Land Use Cluster,Natural,26040,619141954,3.4312,0.0216,3.3896,3.4731,3.43 ± 0.02
2016-2020,C56,C56,Ovarian,Land Use Cluster,Water-sensitive,12650,268882534,3.3783,0.0307,3.3197,3.4377,3.38 ± 0.03
2016-2020,C56,C56,Ovarian,Land Use Cluster,Agricultural,11448,270387302,3.4369,0.0327,3.3742,3.5004,3.44 ± 0.03
2016-2020,C56,C56,Ovarian,Land Use Cluster,Urban,18874,475204114,3.5176,0.026,3.4676,3.5682,3.52 ± 0.03
2016-2020,C56,C56,Ovarian,Land Use Cluster,National,69013,1633728425,3.4433,0.0133,3.4176,3.4691,3.44 ± 0.01
2016-2020,C56,C56,Ovarian,Land Use Cluster,Unclassified,1,112521,0.9079,0.9079,0.023,5.0584,0.91 ± 0.91
2016-2020,C61,C61,Prostate,EQI Cluster,Low-burden,9102,82310129,8.1052,0.0855,7.9395,8.2735,8.11 ± 0.09
2016-2020,C61,C61,Prostate,EQI Cluster,Mixed-burden,46395,459340937,7.616,0.0357,7.5469,7.6856,7.62 ± 0.04
2016-2020,C61,C61,Prostate,EQI Cluster,High-burden,101142,1091653881,7.8665,0.025,7.8181,7.9151,7.87 ± 0.02
2016-2020,C61,C61,Prostate,EQI Cluster,National,156666,1633728425,7.7995,0.0199,7.7609,7.8382,7.80 ± 0.02
2016-2020,C61,C61,Prostate,EQI Cluster,Unclassified,27,423478,6.2506,1.2194,4.1192,9.0943,6.25 ± 1.22
2016-2020,C61,C61,Prostate,Land Use Cluster,Natural,60600,619141954,8.0529,0.033,7.9889,8.1173,8.05 ± 0.03
2016-2020,C61,C61,Prostate,Land Use Cluster,Water-sensitive,29199,268882534,7.4961,0.0442,7.4103,7.5825,7.50 ± 0.04
2016-2020,C61,C61,Prostate,Land Use Cluster,Agricultural,25954,270387302,7.7504,0.0486,7.6564,7.8453,7.75 ± 0.05
2016-2020,C61,C61,Prostate,Land Use Cluster,Urban,40907,475204114,7.7,0.0386,7.6255,7.775,7.70 ± 0.04
2016-2020,C61,C61,Prostate,Land Use Cluster,National,156666,1633728425,7.7995,0.0199,7.7609,7.8382,7.80 ± 0.02
2016-2020,C61,C61,Prostate,Land Use Cluster,Unclassified,6,112521,10.3626,4.5774,3.8029,22.555,10.36 ± 4.58
2016-2020,C64_C65,C64_C65,Kidney,EQI Cluster,Low-burden,4779,82310129,4.3178,0.0638,4.1963,4.442,4.32 ± 0.06
2016-2020,C64_C65,C64_C65,Kidney,EQI Cluster,Mixed-burden,20195,459340937,3.3725,0.0241,3.3262,3.4194,3.37 ± 0.02
2016-2020,C64_C65,C64_C65,Kidney,EQI Cluster,High-burden,45332,1091653881,3.4854,0.0166,3.4534,3.5177,3.49 ± 0.02
2016-2020,C64_C65,C64_C65,Kidney,EQI Cluster,National,70316,1633728425,3.495,0.0134,3.4692,3.521,3.50 ± 0.01
2016-2020,C64_C65,C64_C65,Kidney,EQI Cluster,Unclassified,10,423478,2.3757,0.7612,1.1392,4.3689,2.38 ± 0.76
2016-2020,C64_C65,C64_C65,Kidney,Land Use Cluster,Natural,27803,619141954,3.6523,0.0222,3.6095,3.6955,3.65 ± 0.02
2016-2020,C64_C65,C64_C65,Kidney,Land Use Cluster,Water-sensitive,12405,268882534,3.2781,0.03,3.2207,3.3363,3.28 ± 0.03
2016-2020,C64_C65,C64_C65,Kidney,Land Use Cluster,Agricultural,13367,270387302,3.9798,0.035,3.9126,4.0478,3.98 ± 0.03
2016-2020,C64_C65,C64_C65,Kidney,Land Use Cluster,Urban,16735,475204114,3.1263,0.0246,3.0791,3.174,3.13 ± 0.02
2016-2020,C64_C65,C64_C65,Kidney,Land Use Cluster,National,70316,1633728425,3.495,0.0134,3.4692,3.521,3.50 ± 0.01
2016-2020,C64_C65,C64_C65,Kidney,Land Use Cluster,Unclassified,6,112521,6.8329,2.8378,2.5075,14.8723,6.83 ± 2.84
2016-2020,C82_C85,C82_C85,NHL,EQI Cluster,Low-burden,5607,82310129,5.0861,0.0691,4.9539,5.2211,5.09 ± 0.07
2016-2020,C82_C85,C82_C85,NHL,EQI Cluster,Mixed-burden,30105,459340937,5.0741,0.0297,5.017,5.1318,5.07 ± 0.03
2016-2020,C82_C85,C82_C85,NHL,EQI Cluster,High-burden,65653,1091653881,5.1519,0.0204,5.1126,5.1915,5.15 ± 0.02
2016-2020,C82_C85,C82_C85,NHL,EQI Cluster,National,101384,1633728425,5.1207,0.0163,5.0892,5.1523,5.12 ± 0.02
2016-2020,C82_C85,C82_C85,NHL,EQI Cluster,Unclassified,19,423478,4.2491,0.9906,2.5582,6.6355,4.25 ± 0.99
2016-2020,C82_C85,C82_C85,NHL,Land Use Cluster,Natural,38172,619141954,5.1037,0.0265,5.0526,5.1551,5.10 ± 0.03
2016-2020,C82_C85,C82_C85,NHL,Land Use Cluster,Water-sensitive,18902,268882534,5.0262,0.0372,4.9548,5.0984,5.03 ± 0.04
2016-2020,C82_C85,C82_C85,NHL,Land Use Cluster,Agricultural,18290,270387302,5.5362,0.0415,5.4563,5.617,5.54 ± 0.04
2016-2020,C82_C85,C82_C85,NHL,Land Use Cluster,Urban,26020,475204114,4.9505,0.0312,4.8905,5.011,4.95 ± 0.03
2016-2020,C82_C85,C82_C85,NHL,Land Use Cluster,National,101384,1633728425,5.1207,0.0163,5.0892,5.1523,5.12 ± 0.02
2016-2020,C82_C85,C82_C85,NHL,Land Use Cluster,Unclassified,0,112521,0.0,0.0,0.0,0.0,0.00 ± 0.00
2016-2020,C91_C95,C91_C95,Leukemia,EQI Cluster,Low-burden,6493,82310129,6.0186,0.0763,5.8731,6.1668,6.02 ± 0.08
2016-2020,C91_C95,C91_C95,Leukemia,EQI Cluster,Mixed-burden,34830,459340937,5.9681,0.0325,5.9056,6.0312,5.97 ± 0.03
2016-2020,C91_C95,C91_C95,Leukemia,EQI Cluster,High-burden,74675,1091653881,5.933,0.022,5.8905,5.9757,5.93 ± 0.02
2016-2020,C91_C95,C91_C95,Leukemia,EQI Cluster,National,116026,1633728425,5.9447,0.0177,5.9105,5.979,5.94 ± 0.02
2016-2020,C91_C95,C91_C95,Leukemia,EQI Cluster,Unclassified,28,423478,6.3405,1.2175,4.2132,9.1638,6.34 ± 1.22
2016-2020,C91_C95,C91_C95,Leukemia,Land Use Cluster,Natural,43429,619141954,5.9057,0.0288,5.8503,5.9615,5.91 ± 0.03
2016-2020,C91_C95,C91_C95,Leukemia,Land Use Cluster,Water-sensitive,21991,268882534,5.9548,0.0411,5.8763,6.034,5.95 ± 0.04
2016-2020,C91_C95,C91_C95,Leukemia,Land Use Cluster,Agricultural,20659,270387302,6.3399,0.0448,6.2538,6.427,6.34 ± 0.04
2016-2020,C91_C95,C91_C95,Leukemia,Land Use Cluster,Urban,29944,475204114,5.7472,0.0337,5.6823,5.8127,5.75 ± 0.03
2016-2020,C91_C95,C91_C95,Leukemia,Land Use Cluster,National,116026,1633728425,5.9447,0.0177,5.9105,5.979,5.94 ± 0.02
2016-2020,C91_C95,C91_C95,Leukemia,Land Use Cluster,Unclassified,3,112521,5.2732,3.2466,1.0875,15.4105,5.27 ± 3.25
2016-2020,G10,G10,HD,EQI Cluster,Low-burden,313,82310129,0.3143,0.0186,0.2804,0.3511,0.31 ± 0.02
2016-2020,G10,G10,HD,EQI Cluster,Mixed-burden,1454,459340937,0.2634,0.0071,0.25,0.2773,0.26 ± 0.01
2016-2020,G10,G10,HD,EQI Cluster,High-burden,3885,1091653881,0.3088,0.0051,0.2991,0.3186,0.31 ± 0.01
2016-2020,G10,G10,HD,EQI Cluster,National,5653,1633728425,0.2955,0.004,0.2879,0.3033,0.30 ± 0.00
2016-2020,G10,G10,HD,EQI Cluster,Unclassified,1,423478,0.271,0.271,0.0069,1.5097,0.27 ± 0.27
2016-2020,G10,G10,HD,Land Use Cluster,Natural,2211,619141954,0.3043,0.0067,0.2918,0.3173,0.30 ± 0.01
2016-2020,G10,G10,HD,Land Use Cluster,Water-sensitive,846,268882534,0.2515,0.009,0.2349,0.2691,0.25 ± 0.01
2016-2020,G10,G10,HD,Land Use Cluster,Agricultural,1243,270387302,0.3957,0.0116,0.374,0.4183,0.40 ± 0.01
2016-2020,G10,G10,HD,Land Use Cluster,Urban,1353,475204114,0.2554,0.0071,0.242,0.2694,0.26 ± 0.01
2016-2020,G10,G10,HD,Land Use Cluster,National,5653,1633728425,0.2955,0.004,0.2879,0.3033,0.30 ± 0.00
2016-2020,G10,G10,HD,Land Use Cluster,Unclassified,0,112521,0.0,0.0,0.0,0.0,0.00 ± 0.00
2016-2020,G12.2,G12.2,ALS,EQI Cluster,Low-burden,1567,82310129,1.4051,0.0365,1.3364,1.4765,1.41 ± 0.04
2016-2020,G12.2,G12.2,ALS,EQI Cluster,Mixed-burden,9903,459340937,1.6556,0.0169,1.6232,1.6886,1.66 ± 0.02
2016-2020,G12.2,G12.2,ALS,EQI Cluster,High-burden,23283,1091653881,1.7686,0.0118,1.746,1.7915,1.77 ± 0.01
2016-2020,G12.2,G12.2,ALS,EQI Cluster,National,34772,1633728425,1.7137,0.0094,1.6958,1.7318,1.71 ± 0.01
2016-2020,G12.2,G12.2,ALS,EQI Cluster,Unclassified,19,423478,3.7921,0.8896,2.2831,5.9218,3.79 ± 0.89
2016-2020,G12.2,G12.2,ALS,Land Use Cluster,Natural,13462,619141954,1.7405,0.0153,1.7112,1.7702,1.74 ± 0.02
2016-2020,G12.2,G12.2,ALS,Land Use Cluster,Water-sensitive,6275,268882534,1.666,0.0215,1.625,1.7077,1.67 ± 0.02
2016-2020,G12.2,G12.2,ALS,Land Use Cluster,Agricultural,6290,270387302,1.8685,0.024,1.8226,1.9153,1.87 ± 0.02
2016-2020,G12.2,G12.2,ALS,Land Use Cluster,Urban,8745,475204114,1.6164,0.0176,1.5827,1.6507,1.62 ± 0.02
2016-2020,G12.2,G12.2,ALS,Land Use Cluster,National,34772,1633728425,1.7137,0.0094,1.6958,1.7318,1.71 ± 0.01
2016-2020,G12.2,G12.2,ALS,Land Use Cluster,Unclassified,0,112521,0.0,0.0,0.0,0.0,0.00 ± 0.00
2016-2020,G20,G20,PD,EQI Cluster,Low-burden,8544,82310129,7.8174,0.0849,7.6525,7.985,7.82 ± 0.08
2016-2020,G20,G20,PD,EQI Cluster,Mixed-burden,49140,459340937,8.2213,0.0374,8.1488,8.2944,8.22 ± 0.04
2016-2020,G20,G20,PD,EQI Cluster,High-burden,112202,1091653881,9.0491,0.0272,8.9962,9.1022,9.05 ± 0.03
2016-2020,G20,G20,PD,EQI Cluster,National,169926,1633728425,8.7253,0.0213,8.6839,8.7669,8.73 ± 0.02
2016-2020,G20,G20,PD,EQI Cluster,Unclassified,40,423478,9.6432,1.5359,6.8892,13.1313,9.64 ± 1.54
2016-2020,G20,G20,PD,Land Use Cluster,Natural,64697,619141954,8.9066,0.0352,8.8381,8.9755,8.91 ± 0.04
2016-2020,G20,G20,PD,Land Use Cluster,Water-sensitive,31630,268882534,8.2419,0.0466,8.1513,8.3332,8.24 ± 0.05
2016-2020,G20,G20,PD,Land Use Cluster,Agricultural,31283,270387302,9.6033,0.0547,9.4972,9.7103,9.60 ± 0.05
2016-2020,G20,G20,PD,Land Use Cluster,Urban,42313,475204114,8.2693,0.0407,8.1907,8.3485,8.27 ± 0.04
2016-2020,G20,G20,PD,Land Use Cluster,National,169926,1633728425,8.7253,0.0213,8.6839,8.7669,8.73 ± 0.02
2016-2020,G20,G20,PD,Land Use Cluster,Unclassified,3,112521,4.8803,2.9309,1.0064,14.2623,4.88 ± 2.93
2016-2020,G20_G30_G12.2_F01_F03,G20_G30_G12.2_F01_F03,NDD,EQI Cluster,Low-burden,75753,82310129,69.8663,0.2546,69.3697,70.3657,69.87 ± 0.25
2016-2020,G20_G30_G12.2_F01_F03,G20_G30_G12.2_F01_F03,NDD,EQI Cluster,Mixed-burden,394203,459340937,64.0227,0.1026,63.823,64.2229,64.02 ± 0.10
2016-2020,G20_G30_G12.2_F01_F03,G20_G30_G12.2_F01_F03,NDD,EQI Cluster,High-burden,946529,1091653881,74.5479,0.0771,74.3978,74.6982,74.55 ± 0.08
2016-2020,G20_G30_G12.2_F01_F03,G20_G30_G12.2_F01_F03,NDD,EQI Cluster,National,1416755,1633728425,71.0428,0.06,70.9258,71.1599,71.04 ± 0.06
2016-2020,G20_G30_G12.2_F01_F03,G20_G30_G12.2_F01_F03,NDD,EQI Cluster,Unclassified,270,423478,64.3455,3.9434,56.8986,72.4963,64.35 ± 3.94
2016-2020,G20_G30_G12.2_F01_F03,G20_G30_G12.2_F01_F03,NDD,Land Use Cluster,Natural,537058,619141954,73.3169,0.1005,73.1209,73.5133,73.32 ± 0.10
2016-2020,G20_G30_G12.2_F01_F03,G20_G30_G12.2_F01_F03,NDD,Land Use Cluster,Water-sensitive,254278,268882534,64.5832,0.1288,64.3324,64.8347,64.58 ± 0.13
2016-2020,G20_G30_G12.2_F01_F03,G20_G30_G12.2_F01_F03,NDD,Land Use Cluster,Agricultural,267077,270387302,79.779,0.1554,79.4767,80.0821,79.78 ± 0.16
2016-2020,G20_G30_G12.2_F01_F03,G20_G30_G12.2_F01_F03,NDD,Land Use Cluster,Urban,358318,475204114,67.1737,0.1134,66.9539,67.394,67.17 ± 0.11
2016-2020,G20_G30_G12.2_F01_F03,G20_G30_G12.2_F01_F03,NDD,Land Use Cluster,National,1416755,1633728425,71.0428,0.06,70.9258,71.1599,71.04 ± 0.06
2016-2020,G20_G30_G12.2_F01_F03,G20_G30_G12.2_F01_F03,NDD,Land Use Cluster,Unclassified,24,112521,56.0076,11.6858,35.8851,83.3348,56.01 ± 11.69
2016-2020,G30_F01_F03,G30_F01_F03,Dementia,EQI Cluster,Low-burden,65329,82310129,60.3295,0.2365,59.8678,60.7939,60.33 ± 0.24
2016-2020,G30_F01_F03,G30_F01_F03,Dementia,EQI Cluster,Mixed-burden,333706,459340937,53.8823,0.0938,53.6996,54.0654,53.88 ± 0.09
2016-2020,G30_F01_F03,G30_F01_F03,Dementia,EQI Cluster,High-burden,807159,1091653881,63.4214,0.071,63.2831,63.5599,63.42 ± 0.07
2016-2020,G30_F01_F03,G30_F01_F03,Dementia,EQI Cluster,National,1206404,1633728425,60.3082,0.0552,60.2007,60.4159,60.31 ± 0.06
2016-2020,G30_F01_F03,G30_F01_F03,Dementia,EQI Cluster,Unclassified,210,423478,50.6393,3.5109,44.0215,57.9712,50.64 ± 3.51
2016-2020,G30_F01_F03,G30_F01_F03,Dementia,Land Use Cluster,Natural,456688,619141954,62.3655,0.0926,62.1847,62.5466,62.37 ± 0.09
2016-2020,G30_F01_F03,G30_F01_F03,Dementia,Land Use Cluster,Water-sensitive,215527,268882534,54.4238,0.1178,54.1943,54.6541,54.42 ± 0.12
2016-2020,G30_F01_F03,G30_F01_F03,Dementia,Land Use Cluster,Agricultural,228261,270387302,67.9115,0.143,67.6332,68.1907,67.91 ± 0.14
2016-2020,G30_F01_F03,G30_F01_F03,Dementia,Land Use Cluster,Urban,305907,475204114,57.0325,0.1041,56.8306,57.235,57.03 ± 0.10
2016-2020,G30_F01_F03,G30_F01_F03,Dementia,Land Use Cluster,National,1206404,1633728425,60.3082,0.0552,60.2007,60.4159,60.31 ± 0.06
2016-2020,G30_F01_F03,G30_F01_F03,Dementia,Land Use Cluster,Unclassified,21,112521,51.1273,11.3123,31.6486,78.1535,51.13 ± 11.31
2016-2020,I00_I99,I00_I99,CVD,EQI Cluster,Low-burden,280558,82310129,258.7558,0.4973,257.7992,259.715,258.76 ± 0.50
2016-2020,I00_I99,I00_I99,CVD,EQI Cluster,Mixed-burden,1355906,459340937,225.0298,0.196,224.6512,225.4089,225.03 ± 0.20
2016-2020,I00_I99,I00_I99,CVD,EQI Cluster,High-burden,2731304,1091653881,212.6971,0.1302,212.4449,212.9495,212.70 ± 0.13
2016-2020,I00_I99,I00_I99,CVD,EQI Cluster,National,4368394,1633728425,218.774,0.1059,218.5689,218.9792,218.77 ± 0.11
2016-2020,I00_I99,I00_I99,CVD,EQI Cluster,Unclassified,626,423478,143.7486,5.8124,132.707,155.4638,143.75 ± 5.81
2016-2020,I00_I99,I00_I99,CVD,Land Use Cluster,Natural,1640570,619141954,220.4013,0.1741,220.0642,220.7388,220.40 ± 0.17
2016-2020,I00_I99,I00_I99,CVD,Land Use Cluster,Water-sensitive,804508,268882534,210.6305,0.2389,210.1705,211.0912,210.63 ± 0.24
2016-2020,I00_I99,I00_I99,CVD,Land Use Cluster,Agricultural,765436,270387302,229.7055,0.266,229.1912,230.2207,229.71 ± 0.27
2016-2020,I00_I99,I00_I99,CVD,Land Use Cluster,Urban,1157686,475204114,215.7217,0.2032,215.3289,216.115,215.72 ± 0.20
2016-2020,I00_I99,I00_I99,CVD,Land Use Cluster,National,4368394,1633728425,218.774,0.1059,218.5689,218.9792,218.77 ± 0.11
2016-2020,I00_I99,I00_I99,CVD,Land Use Cluster,Unclassified,194,112521,329.2755,25.333,284.5687,379.0129,329.28 ± 25.33
2016-2020,I10_I15,I10_I15,HD,EQI Cluster,Low-burden,29239,82310129,27.3496,0.1633,27.037,27.6649,27.35 ± 0.16
2016-2020,I10_I15,I10_I15,HD,EQI Cluster,Mixed-burden,156890,459340937,26.2313,0.0674,26.1016,26.3614,26.23 ± 0.07
2016-2020,I10_I15,I10_I15,HD,EQI Cluster,High-burden,304399,1091653881,23.6734,0.0435,23.5894,23.7576,23.67 ± 0.04
2016-2020,I10_I15,I10_I15,HD,EQI Cluster,National,490582,1633728425,24.6084,0.0356,24.5396,24.6774,24.61 ± 0.04
2016-2020,I10_I15,I10_I15,HD,EQI Cluster,Unclassified,54,423478,12.2465,1.6897,9.2,15.9791,12.25 ± 1.69
2016-2020,I10_I15,I10_I15,HD,Land Use Cluster,Natural,184860,619141954,24.8982,0.0586,24.7848,25.0119,24.90 ± 0.06
2016-2020,I10_I15,I10_I15,HD,Land Use Cluster,Water-sensitive,82572,268882534,21.9391,0.0781,21.7897,22.0893,21.94 ± 0.08
2016-2020,I10_I15,I10_I15,HD,Land Use Cluster,Agricultural,78135,270387302,23.4393,0.085,23.2752,23.6042,23.44 ± 0.09
2016-2020,I10_I15,I10_I15,HD,Land Use Cluster,Urban,144999,475204114,26.905,0.0717,26.7667,27.0439,26.91 ± 0.07
2016-2020,I10_I15,I10_I15,HD,Land Use Cluster,National,490582,1633728425,24.6084,0.0356,24.5396,24.6774,24.61 ± 0.04
2016-2020,I10_I15,I10_I15,HD,Land Use Cluster,Unclassified,16,112521,28.4942,7.5504,16.2869,46.2728,28.49 ± 7.55
2016-2020,I20_I25,I20_I25,IHD,EQI Cluster,Low-burden,125236,82310129,114.6034,0.3298,113.9696,115.2399,114.60 ± 0.33
2016-2020,I20_I25,I20_I25,IHD,EQI Cluster,Mixed-burden,589932,459340937,97.4044,0.1285,97.156,97.6532,97.40 ± 0.13
2016-2020,I20_I25,I20_I25,IHD,EQI Cluster,High-burden,1122524,1091653881,86.7793,0.0829,86.6189,86.94,86.78 ± 0.08
2016-2020,I20_I25,I20_I25,IHD,EQI Cluster,National,1837930,1633728425,91.4762,0.0683,91.344,91.6085,91.48 ± 0.07
2016-2020,I20_I25,I20_I25,IHD,EQI Cluster,Unclassified,238,423478,52.8293,3.4781,46.3302,59.9848,52.83 ± 3.48
2016-2020,I20_I25,I20_I25,IHD,Land Use Cluster,Natural,694240,619141954,92.3776,0.1122,92.1604,92.5952,92.38 ± 0.11
2016-2020,I20_I25,I20_I25,IHD,Land Use Cluster,Water-sensitive,341939,268882534,89.0731,0.1547,88.7748,89.3721,89.07 ± 0.15
2016-2020,I20_I25,I20_I25,IHD,Land Use Cluster,Agricultural,318273,270387302,95.1688,0.171,94.8385,95.5,95.17 ± 0.17
2016-2020,I20_I25,I20_I25,IHD,Land Use Cluster,Urban,483381,475204114,89.7211,0.1308,89.4684,89.9744,89.72 ± 0.13
2016-2020,I20_I25,I20_I25,IHD,Land Use Cluster,National,1837930,1633728425,91.4762,0.0683,91.344,91.6085,91.48 ± 0.07
2016-2020,I20_I25,I20_I25,IHD,Land Use Cluster,Unclassified,97,112521,158.7859,17.337,128.7647,193.7054,158.79 ± 17.34
2016-2020,I50,I50,HF,EQI Cluster,Low-burden,27395,82310129,25.0986,0.1531,24.8023,25.3976,25.10 ± 0.15
2016-2020,I50,I50,HF,EQI Cluster,Mixed-burden,118113,459340937,19.2727,0.0566,19.1629,19.3829,19.27 ± 0.06
2016-2020,I50,I50,HF,EQI Cluster,High-burden,268823,1091653881,20.9436,0.0407,20.8645,21.0229,20.94 ± 0.04
2016-2020,I50,I50,HF,EQI Cluster,National,414378,1633728425,20.6424,0.0323,20.5796,20.7054,20.64 ± 0.03
2016-2020,I50,I50,HF,EQI Cluster,Unclassified,47,423478,11.1743,1.6426,8.2105,14.8595,11.17 ± 1.64
2016-2020,I50,I50,HF,Land Use Cluster,Natural,152526,619141954,20.5772,0.0531,20.4741,20.6808,20.58 ± 0.05
2016-2020,I50,I50,HF,Land Use Cluster,Water-sensitive,73121,268882534,18.6804,0.0698,18.5453,18.8163,18.68 ± 0.07
2016-2020,I50,I50,HF,Land Use Cluster,Agricultural,80350,270387302,23.883,0.085,23.7181,24.0487,23.88 ± 0.08
2016-2020,I50,I50,HF,Land Use Cluster,Urban,108368,475204114,20.1201,0.0618,20.0005,20.2403,20.12 ± 0.06
2016-2020,I50,I50,HF,Land Use Cluster,National,414378,1633728425,20.6424,0.0323,20.5796,20.7054,20.64 ± 0.03
2016-2020,I50,I50,HF,Land Use Cluster,Unclassified,13,112521,25.512,7.482,13.5841,43.6264,25.51 ± 7.48
2016-2020,I60_I69,I60_I69,Stroke,EQI Cluster,Low-burden,44090,82310129,40.653,0.1965,40.2744,41.0343,40.65 ± 0.20
2016-2020,I60_I69,I60_I69,Stroke,EQI Cluster,Mixed-burden,227980,459340937,37.7591,0.0801,37.6042,37.9144,37.76 ± 0.08
2016-2020,I60_I69,I60_I69,Stroke,EQI Cluster,High-burden,473976,1091653881,37.1868,0.0546,37.081,37.2928,37.19 ± 0.05
2016-2020,I60_I69,I60_I69,Stroke,EQI Cluster,National,746176,1633728425,37.5331,0.0439,37.448,37.6183,37.53 ± 0.04
2016-2020,I60_I69,I60_I69,Stroke,EQI Cluster,Unclassified,130,423478,31.08,2.7421,25.9672,36.9049,31.08 ± 2.74
2016-2020,I60_I69,I60_I69,Stroke,Land Use Cluster,Natural,276064,619141954,37.3445,0.0718,37.2053,37.4841,37.34 ± 0.07
2016-2020,I60_I69,I60_I69,Stroke,Land Use Cluster,Water-sensitive,145242,268882534,37.7901,0.1006,37.596,37.9849,37.79 ± 0.10
2016-2020,I60_I69,I60_I69,Stroke,Land Use Cluster,Agricultural,128823,270387302,38.7357,0.1091,38.5244,38.9478,38.74 ± 0.11
2016-2020,I60_I69,I60_I69,Stroke,Land Use Cluster,Urban,196016,475204114,36.8283,0.0843,36.6655,36.9917,36.83 ± 0.08
2016-2020,I60_I69,I60_I69,Stroke,Land Use Cluster,National,746176,1633728425,37.5331,0.0439,37.448,37.6183,37.53 ± 0.04
2016-2020,I60_I69,I60_I69,Stroke,Land Use Cluster,Unclassified,31,112521,54.3865,10.327,36.953,77.1972,54.39 ± 10.33
2016-2020,J40_J42_J45_J46_J47_J60_J70,J40_J42_J45_J46_J47_J60_J70,Other CRD,EQI Cluster,Low-burden,7553,82310129,7.068,0.0828,6.9095,7.2292,7.07 ± 0.08
2016-2020,J40_J42_J45_J46_J47_J60_J70,J40_J42_J45_J46_J47_J60_J70,Other CRD,EQI Cluster,Mixed-burden,37112,459340937,6.2773,0.0331,6.2136,6.3415,6.28 ± 0.03
2016-2020,J40_J42_J45_J46_J47_J60_J70,J40_J42_J45_J46_J47_J60_J70,Other CRD,EQI Cluster,High-burden,81394,1091653881,6.4389,0.0228,6.3948,6.4833,6.44 ± 0.02
2016-2020,J40_J42_J45_J46_J47_J60_J70,J40_J42_J45_J46_J47_J60_J70,Other CRD,EQI Cluster,National,126083,1633728425,6.418,0.0183,6.3826,6.4535,6.42 ± 0.02
2016-2020,J40_J42_J45_J46_J47_J60_J70,J40_J42_J45_J46_J47_J60_J70,Other CRD,EQI Cluster,Unclassified,24,423478,5.7633,1.1859,3.6927,8.5754,5.76 ± 1.19
2016-2020,J40_J42_J45_J46_J47_J60_J70,J40_J42_J45_J46_J47_J60_J70,Other CRD,Land Use Cluster,Natural,45187,619141954,6.1693,0.0294,6.1126,6.2265,6.17 ± 0.03
2016-2020,J40_J42_J45_J46_J47_J60_J70,J40_J42_J45_J46_J47_J60_J70,Other CRD,Land Use Cluster,Water-sensitive,22089,268882534,5.9105,0.0407,5.8329,5.989,5.91 ± 0.04
2016-2020,J40_J42_J45_J46_J47_J60_J70,J40_J42_J45_J46_J47_J60_J70,Other CRD,Land Use Cluster,Agricultural,23053,270387302,7.0266,0.0469,6.9362,7.1179,7.03 ± 0.05
2016-2020,J40_J42_J45_J46_J47_J60_J70,J40_J42_J45_J46_J47_J60_J70,Other CRD,Land Use Cluster,Urban,35747,475204114,6.7514,0.0362,6.6816,6.8218,6.75 ± 0.04
2016-2020,J40_J42_J45_J46_J47_J60_J70,J40_J42_J45_J46_J47_J60_J70,Other CRD,Land Use Cluster,National,126083,1633728425,6.418,0.0183,6.3826,6.4535,6.42 ± 0.02
2016-2020,J40_J42_J45_J46_J47_J60_J70,J40_J42_J45_J46_J47_J60_J70,Other CRD,Land Use Cluster,Unclassified,7,112521,13.7804,5.5521,5.5404,28.3929,13.78 ± 5.55
2016-2020,J40_J47,J40_J47,J40_J47,EQI Cluster,Low-burden,60022,82310129,53.4688,0.2208,53.0419,53.8983,53.47 ± 0.22
2016-2020,J40_J47,J40_J47,J40_J47,EQI Cluster,Mixed-burden,227491,459340937,37.5975,0.0797,37.4432,37.7524,37.60 ± 0.08
2016-2020,J40_J47,J40_J47,J40_J47,EQI Cluster,High-burden,495840,1091653881,38.5489,0.0554,38.4417,38.6564,38.55 ± 0.06
2016-2020,J40_J47,J40_J47,J40_J47,EQI Cluster,National,783504,1633728425,39.0643,0.0446,38.9779,39.1509,39.06 ± 0.04
2016-2020,J40_J47,J40_J47,J40_J47,EQI Cluster,Unclassified,151,423478,33.5363,2.7759,28.4007,39.3323,33.54 ± 2.78
2016-2020,J40_J47,J40_J47,J40_J47,Land Use Cluster,Natural,327660,619141954,43.3907,0.0766,43.2423,43.5396,43.39 ± 0.08
2016-2020,J40_J47,J40_J47,J40_J47,Land Use Cluster,Water-sensitive,140372,268882534,36.369,0.0982,36.179,36.5598,36.37 ± 0.10
2016-2020,J40_J47,J40_J47,J40_J47,Land Use Cluster,Agricultural,153885,270387302,45.9789,0.1185,45.7495,46.2092,45.98 ± 0.12
2016-2020,J40_J47,J40_J47,J40_J47,Land Use Cluster,Urban,161556,475204114,30.5052,0.077,30.3566,30.6543,30.51 ± 0.08
2016-2020,J40_J47,J40_J47,J40_J47,Land Use Cluster,National,783504,1633728425,39.0643,0.0446,38.9779,39.1509,39.06 ± 0.04
2016-2020,J40_J47,J40_J47,J40_J47,Land Use Cluster,Unclassified,31,112521,53.4533,10.2228,36.3189,75.8727,53.45 ± 10.22
2016-2020,J40_J47_J60_J70_J84_D86,J40_J47_J60_J70_J84_D86,Non-cancer CRD,EQI Cluster,Low-burden,72199,82310129,64.561,0.2431,64.0909,65.0336,64.56 ± 0.24
2016-2020,J40_J47_J60_J70_J84_D86,J40_J47_J60_J70_J84_D86,Non-cancer CRD,EQI Cluster,Mixed-burden,286822,459340937,47.4696,0.0896,47.296,47.6436,47.47 ± 0.09
2016-2020,J40_J47_J60_J70_J84_D86,J40_J47_J60_J70_J84_D86,Non-cancer CRD,EQI Cluster,High-burden,630193,1091653881,49.1017,0.0626,48.9805,49.2231,49.10 ± 0.06
2016-2020,J40_J47_J60_J70_J84_D86,J40_J47_J60_J70_J84_D86,Non-cancer CRD,EQI Cluster,National,989417,1633728425,49.4324,0.0502,49.3351,49.5299,49.43 ± 0.05
2016-2020,J40_J47_J60_J70_J84_D86,J40_J47_J60_J70_J84_D86,Non-cancer CRD,EQI Cluster,Unclassified,203,423478,45.4968,3.2457,39.4531,52.2045,45.50 ± 3.25
2016-2020,J40_J47_J60_J70_J84_D86,J40_J47_J60_J70_J84_D86,Non-cancer CRD,Land Use Cluster,Natural,404403,619141954,53.7153,0.0854,53.5499,53.8811,53.72 ± 0.09
2016-2020,J40_J47_J60_J70_J84_D86,J40_J47_J60_J70_J84_D86,Non-cancer CRD,Land Use Cluster,Water-sensitive,177623,268882534,46.1172,0.1107,45.903,46.3322,46.12 ± 0.11
2016-2020,J40_J47_J60_J70_J84_D86,J40_J47_J60_J70_J84_D86,Non-cancer CRD,Land Use Cluster,Agricultural,191424,270387302,57.319,0.1325,57.0625,57.5763,57.32 ± 0.13
2016-2020,J40_J47_J60_J70_J84_D86,J40_J47_J60_J70_J84_D86,Non-cancer CRD,Land Use Cluster,Urban,215923,475204114,40.7767,0.089,40.6049,40.9491,40.78 ± 0.09
2016-2020,J40_J47_J60_J70_J84_D86,J40_J47_J60_J70_J84_D86,Non-cancer CRD,Land Use Cluster,National,989417,1633728425,49.4324,0.0502,49.3351,49.5299,49.43 ± 0.05
2016-2020,J40_J47_J60_J70_J84_D86,J40_J47_J60_J70_J84_D86,Non-cancer CRD,Land Use Cluster,Unclassified,44,112521,80.355,12.8909,58.3861,107.8728,80.35 ± 12.89
2016-2020,J40_J47_J60_J70_J84_D86_C34,J40_J47_J60_J70_J84_D86_C34,CRD,EQI Cluster,Low-burden,121795,82310129,107.8723,0.3132,107.2674,108.4799,107.87 ± 0.31
2016-2020,J40_J47_J60_J70_J84_D86_C34,J40_J47_J60_J70_J84_D86_C34,CRD,EQI Cluster,Mixed-burden,504828,459340937,83.3278,0.1187,83.0981,83.558,83.33 ± 0.12
2016-2020,J40_J47_J60_J70_J84_D86_C34,J40_J47_J60_J70_J84_D86_C34,CRD,EQI Cluster,High-burden,1074808,1091653881,82.9065,0.081,82.7498,83.0634,82.91 ± 0.08
2016-2020,J40_J47_J60_J70_J84_D86_C34,J40_J47_J60_J70_J84_D86_C34,CRD,EQI Cluster,National,1701741,1633728425,84.3466,0.0654,84.2199,84.4734,84.35 ± 0.07
2016-2020,J40_J47_J60_J70_J84_D86_C34,J40_J47_J60_J70_J84_D86_C34,CRD,EQI Cluster,Unclassified,310,423478,68.0652,3.936,60.6983,76.0796,68.07 ± 3.94
2016-2020,J40_J47_J60_J70_J84_D86_C34,J40_J47_J60_J70_J84_D86_C34,CRD,Land Use Cluster,Natural,674669,619141954,88.5937,0.1092,88.3824,88.8053,88.59 ± 0.11
2016-2020,J40_J47_J60_J70_J84_D86_C34,J40_J47_J60_J70_J84_D86_C34,CRD,Land Use Cluster,Water-sensitive,315473,268882534,81.8759,0.1476,81.5905,82.1622,81.88 ± 0.15
2016-2020,J40_J47_J60_J70_J84_D86_C34,J40_J47_J60_J70_J84_D86_C34,CRD,Land Use Cluster,Agricultural,326268,270387302,97.0148,0.1719,96.6821,97.3482,97.01 ± 0.17
2016-2020,J40_J47_J60_J70_J84_D86_C34,J40_J47_J60_J70_J84_D86_C34,CRD,Land Use Cluster,Urban,385261,475204114,72.2261,0.1181,71.9983,72.4546,72.23 ± 0.12
2016-2020,J40_J47_J60_J70_J84_D86_C34,J40_J47_J60_J70_J84_D86_C34,CRD,Land Use Cluster,National,1701741,1633728425,84.3466,0.0654,84.2199,84.4734,84.35 ± 0.07
2016-2020,J40_J47_J60_J70_J84_D86_C34,J40_J47_J60_J70_J84_D86_C34,CRD,Land Use Cluster,Unclassified,70,112521,118.0287,15.0953,92.0092,149.1222,118.03 ± 15.10
2016-2020,J43_J44,J43_J44,COPD,EQI Cluster,Low-burden,58739,82310129,52.1527,0.2175,51.7318,52.5762,52.15 ± 0.22
2016-2020,J43_J44,J43_J44,COPD,EQI Cluster,Mixed-burden,219741,459340937,36.1633,0.0779,36.0122,36.3148,36.16 ± 0.08
2016-2020,J43_J44,J43_J44,COPD,EQI Cluster,High-burden,479596,1091653881,37.2099,0.0543,37.1046,37.3153,37.21 ± 0.05
2016-2020,J43_J44,J43_J44,COPD,EQI Cluster,National,758223,1633728425,37.7018,0.0437,37.617,37.7867,37.70 ± 0.04
2016-2020,J43_J44,J43_J44,COPD,EQI Cluster,Unclassified,147,423478,32.5039,2.7271,27.462,38.2035,32.50 ± 2.73
2016-2020,J43_J44,J43_J44,COPD,Land Use Cluster,Natural,318377,619141954,42.0626,0.0753,41.9166,42.209,42.06 ± 0.08
2016-2020,J43_J44,J43_J44,COPD,Land Use Cluster,Water-sensitive,136190,268882534,35.1084,0.096,34.9222,35.2954,35.11 ± 0.10
2016-2020,J43_J44,J43_J44,COPD,Land Use Cluster,Agricultural,149770,270387302,44.6525,0.1166,44.4266,44.8792,44.65 ± 0.12
2016-2020,J43_J44,J43_J44,COPD,Land Use Cluster,Urban,153857,475204114,29.003,0.075,28.8583,29.1483,29.00 ± 0.07
2016-2020,J43_J44,J43_J44,COPD,Land Use Cluster,National,758223,1633728425,37.7018,0.0437,37.617,37.7867,37.70 ± 0.04
2016-2020,J43_J44,J43_J44,COPD,Land Use Cluster,Unclassified,29,112521,49.8704,9.8792,33.399,71.6222,49.87 ± 9.88
2016-2020,J45,J45,Asthma,EQI Cluster,Low-burden,836,82310129,0.8754,0.0315,0.8171,0.9368,0.88 ± 0.03
2016-2020,J45,J45,Asthma,EQI Cluster,Mixed-burden,5055,459340937,0.9571,0.0139,0.9309,0.9839,0.96 ± 0.01
2016-2020,J45,J45,Asthma,EQI Cluster,High-burden,10515,1091653881,0.8725,0.0087,0.8559,0.8893,0.87 ± 0.01
2016-2020,J45,J45,Asthma,EQI Cluster,National,16408,1633728425,0.8951,0.0072,0.8815,0.9089,0.90 ± 0.01
2016-2020,J45,J45,Asthma,EQI Cluster,Unclassified,2,423478,0.5554,0.3929,0.0673,2.0065,0.56 ± 0.39
2016-2020,J45,J45,Asthma,Land Use Cluster,Natural,6022,619141954,0.8691,0.0115,0.8473,0.8913,0.87 ± 0.01
2016-2020,J45,J45,Asthma,Land Use Cluster,Water-sensitive,2643,268882534,0.8228,0.0167,0.7917,0.8548,0.82 ± 0.02
2016-2020,J45,J45,Asthma,Land Use Cluster,Agricultural,2497,270387302,0.8184,0.0168,0.7867,0.8512,0.82 ± 0.02
2016-2020,J45,J45,Asthma,Land Use Cluster,Urban,5246,475204114,1.0242,0.0144,0.9967,1.0523,1.02 ± 0.01
2016-2020,J45,J45,Asthma,Land Use Cluster,National,16408,1633728425,0.8951,0.0072,0.8815,0.9089,0.90 ± 0.01
2016-2020,J45,J45,Asthma,Land Use Cluster,Unclassified,0,112521,0.0,0.0,0.0,0.0,0.00 ± 0.00
2016-2020,J60_J66,J60_J66,Pneumoconiosis,EQI Cluster,Low-burden,561,82310129,0.4938,0.021,0.4538,0.5364,0.49 ± 0.02
2016-2020,J60_J66,J60_J66,Pneumoconiosis,EQI Cluster,Mixed-burden,907,459340937,0.1513,0.0051,0.1416,0.1615,0.15 ± 0.01
2016-2020,J60_J66,J60_J66,Pneumoconiosis,EQI Cluster,High-burden,1735,1091653881,0.1387,0.0034,0.1322,0.1453,0.14 ± 0.00
2016-2020,J60_J66,J60_J66,Pneumoconiosis,EQI Cluster,National,3203,1633728425,0.1622,0.0029,0.1567,0.168,0.16 ± 0.00
2016-2020,J60_J66,J60_J66,Pneumoconiosis,EQI Cluster,Unclassified,0,423478,0.0,0.0,0.0,0.0,0.00 ± 0.00
2016-2020,J60_J66,J60_J66,Pneumoconiosis,Land Use Cluster,Natural,1807,619141954,0.2417,0.0057,0.2306,0.2531,0.24 ± 0.01
2016-2020,J60_J66,J60_J66,Pneumoconiosis,Land Use Cluster,Water-sensitive,582,268882534,0.1522,0.0064,0.1401,0.1651,0.15 ± 0.01
2016-2020,J60_J66,J60_J66,Pneumoconiosis,Land Use Cluster,Agricultural,417,270387302,0.1278,0.0063,0.1159,0.1407,0.13 ± 0.01
2016-2020,J60_J66,J60_J66,Pneumoconiosis,Land Use Cluster,Urban,397,475204114,0.0765,0.0039,0.0692,0.0844,0.08 ± 0.00
2016-2020,J60_J66,J60_J66,Pneumoconiosis,Land Use Cluster,National,3203,1633728425,0.1622,0.0029,0.1567,0.168,0.16 ± 0.00
2016-2020,J60_J66,J60_J66,Pneumoconiosis,Land Use Cluster,Unclassified,0,112521,0.0,0.0,0.0,0.0,0.00 ± 0.00
2016-2020,J60_J70,J60_J70,J60_J70,EQI Cluster,Low-burden,6279,82310129,5.7596,0.0736,5.618,5.9038,5.76 ± 0.07
2016-2020,J60_J70,J60_J70,J60_J70,EQI Cluster,Mixed-burden,29362,459340937,4.843,0.0286,4.7878,4.8987,4.84 ± 0.03
2016-2020,J60_J70,J60_J70,J60_J70,EQI Cluster,High-burden,65150,1091653881,5.0999,0.0202,5.0608,5.1392,5.10 ± 0.02
2016-2020,J60_J70,J60_J70,J60_J70,EQI Cluster,National,100811,1633728425,5.0559,0.0161,5.0247,5.0872,5.06 ± 0.02
2016-2020,J60_J70,J60_J70,J60_J70,EQI Cluster,Unclassified,20,423478,4.7309,1.0669,2.8898,7.3065,4.73 ± 1.07
2016-2020,J60_J70,J60_J70,J60_J70,Land Use Cluster,Natural,35913,619141954,4.8423,0.0258,4.7923,4.8926,4.84 ± 0.03
2016-2020,J60_J70,J60_J70,J60_J70,Land Use Cluster,Water-sensitive,17907,268882534,4.65,0.0352,4.5821,4.7186,4.65 ± 0.04
2016-2020,J60_J70,J60_J70,J60_J70,Land Use Cluster,Agricultural,18938,270387302,5.7002,0.0419,5.6193,5.7819,5.70 ± 0.04
2016-2020,J60_J70,J60_J70,J60_J70,Land Use Cluster,Urban,28048,475204114,5.2493,0.0317,5.188,5.3111,5.25 ± 0.03
2016-2020,J60_J70,J60_J70,J60_J70,Land Use Cluster,National,100811,1633728425,5.0559,0.0161,5.0247,5.0872,5.06 ± 0.02
2016-2020,J60_J70,J60_J70,J60_J70,Land Use Cluster,Unclassified,5,112521,10.1975,4.8907,3.3111,23.7976,10.20 ± 4.89
2016-2020,J84_D86,J84_D86,ILD,EQI Cluster,Low-burden,5907,82310129,5.3403,0.0705,5.205,5.4782,5.34 ± 0.07
2016-2020,J84_D86,J84_D86,ILD,EQI Cluster,Mixed-burden,29969,459340937,5.029,0.0294,4.9722,5.0863,5.03 ± 0.03
2016-2020,J84_D86,J84_D86,ILD,EQI Cluster,High-burden,69203,1091653881,5.4528,0.021,5.4123,5.4936,5.45 ± 0.02
2016-2020,J84_D86,J84_D86,ILD,EQI Cluster,National,105111,1633728425,5.3127,0.0166,5.2806,5.3449,5.31 ± 0.02
2016-2020,J84_D86,J84_D86,ILD,EQI Cluster,Unclassified,32,423478,7.2296,1.3004,4.945,10.206,7.23 ± 1.30
2016-2020,J84_D86,J84_D86,ILD,Land Use Cluster,Natural,40839,619141954,5.4834,0.0274,5.4303,5.5368,5.48 ± 0.03
2016-2020,J84_D86,J84_D86,ILD,Land Use Cluster,Water-sensitive,19344,268882534,5.0982,0.0372,5.0266,5.1706,5.10 ± 0.04
2016-2020,J84_D86,J84_D86,ILD,Land Use Cluster,Agricultural,18601,270387302,5.6399,0.0418,5.5591,5.7215,5.64 ± 0.04
2016-2020,J84_D86,J84_D86,ILD,Land Use Cluster,Urban,26319,475204114,5.0223,0.0314,4.9618,5.0833,5.02 ± 0.03
2016-2020,J84_D86,J84_D86,ILD,Land Use Cluster,National,105111,1633728425,5.3127,0.0166,5.2806,5.3449,5.31 ± 0.02
2016-2020,J84_D86,J84_D86,ILD,Land Use Cluster,Unclassified,8,112521,16.7042,6.1441,7.2117,32.9139,16.70 ± 6.14
2016-2020,K70,K70,Alcoholic,EQI Cluster,Low-burden,7463,82310129,7.981,0.0969,7.801,8.1642,7.98 ± 0.10
2016-2020,K70,K70,Alcoholic,EQI Cluster,Mixed-burden,30733,459340937,5.6981,0.0336,5.6346,5.7622,5.70 ± 0.03
2016-2020,K70,K70,Alcoholic,EQI Cluster,High-burden,82287,1091653881,6.6122,0.0237,6.5671,6.6575,6.61 ± 0.02
2016-2020,K70,K70,Alcoholic,EQI Cluster,National,120524,1633728425,6.4173,0.0191,6.3811,6.4536,6.42 ± 0.02
2016-2020,K70,K70,Alcoholic,EQI Cluster,Unclassified,41,423478,8.5424,1.3616,6.1302,11.5887,8.54 ± 1.36
2016-2020,K70,K70,Alcoholic,Land Use Cluster,Natural,55869,619141954,7.8632,0.0343,7.7982,7.9287,7.86 ± 0.03
2016-2020,K70,K70,Alcoholic,Land Use Cluster,Water-sensitive,19738,268882534,6.0066,0.0447,5.9231,6.091,6.01 ± 0.04
2016-2020,K70,K70,Alcoholic,Land Use Cluster,Agricultural,18404,270387302,6.0045,0.0458,5.9181,6.0919,6.00 ± 0.05
2016-2020,K70,K70,Alcoholic,Land Use Cluster,Urban,26427,475204114,4.9704,0.0312,4.9106,5.0307,4.97 ± 0.03
2016-2020,K70,K70,Alcoholic,Land Use Cluster,National,120524,1633728425,6.4173,0.0191,6.3811,6.4536,6.42 ± 0.02
2016-2020,K70,K70,Alcoholic,Land Use Cluster,Unclassified,86,112521,100.7632,11.1072,80.5975,124.4417,100.76 ± 11.11
2016-2020,K70_K76,K70_K76,Non-cancer CLD,EQI Cluster,Low-burden,21447,82310129,21.198,0.151,20.9152,21.4836,21.20 ± 0.15
2016-2020,K70_K76,K70_K76,Non-cancer CLD,EQI Cluster,Mixed-burden,77644,459340937,13.7831,0.0509,13.6864,13.8804,13.78 ± 0.05
2016-2020,K70_K76,K70_K76,Non-cancer CLD,EQI Cluster,High-burden,187369,1091653881,14.7251,0.0348,14.6585,14.7919,14.73 ± 0.03
2016-2020,K70_K76,K70_K76,Non-cancer CLD,EQI Cluster,National,286520,1633728425,14.7821,0.0283,14.728,14.8363,14.78 ± 0.03
2016-2020,K70_K76,K70_K76,Non-cancer CLD,EQI Cluster,Unclassified,60,423478,12.533,1.6503,9.564,16.1324,12.53 ± 1.65
2016-2020,K70_K76,K70_K76,Non-cancer CLD,Land Use Cluster,Natural,122522,619141954,16.7126,0.0491,16.6191,16.8064,16.71 ± 0.05
2016-2020,K70_K76,K70_K76,Non-cancer CLD,Land Use Cluster,Water-sensitive,50009,268882534,14.4203,0.0671,14.2942,14.5472,14.42 ± 0.07
2016-2020,K70_K76,K70_K76,Non-cancer CLD,Land Use Cluster,Agricultural,47724,270387302,14.9311,0.0703,14.7975,15.0657,14.93 ± 0.07
2016-2020,K70_K76,K70_K76,Non-cancer CLD,Land Use Cluster,Urban,66148,475204114,12.33,0.0489,12.2362,12.4244,12.33 ± 0.05
2016-2020,K70_K76,K70_K76,Non-cancer CLD,Land Use Cluster,National,286520,1633728425,14.7821,0.0283,14.728,14.8363,14.78 ± 0.03
2016-2020,K70_K76,K70_K76,Non-cancer CLD,Land Use Cluster,Unclassified,117,112521,139.074,13.3003,115.018,166.6766,139.07 ± 13.30
2016-2020,K70_K76_C22,K70_K76_C22,CLD,EQI Cluster,Low-burden,30032,82310129,28.721,0.1722,28.3971,29.0477,28.72 ± 0.17
2016-2020,K70_K76_C22,K70_K76_C22,CLD,EQI Cluster,Mixed-burden,118264,459340937,20.4152,0.0609,20.299,20.5319,20.42 ± 0.06
2016-2020,K70_K76_C22,K70_K76_C22,CLD,EQI Cluster,High-burden,275603,1091653881,21.3098,0.0415,21.2303,21.3895,21.31 ± 0.04
2016-2020,K70_K76_C22,K70_K76_C22,CLD,EQI Cluster,National,423977,1633728425,21.4257,0.0337,21.3612,21.4903,21.43 ± 0.03
2016-2020,K70_K76_C22,K70_K76_C22,CLD,EQI Cluster,Unclassified,78,423478,16.1018,1.8619,12.7278,20.0958,16.10 ± 1.86
2016-2020,K70_K76_C22,K70_K76_C22,CLD,Land Use Cluster,Natural,175895,619141954,23.5027,0.0574,23.393,23.6128,23.50 ± 0.06
2016-2020,K70_K76_C22,K70_K76_C22,CLD,Land Use Cluster,Water-sensitive,75013,268882534,20.8953,0.079,20.746,21.0453,20.90 ± 0.08
2016-2020,K70_K76_C22,K70_K76_C22,CLD,Land Use Cluster,Agricultural,69063,270387302,21.1592,0.0826,21.0017,21.3176,21.16 ± 0.08
2016-2020,K70_K76_C22,K70_K76_C22,CLD,Land Use Cluster,Urban,103880,475204114,19.1492,0.0605,19.0329,19.266,19.15 ± 0.06
2016-2020,K70_K76_C22,K70_K76_C22,CLD,Land Use Cluster,National,423977,1633728425,21.4257,0.0337,21.3612,21.4903,21.43 ± 0.03
2016-2020,K70_K76_C22,K70_K76_C22,CLD,Land Use Cluster,Unclassified,126,112521,151.0708,13.935,125.846,179.869,151.07 ± 13.93
2016-2020,K71,K71,K71,EQI Cluster,Low-burden,9,82310129,0.0081,0.0028,0.0037,0.0153,0.01 ± 0.00
2016-2020,K71,K71,K71,EQI Cluster,Mixed-burden,32,459340937,0.0056,0.001,0.0039,0.008,0.01 ± 0.00
2016-2020,K71,K71,K71,EQI Cluster,High-burden,65,1091653881,0.0051,0.0007,0.004,0.0066,0.01 ± 0.00
2016-2020,K71,K71,K71,EQI Cluster,National,106,1633728425,0.0054,0.0005,0.0044,0.0066,0.01 ± 0.00
2016-2020,K71,K71,K71,EQI Cluster,Unclassified,0,423478,0.0,0.0,0.0,0.0,0.00 ± 0.00
2016-2020,K71,K71,K71,Land Use Cluster,Natural,46,619141954,0.0062,0.001,0.0046,0.0083,0.01 ± 0.00
2016-2020,K71,K71,K71,Land Use Cluster,Water-sensitive,20,268882534,0.0055,0.0013,0.0033,0.0085,0.01 ± 0.00
2016-2020,K71,K71,K71,Land Use Cluster,Agricultural,19,270387302,0.0054,0.0013,0.0032,0.0084,0.01 ± 0.00
2016-2020,K71,K71,K71,Land Use Cluster,Urban,21,475204114,0.0041,0.0009,0.0026,0.0063,0.00 ± 0.00
2016-2020,K71,K71,K71,Land Use Cluster,National,106,1633728425,0.0054,0.0005,0.0044,0.0066,0.01 ± 0.00
2016-2020,K71,K71,K71,Land Use Cluster,Unclassified,0,112521,0.0,0.0,0.0,0.0,0.00 ± 0.00
2016-2020,K71_K73_K74,K71_K73_K74,Toxic & chronic,EQI Cluster,Low-burden,8988,82310129,8.4483,0.0923,8.2746,8.6248,8.45 ± 0.09
2016-2020,K71_K73_K74,K71_K73_K74,Toxic & chronic,EQI Cluster,Mixed-burden,27817,459340937,4.7729,0.0293,4.7169,4.8293,4.77 ± 0.03
2016-2020,K71_K73_K74,K71_K73_K74,Toxic & chronic,EQI Cluster,High-burden,63489,1091653881,4.8814,0.0198,4.8435,4.9196,4.88 ± 0.02
2016-2020,K71_K73_K74,K71_K73_K74,Toxic & chronic,EQI Cluster,National,100305,1633728425,5.0329,0.0162,5.0018,5.0642,5.03 ± 0.02
2016-2020,K71_K73_K74,K71_K73_K74,Toxic & chronic,EQI Cluster,Unclassified,11,423478,2.482,0.7601,1.239,4.441,2.48 ± 0.76
2016-2020,K71_K73_K74,K71_K73_K74,Toxic & chronic,Land Use Cluster,Natural,40186,619141954,5.3108,0.0271,5.259,5.363,5.31 ± 0.03
2016-2020,K71_K73_K74,K71_K73_K74,Toxic & chronic,Land Use Cluster,Water-sensitive,18565,268882534,5.1338,0.0389,5.0602,5.2082,5.13 ± 0.04
2016-2020,K71_K73_K74,K71_K73_K74,Toxic & chronic,Land Use Cluster,Agricultural,17592,270387302,5.3373,0.0411,5.2587,5.4167,5.34 ± 0.04
2016-2020,K71_K73_K74,K71_K73_K74,Toxic & chronic,Land Use Cluster,Urban,23948,475204114,4.4207,0.0291,4.3649,4.477,4.42 ± 0.03
2016-2020,K71_K73_K74,K71_K73_K74,Toxic & chronic,Land Use Cluster,National,100305,1633728425,5.0329,0.0162,5.0018,5.0642,5.03 ± 0.02
2016-2020,K71_K73_K74,K71_K73_K74,Toxic & chronic,Land Use Cluster,Unclassified,14,112521,18.4194,5.3069,10.0701,30.9046,18.42 ± 5.31
2016-2020,K72_K75,K72_K75,Other CLD,EQI Cluster,Low-burden,2064,82310129,1.9919,0.0456,1.9069,2.0798,1.99 ± 0.05
2016-2020,K72_K75,K72_K75,Other CLD,EQI Cluster,Mixed-burden,8101,459340937,1.4205,0.0162,1.3898,1.4518,1.42 ± 0.02
2016-2020,K72_K75,K72_K75,Other CLD,EQI Cluster,High-burden,16521,1091653881,1.3005,0.0103,1.2808,1.3205,1.30 ± 0.01
2016-2020,K72_K75,K72_K75,Other CLD,EQI Cluster,National,26688,1633728425,1.3705,0.0086,1.3541,1.387,1.37 ± 0.01
2016-2020,K72_K75,K72_K75,Other CLD,EQI Cluster,Unclassified,2,423478,0.3263,0.2308,0.0395,1.1789,0.33 ± 0.23
2016-2020,K72_K75,K72_K75,Other CLD,Land Use Cluster,Natural,10256,619141954,1.3924,0.0141,1.3656,1.4196,1.39 ± 0.01
2016-2020,K72_K75,K72_K75,Other CLD,Land Use Cluster,Water-sensitive,4884,268882534,1.3931,0.0207,1.3543,1.4328,1.39 ± 0.02
2016-2020,K72_K75,K72_K75,Other CLD,Land Use Cluster,Agricultural,4885,270387302,1.5126,0.0222,1.4705,1.5556,1.51 ± 0.02
2016-2020,K72_K75,K72_K75,Other CLD,Land Use Cluster,Urban,6661,475204114,1.2477,0.0156,1.2179,1.278,1.25 ± 0.02
2016-2020,K72_K75,K72_K75,Other CLD,Land Use Cluster,National,26688,1633728425,1.3705,0.0086,1.3541,1.387,1.37 ± 0.01
2016-2020,K72_K75,K72_K75,Other CLD,Land Use Cluster,Unclassified,2,112521,2.1623,1.5485,0.2619,7.8108,2.16 ± 1.55
2016-2020,K73,K73,K73,EQI Cluster,Low-burden,23,82310129,0.0206,0.0044,0.013,0.0309,0.02 ± 0.00
2016-2020,K73,K73,K73,EQI Cluster,Mixed-burden,59,459340937,0.0103,0.0014,0.0078,0.0133,0.01 ± 0.00
2016-2020,K73,K73,K73,EQI Cluster,High-burden,189,1091653881,0.0146,0.0011,0.0126,0.0169,0.01 ± 0.00
2016-2020,K73,K73,K73,EQI Cluster,National,271,1633728425,0.0137,0.0009,0.0121,0.0154,0.01 ± 0.00
2016-2020,K73,K73,K73,EQI Cluster,Unclassified,0,423478,0.0,0.0,0.0,0.0,0.00 ± 0.00
2016-2020,K73,K73,K73,Land Use Cluster,Natural,114,619141954,0.0152,0.0015,0.0126,0.0183,0.02 ± 0.00
2016-2020,K73,K73,K73,Land Use Cluster,Water-sensitive,46,268882534,0.0122,0.0018,0.0089,0.0163,0.01 ± 0.00
2016-2020,K73,K73,K73,Land Use Cluster,Agricultural,48,270387302,0.0149,0.0022,0.011,0.0198,0.01 ± 0.00
2016-2020,K73,K73,K73,Land Use Cluster,Urban,63,475204114,0.0116,0.0015,0.0089,0.0148,0.01 ± 0.00
2016-2020,K73,K73,K73,Land Use Cluster,National,271,1633728425,0.0137,0.0009,0.0121,0.0154,0.01 ± 0.00
2016-2020,K73,K73,K73,Land Use Cluster,Unclassified,0,112521,0.0,0.0,0.0,0.0,0.00 ± 0.00
2016-2020,K74,K74,K74,EQI Cluster,Low-burden,8956,82310129,8.4197,0.0921,8.2462,8.5959,8.42 ± 0.09
2016-2020,K74,K74,K74,EQI Cluster,Mixed-burden,27726,459340937,4.7569,0.0293,4.7011,4.8133,4.76 ± 0.03
2016-2020,K74,K74,K74,EQI Cluster,High-burden,63235,1091653881,4.8617,0.0197,4.8239,4.8997,4.86 ± 0.02
2016-2020,K74,K74,K74,EQI Cluster,National,99928,1633728425,5.0138,0.0162,4.9828,5.045,5.01 ± 0.02
2016-2020,K74,K74,K74,EQI Cluster,Unclassified,11,423478,2.482,0.7601,1.239,4.441,2.48 ± 0.76
2016-2020,K74,K74,K74,Land Use Cluster,Natural,40026,619141954,5.2893,0.027,5.2376,5.3414,5.29 ± 0.03
2016-2020,K74,K74,K74,Land Use Cluster,Water-sensitive,18499,268882534,5.1161,0.0388,5.0426,5.1904,5.12 ± 0.04
2016-2020,K74,K74,K74,Land Use Cluster,Agricultural,17525,270387302,5.317,0.0411,5.2385,5.3963,5.32 ± 0.04
2016-2020,K74,K74,K74,Land Use Cluster,Urban,23864,475204114,4.405,0.029,4.3493,4.4612,4.41 ± 0.03
2016-2020,K74,K74,K74,Land Use Cluster,National,99928,1633728425,5.0138,0.0162,4.9828,5.045,5.01 ± 0.02
2016-2020,K74,K74,K74,Land Use Cluster,Unclassified,14,112521,18.4194,5.3069,10.0701,30.9046,18.42 ± 5.31
2016-2020,K76,K76,Non-alcoholic,EQI Cluster,Low-burden,2932,82310129,2.7767,0.0531,2.677,2.879,2.78 ± 0.05
2016-2020,K76,K76,Non-alcoholic,EQI Cluster,Mixed-burden,10993,459340937,1.8917,0.0185,1.8565,1.9274,1.89 ± 0.02
2016-2020,K76,K76,Non-alcoholic,EQI Cluster,High-burden,25072,1091653881,1.931,0.0124,1.9071,1.955,1.93 ± 0.01
2016-2020,K76,K76,Non-alcoholic,EQI Cluster,National,39003,1633728425,1.9615,0.0101,1.9421,1.9811,1.96 ± 0.01
2016-2020,K76,K76,Non-alcoholic,EQI Cluster,Unclassified,6,423478,1.1822,0.4881,0.4338,2.5731,1.18 ± 0.49
2016-2020,K76,K76,Non-alcoholic,Land Use Cluster,Natural,16211,619141954,2.1461,0.0172,2.1132,2.1794,2.15 ± 0.02
2016-2020,K76,K76,Non-alcoholic,Land Use Cluster,Water-sensitive,6822,268882534,1.8867,0.0236,1.8422,1.932,1.89 ± 0.02
2016-2020,K76,K76,Non-alcoholic,Land Use Cluster,Agricultural,6843,270387302,2.0768,0.0257,2.0278,2.1266,2.08 ± 0.03
2016-2020,K76,K76,Non-alcoholic,Land Use Cluster,Urban,9112,475204114,1.6913,0.018,1.6567,1.7263,1.69 ± 0.02
2016-2020,K76,K76,Non-alcoholic,Land Use Cluster,National,39003,1633728425,1.9615,0.0101,1.9421,1.9811,1.96 ± 0.01
2016-2020,K76,K76,Non-alcoholic,Land Use Cluster,Unclassified,15,112521,17.7292,4.7923,9.9229,29.2416,17.73 ± 4.79
2016-2020,K76.7,K76.7,HRS,EQI Cluster,Low-burden,228,82310129,0.2209,0.0152,0.1932,0.2515,0.22 ± 0.02
2016-2020,K76.7,K76.7,HRS,EQI Cluster,Mixed-burden,682,459340937,0.119,0.0047,0.1102,0.1283,0.12 ± 0.00
2016-2020,K76.7,K76.7,HRS,EQI Cluster,High-burden,1513,1091653881,0.1187,0.0031,0.1128,0.1248,0.12 ± 0.00
2016-2020,K76.7,K76.7,HRS,EQI Cluster,National,2424,1633728425,0.1242,0.0026,0.1193,0.1293,0.12 ± 0.00
2016-2020,K76.7,K76.7,HRS,EQI Cluster,Unclassified,1,423478,0.2313,0.2313,0.0059,1.2885,0.23 ± 0.23
2016-2020,K76.7,K76.7,HRS,Land Use Cluster,Natural,1057,619141954,0.1437,0.0045,0.1352,0.1526,0.14 ± 0.00
2016-2020,K76.7,K76.7,HRS,Land Use Cluster,Water-sensitive,478,268882534,0.1345,0.0064,0.1227,0.1471,0.13 ± 0.01
2016-2020,K76.7,K76.7,HRS,Land Use Cluster,Agricultural,386,270387302,0.1193,0.0062,0.1077,0.1319,0.12 ± 0.01
2016-2020,K76.7,K76.7,HRS,Land Use Cluster,Urban,502,475204114,0.0942,0.0043,0.0862,0.1028,0.09 ± 0.00
2016-2020,K76.7,K76.7,HRS,Land Use Cluster,National,2424,1633728425,0.1242,0.0026,0.1193,0.1293,0.12 ± 0.00
2016-2020,K76.7,K76.7,HRS,Land Use Cluster,Unclassified,1,112521,2.2855,2.2855,0.0579,12.7341,2.29 ± 2.29
2016-2020,N00_N15,N00_N15,GRTI,EQI Cluster,Low-burden,814,82310129,0.7548,0.0269,0.7038,0.8085,0.75 ± 0.03
2016-2020,N00_N15,N00_N15,GRTI,EQI Cluster,Mixed-burden,3535,459340937,0.5977,0.0102,0.5782,0.6178,0.60 ± 0.01
2016-2020,N00_N15,N00_N15,GRTI,EQI Cluster,High-burden,7943,1091653881,0.6276,0.0071,0.6139,0.6416,0.63 ± 0.01
2016-2020,N00_N15,N00_N15,GRTI,EQI Cluster,National,12295,1633728425,0.6256,0.0057,0.6146,0.6368,0.63 ± 0.01
2016-2020,N00_N15,N00_N15,GRTI,EQI Cluster,Unclassified,3,423478,0.4964,0.2867,0.1024,1.4507,0.50 ± 0.29
2016-2020,N00_N15,N00_N15,GRTI,Land Use Cluster,Natural,5030,619141954,0.6833,0.0098,0.6646,0.7025,0.68 ± 0.01
2016-2020,N00_N15,N00_N15,GRTI,Land Use Cluster,Water-sensitive,2041,268882534,0.5445,0.0123,0.5212,0.5687,0.54 ± 0.01
2016-2020,N00_N15,N00_N15,GRTI,Land Use Cluster,Agricultural,2210,270387302,0.6759,0.0146,0.648,0.7047,0.68 ± 0.01
2016-2020,N00_N15,N00_N15,GRTI,Land Use Cluster,Urban,3013,475204114,0.5694,0.0105,0.5492,0.5901,0.57 ± 0.01
2016-2020,N00_N15,N00_N15,GRTI,Land Use Cluster,National,12295,1633728425,0.6256,0.0057,0.6146,0.6368,0.63 ± 0.01
2016-2020,N00_N15,N00_N15,GRTI,Land Use Cluster,Unclassified,1,112521,2.2855,2.2855,0.0579,12.7341,2.29 ± 2.29
2016-2020,N00_N29,N00_N29,Non-cancer CKD,EQI Cluster,Low-burden,21374,82310129,19.6593,0.1369,19.3967,19.9247,19.66 ± 0.14
2016-2020,N00_N29,N00_N29,Non-cancer CKD,EQI Cluster,Mixed-burden,86093,459340937,14.3821,0.0497,14.2861,14.4784,14.38 ± 0.05
2016-2020,N00_N29,N00_N29,Non-cancer CKD,EQI Cluster,High-burden,184920,1091653881,14.4765,0.0341,14.4106,14.5426,14.48 ± 0.03
2016-2020,N00_N29,N00_N29,Non-cancer CKD,EQI Cluster,National,292424,1633728425,14.7156,0.0276,14.6623,14.769,14.72 ± 0.03
2016-2020,N00_N29,N00_N29,Non-cancer CKD,EQI Cluster,Unclassified,37,423478,8.2906,1.3852,5.8374,11.4276,8.29 ± 1.39
2016-2020,N00_N29,N00_N29,Non-cancer CKD,Land Use Cluster,Natural,103801,619141954,13.949,0.0438,13.8643,14.0341,13.95 ± 0.04
2016-2020,N00_N29,N00_N29,Non-cancer CKD,Land Use Cluster,Water-sensitive,53789,268882534,14.1674,0.0621,14.048,14.2877,14.17 ± 0.06
2016-2020,N00_N29,N00_N29,Non-cancer CKD,Land Use Cluster,Agricultural,54938,270387302,16.5696,0.0716,16.4313,16.7087,16.57 ± 0.07
2016-2020,N00_N29,N00_N29,Non-cancer CKD,Land Use Cluster,Urban,79879,475204114,15.0517,0.054,14.9475,15.1565,15.05 ± 0.05
2016-2020,N00_N29,N00_N29,Non-cancer CKD,Land Use Cluster,National,292424,1633728425,14.7156,0.0276,14.6623,14.769,14.72 ± 0.03
2016-2020,N00_N29,N00_N29,Non-cancer CKD,Land Use Cluster,Unclassified,17,112521,26.2921,6.8546,15.3161,42.0962,26.29 ± 6.85
2016-2020,N00_N29_C64_C65,N00_N29_C64_C65,CKD,EQI Cluster,Low-burden,26153,82310129,23.9772,0.151,23.6875,24.2696,23.98 ± 0.15
2016-2020,N00_N29_C64_C65,N00_N29_C64_C65,CKD,EQI Cluster,Mixed-burden,106288,459340937,17.7546,0.0553,17.648,17.8616,17.75 ± 0.06
2016-2020,N00_N29_C64_C65,N00_N29_C64_C65,CKD,EQI Cluster,High-burden,230252,1091653881,17.9619,0.0379,17.8886,18.0354,17.96 ± 0.04
2016-2020,N00_N29_C64_C65,N00_N29_C64_C65,CKD,EQI Cluster,National,362740,1633728425,18.2106,0.0306,18.1514,18.27,18.21 ± 0.03
2016-2020,N00_N29_C64_C65,N00_N29_C64_C65,CKD,EQI Cluster,Unclassified,47,423478,10.6663,1.5805,7.8372,14.1839,10.67 ± 1.58
2016-2020,N00_N29_C64_C65,N00_N29_C64_C65,CKD,Land Use Cluster,Natural,131604,619141954,17.6013,0.0491,17.5063,17.6967,17.60 ± 0.05
2016-2020,N00_N29_C64_C65,N00_N29_C64_C65,CKD,Land Use Cluster,Water-sensitive,66194,268882534,17.4456,0.069,17.3129,17.579,17.45 ± 0.07
2016-2020,N00_N29_C64_C65,N00_N29_C64_C65,CKD,Land Use Cluster,Agricultural,68305,270387302,20.5494,0.0797,20.3955,20.704,20.55 ± 0.08
2016-2020,N00_N29_C64_C65,N00_N29_C64_C65,CKD,Land Use Cluster,Urban,96614,475204114,18.178,0.0593,18.0636,18.293,18.18 ± 0.06
2016-2020,N00_N29_C64_C65,N00_N29_C64_C65,CKD,Land Use Cluster,National,362740,1633728425,18.2106,0.0306,18.1514,18.27,18.21 ± 0.03
2016-2020,N00_N29_C64_C65,N00_N29_C64_C65,CKD,Land Use Cluster,Unclassified,23,112521,33.125,7.4188,20.9984,49.7038,33.12 ± 7.42
2016-2020,N16_N17_N20_N29,N16_N17_N20_N29,Other kidney disease,EQI Cluster,Low-burden,5673,82310129,5.2351,0.0709,5.0998,5.3732,5.24 ± 0.07
2016-2020,N16_N17_N20_N29,N16_N17_N20_N29,Other kidney disease,EQI Cluster,Mixed-burden,20724,459340937,3.4535,0.0243,3.4066,3.5008,3.45 ± 0.02
2016-2020,N16_N17_N20_N29,N16_N17_N20_N29,Other kidney disease,EQI Cluster,High-burden,42484,1091653881,3.3244,0.0163,3.2929,3.3562,3.32 ± 0.02
2016-2020,N16_N17_N20_N29,N16_N17_N20_N29,Other kidney disease,EQI Cluster,National,68893,1633728425,3.4654,0.0134,3.4395,3.4913,3.47 ± 0.01
2016-2020,N16_N17_N20_N29,N16_N17_N20_N29,Other kidney disease,EQI Cluster,Unclassified,12,423478,2.9993,0.8707,1.5498,5.2392,3.00 ± 0.87
2016-2020,N16_N17_N20_N29,N16_N17_N20_N29,Other kidney disease,Land Use Cluster,Natural,24550,619141954,3.2923,0.0213,3.2512,3.3337,3.29 ± 0.02
2016-2020,N16_N17_N20_N29,N16_N17_N20_N29,Other kidney disease,Land Use Cluster,Water-sensitive,12595,268882534,3.319,0.0301,3.2613,3.3775,3.32 ± 0.03
2016-2020,N16_N17_N20_N29,N16_N17_N20_N29,Other kidney disease,Land Use Cluster,Agricultural,13950,270387302,4.2029,0.0361,4.1334,4.2732,4.20 ± 0.04
2016-2020,N16_N17_N20_N29,N16_N17_N20_N29,Other kidney disease,Land Use Cluster,Urban,17796,475204114,3.3524,0.0255,3.3033,3.402,3.35 ± 0.03
2016-2020,N16_N17_N20_N29,N16_N17_N20_N29,Other kidney disease,Land Use Cluster,National,68893,1633728425,3.4654,0.0134,3.4395,3.4913,3.47 ± 0.01
2016-2020,N16_N17_N20_N29,N16_N17_N20_N29,Other kidney disease,Land Use Cluster,Unclassified,2,112521,3.1934,2.4592,0.3867,11.5357,3.19 ± 2.46
2016-2020,N18_N19,N18_N19,RF,EQI Cluster,Low-burden,14887,82310129,13.6694,0.114,13.4507,13.8908,13.67 ± 0.11
2016-2020,N18_N19,N18_N19,RF,EQI Cluster,Mixed-burden,61834,459340937,10.3308,0.0421,10.2495,10.4126,10.33 ± 0.04
2016-2020,N18_N19,N18_N19,RF,EQI Cluster,High-burden,134493,1091653881,10.5244,0.029,10.4682,10.5808,10.52 ± 0.03
2016-2020,N18_N19,N18_N19,RF,EQI Cluster,National,211236,1633728425,10.6246,0.0234,10.5793,10.67,10.62 ± 0.02
2016-2020,N18_N19,N18_N19,RF,EQI Cluster,Unclassified,22,423478,4.7949,1.0385,3.005,7.2596,4.79 ± 1.04
2016-2020,N18_N19,N18_N19,RF,Land Use Cluster,Natural,74221,619141954,9.9734,0.037,9.9018,10.0455,9.97 ± 0.04
2016-2020,N18_N19,N18_N19,RF,Land Use Cluster,Water-sensitive,39153,268882534,10.3039,0.053,10.2021,10.4065,10.30 ± 0.05
2016-2020,N18_N19,N18_N19,RF,Land Use Cluster,Agricultural,38778,270387302,11.6908,0.0601,11.5747,11.8077,11.69 ± 0.06
2016-2020,N18_N19,N18_N19,RF,Land Use Cluster,Urban,59070,475204114,11.1299,0.0464,11.0404,11.2201,11.13 ± 0.05
2016-2020,N18_N19,N18_N19,RF,Land Use Cluster,National,211236,1633728425,10.6246,0.0234,10.5793,10.67,10.62 ± 0.02
2016-2020,N18_N19,N18_N19,RF,Land Use Cluster,Unclassified,14,112521,20.8132,5.9761,11.3788,34.921,20.81 ± 5.98
2016-2020,X60_X69,X60_X69,NVS,EQI Cluster,Low-burden,1173,82310129,1.3972,0.0424,1.3184,1.4795,1.40 ± 0.04
2016-2020,X60_X69,X60_X69,NVS,EQI Cluster,Mixed-burden,8683,459340937,1.7655,0.0195,1.7286,1.8031,1.77 ± 0.02
2016-2020,X60_X69,X60_X69,NVS,EQI Cluster,High-burden,21059,1091653881,1.8351,0.0129,1.8104,1.86,1.84 ± 0.01
2016-2020,X60_X69,X60_X69,NVS,EQI Cluster,National,30929,1633728425,1.7938,0.0105,1.7738,1.8139,1.79 ± 0.01
2016-2020,X60_X69,X60_X69,NVS,EQI Cluster,Unclassified,14,423478,3.31,0.8996,1.8096,5.5535,3.31 ± 0.90
2016-2020,X60_X69,X60_X69,NVS,Land Use Cluster,Natural,12640,619141954,1.9352,0.0177,1.9016,1.9693,1.94 ± 0.02
2016-2020,X60_X69,X60_X69,NVS,Land Use Cluster,Water-sensitive,5491,268882534,1.8719,0.0263,1.8227,1.9221,1.87 ± 0.03
2016-2020,X60_X69,X60_X69,NVS,Land Use Cluster,Agricultural,4995,270387302,1.8193,0.0265,1.7692,1.8704,1.82 ± 0.03
2016-2020,X60_X69,X60_X69,NVS,Land Use Cluster,Urban,7801,475204114,1.5537,0.0179,1.5194,1.5886,1.55 ± 0.02
2016-2020,X60_X69,X60_X69,NVS,Land Use Cluster,National,30929,1633728425,1.7938,0.0105,1.7738,1.8139,1.79 ± 0.01
2016-2020,X60_X69,X60_X69,NVS,Land Use Cluster,Unclassified,2,112521,2.23,1.6471,0.2701,8.0554,2.23 ± 1.65
2016-2020,X60_X84_Y87.0,X60_X84_Y87.0,Suicide,EQI Cluster,Low-burden,13529,82310129,16.1158,0.1437,15.8453,16.3896,16.12 ± 0.14
2016-2020,X60_X84_Y87.0,X60_X84_Y87.0,Suicide,EQI Cluster,Mixed-burden,64670,459340937,13.3907,0.0541,13.2877,13.4943,13.39 ± 0.05
2016-2020,X60_X84_Y87.0,X60_X84_Y87.0,Suicide,EQI Cluster,High-burden,151280,1091653881,13.417,0.0352,13.3494,13.4847,13.42 ± 0.04
2016-2020,X60_X84_Y87.0,X60_X84_Y87.0,Suicide,EQI Cluster,National,229538,1633728425,13.5415,0.0289,13.4861,13.597,13.54 ± 0.03
2016-2020,X60_X84_Y87.0,X60_X84_Y87.0,Suicide,EQI Cluster,Unclassified,59,423478,13.4877,1.7815,10.2675,17.3982,13.49 ± 1.78
2016-2020,X60_X84_Y87.0,X60_X84_Y87.0,Suicide,Land Use Cluster,Natural,99486,619141954,15.5193,0.0503,15.423,15.616,15.52 ± 0.05
2016-2020,X60_X84_Y87.0,X60_X84_Y87.0,Suicide,Land Use Cluster,Water-sensitive,38713,268882534,13.598,0.0717,13.4629,13.7341,13.60 ± 0.07
2016-2020,X60_X84_Y87.0,X60_X84_Y87.0,Suicide,Land Use Cluster,Agricultural,39405,270387302,14.3672,0.0741,14.2257,14.5098,14.37 ± 0.07
2016-2020,X60_X84_Y87.0,X60_X84_Y87.0,Suicide,Land Use Cluster,Urban,51858,475204114,10.5055,0.0469,10.4152,10.5963,10.51 ± 0.05
2016-2020,X60_X84_Y87.0,X60_X84_Y87.0,Suicide,Land Use Cluster,National,229538,1633728425,13.5415,0.0289,13.4861,13.597,13.54 ± 0.03
2016-2020,X60_X84_Y87.0,X60_X84_Y87.0,Suicide,Land Use Cluster,Unclassified,76,112521,64.531,7.6664,50.8431,80.7702,64.53 ± 7.67
2016-2020,X70_X84,X70_X84,VS,EQI Cluster,Low-burden,12344,82310129,14.7032,0.1372,14.4449,14.9649,14.70 ± 0.14
2016-2020,X70_X84,X70_X84,VS,EQI Cluster,Mixed-burden,55911,459340937,11.6106,0.0504,11.5146,11.7073,11.61 ± 0.05
2016-2020,X70_X84,X70_X84,VS,EQI Cluster,High-burden,130055,1091653881,11.5671,0.0327,11.5044,11.6302,11.57 ± 0.03
2016-2020,X70_X84,X70_X84,VS,EQI Cluster,National,198355,1633728425,11.7329,0.0269,11.6814,11.7847,11.73 ± 0.03
2016-2020,X70_X84,X70_X84,VS,EQI Cluster,Unclassified,45,423478,10.1778,1.5376,7.4237,13.6187,10.18 ± 1.54
2016-2020,X70_X84,X70_X84,VS,Land Use Cluster,Natural,86725,619141954,13.5653,0.0471,13.4752,13.6559,13.57 ± 0.05
2016-2020,X70_X84,X70_X84,VS,Land Use Cluster,Water-sensitive,33168,268882534,11.7079,0.0667,11.5823,11.8346,11.71 ± 0.07
2016-2020,X70_X84,X70_X84,VS,Land Use Cluster,Agricultural,34382,270387302,12.5375,0.0692,12.4053,12.6707,12.54 ± 0.07
2016-2020,X70_X84,X70_X84,VS,Land Use Cluster,Urban,44006,475204114,8.9416,0.0433,8.8583,9.0256,8.94 ± 0.04
2016-2020,X70_X84,X70_X84,VS,Land Use Cluster,National,198355,1633728425,11.7329,0.0269,11.6814,11.7847,11.73 ± 0.03
2016-2020,X70_X84,X70_X84,VS,Land Use Cluster,Unclassified,74,112521,62.3011,7.4874,48.9198,78.2133,62.30 ± 7.49
2016-2020,Y87.0,Y87.0,SI,EQI Cluster,Low-burden,12,82310129,0.0154,0.0046,0.008,0.0269,0.02 ± 0.00
2016-2020,Y87.0,Y87.0,SI,EQI Cluster,Mixed-burden,76,459340937,0.0146,0.0017,0.0115,0.0182,0.01 ± 0.00
2016-2020,Y87.0,Y87.0,SI,EQI Cluster,High-burden,166,1091653881,0.0147,0.0012,0.0126,0.0172,0.01 ± 0.00
2016-2020,Y87.0,Y87.0,SI,EQI Cluster,National,254,1633728425,0.0147,0.0009,0.013,0.0167,0.01 ± 0.00
2016-2020,Y87.0,Y87.0,SI,EQI Cluster,Unclassified,0,423478,0.0,0.0,0.0,0.0,0.00 ± 0.00
2016-2020,Y87.0,Y87.0,SI,Land Use Cluster,Natural,121,619141954,0.0187,0.0017,0.0155,0.0224,0.02 ± 0.00
2016-2020,Y87.0,Y87.0,SI,Land Use Cluster,Water-sensitive,54,268882534,0.0181,0.0026,0.0136,0.0236,0.02 ± 0.00
2016-2020,Y87.0,Y87.0,SI,Land Use Cluster,Agricultural,28,270387302,0.0104,0.002,0.0069,0.0151,0.01 ± 0.00
2016-2020,Y87.0,Y87.0,SI,Land Use Cluster,Urban,51,475204114,0.0101,0.0014,0.0075,0.0133,0.01 ± 0.00
2016-2020,Y87.0,Y87.0,SI,Land Use Cluster,National,254,1633728425,0.0147,0.0009,0.013,0.0167,0.01 ± 0.00
2016-2020,Y87.0,Y87.0,SI,Land Use Cluster,Unclassified,0,112521,0.0,0.0,0.0,0.0,0.00 ± 0.00
2021-2024,C00_C97,C00_C97,Cancer,EQI Cluster,Low-burden,150114,64704293,195.7882,0.5368,194.799,196.7811,195.79 ± 0.54
2021-2024,C00_C97,C00_C97,Cancer,EQI Cluster,Mixed-burden,726330,374587162,164.7935,0.2029,164.4147,165.1729,164.79 ± 0.20
2021-2024,C00_C97,C00_C97,Cancer,EQI Cluster,High-burden,1566633,878725634,164.4676,0.1362,164.2102,164.7253,164.47 ± 0.14
2021-2024,C00_C97,C00_C97,Cancer,EQI Cluster,National,2443597,1318376942,166.0297,0.1106,165.8215,166.238,166.03 ± 0.11
2021-2024,C00_C97,C00_C97,Cancer,EQI Cluster,Unclassified,520,359853,128.0341,5.8422,117.2646,139.5267,128.03 ± 5.84
2021-2024,C00_C97,C00_C97,Cancer,Land Use Cluster,Natural,944020,502006373,168.9381,0.1813,168.5975,169.2793,168.94 ± 0.18
2021-2024,C00_C97,C00_C97,Cancer,Land Use Cluster,Water-sensitive,459218,215495957,166.2361,0.2595,165.7556,166.7176,166.24 ± 0.26
2021-2024,C00_C97,C00_C97,Cancer,Land Use Cluster,Agricultural,432483,220973985,177.3556,0.2812,176.8274,177.885,177.36 ± 0.28
2021-2024,C00_C97,C00_C97,Cancer,Land Use Cluster,Urban,607770,379900627,155.1032,0.2049,154.7135,155.4936,155.10 ± 0.20
2021-2024,C00_C97,C00_C97,Cancer,Land Use Cluster,National,2443597,1318376942,166.0297,0.1106,165.8215,166.238,166.03 ± 0.11
2021-2024,C00_C97,C00_C97,Cancer,Land Use Cluster,Unclassified,106,0,0.0,0.0,0.0,0.0,0.00 ± 0.00
2021-2024,C18_C21,C18_C21,Colorectal,EQI Cluster,Low-burden,14569,64704293,19.8454,0.1745,19.5245,20.1704,19.85 ± 0.17
2021-2024,C18_C21,C18_C21,Colorectal,EQI Cluster,Mixed-burden,64861,374587162,15.3378,0.0632,15.22,15.4563,15.34 ± 0.06
2021-2024,C18_C21,C18_C21,Colorectal,EQI Cluster,High-burden,139752,878725634,15.1725,0.042,15.093,15.2522,15.17 ± 0.04
2021-2024,C18_C21,C18_C21,Colorectal,EQI Cluster,National,219223,1318376942,15.4481,0.0343,15.3835,15.5129,15.45 ± 0.03
2021-2024,C18_C21,C18_C21,Colorectal,EQI Cluster,Unclassified,41,359853,11.1294,1.8159,7.9866,15.0982,11.13 ± 1.82
2021-2024,C18_C21,C18_C21,Colorectal,Land Use Cluster,Natural,86079,502006373,16.0142,0.0569,15.9074,16.1216,16.01 ± 0.06
2021-2024,C18_C21,C18_C21,Colorectal,Land Use Cluster,Water-sensitive,39016,215495957,14.8501,0.0796,14.7031,14.9982,14.85 ± 0.08
2021-2024,C18_C21,C18_C21,Colorectal,Land Use Cluster,Agricultural,38906,220973985,16.4895,0.0871,16.326,16.6541,16.49 ± 0.09
2021-2024,C18_C21,C18_C21,Colorectal,Land Use Cluster,Urban,55207,379900627,14.4652,0.0634,14.3448,14.5864,14.47 ± 0.06
2021-2024,C18_C21,C18_C21,Colorectal,Land Use Cluster,National,219223,1318376942,15.4481,0.0343,15.3835,15.5129,15.45 ± 0.03
2021-2024,C18_C21,C18_C21,Colorectal,Land Use Cluster,Unclassified,15,0,0.0,0.0,0.0,0.0,0.00 ± 0.00
2021-2024,C22,C22,Liver,EQI Cluster,Low-burden,7724,64704293,10.1224,0.1232,9.8979,10.3507,10.12 ± 0.12
2021-2024,C22,C22,Liver,EQI Cluster,Mixed-burden,34005,374587162,7.7241,0.0442,7.6422,7.8067,7.72 ± 0.04
2021-2024,C22,C22,Liver,EQI Cluster,High-burden,76277,878725634,7.9898,0.0302,7.9332,8.0467,7.99 ± 0.03
2021-2024,C22,C22,Liver,EQI Cluster,National,118033,1318376942,8.0152,0.0245,7.9695,8.061,8.02 ± 0.02
2021-2024,C22,C22,Liver,EQI Cluster,Unclassified,27,359853,6.1798,1.2575,4.0725,8.9913,6.18 ± 1.26
2021-2024,C22,C22,Liver,Land Use Cluster,Natural,46647,502006373,8.3584,0.0407,8.2827,8.4346,8.36 ± 0.04
2021-2024,C22,C22,Liver,Land Use Cluster,Water-sensitive,21324,215495957,7.7135,0.0562,7.6103,7.8177,7.71 ± 0.06
2021-2024,C22,C22,Liver,Land Use Cluster,Agricultural,19117,220973985,7.8611,0.0597,7.7501,7.9734,7.86 ± 0.06
2021-2024,C22,C22,Liver,Land Use Cluster,Urban,30935,379900627,7.8474,0.0462,7.7602,7.9353,7.85 ± 0.05
2021-2024,C22,C22,Liver,Land Use Cluster,National,118033,1318376942,8.0152,0.0245,7.9695,8.061,8.02 ± 0.02
2021-2024,C22,C22,Liver,Land Use Cluster,Unclassified,10,0,0.0,0.0,0.0,0.0,0.00 ± 0.00
2021-2024,C25,C25,Pancreatic,EQI Cluster,Low-burden,10668,64704293,13.8392,0.1427,13.5779,14.1044,13.84 ± 0.14
2021-2024,C25,C25,Pancreatic,EQI Cluster,Mixed-burden,58652,374587162,13.1848,0.0572,13.0783,13.292,13.18 ± 0.06
2021-2024,C25,C25,Pancreatic,EQI Cluster,High-burden,127557,878725634,13.2908,0.0387,13.218,13.3639,13.29 ± 0.04
2021-2024,C25,C25,Pancreatic,EQI Cluster,National,196924,1318376942,13.2752,0.0312,13.2166,13.3339,13.28 ± 0.03
2021-2024,C25,C25,Pancreatic,EQI Cluster,Unclassified,47,359853,11.422,1.7405,8.3925,15.1889,11.42 ± 1.74
2021-2024,C25,C25,Pancreatic,Land Use Cluster,Natural,73937,502006373,13.1066,0.0504,13.0123,13.2014,13.11 ± 0.05
2021-2024,C25,C25,Pancreatic,Land Use Cluster,Water-sensitive,37843,215495957,13.538,0.0737,13.4019,13.6751,13.54 ± 0.07
2021-2024,C25,C25,Pancreatic,Land Use Cluster,Agricultural,33767,220973985,13.7643,0.0783,13.6179,13.9119,13.76 ± 0.08
2021-2024,C25,C25,Pancreatic,Land Use Cluster,Urban,51369,379900627,13.0566,0.0594,12.944,13.17,13.06 ± 0.06
2021-2024,C25,C25,Pancreatic,Land Use Cluster,National,196924,1318376942,13.2752,0.0312,13.2166,13.3339,13.28 ± 0.03
2021-2024,C25,C25,Pancreatic,Land Use Cluster,Unclassified,8,0,0.0,0.0,0.0,0.0,0.00 ± 0.00
2021-2024,C34,C34,Lung,EQI Cluster,Low-burden,37128,64704293,47.5666,0.2633,47.084,48.0529,47.57 ± 0.26
2021-2024,C34,C34,Lung,EQI Cluster,Mixed-burden,160572,374587162,35.8978,0.0943,35.7224,36.0738,35.90 ± 0.09
2021-2024,C34,C34,Lung,EQI Cluster,High-burden,328699,878725634,33.9407,0.0615,33.8248,34.057,33.94 ± 0.06
2021-2024,C34,C34,Lung,EQI Cluster,National,526491,1318376942,35.1985,0.0506,35.1035,35.2937,35.20 ± 0.05
2021-2024,C34,C34,Lung,EQI Cluster,Unclassified,92,359853,21.0571,2.2589,16.975,25.8247,21.06 ± 2.26
2021-2024,C34,C34,Lung,Land Use Cluster,Natural,201217,502006373,35.322,0.0824,35.1678,35.4766,35.32 ± 0.08
2021-2024,C34,C34,Lung,Land Use Cluster,Water-sensitive,102296,215495957,36.348,0.1204,36.1256,36.5715,36.35 ± 0.12
2021-2024,C34,C34,Lung,Land Use Cluster,Agricultural,101702,220973985,41.3199,0.1356,41.0663,41.5746,41.32 ± 0.14
2021-2024,C34,C34,Lung,Land Use Cluster,Urban,121251,379900627,30.5139,0.0904,30.3424,30.6861,30.51 ± 0.09
2021-2024,C34,C34,Lung,Land Use Cluster,National,526491,1318376942,35.1985,0.0506,35.1035,35.2937,35.20 ± 0.05
2021-2024,C34,C34,Lung,Land Use Cluster,Unclassified,25,0,0.0,0.0,0.0,0.0,0.00 ± 0.00
2021-2024,C50,C50,Breast,EQI Cluster,Low-burden,9698,64704293,13.2719,0.1427,13.0091,13.5387,13.27 ± 0.14
2021-2024,C50,C50,Breast,EQI Cluster,Mixed-burden,50786,374587162,12.0766,0.0562,11.9718,12.1821,12.08 ± 0.06
2021-2024,C50,C50,Breast,EQI Cluster,High-burden,111458,878725634,12.179,0.0378,12.1076,12.2507,12.18 ± 0.04
2021-2024,C50,C50,Breast,EQI Cluster,National,171975,1318376942,12.1939,0.0306,12.1364,12.2517,12.19 ± 0.03
2021-2024,C50,C50,Breast,EQI Cluster,Unclassified,33,359853,8.3218,1.5142,5.7283,11.6869,8.32 ± 1.51
2021-2024,C50,C50,Breast,Land Use Cluster,Natural,66226,502006373,12.3543,0.05,12.2604,12.4487,12.35 ± 0.05
2021-2024,C50,C50,Breast,Land Use Cluster,Water-sensitive,31086,215495957,11.9535,0.0718,11.821,12.0871,11.95 ± 0.07
2021-2024,C50,C50,Breast,Land Use Cluster,Agricultural,28204,220973985,12.0662,0.0748,11.9258,12.2079,12.07 ± 0.07
2021-2024,C50,C50,Breast,Land Use Cluster,Urban,46454,379900627,12.2447,0.0585,12.1336,12.3566,12.24 ± 0.06
2021-2024,C50,C50,Breast,Land Use Cluster,National,171975,1318376942,12.1939,0.0306,12.1364,12.2517,12.19 ± 0.03
2021-2024,C50,C50,Breast,Land Use Cluster,Unclassified,5,0,0.0,0.0,0.0,0.0,0.00 ± 0.00
2021-2024,C56,C56,Ovarian,EQI Cluster,Low-burden,2613,64704293,3.5123,0.073,3.3789,3.6496,3.51 ± 0.07
2021-2024,C56,C56,Ovarian,EQI Cluster,Mixed-burden,15224,374587162,3.5524,0.0303,3.4961,3.6092,3.55 ± 0.03
2021-2024,C56,C56,Ovarian,EQI Cluster,High-burden,34307,878725634,3.69,0.0207,3.651,3.7292,3.69 ± 0.02
2021-2024,C56,C56,Ovarian,EQI Cluster,National,52156,1318376942,3.6367,0.0166,3.6056,3.6681,3.64 ± 0.02
2021-2024,C56,C56,Ovarian,EQI Cluster,Unclassified,12,359853,3.1921,0.9859,1.6494,5.576,3.19 ± 0.99
2021-2024,C56,C56,Ovarian,Land Use Cluster,Natural,20239,502006373,3.7235,0.0274,3.6724,3.7752,3.72 ± 0.03
2021-2024,C56,C56,Ovarian,Land Use Cluster,Water-sensitive,9577,215495957,3.5758,0.0388,3.5045,3.6481,3.58 ± 0.04
2021-2024,C56,C56,Ovarian,Land Use Cluster,Agricultural,8297,220973985,3.4784,0.0399,3.4039,3.554,3.48 ± 0.04
2021-2024,C56,C56,Ovarian,Land Use Cluster,Urban,14043,379900627,3.6624,0.0319,3.6021,3.7235,3.66 ± 0.03
2021-2024,C56,C56,Ovarian,Land Use Cluster,National,52156,1318376942,3.6367,0.0166,3.6056,3.6681,3.64 ± 0.02
2021-2024,C56,C56,Ovarian,Land Use Cluster,Unclassified,0,0,0.0,0.0,0.0,0.0,0.00 ± 0.00
2021-2024,C61,C61,Prostate,EQI Cluster,Low-burden,7965,64704293,9.4049,0.1094,9.1995,9.6138,9.40 ± 0.11
2021-2024,C61,C61,Prostate,EQI Cluster,Mixed-burden,39549,374587162,8.1903,0.0424,8.1098,8.2715,8.19 ± 0.04
2021-2024,C61,C61,Prostate,EQI Cluster,High-burden,87051,878725634,8.6274,0.0299,8.5702,8.6849,8.63 ± 0.03
2021-2024,C61,C61,Prostate,EQI Cluster,National,134601,1318376942,8.5275,0.0238,8.482,8.5731,8.53 ± 0.02
2021-2024,C61,C61,Prostate,EQI Cluster,Unclassified,36,359853,8.7589,1.5089,6.1346,12.1261,8.76 ± 1.51
2021-2024,C61,C61,Prostate,Land Use Cluster,Natural,53297,502006373,8.9366,0.0397,8.8608,9.0127,8.94 ± 0.04
2021-2024,C61,C61,Prostate,Land Use Cluster,Water-sensitive,25286,215495957,8.2396,0.0536,8.1383,8.3418,8.24 ± 0.05
2021-2024,C61,C61,Prostate,Land Use Cluster,Agricultural,22254,220973985,8.4541,0.0581,8.3434,8.5659,8.45 ± 0.06
2021-2024,C61,C61,Prostate,Land Use Cluster,Urban,33758,379900627,8.2014,0.0456,8.1141,8.2894,8.20 ± 0.05
2021-2024,C61,C61,Prostate,Land Use Cluster,National,134601,1318376942,8.5275,0.0238,8.482,8.5731,8.53 ± 0.02
2021-2024,C61,C61,Prostate,Land Use Cluster,Unclassified,6,0,0.0,0.0,0.0,0.0,0.00 ± 0.00
2021-2024,C64_C65,C64_C65,Kidney,EQI Cluster,Low-burden,4039,64704293,5.3953,0.0902,5.2302,5.5643,5.40 ± 0.09
2021-2024,C64_C65,C64_C65,Kidney,EQI Cluster,Mixed-burden,16459,374587162,3.7361,0.0306,3.6792,3.7936,3.74 ± 0.03
2021-2024,C64_C65,C64_C65,Kidney,EQI Cluster,High-burden,38055,878725634,4.0088,0.0213,3.9687,4.0493,4.01 ± 0.02
2021-2024,C64_C65,C64_C65,Kidney,EQI Cluster,National,58563,1318376942,3.996,0.0172,3.9637,4.0285,4.00 ± 0.02
2021-2024,C64_C65,C64_C65,Kidney,EQI Cluster,Unclassified,10,359853,2.5008,0.8381,1.1992,4.5991,2.50 ± 0.84
2021-2024,C64_C65,C64_C65,Kidney,Land Use Cluster,Natural,23269,502006373,4.1892,0.0287,4.1355,4.2433,4.19 ± 0.03
2021-2024,C64_C65,C64_C65,Kidney,Land Use Cluster,Water-sensitive,10541,215495957,3.8235,0.0394,3.7508,3.8972,3.82 ± 0.04
2021-2024,C64_C65,C64_C65,Kidney,Land Use Cluster,Agricultural,11283,220973985,4.6567,0.0458,4.5711,4.7434,4.66 ± 0.05
2021-2024,C64_C65,C64_C65,Kidney,Land Use Cluster,Urban,13465,379900627,3.4395,0.0305,3.3816,3.4981,3.44 ± 0.03
2021-2024,C64_C65,C64_C65,Kidney,Land Use Cluster,National,58563,1318376942,3.996,0.0172,3.9637,4.0285,4.00 ± 0.02
2021-2024,C64_C65,C64_C65,Kidney,Land Use Cluster,Unclassified,5,0,0.0,0.0,0.0,0.0,0.00 ± 0.00
2021-2024,C82_C85,C82_C85,NHL,EQI Cluster,Low-burden,4456,64704293,5.5566,0.0876,5.3946,5.7222,5.56 ± 0.09
2021-2024,C82_C85,C82_C85,NHL,EQI Cluster,Mixed-burden,23109,374587162,5.0462,0.0345,4.9814,5.1117,5.05 ± 0.03
2021-2024,C82_C85,C82_C85,NHL,EQI Cluster,High-burden,51854,878725634,5.3135,0.024,5.2679,5.3594,5.31 ± 0.02
2021-2024,C82_C85,C82_C85,NHL,EQI Cluster,National,79430,1318376942,5.2393,0.0192,5.203,5.2759,5.24 ± 0.02
2021-2024,C82_C85,C82_C85,NHL,EQI Cluster,Unclassified,11,359853,2.5303,0.7674,1.2631,4.5274,2.53 ± 0.77
2021-2024,C82_C85,C82_C85,NHL,Land Use Cluster,Natural,30776,502006373,5.3443,0.0315,5.2847,5.4043,5.34 ± 0.03
2021-2024,C82_C85,C82_C85,NHL,Land Use Cluster,Water-sensitive,14971,215495957,5.188,0.0444,5.1052,5.2717,5.19 ± 0.04
2021-2024,C82_C85,C82_C85,NHL,Land Use Cluster,Agricultural,14468,220973985,5.7376,0.0493,5.6444,5.8318,5.74 ± 0.05
2021-2024,C82_C85,C82_C85,NHL,Land Use Cluster,Urban,19214,379900627,4.8153,0.0356,4.7475,4.8839,4.82 ± 0.04
2021-2024,C82_C85,C82_C85,NHL,Land Use Cluster,National,79430,1318376942,5.2393,0.0192,5.203,5.2759,5.24 ± 0.02
2021-2024,C82_C85,C82_C85,NHL,Land Use Cluster,Unclassified,1,0,0.0,0.0,0.0,0.0,0.00 ± 0.00
2021-2024,C91_C95,C91_C95,Leukemia,EQI Cluster,Low-burden,5151,64704293,6.4918,0.095,6.3157,6.6715,6.49 ± 0.09
2021-2024,C91_C95,C91_C95,Leukemia,EQI Cluster,Mixed-burden,27535,374587162,6.0303,0.0378,5.9593,6.102,6.03 ± 0.04
2021-2024,C91_C95,C91_C95,Leukemia,EQI Cluster,High-burden,60653,878725634,6.2232,0.026,6.1738,6.273,6.22 ± 0.03
2021-2024,C91_C95,C91_C95,Leukemia,EQI Cluster,National,93359,1318376942,6.1729,0.0208,6.1333,6.2126,6.17 ± 0.02
2021-2024,C91_C95,C91_C95,Leukemia,EQI Cluster,Unclassified,20,359853,4.9593,1.1401,3.0293,7.6592,4.96 ± 1.14
2021-2024,C91_C95,C91_C95,Leukemia,Land Use Cluster,Natural,36050,502006373,6.2914,0.0342,6.2266,6.3567,6.29 ± 0.03
2021-2024,C91_C95,C91_C95,Leukemia,Land Use Cluster,Water-sensitive,17564,215495957,6.1252,0.0484,6.0349,6.2164,6.13 ± 0.05
2021-2024,C91_C95,C91_C95,Leukemia,Land Use Cluster,Agricultural,16712,220973985,6.6148,0.0528,6.5149,6.7159,6.61 ± 0.05
2021-2024,C91_C95,C91_C95,Leukemia,Land Use Cluster,Urban,23027,379900627,5.7651,0.0389,5.6909,5.8401,5.77 ± 0.04
2021-2024,C91_C95,C91_C95,Leukemia,Land Use Cluster,National,93359,1318376942,6.1729,0.0208,6.1333,6.2126,6.17 ± 0.02
2021-2024,C91_C95,C91_C95,Leukemia,Land Use Cluster,Unclassified,6,0,0.0,0.0,0.0,0.0,0.00 ± 0.00
2021-2024,G10,G10,HD,EQI Cluster,Low-burden,244,64704293,0.397,0.0266,0.3487,0.45,0.40 ± 0.03
2021-2024,G10,G10,HD,EQI Cluster,Mixed-burden,1268,374587162,0.3368,0.0099,0.3185,0.3559,0.34 ± 0.01
2021-2024,G10,G10,HD,EQI Cluster,High-burden,3149,878725634,0.3715,0.0069,0.3587,0.3848,0.37 ± 0.01
2021-2024,G10,G10,HD,EQI Cluster,National,4662,1318376942,0.3622,0.0055,0.3519,0.3727,0.36 ± 0.01
2021-2024,G10,G10,HD,EQI Cluster,Unclassified,1,359853,0.1776,0.1776,0.0045,0.9893,0.18 ± 0.18
2021-2024,G10,G10,HD,Land Use Cluster,Natural,1885,502006373,0.3875,0.0093,0.3702,0.4054,0.39 ± 0.01
2021-2024,G10,G10,HD,Land Use Cluster,Water-sensitive,741,215495957,0.3227,0.0125,0.2999,0.3468,0.32 ± 0.01
2021-2024,G10,G10,HD,Land Use Cluster,Agricultural,971,220973985,0.4604,0.0154,0.4319,0.4903,0.46 ± 0.02
2021-2024,G10,G10,HD,Land Use Cluster,Urban,1065,379900627,0.2965,0.0094,0.279,0.3149,0.30 ± 0.01
2021-2024,G10,G10,HD,Land Use Cluster,National,4662,1318376942,0.3622,0.0055,0.3519,0.3727,0.36 ± 0.01
2021-2024,G10,G10,HD,Land Use Cluster,Unclassified,0,0,0.0,0.0,0.0,0.0,0.00 ± 0.00
2021-2024,G12.2,G12.2,ALS,EQI Cluster,Low-burden,1330,64704293,1.7989,0.0528,1.7035,1.8983,1.80 ± 0.05
2021-2024,G12.2,G12.2,ALS,EQI Cluster,Mixed-burden,8326,374587162,1.9577,0.0227,1.9159,2.0002,1.96 ± 0.02
2021-2024,G12.2,G12.2,ALS,EQI Cluster,High-burden,20106,878725634,2.1503,0.0159,2.1207,2.1802,2.15 ± 0.02
2021-2024,G12.2,G12.2,ALS,EQI Cluster,National,29774,1318376942,2.0732,0.0126,2.0497,2.0969,2.07 ± 0.01
2021-2024,G12.2,G12.2,ALS,EQI Cluster,Unclassified,12,359853,2.7047,0.8315,1.3976,4.7246,2.70 ± 0.83
2021-2024,G12.2,G12.2,ALS,Land Use Cluster,Natural,11647,502006373,2.1313,0.0208,2.0928,2.1704,2.13 ± 0.02
2021-2024,G12.2,G12.2,ALS,Land Use Cluster,Water-sensitive,5414,215495957,2.0452,0.0296,1.9911,2.1005,2.05 ± 0.03
2021-2024,G12.2,G12.2,ALS,Land Use Cluster,Agricultural,5396,220973985,2.2683,0.0325,2.2081,2.3296,2.27 ± 0.03
2021-2024,G12.2,G12.2,ALS,Land Use Cluster,Urban,7317,379900627,1.8995,0.023,1.8562,1.9435,1.90 ± 0.02
2021-2024,G12.2,G12.2,ALS,Land Use Cluster,National,29774,1318376942,2.0732,0.0126,2.0497,2.0969,2.07 ± 0.01
2021-2024,G12.2,G12.2,ALS,Land Use Cluster,Unclassified,0,0,0.0,0.0,0.0,0.0,0.00 ± 0.00
2021-2024,G20,G20,PD,EQI Cluster,Low-burden,7849,64704293,8.9872,0.1031,8.7895,9.1883,8.99 ± 0.10
2021-2024,G20,G20,PD,EQI Cluster,Mixed-burden,45738,374587162,9.1509,0.0432,9.0672,9.2352,9.15 ± 0.04
2021-2024,G20,G20,PD,EQI Cluster,High-burden,104776,878725634,10.2295,0.0319,10.1676,10.2916,10.23 ± 0.03
2021-2024,G20,G20,PD,EQI Cluster,National,158411,1318376942,9.8241,0.0249,9.7757,9.8726,9.82 ± 0.02
2021-2024,G20,G20,PD,EQI Cluster,Unclassified,48,359853,11.9333,1.748,8.7987,15.8218,11.93 ± 1.75
2021-2024,G20,G20,PD,Land Use Cluster,Natural,61933,502006373,10.1962,0.0414,10.1161,10.2769,10.20 ± 0.04
2021-2024,G20,G20,PD,Land Use Cluster,Water-sensitive,30073,215495957,9.4388,0.055,9.3324,9.5461,9.44 ± 0.06
2021-2024,G20,G20,PD,Land Use Cluster,Agricultural,28968,220973985,10.7911,0.064,10.6672,10.9161,10.79 ± 0.06
2021-2024,G20,G20,PD,Land Use Cluster,Urban,37436,379900627,8.9581,0.0467,8.8676,9.0493,8.96 ± 0.05
2021-2024,G20,G20,PD,Land Use Cluster,National,158411,1318376942,9.8241,0.0249,9.7757,9.8726,9.82 ± 0.02
2021-2024,G20,G20,PD,Land Use Cluster,Unclassified,1,0,0.0,0.0,0.0,0.0,0.00 ± 0.00
2021-2024,G20_G30_G12.2_F01_F03,G20_G30_G12.2_F01_F03,NDD,EQI Cluster,Low-burden,60892,64704293,71.3627,0.2925,70.797,71.9317,71.36 ± 0.29
2021-2024,G20_G30_G12.2_F01_F03,G20_G30_G12.2_F01_F03,NDD,EQI Cluster,Mixed-burden,309327,374587162,62.1906,0.1128,61.9717,62.4102,62.19 ± 0.11
2021-2024,G20_G30_G12.2_F01_F03,G20_G30_G12.2_F01_F03,NDD,EQI Cluster,High-burden,735327,878725634,73.0506,0.0858,72.8837,73.2178,73.05 ± 0.09
2021-2024,G20_G30_G12.2_F01_F03,G20_G30_G12.2_F01_F03,NDD,EQI Cluster,National,1105812,1318376942,69.5403,0.0666,69.4108,69.67,69.54 ± 0.07
2021-2024,G20_G30_G12.2_F01_F03,G20_G30_G12.2_F01_F03,NDD,EQI Cluster,Unclassified,266,359853,64.0215,3.9642,56.5583,72.1957,64.02 ± 3.96
2021-2024,G20_G30_G12.2_F01_F03,G20_G30_G12.2_F01_F03,NDD,Land Use Cluster,Natural,434671,502006373,73.3535,0.1122,73.1356,73.5719,73.35 ± 0.11
2021-2024,G20_G30_G12.2_F01_F03,G20_G30_G12.2_F01_F03,NDD,Land Use Cluster,Water-sensitive,201321,215495957,63.8218,0.1437,63.5433,64.1012,63.82 ± 0.14
2021-2024,G20_G30_G12.2_F01_F03,G20_G30_G12.2_F01_F03,NDD,Land Use Cluster,Agricultural,205932,220973985,77.5467,0.1722,77.2122,77.8824,77.55 ± 0.17
2021-2024,G20_G30_G12.2_F01_F03,G20_G30_G12.2_F01_F03,NDD,Land Use Cluster,Urban,263870,379900627,63.3699,0.1241,63.1283,63.6121,63.37 ± 0.12
2021-2024,G20_G30_G12.2_F01_F03,G20_G30_G12.2_F01_F03,NDD,Land Use Cluster,National,1105812,1318376942,69.5403,0.0666,69.4108,69.67,69.54 ± 0.07
2021-2024,G20_G30_G12.2_F01_F03,G20_G30_G12.2_F01_F03,NDD,Land Use Cluster,Unclassified,18,0,0.0,0.0,0.0,0.0,0.00 ± 0.00
2021-2024,G30_F01_F03,G30_F01_F03,Dementia,EQI Cluster,Low-burden,51469,64704293,60.1795,0.2673,59.6607,60.7017,60.18 ± 0.27
2021-2024,G30_F01_F03,G30_F01_F03,Dementia,EQI Cluster,Mixed-burden,253995,374587162,50.7452,0.1013,50.548,50.9429,50.75 ± 0.10
2021-2024,G30_F01_F03,G30_F01_F03,Dementia,EQI Cluster,High-burden,607296,878725634,60.2993,0.0777,60.1477,60.4511,60.30 ± 0.08
2021-2024,G30_F01_F03,G30_F01_F03,Dementia,EQI Cluster,National,912965,1318376942,57.2808,0.0602,57.1634,57.3985,57.28 ± 0.06
2021-2024,G30_F01_F03,G30_F01_F03,Dementia,EQI Cluster,Unclassified,205,359853,49.206,3.4549,42.7003,56.4226,49.21 ± 3.45
2021-2024,G30_F01_F03,G30_F01_F03,Dementia,Land Use Cluster,Natural,359206,502006373,60.6384,0.1017,60.4403,60.8371,60.64 ± 0.10
2021-2024,G30_F01_F03,G30_F01_F03,Dementia,Land Use Cluster,Water-sensitive,165093,215495957,52.0151,0.1288,51.7645,52.2666,52.02 ± 0.13
2021-2024,G30_F01_F03,G30_F01_F03,Dementia,Land Use Cluster,Agricultural,170597,220973985,64.0269,0.1558,63.7234,64.3315,64.03 ± 0.16
2021-2024,G30_F01_F03,G30_F01_F03,Dementia,Land Use Cluster,Urban,218052,379900627,52.2158,0.1123,51.9968,52.4354,52.22 ± 0.11
2021-2024,G30_F01_F03,G30_F01_F03,Dementia,Land Use Cluster,National,912965,1318376942,57.2808,0.0602,57.1634,57.3985,57.28 ± 0.06
2021-2024,G30_F01_F03,G30_F01_F03,Dementia,Land Use Cluster,Unclassified,17,0,0.0,0.0,0.0,0.0,0.00 ± 0.00
2021-2024,I00_I99,I00_I99,CVD,EQI Cluster,Low-burden,241315,64704293,310.9284,0.6642,309.689,312.1714,310.93 ± 0.66
2021-2024,I00_I99,I00_I99,CVD,EQI Cluster,Mixed-burden,1135791,374587162,249.1009,0.2426,248.643,249.5594,249.10 ± 0.24
2021-2024,I00_I99,I00_I99,CVD,EQI Cluster,High-burden,2330632,878725634,242.0616,0.1626,241.7509,242.3726,242.06 ± 0.16
2021-2024,I00_I99,I00_I99,CVD,EQI Cluster,National,3708320,1318376942,247.49,0.1323,247.2382,247.742,247.49 ± 0.13
2021-2024,I00_I99,I00_I99,CVD,EQI Cluster,Unclassified,582,359853,144.0168,6.1091,132.5526,156.2073,144.02 ± 6.11
2021-2024,I00_I99,I00_I99,CVD,Land Use Cluster,Natural,1420348,502006373,252.1206,0.218,251.7061,252.5355,252.12 ± 0.22
2021-2024,I00_I99,I00_I99,CVD,Land Use Cluster,Water-sensitive,691147,215495957,240.633,0.3023,240.066,241.2009,240.63 ± 0.30
2021-2024,I00_I99,I00_I99,CVD,Land Use Cluster,Agricultural,654150,220973985,262.1138,0.3341,261.479,262.7498,262.11 ± 0.33
2021-2024,I00_I99,I00_I99,CVD,Land Use Cluster,Urban,942503,379900627,236.8334,0.2493,236.3555,237.3121,236.83 ± 0.25
2021-2024,I00_I99,I00_I99,CVD,Land Use Cluster,National,3708320,1318376942,247.49,0.1323,247.2382,247.742,247.49 ± 0.13
2021-2024,I00_I99,I00_I99,CVD,Land Use Cluster,Unclassified,172,0,0.0,0.0,0.0,0.0,0.00 ± 0.00
2021-2024,I10_I15,I10_I15,HD,EQI Cluster,Low-burden,34827,64704293,45.1965,0.2537,44.723,45.6737,45.20 ± 0.25
2021-2024,I10_I15,I10_I15,HD,EQI Cluster,Mixed-burden,164722,374587162,36.7311,0.0941,36.5539,36.9089,36.73 ± 0.09
2021-2024,I10_I15,I10_I15,HD,EQI Cluster,High-burden,326612,878725634,34.2879,0.0615,34.1704,34.4056,34.29 ± 0.06
2021-2024,I10_I15,I10_I15,HD,EQI Cluster,National,526244,1318376942,35.5389,0.0505,35.4429,35.635,35.54 ± 0.05
2021-2024,I10_I15,I10_I15,HD,EQI Cluster,Unclassified,83,359853,20.9346,2.3585,16.6743,25.9516,20.93 ± 2.36
2021-2024,I10_I15,I10_I15,HD,Land Use Cluster,Natural,209300,502006373,37.4627,0.0843,37.3023,37.6235,37.46 ± 0.08
2021-2024,I10_I15,I10_I15,HD,Land Use Cluster,Water-sensitive,88460,215495957,31.5858,0.1113,31.378,31.7947,31.59 ± 0.11
2021-2024,I10_I15,I10_I15,HD,Land Use Cluster,Agricultural,89944,220973985,36.2124,0.1243,35.9761,36.4498,36.21 ± 0.12
2021-2024,I10_I15,I10_I15,HD,Land Use Cluster,Urban,138531,379900627,35.2929,0.0971,35.1073,35.4792,35.29 ± 0.10
2021-2024,I10_I15,I10_I15,HD,Land Use Cluster,National,526244,1318376942,35.5389,0.0505,35.4429,35.635,35.54 ± 0.05
2021-2024,I10_I15,I10_I15,HD,Land Use Cluster,Unclassified,9,0,0.0,0.0,0.0,0.0,0.00 ± 0.00
2021-2024,I20_I25,I20_I25,IHD,EQI Cluster,Low-burden,98529,64704293,127.9302,0.4294,127.1326,128.7315,127.93 ± 0.43
2021-2024,I20_I25,I20_I25,IHD,EQI Cluster,Mixed-burden,454205,374587162,100.1381,0.1547,99.8471,100.4297,100.14 ± 0.15
2021-2024,I20_I25,I20_I25,IHD,EQI Cluster,High-burden,887687,878725634,92.6402,0.1012,92.4476,92.8332,92.64 ± 0.10
2021-2024,I20_I25,I20_I25,IHD,EQI Cluster,National,1440632,1318376942,96.6948,0.0833,96.5369,96.8528,96.69 ± 0.08
2021-2024,I20_I25,I20_I25,IHD,EQI Cluster,Unclassified,211,359853,51.5092,3.6401,44.7931,58.9482,51.51 ± 3.64
2021-2024,I20_I25,I20_I25,IHD,Land Use Cluster,Natural,558961,502006373,99.5854,0.1378,99.3245,99.8468,99.59 ± 0.14
2021-2024,I20_I25,I20_I25,IHD,Land Use Cluster,Water-sensitive,272568,215495957,95.6762,0.1921,95.3174,96.0361,95.68 ± 0.19
2021-2024,I20_I25,I20_I25,IHD,Land Use Cluster,Agricultural,248849,220973985,100.7624,0.2091,100.3669,101.1591,100.76 ± 0.21
2021-2024,I20_I25,I20_I25,IHD,Land Use Cluster,Urban,360170,379900627,90.8637,0.1551,90.5672,91.1609,90.86 ± 0.16
2021-2024,I20_I25,I20_I25,IHD,Land Use Cluster,National,1440632,1318376942,96.6948,0.0833,96.5369,96.8528,96.69 ± 0.08
2021-2024,I20_I25,I20_I25,IHD,Land Use Cluster,Unclassified,84,0,0.0,0.0,0.0,0.0,0.00 ± 0.00
2021-2024,I50,I50,HF,EQI Cluster,Low-burden,23097,64704293,28.7024,0.1958,28.3334,29.075,28.70 ± 0.20
2021-2024,I50,I50,HF,EQI Cluster,Mixed-burden,99938,374587162,21.0341,0.0683,20.9039,21.1649,21.03 ± 0.07
2021-2024,I50,I50,HF,EQI Cluster,High-burden,231739,878725634,23.4604,0.0495,23.365,23.5561,23.46 ± 0.05
2021-2024,I50,I50,HF,EQI Cluster,National,354828,1318376942,22.9407,0.0392,22.8653,23.0163,22.94 ± 0.04
2021-2024,I50,I50,HF,EQI Cluster,Unclassified,54,359853,13.2384,1.8206,9.9451,17.2733,13.24 ± 1.82
2021-2024,I50,I50,HF,Land Use Cluster,Natural,132210,502006373,22.9043,0.0643,22.781,23.0281,22.90 ± 0.06
2021-2024,I50,I50,HF,Land Use Cluster,Water-sensitive,62875,215495957,20.8005,0.0853,20.6382,20.9637,20.80 ± 0.09
2021-2024,I50,I50,HF,Land Use Cluster,Agricultural,68478,220973985,26.4768,0.1032,26.2788,26.6758,26.48 ± 0.10
2021-2024,I50,I50,HF,Land Use Cluster,Urban,91256,379900627,22.3338,0.0749,22.1891,22.4792,22.33 ± 0.07
2021-2024,I50,I50,HF,Land Use Cluster,National,354828,1318376942,22.9407,0.0392,22.8653,23.0163,22.94 ± 0.04
2021-2024,I50,I50,HF,Land Use Cluster,Unclassified,9,0,0.0,0.0,0.0,0.0,0.00 ± 0.00
2021-2024,I60_I69,I60_I69,Stroke,EQI Cluster,Low-burden,38242,64704293,48.0982,0.2568,47.6174,48.5828,48.10 ± 0.26
2021-2024,I60_I69,I60_I69,Stroke,EQI Cluster,Mixed-burden,202168,374587162,43.1658,0.099,42.9778,43.3544,43.17 ± 0.10
2021-2024,I60_I69,I60_I69,Stroke,EQI Cluster,High-burden,416855,878725634,42.6533,0.0674,42.5239,42.783,42.65 ± 0.07
2021-2024,I60_I69,I60_I69,Stroke,EQI Cluster,National,657381,1318376942,43.059,0.0544,42.955,43.1632,43.06 ± 0.05
2021-2024,I60_I69,I60_I69,Stroke,EQI Cluster,Unclassified,116,359853,28.5633,2.7011,23.6024,34.259,28.56 ± 2.70
2021-2024,I60_I69,I60_I69,Stroke,Land Use Cluster,Natural,241201,502006373,42.1433,0.088,41.9753,42.3119,42.14 ± 0.09
2021-2024,I60_I69,I60_I69,Stroke,Land Use Cluster,Water-sensitive,133891,215495957,45.0933,0.1275,44.8521,45.3355,45.09 ± 0.13
2021-2024,I60_I69,I60_I69,Stroke,Land Use Cluster,Agricultural,112153,220973985,44.0595,0.1349,43.802,44.3181,44.06 ± 0.13
2021-2024,I60_I69,I60_I69,Stroke,Land Use Cluster,Urban,170111,379900627,42.1582,0.104,41.9581,42.359,42.16 ± 0.10
2021-2024,I60_I69,I60_I69,Stroke,Land Use Cluster,National,657381,1318376942,43.059,0.0544,42.955,43.1632,43.06 ± 0.05
2021-2024,I60_I69,I60_I69,Stroke,Land Use Cluster,Unclassified,25,0,0.0,0.0,0.0,0.0,0.00 ± 0.00
2021-2024,J40_J42_J45_J46_J47_J60_J70,J40_J42_J45_J46_J47_J60_J70,Other CRD,EQI Cluster,Low-burden,5840,64704293,7.4802,0.1024,7.2896,7.6745,7.48 ± 0.10
2021-2024,J40_J42_J45_J46_J47_J60_J70,J40_J42_J45_J46_J47_J60_J70,Other CRD,EQI Cluster,Mixed-burden,30272,374587162,6.6637,0.0397,6.5888,6.7392,6.66 ± 0.04
2021-2024,J40_J42_J45_J46_J47_J60_J70,J40_J42_J45_J46_J47_J60_J70,Other CRD,EQI Cluster,High-burden,65244,878725634,6.7814,0.0272,6.7295,6.8336,6.78 ± 0.03
2021-2024,J40_J42_J45_J46_J47_J60_J70,J40_J42_J45_J46_J47_J60_J70,Other CRD,EQI Cluster,National,101383,1318376942,6.7747,0.0219,6.733,6.8165,6.77 ± 0.02
2021-2024,J40_J42_J45_J46_J47_J60_J70,J40_J42_J45_J46_J47_J60_J70,Other CRD,EQI Cluster,Unclassified,27,359853,7.192,1.4295,4.7396,10.464,7.19 ± 1.43
2021-2024,J40_J42_J45_J46_J47_J60_J70,J40_J42_J45_J46_J47_J60_J70,Other CRD,Land Use Cluster,Natural,35941,502006373,6.3807,0.0346,6.3149,6.447,6.38 ± 0.03
2021-2024,J40_J42_J45_J46_J47_J60_J70,J40_J42_J45_J46_J47_J60_J70,Other CRD,Land Use Cluster,Water-sensitive,17815,215495957,6.2713,0.0491,6.1796,6.3641,6.27 ± 0.05
2021-2024,J40_J42_J45_J46_J47_J60_J70,J40_J42_J45_J46_J47_J60_J70,Other CRD,Land Use Cluster,Agricultural,18184,220973985,7.2869,0.0556,7.1813,7.3936,7.29 ± 0.06
2021-2024,J40_J42_J45_J46_J47_J60_J70,J40_J42_J45_J46_J47_J60_J70,Other CRD,Land Use Cluster,Urban,29437,379900627,7.3808,0.0439,7.2968,7.4656,7.38 ± 0.04
2021-2024,J40_J42_J45_J46_J47_J60_J70,J40_J42_J45_J46_J47_J60_J70,Other CRD,Land Use Cluster,National,101383,1318376942,6.7747,0.0219,6.733,6.8165,6.77 ± 0.02
2021-2024,J40_J42_J45_J46_J47_J60_J70,J40_J42_J45_J46_J47_J60_J70,Other CRD,Land Use Cluster,Unclassified,6,0,0.0,0.0,0.0,0.0,0.00 ± 0.00
2021-2024,J40_J47_J60_J70_J84_D86,J40_J47_J60_J70_J84_D86,Non-cancer CRD,EQI Cluster,Low-burden,57367,64704293,70.8687,0.311,70.29,71.4511,70.87 ± 0.31
2021-2024,J40_J47_J60_J70_J84_D86,J40_J47_J60_J70_J84_D86,Non-cancer CRD,EQI Cluster,Mixed-burden,218875,374587162,46.6911,0.1035,46.4957,46.8871,46.69 ± 0.10
2021-2024,J40_J47_J60_J70_J84_D86,J40_J47_J60_J70_J84_D86,Non-cancer CRD,EQI Cluster,High-burden,478196,878725634,48.26,0.0716,48.1233,48.397,48.26 ± 0.07
2021-2024,J40_J47_J60_J70_J84_D86,J40_J47_J60_J70_J84_D86,Non-cancer CRD,EQI Cluster,National,754626,1318376942,48.9218,0.058,48.8115,49.0323,48.92 ± 0.06
2021-2024,J40_J47_J60_J70_J84_D86,J40_J47_J60_J70_J84_D86,Non-cancer CRD,EQI Cluster,Unclassified,188,359853,45.2783,3.3904,39.037,52.2336,45.28 ± 3.39
2021-2024,J40_J47_J60_J70_J84_D86,J40_J47_J60_J70_J84_D86,Non-cancer CRD,Land Use Cluster,Natural,313929,502006373,53.8268,0.0992,53.6387,54.0155,53.83 ± 0.10
2021-2024,J40_J47_J60_J70_J84_D86,J40_J47_J60_J70_J84_D86,Non-cancer CRD,Land Use Cluster,Water-sensitive,134714,215495957,45.3335,0.1287,45.0917,45.5762,45.33 ± 0.13
2021-2024,J40_J47_J60_J70_J84_D86,J40_J47_J60_J70_J84_D86,Non-cancer CRD,Land Use Cluster,Agricultural,146958,220973985,57.484,0.1549,57.1905,57.7787,57.48 ± 0.15
2021-2024,J40_J47_J60_J70_J84_D86,J40_J47_J60_J70_J84_D86,Non-cancer CRD,Land Use Cluster,Urban,158989,379900627,39.1476,0.1003,38.9555,39.3406,39.15 ± 0.10
2021-2024,J40_J47_J60_J70_J84_D86,J40_J47_J60_J70_J84_D86,Non-cancer CRD,Land Use Cluster,National,754626,1318376942,48.9218,0.058,48.8115,49.0323,48.92 ± 0.06
2021-2024,J40_J47_J60_J70_J84_D86,J40_J47_J60_J70_J84_D86,Non-cancer CRD,Land Use Cluster,Unclassified,36,0,0.0,0.0,0.0,0.0,0.00 ± 0.00
2021-2024,J40_J47_J60_J70_J84_D86_C34,J40_J47_J60_J70_J84_D86_C34,CRD,EQI Cluster,Low-burden,94495,64704293,118.4353,0.4075,117.6814,119.1929,118.44 ± 0.41
2021-2024,J40_J47_J60_J70_J84_D86_C34,J40_J47_J60_J70_J84_D86_C34,CRD,EQI Cluster,Mixed-burden,379447,374587162,82.5889,0.14,82.3263,82.8521,82.59 ± 0.14
2021-2024,J40_J47_J60_J70_J84_D86_C34,J40_J47_J60_J70_J84_D86_C34,CRD,EQI Cluster,High-burden,806895,878725634,82.2008,0.0944,82.0215,82.3803,82.20 ± 0.09
2021-2024,J40_J47_J60_J70_J84_D86_C34,J40_J47_J60_J70_J84_D86_C34,CRD,EQI Cluster,National,1281117,1318376942,84.1203,0.077,83.9747,84.2661,84.12 ± 0.08
2021-2024,J40_J47_J60_J70_J84_D86_C34,J40_J47_J60_J70_J84_D86_C34,CRD,EQI Cluster,Unclassified,280,359853,66.3354,4.074,58.7923,74.578,66.34 ± 4.07
2021-2024,J40_J47_J60_J70_J84_D86_C34,J40_J47_J60_J70_J84_D86_C34,CRD,Land Use Cluster,Natural,515146,502006373,89.1488,0.1289,88.9055,89.3926,89.15 ± 0.13
2021-2024,J40_J47_J60_J70_J84_D86_C34,J40_J47_J60_J70_J84_D86_C34,CRD,Land Use Cluster,Water-sensitive,237010,215495957,81.6815,0.1763,81.353,82.0111,81.68 ± 0.18
2021-2024,J40_J47_J60_J70_J84_D86_C34,J40_J47_J60_J70_J84_D86_C34,CRD,Land Use Cluster,Agricultural,248660,220973985,98.8039,0.2059,98.4159,99.193,98.80 ± 0.21
2021-2024,J40_J47_J60_J70_J84_D86_C34,J40_J47_J60_J70_J84_D86_C34,CRD,Land Use Cluster,Urban,280240,379900627,69.6615,0.135,69.4038,69.9199,69.66 ± 0.14
2021-2024,J40_J47_J60_J70_J84_D86_C34,J40_J47_J60_J70_J84_D86_C34,CRD,Land Use Cluster,National,1281117,1318376942,84.1203,0.077,83.9747,84.2661,84.12 ± 0.08
2021-2024,J40_J47_J60_J70_J84_D86_C34,J40_J47_J60_J70_J84_D86_C34,CRD,Land Use Cluster,Unclassified,61,0,0.0,0.0,0.0,0.0,0.00 ± 0.00
2021-2024,J43_J44,J43_J44,COPD,EQI Cluster,Low-burden,46524,64704293,57.2806,0.2794,56.7612,57.8035,57.28 ± 0.28
2021-2024,J43_J44,J43_J44,COPD,EQI Cluster,Mixed-burden,162326,374587162,34.4901,0.0889,34.3225,34.6583,34.49 ± 0.09
2021-2024,J43_J44,J43_J44,COPD,EQI Cluster,High-burden,351607,878725634,35.3358,0.0612,35.2191,35.4528,35.34 ± 0.06
2021-2024,J43_J44,J43_J44,COPD,EQI Cluster,National,560585,1318376942,36.198,0.0499,36.1033,36.2929,36.20 ± 0.05
2021-2024,J43_J44,J43_J44,COPD,EQI Cluster,Unclassified,128,359853,30.3843,2.7537,25.3489,36.127,30.38 ± 2.75
2021-2024,J43_J44,J43_J44,COPD,Land Use Cluster,Natural,241383,502006373,41.2434,0.0868,41.079,41.4082,41.24 ± 0.09
2021-2024,J43_J44,J43_J44,COPD,Land Use Cluster,Water-sensitive,99533,215495957,33.2945,0.11,33.0879,33.502,33.29 ± 0.11
2021-2024,J43_J44,J43_J44,COPD,Land Use Cluster,Agricultural,112787,220973985,44.0316,0.1356,43.775,44.2893,44.03 ± 0.14
2021-2024,J43_J44,J43_J44,COPD,Land Use Cluster,Urban,106855,379900627,26.1851,0.0819,26.0283,26.3426,26.19 ± 0.08
2021-2024,J43_J44,J43_J44,COPD,Land Use Cluster,National,560585,1318376942,36.198,0.0499,36.1033,36.2929,36.20 ± 0.05
2021-2024,J43_J44,J43_J44,COPD,Land Use Cluster,Unclassified,27,0,0.0,0.0,0.0,0.0,0.00 ± 0.00
2021-2024,J45,J45,Asthma,EQI Cluster,Low-burden,695,64704293,1.0368,0.0414,0.9612,1.1168,1.04 ± 0.04
2021-2024,J45,J45,Asthma,EQI Cluster,Mixed-burden,3929,374587162,1.0121,0.0168,0.9807,1.0442,1.01 ± 0.02
2021-2024,J45,J45,Asthma,EQI Cluster,High-burden,8225,878725634,0.9397,0.0106,0.9195,0.9603,0.94 ± 0.01
2021-2024,J45,J45,Asthma,EQI Cluster,National,12854,1318376942,0.9643,0.0088,0.9477,0.9811,0.96 ± 0.01
2021-2024,J45,J45,Asthma,EQI Cluster,Unclassified,5,359853,1.5676,0.7204,0.509,3.6583,1.57 ± 0.72
2021-2024,J45,J45,Asthma,Land Use Cluster,Natural,4786,502006373,0.9386,0.014,0.9122,0.9656,0.94 ± 0.01
2021-2024,J45,J45,Asthma,Land Use Cluster,Water-sensitive,2029,215495957,0.869,0.0202,0.8316,0.9076,0.87 ± 0.02
2021-2024,J45,J45,Asthma,Land Use Cluster,Agricultural,2044,220973985,0.9203,0.021,0.8808,0.9611,0.92 ± 0.02
2021-2024,J45,J45,Asthma,Land Use Cluster,Urban,3993,379900627,1.0884,0.0176,1.0549,1.1227,1.09 ± 0.02
2021-2024,J45,J45,Asthma,Land Use Cluster,National,12854,1318376942,0.9643,0.0088,0.9477,0.9811,0.96 ± 0.01
2021-2024,J45,J45,Asthma,Land Use Cluster,Unclassified,2,0,0.0,0.0,0.0,0.0,0.00 ± 0.00
2021-2024,J60_J66,J60_J66,Pneumoconiosis,EQI Cluster,Low-burden,476,64704293,0.5647,0.0272,0.5151,0.6178,0.56 ± 0.03
2021-2024,J60_J66,J60_J66,Pneumoconiosis,EQI Cluster,Mixed-burden,522,374587162,0.107,0.0048,0.098,0.1165,0.11 ± 0.00
2021-2024,J60_J66,J60_J66,Pneumoconiosis,EQI Cluster,High-burden,1015,878725634,0.1001,0.0032,0.094,0.1065,0.10 ± 0.00
2021-2024,J60_J66,J60_J66,Pneumoconiosis,EQI Cluster,National,2015,1318376942,0.1269,0.0029,0.1214,0.1326,0.13 ± 0.00
2021-2024,J60_J66,J60_J66,Pneumoconiosis,EQI Cluster,Unclassified,2,359853,0.4861,0.3437,0.0589,1.7558,0.49 ± 0.34
2021-2024,J60_J66,J60_J66,Pneumoconiosis,Land Use Cluster,Natural,1261,502006373,0.21,0.0061,0.1985,0.2219,0.21 ± 0.01
2021-2024,J60_J66,J60_J66,Pneumoconiosis,Land Use Cluster,Water-sensitive,300,215495957,0.096,0.0056,0.0854,0.1075,0.10 ± 0.01
2021-2024,J60_J66,J60_J66,Pneumoconiosis,Land Use Cluster,Agricultural,231,220973985,0.0874,0.0058,0.0765,0.0994,0.09 ± 0.01
2021-2024,J60_J66,J60_J66,Pneumoconiosis,Land Use Cluster,Urban,223,379900627,0.0544,0.0037,0.0475,0.062,0.05 ± 0.00
2021-2024,J60_J66,J60_J66,Pneumoconiosis,Land Use Cluster,National,2015,1318376942,0.1269,0.0029,0.1214,0.1326,0.13 ± 0.00
2021-2024,J60_J66,J60_J66,Pneumoconiosis,Land Use Cluster,Unclassified,0,0,0.0,0.0,0.0,0.0,0.00 ± 0.00
2021-2024,J60_J70,J60_J70,J60_J70,EQI Cluster,Low-burden,4809,64704293,5.9955,0.0902,5.8272,6.1674,6.00 ± 0.09
2021-2024,J60_J70,J60_J70,J60_J70,EQI Cluster,Mixed-burden,24322,374587162,5.1897,0.0343,5.1247,5.2553,5.19 ± 0.03
2021-2024,J60_J70,J60_J70,J60_J70,EQI Cluster,High-burden,52432,878725634,5.3568,0.0239,5.3111,5.4029,5.36 ± 0.02
2021-2024,J60_J70,J60_J70,J60_J70,EQI Cluster,National,81583,1318376942,5.335,0.0192,5.2985,5.3718,5.34 ± 0.02
2021-2024,J60_J70,J60_J70,J60_J70,EQI Cluster,Unclassified,20,359853,5.1454,1.1873,3.143,7.9467,5.15 ± 1.19
2021-2024,J60_J70,J60_J70,J60_J70,Land Use Cluster,Natural,28617,502006373,4.9834,0.0303,4.9259,5.0415,4.98 ± 0.03
2021-2024,J60_J70,J60_J70,J60_J70,Land Use Cluster,Water-sensitive,14531,215495957,4.9405,0.0426,4.8605,5.0215,4.94 ± 0.04
2021-2024,J60_J70,J60_J70,J60_J70,Land Use Cluster,Agricultural,14948,220973985,5.8801,0.0494,5.7862,5.9752,5.88 ± 0.05
2021-2024,J60_J70,J60_J70,J60_J70,Land Use Cluster,Urban,23484,379900627,5.7922,0.0385,5.7183,5.8668,5.79 ± 0.04
2021-2024,J60_J70,J60_J70,J60_J70,Land Use Cluster,National,81583,1318376942,5.335,0.0192,5.2985,5.3718,5.34 ± 0.02
2021-2024,J60_J70,J60_J70,J60_J70,Land Use Cluster,Unclassified,3,0,0.0,0.0,0.0,0.0,0.00 ± 0.00
2021-2024,J84_D86,J84_D86,ILD,EQI Cluster,Low-burden,5003,64704293,6.108,0.0903,5.9399,6.2796,6.11 ± 0.09
2021-2024,J84_D86,J84_D86,ILD,EQI Cluster,Mixed-burden,26277,374587162,5.5374,0.0353,5.4706,5.6047,5.54 ± 0.04
2021-2024,J84_D86,J84_D86,ILD,EQI Cluster,High-burden,61345,878725634,6.1429,0.0254,6.0943,6.1917,6.14 ± 0.03
2021-2024,J84_D86,J84_D86,ILD,EQI Cluster,National,92658,1318376942,5.9491,0.0201,5.9109,5.9876,5.95 ± 0.02
2021-2024,J84_D86,J84_D86,ILD,EQI Cluster,Unclassified,33,359853,7.702,1.367,5.3017,10.8165,7.70 ± 1.37
2021-2024,J84_D86,J84_D86,ILD,Land Use Cluster,Natural,36605,502006373,6.2028,0.0333,6.1394,6.2667,6.20 ± 0.03
2021-2024,J84_D86,J84_D86,ILD,Land Use Cluster,Water-sensitive,17366,215495957,5.7677,0.0454,5.6822,5.8541,5.77 ± 0.05
2021-2024,J84_D86,J84_D86,ILD,Land Use Cluster,Agricultural,15987,220973985,6.1656,0.0501,6.0704,6.2619,6.17 ± 0.05
2021-2024,J84_D86,J84_D86,ILD,Land Use Cluster,Urban,22697,379900627,5.5817,0.0378,5.5093,5.6548,5.58 ± 0.04
2021-2024,J84_D86,J84_D86,ILD,Land Use Cluster,National,92658,1318376942,5.9491,0.0201,5.9109,5.9876,5.95 ± 0.02
2021-2024,J84_D86,J84_D86,ILD,Land Use Cluster,Unclassified,3,0,0.0,0.0,0.0,0.0,0.00 ± 0.00
2021-2024,K70,K70,Alcoholic,EQI Cluster,Low-burden,7848,64704293,13.4104,0.1574,13.1153,13.7104,13.41 ± 0.16
2021-2024,K70,K70,Alcoholic,EQI Cluster,Mixed-burden,29980,374587162,8.666,0.0518,8.5681,8.7646,8.67 ± 0.05
2021-2024,K70,K70,Alcoholic,EQI Cluster,High-burden,82080,878725634,10.328,0.0371,10.2574,10.3989,10.33 ± 0.04
2021-2024,K70,K70,Alcoholic,EQI Cluster,National,119952,1318376942,9.9971,0.0298,9.9407,10.0539,10.00 ± 0.03
2021-2024,K70,K70,Alcoholic,EQI Cluster,Unclassified,44,359853,12.9785,2.0394,9.4302,17.423,12.98 ± 2.04
2021-2024,K70,K70,Alcoholic,Land Use Cluster,Natural,56120,502006373,12.2741,0.0535,12.1728,12.3761,12.27 ± 0.05
2021-2024,K70,K70,Alcoholic,Land Use Cluster,Water-sensitive,19298,215495957,9.2934,0.0697,9.1627,9.4254,9.29 ± 0.07
2021-2024,K70,K70,Alcoholic,Land Use Cluster,Agricultural,19200,220973985,9.796,0.0729,9.6579,9.9355,9.80 ± 0.07
2021-2024,K70,K70,Alcoholic,Land Use Cluster,Urban,25233,379900627,7.4517,0.0481,7.36,7.5442,7.45 ± 0.05
2021-2024,K70,K70,Alcoholic,Land Use Cluster,National,119952,1318376942,9.9971,0.0298,9.9407,10.0539,10.00 ± 0.03
2021-2024,K70,K70,Alcoholic,Land Use Cluster,Unclassified,101,0,0.0,0.0,0.0,0.0,0.00 ± 0.00
2021-2024,K70_K76,K70_K76,Non-cancer CLD,EQI Cluster,Low-burden,21053,64704293,32.7179,0.2381,32.2774,33.1629,32.72 ± 0.24
2021-2024,K70_K76,K70_K76,Non-cancer CLD,EQI Cluster,Mixed-burden,72200,374587162,19.1018,0.0745,18.9627,19.2416,19.10 ± 0.07
2021-2024,K70_K76,K70_K76,Non-cancer CLD,EQI Cluster,High-burden,180292,878725634,21.2531,0.0519,21.1551,21.3514,21.25 ± 0.05
2021-2024,K70_K76,K70_K76,Non-cancer CLD,EQI Cluster,National,273610,1318376942,21.1903,0.0422,21.111,21.2698,21.19 ± 0.04
2021-2024,K70_K76,K70_K76,Non-cancer CLD,EQI Cluster,Unclassified,65,359853,18.1596,2.3564,14.0152,23.146,18.16 ± 2.36
2021-2024,K70_K76,K70_K76,Non-cancer CLD,Land Use Cluster,Natural,119862,502006373,24.459,0.0736,24.3207,24.5979,24.46 ± 0.07
2021-2024,K70_K76,K70_K76,Non-cancer CLD,Land Use Cluster,Water-sensitive,46156,215495957,20.1834,0.0992,19.9997,20.3684,20.18 ± 0.10
2021-2024,K70_K76,K70_K76,Non-cancer CLD,Land Use Cluster,Agricultural,47208,220973985,22.087,0.1059,21.8882,22.2872,22.09 ± 0.11
2021-2024,K70_K76,K70_K76,Non-cancer CLD,Land Use Cluster,Urban,60265,379900627,16.849,0.0708,16.7148,16.9841,16.85 ± 0.07
2021-2024,K70_K76,K70_K76,Non-cancer CLD,Land Use Cluster,National,273610,1318376942,21.1903,0.0422,21.111,21.2698,21.19 ± 0.04
2021-2024,K70_K76,K70_K76,Non-cancer CLD,Land Use Cluster,Unclassified,119,0,0.0,0.0,0.0,0.0,0.00 ± 0.00
2021-2024,K70_K76_C22,K70_K76_C22,CLD,EQI Cluster,Low-burden,28777,64704293,42.8403,0.2681,42.3467,43.3381,42.84 ± 0.27
2021-2024,K70_K76_C22,K70_K76_C22,CLD,EQI Cluster,Mixed-burden,106205,374587162,26.8259,0.0866,26.6648,26.9877,26.83 ± 0.09
2021-2024,K70_K76_C22,K70_K76_C22,CLD,EQI Cluster,High-burden,256569,878725634,29.2428,0.0601,29.1298,29.3562,29.24 ± 0.06
2021-2024,K70_K76_C22,K70_K76_C22,CLD,EQI Cluster,National,391643,1318376942,29.2054,0.0487,29.1141,29.2971,29.21 ± 0.05
2021-2024,K70_K76_C22,K70_K76_C22,CLD,EQI Cluster,Unclassified,92,359853,24.3394,2.671,19.621,29.8502,24.34 ± 2.67
2021-2024,K70_K76_C22,K70_K76_C22,CLD,Land Use Cluster,Natural,166509,502006373,32.8174,0.0841,32.66,32.9754,32.82 ± 0.08
2021-2024,K70_K76_C22,K70_K76_C22,CLD,Land Use Cluster,Water-sensitive,67480,215495957,27.8969,0.114,27.6868,28.1081,27.90 ± 0.11
2021-2024,K70_K76_C22,K70_K76_C22,CLD,Land Use Cluster,Agricultural,66325,220973985,29.9482,0.1216,29.7207,30.1769,29.95 ± 0.12
2021-2024,K70_K76_C22,K70_K76_C22,CLD,Land Use Cluster,Urban,91200,379900627,24.6964,0.0845,24.5363,24.8572,24.70 ± 0.08
2021-2024,K70_K76_C22,K70_K76_C22,CLD,Land Use Cluster,National,391643,1318376942,29.2054,0.0487,29.1141,29.2971,29.21 ± 0.05
2021-2024,K70_K76_C22,K70_K76_C22,CLD,Land Use Cluster,Unclassified,129,0,0.0,0.0,0.0,0.0,0.00 ± 0.00
2021-2024,K71,K71,K71,EQI Cluster,Low-burden,13,64704293,0.0197,0.0058,0.0105,0.0336,0.02 ± 0.01
2021-2024,K71,K71,K71,EQI Cluster,Mixed-burden,37,374587162,0.0091,0.0016,0.0064,0.0126,0.01 ± 0.00
2021-2024,K71,K71,K71,EQI Cluster,High-burden,84,878725634,0.0093,0.001,0.0074,0.0115,0.01 ± 0.00
2021-2024,K71,K71,K71,EQI Cluster,National,134,1318376942,0.0097,0.0009,0.0082,0.0115,0.01 ± 0.00
2021-2024,K71,K71,K71,EQI Cluster,Unclassified,0,359853,0.0,0.0,0.0,0.0,0.00 ± 0.00
2021-2024,K71,K71,K71,Land Use Cluster,Natural,53,502006373,0.0103,0.0015,0.0077,0.0135,0.01 ± 0.00
2021-2024,K71,K71,K71,Land Use Cluster,Water-sensitive,23,215495957,0.0088,0.0019,0.0056,0.0132,0.01 ± 0.00
2021-2024,K71,K71,K71,Land Use Cluster,Agricultural,24,220973985,0.0109,0.0023,0.007,0.0162,0.01 ± 0.00
2021-2024,K71,K71,K71,Land Use Cluster,Urban,34,379900627,0.0091,0.0016,0.0063,0.0127,0.01 ± 0.00
2021-2024,K71,K71,K71,Land Use Cluster,National,134,1318376942,0.0097,0.0009,0.0082,0.0115,0.01 ± 0.00
2021-2024,K71,K71,K71,Land Use Cluster,Unclassified,0,0,0.0,0.0,0.0,0.0,0.00 ± 0.00
2021-2024,K71_K73_K74,K71_K73_K74,Toxic & chronic,EQI Cluster,Low-burden,8598,64704293,12.6351,0.1449,12.3694,12.905,12.64 ± 0.14
2021-2024,K71_K73_K74,K71_K73_K74,Toxic & chronic,EQI Cluster,Mixed-burden,25697,374587162,6.3832,0.0419,6.3054,6.4617,6.38 ± 0.04
2021-2024,K71_K73_K74,K71_K73_K74,Toxic & chronic,EQI Cluster,High-burden,61206,878725634,6.8448,0.0288,6.7907,6.8993,6.84 ± 0.03
2021-2024,K71_K73_K74,K71_K73_K74,Toxic & chronic,EQI Cluster,National,95517,1318376942,6.9955,0.0237,6.9513,7.0401,7.00 ± 0.02
2021-2024,K71_K73_K74,K71_K73_K74,Toxic & chronic,EQI Cluster,Unclassified,16,359853,4.0064,1.0389,2.29,6.5061,4.01 ± 1.04
2021-2024,K71_K73_K74,K71_K73_K74,Toxic & chronic,Land Use Cluster,Natural,39648,502006373,7.6086,0.04,7.5339,7.6839,7.61 ± 0.04
2021-2024,K71_K73_K74,K71_K73_K74,Toxic & chronic,Land Use Cluster,Water-sensitive,16774,215495957,6.8202,0.0559,6.7174,6.9243,6.82 ± 0.06
2021-2024,K71_K73_K74,K71_K73_K74,Toxic & chronic,Land Use Cluster,Agricultural,17103,220973985,7.5643,0.0605,7.4514,7.6786,7.56 ± 0.06
2021-2024,K71_K73_K74,K71_K73_K74,Toxic & chronic,Land Use Cluster,Urban,21981,379900627,5.939,0.0414,5.8608,6.0181,5.94 ± 0.04
2021-2024,K71_K73_K74,K71_K73_K74,Toxic & chronic,Land Use Cluster,National,95517,1318376942,6.9955,0.0237,6.9513,7.0401,7.00 ± 0.02
2021-2024,K71_K73_K74,K71_K73_K74,Toxic & chronic,Land Use Cluster,Unclassified,11,0,0.0,0.0,0.0,0.0,0.00 ± 0.00
2021-2024,K72_K75,K72_K75,Other CLD,EQI Cluster,Low-burden,1841,64704293,2.7342,0.0675,2.6107,2.862,2.73 ± 0.07
2021-2024,K72_K75,K72_K75,Other CLD,EQI Cluster,Mixed-burden,6950,374587162,1.7544,0.0221,1.7134,1.7961,1.75 ± 0.02
2021-2024,K72_K75,K72_K75,Other CLD,EQI Cluster,High-burden,14242,878725634,1.6159,0.0141,1.5895,1.6427,1.62 ± 0.01
2021-2024,K72_K75,K72_K75,Other CLD,EQI Cluster,National,23035,1318376942,1.7112,0.0118,1.6892,1.7335,1.71 ± 0.01
2021-2024,K72_K75,K72_K75,Other CLD,EQI Cluster,Unclassified,2,359853,0.5807,0.4405,0.0703,2.0976,0.58 ± 0.44
2021-2024,K72_K75,K72_K75,Other CLD,Land Use Cluster,Natural,9008,502006373,1.7685,0.0195,1.7322,1.8054,1.77 ± 0.02
2021-2024,K72_K75,K72_K75,Other CLD,Land Use Cluster,Water-sensitive,4241,215495957,1.7556,0.0286,1.7032,1.8093,1.76 ± 0.03
2021-2024,K72_K75,K72_K75,Other CLD,Land Use Cluster,Agricultural,4156,220973985,1.8658,0.0302,1.8095,1.9234,1.87 ± 0.03
2021-2024,K72_K75,K72_K75,Other CLD,Land Use Cluster,Urban,5627,379900627,1.5183,0.0209,1.4789,1.5585,1.52 ± 0.02
2021-2024,K72_K75,K72_K75,Other CLD,Land Use Cluster,National,23035,1318376942,1.7112,0.0118,1.6892,1.7335,1.71 ± 0.01
2021-2024,K72_K75,K72_K75,Other CLD,Land Use Cluster,Unclassified,3,0,0.0,0.0,0.0,0.0,0.00 ± 0.00
2021-2024,K73,K73,K73,EQI Cluster,Low-burden,16,64704293,0.0281,0.0073,0.0161,0.0457,0.03 ± 0.01
2021-2024,K73,K73,K73,EQI Cluster,Mixed-burden,52,374587162,0.0132,0.0019,0.0099,0.0173,0.01 ± 0.00
2021-2024,K73,K73,K73,EQI Cluster,High-burden,152,878725634,0.0178,0.0015,0.015,0.0208,0.02 ± 0.00
2021-2024,K73,K73,K73,EQI Cluster,National,220,1318376942,0.0169,0.0012,0.0148,0.0193,0.02 ± 0.00
2021-2024,K73,K73,K73,EQI Cluster,Unclassified,0,359853,0.0,0.0,0.0,0.0,0.00 ± 0.00
2021-2024,K73,K73,K73,Land Use Cluster,Natural,90,502006373,0.0181,0.002,0.0145,0.0222,0.02 ± 0.00
2021-2024,K73,K73,K73,Land Use Cluster,Water-sensitive,35,215495957,0.0159,0.0028,0.011,0.0221,0.02 ± 0.00
2021-2024,K73,K73,K73,Land Use Cluster,Agricultural,41,220973985,0.0202,0.0033,0.0145,0.0274,0.02 ± 0.00
2021-2024,K73,K73,K73,Land Use Cluster,Urban,54,379900627,0.0144,0.002,0.0108,0.0188,0.01 ± 0.00
2021-2024,K73,K73,K73,Land Use Cluster,National,220,1318376942,0.0169,0.0012,0.0148,0.0193,0.02 ± 0.00
2021-2024,K73,K73,K73,Land Use Cluster,Unclassified,0,0,0.0,0.0,0.0,0.0,0.00 ± 0.00
2021-2024,K74,K74,K74,EQI Cluster,Low-burden,8569,64704293,12.5873,0.1446,12.3222,12.8567,12.59 ± 0.14
2021-2024,K74,K74,K74,EQI Cluster,Mixed-burden,25608,374587162,6.3609,0.0419,6.2832,6.4393,6.36 ± 0.04
2021-2024,K74,K74,K74,EQI Cluster,High-burden,60970,878725634,6.8178,0.0287,6.7638,6.8721,6.82 ± 0.03
2021-2024,K74,K74,K74,EQI Cluster,National,95163,1318376942,6.9689,0.0236,6.9246,7.0133,6.97 ± 0.02
2021-2024,K74,K74,K74,EQI Cluster,Unclassified,16,359853,4.0064,1.0389,2.29,6.5061,4.01 ± 1.04
2021-2024,K74,K74,K74,Land Use Cluster,Natural,39505,502006373,7.5802,0.04,7.5057,7.6554,7.58 ± 0.04
2021-2024,K74,K74,K74,Land Use Cluster,Water-sensitive,16716,215495957,6.7956,0.0558,6.6929,6.8994,6.80 ± 0.06
2021-2024,K74,K74,K74,Land Use Cluster,Agricultural,17038,220973985,7.5332,0.0604,7.4205,7.6472,7.53 ± 0.06
2021-2024,K74,K74,K74,Land Use Cluster,Urban,21893,379900627,5.9155,0.0413,5.8374,5.9944,5.92 ± 0.04
2021-2024,K74,K74,K74,Land Use Cluster,National,95163,1318376942,6.9689,0.0236,6.9246,7.0133,6.97 ± 0.02
2021-2024,K74,K74,K74,Land Use Cluster,Unclassified,11,0,0.0,0.0,0.0,0.0,0.00 ± 0.00
2021-2024,K76,K76,Non-alcoholic,EQI Cluster,Low-burden,2766,64704293,3.9382,0.0797,3.7928,4.0878,3.94 ± 0.08
2021-2024,K76,K76,Non-alcoholic,EQI Cluster,Mixed-burden,9573,374587162,2.2982,0.0247,2.2524,2.3447,2.30 ± 0.02
2021-2024,K76,K76,Non-alcoholic,EQI Cluster,High-burden,22764,878725634,2.4643,0.017,2.4324,2.4966,2.46 ± 0.02
2021-2024,K76,K76,Non-alcoholic,EQI Cluster,National,35106,1318376942,2.4864,0.0139,2.4604,2.5125,2.49 ± 0.01
2021-2024,K76,K76,Non-alcoholic,EQI Cluster,Unclassified,3,359853,0.5941,0.3467,0.1225,1.7363,0.59 ± 0.35
2021-2024,K76,K76,Non-alcoholic,Land Use Cluster,Natural,15086,502006373,2.8078,0.024,2.7631,2.8529,2.81 ± 0.02
2021-2024,K76,K76,Non-alcoholic,Land Use Cluster,Water-sensitive,5843,215495957,2.3141,0.0322,2.2552,2.3742,2.31 ± 0.03
2021-2024,K76,K76,Non-alcoholic,Land Use Cluster,Agricultural,6749,220973985,2.8609,0.0365,2.793,2.93,2.86 ± 0.04
2021-2024,K76,K76,Non-alcoholic,Land Use Cluster,Urban,7424,379900627,1.94,0.0233,1.8961,1.9846,1.94 ± 0.02
2021-2024,K76,K76,Non-alcoholic,Land Use Cluster,National,35106,1318376942,2.4864,0.0139,2.4604,2.5125,2.49 ± 0.01
2021-2024,K76,K76,Non-alcoholic,Land Use Cluster,Unclassified,4,0,0.0,0.0,0.0,0.0,0.00 ± 0.00
2021-2024,K76.7,K76.7,HRS,EQI Cluster,Low-burden,171,64704293,0.2632,0.0212,0.2253,0.3058,0.26 ± 0.02
2021-2024,K76.7,K76.7,HRS,EQI Cluster,Mixed-burden,574,374587162,0.149,0.0065,0.1371,0.1618,0.15 ± 0.01
2021-2024,K76.7,K76.7,HRS,EQI Cluster,High-burden,1197,878725634,0.1385,0.0042,0.1307,0.1465,0.14 ± 0.00
2021-2024,K76.7,K76.7,HRS,EQI Cluster,National,1942,1318376942,0.1477,0.0035,0.1412,0.1544,0.15 ± 0.00
2021-2024,K76.7,K76.7,HRS,EQI Cluster,Unclassified,0,359853,0.0,0.0,0.0,0.0,0.00 ± 0.00
2021-2024,K76.7,K76.7,HRS,Land Use Cluster,Natural,838,502006373,0.167,0.006,0.1559,0.1787,0.17 ± 0.01
2021-2024,K76.7,K76.7,HRS,Land Use Cluster,Water-sensitive,340,215495957,0.1456,0.0084,0.1305,0.1619,0.15 ± 0.01
2021-2024,K76.7,K76.7,HRS,Land Use Cluster,Agricultural,368,220973985,0.1666,0.0091,0.15,0.1845,0.17 ± 0.01
2021-2024,K76.7,K76.7,HRS,Land Use Cluster,Urban,396,379900627,0.1118,0.0058,0.1011,0.1234,0.11 ± 0.01
2021-2024,K76.7,K76.7,HRS,Land Use Cluster,National,1942,1318376942,0.1477,0.0035,0.1412,0.1544,0.15 ± 0.00
2021-2024,K76.7,K76.7,HRS,Land Use Cluster,Unclassified,0,0,0.0,0.0,0.0,0.0,0.00 ± 0.00
2021-2024,N00_N15,N00_N15,GRTI,EQI Cluster,Low-burden,849,64704293,1.0869,0.0392,1.0151,1.1626,1.09 ± 0.04
2021-2024,N00_N15,N00_N15,GRTI,EQI Cluster,Mixed-burden,3637,374587162,0.7992,0.0138,0.7735,0.8256,0.80 ± 0.01
2021-2024,N00_N15,N00_N15,GRTI,EQI Cluster,High-burden,8303,878725634,0.8606,0.0097,0.8422,0.8793,0.86 ± 0.01
2021-2024,N00_N15,N00_N15,GRTI,EQI Cluster,National,12792,1318376942,0.8532,0.0078,0.8385,0.8681,0.85 ± 0.01
2021-2024,N00_N15,N00_N15,GRTI,EQI Cluster,Unclassified,3,359853,0.6022,0.3523,0.1242,1.7598,0.60 ± 0.35
2021-2024,N00_N15,N00_N15,GRTI,Land Use Cluster,Natural,5271,502006373,0.9334,0.0133,0.9083,0.9589,0.93 ± 0.01
2021-2024,N00_N15,N00_N15,GRTI,Land Use Cluster,Water-sensitive,2139,215495957,0.7532,0.0171,0.7216,0.7858,0.75 ± 0.02
2021-2024,N00_N15,N00_N15,GRTI,Land Use Cluster,Agricultural,2311,220973985,0.9186,0.0197,0.8816,0.9569,0.92 ± 0.02
2021-2024,N00_N15,N00_N15,GRTI,Land Use Cluster,Urban,3071,379900627,0.7712,0.0142,0.7442,0.799,0.77 ± 0.01
2021-2024,N00_N15,N00_N15,GRTI,Land Use Cluster,National,12792,1318376942,0.8532,0.0078,0.8385,0.8681,0.85 ± 0.01
2021-2024,N00_N15,N00_N15,GRTI,Land Use Cluster,Unclassified,0,0,0.0,0.0,0.0,0.0,0.00 ± 0.00
2021-2024,N00_N29,N00_N29,Non-cancer CKD,EQI Cluster,Low-burden,17567,64704293,22.5277,0.1785,22.1958,22.8634,22.53 ± 0.18
2021-2024,N00_N29,N00_N29,Non-cancer CKD,EQI Cluster,Mixed-burden,72470,374587162,15.8283,0.0611,15.7132,15.9439,15.83 ± 0.06
2021-2024,N00_N29,N00_N29,Non-cancer CKD,EQI Cluster,High-burden,155789,878725634,16.0669,0.0418,15.9872,16.1469,16.07 ± 0.04
2021-2024,N00_N29,N00_N29,Non-cancer CKD,EQI Cluster,National,245868,1318376942,16.3116,0.0339,16.2472,16.3762,16.31 ± 0.03
2021-2024,N00_N29,N00_N29,Non-cancer CKD,EQI Cluster,Unclassified,42,359853,9.892,1.5583,7.1293,13.3711,9.89 ± 1.56
2021-2024,N00_N29,N00_N29,Non-cancer CKD,Land Use Cluster,Natural,89555,502006373,15.8004,0.0545,15.6971,15.9042,15.80 ± 0.05
2021-2024,N00_N29,N00_N29,Non-cancer CKD,Land Use Cluster,Water-sensitive,44083,215495957,15.2925,0.0762,15.1501,15.4359,15.29 ± 0.08
2021-2024,N00_N29,N00_N29,Non-cancer CKD,Land Use Cluster,Agricultural,45494,220973985,18.0475,0.0872,17.882,18.2141,18.05 ± 0.09
2021-2024,N00_N29,N00_N29,Non-cancer CKD,Land Use Cluster,Urban,66724,379900627,16.7085,0.0662,16.5819,16.8357,16.71 ± 0.07
2021-2024,N00_N29,N00_N29,Non-cancer CKD,Land Use Cluster,National,245868,1318376942,16.3116,0.0339,16.2472,16.3762,16.31 ± 0.03
2021-2024,N00_N29,N00_N29,Non-cancer CKD,Land Use Cluster,Unclassified,12,0,0.0,0.0,0.0,0.0,0.00 ± 0.00
2021-2024,N00_N29_C64_C65,N00_N29_C64_C65,CKD,EQI Cluster,Low-burden,21606,64704293,27.923,0.2,27.5519,28.2979,27.92 ± 0.20
2021-2024,N00_N29_C64_C65,N00_N29_C64_C65,CKD,EQI Cluster,Mixed-burden,88929,374587162,19.5644,0.0683,19.436,19.6934,19.56 ± 0.07
2021-2024,N00_N29_C64_C65,N00_N29_C64_C65,CKD,EQI Cluster,High-burden,193844,878725634,20.0758,0.0469,19.9865,20.1653,20.08 ± 0.05
2021-2024,N00_N29_C64_C65,N00_N29_C64_C65,CKD,EQI Cluster,National,304431,1318376942,20.3076,0.038,20.2355,20.3799,20.31 ± 0.04
2021-2024,N00_N29_C64_C65,N00_N29_C64_C65,CKD,EQI Cluster,Unclassified,52,359853,12.3928,1.7694,9.2555,16.2515,12.39 ± 1.77
2021-2024,N00_N29_C64_C65,N00_N29_C64_C65,CKD,Land Use Cluster,Natural,112824,502006373,19.9896,0.0616,19.8731,20.1065,19.99 ± 0.06
2021-2024,N00_N29_C64_C65,N00_N29_C64_C65,CKD,Land Use Cluster,Water-sensitive,54624,215495957,19.116,0.0858,18.956,19.277,19.12 ± 0.09
2021-2024,N00_N29_C64_C65,N00_N29_C64_C65,CKD,Land Use Cluster,Agricultural,56777,220973985,22.7042,0.0985,22.5178,22.8917,22.70 ± 0.10
2021-2024,N00_N29_C64_C65,N00_N29_C64_C65,CKD,Land Use Cluster,Urban,80189,379900627,20.1479,0.0729,20.0087,20.2879,20.15 ± 0.07
2021-2024,N00_N29_C64_C65,N00_N29_C64_C65,CKD,Land Use Cluster,National,304431,1318376942,20.3076,0.038,20.2355,20.3799,20.31 ± 0.04
2021-2024,N00_N29_C64_C65,N00_N29_C64_C65,CKD,Land Use Cluster,Unclassified,17,0,0.0,0.0,0.0,0.0,0.00 ± 0.00
2021-2024,N16_N17_N20_N29,N16_N17_N20_N29,Other kidney disease,EQI Cluster,Low-burden,4899,64704293,6.3238,0.095,6.1479,6.5034,6.32 ± 0.09
2021-2024,N16_N17_N20_N29,N16_N17_N20_N29,Other kidney disease,EQI Cluster,Mixed-burden,18836,374587162,4.1246,0.0312,4.0659,4.1839,4.12 ± 0.03
2021-2024,N16_N17_N20_N29,N16_N17_N20_N29,Other kidney disease,EQI Cluster,High-burden,36726,878725634,3.7955,0.0204,3.7567,3.8345,3.80 ± 0.02
2021-2024,N16_N17_N20_N29,N16_N17_N20_N29,Other kidney disease,EQI Cluster,National,60472,1318376942,4.0238,0.0169,3.9918,4.056,4.02 ± 0.02
2021-2024,N16_N17_N20_N29,N16_N17_N20_N29,Other kidney disease,EQI Cluster,Unclassified,11,359853,2.772,0.8759,1.3837,4.9598,2.77 ± 0.88
2021-2024,N16_N17_N20_N29,N16_N17_N20_N29,Other kidney disease,Land Use Cluster,Natural,21961,502006373,3.8855,0.0271,3.8343,3.9373,3.89 ± 0.03
2021-2024,N16_N17_N20_N29,N16_N17_N20_N29,Other kidney disease,Land Use Cluster,Water-sensitive,10962,215495957,3.8212,0.0382,3.75,3.8934,3.82 ± 0.04
2021-2024,N16_N17_N20_N29,N16_N17_N20_N29,Other kidney disease,Land Use Cluster,Agricultural,12032,220973985,4.7919,0.0451,4.7066,4.8783,4.79 ± 0.05
2021-2024,N16_N17_N20_N29,N16_N17_N20_N29,Other kidney disease,Land Use Cluster,Urban,15516,379900627,3.891,0.032,3.83,3.9527,3.89 ± 0.03
2021-2024,N16_N17_N20_N29,N16_N17_N20_N29,Other kidney disease,Land Use Cluster,National,60472,1318376942,4.0238,0.0169,3.9918,4.056,4.02 ± 0.02
2021-2024,N16_N17_N20_N29,N16_N17_N20_N29,Other kidney disease,Land Use Cluster,Unclassified,1,0,0.0,0.0,0.0,0.0,0.00 ± 0.00
2021-2024,N18_N19,N18_N19,RF,EQI Cluster,Low-burden,11819,64704293,15.117,0.1459,14.8457,15.392,15.12 ± 0.15
2021-2024,N18_N19,N18_N19,RF,EQI Cluster,Mixed-burden,49997,374587162,10.9044,0.0507,10.809,11.0004,10.90 ± 0.05
2021-2024,N18_N19,N18_N19,RF,EQI Cluster,High-burden,110760,878725634,11.4108,0.0352,11.3437,11.4782,11.41 ± 0.04
2021-2024,N18_N19,N18_N19,RF,EQI Cluster,National,172604,1318376942,11.4346,0.0284,11.3807,11.4887,11.43 ± 0.03
2021-2024,N18_N19,N18_N19,RF,EQI Cluster,Unclassified,28,359853,6.5179,1.2398,4.3311,9.4201,6.52 ± 1.24
2021-2024,N18_N19,N18_N19,RF,Land Use Cluster,Natural,62323,502006373,10.9815,0.0454,10.8954,11.068,10.98 ± 0.05
2021-2024,N18_N19,N18_N19,RF,Land Use Cluster,Water-sensitive,30982,215495957,10.7181,0.0636,10.5991,10.8382,10.72 ± 0.06
2021-2024,N18_N19,N18_N19,RF,Land Use Cluster,Agricultural,31151,220973985,12.337,0.072,12.2004,12.4748,12.34 ± 0.07
2021-2024,N18_N19,N18_N19,RF,Land Use Cluster,Urban,48137,379900627,12.0463,0.0562,11.9389,12.1544,12.05 ± 0.06
2021-2024,N18_N19,N18_N19,RF,Land Use Cluster,National,172604,1318376942,11.4346,0.0284,11.3807,11.4887,11.43 ± 0.03
2021-2024,N18_N19,N18_N19,RF,Land Use Cluster,Unclassified,11,0,0.0,0.0,0.0,0.0,0.00 ± 0.00
2021-2024,X60_X69,X60_X69,NVS,EQI Cluster,Low-burden,790,64704293,1.3789,0.0504,1.2844,1.4785,1.38 ± 0.05
2021-2024,X60_X69,X60_X69,NVS,EQI Cluster,Mixed-burden,6301,374587162,1.7891,0.0231,1.7451,1.8338,1.79 ± 0.02
2021-2024,X60_X69,X60_X69,NVS,EQI Cluster,High-burden,16004,878725634,1.9649,0.0159,1.9346,1.9956,1.96 ± 0.02
2021-2024,X60_X69,X60_X69,NVS,EQI Cluster,National,23104,1318376942,1.8862,0.0127,1.8619,1.9106,1.89 ± 0.01
2021-2024,X60_X69,X60_X69,NVS,EQI Cluster,Unclassified,9,359853,2.6479,0.9092,1.2108,5.0265,2.65 ± 0.91
2021-2024,X60_X69,X60_X69,NVS,Land Use Cluster,Natural,9330,502006373,1.9931,0.0211,1.9529,2.034,1.99 ± 0.02
2021-2024,X60_X69,X60_X69,NVS,Land Use Cluster,Water-sensitive,4024,215495957,1.9404,0.0316,1.8809,2.0012,1.94 ± 0.03
2021-2024,X60_X69,X60_X69,NVS,Land Use Cluster,Agricultural,3810,220973985,1.915,0.0317,1.8547,1.9768,1.92 ± 0.03
2021-2024,X60_X69,X60_X69,NVS,Land Use Cluster,Urban,5936,379900627,1.693,0.0224,1.6502,1.7366,1.69 ± 0.02
2021-2024,X60_X69,X60_X69,NVS,Land Use Cluster,National,23104,1318376942,1.8862,0.0127,1.8619,1.9106,1.89 ± 0.01
2021-2024,X60_X69,X60_X69,NVS,Land Use Cluster,Unclassified,4,0,0.0,0.0,0.0,0.0,0.00 ± 0.00
2021-2024,X60_X84_Y87.0,X60_X84_Y87.0,Suicide,EQI Cluster,Low-burden,11795,64704293,19.8093,0.188,19.4534,20.1701,19.81 ± 0.19
2021-2024,X60_X84_Y87.0,X60_X84_Y87.0,Suicide,EQI Cluster,Mixed-burden,53828,374587162,15.1155,0.0668,14.9881,15.2438,15.12 ± 0.07
2021-2024,X60_X84_Y87.0,X60_X84_Y87.0,Suicide,EQI Cluster,High-burden,127775,878725634,15.5368,0.0443,15.4517,15.6222,15.54 ± 0.04
2021-2024,X60_X84_Y87.0,X60_X84_Y87.0,Suicide,EQI Cluster,National,193447,1318376942,15.6182,0.0363,15.5487,15.688,15.62 ± 0.04
2021-2024,X60_X84_Y87.0,X60_X84_Y87.0,Suicide,EQI Cluster,Unclassified,49,359853,13.4812,1.9779,9.9735,17.8228,13.48 ± 1.98
2021-2024,X60_X84_Y87.0,X60_X84_Y87.0,Suicide,Land Use Cluster,Natural,83240,502006373,17.5894,0.0623,17.4701,17.7093,17.59 ± 0.06
2021-2024,X60_X84_Y87.0,X60_X84_Y87.0,Suicide,Land Use Cluster,Water-sensitive,32383,215495957,15.6679,0.0897,15.4977,15.8394,15.67 ± 0.09
2021-2024,X60_X84_Y87.0,X60_X84_Y87.0,Suicide,Land Use Cluster,Agricultural,33415,220973985,16.505,0.0922,16.3285,16.6829,16.51 ± 0.09
2021-2024,X60_X84_Y87.0,X60_X84_Y87.0,Suicide,Land Use Cluster,Urban,44340,379900627,12.4762,0.0603,12.3603,12.5929,12.48 ± 0.06
2021-2024,X60_X84_Y87.0,X60_X84_Y87.0,Suicide,Land Use Cluster,National,193447,1318376942,15.6182,0.0363,15.5487,15.688,15.62 ± 0.04
2021-2024,X60_X84_Y87.0,X60_X84_Y87.0,Suicide,Land Use Cluster,Unclassified,69,0,0.0,0.0,0.0,0.0,0.00 ± 0.00
2021-2024,X70_X84,X70_X84,VS,EQI Cluster,Low-burden,10939,64704293,18.3199,0.1806,17.9782,18.6665,18.32 ± 0.18
2021-2024,X70_X84,X70_X84,VS,EQI Cluster,Mixed-burden,46880,374587162,13.1397,0.0622,13.021,13.2592,13.14 ± 0.06
2021-2024,X70_X84,X70_X84,VS,EQI Cluster,High-burden,110487,878725634,13.4113,0.0411,13.3323,13.4906,13.41 ± 0.04
2021-2024,X70_X84,X70_X84,VS,EQI Cluster,National,168346,1318376942,13.5665,0.0338,13.5017,13.6314,13.57 ± 0.03
2021-2024,X70_X84,X70_X84,VS,EQI Cluster,Unclassified,40,359853,10.8333,1.7566,7.7395,14.7519,10.83 ± 1.76
2021-2024,X70_X84,X70_X84,VS,Land Use Cluster,Natural,73244,502006373,15.4516,0.0584,15.3399,15.564,15.45 ± 0.06
2021-2024,X70_X84,X70_X84,VS,Land Use Cluster,Water-sensitive,28036,215495957,13.5668,0.0834,13.4084,13.7265,13.57 ± 0.08
2021-2024,X70_X84,X70_X84,VS,Land Use Cluster,Agricultural,29381,220973985,14.4782,0.0862,14.3131,14.6447,14.48 ± 0.09
2021-2024,X70_X84,X70_X84,VS,Land Use Cluster,Urban,37620,379900627,10.557,0.0554,10.4505,10.6642,10.56 ± 0.06
2021-2024,X70_X84,X70_X84,VS,Land Use Cluster,National,168346,1318376942,13.5665,0.0338,13.5017,13.6314,13.57 ± 0.03
2021-2024,X70_X84,X70_X84,VS,Land Use Cluster,Unclassified,65,0,0.0,0.0,0.0,0.0,0.00 ± 0.00
2021-2024,Y87.0,Y87.0,SI,EQI Cluster,Low-burden,66,64704293,0.1105,0.0141,0.0855,0.1406,0.11 ± 0.01
2021-2024,Y87.0,Y87.0,SI,EQI Cluster,Mixed-burden,647,374587162,0.1868,0.0075,0.1727,0.2018,0.19 ± 0.01
2021-2024,Y87.0,Y87.0,SI,EQI Cluster,High-burden,1284,878725634,0.1606,0.0046,0.1519,0.1696,0.16 ± 0.00
2021-2024,Y87.0,Y87.0,SI,EQI Cluster,National,1997,1318376942,0.1656,0.0038,0.1584,0.173,0.17 ± 0.00
2021-2024,Y87.0,Y87.0,SI,EQI Cluster,Unclassified,0,359853,0.0,0.0,0.0,0.0,0.00 ± 0.00
2021-2024,Y87.0,Y87.0,SI,Land Use Cluster,Natural,666,502006373,0.1446,0.0057,0.1338,0.156,0.14 ± 0.01
2021-2024,Y87.0,Y87.0,SI,Land Use Cluster,Water-sensitive,323,215495957,0.1607,0.0092,0.1437,0.1792,0.16 ± 0.01
2021-2024,Y87.0,Y87.0,SI,Land Use Cluster,Agricultural,224,220973985,0.1118,0.0076,0.0976,0.1274,0.11 ± 0.01
2021-2024,Y87.0,Y87.0,SI,Land Use Cluster,Urban,784,379900627,0.2263,0.0082,0.2107,0.2427,0.23 ± 0.01
2021-2024,Y87.0,Y87.0,SI,Land Use Cluster,National,1997,1318376942,0.1656,0.0038,0.1584,0.173,0.17 ± 0.00
2021-2024,Y87.0,Y87.0,SI,Land Use Cluster,Unclassified,0,0,0.0,0.0,0.0,0.0,0.00 ± 0.00
