ICD_Code,EQI_Period,AAMR_Period,Lag,Model,Q1,Q2,Q3,Q4,Q5,Q2_p,Q3_p,Q4_p,Q5_p,Q2_rhat,Q3_rhat,Q4_rhat,Q5_rhat,Q2_ess_bulk,Q3_ess_bulk,Q4_ess_bulk,Q5_ess_bulk,Q2_ess_tail,Q3_ess_tail,Q4_ess_tail,Q5_ess_tail
C00_C97,2000_2005,2006_2010,5,Census_Region_1_EQI+SM+PA+OB,"1.00(1.00,1.00)","0.99(0.95,1.04)","1.01(0.98,1.04)","1.00(0.97,1.03)","1.02(0.99,1.05)",0.7663,0.5534,0.9129,0.2727,1.0008,1.0010,1.0007,1.0001,4366,2780,2377,2339,3586,3590,3128,3203
"C00_C97","2000_2005","2006_2010",5,"Census_Region_1_EQI_Air+SM+PA+OB","1.00(1.00,1.00)","1.00(0.96,1.04)","1.00(0.97,1.04)","1.00(0.97,1.03)","1.00(0.97,1.03)","0.9038","0.8346","0.9779","0.9159","1.0013","1.0007","0.9999","0.9999",3801,3245,2856,2870,3721,3662,3599,3768
"C00_C97","2000_2005","2006_2010",5,"Census_Region_1_EQI_Water+SM+PA+OB","1.00(1.00,1.00)","1.01(0.98,1.03)","1.03(1.00,1.06)","1.00(0.97,1.02)","1.01(0.99,1.04)","0.7334","0.0523","0.9771","0.3526","1.0020","1.0007","1.0020","1.0007",4691,3519,3736,4246,3835,3975,3295,3977
"C00_C97","2000_2005","2006_2010",5,"Census_Region_1_EQI_Land+SM+PA+OB","1.00(1.00,1.00)","1.00(0.97,1.03)","1.01(0.98,1.04)","1.00(0.97,1.03)","1.00(0.97,1.03)","0.8938","0.6480","0.8979","0.9892","1.0021","1.0011","1.0009","1.0009",3249,2590,2513,2609,3547,3095,3149,3381
"C00_C97","2000_2005","2006_2010",5,"Census_Region_1_EQI_Built+SM+PA+OB","1.00(1.00,1.00)","1.02(0.98,1.05)","0.98(0.95,1.01)","1.01(0.98,1.04)","1.02(0.99,1.05)","0.3206","0.2172","0.4559","0.2472","1.0011","1.0017","1.0020","1.0024",3824,2991,2688,2647,3212,3668,3173,3256
"C00_C97","2000_2005","2006_2010",5,"Census_Region_1_EQI_Social+SM+PA+OB","1.00(1.00,1.00)","1.00(0.97,1.03)","0.98(0.95,1.01)","0.98(0.95,1.00)","1.00(0.97,1.03)","0.9450","0.1631","0.0802","0.8517","1.0006","1.0006","1.0007","1.0001",3774,3080,2794,2614,3706,3259,3390,3287
"C00_C97","2000_2005","2011_2015",10,"Census_Region_1_EQI+SM+PA+OB","1.00(1.00,1.00)","0.99(0.95,1.03)","1.01(0.97,1.04)","1.00(0.97,1.03)","1.00(0.97,1.04)","0.4918","0.6963","0.8488","0.8538","1.0010","1.0016","1.0017","1.0016",2690,2061,1887,1864,3027,3250,2715,2519
"C00_C97","2000_2005","2011_2015",10,"Census_Region_1_EQI_Air+SM+PA+OB","1.00(1.00,1.00)","1.01(0.97,1.05)","1.00(0.97,1.03)","1.00(0.97,1.03)","0.99(0.96,1.02)","0.7730","0.8967","0.9963","0.6701","1.0000","1.0010","1.0017","1.0009",4222,3259,3108,2907,3427,3265,3370,3358
"C00_C97","2000_2005","2011_2015",10,"Census_Region_1_EQI_Water+SM+PA+OB","1.00(1.00,1.00)","1.00(0.97,1.03)","1.03(1.00,1.06)","1.01(0.99,1.04)","1.01(0.99,1.04)","0.9725","0.0302","0.2718","0.3193","1.0005","1.0021","0.9999","1.0010",4457,3605,3235,3816,3752,3446,3564,3640
"C00_C97","2000_2005","2011_2015",10,"Census_Region_1_EQI_Land+SM+PA+OB","1.00(1.00,1.00)","1.01(0.98,1.04)","1.02(0.99,1.05)","1.01(0.98,1.04)","1.02(0.99,1.05)","0.4751","0.2214","0.5834","0.2697","1.0004","1.0008","1.0009","1.0008",2972,2500,2460,2654,3097,3149,2621,2951
"C00_C97","2000_2005","2011_2015",10,"Census_Region_1_EQI_Built+SM+PA+OB","1.00(1.00,1.00)","0.99(0.96,1.03)","0.97(0.94,1.00)","1.00(0.97,1.03)","1.00(0.98,1.03)","0.7142","0.0756","0.8496","0.7850","1.0008","1.0019","1.0012","1.0018",3828,3013,2918,2780,3870,3538,2986,3203
"C00_C97","2000_2005","2011_2015",10,"Census_Region_1_EQI_Social+SM+PA+OB","1.00(1.00,1.00)","0.99(0.96,1.02)","0.97(0.94,0.99)","0.97(0.95,1.00)","0.98(0.95,1.01)","0.5009","0.0156","0.0569","0.1423","1.0004","1.0013","1.0006","1.0007",3584,2872,2520,2641,3590,3175,2805,2839
"C00_C97","2000_2005","2016_2020",15,"Census_Region_1_EQI+SM+PA+OB","1.00(1.00,1.00)","0.97(0.93,1.01)","1.00(0.96,1.03)","1.00(0.96,1.03)","1.00(0.97,1.04)","0.1577","0.8042","0.8371","0.8467","1.0009","1.0016","1.0010","1.0006",3071,2068,1879,1777,3217,2897,2541,2636
"C00_C97","2000_2005","2016_2020",15,"Census_Region_1_EQI_Air+SM+PA+OB","1.00(1.00,1.00)","1.01(0.97,1.05)","1.00(0.96,1.04)","0.99(0.95,1.02)","0.98(0.94,1.01)","0.7263","0.9596","0.4997","0.1693","1.0004","1.0007","1.0013","1.0008",3845,3107,2808,2616,3505,3513,3392,3104
"C00_C97","2000_2005","2016_2020",15,"Census_Region_1_EQI_Water+SM+PA+OB","1.00(1.00,1.00)","1.01(0.98,1.04)","1.02(0.99,1.05)","1.03(1.01,1.06)","1.03(1.00,1.05)","0.5909","0.2281","0.0177","0.0527","1.0004","1.0014","1.0007","1.0000",4435,3583,2988,3708,4247,3953,3555,3567
"C00_C97","2000_2005","2016_2020",15,"Census_Region_1_EQI_Land+SM+PA+OB","1.00(1.00,1.00)","1.00(0.97,1.04)","1.02(0.98,1.05)","1.02(0.99,1.05)","1.01(0.98,1.05)","0.8454","0.3314","0.2447","0.4160","1.0008","1.0016","1.0010","1.0015",3095,2648,2524,2559,3460,3302,3171,3287
"C00_C97","2000_2005","2016_2020",15,"Census_Region_1_EQI_Built+SM+PA+OB","1.00(1.00,1.00)","1.00(0.96,1.04)","0.98(0.94,1.01)","1.01(0.98,1.04)","1.01(0.97,1.04)","0.9442","0.1464","0.6422","0.7700","1.0009","1.0011","1.0015","1.0017",4085,3092,2944,2941,3857,3495,3274,3270
"C00_C97","2000_2005","2016_2020",15,"Census_Region_1_EQI_Social+SM+PA+OB","1.00(1.00,1.00)","0.99(0.96,1.03)","0.99(0.96,1.01)","0.99(0.97,1.02)","1.01(0.97,1.04)","0.6759","0.3331","0.7246","0.7192","1.0003","1.0003","1.0008","1.0015",3890,3254,2958,2859,3719,3773,3032,3168
"C00_C97","2000_2005","2021_2024",20,"Census_Region_1_EQI+SM+PA+OB","1.00(1.00,1.00)","0.99(0.94,1.03)","1.01(0.97,1.05)","1.00(0.96,1.03)","0.98(0.95,1.01)","0.5159","0.6038","0.8879","0.2385","1.0010","1.0021","1.0022","1.0021",3483,2718,2524,2369,3674,3388,3226,3129
"C00_C97","2000_2005","2021_2024",20,"Census_Region_1_EQI_Air+SM+PA+OB","1.00(1.00,1.00)","1.02(0.97,1.06)","1.02(0.98,1.05)","0.99(0.95,1.02)","0.96(0.92,0.99)","0.4718","0.4122","0.4743","0.0165","1.0004","1.0002","1.0007","1.0009",4432,3462,3361,3132,3718,3749,3707,3160
"C00_C97","2000_2005","2021_2024",20,"Census_Region_1_EQI_Water+SM+PA+OB","1.00(1.00,1.00)","0.99(0.95,1.02)","1.02(0.98,1.06)","1.03(1.00,1.06)","1.04(1.01,1.08)","0.4335","0.2760","0.0785","0.0244","1.0002","0.9998","1.0013","1.0014",4705,4833,4201,3907,3903,3601,3532,3664
"C00_C97","2000_2005","2021_2024",20,"Census_Region_1_EQI_Land+SM+PA+OB","1.00(1.00,1.00)","0.99(0.96,1.03)","1.01(0.98,1.04)","1.02(0.99,1.06)","1.01(0.97,1.04)","0.6534","0.6134","0.1481","0.6784","1.0013","1.0027","1.0020","1.0019",3981,2573,2788,2844,3475,3567,3413,3453
"C00_C97","2000_2005","2021_2024",20,"Census_Region_1_EQI_Built+SM+PA+OB","1.00(1.00,1.00)","1.01(0.97,1.06)","0.97(0.94,1.00)","0.99(0.96,1.03)","0.99(0.96,1.02)","0.5988","0.0760","0.7392","0.4614","1.0004","1.0007","1.0001","1.0003",4740,3280,2783,2820,3764,3045,3446,3434
"C00_C97","2000_2005","2021_2024",20,"Census_Region_1_EQI_Social+SM+PA+OB","1.00(1.00,1.00)","1.02(0.99,1.06)","1.00(0.97,1.04)","1.00(0.97,1.04)","1.01(0.97,1.04)","0.2593","0.7963","0.8213","0.7284","1.0022","1.0006","1.0014","1.0034",4315,3455,3070,3129,4123,3451,3195,2987
"C00_C97","2000_2005","2006_2010",5,"Census_Region_2_EQI+SM+PA+OB","1.00(1.00,1.00)","1.09(1.06,1.13)","1.13(1.09,1.16)","1.13(1.09,1.16)","1.16(1.12,1.20)","0.0002","0.0002","0.0002","0.0002","1.0016","1.0011","1.0009","1.0011",3142,2327,2295,2030,2969,3125,3194,2658
"C00_C97","2000_2005","2006_2010",5,"Census_Region_2_EQI_Air+SM+PA+OB","1.00(1.00,1.00)","1.06(1.02,1.09)","1.08(1.05,1.11)","1.08(1.05,1.12)","1.09(1.06,1.13)","0.0015","0.0002","0.0002","0.0002","1.0013","1.0024","1.0034","1.0039",3774,3088,3008,2871,3134,3427,3704,3774
"C00_C97","2000_2005","2006_2010",5,"Census_Region_2_EQI_Water+SM+PA+OB","1.00(1.00,1.00)","0.97(0.93,1.00)","1.02(0.98,1.05)","1.02(0.99,1.06)","1.04(1.00,1.08)","0.0431","0.3197","0.1639","0.0419","0.9999","1.0002","1.0004","1.0001",3509,3347,3257,3397,3477,3881,3934,3482
"C00_C97","2000_2005","2006_2010",5,"Census_Region_2_EQI_Land+SM+PA+OB","1.00(1.00,1.00)","1.05(1.01,1.09)","1.05(1.02,1.09)","1.05(1.02,1.09)","1.07(1.03,1.10)","0.0077","0.0031","0.0027","0.0002","1.0008","1.0011","1.0024","1.0012",3838,3158,2554,2613,3859,3381,3243,3222
"C00_C97","2000_2005","2006_2010",5,"Census_Region_2_EQI_Built+SM+PA+OB","1.00(1.00,1.00)","1.06(1.03,1.10)","1.06(1.02,1.09)","1.06(1.03,1.10)","1.09(1.06,1.12)","0.0002","0.0010","0.0002","0.0002","1.0004","1.0008","1.0000","0.9999",3535,3253,3222,3277,3658,3299,3640,3677
"C00_C97","2000_2005","2006_2010",5,"Census_Region_2_EQI_Social+SM+PA+OB","1.00(1.00,1.00)","0.95(0.92,0.99)","0.97(0.93,1.00)","0.99(0.96,1.03)","1.02(0.98,1.05)","0.0173","0.0573","0.6267","0.3955","0.9997","1.0011","1.0016","1.0017",4257,3252,2911,2734,3345,3368,3613,3704
"C00_C97","2000_2005","2011_2015",10,"Census_Region_2_EQI+SM+PA+OB","1.00(1.00,1.00)","1.11(1.07,1.15)","1.15(1.11,1.19)","1.15(1.12,1.19)","1.17(1.13,1.21)","0.0002","0.0002","0.0002","0.0002","1.0000","1.0009","1.0002","1.0008",3273,2623,2233,2094,3521,2564,2914,2600
"C00_C97","2000_2005","2011_2015",10,"Census_Region_2_EQI_Air+SM+PA+OB","1.00(1.00,1.00)","1.08(1.05,1.11)","1.09(1.06,1.12)","1.10(1.06,1.13)","1.08(1.04,1.12)","0.0002","0.0002","0.0002","0.0002","1.0010","1.0017","1.0024","1.0030",3823,3167,2635,2781,3662,3525,3322,3179
"C00_C97","2000_2005","2011_2015",10,"Census_Region_2_EQI_Water+SM+PA+OB","1.00(1.00,1.00)","0.96(0.92,0.99)","1.01(0.97,1.04)","1.02(0.98,1.05)","1.04(1.00,1.08)","0.0165","0.7230","0.3443","0.0298","1.0009","1.0020","1.0015","1.0007",3269,3035,3379,3208,3536,3375,3790,3602
"C00_C97","2000_2005","2011_2015",10,"Census_Region_2_EQI_Land+SM+PA+OB","1.00(1.00,1.00)","1.03(0.99,1.07)","1.03(1.00,1.07)","1.06(1.02,1.10)","1.07(1.03,1.11)","0.2106","0.0660","0.0015","0.0002","1.0014","1.0015","1.0011","1.0031",3563,2789,2455,2717,3639,3455,2851,2904
"C00_C97","2000_2005","2011_2015",10,"Census_Region_2_EQI_Built+SM+PA+OB","1.00(1.00,1.00)","1.09(1.05,1.12)","1.07(1.04,1.11)","1.10(1.06,1.13)","1.11(1.08,1.15)","0.0002","0.0002","0.0002","0.0002","1.0008","1.0011","1.0015","1.0024",3943,3607,3319,3378,3627,3601,3321,3217
"C00_C97","2000_2005","2011_2015",10,"Census_Region_2_EQI_Social+SM+PA+OB","1.00(1.00,1.00)","0.99(0.95,1.03)","0.98(0.95,1.02)","1.00(0.97,1.04)","1.01(0.97,1.05)","0.5684","0.2960","0.8921","0.7151","1.0005","1.0022","1.0021","1.0014",3754,2821,2596,2552,3597,3311,3154,3064
"C00_C97","2000_2005","2016_2020",15,"Census_Region_2_EQI+SM+PA+OB","1.00(1.00,1.00)","1.11(1.08,1.15)","1.13(1.10,1.17)","1.13(1.10,1.17)","1.16(1.12,1.20)","0.0002","0.0002","0.0002","0.0002","1.0000","1.0012","1.0009","1.0008",2952,2360,2095,1922,3340,3175,2624,2454
"C00_C97","2000_2005","2016_2020",15,"Census_Region_2_EQI_Air+SM+PA+OB","1.00(1.00,1.00)","1.05(1.02,1.08)","1.08(1.05,1.11)","1.09(1.06,1.12)","1.07(1.03,1.11)","0.0010","0.0002","0.0002","0.0006","1.0004","1.0002","1.0000","1.0006",3506,3180,2984,2916,3651,3768,3566,3547
"C00_C97","2000_2005","2016_2020",15,"Census_Region_2_EQI_Water+SM+PA+OB","1.00(1.00,1.00)","0.97(0.94,1.01)","1.01(0.98,1.05)","1.02(0.98,1.05)","1.03(0.99,1.07)","0.1044","0.4243","0.3501","0.0914","1.0019","1.0009","1.0016","1.0030",3152,2931,2892,2709,3359,3144,3568,3205
"C00_C97","2000_2005","2016_2020",15,"Census_Region_2_EQI_Land+SM+PA+OB","1.00(1.00,1.00)","1.03(0.99,1.07)","1.03(0.99,1.07)","1.05(1.01,1.09)","1.07(1.04,1.11)","0.1135","0.1035","0.0073","0.0006","0.9999","1.0005","1.0003","0.9998",3404,2903,2333,2314,3519,3372,3240,3281
"C00_C97","2000_2005","2016_2020",15,"Census_Region_2_EQI_Built+SM+PA+OB","1.00(1.00,1.00)","1.08(1.05,1.12)","1.08(1.05,1.11)","1.08(1.05,1.11)","1.10(1.06,1.13)","0.0002","0.0002","0.0002","0.0002","1.0014","1.0014","1.0002","1.0011",3261,2698,2798,2713,3349,3472,3186,3845
"C00_C97","2000_2005","2016_2020",15,"Census_Region_2_EQI_Social+SM+PA+OB","1.00(1.00,1.00)","0.96(0.92,0.99)","0.99(0.96,1.02)","0.99(0.95,1.02)","0.99(0.95,1.03)","0.0252","0.5455","0.4355","0.6505","1.0011","1.0007","1.0021","1.0017",3154,2475,2289,2208,3487,3322,3248,2999
"C00_C97","2000_2005","2021_2024",20,"Census_Region_2_EQI+SM+PA+OB","1.00(1.00,1.00)","1.09(1.05,1.13)","1.12(1.08,1.15)","1.10(1.07,1.14)","1.09(1.06,1.13)","0.0002","0.0002","0.0002","0.0002","1.0006","1.0012","1.0026","1.0009",3100,2800,2477,2372,3216,3276,3400,3280
"C00_C97","2000_2005","2021_2024",20,"Census_Region_2_EQI_Air+SM+PA+OB","1.00(1.00,1.00)","1.06(1.03,1.09)","1.07(1.04,1.11)","1.05(1.02,1.09)","1.02(0.98,1.06)","0.0002","0.0002","0.0010","0.2956","1.0002","0.9992","1.0024","1.0012",3741,3731,3608,3181,3514,3938,3868,3172
"C00_C97","2000_2005","2021_2024",20,"Census_Region_2_EQI_Water+SM+PA+OB","1.00(1.00,1.00)","0.98(0.95,1.02)","1.01(0.98,1.05)","1.02(0.99,1.06)","1.03(0.99,1.07)","0.2497","0.4789","0.1535","0.1927","1.0008","1.0007","1.0017","1.0009",4503,3828,3717,4305,4216,3783,3761,3930
"C00_C97","2000_2005","2021_2024",20,"Census_Region_2_EQI_Land+SM+PA+OB","1.00(1.00,1.00)","1.01(0.97,1.05)","1.01(0.98,1.05)","1.03(1.00,1.07)","1.05(1.01,1.09)","0.5584","0.4901","0.0864","0.0123","1.0017","1.0012","1.0017","1.0018",3619,3560,3145,3236,3681,3456,3544,3287
"C00_C97","2000_2005","2021_2024",20,"Census_Region_2_EQI_Built+SM+PA+OB","1.00(1.00,1.00)","1.06(1.03,1.10)","1.06(1.03,1.09)","1.06(1.03,1.09)","1.07(1.03,1.10)","0.0002","0.0002","0.0002","0.0002","1.0010","1.0008","1.0010","1.0005",3753,3187,3601,3186,3741,3277,3508,3374
"C00_C97","2000_2005","2021_2024",20,"Census_Region_2_EQI_Social+SM+PA+OB","1.00(1.00,1.00)","0.97(0.93,1.01)","0.97(0.94,1.01)","1.01(0.97,1.04)","1.00(0.96,1.04)","0.1414","0.0969","0.7426","0.8604","1.0023","1.0012","1.0008","1.0019",4189,3506,3010,2776,3556,3403,3327,3456
"C00_C97","2000_2005","2006_2010",5,"Census_Region_3_EQI+SM+PA+OB","1.00(1.00,1.00)","1.04(1.02,1.06)","1.05(1.03,1.07)","1.06(1.04,1.08)","1.08(1.06,1.11)","0.0002","0.0002","0.0002","0.0002","1.0001","1.0004","1.0003","1.0010",3625,3420,3086,2873,3141,3337,3391,2844
"C00_C97","2000_2005","2006_2010",5,"Census_Region_3_EQI_Air+SM+PA+OB","1.00(1.00,1.00)","1.06(1.03,1.08)","1.06(1.04,1.09)","1.07(1.05,1.10)","1.09(1.07,1.12)","0.0006","0.0002","0.0002","0.0002","1.0004","1.0008","1.0015","1.0009",3047,3261,2601,2965,3836,3356,3385,3454
"C00_C97","2000_2005","2006_2010",5,"Census_Region_3_EQI_Water+SM+PA+OB","1.00(1.00,1.00)","1.00(0.98,1.02)","1.00(0.97,1.02)","1.02(1.00,1.05)","0.99(0.96,1.02)","0.9267","0.9204","0.0773","0.4497","1.0008","1.0011","1.0013","1.0005",4142,3749,3906,3884,4122,3312,3759,3640
"C00_C97","2000_2005","2006_2010",5,"Census_Region_3_EQI_Land+SM+PA+OB","1.00(1.00,1.00)","0.98(0.96,1.00)","1.00(0.98,1.02)","1.00(0.97,1.03)","0.99(0.96,1.02)","0.0202","0.7409","0.9588","0.5709","1.0026","1.0000","1.0011","1.0003",5650,5539,6781,6301,3956,3997,3516,3335
"C00_C97","2000_2005","2006_2010",5,"Census_Region_3_EQI_Built+SM+PA+OB","1.00(1.00,1.00)","1.04(1.02,1.06)","1.05(1.03,1.08)","1.06(1.04,1.08)","1.08(1.05,1.10)","0.0002","0.0002","0.0002","0.0002","1.0014","1.0014","1.0005","0.9999",4615,4921,4442,4563,3649,3921,4010,3788
"C00_C97","2000_2005","2006_2010",5,"Census_Region_3_EQI_Social+SM+PA+OB","1.00(1.00,1.00)","1.00(0.98,1.02)","0.99(0.97,1.01)","1.01(0.98,1.03)","1.01(0.98,1.04)","0.7492","0.2114","0.6530","0.4726","1.0011","1.0009","1.0003","1.0013",4332,3797,3719,3149,4063,3493,3734,3526
"C00_C97","2000_2005","2011_2015",10,"Census_Region_3_EQI+SM+PA+OB","1.00(1.00,1.00)","1.05(1.03,1.07)","1.06(1.04,1.08)","1.08(1.05,1.10)","1.08(1.05,1.11)","0.0002","0.0002","0.0002","0.0002","1.0008","1.0007","1.0002","1.0004",4349,3692,3355,3173,3739,3404,3450,3550
"C00_C97","2000_2005","2011_2015",10,"Census_Region_3_EQI_Air+SM+PA+OB","1.00(1.00,1.00)","1.05(1.02,1.07)","1.07(1.05,1.10)","1.07(1.05,1.10)","1.09(1.06,1.12)","0.0006","0.0002","0.0002","0.0002","1.0015","1.0013","1.0010","1.0017",3199,2897,2923,2974,3655,3502,3259,3168
"C00_C97","2000_2005","2011_2015",10,"Census_Region_3_EQI_Water+SM+PA+OB","1.00(1.00,1.00)","1.01(0.99,1.03)","1.00(0.98,1.02)","1.03(1.00,1.05)","1.00(0.98,1.03)","0.4639","0.9463","0.0439","0.8621","1.0028","1.0019","1.0027","1.0002",3087,3090,2842,2993,3212,3265,3357,3825
"C00_C97","2000_2005","2011_2015",10,"Census_Region_3_EQI_Land+SM+PA+OB","1.00(1.00,1.00)","1.00(0.98,1.01)","0.99(0.97,1.01)","0.99(0.97,1.02)","1.00(0.97,1.04)","0.6455","0.1660","0.6351","0.8205","1.0013","1.0011","1.0008","1.0008",5079,4968,5459,5517,4003,3865,3963,3742
"C00_C97","2000_2005","2011_2015",10,"Census_Region_3_EQI_Built+SM+PA+OB","1.00(1.00,1.00)","1.04(1.02,1.05)","1.06(1.04,1.08)","1.06(1.03,1.08)","1.09(1.06,1.11)","0.0006","0.0002","0.0002","0.0002","1.0010","1.0006","1.0001","1.0010",4433,3640,3896,3446,3978,3887,3657,3313
"C00_C97","2000_2005","2011_2015",10,"Census_Region_3_EQI_Social+SM+PA+OB","1.00(1.00,1.00)","1.00(0.98,1.02)","0.98(0.96,1.00)","0.98(0.96,1.01)","1.00(0.97,1.03)","0.9950","0.0969","0.2189","0.9125","1.0015","1.0006","1.0009","1.0015",4053,3292,2799,2877,3514,3443,3473,3672
"C00_C97","2000_2005","2016_2020",15,"Census_Region_3_EQI+SM+PA+OB","1.00(1.00,1.00)","1.04(1.02,1.06)","1.05(1.03,1.07)","1.06(1.04,1.08)","1.07(1.04,1.10)","0.0002","0.0002","0.0002","0.0002","1.0012","1.0015","1.0022","1.0014",3346,3000,2731,2407,3405,3159,3082,3102
"C00_C97","2000_2005","2016_2020",15,"Census_Region_3_EQI_Air+SM+PA+OB","1.00(1.00,1.00)","1.03(1.01,1.06)","1.04(1.02,1.07)","1.06(1.03,1.09)","1.06(1.03,1.09)","0.0123","0.0015","0.0002","0.0002","1.0004","1.0009","1.0014","1.0017",3397,2845,2844,2603,3663,3490,3365,3411
"C00_C97","2000_2005","2016_2020",15,"Census_Region_3_EQI_Water+SM+PA+OB","1.00(1.00,1.00)","1.00(0.98,1.02)","1.00(0.97,1.02)","1.01(0.98,1.03)","0.99(0.96,1.02)","0.9571","0.7092","0.5455","0.4526","1.0022","1.0011","1.0005","1.0010",2520,2713,2926,2798,2338,3393,3787,3218
"C00_C97","2000_2005","2016_2020",15,"Census_Region_3_EQI_Land+SM+PA+OB","1.00(1.00,1.00)","1.00(0.98,1.01)","0.99(0.97,1.00)","0.99(0.96,1.01)","1.00(0.97,1.03)","0.8809","0.1431","0.4393","0.9300","1.0008","1.0001","1.0004","1.0001",5476,4987,5580,6310,3894,3894,3746,3736
"C00_C97","2000_2005","2016_2020",15,"Census_Region_3_EQI_Built+SM+PA+OB","1.00(1.00,1.00)","1.04(1.02,1.06)","1.06(1.04,1.08)","1.06(1.04,1.08)","1.09(1.07,1.12)","0.0002","0.0002","0.0002","0.0002","1.0008","1.0010","1.0009","1.0003",4086,3759,3627,3446,3672,3999,3591,3509
"C00_C97","2000_2005","2016_2020",15,"Census_Region_3_EQI_Social+SM+PA+OB","1.00(1.00,1.00)","1.01(0.99,1.03)","0.98(0.96,1.00)","0.99(0.96,1.01)","1.00(0.97,1.03)","0.4584","0.0906","0.2989","0.8005","1.0010","1.0023","1.0018","1.0016",4247,3128,3160,2753,3704,3119,3913,3239
"C00_C97","2000_2005","2021_2024",20,"Census_Region_3_EQI+SM+PA+OB","1.00(1.00,1.00)","1.05(1.03,1.06)","1.04(1.02,1.06)","1.04(1.02,1.06)","1.05(1.02,1.08)","0.0002","0.0002","0.0002","0.0019","1.0002","1.0006","1.0012","1.0010",3706,3289,2814,2607,3359,3229,3285,3114
"C00_C97","2000_2005","2021_2024",20,"Census_Region_3_EQI_Air+SM+PA+OB","1.00(1.00,1.00)","1.04(1.01,1.06)","1.05(1.02,1.07)","1.04(1.02,1.07)","1.04(1.01,1.07)","0.0056","0.0002","0.0006","0.0027","1.0019","1.0005","1.0013","1.0013",2811,2598,2839,2825,3345,3689,3076,3544
"C00_C97","2000_2005","2021_2024",20,"Census_Region_3_EQI_Water+SM+PA+OB","1.00(1.00,1.00)","0.99(0.97,1.02)","1.00(0.97,1.02)","1.03(1.00,1.05)","0.98(0.96,1.01)","0.5280","0.8759","0.0348","0.2502","1.0007","1.0006","1.0022","1.0008",3178,3423,3607,3505,3426,3688,3682,3425
"C00_C97","2000_2005","2021_2024",20,"Census_Region_3_EQI_Land+SM+PA+OB","1.00(1.00,1.00)","0.99(0.98,1.01)","0.99(0.98,1.01)","1.00(0.97,1.03)","1.00(0.97,1.03)","0.5055","0.6255","0.8804","0.9842","1.0010","1.0038","1.0015","0.9999",3870,4334,5181,4942,3585,3845,3628,3233
"C00_C97","2000_2005","2021_2024",20,"Census_Region_3_EQI_Built+SM+PA+OB","1.00(1.00,1.00)","1.05(1.03,1.07)","1.06(1.03,1.08)","1.07(1.05,1.09)","1.10(1.07,1.12)","0.0002","0.0002","0.0002","0.0002","1.0022","1.0002","1.0012","1.0003",3792,3841,3899,3246,2810,3542,3657,3428
"C00_C97","2000_2005","2021_2024",20,"Census_Region_3_EQI_Social+SM+PA+OB","1.00(1.00,1.00)","1.01(0.99,1.03)","0.98(0.95,1.00)","0.97(0.95,1.00)","0.98(0.95,1.01)","0.5238","0.0381","0.0194","0.2347","1.0015","1.0017","1.0013","1.0003",3718,3361,3169,2707,3338,3154,3442,2669
"C00_C97","2000_2005","2006_2010",5,"Census_Region_4_EQI+SM+PA+OB","1.00(1.00,1.00)","1.03(0.99,1.08)","1.05(1.00,1.10)","1.06(1.01,1.11)","1.08(1.02,1.13)","0.1864","0.0331","0.0144","0.0019","1.0001","1.0001","1.0005","1.0014",5736,5279,4711,4062,3807,3811,3793,3374
"C00_C97","2000_2005","2006_2010",5,"Census_Region_4_EQI_Air+SM+PA+OB","1.00(1.00,1.00)","1.06(1.01,1.12)","1.06(1.01,1.12)","1.05(1.00,1.11)","1.05(1.00,1.11)","0.0173","0.0290","0.0564","0.0669","1.0012","1.0019","1.0013","1.0017",5061,4743,4340,5032,3227,3300,3470,3207
"C00_C97","2000_2005","2006_2010",5,"Census_Region_4_EQI_Water+SM+PA+OB","1.00(1.00,1.00)","0.89(0.83,0.94)","1.01(0.96,1.07)","0.99(0.94,1.05)","1.04(0.99,1.09)","0.0002","0.6630","0.7167","0.1248","1.0014","1.0007","1.0008","0.9995",4344,5141,4289,3982,3419,3882,3711,3350
"C00_C97","2000_2005","2006_2010",5,"Census_Region_4_EQI_Land+SM+PA+OB","1.00(1.00,1.00)","0.97(0.91,1.03)","1.01(0.96,1.06)","1.03(0.98,1.08)","1.06(1.01,1.12)","0.3739","0.7042","0.3068","0.0227","1.0004","1.0011","1.0002","1.0014",5961,4780,4058,3208,3423,3971,3605,3134
"C00_C97","2000_2005","2006_2010",5,"Census_Region_4_EQI_Built+SM+PA+OB","1.00(1.00,1.00)","1.02(0.97,1.08)","1.05(1.00,1.10)","1.07(1.01,1.12)","1.03(0.98,1.08)","0.3989","0.0556","0.0144","0.2060","1.0032","1.0008","1.0005","1.0010",5149,4050,4856,3673,3545,4002,3655,3771
"C00_C97","2000_2005","2006_2010",5,"Census_Region_4_EQI_Social+SM+PA+OB","1.00(1.00,1.00)","0.99(0.94,1.04)","1.02(0.97,1.07)","1.05(1.00,1.10)","1.05(0.99,1.10)","0.6780","0.4797","0.0673","0.1056","1.0004","1.0011","1.0022","1.0010",6039,5316,5118,4354,3822,3993,3674,3900
"C00_C97","2000_2005","2011_2015",10,"Census_Region_4_EQI+SM+PA+OB","1.00(1.00,1.00)","1.03(0.98,1.08)","1.05(1.00,1.10)","1.07(1.02,1.13)","1.09(1.04,1.15)","0.2422","0.0373","0.0073","0.0002","1.0011","1.0008","1.0010","1.0009",5478,5201,4610,3732,3490,3613,3701,3758
"C00_C97","2000_2005","2011_2015",10,"Census_Region_4_EQI_Air+SM+PA+OB","1.00(1.00,1.00)","1.07(1.02,1.12)","1.05(1.00,1.11)","1.07(1.02,1.13)","1.07(1.01,1.13)","0.0069","0.0502","0.0106","0.0256","1.0006","1.0013","1.0031","1.0013",4945,5676,5248,5553,3366,3736,3355,4056
"C00_C97","2000_2005","2011_2015",10,"Census_Region_4_EQI_Water+SM+PA+OB","1.00(1.00,1.00)","0.88(0.82,0.94)","1.02(0.96,1.07)","1.00(0.95,1.06)","1.04(0.99,1.09)","0.0006","0.5613","0.9504","0.1181","1.0019","0.9998","1.0008","1.0014",4294,4841,4313,4190,3659,4093,3583,3545
"C00_C97","2000_2005","2011_2015",10,"Census_Region_4_EQI_Land+SM+PA+OB","1.00(1.00,1.00)","0.98(0.91,1.05)","1.01(0.96,1.07)","1.03(0.98,1.09)","1.07(1.02,1.12)","0.5768","0.7221","0.2489","0.0110","1.0016","1.0002","1.0003","0.9999",5707,4752,4005,3506,2628,3833,3760,3753
"C00_C97","2000_2005","2011_2015",10,"Census_Region_4_EQI_Built+SM+PA+OB","1.00(1.00,1.00)","1.01(0.96,1.07)","1.06(1.01,1.12)","1.08(1.02,1.13)","1.05(1.00,1.11)","0.6176","0.0248","0.0056","0.0560","1.0006","1.0005","1.0003","1.0011",5957,5483,4767,3939,3805,3889,3583,3494
"C00_C97","2000_2005","2011_2015",10,"Census_Region_4_EQI_Social+SM+PA+OB","1.00(1.00,1.00)","0.99(0.94,1.04)","1.02(0.97,1.07)","1.05(1.00,1.10)","1.04(0.98,1.09)","0.6959","0.3980","0.0519","0.2293","1.0021","1.0024","1.0020","1.0002",4844,4704,4393,3632,3642,3864,3518,3527
"C00_C97","2000_2005","2016_2020",15,"Census_Region_4_EQI+SM+PA+OB","1.00(1.00,1.00)","1.04(0.99,1.09)","1.07(1.02,1.12)","1.10(1.04,1.15)","1.10(1.05,1.16)","0.0960","0.0106","0.0006","0.0002","1.0014","1.0021","1.0010","1.0002",4119,3974,3754,2965,3204,3019,3710,3537
"C00_C97","2000_2005","2016_2020",15,"Census_Region_4_EQI_Air+SM+PA+OB","1.00(1.00,1.00)","1.08(1.03,1.13)","1.07(1.01,1.12)","1.08(1.02,1.13)","1.07(1.01,1.13)","0.0019","0.0227","0.0035","0.0348","1.0020","1.0029","1.0005","1.0010",4820,5795,5195,5007,3703,3353,3950,3994
"C00_C97","2000_2005","2016_2020",15,"Census_Region_4_EQI_Water+SM+PA+OB","1.00(1.00,1.00)","0.85(0.79,0.91)","1.04(0.98,1.11)","0.98(0.93,1.04)","1.04(0.99,1.09)","0.0002","0.1918","0.6084","0.1652","1.0007","1.0009","1.0011","1.0003",3944,4251,4058,3950,3333,3370,4134,3615
"C00_C97","2000_2005","2016_2020",15,"Census_Region_4_EQI_Land+SM+PA+OB","1.00(1.00,1.00)","0.99(0.92,1.06)","1.03(0.98,1.10)","1.03(0.97,1.09)","1.08(1.02,1.14)","0.7630","0.2697","0.3297","0.0115","1.0013","1.0010","1.0023","1.0034",5012,4186,3029,2112,3484,3730,3489,3032
"C00_C97","2000_2005","2016_2020",15,"Census_Region_4_EQI_Built+SM+PA+OB","1.00(1.00,1.00)","1.02(0.97,1.08)","1.09(1.03,1.15)","1.11(1.05,1.16)","1.08(1.03,1.14)","0.4018","0.0035","0.0002","0.0027","1.0020","1.0016","1.0026","1.0016",5086,4856,4334,3463,3555,3798,3408,3558
"C00_C97","2000_2005","2016_2020",15,"Census_Region_4_EQI_Social+SM+PA+OB","1.00(1.00,1.00)","1.04(0.98,1.09)","1.06(1.01,1.12)","1.04(0.99,1.10)","1.04(0.98,1.10)","0.1914","0.0160","0.1335","0.2306","1.0006","1.0016","1.0018","1.0019",5290,4109,4102,3648,3409,3517,3161,3215
"C00_C97","2000_2005","2021_2024",20,"Census_Region_4_EQI+SM+PA+OB","1.00(1.00,1.00)","1.05(1.00,1.10)","1.04(0.99,1.09)","1.05(1.00,1.10)","1.05(1.00,1.10)","0.0431","0.1235","0.0381","0.0477","1.0005","1.0010","1.0008","1.0010",4826,5475,4612,4002,3879,3582,3342,3658
"C00_C97","2000_2005","2021_2024",20,"Census_Region_4_EQI_Air+SM+PA+OB","1.00(1.00,1.00)","1.06(1.01,1.11)","1.04(0.99,1.10)","1.03(0.98,1.08)","1.02(0.96,1.07)","0.0056","0.0952","0.2081","0.5084","1.0006","1.0009","1.0007","1.0003",4082,4721,5073,4545,3838,3579,3367,3591
"C00_C97","2000_2005","2021_2024",20,"Census_Region_4_EQI_Water+SM+PA+OB","1.00(1.00,1.00)","0.92(0.86,0.97)","1.01(0.96,1.06)","1.02(0.97,1.08)","1.03(0.98,1.08)","0.0040","0.7155","0.4272","0.3418","1.0008","1.0008","1.0000","1.0011",4704,4101,4322,3546,3951,2879,3836,3731
"C00_C97","2000_2005","2021_2024",20,"Census_Region_4_EQI_Land+SM+PA+OB","1.00(1.00,1.00)","0.98(0.92,1.04)","1.06(1.00,1.11)","1.00(0.95,1.05)","1.03(0.98,1.09)","0.4668","0.0456","0.9313","0.1973","1.0004","1.0007","1.0007","1.0005",5569,4116,3583,3319,3418,3874,3595,3579
"C00_C97","2000_2005","2021_2024",20,"Census_Region_4_EQI_Built+SM+PA+OB","1.00(1.00,1.00)","1.00(0.95,1.06)","1.05(1.00,1.11)","1.06(1.01,1.11)","1.02(0.97,1.07)","0.9325","0.0494","0.0152","0.4739","1.0020","1.0009","1.0006","1.0021",5152,4539,3870,3473,3619,3264,3429,3683
"C00_C97","2000_2005","2021_2024",20,"Census_Region_4_EQI_Social+SM+PA+OB","1.00(1.00,1.00)","1.02(0.97,1.07)","1.00(0.95,1.05)","1.04(0.99,1.09)","1.02(0.97,1.08)","0.3810","0.9613","0.1489","0.3985","1.0011","1.0006","1.0004","1.0017",4931,4230,4432,3613,3470,3903,3616,3566
"C00_C97","2000_2005","2006_2010",5,"koppen_major_B_EQI+SM+PA+OB","1.00(1.00,1.00)","1.06(1.01,1.11)","1.07(1.02,1.13)","1.07(1.02,1.13)","1.05(0.99,1.11)","0.0273","0.0027","0.0123","0.0785","0.9998","1.0025","1.0009","1.0013",7101,6745,6502,7070,3086,3498,4170,4122
"C00_C97","2000_2005","2006_2010",5,"koppen_major_B_EQI_Air+SM+PA+OB","1.00(1.00,1.00)","1.05(1.00,1.11)","1.05(0.99,1.11)","1.04(0.98,1.10)","1.02(0.96,1.08)","0.0431","0.1160","0.2043","0.5213","1.0036","1.0013","1.0033","1.0013",6080,6521,6815,6731,3672,3379,4047,3396
"C00_C97","2000_2005","2006_2010",5,"koppen_major_B_EQI_Water+SM+PA+OB","1.00(1.00,1.00)","0.94(0.89,1.00)","1.01(0.96,1.07)","1.04(0.99,1.10)","1.05(0.99,1.10)","0.0598","0.6655","0.1056","0.0789","1.0022","1.0003","0.9999","1.0001",5841,5361,5367,5477,3799,3783,3985,3543
"C00_C97","2000_2005","2006_2010",5,"koppen_major_B_EQI_Land+SM+PA+OB","1.00(1.00,1.00)","0.98(0.92,1.03)","1.01(0.95,1.06)","1.01(0.95,1.06)","1.05(1.00,1.11)","0.4126","0.8105","0.8471","0.0627","1.0007","1.0007","1.0004","1.0026",4711,4543,5359,5497,3309,3555,3603,3632
"C00_C97","2000_2005","2006_2010",5,"koppen_major_B_EQI_Built+SM+PA+OB","1.00(1.00,1.00)","1.04(0.99,1.09)","1.07(1.01,1.13)","1.06(1.00,1.12)","1.05(0.99,1.11)","0.1393","0.0177","0.0306","0.0894","1.0017","1.0011","1.0019","1.0006",5205,5630,5426,5358,3698,3409,3692,3408
"C00_C97","2000_2005","2006_2010",5,"koppen_major_B_EQI_Social+SM+PA+OB","1.00(1.00,1.00)","0.97(0.92,1.03)","0.99(0.93,1.04)","1.01(0.95,1.07)","1.03(0.97,1.10)","0.3001","0.6113","0.6834","0.2985","1.0025","1.0016","1.0008","1.0013",5705,5207,5637,5884,3352,4003,3568,3906
"C00_C97","2000_2005","2011_2015",10,"koppen_major_B_EQI+SM+PA+OB","1.00(1.00,1.00)","1.07(1.01,1.12)","1.07(1.02,1.13)","1.07(1.02,1.13)","1.05(0.99,1.11)","0.0127","0.0081","0.0135","0.1144","1.0009","1.0010","1.0003","1.0001",6160,7868,6830,7072,3067,3911,3977,3494
"C00_C97","2000_2005","2011_2015",10,"koppen_major_B_EQI_Air+SM+PA+OB","1.00(1.00,1.00)","1.05(0.99,1.10)","1.04(0.98,1.10)","1.04(0.98,1.10)","1.02(0.96,1.09)","0.1035","0.1856","0.2239","0.5114","1.0008","1.0000","1.0016","1.0017",7351,7796,7263,7320,3796,3499,3264,3365
"C00_C97","2000_2005","2011_2015",10,"koppen_major_B_EQI_Water+SM+PA+OB","1.00(1.00,1.00)","0.94(0.88,1.00)","1.02(0.96,1.08)","1.05(0.99,1.10)","1.05(1.00,1.11)","0.0414","0.4476","0.1027","0.0664","1.0021","0.9998","1.0007","1.0001",6201,6745,4483,4446,3839,3693,3654,3589
"C00_C97","2000_2005","2011_2015",10,"koppen_major_B_EQI_Land+SM+PA+OB","1.00(1.00,1.00)","1.00(0.95,1.06)","0.99(0.94,1.05)","1.02(0.96,1.08)","1.05(0.99,1.11)","0.9450","0.8146","0.5680","0.0973","1.0018","0.9996","1.0011","1.0000",5557,4995,4995,6120,3815,3503,3508,3939
"C00_C97","2000_2005","2011_2015",10,"koppen_major_B_EQI_Built+SM+PA+OB","1.00(1.00,1.00)","1.05(1.00,1.11)","1.07(1.01,1.13)","1.06(1.01,1.12)","1.06(1.00,1.12)","0.0685","0.0244","0.0302","0.0556","0.9995","0.9997","1.0007","1.0002",5515,5972,6123,5831,3839,3406,3138,3804
"C00_C97","2000_2005","2011_2015",10,"koppen_major_B_EQI_Social+SM+PA+OB","1.00(1.00,1.00)","0.99(0.94,1.04)","0.98(0.93,1.04)","1.00(0.95,1.06)","1.02(0.95,1.08)","0.6846","0.5709","0.9113","0.6072","1.0005","1.0013","1.0001","1.0005",7451,5960,6558,5842,3594,3849,3573,3703
"C00_C97","2000_2005","2016_2020",15,"koppen_major_B_EQI+SM+PA+OB","1.00(1.00,1.00)","1.06(1.01,1.12)","1.08(1.03,1.14)","1.09(1.03,1.15)","1.06(1.00,1.13)","0.0269","0.0035","0.0019","0.0560","1.0013","1.0020","1.0018","1.0003",6580,7021,6031,6147,3518,3715,3792,3579
"C00_C97","2000_2005","2016_2020",15,"koppen_major_B_EQI_Air+SM+PA+OB","1.00(1.00,1.00)","1.05(1.00,1.11)","1.03(0.97,1.09)","1.04(0.98,1.10)","1.02(0.95,1.09)","0.0544","0.3126","0.2352","0.5947","1.0007","1.0016","0.9999","1.0023",6656,7305,6431,7335,3465,4172,3504,3496
"C00_C97","2000_2005","2016_2020",15,"koppen_major_B_EQI_Water+SM+PA+OB","1.00(1.00,1.00)","0.93(0.87,0.99)","1.04(0.98,1.11)","1.04(0.98,1.10)","1.06(1.00,1.12)","0.0302","0.2139","0.1793","0.0348","1.0003","1.0004","1.0001","1.0004",6064,5525,4876,5624,3530,3733,3588,3808
"C00_C97","2000_2005","2016_2020",15,"koppen_major_B_EQI_Land+SM+PA+OB","1.00(1.00,1.00)","1.01(0.95,1.07)","0.99(0.94,1.05)","1.01(0.95,1.07)","1.04(0.98,1.10)","0.8867","0.8475","0.7142","0.2410","1.0014","1.0000","1.0004","1.0002",5615,4763,4866,4734,3662,3366,3835,3486
"C00_C97","2000_2005","2016_2020",15,"koppen_major_B_EQI_Built+SM+PA+OB","1.00(1.00,1.00)","1.04(0.98,1.09)","1.07(1.01,1.14)","1.07(1.01,1.13)","1.07(1.01,1.14)","0.2018","0.0165","0.0165","0.0227","1.0018","1.0021","0.9997","1.0017",5699,5755,6121,5281,3743,3487,3722,3332
"C00_C97","2000_2005","2016_2020",15,"koppen_major_B_EQI_Social+SM+PA+OB","1.00(1.00,1.00)","0.99(0.93,1.05)","1.01(0.95,1.06)","1.00(0.95,1.07)","1.04(0.97,1.11)","0.7263","0.8546","0.8729","0.2972","1.0005","1.0007","1.0010","1.0022",5704,5155,6064,5542,3742,3735,3735,3516
"C00_C97","2000_2005","2021_2024",20,"koppen_major_B_EQI+SM+PA+OB","1.00(1.00,1.00)","1.07(1.02,1.12)","1.05(0.99,1.10)","1.06(1.00,1.11)","1.04(0.98,1.10)","0.0110","0.0777","0.0352","0.2156","1.0030","1.0020","1.0003","1.0002",7741,7360,6807,6339,4068,3711,3541,3353
"C00_C97","2000_2005","2021_2024",20,"koppen_major_B_EQI_Air+SM+PA+OB","1.00(1.00,1.00)","1.05(0.99,1.10)","1.02(0.96,1.08)","1.02(0.97,1.08)","1.01(0.95,1.08)","0.0960","0.4451","0.4214","0.7567","1.0012","0.9999","0.9997","1.0017",8214,8658,7038,7847,3016,3843,3867,3571
"C00_C97","2000_2005","2021_2024",20,"koppen_major_B_EQI_Water+SM+PA+OB","1.00(1.00,1.00)","0.94(0.88,1.00)","1.03(0.97,1.09)","1.06(1.00,1.11)","1.03(0.98,1.09)","0.0340","0.3322","0.0327","0.2127","1.0001","1.0045","1.0028","1.0003",6885,7044,6379,6160,3595,3538,3961,3696
"C00_C97","2000_2005","2021_2024",20,"koppen_major_B_EQI_Land+SM+PA+OB","1.00(1.00,1.00)","1.01(0.95,1.06)","1.03(0.98,1.09)","0.99(0.94,1.05)","1.02(0.97,1.08)","0.8342","0.2135","0.8296","0.4901","1.0017","1.0001","1.0006","1.0004",7078,6652,6517,7265,3586,3580,4095,3471
"C00_C97","2000_2005","2021_2024",20,"koppen_major_B_EQI_Built+SM+PA+OB","1.00(1.00,1.00)","1.03(0.98,1.09)","1.05(0.99,1.11)","1.06(1.01,1.12)","1.04(0.98,1.09)","0.2031","0.0885","0.0148","0.1789","1.0019","1.0009","1.0011","1.0008",7381,7434,7119,6457,3707,3556,3834,3682
"C00_C97","2000_2005","2021_2024",20,"koppen_major_B_EQI_Social+SM+PA+OB","1.00(1.00,1.00)","0.99(0.94,1.05)","0.97(0.92,1.02)","1.03(0.97,1.09)","1.01(0.95,1.07)","0.8330","0.2835","0.3501","0.7863","1.0008","1.0008","1.0002","1.0010",8225,6426,6231,8482,4036,3593,3533,3586
"C00_C97","2000_2005","2006_2010",5,"koppen_major_C_EQI+SM+PA+OB","1.00(1.00,1.00)","1.02(1.00,1.04)","1.03(1.01,1.05)","1.04(1.02,1.05)","1.07(1.05,1.09)","0.0115","0.0002","0.0002","0.0002","1.0007","1.0015","1.0007","1.0016",4234,3448,3308,3312,3892,4009,3730,3711
"C00_C97","2000_2005","2006_2010",5,"koppen_major_C_EQI_Air+SM+PA+OB","1.00(1.00,1.00)","1.04(1.02,1.07)","1.06(1.04,1.08)","1.07(1.05,1.09)","1.09(1.06,1.11)","0.0002","0.0002","0.0002","0.0002","1.0012","1.0006","1.0006","1.0006",3409,3182,3122,3072,3919,3786,3270,3435
"C00_C97","2000_2005","2006_2010",5,"koppen_major_C_EQI_Water+SM+PA+OB","1.00(1.00,1.00)","1.01(0.99,1.02)","0.99(0.97,1.01)","1.00(0.98,1.02)","1.00(0.98,1.02)","0.5843","0.2643","0.8663","0.9059","1.0011","0.9998","1.0022","0.9995",4556,4242,4639,4553,4096,3843,4062,4140
"C00_C97","2000_2005","2006_2010",5,"koppen_major_C_EQI_Land+SM+PA+OB","1.00(1.00,1.00)","1.00(0.98,1.01)","1.00(0.98,1.01)","1.00(0.98,1.02)","1.00(0.98,1.02)","0.8159","0.5980","0.9029","0.8300","1.0011","0.9998","0.9997","0.9997",5506,5856,5795,5124,3845,4208,4012,4045
"C00_C97","2000_2005","2006_2010",5,"koppen_major_C_EQI_Built+SM+PA+OB","1.00(1.00,1.00)","1.03(1.01,1.05)","1.03(1.02,1.05)","1.04(1.03,1.06)","1.06(1.04,1.08)","0.0002","0.0006","0.0002","0.0002","1.0003","1.0005","0.9999","1.0008",5315,4340,4439,4241,4085,3854,3870,3504
"C00_C97","2000_2005","2006_2010",5,"koppen_major_C_EQI_Social+SM+PA+OB","1.00(1.00,1.00)","0.99(0.97,1.00)","0.97(0.96,0.99)","0.98(0.96,1.00)","0.99(0.97,1.01)","0.1773","0.0023","0.0623","0.4876","1.0005","1.0007","1.0010","1.0012",4555,3737,3508,3197,4330,3974,4018,3803
"C00_C97","2000_2005","2011_2015",10,"koppen_major_C_EQI+SM+PA+OB","1.00(1.00,1.00)","1.03(1.01,1.04)","1.04(1.02,1.06)","1.05(1.03,1.07)","1.07(1.05,1.09)","0.0019","0.0002","0.0002","0.0002","1.0001","1.0004","1.0009","1.0012",4258,3118,3083,2750,3683,3474,3564,3469
"C00_C97","2000_2005","2011_2015",10,"koppen_major_C_EQI_Air+SM+PA+OB","1.00(1.00,1.00)","1.04(1.02,1.07)","1.07(1.05,1.09)","1.08(1.05,1.10)","1.09(1.06,1.11)","0.0006","0.0002","0.0002","0.0002","1.0027","1.0007","1.0003","1.0011",2960,2703,2535,2193,3514,3631,3346,3254
"C00_C97","2000_2005","2011_2015",10,"koppen_major_C_EQI_Water+SM+PA+OB","1.00(1.00,1.00)","1.01(0.99,1.02)","0.98(0.97,1.00)","1.01(0.99,1.03)","1.01(0.99,1.03)","0.4926","0.1164","0.5334","0.4559","1.0021","1.0023","1.0029","1.0014",3618,3398,3500,3504,3551,3551,3834,3866
"C00_C97","2000_2005","2011_2015",10,"koppen_major_C_EQI_Land+SM+PA+OB","1.00(1.00,1.00)","1.01(0.99,1.02)","0.99(0.98,1.01)","1.00(0.98,1.02)","1.01(0.98,1.03)","0.3989","0.2510","0.8604","0.6372","1.0011","1.0009","1.0024","1.0022",4366,4688,4162,3942,3679,4025,4179,3812
"C00_C97","2000_2005","2011_2015",10,"koppen_major_C_EQI_Built+SM+PA+OB","1.00(1.00,1.00)","1.03(1.01,1.05)","1.05(1.03,1.07)","1.05(1.03,1.07)","1.07(1.05,1.09)","0.0006","0.0002","0.0002","0.0002","1.0005","1.0006","1.0004","1.0019",4705,4205,3755,3550,3872,4226,4071,3879
"C00_C97","2000_2005","2011_2015",10,"koppen_major_C_EQI_Social+SM+PA+OB","1.00(1.00,1.00)","0.99(0.97,1.00)","0.97(0.95,0.99)","0.97(0.95,0.99)","0.98(0.95,1.00)","0.1214","0.0002","0.0031","0.0398","1.0014","1.0017","1.0020","1.0021",3434,2889,2789,2666,3426,3634,3604,3740
"C00_C97","2000_2005","2016_2020",15,"koppen_major_C_EQI+SM+PA+OB","1.00(1.00,1.00)","1.02(1.01,1.04)","1.03(1.01,1.04)","1.04(1.02,1.05)","1.04(1.02,1.07)","0.0040","0.0002","0.0002","0.0002","0.9998","1.0009","1.0013","1.0020",3483,2971,2974,2924,3777,3594,3553,3328
"C00_C97","2000_2005","2016_2020",15,"koppen_major_C_EQI_Air+SM+PA+OB","1.00(1.00,1.00)","1.01(0.99,1.03)","1.02(1.00,1.05)","1.04(1.02,1.06)","1.04(1.01,1.06)","0.4114","0.0277","0.0006","0.0010","1.0009","1.0005","1.0013","1.0003",2627,2746,2550,2601,2714,3379,3240,3207
"C00_C97","2000_2005","2016_2020",15,"koppen_major_C_EQI_Water+SM+PA+OB","1.00(1.00,1.00)","0.99(0.98,1.01)","0.98(0.96,1.00)","0.99(0.97,1.01)","0.99(0.97,1.01)","0.5118","0.0698","0.2418","0.4222","1.0014","1.0018","1.0019","1.0014",3134,2685,3034,3247,3760,3297,3862,3589
"C00_C97","2000_2005","2016_2020",15,"koppen_major_C_EQI_Land+SM+PA+OB","1.00(1.00,1.00)","1.01(0.99,1.02)","0.99(0.98,1.01)","1.00(0.98,1.02)","1.01(0.99,1.03)","0.3226","0.3118","0.8325","0.2264","1.0001","0.9999","1.0017","1.0000",5641,4900,4904,4793,4023,3617,3937,3726
"C00_C97","2000_2005","2016_2020",15,"koppen_major_C_EQI_Built+SM+PA+OB","1.00(1.00,1.00)","1.04(1.02,1.05)","1.04(1.03,1.06)","1.06(1.04,1.07)","1.07(1.05,1.09)","0.0002","0.0002","0.0002","0.0002","0.9996","0.9997","0.9998","0.9999",3836,3366,3144,3343,3440,3786,3801,3693
"C00_C97","2000_2005","2016_2020",15,"koppen_major_C_EQI_Social+SM+PA+OB","1.00(1.00,1.00)","1.00(0.99,1.02)","0.97(0.96,0.99)","0.97(0.95,0.99)","0.98(0.96,1.00)","0.7467","0.0027","0.0031","0.0810","1.0013","1.0018","1.0012","1.0015",4459,3662,3385,3071,4005,4245,3647,3737
"C00_C97","2000_2005","2021_2024",20,"koppen_major_C_EQI+SM+PA+OB","1.00(1.00,1.00)","1.02(1.01,1.04)","1.02(1.01,1.04)","1.01(0.99,1.03)","1.01(0.99,1.04)","0.0044","0.0106","0.1960","0.2747","1.0002","1.0035","1.0011","1.0029",3042,2554,2124,2050,3246,2949,3131,2817
"C00_C97","2000_2005","2021_2024",20,"koppen_major_C_EQI_Air+SM+PA+OB","1.00(1.00,1.00)","1.02(1.00,1.05)","1.04(1.01,1.06)","1.03(1.01,1.05)","1.02(1.00,1.04)","0.0560","0.0019","0.0056","0.0894","1.0005","1.0006","1.0001","1.0004",2984,2622,2471,2562,3725,3294,3458,3556
"C00_C97","2000_2005","2021_2024",20,"koppen_major_C_EQI_Water+SM+PA+OB","1.00(1.00,1.00)","0.99(0.97,1.02)","0.98(0.95,1.00)","1.01(0.99,1.04)","0.99(0.96,1.01)","0.5338","0.0410","0.3481","0.3022","1.0007","1.0002","0.9998","1.0015",2986,2714,2907,2891,3298,3558,3746,3632
"C00_C97","2000_2005","2021_2024",20,"koppen_major_C_EQI_Land+SM+PA+OB","1.00(1.00,1.00)","1.00(0.98,1.01)","0.99(0.97,1.01)","1.00(0.98,1.02)","1.00(0.98,1.03)","0.7476","0.2085","0.9217","0.8463","1.0025","1.0000","1.0000","1.0007",5469,4236,3680,3781,3882,3850,3594,3810
"C00_C97","2000_2005","2021_2024",20,"koppen_major_C_EQI_Built+SM+PA+OB","1.00(1.00,1.00)","1.04(1.02,1.05)","1.04(1.02,1.06)","1.05(1.04,1.07)","1.07(1.05,1.09)","0.0006","0.0002","0.0002","0.0002","0.9998","1.0013","1.0011","1.0004",3961,3557,3184,3425,3653,4189,3923,3384
"C00_C97","2000_2005","2021_2024",20,"koppen_major_C_EQI_Social+SM+PA+OB","1.00(1.00,1.00)","0.99(0.98,1.01)","0.96(0.95,0.98)","0.95(0.93,0.97)","0.95(0.93,0.98)","0.4889","0.0002","0.0002","0.0002","1.0004","1.0020","1.0013","1.0016",4319,3272,3345,2647,3725,3353,3587,3447
"C00_C97","2000_2005","2006_2010",5,"koppen_major_D_EQI+SM+PA+OB","1.00(1.00,1.00)","1.09(1.05,1.13)","1.11(1.07,1.15)","1.12(1.08,1.16)","1.15(1.10,1.19)","0.0002","0.0002","0.0002","0.0002","1.0021","1.0023","1.0011","1.0024",4424,3782,3100,3057,3542,3475,3308,3223
"C00_C97","2000_2005","2006_2010",5,"koppen_major_D_EQI_Air+SM+PA+OB","1.00(1.00,1.00)","1.06(1.03,1.10)","1.08(1.04,1.11)","1.08(1.04,1.12)","1.08(1.03,1.12)","0.0015","0.0002","0.0002","0.0006","1.0003","1.0013","1.0012","1.0006",4883,4438,3316,3051,3976,4060,4003,3820
"C00_C97","2000_2005","2006_2010",5,"koppen_major_D_EQI_Water+SM+PA+OB","1.00(1.00,1.00)","0.95(0.91,0.98)","1.01(0.97,1.05)","1.03(1.00,1.07)","1.04(1.00,1.08)","0.0027","0.5676","0.0869","0.0727","1.0009","1.0012","1.0009","1.0007",5127,4642,3934,4580,4403,3575,4005,3721
"C00_C97","2000_2005","2006_2010",5,"koppen_major_D_EQI_Land+SM+PA+OB","1.00(1.00,1.00)","1.02(0.98,1.07)","1.05(1.01,1.09)","1.04(1.00,1.08)","1.05(1.01,1.09)","0.3393","0.0115","0.0581","0.0069","1.0007","1.0004","1.0009","1.0009",4831,3437,3189,3049,3497,4058,3928,3574
"C00_C97","2000_2005","2006_2010",5,"koppen_major_D_EQI_Built+SM+PA+OB","1.00(1.00,1.00)","1.05(1.01,1.09)","1.06(1.02,1.10)","1.07(1.03,1.10)","1.08(1.04,1.12)","0.0227","0.0010","0.0002","0.0002","1.0009","1.0007","1.0005","1.0000",4908,4130,3915,3591,3839,3802,4194,3815
"C00_C97","2000_2005","2006_2010",5,"koppen_major_D_EQI_Social+SM+PA+OB","1.00(1.00,1.00)","0.97(0.93,1.02)","1.01(0.98,1.05)","1.04(1.01,1.08)","1.05(1.01,1.10)","0.1923","0.4934","0.0252","0.0123","1.0002","1.0003","1.0015","1.0005",5302,4273,3512,3599,3663,3868,3737,3862
"C00_C97","2000_2005","2011_2015",10,"koppen_major_D_EQI+SM+PA+OB","1.00(1.00,1.00)","1.10(1.06,1.14)","1.13(1.09,1.17)","1.14(1.10,1.18)","1.16(1.12,1.20)","0.0002","0.0002","0.0002","0.0002","1.0003","1.0004","1.0014","1.0013",3990,3666,2676,2814,3774,3604,3280,3251
"C00_C97","2000_2005","2011_2015",10,"koppen_major_D_EQI_Air+SM+PA+OB","1.00(1.00,1.00)","1.09(1.06,1.13)","1.09(1.05,1.12)","1.08(1.05,1.12)","1.07(1.03,1.11)","0.0002","0.0002","0.0002","0.0015","0.9997","1.0002","1.0003","0.9996",4616,3689,3543,3152,3633,3953,3714,3815
"C00_C97","2000_2005","2011_2015",10,"koppen_major_D_EQI_Water+SM+PA+OB","1.00(1.00,1.00)","0.94(0.90,0.98)","1.00(0.96,1.04)","1.03(0.99,1.07)","1.03(0.99,1.07)","0.0027","0.8900","0.1377","0.1506","1.0013","0.9995","1.0000","0.9998",4031,3811,3449,3331,3667,3707,3776,4010
"C00_C97","2000_2005","2011_2015",10,"koppen_major_D_EQI_Land+SM+PA+OB","1.00(1.00,1.00)","1.01(0.97,1.06)","1.03(0.99,1.07)","1.04(1.00,1.08)","1.04(1.01,1.08)","0.5734","0.1277","0.0619","0.0273","1.0002","1.0012","1.0012","1.0027",4688,3610,3370,3338,3979,3684,3484,3388
"C00_C97","2000_2005","2011_2015",10,"koppen_major_D_EQI_Built+SM+PA+OB","1.00(1.00,1.00)","1.07(1.03,1.11)","1.06(1.03,1.10)","1.08(1.05,1.12)","1.10(1.06,1.14)","0.0002","0.0002","0.0002","0.0002","1.0006","1.0008","1.0002","1.0007",4808,4205,3783,3889,3863,3952,3736,3806
"C00_C97","2000_2005","2011_2015",10,"koppen_major_D_EQI_Social+SM+PA+OB","1.00(1.00,1.00)","0.98(0.94,1.02)","1.01(0.97,1.04)","1.04(1.01,1.08)","1.05(1.01,1.09)","0.3922","0.7663","0.0240","0.0198","1.0002","1.0002","1.0005","1.0002",4572,3994,3444,3251,3899,4107,3989,3471
"C00_C97","2000_2005","2016_2020",15,"koppen_major_D_EQI+SM+PA+OB","1.00(1.00,1.00)","1.10(1.06,1.14)","1.11(1.08,1.15)","1.13(1.09,1.17)","1.14(1.10,1.19)","0.0002","0.0002","0.0002","0.0002","0.9998","1.0007","1.0008","1.0014",4416,3282,2894,2754,3988,3504,3734,3026
"C00_C97","2000_2005","2016_2020",15,"koppen_major_D_EQI_Air+SM+PA+OB","1.00(1.00,1.00)","1.07(1.03,1.10)","1.08(1.05,1.12)","1.08(1.04,1.12)","1.06(1.03,1.10)","0.0002","0.0002","0.0002","0.0010","1.0010","0.9998","1.0006","1.0007",3769,3136,2800,2576,3674,3749,3811,3077
"C00_C97","2000_2005","2016_2020",15,"koppen_major_D_EQI_Water+SM+PA+OB","1.00(1.00,1.00)","0.96(0.92,0.99)","1.00(0.96,1.04)","1.02(0.99,1.06)","1.02(0.98,1.06)","0.0198","0.9971","0.2468","0.3097","1.0018","1.0013","1.0011","1.0015",3208,2813,3010,2758,3222,3046,3627,3599
"C00_C97","2000_2005","2016_2020",15,"koppen_major_D_EQI_Land+SM+PA+OB","1.00(1.00,1.00)","1.02(0.98,1.06)","1.03(0.99,1.07)","1.02(0.98,1.07)","1.06(1.02,1.10)","0.3714","0.1293","0.2193","0.0065","1.0010","1.0008","1.0012","1.0004",3669,2854,2505,2537,3583,3602,3483,3276
"C00_C97","2000_2005","2016_2020",15,"koppen_major_D_EQI_Built+SM+PA+OB","1.00(1.00,1.00)","1.09(1.05,1.13)","1.09(1.05,1.12)","1.08(1.04,1.11)","1.09(1.05,1.13)","0.0002","0.0002","0.0002","0.0002","1.0009","1.0013","1.0003","1.0001",3646,3491,3327,3177,3794,3826,3567,3465
"C00_C97","2000_2005","2016_2020",15,"koppen_major_D_EQI_Social+SM+PA+OB","1.00(1.00,1.00)","0.96(0.92,1.00)","1.04(1.00,1.08)","1.04(1.00,1.07)","1.04(0.99,1.08)","0.0544","0.0452","0.0602","0.1056","1.0006","1.0014","1.0023","1.0016",3984,2985,2775,2730,3923,3651,3604,3342
"C00_C97","2000_2005","2021_2024",20,"koppen_major_D_EQI+SM+PA+OB","1.00(1.00,1.00)","1.09(1.05,1.13)","1.10(1.06,1.14)","1.10(1.06,1.14)","1.08(1.04,1.12)","0.0002","0.0002","0.0002","0.0002","1.0018","1.0016","1.0021","1.0022",3918,3235,2905,2874,3439,3617,3430,3488
"C00_C97","2000_2005","2021_2024",20,"koppen_major_D_EQI_Air+SM+PA+OB","1.00(1.00,1.00)","1.08(1.04,1.11)","1.07(1.04,1.11)","1.05(1.02,1.09)","1.00(0.96,1.05)","0.0002","0.0006","0.0069","0.8646","1.0003","1.0001","0.9999","1.0009",5016,4528,4228,3925,3664,3913,3981,3927
"C00_C97","2000_2005","2021_2024",20,"koppen_major_D_EQI_Water+SM+PA+OB","1.00(1.00,1.00)","0.97(0.93,1.01)","1.01(0.97,1.05)","1.03(0.99,1.07)","1.04(1.00,1.08)","0.1577","0.5563","0.1435","0.0756","1.0016","1.0001","1.0006","1.0016",4516,4228,3968,3959,3733,3991,3731,3786
"C00_C97","2000_2005","2021_2024",20,"koppen_major_D_EQI_Land+SM+PA+OB","1.00(1.00,1.00)","0.99(0.95,1.04)","1.02(0.98,1.07)","1.02(0.98,1.06)","1.05(1.01,1.09)","0.7426","0.2493","0.2801","0.0240","1.0003","0.9999","0.9993","0.9997",5195,4194,3740,3536,3694,3442,3745,3847
"C00_C97","2000_2005","2021_2024",20,"koppen_major_D_EQI_Built+SM+PA+OB","1.00(1.00,1.00)","1.07(1.03,1.11)","1.06(1.03,1.10)","1.06(1.03,1.10)","1.06(1.02,1.10)","0.0002","0.0006","0.0006","0.0010","1.0002","1.0004","1.0004","1.0009",4867,4009,3920,3573,3902,3805,3815,3341
"C00_C97","2000_2005","2021_2024",20,"koppen_major_D_EQI_Social+SM+PA+OB","1.00(1.00,1.00)","0.98(0.93,1.02)","1.00(0.96,1.04)","1.03(0.99,1.07)","1.02(0.98,1.06)","0.3535","0.8488","0.0927","0.3510","1.0003","1.0007","1.0008","1.0003",5612,4263,3428,3085,3560,3822,3679,3465
"C00_C97","2000_2005","2006_2010",5,"Economic_type_1_EQI+SM+PA+OB","1.00(1.00,1.00)","1.10(1.05,1.15)","1.10(1.04,1.16)","1.06(1.00,1.13)","1.01(0.94,1.08)","0.0002","0.0002","0.0448","0.8579","1.0008","1.0013","1.0030","1.0010",6313,5928,5331,7682,3759,3427,3926,3644
"C00_C97","2000_2005","2006_2010",5,"Economic_type_1_EQI_Air+SM+PA+OB","1.00(1.00,1.00)","1.06(1.01,1.12)","1.04(0.98,1.11)","1.02(0.96,1.09)","1.00(0.93,1.07)","0.0227","0.1910","0.5176","0.9813","1.0001","1.0012","1.0003","1.0001",6821,6193,7674,7443,3395,3411,3806,3704
"C00_C97","2000_2005","2006_2010",5,"Economic_type_1_EQI_Water+SM+PA+OB","1.00(1.00,1.00)","0.94(0.90,0.99)","1.01(0.96,1.06)","1.04(0.98,1.09)","1.03(0.97,1.09)","0.0356","0.7117","0.1939","0.3114","1.0012","0.9998","1.0024","1.0009",7428,6525,6561,6642,4031,4040,3807,3624
"C00_C97","2000_2005","2006_2010",5,"Economic_type_1_EQI_Land+SM+PA+OB","1.00(1.00,1.00)","0.97(0.91,1.02)","1.01(0.96,1.07)","1.00(0.95,1.05)","1.05(1.00,1.11)","0.2343","0.6726","0.9592","0.0473","1.0005","1.0002","0.9998","1.0037",6756,6723,6225,6503,3773,3587,4012,3664
"C00_C97","2000_2005","2006_2010",5,"Economic_type_1_EQI_Built+SM+PA+OB","1.00(1.00,1.00)","1.06(1.01,1.11)","1.06(1.01,1.12)","1.04(0.98,1.10)","1.02(0.95,1.08)","0.0173","0.0277","0.2214","0.5505","0.9998","1.0010","1.0015","1.0023",7058,6977,6815,8006,3630,3833,3313,3913
"C00_C97","2000_2005","2006_2010",5,"Economic_type_1_EQI_Social+SM+PA+OB","1.00(1.00,1.00)","0.98(0.93,1.03)","0.99(0.94,1.05)","1.05(1.00,1.11)","1.06(1.00,1.13)","0.3797","0.7638","0.0519","0.0614","1.0007","1.0007","1.0017","1.0006",6058,6620,6636,6569,3760,4095,3938,3551
"C00_C97","2000_2005","2011_2015",10,"Economic_type_1_EQI+SM+PA+OB","1.00(1.00,1.00)","1.10(1.04,1.15)","1.10(1.04,1.16)","1.06(1.00,1.13)","1.01(0.93,1.08)","0.0015","0.0027","0.0477","0.8659","1.0041","1.0012","1.0011","1.0023",5074,5434,5804,5891,3627,3362,3698,3444
"C00_C97","2000_2005","2011_2015",10,"Economic_type_1_EQI_Air+SM+PA+OB","1.00(1.00,1.00)","1.06(1.01,1.12)","1.04(0.98,1.11)","1.02(0.95,1.10)","1.00(0.93,1.07)","0.0256","0.2177","0.5001","0.9933","1.0006","1.0019","1.0005","1.0005",5723,5819,6322,6387,3926,3354,3965,3470
"C00_C97","2000_2005","2011_2015",10,"Economic_type_1_EQI_Water+SM+PA+OB","1.00(1.00,1.00)","0.95(0.90,1.00)","1.01(0.96,1.07)","1.05(0.99,1.10)","1.02(0.96,1.09)","0.0489","0.6626","0.1056","0.4335","0.9995","1.0001","1.0018","0.9998",6143,5953,6003,6036,3559,3727,4064,3863
"C00_C97","2000_2005","2011_2015",10,"Economic_type_1_EQI_Land+SM+PA+OB","1.00(1.00,1.00)","0.98(0.93,1.04)","0.99(0.93,1.05)","1.01(0.95,1.06)","1.06(1.00,1.11)","0.5855","0.7034","0.8217","0.0414","1.0017","1.0000","1.0003","1.0025",5260,5922,5334,5011,3366,3586,3677,3633
"C00_C97","2000_2005","2011_2015",10,"Economic_type_1_EQI_Built+SM+PA+OB","1.00(1.00,1.00)","1.08(1.03,1.13)","1.06(1.00,1.12)","1.04(0.98,1.10)","1.02(0.96,1.09)","0.0019","0.0435","0.2522","0.4947","1.0010","1.0003","1.0007","1.0010",6046,5866,6126,6184,3629,3431,3343,3453
"C00_C97","2000_2005","2011_2015",10,"Economic_type_1_EQI_Social+SM+PA+OB","1.00(1.00,1.00)","0.99(0.93,1.05)","0.97(0.92,1.03)","1.05(0.99,1.11)","1.05(0.99,1.12)","0.6913","0.2876","0.1031","0.1102","1.0006","1.0011","1.0012","1.0030",5426,4830,4494,5826,3782,3652,3313,3325
"C00_C97","2000_2005","2016_2020",15,"Economic_type_1_EQI+SM+PA+OB","1.00(1.00,1.00)","1.09(1.04,1.14)","1.10(1.05,1.16)","1.07(1.01,1.13)","1.01(0.94,1.09)","0.0006","0.0002","0.0219","0.7230","0.9997","1.0006","0.9998","1.0002",5488,5181,5199,6100,3726,3754,3863,3724
"C00_C97","2000_2005","2016_2020",15,"Economic_type_1_EQI_Air+SM+PA+OB","1.00(1.00,1.00)","1.05(1.00,1.11)","1.04(0.98,1.11)","1.01(0.94,1.08)","1.00(0.92,1.08)","0.0423","0.1893","0.6755","0.9992","1.0000","1.0003","1.0004","0.9996",6864,6575,8204,8521,3862,3828,3835,3586
"C00_C97","2000_2005","2016_2020",15,"Economic_type_1_EQI_Water+SM+PA+OB","1.00(1.00,1.00)","0.95(0.90,1.01)","1.03(0.97,1.09)","1.02(0.97,1.08)","1.03(0.97,1.09)","0.0773","0.2876","0.4609","0.3864","1.0009","1.0006","1.0020","1.0007",7007,6824,6354,6539,3776,3685,3856,3405
"C00_C97","2000_2005","2016_2020",15,"Economic_type_1_EQI_Land+SM+PA+OB","1.00(1.00,1.00)","0.99(0.93,1.05)","0.99(0.94,1.05)","1.01(0.96,1.07)","1.07(1.01,1.13)","0.7176","0.7830","0.7009","0.0123","1.0018","1.0009","1.0010","1.0011",6639,7268,6177,5835,4089,3804,4080,4036
"C00_C97","2000_2005","2016_2020",15,"Economic_type_1_EQI_Built+SM+PA+OB","1.00(1.00,1.00)","1.08(1.03,1.13)","1.08(1.02,1.13)","1.03(0.97,1.09)","1.03(0.96,1.10)","0.0019","0.0081","0.3210","0.4868","1.0013","1.0015","1.0015","1.0015",6705,7146,7947,8341,3668,4273,3848,3393
"C00_C97","2000_2005","2016_2020",15,"Economic_type_1_EQI_Social+SM+PA+OB","1.00(1.00,1.00)","0.97(0.92,1.02)","1.03(0.97,1.09)","1.06(1.01,1.12)","1.07(1.00,1.14)","0.2414","0.3018","0.0319","0.0414","1.0010","1.0020","1.0020","1.0013",5777,6698,6475,5949,3542,3590,3761,3420
"C00_C97","2000_2005","2021_2024",20,"Economic_type_1_EQI+SM+PA+OB","1.00(1.00,1.00)","1.09(1.04,1.14)","1.08(1.03,1.14)","1.05(0.99,1.11)","1.00(0.94,1.07)","0.0002","0.0031","0.1281","0.8938","1.0006","1.0007","1.0005","1.0004",6201,5074,5317,5766,3678,3515,3727,3640
"C00_C97","2000_2005","2021_2024",20,"Economic_type_1_EQI_Air+SM+PA+OB","1.00(1.00,1.00)","1.04(0.99,1.10)","1.03(0.97,1.09)","1.01(0.95,1.07)","1.00(0.93,1.07)","0.1185","0.3397","0.7705","0.9992","1.0007","1.0026","1.0000","1.0023",5790,4994,6663,5923,3498,3106,3484,3702
"C00_C97","2000_2005","2021_2024",20,"Economic_type_1_EQI_Water+SM+PA+OB","1.00(1.00,1.00)","0.95(0.90,1.00)","1.02(0.96,1.07)","1.03(0.98,1.09)","1.04(0.98,1.10)","0.0519","0.5476","0.2310","0.2193","1.0001","1.0001","1.0015","1.0013",4703,5354,5834,5795,3674,3428,3612,3725
"C00_C97","2000_2005","2021_2024",20,"Economic_type_1_EQI_Land+SM+PA+OB","1.00(1.00,1.00)","0.98(0.93,1.04)","1.02(0.97,1.08)","1.02(0.96,1.07)","1.05(1.00,1.11)","0.5730","0.4251","0.5634","0.0544","1.0006","1.0028","1.0006","1.0008",5151,5726,5516,4392,3702,3553,3814,3804
"C00_C97","2000_2005","2021_2024",20,"Economic_type_1_EQI_Built+SM+PA+OB","1.00(1.00,1.00)","1.08(1.03,1.13)","1.05(1.00,1.11)","1.03(0.97,1.09)","1.00(0.94,1.07)","0.0010","0.0548","0.3339","0.9783","0.9999","1.0030","1.0011","1.0011",6411,6338,5578,6260,3514,3316,3452,3515
"C00_C97","2000_2005","2021_2024",20,"Economic_type_1_EQI_Social+SM+PA+OB","1.00(1.00,1.00)","0.99(0.94,1.04)","0.98(0.92,1.03)","1.05(1.00,1.11)","1.05(0.99,1.11)","0.6163","0.3801","0.0485","0.1094","1.0030","1.0028","1.0010","1.0012",5328,6120,5106,5139,3220,3674,3468,3691
"C00_C97","2000_2005","2006_2010",5,"Economic_type_2_EQI+SM+PA+OB","1.00(1.00,1.00)","1.03(0.99,1.07)","1.02(0.98,1.07)","1.01(0.96,1.05)","1.01(0.96,1.06)","0.1673","0.2781","0.7567","0.7688","0.9996","1.0004","1.0002","1.0020",8275,6692,8532,8896,3488,3556,3351,3808
"C00_C97","2000_2005","2006_2010",5,"Economic_type_2_EQI_Air+SM+PA+OB","1.00(1.00,1.00)","1.02(0.97,1.06)","1.03(0.99,1.07)","1.02(0.97,1.06)","1.01(0.96,1.06)","0.4626","0.2056","0.4314","0.7192","1.0029","1.0003","1.0012","1.0015",6936,6374,6034,7240,3627,3603,3537,3855
"C00_C97","2000_2005","2006_2010",5,"Economic_type_2_EQI_Water+SM+PA+OB","1.00(1.00,1.00)","1.00(0.95,1.04)","1.01(0.96,1.05)","1.01(0.97,1.06)","1.01(0.97,1.06)","0.8300","0.8005","0.6488","0.5259","1.0015","1.0004","1.0003","1.0011",6721,6887,6771,6423,4170,3822,3644,3802
"C00_C97","2000_2005","2006_2010",5,"Economic_type_2_EQI_Land+SM+PA+OB","1.00(1.00,1.00)","1.01(0.96,1.05)","1.00(0.96,1.05)","0.99(0.95,1.04)","1.00(0.96,1.05)","0.8271","0.8388","0.8038","0.9300","1.0027","1.0003","0.9998","1.0006",5800,6865,6411,6689,3734,3958,3803,3725
"C00_C97","2000_2005","2006_2010",5,"Economic_type_2_EQI_Built+SM+PA+OB","1.00(1.00,1.00)","1.00(0.96,1.05)","1.03(0.98,1.07)","1.01(0.97,1.06)","1.00(0.96,1.05)","0.9513","0.2385","0.5776","0.8617","1.0010","1.0017","1.0019","1.0001",6652,6524,6640,5350,3403,3537,3904,3697
"C00_C97","2000_2005","2006_2010",5,"Economic_type_2_EQI_Social+SM+PA+OB","1.00(1.00,1.00)","1.01(0.97,1.06)","0.98(0.94,1.03)","1.00(0.95,1.05)","1.01(0.96,1.06)","0.5272","0.3905","0.9029","0.6288","1.0004","1.0029","1.0020","1.0014",6921,6525,6295,6400,3344,3571,3357,3844
"C00_C97","2000_2005","2011_2015",10,"Economic_type_2_EQI+SM+PA+OB","1.00(1.00,1.00)","1.03(0.98,1.07)","1.03(0.98,1.07)","1.03(0.98,1.08)","1.00(0.95,1.05)","0.2060","0.2168","0.2643","1.0000","1.0019","1.0010","1.0015","0.9998",8009,6693,7598,8832,2931,3607,3636,3512
"C00_C97","2000_2005","2011_2015",10,"Economic_type_2_EQI_Air+SM+PA+OB","1.00(1.00,1.00)","1.03(0.99,1.08)","1.02(0.98,1.07)","1.03(0.98,1.07)","1.01(0.95,1.06)","0.1685","0.2781","0.2939","0.7759","1.0018","1.0004","1.0019","1.0005",7204,6546,7016,7105,3682,4021,3865,3612
"C00_C97","2000_2005","2011_2015",10,"Economic_type_2_EQI_Water+SM+PA+OB","1.00(1.00,1.00)","1.00(0.95,1.05)","1.00(0.95,1.05)","1.00(0.95,1.04)","1.02(0.97,1.06)","0.9842","0.9833","0.8850","0.4989","1.0009","1.0006","1.0029","1.0008",7133,7471,7349,6041,3244,3244,3780,3543
"C00_C97","2000_2005","2011_2015",10,"Economic_type_2_EQI_Land+SM+PA+OB","1.00(1.00,1.00)","1.01(0.96,1.05)","1.00(0.95,1.04)","1.01(0.96,1.06)","1.00(0.95,1.05)","0.7334","0.9692","0.6792","0.9184","1.0005","1.0017","1.0003","1.0000",6923,6838,7886,6002,3805,3731,3697,3332
"C00_C97","2000_2005","2011_2015",10,"Economic_type_2_EQI_Built+SM+PA+OB","1.00(1.00,1.00)","1.00(0.95,1.05)","1.03(0.98,1.08)","1.01(0.96,1.06)","1.02(0.97,1.06)","0.9875","0.1873","0.6805","0.5068","1.0006","1.0011","1.0022","0.9999",7491,7005,7476,5982,3476,3854,3597,3363
"C00_C97","2000_2005","2011_2015",10,"Economic_type_2_EQI_Social+SM+PA+OB","1.00(1.00,1.00)","1.02(0.97,1.06)","1.00(0.95,1.04)","1.00(0.95,1.05)","1.01(0.95,1.06)","0.4939","0.8205","0.9596","0.7346","0.9998","1.0033","1.0000","1.0015",6957,6723,8100,8173,3522,3532,3710,3865
"C00_C97","2000_2005","2016_2020",15,"Economic_type_2_EQI+SM+PA+OB","1.00(1.00,1.00)","1.04(1.00,1.09)","1.03(0.99,1.08)","1.02(0.97,1.07)","1.01(0.95,1.06)","0.0769","0.1548","0.3926","0.8738","1.0052","1.0009","1.0003","1.0016",8020,7065,7599,9509,3869,4093,3487,3289
"C00_C97","2000_2005","2016_2020",15,"Economic_type_2_EQI_Air+SM+PA+OB","1.00(1.00,1.00)","1.02(0.97,1.07)","1.03(0.99,1.08)","1.03(0.99,1.09)","1.01(0.95,1.06)","0.3880","0.1839","0.1856","0.8284","1.0001","1.0005","1.0012","1.0018",6029,5932,6695,6796,3814,3520,3843,3589
"C00_C97","2000_2005","2016_2020",15,"Economic_type_2_EQI_Water+SM+PA+OB","1.00(1.00,1.00)","1.00(0.96,1.05)","1.00(0.95,1.05)","1.00(0.95,1.05)","1.01(0.97,1.06)","0.8746","0.9379","0.9796","0.5605","1.0011","1.0007","1.0008","1.0012",5880,6972,6576,6693,3826,4036,3295,3995
"C00_C97","2000_2005","2016_2020",15,"Economic_type_2_EQI_Land+SM+PA+OB","1.00(1.00,1.00)","1.03(0.98,1.08)","1.00(0.95,1.05)","0.99(0.94,1.04)","1.01(0.95,1.06)","0.2418","0.9238","0.7217","0.7763","1.0002","1.0012","1.0001","1.0014",5689,6600,6529,6209,4119,3503,3382,3530
"C00_C97","2000_2005","2016_2020",15,"Economic_type_2_EQI_Built+SM+PA+OB","1.00(1.00,1.00)","1.01(0.96,1.06)","1.02(0.97,1.07)","1.01(0.97,1.06)","1.02(0.97,1.07)","0.7784","0.5084","0.5843","0.4364","1.0001","1.0002","1.0021","1.0006",6326,6508,6425,5063,3471,3242,3495,3563
"C00_C97","2000_2005","2016_2020",15,"Economic_type_2_EQI_Social+SM+PA+OB","1.00(1.00,1.00)","1.03(0.98,1.08)","0.99(0.94,1.04)","1.00(0.95,1.06)","1.01(0.95,1.07)","0.2352","0.7759","0.9667","0.6896","1.0039","1.0003","1.0005","1.0029",6403,6332,6768,5722,4048,3611,3699,3339
"C00_C97","2000_2005","2021_2024",20,"Economic_type_2_EQI+SM+PA+OB","1.00(1.00,1.00)","1.03(0.99,1.07)","1.01(0.97,1.05)","1.03(0.98,1.07)","1.00(0.95,1.05)","0.1194","0.5693","0.2826","0.9267","1.0009","1.0039","1.0006","1.0031",7253,7192,6972,8291,3761,3729,3664,3743
"C00_C97","2000_2005","2021_2024",20,"Economic_type_2_EQI_Air+SM+PA+OB","1.00(1.00,1.00)","1.01(0.97,1.06)","1.02(0.98,1.07)","1.03(0.98,1.07)","1.00(0.95,1.05)","0.5301","0.3218","0.2189","0.8813","1.0033","1.0027","1.0025","1.0019",7025,6345,7029,7366,3666,3658,3650,3577
"C00_C97","2000_2005","2021_2024",20,"Economic_type_2_EQI_Water+SM+PA+OB","1.00(1.00,1.00)","1.00(0.95,1.04)","1.01(0.96,1.05)","1.00(0.96,1.05)","1.00(0.96,1.04)","0.8871","0.7042","0.8867","0.9988","1.0022","1.0003","1.0001","1.0003",6841,5886,6048,6552,3866,3321,3513,3945
"C00_C97","2000_2005","2021_2024",20,"Economic_type_2_EQI_Land+SM+PA+OB","1.00(1.00,1.00)","1.04(1.00,1.08)","1.00(0.96,1.05)","1.00(0.96,1.05)","0.99(0.95,1.04)","0.0706","0.8471","0.9504","0.8205","1.0016","1.0005","1.0010","1.0007",5641,5817,6192,6676,3465,3588,3578,3531
"C00_C97","2000_2005","2021_2024",20,"Economic_type_2_EQI_Built+SM+PA+OB","1.00(1.00,1.00)","1.01(0.97,1.06)","1.01(0.97,1.06)","1.02(0.98,1.06)","1.02(0.97,1.07)","0.6401","0.5597","0.3168","0.3868","1.0008","1.0012","1.0004","1.0037",6630,6521,6164,5377,3154,3701,3784,3369
"C00_C97","2000_2005","2021_2024",20,"Economic_type_2_EQI_Social+SM+PA+OB","1.00(1.00,1.00)","1.01(0.96,1.05)","0.98(0.94,1.03)","1.00(0.95,1.05)","1.01(0.96,1.06)","0.8046","0.4401","0.9763","0.7430","1.0018","1.0003","1.0015","1.0001",6596,6906,6410,7846,3578,3615,3267,3869
"C00_C97","2000_2005","2006_2010",5,"Economic_type_3_EQI+SM+PA+OB","1.00(1.00,1.00)","1.01(0.99,1.03)","1.02(1.00,1.04)","1.01(0.99,1.04)","1.04(1.01,1.06)","0.2310","0.1152","0.2297","0.0035","1.0011","1.0019","1.0037","1.0031",3113,2573,2268,2067,3372,3252,2919,3229
"C00_C97","2000_2005","2006_2010",5,"Economic_type_3_EQI_Air+SM+PA+OB","1.00(1.00,1.00)","1.00(0.97,1.03)","1.02(1.00,1.05)","1.04(1.02,1.07)","1.06(1.03,1.08)","0.9217","0.1110","0.0019","0.0002","1.0022","1.0032","1.0042","1.0047",2482,2153,2107,2061,3178,2971,2913,3020
"C00_C97","2000_2005","2006_2010",5,"Economic_type_3_EQI_Water+SM+PA+OB","1.00(1.00,1.00)","1.01(0.99,1.04)","1.00(0.98,1.02)","1.00(0.97,1.02)","0.99(0.97,1.02)","0.3822","0.9933","0.6963","0.5526","1.0014","1.0015","1.0012","1.0027",2052,2138,2015,2253,3215,2987,2961,3195
"C00_C97","2000_2005","2006_2010",5,"Economic_type_3_EQI_Land+SM+PA+OB","1.00(1.00,1.00)","1.00(0.98,1.02)","1.01(0.99,1.03)","1.00(0.98,1.02)","1.00(0.98,1.02)","0.8163","0.4447","0.9671","0.8334","1.0007","1.0008","1.0010","1.0014",3308,2692,2467,2318,3770,3604,3484,2780
"C00_C97","2000_2005","2006_2010",5,"Economic_type_3_EQI_Built+SM+PA+OB","1.00(1.00,1.00)","1.02(1.00,1.03)","1.02(1.00,1.03)","1.03(1.01,1.05)","1.02(1.00,1.05)","0.0406","0.0677","0.0027","0.0310","1.0022","1.0014","1.0016","1.0021",3696,3355,3051,3577,3889,3797,3445,3410
"C00_C97","2000_2005","2006_2010",5,"Economic_type_3_EQI_Social+SM+PA+OB","1.00(1.00,1.00)","0.98(0.96,1.00)","0.97(0.95,0.99)","0.97(0.94,0.99)","0.96(0.93,0.98)","0.0460","0.0065","0.0010","0.0010","1.0010","1.0015","1.0032","1.0030",3542,2781,2368,2284,3692,3243,2817,2859
"C00_C97","2000_2005","2011_2015",10,"Economic_type_3_EQI+SM+PA+OB","1.00(1.00,1.00)","1.01(0.99,1.03)","1.02(1.00,1.05)","1.02(1.00,1.05)","1.03(1.01,1.06)","0.2814","0.0173","0.0281","0.0060","1.0004","1.0002","1.0000","1.0008",2798,2261,1812,1944,3331,3306,2974,2975
"C00_C97","2000_2005","2011_2015",10,"Economic_type_3_EQI_Air+SM+PA+OB","1.00(1.00,1.00)","1.01(0.98,1.03)","1.03(1.00,1.06)","1.04(1.01,1.07)","1.05(1.02,1.08)","0.7071","0.0273","0.0015","0.0006","1.0010","1.0014","0.9999","1.0007",2099,1987,1805,1795,3256,3015,2882,2945
"C00_C97","2000_2005","2011_2015",10,"Economic_type_3_EQI_Water+SM+PA+OB","1.00(1.00,1.00)","0.97(0.95,1.00)","0.97(0.95,0.99)","0.98(0.96,1.00)","0.98(0.96,1.01)","0.0290","0.0127","0.1056","0.2222","1.0015","1.0012","1.0009","1.0015",2285,2127,1929,2148,3490,3233,2937,3067
"C00_C97","2000_2005","2011_2015",10,"Economic_type_3_EQI_Land+SM+PA+OB","1.00(1.00,1.00)","1.00(0.99,1.02)","0.99(0.98,1.01)","1.00(0.97,1.02)","1.00(0.98,1.02)","0.6513","0.5130","0.6734","0.8017","1.0008","1.0029","1.0014","1.0018",3411,2656,2561,2748,3071,3064,2888,2932
"C00_C97","2000_2005","2011_2015",10,"Economic_type_3_EQI_Built+SM+PA+OB","1.00(1.00,1.00)","1.01(0.99,1.03)","1.01(1.00,1.03)","1.03(1.01,1.05)","1.04(1.02,1.06)","0.2518","0.0919","0.0006","0.0002","1.0010","1.0009","1.0009","1.0005",3099,2487,2441,2900,3759,3229,3091,3294
"C00_C97","2000_2005","2011_2015",10,"Economic_type_3_EQI_Social+SM+PA+OB","1.00(1.00,1.00)","0.97(0.95,0.99)","0.98(0.96,1.00)","0.96(0.94,0.98)","0.96(0.94,0.99)","0.0065","0.0831","0.0010","0.0081","1.0003","1.0010","1.0009","1.0012",3271,2548,2250,2094,3566,3329,3041,2906
"C00_C97","2000_2005","2016_2020",15,"Economic_type_3_EQI+SM+PA+OB","1.00(1.00,1.00)","1.00(0.98,1.03)","0.99(0.97,1.01)","1.02(0.99,1.04)","1.02(0.99,1.05)","0.7521","0.4418","0.1848","0.1389","1.0023","1.0014","1.0018","1.0023",2759,2270,1977,1995,3411,2959,2699,2632
"C00_C97","2000_2005","2016_2020",15,"Economic_type_3_EQI_Air+SM+PA+OB","1.00(1.00,1.00)","1.01(0.98,1.04)","1.02(1.00,1.05)","1.05(1.02,1.08)","1.05(1.02,1.08)","0.6747","0.0756","0.0002","0.0002","1.0006","1.0009","1.0012","1.0006",2099,1975,1864,1881,3319,2926,2819,2795
"C00_C97","2000_2005","2016_2020",15,"Economic_type_3_EQI_Water+SM+PA+OB","1.00(1.00,1.00)","0.97(0.94,0.99)","0.96(0.94,0.98)","0.97(0.95,0.99)","0.97(0.95,1.00)","0.0081","0.0031","0.0144","0.0481","1.0018","1.0036","1.0022","1.0021",2110,2036,1896,1865,2980,3132,2846,2934
"C00_C97","2000_2005","2016_2020",15,"Economic_type_3_EQI_Land+SM+PA+OB","1.00(1.00,1.00)","0.99(0.98,1.01)","0.99(0.97,1.00)","0.99(0.97,1.01)","1.00(0.98,1.02)","0.3626","0.1635","0.4759","0.8825","1.0014","1.0023","1.0027","1.0033",3095,2665,2537,2757,3520,3328,3362,3303
"C00_C97","2000_2005","2016_2020",15,"Economic_type_3_EQI_Built+SM+PA+OB","1.00(1.00,1.00)","1.03(1.02,1.05)","1.02(1.00,1.04)","1.03(1.01,1.05)","1.05(1.03,1.08)","0.0002","0.0131","0.0023","0.0002","1.0006","1.0011","1.0013","1.0015",2495,2474,2311,2828,3345,3346,3012,3387
"C00_C97","2000_2005","2016_2020",15,"Economic_type_3_EQI_Social+SM+PA+OB","1.00(1.00,1.00)","0.99(0.97,1.01)","0.98(0.96,1.00)","0.96(0.94,0.98)","0.95(0.93,0.98)","0.5872","0.0639","0.0010","0.0006","1.0015","1.0049","1.0021","1.0020",2589,2064,1955,1820,3304,3019,3066,2994
"C00_C97","2000_2005","2021_2024",20,"Economic_type_3_EQI+SM+PA+OB","1.00(1.00,1.00)","1.01(0.99,1.03)","1.02(1.00,1.04)","1.00(0.98,1.03)","0.99(0.96,1.02)","0.3539","0.1310","0.7038","0.4747","1.0005","1.0010","1.0026","1.0019",2865,2643,2184,2057,3452,2883,3083,2591
"C00_C97","2000_2005","2021_2024",20,"Economic_type_3_EQI_Air+SM+PA+OB","1.00(1.00,1.00)","1.01(0.99,1.04)","1.03(1.00,1.05)","1.04(1.01,1.06)","1.02(1.00,1.05)","0.3218","0.0614","0.0115","0.0931","1.0005","1.0007","1.0019","1.0009",2720,2284,2032,2029,3637,3370,3121,3048
"C00_C97","2000_2005","2021_2024",20,"Economic_type_3_EQI_Water+SM+PA+OB","1.00(1.00,1.00)","0.99(0.96,1.02)","0.98(0.95,1.00)","0.99(0.96,1.01)","0.97(0.94,1.00)","0.4126","0.0710","0.3518","0.0523","1.0001","1.0006","1.0025","1.0020",2979,2757,2893,2832,3658,3478,3592,3385
"C00_C97","2000_2005","2021_2024",20,"Economic_type_3_EQI_Land+SM+PA+OB","1.00(1.00,1.00)","0.99(0.97,1.01)","0.99(0.97,1.01)","1.00(0.97,1.02)","1.00(0.98,1.03)","0.3360","0.5693","0.6742","0.9733","1.0003","1.0013","1.0021","1.0017",4064,3133,2992,3257,4252,3589,3451,3686
"C00_C97","2000_2005","2021_2024",20,"Economic_type_3_EQI_Built+SM+PA+OB","1.00(1.00,1.00)","1.02(1.00,1.04)","1.01(1.00,1.03)","1.03(1.01,1.05)","1.05(1.03,1.08)","0.1039","0.1523","0.0115","0.0002","1.0020","1.0025","1.0013","1.0009",3240,2825,2744,3127,3297,3363,3435,3144
"C00_C97","2000_2005","2021_2024",20,"Economic_type_3_EQI_Social+SM+PA+OB","1.00(1.00,1.00)","1.02(0.99,1.04)","0.98(0.96,1.01)","0.96(0.94,0.99)","0.95(0.92,0.97)","0.1368","0.1748","0.0019","0.0015","1.0012","1.0016","1.0019","1.0012",3407,2598,2283,2369,3574,3658,3049,3263
"C00_C97","2000_2005","2006_2010",5,"Economic_type_4_EQI+SM+PA+OB","1.00(1.00,1.00)","1.01(0.98,1.05)","1.03(0.99,1.06)","1.05(1.01,1.09)","1.05(1.01,1.09)","0.4747","0.1214","0.0090","0.0090","1.0018","0.9997","1.0020","1.0009",4719,4436,4098,3292,3679,3974,3795,3242
"C00_C97","2000_2005","2006_2010",5,"Economic_type_4_EQI_Air+SM+PA+OB","1.00(1.00,1.00)","1.04(1.00,1.08)","1.04(1.00,1.07)","1.05(1.01,1.08)","1.07(1.03,1.11)","0.0623","0.0544","0.0110","0.0002","1.0012","1.0015","1.0015","1.0004",5344,4629,3587,3558,3430,3901,3662,3514
"C00_C97","2000_2005","2006_2010",5,"Economic_type_4_EQI_Water+SM+PA+OB","1.00(1.00,1.00)","0.99(0.96,1.03)","1.00(0.96,1.03)","0.99(0.95,1.03)","0.99(0.95,1.02)","0.6659","0.8729","0.5784","0.4101","1.0007","1.0015","1.0001","1.0011",5175,4509,3500,3991,3780,3607,3633,3113
"C00_C97","2000_2005","2006_2010",5,"Economic_type_4_EQI_Land+SM+PA+OB","1.00(1.00,1.00)","0.97(0.94,1.01)","0.99(0.95,1.02)","1.01(0.98,1.05)","1.01(0.97,1.05)","0.1460","0.5493","0.4347","0.7263","0.9997","1.0009","1.0001","1.0021",5139,5290,5131,6131,3729,3237,3730,3584
"C00_C97","2000_2005","2006_2010",5,"Economic_type_4_EQI_Built+SM+PA+OB","1.00(1.00,1.00)","1.01(0.97,1.05)","1.00(0.97,1.04)","1.02(0.98,1.06)","1.03(1.00,1.07)","0.6751","0.9554","0.2947","0.0877","1.0012","1.0009","1.0034","1.0020",5217,5279,5205,4280,3347,3929,3519,4053
"C00_C97","2000_2005","2006_2010",5,"Economic_type_4_EQI_Social+SM+PA+OB","1.00(1.00,1.00)","1.01(0.97,1.04)","1.02(0.99,1.06)","1.01(0.98,1.05)","1.02(0.98,1.06)","0.7446","0.2489","0.4805","0.2597","1.0005","1.0004","1.0001","1.0017",5129,5241,5176,4455,3984,3848,4087,3489
"C00_C97","2000_2005","2011_2015",10,"Economic_type_4_EQI+SM+PA+OB","1.00(1.00,1.00)","1.01(0.98,1.05)","1.04(1.01,1.07)","1.05(1.02,1.09)","1.07(1.03,1.10)","0.4172","0.0281","0.0048","0.0015","1.0008","1.0015","1.0024","1.0012",4096,3665,3490,2894,4026,3531,3219,3556
"C00_C97","2000_2005","2011_2015",10,"Economic_type_4_EQI_Air+SM+PA+OB","1.00(1.00,1.00)","1.03(0.99,1.07)","1.06(1.03,1.10)","1.07(1.03,1.10)","1.10(1.06,1.13)","0.1360","0.0002","0.0002","0.0002","1.0024","1.0004","1.0002","1.0000",3965,3626,2972,2850,3531,3589,3520,3651
"C00_C97","2000_2005","2011_2015",10,"Economic_type_4_EQI_Water+SM+PA+OB","1.00(1.00,1.00)","1.01(0.97,1.04)","0.98(0.95,1.01)","0.99(0.96,1.03)","0.99(0.96,1.02)","0.7430","0.2647","0.7159","0.5555","1.0005","1.0009","1.0020","1.0016",4894,4535,4177,4093,3815,3949,3465,3447
"C00_C97","2000_2005","2011_2015",10,"Economic_type_4_EQI_Land+SM+PA+OB","1.00(1.00,1.00)","0.98(0.94,1.01)","0.99(0.96,1.02)","1.00(0.97,1.04)","1.01(0.97,1.04)","0.1606","0.5230","0.7942","0.7496","1.0017","1.0008","1.0007","1.0002",4482,4445,3851,4320,3667,3544,3058,3706
"C00_C97","2000_2005","2011_2015",10,"Economic_type_4_EQI_Built+SM+PA+OB","1.00(1.00,1.00)","1.01(0.98,1.05)","1.03(0.99,1.06)","1.04(1.01,1.08)","1.05(1.02,1.09)","0.4839","0.1094","0.0202","0.0044","1.0018","1.0014","1.0003","1.0016",3997,3317,3407,3217,3964,3539,3228,3382
"C00_C97","2000_2005","2011_2015",10,"Economic_type_4_EQI_Social+SM+PA+OB","1.00(1.00,1.00)","1.02(0.98,1.05)","1.00(0.97,1.04)","1.00(0.96,1.04)","1.01(0.97,1.05)","0.3176","0.8979","0.9171","0.5463","1.0007","0.9997","1.0000","1.0000",3554,3801,3500,2919,3157,3680,3657,3417
"C00_C97","2000_2005","2016_2020",15,"Economic_type_4_EQI+SM+PA+OB","1.00(1.00,1.00)","1.00(0.97,1.03)","1.05(1.02,1.08)","1.05(1.02,1.08)","1.06(1.03,1.10)","0.9538","0.0010","0.0002","0.0002","1.0001","1.0007","1.0017","1.0017",4212,3430,3332,2700,3203,3837,3225,3244
"C00_C97","2000_2005","2016_2020",15,"Economic_type_4_EQI_Air+SM+PA+OB","1.00(1.00,1.00)","1.04(1.00,1.08)","1.06(1.02,1.09)","1.06(1.03,1.10)","1.07(1.04,1.11)","0.0352","0.0019","0.0002","0.0002","1.0012","1.0015","1.0013","1.0010",3621,3311,2652,2548,3502,3635,3481,3455
"C00_C97","2000_2005","2016_2020",15,"Economic_type_4_EQI_Water+SM+PA+OB","1.00(1.00,1.00)","1.00(0.96,1.03)","0.98(0.95,1.02)","0.98(0.95,1.02)","0.98(0.95,1.01)","0.8546","0.2989","0.3310","0.2897","1.0032","1.0024","1.0023","1.0030",3957,3603,3583,3348,3557,3573,3296,3308
"C00_C97","2000_2005","2016_2020",15,"Economic_type_4_EQI_Land+SM+PA+OB","1.00(1.00,1.00)","0.99(0.96,1.02)","0.98(0.95,1.01)","1.00(0.96,1.03)","1.01(0.98,1.05)","0.3947","0.1531","0.8238","0.5030","1.0022","1.0000","1.0013","1.0014",3766,3496,3512,3260,3479,3744,3876,3605
"C00_C97","2000_2005","2016_2020",15,"Economic_type_4_EQI_Built+SM+PA+OB","1.00(1.00,1.00)","1.03(1.00,1.07)","1.05(1.01,1.08)","1.05(1.02,1.09)","1.06(1.02,1.09)","0.0606","0.0106","0.0048","0.0027","1.0011","1.0012","1.0005","1.0009",3501,3081,2907,2752,3640,3686,3763,3278
"C00_C97","2000_2005","2016_2020",15,"Economic_type_4_EQI_Social+SM+PA+OB","1.00(1.00,1.00)","1.03(1.00,1.06)","1.02(0.99,1.06)","1.00(0.97,1.04)","1.01(0.98,1.05)","0.0323","0.2206","0.7950","0.4310","1.0013","1.0021","1.0013","1.0013",3260,3297,3380,3193,3583,3553,3507,3586
"C00_C97","2000_2005","2021_2024",20,"Economic_type_4_EQI+SM+PA+OB","1.00(1.00,1.00)","1.02(0.98,1.06)","1.03(1.00,1.07)","1.02(0.99,1.06)","1.02(0.98,1.06)","0.3751","0.0823","0.2352","0.3439","1.0023","1.0004","1.0010","1.0012",6188,6404,5998,5019,3108,3731,3853,3762
"C00_C97","2000_2005","2021_2024",20,"Economic_type_4_EQI_Air+SM+PA+OB","1.00(1.00,1.00)","1.02(0.98,1.06)","1.04(1.00,1.08)","1.04(1.00,1.07)","1.05(1.01,1.08)","0.3085","0.0340","0.0602","0.0231","1.0015","1.0004","1.0003","1.0009",6414,5772,5312,4732,3155,3837,3778,3376
"C00_C97","2000_2005","2021_2024",20,"Economic_type_4_EQI_Water+SM+PA+OB","1.00(1.00,1.00)","1.00(0.96,1.04)","0.99(0.95,1.02)","1.00(0.96,1.04)","0.98(0.94,1.01)","0.8650","0.4564","0.9367","0.1798","0.9999","1.0021","0.9998","1.0024",5726,6191,5623,5978,3692,3870,3291,3537
"C00_C97","2000_2005","2021_2024",20,"Economic_type_4_EQI_Land+SM+PA+OB","1.00(1.00,1.00)","0.99(0.95,1.02)","0.99(0.96,1.03)","0.98(0.94,1.01)","0.99(0.95,1.03)","0.4964","0.7471","0.1856","0.5022","1.0022","1.0009","1.0010","1.0008",6639,6672,6892,6542,3476,3756,3553,3689
"C00_C97","2000_2005","2021_2024",20,"Economic_type_4_EQI_Built+SM+PA+OB","1.00(1.00,1.00)","1.02(0.98,1.06)","1.02(0.99,1.06)","1.03(1.00,1.07)","1.03(0.99,1.07)","0.3318","0.2097","0.0710","0.1581","1.0023","1.0004","1.0005","0.9999",6256,6131,5732,4804,3245,3610,3544,4021
"C00_C97","2000_2005","2021_2024",20,"Economic_type_4_EQI_Social+SM+PA+OB","1.00(1.00,1.00)","1.02(0.98,1.05)","1.01(0.97,1.04)","1.00(0.96,1.04)","0.98(0.94,1.02)","0.2976","0.7580","0.9004","0.3385","0.9999","1.0026","1.0014","1.0004",5944,5575,6051,5475,3685,3582,4127,3783
"C00_C97","2000_2005","2006_2010",5,"Economic_type_5_EQI+SM+PA+OB","1.00(1.00,1.00)","0.97(0.93,1.02)","1.00(0.96,1.04)","1.04(1.00,1.08)","1.08(1.04,1.12)","0.2577","0.9159","0.0702","0.0002","1.0013","1.0027","1.0007","1.0008",5014,3851,3374,2489,3781,3704,3590,3286
"C00_C97","2000_2005","2006_2010",5,"Economic_type_5_EQI_Air+SM+PA+OB","1.00(1.00,1.00)","1.03(0.99,1.08)","1.06(1.01,1.10)","1.06(1.02,1.10)","1.11(1.06,1.15)","0.1710","0.0140","0.0048","0.0002","1.0020","1.0008","1.0003","1.0005",4209,4191,3484,2585,3708,3481,3440,3496
"C00_C97","2000_2005","2006_2010",5,"Economic_type_5_EQI_Water+SM+PA+OB","1.00(1.00,1.00)","0.93(0.89,0.98)","0.99(0.95,1.04)","1.01(0.97,1.05)","1.02(0.98,1.06)","0.0031","0.8013","0.5151","0.2747","0.9998","1.0002","1.0014","1.0002",4413,4231,3352,3325,3858,3915,3779,3546
"C00_C97","2000_2005","2006_2010",5,"Economic_type_5_EQI_Land+SM+PA+OB","1.00(1.00,1.00)","1.03(0.99,1.07)","1.02(0.98,1.07)","1.02(0.98,1.06)","0.99(0.95,1.03)","0.2314","0.2347","0.4193","0.6351","1.0007","1.0006","1.0004","1.0000",4587,3943,3866,3648,3675,3422,3222,3568
"C00_C97","2000_2005","2006_2010",5,"Economic_type_5_EQI_Built+SM+PA+OB","1.00(1.00,1.00)","0.98(0.93,1.03)","1.01(0.96,1.06)","1.03(0.99,1.07)","1.02(0.98,1.07)","0.4805","0.6138","0.1568","0.2681","1.0001","1.0004","1.0000","1.0015",5424,4264,3627,3473,4276,3869,3035,3406
"C00_C97","2000_2005","2006_2010",5,"Economic_type_5_EQI_Social+SM+PA+OB","1.00(1.00,1.00)","0.97(0.92,1.02)","0.98(0.94,1.02)","1.01(0.98,1.05)","1.04(1.00,1.09)","0.1664","0.4239","0.4580","0.0444","1.0015","1.0006","1.0025","1.0011",5617,4417,3990,2990,3722,3797,3203,3438
"C00_C97","2000_2005","2011_2015",10,"Economic_type_5_EQI+SM+PA+OB","1.00(1.00,1.00)","0.97(0.92,1.01)","1.00(0.96,1.05)","1.06(1.01,1.10)","1.08(1.04,1.13)","0.1439","0.8963","0.0148","0.0006","1.0023","1.0015","1.0009","1.0008",5862,4923,4168,3323,3353,3922,3550,3768
"C00_C97","2000_2005","2011_2015",10,"Economic_type_5_EQI_Air+SM+PA+OB","1.00(1.00,1.00)","1.05(1.01,1.10)","1.07(1.02,1.12)","1.06(1.01,1.10)","1.10(1.05,1.14)","0.0273","0.0035","0.0127","0.0002","1.0012","1.0013","1.0022","1.0023",4075,3790,3271,3009,3858,3254,3703,3836
"C00_C97","2000_2005","2011_2015",10,"Economic_type_5_EQI_Water+SM+PA+OB","1.00(1.00,1.00)","0.93(0.89,0.98)","1.00(0.95,1.04)","1.02(0.98,1.07)","1.03(0.99,1.07)","0.0027","0.8971","0.2297","0.2139","1.0014","1.0000","1.0004","1.0024",4284,3754,3713,3820,3945,3513,3784,3211
"C00_C97","2000_2005","2011_2015",10,"Economic_type_5_EQI_Land+SM+PA+OB","1.00(1.00,1.00)","1.03(0.99,1.08)","1.02(0.98,1.07)","1.03(0.98,1.07)","0.99(0.95,1.03)","0.1173","0.2801","0.2327","0.7196","1.0005","1.0027","1.0013","1.0012",3643,3842,3334,3290,3252,3727,3314,3400
"C00_C97","2000_2005","2011_2015",10,"Economic_type_5_EQI_Built+SM+PA+OB","1.00(1.00,1.00)","0.99(0.93,1.04)","1.02(0.97,1.07)","1.03(0.99,1.08)","1.03(0.98,1.07)","0.5963","0.3643","0.1860","0.2206","1.0018","1.0008","1.0011","1.0008",4171,3698,2929,2663,3634,3568,3499,2948
"C00_C97","2000_2005","2011_2015",10,"Economic_type_5_EQI_Social+SM+PA+OB","1.00(1.00,1.00)","0.98(0.93,1.02)","0.98(0.94,1.02)","1.01(0.97,1.06)","1.04(1.00,1.09)","0.3172","0.3322","0.4864","0.0627","1.0011","1.0022","1.0021","1.0027",4015,3538,3071,2768,3753,3671,3149,3373
"C00_C97","2000_2005","2016_2020",15,"Economic_type_5_EQI+SM+PA+OB","1.00(1.00,1.00)","0.99(0.94,1.04)","1.00(0.95,1.04)","1.03(0.99,1.08)","1.06(1.02,1.11)","0.5763","0.8900","0.1131","0.0019","1.0015","1.0019","1.0000","1.0004",3777,3198,2851,2672,3286,3562,3427,3573
"C00_C97","2000_2005","2016_2020",15,"Economic_type_5_EQI_Air+SM+PA+OB","1.00(1.00,1.00)","1.05(1.00,1.10)","1.08(1.03,1.12)","1.06(1.02,1.10)","1.09(1.04,1.13)","0.0473","0.0015","0.0060","0.0002","1.0004","1.0027","1.0024","1.0032",4090,3225,3392,2713,3420,2933,3650,2995
"C00_C97","2000_2005","2016_2020",15,"Economic_type_5_EQI_Water+SM+PA+OB","1.00(1.00,1.00)","0.94(0.89,0.98)","1.01(0.97,1.05)","1.01(0.98,1.05)","1.02(0.98,1.06)","0.0073","0.7117","0.4814","0.3793","1.0014","1.0026","1.0019","1.0030",5177,3826,4366,3259,3742,3469,4245,3278
"C00_C97","2000_2005","2016_2020",15,"Economic_type_5_EQI_Land+SM+PA+OB","1.00(1.00,1.00)","1.03(0.99,1.07)","1.03(0.99,1.07)","1.01(0.97,1.05)","1.01(0.97,1.05)","0.1381","0.1418","0.5688","0.6672","0.9998","1.0011","1.0005","1.0004",4242,4104,3831,3499,3687,3540,3488,3427
"C00_C97","2000_2005","2016_2020",15,"Economic_type_5_EQI_Built+SM+PA+OB","1.00(1.00,1.00)","1.01(0.96,1.07)","1.02(0.97,1.07)","1.03(0.98,1.07)","1.03(0.99,1.08)","0.6888","0.4968","0.2356","0.1518","1.0013","1.0002","1.0003","1.0014",5060,3953,3458,3365,3534,3634,3707,3432
"C00_C97","2000_2005","2016_2020",15,"Economic_type_5_EQI_Social+SM+PA+OB","1.00(1.00,1.00)","0.99(0.94,1.04)","1.00(0.96,1.04)","1.00(0.96,1.04)","1.03(0.99,1.08)","0.5893","0.9079","0.8917","0.1585","1.0010","1.0012","1.0006","1.0008",4104,4279,3867,3770,3559,3500,3979,3850
"C00_C97","2000_2005","2021_2024",20,"Economic_type_5_EQI+SM+PA+OB","1.00(1.00,1.00)","0.99(0.94,1.04)","1.00(0.96,1.05)","1.02(0.98,1.06)","1.03(0.99,1.08)","0.6097","0.8400","0.3655","0.1514","1.0012","1.0016","1.0017","1.0021",4521,3887,3416,2577,3755,3480,3523,3344
"C00_C97","2000_2005","2021_2024",20,"Economic_type_5_EQI_Air+SM+PA+OB","1.00(1.00,1.00)","1.05(1.00,1.09)","1.05(1.01,1.10)","1.04(1.00,1.08)","1.02(0.98,1.06)","0.0381","0.0169","0.0664","0.3493","1.0020","0.9999","1.0002","0.9998",5288,4268,4447,3918,3418,3664,3377,3831
"C00_C97","2000_2005","2021_2024",20,"Economic_type_5_EQI_Water+SM+PA+OB","1.00(1.00,1.00)","0.95(0.90,0.99)","1.01(0.96,1.05)","1.04(1.00,1.08)","1.00(0.95,1.04)","0.0269","0.6859","0.0794","0.8700","0.9998","1.0018","1.0016","1.0010",4965,4054,3787,3192,3836,3410,3784,3649
"C00_C97","2000_2005","2021_2024",20,"Economic_type_5_EQI_Land+SM+PA+OB","1.00(1.00,1.00)","1.01(0.97,1.05)","1.02(0.98,1.06)","1.01(0.97,1.05)","1.00(0.96,1.04)","0.5359","0.4285","0.6638","0.9375","1.0012","1.0008","1.0007","1.0022",4307,4206,3317,2953,3757,3655,3692,3721
"C00_C97","2000_2005","2021_2024",20,"Economic_type_5_EQI_Built+SM+PA+OB","1.00(1.00,1.00)","1.00(0.95,1.06)","1.01(0.97,1.06)","1.03(0.99,1.08)","1.02(0.98,1.06)","0.9996","0.6180","0.1094","0.3176","1.0010","1.0018","1.0003","1.0006",5887,4318,3867,3899,3616,3508,3588,4000
"C00_C97","2000_2005","2021_2024",20,"Economic_type_5_EQI_Social+SM+PA+OB","1.00(1.00,1.00)","0.98(0.93,1.03)","1.00(0.96,1.04)","1.00(0.96,1.04)","1.01(0.97,1.05)","0.3743","0.9663","0.9783","0.6147","1.0007","1.0008","1.0012","1.0003",4632,4412,4070,3480,3341,3730,3608,3596
"C00_C97","2000_2005","2006_2010",5,"Economic_type_6_EQI+SM+PA+OB","1.00(1.00,1.00)","1.01(0.99,1.03)","1.02(1.00,1.04)","1.02(1.00,1.04)","1.05(1.02,1.08)","0.4101","0.1164","0.1177","0.0002","1.0007","0.9999","1.0003","1.0010",4237,3843,3119,2985,3821,3943,3592,3530
"C00_C97","2000_2005","2006_2010",5,"Economic_type_6_EQI_Air+SM+PA+OB","1.00(1.00,1.00)","1.00(0.98,1.02)","1.02(1.00,1.04)","1.03(1.00,1.05)","1.04(1.02,1.07)","0.8834","0.1060","0.0206","0.0006","1.0004","1.0003","1.0004","1.0008",3510,2779,2480,2919,3454,3810,3553,3829
"C00_C97","2000_2005","2006_2010",5,"Economic_type_6_EQI_Water+SM+PA+OB","1.00(1.00,1.00)","0.98(0.96,1.01)","0.98(0.96,1.00)","1.00(0.98,1.02)","0.99(0.97,1.02)","0.1194","0.1144","0.9483","0.5380","1.0008","1.0001","1.0014","1.0011",3998,3415,3347,3272,3432,3827,3670,3506
"C00_C97","2000_2005","2006_2010",5,"Economic_type_6_EQI_Land+SM+PA+OB","1.00(1.00,1.00)","1.00(0.98,1.02)","0.99(0.97,1.01)","1.00(0.98,1.02)","1.00(0.98,1.02)","0.9904","0.5280","0.8450","0.9417","1.0014","1.0003","1.0006","1.0015",5226,4340,4021,3970,3753,3701,3392,3650
"C00_C97","2000_2005","2006_2010",5,"Economic_type_6_EQI_Built+SM+PA+OB","1.00(1.00,1.00)","1.01(0.99,1.03)","1.02(1.00,1.04)","1.02(1.00,1.04)","1.03(1.01,1.06)","0.3022","0.0989","0.0619","0.0060","1.0004","1.0002","1.0008","1.0008",4778,4124,3932,3908,3964,3741,3829,4033
"C00_C97","2000_2005","2006_2010",5,"Economic_type_6_EQI_Social+SM+PA+OB","1.00(1.00,1.00)","0.99(0.97,1.01)","0.98(0.96,1.00)","0.99(0.97,1.02)","1.01(0.98,1.03)","0.2402","0.1069","0.5530","0.6547","0.9999","1.0000","1.0001","1.0013",4804,3896,3171,3063,3470,3380,3323,3659
"C00_C97","2000_2005","2011_2015",10,"Economic_type_6_EQI+SM+PA+OB","1.00(1.00,1.00)","1.04(1.02,1.06)","1.03(1.01,1.05)","1.04(1.01,1.06)","1.07(1.04,1.09)","0.0006","0.0085","0.0019","0.0002","1.0002","1.0012","1.0017","1.0013",4760,3866,3326,3000,3769,3597,3729,3127
"C00_C97","2000_2005","2011_2015",10,"Economic_type_6_EQI_Air+SM+PA+OB","1.00(1.00,1.00)","1.01(0.99,1.04)","1.03(1.01,1.05)","1.05(1.02,1.07)","1.04(1.02,1.07)","0.2218","0.0098","0.0002","0.0006","0.9998","1.0006","1.0022","1.0000",3468,3103,3133,2927,4035,3754,3427,3465
"C00_C97","2000_2005","2011_2015",10,"Economic_type_6_EQI_Water+SM+PA+OB","1.00(1.00,1.00)","0.99(0.97,1.02)","0.98(0.96,1.01)","1.00(0.98,1.03)","1.00(0.97,1.02)","0.6417","0.1973","0.7463","0.7759","1.0003","1.0006","1.0015","1.0004",3760,3201,3171,3038,3660,3404,3615,3516
"C00_C97","2000_2005","2011_2015",10,"Economic_type_6_EQI_Land+SM+PA+OB","1.00(1.00,1.00)","1.01(0.99,1.03)","0.99(0.97,1.01)","1.00(0.98,1.03)","1.00(0.98,1.03)","0.5118","0.3747","0.7526","0.8225","1.0006","1.0013","1.0008","1.0011",4721,4337,3841,4130,3535,3745,3870,3756
"C00_C97","2000_2005","2011_2015",10,"Economic_type_6_EQI_Built+SM+PA+OB","1.00(1.00,1.00)","1.02(1.00,1.04)","1.03(1.01,1.06)","1.04(1.02,1.07)","1.06(1.03,1.08)","0.1131","0.0027","0.0015","0.0002","1.0005","1.0031","1.0007","1.0011",4439,4412,4011,3977,4030,3994,3830,4064
"C00_C97","2000_2005","2011_2015",10,"Economic_type_6_EQI_Social+SM+PA+OB","1.00(1.00,1.00)","1.00(0.98,1.02)","0.99(0.96,1.01)","0.99(0.97,1.02)","1.00(0.97,1.03)","0.8271","0.2322","0.4605","0.9417","1.0020","1.0005","1.0005","1.0004",4273,3662,3484,2938,3899,4119,3623,3586
"C00_C97","2000_2005","2016_2020",15,"Economic_type_6_EQI+SM+PA+OB","1.00(1.00,1.00)","1.04(1.02,1.07)","1.03(1.01,1.06)","1.03(1.01,1.06)","1.06(1.03,1.09)","0.0015","0.0069","0.0156","0.0002","1.0010","1.0005","1.0009","1.0008",4689,3605,3366,2856,3755,4061,4115,3501
"C00_C97","2000_2005","2016_2020",15,"Economic_type_6_EQI_Air+SM+PA+OB","1.00(1.00,1.00)","0.99(0.97,1.02)","1.01(0.98,1.03)","1.02(1.00,1.05)","1.00(0.98,1.03)","0.4984","0.6301","0.0852","0.7675","1.0003","1.0007","1.0025","1.0016",3587,3273,3203,3248,3659,3086,3764,3702
"C00_C97","2000_2005","2016_2020",15,"Economic_type_6_EQI_Water+SM+PA+OB","1.00(1.00,1.00)","0.99(0.96,1.02)","0.99(0.97,1.02)","1.01(0.98,1.04)","1.01(0.98,1.04)","0.3897","0.6351","0.4605","0.6234","1.0002","1.0002","1.0006","1.0009",3588,3296,3450,3388,3560,4009,3560,3635
"C00_C97","2000_2005","2016_2020",15,"Economic_type_6_EQI_Land+SM+PA+OB","1.00(1.00,1.00)","1.01(0.99,1.03)","0.99(0.97,1.02)","1.00(0.98,1.03)","1.01(0.98,1.04)","0.4839","0.5693","0.8692","0.4489","1.0004","1.0012","1.0019","1.0016",5658,4330,3865,4239,3790,4121,3831,3910
"C00_C97","2000_2005","2016_2020",15,"Economic_type_6_EQI_Built+SM+PA+OB","1.00(1.00,1.00)","1.01(0.99,1.04)","1.04(1.02,1.07)","1.05(1.03,1.08)","1.05(1.02,1.08)","0.2672","0.0002","0.0002","0.0002","1.0010","1.0004","1.0008","1.0006",4165,3578,3679,3458,3848,3491,3692,3796
"C00_C97","2000_2005","2016_2020",15,"Economic_type_6_EQI_Social+SM+PA+OB","1.00(1.00,1.00)","0.99(0.97,1.01)","0.97(0.95,1.00)","0.99(0.96,1.01)","0.99(0.96,1.02)","0.2635","0.0215","0.3880","0.6651","1.0002","1.0006","1.0008","1.0015",4812,3904,3448,2940,4117,3927,3779,3539
"C00_C97","2000_2005","2021_2024",20,"Economic_type_6_EQI+SM+PA+OB","1.00(1.00,1.00)","1.03(1.01,1.06)","1.00(0.98,1.03)","1.00(0.97,1.02)","1.00(0.97,1.03)","0.0102","0.7671","0.7163","0.8388","1.0012","1.0010","1.0006","1.0011",4245,3843,3259,3359,3844,3622,3588,3635
"C00_C97","2000_2005","2021_2024",20,"Economic_type_6_EQI_Air+SM+PA+OB","1.00(1.00,1.00)","1.00(0.98,1.03)","1.01(0.98,1.04)","1.00(0.97,1.02)","0.98(0.95,1.01)","0.9717","0.4247","0.8025","0.1169","1.0014","1.0010","1.0012","1.0020",3818,3678,3477,3832,3165,3440,3540,3159
"C00_C97","2000_2005","2021_2024",20,"Economic_type_6_EQI_Water+SM+PA+OB","1.00(1.00,1.00)","1.00(0.97,1.03)","0.98(0.96,1.01)","1.02(0.99,1.05)","1.00(0.97,1.03)","0.8500","0.2493","0.1339","0.9825","1.0007","1.0013","1.0013","0.9996",3827,4236,4168,3986,3415,4284,3656,3985
"C00_C97","2000_2005","2021_2024",20,"Economic_type_6_EQI_Land+SM+PA+OB","1.00(1.00,1.00)","1.00(0.98,1.02)","0.99(0.97,1.02)","0.99(0.97,1.02)","1.00(0.97,1.03)","0.8863","0.5547","0.5593","0.9121","1.0002","1.0009","0.9997","1.0022",5718,4387,4054,4051,3948,3848,3923,3518
"C00_C97","2000_2005","2021_2024",20,"Economic_type_6_EQI_Built+SM+PA+OB","1.00(1.00,1.00)","1.01(0.99,1.03)","1.02(0.99,1.04)","1.03(1.00,1.05)","1.02(1.00,1.05)","0.4409","0.1293","0.0227","0.0806","1.0009","1.0004","1.0004","1.0008",5062,4733,4312,4731,3860,4255,3758,4354
"C00_C97","2000_2005","2021_2024",20,"Economic_type_6_EQI_Social+SM+PA+OB","1.00(1.00,1.00)","0.99(0.97,1.01)","0.97(0.94,0.99)","0.97(0.95,1.00)","0.96(0.93,0.99)","0.4380","0.0110","0.0560","0.0173","1.0008","1.0009","1.0021","1.0008",5643,4510,3463,3457,3900,4081,3509,3812
"C00_C97","2000_2005","2006_2010",5,"Homeownership_tertile_1_EQI+SM+PA+OB","1.00(1.00,1.00)","1.06(1.02,1.09)","1.08(1.05,1.11)","1.10(1.06,1.13)","1.12(1.08,1.16)","0.0019","0.0002","0.0002","0.0002","1.0009","1.0009","1.0017","1.0014",4098,3595,2805,2502,3210,3682,3316,2826
"C00_C97","2000_2005","2006_2010",5,"Homeownership_tertile_1_EQI_Air+SM+PA+OB","1.00(1.00,1.00)","1.10(1.06,1.14)","1.12(1.08,1.16)","1.10(1.07,1.14)","1.11(1.08,1.15)","0.0002","0.0002","0.0002","0.0002","1.0006","0.9999","1.0010","1.0011",4132,3758,2625,2628,2705,3654,3608,3405
"C00_C97","2000_2005","2006_2010",5,"Homeownership_tertile_1_EQI_Water+SM+PA+OB","1.00(1.00,1.00)","0.93(0.89,0.96)","1.04(1.00,1.08)","1.03(0.99,1.06)","1.02(0.98,1.05)","0.0002","0.0435","0.1573","0.4097","1.0002","1.0013","1.0003","1.0014",3999,3036,3157,2928,3287,3476,3420,3660
"C00_C97","2000_2005","2006_2010",5,"Homeownership_tertile_1_EQI_Land+SM+PA+OB","1.00(1.00,1.00)","1.00(0.97,1.04)","1.03(1.00,1.06)","1.03(1.00,1.07)","1.03(0.99,1.07)","0.9308","0.0852","0.0898","0.1198","1.0019","1.0016","1.0014","1.0007",4059,3764,3015,2995,3324,3392,3082,2829
"C00_C97","2000_2005","2006_2010",5,"Homeownership_tertile_1_EQI_Built+SM+PA+OB","1.00(1.00,1.00)","1.06(1.02,1.10)","1.08(1.05,1.12)","1.10(1.06,1.13)","1.11(1.07,1.15)","0.0019","0.0002","0.0002","0.0002","1.0003","1.0001","1.0004","1.0016",4736,3860,3073,2960,3917,3956,3621,3544
"C00_C97","2000_2005","2006_2010",5,"Homeownership_tertile_1_EQI_Social+SM+PA+OB","1.00(1.00,1.00)","0.99(0.96,1.02)","1.00(0.96,1.03)","1.02(0.98,1.05)","1.05(1.01,1.09)","0.3705","0.7805","0.3880","0.0081","1.0012","1.0007","1.0010","1.0009",4568,3930,3607,3562,3583,3461,3462,3622
"C00_C97","2000_2005","2011_2015",10,"Homeownership_tertile_1_EQI+SM+PA+OB","1.00(1.00,1.00)","1.07(1.04,1.11)","1.12(1.08,1.15)","1.12(1.09,1.16)","1.14(1.10,1.18)","0.0002","0.0002","0.0002","0.0002","1.0012","1.0021","1.0016","1.0012",3916,3560,2723,2473,3490,3317,3084,3212
"C00_C97","2000_2005","2011_2015",10,"Homeownership_tertile_1_EQI_Air+SM+PA+OB","1.00(1.00,1.00)","1.12(1.08,1.16)","1.15(1.11,1.19)","1.14(1.10,1.18)","1.15(1.10,1.19)","0.0002","0.0002","0.0002","0.0002","1.0011","1.0024","1.0007","1.0008",4234,4156,3613,3340,3497,3328,3702,3600
"C00_C97","2000_2005","2011_2015",10,"Homeownership_tertile_1_EQI_Water+SM+PA+OB","1.00(1.00,1.00)","0.97(0.93,1.01)","1.02(0.98,1.06)","1.04(1.00,1.08)","1.03(0.99,1.07)","0.1273","0.2856","0.0410","0.1323","1.0013","1.0006","1.0013","1.0001",4705,3318,3278,3124,3952,3702,4067,3118
"C00_C97","2000_2005","2011_2015",10,"Homeownership_tertile_1_EQI_Land+SM+PA+OB","1.00(1.00,1.00)","1.01(0.98,1.04)","1.01(0.98,1.05)","1.03(1.00,1.07)","1.03(0.99,1.07)","0.5888","0.4035","0.0948","0.1348","1.0020","1.0019","1.0003","1.0004",5334,4529,3806,3746,3844,3727,3474,3699
"C00_C97","2000_2005","2011_2015",10,"Homeownership_tertile_1_EQI_Built+SM+PA+OB","1.00(1.00,1.00)","1.09(1.05,1.14)","1.14(1.10,1.18)","1.15(1.11,1.19)","1.19(1.15,1.23)","0.0002","0.0002","0.0002","0.0002","1.0006","1.0012","1.0009","1.0011",4709,3825,3556,3666,3508,3852,3639,3836
"C00_C97","2000_2005","2011_2015",10,"Homeownership_tertile_1_EQI_Social+SM+PA+OB","1.00(1.00,1.00)","1.02(0.98,1.05)","0.99(0.95,1.02)","1.00(0.97,1.04)","1.03(0.99,1.08)","0.3364","0.3830","0.8192","0.1368","1.0005","1.0004","1.0013","1.0006",4799,3646,4130,4039,3737,3426,3757,3695
"C00_C97","2000_2005","2016_2020",15,"Homeownership_tertile_1_EQI+SM+PA+OB","1.00(1.00,1.00)","1.08(1.05,1.12)","1.11(1.08,1.15)","1.11(1.07,1.14)","1.13(1.09,1.17)","0.0002","0.0002","0.0002","0.0002","1.0006","1.0003","1.0003","1.0012",3174,2815,2347,1936,3495,3328,3324,2930
"C00_C97","2000_2005","2016_2020",15,"Homeownership_tertile_1_EQI_Air+SM+PA+OB","1.00(1.00,1.00)","1.12(1.08,1.16)","1.13(1.09,1.17)","1.14(1.11,1.18)","1.11(1.07,1.16)","0.0002","0.0002","0.0002","0.0002","1.0010","0.9996","1.0016","1.0022",4771,3554,3353,2474,3546,3654,3844,3233
"C00_C97","2000_2005","2016_2020",15,"Homeownership_tertile_1_EQI_Water+SM+PA+OB","1.00(1.00,1.00)","0.94(0.90,0.98)","1.00(0.97,1.04)","1.03(0.99,1.07)","1.02(0.98,1.06)","0.0027","0.8571","0.1748","0.3089","1.0023","1.0012","1.0018","1.0007",3276,2902,2963,3031,3641,3444,3458,3308
"C00_C97","2000_2005","2016_2020",15,"Homeownership_tertile_1_EQI_Land+SM+PA+OB","1.00(1.00,1.00)","1.03(0.99,1.06)","1.01(0.98,1.04)","1.03(1.00,1.07)","1.03(0.99,1.07)","0.1352","0.5559","0.0627","0.0985","1.0011","1.0011","1.0012","1.0015",5067,4314,3840,3414,3639,3746,3986,3449
"C00_C97","2000_2005","2016_2020",15,"Homeownership_tertile_1_EQI_Built+SM+PA+OB","1.00(1.00,1.00)","1.09(1.05,1.14)","1.13(1.09,1.18)","1.14(1.10,1.18)","1.16(1.12,1.20)","0.0002","0.0002","0.0002","0.0002","1.0010","1.0008","1.0006","1.0005",3849,3212,2893,2911,3697,3585,3474,3115
"C00_C97","2000_2005","2016_2020",15,"Homeownership_tertile_1_EQI_Social+SM+PA+OB","1.00(1.00,1.00)","1.02(0.98,1.05)","1.02(0.98,1.05)","1.02(0.98,1.06)","1.05(1.01,1.10)","0.3518","0.3051","0.4018","0.0123","1.0023","1.0009","1.0005","1.0012",4305,3064,3095,3104,3646,3310,3582,3678
"C00_C97","2000_2005","2021_2024",20,"Homeownership_tertile_1_EQI+SM+PA+OB","1.00(1.00,1.00)","1.07(1.04,1.10)","1.08(1.05,1.12)","1.07(1.04,1.10)","1.08(1.04,1.11)","0.0002","0.0002","0.0002","0.0002","1.0002","1.0026","1.0013","1.0016",4406,3758,3211,2887,4015,3182,3636,3395
"C00_C97","2000_2005","2021_2024",20,"Homeownership_tertile_1_EQI_Air+SM+PA+OB","1.00(1.00,1.00)","1.09(1.05,1.13)","1.11(1.07,1.15)","1.10(1.06,1.13)","1.07(1.03,1.10)","0.0002","0.0002","0.0002","0.0006","1.0006","1.0004","1.0006","1.0013",5318,4713,3878,3503,4427,3570,4052,3329
"C00_C97","2000_2005","2021_2024",20,"Homeownership_tertile_1_EQI_Water+SM+PA+OB","1.00(1.00,1.00)","0.94(0.91,0.98)","1.01(0.97,1.04)","1.04(1.00,1.08)","1.02(0.98,1.05)","0.0019","0.6217","0.0306","0.3614","1.0011","1.0006","1.0005","0.9999",4847,4459,4369,3912,4005,4228,3917,3928
"C00_C97","2000_2005","2021_2024",20,"Homeownership_tertile_1_EQI_Land+SM+PA+OB","1.00(1.00,1.00)","1.00(0.97,1.03)","1.02(0.99,1.05)","1.03(0.99,1.06)","1.01(0.98,1.05)","0.7955","0.2139","0.0973","0.4597","1.0021","0.9999","1.0006","1.0006",6093,5068,4401,4036,3733,3403,3941,3608
"C00_C97","2000_2005","2021_2024",20,"Homeownership_tertile_1_EQI_Built+SM+PA+OB","1.00(1.00,1.00)","1.06(1.02,1.10)","1.07(1.04,1.11)","1.08(1.05,1.12)","1.11(1.07,1.15)","0.0044","0.0002","0.0002","0.0002","0.9998","0.9994","0.9999","1.0013",4619,4179,3983,3904,3832,3647,3809,3694
"C00_C97","2000_2005","2021_2024",20,"Homeownership_tertile_1_EQI_Social+SM+PA+OB","1.00(1.00,1.00)","1.00(0.97,1.03)","0.98(0.95,1.02)","0.99(0.96,1.02)","1.02(0.99,1.06)","0.8929","0.2972","0.5309","0.1998","1.0003","1.0001","1.0000","0.9999",5560,4803,4329,4466,4228,3980,4106,3811
"C00_C97","2000_2005","2006_2010",5,"Homeownership_tertile_2_EQI+SM+PA+OB","1.00(1.00,1.00)","1.04(1.02,1.07)","1.06(1.03,1.08)","1.06(1.03,1.08)","1.10(1.06,1.13)","0.0006","0.0002","0.0002","0.0002","1.0002","1.0006","1.0005","1.0004",5473,4731,3812,3493,3955,3885,3518,3491
"C00_C97","2000_2005","2006_2010",5,"Homeownership_tertile_2_EQI_Air+SM+PA+OB","1.00(1.00,1.00)","1.06(1.03,1.09)","1.08(1.05,1.11)","1.09(1.06,1.11)","1.08(1.05,1.11)","0.0002","0.0002","0.0002","0.0002","1.0017","1.0005","1.0005","1.0009",3956,3336,3177,3080,3420,3423,3678,3816
"C00_C97","2000_2005","2006_2010",5,"Homeownership_tertile_2_EQI_Water+SM+PA+OB","1.00(1.00,1.00)","1.00(0.97,1.02)","1.00(0.97,1.02)","1.01(0.98,1.04)","1.02(0.99,1.05)","0.7584","0.8121","0.4530","0.1631","1.0012","1.0005","1.0009","1.0011",2821,4513,4392,4209,2906,3456,3545,3400
"C00_C97","2000_2005","2006_2010",5,"Homeownership_tertile_2_EQI_Land+SM+PA+OB","1.00(1.00,1.00)","1.00(0.97,1.02)","1.01(0.98,1.03)","0.99(0.97,1.02)","0.98(0.95,1.01)","0.8371","0.6122","0.6472","0.1148","1.0003","1.0002","1.0001","1.0000",4373,4094,4129,3355,3633,3714,3871,3471
"C00_C97","2000_2005","2006_2010",5,"Homeownership_tertile_2_EQI_Built+SM+PA+OB","1.00(1.00,1.00)","1.05(1.02,1.08)","1.04(1.02,1.07)","1.05(1.02,1.07)","1.07(1.04,1.10)","0.0002","0.0027","0.0006","0.0002","1.0002","1.0000","1.0011","1.0008",4174,4357,3556,4253,3653,3801,3654,3756
"C00_C97","2000_2005","2006_2010",5,"Homeownership_tertile_2_EQI_Social+SM+PA+OB","1.00(1.00,1.00)","1.00(0.98,1.03)","0.98(0.96,1.01)","1.00(0.97,1.03)","1.05(1.01,1.08)","0.8979","0.2364","0.8230","0.0065","0.9999","1.0003","0.9998","1.0014",5090,4455,3892,3460,3173,3734,3900,3725
"C00_C97","2000_2005","2011_2015",10,"Homeownership_tertile_2_EQI+SM+PA+OB","1.00(1.00,1.00)","1.06(1.03,1.08)","1.06(1.04,1.09)","1.07(1.04,1.10)","1.09(1.06,1.12)","0.0002","0.0002","0.0002","0.0002","1.0031","1.0006","1.0005","1.0016",5470,4192,3397,3192,3782,4123,3800,3551
"C00_C97","2000_2005","2011_2015",10,"Homeownership_tertile_2_EQI_Air+SM+PA+OB","1.00(1.00,1.00)","1.05(1.02,1.08)","1.08(1.05,1.10)","1.07(1.05,1.10)","1.05(1.03,1.09)","0.0002","0.0002","0.0002","0.0006","1.0008","1.0001","0.9998","1.0011",4806,3956,3391,3462,3865,3833,3508,3286
"C00_C97","2000_2005","2011_2015",10,"Homeownership_tertile_2_EQI_Water+SM+PA+OB","1.00(1.00,1.00)","0.97(0.95,1.00)","1.00(0.97,1.02)","1.00(0.98,1.03)","1.01(0.98,1.04)","0.0573","0.7855","0.7563","0.6334","1.0010","1.0011","1.0012","1.0006",3839,3587,3792,3838,3775,3867,3656,4017
"C00_C97","2000_2005","2011_2015",10,"Homeownership_tertile_2_EQI_Land+SM+PA+OB","1.00(1.00,1.00)","1.00(0.97,1.02)","0.99(0.96,1.01)","1.01(0.98,1.03)","1.01(0.98,1.04)","0.7738","0.2406","0.5580","0.4189","1.0025","1.0005","1.0001","1.0003",4907,4373,4062,3954,3428,4101,4267,3938
"C00_C97","2000_2005","2011_2015",10,"Homeownership_tertile_2_EQI_Built+SM+PA+OB","1.00(1.00,1.00)","1.02(1.00,1.04)","1.03(1.00,1.05)","1.04(1.01,1.06)","1.03(1.00,1.06)","0.1094","0.0344","0.0031","0.0198","1.0012","1.0010","1.0000","1.0012",5581,4574,4174,4572,3531,4282,3724,3763
"C00_C97","2000_2005","2011_2015",10,"Homeownership_tertile_2_EQI_Social+SM+PA+OB","1.00(1.00,1.00)","0.97(0.95,1.00)","0.99(0.97,1.02)","1.00(0.97,1.02)","1.03(0.99,1.06)","0.0377","0.5838","0.8067","0.1306","1.0005","1.0007","1.0007","1.0007",6079,4503,4040,3868,3793,3862,3993,4032
"C00_C97","2000_2005","2016_2020",15,"Homeownership_tertile_2_EQI+SM+PA+OB","1.00(1.00,1.00)","1.04(1.02,1.07)","1.06(1.04,1.09)","1.07(1.05,1.10)","1.08(1.05,1.11)","0.0002","0.0002","0.0002","0.0002","1.0015","1.0010","1.0011","1.0014",4550,3275,3180,2796,3510,3859,3259,3328
"C00_C97","2000_2005","2016_2020",15,"Homeownership_tertile_2_EQI_Air+SM+PA+OB","1.00(1.00,1.00)","1.04(1.02,1.07)","1.06(1.04,1.09)","1.05(1.02,1.07)","1.05(1.02,1.08)","0.0019","0.0002","0.0010","0.0019","1.0005","1.0012","1.0005","1.0022",3937,3187,2613,2650,3378,3690,3455,3296
"C00_C97","2000_2005","2016_2020",15,"Homeownership_tertile_2_EQI_Water+SM+PA+OB","1.00(1.00,1.00)","0.97(0.95,1.00)","1.00(0.97,1.02)","1.00(0.97,1.02)","1.00(0.97,1.03)","0.0839","0.7555","0.7192","0.8100","1.0002","1.0011","1.0022","1.0010",3270,2888,2598,2924,3557,3749,3509,3302
"C00_C97","2000_2005","2016_2020",15,"Homeownership_tertile_2_EQI_Land+SM+PA+OB","1.00(1.00,1.00)","1.01(0.98,1.03)","1.00(0.98,1.03)","1.00(0.98,1.03)","1.01(0.98,1.03)","0.5630","0.6921","0.9704","0.6255","1.0018","1.0004","1.0006","1.0008",4625,3728,3353,3400,3757,4093,3787,3911
"C00_C97","2000_2005","2016_2020",15,"Homeownership_tertile_2_EQI_Built+SM+PA+OB","1.00(1.00,1.00)","1.04(1.02,1.07)","1.05(1.03,1.07)","1.05(1.03,1.08)","1.07(1.04,1.10)","0.0002","0.0002","0.0002","0.0002","1.0012","1.0005","1.0011","1.0010",4171,3700,3498,3619,4297,3854,3735,3899
"C00_C97","2000_2005","2016_2020",15,"Homeownership_tertile_2_EQI_Social+SM+PA+OB","1.00(1.00,1.00)","1.00(0.97,1.02)","0.98(0.95,1.00)","1.00(0.97,1.02)","1.02(0.99,1.05)","0.7038","0.0989","0.7767","0.2285","1.0014","1.0012","1.0012","1.0008",4485,3342,2911,2752,3659,3588,3457,3394
"C00_C97","2000_2005","2021_2024",20,"Homeownership_tertile_2_EQI+SM+PA+OB","1.00(1.00,1.00)","1.04(1.01,1.07)","1.05(1.02,1.08)","1.03(1.00,1.06)","1.03(1.00,1.06)","0.0048","0.0006","0.0252","0.0656","1.0019","1.0006","1.0002","1.0017",4415,3937,3653,3381,3382,3869,3631,3307
"C00_C97","2000_2005","2021_2024",20,"Homeownership_tertile_2_EQI_Air+SM+PA+OB","1.00(1.00,1.00)","1.04(1.01,1.07)","1.06(1.03,1.09)","1.03(1.00,1.06)","0.99(0.96,1.02)","0.0048","0.0002","0.0344","0.6701","1.0004","0.9997","1.0008","1.0011",5126,3862,3372,3334,3867,3449,3582,3762
"C00_C97","2000_2005","2021_2024",20,"Homeownership_tertile_2_EQI_Water+SM+PA+OB","1.00(1.00,1.00)","0.99(0.96,1.02)","0.99(0.96,1.02)","1.02(0.99,1.05)","1.00(0.96,1.03)","0.5263","0.5184","0.2222","0.8634","1.0010","1.0004","1.0016","1.0010",3688,3147,3266,3237,3680,3540,3471,3282
"C00_C97","2000_2005","2021_2024",20,"Homeownership_tertile_2_EQI_Land+SM+PA+OB","1.00(1.00,1.00)","0.99(0.97,1.02)","1.00(0.97,1.03)","1.00(0.97,1.03)","1.01(0.97,1.04)","0.6901","0.9988","0.9163","0.7359","1.0006","1.0007","1.0017","1.0010",4828,3866,3169,3124,3533,3598,3434,3338
"C00_C97","2000_2005","2021_2024",20,"Homeownership_tertile_2_EQI_Built+SM+PA+OB","1.00(1.00,1.00)","1.05(1.02,1.08)","1.05(1.02,1.07)","1.06(1.03,1.09)","1.05(1.02,1.08)","0.0006","0.0015","0.0002","0.0019","1.0022","1.0015","1.0002","1.0005",4441,3912,3936,3825,3734,3657,3876,3662
"C00_C97","2000_2005","2021_2024",20,"Homeownership_tertile_2_EQI_Social+SM+PA+OB","1.00(1.00,1.00)","1.00(0.97,1.03)","0.97(0.94,0.99)","0.99(0.96,1.02)","0.98(0.95,1.02)","0.9400","0.0231","0.5926","0.3351","1.0010","1.0001","1.0006","1.0002",5756,4490,3471,2974,3630,4157,4296,3832
"C00_C97","2000_2005","2006_2010",5,"Homeownership_tertile_3_EQI+SM+PA+OB","1.00(1.00,1.00)","1.04(1.01,1.07)","1.05(1.03,1.08)","1.06(1.03,1.09)","1.10(1.07,1.14)","0.0019","0.0002","0.0002","0.0002","1.0012","1.0025","1.0022","1.0018",5453,4280,3903,3712,3800,3101,3788,3999
"C00_C97","2000_2005","2006_2010",5,"Homeownership_tertile_3_EQI_Air+SM+PA+OB","1.00(1.00,1.00)","1.05(1.03,1.08)","1.06(1.03,1.09)","1.06(1.03,1.09)","1.07(1.04,1.11)","0.0002","0.0002","0.0002","0.0002","1.0021","1.0002","0.9998","1.0000",4977,4164,4247,4193,4075,3395,2845,3814
"C00_C97","2000_2005","2006_2010",5,"Homeownership_tertile_3_EQI_Water+SM+PA+OB","1.00(1.00,1.00)","0.99(0.96,1.02)","0.99(0.97,1.02)","1.02(0.99,1.05)","1.01(0.98,1.04)","0.5522","0.7255","0.2218","0.4859","1.0006","0.9994","1.0003","1.0008",4780,3861,4216,4127,3883,3671,4165,3692
"C00_C97","2000_2005","2006_2010",5,"Homeownership_tertile_3_EQI_Land+SM+PA+OB","1.00(1.00,1.00)","0.98(0.96,1.01)","0.97(0.95,1.00)","0.96(0.93,0.99)","0.98(0.95,1.01)","0.2568","0.0535","0.0110","0.2072","0.9998","0.9999","1.0003","1.0000",5966,4756,4150,4424,3959,3965,4001,4442
"C00_C97","2000_2005","2006_2010",5,"Homeownership_tertile_3_EQI_Built+SM+PA+OB","1.00(1.00,1.00)","1.02(1.00,1.04)","1.05(1.02,1.07)","1.04(1.01,1.06)","1.01(0.98,1.05)","0.0752","0.0006","0.0098","0.4239","1.0001","1.0001","1.0001","0.9999",6369,5423,5155,5829,4256,3965,3659,3976
"C00_C97","2000_2005","2006_2010",5,"Homeownership_tertile_3_EQI_Social+SM+PA+OB","1.00(1.00,1.00)","1.00(0.97,1.02)","0.99(0.96,1.02)","1.02(0.99,1.06)","1.05(1.02,1.08)","0.7946","0.6467","0.1023","0.0006","1.0011","1.0013","1.0016","1.0026",5449,4245,3952,3268,4115,3770,3596,3528
"C00_C97","2000_2005","2011_2015",10,"Homeownership_tertile_3_EQI+SM+PA+OB","1.00(1.00,1.00)","1.04(1.01,1.06)","1.05(1.02,1.08)","1.07(1.04,1.10)","1.11(1.08,1.15)","0.0069","0.0006","0.0002","0.0002","1.0000","0.9997","1.0002","1.0013",5547,4333,3739,3382,3885,3911,3624,3318
"C00_C97","2000_2005","2011_2015",10,"Homeownership_tertile_3_EQI_Air+SM+PA+OB","1.00(1.00,1.00)","1.07(1.04,1.10)","1.06(1.03,1.09)","1.06(1.03,1.09)","1.07(1.03,1.10)","0.0002","0.0002","0.0002","0.0006","1.0031","1.0012","1.0002","1.0013",4265,3354,3047,3294,3779,3375,3570,3186
"C00_C97","2000_2005","2011_2015",10,"Homeownership_tertile_3_EQI_Water+SM+PA+OB","1.00(1.00,1.00)","0.97(0.94,1.00)","0.99(0.96,1.02)","1.02(0.99,1.06)","1.03(1.00,1.06)","0.0290","0.6172","0.1393","0.0669","1.0004","1.0012","1.0010","1.0024",3759,3464,3288,3850,3850,3681,3507,3974
"C00_C97","2000_2005","2011_2015",10,"Homeownership_tertile_3_EQI_Land+SM+PA+OB","1.00(1.00,1.00)","1.00(0.97,1.02)","0.99(0.96,1.01)","0.98(0.95,1.01)","0.99(0.96,1.02)","0.9146","0.3272","0.2781","0.4893","1.0003","1.0001","1.0004","1.0001",5396,4388,4148,3918,3802,4069,4198,4100
"C00_C97","2000_2005","2011_2015",10,"Homeownership_tertile_3_EQI_Built+SM+PA+OB","1.00(1.00,1.00)","1.05(1.02,1.07)","1.05(1.02,1.07)","1.04(1.01,1.07)","1.04(1.00,1.07)","0.0006","0.0006","0.0069","0.0294","1.0011","1.0003","1.0011","1.0010",6145,5570,5245,5021,4321,4331,3844,4007
"C00_C97","2000_2005","2011_2015",10,"Homeownership_tertile_3_EQI_Social+SM+PA+OB","1.00(1.00,1.00)","0.99(0.97,1.02)","0.98(0.95,1.01)","1.02(0.99,1.05)","1.05(1.02,1.09)","0.6238","0.2252","0.1610","0.0035","0.9999","1.0008","1.0003","1.0006",5204,4131,3758,3100,3982,3926,3770,3651
"C00_C97","2000_2005","2016_2020",15,"Homeownership_tertile_3_EQI+SM+PA+OB","1.00(1.00,1.00)","1.04(1.02,1.06)","1.03(1.01,1.06)","1.05(1.03,1.08)","1.09(1.06,1.12)","0.0019","0.0123","0.0002","0.0002","1.0000","1.0022","1.0000","1.0003",4570,3742,3183,2799,3623,3786,3742,3615
"C00_C97","2000_2005","2016_2020",15,"Homeownership_tertile_3_EQI_Air+SM+PA+OB","1.00(1.00,1.00)","1.05(1.02,1.07)","1.04(1.01,1.06)","1.06(1.03,1.09)","1.04(1.01,1.08)","0.0010","0.0040","0.0006","0.0110","1.0018","1.0033","1.0030","1.0034",3474,2469,2344,2623,3761,3417,2913,3332
"C00_C97","2000_2005","2016_2020",15,"Homeownership_tertile_3_EQI_Water+SM+PA+OB","1.00(1.00,1.00)","1.00(0.98,1.03)","1.01(0.98,1.03)","1.02(0.99,1.05)","1.02(0.99,1.05)","0.7451","0.7255","0.2681","0.1806","1.0014","1.0010","1.0018","1.0019",3368,2847,2823,3153,3871,3617,3819,3852
"C00_C97","2000_2005","2016_2020",15,"Homeownership_tertile_3_EQI_Land+SM+PA+OB","1.00(1.00,1.00)","0.98(0.95,1.00)","0.97(0.94,0.99)","0.96(0.93,0.99)","1.00(0.97,1.03)","0.0619","0.0081","0.0090","0.8575","0.9999","0.9999","1.0011","1.0006",3498,3101,2680,2745,3388,3465,3172,3082
"C00_C97","2000_2005","2016_2020",15,"Homeownership_tertile_3_EQI_Built+SM+PA+OB","1.00(1.00,1.00)","1.04(1.01,1.06)","1.04(1.01,1.06)","1.03(1.00,1.05)","1.02(0.99,1.05)","0.0010","0.0019","0.0489","0.2510","1.0010","1.0001","1.0006","1.0007",4546,4069,4235,4124,3526,3718,3710,3775
"C00_C97","2000_2005","2016_2020",15,"Homeownership_tertile_3_EQI_Social+SM+PA+OB","1.00(1.00,1.00)","1.00(0.98,1.03)","1.01(0.99,1.04)","1.01(0.98,1.04)","1.03(1.00,1.06)","0.9238","0.3010","0.4068","0.0802","1.0008","1.0010","1.0013","1.0009",3816,3107,2749,2497,3854,3641,3184,3024
"C00_C97","2000_2005","2021_2024",20,"Homeownership_tertile_3_EQI+SM+PA+OB","1.00(1.00,1.00)","1.05(1.02,1.08)","1.04(1.02,1.07)","1.06(1.03,1.09)","1.06(1.02,1.09)","0.0002","0.0031","0.0006","0.0015","0.9999","1.0010","1.0005","1.0015",5361,4932,4179,4072,3956,3982,3970,3653
"C00_C97","2000_2005","2021_2024",20,"Homeownership_tertile_3_EQI_Air+SM+PA+OB","1.00(1.00,1.00)","1.07(1.04,1.10)","1.05(1.02,1.08)","1.04(1.00,1.07)","1.02(0.99,1.06)","0.0002","0.0015","0.0406","0.2564","1.0020","1.0006","1.0007","1.0003",5051,4713,4422,5390,3560,3662,3679,3777
"C00_C97","2000_2005","2021_2024",20,"Homeownership_tertile_3_EQI_Water+SM+PA+OB","1.00(1.00,1.00)","0.99(0.96,1.02)","1.01(0.98,1.05)","1.03(1.00,1.06)","1.03(1.00,1.07)","0.5097","0.4180","0.1044","0.0748","0.9998","1.0004","1.0003","1.0005",4584,4514,4923,4958,3563,3907,3824,3921
"C00_C97","2000_2005","2021_2024",20,"Homeownership_tertile_3_EQI_Land+SM+PA+OB","1.00(1.00,1.00)","0.99(0.97,1.02)","1.00(0.97,1.02)","0.98(0.95,1.02)","1.02(0.98,1.05)","0.6955","0.7800","0.3176","0.3314","1.0002","1.0001","1.0004","1.0013",6006,5388,5216,5465,4223,4114,3859,4320
"C00_C97","2000_2005","2021_2024",20,"Homeownership_tertile_3_EQI_Built+SM+PA+OB","1.00(1.00,1.00)","1.04(1.01,1.06)","1.05(1.02,1.07)","1.03(1.00,1.07)","1.03(0.99,1.06)","0.0035","0.0027","0.0306","0.1539","1.0002","1.0010","1.0003","1.0004",6472,6140,6609,5917,3815,3991,4010,3940
"C00_C97","2000_2005","2021_2024",20,"Homeownership_tertile_3_EQI_Social+SM+PA+OB","1.00(1.00,1.00)","1.01(0.98,1.04)","1.00(0.97,1.03)","1.02(0.99,1.05)","1.03(0.99,1.06)","0.6201","0.7767","0.2227","0.1289","1.0009","1.0001","0.9999","1.0007",6305,5194,4769,4329,4040,3761,3914,3902
