ICD_Code,EQI_Period,AAMR_Period,Lag,Model,Q1,Q2,Q3,Q4,Q5,Q2_p,Q3_p,Q4_p,Q5_p,Q2_rhat,Q3_rhat,Q4_rhat,Q5_rhat,Q2_ess_bulk,Q3_ess_bulk,Q4_ess_bulk,Q5_ess_bulk,Q2_ess_tail,Q3_ess_tail,Q4_ess_tail,Q5_ess_tail
C00_C97,2000_2005,2006_2010,5,Census_Region_1_EQI+SM+PA+OB,0.00,"-1.12(-8.40,6.04)","1.68(-3.91,7.20)","0.35(-5.05,5.62)","2.97(-2.31,8.17)",0.7446,0.5471,0.8905,0.2962,1.0013,1.0009,0.9998,1.0000,3463,2588,2247,2135,2752,2861,2844,2694
"C00_C97","2000_2005","2006_2010",5,"Census_Region_1_EQI_Air+SM+PA+OB","0.00","-0.53(-7.30,6.38)","0.59(-5.18,6.46)","-0.10(-5.84,5.66)","0.22(-5.39,5.79)","0.8805","0.8355","0.9650","0.9435","1.0003","1.0017","1.0008","1.0002",2949,1920,1851,1846,2596,2288,2584,2205
"C00_C97","2000_2005","2006_2010",5,"Census_Region_1_EQI_Water+SM+PA+OB","0.00","0.81(-4.22,5.68)","5.26(0.19,10.53)","-0.05(-4.32,4.37)","2.05(-2.44,6.56)","0.7556","0.0437","0.9770","0.3512","1.0004","1.0001","1.0006","1.0025",3766,2854,2645,2687,3314,2724,2822,2853
"C00_C97","2000_2005","2006_2010",5,"Census_Region_1_EQI_Land+SM+PA+OB","0.00","-0.30(-6.04,5.23)","1.29(-3.80,6.31)","-0.13(-5.28,4.88)","0.18(-5.08,5.40)","0.9240","0.5971","0.9580","0.9450","0.9999","1.0001","1.0009","1.0004",2510,2080,2104,2252,2796,2675,2651,2631
"C00_C97","2000_2005","2006_2010",5,"Census_Region_1_EQI_Built+SM+PA+OB","0.00","3.25(-3.07,9.44)","-3.34(-8.60,1.80)","1.98(-3.04,7.02)","3.10(-1.98,8.10)","0.2982","0.1912","0.4496","0.2327","1.0000","1.0021","1.0011","1.0013",3119,2223,2020,1973,2865,2885,3038,2965
"C00_C97","2000_2005","2006_2010",5,"Census_Region_1_EQI_Social+SM+PA+OB","0.00","0.26(-5.53,6.05)","-3.48(-8.45,1.63)","-4.31(-9.23,0.40)","-0.35(-5.51,4.89)","0.9185","0.1757","0.0852","0.8795","1.0022","1.0001","1.0000","1.0002",3226,2629,2316,2215,3281,3059,2646,2923
"C00_C97","2000_2005","2011_2015",10,"Census_Region_1_EQI+SM+PA+OB","0.00","-2.20(-8.51,4.04)","1.09(-4.64,6.79)","-0.41(-5.84,5.03)","0.63(-4.90,6.02)","0.5036","0.6991","0.8770","0.8265","1.0010","1.0003","1.0000","1.0002",2700,1957,1637,1635,3044,2483,2353,2639
"C00_C97","2000_2005","2011_2015",10,"Census_Region_1_EQI_Air+SM+PA+OB","0.00","0.97(-5.55,7.56)","-0.30(-6.16,5.28)","0.04(-5.44,5.58)","-1.14(-6.56,4.25)","0.7796","0.9165","0.9835","0.6761","0.9997","1.0002","1.0004","1.0003",3364,2576,2225,2409,3371,2954,2716,2482
"C00_C97","2000_2005","2011_2015",10,"Census_Region_1_EQI_Water+SM+PA+OB","0.00","-0.07(-4.23,4.35)","5.13(0.55,9.55)","2.21(-1.69,5.99)","1.97(-2.06,5.99)","0.9655","0.0292","0.2777","0.3167","1.0001","1.0013","1.0003","1.0008",3731,2662,2608,3122,3008,2598,2736,2817
"C00_C97","2000_2005","2011_2015",10,"Census_Region_1_EQI_Land+SM+PA+OB","0.00","1.84(-3.58,7.15)","2.96(-1.89,7.82)","1.24(-3.71,6.11)","2.73(-2.25,7.68)","0.4911","0.2402","0.5976","0.2832","1.0005","1.0008","1.0026","1.0026",2169,1732,1847,1954,1956,2112,2152,2201
"C00_C97","2000_2005","2011_2015",10,"Census_Region_1_EQI_Built+SM+PA+OB","0.00","-1.05(-7.09,5.10)","-4.53(-9.44,0.47)","0.54(-4.50,5.54)","0.73(-4.17,5.80)","0.7396","0.0832","0.8285","0.7886","1.0004","1.0002","1.0006","1.0000",3564,2456,2282,2299,2677,2672,2266,2523
"C00_C97","2000_2005","2011_2015",10,"Census_Region_1_EQI_Social+SM+PA+OB","0.00","-1.81(-6.88,3.44)","-5.77(-10.46,-1.18)","-4.49(-9.20,0.18)","-3.66(-8.49,1.30)","0.4776","0.0152","0.0652","0.1392","0.9998","1.0003","1.0015","1.0017",3010,2617,2293,2155,3090,3245,2675,2720
"C00_C97","2000_2005","2016_2020",15,"Census_Region_1_EQI+SM+PA+OB","0.00","-4.75(-11.14,1.81)","-0.78(-6.43,5.03)","-0.64(-5.98,4.87)","0.42(-4.96,6.09)","0.1607","0.7691","0.7991","0.8830","1.0031","1.0011","1.0008","1.0010",2745,2140,1878,1838,2796,2845,2627,2326
"C00_C97","2000_2005","2016_2020",15,"Census_Region_1_EQI_Air+SM+PA+OB","0.00","1.16(-5.04,7.30)","-0.18(-5.52,5.76)","-1.90(-7.46,3.66)","-3.72(-9.28,1.70)","0.7206","0.9370","0.4816","0.1707","0.9998","0.9997","0.9995","0.9999",3592,2755,2874,2889,3481,2911,2994,2531
"C00_C97","2000_2005","2016_2020",15,"Census_Region_1_EQI_Water+SM+PA+OB","0.00","1.19(-3.21,5.54)","2.72(-1.78,7.07)","4.95(0.81,8.81)","3.93(0.06,7.85)","0.6016","0.2177","0.0162","0.0482","1.0010","1.0000","1.0029","1.0021",3739,3657,2783,3278,3327,3130,2534,2776
"C00_C97","2000_2005","2016_2020",15,"Census_Region_1_EQI_Land+SM+PA+OB","0.00","0.57(-4.87,5.84)","2.34(-2.61,7.27)","2.76(-2.02,7.70)","1.97(-2.99,6.99)","0.8460","0.3442","0.2587","0.4361","1.0014","1.0001","1.0001","1.0000",2943,2396,2385,2336,2991,2878,2739,2438
"C00_C97","2000_2005","2016_2020",15,"Census_Region_1_EQI_Built+SM+PA+OB","0.00","0.10(-5.92,6.14)","-3.77(-8.68,1.47)","1.18(-3.78,6.25)","0.73(-4.08,5.84)","0.9795","0.1547","0.6541","0.7886","1.0003","1.0010","1.0013","1.0021",3166,2556,2415,2265,2887,2727,2812,2816
"C00_C97","2000_2005","2016_2020",15,"Census_Region_1_EQI_Social+SM+PA+OB","0.00","-1.01(-6.25,4.12)","-2.25(-6.84,2.26)","-0.72(-5.18,3.79)","0.92(-3.97,5.63)","0.7101","0.3437","0.7541","0.7136","1.0015","1.0008","1.0015","1.0003",3309,2172,2365,2464,2668,2988,2734,2758
"C00_C97","2000_2005","2021_2024",20,"Census_Region_1_EQI+SM+PA+OB","0.00","-2.69(-9.77,4.91)","1.61(-4.70,7.90)","-0.49(-6.40,5.48)","-3.58(-9.50,2.35)","0.4851","0.6211","0.8615","0.2267","1.0011","1.0015","1.0009","1.0013",3445,2407,2028,2180,2740,2651,2477,3050
"C00_C97","2000_2005","2021_2024",20,"Census_Region_1_EQI_Air+SM+PA+OB","0.00","2.58(-4.43,9.84)","2.74(-3.28,9.01)","-2.06(-8.34,4.00)","-7.55(-13.49,-1.67)","0.4851","0.3907","0.5211","0.0137","1.0001","1.0008","0.9998","0.9998",4350,2930,2919,2540,3246,2895,3045,2944
"C00_C97","2000_2005","2021_2024",20,"Census_Region_1_EQI_Water+SM+PA+OB","0.00","-2.34(-8.20,3.43)","3.74(-2.82,9.97)","4.88(-0.38,10.35)","6.75(0.94,12.57)","0.4326","0.2507","0.0722","0.0197","1.0009","1.0004","1.0000","1.0006",4230,4865,3804,3948,3078,3009,3144,3301
"C00_C97","2000_2005","2021_2024",20,"Census_Region_1_EQI_Land+SM+PA+OB","0.00","-1.43(-7.41,4.62)","1.43(-3.92,6.68)","4.00(-1.35,9.29)","1.25(-4.16,6.74)","0.6461","0.6151","0.1497","0.6656","1.0012","1.0017","1.0025","1.0016",2998,2669,2728,2879,2837,2992,2666,3019
"C00_C97","2000_2005","2021_2024",20,"Census_Region_1_EQI_Built+SM+PA+OB","0.00","1.98(-5.06,8.91)","-5.19(-10.84,0.74)","-0.96(-6.36,4.84)","-2.02(-7.61,3.63)","0.5421","0.0842","0.7306","0.4726","1.0014","1.0001","1.0006","1.0005",4176,3169,2814,2597,3382,3084,2732,2590
"C00_C97","2000_2005","2021_2024",20,"Census_Region_1_EQI_Social+SM+PA+OB","0.00","3.71(-2.59,9.84)","0.84(-4.55,6.45)","0.73(-4.66,6.07)","1.15(-4.35,6.95)","0.2592","0.7741","0.7791","0.6996","1.0009","1.0005","1.0003","1.0005",3839,3027,2922,2543,3222,2768,3132,2987
"C00_C97","2000_2005","2006_2010",5,"Census_Region_2_EQI+SM+PA+OB","0.00","14.23(8.90,19.66)","19.46(14.44,24.40)","19.53(14.39,24.54)","24.74(19.47,29.92)","0.0002","0.0002","0.0002","0.0002","1.0015","1.0002","1.0000","1.0004",2819,1751,1897,1520,2885,2828,2670,2633
"C00_C97","2000_2005","2006_2010",5,"Census_Region_2_EQI_Air+SM+PA+OB","0.00","8.14(3.73,12.51)","11.47(7.04,15.95)","12.29(7.59,17.19)","13.66(8.36,18.90)","0.0002","0.0002","0.0002","0.0002","1.0004","1.0010","1.0000","1.0008",2858,2693,2388,2423,3154,2938,3064,2677
"C00_C97","2000_2005","2006_2010",5,"Census_Region_2_EQI_Water+SM+PA+OB","0.00","-5.03(-10.15,-0.02)","2.42(-2.60,7.43)","3.34(-1.43,8.16)","5.76(0.25,11.30)","0.0492","0.3622","0.1727","0.0442","1.0016","1.0010","1.0004","1.0008",2739,2472,2640,2911,3121,2847,3068,2469
"C00_C97","2000_2005","2006_2010",5,"Census_Region_2_EQI_Land+SM+PA+OB","0.00","7.56(1.87,13.18)","7.78(2.68,12.99)","8.00(2.95,13.11)","9.58(4.42,14.87)","0.0097","0.0027","0.0017","0.0007","1.0006","1.0004","1.0018","1.0013",3065,2674,2306,2341,3013,3040,2674,2897
"C00_C97","2000_2005","2006_2010",5,"Census_Region_2_EQI_Built+SM+PA+OB","0.00","9.22(4.63,13.59)","8.16(3.83,12.58)","9.45(4.97,13.84)","13.11(8.17,17.78)","0.0002","0.0007","0.0002","0.0002","0.9996","0.9998","1.0002","1.0013",2885,2369,2421,2336,2909,2777,2762,2990
"C00_C97","2000_2005","2006_2010",5,"Census_Region_2_EQI_Social+SM+PA+OB","0.00","-7.03(-12.48,-1.46)","-4.90(-9.90,0.17)","-1.33(-6.26,3.68)","2.26(-3.25,7.63)","0.0147","0.0582","0.6081","0.4216","1.0002","1.0014","1.0010","1.0010",3130,2344,2153,2007,2863,2635,2757,2589
"C00_C97","2000_2005","2011_2015",10,"Census_Region_2_EQI+SM+PA+OB","0.00","15.77(10.61,20.83)","21.66(16.77,26.42)","22.06(17.16,26.91)","24.69(19.42,29.84)","0.0002","0.0002","0.0002","0.0002","1.0012","1.0003","1.0003","1.0022",2852,2395,2076,2048,3193,2828,2928,2586
"C00_C97","2000_2005","2011_2015",10,"Census_Region_2_EQI_Air+SM+PA+OB","0.00","10.76(6.59,14.88)","12.08(7.59,16.47)","12.86(8.26,17.45)","10.78(5.98,15.58)","0.0002","0.0002","0.0002","0.0002","1.0003","1.0004","1.0003","1.0008",3420,3248,2877,2724,3294,3402,3104,3026
"C00_C97","2000_2005","2011_2015",10,"Census_Region_2_EQI_Water+SM+PA+OB","0.00","-5.75(-10.48,-0.93)","0.92(-3.90,6.14)","2.33(-2.39,7.34)","6.03(0.42,11.39)","0.0177","0.7121","0.3352","0.0382","0.9997","1.0003","1.0010","1.0018",3458,2937,2878,2788,3038,3251,2856,2525
"C00_C97","2000_2005","2011_2015",10,"Census_Region_2_EQI_Land+SM+PA+OB","0.00","3.28(-1.87,8.51)","4.58(-0.47,9.74)","8.10(3.13,13.12)","8.75(3.57,13.92)","0.2412","0.0762","0.0012","0.0007","1.0026","1.0017","1.0031","1.0017",2635,2259,1864,2165,2582,2967,2600,2775
"C00_C97","2000_2005","2011_2015",10,"Census_Region_2_EQI_Built+SM+PA+OB","0.00","11.90(7.56,16.33)","9.84(5.62,14.07)","12.90(8.67,17.31)","15.32(10.66,19.77)","0.0002","0.0002","0.0002","0.0002","1.0001","1.0004","1.0002","1.0000",3227,2559,2825,2547,2801,2916,3207,2876
"C00_C97","2000_2005","2011_2015",10,"Census_Region_2_EQI_Social+SM+PA+OB","0.00","-1.42(-6.68,3.79)","-2.55(-7.26,2.29)","0.48(-4.50,5.39)","1.14(-4.36,6.84)","0.5911","0.3027","0.8515","0.6871","1.0005","0.9998","1.0002","1.0009",3166,2525,2235,2238,3033,2918,2823,2979
"C00_C97","2000_2005","2016_2020",15,"Census_Region_2_EQI+SM+PA+OB","0.00","15.60(10.61,20.53)","18.53(14.11,23.06)","18.54(14.13,22.85)","21.84(17.02,26.58)","0.0002","0.0002","0.0002","0.0002","1.0008","1.0015","1.0016","1.0013",2491,1845,1608,1705,2883,2341,2651,2391
"C00_C97","2000_2005","2016_2020",15,"Census_Region_2_EQI_Air+SM+PA+OB","0.00","7.04(3.15,11.11)","10.24(6.18,14.38)","11.68(7.38,15.86)","9.21(4.37,13.88)","0.0002","0.0002","0.0002","0.0007","1.0007","1.0004","1.0010","1.0010",3237,2463,2424,2217,3110,2306,2546,2147
"C00_C97","2000_2005","2016_2020",15,"Census_Region_2_EQI_Water+SM+PA+OB","0.00","-3.91(-8.56,0.51)","1.86(-2.73,6.24)","2.13(-2.54,6.46)","4.46(-0.62,9.33)","0.0882","0.4106","0.3522","0.0822","1.0007","1.0011","1.0007","0.9999",3005,2641,2674,2918,2590,2926,2988,3200
"C00_C97","2000_2005","2016_2020",15,"Census_Region_2_EQI_Land+SM+PA+OB","0.00","3.89(-1.20,8.79)","3.85(-0.81,8.41)","6.51(1.83,11.13)","9.80(4.90,14.49)","0.1232","0.1097","0.0087","0.0002","1.0002","1.0020","1.0019","1.0019",3143,2543,2326,2423,3011,2993,3004,2709
"C00_C97","2000_2005","2016_2020",15,"Census_Region_2_EQI_Built+SM+PA+OB","0.00","11.19(6.97,15.27)","10.86(6.87,14.77)","10.19(6.11,14.21)","12.73(8.55,16.87)","0.0002","0.0002","0.0002","0.0002","0.9999","1.0005","1.0014","1.0005",3142,2517,2423,2424,2911,2708,2518,2869
"C00_C97","2000_2005","2016_2020",15,"Census_Region_2_EQI_Social+SM+PA+OB","0.00","-5.82(-11.07,-0.84)","-1.33(-5.79,3.40)","-1.83(-6.46,2.96)","-1.14(-6.14,4.18)","0.0197","0.5541","0.4431","0.6641","1.0012","1.0032","1.0036","1.0027",2938,2287,2057,2016,2936,2658,2137,2315
"C00_C97","2000_2005","2021_2024",20,"Census_Region_2_EQI+SM+PA+OB","0.00","14.73(8.94,20.68)","19.33(13.80,24.68)","16.71(11.37,21.94)","15.41(9.51,21.25)","0.0002","0.0002","0.0002","0.0002","1.0010","1.0023","1.0010","1.0020",2772,2559,2371,2120,2893,2882,2775,2928
"C00_C97","2000_2005","2021_2024",20,"Census_Region_2_EQI_Air+SM+PA+OB","0.00","9.61(4.65,14.57)","11.25(6.15,16.44)","8.44(3.05,13.87)","3.11(-2.89,9.08)","0.0002","0.0002","0.0032","0.3022","1.0003","1.0006","1.0014","1.0007",3683,2849,2802,2684,3071,3233,3023,3272
"C00_C97","2000_2005","2021_2024",20,"Census_Region_2_EQI_Water+SM+PA+OB","0.00","-3.22(-8.83,2.49)","2.00(-3.73,7.73)","3.89(-1.61,9.42)","4.19(-1.91,10.31)","0.2632","0.4951","0.1687","0.1732","1.0010","1.0007","1.0001","1.0005",3411,2978,3029,3241,2874,2962,3311,3195
"C00_C97","2000_2005","2021_2024",20,"Census_Region_2_EQI_Land+SM+PA+OB","0.00","1.87(-4.24,8.02)","1.93(-3.56,7.47)","4.79(-0.84,10.59)","7.31(1.52,13.18)","0.5721","0.5021","0.0912","0.0117","1.0009","1.0016","1.0005","1.0008",3506,2878,2516,2478,3091,2944,3082,2858
"C00_C97","2000_2005","2021_2024",20,"Census_Region_2_EQI_Built+SM+PA+OB","0.00","10.04(4.94,15.32)","9.14(3.93,14.24)","9.41(4.16,14.53)","10.31(4.94,15.63)","0.0002","0.0007","0.0002","0.0002","1.0001","1.0000","1.0020","1.0002",3627,3500,3313,3029,3146,2982,3116,3342
"C00_C97","2000_2005","2021_2024",20,"Census_Region_2_EQI_Social+SM+PA+OB","0.00","-4.55(-10.69,1.47)","-4.38(-10.00,1.11)","0.98(-4.47,6.51)","-0.43(-6.37,5.60)","0.1507","0.1147","0.7371","0.8880","1.0007","1.0001","1.0003","1.0031",3957,2991,2543,2388,3136,3109,2665,2889
"C00_C97","2000_2005","2006_2010",5,"Census_Region_3_EQI+SM+PA+OB","0.00","7.52(3.88,10.92)","9.76(6.15,13.45)","11.41(7.28,15.53)","15.54(10.64,20.64)","0.0002","0.0002","0.0002","0.0002","1.0002","1.0010","1.0009","1.0013",2622,2523,2558,2212,2666,2727,2865,2648
"C00_C97","2000_2005","2006_2010",5,"Census_Region_3_EQI_Air+SM+PA+OB","0.00","9.77(5.53,14.15)","11.18(6.99,15.28)","12.95(8.67,17.16)","16.09(11.44,20.62)","0.0002","0.0002","0.0002","0.0002","1.0000","1.0004","1.0004","1.0009",2792,2561,2504,2592,3187,2670,2937,2939
"C00_C97","2000_2005","2006_2010",5,"Census_Region_3_EQI_Water+SM+PA+OB","0.00","-0.15(-4.37,3.90)","-0.23(-4.28,4.00)","4.02(-0.43,8.52)","-1.80(-6.42,2.81)","0.9410","0.9100","0.0752","0.4491","1.0010","1.0014","1.0006","1.0004",3299,2975,3279,3265,2553,3192,3015,3121
"C00_C97","2000_2005","2006_2010",5,"Census_Region_3_EQI_Land+SM+PA+OB","0.00","-3.43(-6.36,-0.65)","-0.55(-4.09,2.90)","-0.13(-4.86,4.58)","-1.72(-7.47,4.08)","0.0172","0.7511","0.9775","0.5706","1.0006","1.0030","0.9999","1.0015",5095,4667,4875,4631,3396,2915,2868,2649
"C00_C97","2000_2005","2006_2010",5,"Census_Region_3_EQI_Built+SM+PA+OB","0.00","6.52(3.12,9.86)","9.69(6.09,13.22)","9.99(6.34,13.70)","13.45(9.33,17.49)","0.0002","0.0002","0.0002","0.0002","1.0004","1.0000","1.0007","1.0006",4253,3689,3511,3784,3444,3332,3362,3157
"C00_C97","2000_2005","2006_2010",5,"Census_Region_3_EQI_Social+SM+PA+OB","0.00","0.54(-2.63,3.75)","-2.39(-6.07,1.29)","1.15(-2.94,5.32)","2.07(-3.03,7.12)","0.7506","0.2182","0.6016","0.4171","0.9998","1.0005","1.0003","1.0011",3576,2942,3085,2871,3457,2754,3455,3056
"C00_C97","2000_2005","2011_2015",10,"Census_Region_3_EQI+SM+PA+OB","0.00","8.15(4.96,11.16)","10.60(7.20,13.92)","13.19(9.26,17.03)","13.69(8.85,18.40)","0.0002","0.0002","0.0002","0.0002","1.0002","1.0008","1.0019","1.0011",3303,2745,2286,2270,2814,2850,2779,2853
"C00_C97","2000_2005","2011_2015",10,"Census_Region_3_EQI_Air+SM+PA+OB","0.00","7.63(3.72,11.65)","11.83(7.82,15.79)","11.92(7.91,16.01)","14.33(9.75,18.77)","0.0017","0.0002","0.0002","0.0002","0.9997","1.0006","1.0004","1.0005",2660,2433,2285,2371,2831,2936,2734,2878
"C00_C97","2000_2005","2011_2015",10,"Census_Region_3_EQI_Water+SM+PA+OB","0.00","1.42(-2.44,5.42)","-0.14(-4.18,3.89)","4.34(0.09,8.60)","0.42(-3.90,4.97)","0.4646","0.9385","0.0462","0.8670","1.0003","1.0003","1.0009","1.0014",2626,2247,2506,2689,2719,2552,2752,2671
"C00_C97","2000_2005","2011_2015",10,"Census_Region_3_EQI_Land+SM+PA+OB","0.00","-0.65(-3.37,2.11)","-2.21(-5.30,0.97)","-1.07(-5.25,3.38)","0.65(-4.79,5.98)","0.6201","0.1662","0.6346","0.8050","1.0001","1.0009","1.0006","1.0022",4097,3891,4454,4962,2814,3375,3008,3483
"C00_C97","2000_2005","2011_2015",10,"Census_Region_3_EQI_Built+SM+PA+OB","0.00","5.87(2.71,8.90)","10.42(7.10,13.57)","9.17(5.69,12.62)","14.60(10.67,18.54)","0.0002","0.0002","0.0002","0.0002","1.0009","1.0012","1.0021","1.0012",3381,3307,3479,3133,2969,3161,3221,3091
"C00_C97","2000_2005","2011_2015",10,"Census_Region_3_EQI_Social+SM+PA+OB","0.00","0.02(-3.04,3.01)","-2.98(-6.52,0.73)","-2.45(-6.69,1.70)","-0.30(-5.03,4.57)","0.9955","0.1082","0.2437","0.9135","1.0017","1.0007","1.0010","1.0012",2938,2984,2661,2450,2960,3183,2651,2792
"C00_C97","2000_2005","2016_2020",15,"Census_Region_3_EQI+SM+PA+OB","0.00","6.99(3.98,9.94)","8.20(5.05,11.41)","9.82(6.14,13.52)","10.92(6.38,15.48)","0.0002","0.0002","0.0002","0.0002","1.0005","1.0010","1.0003","1.0018",3072,2908,2177,2266,3087,2973,2925,2821
"C00_C97","2000_2005","2016_2020",15,"Census_Region_3_EQI_Air+SM+PA+OB","0.00","5.22(1.33,9.25)","6.67(2.75,10.54)","9.39(5.45,13.25)","9.64(5.42,13.85)","0.0087","0.0002","0.0002","0.0002","1.0005","0.9997","1.0011","1.0011",2776,2563,2339,2683,3039,2780,2771,2901
"C00_C97","2000_2005","2016_2020",15,"Census_Region_3_EQI_Water+SM+PA+OB","0.00","-0.09(-3.73,3.59)","-0.74(-4.52,3.07)","1.26(-2.70,5.26)","-1.72(-5.93,2.63)","0.9625","0.7006","0.5356","0.4291","1.0002","1.0007","1.0006","1.0003",2872,2765,2950,2867,2722,2956,3063,2951
"C00_C97","2000_2005","2016_2020",15,"Census_Region_3_EQI_Land+SM+PA+OB","0.00","-0.18(-2.70,2.41)","-2.21(-5.23,0.92)","-1.61(-5.66,2.67)","-0.18(-5.29,4.87)","0.8905","0.1537","0.4626","0.9445","1.0006","1.0007","1.0015","1.0001",4112,4549,5190,4714,2807,2881,3182,2834
"C00_C97","2000_2005","2016_2020",15,"Census_Region_3_EQI_Built+SM+PA+OB","0.00","6.73(3.84,9.59)","9.37(6.29,12.50)","9.46(6.24,12.66)","14.56(10.84,18.21)","0.0002","0.0002","0.0002","0.0002","1.0013","1.0014","1.0001","1.0011",3966,3369,3051,3033,3089,2869,3181,3187
"C00_C97","2000_2005","2016_2020",15,"Census_Region_3_EQI_Social+SM+PA+OB","0.00","1.14(-1.65,3.99)","-2.96(-6.35,0.46)","-2.04(-6.05,1.84)","0.72(-3.96,5.27)","0.4266","0.0867","0.3152","0.7486","1.0008","1.0026","1.0010","1.0015",3758,3191,3137,2695,3320,3130,3033,2932
"C00_C97","2000_2005","2021_2024",20,"Census_Region_3_EQI+SM+PA+OB","0.00","8.65(4.90,12.36)","7.99(4.04,12.07)","7.55(3.31,11.88)","9.02(3.60,14.47)","0.0002","0.0002","0.0017","0.0012","1.0002","1.0013","0.9998","1.0015",2953,2807,2613,2575,2916,2833,2838,2917
"C00_C97","2000_2005","2021_2024",20,"Census_Region_3_EQI_Air+SM+PA+OB","0.00","6.74(1.94,11.51)","8.60(4.00,13.03)","8.15(3.68,12.65)","7.36(2.51,12.28)","0.0072","0.0002","0.0007","0.0037","0.9997","1.0000","1.0007","1.0004",3171,2717,2616,2513,2961,2932,2819,2252
"C00_C97","2000_2005","2021_2024",20,"Census_Region_3_EQI_Water+SM+PA+OB","0.00","-1.44(-5.71,3.06)","-0.44(-4.86,4.16)","5.04(0.20,10.00)","-2.84(-7.85,2.13)","0.5271","0.8500","0.0417","0.2647","1.0012","1.0005","0.9998","1.0013",3151,3193,3058,3042,2874,3062,2728,2997
"C00_C97","2000_2005","2021_2024",20,"Census_Region_3_EQI_Land+SM+PA+OB","0.00","-1.13(-4.43,2.12)","-0.96(-4.76,2.94)","0.48(-4.75,5.34)","-0.11(-6.36,6.08)","0.5001","0.6116","0.8415","0.9875","1.0011","1.0011","1.0004","1.0009",4540,4621,4475,4496,3139,3591,2927,2609
"C00_C97","2000_2005","2021_2024",20,"Census_Region_3_EQI_Built+SM+PA+OB","0.00","8.99(5.40,12.76)","10.45(6.50,14.30)","12.79(8.55,17.10)","18.05(13.45,22.51)","0.0002","0.0002","0.0002","0.0002","0.9998","1.0013","1.0002","1.0014",3850,4179,3358,3762,3133,3337,2877,3157
"C00_C97","2000_2005","2021_2024",20,"Census_Region_3_EQI_Social+SM+PA+OB","0.00","1.21(-2.34,4.66)","-4.26(-8.53,-0.09)","-5.45(-10.10,-0.74)","-3.20(-8.70,2.25)","0.5106","0.0432","0.0237","0.2537","1.0004","1.0003","1.0012","1.0007",3497,3474,3324,2909,2700,2754,3169,2884
"C00_C97","2000_2005","2006_2010",5,"Census_Region_4_EQI+SM+PA+OB","0.00","4.72(-2.58,11.80)","7.76(0.91,14.63)","9.01(1.79,16.03)","11.23(3.72,18.46)","0.1997","0.0242","0.0167","0.0027","1.0019","1.0027","1.0007","1.0001",4682,4743,4143,3528,2932,3034,3144,3306
"C00_C97","2000_2005","2006_2010",5,"Census_Region_4_EQI_Air+SM+PA+OB","0.00","8.76(1.94,15.40)","8.10(0.90,15.28)","7.04(0.02,14.18)","7.08(-0.97,15.03)","0.0097","0.0272","0.0502","0.0792","1.0009","1.0024","1.0009","1.0008",5639,4664,4621,4019,3308,2679,3168,2896
"C00_C97","2000_2005","2006_2010",5,"Census_Region_4_EQI_Water+SM+PA+OB","0.00","-15.58(-23.24,-7.67)","1.57(-5.78,9.05)","-1.36(-8.62,6.13)","5.00(-1.77,11.57)","0.0002","0.6821","0.7036","0.1372","0.9999","0.9999","1.0000","1.0015",4093,4584,3721,3894,2718,2961,3189,2625
"C00_C97","2000_2005","2006_2010",5,"Census_Region_4_EQI_Land+SM+PA+OB","0.00","-3.89(-12.66,4.86)","1.36(-5.99,8.56)","3.44(-3.36,10.25)","8.67(1.22,15.80)","0.3957","0.7216","0.3147","0.0252","1.0003","1.0014","1.0006","1.0016",6096,4352,3626,2750,2832,2781,2632,2673
"C00_C97","2000_2005","2006_2010",5,"Census_Region_4_EQI_Built+SM+PA+OB","0.00","3.08(-4.12,10.32)","6.87(-0.15,13.90)","9.01(1.88,15.85)","4.38(-2.48,11.48)","0.4161","0.0577","0.0087","0.2142","1.0008","1.0010","1.0005","1.0004",4853,4859,4820,3282,3109,2644,2952,3139
"C00_C97","2000_2005","2006_2010",5,"Census_Region_4_EQI_Social+SM+PA+OB","0.00","-1.61(-7.87,4.98)","2.39(-4.25,9.05)","6.70(-0.44,13.71)","6.18(-1.39,13.65)","0.6651","0.4736","0.0637","0.1077","1.0017","1.0002","1.0004","1.0004",6004,5242,5075,3979,3050,2919,2817,3182
"C00_C97","2000_2005","2011_2015",10,"Census_Region_4_EQI+SM+PA+OB","0.00","4.04(-2.61,10.63)","7.22(0.46,14.06)","9.77(2.95,16.87)","12.76(5.61,20.10)","0.2272","0.0392","0.0067","0.0007","1.0022","1.0013","1.0002","1.0008",5208,4134,3597,2650,2975,2386,2850,2515
"C00_C97","2000_2005","2011_2015",10,"Census_Region_4_EQI_Air+SM+PA+OB","0.00","8.78(2.45,14.83)","6.75(-0.30,13.42)","8.80(2.01,15.39)","8.71(1.41,15.93)","0.0052","0.0612","0.0057","0.0177","1.0012","1.0004","1.0026","1.0030",5469,5009,4854,4667,3354,2964,2996,2861
"C00_C97","2000_2005","2011_2015",10,"Census_Region_4_EQI_Water+SM+PA+OB","0.00","-15.19(-22.33,-7.81)","2.10(-4.77,9.07)","0.07(-7.08,7.36)","4.77(-1.34,10.73)","0.0007","0.5506","0.9825","0.1267","0.9998","0.9997","0.9998","1.0003",4567,4636,3913,4239,3273,3322,2843,3018
"C00_C97","2000_2005","2011_2015",10,"Census_Region_4_EQI_Land+SM+PA+OB","0.00","-2.39(-10.84,5.84)","1.30(-5.51,8.06)","3.84(-2.66,10.56)","8.68(2.34,15.23)","0.5831","0.7091","0.2367","0.0037","1.0017","1.0008","0.9995","1.0001",5652,5382,3926,3132,2999,2830,3258,3158
"C00_C97","2000_2005","2011_2015",10,"Census_Region_4_EQI_Built+SM+PA+OB","0.00","1.94(-4.69,8.82)","7.66(0.97,14.14)","9.48(3.14,15.70)","6.47(0.07,12.77)","0.5726","0.0292","0.0032","0.0457","1.0006","1.0006","1.0015","1.0000",5345,4694,4568,3527,3062,3250,2633,3386
"C00_C97","2000_2005","2011_2015",10,"Census_Region_4_EQI_Social+SM+PA+OB","0.00","-1.34(-7.71,4.94)","2.57(-3.43,8.61)","6.30(-0.33,12.92)","4.34(-2.74,11.36)","0.6786","0.4126","0.0632","0.2377","1.0007","1.0007","1.0002","1.0002",5023,5444,4911,3872,3011,3031,2983,3192
"C00_C97","2000_2005","2016_2020",15,"Census_Region_4_EQI+SM+PA+OB","0.00","5.33(-1.14,11.31)","8.60(2.61,14.90)","12.01(5.26,18.40)","12.69(6.08,19.27)","0.1012","0.0067","0.0002","0.0002","1.0042","1.0013","0.9999","1.0018",3950,3807,3177,2746,2991,2783,2904,3214
"C00_C97","2000_2005","2016_2020",15,"Census_Region_4_EQI_Air+SM+PA+OB","0.00","8.50(3.02,13.85)","7.38(1.39,13.46)","8.54(2.51,14.67)","7.42(0.57,14.07)","0.0037","0.0117","0.0052","0.0327","1.0001","1.0012","1.0009","1.0014",4120,4316,4062,3487,2908,3324,3195,3188
"C00_C97","2000_2005","2016_2020",15,"Census_Region_4_EQI_Water+SM+PA+OB","0.00","-16.42(-23.19,-9.09)","4.49(-2.36,11.19)","-1.87(-8.45,4.79)","3.99(-1.81,9.95)","0.0002","0.1992","0.5661","0.1692","1.0004","1.0004","1.0007","1.0001",3829,3200,3201,2857,2966,3315,3212,2946
"C00_C97","2000_2005","2016_2020",15,"Census_Region_4_EQI_Land+SM+PA+OB","0.00","-1.28(-9.07,6.42)","3.88(-2.58,10.45)","3.25(-3.18,9.42)","8.86(2.37,15.44)","0.7496","0.2467","0.2977","0.0087","1.0009","1.0004","1.0032","1.0010",3467,3231,2265,1996,3153,3163,2542,2721
"C00_C97","2000_2005","2016_2020",15,"Census_Region_4_EQI_Built+SM+PA+OB","0.00","2.82(-3.54,9.13)","10.02(3.65,16.27)","11.95(5.98,18.01)","8.97(3.16,14.70)","0.3897","0.0007","0.0002","0.0042","1.0009","1.0002","1.0011","1.0006",4152,3868,3419,2701,3168,3091,3159,3243
"C00_C97","2000_2005","2016_2020",15,"Census_Region_4_EQI_Social+SM+PA+OB","0.00","3.99(-1.82,9.77)","7.06(1.51,12.95)","4.65(-1.59,10.97)","4.14(-2.59,10.79)","0.1767","0.0162","0.1407","0.2252","1.0000","1.0005","1.0014","1.0016",4173,3807,3665,2908,3012,3022,2963,2512
"C00_C97","2000_2005","2021_2024",20,"Census_Region_4_EQI+SM+PA+OB","0.00","7.29(0.18,14.22)","5.47(-1.47,12.32)","7.33(0.12,14.41)","7.22(-0.02,14.26)","0.0447","0.1242","0.0482","0.0512","1.0014","1.0009","1.0020","1.0016",5192,4869,4368,3682,3158,2909,2671,2923
"C00_C97","2000_2005","2021_2024",20,"Census_Region_4_EQI_Air+SM+PA+OB","0.00","8.56(1.98,15.05)","6.04(-0.90,12.99)","4.75(-2.15,11.47)","2.55(-5.07,9.92)","0.0107","0.0952","0.1712","0.5151","1.0000","1.0014","0.9995","0.9998",5313,4515,4856,4762,3386,2756,3169,3183
"C00_C97","2000_2005","2021_2024",20,"Census_Region_4_EQI_Water+SM+PA+OB","0.00","-11.55(-19.19,-4.01)","1.31(-6.04,8.87)","2.56(-5.07,9.89)","3.34(-3.43,10.26)","0.0027","0.7371","0.4901","0.3447","1.0006","1.0006","1.0000","1.0015",3846,3825,3774,3255,2899,3163,2962,3162
"C00_C97","2000_2005","2021_2024",20,"Census_Region_4_EQI_Land+SM+PA+OB","0.00","-3.18(-11.87,5.07)","7.64(-0.04,15.05)","0.21(-6.71,7.08)","4.58(-2.45,11.81)","0.4546","0.0517","0.9585","0.2112","0.9998","1.0009","1.0007","1.0013",5462,3498,3152,2965,3003,2798,3232,3236
"C00_C97","2000_2005","2021_2024",20,"Census_Region_4_EQI_Built+SM+PA+OB","0.00","0.20(-7.03,7.24)","7.22(0.41,14.26)","8.12(1.58,14.84)","2.42(-4.27,9.16)","0.9640","0.0362","0.0197","0.4971","1.0008","1.0009","1.0013","1.0015",4699,3963,3794,3222,2895,2957,3136,3017
"C00_C97","2000_2005","2021_2024",20,"Census_Region_4_EQI_Social+SM+PA+OB","0.00","3.03(-3.49,9.70)","0.22(-6.40,6.65)","4.87(-1.97,11.57)","3.29(-3.98,10.35)","0.3737","0.9385","0.1587","0.3812","1.0017","0.9998","1.0007","1.0000",4990,3707,3993,3043,3215,2837,2942,2981
"C00_C97","2000_2005","2006_2010",5,"koppen_major_B_EQI+SM+PA+OB","0.00","8.24(0.69,15.50)","10.37(3.30,17.47)","10.50(2.43,18.41)","7.48(-0.94,16.14)","0.0302","0.0032","0.0092","0.0777","0.9995","1.0005","0.9999","1.0008",7487,6223,6023,5618,3091,3451,2767,2513
"C00_C97","2000_2005","2006_2010",5,"koppen_major_B_EQI_Air+SM+PA+OB","0.00","7.28(0.06,14.66)","6.33(-1.48,13.92)","5.38(-2.72,13.48)","2.76(-6.24,11.72)","0.0487","0.1062","0.2052","0.5296","1.0004","1.0010","1.0003","1.0026",4674,5382,5428,6256,3044,3017,3344,2779
"C00_C97","2000_2005","2006_2010",5,"koppen_major_B_EQI_Water+SM+PA+OB","0.00","-7.76(-15.58,0.10)","1.75(-6.06,9.59)","5.86(-0.99,13.06)","6.57(-0.59,13.78)","0.0552","0.6506","0.1017","0.0722","1.0009","1.0022","1.0004","1.0002",5168,4596,3460,4669,3033,2652,3073,3147
"C00_C97","2000_2005","2006_2010",5,"koppen_major_B_EQI_Land+SM+PA+OB","0.00","-3.16(-10.47,4.28)","0.88(-6.31,7.98)","0.72(-6.70,7.97)","7.40(-0.16,14.78)","0.4146","0.8065","0.8335","0.0557","0.9998","1.0018","1.0001","1.0013",4255,4217,4161,4682,3076,3069,3420,3333
"C00_C97","2000_2005","2006_2010",5,"koppen_major_B_EQI_Built+SM+PA+OB","0.00","5.37(-2.04,12.62)","9.73(2.04,16.88)","8.37(0.70,15.92)","6.92(-0.79,14.54)","0.1612","0.0137","0.0352","0.0732","1.0001","1.0011","1.0004","1.0025",4967,4578,3958,4053,3418,3030,2883,2862
"C00_C97","2000_2005","2006_2010",5,"koppen_major_B_EQI_Social+SM+PA+OB","0.00","-3.88(-11.35,3.33)","-1.80(-9.31,5.35)","1.76(-5.49,9.34)","4.53(-4.26,13.53)","0.2927","0.6316","0.6636","0.3042","0.9999","1.0003","1.0008","1.0005",4708,3989,4439,5176,2697,2569,3548,2629
"C00_C97","2000_2005","2011_2015",10,"koppen_major_B_EQI+SM+PA+OB","0.00","8.83(1.93,15.78)","10.06(2.98,17.33)","9.80(2.25,17.25)","6.84(-1.24,14.79)","0.0092","0.0097","0.0112","0.0997","0.9997","1.0008","1.0001","1.0007",5520,5267,5486,5829,3183,2948,2965,3265
"C00_C97","2000_2005","2011_2015",10,"koppen_major_B_EQI_Air+SM+PA+OB","0.00","5.68(-1.04,12.22)","4.88(-2.83,12.70)","4.74(-3.05,12.86)","3.08(-5.56,11.89)","0.0972","0.2007","0.2462","0.4836","1.0002","1.0029","1.0006","0.9997",5396,5936,5319,5099,2959,3097,2920,2663
"C00_C97","2000_2005","2011_2015",10,"koppen_major_B_EQI_Water+SM+PA+OB","0.00","-7.84(-15.21,-0.14)","2.81(-4.71,10.33)","5.82(-1.05,12.98)","6.60(-0.24,13.42)","0.0472","0.4626","0.0972","0.0647","1.0013","1.0010","1.0000","1.0007",4566,5276,4508,4825,3242,3104,3193,3276
"C00_C97","2000_2005","2011_2015",10,"koppen_major_B_EQI_Land+SM+PA+OB","0.00","0.32(-6.89,7.09)","-0.86(-7.85,6.23)","2.10(-4.93,9.15)","6.20(-1.24,13.45)","0.9140","0.8105","0.5651","0.0967","1.0007","1.0000","1.0013","1.0002",4401,4033,4025,4291,3296,3163,3105,2942
"C00_C97","2000_2005","2011_2015",10,"koppen_major_B_EQI_Built+SM+PA+OB","0.00","6.62(-0.44,13.65)","8.46(1.20,15.58)","7.94(0.79,14.87)","7.19(-0.31,14.23)","0.0727","0.0202","0.0302","0.0602","1.0020","1.0011","1.0009","1.0014",5279,4917,4430,4415,2911,3270,3015,3405
"C00_C97","2000_2005","2011_2015",10,"koppen_major_B_EQI_Social+SM+PA+OB","0.00","-1.35(-8.16,5.64)","-1.98(-9.16,4.88)","0.43(-6.68,7.81)","2.15(-6.28,10.64)","0.7036","0.5916","0.9205","0.6111","1.0010","1.0002","1.0011","1.0012",4453,4519,4912,5023,2986,3277,2921,2620
"C00_C97","2000_2005","2016_2020",15,"koppen_major_B_EQI+SM+PA+OB","0.00","7.76(1.22,14.61)","10.52(3.87,17.11)","11.20(3.61,18.48)","8.16(0.12,16.18)","0.0202","0.0012","0.0042","0.0472","1.0017","0.9998","0.9995","1.0003",6752,5399,5813,5580,2723,3008,3006,2818
"C00_C97","2000_2005","2016_2020",15,"koppen_major_B_EQI_Air+SM+PA+OB","0.00","6.57(-0.11,13.07)","3.84(-3.43,11.27)","4.66(-2.99,12.17)","2.41(-6.14,10.78)","0.0552","0.3212","0.2192","0.5746","1.0022","1.0017","1.0008","1.0002",5563,6024,5828,5928,3156,2554,3048,2984
"C00_C97","2000_2005","2016_2020",15,"koppen_major_B_EQI_Water+SM+PA+OB","0.00","-8.15(-15.69,-0.61)","4.78(-2.54,11.94)","4.68(-2.07,11.45)","7.15(0.33,13.81)","0.0357","0.1932","0.1882","0.0402","1.0007","1.0002","1.0003","1.0015",6314,4868,4118,4347,3088,3210,3571,2793
"C00_C97","2000_2005","2016_2020",15,"koppen_major_B_EQI_Land+SM+PA+OB","0.00","0.60(-6.73,7.90)","-0.70(-7.64,6.21)","1.24(-5.45,8.16)","4.36(-2.64,11.54)","0.8630","0.8365","0.7351","0.2327","1.0004","1.0005","1.0005","1.0006",4351,4346,4119,4281,3066,2885,2943,3064
"C00_C97","2000_2005","2016_2020",15,"koppen_major_B_EQI_Built+SM+PA+OB","0.00","4.35(-2.14,11.22)","8.88(1.48,15.84)","8.24(1.53,15.06)","8.78(1.55,16.14)","0.1932","0.0167","0.0162","0.0192","1.0012","1.0013","1.0007","1.0026",4650,5065,4018,3917,3117,3055,2893,3152
"C00_C97","2000_2005","2016_2020",15,"koppen_major_B_EQI_Social+SM+PA+OB","0.00","-1.20(-8.28,5.61)","0.55(-6.04,7.10)","0.53(-6.49,7.82)","4.47(-3.57,12.76)","0.7306","0.8720","0.9115","0.2897","1.0023","1.0012","1.0022","0.9999",5400,4917,4947,4765,2614,3041,2872,3150
"C00_C97","2000_2005","2021_2024",20,"koppen_major_B_EQI+SM+PA+OB","0.00","9.83(2.12,17.33)","6.84(-0.80,14.56)","8.41(0.25,16.32)","5.48(-3.19,14.17)","0.0137","0.0777","0.0437","0.2122","1.0019","1.0013","1.0003","0.9999",5934,5323,6191,5683,2998,2791,2990,2750
"C00_C97","2000_2005","2021_2024",20,"koppen_major_B_EQI_Air+SM+PA+OB","0.00","6.62(-0.98,14.09)","3.24(-5.31,11.45)","3.52(-4.83,11.97)","1.52(-7.51,10.53)","0.0867","0.4211","0.4106","0.7431","1.0008","1.0009","0.9997","1.0012",5323,5391,5136,6023,3059,2528,2917,3100
"C00_C97","2000_2005","2021_2024",20,"koppen_major_B_EQI_Water+SM+PA+OB","0.00","-8.74(-16.94,-0.35)","3.85(-4.05,11.75)","8.06(0.54,15.72)","4.63(-2.60,12.05)","0.0442","0.3322","0.0322","0.2157","1.0003","1.0011","1.0022","1.0013",5636,4773,5093,4376,3276,2864,3197,3222
"C00_C97","2000_2005","2021_2024",20,"koppen_major_B_EQI_Land+SM+PA+OB","0.00","0.94(-6.90,8.84)","4.82(-2.61,11.81)","-0.80(-8.11,6.87)","2.88(-5.31,10.68)","0.8125","0.1857","0.8290","0.4816","1.0012","1.0008","1.0009","1.0019",5303,5910,4913,4245,3297,3327,3247,3067
"C00_C97","2000_2005","2021_2024",20,"koppen_major_B_EQI_Built+SM+PA+OB","0.00","4.97(-2.69,12.60)","7.14(-0.54,15.04)","8.91(0.86,16.84)","5.32(-2.71,13.40)","0.1942","0.0672","0.0292","0.1957","1.0004","1.0016","1.0022","1.0016",5246,6008,5383,4980,3088,2909,2681,2876
"C00_C97","2000_2005","2021_2024",20,"koppen_major_B_EQI_Social+SM+PA+OB","0.00","-0.75(-8.50,6.91)","-4.10(-11.63,3.36)","3.86(-4.11,12.01)","1.17(-7.68,9.92)","0.8525","0.2852","0.3317","0.7961","0.9994","0.9995","1.0006","1.0010",5192,5583,5789,5816,2808,3498,3040,2869
"C00_C97","2000_2005","2006_2010",5,"koppen_major_C_EQI+SM+PA+OB","0.00","3.85(0.83,6.79)","5.77(2.69,8.81)","6.83(3.46,10.22)","12.54(8.58,16.54)","0.0147","0.0007","0.0007","0.0002","0.9997","1.0012","1.0007","1.0001",4055,3393,3047,3057,3343,2726,3110,3074
"C00_C97","2000_2005","2006_2010",5,"koppen_major_C_EQI_Air+SM+PA+OB","0.00","7.93(4.03,11.76)","10.42(6.63,14.18)","12.29(8.45,16.10)","15.20(11.25,19.24)","0.0007","0.0002","0.0002","0.0002","1.0003","1.0006","1.0008","1.0009",2530,2189,2143,2170,3207,2798,3058,3168
"C00_C97","2000_2005","2006_2010",5,"koppen_major_C_EQI_Water+SM+PA+OB","0.00","0.92(-2.38,4.11)","-1.79(-4.88,1.32)","0.33(-3.09,3.65)","-0.16(-3.48,3.19)","0.5761","0.2582","0.8335","0.9090","1.0007","1.0004","1.0001","1.0002",3642,3499,4153,3441,3076,3373,3158,3296
"C00_C97","2000_2005","2006_2010",5,"koppen_major_C_EQI_Land+SM+PA+OB","0.00","-0.30(-2.85,2.25)","-0.75(-3.58,1.96)","0.19(-3.02,3.49)","-0.39(-3.95,3.18)","0.8295","0.5936","0.9090","0.8405","1.0011","0.9994","0.9998","0.9999",5025,4420,4749,5047,3414,2961,3108,3362
"C00_C97","2000_2005","2006_2010",5,"koppen_major_C_EQI_Built+SM+PA+OB","0.00","5.47(2.62,8.25)","5.90(2.92,8.77)","7.75(4.76,10.86)","10.73(7.35,14.02)","0.0002","0.0002","0.0002","0.0002","1.0007","1.0003","0.9999","1.0020",4429,4100,3796,3650,3548,3389,3306,3371
"C00_C97","2000_2005","2006_2010",5,"koppen_major_C_EQI_Social+SM+PA+OB","0.00","-1.92(-4.78,0.85)","-4.83(-7.92,-1.76)","-3.37(-6.84,0.11)","-1.37(-5.47,2.62)","0.1752","0.0052","0.0597","0.4951","1.0013","1.0002","1.0001","0.9997",4662,3354,3239,3116,3463,3383,3157,3102
"C00_C97","2000_2005","2011_2015",10,"koppen_major_C_EQI+SM+PA+OB","0.00","4.43(1.68,7.19)","6.88(4.00,9.79)","9.15(5.99,12.28)","11.93(8.26,15.53)","0.0017","0.0002","0.0002","0.0002","1.0012","1.0033","1.0021","1.0013",3390,2834,2653,2906,2914,3360,2825,3153
"C00_C97","2000_2005","2011_2015",10,"koppen_major_C_EQI_Air+SM+PA+OB","0.00","7.33(3.70,11.06)","11.66(8.12,15.25)","12.85(9.27,16.38)","14.36(10.66,18.22)","0.0002","0.0002","0.0002","0.0002","1.0003","1.0003","1.0014","1.0012",2803,2567,2378,2341,3309,2751,2887,2923
"C00_C97","2000_2005","2011_2015",10,"koppen_major_C_EQI_Water+SM+PA+OB","0.00","1.00(-2.20,4.09)","-2.61(-5.65,0.40)","0.93(-2.36,4.18)","1.23(-2.12,4.56)","0.5251","0.0917","0.5721","0.4636","1.0012","1.0000","1.0000","0.9999",2876,2617,3013,2732,3446,3275,2904,3093
"C00_C97","2000_2005","2011_2015",10,"koppen_major_C_EQI_Land+SM+PA+OB","0.00","0.94(-1.34,3.33)","-1.56(-4.19,1.02)","0.27(-2.68,3.30)","0.79(-2.53,4.22)","0.4231","0.2532","0.8650","0.6751","1.0024","1.0004","1.0014","0.9998",4473,4271,4039,3931,2803,3479,3129,3428
"C00_C97","2000_2005","2011_2015",10,"koppen_major_C_EQI_Built+SM+PA+OB","0.00","4.76(2.01,7.45)","8.17(5.42,10.85)","8.64(5.65,11.52)","12.34(9.15,15.58)","0.0017","0.0002","0.0002","0.0002","1.0009","1.0001","1.0004","1.0002",3760,3337,2880,2894,3405,3207,3084,3301
"C00_C97","2000_2005","2011_2015",10,"koppen_major_C_EQI_Social+SM+PA+OB","0.00","-2.06(-4.69,0.47)","-5.09(-7.98,-2.15)","-5.39(-8.67,-2.18)","-3.93(-7.67,-0.18)","0.1147","0.0007","0.0007","0.0407","0.9997","1.0001","1.0003","1.0004",3713,3130,2938,2748,3490,3514,3289,3462
"C00_C97","2000_2005","2016_2020",15,"koppen_major_C_EQI+SM+PA+OB","0.00","3.72(1.03,6.31)","4.70(2.01,7.39)","5.90(2.96,8.84)","7.28(3.88,10.63)","0.0057","0.0012","0.0002","0.0002","1.0013","1.0020","1.0011","1.0016",3686,2637,2659,2528,2958,3075,2806,2944
"C00_C97","2000_2005","2016_2020",15,"koppen_major_C_EQI_Air+SM+PA+OB","0.00","1.40(-2.07,4.90)","3.81(0.27,7.24)","6.47(3.00,9.82)","5.64(2.09,9.33)","0.4331","0.0387","0.0002","0.0027","1.0009","1.0005","1.0009","1.0004",2160,2021,1898,1858,2950,2859,2540,2814
"C00_C97","2000_2005","2016_2020",15,"koppen_major_C_EQI_Water+SM+PA+OB","0.00","-0.96(-3.90,2.00)","-2.71(-5.73,0.31)","-1.83(-4.99,1.35)","-1.26(-4.41,1.85)","0.5026","0.0782","0.2542","0.4311","1.0026","1.0009","1.0015","1.0024",2421,2203,2506,2336,2906,2816,3018,2659
"C00_C97","2000_2005","2016_2020",15,"koppen_major_C_EQI_Land+SM+PA+OB","0.00","1.05(-1.17,3.20)","-1.34(-3.67,1.08)","0.23(-2.59,3.17)","1.97(-1.32,5.11)","0.3322","0.2662","0.8705","0.2372","0.9999","1.0008","1.0003","1.0004",3603,3237,3191,3143,3118,3152,3219,3034
"C00_C97","2000_2005","2016_2020",15,"koppen_major_C_EQI_Built+SM+PA+OB","0.00","5.85(3.30,8.38)","7.17(4.65,9.61)","9.08(6.43,11.74)","11.80(8.88,14.69)","0.0002","0.0002","0.0002","0.0002","1.0005","1.0006","0.9994","0.9999",3249,2832,2592,2441,2943,3225,3103,3100
"C00_C97","2000_2005","2016_2020",15,"koppen_major_C_EQI_Social+SM+PA+OB","0.00","0.39(-2.01,2.79)","-4.37(-7.10,-1.60)","-4.64(-7.75,-1.51)","-3.14(-6.77,0.44)","0.7556","0.0007","0.0032","0.0887","1.0006","1.0008","1.0017","1.0012",2797,2256,1978,1955,3024,2851,2122,2804
"C00_C97","2000_2005","2021_2024",20,"koppen_major_C_EQI+SM+PA+OB","0.00","4.63(1.39,8.04)","4.37(0.97,7.72)","2.38(-1.39,6.07)","2.44(-2.15,6.98)","0.0052","0.0162","0.2172","0.2987","1.0014","1.0002","1.0007","1.0004",2895,2329,2140,2064,2872,2753,2681,2629
"C00_C97","2000_2005","2021_2024",20,"koppen_major_C_EQI_Air+SM+PA+OB","0.00","3.88(-0.19,8.00)","6.56(2.60,10.43)","5.77(1.89,9.77)","3.73(-0.53,7.99)","0.0627","0.0012","0.0037","0.0822","1.0000","1.0015","1.0007","1.0010",2407,2129,2007,1893,3170,2989,2695,2772
"C00_C97","2000_2005","2021_2024",20,"koppen_major_C_EQI_Water+SM+PA+OB","0.00","-1.29(-5.38,2.91)","-4.43(-8.75,-0.07)","2.13(-2.22,6.52)","-2.47(-7.15,2.25)","0.5366","0.0467","0.3437","0.3087","1.0016","1.0009","1.0007","1.0021",2268,2296,2084,2075,2954,2890,2917,2416
"C00_C97","2000_2005","2021_2024",20,"koppen_major_C_EQI_Land+SM+PA+OB","0.00","-0.54(-3.38,2.20)","-2.05(-5.13,1.12)","0.12(-3.62,3.85)","0.35(-4.00,4.74)","0.7076","0.2032","0.9515","0.8770","1.0006","1.0004","0.9998","0.9997",3451,3310,3307,3377,2669,3132,3149,3513
"C00_C97","2000_2005","2021_2024",20,"koppen_major_C_EQI_Built+SM+PA+OB","0.00","6.62(3.39,9.74)","7.44(4.16,10.68)","10.07(6.64,13.46)","13.23(9.40,16.91)","0.0002","0.0002","0.0002","0.0002","1.0002","1.0003","1.0002","1.0011",3393,2917,2741,2612,3136,3260,3060,3128
"C00_C97","2000_2005","2021_2024",20,"koppen_major_C_EQI_Social+SM+PA+OB","0.00","-1.10(-4.10,1.90)","-6.55(-10.00,-3.14)","-8.91(-12.67,-4.97)","-8.84(-13.29,-4.40)","0.4816","0.0002","0.0002","0.0007","1.0003","1.0004","0.9998","1.0003",3107,2385,2359,2077,3007,2568,2804,2424
"C00_C97","2000_2005","2006_2010",5,"koppen_major_D_EQI+SM+PA+OB","0.00","12.70(6.77,18.62)","15.64(10.02,21.01)","18.30(12.84,23.72)","21.81(15.88,27.57)","0.0002","0.0002","0.0002","0.0002","1.0008","0.9997","1.0018","1.0023",4353,3698,3110,2657,3345,3521,3140,2986
"C00_C97","2000_2005","2006_2010",5,"koppen_major_D_EQI_Air+SM+PA+OB","0.00","8.38(3.53,13.20)","10.70(5.53,15.80)","10.99(5.93,16.23)","10.40(4.78,16.04)","0.0007","0.0002","0.0002","0.0007","1.0007","1.0008","1.0018","1.0014",4478,3947,3240,2978,2713,2950,2852,3194
"C00_C97","2000_2005","2006_2010",5,"koppen_major_D_EQI_Water+SM+PA+OB","0.00","-7.61(-12.90,-2.33)","1.49(-3.83,6.86)","4.50(-0.55,9.69)","5.23(-0.46,10.83)","0.0062","0.5736","0.0887","0.0707","1.0021","1.0006","1.0000","1.0010",4642,4142,3891,4082,3305,3389,3366,3439
"C00_C97","2000_2005","2006_2010",5,"koppen_major_D_EQI_Land+SM+PA+OB","0.00","2.90(-3.23,9.06)","7.09(1.50,12.45)","5.27(-0.02,10.59)","7.32(1.87,12.71)","0.3527","0.0132","0.0507","0.0067","0.9997","1.0000","1.0001","1.0001",3891,3365,2961,3094,3095,2967,2712,2680
"C00_C97","2000_2005","2006_2010",5,"koppen_major_D_EQI_Built+SM+PA+OB","0.00","6.35(1.07,11.76)","8.19(3.06,13.13)","9.20(4.27,14.04)","11.12(6.04,16.27)","0.0202","0.0007","0.0002","0.0002","0.9997","1.0005","1.0002","1.0015",4411,3518,3350,3205,3246,2910,3107,3181
"C00_C97","2000_2005","2006_2010",5,"koppen_major_D_EQI_Social+SM+PA+OB","0.00","-3.80(-9.65,2.09)","1.92(-3.37,7.31)","5.96(0.82,11.03)","7.59(2.00,13.32)","0.1992","0.4761","0.0247","0.0097","1.0010","0.9999","1.0001","1.0006",4704,3437,2859,3051,3319,3245,3281,3339
"C00_C97","2000_2005","2011_2015",10,"koppen_major_D_EQI+SM+PA+OB","0.00","13.80(8.37,19.43)","17.89(12.82,22.88)","19.52(14.60,24.28)","21.87(16.46,27.29)","0.0002","0.0002","0.0002","0.0002","0.9997","1.0003","1.0013","1.0029",4077,3706,2903,2596,3474,3416,2599,2570
"C00_C97","2000_2005","2011_2015",10,"koppen_major_D_EQI_Air+SM+PA+OB","0.00","11.98(7.47,16.43)","11.50(6.61,16.21)","11.08(6.36,15.89)","9.24(4.10,14.47)","0.0002","0.0002","0.0002","0.0002","1.0006","1.0003","1.0004","1.0006",3720,3213,2545,2343,3242,3359,2941,3273
"C00_C97","2000_2005","2011_2015",10,"koppen_major_D_EQI_Water+SM+PA+OB","0.00","-7.93(-12.79,-3.02)","-0.32(-5.33,4.64)","3.57(-1.26,8.23)","3.80(-1.55,9.04)","0.0007","0.8985","0.1397","0.1677","0.9998","0.9997","0.9995","1.0012",3048,2879,2789,2946,3420,3078,2972,2989
"C00_C97","2000_2005","2011_2015",10,"koppen_major_D_EQI_Land+SM+PA+OB","0.00","1.53(-4.09,7.30)","3.95(-1.18,9.14)","4.69(-0.53,9.65)","5.69(0.38,10.88)","0.6006","0.1292","0.0687","0.0357","1.0004","1.0010","1.0015","1.0020",2951,2324,2000,2100,2844,2743,2445,2647
"C00_C97","2000_2005","2011_2015",10,"koppen_major_D_EQI_Built+SM+PA+OB","0.00","9.26(4.58,14.11)","8.23(3.76,12.77)","11.16(6.77,15.48)","12.82(8.23,17.40)","0.0002","0.0017","0.0002","0.0002","1.0015","1.0023","1.0031","1.0021",3479,3074,2697,2725,3364,3542,3047,3045
"C00_C97","2000_2005","2011_2015",10,"koppen_major_D_EQI_Social+SM+PA+OB","0.00","-2.46(-8.09,2.95)","0.81(-4.08,5.91)","5.71(0.99,10.65)","6.42(1.09,11.98)","0.3857","0.7581","0.0212","0.0167","1.0009","1.0014","1.0007","1.0006",3515,3053,2621,2429,3267,3097,2948,2972
"C00_C97","2000_2005","2016_2020",15,"koppen_major_D_EQI+SM+PA+OB","0.00","13.42(8.14,18.78)","15.02(10.08,20.02)","16.71(11.95,21.36)","19.09(14.09,24.03)","0.0002","0.0002","0.0002","0.0002","1.0004","1.0009","1.0005","1.0010",3211,2486,2066,1889,2988,2518,2788,2517
"C00_C97","2000_2005","2016_2020",15,"koppen_major_D_EQI_Air+SM+PA+OB","0.00","8.25(4.21,12.34)","10.42(6.12,14.84)","9.88(5.42,14.27)","8.15(3.32,12.84)","0.0002","0.0002","0.0002","0.0017","0.9994","1.0000","0.9997","0.9998",2709,2638,2250,2101,2643,2875,2903,2987
"C00_C97","2000_2005","2016_2020",15,"koppen_major_D_EQI_Water+SM+PA+OB","0.00","-5.62(-10.33,-0.92)","0.02(-4.71,4.78)","2.77(-1.90,7.28)","2.64(-2.43,7.61)","0.0232","0.9965","0.2362","0.3072","1.0012","1.0017","1.0008","1.0022",2297,2114,2079,2067,2592,2746,2688,3125
"C00_C97","2000_2005","2016_2020",15,"koppen_major_D_EQI_Land+SM+PA+OB","0.00","2.50(-2.73,7.94)","3.76(-1.04,8.69)","3.02(-1.71,7.75)","6.86(2.00,11.66)","0.3497","0.1222","0.2142","0.0057","1.0005","1.0006","1.0011","1.0017",3045,2487,2248,2170,3389,2913,2876,2668
"C00_C97","2000_2005","2016_2020",15,"koppen_major_D_EQI_Built+SM+PA+OB","0.00","10.89(6.07,15.67)","10.96(6.78,15.18)","9.76(5.39,14.03)","11.35(7.01,15.64)","0.0002","0.0002","0.0002","0.0002","1.0008","1.0006","1.0013","1.0015",3050,2512,2499,2368,2760,2673,2812,3141
"C00_C97","2000_2005","2016_2020",15,"koppen_major_D_EQI_Social+SM+PA+OB","0.00","-5.13(-10.62,0.26)","5.11(0.29,9.98)","4.69(-0.01,9.39)","4.54(-0.64,9.64)","0.0607","0.0367","0.0512","0.0867","0.9998","1.0002","1.0001","1.0011",2790,2463,2192,2144,2857,2758,2709,2788
"C00_C97","2000_2005","2021_2024",20,"koppen_major_D_EQI+SM+PA+OB","0.00","14.10(7.98,20.32)","15.49(9.70,21.37)","15.22(9.69,20.88)","12.39(6.44,18.24)","0.0002","0.0002","0.0002","0.0002","0.9999","0.9997","1.0000","1.0014",3827,3426,2737,2364,3150,2932,3245,2850
"C00_C97","2000_2005","2021_2024",20,"koppen_major_D_EQI_Air+SM+PA+OB","0.00","11.02(5.90,16.23)","10.57(5.17,15.71)","7.65(2.29,13.06)","0.47(-5.53,6.37)","0.0002","0.0002","0.0047","0.8750","1.0012","1.0011","1.0009","1.0005",4205,4084,3400,3300,3010,3237,2948,3191
"C00_C97","2000_2005","2021_2024",20,"koppen_major_D_EQI_Water+SM+PA+OB","0.00","-4.00(-9.72,1.65)","1.76(-3.95,7.53)","4.26(-1.32,10.03)","5.86(-0.55,12.09)","0.1792","0.5426","0.1372","0.0737","1.0016","0.9996","1.0003","1.0002",4212,3857,3765,3486,3214,3441,3093,3186
"C00_C97","2000_2005","2021_2024",20,"koppen_major_D_EQI_Land+SM+PA+OB","0.00","-1.09(-7.38,5.43)","3.46(-2.22,9.29)","3.14(-2.43,8.83)","6.55(0.88,12.35)","0.7371","0.2522","0.2827","0.0237","1.0001","1.0012","1.0013","1.0018",4603,3702,3117,3075,3165,3333,3496,2983
"C00_C97","2000_2005","2021_2024",20,"koppen_major_D_EQI_Built+SM+PA+OB","0.00","10.25(4.51,15.86)","9.34(4.12,14.58)","9.14(3.89,14.40)","8.49(3.09,13.64)","0.0022","0.0002","0.0007","0.0012","0.9998","1.0002","1.0006","1.0007",4329,3373,3347,2970,3197,2842,3263,2645
"C00_C97","2000_2005","2021_2024",20,"koppen_major_D_EQI_Social+SM+PA+OB","0.00","-3.25(-9.52,3.21)","-0.64(-6.42,5.03)","4.61(-1.10,9.96)","2.90(-3.07,9.02)","0.3162","0.8290","0.1097","0.3517","1.0005","1.0021","1.0006","1.0009",4746,4161,3409,3188,3155,2988,3311,2625
"C00_C97","2000_2005","2006_2010",5,"doe_zone_2_EQI+SM+PA+OB","0.00","0.69(-5.44,6.85)","4.08(-2.74,10.90)","5.63(-2.05,13.21)","3.77(-4.82,12.51)","0.8265","0.2307","0.1562","0.3752","1.0001","1.0008","1.0001","1.0017",5642,4918,5337,4706,3037,3099,2689,2933
"C00_C97","2000_2005","2006_2010",5,"doe_zone_2_EQI_Air+SM+PA+OB","0.00","2.30(-4.90,9.38)","0.93(-6.05,8.12)","3.94(-2.87,10.49)","8.55(1.08,15.71)","0.5106","0.7986","0.2702","0.0252","0.9996","1.0006","1.0001","1.0001",3533,3720,3279,3205,3087,3082,3240,3041
"C00_C97","2000_2005","2006_2010",5,"doe_zone_2_EQI_Water+SM+PA+OB","0.00","-0.77(-8.35,6.93)","-2.68(-9.63,4.31)","0.39(-7.60,8.52)","0.12(-8.40,8.66)","0.8365","0.4501","0.9160","0.9725","1.0022","1.0005","1.0002","0.9998",5537,3510,4586,4964,3066,3334,2648,3110
"C00_C97","2000_2005","2006_2010",5,"doe_zone_2_EQI_Land+SM+PA+OB","0.00","-1.65(-8.47,5.14)","2.40(-4.99,9.79)","2.22(-6.74,11.23)","-1.65(-11.13,7.58)","0.6571","0.5376","0.6101","0.7431","1.0000","0.9995","1.0008","1.0007",4128,4870,4562,4917,3043,2869,2543,2897
"C00_C97","2000_2005","2006_2010",5,"doe_zone_2_EQI_Built+SM+PA+OB","0.00","-0.57(-7.20,6.15)","1.70(-4.98,8.57)","0.30(-6.32,7.14)","2.89(-4.84,10.48)","0.8740","0.6091","0.9310","0.4711","1.0005","0.9999","1.0012","1.0006",3814,4303,3870,4168,2992,3288,2802,2943
"C00_C97","2000_2005","2006_2010",5,"doe_zone_2_EQI_Social+SM+PA+OB","0.00","4.84(-1.67,11.46)","4.43(-2.80,11.29)","0.55(-6.82,8.14)","1.62(-6.66,9.79)","0.1347","0.2197","0.8720","0.6846","0.9994","1.0006","1.0016","1.0005",4619,4383,4312,5163,2965,3324,3113,2784
"C00_C97","2000_2005","2011_2015",10,"doe_zone_2_EQI+SM+PA+OB","0.00","0.56(-4.75,5.92)","3.57(-2.55,9.66)","6.75(-0.34,13.63)","4.66(-3.50,12.68)","0.8460","0.2507","0.0627","0.2652","1.0009","1.0006","1.0002","1.0009",3525,3084,2934,3449,2397,2913,2651,2660
"C00_C97","2000_2005","2011_2015",10,"doe_zone_2_EQI_Air+SM+PA+OB","0.00","-0.11(-6.71,6.34)","3.63(-2.64,9.81)","3.45(-2.69,9.80)","7.80(1.07,14.57)","0.9825","0.2577","0.2667","0.0262","1.0011","1.0005","1.0004","1.0007",3350,3246,3046,3003,3018,2893,3455,3059
"C00_C97","2000_2005","2011_2015",10,"doe_zone_2_EQI_Water+SM+PA+OB","0.00","-1.53(-8.68,5.76)","0.13(-6.11,6.50)","0.80(-6.41,7.95)","-0.96(-9.09,7.15)","0.6916","0.9835","0.8325","0.8215","1.0002","1.0012","1.0006","1.0015",4236,3494,4502,4446,3349,3089,3447,3235
"C00_C97","2000_2005","2011_2015",10,"doe_zone_2_EQI_Land+SM+PA+OB","0.00","-1.15(-7.22,4.81)","-0.05(-6.48,6.31)","1.14(-6.76,8.99)","-0.37(-9.18,8.74)","0.7056","0.9650","0.7971","0.9260","1.0006","1.0001","1.0007","1.0023",4009,3576,4210,5481,2866,3029,2777,2925
"C00_C97","2000_2005","2011_2015",10,"doe_zone_2_EQI_Built+SM+PA+OB","0.00","-1.22(-7.22,4.76)","2.95(-3.04,8.78)","2.65(-3.16,8.51)","4.90(-1.98,11.66)","0.6986","0.3317","0.3687","0.1742","1.0011","1.0014","1.0020","1.0010",4175,3843,3392,4221,3023,2905,2916,3361
"C00_C97","2000_2005","2011_2015",10,"doe_zone_2_EQI_Social+SM+PA+OB","0.00","3.80(-1.62,9.21)","1.05(-5.15,7.19)","-0.78(-7.52,5.80)","2.30(-5.22,10.10)","0.1647","0.7326","0.8245","0.5606","1.0018","1.0005","1.0000","1.0001",4294,3636,3661,3498,2731,2936,3068,3086
"C00_C97","2000_2005","2016_2020",15,"doe_zone_2_EQI+SM+PA+OB","0.00","3.12(-1.89,8.37)","4.01(-1.66,9.78)","2.74(-3.81,9.26)","3.25(-4.49,11.12)","0.2292","0.1757","0.4311","0.4206","1.0008","1.0009","1.0004","1.0012",5506,5105,4739,4542,3215,3525,3193,2717
"C00_C97","2000_2005","2016_2020",15,"doe_zone_2_EQI_Air+SM+PA+OB","0.00","0.56(-5.79,6.74)","3.99(-2.47,10.22)","2.15(-3.96,8.00)","3.95(-2.78,10.55)","0.8445","0.2132","0.4776","0.2482","1.0020","1.0002","1.0026","1.0004",3534,3416,2815,3389,3391,3157,2584,2892
"C00_C97","2000_2005","2016_2020",15,"doe_zone_2_EQI_Water+SM+PA+OB","0.00","-0.94(-7.64,5.86)","0.51(-5.70,6.51)","1.99(-4.67,8.69)","-1.64(-9.32,6.28)","0.7761","0.8730","0.5581","0.6776","1.0014","1.0005","1.0022","1.0003",4537,3279,3988,4628,3042,2805,2939,2832
"C00_C97","2000_2005","2016_2020",15,"doe_zone_2_EQI_Land+SM+PA+OB","0.00","-0.93(-6.86,5.01)","-0.04(-6.18,6.05)","-0.50(-8.49,7.34)","-3.03(-11.54,5.77)","0.7436","0.9850","0.9035","0.4886","1.0017","1.0017","1.0004","1.0012",3790,4141,4588,4383,2882,2979,3043,2710
"C00_C97","2000_2005","2016_2020",15,"doe_zone_2_EQI_Built+SM+PA+OB","0.00","-1.27(-7.11,4.66)","3.05(-2.74,8.71)","4.26(-1.24,9.99)","3.69(-2.59,10.15)","0.6691","0.3007","0.1332","0.2642","1.0009","1.0023","1.0005","1.0005",3984,2929,3023,3659,2628,2793,2964,2874
"C00_C97","2000_2005","2016_2020",15,"doe_zone_2_EQI_Social+SM+PA+OB","0.00","3.42(-1.94,8.79)","-0.24(-6.23,6.02)","-1.78(-8.38,4.96)","2.20(-5.15,9.60)","0.1992","0.9255","0.5941","0.5746","0.9999","1.0001","1.0000","1.0005",3850,3916,3395,3508,3080,2702,2882,2973
"C00_C97","2000_2005","2021_2024",20,"doe_zone_2_EQI+SM+PA+OB","0.00","5.61(-0.49,11.58)","2.19(-4.28,8.71)","1.23(-6.23,8.92)","1.54(-6.88,9.66)","0.0707","0.4926","0.7541","0.7126","1.0012","1.0012","1.0000","1.0003",5132,4876,5002,5424,3112,3237,2715,3034
"C00_C97","2000_2005","2021_2024",20,"doe_zone_2_EQI_Air+SM+PA+OB","0.00","3.26(-3.49,10.37)","3.56(-3.14,10.48)","1.63(-5.13,8.04)","1.13(-6.11,8.00)","0.3432","0.3152","0.6341","0.7661","1.0003","1.0005","0.9997","1.0004",4222,4212,3626,4539,3218,3326,2844,3307
"C00_C97","2000_2005","2021_2024",20,"doe_zone_2_EQI_Water+SM+PA+OB","0.00","-3.95(-11.76,3.65)","0.12(-6.69,6.73)","7.79(-0.13,15.60)","-4.45(-12.84,4.00)","0.3167","0.9795","0.0567","0.3017","1.0002","1.0024","1.0013","1.0011",5211,4102,5578,5952,2968,2642,3159,3005
"C00_C97","2000_2005","2021_2024",20,"doe_zone_2_EQI_Land+SM+PA+OB","0.00","-1.49(-8.45,5.51)","1.46(-6.04,9.05)","-1.35(-9.56,6.85)","-1.05(-10.02,8.03)","0.6861","0.7011","0.7576","0.8310","1.0013","1.0014","1.0032","1.0013",4120,4957,6272,7050,2878,2894,3091,2835
"C00_C97","2000_2005","2021_2024",20,"doe_zone_2_EQI_Built+SM+PA+OB","0.00","1.06(-5.76,7.69)","2.97(-3.77,9.36)","3.31(-3.66,9.84)","2.25(-5.08,9.96)","0.7656","0.3762","0.3322","0.5556","1.0006","1.0004","1.0005","1.0016",4649,5510,4219,4685,3192,3178,3203,3156
"C00_C97","2000_2005","2021_2024",20,"doe_zone_2_EQI_Social+SM+PA+OB","0.00","2.76(-3.47,9.09)","0.68(-6.49,7.90)","-2.60(-9.95,4.69)","0.32(-7.69,8.60)","0.3832","0.8465","0.4956","0.9280","1.0021","1.0000","0.9999","1.0004",5372,5902,4670,5245,2813,3376,2926,2832
"C00_C97","2000_2005","2006_2010",5,"doe_zone_3_EQI+SM+PA+OB","0.00","4.87(0.27,9.26)","6.38(1.55,11.17)","8.57(3.14,13.99)","13.43(6.61,20.32)","0.0362","0.0112","0.0012","0.0002","0.9997","1.0005","1.0004","1.0002",3607,3109,3019,3108,3067,2883,2638,3001
"C00_C97","2000_2005","2006_2010",5,"doe_zone_3_EQI_Air+SM+PA+OB","0.00","6.06(0.69,11.23)","6.60(1.56,11.67)","8.26(3.20,13.61)","10.87(5.30,16.65)","0.0257","0.0107","0.0022","0.0002","1.0004","1.0015","1.0014","1.0015",3651,3274,3102,3185,3072,3080,3023,2894
"C00_C97","2000_2005","2006_2010",5,"doe_zone_3_EQI_Water+SM+PA+OB","0.00","-0.02(-5.48,5.50)","1.45(-4.59,7.52)","5.95(0.48,11.69)","0.26(-6.03,6.46)","0.9940","0.6316","0.0302","0.9270","1.0015","1.0009","1.0003","1.0020",3436,2981,3052,3041,2940,2966,3133,3004
"C00_C97","2000_2005","2006_2010",5,"doe_zone_3_EQI_Land+SM+PA+OB","0.00","-5.52(-9.48,-1.47)","-1.43(-6.48,3.70)","2.72(-3.47,9.14)","3.90(-3.67,11.46)","0.0057","0.5971","0.3912","0.3072","1.0001","0.9997","1.0004","1.0005",5591,5247,5804,4377,2954,3146,3101,2958
"C00_C97","2000_2005","2006_2010",5,"doe_zone_3_EQI_Built+SM+PA+OB","0.00","4.98(0.26,9.59)","7.18(2.58,11.97)","10.61(5.57,15.55)","16.26(10.87,21.83)","0.0422","0.0027","0.0002","0.0002","1.0004","1.0005","1.0010","1.0013",4194,4128,4190,3948,3196,3161,3269,3049
"C00_C97","2000_2005","2006_2010",5,"doe_zone_3_EQI_Social+SM+PA+OB","0.00","-0.11(-4.24,3.87)","-1.61(-6.63,3.50)","1.81(-4.00,7.80)","2.87(-3.48,9.53)","0.9685","0.5266","0.5531","0.3867","1.0014","1.0001","1.0020","1.0009",5052,3926,4399,3755,3267,3052,3245,3174
"C00_C97","2000_2005","2011_2015",10,"doe_zone_3_EQI+SM+PA+OB","0.00","6.61(2.24,11.01)","8.52(4.02,12.95)","10.74(5.52,15.79)","11.18(4.47,17.70)","0.0032","0.0002","0.0002","0.0012","1.0010","1.0004","1.0003","1.0007",3580,3058,2638,2502,3250,2622,2712,2677
"C00_C97","2000_2005","2011_2015",10,"doe_zone_3_EQI_Air+SM+PA+OB","0.00","4.45(-0.65,9.42)","7.94(2.94,12.74)","9.20(4.23,14.34)","10.78(5.34,16.36)","0.0852","0.0017","0.0007","0.0002","0.9999","1.0006","1.0007","1.0011",3804,3746,3418,3454,3085,2784,3167,2965
"C00_C97","2000_2005","2011_2015",10,"doe_zone_3_EQI_Water+SM+PA+OB","0.00","2.31(-3.17,7.75)","0.95(-4.86,6.59)","6.07(0.48,11.74)","1.11(-4.87,7.51)","0.4106","0.7406","0.0377","0.7406","1.0002","1.0002","1.0015","1.0008",3742,3175,3311,3404,3036,3137,3327,2664
"C00_C97","2000_2005","2011_2015",10,"doe_zone_3_EQI_Land+SM+PA+OB","0.00","-2.41(-6.25,1.40)","-3.46(-7.97,1.25)","3.68(-2.39,9.65)","2.42(-4.98,10.00)","0.2072","0.1512","0.2517","0.5251","1.0021","1.0008","1.0010","1.0008",6384,5819,6925,4755,3173,3292,3091,3084
"C00_C97","2000_2005","2011_2015",10,"doe_zone_3_EQI_Built+SM+PA+OB","0.00","4.50(0.01,8.89)","8.66(4.09,13.32)","9.01(4.37,13.59)","15.17(9.49,20.58)","0.0487","0.0007","0.0002","0.0002","0.9999","1.0007","1.0019","1.0011",3871,4331,4377,4493,2917,3448,3025,3255
"C00_C97","2000_2005","2011_2015",10,"doe_zone_3_EQI_Social+SM+PA+OB","0.00","0.67(-3.44,4.61)","-2.05(-6.83,2.70)","1.15(-4.67,7.00)","2.03(-4.48,8.66)","0.7381","0.4041","0.7076","0.5351","1.0003","1.0000","1.0004","1.0012",4996,4771,4883,4294,2901,3347,3538,2809
"C00_C97","2000_2005","2016_2020",15,"doe_zone_3_EQI+SM+PA+OB","0.00","6.00(1.85,10.02)","6.95(2.67,11.18)","9.00(4.14,13.94)","9.08(3.02,15.18)","0.0077","0.0007","0.0002","0.0037","1.0012","1.0008","1.0010","1.0013",4064,3401,3102,3015,2964,3009,2713,3107
"C00_C97","2000_2005","2016_2020",15,"doe_zone_3_EQI_Air+SM+PA+OB","0.00","2.65(-2.35,7.54)","4.45(-0.54,9.10)","7.62(2.86,12.52)","8.50(3.34,13.81)","0.2957","0.0727","0.0017","0.0017","1.0010","1.0005","1.0000","1.0006",3261,3027,2766,2937,2789,2877,2874,2916
"C00_C97","2000_2005","2016_2020",15,"doe_zone_3_EQI_Water+SM+PA+OB","0.00","3.64(-1.68,8.93)","2.15(-3.48,7.74)","4.08(-1.42,9.62)","-0.42(-6.51,5.84)","0.1942","0.4566","0.1582","0.8870","0.9996","0.9998","1.0007","1.0000",3388,3075,2844,3158,2769,3443,3262,3012
"C00_C97","2000_2005","2016_2020",15,"doe_zone_3_EQI_Land+SM+PA+OB","0.00","-2.27(-5.64,1.16)","-1.77(-6.35,2.77)","3.87(-2.20,9.78)","3.39(-3.71,10.41)","0.2017","0.4346","0.1952","0.3542","0.9999","1.0021","1.0000","1.0002",5301,5598,5475,4600,3015,2968,3301,3386
"C00_C97","2000_2005","2016_2020",15,"doe_zone_3_EQI_Built+SM+PA+OB","0.00","5.07(0.89,9.39)","6.39(2.01,10.82)","6.83(2.12,11.47)","13.44(8.19,18.59)","0.0157","0.0047","0.0057","0.0002","0.9997","0.9996","0.9998","1.0006",4105,3757,3916,3514,3346,2925,3091,3061
"C00_C97","2000_2005","2016_2020",15,"doe_zone_3_EQI_Social+SM+PA+OB","0.00","1.51(-2.20,5.24)","-2.66(-7.17,1.83)","1.06(-4.43,6.52)","0.96(-5.13,6.87)","0.4286","0.2387","0.7031","0.7651","1.0008","1.0001","0.9996","1.0003",4252,3463,3740,3209,2908,3170,2671,3227
"C00_C97","2000_2005","2021_2024",20,"doe_zone_3_EQI+SM+PA+OB","0.00","7.92(3.22,12.84)","6.13(0.85,11.31)","4.64(-1.19,10.43)","6.65(-0.37,13.84)","0.0022","0.0212","0.1182","0.0682","1.0004","1.0008","1.0016","0.9999",3445,3515,3263,2886,2977,2874,2714,2806
"C00_C97","2000_2005","2021_2024",20,"doe_zone_3_EQI_Air+SM+PA+OB","0.00","3.23(-2.13,8.69)","6.55(1.36,12.00)","6.21(1.06,11.61)","4.45(-1.43,9.97)","0.2437","0.0122","0.0152","0.1332","1.0013","1.0003","1.0017","1.0011",3199,3214,3140,3245,3139,2844,3395,3316
"C00_C97","2000_2005","2021_2024",20,"doe_zone_3_EQI_Water+SM+PA+OB","0.00","0.67(-5.05,6.39)","0.90(-5.17,7.20)","4.23(-1.77,10.21)","0.00(-6.36,6.29)","0.8190","0.7871","0.1582","0.9795","1.0005","1.0009","1.0016","1.0005",2739,2118,1788,2570,3019,2952,3086,3035
"C00_C97","2000_2005","2021_2024",20,"doe_zone_3_EQI_Land+SM+PA+OB","0.00","-5.63(-9.93,-1.31)","-0.74(-6.10,4.72)","4.67(-2.18,11.37)","5.01(-2.44,12.29)","0.0142","0.7876","0.1852","0.1777","1.0008","1.0014","1.0006","1.0005",4389,4664,4579,3138,3113,3404,2614,3270
"C00_C97","2000_2005","2021_2024",20,"doe_zone_3_EQI_Built+SM+PA+OB","0.00","5.68(0.64,10.69)","6.05(1.01,11.01)","10.24(4.82,15.48)","16.14(10.17,22.11)","0.0297","0.0167","0.0002","0.0002","1.0008","0.9998","1.0008","1.0007",3772,3885,2900,3110,2834,2988,2659,2827
"C00_C97","2000_2005","2021_2024",20,"doe_zone_3_EQI_Social+SM+PA+OB","0.00","3.21(-1.19,7.54)","-3.52(-8.97,1.82)","-2.28(-8.69,3.92)","1.23(-5.51,7.86)","0.1667","0.2027","0.4711","0.7276","1.0002","1.0016","0.9999","1.0001",3708,3430,3281,3415,2594,3009,3032,3154
"C00_C97","2000_2005","2006_2010",5,"doe_zone_4_EQI+SM+PA+OB","0.00","3.74(-0.22,7.77)","4.76(0.77,8.68)","5.09(1.00,9.21)","9.79(5.20,14.51)","0.0697","0.0172","0.0182","0.0002","1.0004","1.0006","1.0018","1.0008",3387,2680,2465,2296,2883,3124,2715,2524
"C00_C97","2000_2005","2006_2010",5,"doe_zone_4_EQI_Air+SM+PA+OB","0.00","4.49(-0.03,8.97)","10.59(6.44,14.94)","11.06(6.76,15.33)","14.09(9.72,18.49)","0.0517","0.0002","0.0002","0.0002","1.0007","0.9999","0.9997","0.9996",2675,2355,2276,2145,3100,3041,2652,2536
"C00_C97","2000_2005","2006_2010",5,"doe_zone_4_EQI_Water+SM+PA+OB","0.00","-0.14(-3.71,3.35)","-0.91(-4.47,2.70)","-5.03(-8.68,-1.17)","-4.20(-8.00,-0.46)","0.9200","0.6116","0.0132","0.0237","1.0008","1.0011","1.0003","1.0014",3842,3389,3471,3152,3454,3073,3258,3029
"C00_C97","2000_2005","2006_2010",5,"doe_zone_4_EQI_Land+SM+PA+OB","0.00","0.42(-2.99,3.90)","-0.87(-4.42,2.55)","-2.66(-6.68,1.15)","-0.29(-4.60,3.84)","0.8020","0.6416","0.1762","0.8975","1.0006","1.0018","1.0002","0.9998",2935,2242,2180,2889,3247,2997,2823,3318
"C00_C97","2000_2005","2006_2010",5,"doe_zone_4_EQI_Built+SM+PA+OB","0.00","5.38(2.00,8.74)","4.81(1.46,8.25)","7.09(3.56,10.68)","9.25(5.37,12.99)","0.0037","0.0057","0.0002","0.0002","1.0000","1.0004","1.0006","1.0007",3630,2966,2911,2715,3393,2828,3180,2720
"C00_C97","2000_2005","2006_2010",5,"doe_zone_4_EQI_Social+SM+PA+OB","0.00","-4.73(-8.15,-1.23)","-6.55(-10.09,-3.07)","-3.62(-7.39,0.05)","-3.01(-7.49,1.39)","0.0072","0.0007","0.0567","0.1897","1.0011","1.0008","1.0021","1.0019",3297,2696,2459,2381,2924,3177,3319,3089
"C00_C97","2000_2005","2011_2015",10,"doe_zone_4_EQI+SM+PA+OB","0.00","3.64(-0.41,7.74)","5.98(2.10,9.78)","6.34(2.40,10.30)","9.78(5.19,14.28)","0.0747","0.0022","0.0012","0.0002","0.9996","1.0010","1.0010","1.0014",3314,3091,2586,2338,2895,3218,3132,2708
"C00_C97","2000_2005","2011_2015",10,"doe_zone_4_EQI_Air+SM+PA+OB","0.00","4.51(0.19,8.94)","10.12(5.87,14.24)","10.26(6.05,14.57)","10.95(6.64,15.28)","0.0407","0.0002","0.0002","0.0002","1.0004","0.9999","0.9998","1.0008",3057,2711,2391,2364,2975,2921,2898,2458
"C00_C97","2000_2005","2011_2015",10,"doe_zone_4_EQI_Water+SM+PA+OB","0.00","-1.04(-4.54,2.27)","-2.54(-6.03,0.95)","-4.16(-7.67,-0.61)","-2.89(-6.28,0.56)","0.5391","0.1417","0.0232","0.0922","1.0019","0.9998","1.0001","0.9998",3505,3898,3684,4181,3124,3423,3327,3412
"C00_C97","2000_2005","2011_2015",10,"doe_zone_4_EQI_Land+SM+PA+OB","0.00","-0.16(-3.67,3.30)","-2.19(-5.71,1.24)","-2.05(-5.77,1.78)","1.41(-2.57,5.39)","0.9210","0.2217","0.2892","0.4816","1.0006","1.0010","1.0007","1.0016",2968,2791,3127,3142,3210,3420,3708,3246
"C00_C97","2000_2005","2011_2015",10,"doe_zone_4_EQI_Built+SM+PA+OB","0.00","4.94(1.77,8.26)","6.85(3.41,10.11)","8.78(5.16,12.28)","12.33(8.55,16.07)","0.0012","0.0002","0.0002","0.0002","1.0003","0.9999","1.0000","1.0004",3667,3459,3174,3286,2758,3241,2871,3182
"C00_C97","2000_2005","2011_2015",10,"doe_zone_4_EQI_Social+SM+PA+OB","0.00","-3.84(-7.39,-0.39)","-6.10(-9.62,-2.70)","-6.21(-10.00,-2.33)","-5.03(-9.49,-0.53)","0.0267","0.0012","0.0007","0.0297","1.0006","1.0004","0.9999","1.0011",3594,3157,3087,2628,3264,3192,3162,2819
"C00_C97","2000_2005","2016_2020",15,"doe_zone_4_EQI+SM+PA+OB","0.00","3.54(-0.31,7.59)","3.66(-0.13,7.33)","5.74(1.84,9.56)","6.66(2.09,11.03)","0.0757","0.0572","0.0082","0.0037","1.0027","1.0022","1.0037","1.0015",3455,2851,2727,2615,3249,3118,2833,2771
"C00_C97","2000_2005","2016_2020",15,"doe_zone_4_EQI_Air+SM+PA+OB","0.00","0.30(-4.21,4.75)","2.80(-1.68,7.05)","6.07(1.72,10.42)","3.71(-0.71,8.19)","0.8880","0.2077","0.0062","0.1032","1.0008","1.0012","1.0012","1.0012",2210,2041,2063,1949,2120,2833,2344,2464
"C00_C97","2000_2005","2016_2020",15,"doe_zone_4_EQI_Water+SM+PA+OB","0.00","-4.22(-7.88,-0.61)","-3.40(-7.09,0.15)","-5.94(-9.78,-1.97)","-3.68(-7.29,0.07)","0.0187","0.0582","0.0032","0.0547","1.0000","0.9999","1.0010","1.0003",3824,3615,3319,3326,3284,2967,3194,3333
"C00_C97","2000_2005","2016_2020",15,"doe_zone_4_EQI_Land+SM+PA+OB","0.00","0.73(-2.72,4.23)","-2.59(-5.97,0.98)","-1.31(-5.16,2.50)","1.80(-2.32,5.68)","0.6876","0.1512","0.5071","0.3842","1.0018","1.0024","1.0011","1.0007",2618,2819,2968,2940,2970,3323,2677,3139
"C00_C97","2000_2005","2016_2020",15,"doe_zone_4_EQI_Built+SM+PA+OB","0.00","5.99(2.66,9.35)","7.63(4.30,10.99)","9.86(6.40,13.38)","12.74(8.84,16.67)","0.0017","0.0002","0.0002","0.0002","1.0006","1.0001","1.0006","1.0002",3444,2898,2718,2525,3271,3159,3232,2614
"C00_C97","2000_2005","2016_2020",15,"doe_zone_4_EQI_Social+SM+PA+OB","0.00","0.63(-2.95,4.15)","-1.57(-5.16,1.93)","-3.47(-7.36,0.40)","-2.00(-6.62,2.45)","0.7401","0.3992","0.0827","0.3982","1.0017","1.0013","1.0019","1.0026",2412,2421,1945,1851,2656,2859,3051,2913
"C00_C97","2000_2005","2021_2024",20,"doe_zone_4_EQI+SM+PA+OB","0.00","2.80(-2.03,7.84)","3.98(-0.57,8.63)","1.49(-3.31,6.24)","1.88(-3.63,7.33)","0.2692","0.0817","0.5371","0.5081","1.0012","1.0005","1.0009","1.0009",3700,3253,2836,2713,3271,3317,2817,2752
"C00_C97","2000_2005","2021_2024",20,"doe_zone_4_EQI_Air+SM+PA+OB","0.00","1.88(-3.14,6.93)","3.65(-1.27,8.50)","2.75(-2.14,7.71)","0.49(-4.59,5.62)","0.4751","0.1437","0.2827","0.8700","1.0010","1.0014","1.0013","1.0018",3595,3097,2796,2592,3410,3242,3224,3254
"C00_C97","2000_2005","2021_2024",20,"doe_zone_4_EQI_Water+SM+PA+OB","0.00","-2.56(-7.48,2.16)","-4.54(-9.24,0.32)","-0.67(-5.56,4.36)","-2.38(-7.33,2.71)","0.3067","0.0627","0.7726","0.3482","0.9996","1.0011","1.0001","0.9998",4619,3892,3214,3907,3079,2860,3329,2865
"C00_C97","2000_2005","2021_2024",20,"doe_zone_4_EQI_Land+SM+PA+OB","0.00","2.64(-1.76,6.84)","-1.48(-5.96,2.90)","-1.68(-6.51,3.14)","1.06(-4.45,6.39)","0.2297","0.5191","0.4876","0.6836","1.0004","1.0006","1.0001","1.0008",3847,3566,3680,4252,2793,3308,3166,3225
"C00_C97","2000_2005","2021_2024",20,"doe_zone_4_EQI_Built+SM+PA+OB","0.00","3.94(-0.50,8.26)","5.05(0.68,9.64)","8.86(4.30,13.39)","11.25(6.44,16.13)","0.0777","0.0202","0.0002","0.0002","1.0011","1.0000","1.0005","0.9996",4411,4127,3769,3554,3047,3028,3229,3493
"C00_C97","2000_2005","2021_2024",20,"doe_zone_4_EQI_Social+SM+PA+OB","0.00","-3.37(-7.90,1.22)","-5.40(-10.01,-0.93)","-6.28(-11.24,-1.29)","-9.38(-14.79,-3.85)","0.1507","0.0122","0.0152","0.0012","1.0019","1.0002","1.0001","1.0008",4573,3258,2944,2890,3201,2831,3082,2816
"C00_C97","2000_2005","2006_2010",5,"doe_zone_5_EQI+SM+PA+OB","0.00","14.57(8.71,20.69)","18.22(12.67,23.83)","20.07(14.65,25.46)","23.17(17.50,28.78)","0.0002","0.0002","0.0002","0.0002","1.0003","1.0008","1.0001","1.0012",4086,3883,3331,3202,3109,3243,3152,3242
"C00_C97","2000_2005","2006_2010",5,"doe_zone_5_EQI_Air+SM+PA+OB","0.00","7.90(2.70,13.10)","9.59(4.50,14.61)","7.72(2.74,12.72)","8.23(2.98,13.41)","0.0017","0.0002","0.0017","0.0037","1.0007","1.0013","1.0000","0.9998",5217,4446,3493,3229,3140,3286,3346,2798
"C00_C97","2000_2005","2006_2010",5,"doe_zone_5_EQI_Water+SM+PA+OB","0.00","-12.32(-17.86,-6.63)","2.83(-2.65,8.07)","3.53(-1.67,8.62)","5.57(0.25,10.75)","0.0002","0.2887","0.1817","0.0402","1.0014","1.0013","1.0007","1.0017",3755,3328,3001,2876,3443,3025,2919,2830
"C00_C97","2000_2005","2006_2010",5,"doe_zone_5_EQI_Land+SM+PA+OB","0.00","1.03(-5.28,7.07)","9.45(4.03,14.93)","11.79(6.54,16.98)","13.14(7.84,18.61)","0.7296","0.0007","0.0002","0.0002","1.0000","0.9999","1.0000","1.0003",3923,3589,2875,3057,3369,3136,3080,3386
"C00_C97","2000_2005","2006_2010",5,"doe_zone_5_EQI_Built+SM+PA+OB","0.00","7.88(3.05,12.71)","7.76(3.00,12.51)","9.86(5.43,14.18)","11.58(6.67,16.44)","0.0032","0.0022","0.0007","0.0002","0.9998","0.9997","1.0021","1.0000",5185,4012,3616,3480,3365,3114,2872,3471
"C00_C97","2000_2005","2006_2010",5,"doe_zone_5_EQI_Social+SM+PA+OB","0.00","-1.87(-7.74,4.08)","-1.82(-7.30,3.47)","1.08(-4.23,6.27)","4.18(-1.47,9.59)","0.5456","0.5031","0.6851","0.1422","1.0019","1.0006","1.0018","1.0005",4486,3627,3140,2958,2532,2995,2970,2939
"C00_C97","2000_2005","2011_2015",10,"doe_zone_5_EQI+SM+PA+OB","0.00","13.08(7.29,18.60)","18.69(13.43,23.87)","21.66(16.47,26.66)","24.72(19.22,30.00)","0.0002","0.0002","0.0002","0.0002","1.0012","1.0019","1.0019","1.0014",3709,3136,2207,2149,3282,3097,3049,3119
"C00_C97","2000_2005","2011_2015",10,"doe_zone_5_EQI_Air+SM+PA+OB","0.00","10.86(5.76,15.83)","8.95(4.33,13.87)","9.32(4.73,13.96)","8.50(3.59,13.37)","0.0002","0.0007","0.0002","0.0012","1.0001","1.0014","1.0009","0.9999",5342,3930,2834,2651,2791,3250,3243,3142
"C00_C97","2000_2005","2011_2015",10,"doe_zone_5_EQI_Water+SM+PA+OB","0.00","-13.75(-18.91,-8.26)","1.20(-3.80,6.04)","2.10(-2.98,7.22)","5.04(0.07,10.08)","0.0002","0.6426","0.4066","0.0462","1.0008","1.0009","1.0004","1.0013",3554,3159,3245,3063,3171,2919,2964,3248
"C00_C97","2000_2005","2011_2015",10,"doe_zone_5_EQI_Land+SM+PA+OB","0.00","-1.70(-7.41,4.07)","6.88(1.89,12.08)","10.27(5.46,15.30)","11.04(6.05,16.24)","0.5651","0.0117","0.0012","0.0007","1.0003","1.0001","1.0003","1.0005",3996,3246,2776,2927,3282,3223,3425,3184
"C00_C97","2000_2005","2011_2015",10,"doe_zone_5_EQI_Built+SM+PA+OB","0.00","10.70(6.27,15.23)","9.24(4.78,13.88)","12.38(8.02,16.68)","13.47(8.53,18.18)","0.0002","0.0002","0.0002","0.0002","1.0022","1.0003","1.0005","1.0008",3778,3377,2975,2988,3073,3131,3243,3325
"C00_C97","2000_2005","2011_2015",10,"doe_zone_5_EQI_Social+SM+PA+OB","0.00","1.96(-3.64,7.49)","-4.37(-9.36,0.68)","2.31(-2.89,7.37)","3.98(-1.40,9.47)","0.5071","0.0942","0.3657","0.1477","1.0039","1.0004","1.0014","1.0008",4105,3257,2727,2764,3124,3274,3274,3116
"C00_C97","2000_2005","2016_2020",15,"doe_zone_5_EQI+SM+PA+OB","0.00","12.50(7.10,17.82)","17.38(12.12,22.61)","20.08(14.97,25.17)","21.73(16.28,26.98)","0.0002","0.0002","0.0002","0.0002","1.0026","1.0012","1.0016","1.0032",3418,2918,2681,2475,3191,2912,3172,2680
"C00_C97","2000_2005","2016_2020",15,"doe_zone_5_EQI_Air+SM+PA+OB","0.00","9.27(4.44,14.16)","9.94(5.30,14.57)","9.29(4.70,13.74)","7.14(2.27,11.86)","0.0012","0.0002","0.0002","0.0037","1.0002","0.9999","1.0006","0.9998",5676,3884,3131,2768,3112,3032,3141,2790
"C00_C97","2000_2005","2016_2020",15,"doe_zone_5_EQI_Water+SM+PA+OB","0.00","-11.65(-16.59,-6.68)","-0.56(-5.10,4.04)","1.79(-2.84,6.56)","2.76(-1.87,7.39)","0.0002","0.8140","0.4741","0.2372","1.0006","1.0001","1.0007","1.0008",3644,3080,3197,2770,3136,3390,3092,3245
"C00_C97","2000_2005","2016_2020",15,"doe_zone_5_EQI_Land+SM+PA+OB","0.00","-0.50(-6.49,5.28)","3.73(-1.47,8.93)","7.18(2.10,12.04)","8.66(3.50,13.48)","0.8730","0.1652","0.0057","0.0022","1.0007","1.0004","1.0020","1.0014",3666,3178,2688,2717,3108,3421,3370,2927
"C00_C97","2000_2005","2016_2020",15,"doe_zone_5_EQI_Built+SM+PA+OB","0.00","10.98(6.67,15.14)","10.22(6.09,14.53)","10.67(6.44,14.68)","12.09(7.54,16.68)","0.0002","0.0002","0.0002","0.0002","1.0015","1.0002","1.0000","1.0005",4310,3580,3321,3159,3623,3463,3061,3381
"C00_C97","2000_2005","2016_2020",15,"doe_zone_5_EQI_Social+SM+PA+OB","0.00","-0.16(-5.55,5.31)","1.58(-3.32,6.57)","3.41(-1.42,8.10)","5.05(-0.06,10.17)","0.9490","0.5511","0.1672","0.0527","1.0006","1.0015","1.0015","1.0012",4061,3149,2741,2637,3283,3326,3150,3440
"C00_C97","2000_2005","2021_2024",20,"doe_zone_5_EQI+SM+PA+OB","0.00","13.28(6.91,19.56)","16.77(11.15,22.46)","16.82(10.88,22.52)","11.72(5.67,17.60)","0.0002","0.0002","0.0002","0.0002","1.0009","1.0003","1.0002","1.0007",3658,2952,2605,2228,2730,2988,2931,2901
"C00_C97","2000_2005","2021_2024",20,"doe_zone_5_EQI_Air+SM+PA+OB","0.00","9.37(3.55,15.35)","8.75(3.08,14.42)","4.83(-0.71,10.20)","-1.28(-6.85,4.42)","0.0017","0.0022","0.0842","0.6486","1.0010","1.0015","1.0002","1.0009",5209,4815,3514,3103,2785,3383,2908,3072
"C00_C97","2000_2005","2021_2024",20,"doe_zone_5_EQI_Water+SM+PA+OB","0.00","-10.58(-16.99,-4.38)","1.50(-4.46,7.36)","4.06(-1.66,9.80)","3.81(-2.21,9.98)","0.0012","0.6206","0.1697","0.2082","1.0011","1.0000","0.9999","0.9998",3473,2601,2924,3129,3146,2985,3204,3092
"C00_C97","2000_2005","2021_2024",20,"doe_zone_5_EQI_Land+SM+PA+OB","0.00","-0.91(-7.63,5.78)","5.56(-0.37,11.21)","11.74(6.11,17.25)","10.63(4.65,16.39)","0.7971","0.0597","0.0007","0.0002","1.0006","1.0008","1.0001","1.0004",3758,3028,2496,2596,2968,2902,2214,2470
"C00_C97","2000_2005","2021_2024",20,"doe_zone_5_EQI_Built+SM+PA+OB","0.00","9.82(4.67,14.91)","9.57(4.43,14.78)","9.45(4.31,14.45)","9.55(3.97,15.30)","0.0002","0.0007","0.0002","0.0017","1.0001","1.0005","1.0013","1.0012",3801,3413,3130,2951,3010,2981,3028,2862
"C00_C97","2000_2005","2021_2024",20,"doe_zone_5_EQI_Social+SM+PA+OB","0.00","4.93(-1.53,11.20)","-4.59(-10.12,0.90)","2.99(-2.42,8.47)","-0.19(-6.19,5.84)","0.1297","0.1042","0.2937","0.9465","1.0011","1.0013","1.0019","1.0022",4082,3293,2919,2511,3335,3245,2866,3002
"C00_C97","2000_2005","2006_2010",5,"doe_zone_6_EQI+SM+PA+OB","0.00","7.88(0.90,14.81)","10.00(3.27,16.70)","9.98(3.35,16.39)","12.69(5.88,19.64)","0.0262","0.0042","0.0047","0.0012","1.0001","0.9996","1.0008","1.0002",4869,4594,3690,3043,3066,3013,3117,2891
"C00_C97","2000_2005","2006_2010",5,"doe_zone_6_EQI_Air+SM+PA+OB","0.00","8.47(2.15,14.72)","8.76(2.17,15.07)","8.96(1.78,15.91)","8.22(0.33,15.96)","0.0067","0.0077","0.0147","0.0377","1.0003","0.9999","1.0001","1.0003",3447,3237,3427,4270,3032,2331,3061,2932
"C00_C97","2000_2005","2006_2010",5,"doe_zone_6_EQI_Water+SM+PA+OB","0.00","-2.27(-8.78,4.41)","-2.21(-9.02,4.66)","4.13(-2.58,10.41)","3.18(-3.34,9.94)","0.4966","0.5276","0.2217","0.3492","1.0000","1.0000","1.0010","1.0003",4802,4280,3240,3324,3248,2958,2965,2510
"C00_C97","2000_2005","2006_2010",5,"doe_zone_6_EQI_Land+SM+PA+OB","0.00","0.88(-6.64,8.37)","-1.14(-7.93,5.29)","-1.63(-8.35,5.06)","-1.62(-8.33,5.23)","0.8070","0.7431","0.6421","0.6171","1.0005","1.0009","1.0013","1.0008",4582,3984,3674,2845,2970,3158,2671,2873
"C00_C97","2000_2005","2006_2010",5,"doe_zone_6_EQI_Built+SM+PA+OB","0.00","6.88(0.07,14.10)","9.62(3.24,16.28)","7.59(1.27,14.12)","7.66(1.36,14.05)","0.0477","0.0022","0.0157","0.0152","1.0005","1.0006","1.0006","1.0004",5464,4780,4361,3898,3198,3271,3204,3298
"C00_C97","2000_2005","2006_2010",5,"doe_zone_6_EQI_Social+SM+PA+OB","0.00","-1.72(-8.75,5.33)","0.59(-5.74,7.18)","6.49(0.24,12.61)","7.10(-0.07,14.06)","0.6331","0.8685","0.0442","0.0542","1.0007","1.0002","1.0002","1.0011",4550,4733,4272,3321,3141,2919,3273,3175
"C00_C97","2000_2005","2011_2015",10,"doe_zone_6_EQI+SM+PA+OB","0.00","10.05(3.48,16.59)","12.26(6.07,18.30)","11.49(5.64,17.31)","11.53(5.20,17.86)","0.0022","0.0002","0.0002","0.0002","1.0004","1.0004","1.0020","1.0020",4069,3205,2497,2411,3031,3095,3088,3117
"C00_C97","2000_2005","2011_2015",10,"doe_zone_6_EQI_Air+SM+PA+OB","0.00","10.15(4.74,15.57)","8.35(2.57,14.16)","7.52(1.43,13.77)","5.74(-1.06,12.66)","0.0002","0.0032","0.0237","0.0957","1.0008","1.0002","1.0004","1.0028",4076,4112,3709,3900,3321,3180,3142,3093
"C00_C97","2000_2005","2011_2015",10,"doe_zone_6_EQI_Water+SM+PA+OB","0.00","0.70(-5.52,6.88)","-0.57(-6.88,6.07)","4.94(-1.34,11.27)","1.87(-4.51,8.65)","0.8130","0.8465","0.1232","0.5926","1.0007","1.0002","1.0016","1.0019",4236,4834,3996,3968,2787,3249,3024,3319
"C00_C97","2000_2005","2011_2015",10,"doe_zone_6_EQI_Land+SM+PA+OB","0.00","0.11(-6.60,6.98)","-4.27(-10.54,2.00)","-1.32(-7.56,5.14)","1.44(-4.86,7.82)","0.9940","0.1897","0.6666","0.6621","1.0004","1.0000","1.0004","1.0014",5308,4408,3300,3019,3030,3269,3331,3504
"C00_C97","2000_2005","2011_2015",10,"doe_zone_6_EQI_Built+SM+PA+OB","0.00","6.59(0.18,12.92)","7.08(1.13,12.84)","7.83(1.85,13.95)","7.63(1.67,13.53)","0.0417","0.0217","0.0102","0.0072","1.0016","0.9997","1.0008","1.0010",5058,4744,4043,3930,3105,3209,3208,3290
"C00_C97","2000_2005","2011_2015",10,"doe_zone_6_EQI_Social+SM+PA+OB","0.00","-2.05(-8.50,4.22)","1.38(-4.66,7.13)","5.24(-0.64,11.07)","4.27(-2.22,10.73)","0.5426","0.6496","0.0827","0.1952","1.0001","1.0002","0.9997","1.0016",5595,5204,4407,3532,2702,3363,3152,3304
"C00_C97","2000_2005","2016_2020",15,"doe_zone_6_EQI+SM+PA+OB","0.00","9.86(3.60,15.89)","11.69(5.92,17.64)","10.10(4.54,15.47)","13.66(7.52,19.83)","0.0017","0.0012","0.0007","0.0002","0.9999","1.0017","1.0008","1.0005",3563,3402,3171,2780,3323,3127,3304,2862
"C00_C97","2000_2005","2016_2020",15,"doe_zone_6_EQI_Air+SM+PA+OB","0.00","6.36(1.54,11.26)","7.50(2.17,12.56)","7.62(1.57,13.26)","6.59(0.38,12.95)","0.0097","0.0077","0.0147","0.0397","1.0025","1.0015","1.0008","1.0012",4570,4043,4049,4211,3346,3282,2678,3129
"C00_C97","2000_2005","2016_2020",15,"doe_zone_6_EQI_Water+SM+PA+OB","0.00","-0.72(-6.38,5.11)","1.66(-4.35,7.82)","1.75(-3.93,7.41)","4.47(-1.96,10.76)","0.7901","0.5961","0.5631","0.1637","1.0001","1.0008","1.0011","1.0017",4521,4558,3955,3801,3423,3239,3351,3106
"C00_C97","2000_2005","2016_2020",15,"doe_zone_6_EQI_Land+SM+PA+OB","0.00","-1.92(-8.60,4.32)","-3.26(-9.36,2.90)","-3.02(-8.89,2.70)","2.97(-2.88,8.79)","0.5646","0.2882","0.3002","0.3212","1.0015","1.0004","1.0001","0.9999",4919,3044,2869,2513,3264,3300,3221,2795
"C00_C97","2000_2005","2016_2020",15,"doe_zone_6_EQI_Built+SM+PA+OB","0.00","4.94(-1.05,11.00)","9.51(3.82,14.91)","7.35(1.81,12.79)","7.60(1.84,13.21)","0.1077","0.0012","0.0087","0.0087","0.9995","1.0006","1.0008","1.0000",5265,3667,3597,3164,3428,2735,2820,3104
"C00_C97","2000_2005","2016_2020",15,"doe_zone_6_EQI_Social+SM+PA+OB","0.00","-1.85(-7.99,4.21)","3.12(-2.50,8.59)","4.11(-1.59,9.81)","3.14(-3.06,9.46)","0.5426","0.2772","0.1527","0.3317","1.0005","1.0014","1.0005","1.0003",4612,3732,3628,3266,3098,2876,3121,3080
"C00_C97","2000_2005","2021_2024",20,"doe_zone_6_EQI+SM+PA+OB","0.00","9.20(2.12,16.32)","10.07(3.24,16.85)","9.90(3.62,16.06)","11.23(4.11,18.09)","0.0117","0.0032","0.0007","0.0022","1.0004","1.0013","1.0038","1.0006",4091,4348,3839,3315,2443,3059,2965,3164
"C00_C97","2000_2005","2021_2024",20,"doe_zone_6_EQI_Air+SM+PA+OB","0.00","9.68(3.72,15.71)","9.69(3.31,15.77)","5.89(-0.75,12.46)","3.02(-4.50,10.41)","0.0017","0.0052","0.0842","0.4216","1.0005","1.0009","1.0004","1.0051",5198,5647,5081,6142,3306,2935,3358,2968
"C00_C97","2000_2005","2021_2024",20,"doe_zone_6_EQI_Water+SM+PA+OB","0.00","-1.24(-7.93,5.39)","1.21(-5.57,8.05)","4.08(-2.79,10.96)","5.34(-1.70,12.37)","0.7216","0.7346","0.2417","0.1402","1.0017","1.0017","0.9997","1.0002",5554,5198,5107,4856,3073,3362,3190,3122
"C00_C97","2000_2005","2021_2024",20,"doe_zone_6_EQI_Land+SM+PA+OB","0.00","-1.86(-9.27,5.68)","0.52(-6.26,7.35)","-4.22(-10.89,2.54)","1.74(-4.94,8.64)","0.6011","0.8580","0.2092","0.6381","0.9997","1.0010","1.0004","1.0008",6153,5315,3925,4293,2959,3386,2785,3373
"C00_C97","2000_2005","2021_2024",20,"doe_zone_6_EQI_Built+SM+PA+OB","0.00","6.04(-1.16,13.47)","6.38(-0.06,12.86)","4.83(-1.68,11.37)","6.97(0.76,13.49)","0.1042","0.0547","0.1557","0.0292","1.0010","1.0011","1.0014","1.0008",6380,5905,5530,4662,3216,3206,3054,2909
"C00_C97","2000_2005","2021_2024",20,"doe_zone_6_EQI_Social+SM+PA+OB","0.00","-1.75(-8.80,4.98)","-2.33(-8.75,4.33)","2.14(-4.03,8.49)","3.03(-4.01,9.91)","0.6311","0.4921","0.5341","0.3897","1.0007","1.0011","1.0014","1.0012",5802,4592,4790,4089,2809,3255,3424,3195
"C00_C97","2000_2005","2006_2010",5,"doe_zone_7_EQI+SM+PA+OB","0.00","-0.57(-9.77,8.59)","4.64(-4.24,13.32)","4.28(-4.50,13.44)","-0.50(-10.32,9.32)","0.9125","0.2942","0.3442","0.9225","1.0001","1.0005","1.0007","0.9995",3860,4467,3821,4278,3093,3276,2694,2945
"C00_C97","2000_2005","2006_2010",5,"doe_zone_7_EQI_Air+SM+PA+OB","0.00","4.89(-3.98,13.23)","3.21(-5.69,12.04)","2.10(-7.55,11.60)","0.08(-9.49,9.72)","0.2702","0.4996","0.6536","0.9990","1.0005","1.0007","1.0003","1.0033",3414,3916,4162,5153,2802,2768,2606,2556
"C00_C97","2000_2005","2006_2010",5,"doe_zone_7_EQI_Water+SM+PA+OB","0.00","-5.31(-13.64,3.32)","2.53(-6.38,11.47)","4.39(-4.27,13.14)","0.70(-8.64,10.14)","0.2172","0.6081","0.3147","0.8890","1.0031","1.0004","1.0008","1.0005",4424,4259,4640,3109,2964,2927,2946,3203
"C00_C97","2000_2005","2006_2010",5,"doe_zone_7_EQI_Land+SM+PA+OB","0.00","2.80(-5.78,11.85)","3.05(-5.85,12.15)","-0.97(-9.41,7.47)","-0.11(-8.88,8.79)","0.5446","0.5026","0.8090","0.9795","1.0030","1.0005","1.0014","0.9999",4774,4222,4584,4422,2809,2985,3191,2995
"C00_C97","2000_2005","2006_2010",5,"doe_zone_7_EQI_Built+SM+PA+OB","0.00","-2.04(-11.20,7.22)","1.55(-7.55,10.58)","4.08(-4.49,12.85)","4.16(-4.16,12.60)","0.6656","0.7341","0.3607","0.3332","1.0000","1.0001","1.0002","1.0008",4735,4690,5016,4555,3001,3034,3107,3014
"C00_C97","2000_2005","2006_2010",5,"doe_zone_7_EQI_Social+SM+PA+OB","0.00","-2.87(-11.88,5.94)","1.16(-7.38,9.92)","2.88(-6.23,11.81)","4.31(-4.69,13.55)","0.5086","0.7896","0.5221","0.3592","0.9999","0.9999","1.0012","1.0014",3578,4414,3840,3588,2750,2606,2803,3103
"C00_C97","2000_2005","2011_2015",10,"doe_zone_7_EQI+SM+PA+OB","0.00","1.80(-7.37,10.81)","3.25(-5.28,11.37)","4.31(-4.24,12.86)","-0.73(-9.91,8.46)","0.6891","0.4471","0.3472","0.8725","0.9994","1.0005","0.9999","0.9998",3679,3130,3953,3376,3121,2652,3186,3304
"C00_C97","2000_2005","2011_2015",10,"doe_zone_7_EQI_Air+SM+PA+OB","0.00","4.81(-3.66,13.34)","3.37(-5.66,12.25)","2.15(-7.20,11.62)","0.02(-10.07,10.10)","0.2727","0.4701","0.6431","0.9970","1.0017","1.0016","0.9997","1.0048",4168,5315,4658,4922,3033,3337,2803,2554
"C00_C97","2000_2005","2011_2015",10,"doe_zone_7_EQI_Water+SM+PA+OB","0.00","-4.64(-12.84,3.91)","0.44(-8.62,9.52)","3.80(-4.87,12.74)","0.70(-8.74,10.03)","0.2707","0.9190","0.3917","0.8755","1.0008","1.0008","1.0000","1.0015",4871,4248,4951,4089,3193,2975,2835,2973
"C00_C97","2000_2005","2011_2015",10,"doe_zone_7_EQI_Land+SM+PA+OB","0.00","3.37(-5.56,12.24)","3.75(-4.85,12.49)","1.56(-6.88,10.24)","-2.85(-11.89,5.76)","0.4506","0.4186","0.7086","0.5336","1.0007","1.0039","1.0009","0.9999",4853,4320,4533,4425,2977,2820,2531,3200
"C00_C97","2000_2005","2011_2015",10,"doe_zone_7_EQI_Built+SM+PA+OB","0.00","-1.53(-10.43,7.36)","4.04(-5.02,13.00)","3.69(-5.07,12.13)","4.31(-3.76,12.60)","0.7351","0.3812","0.4156","0.3252","1.0000","1.0003","0.9994","1.0011",4690,5022,4993,4723,3162,3069,3178,2722
"C00_C97","2000_2005","2011_2015",10,"doe_zone_7_EQI_Social+SM+PA+OB","0.00","-1.74(-10.26,6.84)","3.62(-4.35,11.77)","1.30(-7.44,10.53)","3.16(-6.22,12.15)","0.6881","0.3772","0.7851","0.5056","1.0013","1.0006","0.9994","1.0004",4730,4840,4523,3769,2924,3061,2929,3086
"C00_C97","2000_2005","2016_2020",15,"doe_zone_7_EQI+SM+PA+OB","0.00","2.73(-5.81,11.28)","2.64(-5.57,10.75)","3.97(-4.53,12.50)","-0.79(-10.00,8.32)","0.5301","0.5406","0.3472","0.8655","1.0016","1.0013","1.0002","1.0004",3891,3455,2810,3445,2830,3137,3001,3042
"C00_C97","2000_2005","2016_2020",15,"doe_zone_7_EQI_Air+SM+PA+OB","0.00","5.20(-3.23,13.57)","2.99(-5.63,11.78)","3.14(-6.15,12.24)","0.00(-9.59,10.18)","0.2047","0.5001","0.5061","0.9920","1.0012","1.0006","1.0001","1.0004",4573,4443,4320,4411,2936,3004,3110,2773
"C00_C97","2000_2005","2016_2020",15,"doe_zone_7_EQI_Water+SM+PA+OB","0.00","-3.78(-11.98,4.48)","3.18(-5.41,11.89)","4.07(-4.46,12.69)","-0.48(-9.37,8.62)","0.3597","0.4796","0.3572","0.9165","1.0015","1.0015","0.9995","1.0004",4667,4252,4662,3865,3040,3039,2810,2838
"C00_C97","2000_2005","2016_2020",15,"doe_zone_7_EQI_Land+SM+PA+OB","0.00","4.06(-4.80,12.88)","4.68(-4.04,13.30)","-1.87(-10.31,6.47)","-0.10(-8.92,8.52)","0.3677","0.2782","0.6701","0.9875","1.0010","1.0000","1.0003","1.0010",4151,4307,4818,4007,3190,2960,2841,3350
"C00_C97","2000_2005","2016_2020",15,"doe_zone_7_EQI_Built+SM+PA+OB","0.00","-0.82(-10.12,8.62)","2.88(-5.87,11.55)","6.11(-2.21,14.79)","3.16(-5.42,11.42)","0.8595","0.5176","0.1517","0.4646","1.0018","1.0003","0.9999","1.0012",4760,4633,4536,4023,2941,3210,3037,2981
"C00_C97","2000_2005","2016_2020",15,"doe_zone_7_EQI_Social+SM+PA+OB","0.00","-0.77(-9.34,7.65)","5.14(-2.95,13.17)","1.53(-6.72,10.02)","3.22(-6.24,12.63)","0.8590","0.2057","0.7231","0.5071","1.0012","1.0002","1.0002","1.0000",4565,4589,4595,3925,2820,3130,3011,2452
"C00_C97","2000_2005","2021_2024",20,"doe_zone_7_EQI+SM+PA+OB","0.00","1.42(-7.29,10.43)","3.09(-5.69,11.59)","3.28(-5.41,11.51)","-0.65(-10.07,8.55)","0.7841","0.4841","0.4511","0.9080","1.0003","0.9999","1.0000","1.0016",4743,4618,4810,4450,3196,2885,3130,3034
"C00_C97","2000_2005","2021_2024",20,"doe_zone_7_EQI_Air+SM+PA+OB","0.00","3.11(-5.32,11.82)","3.20(-5.47,12.29)","2.06(-7.20,11.43)","0.08(-9.82,9.98)","0.4786","0.5021","0.6726","0.9825","1.0006","1.0016","1.0008","1.0000",5221,5124,5388,6812,3016,2439,2990,3124
"C00_C97","2000_2005","2021_2024",20,"doe_zone_7_EQI_Water+SM+PA+OB","0.00","-3.62(-11.92,4.82)","2.48(-6.43,11.65)","3.97(-5.00,13.07)","0.17(-9.42,9.30)","0.4106","0.5821","0.3687","0.9650","1.0014","1.0009","1.0012","1.0010",5299,5457,5468,5231,2966,2804,2646,2748
"C00_C97","2000_2005","2021_2024",20,"doe_zone_7_EQI_Land+SM+PA+OB","0.00","3.21(-5.83,12.45)","3.02(-5.82,11.68)","0.22(-8.57,9.09)","-1.28(-9.99,7.76)","0.4811","0.5171","0.9725","0.7856","0.9999","0.9998","1.0000","0.9998",5575,4935,4942,5092,2883,2928,2958,3059
"C00_C97","2000_2005","2021_2024",20,"doe_zone_7_EQI_Built+SM+PA+OB","0.00","-0.57(-9.80,8.45)","3.32(-5.84,12.46)","5.89(-2.87,14.89)","-1.67(-10.03,6.86)","0.9140","0.4781","0.1827","0.7006","1.0009","1.0014","1.0008","1.0009",5739,5671,4854,5535,3216,2674,2740,3099
"C00_C97","2000_2005","2021_2024",20,"doe_zone_7_EQI_Social+SM+PA+OB","0.00","-2.79(-11.34,5.90)","1.06(-7.64,9.75)","1.91(-7.29,11.12)","4.72(-4.40,14.18)","0.5216","0.8085","0.6921","0.3252","0.9994","1.0001","1.0021","1.0013",4528,4983,5243,4896,2669,2787,3160,2953
"C00_C97","2000_2005","2006_2010",5,"Economic_type_1_EQI+SM+PA+OB","0.00","13.27(6.67,20.15)","13.69(6.12,21.27)","8.87(0.52,17.49)","0.79(-8.64,10.24)","0.0002","0.0007","0.0412","0.8830","1.0002","0.9998","1.0025","1.0001",4462,4795,3669,5268,2767,3338,2763,2784
"C00_C97","2000_2005","2006_2010",5,"Economic_type_1_EQI_Air+SM+PA+OB","0.00","8.42(0.83,15.63)","5.73(-2.69,14.15)","2.87(-6.33,12.06)","-0.10(-9.62,9.67)","0.0292","0.1807","0.5301","0.9920","1.0009","1.0025","1.0004","1.0003",4241,4047,4880,5064,2647,3180,3014,3156
"C00_C97","2000_2005","2006_2010",5,"Economic_type_1_EQI_Water+SM+PA+OB","0.00","-7.54(-14.34,-0.59)","1.43(-6.09,9.01)","4.76(-2.59,12.02)","4.24(-3.87,12.23)","0.0357","0.7136","0.2172","0.3052","1.0017","1.0026","1.0000","1.0004",4104,4412,4477,4890,2877,3190,3276,2945
"C00_C97","2000_2005","2006_2010",5,"Economic_type_1_EQI_Land+SM+PA+OB","0.00","-4.60(-12.32,3.38)","1.52(-5.88,8.87)","-0.15(-7.35,7.22)","7.41(0.05,14.74)","0.2392","0.6966","0.9480","0.0497","1.0008","1.0003","1.0024","0.9995",3960,4039,3751,3602,2860,2980,2955,2965
"C00_C97","2000_2005","2006_2010",5,"Economic_type_1_EQI_Built+SM+PA+OB","0.00","8.15(1.49,14.77)","8.42(1.00,15.81)","4.86(-3.11,12.90)","2.55(-6.25,11.08)","0.0157","0.0277","0.2347","0.5831","1.0010","1.0004","1.0001","1.0006",4231,3300,4408,4810,3394,2439,3050,3127
"C00_C97","2000_2005","2006_2010",5,"Economic_type_1_EQI_Social+SM+PA+OB","0.00","-3.10(-10.48,4.10)","-1.05(-8.20,6.18)","7.40(-0.10,14.95)","8.21(-0.57,17.10)","0.4101","0.7886","0.0557","0.0682","1.0000","1.0005","0.9999","1.0001",4054,4370,4056,3720,2906,3155,2425,2888
"C00_C97","2000_2005","2011_2015",10,"Economic_type_1_EQI+SM+PA+OB","0.00","12.62(5.81,19.27)","12.81(5.31,20.31)","8.48(-0.28,16.88)","0.66(-8.40,9.88)","0.0002","0.0002","0.0562","0.8810","1.0009","1.0012","1.0014","1.0000",5836,5957,6400,6317,3074,2669,2737,2906
"C00_C97","2000_2005","2011_2015",10,"Economic_type_1_EQI_Air+SM+PA+OB","0.00","7.70(0.72,14.60)","5.39(-3.11,13.86)","2.95(-6.11,12.14)","0.02(-10.09,10.36)","0.0282","0.2022","0.5376","0.9870","1.0002","1.0001","1.0017","1.0012",4781,4107,4002,3859,3133,2563,2625,2820
"C00_C97","2000_2005","2011_2015",10,"Economic_type_1_EQI_Water+SM+PA+OB","0.00","-6.65(-13.38,-0.12)","1.79(-5.77,9.11)","5.94(-1.34,13.25)","3.14(-4.49,10.83)","0.0442","0.6271","0.1112","0.4291","1.0016","1.0004","1.0002","1.0026",3755,4596,3282,4083,3219,3480,2544,3105
"C00_C97","2000_2005","2011_2015",10,"Economic_type_1_EQI_Land+SM+PA+OB","0.00","-2.04(-10.05,5.84)","-1.50(-8.56,5.71)","0.84(-6.34,8.01)","7.20(0.00,14.17)","0.6101","0.6746","0.8210","0.0502","1.0019","0.9998","1.0010","1.0003",3553,3910,3812,2899,2624,2919,3025,2817
"C00_C97","2000_2005","2011_2015",10,"Economic_type_1_EQI_Built+SM+PA+OB","0.00","10.20(3.42,16.60)","7.69(0.25,15.03)","4.54(-3.23,12.33)","3.12(-5.92,12.27)","0.0047","0.0442","0.2572","0.4996","0.9998","1.0003","1.0011","1.0004",4146,3772,4010,3698,2818,2768,2737,2896
"C00_C97","2000_2005","2011_2015",10,"Economic_type_1_EQI_Social+SM+PA+OB","0.00","-1.38(-8.04,5.66)","-3.93(-11.17,3.21)","6.20(-1.25,13.69)","6.81(-2.07,15.15)","0.6986","0.2747","0.1112","0.1147","1.0004","1.0013","1.0007","1.0005",3585,4023,3812,3794,2685,2843,2990,3112
"C00_C97","2000_2005","2016_2020",15,"Economic_type_1_EQI+SM+PA+OB","0.00","11.68(5.59,17.68)","13.41(6.01,20.85)","9.28(1.04,17.44)","1.51(-7.83,10.86)","0.0002","0.0007","0.0252","0.7516","1.0014","1.0010","0.9999","0.9999",3967,3575,4099,4560,3062,2608,3243,2868
"C00_C97","2000_2005","2016_2020",15,"Economic_type_1_EQI_Air+SM+PA+OB","0.00","6.78(0.10,13.33)","5.34(-2.43,13.08)","1.89(-6.69,10.74)","0.04(-9.82,10.01)","0.0487","0.1762","0.6701","0.9965","1.0023","1.0015","1.0019","1.0002",6912,7647,6830,7034,2864,3104,2789,2940
"C00_C97","2000_2005","2016_2020",15,"Economic_type_1_EQI_Water+SM+PA+OB","0.00","-5.93(-12.46,0.62)","3.63(-3.49,10.85)","2.63(-4.53,9.70)","3.29(-4.18,10.83)","0.0777","0.3207","0.4556","0.3942","1.0014","1.0007","1.0015","0.9994",5984,6148,5295,5452,3351,2869,3253,2941
"C00_C97","2000_2005","2016_2020",15,"Economic_type_1_EQI_Land+SM+PA+OB","0.00","-1.30(-8.75,6.11)","-0.83(-7.57,5.99)","1.39(-5.36,8.28)","9.07(2.10,16.26)","0.7326","0.8195","0.6891","0.0082","1.0010","1.0003","1.0002","1.0002",6547,6060,6157,4610,3411,3324,3139,3142
"C00_C97","2000_2005","2016_2020",15,"Economic_type_1_EQI_Built+SM+PA+OB","0.00","9.90(3.56,16.07)","9.56(2.55,16.58)","3.63(-4.07,11.11)","3.20(-5.17,11.51)","0.0007","0.0072","0.3412","0.4526","1.0001","1.0009","1.0004","0.9996",7018,5747,6234,7627,3027,2977,2769,3127
"C00_C97","2000_2005","2016_2020",15,"Economic_type_1_EQI_Social+SM+PA+OB","0.00","-3.98(-10.61,2.52)","3.68(-3.20,10.73)","7.67(0.69,14.76)","8.37(0.02,16.75)","0.2302","0.3142","0.0332","0.0502","1.0000","1.0001","1.0026","1.0019",5532,5241,5480,6286,3263,3034,3066,2953
"C00_C97","2000_2005","2021_2024",20,"Economic_type_1_EQI+SM+PA+OB","0.00","13.55(6.26,20.70)","12.07(4.02,20.17)","7.14(-1.52,16.37)","0.51(-8.85,10.12)","0.0002","0.0022","0.1052","0.9340","1.0001","1.0010","1.0001","1.0010",5117,5155,5659,5071,3240,2706,2952,3058
"C00_C97","2000_2005","2021_2024",20,"Economic_type_1_EQI_Air+SM+PA+OB","0.00","6.14(-1.58,14.06)","4.17(-4.56,12.70)","1.31(-8.22,10.68)","-0.05(-9.99,9.76)","0.1222","0.3537","0.8015","0.9865","1.0019","1.0013","1.0014","1.0024",4703,5306,4643,5252,2653,2757,2791,2959
"C00_C97","2000_2005","2021_2024",20,"Economic_type_1_EQI_Water+SM+PA+OB","0.00","-7.20(-14.78,0.29)","2.26(-5.40,9.96)","4.61(-3.12,12.58)","5.01(-3.33,13.15)","0.0627","0.5721","0.2427","0.2352","1.0003","0.9998","1.0007","1.0008",4462,3987,3950,4996,2771,3230,2685,3154
"C00_C97","2000_2005","2021_2024",20,"Economic_type_1_EQI_Land+SM+PA+OB","0.00","-2.39(-10.54,6.03)","3.04(-4.61,10.82)","2.24(-5.33,9.85)","7.48(-0.00,15.62)","0.5801","0.4586","0.5816","0.0507","1.0007","1.0015","1.0011","1.0012",4666,4389,3913,3575,2653,3129,2868,2562
"C00_C97","2000_2005","2021_2024",20,"Economic_type_1_EQI_Built+SM+PA+OB","0.00","11.66(4.23,18.96)","7.78(-0.39,15.85)","4.13(-4.27,12.49)","0.20(-8.82,9.76)","0.0022","0.0602","0.3472","0.9755","1.0001","1.0001","1.0002","1.0010",5031,4774,5235,4437,3108,3204,3101,2680
"C00_C97","2000_2005","2021_2024",20,"Economic_type_1_EQI_Social+SM+PA+OB","0.00","-1.97(-9.49,5.62)","-3.54(-11.39,4.27)","7.80(0.02,15.85)","7.14(-1.27,15.75)","0.5941","0.3757","0.0497","0.1017","1.0015","1.0023","1.0012","1.0018",4165,4642,4110,4728,2914,2928,2696,2936
"C00_C97","2000_2005","2006_2010",5,"Economic_type_2_EQI+SM+PA+OB","0.00","5.48(-2.14,13.00)","4.63(-3.32,12.53)","1.40(-7.27,10.36)","1.50(-7.76,10.62)","0.1502","0.2437","0.7456","0.7576","0.9999","1.0005","1.0012","1.0009",7299,6283,7191,5600,2980,3040,3185,2498
"C00_C97","2000_2005","2006_2010",5,"Economic_type_2_EQI_Air+SM+PA+OB","0.00","3.20(-4.79,11.19)","5.11(-2.66,13.28)","3.40(-4.87,11.87)","1.66(-7.40,10.91)","0.4441","0.1942","0.4346","0.7361","1.0007","1.0018","1.0002","1.0017",6199,4786,5461,5227,3233,3275,3187,2977
"C00_C97","2000_2005","2006_2010",5,"Economic_type_2_EQI_Water+SM+PA+OB","0.00","-0.87(-8.84,6.76)","1.02(-7.24,9.31)","1.98(-6.25,10.28)","2.63(-5.31,10.63)","0.8395","0.8330","0.6356","0.5126","1.0032","1.0012","1.0001","1.0019",5079,5255,5946,5830,2926,2934,3164,2734
"C00_C97","2000_2005","2006_2010",5,"Economic_type_2_EQI_Land+SM+PA+OB","0.00","1.07(-6.40,8.86)","0.88(-6.98,8.62)","-1.10(-9.93,7.75)","0.48(-8.18,9.10)","0.7891","0.8250","0.7956","0.9040","1.0002","1.0028","0.9999","1.0012",5171,4591,6413,6929,3010,2724,2875,2988
"C00_C97","2000_2005","2006_2010",5,"Economic_type_2_EQI_Built+SM+PA+OB","0.00","0.33(-7.77,8.57)","4.87(-3.12,12.88)","2.35(-5.79,10.73)","0.69(-7.72,9.03)","0.9425","0.2257","0.5791","0.8680","1.0030","1.0004","1.0002","1.0003",6195,5524,5156,5661,2705,2893,3101,3298
"C00_C97","2000_2005","2006_2010",5,"Economic_type_2_EQI_Social+SM+PA+OB","0.00","2.48(-5.59,10.26)","-3.46(-12.08,5.22)","-0.58(-9.38,7.87)","2.21(-7.10,11.61)","0.5146","0.4216","0.8905","0.6516","1.0006","1.0017","1.0006","1.0000",5726,5607,5609,5996,2548,3054,2663,2993
"C00_C97","2000_2005","2011_2015",10,"Economic_type_2_EQI+SM+PA+OB","0.00","4.75(-2.68,11.93)","4.96(-2.90,13.03)","4.68(-4.21,13.75)","0.07(-9.19,9.32)","0.1947","0.2212","0.2892","0.9800","1.0021","1.0016","0.9998","1.0013",6122,4979,5088,5885,2730,3061,2803,3110
"C00_C97","2000_2005","2011_2015",10,"Economic_type_2_EQI_Air+SM+PA+OB","0.00","5.40(-2.77,13.37)","3.96(-3.80,11.93)","4.29(-3.66,12.48)","1.33(-7.99,10.50)","0.1967","0.3317","0.3042","0.7906","1.0008","1.0006","1.0023","1.0006",9478,7199,7642,7726,2945,3037,3274,3415
"C00_C97","2000_2005","2011_2015",10,"Economic_type_2_EQI_Water+SM+PA+OB","0.00","-0.10(-8.01,8.11)","0.03(-8.40,8.66)","-0.59(-8.98,7.81)","2.70(-5.06,10.31)","0.9815","0.9970","0.8995","0.4881","0.9999","1.0021","1.0008","1.0004",7742,7342,6303,6073,2679,3222,3112,3116
"C00_C97","2000_2005","2011_2015",10,"Economic_type_2_EQI_Land+SM+PA+OB","0.00","1.26(-6.69,9.17)","-0.23(-8.13,7.76)","1.96(-6.43,10.26)","0.41(-8.39,9.14)","0.7436","0.9465","0.6416","0.9425","1.0008","1.0010","1.0010","1.0014",6820,6940,7614,7390,2486,2598,2826,2694
"C00_C97","2000_2005","2011_2015",10,"Economic_type_2_EQI_Built+SM+PA+OB","0.00","-0.21(-8.49,7.57)","5.26(-2.55,12.86)","1.58(-6.28,9.64)","2.82(-5.94,11.31)","0.9630","0.1687","0.7096","0.5191","1.0000","0.9999","1.0016","1.0013",7375,7856,6890,6044,3041,2464,3024,2651
"C00_C97","2000_2005","2011_2015",10,"Economic_type_2_EQI_Social+SM+PA+OB","0.00","2.71(-4.91,10.30)","-0.95(-8.90,7.13)","-0.21(-9.05,8.60)","1.51(-8.27,11.03)","0.4896","0.8115","0.9720","0.7501","1.0029","1.0005","1.0001","1.0031",7199,6704,7545,6732,3156,3025,3051,2594
"C00_C97","2000_2005","2016_2020",15,"Economic_type_2_EQI+SM+PA+OB","0.00","6.73(-0.39,13.69)","5.65(-2.18,13.32)","3.65(-4.94,12.27)","0.71(-8.34,9.92)","0.0662","0.1712","0.3942","0.8925","1.0013","1.0013","1.0008","1.0011",5625,5626,5823,6355,2991,3048,2864,3016
"C00_C97","2000_2005","2016_2020",15,"Economic_type_2_EQI_Air+SM+PA+OB","0.00","3.46(-4.40,11.28)","5.36(-2.59,13.10)","5.36(-2.81,13.44)","1.06(-8.06,10.39)","0.3857","0.1917","0.1947","0.8145","1.0005","1.0001","1.0007","0.9997",4079,4096,3497,4880,2907,2767,2985,3019
"C00_C97","2000_2005","2016_2020",15,"Economic_type_2_EQI_Water+SM+PA+OB","0.00","0.55(-7.33,8.23)","0.21(-8.29,8.46)","-0.14(-8.13,7.93)","2.18(-5.69,9.97)","0.8830","0.9465","0.9695","0.5786","1.0012","1.0003","1.0014","1.0013",4286,4031,4085,3685,3030,2675,3241,3248
"C00_C97","2000_2005","2016_2020",15,"Economic_type_2_EQI_Land+SM+PA+OB","0.00","4.75(-2.92,12.45)","0.36(-7.59,8.20)","-1.44(-9.67,7.10)","1.30(-7.40,10.48)","0.2222","0.9325","0.7321","0.7871","1.0000","1.0009","1.0001","1.0025",4429,4480,4848,3796,2940,2951,2927,2878
"C00_C97","2000_2005","2016_2020",15,"Economic_type_2_EQI_Built+SM+PA+OB","0.00","1.29(-6.91,9.33)","2.53(-5.29,10.53)","2.27(-5.75,10.26)","3.32(-4.76,11.93)","0.7421","0.5186","0.5826","0.4501","1.0021","1.0005","1.0014","1.0012",4351,4092,4683,4148,3074,2697,3205,3030
"C00_C97","2000_2005","2016_2020",15,"Economic_type_2_EQI_Social+SM+PA+OB","0.00","4.73(-3.09,12.31)","-1.11(-9.01,6.78)","0.25(-8.31,9.26)","1.83(-7.73,11.68)","0.2277","0.8015","0.9540","0.7046","1.0010","1.0009","0.9997","0.9997",4481,4205,4260,4496,3187,2956,2991,2919
"C00_C97","2000_2005","2021_2024",20,"Economic_type_2_EQI+SM+PA+OB","0.00","6.17(-1.61,14.02)","2.28(-6.07,10.76)","4.87(-3.95,13.50)","0.42(-9.10,9.84)","0.1292","0.6051","0.2697","0.9400","1.0002","1.0027","1.0002","1.0008",6497,6789,6368,7179,3129,3113,2617,2943
"C00_C97","2000_2005","2021_2024",20,"Economic_type_2_EQI_Air+SM+PA+OB","0.00","2.78(-5.33,11.07)","4.22(-4.31,12.48)","5.23(-3.10,13.67)","0.80(-8.16,9.72)","0.5156","0.3072","0.2207","0.8830","1.0015","1.0025","1.0011","0.9996",6265,5901,6359,6904,2523,2981,3103,2979
"C00_C97","2000_2005","2021_2024",20,"Economic_type_2_EQI_Water+SM+PA+OB","0.00","-0.67(-8.71,7.47)","1.93(-6.82,10.50)","0.65(-7.56,8.98)","-0.07(-8.31,8.09)","0.8640","0.6606","0.8800","0.9830","1.0018","1.0021","1.0009","1.0003",5937,5676,5522,5683,3169,2868,2779,3093
"C00_C97","2000_2005","2021_2024",20,"Economic_type_2_EQI_Land+SM+PA+OB","0.00","7.44(-0.74,15.64)","0.74(-7.74,9.01)","0.17(-8.26,8.60)","-1.11(-10.15,7.86)","0.0772","0.8425","0.9525","0.8060","1.0002","0.9999","1.0001","1.0017",4708,6196,6432,6422,2858,2730,3344,3089
"C00_C97","2000_2005","2021_2024",20,"Economic_type_2_EQI_Built+SM+PA+OB","0.00","2.20(-5.80,10.22)","2.41(-5.51,10.72)","4.31(-3.95,12.66)","3.97(-4.47,12.24)","0.5851","0.5731","0.3212","0.3587","1.0003","1.0032","1.0002","1.0001",6930,6418,5813,5400,3085,3336,2993,3041
"C00_C97","2000_2005","2021_2024",20,"Economic_type_2_EQI_Social+SM+PA+OB","0.00","0.89(-7.35,8.93)","-3.23(-11.41,5.22)","-0.24(-9.34,8.59)","1.53(-7.77,10.93)","0.8300","0.4256","0.9740","0.7686","1.0002","1.0005","1.0013","1.0007",6129,5687,5877,6020,2547,2956,2738,3167
"C00_C97","2000_2005","2006_2010",5,"Economic_type_3_EQI+SM+PA+OB","0.00","2.31(-1.42,6.20)","3.03(-0.93,6.90)","2.44(-1.62,6.47)","6.89(2.47,11.38)","0.2352","0.1217","0.2372","0.0047","1.0010","1.0019","1.0006","1.0006",1852,1621,1381,1503,2803,2677,2358,2342
"C00_C97","2000_2005","2006_2010",5,"Economic_type_3_EQI_Air+SM+PA+OB","0.00","0.20(-4.77,5.24)","3.62(-1.07,8.32)","7.41(2.64,12.04)","10.09(5.05,14.90)","0.9425","0.1227","0.0022","0.0002","1.0000","1.0011","1.0005","1.0013",1781,1633,1525,1561,2650,2537,2261,2460
"C00_C97","2000_2005","2006_2010",5,"Economic_type_3_EQI_Water+SM+PA+OB","0.00","1.96(-2.33,6.29)","0.02(-4.24,4.29)","-0.85(-5.10,3.31)","-1.38(-6.08,3.18)","0.3762","0.9790","0.6921","0.5691","1.0011","1.0009","1.0003","1.0007",1973,1882,1654,1738,2822,2592,2577,2346
"C00_C97","2000_2005","2006_2010",5,"Economic_type_3_EQI_Land+SM+PA+OB","0.00","0.36(-2.73,3.53)","1.31(-1.97,4.76)","0.03(-3.55,3.69)","0.43(-3.53,4.50)","0.8145","0.4311","0.9990","0.8295","1.0015","1.0020","1.0011","1.0008",3045,2466,2170,1936,2918,2967,2761,2969
"C00_C97","2000_2005","2006_2010",5,"Economic_type_3_EQI_Built+SM+PA+OB","0.00","3.20(0.09,6.34)","2.88(-0.16,5.93)","5.18(1.98,8.20)","4.34(0.45,8.20)","0.0447","0.0697","0.0022","0.0297","1.0000","1.0014","1.0007","1.0002",2754,2379,2402,2451,2817,2654,2549,2790
"C00_C97","2000_2005","2006_2010",5,"Economic_type_3_EQI_Social+SM+PA+OB","0.00","-3.44(-6.83,-0.03)","-5.23(-9.00,-1.56)","-6.20(-10.19,-2.26)","-7.61(-12.32,-3.02)","0.0482","0.0027","0.0012","0.0017","1.0009","1.0027","1.0031","1.0033",2350,1705,1573,1435,2719,2129,2440,2030
"C00_C97","2000_2005","2011_2015",10,"Economic_type_3_EQI+SM+PA+OB","0.00","2.10(-1.53,5.73)","4.34(0.84,7.96)","4.34(0.54,8.16)","5.91(1.56,10.39)","0.2567","0.0132","0.0297","0.0102","1.0005","1.0003","1.0005","1.0010",2395,1833,1703,1556,2781,2300,2249,2095
"C00_C97","2000_2005","2011_2015",10,"Economic_type_3_EQI_Air+SM+PA+OB","0.00","1.03(-3.74,5.78)","5.37(0.65,9.95)","7.29(2.69,11.92)","8.38(3.66,13.12)","0.6881","0.0237","0.0027","0.0002","1.0010","1.0008","1.0005","1.0011",1923,1765,1647,1664,2453,2539,2341,2604
"C00_C97","2000_2005","2011_2015",10,"Economic_type_3_EQI_Water+SM+PA+OB","0.00","-4.51(-8.68,-0.22)","-5.06(-9.26,-0.90)","-3.39(-7.75,0.93)","-2.83(-7.45,1.90)","0.0392","0.0147","0.1177","0.2412","1.0014","1.0002","1.0009","1.0013",2055,1945,1811,1960,2626,2585,2528,2585
"C00_C97","2000_2005","2011_2015",10,"Economic_type_3_EQI_Land+SM+PA+OB","0.00","0.67(-2.30,3.56)","-1.12(-4.38,2.10)","-0.84(-4.47,2.64)","-0.53(-4.35,3.26)","0.6486","0.4996","0.6436","0.7956","1.0008","1.0019","1.0023","1.0011",2872,2590,2218,2455,3112,3148,2656,3113
"C00_C97","2000_2005","2011_2015",10,"Economic_type_3_EQI_Built+SM+PA+OB","0.00","1.88(-1.32,4.87)","2.64(-0.44,5.78)","5.28(2.03,8.40)","7.26(3.37,11.24)","0.2432","0.0952","0.0012","0.0007","1.0004","1.0009","1.0006","1.0005",2972,2635,2414,2677,3087,2843,2874,2770
"C00_C97","2000_2005","2011_2015",10,"Economic_type_3_EQI_Social+SM+PA+OB","0.00","-4.64(-8.19,-1.23)","-3.31(-7.01,0.40)","-6.97(-10.94,-3.00)","-6.54(-11.15,-1.76)","0.0082","0.0847","0.0002","0.0087","1.0000","1.0013","1.0023","1.0020",2708,1963,2016,1932,2874,2540,2575,2486
"C00_C97","2000_2005","2016_2020",15,"Economic_type_3_EQI+SM+PA+OB","0.00","0.54(-3.05,4.02)","-1.41(-4.89,1.86)","2.49(-1.15,6.03)","3.01(-1.06,6.99)","0.7576","0.4476","0.1802","0.1532","0.9996","1.0010","1.0009","1.0004",2123,1640,1562,1617,2887,2759,2316,2383
"C00_C97","2000_2005","2016_2020",15,"Economic_type_3_EQI_Air+SM+PA+OB","0.00","0.91(-3.61,5.58)","3.81(-0.52,8.15)","8.33(4.04,12.77)","8.15(3.71,12.65)","0.6976","0.0862","0.0007","0.0017","1.0003","1.0005","1.0005","1.0009",1663,1397,1530,1520,2600,2170,2283,2480
"C00_C97","2000_2005","2016_2020",15,"Economic_type_3_EQI_Water+SM+PA+OB","0.00","-5.51(-9.46,-1.63)","-6.39(-10.25,-2.49)","-4.98(-8.90,-0.99)","-4.44(-8.76,-0.11)","0.0087","0.0012","0.0152","0.0452","1.0008","1.0027","1.0024","1.0011",1716,1687,1681,1771,2356,2093,2143,2345
"C00_C97","2000_2005","2016_2020",15,"Economic_type_3_EQI_Land+SM+PA+OB","0.00","-1.35(-4.21,1.47)","-2.23(-5.26,0.73)","-1.33(-4.65,2.01)","-0.41(-4.16,3.27)","0.3342","0.1542","0.4351","0.8315","1.0001","1.0011","1.0014","1.0022",2813,2289,2054,2111,2814,2958,2292,2445
"C00_C97","2000_2005","2016_2020",15,"Economic_type_3_EQI_Built+SM+PA+OB","0.00","5.49(2.72,8.23)","3.71(0.76,6.54)","4.85(1.93,7.74)","8.63(4.93,12.23)","0.0002","0.0137","0.0022","0.0002","1.0009","1.0021","1.0008","1.0002",2699,2191,2193,2549,3314,2873,2749,2685
"C00_C97","2000_2005","2016_2020",15,"Economic_type_3_EQI_Social+SM+PA+OB","0.00","-0.93(-4.08,2.11)","-3.28(-6.76,0.35)","-6.40(-10.15,-2.52)","-7.60(-12.08,-3.01)","0.5786","0.0752","0.0007","0.0027","1.0001","1.0015","1.0019","1.0039",2571,1907,1739,1691,3137,2480,2238,2348
"C00_C97","2000_2005","2021_2024",20,"Economic_type_3_EQI+SM+PA+OB","0.00","2.15(-1.99,6.51)","3.42(-0.84,7.60)","0.94(-3.41,5.46)","-1.72(-6.73,3.31)","0.3422","0.1222","0.6821","0.5166","1.0009","1.0011","1.0016","1.0015",2869,2202,1524,1372,2787,2739,2518,2467
"C00_C97","2000_2005","2021_2024",20,"Economic_type_3_EQI_Air+SM+PA+OB","0.00","2.71(-2.42,7.91)","4.68(0.10,9.50)","6.68(2.12,11.32)","4.29(-0.60,9.30)","0.2887","0.0447","0.0072","0.0817","1.0021","1.0022","1.0025","1.0034",2014,1695,1551,1448,2524,2426,1825,1977
"C00_C97","2000_2005","2021_2024",20,"Economic_type_3_EQI_Water+SM+PA+OB","0.00","-2.05(-6.92,2.84)","-4.32(-8.99,0.48)","-2.14(-6.98,2.70)","-5.26(-10.46,0.16)","0.4166","0.0797","0.3867","0.0572","1.0012","1.0009","1.0008","1.0012",1697,1566,1700,1775,2330,2152,2549,2601
"C00_C97","2000_2005","2021_2024",20,"Economic_type_3_EQI_Land+SM+PA+OB","0.00","-1.80(-5.47,1.84)","-1.07(-4.90,2.81)","-0.86(-5.06,3.51)","0.16(-4.42,4.65)","0.3422","0.5786","0.6981","0.9280","1.0006","1.0003","1.0009","1.0011",2667,2223,2093,2064,2902,2946,2565,2726
"C00_C97","2000_2005","2021_2024",20,"Economic_type_3_EQI_Built+SM+PA+OB","0.00","2.91(-0.74,6.49)","2.57(-1.14,6.18)","4.86(0.89,8.77)","9.51(5.01,13.98)","0.1262","0.1697","0.0177","0.0007","0.9999","1.0009","1.0022","1.0002",2871,2579,2384,2860,2944,2820,2453,2997
"C00_C97","2000_2005","2021_2024",20,"Economic_type_3_EQI_Social+SM+PA+OB","0.00","2.98(-0.96,7.00)","-2.87(-7.09,1.28)","-7.04(-11.37,-2.50)","-9.97(-15.21,-4.64)","0.1322","0.1872","0.0022","0.0002","1.0023","1.0032","1.0039","1.0033",3010,2158,1950,1791,3063,2844,2275,2495
"C00_C97","2000_2005","2006_2010",5,"Economic_type_4_EQI+SM+PA+OB","0.00","2.18(-3.92,8.35)","4.53(-1.34,10.42)","8.27(1.71,14.56)","8.78(2.25,15.54)","0.4931","0.1337","0.0162","0.0102","0.9999","1.0010","1.0011","1.0001",4016,3165,3082,2618,3436,3038,3101,2882
"C00_C97","2000_2005","2006_2010",5,"Economic_type_4_EQI_Air+SM+PA+OB","0.00","6.37(-0.19,13.03)","6.14(0.02,12.36)","7.76(1.56,14.03)","11.95(5.58,18.46)","0.0577","0.0482","0.0132","0.0002","1.0003","1.0005","1.0000","1.0010",3294,3218,2527,1920,2959,2813,2900,2991
"C00_C97","2000_2005","2006_2010",5,"Economic_type_4_EQI_Water+SM+PA+OB","0.00","-1.39(-7.74,4.86)","-0.38(-6.67,5.95)","-1.85(-8.63,4.64)","-2.48(-8.31,3.59)","0.6746","0.9135","0.5876","0.4166","1.0028","1.0007","1.0014","1.0008",4224,3185,2902,3170,2921,3064,2673,3169
"C00_C97","2000_2005","2006_2010",5,"Economic_type_4_EQI_Land+SM+PA+OB","0.00","-4.31(-10.35,1.26)","-1.77(-7.75,4.32)","2.58(-3.54,8.65)","1.27(-5.39,8.02)","0.1302","0.5661","0.4041","0.7166","1.0005","1.0009","1.0015","1.0004",3835,3730,3563,3877,2811,2885,2834,2693
"C00_C97","2000_2005","2006_2010",5,"Economic_type_4_EQI_Built+SM+PA+OB","0.00","1.29(-5.08,7.48)","0.18(-6.14,6.31)","3.41(-2.59,9.35)","5.54(-0.74,11.74)","0.6811","0.9460","0.2817","0.0882","1.0010","1.0011","1.0012","1.0017",3892,3126,3129,2491,3205,2682,2814,2616
"C00_C97","2000_2005","2006_2010",5,"Economic_type_4_EQI_Social+SM+PA+OB","0.00","0.99(-4.66,6.78)","3.64(-2.48,9.69)","2.35(-4.07,8.80)","3.75(-2.88,10.58)","0.7311","0.2452","0.4791","0.2752","1.0016","1.0007","1.0007","1.0002",3229,3274,3595,3144,2936,3051,3168,3297
"C00_C97","2000_2005","2011_2015",10,"Economic_type_4_EQI+SM+PA+OB","0.00","2.26(-3.45,7.94)","6.11(0.85,11.29)","8.30(2.75,14.05)","10.68(4.50,16.79)","0.4396","0.0272","0.0062","0.0022","1.0014","1.0006","1.0015","1.0004",3005,2440,2440,1862,2795,2648,2716,2431
"C00_C97","2000_2005","2011_2015",10,"Economic_type_4_EQI_Air+SM+PA+OB","0.00","4.59(-1.06,10.23)","10.08(4.71,15.67)","10.67(5.34,15.87)","14.85(9.21,20.28)","0.1182","0.0002","0.0002","0.0002","1.0000","1.0025","1.0015","1.0010",3240,4030,3298,2966,3241,3347,3105,2984
"C00_C97","2000_2005","2011_2015",10,"Economic_type_4_EQI_Water+SM+PA+OB","0.00","0.87(-4.40,6.16)","-3.03(-8.57,2.30)","-1.08(-6.46,4.50)","-1.45(-6.56,3.81)","0.7466","0.2542","0.7021","0.5861","1.0001","1.0024","1.0010","1.0003",4498,3786,3232,4261,3175,3161,2791,3225
"C00_C97","2000_2005","2011_2015",10,"Economic_type_4_EQI_Land+SM+PA+OB","0.00","-3.67(-8.64,1.30)","-1.56(-6.62,3.73)","0.71(-4.44,5.96)","0.92(-4.96,6.83)","0.1367","0.5416","0.7831","0.7791","1.0000","1.0016","1.0016","1.0018",4515,3559,4156,4148,3356,2872,2903,2906
"C00_C97","2000_2005","2011_2015",10,"Economic_type_4_EQI_Built+SM+PA+OB","0.00","1.99(-3.60,7.59)","4.45(-0.82,9.89)","6.78(1.08,12.27)","8.36(2.71,14.00)","0.4746","0.0907","0.0167","0.0037","1.0008","1.0001","1.0001","1.0002",4010,3623,3115,2911,3149,3311,3053,3125
"C00_C97","2000_2005","2011_2015",10,"Economic_type_4_EQI_Social+SM+PA+OB","0.00","2.67(-2.24,7.35)","0.36(-4.89,5.60)","-0.20(-6.02,5.67)","1.81(-3.97,7.77)","0.2762","0.8920","0.9440","0.5446","1.0022","1.0002","0.9999","1.0006",3936,3515,3732,3337,2798,3132,3176,3067
"C00_C97","2000_2005","2016_2020",15,"Economic_type_4_EQI+SM+PA+OB","0.00","0.17(-4.77,5.07)","8.04(3.39,12.69)","7.77(2.80,12.65)","9.74(4.24,15.23)","0.9340","0.0002","0.0017","0.0022","1.0011","1.0004","1.0005","1.0009",3171,2639,2438,2358,3060,3003,2602,3205
"C00_C97","2000_2005","2016_2020",15,"Economic_type_4_EQI_Air+SM+PA+OB","0.00","5.91(0.57,11.06)","8.05(2.95,13.08)","9.06(4.08,13.94)","10.78(5.78,15.77)","0.0292","0.0017","0.0007","0.0002","1.0004","1.0010","1.0012","1.0013",3014,2724,2945,2691,3109,2873,3333,2639
"C00_C97","2000_2005","2016_2020",15,"Economic_type_4_EQI_Water+SM+PA+OB","0.00","-0.53(-5.38,4.65)","-2.64(-7.52,2.38)","-2.48(-7.73,2.70)","-2.59(-7.19,2.10)","0.8170","0.2817","0.3507","0.2627","1.0000","1.0015","1.0010","1.0002",4632,4298,3904,4855,3049,3184,2975,3133
"C00_C97","2000_2005","2016_2020",15,"Economic_type_4_EQI_Land+SM+PA+OB","0.00","-2.09(-6.66,2.56)","-3.48(-8.04,1.24)","-0.69(-5.39,4.03)","1.84(-3.42,7.10)","0.3417","0.1347","0.7736","0.4821","1.0006","1.0011","1.0018","1.0001",4791,5083,4820,4305,2960,2832,3359,3183
"C00_C97","2000_2005","2016_2020",15,"Economic_type_4_EQI_Built+SM+PA+OB","0.00","4.83(-0.17,9.81)","6.92(1.87,12.05)","7.47(2.49,12.53)","8.45(3.43,13.49)","0.0582","0.0087","0.0042","0.0012","1.0000","1.0007","1.0004","1.0009",3948,3871,3432,3184,2872,3114,3113,3133
"C00_C97","2000_2005","2016_2020",15,"Economic_type_4_EQI_Social+SM+PA+OB","0.00","4.62(0.16,8.88)","3.07(-2.00,8.01)","0.68(-4.66,5.98)","2.16(-3.16,7.39)","0.0397","0.2222","0.8005","0.4111","1.0010","1.0021","1.0005","1.0006",3462,2975,3454,3156,3252,2996,2789,3037
"C00_C97","2000_2005","2021_2024",20,"Economic_type_4_EQI+SM+PA+OB","0.00","3.17(-3.63,9.91)","5.69(-0.36,11.98)","4.03(-2.55,10.51)","3.38(-3.66,10.57)","0.3462","0.0677","0.2257","0.3612","1.0006","1.0008","1.0012","1.0001",5935,5031,4800,3967,2893,3241,3295,2614
"C00_C97","2000_2005","2021_2024",20,"Economic_type_4_EQI_Air+SM+PA+OB","0.00","3.54(-3.33,10.72)","7.31(1.07,13.75)","6.19(-0.17,12.66)","7.89(1.40,14.31)","0.3347","0.0247","0.0607","0.0162","1.0007","1.0011","0.9997","0.9998",4687,4845,4228,3801,2934,3092,3470,2963
"C00_C97","2000_2005","2021_2024",20,"Economic_type_4_EQI_Water+SM+PA+OB","0.00","-0.57(-7.27,6.07)","-2.48(-9.31,3.90)","-0.30(-6.98,6.20)","-4.36(-10.47,1.73)","0.8730","0.4671","0.9515","0.1522","1.0000","1.0013","1.0027","0.9999",5660,5002,5057,4979,2988,3084,3232,3279
"C00_C97","2000_2005","2021_2024",20,"Economic_type_4_EQI_Land+SM+PA+OB","0.00","-2.05(-8.34,4.10)","-1.05(-7.27,5.07)","-4.17(-10.57,2.24)","-2.40(-9.35,4.21)","0.5131","0.7371","0.2157","0.5356","1.0016","1.0000","0.9999","0.9999",5443,5557,4997,5027,3024,3050,3271,3269
"C00_C97","2000_2005","2021_2024",20,"Economic_type_4_EQI_Built+SM+PA+OB","0.00","3.31(-3.58,10.21)","4.27(-2.26,10.71)","5.92(-0.66,12.61)","4.69(-1.78,11.35)","0.3327","0.2027","0.0822","0.1587","1.0000","1.0000","1.0012","1.0011",4891,4801,4526,3492,2633,3019,2931,2910
"C00_C97","2000_2005","2021_2024",20,"Economic_type_4_EQI_Social+SM+PA+OB","0.00","3.24(-2.96,9.23)","1.03(-5.49,7.33)","-0.38(-7.11,6.29)","-3.38(-10.36,3.62)","0.2882","0.7521","0.9130","0.3442","1.0008","0.9998","1.0001","1.0006",4726,4708,5249,4190,3247,2827,3039,3182
"C00_C97","2000_2005","2006_2010",5,"Economic_type_5_EQI+SM+PA+OB","0.00","-4.43(-11.88,2.93)","-0.34(-6.96,6.33)","6.12(-0.38,12.58)","12.99(6.37,19.50)","0.2462","0.9290","0.0682","0.0007","1.0000","1.0030","1.0000","1.0011",3553,3275,2676,2303,2912,3266,2841,2466
"C00_C97","2000_2005","2006_2010",5,"Economic_type_5_EQI_Air+SM+PA+OB","0.00","4.81(-2.37,11.62)","8.76(2.24,15.53)","8.51(2.08,14.87)","16.04(9.84,22.09)","0.1812","0.0107","0.0092","0.0002","0.9999","1.0009","1.0002","1.0004",4070,3498,3196,2609,2983,3251,2834,2643
"C00_C97","2000_2005","2006_2010",5,"Economic_type_5_EQI_Water+SM+PA+OB","0.00","-10.47(-17.11,-3.78)","-0.82(-7.01,5.21)","2.08(-3.77,8.04)","3.26(-2.66,9.09)","0.0012","0.8080","0.4956","0.2862","1.0018","1.0005","1.0017","1.0029",4266,3871,3685,3188,2902,3201,3252,2424
"C00_C97","2000_2005","2006_2010",5,"Economic_type_5_EQI_Land+SM+PA+OB","0.00","3.92(-2.09,10.22)","3.66(-2.51,9.83)","2.70(-3.51,8.85)","-1.43(-7.44,4.59)","0.2162","0.2452","0.3772","0.6391","1.0007","1.0020","1.0012","1.0016",3886,3622,3427,3385,3097,3198,3020,3041
"C00_C97","2000_2005","2006_2010",5,"Economic_type_5_EQI_Built+SM+PA+OB","0.00","-2.67(-10.57,5.21)","2.04(-4.71,9.16)","4.69(-1.71,10.81)","3.62(-2.55,9.70)","0.5151","0.5786","0.1472","0.2522","1.0002","0.9996","1.0010","1.0015",4089,4397,3477,3525,2922,3447,3454,3275
"C00_C97","2000_2005","2006_2010",5,"Economic_type_5_EQI_Social+SM+PA+OB","0.00","-5.00(-12.25,2.06)","-2.49(-8.79,3.60)","2.25(-3.98,8.33)","6.57(0.01,13.12)","0.1792","0.4296","0.4701","0.0487","1.0002","1.0015","1.0001","1.0007",3740,3801,2981,2669,3198,3176,2928,2983
"C00_C97","2000_2005","2011_2015",10,"Economic_type_5_EQI+SM+PA+OB","0.00","-5.19(-12.18,1.64)","0.45(-6.08,6.82)","8.29(2.03,14.53)","12.06(5.78,18.28)","0.1497","0.8850","0.0107","0.0007","1.0008","0.9998","1.0007","1.0008",3542,3067,2963,2328,3079,2797,2859,2481
"C00_C97","2000_2005","2011_2015",10,"Economic_type_5_EQI_Air+SM+PA+OB","0.00","7.65(0.92,14.32)","10.03(3.50,16.53)","7.72(1.65,13.71)","13.43(7.55,19.43)","0.0262","0.0052","0.0087","0.0002","0.9998","0.9999","1.0007","1.0005",5225,4886,4491,3298,3002,3289,3446,3256
"C00_C97","2000_2005","2011_2015",10,"Economic_type_5_EQI_Water+SM+PA+OB","0.00","-9.89(-16.27,-3.40)","-0.39(-6.44,5.70)","3.33(-2.35,9.24)","3.61(-2.27,9.46)","0.0052","0.9000","0.2552","0.2137","1.0018","1.0005","1.0007","1.0004",5134,4939,4559,3854,3205,3414,3190,3300
"C00_C97","2000_2005","2011_2015",10,"Economic_type_5_EQI_Land+SM+PA+OB","0.00","4.81(-1.06,10.77)","3.25(-2.78,9.42)","3.59(-2.29,9.47)","-1.01(-7.09,5.13)","0.1077","0.2792","0.2262","0.7306","0.9999","1.0007","1.0003","1.0006",4876,4805,3739,3483,3330,2836,2450,2321
"C00_C97","2000_2005","2011_2015",10,"Economic_type_5_EQI_Built+SM+PA+OB","0.00","-2.00(-9.61,5.44)","3.21(-3.80,10.03)","4.18(-1.79,10.27)","3.86(-2.01,9.86)","0.6211","0.3512","0.1832","0.2042","1.0018","1.0011","0.9999","1.0006",6188,4168,3875,3285,3032,3151,3254,3010
"C00_C97","2000_2005","2011_2015",10,"Economic_type_5_EQI_Social+SM+PA+OB","0.00","-3.63(-11.00,3.52)","-2.96(-8.95,3.12)","2.06(-3.84,7.76)","5.89(-0.42,12.22)","0.3232","0.3417","0.4891","0.0677","1.0014","1.0008","1.0009","1.0014",4876,4108,3816,3742,3133,2782,3110,3121
"C00_C97","2000_2005","2016_2020",15,"Economic_type_5_EQI+SM+PA+OB","0.00","-1.89(-8.78,4.67)","-0.43(-6.43,5.49)","4.69(-1.08,10.76)","9.01(2.87,15.03)","0.5831","0.8750","0.1207","0.0022","1.0005","1.0018","1.0020","1.0015",3043,2595,2221,2005,2940,2715,2865,2614
"C00_C97","2000_2005","2016_2020",15,"Economic_type_5_EQI_Air+SM+PA+OB","0.00","6.23(0.09,12.25)","9.78(3.78,15.86)","7.69(2.11,13.27)","11.24(5.93,16.47)","0.0492","0.0027","0.0067","0.0002","1.0013","1.0013","1.0015","1.0018",4426,3750,3669,3421,3289,3036,3220,3265
"C00_C97","2000_2005","2016_2020",15,"Economic_type_5_EQI_Water+SM+PA+OB","0.00","-7.81(-13.65,-1.89)","0.91(-4.24,6.16)","1.72(-3.26,6.74)","2.15(-3.01,7.20)","0.0082","0.7436","0.5121","0.4041","1.0020","1.0010","1.0006","1.0013",5073,4268,4022,3414,3350,3011,2720,3244
"C00_C97","2000_2005","2016_2020",15,"Economic_type_5_EQI_Land+SM+PA+OB","0.00","4.03(-1.12,9.11)","3.88(-1.19,8.89)","1.63(-3.65,6.85)","1.27(-4.05,6.22)","0.1192","0.1427","0.5491","0.6106","1.0004","1.0006","1.0009","1.0017",3759,4050,3811,3541,3310,3381,3146,3086
"C00_C97","2000_2005","2016_2020",15,"Economic_type_5_EQI_Built+SM+PA+OB","0.00","1.61(-5.52,8.95)","2.19(-3.84,8.53)","3.45(-2.43,9.34)","4.14(-1.33,9.83)","0.6491","0.5016","0.2377","0.1467","1.0003","1.0010","1.0018","1.0012",5697,4312,3815,3616,3215,3197,2923,3256
"C00_C97","2000_2005","2016_2020",15,"Economic_type_5_EQI_Social+SM+PA+OB","0.00","-1.62(-7.77,4.59)","-0.33(-6.03,5.09)","0.44(-4.86,5.61)","4.15(-1.52,9.97)","0.6146","0.9125","0.8645","0.1557","1.0010","1.0003","1.0003","1.0006",4858,4303,3420,3492,3581,3306,2923,3061
"C00_C97","2000_2005","2021_2024",20,"Economic_type_5_EQI+SM+PA+OB","0.00","-1.72(-8.95,5.51)","0.75(-5.94,7.28)","3.09(-3.36,9.49)","4.99(-1.63,11.56)","0.6416","0.8140","0.3212","0.1397","1.0000","1.0002","0.9999","1.0006",3482,3115,2706,2143,2985,3266,2838,2615
"C00_C97","2000_2005","2021_2024",20,"Economic_type_5_EQI_Air+SM+PA+OB","0.00","6.90(0.10,13.84)","7.78(1.15,14.26)","5.70(-0.34,12.08)","2.77(-3.04,8.57)","0.0447","0.0217","0.0622","0.3537","1.0001","0.9998","1.0019","1.0003",4778,4188,3750,3340,3157,3296,3198,3163
"C00_C97","2000_2005","2021_2024",20,"Economic_type_5_EQI_Water+SM+PA+OB","0.00","-7.94(-14.70,-0.92)","1.22(-5.57,7.91)","5.32(-0.78,11.54)","-0.73(-7.19,5.88)","0.0272","0.7236","0.0852","0.8365","1.0007","1.0006","1.0005","1.0003",4688,3890,3917,3155,3283,3185,3069,2907
"C00_C97","2000_2005","2021_2024",20,"Economic_type_5_EQI_Land+SM+PA+OB","0.00","1.78(-4.13,7.70)","2.55(-3.49,8.58)","1.31(-4.96,7.58)","-0.29(-6.42,5.82)","0.5626","0.4216","0.6811","0.9420","1.0008","1.0014","1.0013","0.9999",4542,4209,3874,3460,3409,3349,3159,2937
"C00_C97","2000_2005","2021_2024",20,"Economic_type_5_EQI_Built+SM+PA+OB","0.00","0.14(-7.83,8.04)","1.85(-5.26,8.59)","4.92(-1.34,11.01)","3.09(-2.93,9.21)","0.9825","0.5976","0.1292","0.3127","1.0004","1.0007","1.0008","1.0015",4979,4004,3672,3260,3278,2727,3141,3118
"C00_C97","2000_2005","2021_2024",20,"Economic_type_5_EQI_Social+SM+PA+OB","0.00","-3.43(-10.83,3.79)","0.01(-6.08,6.38)","0.10(-5.75,6.25)","1.69(-4.37,7.91)","0.3472","0.9930","0.9785","0.5976","1.0011","1.0002","1.0011","1.0009",4783,4602,4440,3454,3010,2694,3509,3260
"C00_C97","2000_2005","2006_2010",5,"Economic_type_6_EQI+SM+PA+OB","0.00","1.70(-2.19,5.69)","3.10(-0.87,7.15)","3.33(-0.92,7.39)","9.39(4.64,14.18)","0.4111","0.1367","0.1162","0.0007","0.9998","0.9997","1.0002","0.9994",4737,3882,3138,2888,3093,3474,2996,3329
"C00_C97","2000_2005","2006_2010",5,"Economic_type_6_EQI_Air+SM+PA+OB","0.00","-0.35(-4.26,3.72)","3.30(-0.66,7.34)","5.01(1.05,9.14)","8.07(3.64,12.58)","0.8660","0.1077","0.0137","0.0007","1.0026","1.0006","1.0012","1.0009",3436,3111,2811,2457,3210,3508,3305,3303
"C00_C97","2000_2005","2006_2010",5,"Economic_type_6_EQI_Water+SM+PA+OB","0.00","-3.52(-7.97,0.86)","-3.49(-7.76,0.78)","-0.14(-4.25,4.24)","-1.45(-5.90,3.01)","0.1172","0.1042","0.9345","0.5161","1.0002","1.0005","1.0005","1.0000",3672,2659,3074,2907,3345,3354,3017,3250
"C00_C97","2000_2005","2006_2010",5,"Economic_type_6_EQI_Land+SM+PA+OB","0.00","0.07(-3.46,3.65)","-1.22(-5.00,2.65)","-0.35(-4.45,3.74)","-0.09(-4.58,4.37)","0.9720","0.5326","0.8670","0.9830","1.0018","1.0016","1.0003","1.0012",3815,3531,3589,3467,2717,2610,2924,3020
"C00_C97","2000_2005","2006_2010",5,"Economic_type_6_EQI_Built+SM+PA+OB","0.00","2.10(-1.85,5.99)","3.26(-0.69,7.29)","3.96(-0.14,7.95)","5.90(1.68,10.08)","0.2947","0.1122","0.0587","0.0087","0.9998","1.0010","1.0008","1.0009",3567,3325,3224,3067,3471,3082,3512,3132
"C00_C97","2000_2005","2006_2010",5,"Economic_type_6_EQI_Social+SM+PA+OB","0.00","-2.23(-5.90,1.64)","-3.30(-7.32,0.73)","-1.41(-5.78,2.84)","1.06(-3.73,5.87)","0.2397","0.1012","0.5261","0.6846","0.9995","1.0019","1.0021","1.0007",4252,2976,2900,2368,3317,3006,3299,3037
"C00_C97","2000_2005","2011_2015",10,"Economic_type_6_EQI+SM+PA+OB","0.00","6.44(2.67,10.22)","5.14(1.19,9.00)","6.56(2.61,10.67)","11.10(6.54,15.63)","0.0002","0.0072","0.0022","0.0002","0.9999","1.0002","1.0002","1.0001",4161,3995,2972,3127,3621,3282,3147,3301
"C00_C97","2000_2005","2011_2015",10,"Economic_type_6_EQI_Air+SM+PA+OB","0.00","2.44(-1.53,6.38)","4.95(0.83,8.90)","7.81(3.74,11.89)","7.38(2.91,11.74)","0.2352","0.0167","0.0002","0.0017","1.0019","1.0009","1.0002","1.0033",3734,3062,3242,2770,3636,3346,3279,2856
"C00_C97","2000_2005","2011_2015",10,"Economic_type_6_EQI_Water+SM+PA+OB","0.00","-0.96(-5.23,3.32)","-2.83(-7.10,1.47)","0.76(-3.45,4.89)","-0.58(-4.85,3.75)","0.6501","0.1872","0.7431","0.8065","1.0005","1.0002","1.0006","1.0005",3314,3126,3208,2759,3109,3475,2870,2956
"C00_C97","2000_2005","2011_2015",10,"Economic_type_6_EQI_Land+SM+PA+OB","0.00","1.18(-2.29,4.64)","-1.69(-5.36,1.92)","0.67(-3.28,4.75)","0.51(-3.69,4.77)","0.5216","0.3672","0.7566","0.8215","0.9999","1.0006","1.0001","1.0002",4673,4166,3391,3614,3457,3167,3287,3427
"C00_C97","2000_2005","2011_2015",10,"Economic_type_6_EQI_Built+SM+PA+OB","0.00","3.04(-0.69,6.84)","5.77(2.16,9.44)","6.92(3.25,10.75)","9.14(5.06,13.13)","0.1197","0.0012","0.0007","0.0002","1.0001","1.0003","1.0000","0.9999",4467,3688,3919,3680,3452,3393,3390,3218
"C00_C97","2000_2005","2011_2015",10,"Economic_type_6_EQI_Social+SM+PA+OB","0.00","-0.40(-4.08,3.25)","-2.31(-6.17,1.56)","-1.58(-5.74,2.54)","-0.21(-4.97,4.70)","0.8485","0.2397","0.4631","0.9260","1.0004","1.0001","1.0021","1.0014",4466,3718,3372,2956,3123,3073,3275,2904
"C00_C97","2000_2005","2016_2020",15,"Economic_type_6_EQI+SM+PA+OB","0.00","6.61(2.89,10.31)","5.15(1.47,8.91)","4.98(1.06,8.91)","9.14(4.69,13.67)","0.0012","0.0067","0.0112","0.0002","1.0003","1.0007","1.0027","1.0007",4327,3544,3057,2966,3453,3367,3073,3123
"C00_C97","2000_2005","2016_2020",15,"Economic_type_6_EQI_Air+SM+PA+OB","0.00","-1.30(-5.12,2.48)","0.96(-3.02,4.67)","3.43(-0.52,7.36)","0.68(-3.46,5.00)","0.5111","0.6356","0.0877","0.7561","1.0008","1.0016","1.0012","1.0017",2622,2384,2186,2217,3383,2881,3106,2798
"C00_C97","2000_2005","2016_2020",15,"Economic_type_6_EQI_Water+SM+PA+OB","0.00","-1.92(-6.07,2.36)","-1.03(-5.33,3.20)","1.57(-2.58,5.99)","1.04(-3.13,5.45)","0.3722","0.6276","0.4681","0.6431","0.9997","0.9997","1.0001","1.0021",3206,2632,2677,2724,3490,2826,2978,3103
"C00_C97","2000_2005","2016_2020",15,"Economic_type_6_EQI_Land+SM+PA+OB","0.00","1.20(-2.24,4.74)","-1.12(-4.80,2.45)","0.32(-3.68,4.26)","1.47(-2.51,5.52)","0.4981","0.5636","0.8705","0.4811","0.9996","1.0008","1.0007","1.0008",4428,3584,3208,3353,3057,3269,3243,3801
"C00_C97","2000_2005","2016_2020",15,"Economic_type_6_EQI_Built+SM+PA+OB","0.00","1.98(-1.62,5.59)","6.92(3.42,10.40)","8.05(4.16,11.87)","7.75(3.72,11.54)","0.2892","0.0002","0.0002","0.0007","1.0015","1.0024","1.0023","1.0019",2742,2608,2646,2437,3392,3196,3195,3406
"C00_C97","2000_2005","2016_2020",15,"Economic_type_6_EQI_Social+SM+PA+OB","0.00","-1.98(-5.59,1.60)","-4.30(-8.10,-0.62)","-1.76(-6.02,2.41)","-1.02(-5.68,3.74)","0.2862","0.0242","0.4076","0.6636","1.0011","1.0008","1.0007","1.0010",3661,3035,2483,2349,3016,2884,2827,2852
"C00_C97","2000_2005","2021_2024",20,"Economic_type_6_EQI+SM+PA+OB","0.00","6.01(1.45,10.38)","0.69(-3.85,5.10)","-0.93(-5.69,3.87)","-0.58(-5.97,4.97)","0.0107","0.7606","0.7121","0.8150","0.9999","0.9997","1.0001","1.0003",3427,3069,2478,2403,3352,2769,3019,2992
"C00_C97","2000_2005","2021_2024",20,"Economic_type_6_EQI_Air+SM+PA+OB","0.00","0.08(-4.77,4.61)","1.88(-2.85,6.31)","-0.66(-5.51,4.09)","-4.35(-9.55,0.72)","0.9735","0.4306","0.7906","0.0957","1.0003","1.0000","0.9999","1.0008",3675,3393,3446,3313,3269,3539,3175,3371
"C00_C97","2000_2005","2021_2024",20,"Economic_type_6_EQI_Water+SM+PA+OB","0.00","-0.42(-5.71,4.94)","-3.02(-8.27,2.38)","4.06(-1.22,9.20)","-0.11(-5.66,5.60)","0.8750","0.2732","0.1407","0.9640","0.9997","1.0001","1.0001","1.0009",3050,3289,3105,3108,2776,3326,3332,3217
"C00_C97","2000_2005","2021_2024",20,"Economic_type_6_EQI_Land+SM+PA+OB","0.00","-0.39(-4.93,4.23)","-1.47(-6.25,3.08)","-1.47(-6.22,3.53)","0.34(-4.97,5.53)","0.8635","0.5311","0.5676","0.8930","1.0004","1.0000","1.0001","0.9998",4430,3377,3253,3328,3321,3014,3336,3367
"C00_C97","2000_2005","2021_2024",20,"Economic_type_6_EQI_Built+SM+PA+OB","0.00","1.76(-2.75,6.35)","3.47(-1.01,7.82)","5.58(0.97,10.08)","4.42(-0.43,9.27)","0.4386","0.1252","0.0197","0.0797","1.0005","1.0005","1.0009","1.0005",4311,3442,3460,3384,3057,3026,3256,3359
"C00_C97","2000_2005","2021_2024",20,"Economic_type_6_EQI_Social+SM+PA+OB","0.00","-1.91(-6.34,2.48)","-6.02(-10.76,-1.26)","-5.06(-10.15,-0.12)","-7.07(-12.59,-1.34)","0.4041","0.0167","0.0482","0.0167","1.0010","0.9998","1.0003","1.0002",5025,4061,3533,2954,3370,3426,3136,3075
"C00_C97","2000_2005","2006_2010",5,"Homeownership_tertile_1_EQI+SM+PA+OB","0.00","9.49(4.20,14.81)","12.89(7.82,17.91)","15.92(10.54,21.29)","19.68(14.13,25.20)","0.0007","0.0002","0.0002","0.0002","1.0019","1.0005","0.9998","1.0005",3762,2982,2802,2477,2661,2786,2661,2586
"C00_C97","2000_2005","2006_2010",5,"Homeownership_tertile_1_EQI_Air+SM+PA+OB","0.00","14.37(9.02,19.45)","16.91(11.45,22.13)","15.31(10.30,20.60)","16.86(11.43,22.19)","0.0002","0.0002","0.0002","0.0002","1.0008","1.0001","1.0002","1.0004",3491,2976,2849,2633,3755,2692,2915,2654
"C00_C97","2000_2005","2006_2010",5,"Homeownership_tertile_1_EQI_Water+SM+PA+OB","0.00","-10.84(-16.30,-5.29)","5.50(0.07,10.83)","3.77(-1.39,9.16)","2.23(-3.29,7.84)","0.0002","0.0477","0.1557","0.4346","1.0016","1.0001","1.0002","1.0009",2919,2597,2571,2634,2716,3091,2988,2667
"C00_C97","2000_2005","2006_2010",5,"Homeownership_tertile_1_EQI_Land+SM+PA+OB","0.00","0.41(-4.51,5.32)","4.32(-0.41,9.04)","4.69(-0.39,9.58)","4.54(-0.81,9.80)","0.8660","0.0712","0.0662","0.0882","1.0000","1.0000","1.0014","1.0007",3784,3572,2706,2388,2910,3155,3104,2430
"C00_C97","2000_2005","2006_2010",5,"Homeownership_tertile_1_EQI_Built+SM+PA+OB","0.00","8.83(2.92,14.61)","11.88(6.54,17.13)","14.16(8.90,19.56)","15.83(10.50,21.07)","0.0032","0.0002","0.0002","0.0002","1.0000","1.0000","0.9994","1.0001",3709,3182,2744,2627,2985,3192,2652,2897
"C00_C97","2000_2005","2006_2010",5,"Homeownership_tertile_1_EQI_Social+SM+PA+OB","0.00","-1.93(-6.41,2.65)","-0.58(-5.39,4.19)","2.36(-2.83,7.59)","7.82(1.88,13.72)","0.4166","0.8015","0.3607","0.0117","1.0018","1.0020","1.0004","1.0009",3977,3241,2933,2881,2838,3248,3160,3030
"C00_C97","2000_2005","2011_2015",10,"Homeownership_tertile_1_EQI+SM+PA+OB","0.00","11.22(6.24,16.08)","17.88(12.99,22.67)","18.74(13.80,23.56)","20.62(15.20,25.97)","0.0002","0.0002","0.0002","0.0002","1.0012","1.0031","1.0011","1.0032",2869,2208,2155,1706,2925,2759,2328,2035
"C00_C97","2000_2005","2011_2015",10,"Homeownership_tertile_1_EQI_Air+SM+PA+OB","0.00","15.18(9.98,20.24)","19.36(14.25,24.39)","18.25(13.27,23.10)","18.69(13.56,23.68)","0.0002","0.0002","0.0002","0.0002","1.0008","0.9999","1.0018","1.0012",3701,3461,2983,2765,3373,3041,3360,2288
"C00_C97","2000_2005","2011_2015",10,"Homeownership_tertile_1_EQI_Water+SM+PA+OB","0.00","-4.06(-9.01,0.97)","2.75(-2.21,7.86)","5.09(0.10,10.23)","3.87(-1.04,8.99)","0.1102","0.2822","0.0452","0.1252","1.0004","1.0011","1.0005","0.9998",3298,2563,2907,2745,3237,2985,3201,2926
"C00_C97","2000_2005","2011_2015",10,"Homeownership_tertile_1_EQI_Land+SM+PA+OB","0.00","1.23(-3.13,5.49)","1.82(-2.50,6.21)","3.88(-0.89,8.59)","3.79(-0.97,8.56)","0.5776","0.4136","0.1082","0.1117","1.0006","1.0006","1.0009","1.0020",3935,3901,3551,2905,3255,3436,2877,2968
"C00_C97","2000_2005","2011_2015",10,"Homeownership_tertile_1_EQI_Built+SM+PA+OB","0.00","11.99(6.67,17.28)","17.60(12.60,22.56)","19.44(14.62,24.11)","24.02(19.27,28.86)","0.0002","0.0002","0.0002","0.0002","1.0008","1.0004","1.0006","1.0010",3867,3068,2777,2657,2924,2862,3050,2892
"C00_C97","2000_2005","2011_2015",10,"Homeownership_tertile_1_EQI_Social+SM+PA+OB","0.00","2.07(-2.10,6.36)","-1.76(-6.12,2.65)","0.67(-4.22,5.38)","4.25(-1.12,9.80)","0.3262","0.4406","0.7801","0.1322","1.0001","1.0007","1.0004","1.0009",3645,2995,3035,2837,3228,2932,3058,3323
"C00_C97","2000_2005","2016_2020",15,"Homeownership_tertile_1_EQI+SM+PA+OB","0.00","12.07(7.35,16.76)","16.28(11.58,20.78)","15.43(10.62,20.04)","18.63(13.49,23.78)","0.0002","0.0002","0.0002","0.0002","1.0014","1.0005","1.0016","1.0006",3640,3131,2272,2001,3315,2918,2455,2827
"C00_C97","2000_2005","2016_2020",15,"Homeownership_tertile_1_EQI_Air+SM+PA+OB","0.00","14.78(9.89,19.64)","16.51(11.88,21.37)","17.92(13.41,22.66)","13.90(9.21,18.74)","0.0002","0.0002","0.0002","0.0002","1.0006","1.0012","1.0025","1.0011",4147,3547,3072,2740,3548,3186,3169,2800
"C00_C97","2000_2005","2016_2020",15,"Homeownership_tertile_1_EQI_Water+SM+PA+OB","0.00","-7.62(-12.35,-2.86)","0.52(-4.25,5.15)","3.31(-1.27,7.91)","2.53(-2.29,7.41)","0.0017","0.8250","0.1622","0.3092","1.0002","0.9999","1.0004","1.0003",3480,3116,2994,3352,3110,3386,3162,3444
"C00_C97","2000_2005","2016_2020",15,"Homeownership_tertile_1_EQI_Land+SM+PA+OB","0.00","3.09(-0.91,7.20)","1.30(-2.84,5.56)","4.13(-0.22,8.71)","4.02(-0.50,8.56)","0.1332","0.5446","0.0632","0.0902","1.0013","1.0004","1.0002","1.0004",3844,3615,3489,2959,3059,2750,3213,3072
"C00_C97","2000_2005","2016_2020",15,"Homeownership_tertile_1_EQI_Built+SM+PA+OB","0.00","11.51(6.28,16.49)","16.23(11.45,20.94)","17.41(12.80,21.83)","19.92(15.34,24.42)","0.0002","0.0002","0.0002","0.0002","1.0005","1.0007","1.0015","1.0006",3866,3203,2812,2792,3417,3073,3096,3176
"C00_C97","2000_2005","2016_2020",15,"Homeownership_tertile_1_EQI_Social+SM+PA+OB","0.00","1.83(-2.11,5.65)","2.11(-2.18,6.28)","1.95(-2.53,6.75)","6.50(1.37,11.68)","0.3752","0.3092","0.4156","0.0107","1.0004","1.0005","1.0020","1.0002",3983,3650,3216,3279,2916,3066,3128,2858
"C00_C97","2000_2005","2021_2024",20,"Homeownership_tertile_1_EQI+SM+PA+OB","0.00","11.95(6.43,17.51)","14.00(8.74,19.41)","12.10(6.66,17.45)","12.90(7.08,18.68)","0.0002","0.0002","0.0002","0.0002","1.0026","1.0008","1.0010","1.0004",2747,2549,2067,1936,2291,2676,2617,2695
"C00_C97","2000_2005","2021_2024",20,"Homeownership_tertile_1_EQI_Air+SM+PA+OB","0.00","13.79(7.82,19.42)","17.09(11.72,22.73)","14.99(9.90,20.15)","10.11(4.68,15.58)","0.0002","0.0002","0.0002","0.0002","1.0008","1.0003","1.0012","1.0007",3865,3199,2905,2688,3365,3272,2769,2970
"C00_C97","2000_2005","2021_2024",20,"Homeownership_tertile_1_EQI_Water+SM+PA+OB","0.00","-9.18(-14.75,-3.68)","1.36(-4.29,7.04)","5.90(0.26,11.46)","2.48(-3.20,8.39)","0.0012","0.6231","0.0362","0.3897","0.9998","0.9999","1.0008","1.0002",2878,2874,2740,2545,3393,2868,3265,2887
"C00_C97","2000_2005","2021_2024",20,"Homeownership_tertile_1_EQI_Land+SM+PA+OB","0.00","0.57(-4.24,5.42)","3.19(-1.82,8.20)","4.42(-0.67,9.66)","2.11(-3.22,7.75)","0.8095","0.2127","0.0957","0.4546","0.9995","1.0001","1.0005","1.0003",4349,3523,3421,3188,3136,3072,3440,3137
"C00_C97","2000_2005","2021_2024",20,"Homeownership_tertile_1_EQI_Built+SM+PA+OB","0.00","8.72(2.81,14.44)","11.43(6.15,16.66)","12.94(7.73,18.30)","16.71(11.45,21.90)","0.0047","0.0002","0.0002","0.0002","1.0006","1.0000","1.0008","1.0021",3865,3274,3040,2837,3183,3276,3373,2886
"C00_C97","2000_2005","2021_2024",20,"Homeownership_tertile_1_EQI_Social+SM+PA+OB","0.00","-0.42(-5.20,4.19)","-2.80(-7.91,2.13)","-1.72(-6.96,3.59)","3.67(-2.20,9.58)","0.8710","0.2662","0.5161","0.2292","1.0011","1.0012","1.0008","1.0012",3606,3013,2829,2863,3110,3110,3125,2964
"C00_C97","2000_2005","2006_2010",5,"Homeownership_tertile_2_EQI+SM+PA+OB","0.00","7.73(3.24,12.16)","9.74(5.22,14.19)","9.90(5.13,14.56)","16.56(11.25,21.93)","0.0002","0.0002","0.0002","0.0002","1.0008","1.0003","1.0016","1.0004",4620,3543,3321,2959,2990,3074,2984,2872
"C00_C97","2000_2005","2006_2010",5,"Homeownership_tertile_2_EQI_Air+SM+PA+OB","0.00","10.13(5.75,14.51)","12.94(8.61,17.37)","13.94(9.57,18.21)","13.25(8.39,18.14)","0.0002","0.0002","0.0002","0.0002","1.0012","1.0006","0.9998","1.0009",3828,2475,2549,2656,3340,2989,3248,2912
"C00_C97","2000_2005","2006_2010",5,"Homeownership_tertile_2_EQI_Water+SM+PA+OB","0.00","-0.73(-5.45,4.06)","-0.57(-5.07,4.02)","1.71(-2.66,6.16)","3.20(-1.44,8.03)","0.7671","0.8070","0.4536","0.1687","1.0018","1.0005","1.0004","0.9995",2715,3880,3644,3344,3158,3112,3232,2474
"C00_C97","2000_2005","2006_2010",5,"Homeownership_tertile_2_EQI_Land+SM+PA+OB","0.00","-0.50(-4.70,3.70)","1.07(-3.12,5.30)","-1.07(-5.63,3.42)","-3.75(-8.42,1.04)","0.8200","0.6086","0.6426","0.1287","1.0009","1.0009","1.0025","1.0006",3826,4242,3600,2464,3317,3126,2784,2826
"C00_C97","2000_2005","2006_2010",5,"Homeownership_tertile_2_EQI_Built+SM+PA+OB","0.00","8.40(4.19,12.67)","6.90(2.85,11.25)","7.73(3.43,12.19)","11.34(6.29,16.26)","0.0007","0.0012","0.0002","0.0002","1.0008","1.0001","0.9997","0.9998",3940,3602,3166,3754,3123,2649,2560,2849
"C00_C97","2000_2005","2006_2010",5,"Homeownership_tertile_2_EQI_Social+SM+PA+OB","0.00","0.30(-3.96,4.53)","-2.56(-6.85,1.89)","0.55(-4.02,5.12)","7.41(2.07,12.90)","0.8815","0.2512","0.8090","0.0087","1.0000","0.9996","1.0002","1.0006",4524,3889,2843,3007,3246,3490,3193,2604
"C00_C97","2000_2005","2011_2015",10,"Homeownership_tertile_2_EQI+SM+PA+OB","0.00","9.51(5.53,13.43)","10.00(5.91,14.15)","11.68(7.18,15.91)","14.97(9.83,19.89)","0.0002","0.0002","0.0002","0.0002","1.0015","1.0003","1.0009","0.9999",4125,3048,2975,2872,3188,2997,3318,3000
"C00_C97","2000_2005","2011_2015",10,"Homeownership_tertile_2_EQI_Air+SM+PA+OB","0.00","7.87(3.57,11.93)","12.43(8.07,16.58)","11.90(7.50,16.25)","8.88(3.95,13.53)","0.0002","0.0002","0.0002","0.0012","1.0014","1.0002","1.0008","0.9997",2732,2589,2616,2654,3035,3088,2822,2559
"C00_C97","2000_2005","2011_2015",10,"Homeownership_tertile_2_EQI_Water+SM+PA+OB","0.00","-4.39(-9.02,0.14)","-0.72(-5.50,3.93)","0.63(-3.91,5.16)","1.16(-3.63,6.01)","0.0597","0.7776","0.7846","0.6316","1.0005","1.0000","1.0014","1.0008",2520,2628,2432,2487,2803,2876,2544,3081
"C00_C97","2000_2005","2011_2015",10,"Homeownership_tertile_2_EQI_Land+SM+PA+OB","0.00","-0.54(-4.43,3.27)","-2.41(-6.52,1.70)","1.27(-3.12,5.72)","1.97(-2.79,6.69)","0.7946","0.2427","0.5826","0.4096","1.0014","1.0002","1.0017","1.0008",3720,2882,2455,2656,2828,3126,2998,3109
"C00_C97","2000_2005","2011_2015",10,"Homeownership_tertile_2_EQI_Built+SM+PA+OB","0.00","3.14(-0.61,6.92)","4.11(0.29,7.90)","6.24(2.29,10.21)","5.23(0.96,9.75)","0.1052","0.0352","0.0032","0.0167","1.0009","1.0015","1.0001","1.0006",3165,3089,2921,3068,3257,2814,3300,3064
"C00_C97","2000_2005","2011_2015",10,"Homeownership_tertile_2_EQI_Social+SM+PA+OB","0.00","-4.11(-8.16,-0.16)","-1.21(-5.44,2.98)","-0.61(-4.93,3.81)","3.98(-1.35,9.35)","0.0392","0.5731","0.7811","0.1412","1.0007","1.0005","1.0012","0.9999",3935,2823,2718,2378,3467,2965,2963,2873
"C00_C97","2000_2005","2016_2020",15,"Homeownership_tertile_2_EQI+SM+PA+OB","0.00","6.68(3.22,10.29)","9.40(5.81,12.96)","11.28(7.39,15.18)","12.75(8.37,17.12)","0.0002","0.0002","0.0002","0.0002","0.9994","0.9996","1.0000","1.0004",4326,3438,2778,2448,3408,3444,3141,3056
"C00_C97","2000_2005","2016_2020",15,"Homeownership_tertile_2_EQI_Air+SM+PA+OB","0.00","6.13(2.25,9.91)","9.31(5.55,13.07)","6.97(3.16,10.79)","7.28(3.11,11.45)","0.0017","0.0002","0.0012","0.0002","1.0013","1.0000","1.0000","1.0001",3432,2703,2356,2276,3190,2678,2828,2951
"C00_C97","2000_2005","2016_2020",15,"Homeownership_tertile_2_EQI_Water+SM+PA+OB","0.00","-3.81(-8.13,0.30)","-0.69(-4.83,3.42)","-0.70(-4.81,3.36)","0.59(-3.66,4.98)","0.0732","0.7636","0.7416","0.7821","1.0013","1.0009","1.0006","1.0013",3286,3127,2823,2847,2969,3439,3106,2734
"C00_C97","2000_2005","2016_2020",15,"Homeownership_tertile_2_EQI_Land+SM+PA+OB","0.00","1.01(-2.36,4.35)","0.67(-2.91,4.19)","-0.05(-3.97,3.83)","1.00(-3.22,5.02)","0.5511","0.7161","0.9860","0.6236","1.0000","1.0005","1.0011","1.0006",4133,3526,3244,3323,3444,2956,3606,3122
"C00_C97","2000_2005","2016_2020",15,"Homeownership_tertile_2_EQI_Built+SM+PA+OB","0.00","6.46(2.98,9.85)","7.67(4.27,11.10)","7.75(3.93,11.49)","10.81(6.66,14.79)","0.0002","0.0002","0.0002","0.0002","1.0004","1.0009","1.0007","1.0002",3791,3090,3152,3010,3693,3390,3251,3273
"C00_C97","2000_2005","2016_2020",15,"Homeownership_tertile_2_EQI_Social+SM+PA+OB","0.00","-0.65(-4.15,2.97)","-3.12(-6.87,0.63)","-0.56(-4.57,3.52)","2.97(-1.77,7.69)","0.7086","0.0982","0.7741","0.2307","1.0013","1.0008","1.0011","1.0010",4282,3159,2662,2573,3245,3210,3136,2984
"C00_C97","2000_2005","2021_2024",20,"Homeownership_tertile_2_EQI+SM+PA+OB","0.00","7.39(2.60,12.22)","9.04(4.34,13.80)","6.04(1.28,11.13)","5.51(-0.19,11.50)","0.0017","0.0002","0.0207","0.0557","1.0004","1.0025","1.0018","1.0016",4095,3671,2951,2882,3124,3294,2922,2889
"C00_C97","2000_2005","2021_2024",20,"Homeownership_tertile_2_EQI_Air+SM+PA+OB","0.00","7.23(2.19,12.09)","9.75(4.84,14.71)","5.36(0.27,10.41)","-1.26(-6.94,4.25)","0.0042","0.0002","0.0352","0.6686","1.0010","1.0004","1.0011","1.0007",4626,4127,3206,3337,3273,3320,3210,2792
"C00_C97","2000_2005","2021_2024",20,"Homeownership_tertile_2_EQI_Water+SM+PA+OB","0.00","-1.72(-7.31,4.02)","-1.86(-7.43,3.62)","3.29(-2.55,8.97)","-0.65(-6.63,5.34)","0.5506","0.5141","0.2602","0.8390","1.0007","1.0010","1.0016","1.0009",3362,3488,3307,3325,3013,3081,3147,3303
"C00_C97","2000_2005","2021_2024",20,"Homeownership_tertile_2_EQI_Land+SM+PA+OB","0.00","-0.93(-5.75,3.74)","0.03(-4.92,4.79)","0.32(-5.08,5.71)","1.07(-4.39,6.55)","0.7116","0.9865","0.8985","0.7116","1.0003","0.9995","1.0003","0.9999",4072,3514,3172,3173,3167,3116,3119,3220
"C00_C97","2000_2005","2021_2024",20,"Homeownership_tertile_2_EQI_Built+SM+PA+OB","0.00","8.61(4.01,13.06)","7.86(3.22,12.45)","10.88(6.01,15.75)","8.74(3.24,14.07)","0.0007","0.0012","0.0002","0.0012","0.9999","1.0011","1.0001","1.0004",4003,3899,3470,3893,3395,2844,3090,3114
"C00_C97","2000_2005","2021_2024",20,"Homeownership_tertile_2_EQI_Social+SM+PA+OB","0.00","0.25(-4.26,4.81)","-5.67(-10.75,-0.77)","-1.27(-6.40,3.91)","-2.75(-8.89,3.14)","0.9270","0.0222","0.6351","0.3702","0.9999","1.0002","1.0004","1.0001",4654,4012,3449,2977,3493,3681,3424,3240
"C00_C97","2000_2005","2006_2010",5,"Homeownership_tertile_3_EQI+SM+PA+OB","0.00","6.66(2.40,10.87)","8.87(4.36,13.32)","10.31(5.59,15.07)","17.18(11.59,22.64)","0.0022","0.0002","0.0002","0.0002","1.0001","1.0008","1.0018","1.0019",3991,3461,2811,2247,2871,2799,2896,2897
"C00_C97","2000_2005","2006_2010",5,"Homeownership_tertile_3_EQI_Air+SM+PA+OB","0.00","8.86(4.38,13.15)","9.61(5.13,14.00)","9.95(4.93,15.02)","12.12(6.30,17.90)","0.0002","0.0002","0.0002","0.0002","1.0009","0.9999","0.9997","1.0002",3612,3178,3021,3397,3452,3601,3168,3319
"C00_C97","2000_2005","2006_2010",5,"Homeownership_tertile_3_EQI_Water+SM+PA+OB","0.00","-1.47(-6.34,3.39)","-0.83(-5.76,3.97)","3.23(-1.94,8.18)","1.89(-3.39,7.18)","0.5481","0.7461","0.1962","0.4916","1.0002","1.0009","1.0002","0.9997",2878,3103,3185,3082,2856,3117,3040,3291
"C00_C97","2000_2005","2006_2010",5,"Homeownership_tertile_3_EQI_Land+SM+PA+OB","0.00","-2.56(-6.78,1.62)","-4.58(-9.25,0.00)","-6.36(-11.34,-1.51)","-3.28(-8.46,1.89)","0.2252","0.0502","0.0102","0.2247","1.0002","1.0007","1.0016","1.0012",4176,3659,2826,2958,3444,3241,3155,3287
"C00_C97","2000_2005","2006_2010",5,"Homeownership_tertile_3_EQI_Built+SM+PA+OB","0.00","3.44(-0.41,7.26)","7.37(3.33,11.59)","5.88(1.54,10.28)","2.11(-3.43,7.80)","0.0792","0.0002","0.0092","0.4836","1.0013","1.0011","1.0025","1.0004",5861,4601,4063,4582,3688,3483,3534,3381
"C00_C97","2000_2005","2006_2010",5,"Homeownership_tertile_3_EQI_Social+SM+PA+OB","0.00","-0.56(-5.25,3.75)","-1.09(-5.79,3.65)","4.09(-0.59,8.97)","8.50(3.00,14.03)","0.8110","0.6521","0.0902","0.0037","1.0018","1.0012","1.0013","1.0021",4221,3554,3035,2324,3305,3478,3191,2790
"C00_C97","2000_2005","2011_2015",10,"Homeownership_tertile_3_EQI+SM+PA+OB","0.00","5.81(1.85,9.89)","7.47(3.23,11.64)","11.64(7.26,15.91)","18.14(12.75,23.20)","0.0042","0.0007","0.0002","0.0002","1.0008","1.0001","1.0009","1.0011",4780,3922,3174,2719,3270,3474,2765,3009
"C00_C97","2000_2005","2011_2015",10,"Homeownership_tertile_3_EQI_Air+SM+PA+OB","0.00","10.76(6.67,14.87)","9.30(5.00,13.50)","9.03(4.19,13.83)","9.99(4.61,15.34)","0.0002","0.0002","0.0002","0.0007","1.0002","1.0012","1.0010","1.0006",4561,3420,3239,3384,3633,3336,3323,3106
"C00_C97","2000_2005","2011_2015",10,"Homeownership_tertile_3_EQI_Water+SM+PA+OB","0.00","-4.84(-9.36,-0.49)","-1.24(-5.81,3.35)","3.66(-1.06,8.50)","4.74(-0.57,9.94)","0.0302","0.5731","0.1347","0.0732","1.0000","0.9998","0.9998","1.0009",3859,3474,3723,3582,3421,3324,3611,3302
"C00_C97","2000_2005","2011_2015",10,"Homeownership_tertile_3_EQI_Land+SM+PA+OB","0.00","-0.19(-4.27,3.89)","-2.01(-6.20,2.38)","-2.55(-7.09,2.23)","-1.71(-6.68,3.37)","0.9250","0.3442","0.2787","0.5021","1.0001","0.9998","0.9995","0.9996",4596,3289,3391,3356,3112,2720,3193,3046
"C00_C97","2000_2005","2011_2015",10,"Homeownership_tertile_3_EQI_Built+SM+PA+OB","0.00","7.04(3.43,10.55)","7.23(3.41,11.20)","5.69(1.40,9.93)","5.51(0.40,10.67)","0.0002","0.0002","0.0092","0.0347","1.0006","0.9996","0.9999","1.0006",5619,4518,5126,4825,3202,3590,3280,3287
"C00_C97","2000_2005","2011_2015",10,"Homeownership_tertile_3_EQI_Social+SM+PA+OB","0.00","-1.02(-5.33,3.27)","-2.70(-7.18,1.77)","3.31(-1.38,7.99)","8.00(2.54,13.36)","0.6326","0.2432","0.1612","0.0032","1.0000","1.0011","1.0005","1.0010",4869,3904,3462,3182,3247,3236,3076,3129
"C00_C97","2000_2005","2016_2020",15,"Homeownership_tertile_3_EQI+SM+PA+OB","0.00","5.94(2.51,9.39)","4.81(1.32,8.41)","7.98(3.98,11.93)","13.30(8.52,17.94)","0.0017","0.0082","0.0002","0.0002","1.0000","1.0011","1.0001","1.0009",3556,2851,2670,2510,3086,2953,2756,3165
"C00_C97","2000_2005","2016_2020",15,"Homeownership_tertile_3_EQI_Air+SM+PA+OB","0.00","6.72(3.08,10.33)","5.63(1.95,9.51)","8.81(4.63,13.14)","6.30(1.63,11.16)","0.0007","0.0037","0.0002","0.0082","1.0007","1.0009","1.0009","1.0001",2795,2493,2233,2440,2616,3025,3117,2713
"C00_C97","2000_2005","2016_2020",15,"Homeownership_tertile_3_EQI_Water+SM+PA+OB","0.00","0.59(-3.50,4.76)","0.65(-3.39,4.67)","2.39(-1.67,6.58)","3.05(-1.52,7.91)","0.7486","0.7636","0.2522","0.2102","1.0023","1.0000","1.0008","1.0002",2228,2313,2277,2476,2782,2723,2689,2787
"C00_C97","2000_2005","2016_2020",15,"Homeownership_tertile_3_EQI_Land+SM+PA+OB","0.00","-3.50(-6.90,-0.11)","-5.03(-8.75,-1.35)","-5.76(-9.99,-1.59)","-0.47(-4.91,4.09)","0.0417","0.0072","0.0097","0.8350","1.0001","1.0005","1.0005","1.0013",3527,2727,2360,2498,3079,3128,2819,2948
"C00_C97","2000_2005","2016_2020",15,"Homeownership_tertile_3_EQI_Built+SM+PA+OB","0.00","5.29(2.18,8.35)","5.31(1.92,8.59)","3.73(0.03,7.49)","2.70(-1.74,7.10)","0.0012","0.0012","0.0467","0.2452","1.0003","1.0017","1.0017","1.0011",3948,3653,3800,3977,3299,3107,3334,3653
"C00_C97","2000_2005","2016_2020",15,"Homeownership_tertile_3_EQI_Social+SM+PA+OB","0.00","0.17(-3.72,3.96)","2.01(-2.06,6.04)","1.68(-2.51,5.89)","4.19(-0.56,8.95)","0.9155","0.3222","0.4331","0.0832","1.0000","1.0001","1.0004","1.0009",3252,2502,2371,2074,3146,3051,2730,2549
"C00_C97","2000_2005","2021_2024",20,"Homeownership_tertile_3_EQI+SM+PA+OB","0.00","8.88(3.95,13.65)","7.51(2.81,12.31)","9.61(4.49,14.62)","9.92(3.89,15.85)","0.0002","0.0027","0.0002","0.0002","1.0000","1.0003","1.0004","0.9998",4532,4235,3073,3512,3361,3356,3082,3328
"C00_C97","2000_2005","2021_2024",20,"Homeownership_tertile_3_EQI_Air+SM+PA+OB","0.00","11.16(6.25,16.15)","8.16(3.36,13.07)","5.87(0.63,11.09)","3.52(-2.42,9.61)","0.0002","0.0017","0.0292","0.2562","1.0007","0.9999","1.0030","1.0000",4417,3972,3853,4220,3412,3204,3214,3182
"C00_C97","2000_2005","2021_2024",20,"Homeownership_tertile_3_EQI_Water+SM+PA+OB","0.00","-1.72(-7.11,3.48)","2.25(-3.05,7.53)","4.47(-0.83,9.86)","5.27(-0.68,10.89)","0.5301","0.3987","0.1027","0.0817","1.0001","1.0000","1.0002","1.0001",3901,3811,3843,3946,3054,2945,3217,3478
"C00_C97","2000_2005","2021_2024",20,"Homeownership_tertile_3_EQI_Land+SM+PA+OB","0.00","-1.02(-5.87,3.66)","-0.76(-5.73,4.17)","-2.82(-8.37,2.54)","2.76(-3.28,8.44)","0.6831","0.7696","0.3127","0.3397","0.9995","1.0003","1.0008","1.0005",5591,4447,3472,3788,2957,3129,2963,3086
"C00_C97","2000_2005","2021_2024",20,"Homeownership_tertile_3_EQI_Built+SM+PA+OB","0.00","6.32(2.11,10.67)","7.55(2.82,12.27)","5.62(0.50,10.58)","4.28(-1.56,10.17)","0.0027","0.0022","0.0362","0.1617","0.9996","1.0007","0.9995","1.0012",5343,5032,5125,4956,3131,2867,3373,3240
"C00_C97","2000_2005","2021_2024",20,"Homeownership_tertile_3_EQI_Social+SM+PA+OB","0.00","1.41(-3.52,6.41)","-0.63(-5.82,4.39)","3.42(-1.94,8.49)","4.67(-0.99,10.40)","0.5836","0.8015","0.2002","0.1157","1.0011","1.0004","1.0011","1.0012",5496,4386,4152,3109,3377,3051,3520,3225
