ICD_Code,EQI_Period,AAMR_Period,Lag,Model,Q1,Q2,Q3,Q4,Q5,Q2_p,Q3_p,Q4_p,Q5_p,Q2_rhat,Q3_rhat,Q4_rhat,Q5_rhat,Q2_ess_bulk,Q3_ess_bulk,Q4_ess_bulk,Q5_ess_bulk,Q2_ess_tail,Q3_ess_tail,Q4_ess_tail,Q5_ess_tail
N00_N29_C64_C65,2000_2005,2006_2010,5,Census_Region_1_EQI+SM+PA+OB,0.00,"-0.73(-5.68,4.39)","-2.32(-6.71,2.58)","-0.08(-4.33,4.71)","0.05(-4.22,4.87)",0.7621,0.3292,0.9460,0.9770,1.0017,1.0012,1.0022,1.0016,1588,1341,1304,1296,2565,1700,1720,1812
"N00_N29_C64_C65","2000_2005","2006_2010",5,"Census_Region_1_EQI_Air+SM+PA+OB","0.00","-1.61(-6.27,3.49)","-1.40(-5.98,3.54)","-0.78(-5.34,4.03)","0.01(-4.58,4.77)","0.5191","0.5336","0.7176","0.9955","1.0018","1.0012","1.0021","1.0019",2295,2059,1884,1954,2877,2501,2370,2501
"N00_N29_C64_C65","2000_2005","2006_2010",5,"Census_Region_1_EQI_Water+SM+PA+OB","0.00","0.70(-1.42,2.84)","1.55(-0.75,3.70)","1.26(-0.70,3.13)","1.16(-0.95,3.26)","0.5301","0.1852","0.1927","0.2712","1.0007","1.0015","1.0007","1.0006",3766,3611,3170,3186,3273,3233,3191,3218
"N00_N29_C64_C65","2000_2005","2006_2010",5,"Census_Region_1_EQI_Land+SM+PA+OB","0.00","-1.83(-5.33,1.71)","-0.80(-4.21,2.47)","-1.06(-4.31,2.22)","-1.98(-5.44,1.24)","0.3042","0.6421","0.5321","0.2367","1.0027","1.0026","1.0023","1.0024",2200,2110,2118,2119,2469,2447,2411,2412
"N00_N29_C64_C65","2000_2005","2006_2010",5,"Census_Region_1_EQI_Built+SM+PA+OB","0.00","-3.03(-6.82,0.67)","-3.74(-7.08,-0.39)","-2.16(-5.41,1.20)","-0.69(-3.93,2.62)","0.1082","0.0317","0.2147","0.7046","1.0005","1.0008","1.0005","1.0007",2935,2700,2654,2679,3486,2934,2827,2852
"N00_N29_C64_C65","2000_2005","2006_2010",5,"Census_Region_1_EQI_Social+SM+PA+OB","0.00","3.04(0.03,6.03)","1.84(-0.91,4.51)","1.71(-1.01,4.44)","2.66(-0.14,5.45)","0.0472","0.1827","0.2287","0.0667","1.0002","1.0001","1.0005","1.0002",3002,2742,2677,2555,3209,2799,2765,2900
"N00_N29_C64_C65","2000_2005","2011_2015",10,"Census_Region_1_EQI+SM+PA+OB","0.00","-1.60(-5.96,2.70)","-0.41(-4.39,3.51)","0.33(-3.68,4.30)","1.22(-2.68,5.28)","0.4546","0.8340","0.8650","0.5296","1.0013","1.0021","1.0029","1.0028",1488,1356,1317,1264,1949,1828,1844,1781
"N00_N29_C64_C65","2000_2005","2011_2015",10,"Census_Region_1_EQI_Air+SM+PA+OB","0.00","-0.97(-4.93,3.36)","-1.08(-5.14,3.15)","-0.41(-4.49,3.79)","0.28(-3.74,4.59)","0.6471","0.5891","0.8450","0.8900","1.0009","1.0015","1.0017","1.0016",2403,2322,2263,2217,2442,2578,2545,2408
"N00_N29_C64_C65","2000_2005","2011_2015",10,"Census_Region_1_EQI_Water+SM+PA+OB","0.00","-0.44(-2.30,1.47)","0.81(-1.13,2.72)","0.67(-1.16,2.46)","1.68(-0.24,3.61)","0.6436","0.4271","0.4636","0.0887","1.0002","1.0002","1.0025","1.0030",3888,3928,3135,3460,3166,3411,3138,2966
"N00_N29_C64_C65","2000_2005","2011_2015",10,"Census_Region_1_EQI_Land+SM+PA+OB","0.00","-1.77(-4.60,1.17)","-0.97(-3.75,1.81)","-0.90(-3.71,1.87)","-2.09(-4.89,0.80)","0.2322","0.4841","0.5181","0.1487","1.0003","1.0007","1.0012","1.0010",2333,2254,2251,2282,2843,2577,2570,2549
"N00_N29_C64_C65","2000_2005","2011_2015",10,"Census_Region_1_EQI_Built+SM+PA+OB","0.00","0.95(-2.39,4.23)","0.87(-1.93,3.45)","1.73(-1.07,4.36)","2.41(-0.45,5.09)","0.5656","0.5046","0.2152","0.0912","1.0012","1.0009","1.0014","1.0014",2658,2400,2302,2330,3009,2294,2363,2640
"N00_N29_C64_C65","2000_2005","2011_2015",10,"Census_Region_1_EQI_Social+SM+PA+OB","0.00","1.80(-0.75,4.39)","2.02(-0.28,4.39)","1.30(-1.13,3.62)","2.02(-0.52,4.48)","0.1627","0.0862","0.2787","0.1087","1.0012","1.0027","1.0015","1.0023",3027,2666,2550,2513,3072,3133,2661,2689
"N00_N29_C64_C65","2000_2005","2016_2020",15,"Census_Region_1_EQI+SM+PA+OB","0.00","-1.52(-5.56,2.81)","-0.40(-4.02,3.56)","0.41(-3.20,4.28)","0.79(-2.89,4.65)","0.4751","0.8085","0.8520","0.7086","1.0003","1.0006","1.0004","1.0007",1614,1442,1419,1413,2552,2278,2160,2089
"N00_N29_C64_C65","2000_2005","2016_2020",15,"Census_Region_1_EQI_Air+SM+PA+OB","0.00","-1.69(-6.31,2.91)","-1.99(-6.50,2.51)","-1.60(-6.18,2.84)","-1.53(-6.05,2.83)","0.4726","0.3852","0.4886","0.5161","1.0020","1.0020","1.0032","1.0028",2722,2408,2386,2470,2693,2241,2312,2242
"N00_N29_C64_C65","2000_2005","2016_2020",15,"Census_Region_1_EQI_Water+SM+PA+OB","0.00","-0.29(-2.18,1.65)","1.84(-0.30,3.89)","0.86(-0.84,2.61)","1.09(-0.74,2.90)","0.7501","0.0947","0.3317","0.2417","1.0007","1.0000","0.9998","1.0004",3724,3736,3488,3440,3104,3082,3189,2892
"N00_N29_C64_C65","2000_2005","2016_2020",15,"Census_Region_1_EQI_Land+SM+PA+OB","0.00","0.37(-2.80,3.45)","0.78(-2.11,3.65)","0.17(-2.73,3.04)","-0.38(-3.33,2.54)","0.8225","0.6101","0.9165","0.7971","1.0020","1.0016","1.0024","1.0013",2609,2402,2501,2510,2616,2606,2732,2834
"N00_N29_C64_C65","2000_2005","2016_2020",15,"Census_Region_1_EQI_Built+SM+PA+OB","0.00","-1.55(-4.77,1.63)","-0.97(-3.91,1.92)","0.62(-2.30,3.49)","1.61(-1.41,4.49)","0.3472","0.4946","0.6801","0.2712","1.0009","1.0018","1.0015","1.0015",2352,2159,1948,1919,2809,2375,2381,2286
"N00_N29_C64_C65","2000_2005","2016_2020",15,"Census_Region_1_EQI_Social+SM+PA+OB","0.00","2.26(-0.25,4.78)","1.50(-0.89,3.86)","1.79(-0.59,4.15)","2.46(0.01,4.89)","0.0767","0.2152","0.1517","0.0502","1.0018","1.0012","1.0013","1.0009",2827,2554,2410,2458,2984,2861,2624,2714
"N00_N29_C64_C65","2000_2005","2021_2024",20,"Census_Region_1_EQI+SM+PA+OB","0.00","-3.24(-8.65,2.23)","-1.81(-6.54,3.15)","-0.26(-4.85,4.52)","-1.18(-5.84,3.72)","0.2552","0.4691","0.9150","0.6171","1.0014","1.0014","1.0004","1.0003",1783,1534,1509,1504,2374,1629,1720,1644
"N00_N29_C64_C65","2000_2005","2021_2024",20,"Census_Region_1_EQI_Air+SM+PA+OB","0.00","-1.13(-6.21,4.03)","-1.18(-5.68,3.64)","-1.35(-5.90,3.49)","-1.20(-5.75,3.48)","0.6596","0.6241","0.5776","0.6111","1.0011","1.0011","1.0013","1.0015",2813,2469,2513,2467,3028,2379,2331,2339
"N00_N29_C64_C65","2000_2005","2021_2024",20,"Census_Region_1_EQI_Water+SM+PA+OB","0.00","-0.25(-2.51,1.92)","0.23(-2.17,2.67)","1.71(-0.33,3.74)","1.80(-0.46,3.96)","0.8170","0.8570","0.0977","0.1172","0.9999","1.0016","1.0003","1.0005",3912,3619,3338,3217,3488,3005,3090,3040
"N00_N29_C64_C65","2000_2005","2021_2024",20,"Census_Region_1_EQI_Land+SM+PA+OB","0.00","-1.09(-4.54,2.52)","0.90(-2.42,4.24)","1.10(-2.18,4.44)","-0.56(-3.95,2.91)","0.5226","0.5716","0.4936","0.7236","0.9998","1.0011","1.0009","1.0001",2307,2235,2199,2184,2340,2200,2431,2212
"N00_N29_C64_C65","2000_2005","2021_2024",20,"Census_Region_1_EQI_Built+SM+PA+OB","0.00","-2.60(-6.96,1.65)","-2.44(-6.24,1.33)","-1.62(-5.42,2.16)","-1.44(-5.18,2.33)","0.2282","0.2122","0.4281","0.4756","1.0022","1.0040","1.0041","1.0041",2707,2454,2354,2397,2902,2639,2464,2434
"N00_N29_C64_C65","2000_2005","2021_2024",20,"Census_Region_1_EQI_Social+SM+PA+OB","0.00","2.72(-0.48,6.01)","2.13(-0.67,5.00)","1.09(-1.76,3.97)","1.57(-1.43,4.53)","0.0922","0.1562","0.4691","0.2982","1.0006","1.0013","1.0009","1.0011",2915,2621,2508,2667,3001,2546,2639,2462
"N00_N29_C64_C65","2000_2005","2006_2010",5,"Census_Region_2_EQI+SM+PA+OB","0.00","5.52(3.68,7.28)","6.93(5.26,8.58)","6.83(5.22,8.49)","7.64(5.87,9.43)","0.0002","0.0002","0.0002","0.0002","1.0001","1.0023","1.0017","1.0016",2274,2016,1722,1809,2583,2713,2215,2265
"N00_N29_C64_C65","2000_2005","2006_2010",5,"Census_Region_2_EQI_Air+SM+PA+OB","0.00","1.31(-0.11,2.72)","2.57(1.06,4.06)","3.19(1.54,4.80)","3.15(1.31,4.90)","0.0732","0.0022","0.0007","0.0007","1.0012","1.0014","1.0004","1.0016",2729,2460,2308,2436,3295,3081,2399,2577
"N00_N29_C64_C65","2000_2005","2006_2010",5,"Census_Region_2_EQI_Water+SM+PA+OB","0.00","-0.80(-2.58,0.95)","0.74(-1.05,2.57)","0.40(-1.31,2.16)","0.50(-1.45,2.54)","0.3737","0.4256","0.6551","0.6301","1.0014","1.0017","1.0013","1.0024",2438,2417,2527,2683,2749,2563,2385,2705
"N00_N29_C64_C65","2000_2005","2006_2010",5,"Census_Region_2_EQI_Land+SM+PA+OB","0.00","3.62(1.58,5.66)","3.64(1.74,5.55)","3.46(1.42,5.51)","3.74(1.66,5.81)","0.0012","0.0002","0.0002","0.0007","1.0012","1.0013","1.0012","1.0012",2490,2031,2052,1975,2810,2665,2465,2578
"N00_N29_C64_C65","2000_2005","2006_2010",5,"Census_Region_2_EQI_Built+SM+PA+OB","0.00","3.95(2.43,5.40)","3.66(2.18,5.06)","3.41(1.89,4.86)","3.42(1.80,4.95)","0.0002","0.0002","0.0002","0.0002","1.0009","1.0001","1.0017","1.0010",2815,2441,2398,2601,2943,2511,2358,2493
"N00_N29_C64_C65","2000_2005","2006_2010",5,"Census_Region_2_EQI_Social+SM+PA+OB","0.00","-2.70(-4.81,-0.49)","-3.49(-5.60,-1.44)","-3.77(-5.92,-1.63)","-3.52(-5.92,-1.19)","0.0112","0.0002","0.0007","0.0032","1.0010","1.0021","1.0013","1.0016",2509,2242,2043,2093,2327,2499,2407,2402
"N00_N29_C64_C65","2000_2005","2011_2015",10,"Census_Region_2_EQI+SM+PA+OB","0.00","5.08(3.46,6.70)","7.03(5.56,8.56)","5.46(3.94,6.96)","6.86(5.22,8.45)","0.0002","0.0002","0.0002","0.0002","1.0009","1.0007","1.0007","1.0022",2260,1802,1626,1672,2626,2314,2127,2121
"N00_N29_C64_C65","2000_2005","2011_2015",10,"Census_Region_2_EQI_Air+SM+PA+OB","0.00","2.93(1.63,4.25)","2.95(1.49,4.35)","4.06(2.52,5.51)","4.74(3.08,6.40)","0.0002","0.0002","0.0002","0.0002","1.0000","1.0002","1.0006","1.0035",3309,2939,2637,2709,2933,3225,2650,2557
"N00_N29_C64_C65","2000_2005","2011_2015",10,"Census_Region_2_EQI_Water+SM+PA+OB","0.00","0.09(-1.46,1.59)","0.74(-0.90,2.38)","0.44(-1.14,1.97)","-0.42(-2.22,1.33)","0.9050","0.3702","0.5841","0.6436","1.0019","1.0018","1.0008","1.0010",3106,2919,3054,3326,2901,2942,3084,3017
"N00_N29_C64_C65","2000_2005","2011_2015",10,"Census_Region_2_EQI_Land+SM+PA+OB","0.00","3.99(2.20,5.76)","4.11(2.35,5.88)","3.17(1.32,5.01)","4.37(2.51,6.25)","0.0002","0.0002","0.0022","0.0002","1.0003","1.0007","1.0009","1.0009",2763,2433,2413,2363,2365,2316,2451,2446
"N00_N29_C64_C65","2000_2005","2011_2015",10,"Census_Region_2_EQI_Built+SM+PA+OB","0.00","2.97(1.63,4.32)","2.87(1.51,4.18)","3.02(1.66,4.42)","2.80(1.35,4.24)","0.0002","0.0002","0.0002","0.0007","1.0016","1.0010","1.0008","1.0006",2957,2704,2873,2826,3013,2478,3152,2703
"N00_N29_C64_C65","2000_2005","2011_2015",10,"Census_Region_2_EQI_Social+SM+PA+OB","0.00","-1.21(-3.15,0.73)","-2.13(-4.06,-0.18)","-3.59(-5.62,-1.59)","-3.38(-5.60,-1.18)","0.2372","0.0327","0.0002","0.0032","1.0017","1.0024","1.0025","1.0013",2759,2569,2519,2486,2877,2716,2486,2769
"N00_N29_C64_C65","2000_2005","2016_2020",15,"Census_Region_2_EQI+SM+PA+OB","0.00","4.96(3.24,6.66)","4.80(3.26,6.36)","5.42(3.87,6.94)","6.85(5.20,8.51)","0.0002","0.0002","0.0002","0.0002","1.0011","1.0002","1.0014","1.0025",1944,1669,1535,1549,2444,2397,1893,2022
"N00_N29_C64_C65","2000_2005","2016_2020",15,"Census_Region_2_EQI_Air+SM+PA+OB","0.00","2.12(0.80,3.44)","3.13(1.77,4.46)","4.01(2.58,5.47)","4.93(3.31,6.49)","0.0017","0.0002","0.0002","0.0002","1.0012","1.0019","1.0016","1.0021",2680,2495,2365,2263,2742,2289,2733,2622
"N00_N29_C64_C65","2000_2005","2016_2020",15,"Census_Region_2_EQI_Water+SM+PA+OB","0.00","0.90(-0.85,2.59)","2.18(0.39,3.93)","2.11(0.39,3.76)","1.06(-0.83,2.94)","0.2982","0.0152","0.0122","0.2772","1.0029","1.0030","1.0022","1.0015",2339,2182,2426,2464,2816,2654,2461,2671
"N00_N29_C64_C65","2000_2005","2016_2020",15,"Census_Region_2_EQI_Land+SM+PA+OB","0.00","3.80(2.08,5.57)","3.67(1.96,5.35)","4.15(2.36,5.87)","4.83(2.99,6.62)","0.0002","0.0002","0.0002","0.0002","1.0004","1.0014","1.0008","1.0020",2789,2502,2520,2587,2556,2507,2278,2214
"N00_N29_C64_C65","2000_2005","2016_2020",15,"Census_Region_2_EQI_Built+SM+PA+OB","0.00","2.29(0.97,3.61)","2.57(1.27,3.92)","2.85(1.53,4.15)","2.56(1.20,3.91)","0.0007","0.0002","0.0002","0.0007","1.0035","1.0017","1.0018","1.0028",3081,2910,3064,3055,2961,2984,2942,2812
"N00_N29_C64_C65","2000_2005","2016_2020",15,"Census_Region_2_EQI_Social+SM+PA+OB","0.00","-4.47(-6.48,-2.39)","-5.31(-7.28,-3.28)","-6.21(-8.24,-4.10)","-7.06(-9.23,-4.80)","0.0002","0.0002","0.0002","0.0002","1.0014","1.0028","1.0025","1.0027",2189,1979,1961,1999,2466,2513,2424,2354
"N00_N29_C64_C65","2000_2005","2021_2024",20,"Census_Region_2_EQI+SM+PA+OB","0.00","6.14(4.16,8.11)","4.15(2.27,6.04)","5.61(3.71,7.43)","6.14(4.10,8.10)","0.0002","0.0002","0.0002","0.0002","1.0003","1.0006","1.0010","1.0005",1979,1775,1631,1586,2321,1895,2187,1771
"N00_N29_C64_C65","2000_2005","2021_2024",20,"Census_Region_2_EQI_Air+SM+PA+OB","0.00","1.75(0.12,3.37)","2.50(0.69,4.24)","3.36(1.50,5.18)","3.90(1.83,5.91)","0.0342","0.0047","0.0007","0.0002","1.0011","1.0027","1.0015","1.0012",2931,2711,2590,2506,2968,2886,2812,2977
"N00_N29_C64_C65","2000_2005","2021_2024",20,"Census_Region_2_EQI_Water+SM+PA+OB","0.00","0.40(-1.59,2.43)","0.26(-1.83,2.33)","0.56(-1.43,2.57)","-1.66(-3.89,0.62)","0.6946","0.8045","0.6096","0.1497","1.0002","1.0003","1.0001","1.0005",2281,2491,2388,2647,2831,2878,3011,2949
"N00_N29_C64_C65","2000_2005","2021_2024",20,"Census_Region_2_EQI_Land+SM+PA+OB","0.00","1.75(-0.48,3.95)","3.29(1.01,5.47)","3.83(1.52,6.17)","4.72(2.36,7.10)","0.1312","0.0032","0.0017","0.0002","1.0016","1.0018","1.0019","1.0015",2443,2250,2165,2246,2554,2386,2251,2110
"N00_N29_C64_C65","2000_2005","2021_2024",20,"Census_Region_2_EQI_Built+SM+PA+OB","0.00","2.99(1.36,4.61)","2.83(1.18,4.41)","2.89(1.25,4.53)","3.34(1.65,5.07)","0.0002","0.0007","0.0002","0.0002","1.0013","1.0009","1.0022","1.0019",2899,2756,2555,2626,3108,2734,2884,2770
"N00_N29_C64_C65","2000_2005","2021_2024",20,"Census_Region_2_EQI_Social+SM+PA+OB","0.00","-2.13(-4.58,0.20)","-3.51(-5.71,-1.23)","-4.02(-6.38,-1.62)","-5.08(-7.64,-2.36)","0.0822","0.0022","0.0007","0.0002","1.0010","1.0002","1.0002","1.0009",2350,2263,2171,2274,2700,2671,2545,2671
"N00_N29_C64_C65","2000_2005","2006_2010",5,"Census_Region_3_EQI+SM+PA+OB","0.00","1.95(0.82,3.01)","2.12(0.97,3.29)","2.68(1.32,4.01)","4.74(3.01,6.50)","0.0002","0.0012","0.0002","0.0002","1.0021","1.0007","1.0001","1.0004",2622,2175,2098,1980,2508,3076,2755,2742
"N00_N29_C64_C65","2000_2005","2006_2010",5,"Census_Region_3_EQI_Air+SM+PA+OB","0.00","3.94(2.33,5.55)","3.28(1.54,4.92)","3.64(1.93,5.26)","5.37(3.54,7.13)","0.0002","0.0002","0.0002","0.0002","1.0008","1.0006","1.0015","1.0011",2294,2049,1962,1931,2810,2571,2477,2401
"N00_N29_C64_C65","2000_2005","2006_2010",5,"Census_Region_3_EQI_Water+SM+PA+OB","0.00","-1.14(-2.68,0.40)","-0.46(-2.11,1.18)","0.75(-0.98,2.48)","0.47(-1.40,2.37)","0.1462","0.5611","0.3957","0.6111","0.9996","1.0002","1.0004","1.0010",2178,2138,2152,2095,2791,2554,2480,2477
"N00_N29_C64_C65","2000_2005","2006_2010",5,"Census_Region_3_EQI_Land+SM+PA+OB","0.00","-0.63(-1.50,0.22)","0.31(-0.69,1.29)","0.36(-1.08,1.90)","-0.54(-2.40,1.32)","0.1402","0.5451","0.6391","0.5771","1.0014","1.0005","0.9999","0.9998",3626,3625,3506,3935,3078,3160,2658,3133
"N00_N29_C64_C65","2000_2005","2006_2010",5,"Census_Region_3_EQI_Built+SM+PA+OB","0.00","1.98(0.92,3.05)","2.20(1.06,3.30)","2.15(1.00,3.29)","3.14(1.78,4.48)","0.0007","0.0002","0.0017","0.0002","1.0039","1.0035","1.0027","1.0030",2533,2272,2115,2193,2713,2546,2731,2504
"N00_N29_C64_C65","2000_2005","2006_2010",5,"Census_Region_3_EQI_Social+SM+PA+OB","0.00","-0.79(-1.84,0.26)","-2.45(-3.71,-1.22)","-1.46(-2.90,-0.01)","-1.41(-3.17,0.30)","0.1377","0.0002","0.0497","0.1147","1.0017","1.0015","1.0012","1.0007",2621,2455,2339,2268,3137,2499,2914,2560
"N00_N29_C64_C65","2000_2005","2011_2015",10,"Census_Region_3_EQI+SM+PA+OB","0.00","2.44(1.39,3.46)","2.18(1.08,3.28)","2.72(1.39,4.02)","4.03(2.39,5.69)","0.0002","0.0007","0.0007","0.0002","1.0006","1.0009","1.0025","1.0020",1824,1588,1503,1606,2484,2267,2100,2314
"N00_N29_C64_C65","2000_2005","2011_2015",10,"Census_Region_3_EQI_Air+SM+PA+OB","0.00","2.81(1.19,4.40)","3.36(1.73,4.92)","4.08(2.42,5.64)","5.32(3.55,7.04)","0.0007","0.0002","0.0002","0.0002","1.0015","1.0014","1.0005","1.0016",1198,1155,1181,1102,2696,2275,2042,2236
"N00_N29_C64_C65","2000_2005","2011_2015",10,"Census_Region_3_EQI_Water+SM+PA+OB","0.00","-0.87(-2.32,0.63)","0.38(-1.18,1.92)","0.70(-0.91,2.30)","-0.33(-1.99,1.35)","0.2547","0.6241","0.4021","0.7111","1.0010","1.0002","1.0008","1.0011",2077,2031,2048,2094,2791,2601,2458,3015
"N00_N29_C64_C65","2000_2005","2011_2015",10,"Census_Region_3_EQI_Land+SM+PA+OB","0.00","-0.75(-1.60,0.05)","-0.36(-1.29,0.59)","-1.33(-2.69,0.03)","-0.43(-2.25,1.45)","0.0647","0.4576","0.0572","0.6476","1.0011","1.0005","1.0002","1.0004",2638,2901,3282,2989,3027,3104,3039,2890
"N00_N29_C64_C65","2000_2005","2011_2015",10,"Census_Region_3_EQI_Built+SM+PA+OB","0.00","1.47(0.47,2.47)","2.00(0.93,3.07)","1.28(0.16,2.38)","2.06(0.81,3.33)","0.0052","0.0002","0.0242","0.0022","1.0005","1.0005","1.0007","1.0011",3118,2606,2521,2417,3186,3104,2832,2703
"N00_N29_C64_C65","2000_2005","2011_2015",10,"Census_Region_3_EQI_Social+SM+PA+OB","0.00","-0.30(-1.30,0.71)","-1.27(-2.45,-0.09)","-0.87(-2.25,0.54)","-1.37(-3.06,0.38)","0.5441","0.0352","0.2252","0.1217","1.0004","1.0007","1.0004","1.0010",2240,1807,1744,1861,2846,2877,2810,2277
"N00_N29_C64_C65","2000_2005","2016_2020",15,"Census_Region_3_EQI+SM+PA+OB","0.00","1.71(0.65,2.79)","2.58(1.43,3.71)","2.83(1.48,4.22)","4.85(3.11,6.60)","0.0007","0.0002","0.0002","0.0002","1.0023","1.0027","1.0039","1.0021",1838,1595,1503,1543,2374,2191,2052,1892
"N00_N29_C64_C65","2000_2005","2016_2020",15,"Census_Region_3_EQI_Air+SM+PA+OB","0.00","2.78(1.10,4.46)","3.17(1.47,4.90)","3.76(2.06,5.50)","5.02(3.18,6.91)","0.0017","0.0007","0.0002","0.0002","1.0014","1.0008","1.0002","0.9995",1828,1670,1530,1487,2611,2532,2221,2215
"N00_N29_C64_C65","2000_2005","2016_2020",15,"Census_Region_3_EQI_Water+SM+PA+OB","0.00","-0.55(-2.05,0.98)","0.08(-1.47,1.68)","0.48(-1.14,2.09)","0.18(-1.54,1.93)","0.4966","0.9295","0.5796","0.8385","1.0029","1.0013","1.0019","1.0016",2070,1972,2023,2135,2796,2800,2815,2561
"N00_N29_C64_C65","2000_2005","2016_2020",15,"Census_Region_3_EQI_Land+SM+PA+OB","0.00","-0.56(-1.41,0.27)","-0.64(-1.60,0.37)","-0.89(-2.31,0.54)","-1.68(-3.59,0.16)","0.2012","0.2127","0.2157","0.0742","1.0004","1.0014","1.0006","1.0024",3674,3336,3865,3262,2865,3161,3004,2825
"N00_N29_C64_C65","2000_2005","2016_2020",15,"Census_Region_3_EQI_Built+SM+PA+OB","0.00","2.03(1.00,3.07)","2.79(1.73,3.86)","3.16(2.02,4.30)","4.55(3.22,5.84)","0.0002","0.0002","0.0002","0.0002","0.9998","1.0013","1.0010","1.0014",2762,2278,2271,2255,2833,3104,2686,2770
"N00_N29_C64_C65","2000_2005","2016_2020",15,"Census_Region_3_EQI_Social+SM+PA+OB","0.00","-0.94(-1.93,0.07)","-1.86(-3.08,-0.62)","-1.29(-2.72,0.18)","-1.10(-2.85,0.62)","0.0682","0.0022","0.0922","0.2267","1.0003","1.0019","1.0015","1.0006",2402,2214,2119,1938,2645,2705,2825,2579
"N00_N29_C64_C65","2000_2005","2021_2024",20,"Census_Region_3_EQI+SM+PA+OB","0.00","2.59(1.24,3.89)","3.20(1.80,4.58)","4.48(2.88,6.08)","6.37(4.24,8.48)","0.0007","0.0002","0.0002","0.0002","1.0020","1.0007","1.0000","1.0011",2557,2012,1894,1883,2561,2864,2676,2325
"N00_N29_C64_C65","2000_2005","2021_2024",20,"Census_Region_3_EQI_Air+SM+PA+OB","0.00","3.31(1.34,5.26)","4.26(2.20,6.15)","4.52(2.51,6.54)","5.36(3.15,7.53)","0.0007","0.0002","0.0002","0.0002","1.0017","1.0025","1.0028","1.0024",1893,1917,1556,1600,2431,2062,2590,2620
"N00_N29_C64_C65","2000_2005","2021_2024",20,"Census_Region_3_EQI_Water+SM+PA+OB","0.00","-1.41(-3.26,0.51)","-0.96(-2.90,0.97)","1.53(-0.59,3.61)","-0.44(-2.67,1.70)","0.1402","0.3332","0.1457","0.7101","1.0006","1.0016","1.0014","1.0006",2148,1959,2105,2244,2922,2466,2602,2616
"N00_N29_C64_C65","2000_2005","2021_2024",20,"Census_Region_3_EQI_Land+SM+PA+OB","0.00","-1.11(-2.15,-0.10)","-0.78(-1.96,0.40)","-0.32(-2.08,1.40)","0.07(-2.11,2.33)","0.0322","0.1912","0.7291","0.9605","1.0017","1.0011","1.0009","1.0009",3136,3626,4582,4286,2940,3245,2874,3134
"N00_N29_C64_C65","2000_2005","2021_2024",20,"Census_Region_3_EQI_Built+SM+PA+OB","0.00","2.46(1.19,3.74)","2.85(1.48,4.20)","3.91(2.46,5.35)","5.83(4.23,7.41)","0.0002","0.0002","0.0002","0.0002","1.0002","1.0015","1.0006","1.0009",2901,2391,2280,2394,3157,3209,2687,2663
"N00_N29_C64_C65","2000_2005","2021_2024",20,"Census_Region_3_EQI_Social+SM+PA+OB","0.00","-1.09(-2.34,0.19)","-2.05(-3.54,-0.55)","-2.16(-3.87,-0.39)","-1.71(-3.83,0.47)","0.0902","0.0072","0.0177","0.1257","1.0029","1.0002","1.0008","1.0006",2867,2481,2383,2297,2998,2965,2967,2812
"N00_N29_C64_C65","2000_2005","2006_2010",5,"Census_Region_4_EQI+SM+PA+OB","0.00","3.63(1.37,5.96)","3.96(1.78,6.21)","4.35(1.91,6.71)","4.09(1.67,6.44)","0.0007","0.0017","0.0007","0.0007","1.0012","1.0010","1.0012","1.0012",2646,2207,2093,2006,3151,2864,2818,2589
"N00_N29_C64_C65","2000_2005","2006_2010",5,"Census_Region_4_EQI_Air+SM+PA+OB","0.00","1.33(-0.46,3.19)","0.62(-1.41,2.71)","1.18(-0.75,3.14)","0.36(-1.91,2.54)","0.1562","0.5461","0.2477","0.7606","1.0014","1.0018","1.0010","1.0009",2656,2696,2184,2336,2797,2765,2568,2789
"N00_N29_C64_C65","2000_2005","2006_2010",5,"Census_Region_4_EQI_Water+SM+PA+OB","0.00","-2.90(-6.26,0.35)","3.54(0.21,6.73)","2.60(-0.63,5.77)","2.06(-1.04,4.90)","0.0782","0.0387","0.1087","0.1737","1.0016","1.0031","1.0017","1.0025",1507,1488,1440,1373,2209,1941,1988,1965
"N00_N29_C64_C65","2000_2005","2006_2010",5,"Census_Region_4_EQI_Land+SM+PA+OB","0.00","0.70(-3.36,4.53)","2.05(-1.08,5.15)","2.01(-0.98,4.92)","1.13(-1.89,4.16)","0.7286","0.1947","0.1897","0.4576","1.0005","1.0014","1.0029","1.0002",2028,1545,1506,1563,2618,1979,2097,2211
"N00_N29_C64_C65","2000_2005","2006_2010",5,"Census_Region_4_EQI_Built+SM+PA+OB","0.00","4.85(2.48,7.25)","3.69(1.30,5.90)","4.26(2.11,6.44)","3.47(1.24,5.59)","0.0002","0.0022","0.0002","0.0032","1.0020","1.0017","1.0032","1.0014",2778,2376,2280,2030,2830,2840,2767,2661
"N00_N29_C64_C65","2000_2005","2006_2010",5,"Census_Region_4_EQI_Social+SM+PA+OB","0.00","1.51(-0.35,3.49)","0.68(-1.36,2.66)","0.85(-1.30,3.07)","2.04(-0.51,4.50)","0.1167","0.5031","0.4611","0.1112","1.0009","1.0007","1.0005","1.0006",2507,2452,2066,1916,2630,2921,2439,2619
"N00_N29_C64_C65","2000_2005","2011_2015",10,"Census_Region_4_EQI+SM+PA+OB","0.00","4.36(2.42,6.23)","4.37(2.41,6.19)","4.70(2.63,6.74)","4.69(2.50,6.69)","0.0002","0.0002","0.0002","0.0002","1.0010","1.0004","1.0015","1.0006",2385,2158,2028,1985,3075,2656,2893,2678
"N00_N29_C64_C65","2000_2005","2011_2015",10,"Census_Region_4_EQI_Air+SM+PA+OB","0.00","1.24(-0.32,2.81)","-0.25(-2.09,1.49)","-0.25(-1.97,1.43)","-0.12(-2.16,1.86)","0.1117","0.8080","0.7816","0.9090","0.9999","1.0008","1.0015","1.0007",2963,3209,2799,2739,2690,2907,2662,2603
"N00_N29_C64_C65","2000_2005","2011_2015",10,"Census_Region_4_EQI_Water+SM+PA+OB","0.00","-1.80(-5.27,1.68)","1.99(-1.52,5.47)","2.12(-1.44,5.53)","1.60(-1.81,4.86)","0.3112","0.2602","0.2357","0.3487","1.0011","1.0011","1.0013","1.0015",1660,1741,1686,1643,2318,2350,2169,2166
"N00_N29_C64_C65","2000_2005","2011_2015",10,"Census_Region_4_EQI_Land+SM+PA+OB","0.00","-0.15(-4.22,3.83)","0.17(-3.32,3.45)","1.68(-1.61,4.97)","0.51(-2.77,3.72)","0.9500","0.9085","0.3102","0.7391","1.0008","1.0022","1.0030","1.0029",1881,1524,1456,1438,2419,2190,2201,2160
"N00_N29_C64_C65","2000_2005","2011_2015",10,"Census_Region_4_EQI_Built+SM+PA+OB","0.00","5.08(3.13,7.07)","6.83(4.91,8.79)","5.34(3.44,7.15)","5.66(3.78,7.50)","0.0002","0.0002","0.0002","0.0002","1.0003","0.9999","0.9998","1.0001",2847,2443,2363,2179,3029,2923,2659,2990
"N00_N29_C64_C65","2000_2005","2011_2015",10,"Census_Region_4_EQI_Social+SM+PA+OB","0.00","1.68(0.02,3.28)","0.65(-1.16,2.40)","1.56(-0.43,3.50)","2.68(0.38,4.89)","0.0467","0.4476","0.1237","0.0177","1.0003","1.0002","1.0003","1.0003",2794,2280,2090,1936,2968,2697,2560,2152
"N00_N29_C64_C65","2000_2005","2016_2020",15,"Census_Region_4_EQI+SM+PA+OB","0.00","4.44(2.41,6.48)","4.78(2.79,6.76)","5.14(2.97,7.31)","5.28(3.09,7.43)","0.0002","0.0002","0.0002","0.0002","1.0027","1.0031","1.0028","1.0025",2126,1508,1486,1313,2523,2192,2486,2091
"N00_N29_C64_C65","2000_2005","2016_2020",15,"Census_Region_4_EQI_Air+SM+PA+OB","0.00","2.34(0.67,3.86)","0.63(-1.16,2.37)","0.71(-0.99,2.43)","0.56(-1.41,2.65)","0.0037","0.4711","0.4221","0.5746","1.0016","1.0004","1.0008","1.0002",3137,3043,2456,2411,2511,3071,2637,2576
"N00_N29_C64_C65","2000_2005","2016_2020",15,"Census_Region_4_EQI_Water+SM+PA+OB","0.00","-3.83(-7.89,-0.06)","1.93(-2.20,5.62)","0.76(-3.25,4.45)","1.82(-1.96,5.22)","0.0447","0.3227","0.6656","0.3177","1.0041","1.0046","1.0041","1.0041",1330,1513,1380,1373,1915,2107,2041,2043
"N00_N29_C64_C65","2000_2005","2016_2020",15,"Census_Region_4_EQI_Land+SM+PA+OB","0.00","0.87(-3.23,5.07)","0.81(-2.72,4.27)","0.54(-2.92,3.77)","0.29(-3.16,3.65)","0.6781","0.6441","0.7361","0.8470","1.0012","1.0007","1.0012","1.0013",1930,1507,1409,1455,2930,2258,2135,2169
"N00_N29_C64_C65","2000_2005","2016_2020",15,"Census_Region_4_EQI_Built+SM+PA+OB","0.00","4.10(2.02,6.15)","5.25(3.26,7.23)","3.53(1.54,5.39)","3.68(1.62,5.61)","0.0002","0.0002","0.0007","0.0002","1.0010","1.0008","1.0002","1.0002",2804,2442,2345,2306,2984,2780,2918,2972
"N00_N29_C64_C65","2000_2005","2016_2020",15,"Census_Region_4_EQI_Social+SM+PA+OB","0.00","0.51(-1.19,2.22)","0.41(-1.35,2.12)","0.33(-1.63,2.32)","1.50(-0.82,3.81)","0.5501","0.6381","0.7466","0.1817","1.0013","1.0018","1.0006","1.0020",2856,2223,1991,1879,2938,2687,2413,2731
"N00_N29_C64_C65","2000_2005","2021_2024",20,"Census_Region_4_EQI+SM+PA+OB","0.00","4.75(2.25,7.36)","4.63(2.02,7.21)","5.08(2.36,7.81)","4.32(1.60,7.13)","0.0002","0.0002","0.0002","0.0027","1.0033","1.0031","1.0043","1.0031",1662,1474,1376,1334,2562,2458,2416,2214
"N00_N29_C64_C65","2000_2005","2021_2024",20,"Census_Region_4_EQI_Air+SM+PA+OB","0.00","3.15(1.21,5.02)","1.36(-0.90,3.62)","1.73(-0.33,3.80)","1.49(-1.10,3.95)","0.0007","0.2177","0.0982","0.2402","1.0013","1.0040","1.0006","1.0011",3605,3387,2858,2868,2955,2815,3298,2883
"N00_N29_C64_C65","2000_2005","2021_2024",20,"Census_Region_4_EQI_Water+SM+PA+OB","0.00","-1.19(-5.45,2.77)","3.01(-1.01,6.99)","4.67(0.55,8.58)","1.79(-2.03,5.52)","0.5601","0.1397","0.0257","0.3432","1.0010","1.0008","1.0012","1.0008",1702,1620,1616,1542,2385,2569,2474,2437
"N00_N29_C64_C65","2000_2005","2021_2024",20,"Census_Region_4_EQI_Land+SM+PA+OB","0.00","3.14(-1.66,7.75)","1.45(-2.58,5.22)","1.76(-1.95,5.48)","1.26(-2.55,4.97)","0.1867","0.4801","0.3522","0.4986","1.0003","1.0011","1.0019","1.0012",2246,1736,1642,1728,2762,2578,2483,2376
"N00_N29_C64_C65","2000_2005","2021_2024",20,"Census_Region_4_EQI_Built+SM+PA+OB","0.00","3.27(0.74,5.76)","6.74(4.22,9.33)","4.87(2.36,7.30)","4.31(1.80,6.79)","0.0117","0.0002","0.0002","0.0007","1.0002","1.0005","1.0009","1.0006",2778,2666,2587,2489,3454,3060,2856,3031
"N00_N29_C64_C65","2000_2005","2021_2024",20,"Census_Region_4_EQI_Social+SM+PA+OB","0.00","0.92(-1.29,3.14)","0.22(-2.05,2.48)","1.14(-1.40,3.63)","1.49(-1.24,4.28)","0.4176","0.8505","0.3722","0.3187","1.0004","1.0010","0.9999","1.0001",2904,2372,2247,2196,2990,3141,2757,3010
"N00_N29_C64_C65","2000_2005","2006_2010",5,"koppen_major_B_EQI+SM+PA+OB","0.00","4.24(1.55,6.97)","4.20(1.58,6.82)","5.22(2.21,8.16)","6.08(2.46,9.61)","0.0022","0.0007","0.0002","0.0007","1.0001","1.0015","1.0019","1.0035",3210,2771,2240,2175,2718,3078,3081,2755
"N00_N29_C64_C65","2000_2005","2006_2010",5,"koppen_major_B_EQI_Air+SM+PA+OB","0.00","0.73(-1.69,3.14)","-0.26(-3.02,2.53)","-0.36(-3.28,2.46)","-0.15(-4.31,3.85)","0.5426","0.8480","0.8120","0.9545","1.0011","1.0004","1.0001","1.0007",3502,4129,3215,4463,2913,3058,3231,2835
"N00_N29_C64_C65","2000_2005","2006_2010",5,"koppen_major_B_EQI_Water+SM+PA+OB","0.00","-0.30(-3.96,3.38)","2.42(-1.17,6.15)","2.22(-1.08,5.59)","1.74(-1.40,4.97)","0.8490","0.1882","0.1957","0.2822","1.0004","1.0004","1.0006","1.0003",1905,1988,2018,2317,2779,2368,2826,2815
"N00_N29_C64_C65","2000_2005","2006_2010",5,"koppen_major_B_EQI_Land+SM+PA+OB","0.00","3.41(-0.08,6.91)","3.51(0.15,6.74)","5.86(2.22,9.51)","2.44(-1.23,6.18)","0.0557","0.0407","0.0017","0.2112","1.0002","1.0016","1.0016","1.0010",2453,1791,1915,2077,2994,2587,2689,2807
"N00_N29_C64_C65","2000_2005","2006_2010",5,"koppen_major_B_EQI_Built+SM+PA+OB","0.00","5.94(3.23,8.68)","5.43(2.52,8.24)","6.17(3.42,8.99)","5.72(2.58,8.67)","0.0002","0.0002","0.0002","0.0012","0.9999","1.0006","1.0001","1.0000",3237,3139,3181,2511,3290,3060,3158,2942
"N00_N29_C64_C65","2000_2005","2006_2010",5,"koppen_major_B_EQI_Social+SM+PA+OB","0.00","0.48(-2.21,3.08)","0.41(-2.42,3.23)","-0.37(-3.38,2.71)","5.11(1.16,8.94)","0.7086","0.7671","0.8250","0.0132","1.0001","1.0011","1.0009","1.0006",3100,2670,2403,2664,3241,3033,2646,3165
"N00_N29_C64_C65","2000_2005","2011_2015",10,"koppen_major_B_EQI+SM+PA+OB","0.00","5.49(3.11,7.78)","4.79(2.30,7.15)","4.99(2.14,7.73)","5.40(2.18,8.61)","0.0002","0.0002","0.0007","0.0017","1.0012","0.9999","1.0003","0.9998",3523,2664,2263,2554,2765,2973,2691,2898
"N00_N29_C64_C65","2000_2005","2011_2015",10,"koppen_major_B_EQI_Air+SM+PA+OB","0.00","2.10(-0.05,4.15)","-0.30(-2.88,2.21)","-0.23(-2.79,2.29)","0.77(-2.92,4.39)","0.0557","0.8200","0.8755","0.6836","1.0006","1.0027","1.0013","1.0020",3796,3728,3262,3984,3320,3076,3555,3074
"N00_N29_C64_C65","2000_2005","2011_2015",10,"koppen_major_B_EQI_Water+SM+PA+OB","0.00","0.84(-2.46,4.18)","4.48(1.07,8.03)","4.67(1.38,7.91)","4.39(1.17,7.76)","0.6211","0.0112","0.0047","0.0102","1.0012","0.9999","1.0006","1.0010",1962,1921,1687,1698,2851,2635,2619,2618
"N00_N29_C64_C65","2000_2005","2011_2015",10,"koppen_major_B_EQI_Land+SM+PA+OB","0.00","1.70(-1.34,4.65)","2.47(-0.46,5.42)","3.32(0.28,6.52)","1.04(-2.37,4.48)","0.2712","0.1057","0.0372","0.5476","0.9996","1.0004","0.9999","1.0003",2371,2141,2105,2206,2551,2772,2779,2576
"N00_N29_C64_C65","2000_2005","2011_2015",10,"koppen_major_B_EQI_Built+SM+PA+OB","0.00","6.29(3.81,8.58)","6.80(4.38,9.22)","4.10(1.81,6.50)","4.85(2.12,7.56)","0.0002","0.0002","0.0007","0.0002","1.0005","1.0006","1.0007","1.0011",3594,3176,3178,2923,3393,3440,2849,2992
"N00_N29_C64_C65","2000_2005","2011_2015",10,"koppen_major_B_EQI_Social+SM+PA+OB","0.00","3.39(1.13,5.66)","2.31(-0.14,4.73)","1.75(-1.06,4.48)","3.69(0.03,7.34)","0.0047","0.0627","0.2257","0.0497","1.0023","1.0025","1.0017","1.0024",2758,2563,2578,2539,3089,2855,3036,3060
"N00_N29_C64_C65","2000_2005","2016_2020",15,"koppen_major_B_EQI+SM+PA+OB","0.00","4.16(1.72,6.50)","5.87(3.32,8.33)","6.62(3.39,9.55)","6.44(2.99,9.69)","0.0012","0.0002","0.0002","0.0017","1.0008","1.0025","1.0030","1.0013",3273,2376,2266,2095,2849,2794,3094,2419
"N00_N29_C64_C65","2000_2005","2016_2020",15,"koppen_major_B_EQI_Air+SM+PA+OB","0.00","3.40(0.91,5.85)","1.50(-1.30,4.34)","1.30(-1.67,4.25)","0.84(-3.36,5.12)","0.0097","0.2962","0.3952","0.6896","1.0001","1.0006","0.9994","1.0000",3984,3705,3265,4471,3218,2521,3102,2775
"N00_N29_C64_C65","2000_2005","2016_2020",15,"koppen_major_B_EQI_Water+SM+PA+OB","0.00","-1.47(-5.10,2.44)","2.90(-0.95,6.87)","3.47(-0.21,7.31)","4.17(0.67,7.84)","0.4456","0.1482","0.0692","0.0217","0.9999","1.0009","1.0018","1.0006",2002,1898,1793,1734,2618,2687,2383,2606
"N00_N29_C64_C65","2000_2005","2016_2020",15,"koppen_major_B_EQI_Land+SM+PA+OB","0.00","1.38(-2.18,4.89)","1.69(-1.79,5.09)","1.84(-1.78,5.33)","1.07(-2.73,4.87)","0.4401","0.3267","0.3037","0.5766","1.0024","1.0007","1.0015","1.0010",2797,2407,2407,2244,3012,2598,2896,2863
"N00_N29_C64_C65","2000_2005","2016_2020",15,"koppen_major_B_EQI_Built+SM+PA+OB","0.00","3.06(0.45,5.65)","4.45(1.67,7.30)","2.30(-0.37,4.96)","3.28(0.29,6.28)","0.0227","0.0007","0.0837","0.0302","0.9995","0.9999","1.0002","1.0003",3829,3279,3635,3362,2922,2939,3034,3172
"N00_N29_C64_C65","2000_2005","2016_2020",15,"koppen_major_B_EQI_Social+SM+PA+OB","0.00","1.13(-1.25,3.56)","2.33(-0.32,5.02)","0.40(-2.66,3.55)","2.64(-1.23,6.63)","0.3517","0.0827","0.8065","0.1742","1.0014","1.0001","1.0008","1.0008",3616,3105,2966,3008,3297,3193,2899,3077
"N00_N29_C64_C65","2000_2005","2021_2024",20,"koppen_major_B_EQI+SM+PA+OB","0.00","5.21(2.17,8.14)","7.01(3.94,9.97)","7.47(3.83,11.03)","6.22(2.19,10.12)","0.0017","0.0002","0.0002","0.0037","1.0002","1.0006","1.0007","1.0006",2459,2115,1905,2024,2481,2394,2380,2518
"N00_N29_C64_C65","2000_2005","2021_2024",20,"koppen_major_B_EQI_Air+SM+PA+OB","0.00","3.22(0.39,6.09)","0.99(-2.17,4.17)","1.08(-2.56,4.45)","0.12(-4.72,4.99)","0.0232","0.5366","0.5281","0.9520","1.0023","1.0010","1.0008","0.9998",3470,3776,3443,3910,3059,3304,2920,2863
"N00_N29_C64_C65","2000_2005","2021_2024",20,"koppen_major_B_EQI_Water+SM+PA+OB","0.00","-0.06(-4.16,4.20)","2.87(-1.27,6.89)","5.77(1.55,9.79)","1.80(-2.36,5.81)","0.9795","0.1712","0.0082","0.3877","1.0014","1.0014","1.0015","1.0018",2746,2260,2465,2556,3160,2540,2932,3055
"N00_N29_C64_C65","2000_2005","2021_2024",20,"koppen_major_B_EQI_Land+SM+PA+OB","0.00","-0.20(-3.93,3.67)","1.64(-2.21,5.45)","2.35(-1.61,6.31)","2.10(-2.21,6.39)","0.9235","0.3932","0.2572","0.3302","1.0008","1.0010","1.0005","1.0013",3008,2683,2651,2546,3239,2827,2755,2702
"N00_N29_C64_C65","2000_2005","2021_2024",20,"koppen_major_B_EQI_Built+SM+PA+OB","0.00","5.86(2.69,8.89)","7.90(4.55,11.13)","6.18(2.91,9.42)","6.88(3.20,10.58)","0.0002","0.0002","0.0002","0.0002","0.9999","1.0009","0.9999","1.0006",3873,3522,3285,3134,3027,3229,3193,2920
"N00_N29_C64_C65","2000_2005","2021_2024",20,"koppen_major_B_EQI_Social+SM+PA+OB","0.00","1.01(-2.09,3.99)","-0.46(-3.71,2.67)","1.33(-2.33,5.01)","-1.23(-5.75,3.02)","0.4976","0.7661","0.4761","0.5921","1.0015","1.0008","1.0012","1.0006",3609,2981,3120,3089,3343,2849,3345,3126
"N00_N29_C64_C65","2000_2005","2006_2010",5,"koppen_major_C_EQI+SM+PA+OB","0.00","1.50(0.45,2.53)","1.83(0.76,2.92)","1.95(0.72,3.18)","3.63(2.20,5.10)","0.0042","0.0007","0.0032","0.0002","1.0023","1.0048","1.0036","1.0024",1944,1671,1487,1474,2735,2499,2228,2141
"N00_N29_C64_C65","2000_2005","2006_2010",5,"koppen_major_C_EQI_Air+SM+PA+OB","0.00","2.40(0.89,3.85)","2.42(0.90,3.89)","3.01(1.49,4.55)","3.90(2.29,5.49)","0.0022","0.0027","0.0007","0.0002","1.0012","1.0011","1.0009","1.0019",1748,1574,1505,1495,2484,1975,1674,2024
"N00_N29_C64_C65","2000_2005","2006_2010",5,"koppen_major_C_EQI_Water+SM+PA+OB","0.00","-1.02(-2.43,0.48)","-0.40(-1.82,1.14)","-0.14(-1.62,1.39)","0.19(-1.42,1.81)","0.1737","0.6031","0.8505","0.8205","1.0007","1.0008","1.0002","1.0009",1588,1314,1407,1416,2490,2017,2545,2051
"N00_N29_C64_C65","2000_2005","2006_2010",5,"koppen_major_C_EQI_Land+SM+PA+OB","0.00","-0.55(-1.38,0.24)","0.06(-0.87,1.02)","0.05(-1.09,1.19)","-0.01(-1.34,1.30)","0.1797","0.8915","0.9425","0.9855","1.0002","1.0005","1.0010","1.0001",2676,2480,2224,2432,2869,2939,2572,2902
"N00_N29_C64_C65","2000_2005","2006_2010",5,"koppen_major_C_EQI_Built+SM+PA+OB","0.00","2.22(1.25,3.21)","1.93(0.91,2.98)","2.36(1.27,3.41)","3.36(2.15,4.57)","0.0002","0.0007","0.0002","0.0002","1.0009","1.0004","1.0005","1.0003",2496,2192,1969,1943,2893,2808,2668,2481
"N00_N29_C64_C65","2000_2005","2006_2010",5,"koppen_major_C_EQI_Social+SM+PA+OB","0.00","-1.21(-2.14,-0.26)","-2.91(-4.03,-1.79)","-2.53(-3.76,-1.29)","-2.28(-3.77,-0.84)","0.0127","0.0002","0.0002","0.0037","1.0005","1.0023","1.0010","1.0022",1902,1596,1471,1472,2668,2324,2672,2558
"N00_N29_C64_C65","2000_2005","2011_2015",10,"koppen_major_C_EQI+SM+PA+OB","0.00","1.11(0.14,2.05)","1.19(0.10,2.17)","1.01(-0.13,2.10)","2.27(0.91,3.60)","0.0302","0.0267","0.0882","0.0012","1.0014","1.0007","1.0003","1.0006",1714,1418,1343,1382,2338,2316,2314,2091
"N00_N29_C64_C65","2000_2005","2011_2015",10,"koppen_major_C_EQI_Air+SM+PA+OB","0.00","0.12(-1.41,1.58)","1.15(-0.38,2.66)","2.03(0.50,3.54)","2.76(1.15,4.33)","0.8665","0.1397","0.0167","0.0012","0.9996","1.0000","0.9999","1.0000",1846,1699,1766,1749,2418,2100,2191,2304
"N00_N29_C64_C65","2000_2005","2011_2015",10,"koppen_major_C_EQI_Water+SM+PA+OB","0.00","-0.80(-2.21,0.57)","-0.49(-1.86,0.87)","-0.34(-1.76,1.08)","-0.79(-2.29,0.70)","0.2597","0.4776","0.6421","0.3002","1.0004","1.0026","1.0014","1.0025",1713,1577,1657,1627,2517,2378,2525,2639
"N00_N29_C64_C65","2000_2005","2011_2015",10,"koppen_major_C_EQI_Land+SM+PA+OB","0.00","-0.37(-1.15,0.40)","-0.23(-1.10,0.63)","-0.88(-1.93,0.15)","-0.87(-2.12,0.30)","0.3442","0.6116","0.1032","0.1517","1.0016","1.0009","1.0009","1.0009",3117,2923,2750,2594,3045,3303,3031,2596
"N00_N29_C64_C65","2000_2005","2011_2015",10,"koppen_major_C_EQI_Built+SM+PA+OB","0.00","0.97(0.05,1.83)","1.19(0.25,2.10)","1.36(0.34,2.39)","1.76(0.65,2.81)","0.0342","0.0167","0.0067","0.0002","1.0019","1.0010","1.0011","1.0009",3004,2470,2531,2411,2981,2761,2780,2848
"N00_N29_C64_C65","2000_2005","2011_2015",10,"koppen_major_C_EQI_Social+SM+PA+OB","0.00","-1.06(-1.96,-0.17)","-2.00(-3.04,-0.96)","-2.33(-3.48,-1.12)","-2.26(-3.66,-0.88)","0.0147","0.0002","0.0002","0.0022","1.0009","1.0013","1.0018","1.0020",2470,2356,2150,2050,2857,2790,2731,2489
"N00_N29_C64_C65","2000_2005","2016_2020",15,"koppen_major_C_EQI+SM+PA+OB","0.00","0.79(-0.23,1.81)","1.13(0.05,2.16)","1.07(-0.11,2.25)","2.72(1.32,4.10)","0.1252","0.0387","0.0807","0.0007","1.0004","1.0016","1.0016","1.0014",1629,1484,1396,1323,2270,2144,2229,2001
"N00_N29_C64_C65","2000_2005","2016_2020",15,"koppen_major_C_EQI_Air+SM+PA+OB","0.00","0.77(-0.80,2.30)","1.40(-0.06,2.88)","1.88(0.33,3.42)","2.90(1.29,4.51)","0.3282","0.0602","0.0182","0.0002","1.0011","1.0018","1.0017","1.0013",2013,1864,1739,1720,2613,2214,1899,2111
"N00_N29_C64_C65","2000_2005","2016_2020",15,"koppen_major_C_EQI_Water+SM+PA+OB","0.00","-0.67(-2.03,0.68)","-0.19(-1.56,1.12)","-0.22(-1.68,1.23)","-0.21(-1.78,1.39)","0.3357","0.7826","0.7656","0.7981","1.0007","1.0009","1.0007","1.0012",1653,1537,1530,1613,2043,2343,2119,2150
"N00_N29_C64_C65","2000_2005","2016_2020",15,"koppen_major_C_EQI_Land+SM+PA+OB","0.00","-0.32(-1.13,0.46)","-0.60(-1.51,0.32)","-0.26(-1.35,0.83)","-0.94(-2.20,0.32)","0.4401","0.1992","0.6256","0.1532","1.0004","0.9998","1.0001","1.0010",3000,2564,2610,2595,3226,2453,2784,3106
"N00_N29_C64_C65","2000_2005","2016_2020",15,"koppen_major_C_EQI_Built+SM+PA+OB","0.00","1.90(0.94,2.86)","2.28(1.32,3.27)","2.71(1.71,3.75)","3.72(2.63,4.87)","0.0002","0.0002","0.0002","0.0002","1.0005","1.0005","1.0016","1.0017",2564,2476,2248,2280,2560,2564,2679,2695
"N00_N29_C64_C65","2000_2005","2016_2020",15,"koppen_major_C_EQI_Social+SM+PA+OB","0.00","-1.71(-2.60,-0.82)","-2.72(-3.77,-1.66)","-2.85(-4.10,-1.61)","-2.68(-4.10,-1.20)","0.0007","0.0002","0.0002","0.0002","1.0004","1.0008","0.9999","1.0012",2187,2007,1855,1739,2882,2571,2665,2446
"N00_N29_C64_C65","2000_2005","2021_2024",20,"koppen_major_C_EQI+SM+PA+OB","0.00","1.04(-0.22,2.26)","0.90(-0.39,2.18)","1.86(0.46,3.33)","2.88(1.17,4.68)","0.0992","0.1782","0.0162","0.0012","1.0017","1.0039","1.0033","1.0036",1462,1232,1163,1154,2246,2152,1956,1793
"N00_N29_C64_C65","2000_2005","2021_2024",20,"koppen_major_C_EQI_Air+SM+PA+OB","0.00","0.88(-0.95,2.72)","2.34(0.46,4.04)","2.55(0.60,4.30)","3.20(1.23,5.04)","0.3387","0.0147","0.0087","0.0037","1.0020","1.0020","1.0028","1.0019",1581,1364,1269,1227,2023,2205,2115,2177
"N00_N29_C64_C65","2000_2005","2021_2024",20,"koppen_major_C_EQI_Water+SM+PA+OB","0.00","-1.13(-2.77,0.52)","-1.17(-2.84,0.53)","0.02(-1.77,1.82)","-1.08(-2.92,0.76)","0.1892","0.1867","0.9810","0.2487","1.0011","1.0015","1.0006","1.0019",1439,1389,1422,1527,2041,2021,2173,2048
"N00_N29_C64_C65","2000_2005","2021_2024",20,"koppen_major_C_EQI_Land+SM+PA+OB","0.00","-1.05(-2.02,-0.09)","-0.96(-2.07,0.10)","-0.11(-1.48,1.23)","-0.69(-2.29,0.86)","0.0302","0.0727","0.8645","0.3777","1.0003","0.9998","1.0013","1.0021",2466,2411,2252,2016,2777,3051,2713,2674
"N00_N29_C64_C65","2000_2005","2021_2024",20,"koppen_major_C_EQI_Built+SM+PA+OB","0.00","1.79(0.65,2.93)","2.01(0.87,3.17)","2.89(1.64,4.11)","4.33(2.97,5.69)","0.0002","0.0002","0.0002","0.0002","1.0009","1.0011","1.0005","1.0010",2180,1890,1992,1843,2735,2525,2800,2630
"N00_N29_C64_C65","2000_2005","2021_2024",20,"koppen_major_C_EQI_Social+SM+PA+OB","0.00","-1.16(-2.27,0.01)","-2.19(-3.50,-0.83)","-2.67(-4.13,-1.20)","-2.71(-4.48,-0.95)","0.0527","0.0012","0.0012","0.0027","1.0027","1.0015","1.0011","1.0016",1739,1565,1316,1362,2261,2264,2700,2358
"N00_N29_C64_C65","2000_2005","2006_2010",5,"koppen_major_D_EQI+SM+PA+OB","0.00","5.83(3.96,7.65)","6.48(4.76,8.15)","7.64(5.98,9.27)","8.24(6.50,9.98)","0.0002","0.0002","0.0002","0.0002","1.0007","1.0003","1.0012","1.0018",1934,1524,1406,1362,2677,2492,2368,2171
"N00_N29_C64_C65","2000_2005","2006_2010",5,"koppen_major_D_EQI_Air+SM+PA+OB","0.00","1.76(0.37,3.10)","2.07(0.63,3.50)","2.44(0.92,3.92)","3.00(1.44,4.61)","0.0077","0.0052","0.0012","0.0002","1.0008","0.9999","1.0006","0.9999",2660,2232,2137,2047,2504,2596,2633,2441
"N00_N29_C64_C65","2000_2005","2006_2010",5,"koppen_major_D_EQI_Water+SM+PA+OB","0.00","-1.13(-2.74,0.46)","0.49(-1.15,2.12)","1.34(-0.22,2.92)","0.86(-0.92,2.64)","0.1617","0.5456","0.0982","0.3367","1.0007","1.0016","1.0024","1.0028",2286,2193,2238,2232,2645,2744,2472,2751
"N00_N29_C64_C65","2000_2005","2006_2010",5,"koppen_major_D_EQI_Land+SM+PA+OB","0.00","2.96(0.85,5.06)","3.69(1.72,5.68)","3.18(1.17,5.19)","2.93(0.88,4.97)","0.0057","0.0012","0.0032","0.0062","1.0004","1.0008","1.0008","1.0011",2307,1960,1870,1950,2919,2532,2392,2639
"N00_N29_C64_C65","2000_2005","2006_2010",5,"koppen_major_D_EQI_Built+SM+PA+OB","0.00","2.53(0.98,4.14)","2.55(1.14,3.97)","2.26(0.84,3.69)","2.41(0.96,3.85)","0.0012","0.0002","0.0007","0.0012","1.0023","1.0017","1.0023","1.0024",2689,2402,2238,2297,3056,3056,2827,2743
"N00_N29_C64_C65","2000_2005","2006_2010",5,"koppen_major_D_EQI_Social+SM+PA+OB","0.00","-0.06(-2.23,2.03)","0.80(-1.20,2.83)","1.36(-0.66,3.33)","1.79(-0.38,3.93)","0.9490","0.4216","0.1907","0.1102","1.0001","1.0002","1.0003","1.0005",2171,1874,1813,1780,2927,2295,2153,2208
"N00_N29_C64_C65","2000_2005","2011_2015",10,"koppen_major_D_EQI+SM+PA+OB","0.00","6.95(5.42,8.56)","7.39(5.87,8.86)","7.24(5.83,8.67)","8.63(7.07,10.13)","0.0002","0.0002","0.0002","0.0002","1.0005","1.0001","1.0003","1.0001",1938,1818,1527,1465,2534,2428,1889,1870
"N00_N29_C64_C65","2000_2005","2011_2015",10,"koppen_major_D_EQI_Air+SM+PA+OB","0.00","2.39(1.19,3.59)","1.31(0.05,2.59)","2.13(0.81,3.45)","2.76(1.29,4.21)","0.0002","0.0432","0.0042","0.0007","1.0011","1.0022","1.0023","1.0015",2217,2007,1788,1813,2756,2248,2379,2541
"N00_N29_C64_C65","2000_2005","2011_2015",10,"koppen_major_D_EQI_Water+SM+PA+OB","0.00","-0.67(-2.10,0.72)","0.40(-1.16,1.87)","0.75(-0.75,2.20)","0.78(-0.86,2.42)","0.3572","0.6036","0.3147","0.3577","1.0006","1.0006","1.0017","1.0019",1999,1844,1897,1815,2299,2070,2530,2122
"N00_N29_C64_C65","2000_2005","2011_2015",10,"koppen_major_D_EQI_Land+SM+PA+OB","0.00","3.05(1.27,4.87)","2.97(1.24,4.69)","2.99(1.21,4.81)","3.61(1.83,5.36)","0.0007","0.0022","0.0007","0.0002","1.0005","1.0002","1.0002","1.0009",2127,1842,1801,1750,2684,2763,2442,2416
"N00_N29_C64_C65","2000_2005","2011_2015",10,"koppen_major_D_EQI_Built+SM+PA+OB","0.00","3.35(2.00,4.68)","3.74(2.46,4.99)","3.40(2.15,4.68)","3.86(2.59,5.15)","0.0002","0.0002","0.0002","0.0002","1.0001","1.0014","1.0010","1.0013",2579,1983,2173,2118,2702,2451,2681,2256
"N00_N29_C64_C65","2000_2005","2011_2015",10,"koppen_major_D_EQI_Social+SM+PA+OB","0.00","0.71(-1.13,2.61)","1.27(-0.50,3.04)","1.06(-0.76,2.83)","1.61(-0.39,3.54)","0.4371","0.1627","0.2402","0.1002","1.0012","1.0022","1.0027","1.0023",2069,1819,1741,1674,2406,2181,2345,2229
"N00_N29_C64_C65","2000_2005","2016_2020",15,"koppen_major_D_EQI+SM+PA+OB","0.00","7.00(5.42,8.56)","6.52(5.03,7.95)","8.11(6.69,9.55)","9.34(7.83,10.78)","0.0002","0.0002","0.0002","0.0002","1.0007","1.0002","1.0003","1.0003",2146,1799,1589,1589,2658,2443,2396,2327
"N00_N29_C64_C65","2000_2005","2016_2020",15,"koppen_major_D_EQI_Air+SM+PA+OB","0.00","1.53(0.31,2.74)","1.75(0.47,3.00)","2.48(1.09,3.76)","3.23(1.73,4.67)","0.0137","0.0072","0.0007","0.0002","1.0002","1.0009","1.0013","1.0013",2829,2488,2214,2127,3237,2976,2819,2738
"N00_N29_C64_C65","2000_2005","2016_2020",15,"koppen_major_D_EQI_Water+SM+PA+OB","0.00","-0.13(-1.68,1.32)","1.32(-0.24,2.85)","1.68(0.15,3.09)","1.56(-0.03,3.16)","0.8695","0.1032","0.0262","0.0567","1.0009","1.0006","1.0007","1.0018",2487,2397,2341,2298,2794,2770,2281,2880
"N00_N29_C64_C65","2000_2005","2016_2020",15,"koppen_major_D_EQI_Land+SM+PA+OB","0.00","2.89(1.06,4.64)","2.54(0.83,4.30)","2.27(0.56,4.04)","2.91(1.18,4.72)","0.0007","0.0037","0.0107","0.0012","1.0024","1.0046","1.0032","1.0027",1956,1679,1667,1631,2577,2025,2117,1828
"N00_N29_C64_C65","2000_2005","2016_2020",15,"koppen_major_D_EQI_Built+SM+PA+OB","0.00","2.80(1.47,4.13)","3.35(2.09,4.63)","3.91(2.67,5.14)","3.97(2.66,5.23)","0.0002","0.0002","0.0002","0.0002","1.0003","1.0009","1.0009","1.0002",2851,2515,2457,2372,2918,3006,2874,2794
"N00_N29_C64_C65","2000_2005","2016_2020",15,"koppen_major_D_EQI_Social+SM+PA+OB","0.00","-0.59(-2.53,1.23)","-0.13(-2.02,1.67)","0.13(-1.78,1.94)","0.02(-2.06,1.98)","0.5416","0.8995","0.8810","0.9720","1.0008","1.0013","1.0011","1.0007",2245,1897,1926,1789,2526,2131,2058,1868
"N00_N29_C64_C65","2000_2005","2021_2024",20,"koppen_major_D_EQI+SM+PA+OB","0.00","7.82(5.75,9.92)","5.47(3.59,7.37)","7.10(5.20,8.93)","6.99(5.07,8.89)","0.0002","0.0002","0.0002","0.0002","1.0032","1.0040","1.0049","1.0053",1383,1225,1081,1017,1597,1529,1416,1592
"N00_N29_C64_C65","2000_2005","2021_2024",20,"koppen_major_D_EQI_Air+SM+PA+OB","0.00","1.68(0.18,3.15)","1.45(-0.11,3.05)","1.82(0.16,3.44)","2.05(0.30,3.84)","0.0322","0.0692","0.0342","0.0242","1.0014","1.0001","1.0000","1.0010",2568,2422,2178,2140,2514,2922,2410,2887
"N00_N29_C64_C65","2000_2005","2021_2024",20,"koppen_major_D_EQI_Water+SM+PA+OB","0.00","-1.32(-3.31,0.65)","-0.58(-2.59,1.51)","0.82(-1.13,2.74)","-0.71(-2.94,1.41)","0.1847","0.5721","0.4091","0.5046","1.0018","1.0017","1.0010","1.0002",1794,1646,1730,1827,2653,2667,2603,2742
"N00_N29_C64_C65","2000_2005","2021_2024",20,"koppen_major_D_EQI_Land+SM+PA+OB","0.00","1.03(-1.36,3.35)","1.83(-0.46,4.09)","1.89(-0.40,4.12)","2.28(-0.06,4.56)","0.3882","0.1117","0.1082","0.0597","1.0013","1.0009","1.0017","1.0033",2038,1753,1683,1648,2442,2179,2149,1980
"N00_N29_C64_C65","2000_2005","2021_2024",20,"koppen_major_D_EQI_Built+SM+PA+OB","0.00","3.00(1.33,4.74)","3.34(1.70,5.03)","3.77(2.16,5.42)","3.97(2.30,5.66)","0.0002","0.0002","0.0002","0.0002","1.0016","1.0007","1.0012","1.0009",2206,2048,1882,1944,2730,2621,2544,2589
"N00_N29_C64_C65","2000_2005","2021_2024",20,"koppen_major_D_EQI_Social+SM+PA+OB","0.00","-1.52(-3.90,0.82)","-0.90(-3.11,1.27)","-1.14(-3.46,1.11)","-1.22(-3.66,1.23)","0.2072","0.4281","0.3272","0.3297","1.0007","1.0021","1.0018","1.0017",1999,1670,1578,1562,2341,2300,2110,2246
"N00_N29_C64_C65","2000_2005","2006_2010",5,"doe_zone_2_EQI+SM+PA+OB","0.00","3.13(0.86,5.22)","3.48(0.81,6.05)","5.49(2.21,8.62)","5.56(1.35,9.60)","0.0057","0.0117","0.0002","0.0102","1.0008","1.0012","1.0001","1.0006",2430,2088,2079,2137,2361,2074,2645,2674
"N00_N29_C64_C65","2000_2005","2006_2010",5,"doe_zone_2_EQI_Air+SM+PA+OB","0.00","5.90(2.17,9.53)","4.18(0.44,7.87)","5.37(1.74,9.00)","7.23(3.26,11.08)","0.0037","0.0287","0.0047","0.0007","1.0004","0.9997","1.0005","1.0002",2191,2091,1931,1950,2913,2886,2696,2787
"N00_N29_C64_C65","2000_2005","2006_2010",5,"doe_zone_2_EQI_Water+SM+PA+OB","0.00","-4.35(-8.73,0.11)","-2.01(-6.26,2.47)","-1.08(-5.37,3.41)","-3.85(-8.80,1.16)","0.0562","0.3482","0.6186","0.1327","1.0007","1.0009","1.0011","1.0002",2747,2212,2299,3057,2887,2713,2685,3027
"N00_N29_C64_C65","2000_2005","2006_2010",5,"doe_zone_2_EQI_Land+SM+PA+OB","0.00","0.52(-1.88,2.83)","-0.06(-2.70,2.65)","0.38(-3.74,4.50)","-1.88(-7.32,3.65)","0.6556","0.9620","0.8560","0.4966","1.0024","1.0012","1.0011","0.9997",4297,4734,4373,4999,2694,2822,3111,3132
"N00_N29_C64_C65","2000_2005","2006_2010",5,"doe_zone_2_EQI_Built+SM+PA+OB","0.00","0.05(-2.73,2.72)","2.10(-0.50,4.77)","1.58(-1.01,4.10)","2.32(-0.73,5.24)","0.9680","0.1087","0.2137","0.1407","1.0001","0.9998","0.9999","1.0003",3004,2698,2554,2445,3176,3091,2802,2779
"N00_N29_C64_C65","2000_2005","2006_2010",5,"doe_zone_2_EQI_Social+SM+PA+OB","0.00","-0.61(-2.61,1.34)","-1.30(-3.93,1.37)","-1.19(-4.19,1.80)","-0.45(-4.04,3.13)","0.5556","0.3297","0.4201","0.8105","1.0010","1.0021","1.0019","1.0007",3423,2564,2339,2423,3064,2640,2721,2597
"N00_N29_C64_C65","2000_2005","2011_2015",10,"doe_zone_2_EQI+SM+PA+OB","0.00","1.46(-0.56,3.59)","1.24(-1.23,3.76)","1.80(-1.35,4.85)","2.40(-1.61,6.33)","0.1702","0.3287","0.2522","0.2322","1.0007","1.0002","1.0003","1.0011",2458,1987,2124,2017,2462,2364,2838,2406
"N00_N29_C64_C65","2000_2005","2011_2015",10,"doe_zone_2_EQI_Air+SM+PA+OB","0.00","4.00(0.75,7.21)","3.20(-0.19,6.58)","4.61(1.26,7.93)","6.00(2.34,9.69)","0.0152","0.0707","0.0082","0.0012","1.0018","1.0020","1.0036","1.0025",2360,2003,1898,1990,2827,2610,2445,2647
"N00_N29_C64_C65","2000_2005","2011_2015",10,"doe_zone_2_EQI_Water+SM+PA+OB","0.00","-4.13(-8.47,0.49)","0.49(-3.89,5.07)","1.35(-3.02,5.85)","-5.41(-10.24,-0.34)","0.0812","0.8450","0.5681","0.0387","1.0024","1.0026","1.0024","1.0012",2261,2096,1984,2653,3013,2612,2753,2845
"N00_N29_C64_C65","2000_2005","2011_2015",10,"doe_zone_2_EQI_Land+SM+PA+OB","0.00","-0.72(-2.90,1.54)","-2.23(-4.62,0.13)","0.71(-3.20,4.73)","0.71(-4.43,6.33)","0.5091","0.0607","0.7206","0.8190","1.0003","1.0002","1.0009","1.0006",3981,3937,4003,4583,2993,2611,3068,2989
"N00_N29_C64_C65","2000_2005","2011_2015",10,"doe_zone_2_EQI_Built+SM+PA+OB","0.00","0.00(-2.47,2.41)","1.25(-1.21,3.73)","-0.24(-2.73,2.24)","-0.92(-3.87,1.85)","0.9905","0.3202","0.8445","0.5346","1.0014","1.0009","1.0013","1.0011",2687,2263,2133,2467,2666,2877,2341,3100
"N00_N29_C64_C65","2000_2005","2011_2015",10,"doe_zone_2_EQI_Social+SM+PA+OB","0.00","-0.85(-2.87,1.11)","-0.65(-3.06,1.77)","-1.34(-4.16,1.45)","-0.56(-3.99,2.83)","0.3802","0.6001","0.3382","0.7436","1.0020","1.0006","1.0011","1.0001",3798,2872,2492,2495,3063,3043,2709,2972
"N00_N29_C64_C65","2000_2005","2016_2020",15,"doe_zone_2_EQI+SM+PA+OB","0.00","1.41(-0.65,3.45)","1.56(-1.00,4.01)","2.36(-0.81,5.46)","2.54(-1.53,6.43)","0.1767","0.2202","0.1412","0.2182","1.0003","1.0006","1.0009","1.0002",2709,2112,2114,2153,2695,2627,2608,2510
"N00_N29_C64_C65","2000_2005","2016_2020",15,"doe_zone_2_EQI_Air+SM+PA+OB","0.00","3.01(-0.75,6.54)","2.66(-1.10,6.31)","3.50(-0.39,7.09)","5.10(1.12,9.02)","0.1112","0.1642","0.0682","0.0157","1.0013","1.0017","1.0028","1.0017",2105,2022,1982,2012,2711,2296,2426,2272
"N00_N29_C64_C65","2000_2005","2016_2020",15,"doe_zone_2_EQI_Water+SM+PA+OB","0.00","-2.18(-6.46,2.27)","0.22(-3.90,4.38)","-0.63(-4.76,3.55)","-3.72(-8.52,1.05)","0.3322","0.9155","0.7766","0.1427","1.0014","1.0008","1.0014","1.0004",2469,2054,2175,2536,3089,2971,2508,2973
"N00_N29_C64_C65","2000_2005","2016_2020",15,"doe_zone_2_EQI_Land+SM+PA+OB","0.00","-0.83(-3.06,1.41)","-2.36(-4.88,0.22)","-1.58(-5.51,2.34)","-1.19(-6.39,4.02)","0.4646","0.0692","0.4376","0.6516","1.0013","1.0007","1.0006","0.9998",4109,4150,3990,4580,2992,2981,3282,3016
"N00_N29_C64_C65","2000_2005","2016_2020",15,"doe_zone_2_EQI_Built+SM+PA+OB","0.00","1.25(-1.34,3.72)","2.22(-0.32,4.75)","1.61(-1.00,4.21)","1.42(-1.59,4.38)","0.3367","0.0837","0.2057","0.3477","1.0007","0.9996","1.0000","1.0002",2760,2734,2643,2508,2713,2840,2879,3041
"N00_N29_C64_C65","2000_2005","2016_2020",15,"doe_zone_2_EQI_Social+SM+PA+OB","0.00","-0.52(-2.57,1.55)","-0.11(-2.62,2.47)","-0.92(-3.89,2.12)","1.16(-2.41,4.85)","0.6291","0.9545","0.5301","0.5341","0.9999","0.9999","1.0008","1.0016",3620,2933,2762,2730,3056,3452,2997,3058
"N00_N29_C64_C65","2000_2005","2021_2024",20,"doe_zone_2_EQI+SM+PA+OB","0.00","1.70(-0.89,4.24)","1.64(-1.40,4.65)","3.86(0.13,7.56)","2.94(-1.82,7.55)","0.1942","0.3037","0.0392","0.2407","1.0008","1.0006","1.0012","1.0006",3212,2526,2597,2740,2849,3033,3060,2994
"N00_N29_C64_C65","2000_2005","2021_2024",20,"doe_zone_2_EQI_Air+SM+PA+OB","0.00","1.95(-2.12,5.82)","1.78(-2.28,5.77)","2.40(-1.71,6.36)","3.31(-1.06,7.70)","0.3327","0.3852","0.2262","0.1397","1.0013","1.0019","1.0014","1.0008",2484,2315,2239,2365,2913,2523,2681,2585
"N00_N29_C64_C65","2000_2005","2021_2024",20,"doe_zone_2_EQI_Water+SM+PA+OB","0.00","1.02(-4.07,5.78)","1.40(-3.00,6.05)","2.96(-1.88,7.55)","-2.18(-7.57,3.29)","0.6836","0.5511","0.2227","0.4161","1.0011","1.0003","1.0002","1.0016",2850,2739,2913,3822,2999,2547,2944,2945
"N00_N29_C64_C65","2000_2005","2021_2024",20,"doe_zone_2_EQI_Land+SM+PA+OB","0.00","-1.26(-4.01,1.50)","-2.70(-5.81,0.44)","-1.87(-6.80,2.85)","0.54(-5.44,7.08)","0.3722","0.0997","0.4451","0.8925","0.9999","1.0016","1.0014","1.0010",5200,4240,4840,5205,2969,2744,3186,2982
"N00_N29_C64_C65","2000_2005","2021_2024",20,"doe_zone_2_EQI_Built+SM+PA+OB","0.00","1.71(-1.41,4.85)","2.50(-0.56,5.60)","2.90(-0.12,5.91)","3.63(-0.04,7.29)","0.2767","0.1082","0.0602","0.0542","1.0004","1.0028","1.0012","1.0007",3297,2689,2687,2894,2767,2465,2513,2711
"N00_N29_C64_C65","2000_2005","2021_2024",20,"doe_zone_2_EQI_Social+SM+PA+OB","0.00","-1.07(-3.55,1.58)","-0.08(-3.28,3.08)","-0.94(-4.53,2.64)","0.87(-3.58,5.36)","0.4176","0.9695","0.6056","0.7121","1.0008","0.9996","1.0000","1.0009",4216,2919,2760,2717,3017,2929,2866,2687
"N00_N29_C64_C65","2000_2005","2006_2010",5,"doe_zone_3_EQI+SM+PA+OB","0.00","1.52(-0.01,3.00)","1.89(0.34,3.44)","2.89(0.96,4.70)","6.18(3.66,8.80)","0.0527","0.0217","0.0027","0.0002","1.0012","1.0005","1.0006","1.0009",2568,2170,2083,2136,2528,2604,2535,2922
"N00_N29_C64_C65","2000_2005","2006_2010",5,"doe_zone_3_EQI_Air+SM+PA+OB","0.00","2.09(0.21,4.00)","1.72(-0.25,3.75)","1.88(-0.22,3.87)","3.34(1.00,5.62)","0.0282","0.0922","0.0752","0.0027","1.0005","1.0028","1.0022","1.0020",1971,1626,1457,1563,2547,2635,1875,2038
"N00_N29_C64_C65","2000_2005","2006_2010",5,"doe_zone_3_EQI_Water+SM+PA+OB","0.00","0.41(-2.18,3.02)","1.03(-1.67,3.81)","1.55(-1.12,4.32)","0.45(-2.55,3.58)","0.7611","0.4751","0.2547","0.7746","1.0010","1.0016","1.0018","1.0005",1800,1587,1619,1682,2646,2377,2272,2354
"N00_N29_C64_C65","2000_2005","2006_2010",5,"doe_zone_3_EQI_Land+SM+PA+OB","0.00","-0.93(-2.06,0.20)","-0.22(-1.79,1.33)","0.83(-1.43,2.94)","-1.98(-5.59,1.79)","0.1027","0.7761","0.4521","0.2902","0.9998","1.0019","1.0014","1.0010",3603,3670,3803,2916,3048,3089,3264,2904
"N00_N29_C64_C65","2000_2005","2006_2010",5,"doe_zone_3_EQI_Built+SM+PA+OB","0.00","3.53(1.98,5.09)","3.97(2.41,5.57)","4.07(2.34,5.77)","5.73(3.84,7.62)","0.0002","0.0002","0.0002","0.0002","1.0024","1.0019","1.0014","1.0017",2310,2092,2265,2220,3311,3010,2966,2491
"N00_N29_C64_C65","2000_2005","2006_2010",5,"doe_zone_3_EQI_Social+SM+PA+OB","0.00","-0.64(-2.01,0.77)","-1.05(-2.75,0.74)","0.68(-1.52,2.87)","0.66(-1.72,3.08)","0.3597","0.2277","0.5396","0.6201","1.0004","1.0026","1.0017","1.0018",2723,1986,2144,2103,2895,2848,2939,2771
"N00_N29_C64_C65","2000_2005","2011_2015",10,"doe_zone_3_EQI+SM+PA+OB","0.00","1.59(0.10,3.07)","1.76(0.13,3.30)","2.21(0.35,4.10)","4.05(1.47,6.61)","0.0372","0.0332","0.0242","0.0007","1.0017","1.0008","1.0000","1.0011",2694,2263,2145,2088,3172,2703,2816,2368
"N00_N29_C64_C65","2000_2005","2011_2015",10,"doe_zone_3_EQI_Air+SM+PA+OB","0.00","1.49(-0.54,3.49)","2.35(0.30,4.41)","2.48(0.34,4.55)","3.44(1.11,5.74)","0.1577","0.0227","0.0227","0.0067","1.0011","1.0024","1.0014","1.0021",2074,1811,1709,1712,2700,2594,2303,2225
"N00_N29_C64_C65","2000_2005","2011_2015",10,"doe_zone_3_EQI_Water+SM+PA+OB","0.00","-0.43(-2.83,2.12)","1.43(-1.20,4.09)","1.15(-1.45,3.86)","0.12(-2.88,3.11)","0.7176","0.2867","0.3942","0.9450","1.0017","1.0021","1.0012","1.0012",1822,1548,1605,1628,2648,2040,2303,2616
"N00_N29_C64_C65","2000_2005","2011_2015",10,"doe_zone_3_EQI_Land+SM+PA+OB","0.00","-1.02(-2.13,0.14)","-0.11(-1.64,1.45)","-1.40(-3.57,0.72)","-3.26(-6.83,0.40)","0.0892","0.8625","0.1902","0.0777","1.0014","1.0013","1.0012","1.0011",3967,4423,3765,2336,3025,3101,3328,2896
"N00_N29_C64_C65","2000_2005","2011_2015",10,"doe_zone_3_EQI_Built+SM+PA+OB","0.00","3.13(1.53,4.63)","3.35(1.68,4.99)","2.93(1.17,4.63)","4.48(2.48,6.47)","0.0002","0.0002","0.0007","0.0002","1.0019","1.0011","1.0010","1.0017",2649,2235,2262,2095,2696,2436,2795,2366
"N00_N29_C64_C65","2000_2005","2011_2015",10,"doe_zone_3_EQI_Social+SM+PA+OB","0.00","-0.14(-1.47,1.22)","-1.07(-2.79,0.61)","-0.07(-2.25,2.05)","0.53(-1.90,2.99)","0.8420","0.2242","0.9540","0.6816","1.0007","1.0019","1.0015","1.0001",2681,2394,2295,2259,2869,2635,3236,2901
"N00_N29_C64_C65","2000_2005","2016_2020",15,"doe_zone_3_EQI+SM+PA+OB","0.00","1.84(0.40,3.27)","2.52(0.93,4.04)","2.67(0.83,4.51)","4.65(2.16,7.12)","0.0107","0.0012","0.0032","0.0002","1.0019","1.0026","1.0034","1.0035",2338,2026,1733,1896,2678,2617,2732,2713
"N00_N29_C64_C65","2000_2005","2016_2020",15,"doe_zone_3_EQI_Air+SM+PA+OB","0.00","2.36(0.29,4.42)","2.36(0.24,4.29)","2.86(0.63,4.94)","3.35(0.93,5.64)","0.0252","0.0287","0.0117","0.0092","1.0004","1.0008","1.0009","1.0018",2296,1964,1793,1833,2763,2316,2245,2240
"N00_N29_C64_C65","2000_2005","2016_2020",15,"doe_zone_3_EQI_Water+SM+PA+OB","0.00","0.44(-2.13,3.04)","1.07(-1.54,3.71)","1.64(-1.00,4.30)","0.53(-2.47,3.58)","0.7476","0.4371","0.2267","0.7146","1.0038","1.0032","1.0042","1.0036",2112,1857,1836,1888,2822,2633,2134,2454
"N00_N29_C64_C65","2000_2005","2016_2020",15,"doe_zone_3_EQI_Land+SM+PA+OB","0.00","-0.71(-1.91,0.45)","-0.72(-2.23,0.88)","1.75(-0.50,4.01)","0.19(-3.28,3.98)","0.2407","0.3702","0.1152","0.9515","1.0018","1.0006","1.0004","1.0001",4277,4688,4286,2793,2900,3326,2896,2890
"N00_N29_C64_C65","2000_2005","2016_2020",15,"doe_zone_3_EQI_Built+SM+PA+OB","0.00","2.45(0.83,4.08)","3.30(1.61,4.97)","3.52(1.75,5.23)","5.22(3.19,7.20)","0.0027","0.0002","0.0002","0.0002","1.0012","1.0015","1.0017","1.0013",2632,2112,2164,2370,2761,2642,2674,2907
"N00_N29_C64_C65","2000_2005","2016_2020",15,"doe_zone_3_EQI_Social+SM+PA+OB","0.00","-0.56(-1.98,0.79)","-1.59(-3.32,0.10)","-0.37(-2.63,1.80)","-0.41(-2.91,2.00)","0.4246","0.0632","0.7541","0.7536","1.0002","1.0004","1.0008","1.0009",2607,2456,2243,2132,2580,2695,2552,2503
"N00_N29_C64_C65","2000_2005","2021_2024",20,"doe_zone_3_EQI+SM+PA+OB","0.00","1.86(-0.11,3.81)","2.98(0.97,4.87)","4.01(1.61,6.24)","5.58(2.37,8.72)","0.0652","0.0012","0.0027","0.0017","1.0009","1.0010","1.0035","1.0023",2425,2356,1921,2115,2797,2707,2491,2460
"N00_N29_C64_C65","2000_2005","2021_2024",20,"doe_zone_3_EQI_Air+SM+PA+OB","0.00","3.70(1.11,6.26)","4.13(1.64,6.59)","3.92(1.31,6.42)","4.25(1.48,7.03)","0.0052","0.0017","0.0027","0.0027","1.0002","1.0000","1.0002","1.0009",2209,1698,1545,1597,2775,2611,2342,2519
"N00_N29_C64_C65","2000_2005","2021_2024",20,"doe_zone_3_EQI_Water+SM+PA+OB","0.00","1.14(-1.92,4.21)","1.68(-1.41,4.70)","2.99(-0.11,6.03)","1.36(-2.14,4.84)","0.4526","0.2817","0.0612","0.4431","1.0009","1.0013","1.0027","1.0018",2111,1825,1789,1761,2514,2532,2465,2353
"N00_N29_C64_C65","2000_2005","2021_2024",20,"doe_zone_3_EQI_Land+SM+PA+OB","0.00","-1.29(-2.78,0.20)","0.40(-1.54,2.29)","4.04(1.17,6.86)","1.58(-2.79,5.80)","0.0937","0.6976","0.0077","0.4786","1.0001","1.0013","1.0005","1.0000",4900,4253,4612,3180,3078,3233,2999,3270
"N00_N29_C64_C65","2000_2005","2021_2024",20,"doe_zone_3_EQI_Built+SM+PA+OB","0.00","2.35(0.29,4.36)","2.20(0.17,4.29)","3.66(1.45,5.85)","5.97(3.49,8.38)","0.0217","0.0357","0.0007","0.0002","1.0008","0.9998","1.0000","1.0005",2915,2532,2580,2344,2897,2769,3183,2958
"N00_N29_C64_C65","2000_2005","2021_2024",20,"doe_zone_3_EQI_Social+SM+PA+OB","0.00","0.60(-1.14,2.30)","-1.17(-3.37,0.92)","-0.63(-3.30,1.94)","0.01(-2.92,3.07)","0.4901","0.2817","0.6481","0.9955","1.0007","1.0021","1.0008","1.0011",2567,2028,2134,1925,3275,2647,2360,2733
"N00_N29_C64_C65","2000_2005","2006_2010",5,"doe_zone_4_EQI+SM+PA+OB","0.00","1.13(-0.79,3.02)","1.60(-0.16,3.36)","1.03(-0.85,2.90)","2.42(0.35,4.56)","0.2257","0.0742","0.2787","0.0247","1.0025","1.0015","1.0017","1.0020",1582,1462,1298,1132,2431,2373,2236,2113
"N00_N29_C64_C65","2000_2005","2006_2010",5,"doe_zone_4_EQI_Air+SM+PA+OB","0.00","2.23(0.03,4.35)","2.51(0.27,4.69)","2.82(0.56,5.05)","3.81(1.36,6.06)","0.0462","0.0302","0.0192","0.0032","1.0002","1.0018","1.0014","1.0015",2149,1861,1744,1666,2736,2400,2599,2416
"N00_N29_C64_C65","2000_2005","2006_2010",5,"doe_zone_4_EQI_Water+SM+PA+OB","0.00","-0.78(-2.52,0.97)","0.09(-1.67,1.88)","-0.17(-2.04,1.70)","0.18(-1.82,2.15)","0.3752","0.9395","0.8575","0.8615","1.0010","1.0014","1.0009","1.0012",2109,1821,2044,2159,2686,2616,2748,2490
"N00_N29_C64_C65","2000_2005","2006_2010",5,"doe_zone_4_EQI_Land+SM+PA+OB","0.00","-1.38(-2.93,0.16)","-0.65(-2.21,0.94)","-0.99(-2.69,0.75)","-0.39(-2.24,1.48)","0.0842","0.4206","0.2682","0.6776","1.0009","1.0018","0.9998","1.0001",2080,2068,2227,2316,2994,2814,2944,2628
"N00_N29_C64_C65","2000_2005","2006_2010",5,"doe_zone_4_EQI_Built+SM+PA+OB","0.00","1.05(-0.37,2.45)","-0.03(-1.52,1.46)","0.98(-0.54,2.52)","1.95(0.24,3.65)","0.1517","0.9695","0.2022","0.0267","1.0003","1.0005","1.0008","1.0005",2657,2552,2187,2257,3022,2959,2859,2476
"N00_N29_C64_C65","2000_2005","2006_2010",5,"doe_zone_4_EQI_Social+SM+PA+OB","0.00","-0.17(-1.76,1.48)","-2.84(-4.56,-1.08)","-2.21(-4.07,-0.35)","-2.00(-4.27,0.31)","0.8335","0.0007","0.0197","0.0907","1.0012","1.0010","1.0018","1.0010",2393,2040,1964,1944,3000,2550,2496,2627
"N00_N29_C64_C65","2000_2005","2011_2015",10,"doe_zone_4_EQI+SM+PA+OB","0.00","2.21(0.54,3.90)","2.28(0.67,3.94)","1.33(-0.39,3.05)","2.83(0.93,4.81)","0.0082","0.0032","0.1262","0.0057","1.0019","1.0031","1.0026","1.0029",1301,1096,1033,1069,1584,2075,1688,1656
"N00_N29_C64_C65","2000_2005","2011_2015",10,"doe_zone_4_EQI_Air+SM+PA+OB","0.00","0.57(-1.54,2.70)","1.03(-1.04,3.14)","2.11(-0.01,4.28)","2.92(0.74,5.22)","0.5901","0.3277","0.0522","0.0117","1.0000","1.0010","1.0007","1.0005",1815,1665,1566,1587,2153,2339,2136,2041
"N00_N29_C64_C65","2000_2005","2011_2015",10,"doe_zone_4_EQI_Water+SM+PA+OB","0.00","-0.49(-2.00,1.03)","-0.80(-2.34,0.79)","-0.86(-2.51,0.75)","-1.28(-2.94,0.37)","0.5031","0.3287","0.2997","0.1372","1.0005","1.0002","1.0015","1.0013",2228,2197,2226,2314,2777,2875,2896,2790
"N00_N29_C64_C65","2000_2005","2011_2015",10,"doe_zone_4_EQI_Land+SM+PA+OB","0.00","-1.12(-2.56,0.30)","-0.65(-2.14,0.77)","-1.38(-3.00,0.13)","-0.46(-2.22,1.31)","0.1317","0.3832","0.0802","0.5991","1.0007","1.0006","1.0013","1.0008",2469,2260,2199,2169,2448,2265,2542,2275
"N00_N29_C64_C65","2000_2005","2011_2015",10,"doe_zone_4_EQI_Built+SM+PA+OB","0.00","0.35(-0.91,1.60)","0.28(-1.03,1.63)","0.94(-0.46,2.35)","1.22(-0.32,2.80)","0.5931","0.6651","0.1887","0.1197","1.0000","1.0004","1.0009","1.0007",2910,2680,2440,2482,2878,2784,2666,2720
"N00_N29_C64_C65","2000_2005","2011_2015",10,"doe_zone_4_EQI_Social+SM+PA+OB","0.00","-0.29(-1.68,1.08)","-1.50(-3.01,-0.05)","-2.40(-4.07,-0.75)","-2.82(-4.74,-0.87)","0.7001","0.0412","0.0027","0.0047","1.0003","1.0013","1.0013","1.0005",2420,2182,2110,2050,2887,2729,2761,2672
"N00_N29_C64_C65","2000_2005","2016_2020",15,"doe_zone_4_EQI+SM+PA+OB","0.00","-0.16(-1.98,1.68)","0.67(-1.05,2.40)","-0.04(-1.88,1.85)","1.80(-0.26,3.88)","0.8680","0.4591","0.9700","0.0892","1.0012","1.0014","1.0024","1.0016",1594,1419,1308,1365,2127,2121,2035,2211
"N00_N29_C64_C65","2000_2005","2016_2020",15,"doe_zone_4_EQI_Air+SM+PA+OB","0.00","0.40(-1.64,2.53)","1.14(-0.98,3.20)","1.73(-0.48,3.86)","3.07(0.74,5.36)","0.7106","0.2892","0.1292","0.0127","1.0005","1.0021","1.0026","1.0022",2047,1796,1698,1677,2588,2426,2083,1992
"N00_N29_C64_C65","2000_2005","2016_2020",15,"doe_zone_4_EQI_Water+SM+PA+OB","0.00","0.15(-1.39,1.68)","-0.04(-1.62,1.46)","0.29(-1.41,1.95)","0.03(-1.77,1.83)","0.8550","0.9770","0.7356","0.9715","1.0015","1.0024","1.0020","1.0008",2002,2018,2084,2033,2802,2821,2875,2507
"N00_N29_C64_C65","2000_2005","2016_2020",15,"doe_zone_4_EQI_Land+SM+PA+OB","0.00","-0.76(-2.36,0.70)","-0.76(-2.36,0.72)","-0.83(-2.56,0.79)","-1.18(-3.07,0.60)","0.3352","0.3502","0.3277","0.2037","1.0001","1.0037","1.0029","1.0008",1723,1694,1719,1703,2388,2266,2432,2517
"N00_N29_C64_C65","2000_2005","2016_2020",15,"doe_zone_4_EQI_Built+SM+PA+OB","0.00","1.18(-0.17,2.55)","1.84(0.45,3.20)","2.38(0.94,3.78)","3.16(1.60,4.74)","0.0872","0.0097","0.0017","0.0007","1.0011","1.0004","1.0011","1.0006",2316,2394,2224,1972,3073,2678,2528,2380
"N00_N29_C64_C65","2000_2005","2016_2020",15,"doe_zone_4_EQI_Social+SM+PA+OB","0.00","-1.49(-2.94,-0.06)","-2.94(-4.49,-1.41)","-3.57(-5.38,-1.80)","-4.16(-6.32,-2.06)","0.0402","0.0002","0.0002","0.0002","1.0044","1.0049","1.0041","1.0047",1822,1506,1476,1534,2815,2420,2484,2329
"N00_N29_C64_C65","2000_2005","2021_2024",20,"doe_zone_4_EQI+SM+PA+OB","0.00","2.69(0.55,4.79)","1.59(-0.47,3.63)","1.99(-0.11,4.11)","3.27(0.92,5.73)","0.0152","0.1277","0.0632","0.0067","1.0010","1.0012","1.0006","1.0019",1960,1692,1580,1577,2554,2352,2177,2058
"N00_N29_C64_C65","2000_2005","2021_2024",20,"doe_zone_4_EQI_Air+SM+PA+OB","0.00","0.53(-1.91,3.01)","2.15(-0.27,4.65)","2.69(0.18,5.30)","3.56(0.92,6.17)","0.6791","0.0827","0.0382","0.0057","1.0023","1.0028","1.0026","1.0022",1718,1641,1519,1548,2374,2519,2334,2489
"N00_N29_C64_C65","2000_2005","2021_2024",20,"doe_zone_4_EQI_Water+SM+PA+OB","0.00","-1.07(-2.94,0.78)","-1.34(-3.23,0.63)","0.55(-1.52,2.66)","-1.32(-3.38,0.82)","0.2677","0.1862","0.5956","0.2317","1.0008","1.0013","1.0008","1.0015",2028,1839,1861,1769,2627,2377,2635,2219
"N00_N29_C64_C65","2000_2005","2021_2024",20,"doe_zone_4_EQI_Land+SM+PA+OB","0.00","-1.77(-3.53,0.03)","-1.57(-3.35,0.23)","-1.79(-3.72,0.15)","-1.49(-3.56,0.61)","0.0537","0.0822","0.0697","0.1732","1.0006","1.0004","1.0009","0.9999",2249,2130,2156,2214,2703,2500,2530,2425
"N00_N29_C64_C65","2000_2005","2021_2024",20,"doe_zone_4_EQI_Built+SM+PA+OB","0.00","1.98(0.39,3.51)","2.41(0.77,4.07)","2.89(1.21,4.58)","3.33(1.56,5.17)","0.0147","0.0037","0.0012","0.0002","1.0010","1.0001","0.9999","0.9995",2806,2226,2029,2112,2690,2535,2502,2612
"N00_N29_C64_C65","2000_2005","2021_2024",20,"doe_zone_4_EQI_Social+SM+PA+OB","0.00","-2.23(-4.00,-0.42)","-2.28(-4.08,-0.49)","-3.79(-5.84,-1.73)","-4.45(-6.83,-2.08)","0.0142","0.0162","0.0017","0.0007","1.0011","1.0009","1.0005","1.0005",2313,1733,1756,1671,2590,2763,2557,2308
"N00_N29_C64_C65","2000_2005","2006_2010",5,"doe_zone_5_EQI+SM+PA+OB","0.00","7.01(5.07,8.97)","7.69(5.98,9.40)","8.50(6.80,10.22)","9.12(7.37,10.89)","0.0002","0.0002","0.0002","0.0002","1.0019","1.0014","1.0026","1.0018",2364,1982,1679,1506,2720,2507,2282,2344
"N00_N29_C64_C65","2000_2005","2006_2010",5,"doe_zone_5_EQI_Air+SM+PA+OB","0.00","1.18(-0.54,2.87)","1.45(-0.23,3.21)","1.11(-0.60,2.75)","1.74(-0.05,3.58)","0.1747","0.0947","0.2057","0.0567","1.0002","1.0014","1.0021","1.0017",2916,2381,1969,1940,3088,2802,2724,2630
"N00_N29_C64_C65","2000_2005","2006_2010",5,"doe_zone_5_EQI_Water+SM+PA+OB","0.00","-2.30(-4.34,-0.22)","-0.14(-2.09,1.84)","0.55(-1.33,2.33)","0.76(-1.18,2.67)","0.0247","0.8795","0.5391","0.4356","1.0016","1.0016","1.0022","1.0030",1858,1778,1858,1857,2500,2434,2297,2284
"N00_N29_C64_C65","2000_2005","2006_2010",5,"doe_zone_5_EQI_Land+SM+PA+OB","0.00","3.26(0.78,5.81)","3.89(1.71,6.12)","4.40(2.17,6.64)","4.62(2.39,6.94)","0.0087","0.0022","0.0002","0.0002","1.0010","1.0006","1.0008","1.0009",1901,1749,1700,1681,2805,2250,2217,2374
"N00_N29_C64_C65","2000_2005","2006_2010",5,"doe_zone_5_EQI_Built+SM+PA+OB","0.00","4.97(3.42,6.45)","4.28(2.75,5.78)","3.95(2.43,5.40)","4.42(2.81,6.01)","0.0002","0.0002","0.0002","0.0002","1.0015","1.0018","1.0005","1.0016",2307,2209,1996,2009,2734,2523,2498,2423
"N00_N29_C64_C65","2000_2005","2006_2010",5,"doe_zone_5_EQI_Social+SM+PA+OB","0.00","0.46(-1.80,2.76)","-1.18(-3.37,1.05)","-1.56(-3.69,0.61)","-1.02(-3.45,1.32)","0.6841","0.2762","0.1582","0.3972","1.0009","1.0007","1.0032","1.0019",2174,1811,1592,1560,2847,2134,2349,1919
"N00_N29_C64_C65","2000_2005","2011_2015",10,"doe_zone_5_EQI+SM+PA+OB","0.00","6.00(4.26,7.74)","6.72(5.13,8.29)","7.09(5.55,8.62)","8.57(6.99,10.19)","0.0002","0.0002","0.0002","0.0002","1.0023","1.0031","1.0033","1.0037",2507,2011,1655,1610,2967,2995,2313,2320
"N00_N29_C64_C65","2000_2005","2011_2015",10,"doe_zone_5_EQI_Air+SM+PA+OB","0.00","2.71(1.22,4.20)","1.08(-0.37,2.54)","1.84(0.35,3.31)","2.79(1.15,4.48)","0.0007","0.1522","0.0167","0.0017","1.0005","1.0005","1.0015","1.0008",3349,2538,2203,2105,2863,3068,2966,2608
"N00_N29_C64_C65","2000_2005","2011_2015",10,"doe_zone_5_EQI_Water+SM+PA+OB","0.00","-0.45(-2.34,1.54)","1.00(-0.84,2.96)","1.65(-0.21,3.46)","1.58(-0.30,3.50)","0.6431","0.3012","0.0822","0.0997","1.0009","1.0006","1.0013","1.0008",2143,2099,2100,2158,2882,2809,2812,2582
"N00_N29_C64_C65","2000_2005","2011_2015",10,"doe_zone_5_EQI_Land+SM+PA+OB","0.00","2.28(0.25,4.41)","3.19(1.27,5.17)","3.39(1.37,5.32)","2.78(0.79,4.76)","0.0267","0.0007","0.0012","0.0057","1.0008","1.0010","1.0018","1.0015",2486,2413,2374,2352,2898,2734,2620,2529
"N00_N29_C64_C65","2000_2005","2011_2015",10,"doe_zone_5_EQI_Built+SM+PA+OB","0.00","4.24(2.87,5.57)","4.09(2.76,5.41)","4.11(2.77,5.44)","4.35(2.89,5.76)","0.0002","0.0002","0.0002","0.0002","1.0002","1.0009","1.0006","1.0007",2390,2274,1944,2148,3293,2662,2586,2823
"N00_N29_C64_C65","2000_2005","2011_2015",10,"doe_zone_5_EQI_Social+SM+PA+OB","0.00","0.23(-1.74,2.13)","-0.61(-2.57,1.28)","-0.89(-2.82,1.08)","0.15(-1.96,2.31)","0.8190","0.5416","0.3672","0.8930","0.9999","1.0005","1.0007","1.0007",2453,1936,1839,1911,3130,2366,2238,2506
"N00_N29_C64_C65","2000_2005","2016_2020",15,"doe_zone_5_EQI+SM+PA+OB","0.00","5.78(3.96,7.53)","6.58(4.85,8.21)","7.90(6.13,9.47)","8.92(7.14,10.59)","0.0002","0.0002","0.0002","0.0002","1.0023","1.0034","1.0030","1.0030",2283,1931,1632,1634,3036,2690,2204,2418
"N00_N29_C64_C65","2000_2005","2016_2020",15,"doe_zone_5_EQI_Air+SM+PA+OB","0.00","3.31(1.72,4.84)","2.34(0.82,3.88)","2.39(0.88,3.89)","3.19(1.51,4.85)","0.0002","0.0027","0.0027","0.0007","1.0022","1.0003","1.0004","1.0003",3514,2387,1984,2023,3329,2413,2300,2037
"N00_N29_C64_C65","2000_2005","2016_2020",15,"doe_zone_5_EQI_Water+SM+PA+OB","0.00","-2.41(-4.31,-0.51)","-0.31(-2.14,1.53)","0.72(-1.04,2.44)","0.30(-1.54,2.09)","0.0137","0.7501","0.4446","0.7456","1.0018","1.0009","1.0008","1.0011",1769,1607,1549,1711,2517,2402,2348,2494
"N00_N29_C64_C65","2000_2005","2016_2020",15,"doe_zone_5_EQI_Land+SM+PA+OB","0.00","2.54(0.30,4.73)","2.58(0.43,4.51)","2.38(0.26,4.37)","2.16(0.06,4.19)","0.0292","0.0147","0.0262","0.0412","1.0026","1.0038","1.0043","1.0031",2090,1806,1718,1740,2790,2081,2197,2044
"N00_N29_C64_C65","2000_2005","2016_2020",15,"doe_zone_5_EQI_Built+SM+PA+OB","0.00","2.49(1.12,3.85)","3.07(1.68,4.42)","3.21(1.90,4.54)","3.64(2.15,5.07)","0.0002","0.0002","0.0002","0.0002","1.0007","1.0008","1.0004","0.9999",2753,2536,2428,2326,3127,2779,2935,2579
"N00_N29_C64_C65","2000_2005","2016_2020",15,"doe_zone_5_EQI_Social+SM+PA+OB","0.00","1.22(-0.83,3.26)","1.33(-0.57,3.24)","1.38(-0.56,3.28)","1.37(-0.76,3.49)","0.2517","0.1787","0.1792","0.2212","1.0007","1.0022","1.0013","1.0016",2476,2065,1939,1938,2879,2752,2340,2141
"N00_N29_C64_C65","2000_2005","2021_2024",20,"doe_zone_5_EQI+SM+PA+OB","0.00","5.68(3.46,7.98)","5.71(3.65,7.75)","7.87(5.77,9.90)","8.51(6.41,10.63)","0.0002","0.0002","0.0002","0.0002","1.0033","1.0017","1.0023","1.0028",1852,1463,1278,1169,2465,2338,1913,1658
"N00_N29_C64_C65","2000_2005","2021_2024",20,"doe_zone_5_EQI_Air+SM+PA+OB","0.00","3.43(1.68,5.26)","2.77(0.97,4.64)","3.15(1.33,4.97)","3.54(1.52,5.50)","0.0002","0.0032","0.0002","0.0002","1.0009","1.0011","1.0019","1.0019",3107,2499,2113,2024,3040,2856,2832,2837
"N00_N29_C64_C65","2000_2005","2021_2024",20,"doe_zone_5_EQI_Water+SM+PA+OB","0.00","-3.32(-5.73,-0.82)","-1.62(-3.87,0.72)","0.70(-1.53,3.02)","-1.27(-3.54,1.09)","0.0082","0.1697","0.5446","0.2912","1.0032","1.0038","1.0031","1.0033",1744,1642,1713,1692,2568,2628,2815,2512
"N00_N29_C64_C65","2000_2005","2021_2024",20,"doe_zone_5_EQI_Land+SM+PA+OB","0.00","0.63(-2.10,3.35)","1.80(-0.75,4.32)","2.72(0.16,5.19)","2.15(-0.44,4.71)","0.6411","0.1652","0.0327","0.1002","0.9999","1.0002","1.0005","1.0003",2019,1813,1770,1717,2533,2062,2193,1977
"N00_N29_C64_C65","2000_2005","2021_2024",20,"doe_zone_5_EQI_Built+SM+PA+OB","0.00","2.81(1.19,4.49)","3.51(1.82,5.20)","3.85(2.25,5.53)","4.00(2.26,5.82)","0.0012","0.0002","0.0002","0.0002","1.0034","1.0007","1.0025","1.0037",2695,2304,2149,2084,2976,2583,2569,2510
"N00_N29_C64_C65","2000_2005","2021_2024",20,"doe_zone_5_EQI_Social+SM+PA+OB","0.00","-0.84(-3.46,1.77)","-1.76(-4.36,0.83)","-1.24(-3.82,1.32)","-1.82(-4.63,1.01)","0.5321","0.1812","0.3622","0.1977","1.0008","1.0008","1.0010","1.0012",2682,2144,2030,2000,2847,2404,2431,2403
"N00_N29_C64_C65","2000_2005","2006_2010",5,"doe_zone_6_EQI+SM+PA+OB","0.00","4.68(2.41,7.04)","5.79(3.53,8.02)","6.55(4.34,8.72)","7.42(5.03,9.77)","0.0002","0.0002","0.0002","0.0002","1.0020","1.0026","1.0037","1.0040",2192,1603,1386,1398,2597,2402,2221,2114
"N00_N29_C64_C65","2000_2005","2006_2010",5,"doe_zone_6_EQI_Air+SM+PA+OB","0.00","1.39(-0.40,3.12)","1.44(-0.43,3.35)","2.60(0.47,4.80)","3.32(0.94,5.67)","0.1252","0.1542","0.0177","0.0082","1.0011","1.0014","1.0017","1.0014",2512,2417,2357,2378,2969,2956,2786,2800
"N00_N29_C64_C65","2000_2005","2006_2010",5,"doe_zone_6_EQI_Water+SM+PA+OB","0.00","0.23(-1.87,2.47)","0.92(-1.55,3.48)","0.97(-1.31,3.31)","0.63(-1.91,3.11)","0.8440","0.4546","0.4156","0.6256","1.0000","1.0003","1.0001","1.0004",2438,2248,2225,2079,2495,2436,2465,2163
"N00_N29_C64_C65","2000_2005","2006_2010",5,"doe_zone_6_EQI_Land+SM+PA+OB","0.00","1.55(-1.25,4.27)","1.51(-1.28,4.38)","2.22(-0.65,5.10)","0.21(-2.66,3.12)","0.2712","0.3017","0.1312","0.8905","1.0028","1.0008","1.0005","1.0000",2463,1717,1732,1831,2931,2157,2468,2332
"N00_N29_C64_C65","2000_2005","2006_2010",5,"doe_zone_6_EQI_Built+SM+PA+OB","0.00","4.88(2.55,7.13)","4.68(2.52,6.70)","4.37(2.25,6.40)","4.47(2.35,6.58)","0.0002","0.0002","0.0002","0.0002","1.0014","1.0000","0.9998","1.0004",2581,2227,2172,2068,2718,2705,2771,2509
"N00_N29_C64_C65","2000_2005","2006_2010",5,"doe_zone_6_EQI_Social+SM+PA+OB","0.00","0.74(-1.73,3.23)","0.92(-1.49,3.32)","2.10(-0.57,4.66)","3.45(0.61,6.35)","0.5631","0.4636","0.1157","0.0187","1.0001","1.0010","1.0006","1.0013",2074,1805,1632,1616,2751,2296,2281,1969
"N00_N29_C64_C65","2000_2005","2011_2015",10,"doe_zone_6_EQI+SM+PA+OB","0.00","6.26(4.24,8.30)","7.23(5.18,9.16)","6.81(4.78,8.74)","7.78(5.47,9.87)","0.0002","0.0002","0.0002","0.0002","1.0014","1.0023","1.0028","1.0032",2044,1640,1373,1482,2809,2518,2270,2069
"N00_N29_C64_C65","2000_2005","2011_2015",10,"doe_zone_6_EQI_Air+SM+PA+OB","0.00","1.05(-0.58,2.68)","0.73(-1.10,2.51)","2.04(-0.03,4.07)","2.56(0.23,4.84)","0.2202","0.4331","0.0547","0.0307","1.0023","1.0018","1.0030","1.0007",2164,1779,1922,1956,2387,2512,2141,2506
"N00_N29_C64_C65","2000_2005","2011_2015",10,"doe_zone_6_EQI_Water+SM+PA+OB","0.00","0.71(-1.30,2.70)","0.55(-1.67,2.82)","0.56(-1.55,2.66)","1.29(-1.02,3.58)","0.4666","0.6331","0.6036","0.2667","1.0016","1.0012","1.0005","1.0029",1836,1663,1728,1640,2363,2263,2431,2077
"N00_N29_C64_C65","2000_2005","2011_2015",10,"doe_zone_6_EQI_Land+SM+PA+OB","0.00","1.66(-1.00,4.24)","-0.13(-2.80,2.55)","0.60(-2.10,3.34)","1.09(-1.69,3.92)","0.2302","0.9330","0.6686","0.4541","1.0016","1.0014","1.0014","1.0014",2433,1841,1786,1677,2914,2418,2264,2142
"N00_N29_C64_C65","2000_2005","2011_2015",10,"doe_zone_6_EQI_Built+SM+PA+OB","0.00","2.97(0.90,5.14)","4.96(3.00,6.91)","4.27(2.25,6.28)","4.13(2.17,6.11)","0.0042","0.0002","0.0002","0.0002","1.0017","1.0032","1.0028","1.0038",2669,2060,1963,1961,2764,2728,2948,2775
"N00_N29_C64_C65","2000_2005","2011_2015",10,"doe_zone_6_EQI_Social+SM+PA+OB","0.00","2.12(-0.08,4.25)","2.05(-0.22,4.26)","2.23(-0.17,4.63)","2.25(-0.56,4.97)","0.0582","0.0812","0.0722","0.1147","1.0016","1.0031","1.0043","1.0045",1999,1751,1635,1769,2163,2282,2153,2798
"N00_N29_C64_C65","2000_2005","2016_2020",15,"doe_zone_6_EQI+SM+PA+OB","0.00","5.61(3.46,7.69)","6.06(4.04,8.08)","6.63(4.56,8.67)","8.04(5.77,10.23)","0.0002","0.0002","0.0002","0.0002","1.0023","1.0018","1.0015","1.0017",2289,1726,1559,1509,2857,2372,2313,2158
"N00_N29_C64_C65","2000_2005","2016_2020",15,"doe_zone_6_EQI_Air+SM+PA+OB","0.00","1.38(-0.26,3.04)","1.92(0.18,3.64)","2.59(0.58,4.51)","3.61(1.38,5.76)","0.1012","0.0337","0.0142","0.0017","1.0012","1.0018","1.0018","1.0009",2187,2021,2030,2369,2948,2479,2534,2666
"N00_N29_C64_C65","2000_2005","2016_2020",15,"doe_zone_6_EQI_Water+SM+PA+OB","0.00","0.01(-2.04,2.09)","2.40(-0.04,4.80)","1.54(-0.66,3.67)","3.64(1.17,6.06)","0.9930","0.0552","0.1732","0.0027","1.0006","1.0022","1.0012","1.0005",1866,1862,1739,1668,2701,2993,2847,2597
"N00_N29_C64_C65","2000_2005","2016_2020",15,"doe_zone_6_EQI_Land+SM+PA+OB","0.00","1.00(-1.66,3.68)","0.11(-2.59,2.90)","0.03(-2.80,2.91)","1.30(-1.41,4.20)","0.4801","0.9545","0.9945","0.3667","1.0012","1.0004","1.0004","1.0004",2133,1563,1554,1533,2577,1535,1787,1750
"N00_N29_C64_C65","2000_2005","2016_2020",15,"doe_zone_6_EQI_Built+SM+PA+OB","0.00","2.86(0.63,5.09)","2.83(0.82,4.85)","3.29(1.32,5.32)","2.92(0.92,4.94)","0.0102","0.0052","0.0012","0.0072","1.0013","1.0015","1.0010","1.0015",2480,1947,1932,1970,2870,2417,2126,2463
"N00_N29_C64_C65","2000_2005","2016_2020",15,"doe_zone_6_EQI_Social+SM+PA+OB","0.00","-1.60(-4.03,0.71)","-0.27(-2.62,2.06)","-1.35(-3.90,1.09)","-1.04(-3.80,1.68)","0.1812","0.8310","0.2932","0.4796","1.0022","1.0006","1.0010","1.0009",2171,1809,1601,1611,2648,2384,2350,2186
"N00_N29_C64_C65","2000_2005","2021_2024",20,"doe_zone_6_EQI+SM+PA+OB","0.00","6.27(3.46,9.10)","6.06(3.37,8.72)","7.19(4.69,9.81)","7.32(4.47,10.16)","0.0002","0.0002","0.0002","0.0002","1.0030","1.0047","1.0057","1.0057",1725,1427,1188,1149,2498,2800,2124,2240
"N00_N29_C64_C65","2000_2005","2021_2024",20,"doe_zone_6_EQI_Air+SM+PA+OB","0.00","1.77(-0.24,3.86)","1.73(-0.51,3.94)","2.32(-0.14,4.78)","4.23(1.47,7.05)","0.0917","0.1242","0.0622","0.0027","1.0001","1.0008","1.0007","1.0008",2370,1994,1930,2021,2950,2629,2777,2459
"N00_N29_C64_C65","2000_2005","2021_2024",20,"doe_zone_6_EQI_Water+SM+PA+OB","0.00","1.62(-0.97,4.30)","0.46(-2.48,3.48)","1.79(-0.88,4.45)","2.12(-0.89,5.17)","0.2352","0.7726","0.1922","0.1752","1.0009","1.0030","1.0012","1.0030",1970,1813,1831,1592,2909,2555,2378,2527
"N00_N29_C64_C65","2000_2005","2021_2024",20,"doe_zone_6_EQI_Land+SM+PA+OB","0.00","0.80(-2.51,3.98)","0.49(-2.71,3.68)","1.01(-2.28,4.32)","1.84(-1.54,5.21)","0.6241","0.7716","0.5611","0.2772","1.0018","1.0013","1.0024","1.0027",2048,1438,1411,1497,2961,2282,2302,2147
"N00_N29_C64_C65","2000_2005","2021_2024",20,"doe_zone_6_EQI_Built+SM+PA+OB","0.00","3.49(0.72,6.17)","4.66(2.10,7.17)","4.49(1.85,7.10)","5.22(2.66,7.89)","0.0122","0.0002","0.0022","0.0002","1.0025","1.0035","1.0038","1.0034",2282,1657,1678,1557,2937,2276,2457,2357
"N00_N29_C64_C65","2000_2005","2021_2024",20,"doe_zone_6_EQI_Social+SM+PA+OB","0.00","-1.17(-4.05,1.61)","-1.60(-4.41,1.32)","-2.14(-5.15,0.83)","-2.09(-5.40,1.34)","0.4116","0.2687","0.1687","0.2207","1.0012","1.0015","1.0012","1.0012",1798,1617,1557,1499,2838,2240,2293,2302
"N00_N29_C64_C65","2000_2005","2006_2010",5,"doe_zone_7_EQI+SM+PA+OB","0.00","0.43(-3.70,4.60)","2.41(-1.37,6.13)","1.99(-2.19,6.23)","-0.58(-6.29,5.35)","0.8465","0.2097","0.3572","0.8350","1.0004","0.9998","1.0009","1.0005",2904,2530,1814,2256,2755,2600,2471,2582
"N00_N29_C64_C65","2000_2005","2006_2010",5,"doe_zone_7_EQI_Air+SM+PA+OB","0.00","-0.20(-3.51,3.14)","0.11(-4.09,4.42)","1.64(-2.97,6.24)","-0.04(-9.88,10.00)","0.9110","0.9680","0.4826","0.9960","1.0005","1.0008","1.0007","1.0007",3855,3566,3879,5863,3445,2933,3155,2798
"N00_N29_C64_C65","2000_2005","2006_2010",5,"doe_zone_7_EQI_Water+SM+PA+OB","0.00","-1.61(-5.72,2.45)","1.37(-3.14,6.05)","3.57(-1.08,8.35)","-0.17(-5.41,5.21)","0.4486","0.5801","0.1402","0.9525","1.0011","1.0018","1.0010","1.0013",1844,1814,1896,2310,1929,2375,2675,3097
"N00_N29_C64_C65","2000_2005","2006_2010",5,"doe_zone_7_EQI_Land+SM+PA+OB","0.00","3.29(-2.27,8.74)","3.58(-1.51,8.55)","0.94(-4.02,6.03)","-0.23(-5.21,4.97)","0.2457","0.1657","0.7211","0.9070","0.9996","1.0000","0.9995","1.0000",1816,1469,1615,1531,2253,2165,2757,2741
"N00_N29_C64_C65","2000_2005","2006_2010",5,"doe_zone_7_EQI_Built+SM+PA+OB","0.00","-2.35(-6.75,2.04)","2.83(-1.71,7.05)","3.86(-0.02,7.76)","1.92(-1.87,5.75)","0.2842","0.2067","0.0512","0.3202","1.0013","1.0024","1.0008","1.0016",3273,2861,2979,2261,2895,2793,3030,2682
"N00_N29_C64_C65","2000_2005","2006_2010",5,"doe_zone_7_EQI_Social+SM+PA+OB","0.00","-0.40(-4.13,3.33)","3.54(-0.36,7.46)","3.51(-1.16,8.08)","5.41(0.04,10.51)","0.8360","0.0762","0.1397","0.0477","1.0007","1.0000","1.0004","0.9998",2600,2170,2241,2203,3078,2799,2773,2832
"N00_N29_C64_C65","2000_2005","2011_2015",10,"doe_zone_7_EQI+SM+PA+OB","0.00","2.03(-1.94,6.16)","1.63(-2.23,5.40)","0.30(-3.92,4.58)","0.46(-4.97,6.09)","0.3247","0.3907","0.8880","0.8795","1.0005","1.0022","1.0000","1.0001",2617,2169,1775,2060,2608,2713,2231,2847
"N00_N29_C64_C65","2000_2005","2011_2015",10,"doe_zone_7_EQI_Air+SM+PA+OB","0.00","1.35(-1.62,4.36)","1.03(-2.90,4.93)","-0.26(-4.40,4.16)","-0.07(-9.63,9.61)","0.3857","0.5946","0.9005","0.9820","1.0002","1.0004","1.0009","1.0009",3328,3815,3225,5209,2877,2882,2578,2895
"N00_N29_C64_C65","2000_2005","2011_2015",10,"doe_zone_7_EQI_Water+SM+PA+OB","0.00","-3.81(-7.65,-0.00)","0.25(-4.20,4.55)","0.31(-3.98,4.70)","-1.44(-6.33,3.72)","0.0502","0.9135","0.8760","0.5731","1.0007","1.0001","1.0009","1.0003",2218,2151,2308,2330,2184,2634,2590,2729
"N00_N29_C64_C65","2000_2005","2011_2015",10,"doe_zone_7_EQI_Land+SM+PA+OB","0.00","2.32(-2.85,7.37)","2.48(-2.50,7.24)","1.59(-3.24,6.46)","1.32(-3.91,6.08)","0.3932","0.3282","0.5401","0.6091","1.0022","1.0025","1.0030","1.0016",1895,1822,1768,1734,2291,2396,2209,2346
"N00_N29_C64_C65","2000_2005","2011_2015",10,"doe_zone_7_EQI_Built+SM+PA+OB","0.00","1.36(-2.94,5.79)","5.02(0.49,9.45)","3.08(-0.73,6.83)","3.27(-0.77,7.18)","0.5511","0.0322","0.1102","0.1032","1.0006","1.0001","1.0016","1.0005",2770,2791,2755,2074,2751,3131,3040,2560
"N00_N29_C64_C65","2000_2005","2011_2015",10,"doe_zone_7_EQI_Social+SM+PA+OB","0.00","0.12(-3.50,3.56)","2.09(-1.61,5.68)","1.50(-2.88,5.91)","6.29(1.27,11.04)","0.9385","0.2702","0.5001","0.0157","1.0009","1.0000","1.0006","1.0004",2494,2257,2270,2311,2948,2721,2728,2930
"N00_N29_C64_C65","2000_2005","2016_2020",15,"doe_zone_7_EQI+SM+PA+OB","0.00","5.69(1.39,10.00)","4.00(0.13,7.84)","6.69(2.48,10.50)","4.38(-1.35,10.15)","0.0117","0.0467","0.0017","0.1357","1.0005","1.0003","1.0005","1.0012",3222,2419,2064,2319,2576,2919,2589,2737
"N00_N29_C64_C65","2000_2005","2016_2020",15,"doe_zone_7_EQI_Air+SM+PA+OB","0.00","0.44(-2.81,3.83)","2.36(-1.80,6.46)","-0.86(-5.37,3.42)","0.05(-9.57,9.74)","0.7991","0.2572","0.7141","0.9895","1.0003","0.9999","1.0009","1.0013",3074,3576,4291,6521,2941,3105,2917,2599
"N00_N29_C64_C65","2000_2005","2016_2020",15,"doe_zone_7_EQI_Water+SM+PA+OB","0.00","-1.08(-5.17,2.90)","3.69(-0.95,8.37)","0.43(-4.28,5.14)","-0.30(-5.37,4.81)","0.6111","0.1167","0.8500","0.8935","1.0007","1.0019","1.0018","1.0022",2163,1955,2129,1886,2899,2227,2701,2547
"N00_N29_C64_C65","2000_2005","2016_2020",15,"doe_zone_7_EQI_Land+SM+PA+OB","0.00","4.58(-0.85,9.58)","2.34(-2.50,6.74)","1.83(-3.15,6.38)","2.94(-1.98,7.47)","0.0947","0.3247","0.4386","0.2262","1.0006","1.0014","1.0008","1.0009",1625,1467,1511,1637,2222,2019,2084,2500
"N00_N29_C64_C65","2000_2005","2016_2020",15,"doe_zone_7_EQI_Built+SM+PA+OB","0.00","3.36(-1.37,7.93)","6.04(1.67,10.35)","8.55(4.55,12.22)","7.01(3.03,10.78)","0.1377","0.0072","0.0002","0.0022","1.0009","1.0008","1.0006","1.0019",2882,2659,2672,2228,2939,2503,2886,2444
"N00_N29_C64_C65","2000_2005","2016_2020",15,"doe_zone_7_EQI_Social+SM+PA+OB","0.00","0.42(-3.63,4.13)","2.05(-1.90,5.99)","3.24(-1.34,7.66)","6.55(1.30,11.58)","0.8040","0.3067","0.1512","0.0192","1.0030","1.0027","1.0009","1.0012",2644,2255,2247,2502,2952,2662,3055,3036
"N00_N29_C64_C65","2000_2005","2021_2024",20,"doe_zone_7_EQI+SM+PA+OB","0.00","1.84(-2.88,6.80)","0.35(-3.92,4.70)","1.28(-3.39,5.95)","-1.96(-8.29,4.45)","0.4466","0.8800","0.5741","0.5351","1.0001","1.0006","1.0005","1.0007",3166,2408,1888,2244,3164,2832,2307,2625
"N00_N29_C64_C65","2000_2005","2021_2024",20,"doe_zone_7_EQI_Air+SM+PA+OB","0.00","1.04(-2.81,4.92)","1.77(-3.21,6.57)","1.17(-4.09,6.61)","-0.06(-10.24,9.56)","0.5996","0.4726","0.6596","0.9870","0.9998","1.0011","0.9998","1.0010",4689,4969,4875,7123,2766,3131,3383,2656
"N00_N29_C64_C65","2000_2005","2021_2024",20,"doe_zone_7_EQI_Water+SM+PA+OB","0.00","-2.72(-7.30,1.81)","2.65(-2.47,7.69)","0.77(-4.43,5.90)","-1.99(-7.83,3.91)","0.2332","0.3182","0.7606","0.5096","1.0011","1.0004","1.0007","1.0006",3087,3160,3436,3473,3357,3606,3533,3085
"N00_N29_C64_C65","2000_2005","2021_2024",20,"doe_zone_7_EQI_Land+SM+PA+OB","0.00","0.99(-4.84,6.78)","0.88(-4.33,6.20)","1.30(-4.08,6.48)","0.73(-4.67,6.22)","0.7226","0.7461","0.6171","0.7936","1.0003","1.0003","1.0011","1.0018",3013,2521,2742,2708,3141,2692,3063,2549
"N00_N29_C64_C65","2000_2005","2021_2024",20,"doe_zone_7_EQI_Built+SM+PA+OB","0.00","0.05(-4.97,5.08)","1.12(-3.79,5.91)","3.49(-1.25,8.38)","0.84(-3.72,5.26)","0.9915","0.6591","0.1452","0.6921","1.0012","1.0014","1.0004","1.0018",4023,3615,3674,2936,3035,3089,3108,2897
"N00_N29_C64_C65","2000_2005","2021_2024",20,"doe_zone_7_EQI_Social+SM+PA+OB","0.00","2.36(-1.98,6.97)","1.99(-2.33,6.28)","1.40(-3.83,6.54)","4.51(-1.63,10.54)","0.3172","0.3872","0.6006","0.1512","1.0008","1.0013","1.0000","1.0007",3470,2981,3165,3306,3356,3309,3323,3294
"N00_N29_C64_C65","2000_2005","2006_2010",5,"Economic_type_1_EQI+SM+PA+OB","0.00","4.96(2.80,7.03)","5.69(2.97,8.34)","8.07(4.55,11.69)","5.88(-0.99,13.01)","0.0002","0.0002","0.0002","0.0952","1.0022","1.0004","1.0000","1.0000",3884,4144,4457,5369,2969,3218,2936,2446
"N00_N29_C64_C65","2000_2005","2006_2010",5,"Economic_type_1_EQI_Air+SM+PA+OB","0.00","0.91(-1.73,3.60)","2.77(-1.11,6.58)","0.06(-4.78,4.74)","-0.08(-9.65,9.60)","0.4931","0.1612","0.9765","0.9830","1.0002","1.0018","1.0017","1.0001",3652,3526,4706,7244,2847,3137,2864,2963
"N00_N29_C64_C65","2000_2005","2006_2010",5,"Economic_type_1_EQI_Water+SM+PA+OB","0.00","-1.24(-3.97,1.61)","-0.31(-3.65,2.92)","1.31(-2.00,4.54)","1.80(-1.88,5.44)","0.3737","0.8775","0.4231","0.3497","1.0019","1.0016","1.0022","1.0006",2306,1903,2113,2621,2967,3066,2735,2816
"N00_N29_C64_C65","2000_2005","2006_2010",5,"Economic_type_1_EQI_Land+SM+PA+OB","0.00","-1.12(-4.20,1.92)","0.29(-2.69,3.12)","1.86(-1.29,5.06)","1.81(-1.48,5.16)","0.4831","0.8485","0.2532","0.2762","1.0004","0.9999","1.0022","1.0015",3862,2740,2253,2186,3452,2917,2789,2327
"N00_N29_C64_C65","2000_2005","2006_2010",5,"Economic_type_1_EQI_Built+SM+PA+OB","0.00","4.43(2.26,6.66)","4.60(1.89,7.42)","3.29(0.30,6.43)","3.17(-1.04,7.50)","0.0002","0.0027","0.0337","0.1467","1.0013","1.0013","1.0008","1.0007",3527,3751,4177,5021,3096,2826,3111,3012
"N00_N29_C64_C65","2000_2005","2006_2010",5,"Economic_type_1_EQI_Social+SM+PA+OB","0.00","0.19(-2.40,2.77)","0.06(-2.75,2.97)","2.74(-0.41,6.05)","5.89(1.75,9.98)","0.8825","0.9805","0.0862","0.0067","1.0018","1.0018","1.0016","1.0015",2901,2416,2550,2583,2958,2988,2976,2661
"N00_N29_C64_C65","2000_2005","2011_2015",10,"Economic_type_1_EQI+SM+PA+OB","0.00","4.59(2.60,6.46)","4.88(2.19,7.46)","5.38(1.89,8.80)","1.05(-5.54,7.66)","0.0002","0.0002","0.0017","0.7646","1.0002","1.0016","1.0005","1.0014",3621,3527,4138,5532,3056,2721,2991,3393
"N00_N29_C64_C65","2000_2005","2011_2015",10,"Economic_type_1_EQI_Air+SM+PA+OB","0.00","1.66(-0.71,4.05)","5.21(1.78,8.68)","-0.83(-5.26,3.42)","-0.05(-9.90,9.72)","0.1662","0.0052","0.7391","1.0000","1.0006","1.0009","1.0000","1.0019",3084,3142,3139,5031,3252,2961,3131,2838
"N00_N29_C64_C65","2000_2005","2011_2015",10,"Economic_type_1_EQI_Water+SM+PA+OB","0.00","-0.49(-3.02,2.01)","2.87(-0.26,5.96)","4.47(1.49,7.48)","1.90(-1.35,5.19)","0.6901","0.0707","0.0027","0.2612","1.0025","1.0017","1.0013","1.0015",2137,1961,1947,2033,2872,2922,2445,2681
"N00_N29_C64_C65","2000_2005","2011_2015",10,"Economic_type_1_EQI_Land+SM+PA+OB","0.00","-1.57(-4.67,1.50)","-0.34(-2.96,2.29)","-0.18(-3.09,2.69)","-0.03(-3.02,2.92)","0.3172","0.7951","0.9065","0.9875","1.0015","1.0019","1.0017","1.0021",3013,2292,2061,1889,3258,2521,2441,2627
"N00_N29_C64_C65","2000_2005","2011_2015",10,"Economic_type_1_EQI_Built+SM+PA+OB","0.00","3.69(1.73,5.61)","4.01(1.39,6.56)","2.30(-0.43,4.84)","2.36(-1.71,6.55)","0.0007","0.0022","0.0962","0.2772","1.0016","1.0016","1.0007","0.9998",3121,3398,3396,4690,3134,2710,3040,3000
"N00_N29_C64_C65","2000_2005","2011_2015",10,"Economic_type_1_EQI_Social+SM+PA+OB","0.00","2.94(0.55,5.36)","2.04(-0.74,4.80)","3.31(0.16,6.31)","3.44(-0.56,7.38)","0.0162","0.1522","0.0377","0.0947","1.0006","1.0013","1.0012","1.0003",2204,1891,1652,1942,2562,2549,2625,2701
"N00_N29_C64_C65","2000_2005","2016_2020",15,"Economic_type_1_EQI+SM+PA+OB","0.00","2.98(0.92,5.00)","3.40(0.93,5.87)","5.41(1.96,8.93)","1.72(-4.68,8.51)","0.0057","0.0077","0.0032","0.6106","1.0009","1.0018","1.0004","1.0019",4588,4771,4750,5814,3307,3097,2995,3182
"N00_N29_C64_C65","2000_2005","2016_2020",15,"Economic_type_1_EQI_Air+SM+PA+OB","0.00","1.32(-1.21,3.73)","2.35(-1.07,5.82)","-0.27(-4.50,4.30)","0.04(-9.91,10.08)","0.2962","0.1897","0.8940","0.9980","1.0004","1.0008","1.0003","1.0002",3713,3714,4252,6300,3354,3169,3148,3064
"N00_N29_C64_C65","2000_2005","2016_2020",15,"Economic_type_1_EQI_Water+SM+PA+OB","0.00","-0.84(-3.47,1.78)","2.23(-0.90,5.34)","3.23(0.14,6.40)","3.46(-0.03,6.91)","0.5231","0.1617","0.0422","0.0522","1.0008","1.0014","1.0005","1.0009",2401,2093,2174,2297,2924,2514,2751,2610
"N00_N29_C64_C65","2000_2005","2016_2020",15,"Economic_type_1_EQI_Land+SM+PA+OB","0.00","-0.41(-3.55,2.73)","-0.48(-3.16,2.27)","0.26(-2.82,3.32)","0.36(-2.79,3.54)","0.7951","0.7336","0.8765","0.8210","1.0007","1.0006","1.0006","1.0014",3460,2431,2167,2041,2832,3221,2705,2921
"N00_N29_C64_C65","2000_2005","2016_2020",15,"Economic_type_1_EQI_Built+SM+PA+OB","0.00","2.27(0.20,4.36)","2.61(-0.04,5.31)","1.50(-1.20,4.11)","0.89(-3.10,4.90)","0.0332","0.0532","0.2662","0.6586","1.0004","1.0012","1.0011","1.0001",3916,3521,4640,7168,3362,2789,3481,2831
"N00_N29_C64_C65","2000_2005","2016_2020",15,"Economic_type_1_EQI_Social+SM+PA+OB","0.00","0.25(-2.23,2.71)","0.76(-2.14,3.68)","1.55(-1.63,4.60)","3.58(-0.56,7.54)","0.8525","0.5986","0.3317","0.0867","1.0006","1.0004","1.0004","1.0012",2598,2271,2087,2371,2832,2811,2435,2898
"N00_N29_C64_C65","2000_2005","2021_2024",20,"Economic_type_1_EQI+SM+PA+OB","0.00","5.91(3.54,8.36)","6.06(3.17,8.99)","5.69(1.77,9.65)","5.21(-2.08,12.91)","0.0002","0.0007","0.0042","0.1702","1.0004","1.0001","1.0015","1.0022",4957,4473,4404,6314,3236,2711,3035,2762
"N00_N29_C64_C65","2000_2005","2021_2024",20,"Economic_type_1_EQI_Air+SM+PA+OB","0.00","2.35(-0.55,5.27)","2.60(-1.62,6.80)","1.08(-3.83,6.22)","-0.03(-9.86,9.83)","0.1087","0.2267","0.6766","0.9700","1.0007","1.0004","1.0010","0.9995",3366,3398,4056,5865,2883,3015,3307,2783
"N00_N29_C64_C65","2000_2005","2021_2024",20,"Economic_type_1_EQI_Water+SM+PA+OB","0.00","0.95(-2.19,4.14)","2.00(-1.53,5.62)","4.41(0.74,8.05)","1.52(-2.62,5.60)","0.5546","0.2667","0.0152","0.4716","1.0000","0.9997","1.0004","1.0002",2284,2164,2258,2607,2959,2475,2875,2938
"N00_N29_C64_C65","2000_2005","2021_2024",20,"Economic_type_1_EQI_Land+SM+PA+OB","0.00","-1.17(-4.56,2.31)","1.00(-2.19,4.14)","2.98(-0.63,6.55)","3.68(0.10,7.21)","0.5141","0.5316","0.0997","0.0442","1.0010","1.0016","1.0030","1.0011",3649,2547,1941,2052,3016,2883,2447,2511
"N00_N29_C64_C65","2000_2005","2021_2024",20,"Economic_type_1_EQI_Built+SM+PA+OB","0.00","4.58(2.02,7.09)","2.69(-0.30,5.85)","2.01(-1.30,5.29)","4.02(-0.75,8.82)","0.0007","0.0847","0.2257","0.1052","1.0007","1.0010","1.0014","1.0013",3821,3724,4259,5382,2992,2879,2990,2895
"N00_N29_C64_C65","2000_2005","2021_2024",20,"Economic_type_1_EQI_Social+SM+PA+OB","0.00","2.27(-0.70,5.29)","3.30(0.11,6.57)","4.20(0.78,7.74)","3.71(-0.64,8.21)","0.1292","0.0447","0.0172","0.0987","1.0017","1.0011","1.0008","1.0003",2098,1905,2001,2181,2419,2458,2298,2981
"N00_N29_C64_C65","2000_2005","2006_2010",5,"Economic_type_2_EQI+SM+PA+OB","0.00","3.97(0.32,7.44)","3.44(-0.78,7.77)","1.92(-3.14,6.78)","3.12(-3.63,9.88)","0.0307","0.1112","0.4496","0.3792","1.0011","1.0017","1.0011","1.0002",3010,2506,2757,3193,3006,2802,3084,3149
"N00_N29_C64_C65","2000_2005","2006_2010",5,"Economic_type_2_EQI_Air+SM+PA+OB","0.00","2.28(-1.83,6.40)","2.45(-1.88,6.80)","1.39(-3.28,6.16)","3.03(-3.82,9.73)","0.2697","0.2757","0.5421","0.3742","1.0022","1.0002","1.0007","1.0005",4322,3630,3201,4721,3485,2967,3310,3281
"N00_N29_C64_C65","2000_2005","2006_2010",5,"Economic_type_2_EQI_Water+SM+PA+OB","0.00","1.69(-3.27,6.61)","4.47(-1.51,10.15)","-0.57(-5.99,4.58)","1.97(-2.93,7.05)","0.4971","0.1507","0.8330","0.4491","1.0001","1.0005","1.0017","1.0005",3070,1775,2113,2952,2987,1647,2836,2914
"N00_N29_C64_C65","2000_2005","2006_2010",5,"Economic_type_2_EQI_Land+SM+PA+OB","0.00","3.45(-0.42,7.20)","3.74(-0.92,8.27)","3.14(-2.00,8.26)","2.36(-3.97,8.82)","0.0782","0.1032","0.2217","0.4821","1.0012","1.0021","1.0012","1.0013",4620,3712,3347,4123,2727,3179,3133,3324
"N00_N29_C64_C65","2000_2005","2006_2010",5,"Economic_type_2_EQI_Built+SM+PA+OB","0.00","-0.13(-4.51,4.09)","-0.74(-4.82,3.35)","1.83(-2.68,6.24)","-1.22(-6.14,3.63)","0.9760","0.7151","0.4076","0.6136","1.0004","0.9996","1.0000","0.9996",4055,3609,3685,3666,3325,3413,2907,3081
"N00_N29_C64_C65","2000_2005","2006_2010",5,"Economic_type_2_EQI_Social+SM+PA+OB","0.00","0.09(-3.55,4.03)","-3.31(-7.93,1.71)","-2.31(-7.76,3.37)","-0.60(-7.82,6.63)","0.9895","0.1747","0.4206","0.8510","1.0008","1.0013","1.0006","1.0032",3318,2335,3221,4416,3053,2933,3215,3301
"N00_N29_C64_C65","2000_2005","2011_2015",10,"Economic_type_2_EQI+SM+PA+OB","0.00","2.64(-0.75,6.10)","4.81(0.73,8.81)","1.94(-3.07,6.87)","3.60(-3.15,10.22)","0.1357","0.0187","0.4401","0.2882","1.0012","1.0017","1.0009","1.0014",3665,3018,3265,3535,3119,3172,3282,3109
"N00_N29_C64_C65","2000_2005","2011_2015",10,"Economic_type_2_EQI_Air+SM+PA+OB","0.00","4.77(0.50,8.88)","3.15(-0.94,7.25)","1.98(-2.45,6.46)","1.20(-5.53,7.84)","0.0297","0.1322","0.3747","0.7131","0.9997","1.0009","1.0002","1.0002",4841,4090,4479,5929,3147,3051,3229,2830
"N00_N29_C64_C65","2000_2005","2011_2015",10,"Economic_type_2_EQI_Water+SM+PA+OB","0.00","-0.23(-4.44,4.14)","-1.06(-6.16,4.06)","-1.76(-6.33,3.07)","0.35(-4.12,5.04)","0.8990","0.6626","0.4596","0.8870","1.0017","1.0004","1.0003","1.0017",4966,4058,4240,2905,3299,3049,3393,2541
"N00_N29_C64_C65","2000_2005","2011_2015",10,"Economic_type_2_EQI_Land+SM+PA+OB","0.00","1.48(-2.25,5.21)","3.10(-1.15,7.28)","1.32(-3.49,5.94)","1.06(-4.49,6.58)","0.4341","0.1572","0.5761","0.7206","1.0022","0.9997","1.0009","0.9997",7489,4469,4508,4679,2855,3467,3626,3665
"N00_N29_C64_C65","2000_2005","2011_2015",10,"Economic_type_2_EQI_Built+SM+PA+OB","0.00","0.90(-3.41,5.18)","2.12(-2.09,6.09)","3.22(-1.03,7.39)","0.85(-3.98,5.54)","0.6796","0.3142","0.1297","0.7286","1.0003","1.0006","1.0004","0.9999",4321,3722,4208,3550,3267,3378,3400,3450
"N00_N29_C64_C65","2000_2005","2011_2015",10,"Economic_type_2_EQI_Social+SM+PA+OB","0.00","0.75(-3.09,4.75)","-1.00(-5.35,3.39)","-1.31(-6.83,4.21)","0.93(-6.06,7.94)","0.7171","0.6496","0.6596","0.8105","1.0002","1.0008","1.0022","1.0007",4376,3857,4038,5522,3288,3585,3207,3093
"N00_N29_C64_C65","2000_2005","2016_2020",15,"Economic_type_2_EQI+SM+PA+OB","0.00","6.72(3.40,9.88)","6.00(1.99,9.97)","7.23(2.69,11.73)","3.97(-2.15,10.21)","0.0002","0.0052","0.0012","0.2102","1.0030","1.0012","0.9999","1.0001",3692,2618,2865,3707,3291,3055,2861,3181
"N00_N29_C64_C65","2000_2005","2016_2020",15,"Economic_type_2_EQI_Air+SM+PA+OB","0.00","3.45(-0.64,7.33)","3.81(-0.41,7.97)","4.27(-0.45,8.79)","2.66(-3.84,9.24)","0.1012","0.0737","0.0692","0.4216","1.0007","1.0004","1.0029","1.0009",4999,4111,3652,5564,3144,3161,3121,3198
"N00_N29_C64_C65","2000_2005","2016_2020",15,"Economic_type_2_EQI_Water+SM+PA+OB","0.00","1.41(-3.22,6.10)","-1.45(-6.67,3.88)","1.20(-3.60,5.98)","3.60(-1.30,8.52)","0.5506","0.5836","0.6171","0.1527","0.9997","1.0010","1.0020","1.0007",3956,3803,3142,2873,3718,2638,3217,3030
"N00_N29_C64_C65","2000_2005","2016_2020",15,"Economic_type_2_EQI_Land+SM+PA+OB","0.00","-0.48(-4.04,3.22)","1.59(-2.70,5.82)","-1.03(-5.84,3.68)","2.07(-3.86,7.91)","0.7911","0.4701","0.6856","0.4891","1.0013","1.0007","0.9997","0.9998",4455,4159,4206,4396,2924,3299,3339,3038
"N00_N29_C64_C65","2000_2005","2016_2020",15,"Economic_type_2_EQI_Built+SM+PA+OB","0.00","1.18(-2.97,5.34)","3.21(-1.08,7.19)","3.56(-0.61,7.75)","2.90(-1.93,7.63)","0.5796","0.1342","0.0942","0.2367","1.0003","1.0010","1.0000","1.0017",4345,3885,3730,3531,3574,2721,3085,2957
"N00_N29_C64_C65","2000_2005","2016_2020",15,"Economic_type_2_EQI_Social+SM+PA+OB","0.00","1.53(-2.18,5.18)","0.13(-4.12,4.38)","0.62(-4.71,5.98)","-1.22(-7.83,5.44)","0.4231","0.9620","0.8290","0.7046","1.0004","1.0009","1.0001","1.0002",4939,3789,4274,5114,3205,3192,3091,3441
"N00_N29_C64_C65","2000_2005","2021_2024",20,"Economic_type_2_EQI+SM+PA+OB","0.00","3.39(-0.52,7.20)","5.77(1.21,10.10)","6.39(1.34,11.56)","4.67(-2.14,11.34)","0.0882","0.0132","0.0137","0.1677","1.0003","1.0005","1.0008","1.0014",4202,3231,3320,3115,3547,3200,2781,3222
"N00_N29_C64_C65","2000_2005","2021_2024",20,"Economic_type_2_EQI_Air+SM+PA+OB","0.00","1.93(-2.25,6.14)","2.46(-2.18,6.96)","3.32(-1.56,8.33)","5.30(-1.71,12.06)","0.3742","0.2947","0.1812","0.1387","1.0000","1.0005","1.0034","1.0004",3947,3580,4197,4776,3568,3188,3080,3482
"N00_N29_C64_C65","2000_2005","2021_2024",20,"Economic_type_2_EQI_Water+SM+PA+OB","0.00","-0.73(-5.59,4.03)","4.82(-1.16,10.76)","3.67(-1.61,9.08)","1.03(-4.07,6.05)","0.7801","0.1087","0.1822","0.6861","0.9996","1.0020","1.0006","1.0001",3482,3933,2848,3412,2940,3261,2868,3272
"N00_N29_C64_C65","2000_2005","2021_2024",20,"Economic_type_2_EQI_Land+SM+PA+OB","0.00","-1.82(-5.94,2.29)","2.29(-2.30,6.93)","0.20(-5.02,5.37)","3.84(-2.66,10.25)","0.3877","0.3257","0.9470","0.2477","0.9998","1.0006","1.0001","1.0014",5149,3870,3979,3914,3331,3213,3192,2946
"N00_N29_C64_C65","2000_2005","2021_2024",20,"Economic_type_2_EQI_Built+SM+PA+OB","0.00","-1.05(-5.73,3.65)","3.28(-1.01,7.66)","4.80(0.32,9.10)","2.77(-2.38,7.86)","0.6471","0.1512","0.0357","0.2997","0.9996","1.0001","0.9996","1.0008",3718,3454,3279,2924,3310,3188,3188,2998
"N00_N29_C64_C65","2000_2005","2021_2024",20,"Economic_type_2_EQI_Social+SM+PA+OB","0.00","0.02(-4.15,4.30)","-3.53(-8.38,1.35)","-0.47(-6.09,5.27)","-1.91(-8.84,4.90)","0.9950","0.1537","0.8765","0.5811","1.0015","1.0015","1.0014","1.0004",4549,3082,3645,3598,2834,2562,2985,3360
"N00_N29_C64_C65","2000_2005","2006_2010",5,"Economic_type_3_EQI+SM+PA+OB","0.00","0.17(-1.56,1.86)","0.69(-0.99,2.36)","0.16(-1.61,1.98)","1.14(-0.90,3.14)","0.8475","0.4231","0.8685","0.2737","1.0029","1.0030","1.0029","1.0032",2004,1487,1518,1515,2816,1919,2173,1732
"N00_N29_C64_C65","2000_2005","2006_2010",5,"Economic_type_3_EQI_Air+SM+PA+OB","0.00","1.29(-1.40,3.89)","1.52(-1.06,4.21)","1.32(-1.30,4.03)","2.21(-0.54,4.95)","0.3332","0.2767","0.3357","0.1052","1.0005","1.0002","1.0003","1.0002",1329,1262,1295,1304,1968,1753,1837,1831
"N00_N29_C64_C65","2000_2005","2006_2010",5,"Economic_type_3_EQI_Water+SM+PA+OB","0.00","-1.93(-3.72,-0.15)","-1.17(-2.91,0.58)","-0.31(-2.11,1.47)","0.72(-1.24,2.69)","0.0347","0.2087","0.7361","0.4571","1.0008","1.0021","1.0013","1.0017",1674,1505,1546,1516,2233,2373,2369,2287
"N00_N29_C64_C65","2000_2005","2006_2010",5,"Economic_type_3_EQI_Land+SM+PA+OB","0.00","-0.83(-2.09,0.40)","-0.19(-1.54,1.17)","-0.37(-1.92,1.18)","-1.30(-2.92,0.33)","0.1962","0.7856","0.6296","0.1097","1.0029","1.0013","1.0006","1.0014",2663,2087,1990,1944,2465,2564,2576,2427
"N00_N29_C64_C65","2000_2005","2006_2010",5,"Economic_type_3_EQI_Built+SM+PA+OB","0.00","1.84(0.58,3.09)","1.63(0.37,2.88)","1.48(0.21,2.78)","0.92(-0.65,2.55)","0.0022","0.0132","0.0257","0.2627","1.0013","1.0010","1.0011","1.0011",2742,2566,2343,2584,3143,2858,2628,2834
"N00_N29_C64_C65","2000_2005","2006_2010",5,"Economic_type_3_EQI_Social+SM+PA+OB","0.00","0.58(-0.92,2.12)","-0.62(-2.27,0.99)","-0.78(-2.59,1.01)","-1.02(-3.14,1.13)","0.4321","0.4516","0.3832","0.3442","1.0013","1.0028","1.0016","1.0027",2460,1753,1632,1653,2951,2322,1722,2374
"N00_N29_C64_C65","2000_2005","2011_2015",10,"Economic_type_3_EQI+SM+PA+OB","0.00","0.36(-1.21,1.99)","0.46(-1.12,2.08)","-0.10(-1.76,1.58)","1.00(-0.78,2.87)","0.6696","0.5981","0.9040","0.2947","1.0012","1.0016","1.0019","1.0021",1439,1158,1074,1120,2312,1818,1390,1685
"N00_N29_C64_C65","2000_2005","2011_2015",10,"Economic_type_3_EQI_Air+SM+PA+OB","0.00","1.20(-1.37,3.61)","0.95(-1.51,3.29)","1.99(-0.50,4.37)","3.00(0.53,5.43)","0.3502","0.4496","0.1122","0.0172","1.0021","1.0026","1.0016","1.0020",1343,1287,1222,1208,2306,2240,2091,2351
"N00_N29_C64_C65","2000_2005","2011_2015",10,"Economic_type_3_EQI_Water+SM+PA+OB","0.00","-0.46(-2.18,1.33)","-1.06(-2.76,0.72)","-0.71(-2.41,1.10)","-1.21(-3.09,0.75)","0.6106","0.2427","0.4201","0.2202","1.0011","1.0012","1.0012","1.0027",1764,1669,1646,1691,2851,2716,2607,2667
"N00_N29_C64_C65","2000_2005","2011_2015",10,"Economic_type_3_EQI_Land+SM+PA+OB","0.00","-0.09(-1.21,1.06)","0.35(-0.89,1.56)","-0.32(-1.67,1.02)","-0.24(-1.71,1.18)","0.8895","0.5881","0.6341","0.7476","0.9999","1.0002","1.0009","0.9999",2972,2349,2288,2464,3053,3165,2757,3044
"N00_N29_C64_C65","2000_2005","2011_2015",10,"Economic_type_3_EQI_Built+SM+PA+OB","0.00","0.60(-0.52,1.75)","0.65(-0.47,1.79)","0.55(-0.61,1.79)","0.19(-1.28,1.67)","0.2987","0.2637","0.3782","0.7811","1.0014","1.0021","1.0029","1.0018",2435,2296,2120,2347,2926,2829,2679,2860
"N00_N29_C64_C65","2000_2005","2011_2015",10,"Economic_type_3_EQI_Social+SM+PA+OB","0.00","-0.59(-2.02,0.75)","-2.05(-3.59,-0.50)","-3.11(-4.77,-1.44)","-3.02(-4.93,-1.02)","0.4101","0.0072","0.0002","0.0022","1.0001","0.9999","1.0003","1.0007",2483,1981,1852,1877,2794,2300,2347,2582
"N00_N29_C64_C65","2000_2005","2016_2020",15,"Economic_type_3_EQI+SM+PA+OB","0.00","1.64(-0.01,3.23)","1.27(-0.30,2.86)","1.75(0.03,3.47)","2.94(1.04,4.79)","0.0512","0.1162","0.0487","0.0042","1.0024","1.0014","1.0015","1.0012",1881,1666,1504,1537,2731,2611,2433,2112
"N00_N29_C64_C65","2000_2005","2016_2020",15,"Economic_type_3_EQI_Air+SM+PA+OB","0.00","0.84(-1.75,3.40)","2.65(0.09,5.05)","3.08(0.50,5.51)","4.28(1.61,6.75)","0.5311","0.0432","0.0167","0.0022","1.0008","1.0013","1.0010","1.0012",1570,1424,1373,1362,2118,2034,1810,1960
"N00_N29_C64_C65","2000_2005","2016_2020",15,"Economic_type_3_EQI_Water+SM+PA+OB","0.00","-1.42(-3.18,0.37)","-0.95(-2.67,0.73)","-0.37(-2.10,1.38)","-1.53(-3.44,0.38)","0.1247","0.2722","0.6761","0.1207","1.0005","1.0006","1.0007","1.0001",1423,1349,1402,1475,2328,1785,2007,2243
"N00_N29_C64_C65","2000_2005","2016_2020",15,"Economic_type_3_EQI_Land+SM+PA+OB","0.00","-0.18(-1.33,0.95)","0.04(-1.25,1.22)","-0.33(-1.73,1.03)","-0.20(-1.69,1.28)","0.7601","0.9400","0.6501","0.8110","1.0005","1.0003","1.0005","1.0002",2516,2128,2045,2000,2609,2663,2796,2781
"N00_N29_C64_C65","2000_2005","2016_2020",15,"Economic_type_3_EQI_Built+SM+PA+OB","0.00","1.82(0.66,2.97)","2.16(1.02,3.31)","2.90(1.69,4.12)","2.20(0.79,3.61)","0.0012","0.0002","0.0002","0.0012","1.0005","1.0012","1.0009","1.0017",2875,2569,2479,2787,2821,2740,2380,2806
"N00_N29_C64_C65","2000_2005","2016_2020",15,"Economic_type_3_EQI_Social+SM+PA+OB","0.00","-0.66(-2.07,0.71)","-1.88(-3.46,-0.35)","-3.40(-5.07,-1.69)","-3.35(-5.33,-1.35)","0.3457","0.0182","0.0002","0.0012","1.0017","1.0035","1.0037","1.0035",2539,1814,1669,1667,2788,2541,2270,2443
"N00_N29_C64_C65","2000_2005","2021_2024",20,"Economic_type_3_EQI+SM+PA+OB","0.00","-0.46(-2.58,1.58)","-1.88(-3.96,0.18)","0.14(-2.02,2.24)","0.35(-1.99,2.66)","0.6901","0.0697","0.8935","0.7806","1.0010","1.0011","1.0013","1.0016",1782,1627,1466,1446,2784,2446,2163,2384
"N00_N29_C64_C65","2000_2005","2021_2024",20,"Economic_type_3_EQI_Air+SM+PA+OB","0.00","3.26(0.23,6.16)","3.79(0.85,6.72)","4.23(1.33,7.11)","5.40(2.41,8.40)","0.0347","0.0112","0.0042","0.0002","1.0006","1.0008","1.0005","1.0005",1886,1871,1839,1736,2672,2481,2243,2330
"N00_N29_C64_C65","2000_2005","2021_2024",20,"Economic_type_3_EQI_Water+SM+PA+OB","0.00","-0.51(-2.87,1.85)","-1.64(-3.88,0.64)","-0.67(-3.03,1.65)","-2.00(-4.55,0.41)","0.6646","0.1497","0.5571","0.1002","1.0023","1.0028","1.0027","1.0024",1609,1457,1546,1777,2029,2005,2118,2277
"N00_N29_C64_C65","2000_2005","2021_2024",20,"Economic_type_3_EQI_Land+SM+PA+OB","0.00","-1.32(-2.87,0.19)","-0.71(-2.31,0.93)","-0.62(-2.37,1.18)","-0.81(-2.76,1.13)","0.0862","0.3857","0.4986","0.4196","1.0001","1.0017","1.0010","1.0008",2686,2166,2113,2068,3166,2546,2824,2626
"N00_N29_C64_C65","2000_2005","2021_2024",20,"Economic_type_3_EQI_Built+SM+PA+OB","0.00","0.87(-0.57,2.32)","1.68(0.20,3.15)","2.14(0.65,3.64)","2.54(0.68,4.39)","0.2417","0.0277","0.0042","0.0052","1.0002","1.0003","1.0007","1.0009",2926,2510,2484,2510,3253,2969,2813,2959
"N00_N29_C64_C65","2000_2005","2021_2024",20,"Economic_type_3_EQI_Social+SM+PA+OB","0.00","-1.34(-3.19,0.46)","-2.85(-4.93,-0.86)","-4.20(-6.41,-2.00)","-4.37(-6.98,-1.80)","0.1417","0.0057","0.0007","0.0002","0.9997","1.0004","1.0004","1.0003",2544,2046,1859,1700,2832,2462,2501,2269
"N00_N29_C64_C65","2000_2005","2006_2010",5,"Economic_type_4_EQI+SM+PA+OB","0.00","2.07(-0.43,4.47)","2.38(0.07,4.67)","2.24(-0.34,4.92)","0.84(-1.98,3.72)","0.0992","0.0422","0.0907","0.5451","1.0009","1.0005","1.0014","1.0005",2667,2292,1994,1860,3075,3041,2532,2558
"N00_N29_C64_C65","2000_2005","2006_2010",5,"Economic_type_4_EQI_Air+SM+PA+OB","0.00","1.43(-1.18,3.95)","1.23(-1.27,3.62)","2.79(0.34,5.22)","4.33(1.66,7.00)","0.2707","0.3242","0.0242","0.0012","1.0002","1.0034","1.0006","1.0018",2416,1955,1609,1575,3017,2227,2379,2379
"N00_N29_C64_C65","2000_2005","2006_2010",5,"Economic_type_4_EQI_Water+SM+PA+OB","0.00","-1.60(-4.05,0.89)","0.19(-2.21,2.53)","0.42(-2.18,2.94)","-0.88(-3.29,1.43)","0.2027","0.8500","0.7446","0.4751","1.0012","1.0006","1.0020","1.0023",1974,1885,1661,1960,2599,2651,2606,2482
"N00_N29_C64_C65","2000_2005","2006_2010",5,"Economic_type_4_EQI_Land+SM+PA+OB","0.00","0.17(-1.73,2.10)","-0.98(-3.06,1.04)","-1.24(-3.42,0.97)","-3.12(-5.71,-0.60)","0.8640","0.3647","0.2682","0.0212","1.0012","1.0012","1.0015","1.0017",2883,2545,2044,2016,3173,2798,2769,2887
"N00_N29_C64_C65","2000_2005","2006_2010",5,"Economic_type_4_EQI_Built+SM+PA+OB","0.00","0.14(-2.46,2.75)","0.46(-2.02,3.03)","1.46(-1.05,4.07)","1.32(-1.30,3.88)","0.9255","0.7161","0.2747","0.3252","1.0014","1.0011","1.0017","1.0020",2149,1900,1836,1688,2858,2630,2877,2795
"N00_N29_C64_C65","2000_2005","2006_2010",5,"Economic_type_4_EQI_Social+SM+PA+OB","0.00","-0.66(-2.72,1.40)","-2.35(-4.64,0.06)","-2.21(-4.67,0.20)","-3.32(-5.93,-0.66)","0.5361","0.0552","0.0727","0.0162","1.0018","1.0004","1.0026","1.0016",2284,2015,1927,1743,2348,3020,2694,2370
"N00_N29_C64_C65","2000_2005","2011_2015",10,"Economic_type_4_EQI+SM+PA+OB","0.00","3.20(1.09,5.28)","2.94(0.94,4.94)","2.29(-0.02,4.49)","1.73(-0.71,4.15)","0.0037","0.0042","0.0517","0.1622","1.0003","1.0011","1.0018","1.0028",2055,1689,1580,1560,2591,2554,2313,2374
"N00_N29_C64_C65","2000_2005","2011_2015",10,"Economic_type_4_EQI_Air+SM+PA+OB","0.00","1.40(-0.92,3.74)","1.13(-1.08,3.34)","2.95(0.74,5.14)","3.71(1.28,6.12)","0.2392","0.3022","0.0122","0.0027","1.0012","1.0010","1.0019","1.0012",2432,2010,1640,1624,2794,3036,2356,2285
"N00_N29_C64_C65","2000_2005","2011_2015",10,"Economic_type_4_EQI_Water+SM+PA+OB","0.00","-1.18(-3.40,1.07)","-0.28(-2.47,1.98)","-0.38(-2.69,1.87)","-0.74(-2.83,1.35)","0.3047","0.7956","0.7426","0.5051","1.0015","1.0015","1.0014","1.0020",2181,1980,1930,1805,2579,2614,2880,2583
"N00_N29_C64_C65","2000_2005","2011_2015",10,"Economic_type_4_EQI_Land+SM+PA+OB","0.00","-0.58(-2.34,1.14)","-1.66(-3.45,0.19)","-1.99(-3.90,0.01)","-1.95(-4.21,0.48)","0.5021","0.0832","0.0517","0.0972","1.0011","1.0003","1.0009","1.0021",2639,2622,2291,2090,2997,2988,2525,2272
"N00_N29_C64_C65","2000_2005","2011_2015",10,"Economic_type_4_EQI_Built+SM+PA+OB","0.00","2.07(-0.21,4.37)","2.30(-0.05,4.63)","1.73(-0.74,4.11)","1.91(-0.57,4.34)","0.0747","0.0537","0.1747","0.1222","1.0012","1.0019","1.0022","1.0016",2105,1887,1807,1801,2943,2429,2071,2325
"N00_N29_C64_C65","2000_2005","2011_2015",10,"Economic_type_4_EQI_Social+SM+PA+OB","0.00","-0.60(-2.44,1.19)","-1.68(-3.78,0.44)","-2.05(-4.37,0.25)","-1.90(-4.29,0.47)","0.5056","0.1262","0.0822","0.1182","1.0009","1.0021","1.0022","1.0013",2357,1880,1948,1976,2849,2834,2906,2772
"N00_N29_C64_C65","2000_2005","2016_2020",15,"Economic_type_4_EQI+SM+PA+OB","0.00","1.93(-0.22,4.09)","3.17(1.13,5.28)","3.11(0.82,5.49)","3.58(1.01,6.24)","0.0817","0.0037","0.0052","0.0072","1.0018","1.0013","1.0022","1.0025",2531,1821,1675,1584,2934,2769,2815,2563
"N00_N29_C64_C65","2000_2005","2016_2020",15,"Economic_type_4_EQI_Air+SM+PA+OB","0.00","2.25(-0.05,4.52)","1.27(-0.90,3.50)","3.32(1.11,5.54)","4.09(1.75,6.49)","0.0527","0.2492","0.0047","0.0007","1.0040","1.0013","1.0009","1.0017",2397,1809,1700,1651,3109,2203,2337,2107
"N00_N29_C64_C65","2000_2005","2016_2020",15,"Economic_type_4_EQI_Water+SM+PA+OB","0.00","-1.67(-3.86,0.58)","-0.19(-2.39,2.02)","0.68(-1.56,2.98)","-0.63(-2.79,1.52)","0.1492","0.8595","0.5441","0.5646","0.9998","1.0005","1.0002","1.0003",2229,2070,2026,1903,2880,2585,3099,2614
"N00_N29_C64_C65","2000_2005","2016_2020",15,"Economic_type_4_EQI_Land+SM+PA+OB","0.00","-0.91(-2.71,0.89)","-2.59(-4.42,-0.76)","-2.25(-4.26,-0.21)","-2.64(-4.97,-0.33)","0.3212","0.0072","0.0352","0.0257","1.0005","1.0020","1.0020","1.0018",2986,2645,2481,2299,3269,2749,3107,3365
"N00_N29_C64_C65","2000_2005","2016_2020",15,"Economic_type_4_EQI_Built+SM+PA+OB","0.00","3.85(1.60,6.08)","3.84(1.62,6.01)","4.34(1.99,6.66)","4.94(2.56,7.25)","0.0007","0.0012","0.0007","0.0002","1.0037","1.0044","1.0052","1.0055",2258,2011,1917,1798,3023,2688,2731,2553
"N00_N29_C64_C65","2000_2005","2016_2020",15,"Economic_type_4_EQI_Social+SM+PA+OB","0.00","-1.78(-3.65,0.10)","-1.95(-4.01,0.16)","-2.74(-5.00,-0.40)","-2.18(-4.68,0.22)","0.0632","0.0692","0.0197","0.0732","1.0001","1.0000","1.0006","1.0008",2592,2327,2316,1872,3298,3235,2972,2824
"N00_N29_C64_C65","2000_2005","2021_2024",20,"Economic_type_4_EQI+SM+PA+OB","0.00","2.63(-0.07,5.32)","4.14(1.52,6.68)","2.97(0.05,5.81)","2.02(-1.25,5.25)","0.0597","0.0032","0.0497","0.2157","1.0003","1.0004","1.0005","1.0004",3440,2850,2475,2568,3239,2757,2788,3116
"N00_N29_C64_C65","2000_2005","2021_2024",20,"Economic_type_4_EQI_Air+SM+PA+OB","0.00","1.27(-1.62,4.11)","0.91(-1.87,3.63)","2.20(-0.73,4.97)","1.74(-1.40,4.84)","0.3787","0.5256","0.1242","0.2632","1.0004","1.0008","1.0005","1.0009",3223,2627,2094,2007,2843,2904,2540,2801
"N00_N29_C64_C65","2000_2005","2021_2024",20,"Economic_type_4_EQI_Water+SM+PA+OB","0.00","-2.60(-5.51,0.23)","0.35(-2.56,3.13)","1.68(-1.27,4.56)","-0.39(-3.18,2.27)","0.0742","0.8000","0.2862","0.7906","1.0011","1.0010","1.0006","1.0014",2301,2423,2135,2244,2569,2652,2464,3162
"N00_N29_C64_C65","2000_2005","2021_2024",20,"Economic_type_4_EQI_Land+SM+PA+OB","0.00","-0.35(-2.65,1.89)","-0.95(-3.32,1.47)","-2.32(-4.92,0.33)","-0.73(-3.71,2.20)","0.7596","0.4206","0.0827","0.6381","0.9999","0.9998","1.0015","1.0005",3635,3563,2818,3118,3208,3130,2901,3115
"N00_N29_C64_C65","2000_2005","2021_2024",20,"Economic_type_4_EQI_Built+SM+PA+OB","0.00","3.38(0.67,6.10)","4.90(2.18,7.57)","5.35(2.48,8.15)","5.42(2.58,8.30)","0.0137","0.0007","0.0002","0.0002","1.0009","1.0016","1.0005","1.0010",3017,2945,2592,2512,2712,2740,3093,2931
"N00_N29_C64_C65","2000_2005","2021_2024",20,"Economic_type_4_EQI_Social+SM+PA+OB","0.00","-2.13(-4.57,0.15)","-2.31(-5.04,0.37)","-3.63(-6.53,-0.84)","-4.36(-7.46,-1.30)","0.0692","0.0927","0.0137","0.0067","1.0010","1.0007","1.0003","1.0003",2897,2545,2555,2322,2866,3312,3050,2986
"N00_N29_C64_C65","2000_2005","2006_2010",5,"Economic_type_5_EQI+SM+PA+OB","0.00","2.84(-0.43,6.17)","2.72(-0.62,5.96)","6.67(3.24,9.94)","7.60(4.30,10.97)","0.0977","0.1077","0.0002","0.0002","1.0027","1.0039","1.0028","1.0029",1112,894,937,926,1906,1633,1496,1600
"N00_N29_C64_C65","2000_2005","2006_2010",5,"Economic_type_5_EQI_Air+SM+PA+OB","0.00","6.15(3.84,8.46)","6.11(3.80,8.37)","6.02(3.86,8.16)","8.55(6.42,10.71)","0.0002","0.0002","0.0002","0.0002","1.0009","1.0020","1.0032","1.0027",2150,1753,1693,1627,2560,2410,2370,2127
"N00_N29_C64_C65","2000_2005","2006_2010",5,"Economic_type_5_EQI_Water+SM+PA+OB","0.00","-0.88(-2.98,1.20)","1.50(-0.54,3.53)","2.19(0.27,4.01)","1.08(-0.83,2.98)","0.4021","0.1447","0.0252","0.2777","1.0032","1.0045","1.0051","1.0017",1720,1725,1769,1688,2245,2425,2300,2111
"N00_N29_C64_C65","2000_2005","2006_2010",5,"Economic_type_5_EQI_Land+SM+PA+OB","0.00","0.79(-1.00,2.50)","0.27(-1.60,2.13)","0.32(-1.63,2.22)","-1.58(-3.48,0.40)","0.3777","0.7781","0.7526","0.1147","1.0009","1.0012","1.0024","1.0027",2176,1566,1480,1454,3411,2507,2750,2155
"N00_N29_C64_C65","2000_2005","2006_2010",5,"Economic_type_5_EQI_Built+SM+PA+OB","0.00","0.85(-2.57,4.23)","2.95(-0.29,6.04)","3.40(0.34,6.25)","4.27(1.29,7.07)","0.6156","0.0712","0.0327","0.0077","1.0041","1.0046","1.0037","1.0040",1909,1481,1495,1456,2693,1916,1867,1935
"N00_N29_C64_C65","2000_2005","2006_2010",5,"Economic_type_5_EQI_Social+SM+PA+OB","0.00","1.42(-0.96,3.85)","-0.20(-2.32,1.97)","0.32(-1.83,2.55)","1.69(-0.61,4.07)","0.2422","0.8530","0.7761","0.1547","1.0007","1.0018","1.0017","1.0016",1783,1445,1404,1291,2487,2158,2261,2236
"N00_N29_C64_C65","2000_2005","2011_2015",10,"Economic_type_5_EQI+SM+PA+OB","0.00","1.44(-1.50,4.36)","1.79(-1.07,4.69)","4.05(1.22,6.98)","5.12(2.18,7.98)","0.3157","0.2057","0.0067","0.0017","1.0023","1.0030","1.0034","1.0029",1891,1805,1751,1801,2644,2256,2125,2213
"N00_N29_C64_C65","2000_2005","2011_2015",10,"Economic_type_5_EQI_Air+SM+PA+OB","0.00","3.41(1.26,5.46)","3.39(1.20,5.47)","3.48(1.44,5.45)","5.89(3.88,7.85)","0.0032","0.0037","0.0022","0.0002","1.0007","1.0018","1.0017","1.0025",2407,2021,1904,1939,2370,2088,2183,1998
"N00_N29_C64_C65","2000_2005","2011_2015",10,"Economic_type_5_EQI_Water+SM+PA+OB","0.00","-1.27(-3.16,0.69)","0.94(-0.93,2.81)","1.58(-0.18,3.36)","1.02(-0.77,2.95)","0.2017","0.3422","0.0732","0.2842","1.0003","1.0010","1.0010","1.0003",2380,2201,2070,1885,2719,2885,2529,2575
"N00_N29_C64_C65","2000_2005","2011_2015",10,"Economic_type_5_EQI_Land+SM+PA+OB","0.00","0.36(-1.15,1.95)","-0.36(-2.01,1.35)","0.22(-1.48,1.96)","-2.11(-3.87,-0.31)","0.6671","0.6691","0.8000","0.0232","1.0016","1.0019","1.0014","1.0015",2718,2246,2025,2035,3075,2334,2627,2428
"N00_N29_C64_C65","2000_2005","2011_2015",10,"Economic_type_5_EQI_Built+SM+PA+OB","0.00","-1.73(-5.11,1.69)","0.43(-2.68,3.25)","0.59(-2.28,3.25)","1.01(-1.91,3.69)","0.2952","0.7526","0.6686","0.4651","1.0013","1.0020","1.0031","1.0023",2131,1717,1712,1691,2717,2393,1907,2072
"N00_N29_C64_C65","2000_2005","2011_2015",10,"Economic_type_5_EQI_Social+SM+PA+OB","0.00","0.97(-1.32,3.29)","0.79(-1.20,2.81)","0.66(-1.35,2.76)","1.92(-0.30,4.22)","0.4141","0.4531","0.5281","0.0837","1.0015","1.0009","1.0013","1.0017",2535,2129,1916,1885,2977,2646,2787,2385
"N00_N29_C64_C65","2000_2005","2016_2020",15,"Economic_type_5_EQI+SM+PA+OB","0.00","1.71(-1.38,4.82)","3.55(0.59,6.42)","4.67(1.65,7.58)","6.53(3.52,9.42)","0.2827","0.0217","0.0027","0.0002","1.0007","1.0014","1.0019","1.0022",1245,1088,1051,1017,2461,1954,1885,1827
"N00_N29_C64_C65","2000_2005","2016_2020",15,"Economic_type_5_EQI_Air+SM+PA+OB","0.00","3.10(0.87,5.31)","3.76(1.51,6.11)","3.48(1.29,5.60)","5.56(3.42,7.59)","0.0092","0.0017","0.0017","0.0002","1.0006","0.9999","1.0002","1.0007",2551,2402,2192,2168,2284,2814,2204,2502
"N00_N29_C64_C65","2000_2005","2016_2020",15,"Economic_type_5_EQI_Water+SM+PA+OB","0.00","-0.76(-2.74,1.27)","1.33(-0.56,3.23)","0.88(-0.86,2.64)","1.04(-0.87,2.99)","0.4501","0.1682","0.3062","0.2867","1.0029","1.0010","1.0019","1.0004",2333,2327,2535,2292,2528,2755,2736,2545
"N00_N29_C64_C65","2000_2005","2016_2020",15,"Economic_type_5_EQI_Land+SM+PA+OB","0.00","1.25(-0.41,2.87)","0.48(-1.27,2.22)","1.11(-0.75,2.94)","-0.79(-2.61,1.06)","0.1357","0.5906","0.2447","0.4116","1.0008","1.0008","1.0008","1.0025",2773,2242,2180,1912,3005,2747,2894,2573
"N00_N29_C64_C65","2000_2005","2016_2020",15,"Economic_type_5_EQI_Built+SM+PA+OB","0.00","-2.14(-5.49,1.33)","1.27(-1.92,4.49)","1.98(-0.95,5.03)","2.28(-0.67,5.34)","0.2427","0.4461","0.2052","0.1377","1.0004","1.0011","1.0003","1.0009",2304,2024,2079,2085,3036,2443,2646,2366
"N00_N29_C64_C65","2000_2005","2016_2020",15,"Economic_type_5_EQI_Social+SM+PA+OB","0.00","0.43(-1.80,2.71)","-0.47(-2.49,1.58)","-0.27(-2.29,1.81)","0.51(-1.65,2.80)","0.7291","0.6291","0.7696","0.6601","1.0005","1.0007","1.0004","1.0007",2886,2424,2205,2101,3030,2717,2748,2443
"N00_N29_C64_C65","2000_2005","2021_2024",20,"Economic_type_5_EQI+SM+PA+OB","0.00","3.09(-0.35,6.47)","4.52(1.28,7.74)","6.64(3.25,9.85)","7.80(4.25,11.07)","0.0822","0.0087","0.0002","0.0002","1.0030","1.0025","1.0027","1.0024",1699,1427,1411,1402,2117,1872,1959,1980
"N00_N29_C64_C65","2000_2005","2021_2024",20,"Economic_type_5_EQI_Air+SM+PA+OB","0.00","3.69(1.17,6.25)","3.44(0.88,6.06)","3.71(1.36,6.22)","4.79(2.50,7.17)","0.0047","0.0127","0.0022","0.0002","1.0009","1.0014","1.0011","1.0011",1946,1765,1666,1463,2900,2747,2780,2351
"N00_N29_C64_C65","2000_2005","2021_2024",20,"Economic_type_5_EQI_Water+SM+PA+OB","0.00","-1.81(-4.26,0.71)","1.07(-1.31,3.49)","0.98(-1.13,3.18)","-0.77(-3.07,1.59)","0.1657","0.3567","0.3617","0.4961","1.0014","1.0024","1.0029","1.0023",1989,1962,1823,1619,2486,2171,2669,2198
"N00_N29_C64_C65","2000_2005","2021_2024",20,"Economic_type_5_EQI_Land+SM+PA+OB","0.00","-0.04(-2.04,2.01)","-0.29(-2.46,1.86)","1.03(-1.29,3.27)","-0.95(-3.21,1.29)","0.9850","0.7956","0.3742","0.4141","1.0014","1.0031","1.0043","1.0013",2164,1917,1753,1708,2832,2628,2734,2302
"N00_N29_C64_C65","2000_2005","2021_2024",20,"Economic_type_5_EQI_Built+SM+PA+OB","0.00","-2.03(-6.02,1.93)","2.41(-1.21,5.98)","2.65(-0.75,6.08)","3.23(-0.20,6.61)","0.3117","0.2017","0.1302","0.0642","1.0019","1.0018","1.0019","1.0018",1807,1548,1537,1511,2311,2066,2194,2142
"N00_N29_C64_C65","2000_2005","2021_2024",20,"Economic_type_5_EQI_Social+SM+PA+OB","0.00","0.02(-2.73,2.87)","-0.27(-2.74,2.17)","0.02(-2.51,2.63)","0.79(-1.95,3.56)","0.9795","0.8285","0.9945","0.5721","1.0008","1.0016","1.0019","1.0028",1936,1604,1500,1426,2813,2670,2040,2264
"N00_N29_C64_C65","2000_2005","2006_2010",5,"Economic_type_6_EQI+SM+PA+OB","0.00","-0.63(-2.13,0.78)","0.08(-1.39,1.49)","1.06(-0.52,2.66)","2.30(0.54,4.05)","0.4001","0.9020","0.1767","0.0117","1.0019","1.0024","1.0024","1.0033",1942,1747,1660,1637,2691,2453,2271,2316
"N00_N29_C64_C65","2000_2005","2006_2010",5,"Economic_type_6_EQI_Air+SM+PA+OB","0.00","-0.98(-2.45,0.52)","-0.56(-2.09,0.96)","0.69(-0.91,2.28)","1.17(-0.51,2.91)","0.2092","0.4731","0.4081","0.1877","1.0020","1.0016","1.0022","1.0037",1716,1481,1545,1440,2223,2263,2353,2216
"N00_N29_C64_C65","2000_2005","2006_2010",5,"Economic_type_6_EQI_Water+SM+PA+OB","0.00","-1.38(-3.22,0.45)","-0.62(-2.39,1.26)","-0.75(-2.58,1.13)","-0.89(-2.74,1.09)","0.1522","0.4871","0.4231","0.3537","1.0010","1.0012","1.0012","1.0020",1653,1444,1495,1403,2225,1840,2091,2103
"N00_N29_C64_C65","2000_2005","2006_2010",5,"Economic_type_6_EQI_Land+SM+PA+OB","0.00","0.16(-1.15,1.47)","0.98(-0.52,2.41)","0.80(-0.80,2.39)","0.00(-1.77,1.67)","0.8030","0.1807","0.3452","0.9975","1.0022","1.0012","1.0003","1.0001",2290,1739,1544,1595,2693,2142,2263,2147
"N00_N29_C64_C65","2000_2005","2006_2010",5,"Economic_type_6_EQI_Built+SM+PA+OB","0.00","1.38(0.00,2.79)","0.96(-0.42,2.32)","1.26(-0.19,2.73)","1.70(0.19,3.20)","0.0502","0.1677","0.0902","0.0267","1.0005","1.0004","1.0009","1.0008",2018,1931,1650,1719,2591,2529,2313,2692
"N00_N29_C64_C65","2000_2005","2006_2010",5,"Economic_type_6_EQI_Social+SM+PA+OB","0.00","-1.15(-2.47,0.21)","-1.26(-2.73,0.15)","-1.24(-2.90,0.43)","-0.51(-2.53,1.39)","0.0957","0.0857","0.1497","0.6141","1.0017","1.0008","1.0018","1.0016",2462,2057,1755,1721,3098,2533,2433,2249
"N00_N29_C64_C65","2000_2005","2011_2015",10,"Economic_type_6_EQI+SM+PA+OB","0.00","0.97(-0.49,2.44)","0.87(-0.65,2.33)","0.78(-0.81,2.35)","2.29(0.48,4.13)","0.1962","0.2642","0.3382","0.0137","1.0029","1.0040","1.0053","1.0056",1647,1244,1152,1071,2450,2184,2005,2062
"N00_N29_C64_C65","2000_2005","2011_2015",10,"Economic_type_6_EQI_Air+SM+PA+OB","0.00","0.16(-1.32,1.67)","0.29(-1.25,1.84)","1.48(-0.09,3.12)","1.74(-0.01,3.47)","0.8315","0.7131","0.0637","0.0512","1.0029","1.0026","1.0023","1.0012",1640,1502,1300,1316,2398,2242,2257,2018
"N00_N29_C64_C65","2000_2005","2011_2015",10,"Economic_type_6_EQI_Water+SM+PA+OB","0.00","-1.30(-3.12,0.57)","-1.03(-2.87,0.85)","-0.82(-2.62,1.03)","-1.59(-3.40,0.26)","0.1767","0.2667","0.3772","0.0957","1.0011","1.0009","1.0010","1.0017",1405,1469,1365,1499,2291,2378,2078,2466
"N00_N29_C64_C65","2000_2005","2011_2015",10,"Economic_type_6_EQI_Land+SM+PA+OB","0.00","0.88(-0.40,2.18)","0.34(-1.04,1.75)","-0.19(-1.72,1.34)","-0.37(-1.97,1.32)","0.1807","0.6311","0.8110","0.6521","1.0006","1.0016","1.0012","1.0013",2486,2045,1855,1793,2789,2709,2621,2633
"N00_N29_C64_C65","2000_2005","2011_2015",10,"Economic_type_6_EQI_Built+SM+PA+OB","0.00","0.98(-0.43,2.37)","1.79(0.31,3.22)","1.63(0.15,3.17)","1.68(0.06,3.25)","0.1802","0.0167","0.0307","0.0442","1.0007","1.0023","1.0014","1.0017",2179,1819,1888,1666,2674,2409,2347,2111
"N00_N29_C64_C65","2000_2005","2011_2015",10,"Economic_type_6_EQI_Social+SM+PA+OB","0.00","-1.03(-2.33,0.30)","-0.79(-2.22,0.71)","-0.95(-2.66,0.79)","-1.04(-3.00,0.92)","0.1352","0.2947","0.2712","0.2837","1.0000","1.0014","1.0006","1.0007",2299,1942,1663,1421,2639,2693,2416,2408
"N00_N29_C64_C65","2000_2005","2016_2020",15,"Economic_type_6_EQI+SM+PA+OB","0.00","0.00(-1.36,1.37)","0.44(-1.05,1.89)","0.76(-0.82,2.35)","2.33(0.51,4.12)","0.9950","0.5346","0.3442","0.0097","1.0001","0.9997","0.9998","1.0002",2208,1819,1702,1546,2549,2287,2669,2236
"N00_N29_C64_C65","2000_2005","2016_2020",15,"Economic_type_6_EQI_Air+SM+PA+OB","0.00","0.20(-1.23,1.66)","0.48(-0.96,1.96)","1.65(0.12,3.17)","2.30(0.69,3.96)","0.7991","0.5271","0.0352","0.0037","1.0011","1.0023","1.0013","1.0013",1919,1663,1546,1528,2256,1930,1652,1762
"N00_N29_C64_C65","2000_2005","2016_2020",15,"Economic_type_6_EQI_Water+SM+PA+OB","0.00","-0.18(-1.92,1.58)","0.73(-1.03,2.50)","0.44(-1.30,2.13)","0.41(-1.35,2.15)","0.8335","0.4241","0.6321","0.6536","1.0002","1.0010","1.0016","1.0010",1482,1371,1292,1298,2031,2256,2085,2229
"N00_N29_C64_C65","2000_2005","2016_2020",15,"Economic_type_6_EQI_Land+SM+PA+OB","0.00","0.91(-0.31,2.14)","0.27(-1.09,1.61)","0.12(-1.39,1.65)","-0.80(-2.45,0.86)","0.1372","0.7051","0.8870","0.3462","1.0001","1.0016","1.0010","1.0007",2818,2382,2172,2160,2676,2455,2638,2834
"N00_N29_C64_C65","2000_2005","2016_2020",15,"Economic_type_6_EQI_Built+SM+PA+OB","0.00","1.20(-0.15,2.58)","1.73(0.36,3.09)","1.67(0.25,3.06)","2.49(0.95,4.00)","0.0817","0.0162","0.0237","0.0022","1.0000","0.9999","1.0008","1.0012",1973,1733,1773,1645,2277,1875,2411,1869
"N00_N29_C64_C65","2000_2005","2016_2020",15,"Economic_type_6_EQI_Social+SM+PA+OB","0.00","-2.03(-3.32,-0.74)","-1.72(-3.16,-0.30)","-0.99(-2.59,0.72)","-1.90(-3.79,0.01)","0.0027","0.0177","0.2312","0.0527","1.0006","1.0005","1.0008","1.0016",2272,1772,1425,1288,2496,2637,2489,2147
"N00_N29_C64_C65","2000_2005","2021_2024",20,"Economic_type_6_EQI+SM+PA+OB","0.00","1.19(-0.60,2.98)","0.37(-1.53,2.21)","1.86(-0.18,3.82)","2.17(-0.09,4.38)","0.1977","0.7021","0.0647","0.0597","1.0058","1.0072","1.0061","1.0079",1787,1417,1270,1191,2546,2435,2052,2224
"N00_N29_C64_C65","2000_2005","2021_2024",20,"Economic_type_6_EQI_Air+SM+PA+OB","0.00","1.92(0.04,3.78)","3.13(1.16,5.08)","3.50(1.52,5.47)","4.05(1.98,6.21)","0.0457","0.0027","0.0007","0.0007","1.0040","1.0035","1.0040","1.0043",1817,1568,1523,1509,2703,2436,2170,2221
"N00_N29_C64_C65","2000_2005","2021_2024",20,"Economic_type_6_EQI_Water+SM+PA+OB","0.00","-1.15(-3.31,1.03)","-2.23(-4.38,-0.09)","0.09(-2.08,2.25)","-1.90(-4.08,0.28)","0.2957","0.0402","0.9185","0.0902","1.0023","1.0021","1.0017","1.0021",1431,1396,1337,1270,2180,1838,2176,2115
"N00_N29_C64_C65","2000_2005","2021_2024",20,"Economic_type_6_EQI_Land+SM+PA+OB","0.00","-0.09(-1.68,1.53)","-0.01(-1.73,1.76)","-0.41(-2.39,1.52)","-1.26(-3.36,0.80)","0.9205","0.9840","0.6821","0.2377","1.0012","1.0010","1.0009","1.0011",2101,1723,1534,1520,2611,2242,2112,2207
"N00_N29_C64_C65","2000_2005","2021_2024",20,"Economic_type_6_EQI_Built+SM+PA+OB","0.00","2.33(0.67,4.12)","2.06(0.31,3.77)","2.68(0.91,4.53)","3.07(1.16,4.90)","0.0052","0.0197","0.0037","0.0017","1.0005","1.0006","1.0009","1.0015",2055,1923,1766,1774,2530,2141,2347,2444
"N00_N29_C64_C65","2000_2005","2021_2024",20,"Economic_type_6_EQI_Social+SM+PA+OB","0.00","-1.06(-2.74,0.61)","-1.75(-3.63,0.13)","-1.32(-3.39,0.85)","-2.35(-4.67,0.21)","0.2037","0.0677","0.2172","0.0702","1.0007","1.0014","1.0024","1.0025",1833,1607,1325,1241,2799,2464,2204,1934
"N00_N29_C64_C65","2000_2005","2006_2010",5,"Homeownership_tertile_1_EQI+SM+PA+OB","0.00","5.98(4.39,7.49)","5.87(4.38,7.35)","6.39(4.82,7.93)","7.46(5.80,9.17)","0.0002","0.0002","0.0002","0.0002","1.0004","0.9999","1.0011","1.0006",1862,1527,1217,1152,2743,2113,2112,1880
"N00_N29_C64_C65","2000_2005","2006_2010",5,"Homeownership_tertile_1_EQI_Air+SM+PA+OB","0.00","3.39(1.80,4.96)","3.71(2.06,5.29)","3.83(2.25,5.38)","4.10(2.40,5.70)","0.0002","0.0002","0.0002","0.0002","1.0004","1.0024","1.0031","1.0039",1903,1671,1451,1394,2605,2397,1944,1903
"N00_N29_C64_C65","2000_2005","2006_2010",5,"Homeownership_tertile_1_EQI_Water+SM+PA+OB","0.00","-1.78(-3.47,-0.14)","2.21(0.55,3.90)","1.53(-0.15,3.17)","1.15(-0.53,2.83)","0.0397","0.0102","0.0762","0.1777","1.0004","1.0014","1.0013","1.0004",1551,1487,1315,1185,2315,2324,2019,2370
"N00_N29_C64_C65","2000_2005","2006_2010",5,"Homeownership_tertile_1_EQI_Land+SM+PA+OB","0.00","-0.43(-1.59,0.73)","-0.00(-1.28,1.22)","0.45(-0.98,1.85)","-0.97(-2.46,0.45)","0.4881","0.9985","0.5301","0.1992","1.0013","1.0013","1.0003","0.9999",2869,2223,1842,1816,3279,3194,2833,2251
"N00_N29_C64_C65","2000_2005","2006_2010",5,"Homeownership_tertile_1_EQI_Built+SM+PA+OB","0.00","4.75(2.99,6.62)","5.39(3.73,7.08)","5.65(4.02,7.28)","6.02(4.38,7.66)","0.0002","0.0002","0.0002","0.0002","1.0031","1.0044","1.0064","1.0055",2022,1650,1492,1507,2595,2451,1889,2279
"N00_N29_C64_C65","2000_2005","2006_2010",5,"Homeownership_tertile_1_EQI_Social+SM+PA+OB","0.00","-0.19(-1.45,1.06)","-1.62(-2.94,-0.28)","-0.52(-2.01,1.00)","0.32(-1.40,2.06)","0.7666","0.0182","0.5026","0.7231","1.0021","1.0016","1.0006","1.0013",2140,1806,1664,1744,2612,2597,2640,2570
"N00_N29_C64_C65","2000_2005","2011_2015",10,"Homeownership_tertile_1_EQI+SM+PA+OB","0.00","6.32(4.85,7.71)","5.92(4.49,7.27)","6.02(4.50,7.47)","6.77(5.22,8.38)","0.0002","0.0002","0.0002","0.0002","1.0004","1.0011","1.0014","1.0011",1791,1502,1347,1217,2564,2362,2388,2186
"N00_N29_C64_C65","2000_2005","2011_2015",10,"Homeownership_tertile_1_EQI_Air+SM+PA+OB","0.00","3.82(2.23,5.27)","4.20(2.67,5.71)","3.76(2.30,5.22)","4.60(3.01,6.19)","0.0002","0.0002","0.0002","0.0002","1.0006","1.0003","1.0009","1.0015",2468,2002,2003,1842,2774,2784,2844,2525
"N00_N29_C64_C65","2000_2005","2011_2015",10,"Homeownership_tertile_1_EQI_Water+SM+PA+OB","0.00","-0.42(-2.00,1.16)","1.88(0.30,3.44)","1.54(-0.05,3.10)","0.49(-1.08,2.07)","0.6041","0.0142","0.0587","0.5586","1.0020","1.0008","1.0019","1.0012",1851,1673,1613,1723,2762,2581,2523,2390
"N00_N29_C64_C65","2000_2005","2011_2015",10,"Homeownership_tertile_1_EQI_Land+SM+PA+OB","0.00","-0.65(-1.82,0.50)","0.05(-1.20,1.22)","-0.50(-1.85,0.74)","-1.21(-2.65,0.16)","0.2687","0.9360","0.4676","0.0747","1.0003","1.0007","1.0010","1.0008",3573,2755,2342,2237,2868,3158,2873,2738
"N00_N29_C64_C65","2000_2005","2011_2015",10,"Homeownership_tertile_1_EQI_Built+SM+PA+OB","0.00","4.95(3.30,6.57)","6.13(4.55,7.70)","5.65(4.07,7.15)","6.51(4.94,8.03)","0.0002","0.0002","0.0002","0.0002","1.0005","1.0013","1.0004","1.0003",2429,1950,2017,2005,2784,2776,2632,2463
"N00_N29_C64_C65","2000_2005","2011_2015",10,"Homeownership_tertile_1_EQI_Social+SM+PA+OB","0.00","0.82(-0.34,1.98)","-0.36(-1.63,0.95)","-0.03(-1.42,1.44)","0.58(-1.08,2.18)","0.1652","0.5836","0.9425","0.4806","1.0014","1.0007","1.0013","1.0009",2557,1979,1915,1881,3103,2694,2515,2588
"N00_N29_C64_C65","2000_2005","2016_2020",15,"Homeownership_tertile_1_EQI+SM+PA+OB","0.00","3.60(2.07,5.12)","4.82(3.38,6.29)","4.76(3.23,6.25)","5.99(4.31,7.60)","0.0002","0.0002","0.0002","0.0002","1.0016","1.0018","1.0012","1.0024",2003,1710,1425,1274,2568,2096,1620,1548
"N00_N29_C64_C65","2000_2005","2016_2020",15,"Homeownership_tertile_1_EQI_Air+SM+PA+OB","0.00","5.04(3.49,6.66)","4.30(2.75,5.88)","4.13(2.62,5.65)","4.78(3.17,6.43)","0.0002","0.0002","0.0002","0.0002","1.0007","1.0018","1.0013","1.0016",2397,1822,1709,1486,2813,2301,2560,2288
"N00_N29_C64_C65","2000_2005","2016_2020",15,"Homeownership_tertile_1_EQI_Water+SM+PA+OB","0.00","-1.22(-2.73,0.28)","1.49(-0.09,3.03)","1.82(0.22,3.33)","1.47(-0.08,3.02)","0.1207","0.0632","0.0287","0.0667","1.0019","1.0022","1.0026","1.0029",1331,1266,1172,1363,2627,2000,2142,2158
"N00_N29_C64_C65","2000_2005","2016_2020",15,"Homeownership_tertile_1_EQI_Land+SM+PA+OB","0.00","-0.19(-1.33,0.98)","0.02(-1.22,1.29)","0.47(-0.91,1.79)","-0.77(-2.22,0.67)","0.7416","0.9715","0.4876","0.2962","0.9999","1.0008","1.0011","0.9994",2473,2170,2146,2068,3011,2710,2848,2582
"N00_N29_C64_C65","2000_2005","2016_2020",15,"Homeownership_tertile_1_EQI_Built+SM+PA+OB","0.00","3.19(1.42,4.84)","4.78(3.16,6.42)","4.02(2.42,5.62)","5.32(3.74,6.91)","0.0002","0.0002","0.0002","0.0002","1.0022","1.0015","1.0018","1.0021",2237,1801,1573,1593,2766,2311,2163,2207
"N00_N29_C64_C65","2000_2005","2016_2020",15,"Homeownership_tertile_1_EQI_Social+SM+PA+OB","0.00","0.01(-1.16,1.19)","-0.11(-1.42,1.19)","-0.66(-2.08,0.79)","0.75(-0.89,2.43)","0.9915","0.8615","0.3762","0.3752","1.0001","1.0003","1.0002","1.0003",2504,1961,1781,1692,2777,2691,2251,2361
"N00_N29_C64_C65","2000_2005","2021_2024",20,"Homeownership_tertile_1_EQI+SM+PA+OB","0.00","6.07(4.11,8.04)","5.36(3.48,7.28)","5.42(3.46,7.39)","5.80(3.70,7.94)","0.0002","0.0002","0.0002","0.0002","1.0012","1.0022","1.0029","1.0020",1881,1621,1347,1291,2324,2372,2187,2144
"N00_N29_C64_C65","2000_2005","2021_2024",20,"Homeownership_tertile_1_EQI_Air+SM+PA+OB","0.00","4.51(2.27,6.76)","4.11(1.97,6.23)","3.41(1.26,5.53)","3.57(1.35,5.79)","0.0002","0.0002","0.0012","0.0012","1.0034","1.0037","1.0047","1.0039",1374,1058,1061,1033,2219,2455,2042,2246
"N00_N29_C64_C65","2000_2005","2021_2024",20,"Homeownership_tertile_1_EQI_Water+SM+PA+OB","0.00","-1.58(-3.61,0.50)","0.68(-1.33,2.73)","1.99(0.04,3.94)","0.32(-1.80,2.38)","0.1367","0.5201","0.0447","0.7636","1.0015","1.0023","1.0021","1.0025",1263,1133,1097,1076,2407,2223,2013,1789
"N00_N29_C64_C65","2000_2005","2021_2024",20,"Homeownership_tertile_1_EQI_Land+SM+PA+OB","0.00","-0.39(-1.91,1.03)","0.84(-0.75,2.37)","2.05(0.27,3.80)","0.06(-1.84,1.90)","0.6131","0.2837","0.0237","0.9325","1.0006","1.0016","1.0023","1.0024",2363,1770,1636,1557,2841,2401,2389,2423
"N00_N29_C64_C65","2000_2005","2021_2024",20,"Homeownership_tertile_1_EQI_Built+SM+PA+OB","0.00","4.14(1.76,6.52)","4.63(2.32,6.80)","4.96(2.72,7.18)","5.52(3.34,7.70)","0.0007","0.0002","0.0002","0.0002","1.0024","1.0030","1.0040","1.0032",1708,1310,1168,1109,2707,2066,2482,1840
"N00_N29_C64_C65","2000_2005","2021_2024",20,"Homeownership_tertile_1_EQI_Social+SM+PA+OB","0.00","-0.03(-1.56,1.51)","-0.89(-2.58,0.81)","-1.10(-2.98,0.82)","0.04(-2.14,2.21)","0.9795","0.3067","0.2627","0.9775","1.0009","1.0017","1.0022","1.0032",1831,1548,1416,1281,1872,2080,2332,2243
"N00_N29_C64_C65","2000_2005","2006_2010",5,"Homeownership_tertile_2_EQI+SM+PA+OB","0.00","1.52(0.02,2.99)","1.90(0.39,3.42)","2.66(0.96,4.34)","3.31(1.31,5.24)","0.0482","0.0162","0.0027","0.0012","1.0010","1.0015","1.0018","1.0028",2651,2107,1812,1690,2571,2375,2454,2039
"N00_N29_C64_C65","2000_2005","2006_2010",5,"Homeownership_tertile_2_EQI_Air+SM+PA+OB","0.00","3.10(1.54,4.62)","2.55(0.99,4.12)","2.49(0.78,4.11)","3.20(1.30,5.07)","0.0002","0.0017","0.0017","0.0012","1.0014","1.0024","1.0022","1.0029",2449,1844,1687,1659,2508,2256,2416,2359
"N00_N29_C64_C65","2000_2005","2006_2010",5,"Homeownership_tertile_2_EQI_Water+SM+PA+OB","0.00","-1.37(-3.30,0.52)","-1.34(-3.34,0.60)","-0.22(-2.11,1.65)","-0.73(-2.76,1.33)","0.1702","0.1782","0.8235","0.4861","1.0055","1.0031","1.0041","1.0022",1800,1909,1876,1773,2419,2521,2449,2527
"N00_N29_C64_C65","2000_2005","2006_2010",5,"Homeownership_tertile_2_EQI_Land+SM+PA+OB","0.00","0.94(-0.32,2.24)","1.17(-0.25,2.54)","1.00(-0.63,2.55)","0.10(-1.58,1.70)","0.1462","0.1022","0.2222","0.8920","1.0011","1.0006","1.0010","1.0006",2886,1910,1740,1916,3014,2826,2634,2839
"N00_N29_C64_C65","2000_2005","2006_2010",5,"Homeownership_tertile_2_EQI_Built+SM+PA+OB","0.00","3.42(1.98,4.83)","2.67(1.25,4.07)","2.79(1.32,4.29)","2.88(1.19,4.58)","0.0002","0.0007","0.0007","0.0012","1.0009","1.0007","1.0004","1.0000",2487,2258,2021,2157,2837,2722,2501,2713
"N00_N29_C64_C65","2000_2005","2006_2010",5,"Homeownership_tertile_2_EQI_Social+SM+PA+OB","0.00","-1.00(-2.35,0.46)","-0.93(-2.47,0.68)","-1.64(-3.40,0.19)","0.14(-2.03,2.28)","0.1797","0.2532","0.0742","0.9210","1.0005","1.0008","1.0010","1.0010",2209,1799,1740,1708,2670,2495,2369,2409
"N00_N29_C64_C65","2000_2005","2011_2015",10,"Homeownership_tertile_2_EQI+SM+PA+OB","0.00","2.56(1.20,3.91)","2.98(1.58,4.44)","2.85(1.25,4.38)","3.74(1.89,5.53)","0.0007","0.0002","0.0007","0.0002","1.0007","1.0021","1.0027","1.0026",2056,1588,1403,1289,2662,2297,2117,1840
"N00_N29_C64_C65","2000_2005","2011_2015",10,"Homeownership_tertile_2_EQI_Air+SM+PA+OB","0.00","1.89(0.47,3.32)","2.04(0.50,3.54)","2.68(1.07,4.28)","2.67(0.90,4.39)","0.0097","0.0062","0.0007","0.0022","1.0007","1.0007","1.0010","1.0012",2899,2477,2120,2054,2905,3249,2596,2825
"N00_N29_C64_C65","2000_2005","2011_2015",10,"Homeownership_tertile_2_EQI_Water+SM+PA+OB","0.00","-2.44(-4.26,-0.62)","-1.46(-3.28,0.37)","-1.32(-3.06,0.49)","-2.08(-3.93,-0.16)","0.0077","0.1132","0.1652","0.0382","1.0006","1.0006","1.0003","1.0015",1816,1756,1639,1656,2452,2214,2328,2420
"N00_N29_C64_C65","2000_2005","2011_2015",10,"Homeownership_tertile_2_EQI_Land+SM+PA+OB","0.00","0.38(-0.86,1.69)","-0.29(-1.65,1.09)","-0.13(-1.67,1.44)","0.08(-1.60,1.73)","0.5786","0.6551","0.8510","0.9535","1.0006","1.0008","1.0015","1.0022",2586,2269,1963,1928,2757,2749,2397,2350
"N00_N29_C64_C65","2000_2005","2011_2015",10,"Homeownership_tertile_2_EQI_Built+SM+PA+OB","0.00","2.31(1.04,3.63)","2.33(1.03,3.62)","1.94(0.57,3.33)","2.26(0.73,3.79)","0.0007","0.0002","0.0082","0.0022","1.0013","1.0004","1.0014","1.0004",2510,2366,2210,2553,3029,2590,2961,2541
"N00_N29_C64_C65","2000_2005","2011_2015",10,"Homeownership_tertile_2_EQI_Social+SM+PA+OB","0.00","-0.49(-1.84,0.85)","-0.07(-1.55,1.44)","-1.38(-3.09,0.26)","0.31(-1.77,2.26)","0.4791","0.9275","0.1052","0.7571","0.9997","1.0006","1.0006","1.0009",2865,2211,2123,1992,3414,2613,2428,2378
"N00_N29_C64_C65","2000_2005","2016_2020",15,"Homeownership_tertile_2_EQI+SM+PA+OB","0.00","1.70(0.28,3.07)","2.17(0.68,3.58)","2.72(1.11,4.27)","3.78(1.99,5.50)","0.0177","0.0057","0.0017","0.0002","1.0004","1.0029","1.0030","1.0033",2151,1535,1346,1328,2640,1835,1939,2064
"N00_N29_C64_C65","2000_2005","2016_2020",15,"Homeownership_tertile_2_EQI_Air+SM+PA+OB","0.00","2.25(0.81,3.73)","2.68(1.16,4.17)","3.06(1.46,4.66)","3.92(2.12,5.65)","0.0027","0.0012","0.0002","0.0002","1.0029","1.0040","1.0056","1.0036",2239,1819,1599,1767,2914,2848,2370,2216
"N00_N29_C64_C65","2000_2005","2016_2020",15,"Homeownership_tertile_2_EQI_Water+SM+PA+OB","0.00","-0.18(-2.01,1.67)","0.25(-1.54,2.09)","0.24(-1.58,2.09)","-0.41(-2.24,1.46)","0.8430","0.7916","0.8020","0.6666","1.0011","1.0018","1.0017","1.0025",1650,1543,1441,1409,2403,2602,2492,2430
"N00_N29_C64_C65","2000_2005","2016_2020",15,"Homeownership_tertile_2_EQI_Land+SM+PA+OB","0.00","0.71(-0.50,1.93)","0.03(-1.34,1.34)","0.26(-1.30,1.73)","0.67(-0.94,2.20)","0.2522","0.9655","0.7271","0.4006","0.9996","0.9999","1.0007","1.0008",2215,1909,1723,1810,2420,2813,2289,2494
"N00_N29_C64_C65","2000_2005","2016_2020",15,"Homeownership_tertile_2_EQI_Built+SM+PA+OB","0.00","3.38(2.08,4.69)","2.47(1.16,3.78)","3.36(1.99,4.76)","3.22(1.75,4.80)","0.0002","0.0002","0.0002","0.0002","1.0009","1.0010","1.0009","1.0013",2635,2283,2176,2162,2351,2376,2546,2944
"N00_N29_C64_C65","2000_2005","2016_2020",15,"Homeownership_tertile_2_EQI_Social+SM+PA+OB","0.00","-1.38(-2.72,0.00)","-2.80(-4.24,-1.32)","-3.06(-4.70,-1.39)","-3.05(-5.04,-1.11)","0.0507","0.0002","0.0002","0.0027","1.0033","1.0014","1.0011","1.0015",2465,2201,1972,1923,2802,2751,2429,2419
"N00_N29_C64_C65","2000_2005","2021_2024",20,"Homeownership_tertile_2_EQI+SM+PA+OB","0.00","0.62(-1.03,2.28)","0.81(-0.83,2.56)","1.33(-0.49,3.21)","1.61(-0.41,3.75)","0.4676","0.3522","0.1557","0.1262","1.0016","1.0021","1.0015","1.0014",2137,1613,1503,1473,2715,2252,2363,2018
"N00_N29_C64_C65","2000_2005","2021_2024",20,"Homeownership_tertile_2_EQI_Air+SM+PA+OB","0.00","2.28(0.52,4.03)","2.85(1.01,4.67)","2.63(0.73,4.56)","3.02(0.92,5.08)","0.0132","0.0022","0.0067","0.0062","1.0011","1.0014","1.0021","1.0027",1878,1684,1401,1468,2137,2460,2178,2161
"N00_N29_C64_C65","2000_2005","2021_2024",20,"Homeownership_tertile_2_EQI_Water+SM+PA+OB","0.00","-0.30(-2.36,1.72)","-0.27(-2.44,1.81)","1.31(-0.78,3.43)","-1.11(-3.27,1.09)","0.7631","0.7881","0.2232","0.3192","1.0017","1.0018","1.0020","1.0020",1349,1208,1127,1048,2342,1974,2029,1865
"N00_N29_C64_C65","2000_2005","2021_2024",20,"Homeownership_tertile_2_EQI_Land+SM+PA+OB","0.00","-1.09(-2.63,0.52)","-1.65(-3.27,0.01)","-1.39(-3.20,0.48)","-1.16(-3.03,0.75)","0.1752","0.0507","0.1292","0.2267","1.0018","1.0014","1.0044","1.0031",2152,1638,1464,1553,2649,2356,1848,1924
"N00_N29_C64_C65","2000_2005","2021_2024",20,"Homeownership_tertile_2_EQI_Built+SM+PA+OB","0.00","1.60(0.13,3.16)","2.38(0.84,3.93)","2.47(0.86,4.03)","3.02(1.27,4.76)","0.0347","0.0002","0.0022","0.0007","1.0006","1.0000","1.0004","1.0008",2044,1801,1741,1738,2682,2513,2461,2388
"N00_N29_C64_C65","2000_2005","2021_2024",20,"Homeownership_tertile_2_EQI_Social+SM+PA+OB","0.00","-1.18(-2.82,0.57)","-1.53(-3.39,0.38)","-2.56(-4.61,-0.45)","-2.54(-4.96,0.01)","0.1812","0.1167","0.0162","0.0522","1.0003","1.0007","1.0011","1.0009",1812,1518,1265,1246,2550,2442,2069,2244
"N00_N29_C64_C65","2000_2005","2006_2010",5,"Homeownership_tertile_3_EQI+SM+PA+OB","0.00","1.71(0.33,3.17)","2.39(0.88,3.93)","2.96(1.34,4.64)","4.67(2.69,6.66)","0.0167","0.0027","0.0007","0.0002","1.0018","1.0029","1.0029","1.0033",1977,1346,1165,1112,2718,2056,1999,1714
"N00_N29_C64_C65","2000_2005","2006_2010",5,"Homeownership_tertile_3_EQI_Air+SM+PA+OB","0.00","1.30(-0.22,2.89)","1.23(-0.40,2.85)","2.20(0.33,4.02)","3.17(1.07,5.23)","0.0902","0.1477","0.0172","0.0012","1.0005","1.0004","0.9998","0.9999",2026,1730,1619,1565,2898,2584,2374,2375
"N00_N29_C64_C65","2000_2005","2006_2010",5,"Homeownership_tertile_3_EQI_Water+SM+PA+OB","0.00","-0.43(-2.21,1.31)","0.11(-1.72,1.92)","1.05(-0.77,2.84)","0.17(-1.82,2.23)","0.6376","0.8870","0.2567","0.8735","1.0007","1.0012","1.0012","1.0020",1648,1619,1756,1672,2567,2512,2452,2411
"N00_N29_C64_C65","2000_2005","2006_2010",5,"Homeownership_tertile_3_EQI_Land+SM+PA+OB","0.00","-0.71(-2.11,0.67)","0.26(-1.31,1.84)","-0.62(-2.41,1.17)","-0.48(-2.30,1.37)","0.3162","0.7361","0.4876","0.6121","1.0004","1.0003","1.0005","1.0008",2396,1903,1662,1629,2909,2360,1969,2175
"N00_N29_C64_C65","2000_2005","2006_2010",5,"Homeownership_tertile_3_EQI_Built+SM+PA+OB","0.00","1.66(0.49,2.87)","1.55(0.29,2.80)","1.05(-0.35,2.40)","1.60(-0.22,3.49)","0.0102","0.0182","0.1407","0.0887","1.0005","1.0017","1.0009","1.0018",3188,2883,2803,2553,2981,2863,2897,3024
"N00_N29_C64_C65","2000_2005","2006_2010",5,"Homeownership_tertile_3_EQI_Social+SM+PA+OB","0.00","-0.59(-2.22,1.04)","-1.75(-3.52,0.02)","-0.74(-2.68,1.19)","-0.31(-2.59,1.92)","0.4896","0.0537","0.4456","0.7866","1.0022","1.0023","1.0035","1.0060",2262,2005,1824,1619,3027,2824,2841,2629
"N00_N29_C64_C65","2000_2005","2011_2015",10,"Homeownership_tertile_3_EQI+SM+PA+OB","0.00","1.30(0.03,2.62)","2.23(0.83,3.61)","2.16(0.64,3.65)","4.26(2.43,6.08)","0.0442","0.0012","0.0032","0.0002","1.0013","1.0024","1.0021","1.0023",1829,1417,1258,1321,2912,2212,2044,1974
"N00_N29_C64_C65","2000_2005","2011_2015",10,"Homeownership_tertile_3_EQI_Air+SM+PA+OB","0.00","2.43(1.08,3.74)","1.44(-0.06,2.91)","3.05(1.36,4.64)","4.45(2.58,6.27)","0.0012","0.0622","0.0002","0.0002","1.0021","1.0038","1.0039","1.0039",2595,2129,1734,2030,2959,2426,2500,2392
"N00_N29_C64_C65","2000_2005","2011_2015",10,"Homeownership_tertile_3_EQI_Water+SM+PA+OB","0.00","-0.09(-1.73,1.55)","0.69(-0.96,2.41)","1.16(-0.55,2.83)","1.37(-0.55,3.21)","0.9240","0.4081","0.1917","0.1562","1.0010","1.0008","1.0010","1.0010",1904,1826,1759,1681,2593,2583,2332,2763
"N00_N29_C64_C65","2000_2005","2011_2015",10,"Homeownership_tertile_3_EQI_Land+SM+PA+OB","0.00","-0.17(-1.46,1.10)","-0.10(-1.50,1.26)","-1.40(-2.94,0.17)","-0.67(-2.32,0.99)","0.7881","0.8890","0.0747","0.4271","1.0004","1.0004","1.0005","1.0004",2930,2436,2273,2386,2760,3131,2711,2884
"N00_N29_C64_C65","2000_2005","2011_2015",10,"Homeownership_tertile_3_EQI_Built+SM+PA+OB","0.00","0.94(-0.20,2.01)","0.79(-0.42,1.94)","0.37(-0.92,1.68)","-0.53(-2.16,1.06)","0.0942","0.2037","0.5681","0.5366","1.0006","1.0014","1.0010","1.0003",3305,2884,2986,2859,3326,3237,2598,3034
"N00_N29_C64_C65","2000_2005","2011_2015",10,"Homeownership_tertile_3_EQI_Social+SM+PA+OB","0.00","0.08(-1.37,1.56)","-0.60(-2.21,1.01)","0.12(-1.61,1.82)","-0.06(-2.08,1.91)","0.9015","0.4456","0.8975","0.9590","1.0037","1.0032","1.0023","1.0034",2411,2212,1982,1894,2759,2646,2511,2551
"N00_N29_C64_C65","2000_2005","2016_2020",15,"Homeownership_tertile_3_EQI+SM+PA+OB","0.00","2.47(1.22,3.74)","2.05(0.77,3.40)","2.70(1.29,4.11)","4.10(2.36,5.81)","0.0002","0.0017","0.0002","0.0002","1.0010","1.0018","1.0021","1.0027",1827,1664,1395,1354,2485,2174,1923,1928
"N00_N29_C64_C65","2000_2005","2016_2020",15,"Homeownership_tertile_3_EQI_Air+SM+PA+OB","0.00","0.77(-0.63,2.15)","0.98(-0.52,2.44)","1.88(0.12,3.55)","2.49(0.54,4.40)","0.2692","0.1927","0.0357","0.0147","1.0004","1.0036","1.0009","1.0001",2303,1793,1711,1853,2499,2253,2066,2169
"N00_N29_C64_C65","2000_2005","2016_2020",15,"Homeownership_tertile_3_EQI_Water+SM+PA+OB","0.00","-0.31(-1.89,1.25)","0.28(-1.39,1.88)","0.81(-0.86,2.51)","0.66(-1.21,2.44)","0.7101","0.7406","0.3477","0.4821","1.0009","1.0006","1.0016","1.0001",1877,1872,1890,1945,2582,2434,2242,2358
"N00_N29_C64_C65","2000_2005","2016_2020",15,"Homeownership_tertile_3_EQI_Land+SM+PA+OB","0.00","-0.69(-1.96,0.63)","-1.27(-2.62,0.14)","-2.44(-3.98,-0.87)","-2.27(-3.93,-0.53)","0.3007","0.0757","0.0027","0.0132","1.0024","1.0004","1.0006","1.0010",2752,2426,2285,2333,2814,3057,2749,2526
"N00_N29_C64_C65","2000_2005","2016_2020",15,"Homeownership_tertile_3_EQI_Built+SM+PA+OB","0.00","1.07(-0.04,2.17)","1.76(0.56,2.94)","1.84(0.57,3.16)","1.24(-0.32,2.85)","0.0627","0.0032","0.0062","0.1192","0.9997","0.9999","1.0003","1.0003",3172,3013,3070,3270,2955,2912,2624,2958
"N00_N29_C64_C65","2000_2005","2016_2020",15,"Homeownership_tertile_3_EQI_Social+SM+PA+OB","0.00","-1.53(-3.08,-0.03)","-2.01(-3.68,-0.35)","-0.80(-2.64,0.98)","-0.50(-2.58,1.55)","0.0467","0.0187","0.3702","0.6346","1.0005","1.0008","1.0011","1.0012",2256,1816,1696,1641,2920,2487,2319,2589
"N00_N29_C64_C65","2000_2005","2021_2024",20,"Homeownership_tertile_3_EQI+SM+PA+OB","0.00","2.06(0.52,3.62)","1.70(0.08,3.30)","3.51(1.65,5.33)","3.43(1.33,5.58)","0.0112","0.0357","0.0002","0.0022","1.0021","1.0025","1.0017","1.0025",1587,1366,1205,1237,2638,2503,2346,1795
"N00_N29_C64_C65","2000_2005","2021_2024",20,"Homeownership_tertile_3_EQI_Air+SM+PA+OB","0.00","2.35(0.73,3.90)","2.79(1.04,4.47)","3.54(1.68,5.37)","4.01(1.77,6.10)","0.0032","0.0022","0.0002","0.0007","1.0024","1.0016","1.0010","1.0007",1817,1519,1660,1688,2498,2458,2480,2696
"N00_N29_C64_C65","2000_2005","2021_2024",20,"Homeownership_tertile_3_EQI_Water+SM+PA+OB","0.00","-0.74(-2.78,1.34)","-1.02(-3.16,1.10)","0.65(-1.52,2.71)","-1.31(-3.63,1.00)","0.4791","0.3432","0.5466","0.2687","1.0018","1.0016","1.0006","1.0015",1447,1405,1486,1510,2185,1959,2434,1817
"N00_N29_C64_C65","2000_2005","2021_2024",20,"Homeownership_tertile_3_EQI_Land+SM+PA+OB","0.00","-1.85(-3.38,-0.37)","-1.43(-3.06,0.28)","-2.14(-3.96,-0.19)","-1.26(-3.27,0.71)","0.0172","0.0977","0.0287","0.2262","0.9996","1.0005","1.0015","1.0016",2731,2187,1916,2091,3168,2699,2622,2567
"N00_N29_C64_C65","2000_2005","2021_2024",20,"Homeownership_tertile_3_EQI_Built+SM+PA+OB","0.00","2.73(1.48,3.95)","2.16(0.77,3.59)","1.67(0.10,3.23)","3.09(1.06,5.03)","0.0002","0.0012","0.0352","0.0012","1.0004","1.0005","1.0010","1.0005",2947,2732,2879,2978,3133,3137,2971,2633
"N00_N29_C64_C65","2000_2005","2021_2024",20,"Homeownership_tertile_3_EQI_Social+SM+PA+OB","0.00","-0.61(-2.36,1.15)","-1.43(-3.32,0.47)","-0.35(-2.37,1.65)","-0.65(-3.13,1.72)","0.5006","0.1322","0.7346","0.6046","1.0008","1.0004","1.0002","1.0007",2212,1809,1630,1470,2590,2454,2450,2446
