ICD_Code,EQI_Period,AAMR_Period,Lag,Model,Q1,Q2,Q3,Q4,Q5,Q2_p,Q3_p,Q4_p,Q5_p,Q2_rhat,Q3_rhat,Q4_rhat,Q5_rhat,Q2_ess_bulk,Q3_ess_bulk,Q4_ess_bulk,Q5_ess_bulk,Q2_ess_tail,Q3_ess_tail,Q4_ess_tail,Q5_ess_tail
N00_N29_C64_C65,2000_2005,2006_2010,5,Census_Region_1_EQI+SM+PA+OB,0.00,"-0.77(-5.91,4.31)","-2.35(-6.79,2.31)","-0.10(-4.49,4.59)","0.02(-4.51,4.68)",0.7625,0.3206,0.9554,0.9888,1.0003,1.0013,1.0021,1.0020,1917,1751,1630,1633,2822,2635,2411,2389
"N00_N29_C64_C65","2000_2005","2006_2010",5,"Census_Region_1_EQI_Air+SM+PA+OB","0.00","-1.52(-6.30,3.45)","-1.32(-5.86,3.56)","-0.71(-5.32,4.00)","0.06(-4.49,4.72)","0.5297","0.5609","0.7605","0.9842","1.0000","1.0008","1.0008","1.0010",3095,2892,2828,2843,3329,3263,3191,3219
"N00_N29_C64_C65","2000_2005","2006_2010",5,"Census_Region_1_EQI_Water+SM+PA+OB","0.00","0.70(-1.44,2.94)","1.54(-0.77,3.83)","1.28(-0.66,3.20)","1.16(-0.96,3.25)","0.5288","0.1918","0.1943","0.2635","1.0007","1.0001","1.0008","1.0008",4929,4271,3892,3910,3994,4029,3947,3675
"N00_N29_C64_C65","2000_2005","2006_2010",5,"Census_Region_1_EQI_Land+SM+PA+OB","0.00","-1.85(-5.29,1.67)","-0.82(-4.18,2.56)","-1.07(-4.37,2.36)","-1.98(-5.38,1.40)","0.2935","0.6113","0.5255","0.2506","1.0006","1.0019","1.0016","1.0011",2720,2658,2561,2641,3111,2963,2774,2771
"N00_N29_C64_C65","2000_2005","2006_2010",5,"Census_Region_1_EQI_Built+SM+PA+OB","0.00","-3.03(-6.97,0.73)","-3.72(-7.21,-0.47)","-2.15(-5.63,1.17)","-0.68(-4.19,2.59)","0.1148","0.0244","0.2139","0.7171","1.0006","1.0010","1.0015","1.0017",3136,2935,2830,2873,3685,3200,3498,3727
"N00_N29_C64_C65","2000_2005","2006_2010",5,"Census_Region_1_EQI_Social+SM+PA+OB","0.00","2.99(0.06,5.98)","1.79(-0.92,4.52)","1.68(-0.96,4.45)","2.63(-0.14,5.45)","0.0456","0.1935","0.2256","0.0648","0.9997","1.0001","1.0011","1.0009",3230,2805,2677,2675,3658,3247,3357,3113
"N00_N29_C64_C65","2000_2005","2011_2015",10,"Census_Region_1_EQI+SM+PA+OB","0.00","-1.52(-5.73,2.64)","-0.36(-4.23,3.50)","0.40(-3.40,4.20)","1.30(-2.50,5.13)","0.4780","0.8634","0.8475","0.5213","1.0062","1.0064","1.0070","1.0069",1788,1677,1613,1608,2709,2114,2084,1940
"N00_N29_C64_C65","2000_2005","2011_2015",10,"Census_Region_1_EQI_Air+SM+PA+OB","0.00","-0.92(-5.11,3.47)","-1.02(-5.00,3.30)","-0.36(-4.48,3.97)","0.34(-3.79,4.60)","0.6592","0.6159","0.8679","0.8696","1.0018","1.0013","1.0017","1.0016",2714,2559,2501,2546,3021,2691,2838,2944
"N00_N29_C64_C65","2000_2005","2011_2015",10,"Census_Region_1_EQI_Water+SM+PA+OB","0.00","-0.42(-2.32,1.43)","0.80(-1.10,2.79)","0.68(-1.04,2.39)","1.67(-0.14,3.51)","0.6630","0.4268","0.4322","0.0698","1.0009","1.0004","1.0005","1.0009",4857,4470,3922,3980,3798,3586,3565,3345
"N00_N29_C64_C65","2000_2005","2011_2015",10,"Census_Region_1_EQI_Land+SM+PA+OB","0.00","-1.72(-4.60,1.24)","-0.94(-3.72,1.90)","-0.86(-3.67,2.02)","-2.05(-4.91,0.80)","0.2539","0.4964","0.5388","0.1589","1.0009","1.0013","1.0012","1.0009",2912,2715,2763,2794,3178,3115,3025,3059
"N00_N29_C64_C65","2000_2005","2011_2015",10,"Census_Region_1_EQI_Built+SM+PA+OB","0.00","0.94(-2.37,4.12)","0.92(-1.86,3.52)","1.79(-1.03,4.45)","2.47(-0.34,5.10)","0.5597","0.4984","0.1943","0.0781","1.0018","1.0019","1.0015","1.0023",3565,2775,2745,2768,3648,3056,3190,3245
"N00_N29_C64_C65","2000_2005","2011_2015",10,"Census_Region_1_EQI_Social+SM+PA+OB","0.00","1.73(-0.80,4.27)","1.94(-0.40,4.33)","1.23(-1.17,3.63)","1.93(-0.65,4.45)","0.1760","0.1019","0.3110","0.1327","1.0009","1.0014","1.0010","1.0015",3260,3258,2960,2969,3410,3227,2973,2853
"N00_N29_C64_C65","2000_2005","2016_2020",15,"Census_Region_1_EQI+SM+PA+OB","0.00","-1.45(-5.72,2.89)","-0.33(-4.13,3.67)","0.48(-3.23,4.57)","0.87(-2.89,4.97)","0.5093","0.8650","0.8230","0.6780","1.0011","1.0030","1.0023","1.0032",2148,1915,1875,1842,2935,2786,2640,2514
"N00_N29_C64_C65","2000_2005","2016_2020",15,"Census_Region_1_EQI_Air+SM+PA+OB","0.00","-1.68(-6.23,2.81)","-1.98(-6.47,2.35)","-1.59(-6.09,2.84)","-1.52(-6.03,2.73)","0.4722","0.3780","0.4959","0.5126","1.0008","1.0016","1.0014","1.0016",2841,2815,2797,2789,3101,3050,3037,2919
"N00_N29_C64_C65","2000_2005","2016_2020",15,"Census_Region_1_EQI_Water+SM+PA+OB","0.00","-0.31(-2.11,1.53)","1.84(-0.29,3.90)","0.82(-0.90,2.56)","1.06(-0.73,2.89)","0.7363","0.0852","0.3439","0.2502","1.0004","1.0007","1.0001","1.0000",4867,4505,4035,3563,3691,3572,3773,3365
"N00_N29_C64_C65","2000_2005","2016_2020",15,"Census_Region_1_EQI_Land+SM+PA+OB","0.00","0.27(-2.77,3.37)","0.68(-2.22,3.59)","0.08(-2.79,2.97)","-0.48(-3.42,2.52)","0.8763","0.6634","0.9571","0.7630","1.0009","1.0017","1.0021","1.0019",3085,2807,2829,2822,3587,3407,3425,3189
"N00_N29_C64_C65","2000_2005","2016_2020",15,"Census_Region_1_EQI_Built+SM+PA+OB","0.00","-1.61(-4.81,1.62)","-1.00(-3.82,1.89)","0.58(-2.27,3.58)","1.56(-1.30,4.51)","0.3151","0.4830","0.6863","0.2939","1.0001","1.0019","1.0024","1.0026",3055,2464,2605,2558,3660,2875,2672,2874
"N00_N29_C64_C65","2000_2005","2016_2020",15,"Census_Region_1_EQI_Social+SM+PA+OB","0.00","2.20(-0.44,4.79)","1.45(-0.84,3.73)","1.73(-0.64,4.06)","2.40(-0.01,4.78)","0.0927","0.2268","0.1456","0.0514","1.0002","0.9997","1.0003","1.0003",3419,3167,3207,3118,3475,3410,3435,3192
"N00_N29_C64_C65","2000_2005","2021_2024",20,"Census_Region_1_EQI+SM+PA+OB","0.00","-3.34(-8.58,2.03)","-1.90(-6.57,3.03)","-0.37(-4.92,4.49)","-1.28(-5.86,3.56)","0.2139","0.4330","0.8567","0.5818","1.0028","1.0034","1.0038","1.0034",2569,2053,2059,1981,3100,2526,2323,2277
"N00_N29_C64_C65","2000_2005","2021_2024",20,"Census_Region_1_EQI_Air+SM+PA+OB","0.00","-1.19(-6.01,3.96)","-1.19(-5.65,3.60)","-1.37(-5.95,3.49)","-1.23(-5.73,3.60)","0.6380","0.5976","0.5543","0.5972","1.0014","1.0008","1.0023","1.0017",3307,2931,2916,2976,3542,3064,2875,2954
"N00_N29_C64_C65","2000_2005","2021_2024",20,"Census_Region_1_EQI_Water+SM+PA+OB","0.00","-0.29(-2.55,1.91)","0.20(-2.27,2.67)","1.68(-0.40,3.76)","1.78(-0.50,4.02)","0.8088","0.8759","0.1152","0.1260","1.0005","1.0007","1.0001","1.0012",4686,4304,4240,4214,3612,3990,3766,3861
"N00_N29_C64_C65","2000_2005","2021_2024",20,"Census_Region_1_EQI_Land+SM+PA+OB","0.00","-1.10(-4.72,2.53)","0.89(-2.49,4.28)","1.09(-2.30,4.44)","-0.57(-4.03,2.85)","0.5584","0.6122","0.5326","0.7605","1.0012","1.0018","1.0029","1.0012",3231,3031,3157,3125,3261,3226,3306,3169
"N00_N29_C64_C65","2000_2005","2021_2024",20,"Census_Region_1_EQI_Built+SM+PA+OB","0.00","-2.53(-6.97,1.87)","-2.36(-6.27,1.51)","-1.56(-5.41,2.45)","-1.37(-5.25,2.51)","0.2602","0.2368","0.4455","0.4989","1.0005","1.0010","1.0005","1.0010",3280,3292,3189,3137,3731,3426,3223,3266
"N00_N29_C64_C65","2000_2005","2021_2024",20,"Census_Region_1_EQI_Social+SM+PA+OB","0.00","2.80(-0.29,5.91)","2.22(-0.63,5.05)","1.20(-1.62,4.00)","1.68(-1.26,4.54)","0.0814","0.1231","0.3893","0.2464","1.0013","1.0035","1.0032","1.0033",3678,3313,3289,3095,3878,3330,2978,3562
"N00_N29_C64_C65","2000_2005","2006_2010",5,"Census_Region_2_EQI+SM+PA+OB","0.00","5.49(3.69,7.25)","6.89(5.15,8.48)","6.79(5.07,8.39)","7.59(5.79,9.32)","0.0002","0.0002","0.0002","0.0002","1.0016","1.0033","1.0018","1.0028",2429,2196,2059,1930,3311,2947,2759,2702
"N00_N29_C64_C65","2000_2005","2006_2010",5,"Census_Region_2_EQI_Air+SM+PA+OB","0.00","1.27(-0.19,2.73)","2.55(0.98,4.07)","3.17(1.45,4.83)","3.13(1.29,4.94)","0.0873","0.0006","0.0002","0.0006","1.0008","1.0001","1.0004","1.0006",3513,3216,2830,2782,3369,3584,3202,3291
"N00_N29_C64_C65","2000_2005","2006_2010",5,"Census_Region_2_EQI_Water+SM+PA+OB","0.00","-0.81(-2.54,0.94)","0.74(-1.06,2.55)","0.39(-1.35,2.11)","0.49(-1.44,2.47)","0.3630","0.4164","0.6584","0.6317","1.0005","1.0013","1.0010","1.0008",3383,3107,3364,3527,3351,3408,3498,4012
"N00_N29_C64_C65","2000_2005","2006_2010",5,"Census_Region_2_EQI_Land+SM+PA+OB","0.00","3.61(1.57,5.64)","3.63(1.66,5.57)","3.43(1.37,5.42)","3.71(1.64,5.77)","0.0006","0.0002","0.0010","0.0006","1.0019","1.0015","1.0027","1.0027",3295,3126,2828,2841,3633,3073,3067,2941
"N00_N29_C64_C65","2000_2005","2006_2010",5,"Census_Region_2_EQI_Built+SM+PA+OB","0.00","3.97(2.52,5.40)","3.70(2.29,5.10)","3.44(2.04,4.83)","3.46(1.93,5.02)","0.0002","0.0002","0.0002","0.0002","1.0019","1.0023","1.0023","1.0022",3235,3060,3254,3143,3530,3499,3323,3265
"N00_N29_C64_C65","2000_2005","2006_2010",5,"Census_Region_2_EQI_Social+SM+PA+OB","0.00","-2.64(-4.78,-0.59)","-3.44(-5.40,-1.40)","-3.72(-5.75,-1.63)","-3.46(-5.78,-1.17)","0.0135","0.0015","0.0002","0.0031","1.0013","1.0019","1.0015","1.0015",3420,3152,3112,3031,3660,3322,3334,3348
"N00_N29_C64_C65","2000_2005","2011_2015",10,"Census_Region_2_EQI+SM+PA+OB","0.00","5.12(3.53,6.72)","7.09(5.61,8.60)","5.51(4.04,6.98)","6.92(5.31,8.50)","0.0002","0.0002","0.0002","0.0002","1.0030","1.0016","1.0024","1.0020",2733,2140,1836,1783,3168,2904,2768,2468
"N00_N29_C64_C65","2000_2005","2011_2015",10,"Census_Region_2_EQI_Air+SM+PA+OB","0.00","2.93(1.62,4.21)","2.94(1.54,4.35)","4.05(2.49,5.55)","4.73(3.09,6.43)","0.0002","0.0002","0.0002","0.0002","1.0010","1.0021","1.0013","1.0005",3590,3109,3080,2875,3817,3321,3316,3345
"N00_N29_C64_C65","2000_2005","2011_2015",10,"Census_Region_2_EQI_Water+SM+PA+OB","0.00","0.07(-1.48,1.67)","0.72(-0.92,2.44)","0.42(-1.18,2.04)","-0.43(-2.24,1.39)","0.9313","0.3939","0.6051","0.6584","1.0006","1.0000","1.0004","0.9996",3320,3257,3374,3379,3060,3147,3028,3172
"N00_N29_C64_C65","2000_2005","2011_2015",10,"Census_Region_2_EQI_Land+SM+PA+OB","0.00","4.02(2.22,5.87)","4.12(2.38,5.95)","3.17(1.33,5.01)","4.39(2.59,6.26)","0.0002","0.0002","0.0006","0.0002","1.0012","1.0019","1.0018","1.0017",3492,3201,3081,3071,3512,3092,3234,3191
"N00_N29_C64_C65","2000_2005","2011_2015",10,"Census_Region_2_EQI_Built+SM+PA+OB","0.00","2.94(1.61,4.31)","2.85(1.52,4.16)","2.99(1.63,4.35)","2.77(1.34,4.23)","0.0002","0.0006","0.0006","0.0010","1.0021","1.0002","1.0012","1.0007",3670,3283,3269,2798,3363,2926,2888,3233
"N00_N29_C64_C65","2000_2005","2011_2015",10,"Census_Region_2_EQI_Social+SM+PA+OB","0.00","-1.18(-3.21,0.85)","-2.08(-4.07,-0.17)","-3.55(-5.56,-1.60)","-3.33(-5.62,-1.13)","0.2564","0.0323","0.0006","0.0027","1.0001","1.0002","1.0014","1.0010",3241,2671,2465,2564,3299,3126,2900,2781
"N00_N29_C64_C65","2000_2005","2016_2020",15,"Census_Region_2_EQI+SM+PA+OB","0.00","4.98(3.29,6.65)","4.81(3.22,6.39)","5.44(3.86,6.93)","6.85(5.16,8.48)","0.0002","0.0002","0.0002","0.0002","1.0002","1.0021","1.0012","1.0011",2530,2102,2052,2070,3044,3009,2579,2595
"N00_N29_C64_C65","2000_2005","2016_2020",15,"Census_Region_2_EQI_Air+SM+PA+OB","0.00","2.09(0.84,3.37)","3.10(1.80,4.41)","4.00(2.57,5.45)","4.90(3.27,6.56)","0.0010","0.0002","0.0002","0.0002","1.0013","1.0026","1.0016","1.0015",3518,3052,3112,3031,3409,3410,3387,3019
"N00_N29_C64_C65","2000_2005","2016_2020",15,"Census_Region_2_EQI_Water+SM+PA+OB","0.00","0.89(-0.79,2.56)","2.17(0.45,3.84)","2.10(0.44,3.69)","1.05(-0.85,2.87)","0.2989","0.0144","0.0090","0.2568","1.0008","1.0008","1.0009","1.0015",3193,3091,3272,3250,3543,3225,2824,3512
"N00_N29_C64_C65","2000_2005","2016_2020",15,"Census_Region_2_EQI_Land+SM+PA+OB","0.00","3.82(2.05,5.55)","3.71(1.96,5.45)","4.18(2.37,6.03)","4.86(3.01,6.71)","0.0002","0.0002","0.0002","0.0002","1.0010","1.0009","1.0006","1.0003",3433,3006,2960,3001,3144,3201,2964,3063
"N00_N29_C64_C65","2000_2005","2016_2020",15,"Census_Region_2_EQI_Built+SM+PA+OB","0.00","2.30(1.01,3.61)","2.60(1.29,3.90)","2.87(1.60,4.16)","2.59(1.22,3.92)","0.0002","0.0006","0.0002","0.0002","1.0010","1.0013","1.0002","1.0015",4004,3468,3359,3553,3919,3707,3429,3699
"N00_N29_C64_C65","2000_2005","2016_2020",15,"Census_Region_2_EQI_Social+SM+PA+OB","0.00","-4.46(-6.45,-2.44)","-5.32(-7.25,-3.37)","-6.22(-8.25,-4.20)","-7.07(-9.26,-4.91)","0.0002","0.0002","0.0002","0.0002","1.0016","1.0018","1.0033","1.0013",3027,2872,2777,2794,3207,3276,2767,2897
"N00_N29_C64_C65","2000_2005","2021_2024",20,"Census_Region_2_EQI+SM+PA+OB","0.00","6.16(4.10,8.26)","4.16(2.23,6.01)","5.63(3.74,7.50)","6.15(4.17,8.15)","0.0002","0.0002","0.0002","0.0002","1.0038","1.0028","1.0048","1.0052",2433,2124,1930,1924,3104,2647,2610,2608
"N00_N29_C64_C65","2000_2005","2021_2024",20,"Census_Region_2_EQI_Air+SM+PA+OB","0.00","1.76(0.10,3.37)","2.51(0.69,4.25)","3.38(1.56,5.22)","3.91(1.92,5.96)","0.0377","0.0073","0.0002","0.0002","1.0013","1.0013","1.0026","1.0014",3373,2989,2420,2665,3495,3441,3316,3492
"N00_N29_C64_C65","2000_2005","2021_2024",20,"Census_Region_2_EQI_Water+SM+PA+OB","0.00","0.45(-1.59,2.51)","0.31(-1.76,2.37)","0.59(-1.42,2.63)","-1.65(-3.89,0.71)","0.6738","0.7713","0.5593","0.1585","1.0014","1.0016","1.0013","1.0000",2814,2713,2763,2940,3572,3186,3212,3492
"N00_N29_C64_C65","2000_2005","2021_2024",20,"Census_Region_2_EQI_Land+SM+PA+OB","0.00","1.77(-0.48,4.01)","3.32(1.13,5.54)","3.85(1.62,6.05)","4.74(2.44,7.07)","0.1256","0.0040","0.0002","0.0002","1.0018","1.0000","1.0004","0.9999",3120,2831,2726,2753,3611,3118,3209,3100
"N00_N29_C64_C65","2000_2005","2021_2024",20,"Census_Region_2_EQI_Built+SM+PA+OB","0.00","3.01(1.44,4.61)","2.87(1.31,4.46)","2.92(1.39,4.50)","3.38(1.69,5.08)","0.0006","0.0006","0.0006","0.0002","1.0006","1.0013","1.0025","1.0007",3415,2978,2789,2813,3608,2862,3271,2971
"N00_N29_C64_C65","2000_2005","2021_2024",20,"Census_Region_2_EQI_Social+SM+PA+OB","0.00","-2.17(-4.54,0.13)","-3.56(-5.65,-1.36)","-4.06(-6.29,-1.74)","-5.12(-7.57,-2.64)","0.0660","0.0015","0.0002","0.0002","1.0006","1.0002","1.0006","1.0009",3158,2800,2673,2554,4003,3245,3067,3014
"N00_N29_C64_C65","2000_2005","2006_2010",5,"Census_Region_3_EQI+SM+PA+OB","0.00","1.96(0.76,3.10)","2.14(0.94,3.34)","2.68(1.25,4.08)","4.76(2.93,6.56)","0.0010","0.0010","0.0002","0.0002","1.0009","1.0013","1.0013","1.0009",2590,2236,1983,2069,3077,3315,2809,2950
"N00_N29_C64_C65","2000_2005","2006_2010",5,"Census_Region_3_EQI_Air+SM+PA+OB","0.00","3.95(2.29,5.53)","3.28(1.62,4.95)","3.65(1.95,5.38)","5.38(3.55,7.21)","0.0002","0.0006","0.0002","0.0002","1.0006","1.0005","1.0012","1.0008",2408,2115,1863,1869,3233,3165,2735,2857
"N00_N29_C64_C65","2000_2005","2006_2010",5,"Census_Region_3_EQI_Water+SM+PA+OB","0.00","-1.10(-2.76,0.51)","-0.40(-2.08,1.26)","0.81(-0.98,2.56)","0.55(-1.34,2.42)","0.1768","0.6442","0.3655","0.5501","1.0020","1.0017","1.0023","1.0016",2315,2248,2218,2384,2676,3036,3064,3288
"N00_N29_C64_C65","2000_2005","2006_2010",5,"Census_Region_3_EQI_Land+SM+PA+OB","0.00","-0.61(-1.48,0.24)","0.31(-0.68,1.32)","0.37(-1.14,1.85)","-0.53(-2.38,1.36)","0.1585","0.5355","0.6280","0.5693","1.0003","1.0032","0.9998","1.0001",3805,3975,4591,3988,3297,3822,3825,3560
"N00_N29_C64_C65","2000_2005","2006_2010",5,"Census_Region_3_EQI_Built+SM+PA+OB","0.00","1.95(0.82,3.01)","2.18(1.05,3.28)","2.13(0.96,3.34)","3.11(1.75,4.45)","0.0006","0.0002","0.0010","0.0002","1.0007","1.0021","1.0019","1.0016",3078,3040,2681,2657,3524,3427,3232,3119
"N00_N29_C64_C65","2000_2005","2006_2010",5,"Census_Region_3_EQI_Social+SM+PA+OB","0.00","-0.77(-1.78,0.25)","-2.42(-3.69,-1.16)","-1.44(-2.87,-0.01)","-1.39(-3.24,0.39)","0.1443","0.0002","0.0489","0.1339","1.0005","1.0005","1.0012","1.0015",3135,2589,2408,2334,3652,2560,2937,2927
"N00_N29_C64_C65","2000_2005","2011_2015",10,"Census_Region_3_EQI+SM+PA+OB","0.00","2.44(1.41,3.46)","2.16(1.06,3.27)","2.71(1.40,4.00)","4.03(2.44,5.70)","0.0002","0.0006","0.0002","0.0002","1.0014","1.0012","1.0012","1.0008",2388,1949,1871,1817,3121,2675,2441,2718
"N00_N29_C64_C65","2000_2005","2011_2015",10,"Census_Region_3_EQI_Air+SM+PA+OB","0.00","2.80(1.23,4.37)","3.35(1.72,4.91)","4.07(2.38,5.71)","5.31(3.53,7.07)","0.0006","0.0002","0.0002","0.0002","1.0006","1.0012","1.0011","1.0013",2477,2279,2095,2082,3271,3034,2799,2568
"N00_N29_C64_C65","2000_2005","2011_2015",10,"Census_Region_3_EQI_Water+SM+PA+OB","0.00","-0.83(-2.35,0.66)","0.45(-1.10,2.00)","0.75(-0.90,2.40)","-0.30(-2.06,1.49)","0.2872","0.5826","0.3805","0.7301","1.0014","1.0011","1.0011","1.0006",2497,2338,2488,2520,3253,3298,3002,3259
"N00_N29_C64_C65","2000_2005","2011_2015",10,"Census_Region_3_EQI_Land+SM+PA+OB","0.00","-0.75(-1.56,0.05)","-0.35(-1.30,0.61)","-1.33(-2.76,-0.00)","-0.43(-2.26,1.44)","0.0710","0.4805","0.0502","0.6480","1.0007","1.0008","1.0003","1.0004",4118,4305,4080,3921,3865,3861,3344,3796
"N00_N29_C64_C65","2000_2005","2011_2015",10,"Census_Region_3_EQI_Built+SM+PA+OB","0.00","1.49(0.49,2.52)","2.04(0.98,3.09)","1.30(0.17,2.41)","2.08(0.80,3.35)","0.0052","0.0002","0.0227","0.0019","1.0004","1.0005","1.0007","1.0015",3030,3332,3001,2744,3560,3468,3631,3516
"N00_N29_C64_C65","2000_2005","2011_2015",10,"Census_Region_3_EQI_Social+SM+PA+OB","0.00","-0.32(-1.31,0.67)","-1.32(-2.52,-0.11)","-0.90(-2.32,0.56)","-1.42(-3.14,0.27)","0.5380","0.0340","0.2210","0.0981","1.0009","1.0005","1.0004","1.0019",3257,2808,2696,2524,3870,3314,3283,3388
"N00_N29_C64_C65","2000_2005","2016_2020",15,"Census_Region_3_EQI+SM+PA+OB","0.00","1.73(0.65,2.76)","2.59(1.46,3.76)","2.85(1.50,4.20)","4.87(3.16,6.53)","0.0010","0.0002","0.0002","0.0002","1.0025","1.0030","1.0043","1.0045",2397,2123,1846,1916,3256,3268,2584,2844
"N00_N29_C64_C65","2000_2005","2016_2020",15,"Census_Region_3_EQI_Air+SM+PA+OB","0.00","2.80(1.14,4.41)","3.18(1.56,4.84)","3.78(2.06,5.45)","5.04(3.23,6.82)","0.0010","0.0002","0.0002","0.0002","1.0028","1.0033","1.0036","1.0029",2201,2030,1821,1862,3326,3168,3012,2996
"N00_N29_C64_C65","2000_2005","2016_2020",15,"Census_Region_3_EQI_Water+SM+PA+OB","0.00","-0.55(-2.07,0.94)","0.05(-1.52,1.60)","0.46(-1.19,2.11)","0.15(-1.63,1.93)","0.4893","0.9408","0.6076","0.8750","1.0014","1.0004","1.0007","1.0005",2329,2186,2343,2180,3624,3165,3474,3101
"N00_N29_C64_C65","2000_2005","2016_2020",15,"Census_Region_3_EQI_Land+SM+PA+OB","0.00","-0.56(-1.39,0.27)","-0.63(-1.61,0.39)","-0.86(-2.32,0.62)","-1.69(-3.56,0.19)","0.1856","0.2168","0.2393","0.0781","1.0002","1.0004","1.0006","1.0016",4333,4021,4813,4371,4036,3467,3048,3420
"N00_N29_C64_C65","2000_2005","2016_2020",15,"Census_Region_3_EQI_Built+SM+PA+OB","0.00","2.02(0.96,3.09)","2.78(1.71,3.90)","3.13(1.95,4.29)","4.52(3.13,5.88)","0.0002","0.0002","0.0002","0.0002","1.0006","1.0012","1.0013","1.0029",3299,2748,2788,2477,3139,3641,3339,3011
"N00_N29_C64_C65","2000_2005","2016_2020",15,"Census_Region_3_EQI_Social+SM+PA+OB","0.00","-0.95(-1.98,0.08)","-1.87(-3.10,-0.63)","-1.30(-2.77,0.13)","-1.13(-2.93,0.65)","0.0706","0.0027","0.0777","0.2214","1.0015","1.0017","1.0015","1.0026",3078,2654,2586,2421,3376,3078,2872,3149
"N00_N29_C64_C65","2000_2005","2021_2024",20,"Census_Region_3_EQI+SM+PA+OB","0.00","2.60(1.29,3.87)","3.18(1.78,4.51)","4.46(2.81,6.06)","6.34(4.29,8.43)","0.0006","0.0002","0.0002","0.0002","1.0017","1.0025","1.0015","1.0026",2468,1976,1855,2032,3278,3409,3292,2939
"N00_N29_C64_C65","2000_2005","2021_2024",20,"Census_Region_3_EQI_Air+SM+PA+OB","0.00","3.31(1.43,5.20)","4.27(2.36,6.17)","4.54(2.58,6.51)","5.37(3.27,7.49)","0.0015","0.0002","0.0002","0.0002","1.0013","1.0009","1.0017","1.0014",2309,1960,1927,1942,3092,2663,2794,2639
"N00_N29_C64_C65","2000_2005","2021_2024",20,"Census_Region_3_EQI_Water+SM+PA+OB","0.00","-1.38(-3.29,0.43)","-0.93(-2.83,0.99)","1.56(-0.52,3.59)","-0.41(-2.62,1.75)","0.1398","0.3443","0.1431","0.7234","1.0045","1.0065","1.0055","1.0035",2039,1807,1931,1968,2698,3159,2929,2769
"N00_N29_C64_C65","2000_2005","2021_2024",20,"Census_Region_3_EQI_Land+SM+PA+OB","0.00","-1.11(-2.12,-0.13)","-0.79(-1.96,0.42)","-0.32(-2.10,1.43)","0.11(-2.14,2.40)","0.0273","0.1952","0.7134","0.9175","1.0001","1.0004","1.0006","1.0018",3931,3744,4098,4380,3845,4035,3664,3919
"N00_N29_C64_C65","2000_2005","2021_2024",20,"Census_Region_3_EQI_Built+SM+PA+OB","0.00","2.45(1.21,3.75)","2.86(1.51,4.17)","3.89(2.45,5.31)","5.82(4.17,7.42)","0.0006","0.0002","0.0002","0.0002","1.0009","1.0006","1.0010","1.0013",3145,2903,2703,2578,3371,3628,3386,3257
"N00_N29_C64_C65","2000_2005","2021_2024",20,"Census_Region_3_EQI_Social+SM+PA+OB","0.00","-1.08(-2.33,0.15)","-2.06(-3.53,-0.59)","-2.17(-3.85,-0.44)","-1.73(-3.85,0.35)","0.0819","0.0065","0.0135","0.1052","1.0006","1.0008","1.0008","1.0004",2179,1753,1849,1639,3188,2965,3163,2683
"N00_N29_C64_C65","2000_2005","2006_2010",5,"Census_Region_4_EQI+SM+PA+OB","0.00","3.61(1.27,5.85)","3.94(1.74,6.03)","4.33(1.89,6.64)","4.06(1.70,6.38)","0.0035","0.0002","0.0002","0.0031","1.0012","1.0016","1.0020","1.0022",3444,2808,2604,2427,3497,3070,2867,2696
"N00_N29_C64_C65","2000_2005","2006_2010",5,"Census_Region_4_EQI_Air+SM+PA+OB","0.00","1.32(-0.51,3.13)","0.64(-1.52,2.69)","1.20(-0.65,3.19)","0.38(-1.95,2.68)","0.1543","0.5476","0.2364","0.7363","1.0032","1.0030","1.0037","1.0031",3237,3552,2778,3012,3261,3580,3614,3535
"N00_N29_C64_C65","2000_2005","2006_2010",5,"Census_Region_4_EQI_Water+SM+PA+OB","0.00","-2.91(-6.30,0.34)","3.54(0.23,6.71)","2.57(-0.69,5.80)","2.03(-1.06,4.83)","0.0781","0.0394","0.1218","0.1814","1.0001","1.0004","1.0004","0.9997",2190,2174,2070,1895,2976,2872,3337,2748
"N00_N29_C64_C65","2000_2005","2006_2010",5,"Census_Region_4_EQI_Land+SM+PA+OB","0.00","0.72(-3.42,4.78)","2.04(-1.30,5.10)","2.02(-1.17,4.98)","1.14(-2.01,4.18)","0.7117","0.2168","0.1943","0.4618","1.0025","1.0033","1.0042","1.0049",2433,1886,1830,1827,2951,2366,2326,2464
"N00_N29_C64_C65","2000_2005","2006_2010",5,"Census_Region_4_EQI_Built+SM+PA+OB","0.00","4.85(2.51,7.16)","3.71(1.53,5.91)","4.28(2.16,6.48)","3.47(1.25,5.67)","0.0002","0.0006","0.0002","0.0006","1.0008","1.0018","1.0013","1.0003",3021,2758,2515,2257,3711,3177,2943,3069
"N00_N29_C64_C65","2000_2005","2006_2010",5,"Census_Region_4_EQI_Social+SM+PA+OB","0.00","1.51(-0.45,3.37)","0.69(-1.29,2.69)","0.88(-1.29,3.00)","2.07(-0.43,4.58)","0.1277","0.4780","0.4364","0.1123","1.0002","1.0004","1.0008","1.0016",3380,2966,2593,2609,3331,3806,3281,3115
"N00_N29_C64_C65","2000_2005","2011_2015",10,"Census_Region_4_EQI+SM+PA+OB","0.00","4.36(2.35,6.30)","4.37(2.38,6.31)","4.70(2.49,6.77)","4.70(2.50,6.78)","0.0002","0.0002","0.0002","0.0002","1.0020","1.0010","1.0018","1.0027",2662,2208,2150,1977,3525,2940,3067,2523
"N00_N29_C64_C65","2000_2005","2011_2015",10,"Census_Region_4_EQI_Air+SM+PA+OB","0.00","1.23(-0.27,2.69)","-0.25(-1.98,1.52)","-0.27(-1.90,1.37)","-0.15(-2.11,1.81)","0.1144","0.7709","0.7621","0.8725","1.0007","1.0007","0.9999","1.0002",3444,3434,3334,3073,3397,3701,3324,3600
"N00_N29_C64_C65","2000_2005","2011_2015",10,"Census_Region_4_EQI_Water+SM+PA+OB","0.00","-1.84(-5.34,1.57)","1.97(-1.50,5.35)","2.10(-1.54,5.42)","1.58(-1.81,4.75)","0.3126","0.2539","0.2360","0.3464","1.0021","1.0032","1.0005","1.0013",1802,1810,1818,1758,2759,2572,2635,2669
"N00_N29_C64_C65","2000_2005","2011_2015",10,"Census_Region_4_EQI_Land+SM+PA+OB","0.00","-0.04(-4.06,3.88)","0.29(-3.15,3.55)","1.82(-1.35,4.92)","0.65(-2.64,3.86)","0.9888","0.8442","0.2668","0.6676","1.0036","1.0048","1.0049","1.0044",2383,1837,1816,1833,3075,2667,2786,2514
"N00_N29_C64_C65","2000_2005","2011_2015",10,"Census_Region_4_EQI_Built+SM+PA+OB","0.00","5.06(3.05,7.04)","6.81(4.82,8.75)","5.30(3.48,7.09)","5.66(3.79,7.50)","0.0002","0.0002","0.0002","0.0002","0.9999","1.0011","1.0014","1.0005",3188,2562,2710,2638,3589,3569,3232,3466
"N00_N29_C64_C65","2000_2005","2011_2015",10,"Census_Region_4_EQI_Social+SM+PA+OB","0.00","1.67(-0.07,3.34)","0.63(-1.11,2.37)","1.55(-0.46,3.55)","2.66(0.45,4.86)","0.0589","0.4797","0.1302","0.0227","1.0006","1.0012","1.0014","1.0025",3298,2969,2660,2517,3351,3265,3074,3157
"N00_N29_C64_C65","2000_2005","2016_2020",15,"Census_Region_4_EQI+SM+PA+OB","0.00","4.44(2.48,6.44)","4.77(2.73,6.72)","5.14(2.89,7.22)","5.26(3.07,7.40)","0.0002","0.0002","0.0002","0.0002","1.0008","1.0016","1.0018","1.0023",2734,2520,2218,2093,3332,2975,2961,2956
"N00_N29_C64_C65","2000_2005","2016_2020",15,"Census_Region_4_EQI_Air+SM+PA+OB","0.00","2.33(0.75,3.95)","0.61(-1.13,2.33)","0.70(-0.99,2.38)","0.54(-1.44,2.51)","0.0052","0.5064","0.4318","0.5951","1.0020","1.0005","1.0013","1.0012",3577,3377,3228,3190,3842,3540,3315,3947
"N00_N29_C64_C65","2000_2005","2016_2020",15,"Census_Region_4_EQI_Water+SM+PA+OB","0.00","-3.79(-7.73,-0.25)","1.96(-1.99,5.55)","0.79(-3.15,4.34)","1.82(-1.88,5.17)","0.0369","0.3085","0.6480","0.3156","1.0043","1.0053","1.0052","1.0053",1547,1532,1567,1549,2425,2293,2438,2305
"N00_N29_C64_C65","2000_2005","2016_2020",15,"Census_Region_4_EQI_Land+SM+PA+OB","0.00","0.94(-3.25,5.07)","0.84(-2.60,4.11)","0.61(-2.69,3.79)","0.35(-2.95,3.53)","0.6584","0.6259","0.7130","0.8209","1.0010","1.0019","1.0020","1.0019",2118,1757,1611,1648,3191,2830,2438,2634
"N00_N29_C64_C65","2000_2005","2016_2020",15,"Census_Region_4_EQI_Built+SM+PA+OB","0.00","4.09(1.95,6.18)","5.27(3.20,7.30)","3.53(1.56,5.40)","3.70(1.62,5.66)","0.0002","0.0002","0.0002","0.0002","1.0024","1.0012","1.0020","1.0022",2598,2482,2367,2101,3286,3100,3377,3483
"N00_N29_C64_C65","2000_2005","2016_2020",15,"Census_Region_4_EQI_Social+SM+PA+OB","0.00","0.49(-1.22,2.18)","0.39(-1.36,2.15)","0.32(-1.69,2.36)","1.47(-0.84,3.78)","0.5813","0.6917","0.7551","0.2206","1.0004","1.0018","1.0008","1.0025",3184,2668,2533,2469,3607,3472,3079,3057
"N00_N29_C64_C65","2000_2005","2021_2024",20,"Census_Region_4_EQI+SM+PA+OB","0.00","4.79(2.17,7.31)","4.63(2.06,7.08)","5.09(2.41,7.71)","4.35(1.54,6.98)","0.0002","0.0006","0.0002","0.0027","1.0012","1.0012","1.0011","1.0017",2473,2056,2083,2001,3264,2379,2632,2314
"N00_N29_C64_C65","2000_2005","2021_2024",20,"Census_Region_4_EQI_Air+SM+PA+OB","0.00","3.13(1.24,5.12)","1.34(-0.90,3.62)","1.71(-0.44,3.82)","1.46(-1.00,3.94)","0.0015","0.2322","0.1164","0.2527","1.0000","1.0008","1.0010","1.0006",3681,2969,2890,2871,3587,3368,3504,3603
"N00_N29_C64_C65","2000_2005","2021_2024",20,"Census_Region_4_EQI_Water+SM+PA+OB","0.00","-1.11(-5.23,2.95)","3.05(-0.93,6.95)","4.71(0.64,8.55)","1.84(-2.14,5.51)","0.5909","0.1293","0.0256","0.3376","1.0007","1.0013","1.0020","1.0007",1885,1818,1873,1730,2656,2645,2732,2667
"N00_N29_C64_C65","2000_2005","2021_2024",20,"Census_Region_4_EQI_Land+SM+PA+OB","0.00","3.32(-1.57,7.96)","1.62(-2.43,5.34)","1.89(-1.83,5.48)","1.37(-2.35,5.03)","0.1756","0.3943","0.2972","0.4526","1.0018","1.0054","1.0055","1.0046",2614,1982,2007,2086,2972,3094,2811,2767
"N00_N29_C64_C65","2000_2005","2021_2024",20,"Census_Region_4_EQI_Built+SM+PA+OB","0.00","3.28(0.63,5.88)","6.73(4.12,9.26)","4.87(2.32,7.37)","4.33(1.84,6.81)","0.0165","0.0002","0.0002","0.0006","1.0010","1.0010","1.0012","1.0015",3075,2943,2735,2598,3509,3731,3552,3072
"N00_N29_C64_C65","2000_2005","2021_2024",20,"Census_Region_4_EQI_Social+SM+PA+OB","0.00","0.91(-1.21,3.11)","0.19(-2.03,2.53)","1.14(-1.32,3.68)","1.48(-1.32,4.31)","0.4097","0.8650","0.3718","0.3018","1.0011","1.0013","1.0021","1.0023",2995,2737,2542,2477,3524,3644,3355,3114
"N00_N29_C64_C65","2000_2005","2006_2010",5,"koppen_major_B_EQI+SM+PA+OB","0.00","4.20(1.59,6.74)","4.18(1.56,6.74)","5.22(2.17,8.22)","6.04(2.35,9.52)","0.0010","0.0010","0.0002","0.0006","1.0011","1.0001","1.0020","1.0005",3650,3071,2235,2542,3834,3402,3007,3155
"N00_N29_C64_C65","2000_2005","2006_2010",5,"koppen_major_B_EQI_Air+SM+PA+OB","0.00","0.73(-1.67,3.10)","-0.25(-2.99,2.52)","-0.35(-3.19,2.41)","-0.16(-4.14,3.61)","0.5484","0.8617","0.8075","0.9296","1.0005","1.0001","1.0007","1.0010",4515,4765,4106,5517,3479,3552,3915,3835
"N00_N29_C64_C65","2000_2005","2006_2010",5,"koppen_major_B_EQI_Water+SM+PA+OB","0.00","-0.29(-4.05,3.62)","2.41(-1.34,6.21)","2.26(-1.07,5.78)","1.74(-1.49,5.14)","0.8725","0.2118","0.1981","0.2839","1.0005","1.0024","1.0017","0.9998",2278,2488,2000,2242,3318,3226,2597,2873
"N00_N29_C64_C65","2000_2005","2006_2010",5,"koppen_major_B_EQI_Land+SM+PA+OB","0.00","3.53(0.11,6.87)","3.57(0.38,6.96)","5.93(2.48,9.39)","2.53(-1.11,6.11)","0.0439","0.0310","0.0002","0.1710","1.0013","1.0017","1.0014","1.0017",2815,2780,2521,2639,3771,3129,3471,3146
"N00_N29_C64_C65","2000_2005","2006_2010",5,"koppen_major_B_EQI_Built+SM+PA+OB","0.00","5.98(3.25,8.71)","5.50(2.62,8.39)","6.24(3.51,9.00)","5.79(2.71,8.76)","0.0002","0.0002","0.0002","0.0002","0.9998","1.0002","1.0007","1.0004",3280,2831,3513,2584,3133,3059,3584,3135
"N00_N29_C64_C65","2000_2005","2006_2010",5,"koppen_major_B_EQI_Social+SM+PA+OB","0.00","0.54(-2.14,3.15)","0.47(-2.24,3.19)","-0.33(-3.30,2.73)","5.17(1.09,9.21)","0.6784","0.7426","0.8155","0.0110","1.0021","1.0019","1.0007","1.0004",3780,3336,3632,3868,3439,3657,3799,3789
"N00_N29_C64_C65","2000_2005","2011_2015",10,"koppen_major_B_EQI+SM+PA+OB","0.00","5.49(3.23,7.72)","4.74(2.32,7.06)","4.98(2.22,7.77)","5.36(2.05,8.57)","0.0002","0.0002","0.0010","0.0044","0.9999","1.0003","1.0010","0.9997",4115,3725,3244,3504,3539,3614,3919,3565
"N00_N29_C64_C65","2000_2005","2011_2015",10,"koppen_major_B_EQI_Air+SM+PA+OB","0.00","2.12(-0.07,4.32)","-0.24(-2.69,2.20)","-0.19(-2.77,2.47)","0.82(-2.98,4.47)","0.0606","0.8679","0.8771","0.6738","1.0010","0.9999","1.0009","1.0003",4104,3954,3456,4438,3813,4035,3501,3676
"N00_N29_C64_C65","2000_2005","2011_2015",10,"koppen_major_B_EQI_Water+SM+PA+OB","0.00","0.90(-2.28,4.19)","4.55(1.22,7.92)","4.76(1.62,8.04)","4.47(1.30,7.70)","0.6017","0.0090","0.0031","0.0052","1.0027","1.0022","1.0039","1.0036",2472,2247,2161,2166,3353,3453,2839,2990
"N00_N29_C64_C65","2000_2005","2011_2015",10,"koppen_major_B_EQI_Land+SM+PA+OB","0.00","1.64(-1.39,4.74)","2.35(-0.81,5.45)","3.21(-0.03,6.47)","0.96(-2.47,4.41)","0.2864","0.1285","0.0523","0.5784","1.0000","1.0003","1.0007","1.0001",3202,2871,2806,2798,3320,3423,3472,3514
"N00_N29_C64_C65","2000_2005","2011_2015",10,"koppen_major_B_EQI_Built+SM+PA+OB","0.00","6.26(3.93,8.60)","6.77(4.29,9.30)","4.07(1.74,6.48)","4.84(1.99,7.61)","0.0002","0.0002","0.0002","0.0015","1.0006","1.0007","1.0017","1.0001",4157,3563,3301,3277,4055,3622,3822,3626
"N00_N29_C64_C65","2000_2005","2011_2015",10,"koppen_major_B_EQI_Social+SM+PA+OB","0.00","3.35(1.08,5.60)","2.30(-0.20,4.74)","1.72(-1.26,4.54)","3.61(-0.01,7.18)","0.0056","0.0744","0.2418","0.0519","1.0005","1.0011","1.0016","1.0003",3638,3204,3311,3137,3777,3294,3476,3832
"N00_N29_C64_C65","2000_2005","2016_2020",15,"koppen_major_B_EQI+SM+PA+OB","0.00","4.17(1.79,6.54)","5.90(3.29,8.36)","6.63(3.61,9.66)","6.45(2.86,9.90)","0.0010","0.0002","0.0002","0.0006","1.0007","1.0001","0.9994","0.9997",4125,3434,3119,2956,3751,3977,3434,3426
"N00_N29_C64_C65","2000_2005","2016_2020",15,"koppen_major_B_EQI_Air+SM+PA+OB","0.00","3.38(0.94,5.72)","1.49(-1.30,4.46)","1.30(-1.66,4.22)","0.87(-3.37,5.04)","0.0069","0.3260","0.4010","0.6855","1.0015","1.0006","1.0003","1.0027",4384,4351,4006,5502,3695,3606,3869,3973
"N00_N29_C64_C65","2000_2005","2016_2020",15,"koppen_major_B_EQI_Water+SM+PA+OB","0.00","-1.44(-5.14,2.32)","2.89(-0.92,6.65)","3.48(-0.21,7.16)","4.15(0.50,7.81)","0.4576","0.1331","0.0652","0.0215","1.0015","1.0012","1.0018","1.0025",2119,1960,1772,1943,2901,2927,2922,2798
"N00_N29_C64_C65","2000_2005","2016_2020",15,"koppen_major_B_EQI_Land+SM+PA+OB","0.00","1.41(-2.09,4.98)","1.71(-1.61,5.13)","1.92(-1.59,5.50)","1.10(-2.69,4.92)","0.4376","0.3235","0.3018","0.5872","1.0012","1.0004","1.0020","1.0025",3208,2971,2638,2786,2866,3378,3173,3405
"N00_N29_C64_C65","2000_2005","2016_2020",15,"koppen_major_B_EQI_Built+SM+PA+OB","0.00","3.13(0.55,5.77)","4.47(1.53,7.31)","2.33(-0.37,5.00)","3.32(0.23,6.31)","0.0148","0.0015","0.0889","0.0356","1.0006","1.0004","1.0007","1.0015",4737,3860,4103,3560,3270,3535,3819,3816
"N00_N29_C64_C65","2000_2005","2016_2020",15,"koppen_major_B_EQI_Social+SM+PA+OB","0.00","1.09(-1.42,3.60)","2.34(-0.32,4.94)","0.39(-2.74,3.40)","2.60(-1.25,6.63)","0.3885","0.0935","0.7938","0.1989","1.0002","1.0027","1.0011","1.0006",4201,3687,3890,3809,3740,3814,3696,3582
"N00_N29_C64_C65","2000_2005","2021_2024",20,"koppen_major_B_EQI+SM+PA+OB","0.00","5.20(2.25,8.11)","7.00(4.02,10.05)","7.46(3.82,10.94)","6.22(2.15,10.14)","0.0006","0.0002","0.0002","0.0023","1.0018","1.0017","1.0013","1.0015",3248,2789,2576,2462,3291,3237,3153,3263
"N00_N29_C64_C65","2000_2005","2021_2024",20,"koppen_major_B_EQI_Air+SM+PA+OB","0.00","3.19(0.28,5.98)","0.99(-2.23,4.17)","1.05(-2.40,4.33)","0.08(-4.81,4.87)","0.0294","0.5622","0.5568","0.9808","1.0008","1.0016","1.0019","1.0001",4630,4778,4380,5822,3654,3874,3902,3512
"N00_N29_C64_C65","2000_2005","2021_2024",20,"koppen_major_B_EQI_Water+SM+PA+OB","0.00","-0.01(-4.39,4.21)","2.93(-1.43,7.21)","5.81(1.69,9.93)","1.83(-2.37,5.77)","0.9938","0.1710","0.0069","0.3839","1.0020","1.0024","1.0025","1.0010",3096,2777,2716,2547,3787,3293,3466,3033
"N00_N29_C64_C65","2000_2005","2021_2024",20,"koppen_major_B_EQI_Land+SM+PA+OB","0.00","-0.23(-4.00,3.74)","1.63(-2.30,5.49)","2.35(-1.55,6.39)","2.06(-2.22,6.32)","0.8917","0.4097","0.2552","0.3376","1.0010","1.0011","1.0010","1.0007",3774,3383,3041,3116,4102,3518,3522,3649
"N00_N29_C64_C65","2000_2005","2021_2024",20,"koppen_major_B_EQI_Built+SM+PA+OB","0.00","5.86(2.83,8.96)","7.88(4.63,11.20)","6.21(2.98,9.40)","6.88(3.35,10.42)","0.0002","0.0002","0.0002","0.0006","1.0007","1.0004","1.0003","1.0002",4501,4347,3999,3362,3944,3820,3840,3228
"N00_N29_C64_C65","2000_2005","2021_2024",20,"koppen_major_B_EQI_Social+SM+PA+OB","0.00","0.96(-2.16,3.95)","-0.45(-3.66,2.77)","1.30(-2.38,4.97)","-1.16(-5.61,3.38)","0.5301","0.7896","0.4980","0.6109","1.0013","1.0002","1.0014","1.0016",4192,3501,3221,3687,3840,3485,3701,3985
"N00_N29_C64_C65","2000_2005","2006_2010",5,"koppen_major_C_EQI+SM+PA+OB","0.00","1.49(0.43,2.53)","1.81(0.69,2.90)","1.93(0.68,3.14)","3.60(2.12,5.09)","0.0060","0.0019","0.0035","0.0002","1.0014","1.0030","1.0019","1.0029",1559,1379,1263,1226,2371,2120,2184,2222
"N00_N29_C64_C65","2000_2005","2006_2010",5,"koppen_major_C_EQI_Air+SM+PA+OB","0.00","2.37(0.88,3.82)","2.39(0.93,3.80)","2.96(1.49,4.41)","3.87(2.34,5.38)","0.0015","0.0019","0.0006","0.0006","1.0028","1.0037","1.0035","1.0041",2284,2256,1960,1990,3286,2983,2930,3024
"N00_N29_C64_C65","2000_2005","2006_2010",5,"koppen_major_C_EQI_Water+SM+PA+OB","0.00","-1.02(-2.42,0.45)","-0.41(-1.87,1.11)","-0.14(-1.65,1.44)","0.18(-1.42,1.81)","0.1698","0.5980","0.8471","0.8246","1.0016","1.0018","1.0010","1.0020",2131,1975,1979,1966,2902,2737,2336,2490
"N00_N29_C64_C65","2000_2005","2006_2010",5,"koppen_major_C_EQI_Land+SM+PA+OB","0.00","-0.55(-1.36,0.30)","0.05(-0.89,1.01)","0.05(-1.07,1.22)","-0.01(-1.38,1.36)","0.2002","0.9159","0.9388","0.9967","1.0006","1.0009","0.9999","0.9999",3745,3477,3192,3200,3677,3699,3600,3446
"N00_N29_C64_C65","2000_2005","2006_2010",5,"koppen_major_C_EQI_Built+SM+PA+OB","0.00","2.21(1.23,3.18)","1.93(0.90,2.95)","2.36(1.28,3.45)","3.35(2.17,4.55)","0.0002","0.0006","0.0002","0.0002","1.0022","1.0045","1.0043","1.0043",2796,2338,2229,2279,3624,3219,3306,3291
"N00_N29_C64_C65","2000_2005","2006_2010",5,"koppen_major_C_EQI_Social+SM+PA+OB","0.00","-1.20(-2.18,-0.22)","-2.89(-4.02,-1.79)","-2.50(-3.77,-1.25)","-2.25(-3.68,-0.78)","0.0123","0.0002","0.0006","0.0040","1.0002","1.0011","1.0019","1.0025",2816,2341,2305,2202,3356,3485,3086,3105
"N00_N29_C64_C65","2000_2005","2011_2015",10,"koppen_major_C_EQI+SM+PA+OB","0.00","1.12(0.12,2.06)","1.20(0.15,2.21)","1.04(-0.14,2.18)","2.31(0.90,3.61)","0.0302","0.0227","0.0844","0.0015","1.0013","1.0016","1.0017","1.0017",2393,2060,1900,1978,3165,2438,2566,2442
"N00_N29_C64_C65","2000_2005","2011_2015",10,"koppen_major_C_EQI_Air+SM+PA+OB","0.00","0.12(-1.34,1.55)","1.14(-0.29,2.55)","2.04(0.59,3.50)","2.77(1.20,4.31)","0.8592","0.1285","0.0056","0.0010","1.0034","1.0026","1.0025","1.0024",2288,2073,1975,1947,3284,2939,2719,2919
"N00_N29_C64_C65","2000_2005","2011_2015",10,"koppen_major_C_EQI_Water+SM+PA+OB","0.00","-0.78(-2.18,0.53)","-0.48(-1.86,0.89)","-0.32(-1.80,1.10)","-0.78(-2.28,0.71)","0.2618","0.4980","0.6801","0.3072","1.0033","1.0013","1.0014","1.0013",2109,1880,2009,2073,2344,2655,3010,2796
"N00_N29_C64_C65","2000_2005","2011_2015",10,"koppen_major_C_EQI_Land+SM+PA+OB","0.00","-0.37(-1.12,0.41)","-0.23(-1.09,0.62)","-0.88(-1.91,0.18)","-0.86(-2.07,0.38)","0.3214","0.6088","0.0919","0.1723","1.0001","1.0004","1.0003","1.0006",4109,3641,3513,3596,3402,3475,3688,3658
"N00_N29_C64_C65","2000_2005","2011_2015",10,"koppen_major_C_EQI_Built+SM+PA+OB","0.00","0.95(0.04,1.90)","1.18(0.24,2.15)","1.35(0.34,2.39)","1.76(0.63,2.89)","0.0398","0.0135","0.0094","0.0015","1.0013","1.0012","1.0025","1.0012",2728,2480,2305,2309,3178,3242,3047,3366
"N00_N29_C64_C65","2000_2005","2011_2015",10,"koppen_major_C_EQI_Social+SM+PA+OB","0.00","-1.08(-1.98,-0.22)","-2.04(-3.06,-1.06)","-2.37(-3.58,-1.21)","-2.30(-3.67,-0.96)","0.0085","0.0002","0.0002","0.0006","0.9998","1.0000","1.0005","1.0014",3122,2650,2411,2479,3459,3408,2992,3230
"N00_N29_C64_C65","2000_2005","2016_2020",15,"koppen_major_C_EQI+SM+PA+OB","0.00","0.80(-0.21,1.82)","1.16(0.11,2.23)","1.07(-0.09,2.25)","2.72(1.33,4.11)","0.1189","0.0323","0.0735","0.0006","1.0017","1.0029","1.0025","1.0031",2540,2081,1943,1853,3362,2601,2524,2604
"N00_N29_C64_C65","2000_2005","2016_2020",15,"koppen_major_C_EQI_Air+SM+PA+OB","0.00","0.75(-0.73,2.21)","1.38(-0.16,2.88)","1.85(0.30,3.38)","2.88(1.20,4.51)","0.3406","0.0781","0.0206","0.0015","1.0005","0.9998","1.0001","1.0006",2201,2004,1877,1887,3286,3190,2579,2905
"N00_N29_C64_C65","2000_2005","2016_2020",15,"koppen_major_C_EQI_Water+SM+PA+OB","0.00","-0.67(-2.01,0.66)","-0.18(-1.55,1.22)","-0.24(-1.66,1.21)","-0.22(-1.69,1.30)","0.3214","0.7967","0.7505","0.7730","1.0026","1.0028","1.0019","1.0027",2219,2091,2160,2317,2953,3052,3135,3215
"N00_N29_C64_C65","2000_2005","2016_2020",15,"koppen_major_C_EQI_Land+SM+PA+OB","0.00","-0.31(-1.11,0.47)","-0.59(-1.50,0.32)","-0.26(-1.34,0.87)","-0.93(-2.22,0.34)","0.4464","0.1918","0.6334","0.1518","1.0012","1.0012","1.0010","1.0017",3285,3224,3057,2849,3810,3207,3330,3195
"N00_N29_C64_C65","2000_2005","2016_2020",15,"koppen_major_C_EQI_Built+SM+PA+OB","0.00","1.92(0.97,2.86)","2.30(1.32,3.28)","2.74(1.70,3.76)","3.76(2.61,4.90)","0.0002","0.0002","0.0002","0.0002","1.0005","1.0008","1.0001","1.0008",2760,2199,2247,2135,3157,3019,3202,2895
"N00_N29_C64_C65","2000_2005","2016_2020",15,"koppen_major_C_EQI_Social+SM+PA+OB","0.00","-1.71(-2.63,-0.81)","-2.73(-3.84,-1.69)","-2.84(-4.07,-1.67)","-2.67(-4.12,-1.27)","0.0002","0.0002","0.0002","0.0006","1.0013","1.0031","1.0021","1.0024",2171,1832,1718,1636,3264,2460,2597,2264
"N00_N29_C64_C65","2000_2005","2021_2024",20,"koppen_major_C_EQI+SM+PA+OB","0.00","1.03(-0.24,2.24)","0.91(-0.37,2.19)","1.87(0.46,3.33)","2.89(1.23,4.64)","0.1044","0.1598","0.0135","0.0015","1.0000","1.0017","1.0021","1.0020",2252,1707,1629,1552,3054,2617,2856,2642
"N00_N29_C64_C65","2000_2005","2021_2024",20,"koppen_major_C_EQI_Air+SM+PA+OB","0.00","0.82(-1.02,2.64)","2.29(0.52,4.09)","2.50(0.68,4.37)","3.12(1.22,5.03)","0.3597","0.0119","0.0077","0.0023","1.0014","1.0030","1.0028","1.0032",2406,2165,2026,1953,2831,3137,2588,2602
"N00_N29_C64_C65","2000_2005","2021_2024",20,"koppen_major_C_EQI_Water+SM+PA+OB","0.00","-1.09(-2.76,0.59)","-1.13(-2.75,0.61)","0.04(-1.73,1.85)","-1.07(-2.89,0.84)","0.2035","0.1993","0.9692","0.2631","1.0006","1.0017","1.0022","1.0013",1857,1695,1769,1863,2971,2740,2666,2802
"N00_N29_C64_C65","2000_2005","2021_2024",20,"koppen_major_C_EQI_Land+SM+PA+OB","0.00","-1.04(-2.00,-0.02)","-0.96(-2.08,0.15)","-0.11(-1.47,1.26)","-0.68(-2.25,0.89)","0.0460","0.0894","0.8646","0.3776","1.0010","1.0033","1.0028","1.0026",3503,3138,3037,2871,3369,3468,3291,3335
"N00_N29_C64_C65","2000_2005","2021_2024",20,"koppen_major_C_EQI_Built+SM+PA+OB","0.00","1.77(0.61,2.99)","2.01(0.79,3.23)","2.89(1.69,4.11)","4.33(2.96,5.72)","0.0035","0.0015","0.0002","0.0002","1.0006","1.0014","1.0009","1.0003",2942,2627,2420,2367,3393,3273,3568,3523
"N00_N29_C64_C65","2000_2005","2021_2024",20,"koppen_major_C_EQI_Social+SM+PA+OB","0.00","-1.16(-2.30,-0.04)","-2.18(-3.47,-0.83)","-2.68(-4.15,-1.19)","-2.70(-4.36,-0.87)","0.0414","0.0015","0.0006","0.0023","1.0011","1.0022","1.0023","1.0021",2786,2343,2311,2194,3292,3047,2967,2655
"N00_N29_C64_C65","2000_2005","2006_2010",5,"koppen_major_D_EQI+SM+PA+OB","0.00","5.84(4.12,7.62)","6.49(4.85,8.10)","7.65(6.05,9.16)","8.24(6.57,9.85)","0.0002","0.0002","0.0002","0.0002","1.0015","1.0027","1.0016","1.0005",2472,1972,1777,1701,2822,2722,2770,2705
"N00_N29_C64_C65","2000_2005","2006_2010",5,"koppen_major_D_EQI_Air+SM+PA+OB","0.00","1.78(0.41,3.13)","2.08(0.64,3.49)","2.45(0.88,3.92)","3.01(1.39,4.62)","0.0115","0.0077","0.0023","0.0002","1.0012","1.0002","0.9998","1.0015",3595,2945,2821,2626,3465,3409,3166,3183
"N00_N29_C64_C65","2000_2005","2006_2010",5,"koppen_major_D_EQI_Water+SM+PA+OB","0.00","-1.10(-2.70,0.54)","0.52(-1.15,2.23)","1.36(-0.21,3.03)","0.89(-0.90,2.76)","0.1781","0.5455","0.0906","0.3372","1.0013","1.0023","1.0016","1.0012",2530,2115,2292,2339,3531,3358,2988,2742
"N00_N29_C64_C65","2000_2005","2006_2010",5,"koppen_major_D_EQI_Land+SM+PA+OB","0.00","3.02(0.98,5.01)","3.74(1.80,5.65)","3.23(1.26,5.18)","2.98(1.03,4.96)","0.0065","0.0015","0.0044","0.0056","1.0007","1.0018","1.0016","1.0015",2555,2228,2194,2164,3293,2868,2988,2979
"N00_N29_C64_C65","2000_2005","2006_2010",5,"koppen_major_D_EQI_Built+SM+PA+OB","0.00","2.53(0.95,4.05)","2.56(1.14,4.00)","2.26(0.83,3.68)","2.42(0.94,3.92)","0.0002","0.0010","0.0019","0.0002","1.0008","1.0006","1.0014","1.0006",3009,2574,2519,2421,3648,3368,3384,2880
"N00_N29_C64_C65","2000_2005","2006_2010",5,"koppen_major_D_EQI_Social+SM+PA+OB","0.00","-0.05(-2.18,2.09)","0.81(-1.13,2.83)","1.35(-0.66,3.42)","1.79(-0.37,4.05)","0.9629","0.4297","0.1989","0.1189","0.9999","1.0019","1.0011","1.0003",2646,2257,2099,2199,3719,3193,2924,3321
"N00_N29_C64_C65","2000_2005","2011_2015",10,"koppen_major_D_EQI+SM+PA+OB","0.00","6.97(5.35,8.54)","7.40(5.93,8.84)","7.26(5.85,8.69)","8.65(7.17,10.11)","0.0002","0.0002","0.0002","0.0002","1.0030","1.0003","1.0013","1.0021",2584,2023,1857,1761,3290,2485,2486,2606
"N00_N29_C64_C65","2000_2005","2011_2015",10,"koppen_major_D_EQI_Air+SM+PA+OB","0.00","2.39(1.25,3.53)","1.32(0.04,2.57)","2.14(0.81,3.48)","2.77(1.32,4.22)","0.0002","0.0435","0.0027","0.0002","1.0015","1.0019","1.0017","1.0023",3325,2649,2608,2488,3660,3099,3167,3303
"N00_N29_C64_C65","2000_2005","2011_2015",10,"koppen_major_D_EQI_Water+SM+PA+OB","0.00","-0.66(-2.07,0.76)","0.41(-1.09,1.93)","0.75(-0.74,2.18)","0.78(-0.85,2.42)","0.3743","0.6034","0.3043","0.3372","1.0008","1.0015","1.0013","1.0015",2493,2206,2310,2208,3464,3249,3351,3400
"N00_N29_C64_C65","2000_2005","2011_2015",10,"koppen_major_D_EQI_Land+SM+PA+OB","0.00","3.06(1.24,4.88)","2.98(1.22,4.74)","2.98(1.20,4.74)","3.62(1.82,5.37)","0.0006","0.0010","0.0015","0.0002","1.0004","1.0002","1.0010","1.0004",2832,2448,2401,2392,3379,3082,2873,2922
"N00_N29_C64_C65","2000_2005","2011_2015",10,"koppen_major_D_EQI_Built+SM+PA+OB","0.00","3.36(1.99,4.73)","3.75(2.50,5.05)","3.42(2.15,4.69)","3.86(2.58,5.13)","0.0002","0.0002","0.0002","0.0002","1.0005","1.0011","1.0017","1.0022",3183,2536,2377,2446,3768,3057,3009,3428
"N00_N29_C64_C65","2000_2005","2011_2015",10,"koppen_major_D_EQI_Social+SM+PA+OB","0.00","0.68(-1.20,2.54)","1.23(-0.52,3.00)","1.02(-0.73,2.82)","1.56(-0.37,3.55)","0.4776","0.1702","0.2668","0.1214","1.0007","1.0014","1.0010","1.0010",2510,2151,2082,2053,3596,3161,2789,2885
"N00_N29_C64_C65","2000_2005","2016_2020",15,"koppen_major_D_EQI+SM+PA+OB","0.00","6.98(5.37,8.57)","6.50(5.02,8.00)","8.08(6.63,9.54)","9.31(7.79,10.84)","0.0002","0.0002","0.0002","0.0002","1.0013","1.0031","1.0027","1.0037",2254,1968,1652,1611,2719,2580,2287,2109
"N00_N29_C64_C65","2000_2005","2016_2020",15,"koppen_major_D_EQI_Air+SM+PA+OB","0.00","1.54(0.31,2.73)","1.78(0.48,3.00)","2.51(1.17,3.83)","3.26(1.81,4.67)","0.0110","0.0060","0.0002","0.0002","1.0007","1.0012","1.0009","1.0016",3144,2501,2308,2316,3700,3184,3175,3120
"N00_N29_C64_C65","2000_2005","2016_2020",15,"koppen_major_D_EQI_Water+SM+PA+OB","0.00","-0.14(-1.62,1.35)","1.32(-0.21,2.86)","1.68(0.23,3.19)","1.56(-0.06,3.15)","0.8596","0.0873","0.0219","0.0610","1.0011","1.0019","1.0017","1.0013",2311,2242,2219,2196,3492,2890,2933,3002
"N00_N29_C64_C65","2000_2005","2016_2020",15,"koppen_major_D_EQI_Land+SM+PA+OB","0.00","2.87(1.08,4.75)","2.53(0.77,4.27)","2.26(0.47,4.04)","2.89(1.09,4.66)","0.0031","0.0040","0.0152","0.0015","1.0019","1.0009","1.0014","1.0012",2370,1979,1920,1888,2999,2564,2677,2577
"N00_N29_C64_C65","2000_2005","2016_2020",15,"koppen_major_D_EQI_Built+SM+PA+OB","0.00","2.83(1.50,4.17)","3.38(2.12,4.62)","3.94(2.67,5.19)","3.99(2.71,5.28)","0.0002","0.0002","0.0002","0.0002","1.0001","1.0013","1.0009","1.0003",3057,2514,2417,2354,3734,3862,3384,3286
"N00_N29_C64_C65","2000_2005","2016_2020",15,"koppen_major_D_EQI_Social+SM+PA+OB","0.00","-0.60(-2.57,1.35)","-0.17(-2.03,1.66)","0.10(-1.80,1.92)","-0.02(-2.06,1.99)","0.5380","0.8638","0.9179","0.9913","1.0013","1.0012","1.0018","1.0013",2224,2029,1928,1957,3011,2870,2800,2740
"N00_N29_C64_C65","2000_2005","2021_2024",20,"koppen_major_D_EQI+SM+PA+OB","0.00","7.84(5.74,9.93)","5.51(3.61,7.36)","7.11(5.22,8.98)","7.02(5.06,8.94)","0.0002","0.0002","0.0002","0.0002","1.0011","1.0017","1.0020","1.0024",2045,1908,1701,1606,3176,2794,2620,2490
"N00_N29_C64_C65","2000_2005","2021_2024",20,"koppen_major_D_EQI_Air+SM+PA+OB","0.00","1.64(0.15,3.11)","1.43(-0.15,3.00)","1.79(0.16,3.40)","2.02(0.30,3.79)","0.0327","0.0785","0.0319","0.0215","1.0004","1.0013","1.0010","1.0023",3266,2937,2668,2540,3560,3716,3397,3188
"N00_N29_C64_C65","2000_2005","2021_2024",20,"koppen_major_D_EQI_Water+SM+PA+OB","0.00","-1.32(-3.30,0.64)","-0.57(-2.54,1.41)","0.81(-1.05,2.71)","-0.73(-2.84,1.37)","0.1806","0.5926","0.4164","0.4930","1.0044","1.0014","1.0021","1.0011",2462,2334,2425,2423,3371,3256,3002,3148
"N00_N29_C64_C65","2000_2005","2021_2024",20,"koppen_major_D_EQI_Land+SM+PA+OB","0.00","1.07(-1.19,3.37)","1.87(-0.37,4.11)","1.95(-0.30,4.18)","2.32(0.05,4.60)","0.3680","0.1002","0.0864","0.0452","1.0016","1.0022","1.0012","1.0012",2380,2075,1948,1887,2721,2277,1865,1987
"N00_N29_C64_C65","2000_2005","2021_2024",20,"koppen_major_D_EQI_Built+SM+PA+OB","0.00","3.03(1.37,4.70)","3.36(1.72,4.96)","3.79(2.20,5.42)","3.98(2.40,5.61)","0.0006","0.0002","0.0002","0.0002","1.0004","1.0004","1.0015","1.0018",2738,2114,2009,2122,3476,3385,3197,2887
"N00_N29_C64_C65","2000_2005","2021_2024",20,"koppen_major_D_EQI_Social+SM+PA+OB","0.00","-1.53(-3.94,0.82)","-0.92(-3.18,1.30)","-1.13(-3.44,1.19)","-1.23(-3.79,1.28)","0.2031","0.4285","0.3347","0.3360","1.0012","1.0014","1.0012","1.0011",2418,1984,1843,1894,2935,2507,2292,2827
"N00_N29_C64_C65","2000_2005","2006_2010",5,"Economic_type_1_EQI+SM+PA+OB","0.00","4.94(2.79,7.06)","5.66(3.00,8.29)","8.08(4.43,11.79)","5.87(-1.10,12.94)","0.0002","0.0002","0.0002","0.1023","1.0014","1.0010","1.0002","1.0011",5851,5070,5450,9375,4095,3803,3829,3703
"N00_N29_C64_C65","2000_2005","2006_2010",5,"Economic_type_1_EQI_Air+SM+PA+OB","0.00","0.89(-1.73,3.38)","2.77(-0.97,6.63)","0.11(-4.60,5.02)","-0.03(-9.96,9.89)","0.4893","0.1656","0.9621","0.9946","1.0013","1.0010","1.0005","1.0015",4118,3999,4642,7063,3815,3714,3612,3502
"N00_N29_C64_C65","2000_2005","2006_2010",5,"Economic_type_1_EQI_Water+SM+PA+OB","0.00","-1.30(-3.99,1.42)","-0.39(-3.61,2.78)","1.26(-1.85,4.49)","1.78(-1.82,5.37)","0.3443","0.8059","0.4305","0.3472","1.0005","1.0005","1.0004","1.0002",2332,2234,2304,2730,2878,2940,3139,3138
"N00_N29_C64_C65","2000_2005","2006_2010",5,"Economic_type_1_EQI_Land+SM+PA+OB","0.00","-1.14(-4.21,2.00)","0.19(-2.65,2.97)","1.70(-1.29,4.81)","1.65(-1.53,4.86)","0.4697","0.8834","0.2768","0.3160","1.0012","1.0037","1.0027","1.0027",4047,2671,2340,2315,4092,3581,3232,3225
"N00_N29_C64_C65","2000_2005","2006_2010",5,"Economic_type_1_EQI_Built+SM+PA+OB","0.00","4.47(2.32,6.53)","4.61(1.83,7.26)","3.37(0.46,6.31)","3.11(-1.26,7.65)","0.0002","0.0006","0.0206","0.1635","1.0011","1.0005","1.0004","1.0008",4570,4475,5823,6169,3834,3167,3765,3654
"N00_N29_C64_C65","2000_2005","2006_2010",5,"Economic_type_1_EQI_Social+SM+PA+OB","0.00","0.16(-2.40,2.80)","0.08(-2.81,2.99)","2.75(-0.40,5.87)","5.93(1.74,10.11)","0.9042","0.9613","0.0844","0.0048","1.0004","0.9997","0.9997","0.9996",3069,2508,2390,2570,3181,3012,3381,3428
"N00_N29_C64_C65","2000_2005","2011_2015",10,"Economic_type_1_EQI+SM+PA+OB","0.00","4.60(2.66,6.58)","4.91(2.36,7.48)","5.39(1.97,8.85)","0.99(-5.68,7.80)","0.0006","0.0002","0.0023","0.7850","1.0020","1.0010","0.9998","1.0011",4751,5477,5279,7631,3697,3892,4037,3436
"N00_N29_C64_C65","2000_2005","2011_2015",10,"Economic_type_1_EQI_Air+SM+PA+OB","0.00","1.70(-0.67,4.06)","5.24(1.81,8.67)","-0.82(-5.19,3.51)","0.04(-9.59,10.04)","0.1735","0.0023","0.7005","0.9954","1.0004","1.0011","1.0008","1.0018",3944,4332,4580,7317,3950,4001,3983,3548
"N00_N29_C64_C65","2000_2005","2011_2015",10,"Economic_type_1_EQI_Water+SM+PA+OB","0.00","-0.52(-3.06,1.93)","2.81(-0.40,5.86)","4.44(1.24,7.52)","1.82(-1.55,5.39)","0.6846","0.0869","0.0052","0.2935","1.0012","1.0010","1.0004","1.0016",2694,2652,2592,2760,2981,3037,3196,3302
"N00_N29_C64_C65","2000_2005","2011_2015",10,"Economic_type_1_EQI_Land+SM+PA+OB","0.00","-1.52(-4.38,1.56)","-0.31(-3.06,2.45)","-0.14(-2.97,2.77)","-0.00(-3.11,3.17)","0.3176","0.8221","0.9233","0.9850","1.0008","0.9997","1.0012","1.0009",3603,2917,2333,2499,3832,3200,3027,3083
"N00_N29_C64_C65","2000_2005","2011_2015",10,"Economic_type_1_EQI_Built+SM+PA+OB","0.00","3.71(1.78,5.70)","4.04(1.47,6.60)","2.34(-0.25,4.96)","2.41(-1.78,6.64)","0.0002","0.0023","0.0789","0.2610","1.0008","1.0014","1.0006","1.0003",5129,4983,6145,7601,3892,3398,4050,3596
"N00_N29_C64_C65","2000_2005","2011_2015",10,"Economic_type_1_EQI_Social+SM+PA+OB","0.00","2.99(0.60,5.34)","2.09(-0.76,4.78)","3.37(0.38,6.28)","3.50(-0.55,7.40)","0.0148","0.1398","0.0294","0.0827","1.0000","1.0013","1.0012","1.0005",3053,2462,2435,2775,3536,3182,3302,3304
"N00_N29_C64_C65","2000_2005","2016_2020",15,"Economic_type_1_EQI+SM+PA+OB","0.00","2.97(0.91,5.06)","3.40(0.88,5.87)","5.36(1.84,8.86)","1.79(-4.83,8.43)","0.0065","0.0098","0.0023","0.6067","1.0004","1.0005","1.0002","1.0017",5690,5837,6891,7476,3514,3445,3885,3307
"N00_N29_C64_C65","2000_2005","2016_2020",15,"Economic_type_1_EQI_Air+SM+PA+OB","0.00","1.36(-1.22,3.87)","2.41(-1.10,6.01)","-0.23(-4.54,4.13)","0.04(-9.76,9.91)","0.2876","0.1802","0.9246","0.9825","1.0001","1.0000","1.0004","0.9996",3954,4004,3987,7363,3769,4109,3294,3816
"N00_N29_C64_C65","2000_2005","2016_2020",15,"Economic_type_1_EQI_Water+SM+PA+OB","0.00","-0.85(-3.56,1.75)","2.19(-0.90,5.32)","3.27(0.07,6.43)","3.46(-0.10,7.04)","0.5405","0.1706","0.0448","0.0552","1.0016","1.0019","1.0024","1.0008",2379,2084,2239,2569,3215,2951,2935,3353
"N00_N29_C64_C65","2000_2005","2016_2020",15,"Economic_type_1_EQI_Land+SM+PA+OB","0.00","-0.42(-3.53,2.74)","-0.47(-3.27,2.36)","0.25(-2.77,3.30)","0.37(-2.85,3.64)","0.8100","0.7405","0.8746","0.8155","1.0009","1.0013","1.0022","1.0031",3735,2955,2417,2340,3757,3467,3349,3206
"N00_N29_C64_C65","2000_2005","2016_2020",15,"Economic_type_1_EQI_Built+SM+PA+OB","0.00","2.26(0.18,4.35)","2.58(-0.05,5.20)","1.49(-1.15,4.23)","0.88(-3.25,4.86)","0.0319","0.0564","0.2814","0.6642","1.0000","1.0001","1.0005","1.0002",4661,4251,5038,6087,3450,3855,3843,3396
"N00_N29_C64_C65","2000_2005","2016_2020",15,"Economic_type_1_EQI_Social+SM+PA+OB","0.00","0.28(-2.17,2.72)","0.81(-2.03,3.56)","1.56(-1.54,4.49)","3.62(-0.42,7.66)","0.8088","0.5584","0.3072","0.0839","1.0012","1.0002","1.0007","1.0007",2996,2606,2486,2775,3598,3353,3311,3233
"N00_N29_C64_C65","2000_2005","2021_2024",20,"Economic_type_1_EQI+SM+PA+OB","0.00","5.90(3.47,8.30)","6.03(3.04,9.02)","5.58(1.51,9.58)","5.28(-1.85,12.62)","0.0002","0.0006","0.0056","0.1481","1.0006","1.0001","1.0008","1.0007",5467,4977,4669,5680,3662,3416,3359,3373
"N00_N29_C64_C65","2000_2005","2021_2024",20,"Economic_type_1_EQI_Air+SM+PA+OB","0.00","2.33(-0.60,5.21)","2.54(-1.49,6.56)","1.06(-3.99,6.20)","-0.13(-9.97,10.05)","0.1185","0.2272","0.6859","0.9671","1.0014","1.0003","1.0022","1.0020",4336,4676,5311,8381,3990,3695,3640,3466
"N00_N29_C64_C65","2000_2005","2021_2024",20,"Economic_type_1_EQI_Water+SM+PA+OB","0.00","0.90(-2.26,4.17)","1.89(-1.76,5.59)","4.30(0.63,8.01)","1.45(-2.67,5.66)","0.5768","0.3072","0.0231","0.5026","0.9998","1.0008","1.0020","1.0007",3084,2819,3017,3485,3565,3731,3573,3564
"N00_N29_C64_C65","2000_2005","2021_2024",20,"Economic_type_1_EQI_Land+SM+PA+OB","0.00","-1.20(-4.75,2.28)","1.00(-2.16,4.18)","3.00(-0.54,6.63)","3.74(0.07,7.38)","0.5097","0.5526","0.0964","0.0444","1.0010","1.0012","1.0015","1.0010",4411,3369,3006,2817,3851,3518,3380,3379
"N00_N29_C64_C65","2000_2005","2021_2024",20,"Economic_type_1_EQI_Built+SM+PA+OB","0.00","4.61(2.22,7.16)","2.75(-0.35,5.76)","2.06(-1.30,5.40)","4.06(-0.72,8.94)","0.0002","0.0848","0.2185","0.0989","0.9992","1.0005","1.0008","1.0012",5422,4767,5462,6438,4159,3600,3597,3287
"N00_N29_C64_C65","2000_2005","2021_2024",20,"Economic_type_1_EQI_Social+SM+PA+OB","0.00","2.30(-0.69,5.25)","3.29(0.01,6.63)","4.17(0.70,7.73)","3.70(-0.71,8.07)","0.1339","0.0498","0.0190","0.1010","1.0003","1.0001","1.0003","1.0018",3221,2937,3107,3281,3750,3685,3834,3419
"N00_N29_C64_C65","2000_2005","2006_2010",5,"Economic_type_2_EQI+SM+PA+OB","0.00","3.94(0.27,7.54)","3.37(-0.83,7.46)","1.85(-3.09,6.56)","3.07(-3.69,9.82)","0.0381","0.1144","0.4593","0.3660","1.0007","1.0014","1.0015","1.0001",3826,3664,4132,4704,3716,3390,3733,3814
"N00_N29_C64_C65","2000_2005","2006_2010",5,"Economic_type_2_EQI_Air+SM+PA+OB","0.00","2.25(-1.75,6.20)","2.40(-2.00,6.70)","1.31(-3.35,5.98)","3.06(-3.49,9.58)","0.2889","0.2893","0.5976","0.3585","1.0005","1.0006","1.0018","1.0017",4136,3821,4165,5705,3922,3401,4040,3882
"N00_N29_C64_C65","2000_2005","2006_2010",5,"Economic_type_2_EQI_Water+SM+PA+OB","0.00","1.77(-3.17,6.82)","4.59(-1.20,10.16)","-0.52(-5.92,4.57)","2.08(-2.98,7.20)","0.4776","0.1198","0.8521","0.4180","1.0003","1.0044","1.0033","1.0001",3782,2627,3002,3374,3902,3147,3398,3116
"N00_N29_C64_C65","2000_2005","2006_2010",5,"Economic_type_2_EQI_Land+SM+PA+OB","0.00","3.49(-0.32,7.15)","3.73(-0.84,8.08)","3.19(-1.78,8.37)","2.34(-3.85,8.63)","0.0752","0.0973","0.2072","0.4768","0.9996","1.0008","1.0006","1.0012",5406,4570,4267,4778,3702,4093,3885,4387
"N00_N29_C64_C65","2000_2005","2006_2010",5,"Economic_type_2_EQI_Built+SM+PA+OB","0.00","-0.13(-4.55,4.12)","-0.75(-4.83,3.39)","1.86(-2.53,6.10)","-1.21(-6.07,3.61)","0.9583","0.7171","0.4060","0.6384","1.0001","1.0005","1.0000","1.0005",4120,4042,3988,4057,3626,3626,4095,3747
"N00_N29_C64_C65","2000_2005","2006_2010",5,"Economic_type_2_EQI_Social+SM+PA+OB","0.00","0.07(-3.67,4.01)","-3.36(-8.26,1.53)","-2.40(-7.88,3.12)","-0.60(-7.82,6.63)","0.9817","0.1764","0.4010","0.8829","1.0009","1.0005","0.9998","1.0003",4565,3480,3994,5150,4206,3704,4130,3407
"N00_N29_C64_C65","2000_2005","2011_2015",10,"Economic_type_2_EQI+SM+PA+OB","0.00","2.61(-0.89,5.87)","4.83(0.62,8.88)","1.99(-3.00,6.79)","3.56(-3.16,10.31)","0.1448","0.0240","0.4130","0.2939","1.0006","0.9997","1.0001","1.0006",4337,3303,3420,3777,4081,3434,3619,3692
"N00_N29_C64_C65","2000_2005","2011_2015",10,"Economic_type_2_EQI_Air+SM+PA+OB","0.00","4.81(0.65,9.02)","3.20(-1.12,7.40)","2.06(-2.67,6.57)","1.19(-5.37,7.63)","0.0198","0.1481","0.3622","0.7196","1.0010","1.0007","1.0016","1.0006",4645,4212,4006,4674,3744,3884,3769,3707
"N00_N29_C64_C65","2000_2005","2011_2015",10,"Economic_type_2_EQI_Water+SM+PA+OB","0.00","-0.18(-4.45,4.17)","-1.10(-6.22,4.13)","-1.77(-6.34,2.86)","0.35(-4.21,5.12)","0.9142","0.6717","0.4418","0.9079","0.9999","1.0011","1.0011","1.0008",4220,4307,4234,3685,3262,3382,3382,2806
"N00_N29_C64_C65","2000_2005","2011_2015",10,"Economic_type_2_EQI_Land+SM+PA+OB","0.00","1.47(-2.15,5.11)","3.03(-1.35,7.48)","1.30(-3.58,6.20)","0.98(-4.55,6.69)","0.4335","0.1781","0.5993","0.7401","1.0003","1.0003","0.9997","1.0001",5003,4489,4371,4319,3970,3383,3534,4120
"N00_N29_C64_C65","2000_2005","2011_2015",10,"Economic_type_2_EQI_Built+SM+PA+OB","0.00","0.88(-3.38,4.98)","2.10(-2.16,6.26)","3.13(-1.18,7.37)","0.86(-3.96,5.67)","0.6813","0.3272","0.1498","0.7342","1.0025","1.0018","1.0014","1.0013",5270,4331,3933,4213,4257,3966,4189,4148
"N00_N29_C64_C65","2000_2005","2011_2015",10,"Economic_type_2_EQI_Social+SM+PA+OB","0.00","0.71(-3.16,4.62)","-1.04(-5.66,3.44)","-1.34(-6.82,4.32)","0.94(-6.26,7.78)","0.7234","0.6459","0.6226","0.7813","1.0012","1.0012","1.0016","1.0005",4120,4144,4174,4924,3798,3348,3567,3583
"N00_N29_C64_C65","2000_2005","2016_2020",15,"Economic_type_2_EQI+SM+PA+OB","0.00","6.64(3.26,9.79)","5.95(1.82,9.93)","7.20(2.67,11.74)","4.01(-2.07,10.10)","0.0002","0.0044","0.0019","0.2231","1.0011","1.0015","1.0013","1.0019",3555,3280,2863,3273,3420,3337,3682,3575
"N00_N29_C64_C65","2000_2005","2016_2020",15,"Economic_type_2_EQI_Air+SM+PA+OB","0.00","3.48(-0.43,7.37)","3.81(-0.42,8.08)","4.25(-0.40,8.87)","2.67(-4.04,9.10)","0.0848","0.0806","0.0752","0.4301","1.0004","1.0009","1.0010","1.0015",4446,3859,3686,5145,3867,3702,3734,3659
"N00_N29_C64_C65","2000_2005","2016_2020",15,"Economic_type_2_EQI_Water+SM+PA+OB","0.00","1.41(-3.19,6.09)","-1.48(-6.49,3.60)","1.23(-3.60,5.96)","3.60(-1.38,8.53)","0.5601","0.5801","0.6197","0.1560","1.0024","1.0022","1.0018","1.0011",3767,3913,3363,3502,3626,3814,3523,3736
"N00_N29_C64_C65","2000_2005","2016_2020",15,"Economic_type_2_EQI_Land+SM+PA+OB","0.00","-0.46(-4.13,3.29)","1.67(-2.55,5.83)","-0.94(-5.79,3.90)","2.16(-3.88,8.28)","0.8100","0.4301","0.6909","0.4859","1.0018","1.0012","1.0008","1.0002",4976,3772,4419,4391,3834,3811,3438,3590
"N00_N29_C64_C65","2000_2005","2016_2020",15,"Economic_type_2_EQI_Built+SM+PA+OB","0.00","1.20(-3.00,5.47)","3.15(-1.11,7.27)","3.53(-0.92,7.80)","2.86(-1.96,7.79)","0.5855","0.1510","0.1081","0.2493","0.9999","1.0008","1.0001","1.0023",3867,3974,3980,3389,3695,3836,3724,3588
"N00_N29_C64_C65","2000_2005","2016_2020",15,"Economic_type_2_EQI_Social+SM+PA+OB","0.00","1.54(-2.15,5.13)","0.15(-4.29,4.59)","0.65(-4.64,6.13)","-1.16(-7.70,5.52)","0.4010","0.9471","0.8292","0.7251","1.0004","1.0009","1.0009","1.0005",4934,3697,4711,5137,3959,3792,3459,3937
"N00_N29_C64_C65","2000_2005","2021_2024",20,"Economic_type_2_EQI+SM+PA+OB","0.00","3.34(-0.61,7.08)","5.73(1.28,10.00)","6.32(1.33,11.49)","4.63(-2.02,11.31)","0.1006","0.0085","0.0131","0.1631","1.0005","1.0027","0.9997","1.0004",4115,3569,3842,4277,3446,3470,3067,3626
"N00_N29_C64_C65","2000_2005","2021_2024",20,"Economic_type_2_EQI_Air+SM+PA+OB","0.00","1.93(-2.38,6.40)","2.43(-2.10,6.92)","3.35(-1.56,8.14)","5.34(-1.32,11.82)","0.3847","0.3006","0.1839","0.1360","1.0001","1.0004","1.0007","1.0009",4219,3813,3820,4388,3662,3566,3840,3716
"N00_N29_C64_C65","2000_2005","2021_2024",20,"Economic_type_2_EQI_Water+SM+PA+OB","0.00","-0.68(-5.43,4.10)","4.80(-1.29,10.93)","3.65(-1.54,8.88)","1.03(-4.02,5.94)","0.7621","0.1194","0.1614","0.6871","1.0012","1.0003","1.0019","1.0027",4019,4901,3485,3869,3733,3785,4127,3676
"N00_N29_C64_C65","2000_2005","2021_2024",20,"Economic_type_2_EQI_Land+SM+PA+OB","0.00","-1.79(-5.85,2.29)","2.32(-2.27,7.05)","0.27(-4.67,5.26)","3.80(-2.79,10.14)","0.3810","0.3339","0.9217","0.2431","0.9996","1.0006","1.0034","1.0010",5739,4234,4643,4741,3669,3584,3682,3464
"N00_N29_C64_C65","2000_2005","2021_2024",20,"Economic_type_2_EQI_Built+SM+PA+OB","0.00","-1.15(-5.89,3.69)","3.23(-1.02,7.45)","4.77(0.41,9.02)","2.74(-2.37,7.82)","0.6309","0.1352","0.0273","0.2926","1.0022","1.0006","1.0011","1.0010",3930,4104,4164,3814,3427,3980,3366,3192
"N00_N29_C64_C65","2000_2005","2021_2024",20,"Economic_type_2_EQI_Social+SM+PA+OB","0.00","0.13(-3.95,4.25)","-3.53(-8.22,1.20)","-0.43(-6.07,5.26)","-1.86(-8.64,5.13)","0.9700","0.1548","0.8775","0.5997","1.0001","1.0012","1.0005","1.0008",5333,3553,4026,4240,3697,3501,4174,4078
"N00_N29_C64_C65","2000_2005","2006_2010",5,"Economic_type_3_EQI+SM+PA+OB","0.00","0.17(-1.48,1.72)","0.68(-0.93,2.28)","0.16(-1.54,1.88)","1.14(-0.75,2.99)","0.8159","0.4093","0.8404","0.2356","1.0014","1.0009","1.0019","1.0013",1893,1644,1448,1479,2746,2441,2012,2335
"N00_N29_C64_C65","2000_2005","2006_2010",5,"Economic_type_3_EQI_Air+SM+PA+OB","0.00","1.31(-1.41,3.95)","1.53(-1.16,4.12)","1.33(-1.44,3.97)","2.22(-0.61,5.00)","0.3351","0.2614","0.3239","0.1173","1.0018","1.0013","1.0011","1.0008",2027,1969,1939,1958,2686,2400,2439,2394
"N00_N29_C64_C65","2000_2005","2006_2010",5,"Economic_type_3_EQI_Water+SM+PA+OB","0.00","-1.97(-3.79,-0.08)","-1.22(-3.05,0.63)","-0.37(-2.17,1.48)","0.67(-1.32,2.69)","0.0398","0.1948","0.6817","0.5189","1.0011","1.0018","1.0012","1.0027",2067,1936,1938,1970,2909,2995,3078,2711
"N00_N29_C64_C65","2000_2005","2006_2010",5,"Economic_type_3_EQI_Land+SM+PA+OB","0.00","-0.83(-2.10,0.44)","-0.19(-1.58,1.19)","-0.39(-1.91,1.13)","-1.30(-2.94,0.33)","0.1943","0.7871","0.6280","0.1139","1.0005","1.0003","0.9998","1.0001",3609,2866,2569,2578,3344,3477,3091,3285
"N00_N29_C64_C65","2000_2005","2006_2010",5,"Economic_type_3_EQI_Built+SM+PA+OB","0.00","1.85(0.63,3.10)","1.62(0.30,2.92)","1.48(0.15,2.79)","0.93(-0.68,2.52)","0.0044","0.0135","0.0327","0.2581","1.0017","1.0028","1.0027","1.0018",3368,2804,2776,2885,3866,3068,3449,3115
"N00_N29_C64_C65","2000_2005","2006_2010",5,"Economic_type_3_EQI_Social+SM+PA+OB","0.00","0.59(-0.92,2.10)","-0.62(-2.28,1.09)","-0.77(-2.63,1.04)","-1.02(-3.13,1.20)","0.4493","0.4784","0.4180","0.3506","1.0001","1.0011","1.0011","1.0023",3183,2471,2232,2253,3822,3438,3021,3326
"N00_N29_C64_C65","2000_2005","2011_2015",10,"Economic_type_3_EQI+SM+PA+OB","0.00","0.39(-1.13,1.91)","0.49(-1.12,2.04)","-0.08(-1.67,1.52)","1.03(-0.73,2.80)","0.6101","0.5380","0.9283","0.2693","1.0025","1.0017","1.0035","1.0029",2018,1751,1596,1599,3050,2802,2436,2698
"N00_N29_C64_C65","2000_2005","2011_2015",10,"Economic_type_3_EQI_Air+SM+PA+OB","0.00","1.18(-1.39,3.57)","0.95(-1.57,3.26)","2.00(-0.56,4.36)","3.00(0.39,5.43)","0.3364","0.4197","0.1160","0.0290","1.0017","1.0027","1.0025","1.0032",1527,1486,1432,1378,2080,1990,1922,1980
"N00_N29_C64_C65","2000_2005","2011_2015",10,"Economic_type_3_EQI_Water+SM+PA+OB","0.00","-0.47(-2.31,1.32)","-1.08(-2.88,0.63)","-0.73(-2.55,1.02)","-1.24(-3.18,0.65)","0.6217","0.2356","0.4276","0.2185","1.0024","1.0027","1.0028","1.0013",1491,1477,1464,1571,2258,2607,2561,2471
"N00_N29_C64_C65","2000_2005","2011_2015",10,"Economic_type_3_EQI_Land+SM+PA+OB","0.00","-0.11(-1.22,1.07)","0.33(-0.85,1.58)","-0.33(-1.66,1.02)","-0.26(-1.70,1.23)","0.8567","0.6080","0.6317","0.7351","1.0005","1.0007","1.0015","1.0015",3336,2586,2472,2729,3831,3343,3449,3669
"N00_N29_C64_C65","2000_2005","2011_2015",10,"Economic_type_3_EQI_Built+SM+PA+OB","0.00","0.59(-0.54,1.70)","0.63(-0.57,1.78)","0.54(-0.64,1.72)","0.18(-1.33,1.63)","0.2964","0.2897","0.3785","0.8175","1.0013","1.0016","1.0017","1.0017",2965,2527,2533,2723,3319,2826,3250,3472
"N00_N29_C64_C65","2000_2005","2011_2015",10,"Economic_type_3_EQI_Social+SM+PA+OB","0.00","-0.59(-1.96,0.70)","-2.05(-3.54,-0.56)","-3.10(-4.77,-1.46)","-3.01(-4.92,-1.10)","0.3943","0.0040","0.0002","0.0027","1.0025","1.0030","1.0026","1.0032",2438,1815,1705,1704,3185,2785,2627,2575
"N00_N29_C64_C65","2000_2005","2016_2020",15,"Economic_type_3_EQI+SM+PA+OB","0.00","1.66(0.09,3.26)","1.30(-0.24,2.91)","1.77(0.13,3.51)","2.95(1.14,4.86)","0.0377","0.1006","0.0340","0.0019","1.0017","1.0025","1.0040","1.0029",1931,1620,1457,1332,3079,2355,2128,2035
"N00_N29_C64_C65","2000_2005","2016_2020",15,"Economic_type_3_EQI_Air+SM+PA+OB","0.00","0.81(-1.76,3.25)","2.61(0.10,4.98)","3.04(0.48,5.55)","4.24(1.61,6.79)","0.5222","0.0431","0.0206","0.0035","1.0022","1.0026","1.0022","1.0022",2113,2000,1966,1957,2599,2899,2796,2684
"N00_N29_C64_C65","2000_2005","2016_2020",15,"Economic_type_3_EQI_Water+SM+PA+OB","0.00","-1.45(-3.24,0.27)","-0.98(-2.74,0.70)","-0.40(-2.15,1.33)","-1.57(-3.44,0.26)","0.1039","0.2485","0.6488","0.0960","1.0020","1.0023","1.0017","1.0024",2043,2022,2069,2278,2859,2844,2944,2539
"N00_N29_C64_C65","2000_2005","2016_2020",15,"Economic_type_3_EQI_Land+SM+PA+OB","0.00","-0.19(-1.31,0.96)","0.03(-1.21,1.27)","-0.32(-1.68,1.09)","-0.20(-1.63,1.27)","0.7371","0.9508","0.6438","0.7871","1.0008","1.0007","1.0013","1.0013",3396,3014,2824,2952,3519,3615,3525,3453
"N00_N29_C64_C65","2000_2005","2016_2020",15,"Economic_type_3_EQI_Built+SM+PA+OB","0.00","1.82(0.65,2.96)","2.16(0.99,3.34)","2.90(1.69,4.13)","2.21(0.76,3.63)","0.0027","0.0002","0.0002","0.0031","1.0018","1.0011","1.0014","1.0024",3534,2819,2974,3014,4292,3384,3455,3563
"N00_N29_C64_C65","2000_2005","2016_2020",15,"Economic_type_3_EQI_Social+SM+PA+OB","0.00","-0.65(-2.05,0.69)","-1.87(-3.51,-0.30)","-3.39(-5.16,-1.66)","-3.34(-5.40,-1.29)","0.3585","0.0202","0.0002","0.0006","1.0018","1.0024","1.0030","1.0024",2959,2325,2123,2113,3000,2731,2868,2738
"N00_N29_C64_C65","2000_2005","2021_2024",20,"Economic_type_3_EQI+SM+PA+OB","0.00","-0.52(-2.64,1.55)","-1.95(-4.03,0.10)","0.09(-2.02,2.17)","0.29(-2.09,2.61)","0.6334","0.0589","0.9188","0.7975","1.0006","1.0012","1.0013","1.0010",2013,1792,1584,1598,3058,2749,2613,2624
"N00_N29_C64_C65","2000_2005","2021_2024",20,"Economic_type_3_EQI_Air+SM+PA+OB","0.00","3.18(0.27,5.99)","3.72(0.86,6.47)","4.15(1.32,6.91)","5.32(2.41,8.12)","0.0327","0.0119","0.0052","0.0010","1.0031","1.0028","1.0027","1.0028",2068,1856,1810,1821,2413,2415,2596,2846
"N00_N29_C64_C65","2000_2005","2021_2024",20,"Economic_type_3_EQI_Water+SM+PA+OB","0.00","-0.46(-2.74,1.78)","-1.57(-3.85,0.66)","-0.61(-2.90,1.69)","-1.93(-4.40,0.47)","0.6992","0.1685","0.6092","0.1252","1.0019","1.0030","1.0028","1.0012",1932,1807,1748,1816,3092,2636,2974,2399
"N00_N29_C64_C65","2000_2005","2021_2024",20,"Economic_type_3_EQI_Land+SM+PA+OB","0.00","-1.33(-2.84,0.17)","-0.72(-2.37,0.88)","-0.64(-2.44,1.09)","-0.84(-2.79,1.11)","0.0864","0.3993","0.4947","0.3968","1.0005","1.0004","1.0013","1.0017",3005,2541,2483,2459,3685,3303,3049,3414
"N00_N29_C64_C65","2000_2005","2021_2024",20,"Economic_type_3_EQI_Built+SM+PA+OB","0.00","0.90(-0.56,2.42)","1.68(0.19,3.19)","2.16(0.62,3.72)","2.55(0.64,4.49)","0.2327","0.0269","0.0077","0.0102","1.0004","1.0013","1.0009","1.0023",2678,2283,2365,2525,3200,2587,3174,3354
"N00_N29_C64_C65","2000_2005","2021_2024",20,"Economic_type_3_EQI_Social+SM+PA+OB","0.00","-1.34(-3.23,0.55)","-2.84(-4.89,-0.71)","-4.19(-6.37,-1.89)","-4.37(-6.96,-1.72)","0.1698","0.0090","0.0019","0.0023","1.0011","1.0017","1.0022","1.0024",2688,1958,1865,1687,3087,2536,2541,2343
"N00_N29_C64_C65","2000_2005","2006_2010",5,"Economic_type_4_EQI+SM+PA+OB","0.00","2.05(-0.38,4.42)","2.34(-0.02,4.57)","2.19(-0.43,4.66)","0.79(-2.14,3.56)","0.0989","0.0514","0.0989","0.5797","1.0007","1.0008","1.0004","1.0010",3127,2388,2308,2173,3348,2968,3026,2837
"N00_N29_C64_C65","2000_2005","2006_2010",5,"Economic_type_4_EQI_Air+SM+PA+OB","0.00","1.41(-1.18,3.96)","1.21(-1.26,3.67)","2.77(0.25,5.25)","4.29(1.65,6.91)","0.2856","0.3214","0.0315","0.0010","1.0004","1.0013","1.0012","1.0018",2906,2443,2015,1884,3153,3122,2610,2830
"N00_N29_C64_C65","2000_2005","2006_2010",5,"Economic_type_4_EQI_Water+SM+PA+OB","0.00","-1.64(-4.16,0.79)","0.17(-2.25,2.53)","0.40(-2.21,2.90)","-0.91(-3.33,1.43)","0.1939","0.8925","0.7530","0.4501","1.0003","1.0006","1.0024","1.0004",2547,2622,2844,2527,3012,3220,3373,2892
"N00_N29_C64_C65","2000_2005","2006_2010",5,"Economic_type_4_EQI_Land+SM+PA+OB","0.00","0.14(-1.79,2.10)","-1.00(-3.12,1.02)","-1.25(-3.44,0.95)","-3.11(-5.58,-0.64)","0.8842","0.3322","0.2552","0.0135","1.0004","1.0008","1.0016","0.9999",3575,3368,2999,2910,3401,3974,3089,3615
"N00_N29_C64_C65","2000_2005","2006_2010",5,"Economic_type_4_EQI_Built+SM+PA+OB","0.00","0.17(-2.30,2.66)","0.49(-1.97,2.83)","1.53(-0.99,4.00)","1.37(-1.15,3.85)","0.8817","0.6992","0.2381","0.2910","1.0005","1.0012","1.0008","1.0010",3098,2815,2635,2540,3519,3411,3326,3089
"N00_N29_C64_C65","2000_2005","2006_2010",5,"Economic_type_4_EQI_Social+SM+PA+OB","0.00","-0.69(-2.69,1.34)","-2.39(-4.70,-0.10)","-2.25(-4.68,0.23)","-3.33(-6.03,-0.69)","0.5072","0.0414","0.0764","0.0094","1.0019","1.0021","1.0017","1.0019",2814,2705,2676,2494,3406,3191,3050,3005
"N00_N29_C64_C65","2000_2005","2011_2015",10,"Economic_type_4_EQI+SM+PA+OB","0.00","3.20(1.06,5.32)","2.95(0.98,4.94)","2.28(0.02,4.57)","1.73(-0.73,4.29)","0.0044","0.0052","0.0489","0.1773","1.0006","1.0013","1.0013","1.0007",3485,2623,2403,2413,3608,3351,3059,3047
"N00_N29_C64_C65","2000_2005","2011_2015",10,"Economic_type_4_EQI_Air+SM+PA+OB","0.00","1.39(-0.97,3.76)","1.13(-1.06,3.28)","2.93(0.74,5.20)","3.70(1.34,6.07)","0.2431","0.3085","0.0135","0.0027","1.0012","1.0012","1.0015","1.0027",2704,2453,2052,1877,3025,3665,3139,2935
"N00_N29_C64_C65","2000_2005","2011_2015",10,"Economic_type_4_EQI_Water+SM+PA+OB","0.00","-1.16(-3.41,1.13)","-0.23(-2.55,1.97)","-0.32(-2.63,1.94)","-0.71(-2.97,1.49)","0.3072","0.8625","0.7738","0.5430","1.0015","1.0017","1.0013","1.0024",2085,2199,2156,2260,2724,3275,2974,2994
"N00_N29_C64_C65","2000_2005","2011_2015",10,"Economic_type_4_EQI_Land+SM+PA+OB","0.00","-0.59(-2.33,1.11)","-1.66(-3.47,0.15)","-1.96(-3.93,0.03)","-1.93(-4.19,0.40)","0.5126","0.0694","0.0556","0.0919","1.0002","1.0003","1.0009","1.0013",3801,3419,2725,2628,3830,3701,3491,3083
"N00_N29_C64_C65","2000_2005","2011_2015",10,"Economic_type_4_EQI_Built+SM+PA+OB","0.00","2.08(-0.18,4.37)","2.33(0.02,4.58)","1.76(-0.67,4.11)","1.96(-0.42,4.27)","0.0677","0.0489","0.1481","0.1119","1.0002","1.0021","1.0016","1.0020",2619,2321,2058,1982,3386,2699,2879,2459
"N00_N29_C64_C65","2000_2005","2011_2015",10,"Economic_type_4_EQI_Social+SM+PA+OB","0.00","-0.64(-2.53,1.20)","-1.73(-3.86,0.40)","-2.10(-4.36,0.21)","-1.93(-4.34,0.45)","0.4934","0.1052","0.0727","0.1135","1.0001","1.0011","1.0016","1.0024",2605,2130,2316,1951,3456,3327,3183,2605
"N00_N29_C64_C65","2000_2005","2016_2020",15,"Economic_type_4_EQI+SM+PA+OB","0.00","1.93(-0.20,4.06)","3.16(1.10,5.25)","3.11(0.79,5.50)","3.59(0.96,6.21)","0.0748","0.0019","0.0090","0.0077","1.0026","1.0030","1.0033","1.0015",3071,2466,2344,2412,3524,3571,3015,3344
"N00_N29_C64_C65","2000_2005","2016_2020",15,"Economic_type_4_EQI_Air+SM+PA+OB","0.00","2.21(-0.10,4.56)","1.23(-1.03,3.42)","3.25(0.99,5.49)","4.01(1.54,6.41)","0.0664","0.2918","0.0060","0.0023","1.0007","1.0014","1.0013","1.0015",2745,2397,2054,2015,3313,3284,2667,2494
"N00_N29_C64_C65","2000_2005","2016_2020",15,"Economic_type_4_EQI_Water+SM+PA+OB","0.00","-1.73(-3.94,0.49)","-0.26(-2.49,1.94)","0.61(-1.70,2.87)","-0.70(-2.84,1.34)","0.1285","0.8113","0.5963","0.5226","1.0014","1.0025","1.0036","1.0021",2425,2179,2105,2022,3331,3255,3581,3223
"N00_N29_C64_C65","2000_2005","2016_2020",15,"Economic_type_4_EQI_Land+SM+PA+OB","0.00","-0.89(-2.63,0.92)","-2.60(-4.46,-0.77)","-2.24(-4.27,-0.16)","-2.65(-4.96,-0.37)","0.3322","0.0056","0.0310","0.0248","1.0004","1.0025","1.0003","1.0017",3570,3387,3176,2809,3757,3986,3610,3864
"N00_N29_C64_C65","2000_2005","2016_2020",15,"Economic_type_4_EQI_Built+SM+PA+OB","0.00","3.90(1.59,6.19)","3.90(1.63,6.09)","4.38(1.96,6.70)","5.01(2.56,7.41)","0.0006","0.0015","0.0002","0.0002","1.0020","1.0011","1.0014","1.0011",2273,1998,1945,1963,3220,3255,2933,3049
"N00_N29_C64_C65","2000_2005","2016_2020",15,"Economic_type_4_EQI_Social+SM+PA+OB","0.00","-1.76(-3.66,0.13)","-1.93(-4.09,0.17)","-2.70(-5.04,-0.30)","-2.14(-4.68,0.37)","0.0698","0.0810","0.0244","0.1019","1.0017","1.0015","1.0021","1.0019",2261,2131,2232,1987,2899,2815,3188,2687
"N00_N29_C64_C65","2000_2005","2021_2024",20,"Economic_type_4_EQI+SM+PA+OB","0.00","2.60(-0.10,5.25)","4.12(1.49,6.61)","2.92(-0.04,5.77)","2.02(-1.16,5.12)","0.0627","0.0010","0.0531","0.2131","1.0007","1.0009","1.0022","1.0007",3519,2650,2442,2348,3920,3382,3180,3205
"N00_N29_C64_C65","2000_2005","2021_2024",20,"Economic_type_4_EQI_Air+SM+PA+OB","0.00","1.30(-1.51,4.19)","0.93(-1.77,3.73)","2.18(-0.59,4.94)","1.73(-1.24,4.69)","0.3680","0.5130","0.1285","0.2581","1.0003","1.0004","1.0005","1.0003",4017,3277,2590,2530,4262,3904,3175,3324
"N00_N29_C64_C65","2000_2005","2021_2024",20,"Economic_type_4_EQI_Water+SM+PA+OB","0.00","-2.65(-5.40,0.18)","0.31(-2.46,3.18)","1.65(-1.23,4.58)","-0.41(-3.15,2.28)","0.0635","0.8221","0.2627","0.7746","1.0004","1.0000","1.0012","1.0009",2939,2937,3097,2624,3640,3635,3517,3419
"N00_N29_C64_C65","2000_2005","2021_2024",20,"Economic_type_4_EQI_Land+SM+PA+OB","0.00","-0.36(-2.70,1.92)","-0.97(-3.34,1.40)","-2.38(-4.97,0.27)","-0.79(-3.79,2.21)","0.7780","0.4172","0.0752","0.6009","1.0018","0.9999","1.0014","1.0003",4250,4338,3385,3325,3707,3539,3409,3810
"N00_N29_C64_C65","2000_2005","2021_2024",20,"Economic_type_4_EQI_Built+SM+PA+OB","0.00","3.41(0.63,6.11)","4.91(2.17,7.67)","5.34(2.48,8.13)","5.41(2.47,8.19)","0.0156","0.0002","0.0002","0.0006","1.0006","1.0011","1.0007","1.0009",3179,2927,2518,2614,4038,3647,3729,3365
"N00_N29_C64_C65","2000_2005","2021_2024",20,"Economic_type_4_EQI_Social+SM+PA+OB","0.00","-2.18(-4.59,0.22)","-2.36(-5.11,0.35)","-3.69(-6.54,-0.77)","-4.42(-7.57,-1.25)","0.0752","0.0844","0.0165","0.0040","1.0001","1.0006","1.0012","1.0005",3238,2712,2968,2599,3241,3206,3623,3070
"N00_N29_C64_C65","2000_2005","2006_2010",5,"Economic_type_5_EQI+SM+PA+OB","0.00","2.90(-0.34,6.19)","2.79(-0.42,5.93)","6.74(3.45,9.89)","7.67(4.44,10.86)","0.0798","0.0869","0.0002","0.0002","1.0014","1.0040","1.0033","1.0036",2326,1930,1943,1871,3242,2880,2822,2848
"N00_N29_C64_C65","2000_2005","2006_2010",5,"Economic_type_5_EQI_Air+SM+PA+OB","0.00","6.19(3.89,8.37)","6.15(3.91,8.40)","6.07(3.99,8.20)","8.60(6.59,10.63)","0.0002","0.0002","0.0002","0.0002","1.0008","1.0011","1.0014","1.0012",2994,2599,2113,2207,3255,3336,2971,3079
"N00_N29_C64_C65","2000_2005","2006_2010",5,"Economic_type_5_EQI_Water+SM+PA+OB","0.00","-0.86(-2.92,1.12)","1.52(-0.49,3.55)","2.20(0.33,4.00)","1.07(-0.88,3.02)","0.4172","0.1410","0.0215","0.2839","1.0020","1.0009","1.0031","1.0018",2559,2390,2540,2282,3577,3184,3304,3137
"N00_N29_C64_C65","2000_2005","2006_2010",5,"Economic_type_5_EQI_Land+SM+PA+OB","0.00","0.80(-0.96,2.52)","0.27(-1.61,2.10)","0.33(-1.68,2.22)","-1.58(-3.55,0.35)","0.3710","0.7725","0.7309","0.1056","1.0009","1.0030","1.0017","1.0041",2747,2161,1998,1728,3408,3363,3267,2793
"N00_N29_C64_C65","2000_2005","2006_2010",5,"Economic_type_5_EQI_Built+SM+PA+OB","0.00","0.76(-2.69,4.24)","2.87(-0.42,6.05)","3.33(0.24,6.33)","4.19(1.11,7.16)","0.6830","0.0877","0.0352","0.0119","0.9997","1.0003","1.0009","0.9998",2385,2061,2001,1931,3369,2774,2414,2274
"N00_N29_C64_C65","2000_2005","2006_2010",5,"Economic_type_5_EQI_Social+SM+PA+OB","0.00","1.43(-0.98,3.86)","-0.18(-2.37,1.95)","0.32(-1.87,2.52)","1.71(-0.60,4.00)","0.2472","0.8796","0.7742","0.1498","1.0014","1.0013","1.0012","1.0017",2764,2305,2154,2062,3718,3312,3136,2884
"N00_N29_C64_C65","2000_2005","2011_2015",10,"Economic_type_5_EQI+SM+PA+OB","0.00","1.44(-1.50,4.40)","1.81(-1.10,4.65)","4.05(1.22,6.95)","5.13(2.27,8.06)","0.3485","0.2156","0.0090","0.0015","1.0030","1.0045","1.0043","1.0045",1693,1499,1489,1503,2549,2389,2545,2489
"N00_N29_C64_C65","2000_2005","2011_2015",10,"Economic_type_5_EQI_Air+SM+PA+OB","0.00","3.39(1.22,5.50)","3.38(1.25,5.51)","3.48(1.46,5.44)","5.90(3.86,7.86)","0.0015","0.0044","0.0010","0.0002","1.0002","1.0016","1.0019","1.0016",3133,2671,2417,2443,4076,3239,3196,3159
"N00_N29_C64_C65","2000_2005","2011_2015",10,"Economic_type_5_EQI_Water+SM+PA+OB","0.00","-1.30(-3.15,0.62)","0.94(-0.91,2.81)","1.55(-0.18,3.29)","0.99(-0.84,2.86)","0.1960","0.3168","0.0752","0.2860","1.0011","1.0013","1.0032","1.0035",3003,2703,2458,2369,3506,3489,2618,2680
"N00_N29_C64_C65","2000_2005","2011_2015",10,"Economic_type_5_EQI_Land+SM+PA+OB","0.00","0.33(-1.28,1.99)","-0.41(-2.12,1.27)","0.17(-1.66,1.98)","-2.15(-3.98,-0.37)","0.6776","0.6209","0.8521","0.0194","1.0000","1.0007","1.0004","1.0001",3209,2719,2580,2505,3971,3321,3445,3709
"N00_N29_C64_C65","2000_2005","2011_2015",10,"Economic_type_5_EQI_Built+SM+PA+OB","0.00","-1.76(-5.09,1.54)","0.41(-2.42,3.39)","0.56(-2.12,3.29)","0.99(-1.71,3.66)","0.2906","0.7905","0.6842","0.4772","1.0013","1.0013","1.0014","1.0016",3121,2515,2452,2375,3940,3423,3061,3243
"N00_N29_C64_C65","2000_2005","2011_2015",10,"Economic_type_5_EQI_Social+SM+PA+OB","0.00","0.94(-1.47,3.31)","0.76(-1.34,2.77)","0.62(-1.53,2.73)","1.89(-0.44,4.13)","0.4230","0.4584","0.5476","0.1027","1.0020","1.0025","1.0028","1.0028",2518,2270,1966,2041,3253,2690,2485,2563
"N00_N29_C64_C65","2000_2005","2016_2020",15,"Economic_type_5_EQI+SM+PA+OB","0.00","1.70(-1.27,4.60)","3.56(0.65,6.44)","4.68(1.65,7.53)","6.55(3.58,9.49)","0.2593","0.0190","0.0027","0.0002","1.0020","1.0037","1.0032","1.0028",2018,1694,1632,1645,2989,2490,1940,2072
"N00_N29_C64_C65","2000_2005","2016_2020",15,"Economic_type_5_EQI_Air+SM+PA+OB","0.00","3.11(0.86,5.29)","3.80(1.59,6.05)","3.52(1.47,5.56)","5.60(3.58,7.66)","0.0073","0.0010","0.0006","0.0002","1.0005","1.0012","1.0016","1.0016",2736,2266,2112,2191,3746,3302,3046,2991
"N00_N29_C64_C65","2000_2005","2016_2020",15,"Economic_type_5_EQI_Water+SM+PA+OB","0.00","-0.70(-2.63,1.26)","1.37(-0.56,3.27)","0.92(-0.79,2.63)","1.09(-0.75,2.97)","0.4789","0.1598","0.2814","0.2381","1.0039","1.0041","1.0036","1.0040",2478,2596,2310,2418,3138,3051,2910,2863
"N00_N29_C64_C65","2000_2005","2016_2020",15,"Economic_type_5_EQI_Land+SM+PA+OB","0.00","1.22(-0.37,2.89)","0.44(-1.28,2.12)","1.05(-0.83,2.89)","-0.84(-2.74,0.97)","0.1368","0.6197","0.2689","0.3730","1.0010","1.0024","1.0029","1.0030",3110,2496,2360,2135,3264,2934,3092,2541
"N00_N29_C64_C65","2000_2005","2016_2020",15,"Economic_type_5_EQI_Built+SM+PA+OB","0.00","-2.13(-5.65,1.31)","1.32(-1.85,4.55)","2.01(-0.96,5.03)","2.30(-0.71,5.30)","0.2239","0.4122","0.1848","0.1306","1.0006","1.0009","1.0009","1.0010",2600,2195,2067,2083,3422,3097,2410,2599
"N00_N29_C64_C65","2000_2005","2016_2020",15,"Economic_type_5_EQI_Social+SM+PA+OB","0.00","0.46(-1.88,2.81)","-0.45(-2.53,1.57)","-0.27(-2.34,1.83)","0.51(-1.66,2.72)","0.6959","0.6634","0.8121","0.6430","1.0008","1.0012","1.0009","1.0006",2870,2513,2254,2220,3327,3303,2855,3071
"N00_N29_C64_C65","2000_2005","2021_2024",20,"Economic_type_5_EQI+SM+PA+OB","0.00","3.04(-0.40,6.32)","4.45(1.20,7.61)","6.61(3.28,9.85)","7.76(4.47,10.99)","0.0785","0.0102","0.0002","0.0002","1.0027","1.0026","1.0031","1.0029",1790,1549,1557,1468,2813,2361,2336,2591
"N00_N29_C64_C65","2000_2005","2021_2024",20,"Economic_type_5_EQI_Air+SM+PA+OB","0.00","3.70(1.17,6.17)","3.47(0.92,5.98)","3.73(1.39,6.09)","4.83(2.55,7.08)","0.0040","0.0085","0.0019","0.0002","1.0010","1.0021","1.0014","1.0008",2559,2381,2311,2190,3846,3508,3392,3316
"N00_N29_C64_C65","2000_2005","2021_2024",20,"Economic_type_5_EQI_Water+SM+PA+OB","0.00","-1.80(-4.29,0.63)","1.08(-1.18,3.32)","0.98(-1.12,3.07)","-0.76(-2.99,1.51)","0.1481","0.3510","0.3593","0.5134","1.0026","1.0049","1.0037","1.0020",2769,2363,2510,2238,3132,3242,3202,3088
"N00_N29_C64_C65","2000_2005","2021_2024",20,"Economic_type_5_EQI_Land+SM+PA+OB","0.00","-0.07(-2.07,1.88)","-0.33(-2.42,1.74)","0.99(-1.26,3.22)","-0.96(-3.15,1.22)","0.9546","0.7517","0.3572","0.3801","1.0008","1.0007","1.0014","1.0022",2604,2027,1726,1701,3413,3081,2940,2519
"N00_N29_C64_C65","2000_2005","2021_2024",20,"Economic_type_5_EQI_Built+SM+PA+OB","0.00","-2.02(-5.81,1.78)","2.38(-1.06,5.93)","2.61(-0.64,5.99)","3.18(-0.06,6.42)","0.3076","0.1777","0.1102","0.0544","1.0016","1.0011","1.0018","1.0021",2720,2348,2335,2171,3589,3213,3064,2891
"N00_N29_C64_C65","2000_2005","2021_2024",20,"Economic_type_5_EQI_Social+SM+PA+OB","0.00","0.08(-2.79,2.84)","-0.23(-2.76,2.11)","0.08(-2.58,2.57)","0.86(-1.90,3.44)","0.9442","0.8704","0.9363","0.5355","1.0006","1.0022","1.0018","1.0018",2419,1999,1834,1839,3583,3092,2874,2661
"N00_N29_C64_C65","2000_2005","2006_2010",5,"Economic_type_6_EQI+SM+PA+OB","0.00","-0.61(-2.10,0.81)","0.09(-1.36,1.57)","1.08(-0.54,2.62)","2.31(0.52,4.10)","0.3980","0.9013","0.1752","0.0127","1.0017","1.0030","1.0028","1.0053",2149,1796,1590,1514,3010,2731,2458,2488
"N00_N29_C64_C65","2000_2005","2006_2010",5,"Economic_type_6_EQI_Air+SM+PA+OB","0.00","-1.00(-2.53,0.44)","-0.60(-2.13,0.95)","0.65(-0.96,2.20)","1.13(-0.60,2.83)","0.2039","0.4593","0.4251","0.2014","1.0025","1.0044","1.0042","1.0036",2298,1839,1847,1693,2964,2899,2803,2814
"N00_N29_C64_C65","2000_2005","2006_2010",5,"Economic_type_6_EQI_Water+SM+PA+OB","0.00","-1.37(-3.24,0.47)","-0.63(-2.48,1.17)","-0.76(-2.53,1.04)","-0.89(-2.76,1.02)","0.1502","0.5018","0.4193","0.3489","1.0042","1.0036","1.0049","1.0049",1993,1919,1852,1806,3184,2831,2733,2700
"N00_N29_C64_C65","2000_2005","2006_2010",5,"Economic_type_6_EQI_Land+SM+PA+OB","0.00","0.18(-1.07,1.43)","1.00(-0.41,2.41)","0.80(-0.79,2.41)","0.02(-1.62,1.64)","0.7892","0.1681","0.3235","0.9838","1.0009","1.0026","1.0023","1.0014",3199,2525,2307,2328,3617,3538,3096,3056
"N00_N29_C64_C65","2000_2005","2006_2010",5,"Economic_type_6_EQI_Built+SM+PA+OB","0.00","1.40(-0.03,2.76)","0.99(-0.39,2.32)","1.29(-0.16,2.71)","1.73(0.20,3.22)","0.0573","0.1589","0.0823","0.0256","1.0015","1.0026","1.0027","1.0039",3065,2496,2528,2285,3671,3247,3057,2926
"N00_N29_C64_C65","2000_2005","2006_2010",5,"Economic_type_6_EQI_Social+SM+PA+OB","0.00","-1.14(-2.49,0.23)","-1.26(-2.78,0.25)","-1.24(-2.97,0.51)","-0.52(-2.55,1.56)","0.0923","0.1010","0.1560","0.6142","1.0021","1.0045","1.0058","1.0059",2747,1889,1676,1620,3447,3121,2537,2638
"N00_N29_C64_C65","2000_2005","2011_2015",10,"Economic_type_6_EQI+SM+PA+OB","0.00","0.99(-0.51,2.47)","0.90(-0.66,2.39)","0.82(-0.85,2.43)","2.33(0.41,4.19)","0.1906","0.2506","0.3139","0.0206","1.0002","1.0004","1.0001","1.0005",2881,2329,2049,2037,3311,2524,2681,2394
"N00_N29_C64_C65","2000_2005","2011_2015",10,"Economic_type_6_EQI_Air+SM+PA+OB","0.00","0.16(-1.37,1.66)","0.31(-1.26,1.89)","1.50(-0.12,3.08)","1.76(0.03,3.52)","0.8275","0.6930","0.0698","0.0477","1.0004","1.0006","1.0005","1.0008",1947,1760,1784,1727,2985,2983,2785,2732
"N00_N29_C64_C65","2000_2005","2011_2015",10,"Economic_type_6_EQI_Water+SM+PA+OB","0.00","-1.27(-3.06,0.51)","-1.01(-2.87,0.81)","-0.79(-2.54,1.03)","-1.55(-3.35,0.28)","0.1856","0.2893","0.3955","0.0989","1.0054","1.0079","1.0079","1.0056",1763,1609,1500,1639,2816,2568,2399,2261
"N00_N29_C64_C65","2000_2005","2011_2015",10,"Economic_type_6_EQI_Land+SM+PA+OB","0.00","0.88(-0.39,2.11)","0.33(-1.09,1.82)","-0.21(-1.79,1.38)","-0.37(-2.01,1.31)","0.1864","0.6472","0.7955","0.6692","1.0023","1.0023","1.0034","1.0034",2616,2150,2041,1975,3549,3266,3150,3373
"N00_N29_C64_C65","2000_2005","2011_2015",10,"Economic_type_6_EQI_Built+SM+PA+OB","0.00","0.98(-0.46,2.42)","1.79(0.39,3.20)","1.64(0.17,3.09)","1.68(0.10,3.25)","0.1756","0.0123","0.0310","0.0373","1.0033","1.0048","1.0041","1.0035",2601,2256,2419,2287,3133,2963,3194,2958
"N00_N29_C64_C65","2000_2005","2011_2015",10,"Economic_type_6_EQI_Social+SM+PA+OB","0.00","-1.01(-2.32,0.32)","-0.77(-2.23,0.69)","-0.95(-2.59,0.73)","-1.04(-3.02,0.91)","0.1398","0.3122","0.2697","0.2901","1.0022","1.0017","1.0005","1.0004",2416,2054,1888,1709,3422,2967,2600,2517
"N00_N29_C64_C65","2000_2005","2016_2020",15,"Economic_type_6_EQI+SM+PA+OB","0.00","0.01(-1.40,1.42)","0.42(-1.01,1.87)","0.75(-0.81,2.33)","2.30(0.49,4.10)","0.9925","0.5901","0.3610","0.0119","1.0006","1.0017","1.0018","1.0015",2183,1781,1628,1626,3466,2984,2766,2766
"N00_N29_C64_C65","2000_2005","2016_2020",15,"Economic_type_6_EQI_Air+SM+PA+OB","0.00","0.20(-1.25,1.67)","0.48(-1.07,2.02)","1.66(0.11,3.16)","2.31(0.67,3.94)","0.7834","0.5226","0.0427","0.0085","1.0035","1.0040","1.0039","1.0040",2585,2276,2208,2121,3355,3109,2745,2863
"N00_N29_C64_C65","2000_2005","2016_2020",15,"Economic_type_6_EQI_Water+SM+PA+OB","0.00","-0.19(-1.95,1.55)","0.72(-1.01,2.45)","0.44(-1.28,2.18)","0.42(-1.35,2.21)","0.8463","0.4193","0.6172","0.6438","1.0014","1.0018","1.0015","1.0014",2161,2095,2047,2099,3102,2699,2967,2781
"N00_N29_C64_C65","2000_2005","2016_2020",15,"Economic_type_6_EQI_Land+SM+PA+OB","0.00","0.90(-0.34,2.16)","0.25(-1.08,1.61)","0.09(-1.39,1.59)","-0.84(-2.45,0.78)","0.1610","0.7055","0.9117","0.3043","1.0013","1.0023","1.0028","1.0028",3610,3168,2887,2805,3812,3744,3379,3523
"N00_N29_C64_C65","2000_2005","2016_2020",15,"Economic_type_6_EQI_Built+SM+PA+OB","0.00","1.19(-0.15,2.51)","1.71(0.35,3.03)","1.65(0.25,3.04)","2.48(0.98,3.93)","0.0769","0.0119","0.0235","0.0006","1.0006","1.0013","1.0026","1.0011",2644,2358,2447,2320,2903,2969,2902,3205
"N00_N29_C64_C65","2000_2005","2016_2020",15,"Economic_type_6_EQI_Social+SM+PA+OB","0.00","-2.01(-3.30,-0.70)","-1.69(-3.19,-0.23)","-0.97(-2.60,0.62)","-1.89(-3.75,-0.09)","0.0027","0.0252","0.2543","0.0423","1.0008","1.0006","1.0007","1.0015",2987,2608,2210,2028,3676,3448,2951,2790
"N00_N29_C64_C65","2000_2005","2021_2024",20,"Economic_type_6_EQI+SM+PA+OB","0.00","1.21(-0.62,3.00)","0.36(-1.55,2.28)","1.85(-0.11,3.77)","2.18(-0.04,4.44)","0.1964","0.6946","0.0723","0.0552","1.0019","1.0012","1.0024","1.0031",1895,1653,1520,1473,2818,2721,2668,2710
"N00_N29_C64_C65","2000_2005","2021_2024",20,"Economic_type_6_EQI_Air+SM+PA+OB","0.00","1.90(0.07,3.72)","3.10(1.26,4.91)","3.46(1.58,5.39)","3.99(1.99,6.07)","0.0427","0.0015","0.0002","0.0002","1.0013","1.0017","1.0012","1.0007",2061,1878,1839,1796,3240,2949,2791,2781
"N00_N29_C64_C65","2000_2005","2021_2024",20,"Economic_type_6_EQI_Water+SM+PA+OB","0.00","-1.22(-3.53,1.01)","-2.26(-4.56,0.02)","0.04(-2.16,2.25)","-1.93(-4.15,0.40)","0.2918","0.0531","0.9633","0.1006","1.0016","1.0006","1.0008","1.0006",1594,1569,1549,1617,2974,2352,2597,2588
"N00_N29_C64_C65","2000_2005","2021_2024",20,"Economic_type_6_EQI_Land+SM+PA+OB","0.00","-0.04(-1.60,1.52)","0.04(-1.68,1.72)","-0.35(-2.27,1.56)","-1.20(-3.18,0.80)","0.9600","0.9533","0.7009","0.2406","1.0005","1.0012","1.0012","1.0015",3074,2576,2283,2142,3195,3137,3277,3047
"N00_N29_C64_C65","2000_2005","2021_2024",20,"Economic_type_6_EQI_Built+SM+PA+OB","0.00","2.32(0.62,4.08)","2.03(0.35,3.74)","2.68(0.89,4.46)","3.08(1.23,5.02)","0.0069","0.0144","0.0048","0.0002","1.0011","1.0008","1.0014","1.0014",2288,2108,2069,2076,2678,2730,2382,2431
"N00_N29_C64_C65","2000_2005","2021_2024",20,"Economic_type_6_EQI_Social+SM+PA+OB","0.00","-1.02(-2.75,0.65)","-1.71(-3.54,0.14)","-1.27(-3.36,0.77)","-2.29(-4.63,0.08)","0.2297","0.0714","0.2293","0.0639","1.0009","1.0011","1.0008","1.0013",2707,2193,1899,1716,3445,3338,2964,2330
"N00_N29_C64_C65","2000_2005","2006_2010",5,"Homeownership_tertile_1_EQI+SM+PA+OB","0.00","5.99(4.42,7.55)","5.89(4.44,7.32)","6.44(4.85,7.93)","7.50(5.79,9.12)","0.0002","0.0002","0.0002","0.0002","1.0036","1.0026","1.0036","1.0039",2305,1889,1605,1504,3298,2609,2609,2397
"N00_N29_C64_C65","2000_2005","2006_2010",5,"Homeownership_tertile_1_EQI_Air+SM+PA+OB","0.00","3.38(1.74,4.98)","3.67(2.05,5.34)","3.80(2.22,5.35)","4.08(2.43,5.74)","0.0002","0.0002","0.0002","0.0002","1.0024","1.0018","1.0023","1.0026",2121,1856,1600,1518,3028,2508,2312,2543
"N00_N29_C64_C65","2000_2005","2006_2010",5,"Homeownership_tertile_1_EQI_Water+SM+PA+OB","0.00","-1.80(-3.41,-0.12)","2.17(0.50,3.83)","1.51(-0.13,3.15)","1.12(-0.59,2.80)","0.0327","0.0123","0.0756","0.2072","1.0028","1.0020","1.0018","1.0032",1696,1535,1466,1427,2849,2350,2415,2279
"N00_N29_C64_C65","2000_2005","2006_2010",5,"Homeownership_tertile_1_EQI_Land+SM+PA+OB","0.00","-0.43(-1.62,0.75)","-0.01(-1.29,1.26)","0.45(-0.97,1.91)","-0.97(-2.50,0.50)","0.5030","0.9842","0.5405","0.2081","1.0020","1.0037","1.0038","1.0050",2703,2045,1670,1567,3143,2909,2832,2374
"N00_N29_C64_C65","2000_2005","2006_2010",5,"Homeownership_tertile_1_EQI_Built+SM+PA+OB","0.00","4.82(3.08,6.61)","5.48(3.83,7.15)","5.74(4.11,7.38)","6.10(4.53,7.74)","0.0002","0.0002","0.0002","0.0002","1.0017","1.0012","1.0028","1.0019",2078,1735,1678,1708,2932,2337,2578,2467
"N00_N29_C64_C65","2000_2005","2006_2010",5,"Homeownership_tertile_1_EQI_Social+SM+PA+OB","0.00","-0.17(-1.34,1.01)","-1.61(-2.92,-0.31)","-0.51(-2.00,0.97)","0.32(-1.41,2.02)","0.7913","0.0169","0.5134","0.7013","1.0024","1.0030","1.0039","1.0045",2213,1807,1712,1723,2862,2904,2284,2386
"N00_N29_C64_C65","2000_2005","2011_2015",10,"Homeownership_tertile_1_EQI+SM+PA+OB","0.00","6.31(4.88,7.74)","5.92(4.52,7.30)","6.02(4.54,7.48)","6.76(5.16,8.33)","0.0002","0.0002","0.0002","0.0002","1.0007","1.0019","1.0022","1.0021",2078,1625,1461,1477,3393,2990,2515,2637
"N00_N29_C64_C65","2000_2005","2011_2015",10,"Homeownership_tertile_1_EQI_Air+SM+PA+OB","0.00","3.82(2.31,5.35)","4.18(2.67,5.67)","3.73(2.28,5.18)","4.58(3.02,6.12)","0.0002","0.0002","0.0002","0.0002","1.0010","1.0020","1.0021","1.0022",2345,2016,1757,1706,3215,2283,2136,2529
"N00_N29_C64_C65","2000_2005","2011_2015",10,"Homeownership_tertile_1_EQI_Water+SM+PA+OB","0.00","-0.46(-2.03,1.11)","1.88(0.28,3.46)","1.52(-0.06,3.13)","0.48(-1.09,2.08)","0.5751","0.0219","0.0598","0.5655","1.0022","1.0012","1.0020","1.0015",1973,1812,1840,1742,2993,2792,2680,2623
"N00_N29_C64_C65","2000_2005","2011_2015",10,"Homeownership_tertile_1_EQI_Land+SM+PA+OB","0.00","-0.65(-1.77,0.47)","0.05(-1.11,1.26)","-0.48(-1.77,0.80)","-1.20(-2.60,0.19)","0.2564","0.9296","0.4805","0.0894","1.0007","1.0013","1.0015","1.0008",3071,2158,2258,2314,3855,3293,3125,3262
"N00_N29_C64_C65","2000_2005","2011_2015",10,"Homeownership_tertile_1_EQI_Built+SM+PA+OB","0.00","4.96(3.33,6.57)","6.14(4.57,7.62)","5.66(4.15,7.12)","6.53(4.94,8.04)","0.0002","0.0002","0.0002","0.0002","1.0013","1.0015","1.0013","1.0012",2667,2094,1978,1956,3085,2842,2716,2358
"N00_N29_C64_C65","2000_2005","2011_2015",10,"Homeownership_tertile_1_EQI_Social+SM+PA+OB","0.00","0.82(-0.34,1.97)","-0.37(-1.63,0.88)","-0.04(-1.44,1.36)","0.56(-1.06,2.16)","0.1743","0.5743","0.9588","0.4909","1.0012","1.0011","1.0012","1.0013",2390,1920,1841,1771,2983,2908,2704,2680
"N00_N29_C64_C65","2000_2005","2016_2020",15,"Homeownership_tertile_1_EQI+SM+PA+OB","0.00","3.61(2.12,5.05)","4.79(3.35,6.16)","4.71(3.16,6.14)","5.95(4.24,7.55)","0.0002","0.0002","0.0002","0.0002","1.0000","1.0011","1.0013","1.0013",2582,2119,1863,1831,3485,2942,2489,2621
"N00_N29_C64_C65","2000_2005","2016_2020",15,"Homeownership_tertile_1_EQI_Air+SM+PA+OB","0.00","5.04(3.43,6.64)","4.30(2.67,5.85)","4.12(2.64,5.66)","4.78(3.20,6.38)","0.0002","0.0002","0.0002","0.0002","1.0010","1.0012","1.0012","1.0007",2259,2121,1788,1658,2973,3135,2471,2682
"N00_N29_C64_C65","2000_2005","2016_2020",15,"Homeownership_tertile_1_EQI_Water+SM+PA+OB","0.00","-1.21(-2.75,0.26)","1.49(-0.05,3.02)","1.82(0.29,3.33)","1.48(-0.09,3.03)","0.1139","0.0598","0.0185","0.0689","1.0004","1.0008","1.0010","1.0018",2076,1984,1941,1875,3131,2862,2856,2858
"N00_N29_C64_C65","2000_2005","2016_2020",15,"Homeownership_tertile_1_EQI_Land+SM+PA+OB","0.00","-0.20(-1.35,1.00)","0.01(-1.22,1.23)","0.47(-0.87,1.79)","-0.77(-2.20,0.70)","0.7413","0.9775","0.4905","0.2935","1.0014","1.0017","1.0013","1.0009",2923,2359,2022,1995,3266,3027,2830,2554
"N00_N29_C64_C65","2000_2005","2016_2020",15,"Homeownership_tertile_1_EQI_Built+SM+PA+OB","0.00","3.20(1.45,4.97)","4.81(3.12,6.43)","4.05(2.42,5.69)","5.34(3.68,6.96)","0.0002","0.0002","0.0002","0.0002","1.0010","1.0010","1.0010","1.0011",2019,1595,1564,1593,2246,2106,2111,2199
"N00_N29_C64_C65","2000_2005","2016_2020",15,"Homeownership_tertile_1_EQI_Social+SM+PA+OB","0.00","-0.01(-1.20,1.17)","-0.13(-1.43,1.15)","-0.67(-2.13,0.75)","0.72(-0.92,2.35)","0.9896","0.8454","0.3664","0.3960","1.0020","1.0019","1.0024","1.0020",2482,2169,1982,2008,3278,3388,2837,3065
"N00_N29_C64_C65","2000_2005","2021_2024",20,"Homeownership_tertile_1_EQI+SM+PA+OB","0.00","6.07(4.15,7.98)","5.36(3.55,7.22)","5.42(3.46,7.37)","5.77(3.62,7.94)","0.0002","0.0002","0.0002","0.0002","1.0009","1.0015","1.0015","1.0033",2102,1798,1510,1366,3066,2934,2791,2362
"N00_N29_C64_C65","2000_2005","2021_2024",20,"Homeownership_tertile_1_EQI_Air+SM+PA+OB","0.00","4.50(2.30,6.59)","4.12(2.09,6.17)","3.41(1.39,5.39)","3.59(1.47,5.66)","0.0002","0.0006","0.0015","0.0031","1.0005","1.0007","1.0014","1.0005",2266,1881,1660,1680,3433,3116,2578,2390
"N00_N29_C64_C65","2000_2005","2021_2024",20,"Homeownership_tertile_1_EQI_Water+SM+PA+OB","0.00","-1.54(-3.53,0.46)","0.71(-1.30,2.72)","2.04(0.04,4.03)","0.34(-1.68,2.35)","0.1381","0.4922","0.0464","0.7517","1.0038","1.0030","1.0031","1.0032",1624,1409,1460,1333,3040,2639,2461,2532
"N00_N29_C64_C65","2000_2005","2021_2024",20,"Homeownership_tertile_1_EQI_Land+SM+PA+OB","0.00","-0.34(-1.82,1.13)","0.88(-0.74,2.51)","2.07(0.31,3.87)","0.09(-1.79,2.01)","0.6430","0.2893","0.0210","0.9467","1.0010","1.0017","1.0025","1.0023",3374,2557,2127,1713,3442,3351,3281,2833
"N00_N29_C64_C65","2000_2005","2021_2024",20,"Homeownership_tertile_1_EQI_Built+SM+PA+OB","0.00","4.14(1.84,6.49)","4.63(2.45,6.80)","4.94(2.80,7.03)","5.49(3.36,7.57)","0.0006","0.0002","0.0002","0.0002","1.0010","1.0015","1.0021","1.0012",2247,1926,1817,1867,3167,2982,2690,2734
"N00_N29_C64_C65","2000_2005","2021_2024",20,"Homeownership_tertile_1_EQI_Social+SM+PA+OB","0.00","-0.02(-1.52,1.51)","-0.89(-2.55,0.77)","-1.10(-2.99,0.82)","0.03(-2.14,2.19)","0.9696","0.3093","0.2422","0.9854","1.0026","1.0034","1.0039","1.0028",2433,2018,1712,1808,3398,2719,2539,2456
"N00_N29_C64_C65","2000_2005","2006_2010",5,"Homeownership_tertile_2_EQI+SM+PA+OB","0.00","1.54(0.04,2.98)","1.91(0.34,3.40)","2.67(0.91,4.35)","3.31(1.33,5.19)","0.0469","0.0215","0.0027","0.0023","1.0015","1.0019","1.0028","1.0047",2188,1723,1400,1530,2662,2636,2200,2220
"N00_N29_C64_C65","2000_2005","2006_2010",5,"Homeownership_tertile_2_EQI_Air+SM+PA+OB","0.00","3.09(1.60,4.61)","2.53(1.02,4.08)","2.47(0.83,4.20)","3.18(1.34,5.11)","0.0002","0.0023","0.0044","0.0006","1.0025","1.0013","1.0015","1.0020",2688,2386,2045,2108,3850,3403,2895,2837
"N00_N29_C64_C65","2000_2005","2006_2010",5,"Homeownership_tertile_2_EQI_Water+SM+PA+OB","0.00","-1.37(-3.34,0.56)","-1.32(-3.29,0.68)","-0.23(-2.19,1.67)","-0.75(-2.81,1.32)","0.1723","0.1918","0.8167","0.4876","1.0032","1.0018","1.0023","1.0025",1995,1965,1869,1962,3104,2915,2612,3077
"N00_N29_C64_C65","2000_2005","2006_2010",5,"Homeownership_tertile_2_EQI_Land+SM+PA+OB","0.00","0.96(-0.40,2.35)","1.20(-0.23,2.62)","1.03(-0.59,2.63)","0.11(-1.59,1.91)","0.1710","0.1081","0.2039","0.8996","1.0005","1.0007","0.9999","1.0005",3132,2539,2270,2166,3627,3199,3051,3093
"N00_N29_C64_C65","2000_2005","2006_2010",5,"Homeownership_tertile_2_EQI_Built+SM+PA+OB","0.00","3.43(2.01,4.77)","2.67(1.27,4.07)","2.80(1.34,4.30)","2.88(1.27,4.49)","0.0002","0.0002","0.0002","0.0010","1.0003","1.0008","1.0022","1.0037",2496,2435,2399,2502,2845,2736,3020,2765
"N00_N29_C64_C65","2000_2005","2006_2010",5,"Homeownership_tertile_2_EQI_Social+SM+PA+OB","0.00","-1.03(-2.51,0.45)","-0.94(-2.54,0.74)","-1.67(-3.42,0.15)","0.11(-2.00,2.30)","0.1793","0.2664","0.0706","0.9371","1.0014","1.0016","1.0010","1.0016",2844,2360,2115,2064,3258,3104,2979,2795
"N00_N29_C64_C65","2000_2005","2011_2015",10,"Homeownership_tertile_2_EQI+SM+PA+OB","0.00","2.54(1.13,3.91)","2.94(1.50,4.37)","2.82(1.22,4.34)","3.71(1.90,5.53)","0.0006","0.0002","0.0015","0.0002","1.0026","1.0043","1.0049","1.0058",2499,1853,1563,1497,3132,2498,2348,2363
"N00_N29_C64_C65","2000_2005","2011_2015",10,"Homeownership_tertile_2_EQI_Air+SM+PA+OB","0.00","1.87(0.42,3.30)","2.04(0.53,3.50)","2.69(1.06,4.29)","2.68(0.81,4.41)","0.0131","0.0106","0.0010","0.0035","1.0002","1.0009","1.0018","1.0017",2813,2463,2001,2063,3533,3223,2859,3211
"N00_N29_C64_C65","2000_2005","2011_2015",10,"Homeownership_tertile_2_EQI_Water+SM+PA+OB","0.00","-2.42(-4.21,-0.70)","-1.45(-3.25,0.28)","-1.31(-3.09,0.41)","-2.07(-3.97,-0.25)","0.0048","0.0998","0.1456","0.0244","1.0020","1.0023","1.0023","1.0020",2227,2171,2097,2213,2969,3136,3076,3044
"N00_N29_C64_C65","2000_2005","2011_2015",10,"Homeownership_tertile_2_EQI_Land+SM+PA+OB","0.00","0.39(-0.91,1.70)","-0.27(-1.60,1.07)","-0.11(-1.62,1.45)","0.10(-1.54,1.72)","0.5580","0.6980","0.8854","0.9117","1.0017","1.0032","1.0016","1.0020",3139,2599,2359,2163,3678,3493,3077,3008
"N00_N29_C64_C65","2000_2005","2011_2015",10,"Homeownership_tertile_2_EQI_Built+SM+PA+OB","0.00","2.31(1.03,3.64)","2.33(1.02,3.61)","1.95(0.58,3.30)","2.26(0.74,3.76)","0.0006","0.0002","0.0044","0.0035","1.0022","1.0023","1.0025","1.0013",2545,2326,2370,2394,3211,3098,3323,3333
"N00_N29_C64_C65","2000_2005","2011_2015",10,"Homeownership_tertile_2_EQI_Social+SM+PA+OB","0.00","-0.50(-1.87,0.86)","-0.08(-1.62,1.41)","-1.39(-3.11,0.29)","0.30(-1.79,2.34)","0.4964","0.9254","0.1177","0.7813","1.0003","1.0010","1.0009","1.0006",3008,2407,2247,2140,3885,3094,2980,2854
"N00_N29_C64_C65","2000_2005","2016_2020",15,"Homeownership_tertile_2_EQI+SM+PA+OB","0.00","1.71(0.31,3.07)","2.17(0.67,3.60)","2.74(1.16,4.35)","3.79(1.99,5.59)","0.0169","0.0052","0.0015","0.0002","1.0006","1.0011","1.0022","1.0023",2770,1987,1831,1846,3660,2802,3209,3050
"N00_N29_C64_C65","2000_2005","2016_2020",15,"Homeownership_tertile_2_EQI_Air+SM+PA+OB","0.00","2.27(0.82,3.72)","2.71(1.22,4.21)","3.08(1.48,4.64)","3.96(2.23,5.62)","0.0044","0.0010","0.0002","0.0002","1.0004","1.0019","1.0010","1.0008",3002,2472,2278,2231,3124,2600,2724,2897
"N00_N29_C64_C65","2000_2005","2016_2020",15,"Homeownership_tertile_2_EQI_Water+SM+PA+OB","0.00","-0.19(-2.00,1.66)","0.21(-1.52,2.05)","0.21(-1.62,2.06)","-0.46(-2.36,1.45)","0.8542","0.8313","0.8305","0.6309","1.0028","1.0025","1.0027","1.0019",1858,1705,1705,1732,2711,2984,2859,2704
"N00_N29_C64_C65","2000_2005","2016_2020",15,"Homeownership_tertile_2_EQI_Land+SM+PA+OB","0.00","0.72(-0.50,1.94)","0.06(-1.20,1.40)","0.29(-1.16,1.78)","0.70(-0.77,2.27)","0.2481","0.9304","0.6809","0.3789","0.9999","1.0007","1.0006","1.0010",3679,2849,2964,2957,3429,3391,2976,3087
"N00_N29_C64_C65","2000_2005","2016_2020",15,"Homeownership_tertile_2_EQI_Built+SM+PA+OB","0.00","3.38(2.07,4.65)","2.47(1.18,3.74)","3.35(2.00,4.68)","3.21(1.71,4.71)","0.0002","0.0002","0.0002","0.0002","1.0004","1.0013","1.0014","1.0007",3349,2977,2982,2901,3840,3223,2892,3564
"N00_N29_C64_C65","2000_2005","2016_2020",15,"Homeownership_tertile_2_EQI_Social+SM+PA+OB","0.00","-1.40(-2.77,-0.09)","-2.82(-4.35,-1.33)","-3.09(-4.77,-1.43)","-3.10(-5.14,-1.02)","0.0377","0.0002","0.0006","0.0044","1.0012","1.0012","1.0018","1.0021",3109,2694,2434,2373,3668,3546,3034,2908
"N00_N29_C64_C65","2000_2005","2021_2024",20,"Homeownership_tertile_2_EQI+SM+PA+OB","0.00","0.63(-1.09,2.36)","0.80(-0.98,2.61)","1.35(-0.51,3.30)","1.63(-0.53,3.80)","0.4543","0.3701","0.1685","0.1393","1.0011","1.0017","1.0011","1.0011",2132,1664,1530,1510,3440,2547,2485,2322
"N00_N29_C64_C65","2000_2005","2021_2024",20,"Homeownership_tertile_2_EQI_Air+SM+PA+OB","0.00","2.31(0.61,4.05)","2.87(1.10,4.67)","2.68(0.77,4.52)","3.08(0.93,5.11)","0.0077","0.0019","0.0081","0.0065","1.0031","1.0027","1.0038","1.0037",2242,2032,1831,1764,3235,3350,3128,3172
"N00_N29_C64_C65","2000_2005","2021_2024",20,"Homeownership_tertile_2_EQI_Water+SM+PA+OB","0.00","-0.31(-2.39,1.71)","-0.29(-2.45,1.84)","1.28(-0.83,3.39)","-1.14(-3.39,1.11)","0.7613","0.7863","0.2372","0.3256","1.0045","1.0040","1.0057","1.0073",1790,1703,1731,1596,3086,2784,2614,2745
"N00_N29_C64_C65","2000_2005","2021_2024",20,"Homeownership_tertile_2_EQI_Land+SM+PA+OB","0.00","-1.08(-2.63,0.49)","-1.64(-3.21,0.04)","-1.39(-3.18,0.41)","-1.15(-3.01,0.72)","0.1781","0.0560","0.1318","0.2193","1.0026","1.0030","1.0042","1.0028",3160,2214,2071,2131,3783,3028,2896,2955
"N00_N29_C64_C65","2000_2005","2021_2024",20,"Homeownership_tertile_2_EQI_Built+SM+PA+OB","0.00","1.62(0.02,3.16)","2.40(0.86,3.95)","2.49(0.83,4.14)","3.04(1.20,4.78)","0.0477","0.0031","0.0040","0.0010","1.0018","1.0006","1.0006","1.0017",2736,2546,2548,2679,3411,3172,3443,3020
"N00_N29_C64_C65","2000_2005","2021_2024",20,"Homeownership_tertile_2_EQI_Social+SM+PA+OB","0.00","-1.22(-2.95,0.48)","-1.57(-3.56,0.33)","-2.60(-4.71,-0.57)","-2.61(-5.19,-0.14)","0.1635","0.1114","0.0115","0.0390","1.0010","1.0005","1.0007","1.0011",2744,2402,2221,2155,3070,2820,2420,2412
"N00_N29_C64_C65","2000_2005","2006_2010",5,"Homeownership_tertile_3_EQI+SM+PA+OB","0.00","1.69(0.27,3.09)","2.38(0.88,3.84)","2.95(1.34,4.57)","4.68(2.77,6.63)","0.0194","0.0010","0.0002","0.0002","1.0006","1.0016","1.0018","1.0014",2394,1939,1690,1530,3343,3131,2829,2629
"N00_N29_C64_C65","2000_2005","2006_2010",5,"Homeownership_tertile_3_EQI_Air+SM+PA+OB","0.00","1.28(-0.25,2.82)","1.22(-0.36,2.85)","2.20(0.42,3.96)","3.16(1.11,5.20)","0.1014","0.1373","0.0152","0.0023","1.0000","1.0002","1.0004","1.0008",2543,2066,2150,2246,3654,3166,3203,3091
"N00_N29_C64_C65","2000_2005","2006_2010",5,"Homeownership_tertile_3_EQI_Water+SM+PA+OB","0.00","-0.47(-2.25,1.28)","0.07(-1.75,1.82)","1.00(-0.82,2.82)","0.10(-1.96,2.12)","0.6026","0.9392","0.2826","0.9250","1.0018","1.0027","1.0024","1.0012",1953,1771,1695,1803,2974,3006,2483,2875
"N00_N29_C64_C65","2000_2005","2006_2010",5,"Homeownership_tertile_3_EQI_Land+SM+PA+OB","0.00","-0.75(-2.16,0.66)","0.20(-1.35,1.80)","-0.67(-2.49,1.12)","-0.54(-2.42,1.30)","0.2951","0.8200","0.4543","0.5801","1.0006","1.0028","1.0007","1.0002",2533,2184,2064,2043,3170,2996,2774,2628
"N00_N29_C64_C65","2000_2005","2006_2010",5,"Homeownership_tertile_3_EQI_Built+SM+PA+OB","0.00","1.65(0.48,2.77)","1.55(0.23,2.83)","1.05(-0.32,2.40)","1.61(-0.18,3.36)","0.0069","0.0215","0.1364","0.0848","1.0004","1.0007","1.0011","1.0007",3334,2673,2510,2827,3280,3197,3654,3787
"N00_N29_C64_C65","2000_2005","2006_2010",5,"Homeownership_tertile_3_EQI_Social+SM+PA+OB","0.00","-0.61(-2.22,0.98)","-1.77(-3.49,-0.04)","-0.76(-2.55,1.06)","-0.33(-2.42,1.82)","0.4559","0.0452","0.4151","0.7555","1.0016","1.0013","1.0020","1.0024",2409,1849,1676,1492,3723,2894,2903,2442
"N00_N29_C64_C65","2000_2005","2011_2015",10,"Homeownership_tertile_3_EQI+SM+PA+OB","0.00","1.31(0.01,2.58)","2.22(0.78,3.63)","2.15(0.64,3.69)","4.26(2.41,6.10)","0.0477","0.0023","0.0060","0.0002","1.0013","1.0029","1.0033","1.0039",2001,1575,1382,1361,3087,2292,2394,2228
"N00_N29_C64_C65","2000_2005","2011_2015",10,"Homeownership_tertile_3_EQI_Air+SM+PA+OB","0.00","2.43(1.03,3.79)","1.42(-0.10,2.86)","3.05(1.40,4.70)","4.44(2.56,6.28)","0.0006","0.0706","0.0019","0.0002","1.0027","1.0023","1.0033","1.0023",2585,2185,2037,2067,3278,2574,2836,2588
"N00_N29_C64_C65","2000_2005","2011_2015",10,"Homeownership_tertile_3_EQI_Water+SM+PA+OB","0.00","-0.09(-1.70,1.52)","0.70(-0.96,2.36)","1.14(-0.51,2.83)","1.38(-0.43,3.23)","0.9263","0.4168","0.1873","0.1423","1.0025","1.0045","1.0037","1.0023",2141,1795,1962,1928,3317,3032,3186,3035
"N00_N29_C64_C65","2000_2005","2011_2015",10,"Homeownership_tertile_3_EQI_Land+SM+PA+OB","0.00","-0.16(-1.40,1.03)","-0.07(-1.43,1.28)","-1.37(-2.88,0.18)","-0.63(-2.23,1.00)","0.7825","0.9054","0.0773","0.4434","1.0006","1.0006","1.0006","1.0010",2860,2583,2381,2254,3542,3322,3155,3186
"N00_N29_C64_C65","2000_2005","2011_2015",10,"Homeownership_tertile_3_EQI_Built+SM+PA+OB","0.00","0.95(-0.08,1.98)","0.78(-0.39,1.95)","0.38(-0.87,1.63)","-0.53(-2.09,1.01)","0.0764","0.2027","0.5672","0.5059","1.0011","1.0033","1.0027","1.0036",3635,2893,2930,2959,4030,3465,3668,3728
"N00_N29_C64_C65","2000_2005","2011_2015",10,"Homeownership_tertile_3_EQI_Social+SM+PA+OB","0.00","0.06(-1.39,1.48)","-0.61(-2.19,0.96)","0.10(-1.65,1.81)","-0.09(-2.15,1.91)","0.9346","0.4497","0.9104","0.9288","1.0043","1.0038","1.0043","1.0063",2698,2346,2116,1940,3036,3219,2767,2345
"N00_N29_C64_C65","2000_2005","2016_2020",15,"Homeownership_tertile_3_EQI+SM+PA+OB","0.00","2.47(1.15,3.83)","2.07(0.72,3.39)","2.70(1.22,4.16)","4.09(2.33,5.81)","0.0006","0.0040","0.0006","0.0002","1.0012","1.0020","1.0018","1.0015",2416,1982,1860,1827,3110,3128,2636,2886
"N00_N29_C64_C65","2000_2005","2016_2020",15,"Homeownership_tertile_3_EQI_Air+SM+PA+OB","0.00","0.78(-0.59,2.15)","1.00(-0.46,2.44)","1.91(0.20,3.62)","2.51(0.58,4.45)","0.2610","0.1768","0.0244","0.0098","1.0014","1.0016","1.0014","1.0000",2417,1994,1984,2195,3023,2806,3018,2853
"N00_N29_C64_C65","2000_2005","2016_2020",15,"Homeownership_tertile_3_EQI_Water+SM+PA+OB","0.00","-0.27(-1.90,1.30)","0.32(-1.36,1.94)","0.85(-0.81,2.56)","0.69(-1.17,2.51)","0.7355","0.7017","0.3251","0.4730","1.0017","1.0017","1.0006","1.0012",2185,2110,2205,2144,2679,2631,3122,2694
"N00_N29_C64_C65","2000_2005","2016_2020",15,"Homeownership_tertile_3_EQI_Land+SM+PA+OB","0.00","-0.68(-1.94,0.60)","-1.28(-2.63,0.11)","-2.45(-4.03,-0.87)","-2.27(-3.92,-0.55)","0.2985","0.0656","0.0027","0.0106","0.9999","1.0014","1.0022","1.0032",3054,2434,2273,2377,3382,3264,3070,3015
"N00_N29_C64_C65","2000_2005","2016_2020",15,"Homeownership_tertile_3_EQI_Built+SM+PA+OB","0.00","1.08(-0.01,2.19)","1.78(0.55,2.96)","1.85(0.53,3.14)","1.22(-0.46,2.84)","0.0531","0.0048","0.0040","0.1385","1.0008","1.0013","1.0020","1.0019",3155,2996,3124,2964,3702,3230,3541,3715
"N00_N29_C64_C65","2000_2005","2016_2020",15,"Homeownership_tertile_3_EQI_Social+SM+PA+OB","0.00","-1.53(-3.01,-0.03)","-2.02(-3.67,-0.42)","-0.81(-2.55,0.93)","-0.52(-2.53,1.42)","0.0481","0.0160","0.3672","0.6130","1.0003","1.0016","1.0010","1.0009",2685,2471,2301,2045,3243,2746,3213,2966
"N00_N29_C64_C65","2000_2005","2021_2024",20,"Homeownership_tertile_3_EQI+SM+PA+OB","0.00","2.06(0.47,3.64)","1.71(0.13,3.32)","3.50(1.71,5.29)","3.40(1.20,5.53)","0.0094","0.0352","0.0006","0.0015","1.0003","1.0012","1.0000","0.9999",2051,1768,1643,1605,3142,2711,2612,3069
"N00_N29_C64_C65","2000_2005","2021_2024",20,"Homeownership_tertile_3_EQI_Air+SM+PA+OB","0.00","2.33(0.67,3.93)","2.77(0.95,4.52)","3.51(1.51,5.44)","3.97(1.74,6.18)","0.0073","0.0015","0.0015","0.0006","1.0003","1.0014","1.0015","1.0007",2417,2017,1931,2043,2955,2995,3037,3166
"N00_N29_C64_C65","2000_2005","2021_2024",20,"Homeownership_tertile_3_EQI_Water+SM+PA+OB","0.00","-0.78(-2.87,1.40)","-1.06(-3.18,1.07)","0.60(-1.52,2.78)","-1.38(-3.64,0.97)","0.4668","0.3301","0.5905","0.2522","1.0053","1.0054","1.0052","1.0037",1648,1765,1697,1925,2550,2630,2513,2706
"N00_N29_C64_C65","2000_2005","2021_2024",20,"Homeownership_tertile_3_EQI_Land+SM+PA+OB","0.00","-1.84(-3.33,-0.35)","-1.42(-3.03,0.21)","-2.12(-3.96,-0.27)","-1.25(-3.18,0.71)","0.0181","0.0848","0.0252","0.2147","0.9999","1.0002","1.0011","0.9999",3213,2717,2584,2358,3739,2968,2968,3202
"N00_N29_C64_C65","2000_2005","2021_2024",20,"Homeownership_tertile_3_EQI_Built+SM+PA+OB","0.00","2.74(1.43,4.01)","2.16(0.67,3.63)","1.67(0.07,3.29)","3.09(1.11,5.08)","0.0002","0.0052","0.0423","0.0023","1.0002","0.9998","1.0005","1.0007",2984,2846,2896,3052,3606,3174,3300,3112
"N00_N29_C64_C65","2000_2005","2021_2024",20,"Homeownership_tertile_3_EQI_Social+SM+PA+OB","0.00","-0.64(-2.41,1.08)","-1.42(-3.34,0.47)","-0.35(-2.31,1.66)","-0.65(-2.93,1.68)","0.4768","0.1410","0.7355","0.5859","1.0008","1.0000","1.0007","1.0007",2856,2329,2151,1869,3244,3445,3029,2823
