ICD_Code,EQI_Period,AAMR_Period,Lag,Model,Q1,Q2,Q3,Q4,Q5,Q2_p,Q3_p,Q4_p,Q5_p,Q2_rhat,Q3_rhat,Q4_rhat,Q5_rhat,Q2_ess_bulk,Q3_ess_bulk,Q4_ess_bulk,Q5_ess_bulk,Q2_ess_tail,Q3_ess_tail,Q4_ess_tail,Q5_ess_tail
N00_N29_C64_C65,2000_2005,2006_2010,5,Census_Region_1_EQI+SM+PA+OB,"1.00(1.00,1.00)","0.97(0.74,1.26)","0.90(0.72,1.15)","1.01(0.82,1.29)","1.01(0.82,1.29)",0.7625,0.3206,0.9554,0.9888,1.0003,1.0013,1.0021,1.0020,1917,1751,1630,1633,2822,2635,2411,2389
"N00_N29_C64_C65","2000_2005","2006_2010",5,"Census_Region_1_EQI_Air+SM+PA+OB","1.00(1.00,1.00)","0.94(0.72,1.23)","0.95(0.74,1.23)","0.98(0.77,1.26)","1.02(0.81,1.32)","0.5297","0.5609","0.7605","0.9842","1.0000","1.0008","1.0008","1.0010",3095,2892,2828,2843,3329,3263,3191,3219
"N00_N29_C64_C65","2000_2005","2006_2010",5,"Census_Region_1_EQI_Water+SM+PA+OB","1.00(1.00,1.00)","1.04(0.93,1.16)","1.08(0.96,1.22)","1.07(0.97,1.20)","1.06(0.95,1.19)","0.5288","0.1918","0.1943","0.2635","1.0007","1.0001","1.0008","1.0008",4929,4271,3892,3910,3994,4029,3947,3675
"N00_N29_C64_C65","2000_2005","2006_2010",5,"Census_Region_1_EQI_Land+SM+PA+OB","1.00(1.00,1.00)","0.91(0.75,1.10)","0.97(0.81,1.16)","0.95(0.80,1.14)","0.91(0.75,1.09)","0.2935","0.6113","0.5255","0.2506","1.0006","1.0019","1.0016","1.0011",2720,2658,2561,2641,3111,2963,2774,2771
"N00_N29_C64_C65","2000_2005","2006_2010",5,"Census_Region_1_EQI_Built+SM+PA+OB","1.00(1.00,1.00)","0.85(0.66,1.04)","0.81(0.64,0.97)","0.90(0.73,1.07)","0.97(0.80,1.16)","0.1148","0.0244","0.2139","0.7171","1.0006","1.0010","1.0015","1.0017",3136,2935,2830,2873,3685,3200,3498,3727
"N00_N29_C64_C65","2000_2005","2006_2010",5,"Census_Region_1_EQI_Social+SM+PA+OB","1.00(1.00,1.00)","1.16(1.00,1.39)","1.10(0.96,1.29)","1.09(0.96,1.28)","1.14(0.99,1.35)","0.0456","0.1935","0.2256","0.0648","0.9997","1.0001","1.0011","1.0009",3230,2805,2677,2675,3658,3247,3357,3113
"N00_N29_C64_C65","2000_2005","2011_2015",10,"Census_Region_1_EQI+SM+PA+OB","1.00(1.00,1.00)","0.92(0.70,1.20)","0.99(0.79,1.28)","1.04(0.83,1.34)","1.10(0.87,1.41)","0.4780","0.8634","0.8475","0.5213","1.0062","1.0064","1.0070","1.0069",1788,1677,1613,1608,2709,2114,2084,1940
"N00_N29_C64_C65","2000_2005","2011_2015",10,"Census_Region_1_EQI_Air+SM+PA+OB","1.00(1.00,1.00)","0.96(0.69,1.38)","0.95(0.69,1.35)","1.00(0.72,1.41)","1.05(0.77,1.51)","0.6592","0.6159","0.8679","0.8696","1.0018","1.0013","1.0017","1.0016",2714,2559,2501,2546,3021,2691,2838,2944
"N00_N29_C64_C65","2000_2005","2011_2015",10,"Census_Region_1_EQI_Water+SM+PA+OB","1.00(1.00,1.00)","0.97(0.82,1.12)","1.06(0.92,1.25)","1.06(0.93,1.22)","1.13(0.99,1.35)","0.6630","0.4268","0.4322","0.0698","1.0009","1.0004","1.0005","1.0009",4857,4470,3922,3980,3798,3586,3565,3345
"N00_N29_C64_C65","2000_2005","2011_2015",10,"Census_Region_1_EQI_Land+SM+PA+OB","1.00(1.00,1.00)","0.88(0.68,1.12)","0.94(0.75,1.19)","0.94(0.75,1.19)","0.85(0.65,1.07)","0.2539","0.4964","0.5388","0.1589","1.0009","1.0013","1.0012","1.0009",2912,2715,2763,2794,3178,3115,3025,3059
"N00_N29_C64_C65","2000_2005","2011_2015",10,"Census_Region_1_EQI_Built+SM+PA+OB","1.00(1.00,1.00)","1.08(0.84,1.38)","1.08(0.87,1.35)","1.15(0.94,1.46)","1.20(0.98,1.54)","0.5597","0.4984","0.1943","0.0781","1.0018","1.0019","1.0015","1.0023",3565,2775,2745,2768,3648,3056,3190,3245
"N00_N29_C64_C65","2000_2005","2011_2015",10,"Census_Region_1_EQI_Social+SM+PA+OB","1.00(1.00,1.00)","1.14(0.95,1.43)","1.16(0.97,1.45)","1.10(0.93,1.37)","1.16(0.96,1.47)","0.1760","0.1019","0.3110","0.1327","1.0009","1.0014","1.0010","1.0015",3260,3258,2960,2969,3410,3227,2973,2853
"N00_N29_C64_C65","2000_2005","2016_2020",15,"Census_Region_1_EQI+SM+PA+OB","1.00(1.00,1.00)","0.93(0.71,1.21)","0.99(0.80,1.27)","1.04(0.84,1.34)","1.06(0.86,1.38)","0.5093","0.8650","0.8230","0.6780","1.0011","1.0030","1.0023","1.0032",2148,1915,1875,1842,2935,2786,2640,2514
"N00_N29_C64_C65","2000_2005","2016_2020",15,"Census_Region_1_EQI_Air+SM+PA+OB","1.00(1.00,1.00)","0.91(0.66,1.25)","0.89(0.65,1.20)","0.91(0.67,1.25)","0.92(0.67,1.25)","0.4722","0.3780","0.4959","0.5126","1.0008","1.0016","1.0014","1.0016",2841,2815,2797,2789,3101,3050,3037,2919
"N00_N29_C64_C65","2000_2005","2016_2020",15,"Census_Region_1_EQI_Water+SM+PA+OB","1.00(1.00,1.00)","0.98(0.86,1.11)","1.12(0.98,1.30)","1.06(0.95,1.20)","1.07(0.96,1.23)","0.7363","0.0852","0.3439","0.2502","1.0004","1.0007","1.0001","1.0000",4867,4505,4035,3563,3691,3572,3773,3365
"N00_N29_C64_C65","2000_2005","2016_2020",15,"Census_Region_1_EQI_Land+SM+PA+OB","1.00(1.00,1.00)","1.03(0.84,1.28)","1.05(0.87,1.30)","1.01(0.83,1.25)","0.98(0.79,1.21)","0.8763","0.6634","0.9571","0.7630","1.0009","1.0017","1.0021","1.0019",3085,2807,2829,2822,3587,3407,3425,3189
"N00_N29_C64_C65","2000_2005","2016_2020",15,"Census_Region_1_EQI_Built+SM+PA+OB","1.00(1.00,1.00)","0.90(0.69,1.13)","0.94(0.75,1.15)","1.05(0.86,1.28)","1.11(0.92,1.37)","0.3151","0.4830","0.6863","0.2939","1.0001","1.0019","1.0024","1.0026",3055,2464,2605,2558,3660,2875,2672,2874
"N00_N29_C64_C65","2000_2005","2016_2020",15,"Census_Region_1_EQI_Social+SM+PA+OB","1.00(1.00,1.00)","1.15(0.97,1.38)","1.10(0.95,1.30)","1.12(0.96,1.33)","1.17(1.00,1.39)","0.0927","0.2268","0.1456","0.0514","1.0002","0.9997","1.0003","1.0003",3419,3167,3207,3118,3475,3410,3435,3192
"N00_N29_C64_C65","2000_2005","2021_2024",20,"Census_Region_1_EQI+SM+PA+OB","1.00(1.00,1.00)","0.84(0.62,1.13)","0.92(0.72,1.20)","1.00(0.79,1.30)","0.95(0.76,1.24)","0.2139","0.4330","0.8567","0.5818","1.0028","1.0034","1.0038","1.0034",2569,2053,2059,1981,3100,2526,2323,2277
"N00_N29_C64_C65","2000_2005","2021_2024",20,"Census_Region_1_EQI_Air+SM+PA+OB","1.00(1.00,1.00)","0.95(0.70,1.31)","0.95(0.72,1.30)","0.94(0.71,1.29)","0.95(0.72,1.29)","0.6380","0.5976","0.5543","0.5972","1.0014","1.0008","1.0023","1.0017",3307,2931,2916,2976,3542,3064,2875,2954
"N00_N29_C64_C65","2000_2005","2021_2024",20,"Census_Region_1_EQI_Water+SM+PA+OB","1.00(1.00,1.00)","0.98(0.85,1.12)","1.01(0.87,1.17)","1.10(0.98,1.28)","1.11(0.97,1.30)","0.8088","0.8759","0.1152","0.1260","1.0005","1.0007","1.0001","1.0012",4686,4304,4240,4214,3612,3990,3766,3861
"N00_N29_C64_C65","2000_2005","2021_2024",20,"Census_Region_1_EQI_Land+SM+PA+OB","1.00(1.00,1.00)","0.95(0.76,1.18)","1.06(0.88,1.32)","1.07(0.89,1.34)","0.98(0.79,1.21)","0.5584","0.6122","0.5326","0.7605","1.0012","1.0018","1.0029","1.0012",3231,3031,3157,3125,3261,3226,3306,3169
"N00_N29_C64_C65","2000_2005","2021_2024",20,"Census_Region_1_EQI_Built+SM+PA+OB","1.00(1.00,1.00)","0.86(0.60,1.13)","0.87(0.65,1.10)","0.92(0.70,1.17)","0.93(0.71,1.18)","0.2602","0.2368","0.4455","0.4989","1.0005","1.0010","1.0005","1.0010",3280,3292,3189,3137,3731,3426,3223,3266
"N00_N29_C64_C65","2000_2005","2021_2024",20,"Census_Region_1_EQI_Social+SM+PA+OB","1.00(1.00,1.00)","1.17(0.99,1.48)","1.14(0.97,1.39)","1.08(0.92,1.31)","1.11(0.94,1.35)","0.0814","0.1231","0.3893","0.2464","1.0013","1.0035","1.0032","1.0033",3678,3313,3289,3095,3878,3330,2978,3562
"N00_N29_C64_C65","2000_2005","2006_2010",5,"Census_Region_2_EQI+SM+PA+OB","1.00(1.00,1.00)","1.42(1.25,1.62)","1.52(1.35,1.73)","1.52(1.34,1.72)","1.58(1.39,1.80)","0.0002","0.0002","0.0002","0.0002","1.0016","1.0033","1.0018","1.0028",2429,2196,2059,1930,3311,2947,2759,2702
"N00_N29_C64_C65","2000_2005","2006_2010",5,"Census_Region_2_EQI_Air+SM+PA+OB","1.00(1.00,1.00)","1.09(0.99,1.21)","1.18(1.07,1.32)","1.23(1.10,1.38)","1.22(1.09,1.39)","0.0873","0.0006","0.0002","0.0006","1.0008","1.0001","1.0004","1.0006",3513,3216,2830,2782,3369,3584,3202,3291
"N00_N29_C64_C65","2000_2005","2006_2010",5,"Census_Region_2_EQI_Water+SM+PA+OB","1.00(1.00,1.00)","0.95(0.83,1.08)","1.06(0.93,1.20)","1.03(0.91,1.17)","1.04(0.90,1.20)","0.3630","0.4164","0.6584","0.6317","1.0005","1.0013","1.0010","1.0008",3383,3107,3364,3527,3351,3408,3498,4012
"N00_N29_C64_C65","2000_2005","2006_2010",5,"Census_Region_2_EQI_Land+SM+PA+OB","1.00(1.00,1.00)","1.26(1.10,1.48)","1.26(1.10,1.47)","1.25(1.09,1.46)","1.27(1.10,1.48)","0.0006","0.0002","0.0010","0.0006","1.0019","1.0015","1.0027","1.0027",3295,3126,2828,2841,3633,3073,3067,2941
"N00_N29_C64_C65","2000_2005","2006_2010",5,"Census_Region_2_EQI_Built+SM+PA+OB","1.00(1.00,1.00)","1.29(1.17,1.44)","1.27(1.15,1.41)","1.25(1.13,1.39)","1.25(1.13,1.40)","0.0002","0.0002","0.0002","0.0002","1.0019","1.0023","1.0023","1.0022",3235,3060,3254,3143,3530,3499,3323,3265
"N00_N29_C64_C65","2000_2005","2006_2010",5,"Census_Region_2_EQI_Social+SM+PA+OB","1.00(1.00,1.00)","0.82(0.68,0.95)","0.76(0.62,0.89)","0.74(0.60,0.87)","0.76(0.60,0.91)","0.0135","0.0015","0.0002","0.0031","1.0013","1.0019","1.0015","1.0015",3420,3152,3112,3031,3660,3322,3334,3348
"N00_N29_C64_C65","2000_2005","2011_2015",10,"Census_Region_2_EQI+SM+PA+OB","1.00(1.00,1.00)","1.44(1.27,1.65)","1.61(1.42,1.85)","1.47(1.30,1.69)","1.59(1.39,1.85)","0.0002","0.0002","0.0002","0.0002","1.0030","1.0016","1.0024","1.0020",2733,2140,1836,1783,3168,2904,2768,2468
"N00_N29_C64_C65","2000_2005","2011_2015",10,"Census_Region_2_EQI_Air+SM+PA+OB","1.00(1.00,1.00)","1.28(1.14,1.47)","1.28(1.14,1.48)","1.39(1.21,1.63)","1.45(1.26,1.73)","0.0002","0.0002","0.0002","0.0002","1.0010","1.0021","1.0013","1.0005",3590,3109,3080,2875,3817,3321,3316,3345
"N00_N29_C64_C65","2000_2005","2011_2015",10,"Census_Region_2_EQI_Water+SM+PA+OB","1.00(1.00,1.00)","1.01(0.88,1.19)","1.07(0.92,1.27)","1.04(0.90,1.23)","0.96(0.80,1.15)","0.9313","0.3939","0.6051","0.6584","1.0006","1.0000","1.0004","0.9996",3320,3257,3374,3379,3060,3147,3028,3172
"N00_N29_C64_C65","2000_2005","2011_2015",10,"Census_Region_2_EQI_Land+SM+PA+OB","1.00(1.00,1.00)","1.39(1.18,1.70)","1.40(1.19,1.72)","1.31(1.11,1.60)","1.42(1.20,1.75)","0.0002","0.0002","0.0006","0.0002","1.0012","1.0019","1.0018","1.0017",3492,3201,3081,3071,3512,3092,3234,3191
"N00_N29_C64_C65","2000_2005","2011_2015",10,"Census_Region_2_EQI_Built+SM+PA+OB","1.00(1.00,1.00)","1.28(1.13,1.49)","1.27(1.13,1.48)","1.29(1.14,1.51)","1.27(1.11,1.48)","0.0002","0.0006","0.0006","0.0010","1.0021","1.0002","1.0012","1.0007",3670,3283,3269,2798,3363,2926,2888,3233
"N00_N29_C64_C65","2000_2005","2011_2015",10,"Census_Region_2_EQI_Social+SM+PA+OB","1.00(1.00,1.00)","0.90(0.73,1.09)","0.81(0.65,0.98)","0.67(0.49,0.83)","0.69(0.49,0.88)","0.2564","0.0323","0.0006","0.0027","1.0001","1.0002","1.0014","1.0010",3241,2671,2465,2564,3299,3126,2900,2781
"N00_N29_C64_C65","2000_2005","2016_2020",15,"Census_Region_2_EQI+SM+PA+OB","1.00(1.00,1.00)","1.36(1.22,1.54)","1.35(1.21,1.52)","1.40(1.25,1.58)","1.50(1.34,1.70)","0.0002","0.0002","0.0002","0.0002","1.0002","1.0021","1.0012","1.0011",2530,2102,2052,2070,3044,3009,2579,2595
"N00_N29_C64_C65","2000_2005","2016_2020",15,"Census_Region_2_EQI_Air+SM+PA+OB","1.00(1.00,1.00)","1.15(1.06,1.26)","1.22(1.12,1.34)","1.28(1.17,1.43)","1.35(1.21,1.52)","0.0010","0.0002","0.0002","0.0002","1.0013","1.0026","1.0016","1.0015",3518,3052,3112,3031,3409,3410,3387,3019
"N00_N29_C64_C65","2000_2005","2016_2020",15,"Census_Region_2_EQI_Water+SM+PA+OB","1.00(1.00,1.00)","1.07(0.95,1.20)","1.16(1.03,1.31)","1.15(1.03,1.30)","1.08(0.95,1.23)","0.2989","0.0144","0.0090","0.2568","1.0008","1.0008","1.0009","1.0015",3193,3091,3272,3250,3543,3225,2824,3512
"N00_N29_C64_C65","2000_2005","2016_2020",15,"Census_Region_2_EQI_Land+SM+PA+OB","1.00(1.00,1.00)","1.27(1.13,1.45)","1.26(1.12,1.45)","1.30(1.15,1.50)","1.35(1.19,1.56)","0.0002","0.0002","0.0002","0.0002","1.0010","1.0009","1.0006","1.0003",3433,3006,2960,3001,3144,3201,2964,3063
"N00_N29_C64_C65","2000_2005","2016_2020",15,"Census_Region_2_EQI_Built+SM+PA+OB","1.00(1.00,1.00)","1.16(1.07,1.28)","1.18(1.08,1.30)","1.20(1.10,1.33)","1.18(1.08,1.31)","0.0002","0.0006","0.0002","0.0002","1.0010","1.0013","1.0002","1.0015",4004,3468,3359,3553,3919,3707,3429,3699
"N00_N29_C64_C65","2000_2005","2016_2020",15,"Census_Region_2_EQI_Social+SM+PA+OB","1.00(1.00,1.00)","0.69(0.55,0.82)","0.63(0.50,0.75)","0.57(0.42,0.70)","0.51(0.34,0.65)","0.0002","0.0002","0.0002","0.0002","1.0016","1.0018","1.0033","1.0013",3027,2872,2777,2794,3207,3276,2767,2897
"N00_N29_C64_C65","2000_2005","2021_2024",20,"Census_Region_2_EQI+SM+PA+OB","1.00(1.00,1.00)","1.38(1.23,1.57)","1.26(1.13,1.41)","1.35(1.21,1.52)","1.38(1.23,1.57)","0.0002","0.0002","0.0002","0.0002","1.0038","1.0028","1.0048","1.0052",2433,2124,1930,1924,3104,2647,2610,2608
"N00_N29_C64_C65","2000_2005","2021_2024",20,"Census_Region_2_EQI_Air+SM+PA+OB","1.00(1.00,1.00)","1.11(1.01,1.22)","1.15(1.04,1.28)","1.21(1.09,1.35)","1.24(1.11,1.40)","0.0377","0.0073","0.0002","0.0002","1.0013","1.0013","1.0026","1.0014",3373,2989,2420,2665,3495,3441,3316,3492
"N00_N29_C64_C65","2000_2005","2021_2024",20,"Census_Region_2_EQI_Water+SM+PA+OB","1.00(1.00,1.00)","1.03(0.91,1.17)","1.02(0.90,1.16)","1.04(0.92,1.18)","0.90(0.77,1.05)","0.6738","0.7713","0.5593","0.1585","1.0014","1.0016","1.0013","1.0000",2814,2713,2763,2940,3572,3186,3212,3492
"N00_N29_C64_C65","2000_2005","2021_2024",20,"Census_Region_2_EQI_Land+SM+PA+OB","1.00(1.00,1.00)","1.11(0.97,1.27)","1.20(1.06,1.38)","1.24(1.09,1.43)","1.29(1.13,1.50)","0.1256","0.0040","0.0002","0.0002","1.0018","1.0000","1.0004","0.9999",3120,2831,2726,2753,3611,3118,3209,3100
"N00_N29_C64_C65","2000_2005","2021_2024",20,"Census_Region_2_EQI_Built+SM+PA+OB","1.00(1.00,1.00)","1.18(1.08,1.31)","1.17(1.07,1.30)","1.18(1.08,1.31)","1.21(1.09,1.34)","0.0006","0.0006","0.0006","0.0002","1.0006","1.0013","1.0025","1.0007",3415,2978,2789,2813,3608,2862,3271,2971
"N00_N29_C64_C65","2000_2005","2021_2024",20,"Census_Region_2_EQI_Social+SM+PA+OB","1.00(1.00,1.00)","0.87(0.74,1.01)","0.79(0.67,0.91)","0.76(0.63,0.89)","0.69(0.55,0.84)","0.0660","0.0015","0.0002","0.0002","1.0006","1.0002","1.0006","1.0009",3158,2800,2673,2554,4003,3245,3067,3014
"N00_N29_C64_C65","2000_2005","2006_2010",5,"Census_Region_3_EQI+SM+PA+OB","1.00(1.00,1.00)","1.08(1.03,1.13)","1.09(1.04,1.14)","1.11(1.05,1.18)","1.20(1.12,1.29)","0.0010","0.0010","0.0002","0.0002","1.0009","1.0013","1.0013","1.0009",2590,2236,1983,2069,3077,3315,2809,2950
"N00_N29_C64_C65","2000_2005","2006_2010",5,"Census_Region_3_EQI_Air+SM+PA+OB","1.00(1.00,1.00)","1.19(1.10,1.28)","1.15(1.07,1.25)","1.17(1.08,1.27)","1.25(1.15,1.36)","0.0002","0.0006","0.0002","0.0002","1.0006","1.0005","1.0012","1.0008",2408,2115,1863,1869,3233,3165,2735,2857
"N00_N29_C64_C65","2000_2005","2006_2010",5,"Census_Region_3_EQI_Water+SM+PA+OB","1.00(1.00,1.00)","0.95(0.88,1.02)","0.98(0.91,1.06)","1.04(0.96,1.13)","1.03(0.94,1.12)","0.1768","0.6442","0.3655","0.5501","1.0020","1.0017","1.0023","1.0016",2315,2248,2218,2384,2676,3036,3064,3288
"N00_N29_C64_C65","2000_2005","2006_2010",5,"Census_Region_3_EQI_Land+SM+PA+OB","1.00(1.00,1.00)","0.97(0.93,1.01)","1.01(0.97,1.06)","1.02(0.95,1.09)","0.98(0.89,1.06)","0.1585","0.5355","0.6280","0.5693","1.0003","1.0032","0.9998","1.0001",3805,3975,4591,3988,3297,3822,3825,3560
"N00_N29_C64_C65","2000_2005","2006_2010",5,"Census_Region_3_EQI_Built+SM+PA+OB","1.00(1.00,1.00)","1.09(1.04,1.14)","1.10(1.05,1.16)","1.10(1.04,1.16)","1.15(1.08,1.22)","0.0006","0.0002","0.0010","0.0002","1.0007","1.0021","1.0019","1.0016",3078,3040,2681,2657,3524,3427,3232,3119
"N00_N29_C64_C65","2000_2005","2006_2010",5,"Census_Region_3_EQI_Social+SM+PA+OB","1.00(1.00,1.00)","0.96(0.92,1.01)","0.89(0.83,0.95)","0.93(0.87,1.00)","0.94(0.85,1.02)","0.1443","0.0002","0.0489","0.1339","1.0005","1.0005","1.0012","1.0015",3135,2589,2408,2334,3652,2560,2937,2927
"N00_N29_C64_C65","2000_2005","2011_2015",10,"Census_Region_3_EQI+SM+PA+OB","1.00(1.00,1.00)","1.12(1.06,1.17)","1.10(1.05,1.16)","1.13(1.06,1.20)","1.19(1.11,1.29)","0.0002","0.0006","0.0002","0.0002","1.0014","1.0012","1.0012","1.0008",2388,1949,1871,1817,3121,2675,2441,2718
"N00_N29_C64_C65","2000_2005","2011_2015",10,"Census_Region_3_EQI_Air+SM+PA+OB","1.00(1.00,1.00)","1.15(1.06,1.25)","1.18(1.09,1.28)","1.22(1.12,1.33)","1.28(1.18,1.41)","0.0006","0.0002","0.0002","0.0002","1.0006","1.0012","1.0011","1.0013",2477,2279,2095,2082,3271,3034,2799,2568
"N00_N29_C64_C65","2000_2005","2011_2015",10,"Census_Region_3_EQI_Water+SM+PA+OB","1.00(1.00,1.00)","0.96(0.88,1.04)","1.02(0.94,1.11)","1.04(0.95,1.13)","0.98(0.89,1.08)","0.2872","0.5826","0.3805","0.7301","1.0014","1.0011","1.0011","1.0006",2497,2338,2488,2520,3253,3298,3002,3259
"N00_N29_C64_C65","2000_2005","2011_2015",10,"Census_Region_3_EQI_Land+SM+PA+OB","1.00(1.00,1.00)","0.96(0.92,1.00)","0.98(0.93,1.03)","0.93(0.85,1.00)","0.98(0.88,1.08)","0.0710","0.4805","0.0502","0.6480","1.0007","1.0008","1.0003","1.0004",4118,4305,4080,3921,3865,3861,3344,3796
"N00_N29_C64_C65","2000_2005","2011_2015",10,"Census_Region_3_EQI_Built+SM+PA+OB","1.00(1.00,1.00)","1.08(1.03,1.14)","1.11(1.05,1.17)","1.07(1.01,1.13)","1.11(1.04,1.19)","0.0052","0.0002","0.0227","0.0019","1.0004","1.0005","1.0007","1.0015",3030,3332,3001,2744,3560,3468,3631,3516
"N00_N29_C64_C65","2000_2005","2011_2015",10,"Census_Region_3_EQI_Social+SM+PA+OB","1.00(1.00,1.00)","0.98(0.93,1.04)","0.93(0.87,0.99)","0.95(0.88,1.03)","0.92(0.83,1.02)","0.5380","0.0340","0.2210","0.0981","1.0009","1.0005","1.0004","1.0019",3257,2808,2696,2524,3870,3314,3283,3388
"N00_N29_C64_C65","2000_2005","2016_2020",15,"Census_Region_3_EQI+SM+PA+OB","1.00(1.00,1.00)","1.08(1.03,1.13)","1.11(1.06,1.17)","1.13(1.06,1.19)","1.22(1.13,1.30)","0.0010","0.0002","0.0002","0.0002","1.0025","1.0030","1.0043","1.0045",2397,2123,1846,1916,3256,3268,2584,2844
"N00_N29_C64_C65","2000_2005","2016_2020",15,"Census_Region_3_EQI_Air+SM+PA+OB","1.00(1.00,1.00)","1.14(1.05,1.23)","1.16(1.07,1.25)","1.19(1.10,1.29)","1.25(1.15,1.36)","0.0010","0.0002","0.0002","0.0002","1.0028","1.0033","1.0036","1.0029",2201,2030,1821,1862,3326,3168,3012,2996
"N00_N29_C64_C65","2000_2005","2016_2020",15,"Census_Region_3_EQI_Water+SM+PA+OB","1.00(1.00,1.00)","0.97(0.90,1.05)","1.00(0.93,1.08)","1.02(0.94,1.11)","1.01(0.92,1.10)","0.4893","0.9408","0.6076","0.8750","1.0014","1.0004","1.0007","1.0005",2329,2186,2343,2180,3624,3165,3474,3101
"N00_N29_C64_C65","2000_2005","2016_2020",15,"Census_Region_3_EQI_Land+SM+PA+OB","1.00(1.00,1.00)","0.97(0.93,1.01)","0.97(0.92,1.02)","0.96(0.88,1.03)","0.92(0.82,1.01)","0.1856","0.2168","0.2393","0.0781","1.0002","1.0004","1.0006","1.0016",4333,4021,4813,4371,4036,3467,3048,3420
"N00_N29_C64_C65","2000_2005","2016_2020",15,"Census_Region_3_EQI_Built+SM+PA+OB","1.00(1.00,1.00)","1.10(1.05,1.16)","1.14(1.08,1.20)","1.16(1.09,1.22)","1.23(1.15,1.31)","0.0002","0.0002","0.0002","0.0002","1.0006","1.0012","1.0013","1.0029",3299,2748,2788,2477,3139,3641,3339,3011
"N00_N29_C64_C65","2000_2005","2016_2020",15,"Census_Region_3_EQI_Social+SM+PA+OB","1.00(1.00,1.00)","0.95(0.90,1.00)","0.91(0.85,0.97)","0.94(0.86,1.01)","0.94(0.86,1.03)","0.0706","0.0027","0.0777","0.2214","1.0015","1.0017","1.0015","1.0026",3078,2654,2586,2421,3376,3078,2872,3149
"N00_N29_C64_C65","2000_2005","2021_2024",20,"Census_Region_3_EQI+SM+PA+OB","1.00(1.00,1.00)","1.11(1.05,1.16)","1.13(1.07,1.19)","1.18(1.11,1.26)","1.26(1.17,1.36)","0.0006","0.0002","0.0002","0.0002","1.0017","1.0025","1.0015","1.0026",2468,1976,1855,2032,3278,3409,3292,2939
"N00_N29_C64_C65","2000_2005","2021_2024",20,"Census_Region_3_EQI_Air+SM+PA+OB","1.00(1.00,1.00)","1.15(1.06,1.25)","1.19(1.10,1.29)","1.20(1.11,1.31)","1.24(1.14,1.36)","0.0015","0.0002","0.0002","0.0002","1.0013","1.0009","1.0017","1.0014",2309,1960,1927,1942,3092,2663,2794,2639
"N00_N29_C64_C65","2000_2005","2021_2024",20,"Census_Region_3_EQI_Water+SM+PA+OB","1.00(1.00,1.00)","0.94(0.86,1.02)","0.96(0.88,1.05)","1.07(0.98,1.17)","0.98(0.89,1.08)","0.1398","0.3443","0.1431","0.7234","1.0045","1.0065","1.0055","1.0035",2039,1807,1931,1968,2698,3159,2929,2769
"N00_N29_C64_C65","2000_2005","2021_2024",20,"Census_Region_3_EQI_Land+SM+PA+OB","1.00(1.00,1.00)","0.95(0.91,0.99)","0.97(0.91,1.02)","0.99(0.91,1.07)","1.01(0.91,1.11)","0.0273","0.1952","0.7134","0.9175","1.0001","1.0004","1.0006","1.0018",3931,3744,4098,4380,3845,4035,3664,3919
"N00_N29_C64_C65","2000_2005","2021_2024",20,"Census_Region_3_EQI_Built+SM+PA+OB","1.00(1.00,1.00)","1.11(1.05,1.17)","1.13(1.07,1.19)","1.17(1.11,1.24)","1.26(1.18,1.35)","0.0006","0.0002","0.0002","0.0002","1.0009","1.0006","1.0010","1.0013",3145,2903,2703,2578,3371,3628,3386,3257
"N00_N29_C64_C65","2000_2005","2021_2024",20,"Census_Region_3_EQI_Social+SM+PA+OB","1.00(1.00,1.00)","0.95(0.90,1.01)","0.91(0.84,0.97)","0.90(0.83,0.98)","0.92(0.83,1.02)","0.0819","0.0065","0.0135","0.1052","1.0006","1.0008","1.0008","1.0004",2179,1753,1849,1639,3188,2965,3163,2683
"N00_N29_C64_C65","2000_2005","2006_2010",5,"Census_Region_4_EQI+SM+PA+OB","1.00(1.00,1.00)","1.31(1.10,1.55)","1.34(1.13,1.58)","1.37(1.14,1.65)","1.35(1.12,1.62)","0.0035","0.0002","0.0002","0.0031","1.0012","1.0016","1.0020","1.0022",3444,2808,2604,2427,3497,3070,2867,2696
"N00_N29_C64_C65","2000_2005","2006_2010",5,"Census_Region_4_EQI_Air+SM+PA+OB","1.00(1.00,1.00)","1.22(0.93,1.68)","1.10(0.76,1.51)","1.20(0.90,1.66)","1.06(0.70,1.48)","0.1556","0.5488","0.2377","0.7367","1.0032","1.0030","1.0037","1.0031",3237,3552,2778,3012,3261,3580,3614,3535
"N00_N29_C64_C65","2000_2005","2006_2010",5,"Census_Region_4_EQI_Water+SM+PA+OB","1.00(1.00,1.00)","0.60(0.17,1.07)","1.61(1.02,2.95)","1.45(0.92,2.60)","1.36(0.89,2.33)","0.0777","0.0406","0.1231","0.1827","1.0001","1.0004","1.0004","0.9997",2190,2174,2070,1895,2976,2872,3337,2748
"N00_N29_C64_C65","2000_2005","2006_2010",5,"Census_Region_4_EQI_Land+SM+PA+OB","1.00(1.00,1.00)","1.16(0.57,2.08)","1.37(0.85,2.33)","1.36(0.88,2.33)","1.23(0.78,2.06)","0.7130","0.2181","0.1956","0.4630","1.0025","1.0033","1.0042","1.0049",2433,1886,1830,1827,2951,2366,2326,2464
"N00_N29_C64_C65","2000_2005","2006_2010",5,"Census_Region_4_EQI_Built+SM+PA+OB","1.00(1.00,1.00)","1.77(1.29,2.82)","1.60(1.18,2.48)","1.69(1.25,2.68)","1.56(1.16,2.43)","0.0015","0.0019","0.0015","0.0019","1.0008","1.0018","1.0013","1.0003",3021,2758,2515,2257,3711,3177,2943,3069
"N00_N29_C64_C65","2000_2005","2006_2010",5,"Census_Region_4_EQI_Social+SM+PA+OB","1.00(1.00,1.00)","1.25(0.94,1.78)","1.12(0.83,1.59)","1.16(0.83,1.71)","1.35(0.95,2.14)","0.1289","0.4793","0.4376","0.1135","1.0002","1.0004","1.0008","1.0016",3380,2966,2593,2609,3331,3806,3281,3115
"N00_N29_C64_C65","2000_2005","2011_2015",10,"Census_Region_4_EQI+SM+PA+OB","1.00(1.00,1.00)","1.48(1.22,1.79)","1.48(1.22,1.81)","1.52(1.24,1.87)","1.52(1.23,1.88)","0.0002","0.0002","0.0002","0.0002","1.0020","1.0010","1.0018","1.0027",2662,2208,2150,1977,3525,2940,3067,2523
"N00_N29_C64_C65","2000_2005","2011_2015",10,"Census_Region_4_EQI_Air+SM+PA+OB","1.00(1.00,1.00)","1.34(0.81,2.71)","0.97(0.15,1.63)","0.94(0.19,1.56)","0.94(0.13,1.81)","0.1552","0.7784","0.7730","0.8825","1.0007","1.0007","0.9999","1.0002",3444,3434,3334,3073,3397,3701,3324,3600
"N00_N29_C64_C65","2000_2005","2011_2015",10,"Census_Region_4_EQI_Water+SM+PA+OB","1.00(1.00,1.00)","0.62(-0.36,1.93)","1.50(0.55,5.57)","1.49(0.57,5.57)","1.43(0.50,4.90)","0.2976","0.2989","0.2810","0.3905","1.0021","1.0032","1.0005","1.0013",1802,1810,1818,1758,2759,2572,2635,2669
"N00_N29_C64_C65","2000_2005","2011_2015",10,"Census_Region_4_EQI_Land+SM+PA+OB","1.00(1.00,1.00)","1.08(-0.32,3.24)","1.12(0.06,3.45)","1.42(0.55,5.00)","1.15(0.22,3.45)","0.9529","0.8842","0.3118","0.7101","1.0036","1.0048","1.0049","1.0044",2383,1837,1816,1833,3075,2667,2786,2514
"N00_N29_C64_C65","2000_2005","2011_2015",10,"Census_Region_4_EQI_Built+SM+PA+OB","1.00(1.00,1.00)","2.27(1.28,6.94)","2.66(1.43,9.03)","2.26(1.32,7.22)","2.38(1.35,7.71)","0.0452","0.0452","0.0452","0.0452","0.9999","1.0011","1.0014","1.0005",3188,2562,2710,2638,3589,3569,3232,3466
"N00_N29_C64_C65","2000_2005","2011_2015",10,"Census_Region_4_EQI_Social+SM+PA+OB","1.00(1.00,1.00)","1.42(0.86,3.34)","1.19(0.57,2.43)","1.39(0.77,3.47)","1.64(0.92,4.75)","0.1031","0.5172","0.1743","0.0677","1.0006","1.0012","1.0014","1.0025",3298,2969,2660,2517,3351,3265,3074,3157
"N00_N29_C64_C65","2000_2005","2016_2020",15,"Census_Region_4_EQI+SM+PA+OB","1.00(1.00,1.00)","1.44(1.22,1.74)","1.48(1.24,1.78)","1.51(1.25,1.85)","1.53(1.26,1.86)","0.0002","0.0002","0.0002","0.0002","1.0008","1.0016","1.0018","1.0023",2734,2520,2218,2093,3332,2975,2961,2956
"N00_N29_C64_C65","2000_2005","2016_2020",15,"Census_Region_4_EQI_Air+SM+PA+OB","1.00(1.00,1.00)","1.33(1.08,1.82)","1.09(0.84,1.41)","1.10(0.86,1.42)","1.07(0.79,1.40)","0.0056","0.5068","0.4322","0.5955","1.0020","1.0005","1.0013","1.0012",3577,3377,3228,3190,3842,3540,3315,3947
"N00_N29_C64_C65","2000_2005","2016_2020",15,"Census_Region_4_EQI_Water+SM+PA+OB","1.00(1.00,1.00)","0.55(0.16,0.96)","1.34(0.83,2.40)","1.18(0.71,2.05)","1.32(0.84,2.29)","0.0373","0.3089","0.6484","0.3160","1.0043","1.0053","1.0052","1.0053",1547,1532,1567,1549,2425,2293,2438,2305
"N00_N29_C64_C65","2000_2005","2016_2020",15,"Census_Region_4_EQI_Land+SM+PA+OB","1.00(1.00,1.00)","1.19(0.67,2.13)","1.17(0.74,1.92)","1.14(0.74,1.88)","1.10(0.71,1.81)","0.6588","0.6263","0.7134","0.8213","1.0010","1.0019","1.0020","1.0019",2118,1757,1611,1648,3191,2830,2438,2634
"N00_N29_C64_C65","2000_2005","2016_2020",15,"Census_Region_4_EQI_Built+SM+PA+OB","1.00(1.00,1.00)","1.58(1.19,2.38)","1.74(1.31,2.77)","1.50(1.16,2.25)","1.53(1.16,2.33)","0.0006","0.0006","0.0006","0.0006","1.0024","1.0012","1.0020","1.0022",2598,2482,2367,2101,3286,3100,3377,3483
"N00_N29_C64_C65","2000_2005","2016_2020",15,"Census_Region_4_EQI_Social+SM+PA+OB","1.00(1.00,1.00)","1.07(0.84,1.40)","1.06(0.82,1.40)","1.06(0.79,1.45)","1.22(0.91,1.83)","0.5818","0.6921","0.7555","0.2210","1.0004","1.0018","1.0008","1.0025",3184,2668,2533,2469,3607,3472,3079,3057
"N00_N29_C64_C65","2000_2005","2021_2024",20,"Census_Region_4_EQI+SM+PA+OB","1.00(1.00,1.00)","1.38(1.15,1.66)","1.37(1.14,1.65)","1.41(1.16,1.71)","1.35(1.10,1.64)","0.0002","0.0006","0.0002","0.0027","1.0012","1.0012","1.0011","1.0017",2473,2056,2083,2001,3264,2379,2632,2314
"N00_N29_C64_C65","2000_2005","2021_2024",20,"Census_Region_4_EQI_Air+SM+PA+OB","1.00(1.00,1.00)","1.73(1.12,3.06)","1.34(0.86,2.08)","1.42(0.93,2.23)","1.35(0.83,2.12)","0.0085","0.2393","0.1227","0.2581","1.0000","1.0008","1.0010","1.0006",3681,2969,2890,2871,3587,3368,3504,3603
"N00_N29_C64_C65","2000_2005","2021_2024",20,"Census_Region_4_EQI_Water+SM+PA+OB","1.00(1.00,1.00)","0.98(0.38,2.11)","1.86(0.90,4.18)","2.16(1.05,4.99)","1.54(0.77,3.38)","0.5847","0.1364","0.0327","0.3447","1.0007","1.0013","1.0020","1.0007",1885,1818,1873,1730,2656,2645,2732,2667
"N00_N29_C64_C65","2000_2005","2021_2024",20,"Census_Region_4_EQI_Land+SM+PA+OB","1.00(1.00,1.00)","1.90(0.82,4.25)","1.51(0.73,3.14)","1.60(0.79,3.38)","1.49(0.73,3.03)","0.1827","0.4014","0.3043","0.4589","1.0018","1.0054","1.0055","1.0046",2614,1982,2007,2086,2972,3094,2811,2767
"N00_N29_C64_C65","2000_2005","2021_2024",20,"Census_Region_4_EQI_Built+SM+PA+OB","1.00(1.00,1.00)","1.69(1.06,3.30)","2.42(1.39,5.18)","2.03(1.23,4.28)","1.92(1.18,4.03)","0.0235","0.0073","0.0073","0.0077","1.0010","1.0010","1.0012","1.0015",3075,2943,2735,2598,3509,3731,3552,3072
"N00_N29_C64_C65","2000_2005","2021_2024",20,"Census_Region_4_EQI_Social+SM+PA+OB","1.00(1.00,1.00)","1.24(0.82,2.02)","1.09(0.65,1.71)","1.30(0.80,2.19)","1.35(0.81,2.46)","0.4160","0.8688","0.3789","0.3072","1.0011","1.0013","1.0021","1.0023",2995,2737,2542,2477,3524,3644,3355,3114
"N00_N29_C64_C65","2000_2005","2006_2010",5,"koppen_major_B_EQI+SM+PA+OB","1.00(1.00,1.00)","1.29(1.10,1.51)","1.29(1.10,1.51)","1.36(1.13,1.62)","1.42(1.15,1.71)","0.0010","0.0010","0.0002","0.0006","1.0011","1.0001","1.0020","1.0005",3650,3071,2235,2542,3834,3402,3007,3155
"N00_N29_C64_C65","2000_2005","2006_2010",5,"koppen_major_B_EQI_Air+SM+PA+OB","1.00(1.00,1.00)","1.11(0.76,1.64)","0.96(0.48,1.42)","0.97(0.49,1.42)","0.96(0.35,1.62)","0.5497","0.8638","0.8088","0.9292","1.0005","1.0001","1.0007","1.0010",4515,4765,4106,5517,3479,3552,3915,3835
"N00_N29_C64_C65","2000_2005","2006_2010",5,"koppen_major_B_EQI_Water+SM+PA+OB","1.00(1.00,1.00)","1.04(0.54,1.90)","1.43(0.85,2.61)","1.44(0.89,2.55)","1.35(0.84,2.40)","0.8704","0.2139","0.2002","0.2860","1.0005","1.0024","1.0017","0.9998",2278,2488,2000,2242,3318,3226,2597,2873
"N00_N29_C64_C65","2000_2005","2006_2010",5,"koppen_major_B_EQI_Land+SM+PA+OB","1.00(1.00,1.00)","1.60(1.01,2.97)","1.61(1.03,3.09)","1.99(1.23,4.04)","1.46(0.89,2.88)","0.0460","0.0331","0.0023","0.1731","1.0013","1.0017","1.0014","1.0017",2815,2780,2521,2639,3771,3129,3471,3146
"N00_N29_C64_C65","2000_2005","2006_2010",5,"koppen_major_B_EQI_Built+SM+PA+OB","1.00(1.00,1.00)","1.97(1.33,3.41)","1.89(1.28,3.24)","1.98(1.36,3.49)","1.94(1.27,3.46)","0.0023","0.0023","0.0023","0.0023","0.9998","1.0002","1.0007","1.0004",3280,2831,3513,2584,3133,3059,3584,3135
"N00_N29_C64_C65","2000_2005","2006_2010",5,"koppen_major_B_EQI_Social+SM+PA+OB","1.00(1.00,1.00)","1.12(0.73,1.71)","1.11(0.73,1.76)","0.97(0.56,1.55)","1.85(1.12,3.36)","0.6805","0.7446","0.8134","0.0131","1.0021","1.0019","1.0007","1.0004",3780,3336,3632,3868,3439,3657,3799,3789
"N00_N29_C64_C65","2000_2005","2011_2015",10,"koppen_major_B_EQI+SM+PA+OB","1.00(1.00,1.00)","1.50(1.26,1.80)","1.43(1.18,1.74)","1.46(1.17,1.81)","1.49(1.16,1.87)","0.0002","0.0002","0.0010","0.0044","0.9999","1.0003","1.0010","0.9997",4115,3725,3244,3504,3539,3614,3919,3565
"N00_N29_C64_C65","2000_2005","2011_2015",10,"koppen_major_B_EQI_Air+SM+PA+OB","1.00(1.00,1.00)","1.61(-4.11,8.29)","0.62(-2.12,3.69)","0.89(-2.21,3.96)","1.58(-3.54,6.10)","0.2322","0.8896","0.8846","0.7505","1.0010","0.9999","1.0009","1.0003",4104,3954,3456,4438,3813,4035,3501,3676
"N00_N29_C64_C65","2000_2005","2011_2015",10,"koppen_major_B_EQI_Water+SM+PA+OB","1.00(1.00,1.00)","0.71(-3.61,7.62)","3.30(-11.67,19.48)","2.88(-12.34,20.40)","2.40(-11.74,18.11)","0.7659","0.1914","0.1856","0.1877","1.0027","1.0022","1.0039","1.0036",2472,2247,2161,2166,3353,3453,2839,2990
"N00_N29_C64_C65","2000_2005","2011_2015",10,"koppen_major_B_EQI_Land+SM+PA+OB","1.00(1.00,1.00)","2.00(-5.61,8.57)","2.31(-7.60,11.68)","2.38(-9.98,14.45)","1.23(-4.97,7.20)","0.4622","0.3110","0.2347","0.7492","1.0000","1.0003","1.0007","1.0001",3202,2871,2806,2798,3320,3423,3472,3514
"N00_N29_C64_C65","2000_2005","2011_2015",10,"koppen_major_B_EQI_Built+SM+PA+OB","1.00(1.00,1.00)","3.12(-13.93,21.72)","4.09(-14.69,23.86)","2.62(-9.01,14.61)","3.18(-11.37,17.02)","0.1827","0.1827","0.1827","0.1839","1.0006","1.0007","1.0017","1.0001",4157,3563,3301,3277,4055,3622,3822,3626
"N00_N29_C64_C65","2000_2005","2011_2015",10,"koppen_major_B_EQI_Social+SM+PA+OB","1.00(1.00,1.00)","1.72(-7.88,13.36)","1.43(-6.25,10.75)","1.54(-4.29,8.61)","1.71(-8.97,14.68)","0.1881","0.2552","0.4101","0.2318","1.0005","1.0011","1.0016","1.0003",3638,3204,3311,3137,3777,3294,3476,3832
"N00_N29_C64_C65","2000_2005","2016_2020",15,"koppen_major_B_EQI+SM+PA+OB","1.00(1.00,1.00)","1.32(1.12,1.55)","1.45(1.22,1.71)","1.51(1.24,1.82)","1.49(1.19,1.83)","0.0010","0.0002","0.0002","0.0006","1.0007","1.0001","0.9994","0.9997",4125,3434,3119,2956,3751,3977,3434,3426
"N00_N29_C64_C65","2000_2005","2016_2020",15,"koppen_major_B_EQI_Air+SM+PA+OB","1.00(1.00,1.00)","1.45(1.10,2.15)","1.20(0.84,1.71)","1.18(0.79,1.68)","1.11(0.56,1.76)","0.0081","0.3272","0.4014","0.6851","1.0015","1.0006","1.0003","1.0027",4384,4351,4006,5502,3695,3606,3869,3973
"N00_N29_C64_C65","2000_2005","2016_2020",15,"koppen_major_B_EQI_Water+SM+PA+OB","1.00(1.00,1.00)","0.86(0.45,1.43)","1.43(0.91,2.41)","1.51(0.98,2.60)","1.60(1.04,2.75)","0.4564","0.1343","0.0664","0.0227","1.0015","1.0012","1.0018","1.0025",2119,1960,1772,1943,2901,2927,2922,2798
"N00_N29_C64_C65","2000_2005","2016_2020",15,"koppen_major_B_EQI_Land+SM+PA+OB","1.00(1.00,1.00)","1.23(0.80,2.02)","1.28(0.85,2.15)","1.32(0.86,2.27)","1.21(0.74,2.04)","0.4389","0.3247","0.3031","0.5884","1.0012","1.0004","1.0020","1.0025",3208,2971,2638,2786,2866,3378,3173,3405
"N00_N29_C64_C65","2000_2005","2016_2020",15,"koppen_major_B_EQI_Built+SM+PA+OB","1.00(1.00,1.00)","1.42(1.05,2.11)","1.60(1.15,2.51)","1.32(0.96,1.91)","1.45(1.02,2.23)","0.0160","0.0027","0.0902","0.0369","1.0006","1.0004","1.0007","1.0015",4737,3860,4103,3560,3270,3535,3819,3816
"N00_N29_C64_C65","2000_2005","2016_2020",15,"koppen_major_B_EQI_Social+SM+PA+OB","1.00(1.00,1.00)","1.16(0.85,1.67)","1.34(0.97,2.02)","1.07(0.68,1.57)","1.36(0.86,2.21)","0.3897","0.0948","0.7950","0.2002","1.0002","1.0027","1.0011","1.0006",4201,3687,3890,3809,3740,3814,3696,3582
"N00_N29_C64_C65","2000_2005","2021_2024",20,"koppen_major_B_EQI+SM+PA+OB","1.00(1.00,1.00)","1.37(1.14,1.65)","1.50(1.25,1.81)","1.53(1.24,1.88)","1.44(1.14,1.80)","0.0006","0.0002","0.0002","0.0023","1.0018","1.0017","1.0013","1.0015",3248,2789,2576,2462,3291,3237,3153,3263
"N00_N29_C64_C65","2000_2005","2021_2024",20,"koppen_major_B_EQI_Air+SM+PA+OB","1.00(1.00,1.00)","1.42(1.03,2.14)","1.13(0.72,1.64)","1.14(0.69,1.65)","1.01(0.33,1.66)","0.0298","0.5618","0.5563","0.9804","1.0008","1.0016","1.0019","1.0001",4630,4778,4380,5822,3654,3874,3902,3512
"N00_N29_C64_C65","2000_2005","2021_2024",20,"koppen_major_B_EQI_Water+SM+PA+OB","1.00(1.00,1.00)","1.06(0.57,1.84)","1.42(0.87,2.48)","1.80(1.15,3.29)","1.29(0.78,2.21)","0.9933","0.1714","0.0073","0.3843","1.0020","1.0024","1.0025","1.0010",3096,2777,2716,2547,3787,3293,3466,3033
"N00_N29_C64_C65","2000_2005","2021_2024",20,"koppen_major_B_EQI_Land+SM+PA+OB","1.00(1.00,1.00)","1.01(0.60,1.70)","1.26(0.80,2.18)","1.36(0.86,2.38)","1.32(0.80,2.35)","0.8913","0.4101","0.2556","0.3381","1.0010","1.0011","1.0010","1.0007",3774,3383,3041,3116,4102,3518,3522,3649
"N00_N29_C64_C65","2000_2005","2021_2024",20,"koppen_major_B_EQI_Built+SM+PA+OB","1.00(1.00,1.00)","1.77(1.25,2.91)","2.03(1.40,3.46)","1.82(1.26,3.00)","1.91(1.29,3.29)","0.0006","0.0006","0.0006","0.0010","1.0007","1.0004","1.0003","1.0002",4501,4347,3999,3362,3944,3820,3840,3228
"N00_N29_C64_C65","2000_2005","2021_2024",20,"koppen_major_B_EQI_Social+SM+PA+OB","1.00(1.00,1.00)","1.15(0.78,1.72)","0.97(0.59,1.48)","1.19(0.75,1.88)","0.88(0.28,1.53)","0.5305","0.7900","0.4984","0.6105","1.0013","1.0002","1.0014","1.0016",4192,3501,3221,3687,3840,3485,3701,3985
"N00_N29_C64_C65","2000_2005","2006_2010",5,"koppen_major_C_EQI+SM+PA+OB","1.00(1.00,1.00)","1.07(1.02,1.12)","1.08(1.03,1.14)","1.09(1.03,1.15)","1.17(1.09,1.24)","0.0060","0.0019","0.0035","0.0002","1.0014","1.0030","1.0019","1.0029",1559,1379,1263,1226,2371,2120,2184,2222
"N00_N29_C64_C65","2000_2005","2006_2010",5,"koppen_major_C_EQI_Air+SM+PA+OB","1.00(1.00,1.00)","1.12(1.04,1.19)","1.12(1.04,1.20)","1.14(1.07,1.22)","1.19(1.11,1.28)","0.0015","0.0019","0.0006","0.0006","1.0028","1.0037","1.0035","1.0041",2284,2256,1960,1990,3286,2983,2930,3024
"N00_N29_C64_C65","2000_2005","2006_2010",5,"koppen_major_C_EQI_Water+SM+PA+OB","1.00(1.00,1.00)","0.95(0.89,1.02)","0.98(0.91,1.06)","0.99(0.92,1.07)","1.01(0.93,1.09)","0.1698","0.5980","0.8471","0.8246","1.0016","1.0018","1.0010","1.0020",2131,1975,1979,1966,2902,2737,2336,2490
"N00_N29_C64_C65","2000_2005","2006_2010",5,"koppen_major_C_EQI_Land+SM+PA+OB","1.00(1.00,1.00)","0.97(0.94,1.01)","1.00(0.96,1.05)","1.00(0.95,1.06)","1.00(0.93,1.07)","0.2002","0.9159","0.9388","0.9967","1.0006","1.0009","0.9999","0.9999",3745,3477,3192,3200,3677,3699,3600,3446
"N00_N29_C64_C65","2000_2005","2006_2010",5,"koppen_major_C_EQI_Built+SM+PA+OB","1.00(1.00,1.00)","1.11(1.06,1.16)","1.09(1.04,1.15)","1.11(1.06,1.17)","1.16(1.10,1.23)","0.0002","0.0006","0.0002","0.0002","1.0022","1.0045","1.0043","1.0043",2796,2338,2229,2279,3624,3219,3306,3291
"N00_N29_C64_C65","2000_2005","2006_2010",5,"koppen_major_C_EQI_Social+SM+PA+OB","1.00(1.00,1.00)","0.94(0.90,0.99)","0.86(0.81,0.91)","0.88(0.82,0.94)","0.89(0.82,0.96)","0.0123","0.0002","0.0006","0.0040","1.0002","1.0011","1.0019","1.0025",2816,2341,2305,2202,3356,3485,3086,3105
"N00_N29_C64_C65","2000_2005","2011_2015",10,"koppen_major_C_EQI+SM+PA+OB","1.00(1.00,1.00)","1.06(1.01,1.11)","1.06(1.01,1.12)","1.05(0.99,1.11)","1.12(1.04,1.19)","0.0302","0.0227","0.0844","0.0015","1.0013","1.0016","1.0017","1.0017",2393,2060,1900,1978,3165,2438,2566,2442
"N00_N29_C64_C65","2000_2005","2011_2015",10,"koppen_major_C_EQI_Air+SM+PA+OB","1.00(1.00,1.00)","1.01(0.94,1.08)","1.06(0.99,1.13)","1.10(1.03,1.18)","1.14(1.06,1.22)","0.8592","0.1285","0.0056","0.0010","1.0034","1.0026","1.0025","1.0024",2288,2073,1975,1947,3284,2939,2719,2919
"N00_N29_C64_C65","2000_2005","2011_2015",10,"koppen_major_C_EQI_Water+SM+PA+OB","1.00(1.00,1.00)","0.96(0.90,1.03)","0.98(0.91,1.04)","0.99(0.92,1.06)","0.96(0.89,1.04)","0.2618","0.4980","0.6801","0.3072","1.0033","1.0013","1.0014","1.0013",2109,1880,2009,2073,2344,2655,3010,2796
"N00_N29_C64_C65","2000_2005","2011_2015",10,"koppen_major_C_EQI_Land+SM+PA+OB","1.00(1.00,1.00)","0.98(0.95,1.02)","0.99(0.95,1.03)","0.96(0.91,1.01)","0.96(0.90,1.02)","0.3214","0.6088","0.0919","0.1723","1.0001","1.0004","1.0003","1.0006",4109,3641,3513,3596,3402,3475,3688,3658
"N00_N29_C64_C65","2000_2005","2011_2015",10,"koppen_major_C_EQI_Built+SM+PA+OB","1.00(1.00,1.00)","1.05(1.00,1.10)","1.06(1.01,1.11)","1.07(1.02,1.12)","1.09(1.03,1.15)","0.0398","0.0135","0.0094","0.0015","1.0013","1.0012","1.0025","1.0012",2728,2480,2305,2309,3178,3242,3047,3366
"N00_N29_C64_C65","2000_2005","2011_2015",10,"koppen_major_C_EQI_Social+SM+PA+OB","1.00(1.00,1.00)","0.95(0.90,0.99)","0.90(0.85,0.95)","0.88(0.83,0.94)","0.89(0.82,0.95)","0.0085","0.0002","0.0002","0.0006","0.9998","1.0000","1.0005","1.0014",3122,2650,2411,2479,3459,3408,2992,3230
"N00_N29_C64_C65","2000_2005","2016_2020",15,"koppen_major_C_EQI+SM+PA+OB","1.00(1.00,1.00)","1.04(0.99,1.08)","1.05(1.00,1.10)","1.05(1.00,1.10)","1.12(1.06,1.19)","0.1189","0.0323","0.0735","0.0006","1.0017","1.0029","1.0025","1.0031",2540,2081,1943,1853,3362,2601,2524,2604
"N00_N29_C64_C65","2000_2005","2016_2020",15,"koppen_major_C_EQI_Air+SM+PA+OB","1.00(1.00,1.00)","1.04(0.97,1.11)","1.06(0.99,1.14)","1.09(1.01,1.16)","1.13(1.05,1.22)","0.3406","0.0781","0.0206","0.0015","1.0005","0.9998","1.0001","1.0006",2201,2004,1877,1887,3286,3190,2579,2905
"N00_N29_C64_C65","2000_2005","2016_2020",15,"koppen_major_C_EQI_Water+SM+PA+OB","1.00(1.00,1.00)","0.97(0.91,1.03)","0.99(0.93,1.06)","0.99(0.93,1.06)","0.99(0.92,1.06)","0.3214","0.7967","0.7505","0.7730","1.0026","1.0028","1.0019","1.0027",2219,2091,2160,2317,2953,3052,3135,3215
"N00_N29_C64_C65","2000_2005","2016_2020",15,"koppen_major_C_EQI_Land+SM+PA+OB","1.00(1.00,1.00)","0.99(0.95,1.02)","0.97(0.93,1.01)","0.99(0.94,1.04)","0.96(0.90,1.02)","0.4464","0.1918","0.6334","0.1518","1.0012","1.0012","1.0010","1.0017",3285,3224,3057,2849,3810,3207,3330,3195
"N00_N29_C64_C65","2000_2005","2016_2020",15,"koppen_major_C_EQI_Built+SM+PA+OB","1.00(1.00,1.00)","1.09(1.04,1.13)","1.11(1.06,1.15)","1.13(1.08,1.18)","1.17(1.12,1.23)","0.0002","0.0002","0.0002","0.0002","1.0005","1.0008","1.0001","1.0008",2760,2199,2247,2135,3157,3019,3202,2895
"N00_N29_C64_C65","2000_2005","2016_2020",15,"koppen_major_C_EQI_Social+SM+PA+OB","1.00(1.00,1.00)","0.92(0.88,0.96)","0.87(0.82,0.92)","0.87(0.81,0.92)","0.88(0.81,0.94)","0.0002","0.0002","0.0002","0.0006","1.0013","1.0031","1.0021","1.0024",2171,1832,1718,1636,3264,2460,2597,2264
"N00_N29_C64_C65","2000_2005","2021_2024",20,"koppen_major_C_EQI+SM+PA+OB","1.00(1.00,1.00)","1.04(0.99,1.09)","1.04(0.99,1.09)","1.08(1.02,1.14)","1.12(1.05,1.20)","0.1044","0.1598","0.0135","0.0015","1.0000","1.0017","1.0021","1.0020",2252,1707,1629,1552,3054,2617,2856,2642
"N00_N29_C64_C65","2000_2005","2021_2024",20,"koppen_major_C_EQI_Air+SM+PA+OB","1.00(1.00,1.00)","1.03(0.96,1.12)","1.10(1.02,1.18)","1.10(1.03,1.19)","1.13(1.05,1.22)","0.3597","0.0119","0.0077","0.0023","1.0014","1.0030","1.0028","1.0032",2406,2165,2026,1953,2831,3137,2588,2602
"N00_N29_C64_C65","2000_2005","2021_2024",20,"koppen_major_C_EQI_Water+SM+PA+OB","1.00(1.00,1.00)","0.96(0.89,1.03)","0.95(0.89,1.03)","1.00(0.93,1.08)","0.96(0.88,1.04)","0.2035","0.1993","0.9692","0.2631","1.0006","1.0017","1.0022","1.0013",1857,1695,1769,1863,2971,2740,2666,2802
"N00_N29_C64_C65","2000_2005","2021_2024",20,"koppen_major_C_EQI_Land+SM+PA+OB","1.00(1.00,1.00)","0.96(0.92,1.00)","0.96(0.92,1.01)","1.00(0.94,1.05)","0.97(0.91,1.04)","0.0460","0.0894","0.8646","0.3776","1.0010","1.0033","1.0028","1.0026",3503,3138,3037,2871,3369,3468,3291,3335
"N00_N29_C64_C65","2000_2005","2021_2024",20,"koppen_major_C_EQI_Built+SM+PA+OB","1.00(1.00,1.00)","1.07(1.02,1.13)","1.08(1.03,1.14)","1.12(1.07,1.18)","1.18(1.12,1.25)","0.0035","0.0015","0.0002","0.0002","1.0006","1.0014","1.0009","1.0003",2942,2627,2420,2367,3393,3273,3568,3523
"N00_N29_C64_C65","2000_2005","2021_2024",20,"koppen_major_C_EQI_Social+SM+PA+OB","1.00(1.00,1.00)","0.95(0.91,1.00)","0.91(0.86,0.96)","0.89(0.83,0.95)","0.89(0.82,0.96)","0.0414","0.0015","0.0006","0.0023","1.0011","1.0022","1.0023","1.0021",2786,2343,2311,2194,3292,3047,2967,2655
"N00_N29_C64_C65","2000_2005","2006_2010",5,"koppen_major_D_EQI+SM+PA+OB","1.00(1.00,1.00)","1.52(1.33,1.75)","1.58(1.39,1.81)","1.68(1.47,1.92)","1.73(1.51,1.99)","0.0002","0.0002","0.0002","0.0002","1.0015","1.0027","1.0016","1.0005",2472,1972,1777,1701,2822,2722,2770,2705
"N00_N29_C64_C65","2000_2005","2006_2010",5,"koppen_major_D_EQI_Air+SM+PA+OB","1.00(1.00,1.00)","1.19(1.04,1.38)","1.22(1.06,1.43)","1.27(1.09,1.48)","1.33(1.14,1.57)","0.0115","0.0077","0.0023","0.0002","1.0012","1.0002","0.9998","1.0015",3595,2945,2821,2626,3465,3409,3166,3183
"N00_N29_C64_C65","2000_2005","2006_2010",5,"koppen_major_D_EQI_Water+SM+PA+OB","1.00(1.00,1.00)","0.89(0.73,1.07)","1.06(0.89,1.28)","1.15(0.98,1.39)","1.10(0.91,1.35)","0.1781","0.5455","0.0906","0.3372","1.0013","1.0023","1.0016","1.0012",2530,2115,2292,2339,3531,3358,2988,2742
"N00_N29_C64_C65","2000_2005","2006_2010",5,"koppen_major_D_EQI_Land+SM+PA+OB","1.00(1.00,1.00)","1.33(1.09,1.67)","1.41(1.16,1.76)","1.36(1.11,1.69)","1.33(1.09,1.65)","0.0065","0.0015","0.0044","0.0056","1.0007","1.0018","1.0016","1.0015",2555,2228,2194,2164,3293,2868,2988,2979
"N00_N29_C64_C65","2000_2005","2006_2010",5,"koppen_major_D_EQI_Built+SM+PA+OB","1.00(1.00,1.00)","1.27(1.09,1.49)","1.28(1.11,1.49)","1.24(1.08,1.45)","1.26(1.09,1.47)","0.0002","0.0010","0.0019","0.0002","1.0008","1.0006","1.0014","1.0006",3009,2574,2519,2421,3648,3368,3384,2880
"N00_N29_C64_C65","2000_2005","2006_2010",5,"koppen_major_D_EQI_Social+SM+PA+OB","1.00(1.00,1.00)","1.00(0.80,1.27)","1.10(0.89,1.37)","1.15(0.94,1.45)","1.20(0.96,1.53)","0.9629","0.4297","0.1989","0.1189","0.9999","1.0019","1.0011","1.0003",2646,2257,2099,2199,3719,3193,2924,3321
"N00_N29_C64_C65","2000_2005","2011_2015",10,"koppen_major_D_EQI+SM+PA+OB","1.00(1.00,1.00)","1.79(1.53,2.11)","1.84(1.59,2.18)","1.83(1.57,2.16)","1.99(1.70,2.36)","0.0002","0.0002","0.0002","0.0002","1.0030","1.0003","1.0013","1.0021",2584,2023,1857,1761,3290,2485,2486,2606
"N00_N29_C64_C65","2000_2005","2011_2015",10,"koppen_major_D_EQI_Air+SM+PA+OB","1.00(1.00,1.00)","1.39(1.17,1.73)","1.21(1.01,1.49)","1.35(1.12,1.70)","1.45(1.18,1.87)","0.0002","0.0435","0.0027","0.0002","1.0015","1.0019","1.0017","1.0023",3325,2649,2608,2488,3660,3099,3167,3303
"N00_N29_C64_C65","2000_2005","2011_2015",10,"koppen_major_D_EQI_Water+SM+PA+OB","1.00(1.00,1.00)","0.91(0.70,1.15)","1.08(0.85,1.40)","1.13(0.90,1.46)","1.14(0.88,1.50)","0.3743","0.6034","0.3043","0.3372","1.0008","1.0015","1.0013","1.0015",2493,2206,2310,2208,3464,3249,3351,3400
"N00_N29_C64_C65","2000_2005","2011_2015",10,"koppen_major_D_EQI_Land+SM+PA+OB","1.00(1.00,1.00)","1.51(1.16,2.10)","1.50(1.15,2.09)","1.50(1.15,2.10)","1.60(1.23,2.26)","0.0006","0.0010","0.0015","0.0002","1.0004","1.0002","1.0010","1.0004",2832,2448,2401,2392,3379,3082,2873,2922
"N00_N29_C64_C65","2000_2005","2011_2015",10,"koppen_major_D_EQI_Built+SM+PA+OB","1.00(1.00,1.00)","1.54(1.26,2.01)","1.61(1.33,2.09)","1.55(1.28,2.01)","1.63(1.33,2.13)","0.0002","0.0002","0.0002","0.0002","1.0005","1.0011","1.0017","1.0022",3183,2536,2377,2446,3768,3057,3009,3428
"N00_N29_C64_C65","2000_2005","2011_2015",10,"koppen_major_D_EQI_Social+SM+PA+OB","1.00(1.00,1.00)","1.13(0.84,1.55)","1.21(0.93,1.65)","1.18(0.90,1.60)","1.27(0.95,1.76)","0.4776","0.1702","0.2668","0.1214","1.0007","1.0014","1.0010","1.0010",2510,2151,2082,2053,3596,3161,2789,2885
"N00_N29_C64_C65","2000_2005","2016_2020",15,"koppen_major_D_EQI+SM+PA+OB","1.00(1.00,1.00)","1.71(1.49,1.99)","1.66(1.45,1.94)","1.83(1.59,2.13)","1.95(1.69,2.28)","0.0002","0.0002","0.0002","0.0002","1.0013","1.0031","1.0027","1.0037",2254,1968,1652,1611,2719,2580,2287,2109
"N00_N29_C64_C65","2000_2005","2016_2020",15,"koppen_major_D_EQI_Air+SM+PA+OB","1.00(1.00,1.00)","1.18(1.03,1.35)","1.21(1.05,1.39)","1.29(1.12,1.50)","1.38(1.19,1.63)","0.0110","0.0060","0.0002","0.0002","1.0007","1.0012","1.0009","1.0016",3144,2501,2308,2316,3700,3184,3175,3120
"N00_N29_C64_C65","2000_2005","2016_2020",15,"koppen_major_D_EQI_Water+SM+PA+OB","1.00(1.00,1.00)","0.99(0.83,1.18)","1.16(0.98,1.40)","1.20(1.02,1.45)","1.19(0.99,1.44)","0.8596","0.0873","0.0219","0.0610","1.0011","1.0019","1.0017","1.0013",2311,2242,2219,2196,3492,2890,2933,3002
"N00_N29_C64_C65","2000_2005","2016_2020",15,"koppen_major_D_EQI_Land+SM+PA+OB","1.00(1.00,1.00)","1.34(1.11,1.67)","1.30(1.08,1.62)","1.27(1.05,1.58)","1.34(1.11,1.68)","0.0031","0.0040","0.0152","0.0015","1.0019","1.0009","1.0014","1.0012",2370,1979,1920,1888,2999,2564,2677,2577
"N00_N29_C64_C65","2000_2005","2016_2020",15,"koppen_major_D_EQI_Built+SM+PA+OB","1.00(1.00,1.00)","1.33(1.16,1.56)","1.40(1.21,1.64)","1.46(1.27,1.74)","1.47(1.27,1.75)","0.0002","0.0002","0.0002","0.0002","1.0001","1.0013","1.0009","1.0003",3057,2514,2417,2354,3734,3862,3384,3286
"N00_N29_C64_C65","2000_2005","2016_2020",15,"koppen_major_D_EQI_Social+SM+PA+OB","1.00(1.00,1.00)","0.94(0.73,1.18)","0.99(0.79,1.22)","1.02(0.82,1.26)","1.01(0.79,1.27)","0.5380","0.8638","0.9179","0.9913","1.0013","1.0012","1.0018","1.0013",2224,2029,1928,1957,3011,2870,2800,2740
"N00_N29_C64_C65","2000_2005","2021_2024",20,"koppen_major_D_EQI+SM+PA+OB","1.00(1.00,1.00)","1.61(1.39,1.88)","1.43(1.24,1.65)","1.55(1.35,1.80)","1.54(1.34,1.80)","0.0002","0.0002","0.0002","0.0002","1.0011","1.0017","1.0020","1.0024",2045,1908,1701,1606,3176,2794,2620,2490
"N00_N29_C64_C65","2000_2005","2021_2024",20,"koppen_major_D_EQI_Air+SM+PA+OB","1.00(1.00,1.00)","1.12(1.01,1.24)","1.10(0.99,1.23)","1.13(1.01,1.26)","1.14(1.02,1.29)","0.0327","0.0785","0.0319","0.0215","1.0004","1.0013","1.0010","1.0023",3266,2937,2668,2540,3560,3716,3397,3188
"N00_N29_C64_C65","2000_2005","2021_2024",20,"koppen_major_D_EQI_Water+SM+PA+OB","1.00(1.00,1.00)","0.91(0.78,1.05)","0.96(0.83,1.11)","1.06(0.93,1.22)","0.95(0.81,1.11)","0.1806","0.5926","0.4164","0.4930","1.0044","1.0014","1.0021","1.0011",2462,2334,2425,2423,3371,3256,3002,3148
"N00_N29_C64_C65","2000_2005","2021_2024",20,"koppen_major_D_EQI_Land+SM+PA+OB","1.00(1.00,1.00)","1.08(0.92,1.27)","1.14(0.98,1.34)","1.14(0.98,1.34)","1.17(1.00,1.37)","0.3680","0.1002","0.0864","0.0452","1.0016","1.0022","1.0012","1.0012",2380,2075,1948,1887,2721,2277,1865,1987
"N00_N29_C64_C65","2000_2005","2021_2024",20,"koppen_major_D_EQI_Built+SM+PA+OB","1.00(1.00,1.00)","1.22(1.09,1.37)","1.24(1.12,1.40)","1.27(1.15,1.44)","1.29(1.15,1.46)","0.0006","0.0002","0.0002","0.0002","1.0004","1.0004","1.0015","1.0018",2738,2114,2009,2122,3476,3385,3197,2887
"N00_N29_C64_C65","2000_2005","2021_2024",20,"koppen_major_D_EQI_Social+SM+PA+OB","1.00(1.00,1.00)","0.90(0.74,1.07)","0.94(0.79,1.10)","0.92(0.77,1.10)","0.92(0.75,1.10)","0.2031","0.4285","0.3347","0.3360","1.0012","1.0014","1.0012","1.0011",2418,1984,1843,1894,2935,2507,2292,2827
"N00_N29_C64_C65","2000_2005","2006_2010",5,"Economic_type_1_EQI+SM+PA+OB","1.00(1.00,1.00)","1.30(1.16,1.46)","1.34(1.17,1.54)","1.49(1.26,1.75)","1.36(0.94,1.80)","0.0002","0.0002","0.0002","0.1023","1.0014","1.0010","1.0002","1.0011",5851,5070,5450,9375,4095,3803,3829,3703
"N00_N29_C64_C65","2000_2005","2006_2010",5,"Economic_type_1_EQI_Air+SM+PA+OB","1.00(1.00,1.00)","1.06(0.89,1.26)","1.20(0.94,1.51)","1.01(0.68,1.37)","1.00(0.29,1.69)","0.4893","0.1656","0.9621","0.9946","1.0013","1.0010","1.0005","1.0015",4118,3999,4642,7063,3815,3714,3612,3502
"N00_N29_C64_C65","2000_2005","2006_2010",5,"Economic_type_1_EQI_Water+SM+PA+OB","1.00(1.00,1.00)","0.92(0.75,1.11)","0.98(0.76,1.22)","1.09(0.88,1.35)","1.13(0.89,1.42)","0.3443","0.8059","0.4305","0.3472","1.0005","1.0005","1.0004","1.0002",2332,2234,2304,2730,2878,2940,3139,3138
"N00_N29_C64_C65","2000_2005","2006_2010",5,"Economic_type_1_EQI_Land+SM+PA+OB","1.00(1.00,1.00)","0.93(0.73,1.15)","1.02(0.84,1.24)","1.13(0.92,1.39)","1.12(0.90,1.39)","0.4697","0.8834","0.2768","0.3160","1.0012","1.0037","1.0027","1.0027",4047,2671,2340,2315,4092,3581,3232,3225
"N00_N29_C64_C65","2000_2005","2006_2010",5,"Economic_type_1_EQI_Built+SM+PA+OB","1.00(1.00,1.00)","1.31(1.15,1.51)","1.32(1.12,1.55)","1.24(1.03,1.48)","1.22(0.91,1.57)","0.0002","0.0006","0.0206","0.1635","1.0011","1.0005","1.0004","1.0008",4570,4475,5823,6169,3834,3167,3765,3654
"N00_N29_C64_C65","2000_2005","2006_2010",5,"Economic_type_1_EQI_Social+SM+PA+OB","1.00(1.00,1.00)","1.02(0.85,1.22)","1.01(0.82,1.24)","1.20(0.97,1.47)","1.42(1.11,1.79)","0.9042","0.9613","0.0844","0.0048","1.0004","0.9997","0.9997","0.9996",3069,2508,2390,2570,3181,3012,3381,3428
"N00_N29_C64_C65","2000_2005","2011_2015",10,"Economic_type_1_EQI+SM+PA+OB","1.00(1.00,1.00)","1.34(1.18,1.52)","1.36(1.17,1.59)","1.40(1.13,1.69)","1.08(0.59,1.59)","0.0006","0.0002","0.0023","0.7850","1.0020","1.0010","0.9998","1.0011",4751,5477,5279,7631,3697,3892,4037,3436
"N00_N29_C64_C65","2000_2005","2011_2015",10,"Economic_type_1_EQI_Air+SM+PA+OB","1.00(1.00,1.00)","1.18(0.94,1.50)","1.55(1.16,2.09)","0.92(0.47,1.39)","1.00(-0.06,2.08)","0.1735","0.0023","0.7005","0.9954","1.0004","1.0011","1.0008","1.0018",3944,4332,4580,7317,3950,4001,3983,3548
"N00_N29_C64_C65","2000_2005","2011_2015",10,"Economic_type_1_EQI_Water+SM+PA+OB","1.00(1.00,1.00)","0.96(0.72,1.25)","1.30(0.96,1.74)","1.47(1.11,1.98)","1.20(0.86,1.64)","0.6846","0.0869","0.0052","0.2935","1.0012","1.0010","1.0004","1.0016",2694,2652,2592,2760,2981,3037,3196,3302
"N00_N29_C64_C65","2000_2005","2011_2015",10,"Economic_type_1_EQI_Land+SM+PA+OB","1.00(1.00,1.00)","0.85(0.58,1.18)","0.98(0.72,1.31)","1.00(0.74,1.36)","1.01(0.72,1.39)","0.3176","0.8221","0.9233","0.9850","1.0008","0.9997","1.0012","1.0009",3603,2917,2333,2499,3832,3200,3027,3083
"N00_N29_C64_C65","2000_2005","2011_2015",10,"Economic_type_1_EQI_Built+SM+PA+OB","1.00(1.00,1.00)","1.38(1.16,1.71)","1.42(1.14,1.79)","1.24(0.97,1.58)","1.25(0.81,1.74)","0.0002","0.0023","0.0789","0.2610","1.0008","1.0014","1.0006","1.0003",5129,4983,6145,7601,3892,3398,4050,3596
"N00_N29_C64_C65","2000_2005","2011_2015",10,"Economic_type_1_EQI_Social+SM+PA+OB","1.00(1.00,1.00)","1.32(1.05,1.70)","1.23(0.93,1.62)","1.36(1.03,1.80)","1.37(0.95,1.88)","0.0148","0.1398","0.0294","0.0827","1.0000","1.0013","1.0012","1.0005",3053,2462,2435,2775,3536,3182,3302,3304
"N00_N29_C64_C65","2000_2005","2016_2020",15,"Economic_type_1_EQI+SM+PA+OB","1.00(1.00,1.00)","1.18(1.05,1.33)","1.21(1.05,1.38)","1.33(1.11,1.57)","1.11(0.71,1.54)","0.0065","0.0098","0.0023","0.6067","1.0004","1.0005","1.0002","1.0017",5690,5837,6891,7476,3514,3445,3885,3307
"N00_N29_C64_C65","2000_2005","2016_2020",15,"Economic_type_1_EQI_Air+SM+PA+OB","1.00(1.00,1.00)","1.10(0.92,1.30)","1.18(0.93,1.48)","0.99(0.69,1.31)","1.00(0.29,1.72)","0.2876","0.1802","0.9246","0.9825","1.0001","1.0000","1.0004","0.9996",3954,4004,3987,7363,3769,4109,3294,3816
"N00_N29_C64_C65","2000_2005","2016_2020",15,"Economic_type_1_EQI_Water+SM+PA+OB","1.00(1.00,1.00)","0.95(0.77,1.14)","1.16(0.94,1.43)","1.24(1.00,1.53)","1.25(0.99,1.56)","0.5405","0.1706","0.0448","0.0552","1.0016","1.0019","1.0024","1.0008",2379,2084,2239,2569,3215,2951,2935,3353
"N00_N29_C64_C65","2000_2005","2016_2020",15,"Economic_type_1_EQI_Land+SM+PA+OB","1.00(1.00,1.00)","0.98(0.77,1.22)","0.97(0.78,1.19)","1.02(0.82,1.27)","1.03(0.82,1.29)","0.8100","0.7405","0.8746","0.8155","1.0009","1.0013","1.0022","1.0031",3735,2955,2417,2340,3757,3467,3349,3206
"N00_N29_C64_C65","2000_2005","2016_2020",15,"Economic_type_1_EQI_Built+SM+PA+OB","1.00(1.00,1.00)","1.16(1.01,1.34)","1.19(1.00,1.39)","1.11(0.92,1.32)","1.06(0.77,1.37)","0.0319","0.0564","0.2814","0.6642","1.0000","1.0001","1.0005","1.0002",4661,4251,5038,6087,3450,3855,3843,3396
"N00_N29_C64_C65","2000_2005","2016_2020",15,"Economic_type_1_EQI_Social+SM+PA+OB","1.00(1.00,1.00)","1.02(0.86,1.21)","1.06(0.87,1.28)","1.12(0.90,1.36)","1.26(0.97,1.59)","0.8088","0.5584","0.3072","0.0839","1.0012","1.0002","1.0007","1.0007",2996,2606,2486,2775,3598,3353,3311,3233
"N00_N29_C64_C65","2000_2005","2021_2024",20,"Economic_type_1_EQI+SM+PA+OB","1.00(1.00,1.00)","1.33(1.18,1.48)","1.33(1.16,1.53)","1.31(1.08,1.55)","1.29(0.90,1.70)","0.0002","0.0006","0.0056","0.1481","1.0006","1.0001","1.0008","1.0007",5467,4977,4669,5680,3662,3416,3359,3373
"N00_N29_C64_C65","2000_2005","2021_2024",20,"Economic_type_1_EQI_Air+SM+PA+OB","1.00(1.00,1.00)","1.19(0.96,1.49)","1.21(0.89,1.60)","1.09(0.69,1.53)","0.99(0.20,1.82)","0.1185","0.2272","0.6859","0.9671","1.0014","1.0003","1.0022","1.0020",4336,4676,5311,8381,3990,3695,3640,3466
"N00_N29_C64_C65","2000_2005","2021_2024",20,"Economic_type_1_EQI_Water+SM+PA+OB","1.00(1.00,1.00)","1.08(0.85,1.42)","1.16(0.88,1.54)","1.35(1.04,1.79)","1.12(0.80,1.52)","0.5768","0.3072","0.0231","0.5026","0.9998","1.0008","1.0020","1.0007",3084,2819,3017,3485,3565,3731,3573,3564
"N00_N29_C64_C65","2000_2005","2021_2024",20,"Economic_type_1_EQI_Land+SM+PA+OB","1.00(1.00,1.00)","0.91(0.65,1.20)","1.09(0.85,1.41)","1.25(0.96,1.65)","1.31(1.01,1.75)","0.5097","0.5526","0.0964","0.0444","1.0010","1.0012","1.0015","1.0010",4411,3369,3006,2817,3851,3518,3380,3379
"N00_N29_C64_C65","2000_2005","2021_2024",20,"Economic_type_1_EQI_Built+SM+PA+OB","1.00(1.00,1.00)","1.37(1.15,1.67)","1.22(0.98,1.52)","1.17(0.90,1.47)","1.33(0.94,1.78)","0.0002","0.0848","0.2185","0.0989","0.9992","1.0005","1.0008","1.0012",5422,4767,5462,6438,4159,3600,3597,3287
"N00_N29_C64_C65","2000_2005","2021_2024",20,"Economic_type_1_EQI_Social+SM+PA+OB","1.00(1.00,1.00)","1.19(0.95,1.52)","1.27(1.00,1.66)","1.34(1.05,1.73)","1.30(0.95,1.75)","0.1339","0.0498","0.0190","0.1010","1.0003","1.0001","1.0003","1.0018",3221,2937,3107,3281,3750,3685,3834,3419
"N00_N29_C64_C65","2000_2005","2006_2010",5,"Economic_type_2_EQI+SM+PA+OB","1.00(1.00,1.00)","1.18(1.01,1.36)","1.15(0.97,1.36)","1.08(0.87,1.31)","1.14(0.85,1.45)","0.0381","0.1144","0.4593","0.3660","1.0007","1.0014","1.0015","1.0001",3826,3664,4132,4704,3716,3390,3733,3814
"N00_N29_C64_C65","2000_2005","2006_2010",5,"Economic_type_2_EQI_Air+SM+PA+OB","1.00(1.00,1.00)","1.11(0.92,1.34)","1.12(0.91,1.37)","1.07(0.84,1.32)","1.15(0.82,1.49)","0.2889","0.2893","0.5976","0.3585","1.0005","1.0006","1.0018","1.0017",4136,3821,4165,5705,3922,3401,4040,3882
"N00_N29_C64_C65","2000_2005","2006_2010",5,"Economic_type_2_EQI_Water+SM+PA+OB","1.00(1.00,1.00)","1.09(0.87,1.39)","1.23(0.95,1.58)","0.98(0.74,1.26)","1.11(0.87,1.41)","0.4776","0.1198","0.8521","0.4180","1.0003","1.0044","1.0033","1.0001",3782,2627,3002,3374,3902,3147,3398,3116
"N00_N29_C64_C65","2000_2005","2006_2010",5,"Economic_type_2_EQI_Land+SM+PA+OB","1.00(1.00,1.00)","1.17(0.99,1.39)","1.18(0.96,1.43)","1.16(0.92,1.47)","1.12(0.83,1.45)","0.0752","0.0973","0.2072","0.4768","0.9996","1.0008","1.0006","1.0012",5406,4570,4267,4778,3702,4093,3885,4387
"N00_N29_C64_C65","2000_2005","2006_2010",5,"Economic_type_2_EQI_Built+SM+PA+OB","1.00(1.00,1.00)","1.00(0.79,1.23)","0.97(0.79,1.18)","1.10(0.89,1.33)","0.94(0.72,1.19)","0.9583","0.7171","0.4060","0.6384","1.0001","1.0005","1.0000","1.0005",4120,4042,3988,4057,3626,3626,4095,3747
"N00_N29_C64_C65","2000_2005","2006_2010",5,"Economic_type_2_EQI_Social+SM+PA+OB","1.00(1.00,1.00)","1.01(0.83,1.21)","0.84(0.62,1.08)","0.89(0.62,1.16)","0.97(0.62,1.32)","0.9817","0.1764","0.4010","0.8829","1.0009","1.0005","0.9998","1.0003",4565,3480,3994,5150,4206,3704,4130,3407
"N00_N29_C64_C65","2000_2005","2011_2015",10,"Economic_type_2_EQI+SM+PA+OB","1.00(1.00,1.00)","1.14(0.96,1.33)","1.25(1.03,1.50)","1.11(0.86,1.37)","1.18(0.85,1.55)","0.1448","0.0240","0.4130","0.2939","1.0006","0.9997","1.0001","1.0006",4337,3303,3420,3777,4081,3434,3619,3692
"N00_N29_C64_C65","2000_2005","2011_2015",10,"Economic_type_2_EQI_Air+SM+PA+OB","1.00(1.00,1.00)","1.28(1.03,1.62)","1.19(0.94,1.50)","1.13(0.87,1.44)","1.07(0.69,1.48)","0.0198","0.1481","0.3622","0.7196","1.0010","1.0007","1.0016","1.0006",4645,4212,4006,4674,3744,3884,3769,3707
"N00_N29_C64_C65","2000_2005","2011_2015",10,"Economic_type_2_EQI_Water+SM+PA+OB","1.00(1.00,1.00)","1.00(0.77,1.29)","0.94(0.66,1.26)","0.91(0.66,1.19)","1.03(0.78,1.34)","0.9142","0.6717","0.4418","0.9079","0.9999","1.0011","1.0011","1.0008",4220,4307,4234,3685,3262,3382,3382,2806
"N00_N29_C64_C65","2000_2005","2011_2015",10,"Economic_type_2_EQI_Land+SM+PA+OB","1.00(1.00,1.00)","1.09(0.89,1.34)","1.18(0.93,1.49)","1.08(0.81,1.41)","1.06(0.75,1.44)","0.4335","0.1781","0.5993","0.7401","1.0003","1.0003","0.9997","1.0001",5003,4489,4371,4319,3970,3383,3534,4120
"N00_N29_C64_C65","2000_2005","2011_2015",10,"Economic_type_2_EQI_Built+SM+PA+OB","1.00(1.00,1.00)","1.06(0.82,1.33)","1.13(0.89,1.41)","1.19(0.94,1.49)","1.06(0.78,1.37)","0.6813","0.3272","0.1498","0.7342","1.0025","1.0018","1.0014","1.0013",5270,4331,3933,4213,4257,3966,4189,4148
"N00_N29_C64_C65","2000_2005","2011_2015",10,"Economic_type_2_EQI_Social+SM+PA+OB","1.00(1.00,1.00)","1.05(0.83,1.30)","0.95(0.70,1.23)","0.93(0.61,1.26)","1.06(0.65,1.49)","0.7234","0.6459","0.6226","0.7813","1.0012","1.0012","1.0016","1.0005",4120,4144,4174,4924,3798,3348,3567,3583
"N00_N29_C64_C65","2000_2005","2016_2020",15,"Economic_type_2_EQI+SM+PA+OB","1.00(1.00,1.00)","1.34(1.15,1.56)","1.31(1.09,1.56)","1.37(1.13,1.66)","1.21(0.90,1.55)","0.0002","0.0044","0.0019","0.2231","1.0011","1.0015","1.0013","1.0019",3555,3280,2863,3273,3420,3337,3682,3575
"N00_N29_C64_C65","2000_2005","2016_2020",15,"Economic_type_2_EQI_Air+SM+PA+OB","1.00(1.00,1.00)","1.21(0.98,1.51)","1.23(0.98,1.55)","1.25(0.98,1.60)","1.16(0.78,1.58)","0.0848","0.0806","0.0752","0.4301","1.0004","1.0009","1.0010","1.0015",4446,3859,3686,5145,3867,3702,3734,3659
"N00_N29_C64_C65","2000_2005","2016_2020",15,"Economic_type_2_EQI_Water+SM+PA+OB","1.00(1.00,1.00)","1.09(0.84,1.42)","0.92(0.63,1.23)","1.08(0.81,1.41)","1.22(0.93,1.62)","0.5601","0.5801","0.6197","0.1560","1.0024","1.0022","1.0018","1.0011",3767,3913,3363,3502,3626,3814,3523,3736
"N00_N29_C64_C65","2000_2005","2016_2020",15,"Economic_type_2_EQI_Land+SM+PA+OB","1.00(1.00,1.00)","0.98(0.76,1.21)","1.10(0.86,1.39)","0.95(0.70,1.26)","1.13(0.79,1.53)","0.8100","0.4301","0.6909","0.4859","1.0018","1.0012","1.0008","1.0002",4976,3772,4419,4391,3834,3811,3438,3590
"N00_N29_C64_C65","2000_2005","2016_2020",15,"Economic_type_2_EQI_Built+SM+PA+OB","1.00(1.00,1.00)","1.08(0.84,1.38)","1.19(0.94,1.50)","1.21(0.95,1.54)","1.17(0.90,1.53)","0.5855","0.1510","0.1081","0.2493","0.9999","1.0008","1.0001","1.0023",3867,3974,3980,3389,3695,3836,3724,3588
"N00_N29_C64_C65","2000_2005","2016_2020",15,"Economic_type_2_EQI_Social+SM+PA+OB","1.00(1.00,1.00)","1.09(0.88,1.34)","1.02(0.77,1.31)","1.04(0.73,1.39)","0.93(0.53,1.33)","0.4010","0.9471","0.8292","0.7251","1.0004","1.0009","1.0009","1.0005",4934,3697,4711,5137,3959,3792,3459,3937
"N00_N29_C64_C65","2000_2005","2021_2024",20,"Economic_type_2_EQI+SM+PA+OB","1.00(1.00,1.00)","1.14(0.98,1.31)","1.23(1.05,1.43)","1.25(1.05,1.48)","1.19(0.92,1.47)","0.1006","0.0085","0.0131","0.1631","1.0005","1.0027","0.9997","1.0004",4115,3569,3842,4277,3446,3470,3067,3626
"N00_N29_C64_C65","2000_2005","2021_2024",20,"Economic_type_2_EQI_Air+SM+PA+OB","1.00(1.00,1.00)","1.08(0.91,1.30)","1.11(0.92,1.33)","1.14(0.94,1.38)","1.23(0.95,1.52)","0.3847","0.3006","0.1839","0.1360","1.0001","1.0004","1.0007","1.0009",4219,3813,3820,4388,3662,3566,3840,3716
"N00_N29_C64_C65","2000_2005","2021_2024",20,"Economic_type_2_EQI_Water+SM+PA+OB","1.00(1.00,1.00)","0.98(0.79,1.19)","1.20(0.95,1.49)","1.16(0.94,1.41)","1.05(0.85,1.28)","0.7621","0.1194","0.1614","0.6871","1.0012","1.0003","1.0019","1.0027",4019,4901,3485,3869,3733,3785,4127,3676
"N00_N29_C64_C65","2000_2005","2021_2024",20,"Economic_type_2_EQI_Land+SM+PA+OB","1.00(1.00,1.00)","0.93(0.77,1.10)","1.10(0.91,1.32)","1.02(0.82,1.24)","1.16(0.89,1.46)","0.3810","0.3339","0.9217","0.2431","0.9996","1.0006","1.0034","1.0010",5739,4234,4643,4741,3669,3584,3682,3464
"N00_N29_C64_C65","2000_2005","2021_2024",20,"Economic_type_2_EQI_Built+SM+PA+OB","1.00(1.00,1.00)","0.96(0.77,1.17)","1.14(0.96,1.35)","1.20(1.02,1.41)","1.12(0.91,1.35)","0.6309","0.1352","0.0273","0.2926","1.0022","1.0006","1.0011","1.0010",3930,4104,4164,3814,3427,3980,3366,3192
"N00_N29_C64_C65","2000_2005","2021_2024",20,"Economic_type_2_EQI_Social+SM+PA+OB","1.00(1.00,1.00)","1.01(0.84,1.20)","0.86(0.68,1.06)","0.98(0.75,1.23)","0.92(0.64,1.22)","0.9700","0.1548","0.8775","0.5997","1.0001","1.0012","1.0005","1.0008",5333,3553,4026,4240,3697,3501,4174,4078
"N00_N29_C64_C65","2000_2005","2006_2010",5,"Economic_type_3_EQI+SM+PA+OB","1.00(1.00,1.00)","1.01(0.94,1.08)","1.03(0.96,1.11)","1.01(0.93,1.09)","1.05(0.97,1.14)","0.8159","0.4093","0.8404","0.2356","1.0014","1.0009","1.0019","1.0013",1893,1644,1448,1479,2746,2441,2012,2335
"N00_N29_C64_C65","2000_2005","2006_2010",5,"Economic_type_3_EQI_Air+SM+PA+OB","1.00(1.00,1.00)","1.07(0.94,1.21)","1.08(0.95,1.22)","1.07(0.94,1.21)","1.11(0.97,1.26)","0.3351","0.2614","0.3239","0.1173","1.0018","1.0013","1.0011","1.0008",2027,1969,1939,1958,2686,2400,2439,2394
"N00_N29_C64_C65","2000_2005","2006_2010",5,"Economic_type_3_EQI_Water+SM+PA+OB","1.00(1.00,1.00)","0.91(0.83,1.00)","0.94(0.86,1.03)","0.98(0.90,1.08)","1.03(0.94,1.13)","0.0398","0.1948","0.6817","0.5189","1.0011","1.0018","1.0012","1.0027",2067,1936,1938,1970,2909,2995,3078,2711
"N00_N29_C64_C65","2000_2005","2006_2010",5,"Economic_type_3_EQI_Land+SM+PA+OB","1.00(1.00,1.00)","0.96(0.90,1.02)","0.99(0.93,1.06)","0.98(0.91,1.06)","0.94(0.86,1.02)","0.1943","0.7871","0.6280","0.1139","1.0005","1.0003","0.9998","1.0001",3609,2866,2569,2578,3344,3477,3091,3285
"N00_N29_C64_C65","2000_2005","2006_2010",5,"Economic_type_3_EQI_Built+SM+PA+OB","1.00(1.00,1.00)","1.09(1.03,1.16)","1.08(1.01,1.15)","1.07(1.01,1.14)","1.04(0.97,1.12)","0.0044","0.0135","0.0327","0.2581","1.0017","1.0028","1.0027","1.0018",3368,2804,2776,2885,3866,3068,3449,3115
"N00_N29_C64_C65","2000_2005","2006_2010",5,"Economic_type_3_EQI_Social+SM+PA+OB","1.00(1.00,1.00)","1.03(0.96,1.10)","0.97(0.90,1.05)","0.96(0.88,1.05)","0.95(0.85,1.06)","0.4493","0.4784","0.4180","0.3506","1.0001","1.0011","1.0011","1.0023",3183,2471,2232,2253,3822,3438,3021,3326
"N00_N29_C64_C65","2000_2005","2011_2015",10,"Economic_type_3_EQI+SM+PA+OB","1.00(1.00,1.00)","1.02(0.94,1.10)","1.03(0.95,1.11)","1.00(0.92,1.08)","1.05(0.97,1.15)","0.6101","0.5380","0.9283","0.2693","1.0025","1.0017","1.0035","1.0029",2018,1751,1596,1599,3050,2802,2436,2698
"N00_N29_C64_C65","2000_2005","2011_2015",10,"Economic_type_3_EQI_Air+SM+PA+OB","1.00(1.00,1.00)","1.06(0.94,1.20)","1.05(0.93,1.18)","1.10(0.98,1.24)","1.15(1.02,1.30)","0.3364","0.4197","0.1160","0.0290","1.0017","1.0027","1.0025","1.0032",1527,1486,1432,1378,2080,1990,1922,1980
"N00_N29_C64_C65","2000_2005","2011_2015",10,"Economic_type_3_EQI_Water+SM+PA+OB","1.00(1.00,1.00)","0.98(0.89,1.07)","0.95(0.86,1.03)","0.97(0.88,1.05)","0.94(0.85,1.03)","0.6217","0.2356","0.4276","0.2185","1.0024","1.0027","1.0028","1.0013",1491,1477,1464,1571,2258,2607,2561,2471
"N00_N29_C64_C65","2000_2005","2011_2015",10,"Economic_type_3_EQI_Land+SM+PA+OB","1.00(1.00,1.00)","0.99(0.94,1.05)","1.02(0.96,1.08)","0.98(0.92,1.05)","0.99(0.92,1.06)","0.8567","0.6080","0.6317","0.7351","1.0005","1.0007","1.0015","1.0015",3336,2586,2472,2729,3831,3343,3449,3669
"N00_N29_C64_C65","2000_2005","2011_2015",10,"Economic_type_3_EQI_Built+SM+PA+OB","1.00(1.00,1.00)","1.03(0.97,1.09)","1.03(0.97,1.09)","1.03(0.97,1.09)","1.01(0.94,1.08)","0.2964","0.2897","0.3785","0.8175","1.0013","1.0016","1.0017","1.0017",2965,2527,2533,2723,3319,2826,3250,3472
"N00_N29_C64_C65","2000_2005","2011_2015",10,"Economic_type_3_EQI_Social+SM+PA+OB","1.00(1.00,1.00)","0.97(0.91,1.04)","0.90(0.83,0.97)","0.85(0.77,0.93)","0.85(0.76,0.95)","0.3943","0.0040","0.0002","0.0027","1.0025","1.0030","1.0026","1.0032",2438,1815,1705,1704,3185,2785,2627,2575
"N00_N29_C64_C65","2000_2005","2016_2020",15,"Economic_type_3_EQI+SM+PA+OB","1.00(1.00,1.00)","1.08(1.00,1.17)","1.06(0.99,1.15)","1.09(1.01,1.19)","1.15(1.05,1.26)","0.0377","0.1006","0.0340","0.0019","1.0017","1.0025","1.0040","1.0029",1931,1620,1457,1332,3079,2355,2128,2035
"N00_N29_C64_C65","2000_2005","2016_2020",15,"Economic_type_3_EQI_Air+SM+PA+OB","1.00(1.00,1.00)","1.04(0.92,1.18)","1.13(1.00,1.28)","1.15(1.02,1.30)","1.21(1.07,1.37)","0.5222","0.0431","0.0206","0.0035","1.0022","1.0026","1.0022","1.0022",2113,2000,1966,1957,2599,2899,2796,2684
"N00_N29_C64_C65","2000_2005","2016_2020",15,"Economic_type_3_EQI_Water+SM+PA+OB","1.00(1.00,1.00)","0.93(0.85,1.01)","0.95(0.87,1.04)","0.98(0.90,1.07)","0.92(0.84,1.01)","0.1039","0.2485","0.6488","0.0960","1.0020","1.0023","1.0017","1.0024",2043,2022,2069,2278,2859,2844,2944,2539
"N00_N29_C64_C65","2000_2005","2016_2020",15,"Economic_type_3_EQI_Land+SM+PA+OB","1.00(1.00,1.00)","0.99(0.94,1.05)","1.00(0.94,1.07)","0.98(0.92,1.06)","0.99(0.92,1.06)","0.7371","0.9508","0.6438","0.7871","1.0008","1.0007","1.0013","1.0013",3396,3014,2824,2952,3519,3615,3525,3453
"N00_N29_C64_C65","2000_2005","2016_2020",15,"Economic_type_3_EQI_Built+SM+PA+OB","1.00(1.00,1.00)","1.09(1.03,1.16)","1.11(1.05,1.17)","1.14(1.08,1.22)","1.11(1.04,1.19)","0.0027","0.0002","0.0002","0.0031","1.0018","1.0011","1.0014","1.0024",3534,2819,2974,3014,4292,3384,3455,3563
"N00_N29_C64_C65","2000_2005","2016_2020",15,"Economic_type_3_EQI_Social+SM+PA+OB","1.00(1.00,1.00)","0.97(0.90,1.04)","0.91(0.83,0.98)","0.83(0.75,0.92)","0.84(0.73,0.93)","0.3585","0.0202","0.0002","0.0006","1.0018","1.0024","1.0030","1.0024",2959,2325,2123,2113,3000,2731,2868,2738
"N00_N29_C64_C65","2000_2005","2021_2024",20,"Economic_type_3_EQI+SM+PA+OB","1.00(1.00,1.00)","0.98(0.90,1.07)","0.92(0.85,1.00)","1.00(0.92,1.09)","1.01(0.92,1.11)","0.6334","0.0589","0.9188","0.7975","1.0006","1.0012","1.0013","1.0010",2013,1792,1584,1598,3058,2749,2613,2624
"N00_N29_C64_C65","2000_2005","2021_2024",20,"Economic_type_3_EQI_Air+SM+PA+OB","1.00(1.00,1.00)","1.14(1.01,1.29)","1.17(1.04,1.32)","1.18(1.05,1.34)","1.24(1.09,1.40)","0.0327","0.0119","0.0052","0.0010","1.0031","1.0028","1.0027","1.0028",2068,1856,1810,1821,2413,2415,2596,2846
"N00_N29_C64_C65","2000_2005","2021_2024",20,"Economic_type_3_EQI_Water+SM+PA+OB","1.00(1.00,1.00)","0.98(0.89,1.08)","0.93(0.84,1.03)","0.97(0.88,1.08)","0.92(0.81,1.02)","0.6992","0.1685","0.6092","0.1252","1.0019","1.0030","1.0028","1.0012",1932,1807,1748,1816,3092,2636,2974,2399
"N00_N29_C64_C65","2000_2005","2021_2024",20,"Economic_type_3_EQI_Land+SM+PA+OB","1.00(1.00,1.00)","0.94(0.88,1.01)","0.97(0.90,1.04)","0.97(0.90,1.05)","0.96(0.88,1.05)","0.0864","0.3993","0.4947","0.3968","1.0005","1.0004","1.0013","1.0017",3005,2541,2483,2459,3685,3303,3049,3414
"N00_N29_C64_C65","2000_2005","2021_2024",20,"Economic_type_3_EQI_Built+SM+PA+OB","1.00(1.00,1.00)","1.04(0.98,1.11)","1.07(1.01,1.15)","1.09(1.03,1.17)","1.11(1.03,1.21)","0.2327","0.0269","0.0077","0.0102","1.0004","1.0013","1.0009","1.0023",2678,2283,2365,2525,3200,2587,3174,3354
"N00_N29_C64_C65","2000_2005","2021_2024",20,"Economic_type_3_EQI_Social+SM+PA+OB","1.00(1.00,1.00)","0.94(0.87,1.03)","0.88(0.79,0.97)","0.82(0.72,0.91)","0.81(0.70,0.92)","0.1698","0.0090","0.0019","0.0023","1.0011","1.0017","1.0022","1.0024",2688,1958,1865,1687,3087,2536,2541,2343
"N00_N29_C64_C65","2000_2005","2006_2010",5,"Economic_type_4_EQI+SM+PA+OB","1.00(1.00,1.00)","1.10(0.98,1.23)","1.12(1.00,1.24)","1.11(0.98,1.24)","1.04(0.90,1.19)","0.0989","0.0514","0.0989","0.5797","1.0007","1.0008","1.0004","1.0010",3127,2388,2308,2173,3348,2968,3026,2837
"N00_N29_C64_C65","2000_2005","2006_2010",5,"Economic_type_4_EQI_Air+SM+PA+OB","1.00(1.00,1.00)","1.07(0.95,1.19)","1.06(0.95,1.18)","1.13(1.01,1.26)","1.20(1.07,1.34)","0.2856","0.3214","0.0315","0.0010","1.0004","1.0013","1.0012","1.0018",2906,2443,2015,1884,3153,3122,2610,2830
"N00_N29_C64_C65","2000_2005","2006_2010",5,"Economic_type_4_EQI_Water+SM+PA+OB","1.00(1.00,1.00)","0.93(0.82,1.04)","1.01(0.90,1.12)","1.02(0.90,1.14)","0.96(0.86,1.07)","0.1939","0.8925","0.7530","0.4501","1.0003","1.0006","1.0024","1.0004",2547,2622,2844,2527,3012,3220,3373,2892
"N00_N29_C64_C65","2000_2005","2006_2010",5,"Economic_type_4_EQI_Land+SM+PA+OB","1.00(1.00,1.00)","1.01(0.92,1.10)","0.96(0.86,1.05)","0.94(0.85,1.05)","0.86(0.75,0.97)","0.8842","0.3322","0.2552","0.0135","1.0004","1.0008","1.0016","0.9999",3575,3368,2999,2910,3401,3974,3089,3615
"N00_N29_C64_C65","2000_2005","2006_2010",5,"Economic_type_4_EQI_Built+SM+PA+OB","1.00(1.00,1.00)","1.01(0.90,1.13)","1.02(0.91,1.14)","1.07(0.96,1.20)","1.06(0.95,1.19)","0.8817","0.6992","0.2381","0.2910","1.0005","1.0012","1.0008","1.0010",3098,2815,2635,2540,3519,3411,3326,3089
"N00_N29_C64_C65","2000_2005","2006_2010",5,"Economic_type_4_EQI_Social+SM+PA+OB","1.00(1.00,1.00)","0.97(0.88,1.06)","0.89(0.79,1.00)","0.90(0.79,1.01)","0.85(0.73,0.97)","0.5072","0.0414","0.0764","0.0094","1.0019","1.0021","1.0017","1.0019",2814,2705,2676,2494,3406,3191,3050,3005
"N00_N29_C64_C65","2000_2005","2011_2015",10,"Economic_type_4_EQI+SM+PA+OB","1.00(1.00,1.00)","1.18(1.06,1.33)","1.17(1.05,1.31)","1.13(1.00,1.29)","1.10(0.96,1.27)","0.0044","0.0052","0.0489","0.1773","1.0006","1.0013","1.0013","1.0007",3485,2623,2403,2413,3608,3351,3059,3047
"N00_N29_C64_C65","2000_2005","2011_2015",10,"Economic_type_4_EQI_Air+SM+PA+OB","1.00(1.00,1.00)","1.08(0.95,1.22)","1.06(0.95,1.19)","1.16(1.04,1.31)","1.20(1.07,1.36)","0.2431","0.3085","0.0135","0.0027","1.0012","1.0012","1.0015","1.0027",2704,2453,2052,1877,3025,3665,3139,2935
"N00_N29_C64_C65","2000_2005","2011_2015",10,"Economic_type_4_EQI_Water+SM+PA+OB","1.00(1.00,1.00)","0.94(0.82,1.06)","0.99(0.87,1.11)","0.98(0.86,1.12)","0.96(0.85,1.08)","0.3072","0.8625","0.7738","0.5430","1.0015","1.0017","1.0013","1.0024",2085,2199,2156,2260,2724,3275,2974,2994
"N00_N29_C64_C65","2000_2005","2011_2015",10,"Economic_type_4_EQI_Land+SM+PA+OB","1.00(1.00,1.00)","0.97(0.88,1.06)","0.91(0.82,1.01)","0.89(0.79,1.00)","0.90(0.78,1.02)","0.5126","0.0694","0.0556","0.0919","1.0002","1.0003","1.0009","1.0013",3801,3419,2725,2628,3830,3701,3491,3083
"N00_N29_C64_C65","2000_2005","2011_2015",10,"Economic_type_4_EQI_Built+SM+PA+OB","1.00(1.00,1.00)","1.12(0.99,1.26)","1.13(1.00,1.28)","1.10(0.97,1.24)","1.11(0.98,1.26)","0.0677","0.0489","0.1481","0.1119","1.0002","1.0021","1.0016","1.0020",2619,2321,2058,1982,3386,2699,2879,2459
"N00_N29_C64_C65","2000_2005","2011_2015",10,"Economic_type_4_EQI_Social+SM+PA+OB","1.00(1.00,1.00)","0.97(0.87,1.07)","0.91(0.80,1.02)","0.89(0.77,1.01)","0.90(0.77,1.03)","0.4934","0.1052","0.0727","0.1135","1.0001","1.0011","1.0016","1.0024",2605,2130,2316,1951,3456,3327,3183,2605
"N00_N29_C64_C65","2000_2005","2016_2020",15,"Economic_type_4_EQI+SM+PA+OB","1.00(1.00,1.00)","1.11(0.99,1.23)","1.17(1.06,1.31)","1.17(1.04,1.32)","1.20(1.05,1.37)","0.0748","0.0019","0.0090","0.0077","1.0026","1.0030","1.0033","1.0015",3071,2466,2344,2412,3524,3571,3015,3344
"N00_N29_C64_C65","2000_2005","2016_2020",15,"Economic_type_4_EQI_Air+SM+PA+OB","1.00(1.00,1.00)","1.12(0.99,1.27)","1.07(0.95,1.20)","1.18(1.05,1.32)","1.22(1.08,1.38)","0.0664","0.2918","0.0060","0.0023","1.0007","1.0014","1.0013","1.0015",2745,2397,2054,2015,3313,3284,2667,2494
"N00_N29_C64_C65","2000_2005","2016_2020",15,"Economic_type_4_EQI_Water+SM+PA+OB","1.00(1.00,1.00)","0.91(0.79,1.03)","0.99(0.87,1.11)","1.03(0.91,1.16)","0.96(0.85,1.08)","0.1285","0.8113","0.5963","0.5226","1.0014","1.0025","1.0036","1.0021",2425,2179,2105,2022,3331,3255,3581,3223
"N00_N29_C64_C65","2000_2005","2016_2020",15,"Economic_type_4_EQI_Land+SM+PA+OB","1.00(1.00,1.00)","0.95(0.86,1.05)","0.86(0.76,0.96)","0.88(0.77,0.99)","0.86(0.73,0.98)","0.3322","0.0056","0.0310","0.0248","1.0004","1.0025","1.0003","1.0017",3570,3387,3176,2809,3757,3986,3610,3864
"N00_N29_C64_C65","2000_2005","2016_2020",15,"Economic_type_4_EQI_Built+SM+PA+OB","1.00(1.00,1.00)","1.21(1.08,1.37)","1.21(1.08,1.36)","1.24(1.10,1.41)","1.28(1.13,1.44)","0.0006","0.0015","0.0002","0.0002","1.0020","1.0011","1.0014","1.0011",2273,1998,1945,1963,3220,3255,2933,3049
"N00_N29_C64_C65","2000_2005","2016_2020",15,"Economic_type_4_EQI_Social+SM+PA+OB","1.00(1.00,1.00)","0.91(0.81,1.01)","0.90(0.78,1.01)","0.85(0.73,0.98)","0.88(0.76,1.02)","0.0698","0.0810","0.0244","0.1019","1.0017","1.0015","1.0021","1.0019",2261,2131,2232,1987,2899,2815,3188,2687
"N00_N29_C64_C65","2000_2005","2021_2024",20,"Economic_type_4_EQI+SM+PA+OB","1.00(1.00,1.00)","1.12(1.00,1.27)","1.20(1.06,1.34)","1.14(1.00,1.30)","1.10(0.95,1.26)","0.0627","0.0010","0.0531","0.2131","1.0007","1.0009","1.0022","1.0007",3519,2650,2442,2348,3920,3382,3180,3205
"N00_N29_C64_C65","2000_2005","2021_2024",20,"Economic_type_4_EQI_Air+SM+PA+OB","1.00(1.00,1.00)","1.06(0.93,1.21)","1.04(0.92,1.18)","1.10(0.97,1.25)","1.08(0.95,1.23)","0.3680","0.5130","0.1285","0.2581","1.0003","1.0004","1.0005","1.0003",4017,3277,2590,2530,4262,3904,3175,3324
"N00_N29_C64_C65","2000_2005","2021_2024",20,"Economic_type_4_EQI_Water+SM+PA+OB","1.00(1.00,1.00)","0.88(0.75,1.01)","1.02(0.89,1.16)","1.08(0.94,1.23)","0.98(0.86,1.11)","0.0635","0.8221","0.2627","0.7746","1.0004","1.0000","1.0012","1.0009",2939,2937,3097,2624,3640,3635,3517,3419
"N00_N29_C64_C65","2000_2005","2021_2024",20,"Economic_type_4_EQI_Land+SM+PA+OB","1.00(1.00,1.00)","0.98(0.88,1.09)","0.96(0.85,1.07)","0.89(0.77,1.01)","0.96(0.82,1.11)","0.7780","0.4172","0.0752","0.6009","1.0018","0.9999","1.0014","1.0003",4250,4338,3385,3325,3707,3539,3409,3810
"N00_N29_C64_C65","2000_2005","2021_2024",20,"Economic_type_4_EQI_Built+SM+PA+OB","1.00(1.00,1.00)","1.16(1.03,1.31)","1.23(1.09,1.39)","1.25(1.10,1.41)","1.25(1.11,1.42)","0.0156","0.0002","0.0002","0.0006","1.0006","1.0011","1.0007","1.0009",3179,2927,2518,2614,4038,3647,3729,3365
"N00_N29_C64_C65","2000_2005","2021_2024",20,"Economic_type_4_EQI_Social+SM+PA+OB","1.00(1.00,1.00)","0.90(0.80,1.01)","0.89(0.77,1.02)","0.83(0.70,0.96)","0.80(0.66,0.94)","0.0752","0.0844","0.0165","0.0040","1.0001","1.0006","1.0012","1.0005",3238,2712,2968,2599,3241,3206,3623,3070
"N00_N29_C64_C65","2000_2005","2006_2010",5,"Economic_type_5_EQI+SM+PA+OB","1.00(1.00,1.00)","1.26(0.98,1.65)","1.25(0.97,1.63)","1.58(1.22,2.08)","1.66(1.29,2.18)","0.0798","0.0869","0.0002","0.0002","1.0014","1.0040","1.0033","1.0036",2326,1930,1943,1871,3242,2880,2822,2848
"N00_N29_C64_C65","2000_2005","2006_2010",5,"Economic_type_5_EQI_Air+SM+PA+OB","1.00(1.00,1.00)","2.10(1.43,3.96)","2.07(1.44,3.93)","2.07(1.44,3.89)","2.52(1.69,4.98)","0.0015","0.0015","0.0015","0.0015","1.0008","1.0011","1.0014","1.0012",2994,2599,2113,2207,3255,3336,2971,3079
"N00_N29_C64_C65","2000_2005","2006_2010",5,"Economic_type_5_EQI_Water+SM+PA+OB","1.00(1.00,1.00)","0.87(0.48,1.27)","1.28(0.93,2.00)","1.41(1.04,2.23)","1.21(0.87,1.85)","0.4185","0.1423","0.0227","0.2851","1.0020","1.0009","1.0031","1.0018",2559,2390,2540,2282,3577,3184,3304,3137
"N00_N29_C64_C65","2000_2005","2006_2010",5,"Economic_type_5_EQI_Land+SM+PA+OB","1.00(1.00,1.00)","1.15(0.86,1.68)","1.06(0.76,1.56)","1.07(0.75,1.61)","0.74(0.31,1.08)","0.3722","0.7738","0.7321","0.1060","1.0009","1.0030","1.0017","1.0041",2747,2161,1998,1728,3408,3363,3267,2793
"N00_N29_C64_C65","2000_2005","2006_2010",5,"Economic_type_5_EQI_Built+SM+PA+OB","1.00(1.00,1.00)","1.15(0.64,2.28)","1.54(0.95,3.11)","1.60(1.02,3.33)","1.75(1.12,3.64)","0.6842","0.0889","0.0365","0.0131","0.9997","1.0003","1.0009","0.9998",2385,2061,2001,1931,3369,2774,2414,2274
"N00_N29_C64_C65","2000_2005","2006_2010",5,"Economic_type_5_EQI_Social+SM+PA+OB","1.00(1.00,1.00)","1.27(0.86,2.09)","1.00(0.64,1.48)","1.08(0.73,1.71)","1.32(0.93,2.25)","0.2485","0.8784","0.7755","0.1510","1.0014","1.0013","1.0012","1.0017",2764,2305,2154,2062,3718,3312,3136,2884
"N00_N29_C64_C65","2000_2005","2011_2015",10,"Economic_type_5_EQI+SM+PA+OB","1.00(1.00,1.00)","1.13(0.90,1.44)","1.16(0.93,1.47)","1.35(1.08,1.72)","1.44(1.15,1.84)","0.3485","0.2156","0.0090","0.0015","1.0030","1.0045","1.0043","1.0045",1693,1499,1489,1503,2549,2389,2545,2489
"N00_N29_C64_C65","2000_2005","2011_2015",10,"Economic_type_5_EQI_Air+SM+PA+OB","1.00(1.00,1.00)","1.36(1.11,1.72)","1.36(1.11,1.71)","1.37(1.13,1.70)","1.62(1.33,2.08)","0.0015","0.0044","0.0010","0.0002","1.0002","1.0016","1.0019","1.0016",3133,2671,2417,2443,4076,3239,3196,3159
"N00_N29_C64_C65","2000_2005","2011_2015",10,"Economic_type_5_EQI_Water+SM+PA+OB","1.00(1.00,1.00)","0.87(0.69,1.07)","1.10(0.91,1.34)","1.17(0.98,1.41)","1.11(0.92,1.35)","0.1960","0.3168","0.0752","0.2860","1.0011","1.0013","1.0032","1.0035",3003,2703,2458,2369,3506,3489,2618,2680
"N00_N29_C64_C65","2000_2005","2011_2015",10,"Economic_type_5_EQI_Land+SM+PA+OB","1.00(1.00,1.00)","1.04(0.88,1.24)","0.96(0.80,1.15)","1.02(0.84,1.23)","0.78(0.58,0.96)","0.6776","0.6209","0.8521","0.0194","1.0000","1.0007","1.0004","1.0001",3209,2719,2580,2505,3971,3321,3445,3709
"N00_N29_C64_C65","2000_2005","2011_2015",10,"Economic_type_5_EQI_Built+SM+PA+OB","1.00(1.00,1.00)","0.84(0.54,1.19)","1.06(0.79,1.47)","1.08(0.83,1.46)","1.12(0.86,1.52)","0.2906","0.7905","0.6842","0.4772","1.0013","1.0013","1.0014","1.0016",3121,2515,2452,2375,3940,3423,3061,3243
"N00_N29_C64_C65","2000_2005","2011_2015",10,"Economic_type_5_EQI_Social+SM+PA+OB","1.00(1.00,1.00)","1.11(0.87,1.41)","1.09(0.88,1.34)","1.07(0.86,1.34)","1.20(0.96,1.54)","0.4230","0.4584","0.5476","0.1027","1.0020","1.0025","1.0028","1.0028",2518,2270,1966,2041,3253,2690,2485,2563
"N00_N29_C64_C65","2000_2005","2016_2020",15,"Economic_type_5_EQI+SM+PA+OB","1.00(1.00,1.00)","1.16(0.91,1.47)","1.32(1.05,1.69)","1.41(1.11,1.83)","1.57(1.24,2.03)","0.2593","0.0190","0.0027","0.0002","1.0020","1.0037","1.0032","1.0028",2018,1694,1632,1645,2989,2490,1940,2072
"N00_N29_C64_C65","2000_2005","2016_2020",15,"Economic_type_5_EQI_Air+SM+PA+OB","1.00(1.00,1.00)","1.34(1.07,1.75)","1.41(1.14,1.85)","1.38(1.13,1.79)","1.60(1.30,2.11)","0.0073","0.0010","0.0006","0.0002","1.0005","1.0012","1.0016","1.0016",2736,2266,2112,2191,3746,3302,3046,2991
"N00_N29_C64_C65","2000_2005","2016_2020",15,"Economic_type_5_EQI_Water+SM+PA+OB","1.00(1.00,1.00)","0.94(0.75,1.16)","1.15(0.95,1.42)","1.10(0.93,1.33)","1.12(0.93,1.38)","0.4789","0.1598","0.2814","0.2381","1.0039","1.0041","1.0036","1.0040",2478,2596,2310,2418,3138,3051,2910,2863
"N00_N29_C64_C65","2000_2005","2016_2020",15,"Economic_type_5_EQI_Land+SM+PA+OB","1.00(1.00,1.00)","1.13(0.97,1.37)","1.05(0.88,1.27)","1.12(0.92,1.38)","0.92(0.72,1.11)","0.1368","0.6197","0.2689","0.3730","1.0010","1.0024","1.0029","1.0030",3110,2496,2360,2135,3264,2934,3092,2541
"N00_N29_C64_C65","2000_2005","2016_2020",15,"Economic_type_5_EQI_Built+SM+PA+OB","1.00(1.00,1.00)","0.80(0.49,1.17)","1.16(0.85,1.68)","1.24(0.92,1.76)","1.27(0.95,1.81)","0.2239","0.4122","0.1848","0.1306","1.0006","1.0009","1.0009","1.0010",2600,2195,2067,2083,3422,3097,2410,2599
"N00_N29_C64_C65","2000_2005","2016_2020",15,"Economic_type_5_EQI_Social+SM+PA+OB","1.00(1.00,1.00)","1.06(0.82,1.36)","0.96(0.75,1.20)","0.98(0.78,1.24)","1.06(0.85,1.35)","0.6959","0.6634","0.8121","0.6430","1.0008","1.0012","1.0009","1.0006",2870,2513,2254,2220,3327,3303,2855,3071
"N00_N29_C64_C65","2000_2005","2021_2024",20,"Economic_type_5_EQI+SM+PA+OB","1.00(1.00,1.00)","1.28(0.97,1.69)","1.40(1.08,1.84)","1.58(1.22,2.10)","1.68(1.30,2.25)","0.0785","0.0102","0.0002","0.0002","1.0027","1.0026","1.0031","1.0029",1790,1549,1557,1468,2813,2361,2336,2591
"N00_N29_C64_C65","2000_2005","2021_2024",20,"Economic_type_5_EQI_Air+SM+PA+OB","1.00(1.00,1.00)","1.34(1.09,1.72)","1.32(1.06,1.68)","1.34(1.10,1.70)","1.44(1.18,1.84)","0.0040","0.0085","0.0019","0.0002","1.0010","1.0021","1.0014","1.0008",2559,2381,2311,2190,3846,3508,3392,3316
"N00_N29_C64_C65","2000_2005","2021_2024",20,"Economic_type_5_EQI_Water+SM+PA+OB","1.00(1.00,1.00)","0.85(0.64,1.06)","1.10(0.90,1.35)","1.09(0.91,1.33)","0.94(0.74,1.15)","0.1481","0.3510","0.3593","0.5134","1.0026","1.0049","1.0037","1.0020",2769,2363,2510,2238,3132,3242,3202,3088
"N00_N29_C64_C65","2000_2005","2021_2024",20,"Economic_type_5_EQI_Land+SM+PA+OB","1.00(1.00,1.00)","1.00(0.83,1.20)","0.98(0.81,1.18)","1.10(0.90,1.35)","0.92(0.74,1.13)","0.9546","0.7517","0.3572","0.3801","1.0008","1.0007","1.0014","1.0022",2604,2027,1726,1701,3413,3081,2940,2519
"N00_N29_C64_C65","2000_2005","2021_2024",20,"Economic_type_5_EQI_Built+SM+PA+OB","1.00(1.00,1.00)","0.84(0.54,1.20)","1.23(0.92,1.74)","1.25(0.96,1.74)","1.30(1.00,1.81)","0.3076","0.1777","0.1102","0.0544","1.0016","1.0011","1.0018","1.0021",2720,2348,2335,2171,3589,3213,3064,2891
"N00_N29_C64_C65","2000_2005","2021_2024",20,"Economic_type_5_EQI_Social+SM+PA+OB","1.00(1.00,1.00)","1.02(0.78,1.30)","0.99(0.79,1.22)","1.02(0.80,1.28)","1.09(0.86,1.39)","0.9442","0.8704","0.9363","0.5355","1.0006","1.0022","1.0018","1.0018",2419,1999,1834,1839,3583,3092,2874,2661
"N00_N29_C64_C65","2000_2005","2006_2010",5,"Economic_type_6_EQI+SM+PA+OB","1.00(1.00,1.00)","0.97(0.90,1.04)","1.01(0.94,1.08)","1.05(0.98,1.13)","1.11(1.02,1.20)","0.3980","0.9013","0.1752","0.0127","1.0017","1.0030","1.0028","1.0053",2149,1796,1590,1514,3010,2731,2458,2488
"N00_N29_C64_C65","2000_2005","2006_2010",5,"Economic_type_6_EQI_Air+SM+PA+OB","1.00(1.00,1.00)","0.95(0.89,1.02)","0.97(0.90,1.04)","1.03(0.96,1.10)","1.05(0.97,1.13)","0.2039","0.4593","0.4251","0.2014","1.0025","1.0044","1.0042","1.0036",2298,1839,1847,1693,2964,2899,2803,2814
"N00_N29_C64_C65","2000_2005","2006_2010",5,"Economic_type_6_EQI_Water+SM+PA+OB","1.00(1.00,1.00)","0.94(0.86,1.02)","0.97(0.89,1.06)","0.97(0.89,1.05)","0.96(0.88,1.05)","0.1502","0.5018","0.4193","0.3489","1.0042","1.0036","1.0049","1.0049",1993,1919,1852,1806,3184,2831,2733,2700
"N00_N29_C64_C65","2000_2005","2006_2010",5,"Economic_type_6_EQI_Land+SM+PA+OB","1.00(1.00,1.00)","1.01(0.95,1.07)","1.05(0.98,1.12)","1.04(0.96,1.12)","1.00(0.93,1.08)","0.7892","0.1681","0.3235","0.9838","1.0009","1.0026","1.0023","1.0014",3199,2525,2307,2328,3617,3538,3096,3056
"N00_N29_C64_C65","2000_2005","2006_2010",5,"Economic_type_6_EQI_Built+SM+PA+OB","1.00(1.00,1.00)","1.06(1.00,1.13)","1.05(0.98,1.11)","1.06(0.99,1.13)","1.08(1.01,1.16)","0.0573","0.1589","0.0823","0.0256","1.0015","1.0026","1.0027","1.0039",3065,2496,2528,2285,3671,3247,3057,2926
"N00_N29_C64_C65","2000_2005","2006_2010",5,"Economic_type_6_EQI_Social+SM+PA+OB","1.00(1.00,1.00)","0.95(0.89,1.01)","0.94(0.88,1.01)","0.94(0.87,1.02)","0.98(0.89,1.08)","0.0923","0.1010","0.1560","0.6142","1.0021","1.0045","1.0058","1.0059",2747,1889,1676,1620,3447,3121,2537,2638
"N00_N29_C64_C65","2000_2005","2011_2015",10,"Economic_type_6_EQI+SM+PA+OB","1.00(1.00,1.00)","1.05(0.97,1.14)","1.05(0.97,1.14)","1.05(0.96,1.14)","1.13(1.02,1.24)","0.1906","0.2506","0.3139","0.0206","1.0002","1.0004","1.0001","1.0005",2881,2329,2049,2037,3311,2524,2681,2394
"N00_N29_C64_C65","2000_2005","2011_2015",10,"Economic_type_6_EQI_Air+SM+PA+OB","1.00(1.00,1.00)","1.01(0.93,1.09)","1.02(0.94,1.10)","1.08(0.99,1.17)","1.09(1.00,1.19)","0.8275","0.6930","0.0698","0.0477","1.0004","1.0006","1.0005","1.0008",1947,1760,1784,1727,2985,2983,2785,2732
"N00_N29_C64_C65","2000_2005","2011_2015",10,"Economic_type_6_EQI_Water+SM+PA+OB","1.00(1.00,1.00)","0.94(0.85,1.03)","0.95(0.86,1.04)","0.96(0.87,1.06)","0.92(0.83,1.02)","0.1856","0.2893","0.3955","0.0989","1.0054","1.0079","1.0079","1.0056",1763,1609,1500,1639,2816,2568,2399,2261
"N00_N29_C64_C65","2000_2005","2011_2015",10,"Economic_type_6_EQI_Land+SM+PA+OB","1.00(1.00,1.00)","1.05(0.98,1.12)","1.02(0.94,1.10)","0.99(0.91,1.08)","0.98(0.90,1.07)","0.1864","0.6472","0.7955","0.6692","1.0023","1.0023","1.0034","1.0034",2616,2150,2041,1975,3549,3266,3150,3373
"N00_N29_C64_C65","2000_2005","2011_2015",10,"Economic_type_6_EQI_Built+SM+PA+OB","1.00(1.00,1.00)","1.05(0.98,1.13)","1.10(1.02,1.18)","1.09(1.01,1.17)","1.09(1.00,1.18)","0.1756","0.0123","0.0310","0.0373","1.0033","1.0048","1.0041","1.0035",2601,2256,2419,2287,3133,2963,3194,2958
"N00_N29_C64_C65","2000_2005","2011_2015",10,"Economic_type_6_EQI_Social+SM+PA+OB","1.00(1.00,1.00)","0.95(0.88,1.02)","0.96(0.89,1.04)","0.95(0.87,1.04)","0.95(0.85,1.05)","0.1398","0.3122","0.2697","0.2901","1.0022","1.0017","1.0005","1.0004",2416,2054,1888,1709,3422,2967,2600,2517
"N00_N29_C64_C65","2000_2005","2016_2020",15,"Economic_type_6_EQI+SM+PA+OB","1.00(1.00,1.00)","1.00(0.93,1.07)","1.02(0.95,1.10)","1.04(0.96,1.12)","1.11(1.02,1.21)","0.9925","0.5901","0.3610","0.0119","1.0006","1.0017","1.0018","1.0015",2183,1781,1628,1626,3466,2984,2766,2766
"N00_N29_C64_C65","2000_2005","2016_2020",15,"Economic_type_6_EQI_Air+SM+PA+OB","1.00(1.00,1.00)","1.01(0.94,1.09)","1.02(0.95,1.11)","1.08(1.01,1.17)","1.12(1.03,1.21)","0.7834","0.5226","0.0427","0.0085","1.0035","1.0040","1.0039","1.0040",2585,2276,2208,2121,3355,3109,2745,2863
"N00_N29_C64_C65","2000_2005","2016_2020",15,"Economic_type_6_EQI_Water+SM+PA+OB","1.00(1.00,1.00)","0.99(0.91,1.08)","1.04(0.95,1.13)","1.02(0.94,1.12)","1.02(0.94,1.12)","0.8463","0.4193","0.6172","0.6438","1.0014","1.0018","1.0015","1.0014",2161,2095,2047,2099,3102,2699,2967,2781
"N00_N29_C64_C65","2000_2005","2016_2020",15,"Economic_type_6_EQI_Land+SM+PA+OB","1.00(1.00,1.00)","1.05(0.98,1.11)","1.01(0.95,1.09)","1.01(0.93,1.08)","0.96(0.88,1.04)","0.1610","0.7055","0.9117","0.3043","1.0013","1.0023","1.0028","1.0028",3610,3168,2887,2805,3812,3744,3379,3523
"N00_N29_C64_C65","2000_2005","2016_2020",15,"Economic_type_6_EQI_Built+SM+PA+OB","1.00(1.00,1.00)","1.06(0.99,1.13)","1.09(1.02,1.16)","1.08(1.01,1.16)","1.13(1.05,1.21)","0.0769","0.0119","0.0235","0.0006","1.0006","1.0013","1.0026","1.0011",2644,2358,2447,2320,2903,2969,2902,3205
"N00_N29_C64_C65","2000_2005","2016_2020",15,"Economic_type_6_EQI_Social+SM+PA+OB","1.00(1.00,1.00)","0.90(0.84,0.96)","0.92(0.84,0.99)","0.95(0.87,1.03)","0.91(0.81,1.00)","0.0027","0.0252","0.2543","0.0423","1.0008","1.0006","1.0007","1.0015",2987,2608,2210,2028,3676,3448,2951,2790
"N00_N29_C64_C65","2000_2005","2021_2024",20,"Economic_type_6_EQI+SM+PA+OB","1.00(1.00,1.00)","1.05(0.97,1.14)","1.02(0.94,1.11)","1.08(1.00,1.18)","1.10(1.00,1.21)","0.1964","0.6946","0.0723","0.0552","1.0019","1.0012","1.0024","1.0031",1895,1653,1520,1473,2818,2721,2668,2710
"N00_N29_C64_C65","2000_2005","2021_2024",20,"Economic_type_6_EQI_Air+SM+PA+OB","1.00(1.00,1.00)","1.09(1.00,1.18)","1.14(1.06,1.24)","1.16(1.07,1.26)","1.18(1.09,1.29)","0.0427","0.0015","0.0002","0.0002","1.0013","1.0017","1.0012","1.0007",2061,1878,1839,1796,3240,2949,2791,2781
"N00_N29_C64_C65","2000_2005","2021_2024",20,"Economic_type_6_EQI_Water+SM+PA+OB","1.00(1.00,1.00)","0.95(0.85,1.05)","0.90(0.80,1.00)","1.00(0.90,1.11)","0.91(0.82,1.02)","0.2918","0.0531","0.9633","0.1006","1.0016","1.0006","1.0008","1.0006",1594,1569,1549,1617,2974,2352,2597,2588
"N00_N29_C64_C65","2000_2005","2021_2024",20,"Economic_type_6_EQI_Land+SM+PA+OB","1.00(1.00,1.00)","1.00(0.93,1.07)","1.00(0.92,1.08)","0.98(0.90,1.08)","0.95(0.86,1.04)","0.9600","0.9533","0.7009","0.2406","1.0005","1.0012","1.0012","1.0015",3074,2576,2283,2142,3195,3137,3277,3047
"N00_N29_C64_C65","2000_2005","2021_2024",20,"Economic_type_6_EQI_Built+SM+PA+OB","1.00(1.00,1.00)","1.11(1.03,1.20)","1.09(1.02,1.18)","1.12(1.04,1.22)","1.14(1.05,1.25)","0.0069","0.0144","0.0048","0.0002","1.0011","1.0008","1.0014","1.0014",2288,2108,2069,2076,2678,2730,2382,2431
"N00_N29_C64_C65","2000_2005","2021_2024",20,"Economic_type_6_EQI_Social+SM+PA+OB","1.00(1.00,1.00)","0.95(0.88,1.03)","0.92(0.84,1.01)","0.94(0.85,1.04)","0.90(0.79,1.00)","0.2297","0.0714","0.2293","0.0639","1.0009","1.0011","1.0008","1.0013",2707,2193,1899,1716,3445,3338,2964,2330
"N00_N29_C64_C65","2000_2005","2006_2010",5,"Homeownership_tertile_1_EQI+SM+PA+OB","1.00(1.00,1.00)","1.38(1.26,1.50)","1.37(1.26,1.49)","1.40(1.28,1.53)","1.47(1.33,1.61)","0.0002","0.0002","0.0002","0.0002","1.0036","1.0026","1.0036","1.0039",2305,1889,1605,1504,3298,2609,2609,2397
"N00_N29_C64_C65","2000_2005","2006_2010",5,"Homeownership_tertile_1_EQI_Air+SM+PA+OB","1.00(1.00,1.00)","1.26(1.13,1.41)","1.28(1.15,1.44)","1.29(1.16,1.44)","1.31(1.18,1.48)","0.0002","0.0002","0.0002","0.0002","1.0024","1.0018","1.0023","1.0026",2121,1856,1600,1518,3028,2508,2312,2543
"N00_N29_C64_C65","2000_2005","2006_2010",5,"Homeownership_tertile_1_EQI_Water+SM+PA+OB","1.00(1.00,1.00)","0.86(0.75,0.99)","1.17(1.03,1.32)","1.12(0.99,1.26)","1.09(0.96,1.24)","0.0327","0.0123","0.0756","0.2072","1.0028","1.0020","1.0018","1.0032",1696,1535,1466,1427,2849,2350,2415,2279
"N00_N29_C64_C65","2000_2005","2006_2010",5,"Homeownership_tertile_1_EQI_Land+SM+PA+OB","1.00(1.00,1.00)","0.97(0.88,1.06)","1.00(0.90,1.10)","1.04(0.93,1.15)","0.93(0.81,1.04)","0.5030","0.9842","0.5405","0.2081","1.0020","1.0037","1.0038","1.0050",2703,2045,1670,1567,3143,2909,2832,2374
"N00_N29_C64_C65","2000_2005","2006_2010",5,"Homeownership_tertile_1_EQI_Built+SM+PA+OB","1.00(1.00,1.00)","1.37(1.23,1.55)","1.42(1.27,1.60)","1.44(1.29,1.62)","1.47(1.32,1.65)","0.0002","0.0002","0.0002","0.0002","1.0017","1.0012","1.0028","1.0019",2078,1735,1678,1708,2932,2337,2578,2467
"N00_N29_C64_C65","2000_2005","2006_2010",5,"Homeownership_tertile_1_EQI_Social+SM+PA+OB","1.00(1.00,1.00)","0.99(0.90,1.08)","0.88(0.78,0.98)","0.96(0.85,1.08)","1.03(0.90,1.16)","0.7913","0.0169","0.5134","0.7013","1.0024","1.0030","1.0039","1.0045",2213,1807,1712,1723,2862,2904,2284,2386
"N00_N29_C64_C65","2000_2005","2011_2015",10,"Homeownership_tertile_1_EQI+SM+PA+OB","1.00(1.00,1.00)","1.47(1.34,1.63)","1.44(1.31,1.60)","1.45(1.31,1.61)","1.51(1.35,1.69)","0.0002","0.0002","0.0002","0.0002","1.0007","1.0019","1.0022","1.0021",2078,1625,1461,1477,3393,2990,2515,2637
"N00_N29_C64_C65","2000_2005","2011_2015",10,"Homeownership_tertile_1_EQI_Air+SM+PA+OB","1.00(1.00,1.00)","1.42(1.23,1.66)","1.46(1.26,1.70)","1.41(1.22,1.64)","1.50(1.29,1.76)","0.0002","0.0002","0.0002","0.0002","1.0010","1.0020","1.0021","1.0022",2345,2016,1757,1706,3215,2283,2136,2529
"N00_N29_C64_C65","2000_2005","2011_2015",10,"Homeownership_tertile_1_EQI_Water+SM+PA+OB","1.00(1.00,1.00)","0.95(0.80,1.14)","1.21(1.03,1.43)","1.17(0.99,1.38)","1.06(0.89,1.25)","0.5751","0.0219","0.0598","0.5655","1.0022","1.0012","1.0020","1.0015",1973,1812,1840,1742,2993,2792,2680,2623
"N00_N29_C64_C65","2000_2005","2011_2015",10,"Homeownership_tertile_1_EQI_Land+SM+PA+OB","1.00(1.00,1.00)","0.93(0.81,1.05)","1.01(0.88,1.15)","0.95(0.82,1.09)","0.87(0.72,1.02)","0.2564","0.9296","0.4805","0.0894","1.0007","1.0013","1.0015","1.0008",3071,2158,2258,2314,3855,3293,3125,3262
"N00_N29_C64_C65","2000_2005","2011_2015",10,"Homeownership_tertile_1_EQI_Built+SM+PA+OB","1.00(1.00,1.00)","1.54(1.32,1.82)","1.67(1.44,1.98)","1.62(1.40,1.90)","1.71(1.47,2.03)","0.0002","0.0002","0.0002","0.0002","1.0013","1.0015","1.0013","1.0012",2667,2094,1978,1956,3085,2842,2716,2358
"N00_N29_C64_C65","2000_2005","2011_2015",10,"Homeownership_tertile_1_EQI_Social+SM+PA+OB","1.00(1.00,1.00)","1.09(0.97,1.23)","0.96(0.83,1.10)","1.00(0.85,1.16)","1.06(0.89,1.26)","0.1743","0.5743","0.9588","0.4909","1.0012","1.0011","1.0012","1.0013",2390,1920,1841,1771,2983,2908,2704,2680
"N00_N29_C64_C65","2000_2005","2016_2020",15,"Homeownership_tertile_1_EQI+SM+PA+OB","1.00(1.00,1.00)","1.22(1.12,1.33)","1.29(1.19,1.40)","1.29(1.18,1.40)","1.36(1.24,1.49)","0.0002","0.0002","0.0002","0.0002","1.0000","1.0011","1.0013","1.0013",2582,2119,1863,1831,3485,2942,2489,2621
"N00_N29_C64_C65","2000_2005","2016_2020",15,"Homeownership_tertile_1_EQI_Air+SM+PA+OB","1.00(1.00,1.00)","1.43(1.27,1.61)","1.37(1.21,1.54)","1.35(1.21,1.52)","1.41(1.25,1.59)","0.0002","0.0002","0.0002","0.0002","1.0010","1.0012","1.0012","1.0007",2259,2121,1788,1658,2973,3135,2471,2682
"N00_N29_C64_C65","2000_2005","2016_2020",15,"Homeownership_tertile_1_EQI_Water+SM+PA+OB","1.00(1.00,1.00)","0.90(0.78,1.02)","1.13(1.00,1.27)","1.16(1.02,1.30)","1.13(0.99,1.28)","0.1139","0.0598","0.0185","0.0689","1.0004","1.0008","1.0010","1.0018",2076,1984,1941,1875,3131,2862,2856,2858
"N00_N29_C64_C65","2000_2005","2016_2020",15,"Homeownership_tertile_1_EQI_Land+SM+PA+OB","1.00(1.00,1.00)","0.98(0.89,1.09)","1.00(0.90,1.11)","1.04(0.93,1.16)","0.94(0.82,1.06)","0.7413","0.9775","0.4905","0.2935","1.0014","1.0017","1.0013","1.0009",2923,2359,2022,1995,3266,3027,2830,2554
"N00_N29_C64_C65","2000_2005","2016_2020",15,"Homeownership_tertile_1_EQI_Built+SM+PA+OB","1.00(1.00,1.00)","1.27(1.12,1.46)","1.41(1.24,1.60)","1.35(1.19,1.53)","1.45(1.29,1.66)","0.0002","0.0002","0.0002","0.0002","1.0010","1.0010","1.0010","1.0011",2019,1595,1564,1593,2246,2106,2111,2199
"N00_N29_C64_C65","2000_2005","2016_2020",15,"Homeownership_tertile_1_EQI_Social+SM+PA+OB","1.00(1.00,1.00)","1.00(0.90,1.10)","0.99(0.88,1.10)","0.94(0.83,1.07)","1.06(0.93,1.21)","0.9896","0.8454","0.3664","0.3960","1.0020","1.0019","1.0024","1.0020",2482,2169,1982,2008,3278,3388,2837,3065
"N00_N29_C64_C65","2000_2005","2021_2024",20,"Homeownership_tertile_1_EQI+SM+PA+OB","1.00(1.00,1.00)","1.31(1.20,1.44)","1.28(1.17,1.40)","1.28(1.16,1.41)","1.30(1.17,1.44)","0.0002","0.0002","0.0002","0.0002","1.0009","1.0015","1.0015","1.0033",2102,1798,1510,1366,3066,2934,2791,2362
"N00_N29_C64_C65","2000_2005","2021_2024",20,"Homeownership_tertile_1_EQI_Air+SM+PA+OB","1.00(1.00,1.00)","1.28(1.14,1.45)","1.26(1.12,1.42)","1.22(1.08,1.36)","1.23(1.09,1.39)","0.0002","0.0006","0.0015","0.0031","1.0005","1.0007","1.0014","1.0005",2266,1881,1660,1680,3433,3116,2578,2390
"N00_N29_C64_C65","2000_2005","2021_2024",20,"Homeownership_tertile_1_EQI_Water+SM+PA+OB","1.00(1.00,1.00)","0.91(0.79,1.03)","1.05(0.92,1.18)","1.13(1.00,1.28)","1.02(0.90,1.16)","0.1381","0.4922","0.0464","0.7517","1.0038","1.0030","1.0031","1.0032",1624,1409,1460,1333,3040,2639,2461,2532
"N00_N29_C64_C65","2000_2005","2021_2024",20,"Homeownership_tertile_1_EQI_Land+SM+PA+OB","1.00(1.00,1.00)","0.98(0.89,1.07)","1.06(0.95,1.17)","1.13(1.02,1.26)","1.01(0.89,1.13)","0.6430","0.2893","0.0210","0.9467","1.0010","1.0017","1.0025","1.0023",3374,2557,2127,1713,3442,3351,3281,2833
"N00_N29_C64_C65","2000_2005","2021_2024",20,"Homeownership_tertile_1_EQI_Built+SM+PA+OB","1.00(1.00,1.00)","1.26(1.11,1.44)","1.29(1.14,1.47)","1.31(1.16,1.48)","1.35(1.19,1.52)","0.0006","0.0002","0.0002","0.0002","1.0010","1.0015","1.0021","1.0012",2247,1926,1817,1867,3167,2982,2690,2734
"N00_N29_C64_C65","2000_2005","2021_2024",20,"Homeownership_tertile_1_EQI_Social+SM+PA+OB","1.00(1.00,1.00)","1.00(0.91,1.10)","0.95(0.84,1.05)","0.93(0.82,1.05)","1.00(0.87,1.14)","0.9696","0.3093","0.2422","0.9854","1.0026","1.0034","1.0039","1.0028",2433,2018,1712,1808,3398,2719,2539,2456
"N00_N29_C64_C65","2000_2005","2006_2010",5,"Homeownership_tertile_2_EQI+SM+PA+OB","1.00(1.00,1.00)","1.08(1.00,1.16)","1.10(1.02,1.18)","1.14(1.04,1.23)","1.17(1.06,1.28)","0.0469","0.0215","0.0027","0.0023","1.0015","1.0019","1.0028","1.0047",2188,1723,1400,1530,2662,2636,2200,2220
"N00_N29_C64_C65","2000_2005","2006_2010",5,"Homeownership_tertile_2_EQI_Air+SM+PA+OB","1.00(1.00,1.00)","1.17(1.09,1.27)","1.14(1.05,1.24)","1.14(1.04,1.24)","1.18(1.07,1.30)","0.0002","0.0023","0.0044","0.0006","1.0025","1.0013","1.0015","1.0020",2688,2386,2045,2108,3850,3403,2895,2837
"N00_N29_C64_C65","2000_2005","2006_2010",5,"Homeownership_tertile_2_EQI_Water+SM+PA+OB","1.00(1.00,1.00)","0.92(0.82,1.03)","0.93(0.82,1.04)","0.99(0.88,1.10)","0.96(0.85,1.08)","0.1723","0.1918","0.8167","0.4876","1.0032","1.0018","1.0023","1.0025",1995,1965,1869,1962,3104,2915,2612,3077
"N00_N29_C64_C65","2000_2005","2006_2010",5,"Homeownership_tertile_2_EQI_Land+SM+PA+OB","1.00(1.00,1.00)","1.05(0.98,1.14)","1.07(0.99,1.16)","1.06(0.97,1.16)","1.01(0.91,1.11)","0.1710","0.1081","0.2039","0.8996","1.0005","1.0007","0.9999","1.0005",3132,2539,2270,2166,3627,3199,3051,3093
"N00_N29_C64_C65","2000_2005","2006_2010",5,"Homeownership_tertile_2_EQI_Built+SM+PA+OB","1.00(1.00,1.00)","1.19(1.11,1.29)","1.15(1.07,1.24)","1.16(1.07,1.26)","1.16(1.07,1.27)","0.0002","0.0002","0.0002","0.0010","1.0003","1.0008","1.0022","1.0037",2496,2435,2399,2502,2845,2736,3020,2765
"N00_N29_C64_C65","2000_2005","2006_2010",5,"Homeownership_tertile_2_EQI_Social+SM+PA+OB","1.00(1.00,1.00)","0.94(0.86,1.03)","0.95(0.86,1.04)","0.91(0.81,1.01)","1.01(0.89,1.13)","0.1793","0.2664","0.0706","0.9371","1.0014","1.0016","1.0010","1.0016",2844,2360,2115,2064,3258,3104,2979,2795
"N00_N29_C64_C65","2000_2005","2011_2015",10,"Homeownership_tertile_2_EQI+SM+PA+OB","1.00(1.00,1.00)","1.15(1.06,1.24)","1.17(1.08,1.27)","1.17(1.07,1.27)","1.22(1.11,1.34)","0.0006","0.0002","0.0015","0.0002","1.0026","1.0043","1.0049","1.0058",2499,1853,1563,1497,3132,2498,2348,2363
"N00_N29_C64_C65","2000_2005","2011_2015",10,"Homeownership_tertile_2_EQI_Air+SM+PA+OB","1.00(1.00,1.00)","1.11(1.02,1.20)","1.12(1.03,1.21)","1.15(1.06,1.26)","1.15(1.04,1.26)","0.0131","0.0106","0.0010","0.0035","1.0002","1.0009","1.0018","1.0017",2813,2463,2001,2063,3533,3223,2859,3211
"N00_N29_C64_C65","2000_2005","2011_2015",10,"Homeownership_tertile_2_EQI_Water+SM+PA+OB","1.00(1.00,1.00)","0.86(0.78,0.96)","0.92(0.83,1.02)","0.93(0.83,1.02)","0.88(0.79,0.98)","0.0048","0.0998","0.1456","0.0244","1.0020","1.0023","1.0023","1.0020",2227,2171,2097,2213,2969,3136,3076,3044
"N00_N29_C64_C65","2000_2005","2011_2015",10,"Homeownership_tertile_2_EQI_Land+SM+PA+OB","1.00(1.00,1.00)","1.02(0.95,1.10)","0.99(0.91,1.06)","0.99(0.91,1.09)","1.01(0.92,1.10)","0.5580","0.6980","0.8854","0.9117","1.0017","1.0032","1.0016","1.0020",3139,2599,2359,2163,3678,3493,3077,3008
"N00_N29_C64_C65","2000_2005","2011_2015",10,"Homeownership_tertile_2_EQI_Built+SM+PA+OB","1.00(1.00,1.00)","1.13(1.06,1.22)","1.13(1.05,1.22)","1.11(1.03,1.20)","1.13(1.04,1.22)","0.0006","0.0002","0.0044","0.0035","1.0022","1.0023","1.0025","1.0013",2545,2326,2370,2394,3211,3098,3323,3333
"N00_N29_C64_C65","2000_2005","2011_2015",10,"Homeownership_tertile_2_EQI_Social+SM+PA+OB","1.00(1.00,1.00)","0.97(0.90,1.05)","1.00(0.91,1.08)","0.92(0.83,1.02)","1.02(0.90,1.14)","0.4964","0.9254","0.1177","0.7813","1.0003","1.0010","1.0009","1.0006",3008,2407,2247,2140,3885,3094,2980,2854
"N00_N29_C64_C65","2000_2005","2016_2020",15,"Homeownership_tertile_2_EQI+SM+PA+OB","1.00(1.00,1.00)","1.09(1.01,1.17)","1.11(1.03,1.19)","1.14(1.06,1.23)","1.19(1.10,1.30)","0.0169","0.0052","0.0015","0.0002","1.0006","1.0011","1.0022","1.0023",2770,1987,1831,1846,3660,2802,3209,3050
"N00_N29_C64_C65","2000_2005","2016_2020",15,"Homeownership_tertile_2_EQI_Air+SM+PA+OB","1.00(1.00,1.00)","1.12(1.04,1.22)","1.15(1.06,1.24)","1.17(1.08,1.27)","1.22(1.12,1.32)","0.0044","0.0010","0.0002","0.0002","1.0004","1.0019","1.0010","1.0008",3002,2472,2278,2231,3124,2600,2724,2897
"N00_N29_C64_C65","2000_2005","2016_2020",15,"Homeownership_tertile_2_EQI_Water+SM+PA+OB","1.00(1.00,1.00)","0.99(0.90,1.10)","1.01(0.92,1.12)","1.01(0.92,1.12)","0.98(0.88,1.09)","0.8542","0.8313","0.8305","0.6309","1.0028","1.0025","1.0027","1.0019",1858,1705,1705,1732,2711,2984,2859,2704
"N00_N29_C64_C65","2000_2005","2016_2020",15,"Homeownership_tertile_2_EQI_Land+SM+PA+OB","1.00(1.00,1.00)","1.04(0.97,1.11)","1.00(0.94,1.08)","1.02(0.94,1.10)","1.04(0.96,1.13)","0.2481","0.9304","0.6809","0.3789","0.9999","1.0007","1.0006","1.0010",3679,2849,2964,2957,3429,3391,2976,3087
"N00_N29_C64_C65","2000_2005","2016_2020",15,"Homeownership_tertile_2_EQI_Built+SM+PA+OB","1.00(1.00,1.00)","1.18(1.11,1.27)","1.13(1.06,1.21)","1.18(1.10,1.27)","1.18(1.09,1.27)","0.0002","0.0002","0.0002","0.0002","1.0004","1.0013","1.0014","1.0007",3349,2977,2982,2901,3840,3223,2892,3564
"N00_N29_C64_C65","2000_2005","2016_2020",15,"Homeownership_tertile_2_EQI_Social+SM+PA+OB","1.00(1.00,1.00)","0.92(0.85,0.99)","0.85(0.77,0.93)","0.83(0.74,0.92)","0.83(0.73,0.94)","0.0377","0.0002","0.0006","0.0044","1.0012","1.0012","1.0018","1.0021",3109,2694,2434,2373,3668,3546,3034,2908
"N00_N29_C64_C65","2000_2005","2021_2024",20,"Homeownership_tertile_2_EQI+SM+PA+OB","1.00(1.00,1.00)","1.03(0.95,1.11)","1.04(0.96,1.12)","1.06(0.98,1.16)","1.07(0.98,1.18)","0.4543","0.3701","0.1685","0.1393","1.0011","1.0017","1.0011","1.0011",2132,1664,1530,1510,3440,2547,2485,2322
"N00_N29_C64_C65","2000_2005","2021_2024",20,"Homeownership_tertile_2_EQI_Air+SM+PA+OB","1.00(1.00,1.00)","1.11(1.03,1.20)","1.13(1.05,1.23)","1.12(1.03,1.22)","1.14(1.04,1.25)","0.0077","0.0019","0.0081","0.0065","1.0031","1.0027","1.0038","1.0037",2242,2032,1831,1764,3235,3350,3128,3172
"N00_N29_C64_C65","2000_2005","2021_2024",20,"Homeownership_tertile_2_EQI_Water+SM+PA+OB","1.00(1.00,1.00)","0.99(0.90,1.08)","0.99(0.89,1.09)","1.06(0.96,1.17)","0.95(0.85,1.05)","0.7613","0.7863","0.2372","0.3256","1.0045","1.0040","1.0057","1.0073",1790,1703,1731,1596,3086,2784,2614,2745
"N00_N29_C64_C65","2000_2005","2021_2024",20,"Homeownership_tertile_2_EQI_Land+SM+PA+OB","1.00(1.00,1.00)","0.95(0.88,1.02)","0.92(0.85,1.00)","0.94(0.86,1.02)","0.95(0.86,1.03)","0.1781","0.0560","0.1318","0.2193","1.0026","1.0030","1.0042","1.0028",3160,2214,2071,2131,3783,3028,2896,2955
"N00_N29_C64_C65","2000_2005","2021_2024",20,"Homeownership_tertile_2_EQI_Built+SM+PA+OB","1.00(1.00,1.00)","1.08(1.00,1.15)","1.11(1.04,1.19)","1.12(1.04,1.20)","1.14(1.05,1.24)","0.0477","0.0031","0.0040","0.0010","1.0018","1.0006","1.0006","1.0017",2736,2546,2548,2679,3411,3172,3443,3020
"N00_N29_C64_C65","2000_2005","2021_2024",20,"Homeownership_tertile_2_EQI_Social+SM+PA+OB","1.00(1.00,1.00)","0.94(0.87,1.02)","0.93(0.84,1.02)","0.88(0.79,0.97)","0.88(0.77,0.99)","0.1635","0.1114","0.0115","0.0390","1.0010","1.0005","1.0007","1.0011",2744,2402,2221,2155,3070,2820,2420,2412
"N00_N29_C64_C65","2000_2005","2006_2010",5,"Homeownership_tertile_3_EQI+SM+PA+OB","1.00(1.00,1.00)","1.09(1.01,1.18)","1.13(1.05,1.22)","1.16(1.07,1.26)","1.25(1.14,1.38)","0.0194","0.0010","0.0002","0.0002","1.0006","1.0016","1.0018","1.0014",2394,1939,1690,1530,3343,3131,2829,2629
"N00_N29_C64_C65","2000_2005","2006_2010",5,"Homeownership_tertile_3_EQI_Air+SM+PA+OB","1.00(1.00,1.00)","1.07(0.99,1.16)","1.06(0.98,1.16)","1.12(1.02,1.22)","1.17(1.06,1.28)","0.1014","0.1373","0.0152","0.0023","1.0000","1.0002","1.0004","1.0008",2543,2066,2150,2246,3654,3166,3203,3091
"N00_N29_C64_C65","2000_2005","2006_2010",5,"Homeownership_tertile_3_EQI_Water+SM+PA+OB","1.00(1.00,1.00)","0.98(0.89,1.07)","1.00(0.91,1.10)","1.05(0.96,1.16)","1.01(0.90,1.12)","0.6026","0.9392","0.2826","0.9250","1.0018","1.0027","1.0024","1.0012",1953,1771,1695,1803,2974,3006,2483,2875
"N00_N29_C64_C65","2000_2005","2006_2010",5,"Homeownership_tertile_3_EQI_Land+SM+PA+OB","1.00(1.00,1.00)","0.96(0.89,1.04)","1.01(0.93,1.10)","0.97(0.88,1.06)","0.97(0.88,1.07)","0.2951","0.8200","0.4543","0.5801","1.0006","1.0028","1.0007","1.0002",2533,2184,2064,2043,3170,2996,2774,2628
"N00_N29_C64_C65","2000_2005","2006_2010",5,"Homeownership_tertile_3_EQI_Built+SM+PA+OB","1.00(1.00,1.00)","1.09(1.02,1.15)","1.08(1.01,1.15)","1.06(0.98,1.13)","1.08(0.99,1.19)","0.0069","0.0215","0.1364","0.0848","1.0004","1.0007","1.0011","1.0007",3334,2673,2510,2827,3280,3197,3654,3787
"N00_N29_C64_C65","2000_2005","2006_2010",5,"Homeownership_tertile_3_EQI_Social+SM+PA+OB","1.00(1.00,1.00)","0.97(0.89,1.05)","0.91(0.82,1.00)","0.96(0.87,1.06)","0.98(0.88,1.10)","0.4559","0.0452","0.4151","0.7555","1.0016","1.0013","1.0020","1.0024",2409,1849,1676,1492,3723,2894,2903,2442
"N00_N29_C64_C65","2000_2005","2011_2015",10,"Homeownership_tertile_3_EQI+SM+PA+OB","1.00(1.00,1.00)","1.08(1.00,1.17)","1.14(1.05,1.24)","1.14(1.04,1.24)","1.27(1.14,1.40)","0.0477","0.0023","0.0060","0.0002","1.0013","1.0029","1.0033","1.0039",2001,1575,1382,1361,3087,2292,2394,2228
"N00_N29_C64_C65","2000_2005","2011_2015",10,"Homeownership_tertile_3_EQI_Air+SM+PA+OB","1.00(1.00,1.00)","1.16(1.06,1.26)","1.09(0.99,1.20)","1.20(1.09,1.32)","1.29(1.16,1.44)","0.0006","0.0706","0.0019","0.0002","1.0027","1.0023","1.0033","1.0023",2585,2185,2037,2067,3278,2574,2836,2588
"N00_N29_C64_C65","2000_2005","2011_2015",10,"Homeownership_tertile_3_EQI_Water+SM+PA+OB","1.00(1.00,1.00)","1.00(0.89,1.11)","1.05(0.94,1.17)","1.08(0.97,1.20)","1.09(0.97,1.23)","0.9263","0.4168","0.1873","0.1423","1.0025","1.0045","1.0037","1.0023",2141,1795,1962,1928,3317,3032,3186,3035
"N00_N29_C64_C65","2000_2005","2011_2015",10,"Homeownership_tertile_3_EQI_Land+SM+PA+OB","1.00(1.00,1.00)","0.99(0.91,1.07)","1.00(0.91,1.09)","0.91(0.82,1.01)","0.96(0.86,1.07)","0.7825","0.9054","0.0773","0.4434","1.0006","1.0006","1.0006","1.0010",2860,2583,2381,2254,3542,3322,3155,3186
"N00_N29_C64_C65","2000_2005","2011_2015",10,"Homeownership_tertile_3_EQI_Built+SM+PA+OB","1.00(1.00,1.00)","1.06(0.99,1.14)","1.05(0.98,1.13)","1.03(0.94,1.11)","0.97(0.86,1.07)","0.0764","0.2027","0.5672","0.5059","1.0011","1.0033","1.0027","1.0036",3635,2893,2930,2959,4030,3465,3668,3728
"N00_N29_C64_C65","2000_2005","2011_2015",10,"Homeownership_tertile_3_EQI_Social+SM+PA+OB","1.00(1.00,1.00)","1.01(0.91,1.10)","0.96(0.86,1.06)","1.01(0.90,1.13)","1.00(0.87,1.13)","0.9346","0.4497","0.9104","0.9288","1.0043","1.0038","1.0043","1.0063",2698,2346,2116,1940,3036,3219,2767,2345
"N00_N29_C64_C65","2000_2005","2016_2020",15,"Homeownership_tertile_3_EQI+SM+PA+OB","1.00(1.00,1.00)","1.14(1.06,1.23)","1.12(1.04,1.21)","1.16(1.07,1.26)","1.24(1.13,1.36)","0.0006","0.0040","0.0006","0.0002","1.0012","1.0020","1.0018","1.0015",2416,1982,1860,1827,3110,3128,2636,2886
"N00_N29_C64_C65","2000_2005","2016_2020",15,"Homeownership_tertile_3_EQI_Air+SM+PA+OB","1.00(1.00,1.00)","1.04(0.97,1.12)","1.05(0.98,1.13)","1.10(1.01,1.19)","1.13(1.03,1.24)","0.2610","0.1768","0.0244","0.0098","1.0014","1.0016","1.0014","1.0000",2417,1994,1984,2195,3023,2806,3018,2853
"N00_N29_C64_C65","2000_2005","2016_2020",15,"Homeownership_tertile_3_EQI_Water+SM+PA+OB","1.00(1.00,1.00)","0.99(0.91,1.07)","1.02(0.93,1.11)","1.04(0.96,1.14)","1.04(0.94,1.14)","0.7355","0.7017","0.3251","0.4730","1.0017","1.0017","1.0006","1.0012",2185,2110,2205,2144,2679,2631,3122,2694
"N00_N29_C64_C65","2000_2005","2016_2020",15,"Homeownership_tertile_3_EQI_Land+SM+PA+OB","1.00(1.00,1.00)","0.97(0.90,1.03)","0.93(0.87,1.01)","0.87(0.80,0.95)","0.88(0.80,0.97)","0.2985","0.0656","0.0027","0.0106","0.9999","1.0014","1.0022","1.0032",3054,2434,2273,2377,3382,3264,3070,3015
"N00_N29_C64_C65","2000_2005","2016_2020",15,"Homeownership_tertile_3_EQI_Built+SM+PA+OB","1.00(1.00,1.00)","1.06(1.00,1.12)","1.09(1.03,1.16)","1.10(1.03,1.17)","1.06(0.98,1.15)","0.0531","0.0048","0.0040","0.1385","1.0008","1.0013","1.0020","1.0019",3155,2996,3124,2964,3702,3230,3541,3715
"N00_N29_C64_C65","2000_2005","2016_2020",15,"Homeownership_tertile_3_EQI_Social+SM+PA+OB","1.00(1.00,1.00)","0.92(0.85,1.00)","0.90(0.82,0.98)","0.96(0.87,1.05)","0.97(0.87,1.07)","0.0481","0.0160","0.3672","0.6130","1.0003","1.0016","1.0010","1.0009",2685,2471,2301,2045,3243,2746,3213,2966
"N00_N29_C64_C65","2000_2005","2021_2024",20,"Homeownership_tertile_3_EQI+SM+PA+OB","1.00(1.00,1.00)","1.10(1.02,1.19)","1.09(1.01,1.18)","1.18(1.08,1.28)","1.17(1.06,1.29)","0.0094","0.0352","0.0006","0.0015","1.0003","1.0012","1.0000","0.9999",2051,1768,1643,1605,3142,2711,2612,3069
"N00_N29_C64_C65","2000_2005","2021_2024",20,"Homeownership_tertile_3_EQI_Air+SM+PA+OB","1.00(1.00,1.00)","1.12(1.03,1.20)","1.14(1.05,1.23)","1.17(1.07,1.28)","1.20(1.08,1.32)","0.0073","0.0015","0.0015","0.0006","1.0003","1.0014","1.0015","1.0007",2417,2017,1931,2043,2955,2995,3037,3166
"N00_N29_C64_C65","2000_2005","2021_2024",20,"Homeownership_tertile_3_EQI_Water+SM+PA+OB","1.00(1.00,1.00)","0.96(0.87,1.07)","0.95(0.85,1.06)","1.03(0.93,1.14)","0.93(0.83,1.05)","0.4668","0.3301","0.5905","0.2522","1.0053","1.0054","1.0052","1.0037",1648,1765,1697,1925,2550,2630,2513,2706
"N00_N29_C64_C65","2000_2005","2021_2024",20,"Homeownership_tertile_3_EQI_Land+SM+PA+OB","1.00(1.00,1.00)","0.91(0.84,0.98)","0.93(0.86,1.01)","0.90(0.81,0.99)","0.94(0.85,1.04)","0.0181","0.0848","0.0252","0.2147","0.9999","1.0002","1.0011","0.9999",3213,2717,2584,2358,3739,2968,2968,3202
"N00_N29_C64_C65","2000_2005","2021_2024",20,"Homeownership_tertile_3_EQI_Built+SM+PA+OB","1.00(1.00,1.00)","1.13(1.07,1.21)","1.11(1.03,1.18)","1.08(1.00,1.17)","1.15(1.05,1.26)","0.0002","0.0052","0.0423","0.0023","1.0002","0.9998","1.0005","1.0007",2984,2846,2896,3052,3606,3174,3300,3112
"N00_N29_C64_C65","2000_2005","2021_2024",20,"Homeownership_tertile_3_EQI_Social+SM+PA+OB","1.00(1.00,1.00)","0.97(0.89,1.06)","0.93(0.84,1.02)","0.98(0.89,1.08)","0.97(0.86,1.09)","0.4768","0.1410","0.7355","0.5859","1.0008","1.0000","1.0007","1.0007",2856,2329,2151,1869,3244,3445,3029,2823
