ICD_Code,EQI_Period,AAMR_Period,Lag,Model,Q1,Q2,Q3,Q4,Q5,Q2_p,Q3_p,Q4_p,Q5_p,Q2_rhat,Q3_rhat,Q4_rhat,Q5_rhat,Q2_ess_bulk,Q3_ess_bulk,Q4_ess_bulk,Q5_ess_bulk,Q2_ess_tail,Q3_ess_tail,Q4_ess_tail,Q5_ess_tail
K70_K76_C22,2000_2005,2006_2010,5,Census_Region_1_EQI+SM+PA+OB,0.00,"0.50(-3.97,4.62)","0.94(-3.38,4.84)","1.31(-2.89,5.19)","2.07(-2.26,5.96)",0.8060,0.6451,0.5221,0.3272,1.0006,1.0008,1.0013,1.0009,1756,1707,1668,1667,2327,2219,2038,2173
"K70_K76_C22","2000_2005","2006_2010",5,"Census_Region_1_EQI_Air+SM+PA+OB","0.00","-1.51(-6.06,2.59)","0.14(-3.98,4.17)","-0.17(-4.38,3.71)","0.96(-3.13,4.72)","0.5021","0.9135","0.9620","0.6171","1.0004","1.0003","1.0013","1.0006",2038,1885,1910,1988,2724,2442,2290,2209
"K70_K76_C22","2000_2005","2006_2010",5,"Census_Region_1_EQI_Water+SM+PA+OB","0.00","1.03(-0.44,2.55)","1.36(-0.23,2.90)","1.06(-0.31,2.40)","1.38(-0.00,2.79)","0.1712","0.0857","0.1232","0.0507","0.9999","0.9997","1.0001","1.0010",3781,3371,2988,2797,3178,2793,3158,3137
"K70_K76_C22","2000_2005","2006_2010",5,"Census_Region_1_EQI_Land+SM+PA+OB","0.00","-0.20(-2.89,2.55)","-0.47(-2.99,2.12)","-0.80(-3.30,1.82)","-0.66(-3.18,1.92)","0.8695","0.6951","0.5061","0.5826","1.0009","1.0010","1.0008","1.0014",2027,1930,1952,2062,2434,2416,2387,2596
"K70_K76_C22","2000_2005","2006_2010",5,"Census_Region_1_EQI_Built+SM+PA+OB","0.00","3.03(-0.16,6.18)","1.38(-1.54,4.24)","2.77(-0.08,5.77)","3.41(0.56,6.36)","0.0627","0.3482","0.0572","0.0187","1.0012","0.9999","1.0006","1.0009",2450,2234,2201,2205,2797,2500,2833,2847
"K70_K76_C22","2000_2005","2006_2010",5,"Census_Region_1_EQI_Social+SM+PA+OB","0.00","-1.41(-3.66,0.94)","-3.10(-5.11,-1.05)","-3.26(-5.30,-1.23)","-3.22(-5.34,-1.07)","0.2387","0.0027","0.0027","0.0037","1.0017","1.0020","1.0035","1.0022",2965,2594,2508,2466,3274,3158,2548,2784
"K70_K76_C22","2000_2005","2011_2015",10,"Census_Region_1_EQI+SM+PA+OB","0.00","-3.06(-7.65,1.26)","-0.37(-4.56,3.49)","-0.14(-4.40,3.70)","0.81(-3.33,4.79)","0.1667","0.8875","0.9690","0.6711","1.0029","1.0022","1.0017","1.0020",1649,1486,1462,1451,2376,2043,1993,2213
"K70_K76_C22","2000_2005","2011_2015",10,"Census_Region_1_EQI_Air+SM+PA+OB","0.00","-3.21(-8.08,1.39)","-1.45(-6.07,2.97)","-1.19(-5.82,3.29)","0.55(-3.99,4.89)","0.1992","0.5766","0.6411","0.8240","1.0022","1.0013","1.0007","1.0007",1708,1638,1662,1666,2300,2153,2339,2286
"K70_K76_C22","2000_2005","2011_2015",10,"Census_Region_1_EQI_Water+SM+PA+OB","0.00","0.40(-1.07,1.87)","2.36(1.09,3.67)","1.22(0.06,2.34)","1.95(0.75,3.17)","0.5941","0.0007","0.0407","0.0032","1.0001","1.0000","1.0006","1.0002",3723,3475,2939,3001,3393,3159,3060,2881
"K70_K76_C22","2000_2005","2011_2015",10,"Census_Region_1_EQI_Land+SM+PA+OB","0.00","1.94(-0.69,4.53)","0.84(-1.61,3.31)","0.97(-1.48,3.41)","0.67(-1.86,3.17)","0.1447","0.5131","0.4376","0.6041","1.0012","1.0011","1.0011","1.0012",1746,1658,1600,1645,2381,2186,2091,2240
"K70_K76_C22","2000_2005","2011_2015",10,"Census_Region_1_EQI_Built+SM+PA+OB","0.00","2.94(0.13,5.62)","-0.33(-2.83,2.01)","1.49(-1.02,3.90)","1.68(-0.88,4.04)","0.0412","0.8080","0.2417","0.1932","1.0004","0.9999","0.9998","1.0004",1926,1759,1910,1847,2556,2465,2322,2415
"K70_K76_C22","2000_2005","2011_2015",10,"Census_Region_1_EQI_Social+SM+PA+OB","0.00","-0.25(-2.53,2.02)","-2.79(-4.86,-0.77)","-2.91(-5.00,-0.85)","-3.61(-5.68,-1.53)","0.8325","0.0067","0.0042","0.0007","1.0015","1.0009","1.0005","1.0000",2687,2468,2328,2329,3037,2838,2626,2804
"K70_K76_C22","2000_2005","2016_2020",15,"Census_Region_1_EQI+SM+PA+OB","0.00","-2.43(-6.12,1.80)","0.72(-2.54,4.64)","0.81(-2.46,4.70)","1.92(-1.35,5.80)","0.2287","0.7431","0.6881","0.2672","1.0023","1.0022","1.0024","1.0014",1538,1361,1349,1343,1836,1756,1489,1535
"K70_K76_C22","2000_2005","2016_2020",15,"Census_Region_1_EQI_Air+SM+PA+OB","0.00","-1.04(-4.81,3.06)","-1.14(-4.88,2.77)","0.69(-3.22,4.66)","0.75(-3.14,4.69)","0.5826","0.5556","0.7491","0.7121","1.0012","1.0025","1.0021","1.0022",1972,1807,1825,1799,2605,2273,2024,2112
"K70_K76_C22","2000_2005","2016_2020",15,"Census_Region_1_EQI_Water+SM+PA+OB","0.00","0.27(-1.11,1.71)","1.77(0.27,3.32)","1.97(0.61,3.31)","2.30(0.81,3.76)","0.7226","0.0207","0.0042","0.0022","1.0011","1.0002","1.0024","1.0002",3534,3454,2575,2643,2773,3286,2765,2812
"K70_K76_C22","2000_2005","2016_2020",15,"Census_Region_1_EQI_Land+SM+PA+OB","0.00","0.27(-2.39,2.88)","0.21(-2.31,2.69)","0.01(-2.50,2.49)","-0.12(-2.67,2.39)","0.8320","0.8700","0.9780","0.9420","1.0027","1.0014","1.0011","1.0009",1682,1506,1528,1671,2146,2194,2232,2088
"K70_K76_C22","2000_2005","2016_2020",15,"Census_Region_1_EQI_Built+SM+PA+OB","0.00","3.89(1.01,6.70)","1.74(-0.75,4.04)","3.79(1.28,6.11)","3.90(1.35,6.30)","0.0097","0.1702","0.0042","0.0027","1.0019","1.0015","1.0016","1.0013",2250,1945,1838,1911,3179,2868,2549,2549
"K70_K76_C22","2000_2005","2016_2020",15,"Census_Region_1_EQI_Social+SM+PA+OB","0.00","1.10(-1.17,3.31)","-0.70(-2.69,1.22)","-0.50(-2.50,1.42)","-1.10(-3.20,0.96)","0.3177","0.4921","0.6266","0.3027","1.0007","1.0011","1.0017","1.0016",2642,2460,2448,2359,2552,2856,2374,2648
"K70_K76_C22","2000_2005","2021_2024",20,"Census_Region_1_EQI+SM+PA+OB","0.00","-1.72(-7.06,3.66)","-2.71(-7.67,2.11)","-1.88(-6.69,3.09)","-2.96(-7.89,2.06)","0.5381","0.2827","0.4501","0.2352","1.0021","1.0009","1.0009","1.0011",2108,1825,1799,1811,2541,2390,2272,2275
"K70_K76_C22","2000_2005","2021_2024",20,"Census_Region_1_EQI_Air+SM+PA+OB","0.00","-0.03(-5.09,5.09)","-2.56(-7.23,2.21)","-0.82(-5.42,3.93)","-1.73(-6.23,2.92)","0.9790","0.2902","0.7186","0.4551","1.0004","1.0014","1.0017","1.0011",2916,2701,2771,2723,2904,1968,2388,2235
"K70_K76_C22","2000_2005","2021_2024",20,"Census_Region_1_EQI_Water+SM+PA+OB","0.00","1.28(-1.26,4.00)","3.43(0.41,6.48)","2.59(0.15,5.05)","3.29(0.61,5.96)","0.3572","0.0232","0.0357","0.0177","1.0003","1.0004","1.0008","1.0003",3780,3540,3334,4000,3249,2883,3030,3352
"K70_K76_C22","2000_2005","2021_2024",20,"Census_Region_1_EQI_Land+SM+PA+OB","0.00","0.03(-3.87,3.96)","-0.23(-3.84,3.47)","0.40(-3.25,4.11)","-0.35(-3.98,3.45)","1.0000","0.8900","0.8255","0.8405","1.0015","1.0025","1.0023","1.0022",2642,2445,2476,2429,2715,2632,2470,2779
"K70_K76_C22","2000_2005","2021_2024",20,"Census_Region_1_EQI_Built+SM+PA+OB","0.00","-1.09(-5.62,3.46)","-4.16(-7.76,-0.45)","-1.74(-5.42,1.96)","-2.20(-5.89,1.63)","0.6241","0.0277","0.3407","0.2332","1.0003","1.0019","1.0031","1.0034",3209,2635,2537,2479,2900,2612,2576,2364
"K70_K76_C22","2000_2005","2021_2024",20,"Census_Region_1_EQI_Social+SM+PA+OB","0.00","3.35(-0.19,6.91)","-0.18(-3.35,2.98)","0.60(-2.45,3.71)","-0.55(-3.83,2.73)","0.0652","0.9210","0.7116","0.7321","1.0007","0.9998","0.9997","0.9999",3407,3026,2930,2817,2921,2952,2788,2470
"K70_K76_C22","2000_2005","2006_2010",5,"Census_Region_2_EQI+SM+PA+OB","0.00","5.03(3.52,6.46)","5.60(4.21,6.95)","5.87(4.50,7.25)","7.60(6.10,9.04)","0.0002","0.0002","0.0002","0.0002","1.0011","1.0018","1.0026","1.0023",2196,1791,1723,1637,2394,2416,2293,2307
"K70_K76_C22","2000_2005","2006_2010",5,"Census_Region_2_EQI_Air+SM+PA+OB","0.00","2.51(1.24,3.77)","2.55(1.18,3.85)","3.68(2.19,5.05)","4.88(3.34,6.32)","0.0007","0.0002","0.0002","0.0002","1.0041","1.0035","1.0027","1.0022",837,1137,1017,1422,1405,2211,1797,1626
"K70_K76_C22","2000_2005","2006_2010",5,"Census_Region_2_EQI_Water+SM+PA+OB","0.00","-0.21(-1.70,1.21)","1.02(-0.51,2.53)","0.27(-1.22,1.66)","1.76(0.08,3.38)","0.8050","0.1917","0.6981","0.0387","1.0041","1.0022","1.0028","1.0031",976,1465,1270,1760,1993,2351,1870,2051
"K70_K76_C22","2000_2005","2006_2010",5,"Census_Region_2_EQI_Land+SM+PA+OB","0.00","0.88(-0.74,2.62)","1.41(-0.16,3.04)","0.84(-0.77,2.50)","1.21(-0.50,2.86)","0.3107","0.0817","0.3147","0.1702","1.0021","1.0021","1.0031","1.0042",2555,1959,1992,1906,2963,2656,2210,1910
"K70_K76_C22","2000_2005","2006_2010",5,"Census_Region_2_EQI_Built+SM+PA+OB","0.00","2.51(1.27,3.69)","2.22(1.02,3.40)","2.77(1.48,3.94)","4.25(2.95,5.46)","0.0002","0.0012","0.0002","0.0002","1.0013","1.0011","1.0019","1.0002",1123,990,914,1531,2062,2391,1571,2155
"K70_K76_C22","2000_2005","2006_2010",5,"Census_Region_2_EQI_Social+SM+PA+OB","0.00","-6.86(-9.28,-4.75)","-7.03(-9.40,-5.04)","-6.84(-9.19,-4.80)","-6.71(-9.01,-4.62)","0.0002","0.0002","0.0002","0.0002","1.0053","1.0061","1.0041","1.0035",415,413,460,671,1142,1232,1244,1329
"K70_K76_C22","2000_2005","2011_2015",10,"Census_Region_2_EQI+SM+PA+OB","0.00","5.14(3.69,6.60)","6.58(5.15,7.97)","6.66(5.21,8.03)","8.31(6.79,9.78)","0.0002","0.0002","0.0002","0.0002","1.0050","1.0038","1.0061","1.0079",2099,1399,1244,1260,2339,1945,1586,2144
"K70_K76_C22","2000_2005","2011_2015",10,"Census_Region_2_EQI_Air+SM+PA+OB","0.00","3.77(2.47,5.00)","3.21(1.93,4.47)","4.49(3.13,5.87)","5.99(4.54,7.54)","0.0002","0.0002","0.0002","0.0002","1.0007","1.0010","1.0004","1.0015",2363,2185,2024,1934,2574,2765,2193,2401
"K70_K76_C22","2000_2005","2011_2015",10,"Census_Region_2_EQI_Water+SM+PA+OB","0.00","0.06(-1.44,1.66)","-0.11(-1.73,1.71)","0.30(-1.13,1.82)","0.65(-0.96,2.46)","0.9565","0.8710","0.7076","0.4616","1.0011","1.0030","1.0021","1.0021",1645,1454,1821,1666,2398,2185,2353,2141
"K70_K76_C22","2000_2005","2011_2015",10,"Census_Region_2_EQI_Land+SM+PA+OB","0.00","1.52(-0.28,3.29)","1.78(0.02,3.49)","1.83(0.09,3.55)","2.16(0.33,3.93)","0.1072","0.0472","0.0392","0.0212","1.0029","1.0027","1.0024","1.0030",2062,1839,1750,1608,2423,2468,2247,2096
"K70_K76_C22","2000_2005","2011_2015",10,"Census_Region_2_EQI_Built+SM+PA+OB","0.00","3.20(1.96,4.47)","3.38(2.16,4.61)","4.39(3.16,5.66)","5.25(3.93,6.64)","0.0002","0.0002","0.0002","0.0002","1.0025","1.0047","1.0030","1.0043",2588,1883,2006,1835,2630,2118,2642,2725
"K70_K76_C22","2000_2005","2011_2015",10,"Census_Region_2_EQI_Social+SM+PA+OB","0.00","-1.80(-3.66,0.11)","-3.49(-5.22,-1.58)","-4.08(-5.85,-2.17)","-4.75(-6.72,-2.61)","0.0677","0.0002","0.0002","0.0002","1.0006","1.0011","1.0016","1.0007",1835,1591,1533,1693,2528,2135,2136,1995
"K70_K76_C22","2000_2005","2016_2020",15,"Census_Region_2_EQI+SM+PA+OB","0.00","6.98(5.27,8.63)","7.99(6.38,9.53)","7.90(6.24,9.46)","9.61(7.89,11.30)","0.0002","0.0002","0.0002","0.0002","1.0018","1.0030","1.0019","1.0017",1912,1466,1269,1257,2387,2115,1943,2089
"K70_K76_C22","2000_2005","2016_2020",15,"Census_Region_2_EQI_Air+SM+PA+OB","0.00","2.71(1.24,4.16)","2.48(0.94,4.00)","3.69(2.01,5.38)","4.61(2.80,6.43)","0.0002","0.0017","0.0002","0.0002","1.0017","1.0026","1.0035","1.0023",2404,2385,2229,2176,2758,2673,2774,2609
"K70_K76_C22","2000_2005","2016_2020",15,"Census_Region_2_EQI_Water+SM+PA+OB","0.00","2.26(0.41,4.06)","3.48(1.48,5.37)","2.62(0.71,4.41)","3.65(1.52,5.83)","0.0192","0.0012","0.0102","0.0017","1.0040","1.0037","1.0008","1.0022",2301,2022,2016,2140,2278,1864,2184,2273
"K70_K76_C22","2000_2005","2016_2020",15,"Census_Region_2_EQI_Land+SM+PA+OB","0.00","2.47(0.49,4.38)","1.16(-0.71,3.02)","1.74(-0.21,3.77)","2.00(0.05,3.95)","0.0152","0.2347","0.0827","0.0427","1.0007","1.0011","1.0015","1.0024",2540,2132,2208,2082,2855,2543,2787,2558
"K70_K76_C22","2000_2005","2016_2020",15,"Census_Region_2_EQI_Built+SM+PA+OB","0.00","2.58(1.11,4.04)","3.21(1.78,4.63)","4.20(2.72,5.71)","5.50(3.90,7.11)","0.0012","0.0002","0.0002","0.0002","1.0012","1.0027","1.0026","1.0032",2477,2370,2310,2303,2662,2481,2321,2287
"K70_K76_C22","2000_2005","2016_2020",15,"Census_Region_2_EQI_Social+SM+PA+OB","0.00","-3.53(-5.70,-1.31)","-5.24(-7.33,-3.21)","-4.96(-7.13,-2.79)","-4.99(-7.32,-2.65)","0.0012","0.0002","0.0002","0.0002","1.0009","1.0007","1.0022","1.0030",2345,1948,1852,1768,2650,2416,2547,2687
"K70_K76_C22","2000_2005","2021_2024",20,"Census_Region_2_EQI+SM+PA+OB","0.00","4.69(1.99,7.40)","6.77(4.20,9.38)","6.74(4.13,9.40)","8.11(5.33,11.04)","0.0002","0.0002","0.0002","0.0002","1.0026","1.0026","1.0021","1.0021",2245,1713,1531,1656,3088,2772,2317,2340
"K70_K76_C22","2000_2005","2021_2024",20,"Census_Region_2_EQI_Air+SM+PA+OB","0.00","4.67(2.43,6.85)","3.52(1.10,5.87)","5.45(2.87,8.04)","5.80(3.06,8.56)","0.0002","0.0067","0.0002","0.0002","1.0005","1.0012","1.0014","1.0026",2495,2255,2069,2038,3012,2634,2694,2514
"K70_K76_C22","2000_2005","2021_2024",20,"Census_Region_2_EQI_Water+SM+PA+OB","0.00","0.33(-2.42,3.00)","1.15(-1.77,4.05)","1.06(-1.77,3.80)","2.11(-0.92,5.29)","0.8235","0.4416","0.4561","0.1817","1.0006","1.0002","1.0013","1.0015",1911,1887,1912,1893,2746,2493,2395,2277
"K70_K76_C22","2000_2005","2021_2024",20,"Census_Region_2_EQI_Land+SM+PA+OB","0.00","2.08(-0.96,5.05)","1.32(-1.58,4.30)","0.76(-2.17,3.84)","1.18(-1.87,4.20)","0.1902","0.3812","0.6246","0.4506","1.0006","1.0022","1.0007","1.0005",2336,2181,1998,1909,2877,2604,2565,2649
"K70_K76_C22","2000_2005","2021_2024",20,"Census_Region_2_EQI_Built+SM+PA+OB","0.00","2.70(0.52,4.90)","3.52(1.33,5.68)","5.01(2.73,7.17)","7.10(4.79,9.48)","0.0152","0.0032","0.0002","0.0002","1.0006","1.0010","1.0019","1.0022",2645,2484,2459,2427,3017,2987,2626,2807
"K70_K76_C22","2000_2005","2021_2024",20,"Census_Region_2_EQI_Social+SM+PA+OB","0.00","-4.39(-7.59,-1.12)","-7.89(-10.91,-4.88)","-7.34(-10.41,-4.22)","-7.65(-11.16,-4.19)","0.0057","0.0002","0.0002","0.0002","1.0008","1.0017","1.0016","1.0025",2216,1923,1814,1817,2686,2660,2352,2261
"K70_K76_C22","2000_2005","2006_2010",5,"Census_Region_3_EQI+SM+PA+OB","0.00","2.74(1.70,3.78)","2.79(1.68,3.90)","3.55(2.25,4.83)","4.40(2.77,6.07)","0.0002","0.0002","0.0002","0.0002","1.0008","1.0015","1.0007","1.0016",2118,1888,1847,1839,2673,2653,2314,2474
"K70_K76_C22","2000_2005","2006_2010",5,"Census_Region_3_EQI_Air+SM+PA+OB","0.00","3.72(2.24,5.26)","4.68(3.17,6.21)","4.30(2.72,5.88)","5.09(3.41,6.81)","0.0002","0.0002","0.0002","0.0002","1.0005","1.0003","1.0001","0.9998",1849,1561,1550,1568,2452,2074,2074,2167
"K70_K76_C22","2000_2005","2006_2010",5,"Census_Region_3_EQI_Water+SM+PA+OB","0.00","-0.36(-1.63,0.97)","0.23(-1.09,1.54)","1.64(0.21,3.11)","-0.66(-2.10,0.86)","0.5781","0.7421","0.0212","0.3777","0.9999","1.0002","1.0007","1.0017",1748,1573,1538,1455,2150,2488,1911,2613
"K70_K76_C22","2000_2005","2006_2010",5,"Census_Region_3_EQI_Land+SM+PA+OB","0.00","-0.05(-0.82,0.75)","0.25(-0.68,1.17)","-1.74(-3.05,-0.47)","-0.58(-2.25,1.15)","0.9105","0.5891","0.0097","0.5156","1.0035","1.0015","0.9998","1.0001",3196,3211,3008,3216,3116,3089,2714,3023
"K70_K76_C22","2000_2005","2006_2010",5,"Census_Region_3_EQI_Built+SM+PA+OB","0.00","1.88(0.91,2.80)","2.34(1.29,3.35)","2.76(1.67,3.80)","3.64(2.43,4.84)","0.0002","0.0002","0.0002","0.0002","1.0006","1.0002","1.0002","1.0007",2784,2349,2086,2267,2747,2435,2735,2725
"K70_K76_C22","2000_2005","2006_2010",5,"Census_Region_3_EQI_Social+SM+PA+OB","0.00","-1.18(-2.10,-0.22)","-0.95(-2.12,0.22)","-0.95(-2.25,0.39)","-2.14(-3.78,-0.55)","0.0117","0.1137","0.1532","0.0102","1.0005","1.0007","1.0007","1.0016",2392,2015,1976,1642,2589,2443,2599,2105
"K70_K76_C22","2000_2005","2011_2015",10,"Census_Region_3_EQI+SM+PA+OB","0.00","3.23(2.14,4.33)","3.79(2.57,4.99)","4.81(3.34,6.19)","5.57(3.80,7.37)","0.0002","0.0002","0.0002","0.0002","1.0007","1.0006","1.0008","1.0005",2211,1961,1866,1649,2600,2381,2526,2402
"K70_K76_C22","2000_2005","2011_2015",10,"Census_Region_3_EQI_Air+SM+PA+OB","0.00","2.84(1.11,4.56)","3.71(1.98,5.40)","3.84(2.00,5.58)","4.95(3.03,6.83)","0.0027","0.0002","0.0002","0.0002","1.0009","1.0024","1.0017","1.0009",1683,1433,1362,1261,2440,2065,2133,2158
"K70_K76_C22","2000_2005","2011_2015",10,"Census_Region_3_EQI_Water+SM+PA+OB","0.00","-0.06(-1.61,1.50)","0.20(-1.40,1.79)","1.58(-0.18,3.33)","0.97(-0.82,2.82)","0.9445","0.8115","0.0747","0.2942","1.0052","1.0058","1.0069","1.0041",1238,1283,1391,1518,2401,2553,2394,2172
"K70_K76_C22","2000_2005","2011_2015",10,"Census_Region_3_EQI_Land+SM+PA+OB","0.00","0.57(-0.31,1.44)","0.52(-0.53,1.58)","-0.45(-2.03,1.16)","-0.14(-2.13,1.79)","0.2082","0.3427","0.5776","0.9110","1.0011","1.0020","1.0013","1.0012",2880,2965,3200,2633,2983,3129,3132,2681
"K70_K76_C22","2000_2005","2011_2015",10,"Census_Region_3_EQI_Built+SM+PA+OB","0.00","1.52(0.47,2.61)","2.77(1.65,3.87)","3.37(2.16,4.61)","4.08(2.68,5.53)","0.0037","0.0002","0.0002","0.0002","1.0021","1.0001","1.0000","1.0004",2645,2136,1999,2076,3115,3009,2673,2773
"K70_K76_C22","2000_2005","2011_2015",10,"Census_Region_3_EQI_Social+SM+PA+OB","0.00","-0.83(-1.91,0.23)","-0.62(-1.92,0.66)","-0.68(-2.27,0.87)","-1.89(-3.79,-0.04)","0.1327","0.3437","0.3822","0.0442","1.0010","1.0015","1.0012","1.0008",2194,1932,1849,1714,2701,2649,2605,2309
"K70_K76_C22","2000_2005","2016_2020",15,"Census_Region_3_EQI+SM+PA+OB","0.00","2.45(1.34,3.52)","2.60(1.35,3.80)","3.48(2.07,4.90)","3.27(1.45,5.15)","0.0002","0.0002","0.0002","0.0002","1.0022","1.0040","1.0040","1.0036",1916,1728,1462,1473,2500,2573,2417,2299
"K70_K76_C22","2000_2005","2016_2020",15,"Census_Region_3_EQI_Air+SM+PA+OB","0.00","3.17(1.51,4.91)","3.60(1.94,5.30)","3.85(2.12,5.58)","4.48(2.55,6.37)","0.0002","0.0002","0.0002","0.0002","1.0023","1.0019","1.0015","1.0022",1827,1687,1609,1521,2582,2239,2244,2204
"K70_K76_C22","2000_2005","2016_2020",15,"Census_Region_3_EQI_Water+SM+PA+OB","0.00","1.48(0.04,3.00)","1.97(0.48,3.49)","3.24(1.63,4.85)","1.39(-0.28,3.14)","0.0432","0.0102","0.0002","0.1067","1.0004","1.0001","1.0004","1.0007",1766,1679,1649,1780,2474,2628,2678,2767
"K70_K76_C22","2000_2005","2016_2020",15,"Census_Region_3_EQI_Land+SM+PA+OB","0.00","0.93(0.02,1.81)","0.26(-0.78,1.32)","-2.36(-3.83,-0.87)","-0.46(-2.39,1.53)","0.0432","0.6461","0.0017","0.6436","1.0012","1.0006","1.0004","1.0009",3271,2988,3701,3186,2796,3026,3112,2916
"K70_K76_C22","2000_2005","2016_2020",15,"Census_Region_3_EQI_Built+SM+PA+OB","0.00","1.48(0.40,2.55)","2.47(1.31,3.58)","2.95(1.78,4.13)","4.15(2.80,5.47)","0.0077","0.0002","0.0002","0.0002","1.0008","1.0014","1.0008","1.0011",2643,1930,1792,2138,2972,3010,2733,2727
"K70_K76_C22","2000_2005","2016_2020",15,"Census_Region_3_EQI_Social+SM+PA+OB","0.00","-1.53(-2.54,-0.50)","-1.46(-2.71,-0.23)","-1.95(-3.42,-0.52)","-2.80(-4.54,-1.01)","0.0047","0.0192","0.0082","0.0027","1.0015","1.0025","1.0016","1.0019",2230,1777,1733,1694,2423,2769,2202,2166
"K70_K76_C22","2000_2005","2021_2024",20,"Census_Region_3_EQI+SM+PA+OB","0.00","4.23(2.63,5.76)","3.95(2.20,5.63)","4.09(2.07,5.97)","3.67(1.13,6.08)","0.0002","0.0002","0.0002","0.0037","1.0003","1.0007","1.0009","1.0015",3013,2334,2254,2128,3087,3001,2896,2693
"K70_K76_C22","2000_2005","2021_2024",20,"Census_Region_3_EQI_Air+SM+PA+OB","0.00","5.62(3.16,7.98)","5.83(3.40,8.13)","4.98(2.46,7.30)","5.02(2.29,7.58)","0.0002","0.0002","0.0002","0.0002","1.0014","1.0006","1.0017","1.0025",1626,1808,1454,1410,2827,2744,2519,2480
"K70_K76_C22","2000_2005","2021_2024",20,"Census_Region_3_EQI_Water+SM+PA+OB","0.00","1.39(-0.65,3.49)","1.23(-0.95,3.39)","4.19(1.88,6.52)","0.97(-1.47,3.35)","0.2032","0.2682","0.0002","0.4221","1.0021","1.0031","1.0031","1.0025",2124,1931,1892,2129,2747,2611,2294,2270
"K70_K76_C22","2000_2005","2021_2024",20,"Census_Region_3_EQI_Land+SM+PA+OB","0.00","2.04(0.76,3.30)","1.81(0.32,3.33)","-0.82(-2.96,1.31)","1.51(-1.27,4.28)","0.0017","0.0167","0.4591","0.3157","1.0002","1.0018","0.9999","1.0001",4391,3936,4487,4542,3414,3142,3014,3198
"K70_K76_C22","2000_2005","2021_2024",20,"Census_Region_3_EQI_Built+SM+PA+OB","0.00","2.64(1.11,4.25)","3.63(2.02,5.33)","5.42(3.65,7.28)","5.76(3.81,7.78)","0.0007","0.0002","0.0002","0.0002","1.0015","1.0013","1.0029","1.0010",3111,2619,2273,2171,2969,2631,2563,2883
"K70_K76_C22","2000_2005","2021_2024",20,"Census_Region_3_EQI_Social+SM+PA+OB","0.00","-1.37(-2.97,0.18)","-1.84(-3.70,0.04)","-3.58(-5.75,-1.39)","-4.19(-6.80,-1.58)","0.0847","0.0557","0.0007","0.0012","1.0002","1.0010","1.0012","1.0016",2599,2259,2016,1772,3082,2199,2649,2186
"K70_K76_C22","2000_2005","2006_2010",5,"Census_Region_4_EQI+SM+PA+OB","0.00","5.27(2.32,8.13)","5.15(2.21,8.00)","6.14(3.02,9.31)","6.85(3.61,10.09)","0.0007","0.0002","0.0002","0.0002","1.0026","1.0021","1.0025","1.0024",2286,2071,1977,2044,2749,2588,2727,2701
"K70_K76_C22","2000_2005","2006_2010",5,"Census_Region_4_EQI_Air+SM+PA+OB","0.00","5.81(3.42,8.19)","2.48(-0.43,5.27)","2.89(0.10,5.52)","3.52(0.35,6.52)","0.0002","0.0897","0.0437","0.0297","1.0018","1.0016","1.0006","1.0002",3350,3022,2963,2959,2805,2852,2829,2899
"K70_K76_C22","2000_2005","2006_2010",5,"Census_Region_4_EQI_Water+SM+PA+OB","0.00","-2.19(-6.23,1.91)","-0.58(-4.86,3.62)","1.66(-2.53,5.62)","1.32(-2.40,4.91)","0.2892","0.7981","0.4156","0.4661","1.0008","1.0009","1.0016","1.0015",1745,1441,1664,1641,2241,2220,2452,2230
"K70_K76_C22","2000_2005","2006_2010",5,"Census_Region_4_EQI_Land+SM+PA+OB","0.00","2.95(-2.03,8.02)","3.10(-1.00,7.03)","1.76(-2.07,5.64)","1.39(-2.58,5.13)","0.2422","0.1262","0.3602","0.4681","1.0011","1.0022","1.0029","1.0026",1821,1881,1561,1597,2894,2969,2376,2050
"K70_K76_C22","2000_2005","2006_2010",5,"Census_Region_4_EQI_Built+SM+PA+OB","0.00","5.25(2.16,8.29)","7.48(4.39,10.68)","4.93(2.09,7.84)","6.70(3.75,9.73)","0.0017","0.0002","0.0017","0.0002","1.0009","1.0009","1.0025","1.0027",2799,1880,1981,1788,2821,2566,2444,2421
"K70_K76_C22","2000_2005","2006_2010",5,"Census_Region_4_EQI_Social+SM+PA+OB","0.00","-2.43(-5.19,0.31)","-2.92(-5.79,-0.12)","-2.18(-5.27,0.73)","-1.52(-4.98,1.83)","0.0862","0.0422","0.1592","0.3797","1.0003","1.0007","1.0001","1.0006",2449,1978,2142,2043,2511,2444,2849,2672
"K70_K76_C22","2000_2005","2011_2015",10,"Census_Region_4_EQI+SM+PA+OB","0.00","6.16(2.94,9.47)","5.21(1.97,8.50)","6.61(3.09,10.03)","7.30(3.71,10.82)","0.0007","0.0022","0.0007","0.0002","1.0006","1.0011","1.0009","1.0016",2014,1731,1568,1488,2559,2753,2227,2298
"K70_K76_C22","2000_2005","2011_2015",10,"Census_Region_4_EQI_Air+SM+PA+OB","0.00","5.00(2.29,7.76)","1.78(-1.45,4.89)","2.55(-0.62,5.62)","3.93(0.42,7.42)","0.0002","0.2822","0.1077","0.0262","1.0005","1.0011","1.0018","1.0003",3721,3121,3231,3129,3210,2993,3400,2784
"K70_K76_C22","2000_2005","2011_2015",10,"Census_Region_4_EQI_Water+SM+PA+OB","0.00","-4.35(-8.58,-0.20)","-0.02(-4.21,3.91)","2.98(-1.28,7.10)","1.14(-2.67,4.74)","0.0422","0.9965","0.1752","0.5356","1.0020","1.0014","1.0020","1.0022",1829,2002,1723,1781,1931,2248,2135,2110
"K70_K76_C22","2000_2005","2011_2015",10,"Census_Region_4_EQI_Land+SM+PA+OB","0.00","5.73(0.18,11.24)","3.19(-0.97,7.23)","1.52(-2.54,5.30)","1.33(-2.78,5.28)","0.0427","0.1322","0.4286","0.4851","1.0020","1.0012","1.0001","1.0002",1804,1957,1773,1972,2800,2066,2024,1808
"K70_K76_C22","2000_2005","2011_2015",10,"Census_Region_4_EQI_Built+SM+PA+OB","0.00","7.01(3.62,10.22)","9.03(5.72,12.26)","7.71(4.44,10.74)","9.22(6.01,12.43)","0.0002","0.0002","0.0002","0.0002","1.0011","1.0010","1.0020","1.0012",2370,2677,2295,2503,2942,2877,2692,2450
"K70_K76_C22","2000_2005","2011_2015",10,"Census_Region_4_EQI_Social+SM+PA+OB","0.00","-0.91(-3.92,2.03)","-4.41(-7.50,-1.50)","-3.62(-6.87,-0.38)","-2.69(-6.43,1.06)","0.5416","0.0047","0.0322","0.1577","1.0000","1.0003","1.0013","1.0011",3242,2412,2542,1983,3197,2869,2813,2378
"K70_K76_C22","2000_2005","2016_2020",15,"Census_Region_4_EQI+SM+PA+OB","0.00","7.23(3.63,10.98)","5.24(1.44,8.96)","6.82(2.87,10.84)","7.45(3.45,11.33)","0.0007","0.0072","0.0007","0.0002","1.0009","1.0005","1.0002","1.0029",2576,2226,2121,2090,2913,2778,2783,2685
"K70_K76_C22","2000_2005","2016_2020",15,"Census_Region_4_EQI_Air+SM+PA+OB","0.00","5.37(2.20,8.35)","0.96(-2.72,4.45)","2.16(-1.40,5.61)","3.17(-0.70,7.05)","0.0012","0.5846","0.2222","0.1102","1.0001","1.0004","1.0013","0.9997",3198,3456,3159,3271,2730,3021,2912,2955
"K70_K76_C22","2000_2005","2016_2020",15,"Census_Region_4_EQI_Water+SM+PA+OB","0.00","-4.91(-9.80,-0.10)","2.02(-2.52,6.59)","6.62(1.57,11.17)","1.98(-2.22,5.76)","0.0447","0.3897","0.0117","0.3202","1.0023","1.0017","1.0046","1.0032",2094,2257,1625,1679,2734,2610,2306,2104
"K70_K76_C22","2000_2005","2016_2020",15,"Census_Region_4_EQI_Land+SM+PA+OB","0.00","6.49(0.43,12.41)","3.33(-1.29,7.70)","2.96(-1.33,7.10)","0.20(-4.01,4.32)","0.0352","0.1477","0.1657","0.9255","1.0015","1.0022","1.0021","1.0029",2284,2128,1999,2014,2767,2462,2162,1899
"K70_K76_C22","2000_2005","2016_2020",15,"Census_Region_4_EQI_Built+SM+PA+OB","0.00","6.26(2.45,10.16)","9.71(5.99,13.43)","8.97(5.21,12.46)","9.98(6.30,13.57)","0.0017","0.0002","0.0002","0.0002","0.9999","1.0004","1.0005","1.0009",3191,2891,2636,2545,2864,2638,2922,2767
"K70_K76_C22","2000_2005","2016_2020",15,"Census_Region_4_EQI_Social+SM+PA+OB","0.00","-2.89(-6.28,0.48)","-5.79(-9.26,-2.38)","-5.45(-9.22,-1.73)","-2.80(-7.15,1.45)","0.0882","0.0002","0.0022","0.1997","1.0001","1.0006","1.0003","1.0002",3346,2613,2606,2398,3092,2740,2830,2708
"K70_K76_C22","2000_2005","2021_2024",20,"Census_Region_4_EQI+SM+PA+OB","0.00","4.78(0.05,9.49)","4.90(0.23,9.58)","5.30(0.15,10.13)","4.49(-0.54,9.33)","0.0477","0.0407","0.0457","0.0857","1.0002","1.0012","1.0012","1.0002",2805,2530,2321,2022,2986,2833,2680,2363
"K70_K76_C22","2000_2005","2021_2024",20,"Census_Region_4_EQI_Air+SM+PA+OB","0.00","6.78(2.43,11.02)","0.76(-4.22,5.61)","1.71(-2.95,6.17)","1.37(-3.77,6.65)","0.0017","0.7556","0.4596","0.6051","0.9994","1.0011","1.0009","1.0007",3008,2977,3364,3302,3173,2853,3069,3306
"K70_K76_C22","2000_2005","2021_2024",20,"Census_Region_4_EQI_Water+SM+PA+OB","0.00","-7.68(-13.52,-1.60)","-0.24(-6.14,5.51)","6.47(0.63,12.23)","2.02(-3.24,7.30)","0.0112","0.9440","0.0307","0.4536","0.9998","1.0005","1.0007","1.0008",2479,2431,2329,2014,2643,3056,2715,2725
"K70_K76_C22","2000_2005","2021_2024",20,"Census_Region_4_EQI_Land+SM+PA+OB","0.00","6.18(-1.59,14.10)","4.58(-1.34,10.33)","-0.60(-6.22,4.50)","-0.29(-5.71,4.97)","0.1137","0.1307","0.8430","0.9085","1.0011","1.0011","1.0014","1.0023",2710,2063,1773,1778,2876,2560,2240,2386
"K70_K76_C22","2000_2005","2021_2024",20,"Census_Region_4_EQI_Built+SM+PA+OB","0.00","5.70(0.79,10.76)","6.15(1.33,10.88)","6.71(2.01,11.40)","7.47(2.86,12.26)","0.0277","0.0102","0.0057","0.0002","1.0009","1.0004","0.9996","0.9996",3137,2514,2869,2536,2852,2872,3223,2648
"K70_K76_C22","2000_2005","2021_2024",20,"Census_Region_4_EQI_Social+SM+PA+OB","0.00","-1.81(-6.42,2.64)","-6.43(-10.88,-1.98)","-3.85(-8.65,1.15)","-3.35(-8.94,2.29)","0.4401","0.0022","0.1157","0.2272","1.0015","1.0003","1.0009","1.0019",3146,2685,2311,2198,3224,2867,2748,2668
"K70_K76_C22","2000_2005","2006_2010",5,"koppen_major_B_EQI+SM+PA+OB","0.00","4.56(1.39,7.59)","4.88(1.42,8.11)","8.39(4.51,12.15)","8.54(4.05,12.97)","0.0072","0.0067","0.0002","0.0012","1.0014","1.0002","1.0006","1.0005",2594,2434,2640,2613,3007,2940,3268,2785
"K70_K76_C22","2000_2005","2006_2010",5,"koppen_major_B_EQI_Air+SM+PA+OB","0.00","4.13(1.13,7.18)","1.52(-1.97,5.03)","3.58(-0.30,7.33)","4.46(-0.84,9.56)","0.0087","0.3957","0.0692","0.0952","1.0000","1.0015","1.0010","1.0000",3892,4328,4057,4755,3061,3298,2980,2857
"K70_K76_C22","2000_2005","2006_2010",5,"koppen_major_B_EQI_Water+SM+PA+OB","0.00","-2.33(-6.34,1.51)","4.04(-0.17,8.03)","2.81(-1.04,6.56)","3.48(-0.16,7.25)","0.2362","0.0602","0.1452","0.0662","1.0004","0.9996","0.9998","1.0003",2806,2924,2385,2387,3086,2984,2944,2873
"K70_K76_C22","2000_2005","2006_2010",5,"koppen_major_B_EQI_Land+SM+PA+OB","0.00","0.85(-3.47,5.10)","0.91(-3.23,5.06)","-1.16(-5.33,3.04)","-1.28(-5.74,3.35)","0.6816","0.6601","0.5716","0.5571","1.0008","1.0004","1.0005","1.0007",2710,2525,2463,2420,2844,2703,2325,2414
"K70_K76_C22","2000_2005","2006_2010",5,"koppen_major_B_EQI_Built+SM+PA+OB","0.00","4.81(1.56,7.89)","6.78(3.21,10.27)","4.19(0.86,7.45)","5.77(1.93,9.46)","0.0052","0.0007","0.0157","0.0047","1.0000","1.0006","1.0008","1.0009",3687,3604,3497,2716,3025,3375,3246,2893
"K70_K76_C22","2000_2005","2006_2010",5,"koppen_major_B_EQI_Social+SM+PA+OB","0.00","-3.87(-7.02,-0.59)","-4.50(-7.87,-1.24)","-3.58(-7.33,0.14)","-2.16(-6.85,2.85)","0.0187","0.0057","0.0587","0.3827","1.0023","1.0014","1.0013","1.0002",3618,2817,2628,2945,3095,2859,2947,3169
"K70_K76_C22","2000_2005","2011_2015",10,"koppen_major_B_EQI+SM+PA+OB","0.00","5.89(2.50,9.23)","7.00(3.47,10.44)","9.78(5.65,13.96)","9.31(4.37,14.09)","0.0017","0.0002","0.0002","0.0007","1.0016","1.0014","1.0012","1.0010",3562,3278,2724,2949,3239,3258,2866,3129
"K70_K76_C22","2000_2005","2011_2015",10,"koppen_major_B_EQI_Air+SM+PA+OB","0.00","4.10(0.96,7.20)","1.24(-2.47,5.03)","2.36(-1.66,6.22)","4.20(-1.15,9.70)","0.0077","0.5271","0.2337","0.1317","1.0009","1.0004","1.0016","1.0018",4044,4133,3754,4313,2870,3222,2966,3250
"K70_K76_C22","2000_2005","2011_2015",10,"koppen_major_B_EQI_Water+SM+PA+OB","0.00","-1.73(-5.93,2.45)","4.02(-0.29,8.40)","3.60(-0.45,7.56)","3.91(0.22,7.77)","0.4236","0.0692","0.0872","0.0397","1.0013","1.0004","1.0017","1.0006",2701,2470,1895,1989,2815,3093,2293,2334
"K70_K76_C22","2000_2005","2011_2015",10,"koppen_major_B_EQI_Land+SM+PA+OB","0.00","3.40(-1.14,7.91)","1.21(-2.85,5.46)","-0.99(-5.24,3.31)","-1.09(-5.72,3.60)","0.1457","0.5816","0.6471","0.6361","1.0004","1.0008","1.0014","1.0002",2503,2284,2215,2412,2913,2900,2731,2448
"K70_K76_C22","2000_2005","2011_2015",10,"koppen_major_B_EQI_Built+SM+PA+OB","0.00","7.35(3.78,10.94)","9.79(5.96,13.48)","7.32(3.71,10.87)","9.40(5.45,13.45)","0.0002","0.0002","0.0007","0.0002","1.0016","1.0010","1.0015","1.0015",3543,3343,3157,2881,3046,2776,2799,2860
"K70_K76_C22","2000_2005","2011_2015",10,"koppen_major_B_EQI_Social+SM+PA+OB","0.00","-2.62(-6.10,0.80)","-5.82(-9.40,-2.04)","-4.98(-9.06,-0.68)","-4.53(-9.55,0.75)","0.1337","0.0022","0.0212","0.0947","1.0036","1.0042","1.0026","1.0026",2875,2441,2375,2440,3224,2667,3093,2682
"K70_K76_C22","2000_2005","2016_2020",15,"koppen_major_B_EQI+SM+PA+OB","0.00","5.80(1.90,9.63)","6.30(2.23,10.36)","8.98(4.36,13.52)","9.02(3.58,14.43)","0.0022","0.0022","0.0002","0.0012","1.0018","1.0003","1.0005","0.9997",3359,2761,2290,2656,2888,2687,2418,2712
"K70_K76_C22","2000_2005","2016_2020",15,"koppen_major_B_EQI_Air+SM+PA+OB","0.00","5.16(1.35,8.76)","1.26(-2.94,5.61)","3.14(-1.62,7.68)","3.75(-2.68,9.80)","0.0092","0.5816","0.1882","0.2427","1.0017","1.0008","1.0027","1.0009",6930,5329,5209,5576,2752,3409,2791,3141
"K70_K76_C22","2000_2005","2016_2020",15,"koppen_major_B_EQI_Water+SM+PA+OB","0.00","-4.92(-10.01,0.06)","4.68(-0.31,9.68)","7.12(2.35,11.95)","3.83(-0.92,8.34)","0.0537","0.0722","0.0022","0.1147","1.0002","1.0007","1.0012","1.0004",3782,3326,3016,3173,3522,3053,3282,2982
"K70_K76_C22","2000_2005","2016_2020",15,"koppen_major_B_EQI_Land+SM+PA+OB","0.00","4.07(-0.78,9.04)","1.70(-2.98,6.59)","1.55(-3.38,6.60)","-1.28(-6.54,4.09)","0.1122","0.4911","0.5331","0.6326","1.0008","1.0029","1.0004","1.0001",3549,3251,3204,3228,3007,3157,3449,2786
"K70_K76_C22","2000_2005","2016_2020",15,"koppen_major_B_EQI_Built+SM+PA+OB","0.00","4.63(0.60,8.62)","6.47(2.29,10.68)","5.71(1.54,9.74)","8.29(3.64,12.63)","0.0222","0.0052","0.0047","0.0002","0.9999","1.0000","1.0012","1.0003",4596,4149,4372,3602,3146,2901,3078,3331
"K70_K76_C22","2000_2005","2016_2020",15,"koppen_major_B_EQI_Social+SM+PA+OB","0.00","-1.54(-5.32,2.28)","-5.20(-9.39,-1.11)","-4.95(-9.49,-0.40)","-0.78(-6.39,4.99)","0.4371","0.0147","0.0312","0.7881","1.0001","1.0015","1.0004","1.0017",3845,3043,3351,3299,2913,3361,3297,3154
"K70_K76_C22","2000_2005","2021_2024",20,"koppen_major_B_EQI+SM+PA+OB","0.00","6.02(0.26,11.58)","1.76(-3.83,7.55)","7.30(0.86,13.96)","5.33(-1.97,12.77)","0.0407","0.5586","0.0207","0.1542","1.0005","1.0010","1.0014","1.0024",4527,3693,3668,4004,3169,3300,3125,2937
"K70_K76_C22","2000_2005","2021_2024",20,"koppen_major_B_EQI_Air+SM+PA+OB","0.00","3.21(-2.13,8.83)","-1.48(-7.55,4.51)","2.36(-4.27,9.15)","1.84(-6.05,9.74)","0.2557","0.6461","0.4896","0.6391","1.0009","1.0018","1.0020","1.0002",4131,4000,4529,5650,2727,3257,2605,3254
"K70_K76_C22","2000_2005","2021_2024",20,"koppen_major_B_EQI_Water+SM+PA+OB","0.00","-6.60(-13.06,-0.32)","3.39(-3.31,10.05)","6.54(0.59,12.69)","2.84(-3.00,8.67)","0.0392","0.3072","0.0347","0.3527","1.0010","1.0020","1.0023","1.0006",3673,3019,3511,3547,2908,3027,2843,2763
"K70_K76_C22","2000_2005","2021_2024",20,"koppen_major_B_EQI_Land+SM+PA+OB","0.00","5.79(-0.58,12.24)","2.72(-3.43,8.74)","-1.96(-8.10,4.21)","-0.99(-7.44,5.40)","0.0722","0.3747","0.5376","0.7611","1.0015","1.0012","1.0007","1.0001",3623,3016,2762,3153,3019,2936,3078,2824
"K70_K76_C22","2000_2005","2021_2024",20,"koppen_major_B_EQI_Built+SM+PA+OB","0.00","6.18(0.22,11.98)","6.93(0.79,13.03)","6.25(0.27,12.27)","6.78(0.51,13.46)","0.0412","0.0277","0.0392","0.0337","0.9999","1.0017","1.0014","1.0010",3729,3421,3936,3035,3043,2843,2850,2790
"K70_K76_C22","2000_2005","2021_2024",20,"koppen_major_B_EQI_Social+SM+PA+OB","0.00","-1.93(-7.49,3.75)","-7.81(-13.34,-2.38)","-2.89(-9.14,3.34)","-0.25(-7.54,6.85)","0.4976","0.0042","0.3712","0.9415","1.0008","1.0014","1.0009","1.0008",4788,3591,3847,3869,3085,2957,3056,3073
"K70_K76_C22","2000_2005","2006_2010",5,"koppen_major_C_EQI+SM+PA+OB","0.00","1.59(0.66,2.50)","1.82(0.82,2.77)","2.22(1.10,3.29)","2.73(1.38,4.05)","0.0017","0.0002","0.0012","0.0002","1.0000","1.0022","1.0009","1.0001",2537,2076,1882,1933,2662,2808,2677,2419
"K70_K76_C22","2000_2005","2006_2010",5,"koppen_major_C_EQI_Air+SM+PA+OB","0.00","3.45(2.16,4.75)","4.31(3.03,5.59)","4.23(2.95,5.57)","4.90(3.46,6.29)","0.0002","0.0002","0.0002","0.0002","1.0028","1.0028","1.0038","1.0017",2153,1896,1814,1827,2163,2258,2237,2231
"K70_K76_C22","2000_2005","2006_2010",5,"koppen_major_C_EQI_Water+SM+PA+OB","0.00","0.19(-0.99,1.36)","-0.44(-1.60,0.73)","0.72(-0.49,1.94)","-0.33(-1.62,0.93)","0.7476","0.4811","0.2632","0.6221","1.0016","1.0007","1.0026","1.0003",1730,1538,1574,1545,2622,2295,2528,2126
"K70_K76_C22","2000_2005","2006_2010",5,"koppen_major_C_EQI_Land+SM+PA+OB","0.00","0.08(-0.62,0.76)","-0.15(-0.96,0.64)","-0.67(-1.62,0.30)","-0.18(-1.32,0.95)","0.8185","0.7181","0.1762","0.7581","0.9998","0.9997","1.0004","1.0011",2773,2590,2524,2072,3104,3054,2943,2625
"K70_K76_C22","2000_2005","2006_2010",5,"koppen_major_C_EQI_Built+SM+PA+OB","0.00","1.45(0.59,2.30)","1.59(0.71,2.44)","2.07(1.16,3.00)","2.73(1.69,3.76)","0.0002","0.0007","0.0002","0.0002","1.0000","1.0001","1.0012","1.0023",2189,2015,1848,1844,2864,2305,2568,2506
"K70_K76_C22","2000_2005","2006_2010",5,"koppen_major_C_EQI_Social+SM+PA+OB","0.00","-1.28(-2.14,-0.44)","-1.72(-2.72,-0.75)","-1.81(-2.91,-0.69)","-3.18(-4.49,-1.90)","0.0027","0.0002","0.0007","0.0002","1.0006","1.0012","1.0008","1.0014",2049,1701,1793,1603,2896,2487,2479,2167
"K70_K76_C22","2000_2005","2011_2015",10,"koppen_major_C_EQI+SM+PA+OB","0.00","2.62(1.60,3.68)","3.07(2.03,4.13)","3.66(2.52,4.85)","4.07(2.73,5.46)","0.0002","0.0002","0.0002","0.0002","1.0011","1.0023","1.0030","1.0031",1725,1483,1416,1436,2506,2296,2294,2437
"K70_K76_C22","2000_2005","2011_2015",10,"koppen_major_C_EQI_Air+SM+PA+OB","0.00","3.21(1.78,4.57)","4.39(2.96,5.76)","4.51(3.06,5.91)","5.41(3.90,6.90)","0.0002","0.0002","0.0002","0.0002","1.0025","1.0027","1.0033","1.0052",2002,1799,1685,1693,2485,2386,2316,1934
"K70_K76_C22","2000_2005","2011_2015",10,"koppen_major_C_EQI_Water+SM+PA+OB","0.00","-0.17(-1.38,1.05)","-0.38(-1.61,0.86)","0.35(-0.94,1.67)","0.35(-1.04,1.62)","0.7686","0.5476","0.5841","0.6046","1.0022","1.0017","1.0030","1.0022",1863,1689,1745,1790,2775,2376,2657,2679
"K70_K76_C22","2000_2005","2011_2015",10,"koppen_major_C_EQI_Land+SM+PA+OB","0.00","0.52(-0.20,1.21)","0.33(-0.48,1.13)","0.30(-0.73,1.29)","0.55(-0.58,1.72)","0.1507","0.4141","0.5551","0.3602","1.0015","1.0022","1.0018","1.0002",3508,3246,3395,2856,3501,3326,3249,2968
"K70_K76_C22","2000_2005","2011_2015",10,"koppen_major_C_EQI_Built+SM+PA+OB","0.00","1.19(0.33,2.07)","1.96(1.08,2.87)","2.92(2.00,3.87)","3.21(2.15,4.25)","0.0052","0.0002","0.0002","0.0002","1.0000","1.0005","1.0016","1.0013",2705,2408,1983,2124,3012,2833,2414,2841
"K70_K76_C22","2000_2005","2011_2015",10,"koppen_major_C_EQI_Social+SM+PA+OB","0.00","-0.61(-1.47,0.26)","-1.57(-2.59,-0.56)","-2.04(-3.15,-0.91)","-3.70(-5.04,-2.40)","0.1612","0.0022","0.0012","0.0002","0.9999","1.0003","1.0007","1.0008",2460,1831,1833,1778,3095,2272,2414,2195
"K70_K76_C22","2000_2005","2016_2020",15,"koppen_major_C_EQI+SM+PA+OB","0.00","1.02(-0.00,2.00)","1.07(0.03,2.12)","1.51(0.38,2.69)","1.26(-0.10,2.62)","0.0517","0.0467","0.0072","0.0732","1.0031","1.0020","1.0004","1.0011",1728,1535,1452,1363,2078,2265,2170,1926
"K70_K76_C22","2000_2005","2016_2020",15,"koppen_major_C_EQI_Air+SM+PA+OB","0.00","1.79(0.27,3.40)","1.93(0.42,3.52)","2.30(0.78,3.95)","2.86(1.27,4.54)","0.0187","0.0117","0.0037","0.0002","1.0015","1.0015","1.0020","1.0022",2108,1944,1839,1814,2894,2687,2586,2420
"K70_K76_C22","2000_2005","2016_2020",15,"koppen_major_C_EQI_Water+SM+PA+OB","0.00","1.15(-0.09,2.41)","0.80(-0.46,2.08)","1.45(0.17,2.78)","0.89(-0.49,2.27)","0.0727","0.2187","0.0292","0.2122","0.9997","1.0004","0.9996","1.0000",1989,1891,1836,1913,2684,2462,2556,2457
"K70_K76_C22","2000_2005","2016_2020",15,"koppen_major_C_EQI_Land+SM+PA+OB","0.00","1.01(0.26,1.75)","0.01(-0.80,0.84)","-0.47(-1.53,0.56)","0.42(-0.79,1.64)","0.0067","0.9700","0.3812","0.5046","1.0016","1.0010","1.0004","0.9998",3412,2962,3145,2871,3107,2750,3080,3030
"K70_K76_C22","2000_2005","2016_2020",15,"koppen_major_C_EQI_Built+SM+PA+OB","0.00","1.16(0.26,2.08)","1.82(0.87,2.79)","2.59(1.57,3.59)","2.87(1.74,4.02)","0.0102","0.0007","0.0002","0.0002","1.0007","1.0008","1.0007","1.0007",2289,2176,1919,1994,2574,2627,2790,2763
"K70_K76_C22","2000_2005","2016_2020",15,"koppen_major_C_EQI_Social+SM+PA+OB","0.00","-1.87(-2.76,-0.96)","-2.68(-3.70,-1.64)","-3.27(-4.43,-2.11)","-4.80(-6.15,-3.42)","0.0002","0.0002","0.0002","0.0002","1.0011","1.0015","1.0021","1.0008",2492,2013,2024,1869,2520,2337,2418,2073
"K70_K76_C22","2000_2005","2021_2024",20,"koppen_major_C_EQI+SM+PA+OB","0.00","1.73(0.29,3.17)","1.90(0.33,3.45)","1.35(-0.40,3.10)","-0.15(-2.24,1.89)","0.0137","0.0177","0.1322","0.8920","1.0023","1.0025","1.0023","1.0018",1827,1541,1433,1424,2527,2356,2405,2050
"K70_K76_C22","2000_2005","2021_2024",20,"koppen_major_C_EQI_Air+SM+PA+OB","0.00","4.87(2.69,7.08)","4.63(2.39,6.75)","4.04(1.81,6.24)","3.66(1.25,6.01)","0.0002","0.0002","0.0002","0.0057","1.0014","1.0015","1.0021","1.0012",1463,1230,1173,1177,2571,2042,1708,1931
"K70_K76_C22","2000_2005","2021_2024",20,"koppen_major_C_EQI_Water+SM+PA+OB","0.00","1.06(-0.88,3.01)","-0.32(-2.27,1.72)","1.32(-0.69,3.41)","-0.66(-2.81,1.51)","0.2882","0.7456","0.1927","0.5301","1.0015","1.0016","1.0012","1.0013",1260,1213,1198,1266,2172,1836,1769,1885
"K70_K76_C22","2000_2005","2021_2024",20,"koppen_major_C_EQI_Land+SM+PA+OB","0.00","2.01(0.89,3.15)","0.86(-0.40,2.16)","0.56(-1.00,2.15)","1.11(-0.68,2.99)","0.0002","0.1962","0.5066","0.2597","1.0014","1.0020","1.0010","1.0021",2537,2136,2185,2014,3017,2888,2958,2483
"K70_K76_C22","2000_2005","2021_2024",20,"koppen_major_C_EQI_Built+SM+PA+OB","0.00","1.78(0.40,3.15)","2.16(0.77,3.60)","4.16(2.75,5.73)","4.21(2.57,5.87)","0.0117","0.0017","0.0002","0.0002","1.0024","1.0013","1.0018","1.0019",1868,1705,1564,1666,2518,2428,2371,2052
"K70_K76_C22","2000_2005","2021_2024",20,"koppen_major_C_EQI_Social+SM+PA+OB","0.00","-1.63(-2.98,-0.24)","-3.37(-4.93,-1.73)","-5.09(-6.84,-3.30)","-6.69(-8.72,-4.61)","0.0222","0.0007","0.0002","0.0002","1.0001","1.0016","1.0003","1.0015",1678,1425,1252,1267,2710,2386,2249,2088
"K70_K76_C22","2000_2005","2006_2010",5,"koppen_major_D_EQI+SM+PA+OB","0.00","6.31(4.62,7.92)","5.35(3.87,6.80)","5.66(4.26,7.11)","7.05(5.51,8.52)","0.0002","0.0002","0.0002","0.0002","1.0006","1.0024","1.0034","1.0015",2062,1599,1263,1208,2693,2478,1874,1946
"K70_K76_C22","2000_2005","2006_2010",5,"koppen_major_D_EQI_Air+SM+PA+OB","0.00","1.27(-0.02,2.58)","1.37(-0.02,2.72)","1.52(0.11,2.95)","2.17(0.75,3.61)","0.0572","0.0522","0.0297","0.0027","0.9996","1.0001","1.0004","1.0001",2905,2409,2244,2192,2583,3195,2835,2740
"K70_K76_C22","2000_2005","2006_2010",5,"koppen_major_D_EQI_Water+SM+PA+OB","0.00","-0.88(-2.35,0.62)","0.19(-1.31,1.75)","0.25(-1.31,1.71)","1.60(-0.08,3.20)","0.2707","0.8200","0.7441","0.0617","1.0011","1.0012","1.0019","1.0018",2040,2025,1945,2012,2484,2926,2626,2662
"K70_K76_C22","2000_2005","2006_2010",5,"koppen_major_D_EQI_Land+SM+PA+OB","0.00","1.10(-0.90,3.00)","2.19(0.30,4.04)","1.28(-0.59,3.09)","1.39(-0.53,3.21)","0.2602","0.0242","0.1707","0.1392","1.0015","1.0024","1.0023","1.0023",2524,2073,2231,2303,2709,2392,2655,2361
"K70_K76_C22","2000_2005","2006_2010",5,"koppen_major_D_EQI_Built+SM+PA+OB","0.00","2.24(0.84,3.70)","2.98(1.59,4.39)","3.43(2.01,4.86)","4.71(3.26,6.14)","0.0027","0.0002","0.0002","0.0002","1.0014","1.0032","1.0035","1.0020",2512,2068,1830,2239,3101,3086,2480,2930
"K70_K76_C22","2000_2005","2006_2010",5,"koppen_major_D_EQI_Social+SM+PA+OB","0.00","-6.82(-8.94,-4.49)","-6.44(-8.52,-4.10)","-6.68(-8.82,-4.41)","-6.07(-8.42,-3.60)","0.0002","0.0002","0.0002","0.0002","1.0019","1.0018","1.0018","1.0016",1229,1145,1237,1337,1706,1422,1521,2014
"K70_K76_C22","2000_2005","2011_2015",10,"koppen_major_D_EQI+SM+PA+OB","0.00","5.46(3.50,7.37)","5.40(3.45,7.30)","5.33(3.42,7.12)","6.76(4.80,8.73)","0.0002","0.0002","0.0002","0.0002","1.0022","1.0045","1.0064","1.0051",1793,1026,839,814,2920,2267,1657,1875
"K70_K76_C22","2000_2005","2011_2015",10,"koppen_major_D_EQI_Air+SM+PA+OB","0.00","2.16(0.77,3.54)","1.78(0.33,3.17)","2.57(1.13,4.04)","3.53(2.07,5.03)","0.0007","0.0132","0.0007","0.0002","1.0026","1.0031","1.0027","1.0034",2802,2261,2098,2078,3070,2788,2379,2349
"K70_K76_C22","2000_2005","2011_2015",10,"koppen_major_D_EQI_Water+SM+PA+OB","0.00","0.06(-1.48,1.57)","0.29(-1.20,1.80)","1.34(-0.10,2.77)","1.82(0.29,3.43)","0.9350","0.7276","0.0737","0.0197","1.0015","1.0014","1.0015","1.0022",2199,1999,2096,2046,2677,2466,2499,2241
"K70_K76_C22","2000_2005","2011_2015",10,"koppen_major_D_EQI_Land+SM+PA+OB","0.00","0.33(-1.63,2.34)","-0.11(-1.95,1.83)","0.20(-1.61,2.13)","0.91(-0.92,2.87)","0.7571","0.8970","0.8475","0.3502","1.0007","1.0017","1.0023","1.0015",2227,2066,1902,1793,2710,2466,2241,2067
"K70_K76_C22","2000_2005","2011_2015",10,"koppen_major_D_EQI_Built+SM+PA+OB","0.00","3.36(1.81,4.88)","3.60(2.12,5.10)","4.63(3.13,6.06)","5.20(3.72,6.69)","0.0002","0.0002","0.0002","0.0002","1.0001","1.0007","1.0011","1.0021",2785,2143,2099,2061,2872,2960,2565,2806
"K70_K76_C22","2000_2005","2011_2015",10,"koppen_major_D_EQI_Social+SM+PA+OB","0.00","-1.66(-3.84,0.50)","-3.52(-5.56,-1.44)","-3.81(-5.88,-1.72)","-4.44(-6.67,-2.14)","0.1442","0.0007","0.0007","0.0007","1.0004","1.0021","1.0021","1.0018",1835,1557,1339,1365,2243,1903,1876,1980
"K70_K76_C22","2000_2005","2016_2020",15,"koppen_major_D_EQI+SM+PA+OB","0.00","7.85(6.02,9.82)","7.89(6.09,9.70)","7.63(5.87,9.41)","9.05(7.20,10.96)","0.0002","0.0002","0.0002","0.0002","1.0014","1.0026","1.0023","1.0032",1928,1492,1286,1147,2428,2225,1818,1945
"K70_K76_C22","2000_2005","2016_2020",15,"koppen_major_D_EQI_Air+SM+PA+OB","0.00","0.71(-0.77,2.21)","0.68(-0.96,2.33)","1.37(-0.27,3.03)","1.46(-0.35,3.31)","0.3622","0.4106","0.1027","0.1087","1.0004","1.0013","1.0018","1.0012",2303,2093,1753,1658,2579,2462,2409,2269
"K70_K76_C22","2000_2005","2016_2020",15,"koppen_major_D_EQI_Water+SM+PA+OB","0.00","1.25(-0.59,3.02)","2.92(0.95,4.76)","2.70(0.88,4.45)","3.45(1.51,5.30)","0.1637","0.0022","0.0047","0.0007","1.0011","1.0040","1.0022","1.0010",2107,1939,1794,1817,2701,2565,2377,2508
"K70_K76_C22","2000_2005","2016_2020",15,"koppen_major_D_EQI_Land+SM+PA+OB","0.00","1.24(-0.90,3.47)","0.52(-1.49,2.66)","0.60(-1.43,2.76)","0.89(-1.17,3.07)","0.2692","0.6541","0.5956","0.4291","1.0009","1.0003","1.0006","1.0010",2147,1940,1820,1771,3037,2615,2418,2402
"K70_K76_C22","2000_2005","2016_2020",15,"koppen_major_D_EQI_Built+SM+PA+OB","0.00","2.88(1.21,4.55)","3.87(2.22,5.48)","5.28(3.67,6.87)","6.14(4.44,7.76)","0.0002","0.0002","0.0002","0.0002","1.0006","1.0010","1.0002","1.0012",2137,1901,1797,1729,2773,2602,2479,2222
"K70_K76_C22","2000_2005","2016_2020",15,"koppen_major_D_EQI_Social+SM+PA+OB","0.00","-3.36(-6.01,-0.85)","-4.12(-6.55,-1.81)","-4.11(-6.58,-1.70)","-3.92(-6.61,-1.38)","0.0067","0.0002","0.0002","0.0007","1.0036","1.0054","1.0054","1.0058",1632,1366,1359,1334,2289,2486,2206,2270
"K70_K76_C22","2000_2005","2021_2024",20,"koppen_major_D_EQI+SM+PA+OB","0.00","5.01(1.96,8.04)","6.89(3.93,9.85)","6.55(3.61,9.41)","7.23(4.20,10.31)","0.0032","0.0002","0.0002","0.0002","1.0022","1.0017","1.0034","1.0025",1874,1427,1212,1129,2682,2471,2053,2070
"K70_K76_C22","2000_2005","2021_2024",20,"koppen_major_D_EQI_Air+SM+PA+OB","0.00","4.20(1.78,6.57)","2.83(0.20,5.21)","4.30(1.58,6.85)","3.75(0.83,6.55)","0.0012","0.0347","0.0022","0.0092","1.0006","1.0002","1.0003","1.0012",1911,1786,1550,1492,2425,2163,2038,1656
"K70_K76_C22","2000_2005","2021_2024",20,"koppen_major_D_EQI_Water+SM+PA+OB","0.00","-0.18(-2.90,2.62)","1.37(-1.52,4.36)","2.42(-0.44,5.41)","2.94(-0.10,6.09)","0.8870","0.3637","0.1017","0.0592","0.9998","1.0007","1.0009","1.0033",1868,1700,1556,1570,2562,2339,2449,2456
"K70_K76_C22","2000_2005","2021_2024",20,"koppen_major_D_EQI_Land+SM+PA+OB","0.00","1.06(-2.35,4.40)","1.34(-1.94,4.63)","0.15(-3.20,3.43)","1.05(-2.30,4.38)","0.5296","0.4101","0.9195","0.5341","1.0011","1.0004","1.0004","1.0013",1798,1472,1501,1506,2896,2308,2378,2342
"K70_K76_C22","2000_2005","2021_2024",20,"koppen_major_D_EQI_Built+SM+PA+OB","0.00","2.72(0.08,5.27)","3.97(1.34,6.65)","5.72(3.19,8.22)","6.35(3.73,8.97)","0.0447","0.0022","0.0002","0.0002","1.0011","1.0004","1.0017","1.0011",2304,1962,1968,1943,2734,2370,2678,2377
"K70_K76_C22","2000_2005","2021_2024",20,"koppen_major_D_EQI_Social+SM+PA+OB","0.00","-2.97(-6.81,0.67)","-5.49(-9.05,-2.08)","-4.86(-8.50,-1.34)","-5.55(-9.41,-1.84)","0.1082","0.0012","0.0047","0.0057","1.0016","1.0022","1.0017","1.0017",1836,1526,1473,1533,2288,2386,2430,2503
"K70_K76_C22","2000_2005","2006_2010",5,"doe_zone_2_EQI+SM+PA+OB","0.00","2.51(0.19,4.79)","2.65(-0.16,5.46)","2.59(-0.97,6.14)","4.35(-0.30,8.76)","0.0357","0.0662","0.1527","0.0672","1.0009","1.0010","1.0017","1.0012",2416,1874,1614,1765,2788,2879,2451,2253
"K70_K76_C22","2000_2005","2006_2010",5,"doe_zone_2_EQI_Air+SM+PA+OB","0.00","1.43(-2.36,5.20)","1.80(-2.09,5.71)","1.46(-2.32,5.18)","1.35(-2.69,5.51)","0.4591","0.3577","0.4606","0.5336","1.0016","1.0007","1.0019","1.0018",2204,2058,1911,1950,2480,2403,2204,2462
"K70_K76_C22","2000_2005","2006_2010",5,"doe_zone_2_EQI_Water+SM+PA+OB","0.00","-2.73(-6.69,1.46)","1.13(-2.49,4.90)","3.61(-0.35,7.54)","1.05(-3.60,5.86)","0.2027","0.5226","0.0717","0.6621","1.0012","1.0015","1.0009","0.9997",3006,2750,3120,3364,3174,2811,2964,3097
"K70_K76_C22","2000_2005","2006_2010",5,"doe_zone_2_EQI_Land+SM+PA+OB","0.00","-0.21(-2.73,2.47)","0.62(-2.24,3.62)","-0.07(-4.68,4.31)","-2.63(-8.21,2.94)","0.8745","0.6826","0.9875","0.3592","1.0009","1.0004","1.0006","1.0008",4439,4070,4609,4343,2829,3389,3281,2595
"K70_K76_C22","2000_2005","2006_2010",5,"doe_zone_2_EQI_Built+SM+PA+OB","0.00","1.01(-1.88,3.91)","1.10(-1.68,3.81)","2.92(0.13,5.68)","3.37(0.02,6.76)","0.4871","0.4441","0.0382","0.0482","1.0001","1.0000","0.9999","1.0004",2750,2282,2256,2458,3061,2705,2673,2897
"K70_K76_C22","2000_2005","2006_2010",5,"doe_zone_2_EQI_Social+SM+PA+OB","0.00","-1.29(-3.66,1.10)","1.60(-1.34,4.64)","0.54(-2.76,3.91)","0.55(-3.56,4.61)","0.2807","0.2952","0.7476","0.7981","1.0007","1.0021","1.0000","1.0004",3081,2611,2422,2465,2936,2789,2789,2755
"K70_K76_C22","2000_2005","2011_2015",10,"doe_zone_2_EQI+SM+PA+OB","0.00","2.30(-0.25,4.87)","1.94(-1.11,5.10)","1.57(-2.14,5.41)","2.16(-2.80,6.99)","0.0767","0.2177","0.4241","0.4051","1.0034","1.0042","1.0067","1.0038",2168,1796,1642,2118,2669,2921,2615,2603
"K70_K76_C22","2000_2005","2011_2015",10,"doe_zone_2_EQI_Air+SM+PA+OB","0.00","-0.78(-4.56,3.15)","1.27(-2.90,5.33)","-0.57(-4.37,3.41)","-0.70(-4.99,3.61)","0.7056","0.5321","0.7836","0.7416","1.0012","1.0012","1.0017","1.0005",2485,2207,1993,2137,3106,2655,2749,2811
"K70_K76_C22","2000_2005","2011_2015",10,"doe_zone_2_EQI_Water+SM+PA+OB","0.00","-3.12(-7.43,1.49)","-0.23(-4.41,4.02)","3.19(-1.09,7.60)","0.91(-4.05,6.03)","0.1762","0.9170","0.1587","0.7436","1.0001","1.0005","1.0005","1.0010",2851,2529,3346,3944,2953,2611,2749,3518
"K70_K76_C22","2000_2005","2011_2015",10,"doe_zone_2_EQI_Land+SM+PA+OB","0.00","0.19(-2.64,3.12)","0.05(-3.17,3.38)","-0.56(-5.66,4.39)","-1.15(-7.32,5.31)","0.8975","0.9655","0.8175","0.7176","1.0001","1.0037","0.9998","1.0008",4836,3864,5134,5617,2930,2948,3223,3165
"K70_K76_C22","2000_2005","2011_2015",10,"doe_zone_2_EQI_Built+SM+PA+OB","0.00","-0.13(-3.24,2.92)","1.07(-1.98,4.16)","3.18(0.13,6.14)","3.35(-0.32,7.02)","0.9275","0.4876","0.0402","0.0757","0.9998","0.9995","1.0001","1.0007",3728,3246,3410,3334,3379,3563,3135,3274
"K70_K76_C22","2000_2005","2011_2015",10,"doe_zone_2_EQI_Social+SM+PA+OB","0.00","-0.95(-3.57,1.59)","0.91(-2.37,4.22)","1.06(-2.58,4.72)","1.80(-2.59,6.18)","0.4646","0.6036","0.5596","0.4211","1.0003","1.0028","1.0018","1.0009",4046,3637,3100,3225,3052,3198,3271,3272
"K70_K76_C22","2000_2005","2016_2020",15,"doe_zone_2_EQI+SM+PA+OB","0.00","1.21(-1.10,3.49)","0.85(-1.93,3.61)","0.53(-2.93,4.03)","-0.26(-4.56,4.18)","0.3172","0.5461","0.7696","0.8925","1.0009","1.0014","1.0009","1.0008",2363,2027,1893,1946,2895,2720,2485,2702
"K70_K76_C22","2000_2005","2016_2020",15,"doe_zone_2_EQI_Air+SM+PA+OB","0.00","0.89(-3.14,4.84)","1.62(-2.46,5.56)","0.87(-3.24,4.77)","0.89(-3.40,5.11)","0.6536","0.4376","0.6411","0.6731","1.0006","1.0009","1.0016","1.0015",1909,1692,1617,1703,2759,2219,2413,2215
"K70_K76_C22","2000_2005","2016_2020",15,"doe_zone_2_EQI_Water+SM+PA+OB","0.00","-0.60(-4.98,3.62)","1.88(-2.25,5.99)","3.58(-0.62,7.80)","-2.10(-7.25,2.89)","0.7871","0.3647","0.1027","0.4056","1.0016","1.0004","1.0014","1.0009",2108,1810,1894,2288,2424,2535,2738,2977
"K70_K76_C22","2000_2005","2016_2020",15,"doe_zone_2_EQI_Land+SM+PA+OB","0.00","0.23(-2.39,2.82)","-0.43(-3.39,2.44)","-0.55(-5.07,4.06)","-1.29(-7.20,4.62)","0.8520","0.7716","0.8070","0.6641","1.0013","1.0000","1.0015","1.0001",2806,3574,4514,4712,2624,2948,3087,3230
"K70_K76_C22","2000_2005","2016_2020",15,"doe_zone_2_EQI_Built+SM+PA+OB","0.00","0.26(-2.53,3.16)","1.06(-1.79,3.92)","2.36(-0.46,5.20)","2.39(-0.99,5.73)","0.8630","0.4761","0.0997","0.1587","1.0021","1.0021","1.0026","1.0022",2325,2103,2122,2065,3188,2581,2763,2814
"K70_K76_C22","2000_2005","2016_2020",15,"doe_zone_2_EQI_Social+SM+PA+OB","0.00","-2.07(-4.43,0.30)","-1.42(-4.31,1.38)","-1.58(-4.96,1.81)","-1.82(-5.70,2.14)","0.0847","0.3457","0.3617","0.3772","0.9997","1.0013","1.0016","1.0021",3010,2278,1980,2299,2803,2859,2337,2823
"K70_K76_C22","2000_2005","2021_2024",20,"doe_zone_2_EQI+SM+PA+OB","0.00","3.26(-0.18,6.65)","2.62(-1.36,6.52)","2.77(-2.20,7.51)","0.75(-5.33,6.84)","0.0682","0.1947","0.2667","0.8010","0.9998","1.0001","1.0010","1.0004",2909,2233,2340,2514,3009,2854,3006,2709
"K70_K76_C22","2000_2005","2021_2024",20,"doe_zone_2_EQI_Air+SM+PA+OB","0.00","0.47(-4.55,5.66)","0.28(-4.48,5.24)","-1.19(-6.05,3.58)","-1.54(-6.88,3.63)","0.8560","0.9200","0.6331","0.5721","1.0003","1.0003","1.0007","1.0009",2714,2535,2420,2172,2563,2648,2393,2887
"K70_K76_C22","2000_2005","2021_2024",20,"doe_zone_2_EQI_Water+SM+PA+OB","0.00","-1.92(-7.99,3.91)","2.82(-2.70,8.35)","5.34(-0.45,10.69)","-0.40(-7.32,6.56)","0.5241","0.3207","0.0692","0.9255","1.0001","1.0009","1.0017","1.0001",3412,3102,3277,3004,3133,3110,3243,2762
"K70_K76_C22","2000_2005","2021_2024",20,"doe_zone_2_EQI_Land+SM+PA+OB","0.00","0.99(-3.06,5.06)","1.51(-3.00,5.96)","-1.26(-7.54,5.13)","-0.80(-8.51,6.79)","0.6351","0.5116","0.6951","0.8310","1.0011","1.0001","1.0011","0.9999",4297,4161,4842,4428,3385,2790,3028,2817
"K70_K76_C22","2000_2005","2021_2024",20,"doe_zone_2_EQI_Built+SM+PA+OB","0.00","0.50(-3.72,4.51)","2.13(-1.99,6.29)","3.71(-0.45,7.80)","5.08(0.14,9.99)","0.8095","0.3252","0.0867","0.0477","1.0005","1.0007","1.0024","1.0022",3496,3313,3093,2780,3188,3020,3036,3008
"K70_K76_C22","2000_2005","2021_2024",20,"doe_zone_2_EQI_Social+SM+PA+OB","0.00","-3.98(-7.47,-0.37)","-0.68(-4.95,3.58)","-1.75(-6.42,2.75)","-0.13(-5.86,5.64)","0.0327","0.7536","0.4526","0.9595","1.0019","1.0015","1.0031","1.0008",4137,3312,3017,2947,2714,3090,2961,3015
"K70_K76_C22","2000_2005","2006_2010",5,"doe_zone_3_EQI+SM+PA+OB","0.00","2.96(1.65,4.28)","3.36(1.96,4.74)","3.79(2.16,5.43)","4.20(1.97,6.36)","0.0002","0.0002","0.0002","0.0002","1.0001","1.0002","1.0006","1.0013",2352,2057,1830,1803,2855,2462,2707,2542
"K70_K76_C22","2000_2005","2006_2010",5,"doe_zone_3_EQI_Air+SM+PA+OB","0.00","3.28(1.44,5.04)","4.49(2.67,6.31)","3.87(1.99,5.74)","4.51(2.48,6.54)","0.0002","0.0002","0.0002","0.0002","1.0006","1.0011","1.0013","1.0016",2120,1754,1652,1708,2542,2480,2184,2289
"K70_K76_C22","2000_2005","2006_2010",5,"doe_zone_3_EQI_Water+SM+PA+OB","0.00","0.06(-2.05,2.10)","0.72(-1.53,2.87)","3.48(1.26,5.64)","1.58(-0.79,3.91)","0.9350","0.5006","0.0017","0.1932","1.0019","1.0032","1.0025","1.0030",1875,1594,1579,1740,2644,2211,2168,2157
"K70_K76_C22","2000_2005","2006_2010",5,"doe_zone_3_EQI_Land+SM+PA+OB","0.00","-0.17(-1.18,0.84)","1.51(0.18,2.85)","-1.00(-2.91,0.90)","1.69(-1.89,5.01)","0.7601","0.0297","0.3107","0.3367","1.0015","1.0001","1.0006","1.0031",3904,4425,3134,1602,2924,3226,3385,2366
"K70_K76_C22","2000_2005","2006_2010",5,"doe_zone_3_EQI_Built+SM+PA+OB","0.00","2.44(1.10,3.73)","3.22(1.77,4.65)","2.77(1.23,4.25)","3.74(2.00,5.44)","0.0007","0.0002","0.0002","0.0002","1.0048","1.0036","1.0031","1.0026",2295,2003,2007,2031,2618,2577,2712,2591
"K70_K76_C22","2000_2005","2006_2010",5,"doe_zone_3_EQI_Social+SM+PA+OB","0.00","-1.22(-2.44,-0.06)","-1.79(-3.30,-0.28)","-2.62(-4.43,-0.79)","-3.93(-5.97,-1.77)","0.0402","0.0182","0.0062","0.0002","1.0001","1.0006","1.0006","1.0023",2512,2214,2056,1686,2805,3059,2592,2597
"K70_K76_C22","2000_2005","2011_2015",10,"doe_zone_3_EQI+SM+PA+OB","0.00","3.68(2.32,5.04)","4.96(3.51,6.37)","5.60(3.87,7.26)","5.58(3.19,7.85)","0.0002","0.0002","0.0002","0.0002","1.0022","1.0010","1.0031","1.0030",2217,1970,1685,1608,2491,2829,2449,2850
"K70_K76_C22","2000_2005","2011_2015",10,"doe_zone_3_EQI_Air+SM+PA+OB","0.00","3.78(1.89,5.66)","4.91(3.01,6.73)","4.84(2.91,6.72)","5.66(3.52,7.64)","0.0002","0.0002","0.0002","0.0002","1.0018","1.0024","1.0020","1.0016",2557,2297,1972,2123,2446,2581,2460,2656
"K70_K76_C22","2000_2005","2011_2015",10,"doe_zone_3_EQI_Water+SM+PA+OB","0.00","1.98(-0.17,4.04)","2.24(-0.05,4.40)","5.21(2.91,7.43)","3.88(1.39,6.28)","0.0702","0.0542","0.0002","0.0027","1.0006","1.0009","0.9997","1.0002",2325,2091,2038,2076,2608,2919,2617,2607
"K70_K76_C22","2000_2005","2011_2015",10,"doe_zone_3_EQI_Land+SM+PA+OB","0.00","0.48(-0.57,1.54)","1.97(0.62,3.30)","0.58(-1.66,2.81)","0.10(-3.69,3.70)","0.3597","0.0047","0.6076","0.9450","1.0011","0.9998","1.0017","0.9996",3527,4005,3753,2152,2877,3024,3338,2628
"K70_K76_C22","2000_2005","2011_2015",10,"doe_zone_3_EQI_Built+SM+PA+OB","0.00","2.50(1.06,3.90)","4.05(2.60,5.50)","3.62(2.04,5.17)","4.28(2.53,6.07)","0.0002","0.0002","0.0002","0.0002","1.0010","1.0014","1.0017","1.0016",2901,2393,2583,2441,2647,2642,2966,2741
"K70_K76_C22","2000_2005","2011_2015",10,"doe_zone_3_EQI_Social+SM+PA+OB","0.00","-1.38(-2.61,-0.16)","-1.87(-3.44,-0.26)","-2.94(-4.85,-0.99)","-4.36(-6.52,-2.10)","0.0327","0.0217","0.0037","0.0002","1.0012","1.0007","1.0023","1.0018",2765,2429,2338,2253,2853,3002,2834,2579
"K70_K76_C22","2000_2005","2016_2020",15,"doe_zone_3_EQI+SM+PA+OB","0.00","3.24(1.71,4.73)","4.34(2.66,5.99)","4.58(2.74,6.48)","3.60(1.02,6.17)","0.0002","0.0002","0.0002","0.0082","1.0017","1.0034","1.0046","1.0032",2358,1919,1785,1770,2689,2794,2716,2407
"K70_K76_C22","2000_2005","2016_2020",15,"doe_zone_3_EQI_Air+SM+PA+OB","0.00","2.79(0.69,4.77)","3.95(1.81,5.95)","3.97(1.72,6.06)","4.31(1.91,6.55)","0.0112","0.0002","0.0002","0.0007","1.0002","1.0006","1.0010","1.0001",2205,1928,1847,1861,2850,2397,2481,2476
"K70_K76_C22","2000_2005","2016_2020",15,"doe_zone_3_EQI_Water+SM+PA+OB","0.00","1.77(-0.53,4.08)","3.38(0.94,5.80)","6.27(3.89,8.74)","4.79(1.98,7.48)","0.1337","0.0057","0.0002","0.0002","1.0005","1.0010","1.0011","1.0027",1949,1906,1871,1970,2261,2668,2365,2503
"K70_K76_C22","2000_2005","2016_2020",15,"doe_zone_3_EQI_Land+SM+PA+OB","0.00","0.02(-1.19,1.21)","1.40(-0.09,2.86)","-1.81(-4.04,0.50)","1.51(-2.58,5.44)","0.9575","0.0667","0.1152","0.4471","1.0013","1.0003","1.0022","1.0023",4330,4681,4042,2677,2735,3031,3263,2757
"K70_K76_C22","2000_2005","2016_2020",15,"doe_zone_3_EQI_Built+SM+PA+OB","0.00","2.17(0.66,3.72)","3.03(1.35,4.63)","2.72(0.98,4.40)","4.00(1.99,5.94)","0.0052","0.0007","0.0027","0.0002","0.9997","0.9997","0.9998","1.0000",2745,2591,2462,2667,2976,2460,2720,2635
"K70_K76_C22","2000_2005","2016_2020",15,"doe_zone_3_EQI_Social+SM+PA+OB","0.00","-0.98(-2.34,0.36)","-1.86(-3.56,-0.08)","-2.74(-4.87,-0.55)","-4.31(-6.68,-1.90)","0.1622","0.0422","0.0167","0.0012","1.0020","1.0010","1.0001","1.0003",2731,2322,2413,2141,2756,2955,2842,2489
"K70_K76_C22","2000_2005","2021_2024",20,"doe_zone_3_EQI+SM+PA+OB","0.00","4.11(1.85,6.39)","3.97(1.68,6.34)","3.30(0.47,5.97)","0.45(-3.24,4.11)","0.0007","0.0012","0.0227","0.7926","1.0019","1.0017","1.0009","1.0037",3198,2507,2407,2163,3035,2565,2423,2571
"K70_K76_C22","2000_2005","2021_2024",20,"doe_zone_3_EQI_Air+SM+PA+OB","0.00","4.75(1.83,7.73)","5.39(2.57,8.26)","4.21(1.23,7.19)","3.68(0.50,6.89)","0.0032","0.0002","0.0062","0.0272","1.0011","1.0006","1.0014","1.0013",2237,1996,1888,1685,2905,2809,2633,2714
"K70_K76_C22","2000_2005","2021_2024",20,"doe_zone_3_EQI_Water+SM+PA+OB","0.00","1.27(-1.81,4.54)","0.52(-2.71,3.74)","6.04(2.81,9.37)","3.02(-0.53,6.65)","0.4406","0.7536","0.0007","0.0892","1.0013","1.0015","1.0009","1.0009",2118,2102,2013,2188,2676,2595,2466,2550
"K70_K76_C22","2000_2005","2021_2024",20,"doe_zone_3_EQI_Land+SM+PA+OB","0.00","0.16(-1.60,1.93)","1.69(-0.60,4.02)","0.23(-3.01,3.59)","2.99(-2.09,7.68)","0.8620","0.1632","0.8925","0.2317","0.9999","1.0000","1.0012","1.0012",5089,4893,3651,2090,3352,2962,2791,2883
"K70_K76_C22","2000_2005","2021_2024",20,"doe_zone_3_EQI_Built+SM+PA+OB","0.00","3.50(1.17,5.80)","4.16(1.80,6.57)","5.23(2.70,7.75)","5.04(2.15,7.88)","0.0032","0.0012","0.0002","0.0012","1.0006","0.9999","1.0004","1.0008",3161,2553,2498,2441,2704,3116,2708,2946
"K70_K76_C22","2000_2005","2021_2024",20,"doe_zone_3_EQI_Social+SM+PA+OB","0.00","-0.29(-2.34,1.80)","-3.32(-5.78,-0.74)","-5.16(-8.25,-2.05)","-6.73(-10.15,-3.28)","0.7686","0.0122","0.0007","0.0002","1.0004","1.0010","1.0011","1.0009",3214,2675,2344,2072,3364,2946,2983,2528
"K70_K76_C22","2000_2005","2006_2010",5,"doe_zone_4_EQI+SM+PA+OB","0.00","0.59(-0.95,2.19)","0.85(-0.72,2.43)","1.39(-0.25,3.02)","1.37(-0.48,3.24)","0.4551","0.2932","0.1012","0.1547","1.0056","1.0082","1.0080","1.0077",1480,1334,1271,1230,2368,2134,1805,2126
"K70_K76_C22","2000_2005","2006_2010",5,"doe_zone_4_EQI_Air+SM+PA+OB","0.00","4.19(2.27,6.01)","4.43(2.62,6.18)","4.82(2.91,6.74)","5.35(3.30,7.30)","0.0002","0.0002","0.0002","0.0002","1.0015","1.0014","1.0005","1.0013",1941,1668,1677,1574,2741,2272,2303,2184
"K70_K76_C22","2000_2005","2006_2010",5,"doe_zone_4_EQI_Water+SM+PA+OB","0.00","-0.06(-1.45,1.31)","-0.61(-1.99,0.77)","0.58(-0.88,1.99)","-1.25(-2.82,0.29)","0.9480","0.3952","0.4066","0.1147","1.0029","1.0021","1.0021","1.0023",2119,2269,2302,2183,2541,2880,2678,2425
"K70_K76_C22","2000_2005","2006_2010",5,"doe_zone_4_EQI_Land+SM+PA+OB","0.00","-0.34(-1.56,0.88)","-0.46(-1.68,0.79)","-1.16(-2.55,0.29)","-0.49(-1.98,1.01)","0.5861","0.4586","0.1067","0.5226","1.0014","1.0022","1.0033","1.0025",2103,1905,2013,1963,2626,2514,2336,2597
"K70_K76_C22","2000_2005","2006_2010",5,"doe_zone_4_EQI_Built+SM+PA+OB","0.00","1.23(0.09,2.40)","0.28(-0.90,1.46)","1.27(0.02,2.52)","2.47(1.14,3.81)","0.0327","0.6366","0.0462","0.0002","1.0018","1.0000","1.0008","1.0014",2456,2363,2276,2297,2926,3008,2678,2572
"K70_K76_C22","2000_2005","2006_2010",5,"doe_zone_4_EQI_Social+SM+PA+OB","0.00","-3.60(-4.84,-2.35)","-3.33(-4.69,-1.95)","-2.92(-4.42,-1.45)","-4.41(-6.18,-2.70)","0.0002","0.0002","0.0002","0.0002","1.0005","1.0012","1.0009","1.0017",2424,1978,2013,1990,2858,2327,2541,2513
"K70_K76_C22","2000_2005","2011_2015",10,"doe_zone_4_EQI+SM+PA+OB","0.00","2.83(1.26,4.36)","4.34(2.77,5.89)","5.00(3.33,6.67)","5.29(3.35,7.23)","0.0007","0.0002","0.0002","0.0002","1.0063","1.0080","1.0087","1.0070",1538,1196,1158,1174,2175,1970,1973,1909
"K70_K76_C22","2000_2005","2011_2015",10,"doe_zone_4_EQI_Air+SM+PA+OB","0.00","4.07(2.15,5.93)","4.53(2.59,6.46)","5.68(3.66,7.71)","6.76(4.60,8.93)","0.0002","0.0002","0.0002","0.0002","1.0000","1.0000","1.0000","1.0010",1861,1711,1556,1559,2486,2252,1880,1873
"K70_K76_C22","2000_2005","2011_2015",10,"doe_zone_4_EQI_Water+SM+PA+OB","0.00","-0.35(-1.75,1.05)","-0.83(-2.30,0.63)","-0.03(-1.54,1.44)","-0.17(-1.75,1.49)","0.6231","0.2542","0.9680","0.8400","1.0021","1.0032","1.0014","1.0020",2009,2087,2011,2202,2383,2739,2576,2636
"K70_K76_C22","2000_2005","2011_2015",10,"doe_zone_4_EQI_Land+SM+PA+OB","0.00","1.29(-0.02,2.60)","0.30(-1.05,1.65)","0.60(-0.85,2.13)","1.05(-0.52,2.67)","0.0537","0.6596","0.4376","0.2107","1.0016","1.0013","1.0014","1.0017",1841,1766,1725,2001,2407,2531,2448,2560
"K70_K76_C22","2000_2005","2011_2015",10,"doe_zone_4_EQI_Built+SM+PA+OB","0.00","1.08(-0.13,2.25)","1.41(0.14,2.67)","2.80(1.49,4.09)","3.60(2.14,5.04)","0.0837","0.0297","0.0002","0.0002","1.0011","1.0007","0.9999","0.9998",2419,2251,1991,1981,2765,2641,2488,2758
"K70_K76_C22","2000_2005","2011_2015",10,"doe_zone_4_EQI_Social+SM+PA+OB","0.00","-1.26(-2.62,0.10)","-2.37(-3.80,-0.93)","-2.62(-4.16,-1.04)","-4.28(-6.11,-2.45)","0.0652","0.0002","0.0007","0.0002","1.0017","1.0022","1.0029","1.0027",2223,1975,1763,1774,2675,2574,2462,2459
"K70_K76_C22","2000_2005","2016_2020",15,"doe_zone_4_EQI+SM+PA+OB","0.00","1.76(-0.08,3.61)","1.76(-0.10,3.60)","2.10(0.15,4.06)","2.45(0.22,4.69)","0.0602","0.0632","0.0307","0.0292","1.0031","1.0040","1.0056","1.0055",1550,1208,1013,967,2144,1886,1538,1447
"K70_K76_C22","2000_2005","2016_2020",15,"doe_zone_4_EQI_Air+SM+PA+OB","0.00","2.02(-0.69,4.75)","1.35(-1.02,3.70)","2.55(0.08,4.99)","2.99(0.33,5.60)","0.1417","0.2872","0.0452","0.0252","1.0051","1.0018","1.0026","1.0020",649,1141,1076,975,1882,2278,2031,1935
"K70_K76_C22","2000_2005","2016_2020",15,"doe_zone_4_EQI_Water+SM+PA+OB","0.00","1.30(-0.26,2.87)","1.04(-0.52,2.64)","1.15(-0.47,2.74)","0.49(-1.35,2.25)","0.0947","0.2052","0.1712","0.5991","1.0010","1.0006","1.0008","1.0009",2399,2234,2353,2378,3184,2822,3060,2891
"K70_K76_C22","2000_2005","2016_2020",15,"doe_zone_4_EQI_Land+SM+PA+OB","0.00","2.29(0.83,3.70)","0.87(-0.62,2.34)","0.54(-1.08,2.17)","1.31(-0.46,3.05)","0.0047","0.2462","0.5191","0.1422","1.0006","1.0011","1.0012","1.0005",2170,1840,2090,2049,2426,2540,2563,2296
"K70_K76_C22","2000_2005","2016_2020",15,"doe_zone_4_EQI_Built+SM+PA+OB","0.00","1.47(0.11,2.78)","2.27(0.75,3.71)","3.69(2.07,5.29)","4.34(2.57,6.15)","0.0317","0.0027","0.0002","0.0002","1.0012","1.0046","1.0068","1.0084",1524,983,824,805,2612,2276,1810,1991
"K70_K76_C22","2000_2005","2016_2020",15,"doe_zone_4_EQI_Social+SM+PA+OB","0.00","-3.31(-4.79,-1.83)","-3.39(-5.02,-1.85)","-4.10(-5.85,-2.35)","-4.73(-6.63,-2.70)","0.0002","0.0002","0.0002","0.0002","1.0030","1.0022","1.0040","1.0030",1611,1729,2007,1665,2785,2458,2538,2378
"K70_K76_C22","2000_2005","2021_2024",20,"doe_zone_4_EQI+SM+PA+OB","0.00","2.72(0.05,5.31)","3.30(0.88,5.72)","1.93(-0.58,4.47)","1.30(-1.77,4.27)","0.0452","0.0107","0.1582","0.3937","1.0007","1.0001","1.0002","1.0005",2098,1654,1569,1521,2393,2447,2275,2245
"K70_K76_C22","2000_2005","2021_2024",20,"doe_zone_4_EQI_Air+SM+PA+OB","0.00","2.87(-0.28,6.10)","1.33(-1.80,4.55)","2.56(-0.63,5.83)","0.79(-2.71,4.35)","0.0802","0.3967","0.1202","0.6501","1.0002","1.0017","1.0011","1.0031",1591,1454,1368,1347,2584,1969,2025,1912
"K70_K76_C22","2000_2005","2021_2024",20,"doe_zone_4_EQI_Water+SM+PA+OB","0.00","1.29(-1.12,3.67)","-0.04(-2.41,2.47)","2.79(0.25,5.41)","0.18(-2.52,2.92)","0.2737","0.9560","0.0327","0.9090","0.9995","1.0005","0.9994","1.0001",2178,1931,1900,1767,2747,2339,2326,2571
"K70_K76_C22","2000_2005","2021_2024",20,"doe_zone_4_EQI_Land+SM+PA+OB","0.00","4.89(2.81,7.05)","3.12(0.86,5.34)","3.19(0.74,5.62)","3.64(0.91,6.21)","0.0002","0.0072","0.0107","0.0097","1.0013","1.0014","1.0026","1.0007",2049,1836,1868,2107,2920,3010,2842,2487
"K70_K76_C22","2000_2005","2021_2024",20,"doe_zone_4_EQI_Built+SM+PA+OB","0.00","1.17(-0.82,3.10)","1.93(-0.11,4.03)","4.79(2.63,6.94)","5.07(2.71,7.35)","0.2402","0.0657","0.0002","0.0002","1.0015","0.9997","1.0006","1.0000",2072,1792,1769,1717,2533,2380,2293,2588
"K70_K76_C22","2000_2005","2021_2024",20,"doe_zone_4_EQI_Social+SM+PA+OB","0.00","-3.96(-6.22,-1.61)","-4.10(-6.45,-1.76)","-6.24(-8.90,-3.72)","-7.68(-10.69,-4.70)","0.0007","0.0007","0.0002","0.0002","1.0031","1.0041","1.0041","1.0045",1771,1562,1668,1492,1998,1951,2269,2006
"K70_K76_C22","2000_2005","2006_2010",5,"doe_zone_5_EQI+SM+PA+OB","0.00","5.60(3.74,7.38)","6.62(4.90,8.29)","7.39(5.71,9.03)","8.57(6.79,10.32)","0.0002","0.0002","0.0002","0.0002","1.0003","1.0013","1.0016","1.0012",1693,1299,1171,1131,2384,2068,1980,1789
"K70_K76_C22","2000_2005","2006_2010",5,"doe_zone_5_EQI_Air+SM+PA+OB","0.00","3.91(2.31,5.51)","2.97(1.41,4.51)","3.09(1.46,4.72)","3.63(1.84,5.42)","0.0002","0.0007","0.0007","0.0002","1.0019","1.0028","1.0029","1.0030",3030,2321,2100,2005,2736,2969,2810,2498
"K70_K76_C22","2000_2005","2006_2010",5,"doe_zone_5_EQI_Water+SM+PA+OB","0.00","-0.14(-2.22,1.86)","1.03(-0.90,2.85)","-0.15(-2.02,1.70)","1.01(-0.92,2.86)","0.9175","0.2927","0.8790","0.3012","1.0013","1.0006","1.0013","1.0005",1763,1725,1675,1666,2395,2484,2464,2509
"K70_K76_C22","2000_2005","2006_2010",5,"doe_zone_5_EQI_Land+SM+PA+OB","0.00","1.75(-0.54,4.08)","3.07(1.00,5.22)","2.95(0.85,5.09)","3.40(1.24,5.58)","0.1342","0.0042","0.0057","0.0027","1.0005","1.0007","1.0018","1.0007",2292,1972,1937,1908,2181,2452,2303,2333
"K70_K76_C22","2000_2005","2006_2010",5,"doe_zone_5_EQI_Built+SM+PA+OB","0.00","2.64(1.30,3.99)","2.91(1.52,4.26)","4.01(2.62,5.38)","5.06(3.46,6.53)","0.0002","0.0002","0.0002","0.0002","1.0021","1.0032","1.0043","1.0040",2495,2260,1967,2006,3065,2768,2767,2923
"K70_K76_C22","2000_2005","2006_2010",5,"doe_zone_5_EQI_Social+SM+PA+OB","0.00","-4.50(-6.60,-2.40)","-5.79(-7.87,-3.72)","-5.43(-7.61,-3.29)","-5.67(-8.03,-3.35)","0.0002","0.0002","0.0002","0.0002","1.0007","1.0013","1.0016","1.0011",2320,1978,1832,1778,2848,2731,2583,2409
"K70_K76_C22","2000_2005","2011_2015",10,"doe_zone_5_EQI+SM+PA+OB","0.00","6.72(4.66,8.73)","7.14(5.36,8.95)","7.10(5.28,8.92)","8.84(6.94,10.77)","0.0002","0.0002","0.0002","0.0002","1.0012","1.0028","1.0048","1.0047",1669,1500,1106,1250,2438,2145,1916,1921
"K70_K76_C22","2000_2005","2011_2015",10,"doe_zone_5_EQI_Air+SM+PA+OB","0.00","4.66(2.82,6.43)","2.93(1.11,4.71)","2.78(0.98,4.63)","4.14(2.06,6.14)","0.0002","0.0012","0.0057","0.0007","1.0008","1.0011","1.0009","1.0040",2742,2558,2037,1881,2746,2594,2423,2540
"K70_K76_C22","2000_2005","2011_2015",10,"doe_zone_5_EQI_Water+SM+PA+OB","0.00","-0.16(-2.36,2.09)","0.92(-1.18,3.07)","0.50(-1.63,2.52)","1.00(-1.13,3.15)","0.8825","0.4016","0.6226","0.3637","1.0010","1.0007","1.0011","1.0010",2024,2034,2015,1913,3135,2676,2668,2648
"K70_K76_C22","2000_2005","2011_2015",10,"doe_zone_5_EQI_Land+SM+PA+OB","0.00","0.49(-2.13,3.10)","1.50(-0.97,3.93)","1.74(-0.77,4.13)","2.11(-0.37,4.65)","0.7226","0.2217","0.1592","0.1027","1.0007","1.0006","1.0008","1.0014",1862,1804,1779,1873,2276,2194,2084,2319
"K70_K76_C22","2000_2005","2011_2015",10,"doe_zone_5_EQI_Built+SM+PA+OB","0.00","4.00(2.52,5.52)","3.70(2.26,5.16)","5.15(3.69,6.66)","5.42(3.85,7.05)","0.0002","0.0002","0.0002","0.0002","1.0010","1.0020","1.0023","1.0014",2755,2473,2347,2226,3034,2400,2627,2294
"K70_K76_C22","2000_2005","2011_2015",10,"doe_zone_5_EQI_Social+SM+PA+OB","0.00","-2.76(-5.15,-0.17)","-5.83(-8.02,-3.46)","-5.80(-8.04,-3.45)","-6.50(-8.98,-3.90)","0.0367","0.0002","0.0002","0.0002","1.0006","1.0010","1.0000","1.0003",2046,1814,1743,1783,2442,2382,2303,2330
"K70_K76_C22","2000_2005","2016_2020",15,"doe_zone_5_EQI+SM+PA+OB","0.00","4.03(1.81,6.30)","5.48(3.32,7.59)","6.05(3.94,8.22)","7.95(5.67,10.16)","0.0007","0.0002","0.0002","0.0002","1.0015","1.0021","1.0039","1.0036",1317,1108,969,895,2071,2006,1700,1648
"K70_K76_C22","2000_2005","2016_2020",15,"doe_zone_5_EQI_Air+SM+PA+OB","0.00","3.61(1.65,5.64)","2.71(0.77,4.72)","2.84(0.86,4.82)","3.64(1.47,5.85)","0.0002","0.0057","0.0027","0.0012","1.0019","1.0017","1.0008","1.0007",3021,2312,2006,1942,2844,2913,2576,2667
"K70_K76_C22","2000_2005","2016_2020",15,"doe_zone_5_EQI_Water+SM+PA+OB","0.00","0.23(-2.51,2.78)","1.96(-0.54,4.38)","1.90(-0.64,4.35)","1.61(-0.98,4.07)","0.8550","0.1152","0.1252","0.2077","1.0026","1.0015","1.0044","1.0038",1888,1839,1760,1816,1995,2243,2399,2018
"K70_K76_C22","2000_2005","2016_2020",15,"doe_zone_5_EQI_Land+SM+PA+OB","0.00","2.47(-0.45,5.33)","3.05(0.36,5.71)","3.38(0.66,6.12)","2.94(0.11,5.73)","0.0967","0.0252","0.0132","0.0442","1.0014","1.0017","1.0016","1.0015",2372,2249,2208,2241,2567,2766,2332,2361
"K70_K76_C22","2000_2005","2016_2020",15,"doe_zone_5_EQI_Built+SM+PA+OB","0.00","2.66(0.88,4.41)","3.85(2.00,5.69)","5.13(3.41,6.81)","5.36(3.52,7.28)","0.0017","0.0002","0.0002","0.0002","1.0005","1.0011","1.0010","1.0008",2355,2158,1927,2019,2787,2378,2441,2430
"K70_K76_C22","2000_2005","2016_2020",15,"doe_zone_5_EQI_Social+SM+PA+OB","0.00","-6.16(-8.78,-3.52)","-8.65(-11.29,-5.99)","-8.21(-10.82,-5.53)","-8.02(-10.83,-5.08)","0.0002","0.0002","0.0002","0.0002","1.0038","1.0023","1.0032","1.0034",2268,1898,1825,1817,2704,2606,2454,2516
"K70_K76_C22","2000_2005","2021_2024",20,"doe_zone_5_EQI+SM+PA+OB","0.00","4.44(1.28,7.53)","7.21(4.12,10.22)","7.67(4.56,10.62)","8.72(5.44,11.91)","0.0072","0.0002","0.0002","0.0002","1.0009","1.0014","1.0029","1.0034",1779,1335,1168,1056,2631,2310,2176,1853
"K70_K76_C22","2000_2005","2021_2024",20,"doe_zone_5_EQI_Air+SM+PA+OB","0.00","4.31(1.45,7.23)","4.32(1.46,7.08)","3.21(0.36,6.15)","3.93(0.73,7.11)","0.0022","0.0017","0.0277","0.0197","1.0020","1.0032","1.0039","1.0015",2117,2186,1651,1636,2944,2489,2620,2368
"K70_K76_C22","2000_2005","2021_2024",20,"doe_zone_5_EQI_Water+SM+PA+OB","0.00","-3.81(-7.23,-0.36)","0.35(-2.97,3.63)","1.44(-1.85,4.75)","1.50(-1.90,4.89)","0.0317","0.8280","0.3877","0.3917","1.0005","1.0007","0.9999","1.0008",2175,1825,1966,1952,2743,2443,2923,2439
"K70_K76_C22","2000_2005","2021_2024",20,"doe_zone_5_EQI_Land+SM+PA+OB","0.00","2.29(-1.63,6.44)","4.49(1.04,8.21)","3.52(0.06,7.14)","2.91(-0.64,6.65)","0.2542","0.0122","0.0482","0.1187","1.0014","1.0022","1.0019","1.0018",2157,1922,1881,1893,2425,2361,2398,2572
"K70_K76_C22","2000_2005","2021_2024",20,"doe_zone_5_EQI_Built+SM+PA+OB","0.00","3.60(1.19,6.11)","4.63(2.14,7.10)","6.87(4.39,9.19)","6.99(4.39,9.54)","0.0047","0.0002","0.0002","0.0002","1.0025","1.0018","1.0024","1.0011",2263,2253,2151,2363,2767,2582,2554,2596
"K70_K76_C22","2000_2005","2021_2024",20,"doe_zone_5_EQI_Social+SM+PA+OB","0.00","-3.99(-7.62,-0.37)","-10.65(-13.99,-7.20)","-9.38(-12.88,-5.90)","-9.91(-13.64,-6.15)","0.0362","0.0002","0.0002","0.0002","1.0018","1.0017","1.0023","1.0015",1920,1702,1581,1575,2409,2080,2139,1794
"K70_K76_C22","2000_2005","2006_2010",5,"doe_zone_6_EQI+SM+PA+OB","0.00","4.57(1.66,7.20)","5.15(2.30,7.77)","5.32(2.61,7.87)","7.31(4.34,10.20)","0.0007","0.0002","0.0002","0.0002","1.0006","1.0007","1.0008","1.0005",1694,1279,1221,1173,2372,1849,1639,1515
"K70_K76_C22","2000_2005","2006_2010",5,"doe_zone_6_EQI_Air+SM+PA+OB","0.00","0.63(-1.48,2.73)","-0.22(-2.50,2.09)","-0.07(-2.64,2.42)","1.78(-1.22,4.65)","0.5726","0.8505","0.9600","0.2292","1.0011","1.0006","1.0007","1.0015",2167,1958,1617,2050,2617,2538,2791,2622
"K70_K76_C22","2000_2005","2006_2010",5,"doe_zone_6_EQI_Water+SM+PA+OB","0.00","0.77(-1.70,3.15)","0.50(-2.37,3.22)","1.45(-1.23,4.03)","4.19(1.29,7.07)","0.5486","0.7176","0.2752","0.0032","1.0016","1.0010","1.0026","1.0016",2208,2080,1825,1705,2708,2811,2309,2238
"K70_K76_C22","2000_2005","2006_2010",5,"doe_zone_6_EQI_Land+SM+PA+OB","0.00","-0.21(-3.49,2.96)","0.33(-2.93,3.51)","-0.53(-3.72,2.73)","-1.09(-4.42,2.17)","0.9095","0.8225","0.7546","0.5121","1.0019","1.0019","1.0019","1.0018",2110,1849,1637,1710,3056,2497,2314,2444
"K70_K76_C22","2000_2005","2006_2010",5,"doe_zone_6_EQI_Built+SM+PA+OB","0.00","5.12(2.61,7.65)","4.76(2.31,7.11)","4.45(2.04,6.79)","5.84(3.37,8.32)","0.0002","0.0002","0.0002","0.0002","1.0005","1.0010","1.0013","1.0012",2587,1924,2020,1833,3204,2769,2876,2573
"K70_K76_C22","2000_2005","2006_2010",5,"doe_zone_6_EQI_Social+SM+PA+OB","0.00","-5.22(-7.95,-2.52)","-4.74(-7.46,-1.96)","-5.00(-7.93,-2.05)","-3.74(-6.91,-0.56)","0.0002","0.0007","0.0012","0.0222","1.0008","1.0011","1.0015","1.0005",1876,1569,1401,1433,2737,2594,2226,2433
"K70_K76_C22","2000_2005","2011_2015",10,"doe_zone_6_EQI+SM+PA+OB","0.00","3.04(0.03,6.12)","4.02(0.95,7.12)","4.43(1.33,7.51)","6.67(3.25,10.11)","0.0492","0.0117","0.0042","0.0002","1.0003","1.0013","1.0023","1.0019",2503,1715,1478,1322,2980,2653,1928,2134
"K70_K76_C22","2000_2005","2011_2015",10,"doe_zone_6_EQI_Air+SM+PA+OB","0.00","0.89(-1.58,3.30)","0.77(-1.95,3.30)","1.49(-1.47,4.47)","3.75(0.27,7.15)","0.4656","0.5536","0.3297","0.0377","1.0011","1.0019","1.0020","1.0012",1848,1857,1597,1469,2424,2494,2388,2413
"K70_K76_C22","2000_2005","2011_2015",10,"doe_zone_6_EQI_Water+SM+PA+OB","0.00","-0.47(-3.39,2.32)","0.66(-2.58,3.89)","0.77(-2.33,3.77)","4.92(1.69,8.24)","0.7691","0.6861","0.5891","0.0037","1.0021","1.0023","1.0028","1.0020",2001,1917,1738,1759,2621,2915,2469,2633
"K70_K76_C22","2000_2005","2011_2015",10,"doe_zone_6_EQI_Land+SM+PA+OB","0.00","-0.07(-3.71,3.57)","0.06(-3.65,3.66)","0.50(-3.19,4.24)","0.64(-3.08,4.23)","0.9625","0.9675","0.7941","0.7221","1.0024","1.0029","1.0029","1.0039",1744,1396,1397,1371,2455,2126,2000,1709
"K70_K76_C22","2000_2005","2011_2015",10,"doe_zone_6_EQI_Built+SM+PA+OB","0.00","4.62(1.58,7.57)","4.26(1.37,7.05)","4.87(2.04,7.73)","5.72(2.80,8.55)","0.0042","0.0022","0.0012","0.0002","1.0022","1.0018","1.0014","1.0028",2343,1879,1874,1784,2818,2689,2269,2320
"K70_K76_C22","2000_2005","2011_2015",10,"doe_zone_6_EQI_Social+SM+PA+OB","0.00","-1.12(-4.19,2.02)","-4.38(-7.45,-1.31)","-3.58(-6.79,-0.27)","-3.11(-6.85,0.55)","0.4851","0.0032","0.0322","0.1052","1.0006","1.0015","1.0046","1.0022",1829,1670,1325,1551,2335,2392,2242,2115
"K70_K76_C22","2000_2005","2016_2020",15,"doe_zone_6_EQI+SM+PA+OB","0.00","8.15(2.65,11.88)","7.20(-0.01,11.33)","7.94(1.98,11.78)","10.73(5.60,14.38)","0.0027","0.0507","0.0047","0.0002","1.3977","1.5138","1.4485","1.2571",8,7,8,12,35,32,31,36
"K70_K76_C22","2000_2005","2016_2020",15,"doe_zone_6_EQI_Air+SM+PA+OB","0.00","-0.11(-3.73,3.79)","-0.43(-4.06,3.36)","0.48(-3.92,4.57)","2.89(-1.62,6.84)","0.8710","0.8255","0.8305","0.1927","1.4038","1.3242","1.2354","1.0430",8,10,12,72,34,44,111,2100
"K70_K76_C22","2000_2005","2016_2020",15,"doe_zone_6_EQI_Water+SM+PA+OB","0.00","-0.09(-3.67,3.34)","3.40(-0.48,7.19)","2.71(-0.94,6.11)","5.53(1.55,9.33)","0.9835","0.0797","0.1447","0.0047","1.0377","1.0107","1.0232","1.0144",81,2225,195,759,2041,2707,2231,2516
"K70_K76_C22","2000_2005","2016_2020",15,"doe_zone_6_EQI_Land+SM+PA+OB","0.00","-0.20(-4.33,4.16)","0.30(-4.32,5.05)","1.17(-2.77,5.38)","-0.92(-5.13,3.11)","0.9060","0.9025","0.5926","0.6586","1.0836","1.2472","1.0551","1.0178",34,12,56,724,2288,63,2509,2099
"K70_K76_C22","2000_2005","2016_2020",15,"doe_zone_6_EQI_Built+SM+PA+OB","0.00","1.96(-2.25,5.86)","3.76(0.03,7.16)","3.71(-0.54,8.15)","6.92(3.35,10.41)","0.3662","0.0472","0.0877","0.0002","1.2077","1.0789","1.3304","1.0527",14,35,10,58,99,2121,42,2078
"K70_K76_C22","2000_2005","2016_2020",15,"doe_zone_6_EQI_Social+SM+PA+OB","0.00","-3.64(-9.22,4.19)","-4.67(-9.64,1.40)","-4.21(-9.05,1.28)","-1.51(-6.26,2.87)","0.4716","0.1747","0.1487","0.5316","1.5258","1.4956","1.4051","1.0776",7,8,8,40,33,33,35,1857
"K70_K76_C22","2000_2005","2021_2024",20,"doe_zone_6_EQI+SM+PA+OB","0.00","6.80(2.45,11.27)","4.75(0.35,9.02)","6.23(1.88,10.41)","8.62(3.82,13.41)","0.0027","0.0307","0.0042","0.0002","1.0006","1.0011","1.0014","1.0033",3338,2531,2035,1750,3219,2816,2577,2302
"K70_K76_C22","2000_2005","2021_2024",20,"doe_zone_6_EQI_Air+SM+PA+OB","0.00","2.45(-1.17,5.96)","0.26(-3.43,3.97)","2.30(-2.17,6.48)","4.25(-0.77,8.97)","0.1777","0.9000","0.3002","0.0997","1.0003","1.0006","1.0011","1.0000",2905,2837,2367,2757,3060,3185,3092,3063
"K70_K76_C22","2000_2005","2021_2024",20,"doe_zone_6_EQI_Water+SM+PA+OB","0.00","-0.43(-4.72,3.88)","3.28(-1.38,8.09)","3.92(-0.47,8.29)","7.89(3.19,12.52)","0.8410","0.1637","0.0757","0.0027","1.0009","1.0003","1.0014","1.0010",3045,2936,2700,2414,3016,3111,3065,2728
"K70_K76_C22","2000_2005","2021_2024",20,"doe_zone_6_EQI_Land+SM+PA+OB","0.00","0.46(-4.41,5.29)","0.14(-4.75,4.84)","-0.57(-5.45,4.15)","1.62(-3.22,6.26)","0.8390","0.9550","0.8180","0.4956","1.0002","1.0014","1.0012","1.0002",3188,2220,2020,1991,3113,2757,2711,2672
"K70_K76_C22","2000_2005","2021_2024",20,"doe_zone_6_EQI_Built+SM+PA+OB","0.00","7.33(2.80,11.71)","6.73(2.56,10.83)","5.52(1.26,9.68)","8.87(4.83,12.81)","0.0012","0.0012","0.0082","0.0002","1.0000","1.0009","1.0020","1.0016",3281,2494,2385,2303,2639,3149,2356,2829
"K70_K76_C22","2000_2005","2021_2024",20,"doe_zone_6_EQI_Social+SM+PA+OB","0.00","-2.35(-6.83,2.05)","-7.61(-11.94,-3.46)","-5.33(-9.84,-0.74)","-4.51(-9.44,0.37)","0.3017","0.0007","0.0207","0.0747","1.0018","1.0035","1.0052","1.0054",3165,2339,2013,1957,3407,3229,3173,3136
"K70_K76_C22","2000_2005","2006_2010",5,"doe_zone_7_EQI+SM+PA+OB","0.00","0.65(-4.53,5.69)","1.30(-3.31,5.71)","-0.10(-4.51,4.36)","0.67(-6.11,7.39)","0.7976","0.5706","0.9755","0.8485","1.0019","1.0019","1.0024","1.0002",1189,1341,1220,3138,2681,2023,2422,2983
"K70_K76_C22","2000_2005","2006_2010",5,"doe_zone_7_EQI_Air+SM+PA+OB","0.00","-0.84(-4.91,3.27)","-0.85(-5.98,4.52)","2.84(-2.98,8.56)","0.02(-9.94,10.04)","0.6781","0.7611","0.3577","0.9990","0.9996","1.0013","1.0005","1.0004",4345,4325,5045,5650,3195,2875,3351,2870
"K70_K76_C22","2000_2005","2006_2010",5,"doe_zone_7_EQI_Water+SM+PA+OB","0.00","-3.12(-7.83,1.51)","0.60(-4.93,6.11)","5.70(0.24,11.09)","-1.05(-6.60,4.27)","0.1902","0.8300","0.0387","0.6961","1.0015","1.0006","1.0008","1.0001",3174,2927,2762,3490,3330,3129,2460,2695
"K70_K76_C22","2000_2005","2006_2010",5,"doe_zone_7_EQI_Land+SM+PA+OB","0.00","1.83(-3.74,7.18)","3.49(-1.67,8.54)","1.18(-3.53,5.91)","0.02(-4.89,4.78)","0.5171","0.1807","0.6311","0.9885","1.0002","1.0026","0.9999","0.9999",3859,3238,3005,3064,3277,3179,3387,3196
"K70_K76_C22","2000_2005","2006_2010",5,"doe_zone_7_EQI_Built+SM+PA+OB","0.00","1.52(-4.36,7.20)","2.44(-2.82,7.67)","-0.27(-5.15,4.69)","2.81(-2.03,7.51)","0.6066","0.3707","0.9255","0.2562","0.9998","1.0002","1.0001","0.9999",3785,3619,3721,2997,2804,3273,3095,2748
"K70_K76_C22","2000_2005","2006_2010",5,"doe_zone_7_EQI_Social+SM+PA+OB","0.00","0.27(-4.77,5.50)","-0.72(-5.51,4.31)","0.63(-4.88,6.25)","5.87(-0.55,12.38)","0.9530","0.7521","0.8290","0.0727","1.0011","0.9996","1.0006","1.0002",3058,2503,3605,3658,2259,2381,3419,2972
"K70_K76_C22","2000_2005","2011_2015",10,"doe_zone_7_EQI+SM+PA+OB","0.00","2.85(-1.68,7.29)","3.81(-0.43,7.85)","2.68(-1.74,6.82)","2.09(-4.26,8.28)","0.2107","0.0802","0.2172","0.5186","1.0005","1.0005","0.9999","1.0002",3253,2631,2621,2715,3274,2743,2712,2885
"K70_K76_C22","2000_2005","2011_2015",10,"doe_zone_7_EQI_Air+SM+PA+OB","0.00","-0.31(-4.14,3.67)","-0.38(-5.13,4.40)","2.98(-2.41,8.30)","0.10(-9.36,9.70)","0.8810","0.8890","0.2782","0.9775","1.0004","1.0002","1.0006","1.0006",4100,5228,4936,5991,3162,3296,2664,2470
"K70_K76_C22","2000_2005","2011_2015",10,"doe_zone_7_EQI_Water+SM+PA+OB","0.00","-0.70(-5.06,3.72)","1.66(-3.59,6.61)","6.46(1.50,11.52)","2.47(-3.06,7.90)","0.7556","0.5281","0.0132","0.3682","1.0000","0.9996","1.0019","1.0000",2828,2899,2917,2896,2966,2946,3328,2841
"K70_K76_C22","2000_2005","2011_2015",10,"doe_zone_7_EQI_Land+SM+PA+OB","0.00","1.35(-3.77,6.60)","2.50(-2.36,7.33)","0.05(-4.42,4.68)","0.17(-4.74,4.91)","0.6281","0.3112","0.9950","0.9345","1.0018","1.0010","1.0023","1.0008",3518,3207,2918,2964,2868,2908,3007,2924
"K70_K76_C22","2000_2005","2011_2015",10,"doe_zone_7_EQI_Built+SM+PA+OB","0.00","1.88(-3.54,7.26)","5.52(0.40,10.55)","4.45(-0.31,8.95)","6.74(2.21,11.37)","0.4761","0.0347","0.0652","0.0067","1.0005","1.0013","1.0007","1.0015",4293,3266,3071,2398,3065,3061,3484,3137
"K70_K76_C22","2000_2005","2011_2015",10,"doe_zone_7_EQI_Social+SM+PA+OB","0.00","2.96(-1.69,7.45)","2.78(-1.56,7.06)","1.57(-3.20,6.61)","6.95(0.87,12.76)","0.1877","0.2022","0.5341","0.0222","1.0003","0.9998","1.0015","1.0023",3055,2403,2388,2503,3059,3210,2985,2951
"K70_K76_C22","2000_2005","2016_2020",15,"doe_zone_7_EQI+SM+PA+OB","0.00","1.41(-4.19,6.96)","3.58(-1.58,8.74)","1.68(-3.39,6.51)","3.28(-4.03,10.61)","0.6301","0.1652","0.5086","0.3812","1.0004","1.0009","1.0003","1.0010",2885,2796,2630,2891,2995,2351,3019,2617
"K70_K76_C22","2000_2005","2016_2020",15,"doe_zone_7_EQI_Air+SM+PA+OB","0.00","-1.97(-6.60,2.85)","-1.15(-7.35,5.12)","2.55(-4.39,9.50)","0.05(-9.88,10.19)","0.4076","0.7341","0.4806","0.9995","1.0003","1.0008","1.0022","1.0007",4684,5187,5583,5569,3191,2898,2705,2542
"K70_K76_C22","2000_2005","2016_2020",15,"doe_zone_7_EQI_Water+SM+PA+OB","0.00","-1.04(-5.93,3.98)","2.84(-3.14,8.90)","7.08(1.13,13.08)","3.27(-2.71,8.99)","0.6986","0.3422","0.0212","0.2707","1.0014","1.0021","1.0002","1.0015",3037,3209,2968,3696,3223,2809,2866,3167
"K70_K76_C22","2000_2005","2016_2020",15,"doe_zone_7_EQI_Land+SM+PA+OB","0.00","2.94(-3.16,9.13)","3.06(-2.61,8.57)","1.80(-3.49,7.12)","1.93(-3.51,7.52)","0.3622","0.2827","0.5076","0.4951","0.9995","1.0007","1.0006","1.0010",4064,3474,3340,3247,3165,2789,3156,3171
"K70_K76_C22","2000_2005","2016_2020",15,"doe_zone_7_EQI_Built+SM+PA+OB","0.00","3.18(-2.94,9.37)","3.36(-2.52,9.04)","2.94(-2.75,8.46)","5.63(-0.03,11.19)","0.3132","0.2517","0.3002","0.0507","1.0009","1.0000","1.0001","1.0003",4736,3979,3742,3188,2722,3297,3143,3015
"K70_K76_C22","2000_2005","2016_2020",15,"doe_zone_7_EQI_Social+SM+PA+OB","0.00","-0.76(-6.38,4.88)","-0.69(-5.94,4.54)","0.11(-5.80,5.95)","6.04(-0.79,12.88)","0.7901","0.7921","0.9690","0.0842","1.0015","1.0007","1.0015","1.0001",3363,3091,3455,3405,2710,3052,2973,2855
"K70_K76_C22","2000_2005","2021_2024",20,"doe_zone_7_EQI+SM+PA+OB","0.00","-0.47(-7.03,6.54)","3.18(-2.80,9.38)","1.50(-4.88,7.91)","2.53(-6.11,11.17)","0.8910","0.3182","0.6471","0.5506","1.0001","1.0011","1.0022","1.0017",3105,3102,3170,2775,2793,3151,2805,2665
"K70_K76_C22","2000_2005","2021_2024",20,"doe_zone_7_EQI_Air+SM+PA+OB","0.00","0.04(-6.39,6.41)","-0.22(-7.62,7.31)","4.01(-4.28,12.45)","0.08(-9.95,10.16)","0.9955","0.9455","0.3432","0.9825","1.0012","1.0002","1.0004","1.0026",4993,4516,5201,5644,3143,2839,2868,2654
"K70_K76_C22","2000_2005","2021_2024",20,"doe_zone_7_EQI_Water+SM+PA+OB","0.00","-2.42(-8.80,4.07)","-0.98(-8.05,6.32)","6.22(-0.82,13.33)","0.88(-6.43,8.11)","0.4566","0.7886","0.0787","0.8110","1.0003","1.0015","1.0018","1.0013",3532,3952,3301,3731,2871,2933,2832,3069
"K70_K76_C22","2000_2005","2021_2024",20,"doe_zone_7_EQI_Land+SM+PA+OB","0.00","2.53(-4.85,9.67)","3.69(-3.33,10.52)","3.04(-3.88,9.90)","2.63(-4.32,9.80)","0.4886","0.2977","0.3747","0.4636","1.0009","1.0013","1.0003","1.0006",3988,3706,4226,3721,2889,2818,2874,3176
"K70_K76_C22","2000_2005","2021_2024",20,"doe_zone_7_EQI_Built+SM+PA+OB","0.00","2.37(-5.12,9.82)","1.50(-5.42,8.67)","2.61(-4.07,9.16)","3.84(-2.85,10.64)","0.5521","0.6851","0.4506","0.2592","1.0005","0.9997","1.0008","1.0015",4519,3972,4143,3013,3079,3084,3147,2699
"K70_K76_C22","2000_2005","2021_2024",20,"doe_zone_7_EQI_Social+SM+PA+OB","0.00","-0.74(-7.30,5.83)","-0.72(-6.82,5.45)","-0.41(-7.27,6.13)","5.06(-2.68,13.17)","0.8205","0.8240","0.9045","0.1912","1.0009","1.0014","1.0004","1.0013",4096,4049,3626,3643,2901,2910,3497,3148
"K70_K76_C22","2000_2005","2006_2010",5,"Economic_type_1_EQI+SM+PA+OB","0.00","4.34(2.25,6.34)","5.27(2.54,7.93)","4.72(1.00,8.29)","2.60(-4.44,9.68)","0.0002","0.0002","0.0142","0.4781","1.0008","1.0013","1.0024","0.9999",3637,2067,2891,3640,2536,2972,2731,3185
"K70_K76_C22","2000_2005","2006_2010",5,"Economic_type_1_EQI_Air+SM+PA+OB","0.00","-0.57(-2.96,1.73)","1.55(-2.03,5.13)","3.48(-1.28,8.08)","-0.11(-10.05,9.56)","0.6676","0.4056","0.1487","0.9830","1.0009","1.0009","1.0005","1.0016",4375,5453,4749,7005,3160,2638,3038,2523
"K70_K76_C22","2000_2005","2006_2010",5,"Economic_type_1_EQI_Water+SM+PA+OB","0.00","-1.46(-3.83,0.97)","2.41(-0.55,5.44)","2.28(-0.62,5.24)","1.74(-1.47,5.14)","0.2297","0.1097","0.1197","0.2947","0.9996","0.9997","1.0011","0.9999",2907,3085,2807,3132,3186,2946,2526,3078
"K70_K76_C22","2000_2005","2006_2010",5,"Economic_type_1_EQI_Land+SM+PA+OB","0.00","-0.47(-3.59,2.67)","0.26(-2.64,3.05)","-1.24(-4.09,1.55)","-0.41(-3.48,2.55)","0.7736","0.8485","0.3902","0.8055","1.0007","1.0014","1.0024","1.0007",3391,2659,2184,2301,3076,3110,2741,2623
"K70_K76_C22","2000_2005","2006_2010",5,"Economic_type_1_EQI_Built+SM+PA+OB","0.00","3.30(1.16,5.40)","2.29(-0.35,4.89)","2.52(-0.09,5.13)","5.19(0.49,9.85)","0.0022","0.0897","0.0567","0.0322","1.0025","1.0015","1.0015","1.0009",5013,4672,4778,6631,3022,3294,3523,2869
"K70_K76_C22","2000_2005","2006_2010",5,"Economic_type_1_EQI_Social+SM+PA+OB","0.00","-3.39(-5.87,-0.90)","-2.59(-5.48,0.36)","-0.70(-3.63,2.36)","1.38(-2.61,5.38)","0.0082","0.0772","0.6551","0.4821","0.9997","1.0001","1.0004","1.0002",2866,2650,2825,2677,3141,3188,3192,3193
"K70_K76_C22","2000_2005","2011_2015",10,"Economic_type_1_EQI+SM+PA+OB","0.00","4.22(2.01,6.46)","5.72(2.97,8.63)","6.44(2.73,10.24)","3.51(-3.38,10.60)","0.0002","0.0017","0.0017","0.3357","0.9993","1.0022","1.0017","1.0007",5388,4944,4887,6928,3020,3057,2956,3141
"K70_K76_C22","2000_2005","2011_2015",10,"Economic_type_1_EQI_Air+SM+PA+OB","0.00","0.70(-1.87,3.19)","1.69(-2.08,5.47)","3.29(-1.37,8.04)","0.06(-9.57,9.51)","0.6016","0.3657","0.1827","0.9965","1.0020","1.0012","1.0015","1.0003",5637,6194,7798,8992,2950,3061,3290,2666
"K70_K76_C22","2000_2005","2011_2015",10,"Economic_type_1_EQI_Water+SM+PA+OB","0.00","-0.07(-2.61,2.51)","2.75(-0.32,5.79)","1.69(-1.11,4.59)","3.15(-0.14,6.47)","0.9515","0.0742","0.2592","0.0637","1.0006","1.0009","1.0007","1.0006",4220,3718,3545,4557,2935,2979,2975,2783
"K70_K76_C22","2000_2005","2011_2015",10,"Economic_type_1_EQI_Land+SM+PA+OB","0.00","2.57(-0.84,5.93)","1.78(-1.22,4.74)","1.31(-1.78,4.24)","2.71(-0.38,5.88)","0.1387","0.2497","0.3832","0.0832","1.0012","1.0002","1.0002","1.0011",4318,3913,3493,3597,2719,3101,2768,3052
"K70_K76_C22","2000_2005","2011_2015",10,"Economic_type_1_EQI_Built+SM+PA+OB","0.00","3.79(1.54,6.02)","3.66(0.82,6.49)","5.61(2.54,8.60)","4.24(-0.39,8.95)","0.0022","0.0122","0.0007","0.0717","1.0004","1.0004","1.0014","0.9999",6315,6248,6585,9469,3060,3537,3353,2879
"K70_K76_C22","2000_2005","2011_2015",10,"Economic_type_1_EQI_Social+SM+PA+OB","0.00","-0.22(-2.84,2.48)","-1.82(-4.89,1.16)","-1.35(-4.41,1.71)","-0.17(-4.26,3.94)","0.8760","0.2377","0.3907","0.9225","1.0005","1.0000","1.0000","0.9995",3629,3225,2982,3457,3268,3320,3542,3286
"K70_K76_C22","2000_2005","2016_2020",15,"Economic_type_1_EQI+SM+PA+OB","0.00","5.34(2.51,8.07)","5.78(2.39,9.12)","4.98(0.36,9.46)","4.55(-3.42,12.55)","0.0007","0.0017","0.0337","0.2827","1.0007","1.0005","1.0000","1.0009",2785,2586,3981,5430,2411,2895,3003,2669
"K70_K76_C22","2000_2005","2016_2020",15,"Economic_type_1_EQI_Air+SM+PA+OB","0.00","-0.94(-3.99,2.18)","1.13(-3.40,5.50)","2.95(-2.99,8.68)","0.06(-9.93,9.96)","0.5401","0.6301","0.3147","0.9860","1.0002","1.0005","1.0009","1.0011",2665,2845,4420,5680,2990,3180,2580,2844
"K70_K76_C22","2000_2005","2016_2020",15,"Economic_type_1_EQI_Water+SM+PA+OB","0.00","0.83(-2.35,4.01)","6.60(2.77,10.43)","6.59(2.69,10.52)","3.97(-0.34,8.28)","0.6131","0.0012","0.0017","0.0682","1.0008","1.0009","1.0015","1.0011",2139,2254,2236,2717,2773,2805,2940,3049
"K70_K76_C22","2000_2005","2016_2020",15,"Economic_type_1_EQI_Land+SM+PA+OB","0.00","0.91(-2.85,4.79)","0.66(-2.92,4.22)","1.81(-1.87,5.56)","1.85(-1.86,5.63)","0.6391","0.7216","0.3482","0.3457","1.0013","1.0017","1.0007","1.0015",3046,2063,2377,2054,3006,3005,2919,2675
"K70_K76_C22","2000_2005","2016_2020",15,"Economic_type_1_EQI_Built+SM+PA+OB","0.00","2.48(-0.17,5.08)","2.92(-0.37,6.18)","4.65(1.17,8.17)","2.84(-2.53,8.21)","0.0682","0.0822","0.0122","0.3097","1.0001","1.0008","1.0008","1.0006",3236,4013,4054,4627,3021,3331,2886,2772
"K70_K76_C22","2000_2005","2016_2020",15,"Economic_type_1_EQI_Social+SM+PA+OB","0.00","-0.69(-4.05,2.45)","-1.09(-4.66,2.51)","0.11(-3.72,3.86)","3.00(-1.98,7.93)","0.6776","0.5446","0.9455","0.2142","1.0014","1.0006","1.0005","1.0007",2187,2167,2197,2314,3026,3153,2644,2715
"K70_K76_C22","2000_2005","2021_2024",20,"Economic_type_1_EQI+SM+PA+OB","0.00","5.58(2.11,9.05)","5.63(1.09,10.08)","5.48(-0.26,11.44)","3.02(-5.63,11.71)","0.0047","0.0137","0.0622","0.4876","1.0017","1.0003","1.0007","1.0010",4139,3931,3747,3611,2873,2996,2832,2922
"K70_K76_C22","2000_2005","2021_2024",20,"Economic_type_1_EQI_Air+SM+PA+OB","0.00","-1.68(-5.49,2.24)","-1.62(-7.32,3.83)","0.92(-5.71,7.72)","-0.02(-9.85,10.13)","0.4016","0.5701","0.7966","0.9845","1.0003","1.0010","1.0030","1.0025",4684,4550,5075,6661,3067,2731,3117,2493
"K70_K76_C22","2000_2005","2021_2024",20,"Economic_type_1_EQI_Water+SM+PA+OB","0.00","-2.96(-6.77,1.06)","3.81(-0.72,8.36)","7.68(3.20,12.29)","3.51(-1.39,8.41)","0.1477","0.0982","0.0007","0.1737","1.0002","1.0002","1.0006","0.9999",3609,3482,3454,3485,2979,3227,2694,2976
"K70_K76_C22","2000_2005","2021_2024",20,"Economic_type_1_EQI_Land+SM+PA+OB","0.00","1.26(-3.77,5.98)","3.46(-1.07,7.82)","3.03(-1.62,7.64)","6.44(1.79,10.85)","0.5961","0.1302","0.1867","0.0027","1.0003","1.0007","1.0007","1.0005",3730,3249,2856,2926,3362,2643,2755,3023
"K70_K76_C22","2000_2005","2021_2024",20,"Economic_type_1_EQI_Built+SM+PA+OB","0.00","3.89(0.24,7.61)","6.25(1.73,10.65)","7.17(2.62,11.82)","3.80(-2.91,10.68)","0.0352","0.0062","0.0017","0.2722","1.0000","1.0011","1.0008","1.0000",5101,4871,5834,6127,2941,3208,2986,2698
"K70_K76_C22","2000_2005","2021_2024",20,"Economic_type_1_EQI_Social+SM+PA+OB","0.00","-1.89(-5.99,2.14)","-4.88(-9.10,-0.69)","-1.68(-6.17,2.83)","1.40(-4.31,7.16)","0.3592","0.0267","0.4731","0.6306","1.0006","1.0000","1.0007","0.9999",3256,3005,3425,2958,2861,3551,3402,3104
"K70_K76_C22","2000_2005","2006_2010",5,"Economic_type_2_EQI+SM+PA+OB","0.00","1.23(-2.43,4.79)","1.40(-3.09,5.90)","-1.05(-6.74,4.68)","1.75(-5.40,8.83)","0.5101","0.5186","0.7246","0.6436","1.0015","1.0012","1.0028","1.0012",3419,2443,1463,3293,2827,2360,2521,2988
"K70_K76_C22","2000_2005","2006_2010",5,"Economic_type_2_EQI_Air+SM+PA+OB","0.00","-2.15(-6.53,1.98)","-0.12(-4.64,4.25)","-1.24(-6.36,3.78)","0.10(-6.64,6.81)","0.3312","0.9830","0.6491","0.9750","1.0017","1.0021","1.0012","1.0017",1340,1210,1054,1630,2096,2171,2096,2644
"K70_K76_C22","2000_2005","2006_2010",5,"Economic_type_2_EQI_Water+SM+PA+OB","0.00","-0.25(-4.83,4.32)","4.58(-1.18,10.02)","7.45(2.58,12.35)","5.02(0.20,9.80)","0.9060","0.1127","0.0042","0.0432","1.0032","1.0014","1.0022","1.0026",2139,2080,1838,2490,2793,2307,2475,2946
"K70_K76_C22","2000_2005","2006_2010",5,"Economic_type_2_EQI_Land+SM+PA+OB","0.00","0.26(-3.37,3.67)","4.17(-0.04,8.35)","1.49(-3.47,6.48)","5.84(-0.46,11.99)","0.8740","0.0552","0.5386","0.0667","1.0012","1.0009","1.0008","1.0010",4037,3970,3093,3209,2846,3065,3306,3168
"K70_K76_C22","2000_2005","2006_2010",5,"Economic_type_2_EQI_Built+SM+PA+OB","0.00","2.25(-1.91,6.26)","-0.08(-3.88,3.74)","3.13(-0.79,7.15)","4.21(-0.61,9.04)","0.2827","0.9600","0.1292","0.0847","1.0001","1.0004","1.0008","1.0027",3968,3263,3003,2393,3272,3039,2873,2939
"K70_K76_C22","2000_2005","2006_2010",5,"Economic_type_2_EQI_Social+SM+PA+OB","0.00","-1.14(-5.03,2.81)","-5.32(-9.70,-0.81)","-5.18(-10.58,0.30)","-5.75(-12.93,1.62)","0.5601","0.0207","0.0657","0.1147","1.0008","0.9995","1.0012","1.0009",3357,2421,2960,2797,3232,2871,3116,3183
"K70_K76_C22","2000_2005","2011_2015",10,"Economic_type_2_EQI+SM+PA+OB","0.00","2.20(-1.85,6.10)","0.52(-4.07,5.23)","0.61(-5.08,6.08)","5.07(-2.56,12.59)","0.2877","0.8430","0.8340","0.1857","1.0010","1.0016","1.0030","0.9997",3333,2792,2759,3776,2885,2769,2894,3109
"K70_K76_C22","2000_2005","2011_2015",10,"Economic_type_2_EQI_Air+SM+PA+OB","0.00","-0.07(-4.38,4.30)","0.52(-3.88,4.95)","-2.47(-7.34,2.48)","-0.79(-7.61,6.30)","0.9580","0.8200","0.3057","0.8225","1.0019","1.0000","1.0004","1.0014",3405,3012,3094,4647,2683,3114,2645,3261
"K70_K76_C22","2000_2005","2011_2015",10,"Economic_type_2_EQI_Water+SM+PA+OB","0.00","-3.69(-8.36,0.81)","3.22(-2.24,8.49)","5.67(0.74,10.63)","4.09(-0.69,8.72)","0.0992","0.2367","0.0252","0.0842","1.0023","1.0011","1.0008","1.0016",3281,3539,3198,3097,2414,2822,3085,2665
"K70_K76_C22","2000_2005","2011_2015",10,"Economic_type_2_EQI_Land+SM+PA+OB","0.00","1.71(-2.57,5.75)","2.82(-1.51,7.29)","2.79(-2.15,7.72)","2.73(-3.45,8.90)","0.4036","0.1982","0.2827","0.4091","1.0001","1.0007","1.0003","1.0005",4296,3642,3408,4185,3221,3032,3234,3393
"K70_K76_C22","2000_2005","2011_2015",10,"Economic_type_2_EQI_Built+SM+PA+OB","0.00","2.00(-2.58,6.57)","-0.49(-4.80,3.76)","4.40(-0.28,9.03)","4.32(-0.98,9.60)","0.3892","0.8340","0.0657","0.1072","1.0007","1.0006","0.9997","1.0000",3823,3614,4192,3377,3106,3226,3297,3450
"K70_K76_C22","2000_2005","2011_2015",10,"Economic_type_2_EQI_Social+SM+PA+OB","0.00","1.98(-2.20,6.12)","-3.14(-7.88,1.87)","-1.30(-6.75,4.32)","-0.55(-7.84,6.66)","0.3307","0.2077","0.6466","0.8810","1.0009","1.0013","1.0009","1.0004",3626,3451,3659,3792,2675,3037,3218,2721
"K70_K76_C22","2000_2005","2016_2020",15,"Economic_type_2_EQI+SM+PA+OB","0.00","1.36(-2.94,5.58)","1.36(-3.85,6.57)","-0.42(-6.30,5.79)","1.53(-5.98,9.48)","0.5411","0.5991","0.8950","0.7171","1.0005","1.0002","1.0028","1.0005",4506,3671,2865,4144,3264,3271,2897,3032
"K70_K76_C22","2000_2005","2016_2020",15,"Economic_type_2_EQI_Air+SM+PA+OB","0.00","-0.24(-5.13,4.73)","0.00(-5.03,4.92)","-1.82(-7.20,3.65)","-0.77(-8.57,7.28)","0.9280","0.9945","0.5146","0.8425","0.9999","1.0001","1.0002","1.0009",4212,4260,3164,4508,3185,3395,3256,2777
"K70_K76_C22","2000_2005","2016_2020",15,"Economic_type_2_EQI_Water+SM+PA+OB","0.00","-1.70(-7.27,3.78)","2.37(-3.90,8.56)","6.82(0.89,12.52)","5.14(-1.21,11.14)","0.5371","0.4561","0.0247","0.1182","0.9999","1.0001","1.0004","1.0015",3155,3756,4095,1820,3287,3244,3055,2549
"K70_K76_C22","2000_2005","2016_2020",15,"Economic_type_2_EQI_Land+SM+PA+OB","0.00","2.76(-1.96,7.42)","2.48(-2.48,7.35)","2.47(-3.16,8.02)","0.47(-6.09,7.26)","0.2632","0.3142","0.3802","0.8850","1.0011","1.0005","1.0022","1.0006",5064,4264,3539,4645,3133,3546,3219,3012
"K70_K76_C22","2000_2005","2016_2020",15,"Economic_type_2_EQI_Built+SM+PA+OB","0.00","-0.21(-5.06,4.89)","-0.51(-5.35,4.37)","1.92(-3.53,7.15)","3.41(-2.58,9.33)","0.9360","0.8140","0.4821","0.2477","1.0001","1.0009","1.0005","1.0016",4405,3839,3939,3277,3516,2995,3221,3103
"K70_K76_C22","2000_2005","2016_2020",15,"Economic_type_2_EQI_Social+SM+PA+OB","0.00","0.16(-4.47,5.07)","-3.72(-9.05,1.75)","-4.68(-10.99,1.73)","-3.13(-10.86,4.67)","0.9590","0.1802","0.1562","0.4306","1.0018","1.0012","1.0005","1.0002",4232,4008,3791,4597,3152,3006,3245,2812
"K70_K76_C22","2000_2005","2021_2024",20,"Economic_type_2_EQI+SM+PA+OB","0.00","3.13(-3.09,9.29)","0.93(-5.49,7.46)","-0.93(-8.57,6.61)","0.54(-8.20,9.44)","0.3497","0.7776","0.8135","0.9150","0.9998","1.0014","1.0004","1.0000",4137,3708,3999,4708,3169,3101,3337,2899
"K70_K76_C22","2000_2005","2021_2024",20,"Economic_type_2_EQI_Air+SM+PA+OB","0.00","-0.60(-7.27,6.21)","0.23(-6.13,6.53)","-2.73(-9.87,4.15)","-2.26(-10.95,6.70)","0.8565","0.9380","0.4496","0.6246","1.0002","1.0014","1.0007","1.0012",4269,3454,3623,5160,3089,3054,2837,3261
"K70_K76_C22","2000_2005","2021_2024",20,"Economic_type_2_EQI_Water+SM+PA+OB","0.00","-0.92(-7.66,5.84)","-1.66(-8.78,5.61)","8.32(1.25,15.54)","5.27(-1.68,11.91)","0.7926","0.6511","0.0192","0.1312","1.0015","1.0006","1.0025","1.0009",4447,3667,3350,3847,2948,2980,3037,2987
"K70_K76_C22","2000_2005","2021_2024",20,"Economic_type_2_EQI_Land+SM+PA+OB","0.00","2.67(-3.82,9.27)","3.89(-2.71,10.70)","1.50(-5.59,8.56)","2.14(-6.25,10.11)","0.4106","0.2527","0.6776","0.6156","1.0001","1.0004","1.0006","1.0003",4665,3987,4019,3858,3044,3304,3144,3275
"K70_K76_C22","2000_2005","2021_2024",20,"Economic_type_2_EQI_Built+SM+PA+OB","0.00","1.54(-5.18,8.51)","0.06(-6.46,6.47)","0.92(-6.05,7.60)","1.15(-6.04,8.24)","0.6611","0.9960","0.8035","0.7526","0.9999","1.0005","1.0004","1.0021",3704,3954,4381,3981,2719,2922,3147,3191
"K70_K76_C22","2000_2005","2021_2024",20,"Economic_type_2_EQI_Social+SM+PA+OB","0.00","-0.76(-7.26,5.67)","-3.33(-10.29,3.71)","-1.44(-9.36,6.38)","-1.83(-10.55,6.85)","0.8085","0.3387","0.7071","0.6801","1.0010","1.0018","1.0009","1.0019",3451,3847,3691,4069,2949,3158,3030,2935
"K70_K76_C22","2000_2005","2006_2010",5,"Economic_type_3_EQI+SM+PA+OB","0.00","0.73(-0.55,2.04)","1.15(-0.13,2.43)","1.54(0.17,2.86)","2.30(0.83,3.78)","0.2672","0.0737","0.0272","0.0037","0.9998","1.0010","1.0021","1.0014",2081,1673,1526,1552,2764,2067,2077,1749
"K70_K76_C22","2000_2005","2006_2010",5,"Economic_type_3_EQI_Air+SM+PA+OB","0.00","1.50(-0.67,3.56)","2.16(0.09,4.20)","2.44(0.26,4.42)","3.58(1.37,5.60)","0.1592","0.0447","0.0332","0.0022","1.0019","1.0033","1.0032","1.0026",1313,1242,1180,1192,1881,1804,2053,2051
"K70_K76_C22","2000_2005","2006_2010",5,"Economic_type_3_EQI_Water+SM+PA+OB","0.00","1.21(-0.33,2.68)","0.82(-0.63,2.20)","0.26(-1.18,1.69)","0.22(-1.36,1.78)","0.1202","0.2587","0.7056","0.7686","1.0022","1.0022","1.0041","1.0026",1389,1359,1337,1363,2023,2186,2197,2169
"K70_K76_C22","2000_2005","2006_2010",5,"Economic_type_3_EQI_Land+SM+PA+OB","0.00","-0.18(-1.16,0.79)","-0.34(-1.40,0.72)","-0.52(-1.76,0.70)","0.01(-1.25,1.33)","0.7226","0.5326","0.3972","0.9970","1.0006","1.0014","1.0018","1.0011",2341,1966,1964,1740,2573,2833,2221,2373
"K70_K76_C22","2000_2005","2006_2010",5,"Economic_type_3_EQI_Built+SM+PA+OB","0.00","0.74(-0.28,1.69)","0.39(-0.58,1.35)","1.49(0.46,2.56)","1.68(0.41,2.91)","0.1357","0.4206","0.0037","0.0072","0.9998","1.0010","1.0006","1.0007",2088,1674,1693,1977,3178,2409,2624,2702
"K70_K76_C22","2000_2005","2006_2010",5,"Economic_type_3_EQI_Social+SM+PA+OB","0.00","0.06(-1.10,1.18)","-0.74(-2.04,0.56)","-0.92(-2.37,0.44)","-2.02(-3.63,-0.40)","0.9195","0.2512","0.1872","0.0152","1.0008","1.0015","1.0006","1.0006",2667,1799,1812,1835,3009,2587,2417,2574
"K70_K76_C22","2000_2005","2011_2015",10,"Economic_type_3_EQI+SM+PA+OB","0.00","1.52(0.16,2.84)","2.70(1.32,4.07)","2.64(1.17,4.08)","3.55(1.89,5.15)","0.0292","0.0002","0.0007","0.0002","1.0012","1.0011","1.0017","1.0023",1908,1680,1500,1475,2895,2522,2202,2334
"K70_K76_C22","2000_2005","2011_2015",10,"Economic_type_3_EQI_Air+SM+PA+OB","0.00","0.02(-2.61,2.61)","1.50(-1.05,4.01)","2.20(-0.37,4.66)","3.57(0.90,6.12)","0.9955","0.2537","0.0922","0.0092","1.0059","1.0059","1.0058","1.0052",1442,1393,1403,1396,1629,1819,1944,1930
"K70_K76_C22","2000_2005","2011_2015",10,"Economic_type_3_EQI_Water+SM+PA+OB","0.00","-0.73(-2.23,0.76)","-0.96(-2.41,0.53)","-1.14(-2.62,0.37)","-1.71(-3.31,-0.12)","0.3267","0.2067","0.1292","0.0347","1.0007","1.0007","1.0002","1.0005",1717,1624,1594,1605,2885,2490,2379,2555
"K70_K76_C22","2000_2005","2011_2015",10,"Economic_type_3_EQI_Land+SM+PA+OB","0.00","0.38(-0.63,1.39)","0.08(-1.03,1.17)","0.08(-1.18,1.31)","0.40(-0.94,1.71)","0.4446","0.8770","0.8965","0.5541","1.0025","1.0012","1.0015","1.0013",2668,2215,2202,2200,3085,2842,2753,2723
"K70_K76_C22","2000_2005","2011_2015",10,"Economic_type_3_EQI_Built+SM+PA+OB","0.00","0.67(-0.33,1.71)","0.75(-0.26,1.75)","1.77(0.69,2.85)","1.96(0.66,3.28)","0.1992","0.1592","0.0022","0.0027","1.0007","1.0004","1.0011","1.0011",2574,2211,2076,2316,3187,2854,2394,2729
"K70_K76_C22","2000_2005","2011_2015",10,"Economic_type_3_EQI_Social+SM+PA+OB","0.00","0.29(-0.91,1.47)","-0.64(-2.05,0.74)","-1.82(-3.36,-0.37)","-3.29(-5.14,-1.58)","0.6226","0.3607","0.0112","0.0007","1.0008","1.0010","1.0018","1.0016",2368,1852,1757,1792,2823,2452,2240,2142
"K70_K76_C22","2000_2005","2016_2020",15,"Economic_type_3_EQI+SM+PA+OB","0.00","0.16(-1.25,1.62)","1.12(-0.37,2.66)","1.79(0.16,3.36)","2.70(0.90,4.43)","0.8275","0.1457","0.0302","0.0042","1.0026","1.0023","1.0035","1.0040",2049,1728,1525,1605,2846,1911,1739,1848
"K70_K76_C22","2000_2005","2016_2020",15,"Economic_type_3_EQI_Air+SM+PA+OB","0.00","1.79(-1.00,4.45)","2.93(0.20,5.55)","3.82(1.10,6.48)","4.52(1.78,7.24)","0.2087","0.0357","0.0062","0.0012","1.0017","1.0020","1.0015","1.0014",1340,1279,1317,1367,2294,1910,1891,2043
"K70_K76_C22","2000_2005","2016_2020",15,"Economic_type_3_EQI_Water+SM+PA+OB","0.00","-0.28(-1.86,1.33)","0.36(-1.23,1.92)","-0.25(-1.82,1.27)","-0.32(-2.05,1.45)","0.7181","0.6411","0.7426","0.7161","1.0015","1.0014","1.0020","1.0023",1588,1549,1513,1535,2476,2118,2125,2360
"K70_K76_C22","2000_2005","2016_2020",15,"Economic_type_3_EQI_Land+SM+PA+OB","0.00","0.02(-1.06,1.05)","0.19(-0.93,1.28)","-0.06(-1.33,1.23)","0.59(-0.80,2.01)","0.9665","0.7331","0.9200","0.4056","1.0010","1.0021","1.0024","1.0019",2344,1975,1849,1966,2707,2606,2121,2391
"K70_K76_C22","2000_2005","2016_2020",15,"Economic_type_3_EQI_Built+SM+PA+OB","0.00","1.37(0.39,2.34)","1.90(0.86,2.95)","2.81(1.75,3.90)","3.74(2.39,5.05)","0.0072","0.0012","0.0002","0.0002","1.0003","0.9998","0.9997","1.0008",2608,2337,2091,2457,3065,2321,2514,2851
"K70_K76_C22","2000_2005","2016_2020",15,"Economic_type_3_EQI_Social+SM+PA+OB","0.00","-0.19(-1.40,1.04)","-1.79(-3.17,-0.34)","-2.93(-4.46,-1.39)","-4.39(-6.20,-2.54)","0.7666","0.0092","0.0002","0.0002","1.0011","1.0011","1.0009","1.0012",2054,1548,1429,1440,2937,2386,1991,2222
"K70_K76_C22","2000_2005","2021_2024",20,"Economic_type_3_EQI+SM+PA+OB","0.00","0.45(-1.80,2.71)","1.40(-0.87,3.65)","0.86(-1.40,3.19)","0.76(-1.81,3.32)","0.6926","0.2292","0.4761","0.5796","1.0028","1.0051","1.0058","1.0066",1384,1133,937,967,1929,1860,1715,1885
"K70_K76_C22","2000_2005","2021_2024",20,"Economic_type_3_EQI_Air+SM+PA+OB","0.00","-0.88(-4.39,2.58)","1.40(-2.06,4.80)","2.35(-1.18,5.66)","3.37(-0.21,6.83)","0.6131","0.4316","0.1772","0.0647","1.0007","1.0013","1.0023","1.0024",1418,1336,1356,1360,1807,1845,1675,1616
"K70_K76_C22","2000_2005","2021_2024",20,"Economic_type_3_EQI_Water+SM+PA+OB","0.00","-0.21(-2.68,2.15)","-0.40(-2.79,1.88)","-0.28(-2.70,2.10)","-1.75(-4.33,0.75)","0.8545","0.7506","0.8215","0.1772","1.0032","1.0028","1.0024","1.0025",1681,1545,1485,1531,2284,2213,2308,2129
"K70_K76_C22","2000_2005","2021_2024",20,"Economic_type_3_EQI_Land+SM+PA+OB","0.00","1.91(0.36,3.48)","1.31(-0.34,2.95)","1.34(-0.53,3.17)","1.76(-0.28,3.82)","0.0187","0.1192","0.1557","0.0862","1.0002","1.0007","1.0006","1.0008",2303,1974,1681,1731,2770,2916,2042,2573
"K70_K76_C22","2000_2005","2021_2024",20,"Economic_type_3_EQI_Built+SM+PA+OB","0.00","0.79(-0.83,2.36)","-0.09(-1.78,1.57)","1.78(0.10,3.55)","1.98(-0.11,4.01)","0.3317","0.9055","0.0397","0.0597","1.0006","1.0005","1.0008","1.0011",2032,1851,1860,1979,2509,2364,2545,2591
"K70_K76_C22","2000_2005","2021_2024",20,"Economic_type_3_EQI_Social+SM+PA+OB","0.00","0.32(-1.61,2.27)","-3.74(-5.82,-1.54)","-5.35(-7.64,-3.01)","-7.43(-10.06,-4.77)","0.7461","0.0012","0.0002","0.0002","1.0010","1.0008","1.0008","1.0010",1998,1552,1467,1345,2447,2217,1966,2197
"K70_K76_C22","2000_2005","2006_2010",5,"Economic_type_4_EQI+SM+PA+OB","0.00","0.14(-2.38,2.69)","-2.21(-4.65,0.36)","-1.80(-4.70,1.10)","-0.46(-3.64,2.69)","0.9185","0.0902","0.2247","0.7596","1.0015","1.0027","1.0040","1.0034",2584,2260,1842,1900,3320,2722,2664,2597
"K70_K76_C22","2000_2005","2006_2010",5,"Economic_type_4_EQI_Air+SM+PA+OB","0.00","0.63(-2.11,3.38)","-1.92(-4.59,0.83)","-0.62(-3.33,2.16)","0.62(-2.32,3.65)","0.6591","0.1772","0.6551","0.6871","1.0004","1.0010","1.0021","1.0023",3393,2636,2236,2131,3260,2872,2847,2514
"K70_K76_C22","2000_2005","2006_2010",5,"Economic_type_4_EQI_Water+SM+PA+OB","0.00","-0.29(-3.06,2.48)","-0.89(-3.65,1.79)","1.28(-1.56,4.15)","0.07(-2.66,2.74)","0.8385","0.5346","0.3767","0.9650","1.0003","1.0014","1.0005","1.0009",2833,2818,2498,2478,2522,2891,2536,2682
"K70_K76_C22","2000_2005","2006_2010",5,"Economic_type_4_EQI_Land+SM+PA+OB","0.00","-0.95(-3.13,1.30)","0.15(-2.19,2.49)","-0.77(-3.27,1.71)","-0.80(-3.67,2.14)","0.3892","0.8825","0.5521","0.5996","1.0000","1.0012","1.0007","1.0012",3967,3257,3079,2782,3301,3019,3190,3071
"K70_K76_C22","2000_2005","2006_2010",5,"Economic_type_4_EQI_Built+SM+PA+OB","0.00","0.18(-2.39,2.81)","0.09(-2.54,2.77)","0.07(-2.66,2.84)","1.42(-1.36,4.23)","0.8930","0.9485","0.9585","0.3377","1.0020","1.0016","1.0007","1.0020",2851,2650,2281,2405,3183,2732,2833,2874
"K70_K76_C22","2000_2005","2006_2010",5,"Economic_type_4_EQI_Social+SM+PA+OB","0.00","-4.11(-6.38,-1.95)","-2.91(-5.53,-0.34)","-4.94(-7.83,-2.14)","-3.14(-6.21,-0.08)","0.0002","0.0237","0.0002","0.0472","1.0009","1.0019","1.0022","1.0030",2686,2420,2438,2010,2829,2947,3026,2914
"K70_K76_C22","2000_2005","2011_2015",10,"Economic_type_4_EQI+SM+PA+OB","0.00","-0.50(-3.40,2.42)","-1.22(-4.09,1.54)","-1.75(-4.91,1.39)","0.55(-3.05,4.08)","0.7361","0.3947","0.2912","0.7506","1.0002","1.0013","1.0005","1.0011",3822,3089,2473,2550,2982,2804,2604,2663
"K70_K76_C22","2000_2005","2011_2015",10,"Economic_type_4_EQI_Air+SM+PA+OB","0.00","-0.99(-4.05,2.15)","-2.70(-5.69,0.32)","-1.77(-4.81,1.35)","-0.05(-3.41,3.31)","0.5386","0.0812","0.2612","0.9845","1.0003","0.9999","1.0006","1.0002",3216,3081,2548,2375,3514,3220,3024,2673
"K70_K76_C22","2000_2005","2011_2015",10,"Economic_type_4_EQI_Water+SM+PA+OB","0.00","-0.93(-4.13,2.14)","-1.78(-4.82,1.31)","1.83(-1.33,5.08)","0.96(-2.09,4.08)","0.5736","0.2527","0.2657","0.5361","1.0000","1.0004","1.0004","1.0010",3319,3483,3311,2902,3354,2924,3279,3312
"K70_K76_C22","2000_2005","2011_2015",10,"Economic_type_4_EQI_Land+SM+PA+OB","0.00","-0.39(-2.98,2.25)","-0.21(-2.85,2.46)","-0.72(-3.72,2.26)","-1.02(-4.44,2.47)","0.7621","0.8820","0.6596","0.5541","1.0018","1.0007","1.0009","1.0014",4279,3937,3970,3495,3186,3218,3144,3379
"K70_K76_C22","2000_2005","2011_2015",10,"Economic_type_4_EQI_Built+SM+PA+OB","0.00","1.22(-1.74,4.10)","2.26(-0.77,5.18)","1.62(-1.56,4.74)","3.11(-0.05,6.25)","0.4136","0.1402","0.3157","0.0557","1.0004","1.0006","1.0010","1.0010",3605,3365,3195,2949,3356,3478,3168,3107
"K70_K76_C22","2000_2005","2011_2015",10,"Economic_type_4_EQI_Social+SM+PA+OB","0.00","-3.94(-6.51,-1.37)","-3.31(-6.35,-0.47)","-4.52(-7.92,-1.29)","-3.59(-7.09,-0.07)","0.0027","0.0232","0.0047","0.0442","1.0015","1.0001","1.0001","1.0015",3637,3241,3307,3313,3212,3215,3291,3321
"K70_K76_C22","2000_2005","2016_2020",15,"Economic_type_4_EQI+SM+PA+OB","0.00","-0.44(-3.20,2.50)","-1.14(-3.88,1.64)","-2.12(-5.20,1.13)","-0.07(-3.56,3.51)","0.7526","0.4101","0.1822","0.9810","1.0005","1.0016","0.9999","1.0000",3671,2924,2504,2617,3033,3054,3197,2561
"K70_K76_C22","2000_2005","2016_2020",15,"Economic_type_4_EQI_Air+SM+PA+OB","0.00","-1.50(-4.81,1.73)","-2.71(-5.79,0.43)","-1.82(-4.96,1.34)","-1.14(-4.48,2.39)","0.3717","0.0962","0.2602","0.5061","1.0022","1.0023","1.0011","1.0007",1748,1513,1519,1549,2237,2253,2544,2221
"K70_K76_C22","2000_2005","2016_2020",15,"Economic_type_4_EQI_Water+SM+PA+OB","0.00","-0.18(-3.51,2.92)","-1.28(-4.50,1.91)","1.98(-1.42,5.29)","0.22(-3.12,3.51)","0.9135","0.4426","0.2627","0.8855","1.0008","1.0006","1.0012","1.0027",2480,2456,2260,1983,2840,3104,2760,2847
"K70_K76_C22","2000_2005","2016_2020",15,"Economic_type_4_EQI_Land+SM+PA+OB","0.00","1.11(-1.37,3.71)","0.87(-1.76,3.51)","-0.61(-3.61,2.52)","-0.55(-4.06,3.01)","0.4131","0.5246","0.6776","0.7526","1.0001","1.0010","1.0023","1.0009",3121,2802,2046,2588,3024,3143,2777,2911
"K70_K76_C22","2000_2005","2016_2020",15,"Economic_type_4_EQI_Built+SM+PA+OB","0.00","-0.00(-3.00,2.96)","0.99(-2.08,4.16)","2.32(-0.73,5.55)","2.80(-0.41,6.10)","0.9935","0.5421","0.1372","0.0812","1.0009","1.0015","1.0002","0.9996",2962,1629,2211,2128,3451,1757,2505,3087
"K70_K76_C22","2000_2005","2016_2020",15,"Economic_type_4_EQI_Social+SM+PA+OB","0.00","-3.77(-6.40,-1.13)","-4.16(-7.13,-1.12)","-4.82(-8.19,-1.52)","-3.55(-6.97,0.00)","0.0052","0.0052","0.0032","0.0502","1.0015","1.0008","1.0014","1.0009",2413,2221,2305,2112,2815,2853,2692,2391
"K70_K76_C22","2000_2005","2021_2024",20,"Economic_type_4_EQI+SM+PA+OB","0.00","0.28(-4.23,5.07)","-1.05(-5.40,3.31)","-2.71(-7.55,1.90)","-1.07(-6.41,3.95)","0.9095","0.6161","0.2752","0.6916","1.0010","1.0013","1.0006","0.9998",2769,3254,3044,3029,2428,2051,3300,2823
"K70_K76_C22","2000_2005","2021_2024",20,"Economic_type_4_EQI_Air+SM+PA+OB","0.00","-3.28(-8.10,1.68)","-5.14(-9.83,-0.53)","-3.83(-8.35,0.55)","-3.69(-8.62,1.34)","0.1817","0.0262","0.0897","0.1407","1.0002","0.9999","1.0000","1.0005",3648,3289,2971,2728,2576,2418,2901,2630
"K70_K76_C22","2000_2005","2021_2024",20,"Economic_type_4_EQI_Water+SM+PA+OB","0.00","-0.72(-5.41,4.13)","-0.53(-5.31,4.35)","2.02(-2.68,6.91)","-0.00(-4.74,4.80)","0.7651","0.8290","0.4301","0.9855","1.0004","1.0014","1.0004","1.0001",2684,2715,2721,2480,2560,2740,2979,3123
"K70_K76_C22","2000_2005","2021_2024",20,"Economic_type_4_EQI_Land+SM+PA+OB","0.00","1.87(-2.28,5.97)","4.07(-0.18,8.61)","-1.71(-6.29,2.88)","1.05(-4.33,6.22)","0.3852","0.0627","0.4611","0.6916","1.0007","1.0007","1.0006","1.0008",3679,3482,3087,3048,3376,2765,2671,2807
"K70_K76_C22","2000_2005","2021_2024",20,"Economic_type_4_EQI_Built+SM+PA+OB","0.00","1.47(-3.14,6.04)","1.10(-3.39,5.51)","1.72(-3.08,6.20)","1.73(-2.98,6.21)","0.5206","0.6291","0.4606","0.4706","1.0004","1.0001","1.0012","0.9999",3769,3131,3008,2817,3255,2853,2853,2999
"K70_K76_C22","2000_2005","2021_2024",20,"Economic_type_4_EQI_Social+SM+PA+OB","0.00","-5.45(-9.48,-1.22)","-6.32(-10.88,-1.67)","-5.74(-10.63,-1.06)","-5.53(-10.86,-0.30)","0.0102","0.0077","0.0202","0.0392","1.0011","1.0008","1.0009","1.0011",3175,3079,2799,2678,3305,2900,3025,2987
"K70_K76_C22","2000_2005","2006_2010",5,"Economic_type_5_EQI+SM+PA+OB","0.00","4.14(1.01,7.26)","3.41(0.34,6.43)","5.19(2.19,8.20)","4.93(1.88,7.93)","0.0122","0.0277","0.0022","0.0032","1.0011","1.0013","1.0020","1.0014",1544,1377,1315,1282,2109,1877,2108,2063
"K70_K76_C22","2000_2005","2006_2010",5,"Economic_type_5_EQI_Air+SM+PA+OB","0.00","6.55(4.18,8.86)","6.27(4.01,8.52)","6.04(3.91,8.14)","6.34(4.18,8.40)","0.0002","0.0002","0.0002","0.0002","1.0012","1.0018","1.0020","1.0015",2176,1818,1674,1456,2788,2950,2668,2454
"K70_K76_C22","2000_2005","2006_2010",5,"Economic_type_5_EQI_Water+SM+PA+OB","0.00","-2.18(-4.16,-0.20)","-0.29(-1.98,1.43)","-0.42(-2.03,1.25)","0.63(-1.03,2.28)","0.0317","0.7471","0.6266","0.4516","1.0005","1.0016","1.0015","1.0008",2635,2059,2211,2175,2617,2676,2980,2458
"K70_K76_C22","2000_2005","2006_2010",5,"Economic_type_5_EQI_Land+SM+PA+OB","0.00","0.74(-0.92,2.43)","0.15(-1.60,1.93)","0.54(-1.22,2.38)","0.45(-1.28,2.20)","0.3747","0.8720","0.5481","0.6211","1.0013","1.0017","1.0014","1.0018",2081,1818,1777,1813,2473,2779,2248,2340
"K70_K76_C22","2000_2005","2006_2010",5,"Economic_type_5_EQI_Built+SM+PA+OB","0.00","0.32(-3.34,3.87)","2.10(-1.27,5.48)","2.54(-0.64,5.63)","2.65(-0.42,5.72)","0.8570","0.2307","0.1202","0.0932","1.0008","1.0005","1.0028","1.0013",1615,1386,1330,1357,2292,2248,1970,2075
"K70_K76_C22","2000_2005","2006_2010",5,"Economic_type_5_EQI_Social+SM+PA+OB","0.00","-2.77(-5.17,-0.45)","-2.38(-4.42,-0.40)","-2.99(-5.10,-0.97)","-4.32(-6.59,-2.17)","0.0197","0.0157","0.0042","0.0002","1.0008","1.0025","1.0024","1.0023",2242,1755,1683,1697,2845,2529,2492,2613
"K70_K76_C22","2000_2005","2011_2015",10,"Economic_type_5_EQI+SM+PA+OB","0.00","4.86(1.69,7.98)","5.68(2.57,8.61)","5.64(2.51,8.60)","5.86(2.67,8.86)","0.0027","0.0002","0.0002","0.0002","1.0032","1.0022","1.0022","1.0034",1804,1631,1589,1522,2217,2120,2020,2244
"K70_K76_C22","2000_2005","2011_2015",10,"Economic_type_5_EQI_Air+SM+PA+OB","0.00","4.91(2.37,7.39)","4.49(2.03,6.95)","4.52(2.13,6.82)","4.93(2.60,7.20)","0.0002","0.0007","0.0007","0.0002","1.0009","1.0020","1.0025","1.0027",2358,2194,2231,1749,2765,2389,2652,2276
"K70_K76_C22","2000_2005","2011_2015",10,"Economic_type_5_EQI_Water+SM+PA+OB","0.00","-1.24(-3.29,0.86)","0.52(-1.35,2.55)","0.89(-0.90,2.74)","1.62(-0.27,3.48)","0.2497","0.6081","0.3322","0.0982","1.0021","1.0013","1.0020","1.0020",2754,2681,2444,2566,3157,2596,2963,2501
"K70_K76_C22","2000_2005","2011_2015",10,"Economic_type_5_EQI_Land+SM+PA+OB","0.00","1.54(-0.29,3.33)","1.37(-0.52,3.37)","1.38(-0.62,3.36)","1.37(-0.63,3.38)","0.1062","0.1652","0.1672","0.1662","1.0036","1.0030","1.0018","1.0018",2636,2323,2439,2266,2778,2548,2719,2253
"K70_K76_C22","2000_2005","2011_2015",10,"Economic_type_5_EQI_Built+SM+PA+OB","0.00","-1.74(-5.32,1.89)","1.15(-2.20,4.49)","1.41(-1.80,4.51)","1.46(-1.78,4.49)","0.3467","0.5006","0.3722","0.3412","1.0010","1.0001","1.0005","1.0003",2404,2181,1872,1841,3111,2522,2370,2455
"K70_K76_C22","2000_2005","2011_2015",10,"Economic_type_5_EQI_Social+SM+PA+OB","0.00","-0.76(-3.31,1.75)","-2.26(-4.42,-0.02)","-3.15(-5.35,-0.91)","-4.30(-6.66,-1.84)","0.5661","0.0472","0.0102","0.0012","1.0007","1.0000","1.0005","1.0012",2823,2421,2327,2191,2830,2951,2575,2500
"K70_K76_C22","2000_2005","2016_2020",15,"Economic_type_5_EQI+SM+PA+OB","0.00","3.14(-0.38,6.55)","4.39(1.11,7.75)","5.13(1.77,8.53)","4.65(1.28,7.97)","0.0752","0.0102","0.0022","0.0057","1.0022","1.0030","1.0024","1.0026",1582,1393,1324,1347,2339,2259,2171,2282
"K70_K76_C22","2000_2005","2016_2020",15,"Economic_type_5_EQI_Air+SM+PA+OB","0.00","5.36(2.78,8.03)","5.05(2.47,7.69)","4.79(2.38,7.22)","4.26(1.82,6.64)","0.0002","0.0002","0.0002","0.0002","1.0009","1.0010","1.0024","1.0015",1866,1707,1489,1372,2335,1823,2254,1926
"K70_K76_C22","2000_2005","2016_2020",15,"Economic_type_5_EQI_Water+SM+PA+OB","0.00","-1.22(-3.41,1.10)","2.02(-0.05,4.17)","2.25(0.23,4.17)","2.68(0.57,4.66)","0.2942","0.0572","0.0282","0.0132","1.0020","1.0014","1.0018","1.0009",1985,1972,1651,1839,2618,2811,2648,2623
"K70_K76_C22","2000_2005","2016_2020",15,"Economic_type_5_EQI_Land+SM+PA+OB","0.00","1.57(-0.42,3.56)","0.71(-1.33,2.75)","0.67(-1.47,2.82)","1.00(-1.08,3.07)","0.1147","0.5261","0.5376","0.3557","1.0007","1.0011","1.0003","1.0006",2228,1753,1856,1715,3053,2284,2596,2273
"K70_K76_C22","2000_2005","2016_2020",15,"Economic_type_5_EQI_Built+SM+PA+OB","0.00","-0.56(-4.51,3.24)","0.28(-3.18,3.75)","2.11(-1.33,5.37)","1.85(-1.52,5.11)","0.7691","0.8720","0.2007","0.2557","1.0022","1.0045","1.0044","1.0047",2309,1856,1841,1842,2421,2326,1683,1964
"K70_K76_C22","2000_2005","2016_2020",15,"Economic_type_5_EQI_Social+SM+PA+OB","0.00","-2.15(-4.89,0.61)","-2.80(-5.08,-0.42)","-3.79(-6.19,-1.30)","-4.82(-7.35,-2.21)","0.1282","0.0262","0.0017","0.0002","1.0018","1.0008","1.0020","1.0018",1914,1853,1765,1688,2463,2641,2534,2200
"K70_K76_C22","2000_2005","2021_2024",20,"Economic_type_5_EQI+SM+PA+OB","0.00","1.60(-2.99,6.41)","3.48(-0.94,7.97)","3.10(-1.38,7.75)","1.58(-2.95,5.93)","0.5056","0.1297","0.1757","0.4746","1.0040","1.0035","1.0045","1.0054",1773,1484,1535,1324,2629,2401,2445,2117
"K70_K76_C22","2000_2005","2021_2024",20,"Economic_type_5_EQI_Air+SM+PA+OB","0.00","10.60(6.87,14.43)","5.70(1.93,9.48)","6.08(2.58,9.62)","3.61(0.17,7.00)","0.0002","0.0047","0.0017","0.0392","1.0017","1.0026","1.0031","1.0030",2351,2075,1933,1742,2741,2890,2675,2395
"K70_K76_C22","2000_2005","2021_2024",20,"Economic_type_5_EQI_Water+SM+PA+OB","0.00","-0.35(-3.70,2.99)","2.28(-0.93,5.58)","3.52(0.50,6.49)","3.69(0.67,6.71)","0.8355","0.1647","0.0247","0.0157","1.0001","1.0009","1.0006","1.0020",2469,2226,2182,2000,3030,2847,2866,2707
"K70_K76_C22","2000_2005","2021_2024",20,"Economic_type_5_EQI_Land+SM+PA+OB","0.00","1.29(-1.63,4.17)","0.48(-2.61,3.50)","2.20(-0.97,5.37)","1.81(-1.34,5.07)","0.3842","0.7541","0.1817","0.2632","1.0006","1.0022","1.0012","1.0012",2028,1634,1505,1388,2748,2348,1848,2070
"K70_K76_C22","2000_2005","2021_2024",20,"Economic_type_5_EQI_Built+SM+PA+OB","0.00","-0.08(-5.03,4.86)","1.96(-2.62,6.46)","2.17(-1.95,6.35)","3.22(-1.02,7.33)","0.9795","0.3852","0.3202","0.1287","1.0006","1.0007","1.0019","1.0014",2597,2006,1891,1846,2926,2658,2540,2759
"K70_K76_C22","2000_2005","2021_2024",20,"Economic_type_5_EQI_Social+SM+PA+OB","0.00","-2.49(-6.39,1.74)","-2.88(-6.32,0.52)","-3.71(-7.20,-0.42)","-5.36(-9.20,-1.73)","0.2357","0.0967","0.0262","0.0017","1.0015","0.9998","1.0012","1.0005",2442,1863,1768,1701,2895,2794,2583,2399
"K70_K76_C22","2000_2005","2006_2010",5,"Economic_type_6_EQI+SM+PA+OB","0.00","0.38(-1.05,1.84)","0.43(-1.04,1.95)","0.74(-0.85,2.32)","1.18(-0.60,3.02)","0.6016","0.5871","0.3727","0.1987","1.0025","1.0031","1.0031","1.0039",1558,1260,1102,1040,2649,2267,2082,2047
"K70_K76_C22","2000_2005","2006_2010",5,"Economic_type_6_EQI_Air+SM+PA+OB","0.00","1.84(0.42,3.28)","1.73(0.25,3.24)","2.34(0.84,3.87)","3.58(1.97,5.18)","0.0082","0.0197","0.0017","0.0002","1.0017","1.0012","1.0010","1.0020",1831,1762,1615,1638,2847,2814,2519,1919
"K70_K76_C22","2000_2005","2006_2010",5,"Economic_type_6_EQI_Water+SM+PA+OB","0.00","-0.23(-1.93,1.45)","-0.24(-1.93,1.43)","0.32(-1.40,1.97)","-0.03(-1.87,1.75)","0.7941","0.7801","0.7141","0.9830","1.0042","1.0051","1.0044","1.0051",1641,1537,1471,1303,2443,2244,2275,1592
"K70_K76_C22","2000_2005","2006_2010",5,"Economic_type_6_EQI_Land+SM+PA+OB","0.00","-0.20(-1.34,0.94)","0.57(-0.76,1.80)","0.47(-0.99,1.95)","-0.03(-1.58,1.50)","0.7481","0.3702","0.5436","0.9600","1.0014","1.0018","1.0015","1.0022",2516,2009,1923,1828,2906,2589,2555,2663
"K70_K76_C22","2000_2005","2006_2010",5,"Economic_type_6_EQI_Built+SM+PA+OB","0.00","0.80(-0.53,2.12)","1.45(0.10,2.76)","0.86(-0.56,2.28)","2.19(0.73,3.65)","0.2447","0.0367","0.2392","0.0022","0.9997","0.9995","1.0003","1.0009",2050,1819,1889,1715,2771,2298,2636,2372
"K70_K76_C22","2000_2005","2006_2010",5,"Economic_type_6_EQI_Social+SM+PA+OB","0.00","-1.88(-3.13,-0.63)","-3.41(-4.78,-1.99)","-4.19(-5.78,-2.58)","-5.20(-7.04,-3.37)","0.0047","0.0002","0.0002","0.0002","1.0021","1.0012","1.0014","1.0007",1550,1586,1370,1373,2294,2687,2497,2425
"K70_K76_C22","2000_2005","2011_2015",10,"Economic_type_6_EQI+SM+PA+OB","0.00","1.71(0.19,3.25)","0.92(-0.65,2.53)","1.09(-0.62,2.81)","1.55(-0.42,3.48)","0.0277","0.2572","0.2252","0.1267","1.0000","1.0003","1.0008","1.0008",1728,1363,1292,1273,2520,2425,2143,2127
"K70_K76_C22","2000_2005","2011_2015",10,"Economic_type_6_EQI_Air+SM+PA+OB","0.00","0.73(-0.82,2.31)","0.23(-1.39,1.87)","1.72(0.02,3.42)","3.15(1.33,4.93)","0.3602","0.7851","0.0477","0.0017","1.0005","1.0009","1.0006","1.0004",2098,1961,1928,1744,2693,2425,2203,2540
"K70_K76_C22","2000_2005","2011_2015",10,"Economic_type_6_EQI_Water+SM+PA+OB","0.00","0.88(-0.89,2.67)","0.66(-1.23,2.54)","0.75(-1.09,2.58)","1.86(-0.09,3.80)","0.3452","0.4831","0.4196","0.0652","1.0027","1.0007","1.0014","1.0012",1665,1629,1485,1448,2407,2081,1927,2028
"K70_K76_C22","2000_2005","2011_2015",10,"Economic_type_6_EQI_Land+SM+PA+OB","0.00","0.14(-1.13,1.39)","0.73(-0.71,2.14)","0.85(-0.79,2.47)","0.48(-1.25,2.19)","0.8235","0.3197","0.2997","0.5891","1.0001","1.0008","1.0011","1.0021",2106,1681,1760,1751,2865,2325,2414,2083
"K70_K76_C22","2000_2005","2011_2015",10,"Economic_type_6_EQI_Built+SM+PA+OB","0.00","1.15(-0.24,2.55)","2.09(0.74,3.49)","2.15(0.73,3.62)","3.07(1.54,4.64)","0.1147","0.0017","0.0022","0.0002","1.0014","1.0008","1.0014","1.0004",2245,1985,2129,2011,2478,2775,3062,2808
"K70_K76_C22","2000_2005","2011_2015",10,"Economic_type_6_EQI_Social+SM+PA+OB","0.00","-2.28(-3.59,-0.87)","-4.50(-6.04,-3.00)","-5.28(-7.04,-3.58)","-6.35(-8.35,-4.30)","0.0027","0.0002","0.0002","0.0002","1.0019","1.0012","1.0009","1.0011",1946,1675,1670,1632,2474,1949,2241,1996
"K70_K76_C22","2000_2005","2016_2020",15,"Economic_type_6_EQI+SM+PA+OB","0.00","0.62(-1.02,2.32)","0.48(-1.25,2.25)","0.69(-1.15,2.55)","1.08(-1.00,3.19)","0.4786","0.5706","0.4701","0.3222","1.0005","1.0013","1.0014","1.0005",1804,1546,1438,1384,2326,1986,2131,2177
"K70_K76_C22","2000_2005","2016_2020",15,"Economic_type_6_EQI_Air+SM+PA+OB","0.00","1.56(-0.16,3.18)","0.68(-1.11,2.37)","2.16(0.39,3.95)","3.29(1.34,5.18)","0.0712","0.4386","0.0192","0.0002","1.0005","1.0004","1.0011","1.0008",1445,1352,1205,1258,2183,2135,1750,1916
"K70_K76_C22","2000_2005","2016_2020",15,"Economic_type_6_EQI_Water+SM+PA+OB","0.00","1.55(-0.48,3.63)","1.75(-0.29,3.80)","2.05(0.12,4.06)","2.28(0.20,4.42)","0.1402","0.0912","0.0367","0.0302","1.0011","1.0015","1.0002","1.0015",1121,1014,959,1039,1787,1987,1978,1572
"K70_K76_C22","2000_2005","2016_2020",15,"Economic_type_6_EQI_Land+SM+PA+OB","0.00","1.14(-0.27,2.57)","0.75(-0.77,2.30)","0.69(-1.01,2.43)","-0.40(-2.20,1.42)","0.1167","0.3337","0.4376","0.6376","1.0011","1.0014","1.0011","1.0014",2128,1796,1481,1534,2786,2518,2713,2234
"K70_K76_C22","2000_2005","2016_2020",15,"Economic_type_6_EQI_Built+SM+PA+OB","0.00","0.58(-0.90,2.05)","1.36(-0.24,2.87)","1.59(-0.07,3.20)","2.76(1.06,4.47)","0.4611","0.0942","0.0602","0.0017","1.0015","1.0007","1.0018","1.0013",1569,1482,1396,1292,2477,2549,2040,1794
"K70_K76_C22","2000_2005","2016_2020",15,"Economic_type_6_EQI_Social+SM+PA+OB","0.00","-3.41(-4.93,-1.89)","-5.48(-7.15,-3.85)","-6.41(-8.27,-4.50)","-6.95(-9.13,-4.87)","0.0002","0.0002","0.0002","0.0002","1.0016","1.0015","1.0009","1.0014",1569,1210,1130,904,2362,2064,1888,1872
"K70_K76_C22","2000_2005","2021_2024",20,"Economic_type_6_EQI+SM+PA+OB","0.00","0.58(-1.82,2.98)","-1.41(-3.83,1.07)","-1.51(-4.17,1.07)","-2.47(-5.54,0.55)","0.6281","0.2532","0.2482","0.1102","1.0014","1.0007","1.0005","1.0008",2343,1982,1823,1814,2621,2512,2473,2405
"K70_K76_C22","2000_2005","2021_2024",20,"Economic_type_6_EQI_Air+SM+PA+OB","0.00","2.75(0.26,5.27)","0.68(-1.86,3.24)","0.81(-1.78,3.38)","1.59(-1.20,4.32)","0.0322","0.5966","0.5431","0.2647","0.9995","1.0001","1.0002","0.9999",1440,1356,1272,1291,2243,2250,1980,1842
"K70_K76_C22","2000_2005","2021_2024",20,"Economic_type_6_EQI_Water+SM+PA+OB","0.00","1.22(-1.82,4.11)","0.26(-2.72,3.25)","1.63(-1.33,4.74)","0.73(-2.38,3.88)","0.4091","0.8710","0.2927","0.6286","1.0049","1.0058","1.0067","1.0069",1152,970,1009,1132,1924,1839,1830,1814
"K70_K76_C22","2000_2005","2021_2024",20,"Economic_type_6_EQI_Land+SM+PA+OB","0.00","1.31(-0.81,3.42)","0.72(-1.75,2.99)","-0.01(-2.56,2.54)","-0.72(-3.61,1.98)","0.2267","0.5481","0.9885","0.6331","1.0003","1.0028","1.0030","1.0029",1970,1541,1347,1349,2613,1829,2195,2254
"K70_K76_C22","2000_2005","2021_2024",20,"Economic_type_6_EQI_Built+SM+PA+OB","0.00","-0.15(-2.31,2.08)","1.47(-0.73,3.74)","3.50(1.18,5.88)","3.55(1.02,6.03)","0.8960","0.2017","0.0037","0.0047","1.0011","1.0014","1.0035","1.0015",1959,1825,1717,1846,2507,2542,2584,2532
"K70_K76_C22","2000_2005","2021_2024",20,"Economic_type_6_EQI_Social+SM+PA+OB","0.00","-2.54(-4.84,-0.31)","-6.35(-8.92,-3.98)","-8.72(-11.47,-5.95)","-9.41(-12.48,-6.26)","0.0237","0.0002","0.0002","0.0002","1.0028","1.0015","1.0026","1.0015",1920,1553,1384,1274,2248,2575,2001,1609
"K70_K76_C22","2000_2005","2006_2010",5,"Homeownership_tertile_1_EQI+SM+PA+OB","0.00","3.19(1.65,4.80)","3.19(1.55,4.83)","3.49(1.78,5.14)","4.22(2.41,6.06)","0.0002","0.0002","0.0002","0.0002","1.0040","1.0032","1.0045","1.0037",1640,1655,1389,1293,2900,2465,2515,2325
"K70_K76_C22","2000_2005","2006_2010",5,"Homeownership_tertile_1_EQI_Air+SM+PA+OB","0.00","2.84(1.06,4.56)","1.87(0.09,3.61)","2.81(1.05,4.51)","3.76(1.84,5.64)","0.0017","0.0432","0.0022","0.0002","1.0011","1.0017","1.0015","1.0013",1486,1276,1120,1124,2233,1971,1498,1594
"K70_K76_C22","2000_2005","2006_2010",5,"Homeownership_tertile_1_EQI_Water+SM+PA+OB","0.00","-0.43(-2.16,1.35)","0.78(-1.06,2.64)","0.68(-1.15,2.44)","1.73(-0.11,3.55)","0.6371","0.4131","0.4511","0.0657","1.0023","1.0025","1.0021","1.0024",1178,1104,1026,1053,1869,1714,1983,1925
"K70_K76_C22","2000_2005","2006_2010",5,"Homeownership_tertile_1_EQI_Land+SM+PA+OB","0.00","0.29(-0.97,1.61)","1.92(0.57,3.31)","-0.15(-1.71,1.41)","-0.90(-2.51,0.72)","0.6691","0.0057","0.8385","0.2782","1.0026","1.0014","1.0032","1.0025",2166,1767,1602,1505,2810,2756,2702,2265
"K70_K76_C22","2000_2005","2006_2010",5,"Homeownership_tertile_1_EQI_Built+SM+PA+OB","0.00","1.91(-0.03,3.77)","2.76(0.90,4.53)","2.09(0.27,3.86)","2.98(1.21,4.77)","0.0527","0.0042","0.0242","0.0017","1.0009","1.0001","1.0009","1.0011",1590,1273,1140,1122,2191,2165,1903,2099
"K70_K76_C22","2000_2005","2006_2010",5,"Homeownership_tertile_1_EQI_Social+SM+PA+OB","0.00","-1.86(-3.19,-0.56)","-1.93(-3.42,-0.47)","-2.20(-3.94,-0.56)","-1.97(-3.89,-0.12)","0.0062","0.0092","0.0072","0.0372","1.0011","1.0017","1.0017","1.0016",2160,1803,1398,1295,2829,2434,2509,2438
"K70_K76_C22","2000_2005","2011_2015",10,"Homeownership_tertile_1_EQI+SM+PA+OB","0.00","5.12(3.36,6.82)","5.94(4.25,7.68)","6.15(4.30,7.96)","6.42(4.43,8.36)","0.0002","0.0002","0.0002","0.0002","1.0007","1.0006","1.0020","1.0020",1911,1493,1308,1258,2661,2431,1881,1948
"K70_K76_C22","2000_2005","2011_2015",10,"Homeownership_tertile_1_EQI_Air+SM+PA+OB","0.00","3.43(1.53,5.36)","2.24(0.31,4.22)","2.60(0.74,4.51)","3.79(1.79,5.82)","0.0007","0.0232","0.0077","0.0002","1.0014","1.0009","1.0007","1.0013",1192,1025,908,847,2240,2205,1758,1552
"K70_K76_C22","2000_2005","2011_2015",10,"Homeownership_tertile_1_EQI_Water+SM+PA+OB","0.00","-0.35(-2.31,1.56)","0.85(-1.04,2.77)","1.37(-0.55,3.30)","2.83(0.93,4.81)","0.7181","0.3947","0.1567","0.0047","1.0030","1.0036","1.0034","1.0020",1287,1070,1231,1097,2084,1907,2040,1948
"K70_K76_C22","2000_2005","2011_2015",10,"Homeownership_tertile_1_EQI_Land+SM+PA+OB","0.00","1.68(0.30,3.10)","1.92(0.48,3.36)","1.12(-0.53,2.80)","0.33(-1.36,2.04)","0.0207","0.0087","0.1762","0.7086","1.0011","1.0010","1.0007","1.0017",2709,2088,1816,1669,3235,2889,2414,2562
"K70_K76_C22","2000_2005","2011_2015",10,"Homeownership_tertile_1_EQI_Built+SM+PA+OB","0.00","4.65(2.58,6.68)","6.22(4.21,8.18)","6.14(4.14,8.04)","7.15(5.08,9.08)","0.0002","0.0002","0.0002","0.0002","1.0016","1.0012","1.0011","1.0019",1657,1388,1191,1164,2479,2415,2070,1984
"K70_K76_C22","2000_2005","2011_2015",10,"Homeownership_tertile_1_EQI_Social+SM+PA+OB","0.00","-0.84(-2.24,0.58)","-1.57(-3.14,0.00)","-2.33(-4.13,-0.55)","-2.42(-4.47,-0.30)","0.2552","0.0507","0.0107","0.0242","1.0034","1.0045","1.0032","1.0040",1760,1261,1232,1114,2625,2424,2304,2174
"K70_K76_C22","2000_2005","2016_2020",15,"Homeownership_tertile_1_EQI+SM+PA+OB","0.00","5.62(3.89,7.46)","6.61(4.91,8.37)","5.74(3.89,7.53)","6.04(3.97,8.01)","0.0002","0.0002","0.0002","0.0002","1.0008","1.0007","1.0015","1.0007",2202,1983,1670,1657,3033,2768,2472,2440
"K70_K76_C22","2000_2005","2016_2020",15,"Homeownership_tertile_1_EQI_Air+SM+PA+OB","0.00","4.74(2.55,6.78)","3.05(0.93,5.05)","3.90(1.79,5.88)","3.95(1.75,5.97)","0.0002","0.0087","0.0002","0.0007","1.0020","1.0004","1.0006","1.0012",1202,1143,1097,960,2242,1459,1730,1729
"K70_K76_C22","2000_2005","2016_2020",15,"Homeownership_tertile_1_EQI_Water+SM+PA+OB","0.00","-0.56(-2.68,1.48)","1.18(-0.77,3.14)","2.40(0.38,4.41)","2.69(0.75,4.66)","0.6056","0.2332","0.0212","0.0107","1.0016","1.0012","1.0006","1.0008",1044,1414,1307,1288,1764,2165,2291,1789
"K70_K76_C22","2000_2005","2016_2020",15,"Homeownership_tertile_1_EQI_Land+SM+PA+OB","0.00","1.77(0.31,3.18)","1.67(0.17,3.21)","0.61(-1.10,2.30)","0.16(-1.76,2.06)","0.0177","0.0312","0.4711","0.8710","1.0024","1.0039","1.0022","1.0037",2519,1831,1808,1416,2907,2398,2086,1884
"K70_K76_C22","2000_2005","2016_2020",15,"Homeownership_tertile_1_EQI_Built+SM+PA+OB","0.00","5.73(3.60,7.98)","6.66(4.64,8.78)","6.57(4.59,8.61)","7.34(5.37,9.34)","0.0002","0.0002","0.0002","0.0002","1.0032","1.0033","1.0047","1.0031",1502,1366,1254,1330,2574,2379,2140,2329
"K70_K76_C22","2000_2005","2016_2020",15,"Homeownership_tertile_1_EQI_Social+SM+PA+OB","0.00","-0.60(-2.11,0.89)","-1.80(-3.50,-0.17)","-2.33(-4.25,-0.46)","-2.21(-4.38,-0.11)","0.4231","0.0312","0.0177","0.0402","1.0004","1.0018","1.0013","1.0018",1799,1698,1645,1765,2189,2334,2175,2044
"K70_K76_C22","2000_2005","2021_2024",20,"Homeownership_tertile_1_EQI+SM+PA+OB","0.00","6.57(3.82,9.19)","6.42(3.67,8.96)","5.86(3.04,8.69)","4.70(1.54,7.74)","0.0002","0.0002","0.0002","0.0012","1.0008","1.0005","1.0014","1.0010",2544,2401,2109,1953,3009,3263,2849,2584
"K70_K76_C22","2000_2005","2021_2024",20,"Homeownership_tertile_1_EQI_Air+SM+PA+OB","0.00","3.96(0.94,6.98)","2.19(-0.82,5.13)","2.06(-0.75,4.92)","0.86(-2.06,3.94)","0.0092","0.1422","0.1502","0.5821","1.0002","1.0008","1.0004","1.0005",2626,2124,1850,1805,3346,2797,2673,2501
"K70_K76_C22","2000_2005","2021_2024",20,"Homeownership_tertile_1_EQI_Water+SM+PA+OB","0.00","-1.84(-4.83,1.08)","2.17(-0.75,5.11)","4.51(1.69,7.37)","5.26(2.30,8.21)","0.2322","0.1507","0.0007","0.0007","1.0005","1.0005","1.0005","1.0003",1936,1811,1733,1676,2733,2540,2556,2624
"K70_K76_C22","2000_2005","2021_2024",20,"Homeownership_tertile_1_EQI_Land+SM+PA+OB","0.00","3.70(1.45,5.94)","2.83(0.51,5.27)","2.40(-0.25,5.06)","0.96(-1.86,3.65)","0.0022","0.0167","0.0817","0.4826","1.0002","0.9996","1.0003","1.0017",3038,2691,2103,1872,3328,3142,2793,2791
"K70_K76_C22","2000_2005","2021_2024",20,"Homeownership_tertile_1_EQI_Built+SM+PA+OB","0.00","5.89(2.67,9.12)","7.45(4.30,10.47)","8.20(5.14,11.08)","8.65(5.70,11.60)","0.0007","0.0002","0.0002","0.0002","1.0004","1.0013","0.9999","1.0004",2335,1862,1728,1613,2558,2438,2308,2197
"K70_K76_C22","2000_2005","2021_2024",20,"Homeownership_tertile_1_EQI_Social+SM+PA+OB","0.00","-1.68(-3.95,0.59)","-3.19(-5.76,-0.63)","-4.25(-7.07,-1.46)","-3.97(-7.26,-0.68)","0.1207","0.0122","0.0037","0.0172","1.0008","1.0022","1.0022","1.0026",2453,1991,1774,1767,2797,2693,2368,2262
"K70_K76_C22","2000_2005","2006_2010",5,"Homeownership_tertile_2_EQI+SM+PA+OB","0.00","3.01(1.67,4.42)","3.04(1.59,4.48)","3.33(1.72,4.85)","4.14(2.34,5.92)","0.0002","0.0002","0.0002","0.0002","1.0015","1.0017","1.0000","1.0006",2790,1934,1797,1683,2529,2660,2602,2491
"K70_K76_C22","2000_2005","2006_2010",5,"Homeownership_tertile_2_EQI_Air+SM+PA+OB","0.00","2.82(1.36,4.26)","3.65(2.15,5.13)","3.31(1.71,4.88)","3.78(2.00,5.50)","0.0007","0.0002","0.0002","0.0002","1.0005","1.0020","1.0011","1.0031",2402,2194,1878,1887,2832,2873,2685,2495
"K70_K76_C22","2000_2005","2006_2010",5,"Homeownership_tertile_2_EQI_Water+SM+PA+OB","0.00","-0.47(-2.36,1.39)","-0.06(-2.07,1.79)","0.78(-1.11,2.62)","-0.26(-2.42,1.75)","0.6216","0.9700","0.4006","0.8140","1.0036","1.0041","1.0039","1.0037",1289,1090,1197,1234,2132,1987,2030,2251
"K70_K76_C22","2000_2005","2006_2010",5,"Homeownership_tertile_2_EQI_Land+SM+PA+OB","0.00","0.07(-1.21,1.33)","0.41(-0.92,1.74)","-0.22(-1.76,1.34)","0.38(-1.25,1.97)","0.9065","0.5601","0.7951","0.6391","1.0017","1.0015","1.0011","1.0011",2544,2063,2090,2087,2909,3012,2795,2656
"K70_K76_C22","2000_2005","2006_2010",5,"Homeownership_tertile_2_EQI_Built+SM+PA+OB","0.00","2.59(1.31,3.87)","2.37(1.05,3.65)","3.53(2.14,4.83)","4.80(3.21,6.33)","0.0002","0.0007","0.0002","0.0002","1.0014","1.0013","1.0016","1.0016",2008,2165,2216,2248,2418,3028,2558,2748
"K70_K76_C22","2000_2005","2006_2010",5,"Homeownership_tertile_2_EQI_Social+SM+PA+OB","0.00","-1.91(-3.33,-0.47)","-2.24(-3.90,-0.65)","-2.95(-4.71,-1.19)","-2.96(-5.14,-0.92)","0.0077","0.0032","0.0017","0.0042","1.0007","1.0002","1.0007","1.0008",2225,2029,1593,1645,2777,2647,2239,2134
"K70_K76_C22","2000_2005","2011_2015",10,"Homeownership_tertile_2_EQI+SM+PA+OB","0.00","2.67(1.22,4.12)","2.79(1.23,4.38)","2.66(0.90,4.35)","4.22(2.19,6.14)","0.0007","0.0012","0.0032","0.0002","1.0012","1.0029","1.0043","1.0046",1634,1268,1192,1130,2385,2275,1690,1715
"K70_K76_C22","2000_2005","2011_2015",10,"Homeownership_tertile_2_EQI_Air+SM+PA+OB","0.00","2.54(0.84,4.27)","1.88(0.14,3.67)","2.78(0.82,4.67)","3.58(1.46,5.65)","0.0022","0.0382","0.0032","0.0017","1.0013","1.0018","1.0027","1.0022",1551,1247,1198,1182,2512,2140,1929,2076
"K70_K76_C22","2000_2005","2011_2015",10,"Homeownership_tertile_2_EQI_Water+SM+PA+OB","0.00","-0.86(-2.90,1.13)","0.51(-1.58,2.58)","1.12(-0.95,3.21)","0.90(-1.32,3.17)","0.4186","0.6321","0.2912","0.4366","1.0027","1.0025","1.0026","1.0030",1128,1035,1061,1034,1874,1752,1594,1654
"K70_K76_C22","2000_2005","2011_2015",10,"Homeownership_tertile_2_EQI_Land+SM+PA+OB","0.00","0.61(-0.73,1.92)","-0.05(-1.55,1.43)","0.89(-0.74,2.57)","0.77(-1.05,2.54)","0.3742","0.9405","0.2952","0.4011","1.0027","1.0027","1.0031","1.0034",2022,1695,1530,1580,2680,2564,2448,2403
"K70_K76_C22","2000_2005","2011_2015",10,"Homeownership_tertile_2_EQI_Built+SM+PA+OB","0.00","2.73(1.32,4.11)","2.79(1.38,4.16)","4.06(2.59,5.53)","4.18(2.57,5.85)","0.0002","0.0002","0.0002","0.0002","1.0034","1.0029","1.0032","1.0021",1919,1649,1640,1661,2364,2280,2883,2505
"K70_K76_C22","2000_2005","2011_2015",10,"Homeownership_tertile_2_EQI_Social+SM+PA+OB","0.00","-1.67(-3.19,-0.21)","-3.33(-5.05,-1.65)","-3.98(-5.82,-2.16)","-4.53(-6.71,-2.28)","0.0237","0.0007","0.0002","0.0002","1.0003","1.0004","1.0016","1.0009",1938,1369,1276,1314,2649,1929,2062,1992
"K70_K76_C22","2000_2005","2016_2020",15,"Homeownership_tertile_2_EQI+SM+PA+OB","0.00","3.01(1.42,4.57)","2.74(1.00,4.36)","2.38(0.49,4.19)","3.57(1.46,5.61)","0.0007","0.0007","0.0117","0.0002","1.0012","1.0010","1.0006","1.0018",1847,1336,1234,1153,2357,2213,2003,1854
"K70_K76_C22","2000_2005","2016_2020",15,"Homeownership_tertile_2_EQI_Air+SM+PA+OB","0.00","2.79(1.02,4.46)","1.96(0.18,3.70)","2.04(0.12,3.91)","2.97(0.88,5.02)","0.0027","0.0302","0.0332","0.0072","1.0010","1.0004","1.0014","1.0018",1753,1448,1357,1333,2353,2477,2179,2046
"K70_K76_C22","2000_2005","2016_2020",15,"Homeownership_tertile_2_EQI_Water+SM+PA+OB","0.00","1.23(-0.88,3.37)","2.90(0.72,5.00)","2.97(0.85,5.15)","2.20(-0.04,4.44)","0.2462","0.0092","0.0082","0.0542","1.0016","1.0035","1.0039","1.0030",1512,1317,1197,1322,2382,2198,1786,2575
"K70_K76_C22","2000_2005","2016_2020",15,"Homeownership_tertile_2_EQI_Land+SM+PA+OB","0.00","2.09(0.67,3.55)","0.62(-0.97,2.25)","1.98(0.19,3.75)","1.34(-0.51,3.18)","0.0022","0.4301","0.0267","0.1522","1.0016","1.0023","1.0035","1.0022",1971,1721,1583,1656,2671,2387,2068,2512
"K70_K76_C22","2000_2005","2016_2020",15,"Homeownership_tertile_2_EQI_Built+SM+PA+OB","0.00","1.29(-0.18,2.75)","1.96(0.39,3.48)","3.76(2.19,5.31)","4.29(2.47,6.05)","0.0957","0.0112","0.0002","0.0002","1.0011","1.0024","1.0021","1.0019",1936,1770,1703,1988,2570,2594,2079,2455
"K70_K76_C22","2000_2005","2016_2020",15,"Homeownership_tertile_2_EQI_Social+SM+PA+OB","0.00","-2.86(-4.39,-1.34)","-4.34(-6.10,-2.60)","-4.91(-6.83,-2.97)","-5.06(-7.36,-2.66)","0.0002","0.0002","0.0002","0.0002","1.0021","1.0024","1.0033","1.0040",2006,1616,1433,1344,2310,2124,1876,1895
"K70_K76_C22","2000_2005","2021_2024",20,"Homeownership_tertile_2_EQI+SM+PA+OB","0.00","2.14(-0.32,4.57)","2.53(0.01,5.06)","1.13(-1.57,3.96)","2.84(-0.32,5.94)","0.0832","0.0472","0.4291","0.0797","1.0012","1.0016","1.0031","1.0030",1801,1381,1226,1110,2790,2328,1992,1752
"K70_K76_C22","2000_2005","2021_2024",20,"Homeownership_tertile_2_EQI_Air+SM+PA+OB","0.00","3.98(1.45,6.52)","2.78(0.18,5.44)","3.46(0.69,6.15)","4.14(1.06,7.19)","0.0012","0.0347","0.0182","0.0127","0.9997","1.0001","1.0015","1.0009",1988,1558,1374,1362,2491,2444,2037,2153
"K70_K76_C22","2000_2005","2021_2024",20,"Homeownership_tertile_2_EQI_Water+SM+PA+OB","0.00","1.01(-2.10,4.09)","0.42(-2.73,3.53)","2.59(-0.56,5.77)","1.05(-2.29,4.37)","0.5121","0.7981","0.1172","0.5131","1.0008","1.0027","1.0019","1.0009",1235,1173,1157,1116,2173,1916,1930,1932
"K70_K76_C22","2000_2005","2021_2024",20,"Homeownership_tertile_2_EQI_Land+SM+PA+OB","0.00","2.81(0.54,5.14)","1.35(-1.09,3.81)","0.12(-2.51,2.75)","1.77(-1.11,4.58)","0.0152","0.2812","0.9195","0.2187","1.0007","1.0012","1.0018","1.0021",1753,1467,1315,1398,2425,2335,1997,2539
"K70_K76_C22","2000_2005","2021_2024",20,"Homeownership_tertile_2_EQI_Built+SM+PA+OB","0.00","2.91(0.60,5.17)","3.49(1.16,5.82)","5.76(3.38,8.20)","5.60(2.89,8.32)","0.0167","0.0047","0.0002","0.0002","1.0032","1.0048","1.0058","1.0050",1766,1684,1467,1548,1996,2571,2600,2344
"K70_K76_C22","2000_2005","2021_2024",20,"Homeownership_tertile_2_EQI_Social+SM+PA+OB","0.00","-3.10(-5.43,-0.74)","-7.01(-9.48,-4.48)","-7.04(-9.83,-4.35)","-7.72(-11.06,-4.49)","0.0127","0.0002","0.0002","0.0002","1.0030","1.0038","1.0020","1.0035",1811,1403,1248,1111,3027,2530,2271,2207
"K70_K76_C22","2000_2005","2006_2010",5,"Homeownership_tertile_3_EQI+SM+PA+OB","0.00","2.70(1.57,3.81)","3.26(2.01,4.53)","3.48(2.13,4.80)","4.82(3.18,6.32)","0.0002","0.0002","0.0002","0.0002","1.0017","1.0023","1.0026","1.0029",1973,1446,1252,1199,3024,2171,1992,2052
"K70_K76_C22","2000_2005","2006_2010",5,"Homeownership_tertile_3_EQI_Air+SM+PA+OB","0.00","3.67(2.38,5.00)","3.21(1.85,4.56)","2.70(1.20,4.20)","3.02(1.33,4.65)","0.0002","0.0002","0.0007","0.0002","0.9997","1.0001","0.9996","1.0000",2710,1793,1907,1854,3271,2407,2507,2488
"K70_K76_C22","2000_2005","2006_2010",5,"Homeownership_tertile_3_EQI_Water+SM+PA+OB","0.00","-0.99(-2.34,0.38)","0.13(-1.32,1.53)","0.61(-0.88,2.06)","1.30(-0.27,2.91)","0.1507","0.8605","0.4191","0.1067","1.0017","1.0012","1.0009","1.0009",2617,2450,2494,2493,3401,3247,2947,2946
"K70_K76_C22","2000_2005","2006_2010",5,"Homeownership_tertile_3_EQI_Land+SM+PA+OB","0.00","-0.35(-1.54,0.82)","-1.14(-2.44,0.20)","-1.88(-3.25,-0.41)","-1.30(-2.82,0.25)","0.5576","0.0977","0.0087","0.1032","1.0001","1.0001","1.0010","1.0010",3189,2555,2270,2382,3327,3125,2582,2929
"K70_K76_C22","2000_2005","2006_2010",5,"Homeownership_tertile_3_EQI_Built+SM+PA+OB","0.00","2.01(1.06,2.94)","2.17(1.09,3.20)","2.34(1.17,3.51)","1.52(-0.00,3.07)","0.0002","0.0002","0.0002","0.0517","0.9999","1.0006","0.9997","1.0000",3813,3068,3071,3462,3387,2873,2786,2975
"K70_K76_C22","2000_2005","2006_2010",5,"Homeownership_tertile_3_EQI_Social+SM+PA+OB","0.00","-2.10(-3.46,-0.78)","-1.87(-3.36,-0.41)","-1.00(-2.50,0.62)","-1.30(-3.17,0.70)","0.0032","0.0142","0.2167","0.1867","1.0009","1.0003","1.0002","1.0014",2435,2027,1894,1642,3170,2882,2127,1922
"K70_K76_C22","2000_2005","2011_2015",10,"Homeownership_tertile_3_EQI+SM+PA+OB","0.00","2.86(1.46,4.25)","3.17(1.69,4.63)","3.82(2.21,5.39)","5.14(3.17,7.05)","0.0002","0.0002","0.0002","0.0002","1.0012","1.0028","1.0028","1.0020",1531,1251,1085,1058,2669,1943,1681,1824
"K70_K76_C22","2000_2005","2011_2015",10,"Homeownership_tertile_3_EQI_Air+SM+PA+OB","0.00","2.99(1.57,4.39)","3.75(2.18,5.27)","3.85(2.08,5.60)","4.51(2.48,6.46)","0.0002","0.0002","0.0002","0.0002","1.0006","1.0008","1.0012","1.0014",2315,1841,1713,1759,2708,2605,2361,2222
"K70_K76_C22","2000_2005","2011_2015",10,"Homeownership_tertile_3_EQI_Water+SM+PA+OB","0.00","-0.05(-1.63,1.55)","0.18(-1.49,1.80)","1.84(0.10,3.54)","1.20(-0.67,3.11)","0.9455","0.8225","0.0372","0.2072","1.0011","1.0011","1.0006","0.9999",2126,1845,1833,1968,2696,2661,2220,2368
"K70_K76_C22","2000_2005","2011_2015",10,"Homeownership_tertile_3_EQI_Land+SM+PA+OB","0.00","-0.46(-1.75,0.90)","-0.40(-1.86,1.06)","-2.04(-3.80,-0.29)","-0.15(-1.98,1.74)","0.5056","0.6116","0.0222","0.8550","1.0012","1.0023","1.0022","1.0029",2157,1889,1753,1852,2522,2556,2177,2622
"K70_K76_C22","2000_2005","2011_2015",10,"Homeownership_tertile_3_EQI_Built+SM+PA+OB","0.00","1.59(0.52,2.67)","1.66(0.39,2.87)","2.20(0.79,3.57)","1.79(0.09,3.47)","0.0047","0.0102","0.0052","0.0442","0.9996","0.9999","1.0002","1.0002",2765,2400,2579,2466,2924,2704,2637,2911
"K70_K76_C22","2000_2005","2011_2015",10,"Homeownership_tertile_3_EQI_Social+SM+PA+OB","0.00","-0.93(-2.50,0.66)","-2.22(-4.02,-0.48)","-1.60(-3.47,0.25)","-2.42(-4.70,-0.18)","0.2552","0.0132","0.0957","0.0352","1.0007","1.0017","1.0018","1.0028",2156,1710,1694,1540,2881,2705,2401,2314
"K70_K76_C22","2000_2005","2016_2020",15,"Homeownership_tertile_3_EQI+SM+PA+OB","0.00","2.28(0.86,3.64)","1.88(0.36,3.36)","2.44(0.80,4.08)","3.36(1.30,5.38)","0.0022","0.0147","0.0032","0.0017","1.0008","1.0010","1.0017","1.0013",1856,1562,1408,1512,2513,2759,2214,2348
"K70_K76_C22","2000_2005","2016_2020",15,"Homeownership_tertile_3_EQI_Air+SM+PA+OB","0.00","1.60(0.07,3.15)","2.17(0.60,3.84)","2.36(0.41,4.28)","2.35(0.21,4.43)","0.0462","0.0102","0.0167","0.0322","1.0011","1.0015","1.0010","1.0004",1445,1259,1211,1371,2641,2238,1989,2377
"K70_K76_C22","2000_2005","2016_2020",15,"Homeownership_tertile_3_EQI_Water+SM+PA+OB","0.00","0.91(-0.84,2.64)","2.68(0.88,4.49)","3.66(1.77,5.53)","3.23(1.29,5.19)","0.2972","0.0062","0.0002","0.0037","1.0029","1.0050","1.0042","1.0018",1522,1358,1181,1482,2451,2730,2504,2351
"K70_K76_C22","2000_2005","2016_2020",15,"Homeownership_tertile_3_EQI_Land+SM+PA+OB","0.00","-0.80(-2.17,0.53)","-1.38(-2.87,0.11)","-2.21(-3.91,-0.54)","-1.62(-3.43,0.20)","0.2512","0.0707","0.0082","0.0867","1.0003","1.0028","1.0014","1.0016",2225,1792,1752,1902,2798,2248,2510,2583
"K70_K76_C22","2000_2005","2016_2020",15,"Homeownership_tertile_3_EQI_Built+SM+PA+OB","0.00","1.09(-0.08,2.25)","1.95(0.69,3.23)","2.28(0.88,3.70)","2.24(0.49,4.04)","0.0667","0.0032","0.0012","0.0117","1.0011","1.0008","1.0007","1.0008",2653,2446,2450,2881,2824,2828,3118,3067
"K70_K76_C22","2000_2005","2016_2020",15,"Homeownership_tertile_3_EQI_Social+SM+PA+OB","0.00","-2.32(-3.98,-0.68)","-2.72(-4.49,-0.99)","-2.95(-4.76,-1.08)","-3.45(-5.63,-1.27)","0.0037","0.0032","0.0037","0.0017","1.0035","1.0016","1.0020","1.0010",1816,1502,1513,1368,2288,2573,2328,2068
"K70_K76_C22","2000_2005","2021_2024",20,"Homeownership_tertile_3_EQI+SM+PA+OB","0.00","4.34(2.24,6.43)","4.33(2.30,6.42)","4.03(1.79,6.27)","3.69(0.93,6.40)","0.0007","0.0002","0.0007","0.0082","1.0031","1.0037","1.0044","1.0036",2373,1931,1653,1643,2837,2750,2292,2113
"K70_K76_C22","2000_2005","2021_2024",20,"Homeownership_tertile_3_EQI_Air+SM+PA+OB","0.00","5.08(2.85,7.32)","3.62(1.32,5.96)","2.95(0.36,5.57)","3.02(0.10,6.06)","0.0002","0.0032","0.0237","0.0427","1.0002","1.0004","1.0008","1.0009",1863,1507,1413,1499,2768,2389,2114,2018
"K70_K76_C22","2000_2005","2021_2024",20,"Homeownership_tertile_3_EQI_Water+SM+PA+OB","0.00","-1.01(-3.49,1.58)","0.82(-1.77,3.49)","1.77(-0.88,4.43)","1.88(-0.96,4.65)","0.4351","0.5316","0.1977","0.1927","1.0030","1.0021","1.0019","1.0021",1540,1504,1581,1430,2882,2310,2558,2548
"K70_K76_C22","2000_2005","2021_2024",20,"Homeownership_tertile_3_EQI_Land+SM+PA+OB","0.00","-0.16(-2.17,1.81)","0.50(-1.64,2.66)","-0.80(-3.20,1.59)","-0.17(-2.79,2.40)","0.8760","0.6541","0.5041","0.8900","1.0026","1.0042","1.0035","1.0027",1993,1681,1385,1452,2727,2466,2121,2231
"K70_K76_C22","2000_2005","2021_2024",20,"Homeownership_tertile_3_EQI_Built+SM+PA+OB","0.00","2.87(1.15,4.61)","3.54(1.60,5.57)","3.97(1.82,6.06)","4.72(1.93,7.47)","0.0012","0.0012","0.0002","0.0002","1.0014","1.0018","1.0023","1.0015",2672,2253,2200,1953,2913,2742,2823,2499
"K70_K76_C22","2000_2005","2021_2024",20,"Homeownership_tertile_3_EQI_Social+SM+PA+OB","0.00","-1.28(-3.64,1.00)","-2.07(-4.63,0.47)","-3.11(-5.71,-0.55)","-3.14(-6.24,-0.03)","0.2777","0.1092","0.0197","0.0467","1.0015","1.0037","1.0044","1.0049",1899,1490,1391,1235,2806,2305,2363,1979
