ICD_Code,EQI_Period,AAMR_Period,Lag,Model,Q1,Q2,Q3,Q4,Q5,Q2_p,Q3_p,Q4_p,Q5_p,Q2_rhat,Q3_rhat,Q4_rhat,Q5_rhat,Q2_ess_bulk,Q3_ess_bulk,Q4_ess_bulk,Q5_ess_bulk,Q2_ess_tail,Q3_ess_tail,Q4_ess_tail,Q5_ess_tail
K70_K76_C22,2000_2005,2006_2010,5,Census_Region_1_EQI+SM+PA+OB,0.00,"0.57(-4.04,4.88)","0.96(-3.49,5.01)","1.36(-3.00,5.45)","2.12(-2.23,6.23)",0.7842,0.6438,0.5109,0.3143,1.0019,1.0023,1.0027,1.0029,1695,1646,1620,1574,2220,2392,2227,2108
"K70_K76_C22","2000_2005","2006_2010",5,"Census_Region_1_EQI_Air+SM+PA+OB","0.00","-1.52(-5.96,2.73)","0.14(-4.08,4.08)","-0.19(-4.41,3.67)","0.95(-3.27,4.71)","0.4930","0.9375","0.9392","0.6188","1.0015","1.0004","1.0011","1.0012",2618,2492,2438,2482,3411,2809,2682,2808
"K70_K76_C22","2000_2005","2006_2010",5,"Census_Region_1_EQI_Water+SM+PA+OB","0.00","1.04(-0.50,2.54)","1.35(-0.16,2.87)","1.06(-0.29,2.44)","1.38(-0.06,2.79)","0.1702","0.0902","0.1173","0.0564","0.9999","1.0005","1.0004","1.0004",4929,3850,3819,3713,3657,3755,3763,3640
"K70_K76_C22","2000_2005","2006_2010",5,"Census_Region_1_EQI_Land+SM+PA+OB","0.00","-0.24(-2.89,2.50)","-0.52(-3.03,2.12)","-0.85(-3.35,1.74)","-0.72(-3.24,1.87)","0.8525","0.6926","0.5039","0.5909","1.0016","1.0019","1.0021","1.0019",2551,2534,2498,2493,3211,2721,2885,2932
"K70_K76_C22","2000_2005","2006_2010",5,"Census_Region_1_EQI_Built+SM+PA+OB","0.00","3.10(-0.01,6.40)","1.44(-1.38,4.47)","2.83(-0.08,5.91)","3.48(0.60,6.54)","0.0514","0.3356","0.0581","0.0173","1.0005","1.0023","1.0019","1.0021",2644,2432,2373,2350,3089,2567,2626,2846
"K70_K76_C22","2000_2005","2006_2010",5,"Census_Region_1_EQI_Social+SM+PA+OB","0.00","-1.42(-3.79,0.93)","-3.10(-5.22,-0.98)","-3.26(-5.36,-1.16)","-3.22(-5.37,-1.03)","0.2281","0.0048","0.0023","0.0044","1.0011","1.0009","1.0005","1.0011",2806,2678,2754,2807,3564,3465,3244,3216
"K70_K76_C22","2000_2005","2011_2015",10,"Census_Region_1_EQI+SM+PA+OB","0.00","-3.13(-7.81,1.16)","-0.43(-4.67,3.52)","-0.20(-4.34,3.67)","0.75(-3.42,4.68)","0.1664","0.8625","0.9388","0.6859","1.0010","1.0011","1.0012","1.0011",2109,1730,1715,1741,2596,1972,2161,2123
"K70_K76_C22","2000_2005","2011_2015",10,"Census_Region_1_EQI_Air+SM+PA+OB","0.00","-3.21(-8.02,1.48)","-1.44(-6.09,2.94)","-1.16(-5.79,3.24)","0.56(-3.99,4.84)","0.1823","0.5413","0.6172","0.7955","1.0003","1.0009","1.0007","1.0008",2286,2114,2123,2118,2586,2577,2632,2917
"K70_K76_C22","2000_2005","2011_2015",10,"Census_Region_1_EQI_Water+SM+PA+OB","0.00","0.39(-1.08,1.86)","2.34(1.06,3.62)","1.23(0.02,2.39)","1.95(0.71,3.15)","0.6051","0.0019","0.0469","0.0035","1.0008","1.0010","0.9999","1.0007",4872,3754,3717,3698,3766,3482,3867,3250
"K70_K76_C22","2000_2005","2011_2015",10,"Census_Region_1_EQI_Land+SM+PA+OB","0.00","1.98(-0.71,4.63)","0.89(-1.62,3.37)","1.01(-1.53,3.50)","0.72(-1.83,3.22)","0.1552","0.4934","0.4251","0.5863","1.0018","1.0034","1.0028","1.0033",2309,2201,2176,2290,3279,2959,3042,3006
"K70_K76_C22","2000_2005","2011_2015",10,"Census_Region_1_EQI_Built+SM+PA+OB","0.00","2.96(0.06,5.61)","-0.28(-2.88,1.98)","1.53(-1.18,3.88)","1.73(-0.88,4.07)","0.0464","0.8588","0.2231","0.1727","1.0027","1.0026","1.0033","1.0028",2487,2466,2465,2427,2896,2766,2841,2840
"K70_K76_C22","2000_2005","2011_2015",10,"Census_Region_1_EQI_Social+SM+PA+OB","0.00","-0.26(-2.50,1.98)","-2.82(-4.92,-0.82)","-2.92(-4.98,-0.91)","-3.62(-5.74,-1.53)","0.8117","0.0065","0.0056","0.0006","1.0018","1.0005","1.0008","1.0011",2866,2562,2504,2469,3499,2746,3194,3054
"K70_K76_C22","2000_2005","2016_2020",15,"Census_Region_1_EQI+SM+PA+OB","0.00","-2.42(-6.13,1.64)","0.72(-2.49,4.35)","0.80(-2.45,4.40)","1.90(-1.36,5.55)","0.2339","0.7209","0.6930","0.2872","1.0002","1.0009","1.0012","1.0016",2130,1796,1770,1784,2539,2059,2131,1902
"K70_K76_C22","2000_2005","2016_2020",15,"Census_Region_1_EQI_Air+SM+PA+OB","0.00","-1.06(-4.90,2.82)","-1.22(-4.93,2.69)","0.64(-3.24,4.59)","0.70(-3.23,4.58)","0.5668","0.5143","0.7488","0.7355","1.0000","1.0004","1.0008","1.0009",2065,2058,1882,1846,2960,2976,2759,2683
"K70_K76_C22","2000_2005","2016_2020",15,"Census_Region_1_EQI_Water+SM+PA+OB","0.00","0.30(-1.14,1.73)","1.77(0.23,3.32)","1.99(0.58,3.29)","2.32(0.87,3.72)","0.6605","0.0269","0.0065","0.0052","1.0003","1.0006","1.0014","1.0011",4229,3835,2570,2863,3974,3498,3558,3469
"K70_K76_C22","2000_2005","2016_2020",15,"Census_Region_1_EQI_Land+SM+PA+OB","0.00","0.33(-2.43,3.02)","0.28(-2.35,2.82)","0.08(-2.50,2.68)","-0.04(-2.73,2.53)","0.8063","0.8259","0.9438","0.9846","1.0013","1.0013","1.0013","1.0012",2288,2221,2005,2136,3260,3045,3143,3294
"K70_K76_C22","2000_2005","2016_2020",15,"Census_Region_1_EQI_Built+SM+PA+OB","0.00","3.89(0.99,6.78)","1.75(-0.66,4.09)","3.79(1.34,6.18)","3.91(1.39,6.35)","0.0098","0.1589","0.0023","0.0035","1.0004","1.0016","1.0012","1.0008",2693,2180,2240,2186,3008,2739,2789,2820
"K70_K76_C22","2000_2005","2016_2020",15,"Census_Region_1_EQI_Social+SM+PA+OB","0.00","1.14(-1.14,3.32)","-0.67(-2.77,1.33)","-0.46(-2.54,1.60)","-1.06(-3.24,1.11)","0.3285","0.5130","0.6688","0.3276","1.0023","1.0008","1.0023","1.0013",2822,2721,2450,2499,3440,3414,2965,3152
"K70_K76_C22","2000_2005","2021_2024",20,"Census_Region_1_EQI+SM+PA+OB","0.00","-1.73(-6.99,3.50)","-2.83(-7.62,2.07)","-1.98(-6.74,2.88)","-3.07(-8.00,1.81)","0.5176","0.2560","0.4080","0.2185","1.0010","1.0008","1.0005","1.0009",2448,2364,2211,2193,2781,2656,2597,2620
"K70_K76_C22","2000_2005","2021_2024",20,"Census_Region_1_EQI_Air+SM+PA+OB","0.00","0.02(-5.17,5.14)","-2.49(-7.08,2.18)","-0.75(-5.29,3.85)","-1.69(-6.00,2.88)","0.9858","0.3131","0.7405","0.4589","1.0006","1.0014","1.0005","1.0008",3235,3165,3036,3139,3513,3094,3107,2801
"K70_K76_C22","2000_2005","2021_2024",20,"Census_Region_1_EQI_Water+SM+PA+OB","0.00","1.29(-1.38,4.06)","3.44(0.49,6.35)","2.56(0.16,5.08)","3.24(0.61,5.90)","0.3626","0.0223","0.0348","0.0177","1.0000","1.0003","1.0008","1.0004",4823,4814,4209,4436,3546,3588,3465,3961
"K70_K76_C22","2000_2005","2021_2024",20,"Census_Region_1_EQI_Land+SM+PA+OB","0.00","0.06(-3.88,3.93)","-0.21(-3.84,3.43)","0.39(-3.20,3.98)","-0.34(-4.06,3.42)","0.9683","0.9104","0.8288","0.8613","1.0004","1.0012","1.0010","1.0003",3257,3115,3119,3184,3362,3300,3341,3425
"K70_K76_C22","2000_2005","2021_2024",20,"Census_Region_1_EQI_Built+SM+PA+OB","0.00","-1.13(-5.51,3.29)","-4.22(-7.83,-0.46)","-1.78(-5.33,1.93)","-2.26(-5.88,1.54)","0.6067","0.0323","0.3260","0.2172","1.0011","1.0019","1.0020","1.0014",3771,3247,3113,3020,3823,3090,2904,3203
"K70_K76_C22","2000_2005","2021_2024",20,"Census_Region_1_EQI_Social+SM+PA+OB","0.00","3.33(-0.31,6.89)","-0.22(-3.50,2.93)","0.57(-2.57,3.70)","-0.55(-3.85,2.73)","0.0694","0.9017","0.7146","0.7526","1.0001","1.0015","1.0001","0.9999",3514,3222,2849,2963,3386,3177,3076,3080
"K70_K76_C22","2000_2005","2006_2010",5,"Census_Region_2_EQI+SM+PA+OB","0.00","5.00(3.51,6.45)","5.58(4.25,6.86)","5.84(4.53,7.12)","7.57(6.12,8.97)","0.0002","0.0002","0.0002","0.0002","1.0022","1.0015","1.0014","1.0038",2704,2400,2017,1979,3077,3138,3012,3125
"K70_K76_C22","2000_2005","2006_2010",5,"Census_Region_2_EQI_Air+SM+PA+OB","0.00","2.49(1.15,3.74)","2.55(1.21,3.89)","3.67(2.24,5.04)","4.88(3.40,6.31)","0.0002","0.0006","0.0002","0.0002","1.0056","1.0065","1.0061","1.0028",1274,1430,1409,1906,2320,3155,2982,2821
"K70_K76_C22","2000_2005","2006_2010",5,"Census_Region_2_EQI_Water+SM+PA+OB","0.00","-0.25(-1.83,1.22)","0.98(-0.61,2.52)","0.23(-1.29,1.65)","1.74(0.08,3.40)","0.7763","0.2239","0.7492","0.0381","1.0039","1.0028","1.0035","1.0020",762,1116,978,1647,2219,1983,2426,2404
"K70_K76_C22","2000_2005","2006_2010",5,"Census_Region_2_EQI_Land+SM+PA+OB","0.00","0.90(-0.76,2.61)","1.44(-0.21,3.10)","0.83(-0.85,2.50)","1.21(-0.54,2.90)","0.3010","0.0910","0.3406","0.1656","1.0021","1.0042","1.0010","1.0007",2742,2426,1860,1917,3642,3195,2664,3013
"K70_K76_C22","2000_2005","2006_2010",5,"Census_Region_2_EQI_Built+SM+PA+OB","0.00","2.44(1.17,3.66)","2.17(0.92,3.39)","2.72(1.41,3.93)","4.22(2.86,5.49)","0.0006","0.0002","0.0002","0.0002","1.0042","1.0058","1.0061","1.0040",1088,939,913,1299,2077,2029,2211,2740
"K70_K76_C22","2000_2005","2006_2010",5,"Census_Region_2_EQI_Social+SM+PA+OB","0.00","-6.94(-9.48,-4.65)","-7.09(-9.49,-4.96)","-6.91(-9.27,-4.78)","-6.76(-9.11,-4.52)","0.0002","0.0002","0.0002","0.0002","1.0111","1.0100","1.0085","1.0048",424,451,532,747,1665,1533,1505,1893
"K70_K76_C22","2000_2005","2011_2015",10,"Census_Region_2_EQI+SM+PA+OB","0.00","5.17(3.69,6.69)","6.60(5.21,8.06)","6.69(5.31,8.09)","8.33(6.87,9.84)","0.0002","0.0002","0.0002","0.0002","1.0023","1.0029","1.0017","1.0021",2694,2308,1845,1991,3451,3078,2735,2770
"K70_K76_C22","2000_2005","2011_2015",10,"Census_Region_2_EQI_Air+SM+PA+OB","0.00","3.76(2.48,5.04)","3.20(1.91,4.45)","4.50(3.06,5.85)","6.00(4.45,7.49)","0.0002","0.0002","0.0002","0.0002","1.0023","1.0021","1.0033","1.0024",2795,2783,2517,2401,3358,3596,3544,2990
"K70_K76_C22","2000_2005","2011_2015",10,"Census_Region_2_EQI_Water+SM+PA+OB","0.00","0.12(-1.43,1.74)","-0.03(-1.71,1.72)","0.35(-1.10,1.92)","0.72(-0.96,2.48)","0.8884","0.9767","0.6588","0.4243","1.0052","1.0051","1.0037","1.0039",1566,1392,1647,1622,3134,2432,3345,2839
"K70_K76_C22","2000_2005","2011_2015",10,"Census_Region_2_EQI_Land+SM+PA+OB","0.00","1.50(-0.26,3.31)","1.76(0.04,3.49)","1.82(0.08,3.63)","2.14(0.31,3.97)","0.0964","0.0456","0.0369","0.0202","1.0022","1.0023","1.0030","1.0039",2512,2201,2011,1951,3526,2944,2684,2831
"K70_K76_C22","2000_2005","2011_2015",10,"Census_Region_2_EQI_Built+SM+PA+OB","0.00","3.20(2.00,4.39)","3.38(2.18,4.56)","4.38(3.16,5.57)","5.27(3.98,6.54)","0.0002","0.0002","0.0002","0.0002","1.0026","1.0016","1.0018","1.0024",3415,2921,2925,2717,3579,3467,3514,3165
"K70_K76_C22","2000_2005","2011_2015",10,"Census_Region_2_EQI_Social+SM+PA+OB","0.00","-1.79(-3.77,0.12)","-3.50(-5.30,-1.60)","-4.09(-5.94,-2.10)","-4.74(-6.81,-2.54)","0.0685","0.0006","0.0002","0.0002","1.0007","1.0023","1.0031","1.0029",2214,1842,1865,1846,3045,2232,2130,2545
"K70_K76_C22","2000_2005","2016_2020",15,"Census_Region_2_EQI+SM+PA+OB","0.00","6.99(5.18,8.69)","7.99(6.37,9.49)","7.91(6.27,9.54)","9.60(7.85,11.29)","0.0002","0.0002","0.0002","0.0002","1.0000","1.0003","1.0014","1.0025",2491,2051,1762,1712,2977,2676,2538,2272
"K70_K76_C22","2000_2005","2016_2020",15,"Census_Region_2_EQI_Air+SM+PA+OB","0.00","2.72(1.23,4.16)","2.48(0.94,4.02)","3.70(1.98,5.39)","4.61(2.72,6.41)","0.0002","0.0027","0.0002","0.0002","0.9998","1.0004","1.0006","1.0001",2639,2550,2321,2370,3623,3435,3170,3208
"K70_K76_C22","2000_2005","2016_2020",15,"Census_Region_2_EQI_Water+SM+PA+OB","0.00","2.25(0.40,4.02)","3.51(1.52,5.38)","2.63(0.87,4.41)","3.65(1.59,5.72)","0.0194","0.0002","0.0065","0.0006","1.0020","1.0027","1.0013","1.0013",2598,2557,2635,2609,2424,2961,3020,3029
"K70_K76_C22","2000_2005","2016_2020",15,"Census_Region_2_EQI_Land+SM+PA+OB","0.00","2.46(0.48,4.45)","1.16(-0.81,3.14)","1.73(-0.33,3.75)","2.00(-0.13,4.14)","0.0131","0.2364","0.0985","0.0644","1.0017","1.0018","1.0035","1.0040",2603,2532,2519,2495,3294,3194,3063,3031
"K70_K76_C22","2000_2005","2016_2020",15,"Census_Region_2_EQI_Built+SM+PA+OB","0.00","2.59(1.11,4.10)","3.22(1.79,4.74)","4.22(2.76,5.78)","5.50(3.94,7.11)","0.0006","0.0002","0.0002","0.0002","1.0015","1.0012","1.0031","1.0023",2454,2422,2269,2190,2598,2512,2306,2438
"K70_K76_C22","2000_2005","2016_2020",15,"Census_Region_2_EQI_Social+SM+PA+OB","0.00","-3.55(-5.76,-1.22)","-5.28(-7.40,-3.15)","-5.02(-7.27,-2.78)","-5.05(-7.50,-2.66)","0.0040","0.0002","0.0002","0.0002","1.0028","1.0037","1.0033","1.0036",2432,2121,2061,2117,2919,3088,3176,2906
"K70_K76_C22","2000_2005","2021_2024",20,"Census_Region_2_EQI+SM+PA+OB","0.00","4.68(2.13,7.23)","6.75(4.23,9.25)","6.74(4.16,9.30)","8.11(5.29,10.85)","0.0002","0.0002","0.0002","0.0002","1.0043","1.0035","1.0034","1.0026",2056,1905,1504,1440,3012,2683,2530,2036
"K70_K76_C22","2000_2005","2021_2024",20,"Census_Region_2_EQI_Air+SM+PA+OB","0.00","4.66(2.42,6.89)","3.52(1.05,5.86)","5.43(2.90,7.96)","5.79(2.97,8.64)","0.0002","0.0048","0.0006","0.0002","1.0010","1.0019","1.0037","1.0046",3322,2845,2637,2492,3531,3479,2747,2836
"K70_K76_C22","2000_2005","2021_2024",20,"Census_Region_2_EQI_Water+SM+PA+OB","0.00","0.28(-2.41,2.95)","1.12(-1.62,3.96)","1.07(-1.64,3.88)","2.11(-0.85,5.20)","0.8117","0.4276","0.4368","0.1727","1.0002","1.0004","1.0013","1.0005",2655,2255,2308,2599,3149,2842,2804,3264
"K70_K76_C22","2000_2005","2021_2024",20,"Census_Region_2_EQI_Land+SM+PA+OB","0.00","1.96(-1.04,5.01)","1.21(-1.58,4.16)","0.64(-2.27,3.62)","1.07(-1.87,4.14)","0.2018","0.4255","0.6647","0.4684","1.0011","1.0020","1.0023","1.0017",3048,2648,2516,2559,3108,2811,2946,2810
"K70_K76_C22","2000_2005","2021_2024",20,"Census_Region_2_EQI_Built+SM+PA+OB","0.00","2.74(0.51,4.90)","3.55(1.37,5.79)","5.03(2.76,7.24)","7.15(4.74,9.59)","0.0177","0.0015","0.0002","0.0002","1.0005","1.0002","1.0005","1.0003",3480,3073,3126,3059,3455,2930,3080,3453
"K70_K76_C22","2000_2005","2021_2024",20,"Census_Region_2_EQI_Social+SM+PA+OB","0.00","-4.43(-7.62,-1.24)","-7.90(-10.93,-4.91)","-7.36(-10.51,-4.24)","-7.65(-11.09,-4.21)","0.0044","0.0002","0.0002","0.0002","1.0004","1.0011","1.0012","1.0020",2520,2254,2024,2042,2801,2448,2628,2408
"K70_K76_C22","2000_2005","2006_2010",5,"Census_Region_3_EQI+SM+PA+OB","0.00","2.76(1.70,3.78)","2.80(1.67,3.89)","3.56(2.28,4.87)","4.41(2.80,6.03)","0.0002","0.0002","0.0002","0.0002","1.0006","1.0011","1.0014","1.0005",2400,1967,1925,1989,3376,2708,2897,3150
"K70_K76_C22","2000_2005","2006_2010",5,"Census_Region_3_EQI_Air+SM+PA+OB","0.00","3.73(2.17,5.23)","4.70(3.21,6.18)","4.31(2.79,5.84)","5.10(3.43,6.78)","0.0002","0.0002","0.0002","0.0002","1.0001","1.0009","0.9997","1.0015",2455,2250,1958,1957,3128,2883,2903,2972
"K70_K76_C22","2000_2005","2006_2010",5,"Census_Region_3_EQI_Water+SM+PA+OB","0.00","-0.35(-1.68,0.96)","0.24(-1.10,1.60)","1.65(0.21,3.10)","-0.65(-2.16,0.85)","0.5880","0.7367","0.0252","0.3805","1.0016","1.0019","1.0012","1.0022",2365,2131,2246,2227,3072,2922,2665,3122
"K70_K76_C22","2000_2005","2006_2010",5,"Census_Region_3_EQI_Land+SM+PA+OB","0.00","-0.04(-0.82,0.76)","0.25(-0.66,1.18)","-1.75(-3.04,-0.43)","-0.59(-2.40,1.20)","0.9292","0.5834","0.0094","0.5276","1.0004","1.0014","1.0006","0.9999",3801,3539,3598,3790,3591,3594,3425,3656
"K70_K76_C22","2000_2005","2006_2010",5,"Census_Region_3_EQI_Built+SM+PA+OB","0.00","1.87(0.90,2.83)","2.33(1.32,3.35)","2.75(1.65,3.83)","3.63(2.38,4.81)","0.0006","0.0006","0.0002","0.0002","1.0015","1.0009","1.0007","1.0016",2913,2525,2350,2338,3757,3287,2908,3041
"K70_K76_C22","2000_2005","2006_2010",5,"Census_Region_3_EQI_Social+SM+PA+OB","0.00","-1.19(-2.15,-0.27)","-0.97(-2.11,0.16)","-0.96(-2.30,0.36)","-2.15(-3.75,-0.56)","0.0131","0.0927","0.1573","0.0081","1.0009","1.0005","1.0005","1.0013",2667,2413,2219,2144,3123,3226,3254,2934
"K70_K76_C22","2000_2005","2011_2015",10,"Census_Region_3_EQI+SM+PA+OB","0.00","3.23(2.12,4.32)","3.79(2.57,5.00)","4.81(3.37,6.23)","5.58(3.72,7.43)","0.0002","0.0002","0.0002","0.0002","1.0010","1.0004","1.0008","1.0001",2490,2004,1874,1608,3572,2974,3110,2664
"K70_K76_C22","2000_2005","2011_2015",10,"Census_Region_3_EQI_Air+SM+PA+OB","0.00","2.80(1.09,4.52)","3.68(1.93,5.38)","3.81(2.00,5.58)","4.92(2.99,6.81)","0.0010","0.0002","0.0002","0.0002","1.0023","1.0022","1.0025","1.0020",2236,1975,1738,1651,3139,2643,2657,2822
"K70_K76_C22","2000_2005","2011_2015",10,"Census_Region_3_EQI_Water+SM+PA+OB","0.00","-0.09(-1.61,1.43)","0.16(-1.48,1.77)","1.54(-0.22,3.27)","0.94(-0.90,2.79)","0.9088","0.8305","0.0794","0.3172","1.0016","1.0024","1.0020","1.0023",2339,2214,2228,2535,2960,2901,2743,2743
"K70_K76_C22","2000_2005","2011_2015",10,"Census_Region_3_EQI_Land+SM+PA+OB","0.00","0.58(-0.29,1.47)","0.53(-0.53,1.61)","-0.44(-1.99,1.05)","-0.09(-2.08,1.96)","0.1918","0.3243","0.5763","0.9292","1.0001","1.0014","1.0008","1.0007",3540,3653,3712,3342,3871,3429,3704,3073
"K70_K76_C22","2000_2005","2011_2015",10,"Census_Region_3_EQI_Built+SM+PA+OB","0.00","1.54(0.44,2.60)","2.79(1.66,3.94)","3.40(2.17,4.68)","4.10(2.68,5.47)","0.0052","0.0002","0.0002","0.0002","1.0002","1.0000","1.0004","1.0006",2798,2589,2348,2504,3633,3452,3222,3305
"K70_K76_C22","2000_2005","2011_2015",10,"Census_Region_3_EQI_Social+SM+PA+OB","0.00","-0.86(-1.93,0.25)","-0.64(-2.00,0.64)","-0.71(-2.26,0.79)","-1.89(-3.75,-0.07)","0.1206","0.3231","0.3585","0.0431","1.0011","0.9996","1.0010","1.0006",3032,2722,2450,2346,3427,3475,2902,3327
"K70_K76_C22","2000_2005","2016_2020",15,"Census_Region_3_EQI+SM+PA+OB","0.00","2.42(1.28,3.50)","2.57(1.36,3.73)","3.44(2.06,4.86)","3.23(1.45,4.98)","0.0002","0.0002","0.0002","0.0002","1.0034","1.0020","1.0007","1.0009",2539,2317,1901,1878,2695,3326,3106,2892
"K70_K76_C22","2000_2005","2016_2020",15,"Census_Region_3_EQI_Air+SM+PA+OB","0.00","3.18(1.41,4.91)","3.58(1.85,5.28)","3.86(2.06,5.56)","4.49(2.56,6.34)","0.0002","0.0002","0.0002","0.0002","1.0030","1.0043","1.0066","1.0062",2047,1810,1641,1691,2978,2586,2429,2184
"K70_K76_C22","2000_2005","2016_2020",15,"Census_Region_3_EQI_Water+SM+PA+OB","0.00","1.51(-0.00,3.01)","2.01(0.54,3.57)","3.29(1.62,4.97)","1.45(-0.28,3.23)","0.0506","0.0069","0.0002","0.1048","1.0007","1.0011","1.0012","1.0015",2052,1916,1966,1912,2838,2443,2570,2744
"K70_K76_C22","2000_2005","2016_2020",15,"Census_Region_3_EQI_Land+SM+PA+OB","0.00","0.91(0.04,1.76)","0.24(-0.79,1.30)","-2.39(-3.83,-0.90)","-0.48(-2.48,1.51)","0.0406","0.6338","0.0015","0.6522","1.0015","1.0006","1.0027","1.0007",3313,3008,3684,3707,3777,3077,3368,3180
"K70_K76_C22","2000_2005","2016_2020",15,"Census_Region_3_EQI_Built+SM+PA+OB","0.00","1.48(0.43,2.54)","2.46(1.32,3.59)","2.94(1.73,4.17)","4.15(2.77,5.52)","0.0081","0.0002","0.0002","0.0002","1.0009","1.0023","1.0022","1.0017",3286,2619,2667,2572,3484,3429,2790,3211
"K70_K76_C22","2000_2005","2016_2020",15,"Census_Region_3_EQI_Social+SM+PA+OB","0.00","-1.52(-2.56,-0.49)","-1.45(-2.73,-0.17)","-1.92(-3.40,-0.45)","-2.78(-4.61,-1.00)","0.0060","0.0256","0.0106","0.0023","1.0019","1.0031","1.0030","1.0031",2516,2153,2322,2127,3255,2986,3314,2904
"K70_K76_C22","2000_2005","2021_2024",20,"Census_Region_3_EQI+SM+PA+OB","0.00","4.24(2.62,5.86)","3.98(2.23,5.67)","4.11(2.14,6.04)","3.71(1.16,6.25)","0.0002","0.0002","0.0002","0.0065","1.0001","1.0009","1.0011","1.0006",3142,2562,2302,2297,3473,3030,2632,2956
"K70_K76_C22","2000_2005","2021_2024",20,"Census_Region_3_EQI_Air+SM+PA+OB","0.00","5.59(3.05,7.98)","5.76(3.36,8.10)","4.91(2.45,7.35)","4.96(2.28,7.65)","0.0002","0.0002","0.0002","0.0002","1.0018","1.0022","1.0025","1.0031",2244,1810,1581,1598,2316,2750,2520,2318
"K70_K76_C22","2000_2005","2021_2024",20,"Census_Region_3_EQI_Water+SM+PA+OB","0.00","1.40(-0.67,3.57)","1.23(-0.89,3.41)","4.17(1.85,6.51)","0.97(-1.39,3.36)","0.1885","0.2660","0.0006","0.4080","1.0027","1.0026","1.0023","1.0021",2230,2337,2323,2323,3168,3155,3271,3088
"K70_K76_C22","2000_2005","2021_2024",20,"Census_Region_3_EQI_Land+SM+PA+OB","0.00","2.03(0.74,3.31)","1.78(0.23,3.27)","-0.87(-3.10,1.39)","1.42(-1.43,4.37)","0.0023","0.0240","0.4501","0.3401","1.0024","1.0005","1.0014","1.0024",4392,4204,5416,4562,3844,3525,3539,3623
"K70_K76_C22","2000_2005","2021_2024",20,"Census_Region_3_EQI_Built+SM+PA+OB","0.00","2.64(1.05,4.23)","3.65(1.96,5.32)","5.42(3.65,7.19)","5.77(3.71,7.80)","0.0010","0.0002","0.0002","0.0002","1.0010","1.0013","1.0010","1.0013",3380,2899,2676,2630,3559,3829,3383,3353
"K70_K76_C22","2000_2005","2021_2024",20,"Census_Region_3_EQI_Social+SM+PA+OB","0.00","-1.36(-2.91,0.20)","-1.82(-3.71,0.02)","-3.56(-5.71,-1.35)","-4.17(-6.73,-1.51)","0.0864","0.0523","0.0019","0.0010","1.0006","1.0002","1.0003","1.0013",2968,2455,2458,2156,3967,3447,3756,3005
"K70_K76_C22","2000_2005","2006_2010",5,"Census_Region_4_EQI+SM+PA+OB","0.00","5.24(2.23,8.19)","5.10(2.06,7.97)","6.06(2.89,9.22)","6.79(3.53,10.02)","0.0006","0.0006","0.0006","0.0002","1.0028","1.0022","1.0046","1.0044",2814,2403,2066,2070,3252,2926,3112,2889
"K70_K76_C22","2000_2005","2006_2010",5,"Census_Region_4_EQI_Air+SM+PA+OB","0.00","5.81(3.35,8.29)","2.45(-0.47,5.29)","2.91(0.11,5.50)","3.51(0.40,6.58)","0.0002","0.0969","0.0394","0.0256","1.0005","1.0032","1.0007","1.0010",3517,3898,3683,3835,3690,3493,3508,3924
"K70_K76_C22","2000_2005","2006_2010",5,"Census_Region_4_EQI_Water+SM+PA+OB","0.00","-2.26(-6.57,1.77)","-0.61(-4.79,3.57)","1.58(-2.55,5.58)","1.28(-2.62,4.91)","0.2789","0.7655","0.4572","0.4722","1.0026","1.0031","1.0024","1.0028",2442,2157,2279,2353,2805,2847,3003,2906
"K70_K76_C22","2000_2005","2006_2010",5,"Census_Region_4_EQI_Land+SM+PA+OB","0.00","2.91(-2.11,8.12)","3.06(-1.14,7.08)","1.67(-2.34,5.54)","1.35(-2.66,5.19)","0.2639","0.1510","0.4076","0.5026","1.0015","1.0012","1.0017","1.0026",2370,2132,1733,1914,3245,2536,2157,1962
"K70_K76_C22","2000_2005","2006_2010",5,"Census_Region_4_EQI_Built+SM+PA+OB","0.00","5.26(2.20,8.31)","7.44(4.21,10.63)","4.92(2.02,7.81)","6.67(3.65,9.71)","0.0006","0.0006","0.0006","0.0002","1.0014","1.0013","1.0019","1.0015",3511,2369,2620,2218,3360,2856,2821,2958
"K70_K76_C22","2000_2005","2006_2010",5,"Census_Region_4_EQI_Social+SM+PA+OB","0.00","-2.37(-5.13,0.32)","-2.84(-5.68,-0.11)","-2.15(-5.18,0.86)","-1.49(-4.87,1.80)","0.0794","0.0435","0.1627","0.3847","0.9999","1.0013","1.0009","1.0018",3069,2520,2954,2784,3306,2786,2744,3212
"K70_K76_C22","2000_2005","2011_2015",10,"Census_Region_4_EQI+SM+PA+OB","0.00","6.19(2.94,9.31)","5.20(2.11,8.38)","6.59(3.15,9.99)","7.28(3.86,10.72)","0.0002","0.0010","0.0002","0.0002","1.0014","1.0021","1.0034","1.0038",2934,2792,2349,2281,3280,3199,2865,3278
"K70_K76_C22","2000_2005","2011_2015",10,"Census_Region_4_EQI_Air+SM+PA+OB","0.00","4.97(2.27,7.68)","1.77(-1.28,4.94)","2.54(-0.59,5.56)","3.91(0.42,7.29)","0.0006","0.2781","0.1056","0.0310","1.0018","1.0010","1.0005","1.0014",4547,3827,3732,3848,3735,3342,3562,3914
"K70_K76_C22","2000_2005","2011_2015",10,"Census_Region_4_EQI_Water+SM+PA+OB","0.00","-4.25(-8.57,-0.10)","0.15(-3.99,4.20)","3.13(-1.10,7.09)","1.28(-2.50,4.69)","0.0469","0.9292","0.1506","0.4751","1.0013","1.0013","1.0013","1.0013",2493,2690,2197,2217,3025,3057,2733,2333
"K70_K76_C22","2000_2005","2011_2015",10,"Census_Region_4_EQI_Land+SM+PA+OB","0.00","5.81(0.19,11.34)","3.31(-0.83,7.27)","1.62(-2.39,5.40)","1.43(-2.51,5.40)","0.0406","0.1227","0.4068","0.4739","1.0008","1.0016","1.0015","1.0015",2505,2303,2527,2552,3651,3201,2726,2970
"K70_K76_C22","2000_2005","2011_2015",10,"Census_Region_4_EQI_Built+SM+PA+OB","0.00","7.00(3.67,10.36)","9.04(5.66,12.36)","7.71(4.56,10.90)","9.23(5.90,12.61)","0.0002","0.0002","0.0002","0.0002","1.0007","1.0005","1.0002","1.0005",3435,3367,3210,3067,3648,3801,3656,3386
"K70_K76_C22","2000_2005","2011_2015",10,"Census_Region_4_EQI_Social+SM+PA+OB","0.00","-0.89(-3.93,2.02)","-4.41(-7.54,-1.34)","-3.59(-7.07,-0.14)","-2.63(-6.59,1.34)","0.5655","0.0035","0.0427","0.1785","1.0009","1.0011","1.0006","1.0005",3585,2556,2351,2190,3813,3107,3232,3097
"K70_K76_C22","2000_2005","2016_2020",15,"Census_Region_4_EQI+SM+PA+OB","0.00","7.27(3.57,10.99)","5.27(1.62,8.82)","6.83(2.85,10.63)","7.47(3.51,11.39)","0.0002","0.0035","0.0010","0.0010","1.0007","1.0005","1.0013","1.0006",2971,2731,2312,2267,3331,3898,3253,3479
"K70_K76_C22","2000_2005","2016_2020",15,"Census_Region_4_EQI_Air+SM+PA+OB","0.00","5.40(2.30,8.45)","0.95(-2.71,4.56)","2.18(-1.28,5.71)","3.17(-0.66,7.07)","0.0010","0.6163","0.2268","0.1039","0.9999","1.0023","1.0011","1.0011",4503,3951,3635,3746,3921,3776,3762,3739
"K70_K76_C22","2000_2005","2016_2020",15,"Census_Region_4_EQI_Water+SM+PA+OB","0.00","-4.91(-9.88,-0.28)","1.97(-2.78,6.39)","6.57(1.48,10.98)","1.92(-2.30,5.63)","0.0373","0.3880","0.0144","0.3272","1.0024","1.0018","1.0015","1.0030",2060,2256,1862,1726,2787,2666,2057,2064
"K70_K76_C22","2000_2005","2016_2020",15,"Census_Region_4_EQI_Land+SM+PA+OB","0.00","6.69(0.73,12.40)","3.42(-0.97,7.78)","3.09(-1.16,7.14)","0.34(-3.62,4.47)","0.0248","0.1281","0.1452","0.8792","1.0018","1.0014","1.0018","1.0021",2878,2707,2496,2389,3458,3596,3100,2969
"K70_K76_C22","2000_2005","2016_2020",15,"Census_Region_4_EQI_Built+SM+PA+OB","0.00","6.25(2.46,9.97)","9.68(5.97,13.44)","8.99(5.48,12.63)","9.97(6.29,13.72)","0.0010","0.0002","0.0002","0.0002","1.0002","1.0005","1.0014","1.0009",3448,3538,2982,2517,3953,3674,3514,3178
"K70_K76_C22","2000_2005","2016_2020",15,"Census_Region_4_EQI_Social+SM+PA+OB","0.00","-2.89(-6.28,0.57)","-5.80(-9.10,-2.31)","-5.41(-9.29,-1.58)","-2.76(-7.10,1.55)","0.1064","0.0015","0.0085","0.2172","1.0002","1.0013","1.0009","1.0002",3295,2771,2598,2610,3384,3115,3871,3246
"K70_K76_C22","2000_2005","2021_2024",20,"Census_Region_4_EQI+SM+PA+OB","0.00","4.79(-0.10,9.55)","4.86(-0.10,9.52)","5.25(0.20,10.61)","4.45(-0.58,9.47)","0.0556","0.0569","0.0381","0.0860","1.0007","1.0012","1.0008","1.0018",3102,2718,2549,2347,3412,3522,3196,3344
"K70_K76_C22","2000_2005","2021_2024",20,"Census_Region_4_EQI_Air+SM+PA+OB","0.00","6.83(2.51,11.25)","0.83(-4.05,5.59)","1.75(-2.87,6.27)","1.39(-3.76,6.74)","0.0031","0.7280","0.4651","0.6047","0.9998","1.0020","1.0017","1.0017",3936,3647,3925,3872,3207,2948,3128,3549
"K70_K76_C22","2000_2005","2021_2024",20,"Census_Region_4_EQI_Water+SM+PA+OB","0.00","-7.69(-13.61,-1.66)","-0.30(-6.05,5.56)","6.45(0.36,12.52)","2.01(-3.29,7.28)","0.0119","0.9263","0.0352","0.4385","1.0000","0.9998","1.0000","1.0009",3401,3251,2816,2746,3509,3590,3549,3463
"K70_K76_C22","2000_2005","2021_2024",20,"Census_Region_4_EQI_Land+SM+PA+OB","0.00","6.39(-1.26,14.31)","4.74(-1.41,10.65)","-0.46(-6.03,5.05)","-0.17(-5.85,5.37)","0.1010","0.1289","0.8750","0.9608","1.0007","1.0015","1.0019","1.0014",2809,2447,2338,2387,3411,3474,3125,2676
"K70_K76_C22","2000_2005","2021_2024",20,"Census_Region_4_EQI_Built+SM+PA+OB","0.00","5.74(0.66,10.79)","6.16(1.20,10.90)","6.67(1.96,11.25)","7.45(2.81,12.07)","0.0252","0.0173","0.0044","0.0015","1.0024","1.0020","1.0010","1.0012",4420,3716,3547,3210,3436,3577,3669,3943
"K70_K76_C22","2000_2005","2021_2024",20,"Census_Region_4_EQI_Social+SM+PA+OB","0.00","-1.70(-6.30,2.82)","-6.34(-10.99,-1.94)","-3.83(-8.89,1.17)","-3.29(-8.83,2.32)","0.4618","0.0090","0.1214","0.2447","1.0018","0.9997","1.0014","1.0006",3928,3644,3276,3033,3275,3523,3030,3524
"K70_K76_C22","2000_2005","2006_2010",5,"koppen_major_B_EQI+SM+PA+OB","0.00","4.58(1.47,7.62)","4.91(1.44,8.19)","8.41(4.50,12.08)","8.50(3.78,13.02)","0.0044","0.0040","0.0002","0.0006","1.0017","1.0040","1.0024","1.0019",3341,3015,3269,3166,3853,3147,3576,2953
"K70_K76_C22","2000_2005","2006_2010",5,"koppen_major_B_EQI_Air+SM+PA+OB","0.00","4.13(1.23,7.10)","1.53(-1.97,4.99)","3.52(-0.28,7.24)","4.40(-0.82,9.61)","0.0077","0.3918","0.0685","0.1002","1.0008","1.0006","1.0007","1.0014",4304,4145,4270,4812,4011,3476,3642,3577
"K70_K76_C22","2000_2005","2006_2010",5,"koppen_major_B_EQI_Water+SM+PA+OB","0.00","-2.38(-6.37,1.65)","4.00(-0.13,8.12)","2.79(-1.01,6.52)","3.44(-0.29,7.08)","0.2293","0.0569","0.1614","0.0744","1.0017","1.0005","1.0016","1.0014",3274,3154,2672,2651,3826,3543,3469,3325
"K70_K76_C22","2000_2005","2006_2010",5,"koppen_major_B_EQI_Land+SM+PA+OB","0.00","0.85(-3.28,4.95)","0.94(-3.05,5.04)","-1.11(-5.22,3.06)","-1.14(-5.74,3.19)","0.6855","0.6572","0.6047","0.6226","1.0009","1.0009","1.0008","1.0029",2387,2364,2125,2531,3193,3568,3099,3126
"K70_K76_C22","2000_2005","2006_2010",5,"koppen_major_B_EQI_Built+SM+PA+OB","0.00","4.82(1.70,7.96)","6.79(3.32,10.30)","4.17(0.80,7.52)","5.72(1.89,9.56)","0.0019","0.0002","0.0135","0.0040","1.0003","0.9999","1.0003","1.0014",3898,3179,3519,2950,3922,3688,3524,3522
"K70_K76_C22","2000_2005","2006_2010",5,"koppen_major_B_EQI_Social+SM+PA+OB","0.00","-3.94(-7.00,-0.87)","-4.57(-7.85,-1.16)","-3.65(-7.28,0.27)","-2.26(-6.97,2.46)","0.0127","0.0098","0.0635","0.3589","1.0003","1.0008","1.0015","1.0018",3390,2531,2614,2891,4006,3038,3474,3759
"K70_K76_C22","2000_2005","2011_2015",10,"koppen_major_B_EQI+SM+PA+OB","0.00","5.91(2.56,9.21)","7.02(3.34,10.55)","9.77(5.66,13.70)","9.28(4.61,13.98)","0.0010","0.0006","0.0002","0.0002","1.0007","1.0013","1.0004","1.0008",3746,3485,2704,3153,3406,3662,3308,3525
"K70_K76_C22","2000_2005","2011_2015",10,"koppen_major_B_EQI_Air+SM+PA+OB","0.00","4.13(0.78,7.46)","1.25(-2.53,5.00)","2.38(-1.80,6.47)","4.27(-1.35,9.80)","0.0165","0.5272","0.2614","0.1364","1.0010","1.0018","1.0024","1.0004",3808,4232,4160,4516,3030,3574,3928,3666
"K70_K76_C22","2000_2005","2011_2015",10,"koppen_major_B_EQI_Water+SM+PA+OB","0.00","-1.74(-6.05,2.34)","3.98(-0.32,8.27)","3.63(-0.32,7.58)","3.84(0.02,7.63)","0.4218","0.0735","0.0727","0.0485","1.0014","1.0015","1.0009","1.0016",2997,2973,2865,2892,3789,3780,3840,3257
"K70_K76_C22","2000_2005","2011_2015",10,"koppen_major_B_EQI_Land+SM+PA+OB","0.00","3.26(-1.17,7.75)","1.07(-3.12,5.30)","-1.12(-5.49,3.38)","-1.22(-5.81,3.46)","0.1523","0.6151","0.6213","0.6142","1.0010","1.0026","1.0025","1.0017",2977,2699,2708,2828,3612,3105,3306,3392
"K70_K76_C22","2000_2005","2011_2015",10,"koppen_major_B_EQI_Built+SM+PA+OB","0.00","7.36(3.80,10.84)","9.80(5.99,13.57)","7.34(3.79,10.97)","9.40(5.13,13.57)","0.0002","0.0002","0.0002","0.0002","1.0006","1.0001","1.0006","1.0001",3473,3295,3367,3076,3433,3365,3277,3061
"K70_K76_C22","2000_2005","2011_2015",10,"koppen_major_B_EQI_Social+SM+PA+OB","0.00","-2.65(-6.10,0.90)","-5.86(-9.59,-2.19)","-4.97(-9.07,-0.99)","-4.56(-9.66,0.65)","0.1298","0.0023","0.0152","0.0810","1.0026","1.0004","1.0007","1.0005",3573,2650,2689,2851,3065,3556,3450,3303
"K70_K76_C22","2000_2005","2016_2020",15,"koppen_major_B_EQI+SM+PA+OB","0.00","5.82(1.91,9.64)","6.37(2.32,10.28)","8.99(4.47,13.55)","9.08(3.72,14.33)","0.0044","0.0023","0.0002","0.0006","1.0012","1.0011","1.0005","1.0021",4677,3843,3706,3642,3499,3864,3982,3477
"K70_K76_C22","2000_2005","2016_2020",15,"koppen_major_B_EQI_Air+SM+PA+OB","0.00","5.13(1.37,8.80)","1.21(-3.08,5.60)","3.14(-1.49,7.71)","3.66(-2.45,10.13)","0.0077","0.5893","0.1831","0.2493","1.0003","1.0033","1.0001","1.0021",5549,4969,5063,6781,3332,3341,3700,3857
"K70_K76_C22","2000_2005","2016_2020",15,"koppen_major_B_EQI_Water+SM+PA+OB","0.00","-4.87(-9.69,-0.11)","4.77(-0.29,9.56)","7.18(2.31,11.87)","3.91(-0.61,8.36)","0.0452","0.0644","0.0035","0.0969","1.0004","1.0007","1.0009","1.0005",3749,3755,3484,3408,3614,3591,3573,3536
"K70_K76_C22","2000_2005","2016_2020",15,"koppen_major_B_EQI_Land+SM+PA+OB","0.00","4.05(-0.84,8.80)","1.62(-3.10,6.12)","1.50(-3.28,6.39)","-1.28(-6.30,3.84)","0.0931","0.4764","0.5376","0.6109","1.0006","1.0017","1.0006","1.0008",3872,3324,3185,3312,3839,3442,3297,3691
"K70_K76_C22","2000_2005","2016_2020",15,"koppen_major_B_EQI_Built+SM+PA+OB","0.00","4.53(0.59,8.41)","6.45(2.25,10.61)","5.69(1.70,9.65)","8.28(3.74,12.90)","0.0227","0.0019","0.0090","0.0010","1.0008","1.0001","1.0002","1.0008",4642,4268,4569,3683,3955,3455,3782,3790
"K70_K76_C22","2000_2005","2016_2020",15,"koppen_major_B_EQI_Social+SM+PA+OB","0.00","-1.58(-5.29,2.16)","-5.24(-9.29,-1.15)","-4.98(-9.58,-0.34)","-0.81(-6.78,4.85)","0.4247","0.0123","0.0369","0.7888","0.9999","1.0010","1.0009","0.9999",4608,3544,3700,4245,3588,3499,3842,3975
"K70_K76_C22","2000_2005","2021_2024",20,"koppen_major_B_EQI+SM+PA+OB","0.00","6.09(0.62,11.70)","1.85(-3.85,7.39)","7.36(0.95,13.95)","5.41(-1.93,12.73)","0.0290","0.5247","0.0248","0.1443","1.0007","1.0010","1.0006","1.0004",4905,4796,5169,4692,3898,3711,3591,3875
"K70_K76_C22","2000_2005","2021_2024",20,"koppen_major_B_EQI_Air+SM+PA+OB","0.00","3.12(-2.39,8.92)","-1.45(-7.80,4.73)","2.29(-4.39,9.05)","1.73(-6.33,9.72)","0.2826","0.6484","0.5018","0.6767","1.0013","1.0011","1.0020","1.0004",4781,4483,4240,5372,3623,3408,3563,3438
"K70_K76_C22","2000_2005","2021_2024",20,"koppen_major_B_EQI_Water+SM+PA+OB","0.00","-6.55(-13.09,-0.06)","3.34(-3.30,10.11)","6.55(0.43,12.69)","2.91(-3.25,9.01)","0.0481","0.3181","0.0365","0.3443","1.0022","1.0007","1.0017","1.0028",3623,3504,3187,2695,3628,3315,3250,2860
"K70_K76_C22","2000_2005","2021_2024",20,"koppen_major_B_EQI_Land+SM+PA+OB","0.00","5.89(-0.67,12.47)","2.72(-3.18,8.81)","-1.94(-8.20,4.06)","-0.87(-7.30,5.66)","0.0756","0.3764","0.5451","0.7850","1.0013","1.0010","1.0006","1.0018",3820,3265,3198,3564,3523,3470,3459,3671
"K70_K76_C22","2000_2005","2021_2024",20,"koppen_major_B_EQI_Built+SM+PA+OB","0.00","6.14(0.37,11.81)","6.96(0.89,12.83)","6.18(0.45,11.76)","6.77(0.44,12.84)","0.0365","0.0227","0.0340","0.0369","1.0014","1.0008","1.0005","1.0001",3210,3834,4316,3477,3304,3311,3818,3926
"K70_K76_C22","2000_2005","2021_2024",20,"koppen_major_B_EQI_Social+SM+PA+OB","0.00","-1.95(-7.63,3.71)","-7.83(-13.51,-2.23)","-2.82(-8.93,3.42)","-0.26(-7.91,7.09)","0.5026","0.0081","0.3685","0.9629","1.0013","1.0007","1.0013","1.0006",3688,3258,3553,4102,3640,3639,3269,3664
"K70_K76_C22","2000_2005","2006_2010",5,"koppen_major_C_EQI+SM+PA+OB","0.00","1.60(0.68,2.53)","1.82(0.80,2.83)","2.22(1.10,3.31)","2.72(1.41,4.08)","0.0002","0.0002","0.0002","0.0002","0.9999","0.9998","1.0009","1.0015",2395,2018,1943,1876,3304,2971,2716,2709
"K70_K76_C22","2000_2005","2006_2010",5,"koppen_major_C_EQI_Air+SM+PA+OB","0.00","3.45(2.15,4.75)","4.30(2.99,5.60)","4.23(2.87,5.53)","4.90(3.46,6.29)","0.0002","0.0002","0.0002","0.0002","1.0026","1.0022","1.0023","1.0030",2227,2012,1911,1866,3050,2874,2988,2879
"K70_K76_C22","2000_2005","2006_2010",5,"koppen_major_C_EQI_Water+SM+PA+OB","0.00","0.20(-0.98,1.41)","-0.44(-1.67,0.78)","0.74(-0.55,2.02)","-0.33(-1.67,0.97)","0.7288","0.4768","0.2510","0.6255","1.0019","1.0031","1.0014","1.0024",1660,1530,1679,1624,2703,2357,2749,2324
"K70_K76_C22","2000_2005","2006_2010",5,"koppen_major_C_EQI_Land+SM+PA+OB","0.00","0.07(-0.64,0.78)","-0.16(-0.98,0.63)","-0.67(-1.63,0.33)","-0.20(-1.31,0.94)","0.8384","0.7042","0.1831","0.7192","1.0004","1.0013","1.0007","1.0017",3486,3250,3150,2961,3755,3498,3589,3443
"K70_K76_C22","2000_2005","2006_2010",5,"koppen_major_C_EQI_Built+SM+PA+OB","0.00","1.46(0.63,2.33)","1.60(0.72,2.46)","2.08(1.13,3.00)","2.74(1.71,3.77)","0.0015","0.0006","0.0002","0.0002","1.0028","1.0023","1.0026","1.0018",3401,2787,2549,2644,3676,3343,3154,2963
"K70_K76_C22","2000_2005","2006_2010",5,"koppen_major_C_EQI_Social+SM+PA+OB","0.00","-1.26(-2.10,-0.40)","-1.70(-2.66,-0.73)","-1.77(-2.88,-0.67)","-3.15(-4.40,-1.88)","0.0065","0.0010","0.0019","0.0002","1.0005","1.0015","1.0015","1.0015",2708,2206,2078,1924,3404,2793,2702,2541
"K70_K76_C22","2000_2005","2011_2015",10,"koppen_major_C_EQI+SM+PA+OB","0.00","2.62(1.56,3.68)","3.06(2.01,4.13)","3.65(2.50,4.83)","4.06(2.69,5.45)","0.0002","0.0002","0.0002","0.0002","1.0034","1.0037","1.0045","1.0028",2263,1967,1835,1981,3102,2877,2587,2665
"K70_K76_C22","2000_2005","2011_2015",10,"koppen_major_C_EQI_Air+SM+PA+OB","0.00","3.22(1.82,4.62)","4.40(3.02,5.78)","4.52(3.09,5.93)","5.42(3.91,6.91)","0.0002","0.0002","0.0002","0.0002","1.0026","1.0042","1.0034","1.0028",2042,1745,1785,1722,3227,2739,2743,2869
"K70_K76_C22","2000_2005","2011_2015",10,"koppen_major_C_EQI_Water+SM+PA+OB","0.00","-0.20(-1.38,0.97)","-0.40(-1.60,0.81)","0.34(-0.91,1.59)","0.30(-0.97,1.65)","0.7430","0.5164","0.5980","0.6567","1.0020","1.0028","1.0027","1.0033",1942,1841,1902,1884,2701,2584,2746,2722
"K70_K76_C22","2000_2005","2011_2015",10,"koppen_major_C_EQI_Land+SM+PA+OB","0.00","0.52(-0.19,1.21)","0.34(-0.47,1.13)","0.31(-0.70,1.30)","0.57(-0.59,1.72)","0.1460","0.4022","0.5538","0.3285","1.0001","1.0001","0.9998","1.0013",4015,3224,3174,2956,3715,3547,3692,3150
"K70_K76_C22","2000_2005","2011_2015",10,"koppen_major_C_EQI_Built+SM+PA+OB","0.00","1.20(0.33,2.07)","1.96(1.06,2.83)","2.93(1.96,3.85)","3.21(2.13,4.29)","0.0081","0.0002","0.0002","0.0002","1.0005","1.0005","1.0007","1.0000",2798,2429,2242,2366,3125,3086,2993,2806
"K70_K76_C22","2000_2005","2011_2015",10,"koppen_major_C_EQI_Social+SM+PA+OB","0.00","-0.60(-1.49,0.25)","-1.56(-2.55,-0.59)","-2.04(-3.19,-0.91)","-3.69(-5.06,-2.39)","0.1702","0.0023","0.0006","0.0002","1.0022","1.0015","1.0016","1.0053",2270,2001,1763,1761,3153,2849,2722,2616
"K70_K76_C22","2000_2005","2016_2020",15,"koppen_major_C_EQI+SM+PA+OB","0.00","1.03(0.03,2.08)","1.08(0.03,2.12)","1.52(0.35,2.67)","1.27(-0.16,2.68)","0.0444","0.0448","0.0106","0.0823","1.0014","1.0005","1.0017","1.0019",2330,2013,1709,1688,3114,2919,2512,3047
"K70_K76_C22","2000_2005","2016_2020",15,"koppen_major_C_EQI_Air+SM+PA+OB","0.00","1.79(0.17,3.37)","1.94(0.30,3.54)","2.30(0.64,3.94)","2.87(1.15,4.58)","0.0306","0.0202","0.0052","0.0019","1.0036","1.0036","1.0043","1.0039",2245,2148,2027,1969,3203,3334,3059,2893
"K70_K76_C22","2000_2005","2016_2020",15,"koppen_major_C_EQI_Water+SM+PA+OB","0.00","1.17(-0.10,2.46)","0.83(-0.50,2.16)","1.49(0.10,2.86)","0.91(-0.50,2.38)","0.0731","0.2102","0.0360","0.2122","1.0012","1.0022","1.0028","1.0014",2002,1913,2075,1993,2418,2471,2893,2633
"K70_K76_C22","2000_2005","2016_2020",15,"koppen_major_C_EQI_Land+SM+PA+OB","0.00","0.98(0.23,1.76)","-0.02(-0.91,0.87)","-0.50(-1.58,0.56)","0.39(-0.87,1.69)","0.0135","0.9883","0.3605","0.5538","1.0008","0.9998","1.0006","1.0003",4044,3401,3697,3365,3903,3258,3730,3859
"K70_K76_C22","2000_2005","2016_2020",15,"koppen_major_C_EQI_Built+SM+PA+OB","0.00","1.16(0.26,2.06)","1.82(0.86,2.75)","2.58(1.58,3.57)","2.87(1.74,3.98)","0.0131","0.0010","0.0002","0.0002","1.0015","1.0004","1.0014","1.0005",3250,2745,2681,2650,3188,3134,3435,3336
"K70_K76_C22","2000_2005","2016_2020",15,"koppen_major_C_EQI_Social+SM+PA+OB","0.00","-1.86(-2.73,-0.99)","-2.67(-3.70,-1.64)","-3.26(-4.44,-2.10)","-4.78(-6.12,-3.41)","0.0006","0.0002","0.0002","0.0002","1.0020","1.0041","1.0045","1.0038",2923,2436,2337,2205,3367,3156,2950,2594
"K70_K76_C22","2000_2005","2021_2024",20,"koppen_major_C_EQI+SM+PA+OB","0.00","1.73(0.25,3.16)","1.90(0.40,3.37)","1.36(-0.31,3.00)","-0.13(-2.16,1.86)","0.0219","0.0110","0.1148","0.9075","1.0016","1.0019","1.0010","1.0020",2195,1984,1762,1763,3237,2916,3084,3120
"K70_K76_C22","2000_2005","2021_2024",20,"koppen_major_C_EQI_Air+SM+PA+OB","0.00","4.88(2.65,7.06)","4.64(2.50,6.82)","4.08(1.89,6.26)","3.70(1.36,6.05)","0.0002","0.0002","0.0002","0.0010","1.0021","1.0018","1.0018","1.0008",1858,1679,1620,1662,2968,2368,2685,2641
"K70_K76_C22","2000_2005","2021_2024",20,"koppen_major_C_EQI_Water+SM+PA+OB","0.00","1.06(-0.90,2.95)","-0.29(-2.30,1.70)","1.34(-0.70,3.38)","-0.63(-2.81,1.52)","0.2956","0.7775","0.1956","0.5705","1.0019","1.0023","1.0012","1.0021",1907,1681,1725,1855,2825,2632,2832,2651
"K70_K76_C22","2000_2005","2021_2024",20,"koppen_major_C_EQI_Land+SM+PA+OB","0.00","1.99(0.81,3.15)","0.85(-0.48,2.18)","0.55(-1.05,2.14)","1.10(-0.80,2.97)","0.0006","0.2189","0.5039","0.2539","0.9997","1.0002","1.0008","1.0007",3438,3114,2519,2725,3703,3104,2842,3322
"K70_K76_C22","2000_2005","2021_2024",20,"koppen_major_C_EQI_Built+SM+PA+OB","0.00","1.73(0.35,3.07)","2.11(0.77,3.50)","4.10(2.64,5.54)","4.16(2.59,5.75)","0.0119","0.0015","0.0002","0.0002","1.0045","1.0048","1.0046","1.0057",2736,2353,2152,2070,3468,3205,3319,2873
"K70_K76_C22","2000_2005","2021_2024",20,"koppen_major_C_EQI_Social+SM+PA+OB","0.00","-1.63(-2.95,-0.28)","-3.36(-4.89,-1.85)","-5.10(-6.85,-3.41)","-6.71(-8.71,-4.64)","0.0131","0.0002","0.0002","0.0002","1.0010","1.0008","1.0010","1.0007",2126,1838,1792,1761,3429,2926,2642,2906
"K70_K76_C22","2000_2005","2006_2010",5,"koppen_major_D_EQI+SM+PA+OB","0.00","6.32(4.69,7.93)","5.36(3.90,6.81)","5.67(4.22,7.16)","7.06(5.49,8.58)","0.0002","0.0002","0.0002","0.0002","1.0009","1.0024","1.0031","1.0039",3205,2612,2105,2025,3300,2826,2998,2844
"K70_K76_C22","2000_2005","2006_2010",5,"koppen_major_D_EQI_Air+SM+PA+OB","0.00","1.26(-0.01,2.52)","1.36(-0.00,2.68)","1.50(0.12,2.88)","2.16(0.69,3.62)","0.0531","0.0510","0.0335","0.0035","1.0010","1.0011","1.0026","1.0031",3527,3063,3064,2800,3838,3385,3432,2945
"K70_K76_C22","2000_2005","2006_2010",5,"koppen_major_D_EQI_Water+SM+PA+OB","0.00","-0.87(-2.33,0.63)","0.21(-1.37,1.79)","0.26(-1.22,1.73)","1.61(0.03,3.20)","0.2602","0.7855","0.7259","0.0456","1.0011","1.0015","1.0007","1.0012",2664,2783,2651,2603,3538,3593,2998,3193
"K70_K76_C22","2000_2005","2006_2010",5,"koppen_major_D_EQI_Land+SM+PA+OB","0.00","1.13(-0.88,3.06)","2.22(0.34,4.05)","1.29(-0.61,3.07)","1.40(-0.46,3.24)","0.2614","0.0190","0.1689","0.1423","1.0029","1.0011","1.0013","1.0009",2458,2210,2039,2017,3148,2742,2871,3229
"K70_K76_C22","2000_2005","2006_2010",5,"koppen_major_D_EQI_Built+SM+PA+OB","0.00","2.24(0.78,3.65)","2.98(1.55,4.39)","3.43(2.05,4.84)","4.71(3.27,6.18)","0.0023","0.0006","0.0002","0.0002","1.0002","1.0021","1.0022","1.0007",3304,2483,2272,2414,3203,3172,2923,2813
"K70_K76_C22","2000_2005","2006_2010",5,"koppen_major_D_EQI_Social+SM+PA+OB","0.00","-6.88(-9.08,-4.54)","-6.48(-8.55,-4.29)","-6.74(-8.88,-4.44)","-6.11(-8.55,-3.68)","0.0002","0.0002","0.0002","0.0002","1.0044","1.0050","1.0060","1.0050",1611,1514,1464,1640,2223,2204,2283,2766
"K70_K76_C22","2000_2005","2011_2015",10,"koppen_major_D_EQI+SM+PA+OB","0.00","5.44(3.46,7.41)","5.37(3.45,7.29)","5.28(3.45,7.16)","6.74(4.82,8.74)","0.0002","0.0002","0.0002","0.0002","1.0014","1.0010","1.0018","1.0019",1896,1396,1204,1156,3087,2365,2045,1899
"K70_K76_C22","2000_2005","2011_2015",10,"koppen_major_D_EQI_Air+SM+PA+OB","0.00","2.16(0.77,3.50)","1.79(0.41,3.17)","2.59(1.14,3.99)","3.55(2.06,5.06)","0.0035","0.0123","0.0006","0.0002","1.0008","1.0014","1.0012","1.0026",3161,2658,2391,2350,3634,3080,3273,2865
"K70_K76_C22","2000_2005","2011_2015",10,"koppen_major_D_EQI_Water+SM+PA+OB","0.00","0.08(-1.44,1.58)","0.30(-1.19,1.86)","1.35(-0.10,2.69)","1.82(0.29,3.39)","0.9184","0.6863","0.0744","0.0185","1.0015","1.0014","1.0015","1.0012",2419,2431,2288,2005,3171,3078,2922,2998
"K70_K76_C22","2000_2005","2011_2015",10,"koppen_major_D_EQI_Land+SM+PA+OB","0.00","0.31(-1.73,2.36)","-0.15(-2.06,1.77)","0.18(-1.73,2.17)","0.88(-1.02,2.85)","0.7605","0.8921","0.8725","0.3697","1.0011","1.0021","1.0013","1.0016",2154,1901,1761,1651,2766,2611,1972,2234
"K70_K76_C22","2000_2005","2011_2015",10,"koppen_major_D_EQI_Built+SM+PA+OB","0.00","3.37(1.80,4.93)","3.61(2.09,5.12)","4.63(3.13,6.10)","5.21(3.74,6.70)","0.0002","0.0002","0.0002","0.0002","1.0004","1.0008","1.0007","1.0014",3104,2367,2364,2341,3276,3081,3046,3005
"K70_K76_C22","2000_2005","2011_2015",10,"koppen_major_D_EQI_Social+SM+PA+OB","0.00","-1.68(-3.79,0.58)","-3.52(-5.54,-1.44)","-3.82(-5.88,-1.72)","-4.46(-6.67,-2.15)","0.1406","0.0027","0.0019","0.0006","1.0029","1.0054","1.0049","1.0056",2479,1991,1873,1775,2890,2618,2608,2239
"K70_K76_C22","2000_2005","2016_2020",15,"koppen_major_D_EQI+SM+PA+OB","0.00","7.88(5.94,9.70)","7.91(6.13,9.68)","7.67(5.93,9.36)","9.08(7.19,10.93)","0.0002","0.0002","0.0002","0.0002","1.0015","1.0020","1.0027","1.0029",2598,2081,1753,1591,3533,2870,2643,2493
"K70_K76_C22","2000_2005","2016_2020",15,"koppen_major_D_EQI_Air+SM+PA+OB","0.00","0.71(-0.82,2.21)","0.69(-0.96,2.31)","1.38(-0.30,3.02)","1.46(-0.31,3.23)","0.3489","0.4043","0.1044","0.1110","1.0007","1.0007","1.0010","1.0009",2882,2529,2112,1968,3323,3160,2883,2808
"K70_K76_C22","2000_2005","2016_2020",15,"koppen_major_D_EQI_Water+SM+PA+OB","0.00","1.21(-0.51,2.93)","2.87(1.06,4.68)","2.66(0.87,4.38)","3.41(1.50,5.26)","0.1735","0.0023","0.0023","0.0002","1.0021","1.0012","1.0011","1.0009",2356,2318,2182,2271,3082,3582,3505,2907
"K70_K76_C22","2000_2005","2016_2020",15,"koppen_major_D_EQI_Land+SM+PA+OB","0.00","1.22(-1.01,3.49)","0.49(-1.61,2.65)","0.60(-1.53,2.79)","0.88(-1.32,3.09)","0.3006","0.6530","0.6001","0.4264","1.0030","1.0027","1.0037","1.0030",2261,2088,1891,1890,3102,2864,2844,2849
"K70_K76_C22","2000_2005","2016_2020",15,"koppen_major_D_EQI_Built+SM+PA+OB","0.00","2.90(1.19,4.56)","3.87(2.28,5.50)","5.29(3.68,6.91)","6.15(4.48,7.77)","0.0015","0.0002","0.0002","0.0002","1.0007","1.0010","1.0005","1.0015",2534,2219,2176,2193,3295,2930,3005,3729
"K70_K76_C22","2000_2005","2016_2020",15,"koppen_major_D_EQI_Social+SM+PA+OB","0.00","-3.38(-5.92,-0.79)","-4.10(-6.44,-1.63)","-4.11(-6.52,-1.56)","-3.93(-6.48,-1.16)","0.0144","0.0010","0.0023","0.0052","1.0020","1.0024","1.0022","1.0017",2118,1734,1696,1705,2541,2519,2110,2438
"K70_K76_C22","2000_2005","2021_2024",20,"koppen_major_D_EQI+SM+PA+OB","0.00","4.99(1.84,8.00)","6.84(3.82,9.69)","6.50(3.57,9.29)","7.17(4.05,10.10)","0.0040","0.0002","0.0002","0.0002","1.0010","1.0016","1.0023","1.0030",2433,1751,1453,1264,3109,2664,2345,2086
"K70_K76_C22","2000_2005","2021_2024",20,"koppen_major_D_EQI_Air+SM+PA+OB","0.00","4.21(1.88,6.49)","2.79(0.32,5.32)","4.25(1.74,6.81)","3.70(1.05,6.50)","0.0010","0.0269","0.0031","0.0106","1.0001","1.0015","1.0003","1.0008",2610,2347,2094,1943,3350,2830,3034,2939
"K70_K76_C22","2000_2005","2021_2024",20,"koppen_major_D_EQI_Water+SM+PA+OB","0.00","-0.24(-2.94,2.55)","1.33(-1.57,4.25)","2.36(-0.60,5.25)","2.91(-0.14,5.96)","0.8679","0.3760","0.1085","0.0606","1.0016","1.0029","1.0020","1.0025",2236,2063,1812,1935,3309,3217,2800,2702
"K70_K76_C22","2000_2005","2021_2024",20,"koppen_major_D_EQI_Land+SM+PA+OB","0.00","1.09(-2.26,4.46)","1.40(-1.88,4.66)","0.21(-3.10,3.45)","1.13(-2.27,4.39)","0.5193","0.4143","0.8946","0.5043","1.0010","1.0015","1.0013","1.0015",2338,2061,1945,1911,3222,3127,2815,2845
"K70_K76_C22","2000_2005","2021_2024",20,"koppen_major_D_EQI_Built+SM+PA+OB","0.00","2.72(0.06,5.34)","3.96(1.30,6.53)","5.69(3.10,8.24)","6.35(3.71,8.92)","0.0439","0.0015","0.0002","0.0002","1.0012","1.0012","1.0009","1.0011",2845,2135,2324,2153,3387,2898,3197,3156
"K70_K76_C22","2000_2005","2021_2024",20,"koppen_major_D_EQI_Social+SM+PA+OB","0.00","-2.96(-6.76,0.65)","-5.49(-9.17,-1.97)","-4.83(-8.32,-1.28)","-5.54(-9.49,-1.70)","0.1089","0.0031","0.0069","0.0040","1.0023","1.0003","1.0008","1.0007",2034,1803,1704,1702,2552,2400,2665,2488
"K70_K76_C22","2000_2005","2006_2010",5,"Economic_type_1_EQI+SM+PA+OB","0.00","4.31(2.21,6.31)","5.21(2.54,7.92)","4.65(1.10,8.12)","2.45(-4.68,9.45)","0.0002","0.0002","0.0098","0.4880","1.0016","1.0009","1.0002","1.0020",5043,3066,4114,6762,3709,3760,3885,3638
"K70_K76_C22","2000_2005","2006_2010",5,"Economic_type_1_EQI_Air+SM+PA+OB","0.00","-0.57(-3.06,1.83)","1.56(-2.19,5.21)","3.43(-1.29,8.11)","0.09(-9.24,9.61)","0.6359","0.4201","0.1473","0.9829","1.0005","1.0009","1.0018","1.0014",5858,5331,7264,10531,4144,4072,3878,3664
"K70_K76_C22","2000_2005","2006_2010",5,"Economic_type_1_EQI_Water+SM+PA+OB","0.00","-1.44(-3.83,0.98)","2.45(-0.35,5.49)","2.33(-0.54,5.35)","1.81(-1.29,5.22)","0.2410","0.0902","0.1185","0.2797","1.0006","1.0028","1.0014","1.0013",3040,2781,2502,2902,3788,3050,2857,3551
"K70_K76_C22","2000_2005","2006_2010",5,"Economic_type_1_EQI_Land+SM+PA+OB","0.00","-0.49(-3.55,2.64)","0.22(-2.64,3.04)","-1.28(-4.08,1.58)","-0.46(-3.44,2.53)","0.7713","0.8754","0.3635","0.7621","1.0002","1.0008","1.0022","1.0016",4554,3770,3009,3126,3999,3617,3277,3821
"K70_K76_C22","2000_2005","2006_2010",5,"Economic_type_1_EQI_Built+SM+PA+OB","0.00","3.28(1.12,5.34)","2.30(-0.33,4.90)","2.52(-0.22,5.32)","5.17(0.63,9.75)","0.0019","0.0835","0.0760","0.0269","1.0005","0.9994","1.0004","1.0045",6270,5569,6287,8406,3760,3645,3711,3433
"K70_K76_C22","2000_2005","2006_2010",5,"Economic_type_1_EQI_Social+SM+PA+OB","0.00","-3.35(-5.81,-0.80)","-2.52(-5.34,0.36)","-0.63(-3.54,2.47)","1.48(-2.60,5.45)","0.0110","0.0902","0.6667","0.4734","1.0009","1.0020","1.0026","1.0013",3186,2533,2626,2821,3639,3450,3727,3629
"K70_K76_C22","2000_2005","2011_2015",10,"Economic_type_1_EQI+SM+PA+OB","0.00","4.22(2.06,6.48)","5.69(2.93,8.43)","6.47(2.58,10.28)","3.53(-3.60,10.76)","0.0002","0.0002","0.0002","0.3476","1.0030","1.0013","1.0009","1.0010",6641,5395,6237,8729,3785,3402,3824,3678
"K70_K76_C22","2000_2005","2011_2015",10,"Economic_type_1_EQI_Air+SM+PA+OB","0.00","0.71(-1.90,3.29)","1.76(-1.95,5.36)","3.31(-1.34,7.98)","0.09(-9.80,10.23)","0.5934","0.3397","0.1668","0.9913","1.0031","1.0019","1.0006","1.0014",6208,6631,8296,9289,3724,3574,3651,3522
"K70_K76_C22","2000_2005","2011_2015",10,"Economic_type_1_EQI_Water+SM+PA+OB","0.00","-0.06(-2.58,2.52)","2.77(-0.22,5.68)","1.70(-1.20,4.60)","3.17(-0.15,6.41)","0.9667","0.0669","0.2368","0.0610","1.0006","1.0010","1.0004","0.9996",5309,5062,5315,6256,4163,3987,4184,3474
"K70_K76_C22","2000_2005","2011_2015",10,"Economic_type_1_EQI_Land+SM+PA+OB","0.00","2.62(-0.62,6.01)","1.84(-1.06,4.78)","1.38(-1.56,4.28)","2.80(-0.19,5.87)","0.1131","0.2193","0.3593","0.0723","1.0008","1.0003","1.0015","0.9995",5493,4744,4048,4328,3662,3947,3806,3716
"K70_K76_C22","2000_2005","2011_2015",10,"Economic_type_1_EQI_Built+SM+PA+OB","0.00","3.76(1.56,6.01)","3.61(0.83,6.30)","5.60(2.55,8.59)","4.19(-0.46,9.01)","0.0023","0.0106","0.0002","0.0835","1.0000","1.0023","1.0014","1.0002",7606,5979,7711,10505,3567,3857,3660,3533
"K70_K76_C22","2000_2005","2011_2015",10,"Economic_type_1_EQI_Social+SM+PA+OB","0.00","-0.16(-2.85,2.64)","-1.72(-4.69,1.25)","-1.24(-4.35,1.86)","-0.08(-4.11,3.90)","0.9054","0.2622","0.4197","0.9708","1.0004","1.0011","1.0013","1.0012",4984,3966,3668,4294,4056,4287,3677,3969
"K70_K76_C22","2000_2005","2016_2020",15,"Economic_type_1_EQI+SM+PA+OB","0.00","5.42(2.79,8.13)","5.87(2.53,9.25)","5.06(0.45,9.55)","4.72(-3.19,12.50)","0.0002","0.0006","0.0306","0.2418","1.0021","1.0014","1.0004","1.0024",1864,1746,2861,5283,2781,2828,3575,3600
"K70_K76_C22","2000_2005","2016_2020",15,"Economic_type_1_EQI_Air+SM+PA+OB","0.00","-1.04(-4.15,2.05)","1.06(-3.53,5.54)","2.95(-2.82,8.57)","-0.07(-9.63,9.58)","0.5238","0.6438","0.2985","0.9900","1.0008","1.0013","1.0005","1.0013",3730,4271,5770,7491,3332,3685,3733,3192
"K70_K76_C22","2000_2005","2016_2020",15,"Economic_type_1_EQI_Water+SM+PA+OB","0.00","0.88(-2.40,4.28)","6.62(2.66,10.54)","6.60(2.65,10.56)","3.98(-0.28,8.24)","0.5988","0.0010","0.0019","0.0702","1.0002","1.0006","1.0004","1.0008",3140,2959,2771,3280,3257,3731,3249,3138
"K70_K76_C22","2000_2005","2016_2020",15,"Economic_type_1_EQI_Land+SM+PA+OB","0.00","0.91(-3.01,4.89)","0.67(-2.88,4.23)","1.76(-2.00,5.43)","1.82(-2.15,5.76)","0.6559","0.7255","0.3539","0.3614","1.0008","1.0005","1.0002","0.9999",3965,3121,2674,2616,3724,3251,3401,2995
"K70_K76_C22","2000_2005","2016_2020",15,"Economic_type_1_EQI_Built+SM+PA+OB","0.00","2.41(-0.23,5.14)","2.87(-0.49,6.10)","4.63(0.89,8.22)","2.77(-2.77,8.12)","0.0794","0.0848","0.0135","0.3210","1.0011","1.0018","1.0021","1.0010",4580,4585,5228,6437,3780,3783,3447,3340
"K70_K76_C22","2000_2005","2016_2020",15,"Economic_type_1_EQI_Social+SM+PA+OB","0.00","-0.67(-3.93,2.53)","-1.03(-4.56,2.54)","0.14(-3.66,3.93)","3.12(-1.99,8.07)","0.6834","0.5618","0.9300","0.2093","1.0010","1.0019","1.0017","1.0012",3541,3170,3124,2963,3857,3901,3448,3444
"K70_K76_C22","2000_2005","2021_2024",20,"Economic_type_1_EQI+SM+PA+OB","0.00","5.58(2.03,9.08)","5.63(1.19,10.03)","5.39(-0.40,11.15)","3.06(-5.23,11.78)","0.0015","0.0115","0.0669","0.4784","1.0010","1.0011","1.0004","1.0011",4700,5372,5387,5610,3686,3656,3243,3654
"K70_K76_C22","2000_2005","2021_2024",20,"Economic_type_1_EQI_Air+SM+PA+OB","0.00","-1.65(-5.56,2.20)","-1.58(-6.97,3.73)","0.88(-6.09,7.64)","0.02(-9.81,9.95)","0.4285","0.5718","0.8009","0.9967","1.0009","1.0010","0.9999","1.0020",8303,9135,10430,10938,4132,3821,3288,3358
"K70_K76_C22","2000_2005","2021_2024",20,"Economic_type_1_EQI_Water+SM+PA+OB","0.00","-3.02(-7.02,1.05)","3.71(-0.74,8.27)","7.61(3.20,12.31)","3.46(-1.41,8.44)","0.1452","0.0964","0.0010","0.1723","1.0005","1.0013","1.0007","1.0011",5395,4161,4805,5904,3808,3801,3874,3718
"K70_K76_C22","2000_2005","2021_2024",20,"Economic_type_1_EQI_Land+SM+PA+OB","0.00","1.25(-3.85,6.17)","3.50(-1.08,8.02)","3.02(-1.44,7.51)","6.43(1.96,10.77)","0.6292","0.1335","0.1910","0.0048","1.0026","1.0004","1.0002","1.0004",6724,6239,4995,5371,3933,4192,3675,4106
"K70_K76_C22","2000_2005","2021_2024",20,"Economic_type_1_EQI_Built+SM+PA+OB","0.00","3.83(0.32,7.41)","6.22(1.84,10.58)","7.09(2.52,11.61)","3.70(-2.78,10.27)","0.0352","0.0035","0.0035","0.2685","1.0012","1.0014","1.0006","1.0018",7502,7805,8625,9369,3989,3978,3520,3708
"K70_K76_C22","2000_2005","2021_2024",20,"Economic_type_1_EQI_Social+SM+PA+OB","0.00","-1.92(-6.02,2.03)","-4.93(-9.17,-0.65)","-1.70(-6.25,2.93)","1.32(-4.45,7.11)","0.3539","0.0223","0.4580","0.6609","1.0001","1.0007","1.0005","1.0017",5044,4590,4746,5425,3847,3880,4136,3948
"K70_K76_C22","2000_2005","2006_2010",5,"Economic_type_2_EQI+SM+PA+OB","0.00","1.27(-2.34,4.89)","1.40(-3.00,5.91)","-1.01(-6.82,4.78)","1.73(-5.53,9.03)","0.4780","0.5330","0.7338","0.6351","1.0020","1.0044","1.0061","1.0021",4042,2508,1640,3417,3286,3403,2879,3384
"K70_K76_C22","2000_2005","2006_2010",5,"Economic_type_2_EQI_Air+SM+PA+OB","0.00","-2.22(-6.53,1.98)","-0.25(-4.90,4.32)","-1.36(-6.56,3.79)","-0.06(-7.03,6.81)","0.3185","0.9308","0.6072","0.9938","1.0056","1.0066","1.0062","1.0053",1440,1299,1252,1598,2700,2863,2782,3427
"K70_K76_C22","2000_2005","2006_2010",5,"Economic_type_2_EQI_Water+SM+PA+OB","0.00","-0.37(-4.87,4.04)","4.45(-1.26,9.83)","7.34(2.21,12.36)","4.87(-0.18,9.61)","0.8909","0.1206","0.0044","0.0606","1.0010","1.0002","1.0010","1.0025",2840,2916,2314,2967,3483,3451,3102,3759
"K70_K76_C22","2000_2005","2006_2010",5,"Economic_type_2_EQI_Land+SM+PA+OB","0.00","0.29(-3.08,3.84)","4.17(-0.12,8.32)","1.60(-3.37,6.53)","5.98(-0.33,12.20)","0.8796","0.0564","0.5288","0.0623","0.9999","0.9998","1.0006","1.0013",4872,4639,3342,3493,3393,4152,3580,3740
"K70_K76_C22","2000_2005","2006_2010",5,"Economic_type_2_EQI_Built+SM+PA+OB","0.00","2.28(-1.87,6.38)","-0.06(-3.95,3.81)","3.18(-0.99,7.11)","4.17(-0.64,8.86)","0.2689","0.9642","0.1264","0.0964","1.0003","1.0007","1.0011","1.0017",4841,3742,3659,2975,3752,3343,3593,3184
"K70_K76_C22","2000_2005","2006_2010",5,"Economic_type_2_EQI_Social+SM+PA+OB","0.00","-1.08(-4.81,2.76)","-5.29(-9.67,-0.93)","-5.10(-10.32,0.49)","-5.68(-12.78,1.37)","0.5584","0.0156","0.0681","0.1144","1.0013","1.0007","1.0006","1.0025",2843,3557,3774,3064,3366,3589,3748,3906
"K70_K76_C22","2000_2005","2011_2015",10,"Economic_type_2_EQI+SM+PA+OB","0.00","2.23(-1.80,6.11)","0.56(-4.17,5.48)","0.73(-4.89,6.42)","5.10(-2.04,12.11)","0.2710","0.8188","0.8034","0.1631","1.0006","1.0001","1.0011","1.0005",4353,3286,3132,4306,3819,3200,3588,3980
"K70_K76_C22","2000_2005","2011_2015",10,"Economic_type_2_EQI_Air+SM+PA+OB","0.00","-0.09(-4.37,4.28)","0.54(-3.79,4.88)","-2.49(-7.35,2.09)","-0.87(-8.07,5.96)","0.9663","0.8121","0.2993","0.8213","1.0006","1.0016","1.0001","1.0012",3802,3665,3776,4997,3300,3623,3727,3320
"K70_K76_C22","2000_2005","2011_2015",10,"Economic_type_2_EQI_Water+SM+PA+OB","0.00","-3.74(-8.46,0.82)","3.10(-2.28,8.87)","5.60(0.64,10.74)","4.06(-0.81,8.78)","0.1106","0.2689","0.0290","0.0985","1.0007","0.9996","1.0008","1.0008",3934,3898,3801,3369,3898,3423,3476,3592
"K70_K76_C22","2000_2005","2011_2015",10,"Economic_type_2_EQI_Land+SM+PA+OB","0.00","1.75(-2.25,5.96)","2.93(-1.74,7.38)","2.87(-2.15,7.73)","2.83(-3.74,9.17)","0.3980","0.2072","0.2577","0.3639","1.0001","1.0017","1.0009","1.0000",4757,4275,3932,4698,3584,3538,3783,3547
"K70_K76_C22","2000_2005","2011_2015",10,"Economic_type_2_EQI_Built+SM+PA+OB","0.00","1.95(-2.59,6.59)","-0.57(-4.87,3.73)","4.39(-0.12,8.92)","4.28(-1.07,9.39)","0.4105","0.7963","0.0564","0.1173","1.0006","1.0005","1.0028","1.0022",4776,3911,4206,3670,4013,3625,3693,3381
"K70_K76_C22","2000_2005","2011_2015",10,"Economic_type_2_EQI_Social+SM+PA+OB","0.00","1.97(-2.20,6.03)","-3.25(-8.19,1.61)","-1.36(-6.99,4.56)","-0.61(-8.25,6.69)","0.3418","0.1943","0.6497","0.8859","1.0030","1.0011","1.0021","1.0030",4486,3144,3527,4191,3419,2967,3393,3862
"K70_K76_C22","2000_2005","2016_2020",15,"Economic_type_2_EQI+SM+PA+OB","0.00","1.37(-2.94,5.64)","1.39(-3.66,6.36)","-0.30(-6.30,5.69)","1.49(-6.15,8.99)","0.5380","0.5934","0.9242","0.6926","1.0023","1.0003","1.0013","1.0015",5274,4399,3281,4735,3830,3810,3224,3747
"K70_K76_C22","2000_2005","2016_2020",15,"Economic_type_2_EQI_Air+SM+PA+OB","0.00","-0.25(-5.10,4.54)","-0.05(-4.86,4.74)","-1.81(-7.23,3.74)","-0.65(-8.43,7.41)","0.9092","0.9825","0.5151","0.8671","1.0020","1.0009","1.0003","1.0015",4682,5193,4478,5873,3738,4277,3702,3523
"K70_K76_C22","2000_2005","2016_2020",15,"Economic_type_2_EQI_Water+SM+PA+OB","0.00","-1.82(-7.31,3.70)","2.28(-3.95,8.28)","6.73(0.89,12.38)","5.19(-1.02,11.12)","0.5193","0.4743","0.0219","0.0952","1.0009","1.0011","1.0021","1.0014",3876,4019,4609,2360,3848,3675,3555,2832
"K70_K76_C22","2000_2005","2016_2020",15,"Economic_type_2_EQI_Land+SM+PA+OB","0.00","2.77(-1.95,7.42)","2.49(-2.54,7.57)","2.45(-3.24,8.15)","0.61(-6.42,7.58)","0.2489","0.3368","0.3968","0.8659","1.0004","1.0024","1.0007","1.0021",6523,5585,4338,5806,3945,3530,4020,3680
"K70_K76_C22","2000_2005","2016_2020",15,"Economic_type_2_EQI_Built+SM+PA+OB","0.00","-0.20(-5.22,4.85)","-0.52(-5.46,4.29)","1.94(-3.17,7.06)","3.43(-2.60,9.20)","0.9308","0.8275","0.4647","0.2414","1.0008","1.0015","1.0006","1.0010",5142,4805,5065,4115,3850,3107,4091,3326
"K70_K76_C22","2000_2005","2016_2020",15,"Economic_type_2_EQI_Social+SM+PA+OB","0.00","0.19(-4.31,4.77)","-3.76(-9.08,1.65)","-4.67(-10.98,1.95)","-3.14(-11.23,4.94)","0.9463","0.1743","0.1652","0.4422","1.0008","1.0013","1.0005","1.0010",5450,5286,5032,5189,3348,4029,3602,3603
"K70_K76_C22","2000_2005","2021_2024",20,"Economic_type_2_EQI+SM+PA+OB","0.00","3.15(-2.86,9.22)","0.88(-5.64,7.24)","-0.92(-8.37,6.47)","0.42(-8.35,9.05)","0.3156","0.7867","0.8021","0.9225","1.0016","1.0005","1.0011","1.0011",4746,4179,4656,4702,3623,3503,3652,3709
"K70_K76_C22","2000_2005","2021_2024",20,"Economic_type_2_EQI_Air+SM+PA+OB","0.00","-0.57(-6.99,5.77)","0.32(-6.07,6.49)","-2.73(-9.68,4.44)","-2.30(-11.21,6.18)","0.8738","0.9154","0.4318","0.6201","0.9999","1.0006","0.9999","1.0017",5156,4441,4736,5450,3753,3554,3867,3563
"K70_K76_C22","2000_2005","2021_2024",20,"Economic_type_2_EQI_Water+SM+PA+OB","0.00","-0.98(-7.57,5.50)","-1.70(-8.87,5.67)","8.32(1.12,15.35)","5.15(-1.75,12.02)","0.7888","0.6455","0.0281","0.1352","0.9994","1.0008","1.0019","1.0003",4655,4324,4855,3704,3756,3618,3816,3340
"K70_K76_C22","2000_2005","2021_2024",20,"Economic_type_2_EQI_Land+SM+PA+OB","0.00","2.71(-3.61,9.11)","3.86(-2.94,10.77)","1.44(-5.67,8.27)","2.08(-6.05,10.26)","0.4018","0.2577","0.6547","0.6322","1.0006","1.0014","1.0013","1.0041",4745,4639,4445,5461,3069,3669,3542,3506
"K70_K76_C22","2000_2005","2021_2024",20,"Economic_type_2_EQI_Built+SM+PA+OB","0.00","1.64(-5.06,8.56)","-0.02(-6.94,6.71)","0.91(-6.09,7.58)","1.11(-6.32,8.40)","0.6401","0.9871","0.8092","0.7646","1.0028","1.0007","1.0020","0.9998",5720,4772,5328,4552,3557,3712,4008,3955
"K70_K76_C22","2000_2005","2021_2024",20,"Economic_type_2_EQI_Social+SM+PA+OB","0.00","-0.75(-7.26,5.59)","-3.32(-10.57,3.82)","-1.46(-8.94,6.06)","-1.96(-10.86,7.08)","0.8267","0.3506","0.7192","0.6609","1.0005","1.0013","1.0009","1.0022",4777,4748,4252,5772,3737,3654,3719,3479
"K70_K76_C22","2000_2005","2006_2010",5,"Economic_type_3_EQI+SM+PA+OB","0.00","0.74(-0.56,2.03)","1.15(-0.13,2.36)","1.56(0.23,2.86)","2.32(0.84,3.74)","0.2464","0.0735","0.0252","0.0040","1.0016","1.0026","1.0045","1.0040",2253,1905,1618,1653,3036,2623,2256,2289
"K70_K76_C22","2000_2005","2006_2010",5,"Economic_type_3_EQI_Air+SM+PA+OB","0.00","1.50(-0.65,3.52)","2.16(0.03,4.17)","2.43(0.34,4.44)","3.59(1.42,5.65)","0.1593","0.0489","0.0231","0.0002","1.0033","1.0034","1.0029","1.0033",1957,1885,1804,1688,2743,2614,2536,2674
"K70_K76_C22","2000_2005","2006_2010",5,"Economic_type_3_EQI_Water+SM+PA+OB","0.00","1.22(-0.33,2.72)","0.82(-0.60,2.22)","0.27(-1.16,1.67)","0.21(-1.39,1.74)","0.1235","0.2577","0.6980","0.7792","1.0008","1.0012","1.0012","1.0012",1662,1712,1704,1911,2525,2683,2554,2571
"K70_K76_C22","2000_2005","2006_2010",5,"Economic_type_3_EQI_Land+SM+PA+OB","0.00","-0.18(-1.15,0.80)","-0.34(-1.36,0.74)","-0.52(-1.68,0.68)","0.01(-1.26,1.26)","0.7234","0.5359","0.3918","0.9971","1.0010","1.0009","1.0013","1.0011",3219,2555,2437,2451,3678,3553,3507,3610
"K70_K76_C22","2000_2005","2006_2010",5,"Economic_type_3_EQI_Built+SM+PA+OB","0.00","0.71(-0.27,1.69)","0.37(-0.60,1.38)","1.47(0.45,2.51)","1.66(0.44,2.89)","0.1643","0.4705","0.0060","0.0081","1.0023","1.0020","1.0013","1.0007",2994,2558,2497,2678,3670,3109,3276,3510
"K70_K76_C22","2000_2005","2006_2010",5,"Economic_type_3_EQI_Social+SM+PA+OB","0.00","0.07(-1.09,1.24)","-0.73(-1.99,0.54)","-0.90(-2.28,0.51)","-2.00(-3.61,-0.37)","0.9029","0.2697","0.1981","0.0140","1.0003","1.0023","1.0006","1.0007",3000,2065,1854,1972,3385,3134,2777,2865
"K70_K76_C22","2000_2005","2011_2015",10,"Economic_type_3_EQI+SM+PA+OB","0.00","1.55(0.19,2.89)","2.72(1.31,4.08)","2.66(1.22,4.12)","3.58(1.97,5.23)","0.0219","0.0002","0.0002","0.0002","1.0007","1.0003","1.0012","1.0009",2663,2395,2074,2238,3449,2861,2586,3005
"K70_K76_C22","2000_2005","2011_2015",10,"Economic_type_3_EQI_Air+SM+PA+OB","0.00","0.06(-2.62,2.63)","1.55(-1.13,4.11)","2.26(-0.39,4.77)","3.61(0.87,6.22)","0.9467","0.2447","0.0998","0.0085","1.0007","1.0006","1.0005","1.0006",1748,1709,1672,1682,2258,2485,2617,2568
"K70_K76_C22","2000_2005","2011_2015",10,"Economic_type_3_EQI_Water+SM+PA+OB","0.00","-0.71(-2.19,0.71)","-0.94(-2.42,0.51)","-1.11(-2.57,0.39)","-1.70(-3.30,-0.11)","0.3485","0.1985","0.1360","0.0352","1.0008","1.0006","1.0020","1.0017",1891,1859,1798,1844,2952,2712,2797,2954
"K70_K76_C22","2000_2005","2011_2015",10,"Economic_type_3_EQI_Land+SM+PA+OB","0.00","0.38(-0.65,1.39)","0.08(-0.99,1.17)","0.07(-1.14,1.31)","0.40(-0.92,1.70)","0.4634","0.8821","0.9100","0.5505","1.0004","1.0012","1.0019","1.0030",2797,2267,2334,2362,3063,2769,3114,2952
"K70_K76_C22","2000_2005","2011_2015",10,"Economic_type_3_EQI_Built+SM+PA+OB","0.00","0.67(-0.36,1.66)","0.73(-0.29,1.73)","1.76(0.67,2.81)","1.95(0.64,3.25)","0.1964","0.1552","0.0006","0.0019","1.0011","1.0017","1.0025","1.0022",2785,2346,2234,2385,3476,3300,3015,3147
"K70_K76_C22","2000_2005","2011_2015",10,"Economic_type_3_EQI_Social+SM+PA+OB","0.00","0.24(-0.99,1.43)","-0.70(-2.11,0.73)","-1.89(-3.36,-0.42)","-3.38(-5.09,-1.64)","0.6901","0.3151","0.0148","0.0006","1.0016","1.0043","1.0042","1.0054",2722,2044,1883,2002,3340,2513,2506,2425
"K70_K76_C22","2000_2005","2016_2020",15,"Economic_type_3_EQI+SM+PA+OB","0.00","0.14(-1.36,1.60)","1.09(-0.40,2.61)","1.76(0.20,3.35)","2.67(0.96,4.41)","0.8588","0.1427","0.0290","0.0031","1.0018","1.0028","1.0009","1.0013",2356,1958,1716,1803,2968,2709,2483,2705
"K70_K76_C22","2000_2005","2016_2020",15,"Economic_type_3_EQI_Air+SM+PA+OB","0.00","1.72(-1.22,4.47)","2.86(-0.15,5.56)","3.76(0.81,6.45)","4.46(1.49,7.18)","0.2418","0.0581","0.0135","0.0023","1.0049","1.0054","1.0053","1.0054",1825,1705,1670,1664,2744,2554,2364,2313
"K70_K76_C22","2000_2005","2016_2020",15,"Economic_type_3_EQI_Water+SM+PA+OB","0.00","-0.28(-1.77,1.31)","0.36(-1.23,1.96)","-0.25(-1.81,1.30)","-0.30(-2.05,1.42)","0.7234","0.6634","0.7559","0.7301","1.0025","1.0022","1.0020","1.0012",1947,1893,1913,1968,2688,2763,2441,2907
"K70_K76_C22","2000_2005","2016_2020",15,"Economic_type_3_EQI_Land+SM+PA+OB","0.00","0.00(-1.04,1.05)","0.17(-0.91,1.29)","-0.07(-1.31,1.18)","0.58(-0.78,1.95)","0.9996","0.7742","0.9079","0.4197","1.0010","1.0005","1.0014","1.0017",2944,2519,2353,2447,3569,3121,3011,3195
"K70_K76_C22","2000_2005","2016_2020",15,"Economic_type_3_EQI_Built+SM+PA+OB","0.00","1.35(0.39,2.34)","1.88(0.89,2.89)","2.80(1.78,3.84)","3.73(2.42,5.02)","0.0073","0.0010","0.0002","0.0002","1.0015","1.0018","1.0021","1.0020",3408,2875,2683,2924,3709,3618,3474,3703
"K70_K76_C22","2000_2005","2016_2020",15,"Economic_type_3_EQI_Social+SM+PA+OB","0.00","-0.17(-1.39,1.05)","-1.78(-3.11,-0.40)","-2.92(-4.42,-1.41)","-4.36(-6.14,-2.64)","0.7930","0.0140","0.0002","0.0002","1.0015","1.0017","1.0016","1.0017",2959,2245,2102,2075,3752,3011,2880,2590
"K70_K76_C22","2000_2005","2021_2024",20,"Economic_type_3_EQI+SM+PA+OB","0.00","0.42(-1.80,2.62)","1.39(-0.83,3.61)","0.85(-1.55,3.16)","0.75(-1.83,3.38)","0.7038","0.2181","0.4784","0.5676","1.0025","1.0037","1.0050","1.0051",1794,1318,1126,1173,2461,2307,2040,2225
"K70_K76_C22","2000_2005","2021_2024",20,"Economic_type_3_EQI_Air+SM+PA+OB","0.00","-0.90(-4.40,2.66)","1.39(-2.04,4.95)","2.36(-1.05,5.83)","3.37(-0.13,6.94)","0.6272","0.4385","0.1831","0.0614","1.0041","1.0046","1.0043","1.0044",1923,1903,1649,1848,2550,2621,2317,2435
"K70_K76_C22","2000_2005","2021_2024",20,"Economic_type_3_EQI_Water+SM+PA+OB","0.00","-0.24(-2.55,2.12)","-0.40(-2.75,1.93)","-0.28(-2.62,2.06)","-1.77(-4.41,0.75)","0.8288","0.7326","0.8071","0.1777","1.0037","1.0043","1.0037","1.0037",1609,1620,1525,1639,2546,2753,2717,2840
"K70_K76_C22","2000_2005","2021_2024",20,"Economic_type_3_EQI_Land+SM+PA+OB","0.00","1.92(0.33,3.47)","1.32(-0.37,3.02)","1.35(-0.56,3.20)","1.76(-0.29,3.85)","0.0177","0.1398","0.1581","0.0973","1.0005","1.0013","1.0000","1.0004",2975,2797,2359,2440,3323,3328,2950,3042
"K70_K76_C22","2000_2005","2021_2024",20,"Economic_type_3_EQI_Built+SM+PA+OB","0.00","0.80(-0.83,2.39)","-0.08(-1.73,1.60)","1.78(0.02,3.52)","1.97(-0.10,3.99)","0.3389","0.9167","0.0477","0.0677","1.0015","1.0014","1.0013","1.0018",3089,2379,2319,2323,3278,3313,2664,2884
"K70_K76_C22","2000_2005","2021_2024",20,"Economic_type_3_EQI_Social+SM+PA+OB","0.00","0.29(-1.59,2.21)","-3.77(-5.88,-1.65)","-5.38(-7.69,-3.11)","-7.48(-10.19,-4.83)","0.7717","0.0015","0.0002","0.0002","1.0016","1.0023","1.0039","1.0037",2904,2147,1930,1829,3399,3061,2857,2401
"K70_K76_C22","2000_2005","2006_2010",5,"Economic_type_4_EQI+SM+PA+OB","0.00","0.15(-2.46,2.69)","-2.17(-4.59,0.19)","-1.75(-4.51,1.03)","-0.40(-3.51,2.73)","0.8892","0.0752","0.2077","0.8063","1.0013","1.0005","1.0012","1.0012",4853,3601,3153,3196,3999,3780,3557,3659
"K70_K76_C22","2000_2005","2006_2010",5,"Economic_type_4_EQI_Air+SM+PA+OB","0.00","0.63(-2.01,3.30)","-1.89(-4.47,0.75)","-0.60(-3.24,2.10)","0.66(-2.31,3.66)","0.6480","0.1614","0.6630","0.6609","1.0000","1.0005","1.0002","1.0002",3044,2736,1968,1925,3431,4187,3352,2880
"K70_K76_C22","2000_2005","2006_2010",5,"Economic_type_4_EQI_Water+SM+PA+OB","0.00","-0.34(-3.09,2.44)","-0.91(-3.56,1.82)","1.23(-1.61,4.08)","0.03(-2.65,2.73)","0.8000","0.5134","0.3976","0.9833","1.0009","1.0016","1.0006","1.0012",2874,2784,2714,2595,3467,3438,3667,3258
"K70_K76_C22","2000_2005","2006_2010",5,"Economic_type_4_EQI_Land+SM+PA+OB","0.00","-0.95(-3.14,1.25)","0.16(-2.15,2.40)","-0.78(-3.29,1.65)","-0.84(-3.80,2.00)","0.3914","0.8671","0.5459","0.5688","1.0005","1.0012","1.0011","1.0012",3831,3308,3261,2807,4148,3919,3584,3609
"K70_K76_C22","2000_2005","2006_2010",5,"Economic_type_4_EQI_Built+SM+PA+OB","0.00","0.15(-2.51,2.78)","0.05(-2.62,2.57)","0.05(-2.68,2.78)","1.38(-1.46,4.15)","0.9013","0.9596","0.9775","0.3435","1.0008","0.9999","1.0008","1.0006",2905,2754,2639,2403,3318,3352,3352,3363
"K70_K76_C22","2000_2005","2006_2010",5,"Economic_type_4_EQI_Social+SM+PA+OB","0.00","-4.08(-6.36,-1.92)","-2.88(-5.44,-0.34)","-4.94(-7.78,-2.12)","-3.13(-6.29,-0.08)","0.0002","0.0269","0.0010","0.0485","1.0016","1.0006","1.0008","1.0023",3284,2893,2771,2429,3922,3114,3249,3388
"K70_K76_C22","2000_2005","2011_2015",10,"Economic_type_4_EQI+SM+PA+OB","0.00","-0.48(-3.39,2.42)","-1.24(-3.98,1.56)","-1.74(-4.94,1.53)","0.56(-3.01,4.27)","0.7592","0.3780","0.2851","0.7709","1.0007","1.0013","1.0017","1.0006",4156,2657,2650,2481,4027,3165,3448,3154
"K70_K76_C22","2000_2005","2011_2015",10,"Economic_type_4_EQI_Air+SM+PA+OB","0.00","-1.00(-4.13,2.07)","-2.72(-5.79,0.28)","-1.78(-4.94,1.26)","-0.11(-3.56,3.26)","0.5372","0.0781","0.2664","0.9446","1.0000","1.0005","1.0015","0.9997",4835,3715,3128,2979,4306,4062,3772,3453
"K70_K76_C22","2000_2005","2011_2015",10,"Economic_type_4_EQI_Water+SM+PA+OB","0.00","-0.94(-4.06,2.08)","-1.77(-4.96,1.34)","1.82(-1.44,5.14)","0.93(-2.14,3.96)","0.5605","0.2639","0.2739","0.5551","1.0010","1.0000","1.0007","0.9999",4057,4020,3800,3485,4240,3249,3782,3589
"K70_K76_C22","2000_2005","2011_2015",10,"Economic_type_4_EQI_Land+SM+PA+OB","0.00","-0.41(-2.97,2.18)","-0.25(-2.91,2.49)","-0.75(-3.58,2.15)","-1.04(-4.37,2.31)","0.7492","0.8492","0.6088","0.5518","1.0004","1.0004","1.0011","1.0002",5129,5058,4300,4092,4106,4430,4422,3829
"K70_K76_C22","2000_2005","2011_2015",10,"Economic_type_4_EQI_Built+SM+PA+OB","0.00","1.25(-1.73,4.15)","2.30(-0.75,5.29)","1.66(-1.42,4.81)","3.15(-0.07,6.30)","0.4226","0.1360","0.2889","0.0552","1.0003","1.0010","1.0001","1.0005",4323,3919,3690,3382,4015,4024,3694,3539
"K70_K76_C22","2000_2005","2011_2015",10,"Economic_type_4_EQI_Social+SM+PA+OB","0.00","-3.95(-6.54,-1.33)","-3.35(-6.32,-0.43)","-4.55(-7.80,-1.37)","-3.63(-7.19,-0.03)","0.0027","0.0260","0.0073","0.0477","1.0005","1.0026","1.0007","1.0018",4269,3932,3802,3660,4094,4115,3791,3680
"K70_K76_C22","2000_2005","2016_2020",15,"Economic_type_4_EQI+SM+PA+OB","0.00","-0.39(-3.41,2.59)","-1.15(-3.91,1.61)","-2.12(-5.33,1.01)","-0.10(-3.73,3.49)","0.7984","0.4193","0.1943","0.9588","1.0012","1.0019","1.0026","1.0025",4216,3209,3075,3123,3881,3804,3753,3684
"K70_K76_C22","2000_2005","2016_2020",15,"Economic_type_4_EQI_Air+SM+PA+OB","0.00","-1.64(-5.05,1.53)","-2.87(-6.09,0.19)","-1.99(-5.24,1.07)","-1.33(-4.86,2.18)","0.3222","0.0664","0.2089","0.4559","1.0038","1.0021","1.0020","1.0031",2535,2289,2243,1888,3164,2813,2927,2524
"K70_K76_C22","2000_2005","2016_2020",15,"Economic_type_4_EQI_Water+SM+PA+OB","0.00","-0.14(-3.35,3.15)","-1.27(-4.58,1.98)","2.01(-1.32,5.33)","0.23(-3.06,3.55)","0.9250","0.4489","0.2552","0.8959","1.0006","1.0012","1.0014","1.0026",3244,3259,2821,2568,3767,3297,3492,3528
"K70_K76_C22","2000_2005","2016_2020",15,"Economic_type_4_EQI_Land+SM+PA+OB","0.00","1.07(-1.65,3.72)","0.81(-1.84,3.56)","-0.63(-3.66,2.56)","-0.60(-4.18,3.02)","0.4243","0.5538","0.6809","0.7413","1.0008","1.0014","1.0020","1.0019",4235,3138,2325,3057,3732,3884,3437,3594
"K70_K76_C22","2000_2005","2016_2020",15,"Economic_type_4_EQI_Built+SM+PA+OB","0.00","0.01(-2.94,3.04)","1.07(-1.97,4.24)","2.37(-0.75,5.45)","2.88(-0.25,6.11)","0.9921","0.5143","0.1323","0.0660","1.0004","1.0031","1.0023","1.0024",3942,2175,3112,2752,3629,2434,3520,3013
"K70_K76_C22","2000_2005","2016_2020",15,"Economic_type_4_EQI_Social+SM+PA+OB","0.00","-3.79(-6.39,-1.18)","-4.13(-7.04,-1.08)","-4.77(-8.06,-1.60)","-3.52(-6.94,-0.03)","0.0040","0.0073","0.0040","0.0481","1.0030","1.0018","1.0018","1.0012",2694,2524,2662,2931,3474,3524,3529,3630
"K70_K76_C22","2000_2005","2021_2024",20,"Economic_type_4_EQI+SM+PA+OB","0.00","0.36(-4.33,5.16)","-0.93(-5.20,3.29)","-2.56(-7.44,2.37)","-0.98(-6.32,4.21)","0.8671","0.6792","0.2885","0.7084","1.0011","1.0003","1.0011","1.0002",2846,2711,2675,2726,2421,3328,3248,3036
"K70_K76_C22","2000_2005","2021_2024",20,"Economic_type_4_EQI_Air+SM+PA+OB","0.00","-3.22(-8.22,1.73)","-5.07(-9.63,-0.54)","-3.77(-8.25,0.65)","-3.63(-8.62,1.31)","0.1964","0.0260","0.0985","0.1573","1.0012","1.0026","1.0015","1.0009",4578,4162,3567,3305,3557,4005,3668,3335
"K70_K76_C22","2000_2005","2021_2024",20,"Economic_type_4_EQI_Water+SM+PA+OB","0.00","-0.74(-5.54,4.04)","-0.59(-5.42,4.09)","1.93(-2.98,6.73)","-0.01(-4.58,4.63)","0.7588","0.8059","0.4439","0.9954","1.0009","0.9999","1.0016","1.0015",4377,4519,3636,3538,3175,3290,3268,2839
"K70_K76_C22","2000_2005","2021_2024",20,"Economic_type_4_EQI_Land+SM+PA+OB","0.00","1.84(-2.23,6.00)","4.06(-0.38,8.42)","-1.65(-6.30,3.00)","1.10(-4.07,6.29)","0.3793","0.0702","0.4901","0.6930","0.9997","1.0002","1.0012","1.0010",5503,5676,4517,4329,3671,4211,3601,3733
"K70_K76_C22","2000_2005","2021_2024",20,"Economic_type_4_EQI_Built+SM+PA+OB","0.00","1.45(-3.05,5.81)","1.05(-3.38,5.62)","1.71(-3.06,6.43)","1.64(-3.29,6.29)","0.5288","0.6488","0.4639","0.4926","1.0020","1.0010","1.0006","1.0006",4701,4234,3682,3443,3635,3650,3741,3741
"K70_K76_C22","2000_2005","2021_2024",20,"Economic_type_4_EQI_Social+SM+PA+OB","0.00","-5.46(-9.56,-1.33)","-6.42(-10.92,-1.69)","-5.78(-10.68,-0.81)","-5.65(-11.04,-0.39)","0.0110","0.0102","0.0227","0.0352","1.0001","1.0005","1.0001","1.0009",4641,4534,4553,4270,3625,3577,3778,3790
"K70_K76_C22","2000_2005","2006_2010",5,"Economic_type_5_EQI+SM+PA+OB","0.00","4.18(1.06,7.34)","3.42(0.39,6.41)","5.24(2.24,8.14)","4.95(1.96,7.91)","0.0102","0.0294","0.0002","0.0019","1.0022","1.0030","1.0026","1.0037",1716,1529,1647,1505,2952,2630,2299,2412
"K70_K76_C22","2000_2005","2006_2010",5,"Economic_type_5_EQI_Air+SM+PA+OB","0.00","6.54(4.22,8.78)","6.27(4.00,8.56)","6.05(3.97,8.18)","6.33(4.21,8.46)","0.0002","0.0002","0.0002","0.0002","1.0010","1.0003","1.0000","1.0004",2200,1926,1730,1670,3146,3081,2581,2772
"K70_K76_C22","2000_2005","2006_2010",5,"Economic_type_5_EQI_Water+SM+PA+OB","0.00","-2.15(-4.07,-0.16)","-0.29(-1.95,1.38)","-0.39(-2.01,1.29)","0.65(-0.95,2.27)","0.0302","0.7330","0.6338","0.4214","0.9999","1.0006","1.0020","1.0017",2856,2858,2719,2757,3174,3472,3384,3351
"K70_K76_C22","2000_2005","2006_2010",5,"Economic_type_5_EQI_Land+SM+PA+OB","0.00","0.72(-0.99,2.41)","0.13(-1.68,1.89)","0.51(-1.31,2.31)","0.43(-1.33,2.16)","0.4085","0.8934","0.5784","0.6388","1.0006","1.0007","1.0014","1.0012",2856,2274,2159,2198,3102,3060,3189,2987
"K70_K76_C22","2000_2005","2006_2010",5,"Economic_type_5_EQI_Built+SM+PA+OB","0.00","0.33(-3.32,3.98)","2.15(-1.23,5.54)","2.57(-0.57,5.71)","2.67(-0.49,5.82)","0.8617","0.2027","0.1102","0.1056","1.0059","1.0083","1.0078","1.0083",2247,1750,1872,1755,3062,2961,2487,2531
"K70_K76_C22","2000_2005","2006_2010",5,"Economic_type_5_EQI_Social+SM+PA+OB","0.00","-2.73(-5.10,-0.35)","-2.38(-4.43,-0.33)","-2.98(-5.16,-0.89)","-4.31(-6.66,-2.05)","0.0210","0.0206","0.0060","0.0010","1.0007","1.0018","1.0024","1.0028",3038,2151,1892,1907,3713,3409,2963,3186
"K70_K76_C22","2000_2005","2011_2015",10,"Economic_type_5_EQI+SM+PA+OB","0.00","4.84(1.57,8.00)","5.64(2.50,8.69)","5.61(2.49,8.58)","5.82(2.72,8.78)","0.0031","0.0006","0.0006","0.0002","1.0012","1.0010","1.0004","1.0006",1520,1346,1329,1281,2819,2363,2396,2313
"K70_K76_C22","2000_2005","2011_2015",10,"Economic_type_5_EQI_Air+SM+PA+OB","0.00","4.84(2.34,7.29)","4.44(1.99,6.96)","4.47(2.17,6.68)","4.89(2.60,7.17)","0.0006","0.0002","0.0002","0.0002","1.0030","1.0026","1.0022","1.0030",2417,2190,2025,1971,3236,3218,2811,2634
"K70_K76_C22","2000_2005","2011_2015",10,"Economic_type_5_EQI_Water+SM+PA+OB","0.00","-1.21(-3.33,0.94)","0.54(-1.43,2.45)","0.91(-0.88,2.69)","1.63(-0.18,3.42)","0.2522","0.5618","0.3318","0.0827","1.0007","1.0014","1.0011","1.0012",2491,2247,2275,2313,3538,2882,3068,3287
"K70_K76_C22","2000_2005","2011_2015",10,"Economic_type_5_EQI_Land+SM+PA+OB","0.00","1.55(-0.24,3.36)","1.39(-0.49,3.33)","1.40(-0.50,3.36)","1.38(-0.54,3.37)","0.0931","0.1439","0.1539","0.1685","1.0004","1.0014","1.0009","1.0007",2286,1989,1899,1848,2919,2704,2224,2401
"K70_K76_C22","2000_2005","2011_2015",10,"Economic_type_5_EQI_Built+SM+PA+OB","0.00","-1.73(-5.18,1.85)","1.20(-2.08,4.42)","1.44(-1.66,4.48)","1.49(-1.64,4.43)","0.3364","0.4655","0.3568","0.3401","1.0010","1.0012","1.0011","1.0012",2224,1911,1824,1826,3218,2776,2580,2583
"K70_K76_C22","2000_2005","2011_2015",10,"Economic_type_5_EQI_Social+SM+PA+OB","0.00","-0.71(-3.22,1.82)","-2.20(-4.46,0.01)","-3.08(-5.29,-0.83)","-4.23(-6.63,-1.85)","0.5793","0.0510","0.0073","0.0027","1.0000","0.9999","1.0006","1.0001",2337,1972,1859,1945,2881,2564,2749,2830
"K70_K76_C22","2000_2005","2016_2020",15,"Economic_type_5_EQI+SM+PA+OB","0.00","3.15(-0.27,6.64)","4.41(1.04,7.89)","5.14(1.80,8.46)","4.68(1.34,8.16)","0.0756","0.0131","0.0040","0.0085","1.0027","1.0026","1.0034","1.0031",1971,1785,1751,1718,3054,2540,2796,2730
"K70_K76_C22","2000_2005","2016_2020",15,"Economic_type_5_EQI_Air+SM+PA+OB","0.00","5.39(2.67,8.07)","5.09(2.39,7.70)","4.83(2.32,7.25)","4.28(1.76,6.73)","0.0006","0.0002","0.0002","0.0010","1.0013","1.0017","1.0006","1.0015",2485,2328,2342,2143,3379,2865,2827,2822
"K70_K76_C22","2000_2005","2016_2020",15,"Economic_type_5_EQI_Water+SM+PA+OB","0.00","-1.24(-3.47,0.98)","2.03(-0.04,4.10)","2.24(0.29,4.20)","2.63(0.61,4.64)","0.2731","0.0527","0.0215","0.0098","1.0018","1.0006","1.0026","1.0016",2556,2606,2264,2572,3592,3373,3493,3226
"K70_K76_C22","2000_2005","2016_2020",15,"Economic_type_5_EQI_Land+SM+PA+OB","0.00","1.63(-0.38,3.60)","0.77(-1.28,2.88)","0.71(-1.41,2.86)","1.04(-1.02,3.15)","0.1098","0.4680","0.5247","0.3431","1.0015","1.0003","1.0016","1.0010",2870,2589,2492,2414,3621,3427,3384,3296
"K70_K76_C22","2000_2005","2016_2020",15,"Economic_type_5_EQI_Built+SM+PA+OB","0.00","-0.48(-4.45,3.28)","0.33(-3.32,3.75)","2.18(-1.22,5.39)","1.90(-1.53,5.13)","0.8230","0.8496","0.2177","0.2743","1.0008","1.0013","1.0015","1.0015",2195,1822,1759,1760,3279,2589,2426,2512
"K70_K76_C22","2000_2005","2016_2020",15,"Economic_type_5_EQI_Social+SM+PA+OB","0.00","-2.11(-4.89,0.61)","-2.75(-5.11,-0.36)","-3.75(-6.21,-1.34)","-4.77(-7.39,-2.20)","0.1352","0.0223","0.0010","0.0006","1.0020","1.0009","1.0004","1.0011",2775,2485,2294,2211,3339,3125,2859,2647
"K70_K76_C22","2000_2005","2021_2024",20,"Economic_type_5_EQI+SM+PA+OB","0.00","1.61(-2.88,6.20)","3.54(-0.89,8.04)","3.12(-1.16,7.52)","1.65(-2.62,6.16)","0.4880","0.1119","0.1598","0.4668","1.0010","1.0013","1.0014","1.0015",3000,2816,2929,2727,3950,3515,3425,3457
"K70_K76_C22","2000_2005","2021_2024",20,"Economic_type_5_EQI_Air+SM+PA+OB","0.00","10.62(6.81,14.43)","5.74(1.84,9.51)","6.06(2.58,9.52)","3.63(0.17,7.06)","0.0002","0.0056","0.0002","0.0398","1.0017","1.0012","1.0007","1.0015",2827,2401,2262,2228,3049,2979,3000,2783
"K70_K76_C22","2000_2005","2021_2024",20,"Economic_type_5_EQI_Water+SM+PA+OB","0.00","-0.42(-3.82,3.08)","2.23(-1.00,5.55)","3.54(0.50,6.66)","3.71(0.52,6.94)","0.8117","0.1789","0.0227","0.0210","1.0017","1.0027","1.0005","1.0019",3022,2465,2423,2293,3409,3364,3085,3194
"K70_K76_C22","2000_2005","2021_2024",20,"Economic_type_5_EQI_Land+SM+PA+OB","0.00","1.23(-1.78,4.15)","0.41(-2.68,3.52)","2.13(-0.99,5.25)","1.77(-1.45,4.91)","0.4247","0.7859","0.1952","0.2843","1.0006","1.0021","1.0033","1.0033",2916,2646,2213,2235,3594,3580,3503,3561
"K70_K76_C22","2000_2005","2021_2024",20,"Economic_type_5_EQI_Built+SM+PA+OB","0.00","-0.06(-5.12,5.09)","1.90(-2.73,6.48)","2.11(-2.19,6.45)","3.16(-0.97,7.29)","0.9838","0.4080","0.3210","0.1431","1.0011","1.0004","1.0014","1.0029",3130,2505,2150,2191,3727,3386,3343,3075
"K70_K76_C22","2000_2005","2021_2024",20,"Economic_type_5_EQI_Social+SM+PA+OB","0.00","-2.57(-6.53,1.41)","-2.92(-6.20,0.48)","-3.77(-7.10,-0.32)","-5.43(-9.06,-1.64)","0.2052","0.0948","0.0310","0.0048","1.0013","1.0011","1.0014","1.0020",3004,2334,1974,2041,3063,3045,2912,2583
"K70_K76_C22","2000_2005","2006_2010",5,"Economic_type_6_EQI+SM+PA+OB","0.00","0.40(-1.05,1.81)","0.42(-1.07,1.88)","0.74(-0.83,2.32)","1.16(-0.68,2.95)","0.5859","0.5684","0.3705","0.2122","1.0030","1.0031","1.0033","1.0032",2562,1949,1876,1748,2935,2748,2980,2567
"K70_K76_C22","2000_2005","2006_2010",5,"Economic_type_6_EQI_Air+SM+PA+OB","0.00","1.86(0.37,3.36)","1.74(0.21,3.23)","2.36(0.81,3.85)","3.59(1.95,5.20)","0.0135","0.0269","0.0048","0.0002","1.0032","1.0020","1.0021","1.0016",1355,1933,1898,2014,2647,3034,2869,2840
"K70_K76_C22","2000_2005","2006_2010",5,"Economic_type_6_EQI_Water+SM+PA+OB","0.00","-0.19(-1.87,1.54)","-0.21(-1.86,1.44)","0.37(-1.32,2.09)","-0.02(-1.73,1.77)","0.8146","0.8021","0.6672","0.9775","1.0010","1.0033","1.0015","1.0016",1858,1630,1735,1624,2756,2804,2724,2464
"K70_K76_C22","2000_2005","2006_2010",5,"Economic_type_6_EQI_Land+SM+PA+OB","0.00","-0.20(-1.35,0.94)","0.58(-0.69,1.86)","0.48(-0.93,1.90)","-0.02(-1.55,1.50)","0.7155","0.3730","0.5005","0.9708","1.0011","1.0010","1.0016","1.0010",3106,2343,2437,2387,3677,3361,2920,2992
"K70_K76_C22","2000_2005","2006_2010",5,"Economic_type_6_EQI_Built+SM+PA+OB","0.00","0.77(-0.55,2.06)","1.43(0.14,2.72)","0.83(-0.53,2.18)","2.15(0.74,3.57)","0.2472","0.0302","0.2347","0.0023","1.0015","1.0005","1.0008","1.0011",2481,2276,2363,2166,3665,3103,3111,3096
"K70_K76_C22","2000_2005","2006_2010",5,"Economic_type_6_EQI_Social+SM+PA+OB","0.00","-1.91(-3.19,-0.66)","-3.43(-4.84,-2.03)","-4.22(-5.87,-2.58)","-5.24(-7.09,-3.36)","0.0048","0.0002","0.0002","0.0002","1.0026","1.0033","1.0024","1.0035",1265,1712,1536,1319,2644,3195,2820,2209
"K70_K76_C22","2000_2005","2011_2015",10,"Economic_type_6_EQI+SM+PA+OB","0.00","1.68(0.17,3.20)","0.90(-0.67,2.47)","1.07(-0.64,2.76)","1.51(-0.44,3.48)","0.0310","0.2647","0.2218","0.1310","1.0024","1.0023","1.0021","1.0022",2110,1685,1577,1556,3174,3195,2695,2502
"K70_K76_C22","2000_2005","2011_2015",10,"Economic_type_6_EQI_Air+SM+PA+OB","0.00","0.81(-0.82,2.37)","0.31(-1.31,1.91)","1.81(0.13,3.46)","3.24(1.47,5.01)","0.3131","0.7013","0.0331","0.0006","1.0016","1.0022","1.0023","1.0031",2227,2019,1738,1588,3039,2990,2686,2950
"K70_K76_C22","2000_2005","2011_2015",10,"Economic_type_6_EQI_Water+SM+PA+OB","0.00","0.86(-1.04,2.66)","0.67(-1.15,2.48)","0.75(-1.13,2.60)","1.88(-0.01,3.75)","0.3418","0.4634","0.4160","0.0514","1.0004","1.0002","1.0005","1.0007",1891,1815,1757,1873,2842,2864,2824,2759
"K70_K76_C22","2000_2005","2011_2015",10,"Economic_type_6_EQI_Land+SM+PA+OB","0.00","0.16(-1.09,1.39)","0.75(-0.64,2.20)","0.87(-0.71,2.44)","0.50(-1.11,2.20)","0.8075","0.2935","0.2885","0.5659","1.0019","1.0018","1.0021","1.0023",3073,2433,2175,2013,3602,3416,3045,2739
"K70_K76_C22","2000_2005","2011_2015",10,"Economic_type_6_EQI_Built+SM+PA+OB","0.00","1.14(-0.29,2.55)","2.05(0.64,3.42)","2.13(0.66,3.62)","3.03(1.52,4.59)","0.1152","0.0031","0.0056","0.0002","1.0007","1.0013","1.0010","1.0012",2398,2271,2188,1973,3342,3081,3015,3284
"K70_K76_C22","2000_2005","2011_2015",10,"Economic_type_6_EQI_Social+SM+PA+OB","0.00","-2.32(-3.66,-0.94)","-4.55(-6.05,-3.02)","-5.34(-7.05,-3.62)","-6.43(-8.39,-4.44)","0.0023","0.0002","0.0002","0.0002","1.0011","1.0018","1.0015","1.0024",2514,2003,1816,1687,3366,2763,2601,2649
"K70_K76_C22","2000_2005","2016_2020",15,"Economic_type_6_EQI+SM+PA+OB","0.00","0.63(-1.01,2.26)","0.50(-1.21,2.23)","0.73(-1.14,2.56)","1.12(-1.02,3.29)","0.4539","0.5713","0.4414","0.3047","1.0007","1.0020","1.0012","1.0026",1884,1473,1315,1283,3428,2597,2713,2319
"K70_K76_C22","2000_2005","2016_2020",15,"Economic_type_6_EQI_Air+SM+PA+OB","0.00","1.58(-0.20,3.30)","0.69(-1.06,2.51)","2.15(0.34,3.97)","3.29(1.30,5.23)","0.0802","0.4530","0.0240","0.0015","1.0005","1.0013","1.0019","1.0007",2307,2037,1983,1831,2733,2502,2810,2594
"K70_K76_C22","2000_2005","2016_2020",15,"Economic_type_6_EQI_Water+SM+PA+OB","0.00","1.58(-0.50,3.61)","1.79(-0.21,3.82)","2.08(-0.01,4.14)","2.33(0.21,4.36)","0.1264","0.0810","0.0527","0.0273","1.0015","1.0030","1.0021","1.0021",1955,1861,1707,1765,2950,2857,2411,2564
"K70_K76_C22","2000_2005","2016_2020",15,"Economic_type_6_EQI_Land+SM+PA+OB","0.00","1.17(-0.25,2.56)","0.80(-0.76,2.35)","0.75(-1.05,2.52)","-0.36(-2.20,1.45)","0.1119","0.3256","0.4130","0.7242","1.0009","1.0009","1.0012","1.0011",2775,2240,2020,2040,3684,3483,2851,2907
"K70_K76_C22","2000_2005","2016_2020",15,"Economic_type_6_EQI_Built+SM+PA+OB","0.00","0.60(-0.92,2.17)","1.36(-0.15,2.94)","1.62(0.00,3.23)","2.79(1.07,4.51)","0.4426","0.0785","0.0498","0.0019","1.0017","1.0023","1.0017","1.0024",2316,2096,2191,1988,3288,3029,2709,2772
"K70_K76_C22","2000_2005","2016_2020",15,"Economic_type_6_EQI_Social+SM+PA+OB","0.00","-3.35(-4.88,-1.88)","-5.40(-7.09,-3.74)","-6.32(-8.33,-4.51)","-6.84(-9.14,-4.69)","0.0002","0.0002","0.0002","0.0002","1.0019","1.0031","1.0031","1.0037",2452,1808,1483,1427,3444,3074,2736,2667
"K70_K76_C22","2000_2005","2021_2024",20,"Economic_type_6_EQI+SM+PA+OB","0.00","0.57(-1.77,2.94)","-1.41(-3.83,1.05)","-1.55(-4.11,1.04)","-2.51(-5.50,0.46)","0.6326","0.2543","0.2410","0.0981","1.0006","1.0000","1.0011","1.0014",2690,2070,1833,1706,3150,3444,2873,2839
"K70_K76_C22","2000_2005","2021_2024",20,"Economic_type_6_EQI_Air+SM+PA+OB","0.00","2.69(0.23,5.14)","0.59(-1.94,3.09)","0.71(-1.92,3.35)","1.48(-1.37,4.28)","0.0352","0.6455","0.6026","0.3168","1.0011","1.0020","1.0013","1.0025",2018,1794,1706,1663,2832,2567,2599,2604
"K70_K76_C22","2000_2005","2021_2024",20,"Economic_type_6_EQI_Water+SM+PA+OB","0.00","1.21(-1.73,4.13)","0.24(-2.70,3.19)","1.59(-1.38,4.52)","0.68(-2.41,3.69)","0.4197","0.8584","0.2851","0.6609","1.0041","1.0041","1.0048","1.0034",1657,1552,1535,1596,2747,2611,2563,2782
"K70_K76_C22","2000_2005","2021_2024",20,"Economic_type_6_EQI_Land+SM+PA+OB","0.00","1.30(-0.80,3.39)","0.73(-1.56,3.08)","0.00(-2.55,2.63)","-0.72(-3.50,2.11)","0.2164","0.5476","0.9979","0.6047","1.0008","1.0009","1.0016","1.0015",3387,2465,2191,2075,3802,3492,2993,3228
"K70_K76_C22","2000_2005","2021_2024",20,"Economic_type_6_EQI_Built+SM+PA+OB","0.00","-0.12(-2.34,2.17)","1.51(-0.64,3.74)","3.52(1.09,5.85)","3.60(1.08,5.98)","0.9313","0.1714","0.0031","0.0048","1.0013","1.0005","1.0006","1.0004",2427,2424,2288,2168,3411,3362,3274,2740
"K70_K76_C22","2000_2005","2021_2024",20,"Economic_type_6_EQI_Social+SM+PA+OB","0.00","-2.50(-4.76,-0.22)","-6.30(-8.78,-3.88)","-8.64(-11.41,-5.97)","-9.33(-12.61,-6.19)","0.0294","0.0002","0.0002","0.0002","1.0026","1.0032","1.0036","1.0040",2687,2102,1892,1715,3064,3189,3082,2625
"K70_K76_C22","2000_2005","2006_2010",5,"Homeownership_tertile_1_EQI+SM+PA+OB","0.00","3.19(1.47,4.83)","3.18(1.57,4.80)","3.49(1.71,5.13)","4.21(2.27,6.01)","0.0002","0.0010","0.0002","0.0002","1.0011","1.0008","1.0011","1.0008",1727,1633,1319,1356,2979,3082,2302,2483
"K70_K76_C22","2000_2005","2006_2010",5,"Homeownership_tertile_1_EQI_Air+SM+PA+OB","0.00","2.80(1.07,4.55)","1.83(0.05,3.66)","2.77(1.02,4.50)","3.70(1.89,5.50)","0.0019","0.0444","0.0006","0.0010","1.0031","1.0035","1.0037","1.0053",2236,1926,1720,1608,3357,3119,2786,2724
"K70_K76_C22","2000_2005","2006_2010",5,"Homeownership_tertile_1_EQI_Water+SM+PA+OB","0.00","-0.44(-2.22,1.36)","0.78(-1.02,2.53)","0.70(-1.06,2.47)","1.74(-0.01,3.55)","0.6172","0.3910","0.4310","0.0535","1.0024","1.0024","1.0023","1.0032",1752,1611,1548,1567,2495,2933,2453,2224
"K70_K76_C22","2000_2005","2006_2010",5,"Homeownership_tertile_1_EQI_Land+SM+PA+OB","0.00","0.26(-1.02,1.56)","1.91(0.52,3.34)","-0.16(-1.70,1.36)","-0.91(-2.53,0.67)","0.6901","0.0085","0.8500","0.2677","1.0007","1.0029","1.0035","1.0031",2745,2452,2020,1942,3374,3114,2998,2687
"K70_K76_C22","2000_2005","2006_2010",5,"Homeownership_tertile_1_EQI_Built+SM+PA+OB","0.00","1.90(-0.04,3.76)","2.77(0.83,4.61)","2.10(0.25,3.85)","2.99(1.13,4.77)","0.0581","0.0060","0.0269","0.0027","1.0010","1.0023","1.0017","1.0024",2297,1683,1611,1602,3268,2782,2647,2511
"K70_K76_C22","2000_2005","2006_2010",5,"Homeownership_tertile_1_EQI_Social+SM+PA+OB","0.00","-1.84(-3.19,-0.49)","-1.92(-3.43,-0.47)","-2.17(-3.84,-0.48)","-1.93(-3.87,-0.02)","0.0110","0.0115","0.0127","0.0494","1.0002","1.0009","1.0008","1.0013",2323,1984,1781,1881,3088,3262,2755,3159
"K70_K76_C22","2000_2005","2011_2015",10,"Homeownership_tertile_1_EQI+SM+PA+OB","0.00","5.11(3.33,6.85)","5.94(4.23,7.62)","6.14(4.40,7.94)","6.41(4.47,8.35)","0.0002","0.0002","0.0002","0.0002","1.0029","1.0035","1.0048","1.0048",2405,2130,1692,1677,3214,2979,2639,2485
"K70_K76_C22","2000_2005","2011_2015",10,"Homeownership_tertile_1_EQI_Air+SM+PA+OB","0.00","3.43(1.50,5.28)","2.25(0.33,4.16)","2.61(0.77,4.45)","3.79(1.81,5.84)","0.0006","0.0235","0.0031","0.0002","1.0028","1.0041","1.0055","1.0058",1868,1496,1357,1264,3077,2485,2337,2310
"K70_K76_C22","2000_2005","2011_2015",10,"Homeownership_tertile_1_EQI_Water+SM+PA+OB","0.00","-0.29(-2.23,1.60)","0.89(-1.08,2.77)","1.40(-0.49,3.28)","2.84(0.93,4.72)","0.7709","0.3597","0.1506","0.0023","1.0025","1.0025","1.0023","1.0030",1621,1327,1346,1347,2624,2179,2271,2215
"K70_K76_C22","2000_2005","2011_2015",10,"Homeownership_tertile_1_EQI_Land+SM+PA+OB","0.00","1.65(0.29,3.04)","1.88(0.35,3.35)","1.08(-0.56,2.73)","0.29(-1.41,2.02)","0.0206","0.0160","0.1935","0.7380","1.0026","1.0019","1.0027","1.0027",2763,2087,1788,1740,3615,3021,2876,2584
"K70_K76_C22","2000_2005","2011_2015",10,"Homeownership_tertile_1_EQI_Built+SM+PA+OB","0.00","4.70(2.65,6.73)","6.26(4.25,8.26)","6.20(4.24,8.18)","7.18(5.20,9.17)","0.0002","0.0002","0.0002","0.0002","1.0032","1.0054","1.0060","1.0053",1928,1520,1367,1449,2648,2510,2198,2481
"K70_K76_C22","2000_2005","2011_2015",10,"Homeownership_tertile_1_EQI_Social+SM+PA+OB","0.00","-0.83(-2.28,0.60)","-1.54(-3.16,0.12)","-2.30(-4.14,-0.53)","-2.40(-4.51,-0.41)","0.2514","0.0569","0.0090","0.0202","1.0012","1.0034","1.0025","1.0024",1891,1572,1479,1437,2819,2149,2305,2593
"K70_K76_C22","2000_2005","2016_2020",15,"Homeownership_tertile_1_EQI+SM+PA+OB","0.00","5.63(3.84,7.45)","6.65(4.89,8.36)","5.77(3.94,7.61)","6.06(4.02,8.07)","0.0002","0.0002","0.0002","0.0002","1.0002","1.0002","1.0003","1.0008",2546,2435,1889,1947,3568,3025,3427,2650
"K70_K76_C22","2000_2005","2016_2020",15,"Homeownership_tertile_1_EQI_Air+SM+PA+OB","0.00","4.71(2.57,6.81)","3.00(0.96,5.02)","3.87(1.95,5.85)","3.92(1.87,5.95)","0.0002","0.0081","0.0006","0.0006","1.0021","1.0021","1.0026","1.0016",1686,1602,1582,1669,2634,2714,2718,2427
"K70_K76_C22","2000_2005","2016_2020",15,"Homeownership_tertile_1_EQI_Water+SM+PA+OB","0.00","-0.55(-2.72,1.45)","1.20(-0.86,3.18)","2.42(0.38,4.33)","2.72(0.78,4.66)","0.6263","0.2310","0.0227","0.0119","1.0087","1.0065","1.0070","1.0066",1108,1277,1264,1294,1943,2309,2238,2745
"K70_K76_C22","2000_2005","2016_2020",15,"Homeownership_tertile_1_EQI_Land+SM+PA+OB","0.00","1.75(0.24,3.18)","1.66(0.12,3.26)","0.58(-1.06,2.24)","0.14(-1.64,1.91)","0.0198","0.0319","0.4984","0.8738","1.0018","1.0009","1.0013","1.0015",3143,1957,2005,1957,3534,3229,3266,3071
"K70_K76_C22","2000_2005","2016_2020",15,"Homeownership_tertile_1_EQI_Built+SM+PA+OB","0.00","5.74(3.48,7.97)","6.68(4.60,8.75)","6.60(4.59,8.58)","7.35(5.35,9.34)","0.0002","0.0002","0.0002","0.0002","1.0024","1.0036","1.0045","1.0043",1331,1145,1035,955,2827,2226,2583,2104
"K70_K76_C22","2000_2005","2016_2020",15,"Homeownership_tertile_1_EQI_Social+SM+PA+OB","0.00","-0.59(-2.12,0.95)","-1.79(-3.46,-0.14)","-2.32(-4.24,-0.48)","-2.19(-4.30,-0.14)","0.4214","0.0310","0.0115","0.0377","1.0019","1.0035","1.0032","1.0011",2164,1903,1929,2110,2991,2770,2819,3252
"K70_K76_C22","2000_2005","2021_2024",20,"Homeownership_tertile_1_EQI+SM+PA+OB","0.00","6.56(3.75,9.16)","6.41(3.65,9.09)","5.84(3.05,8.55)","4.68(1.64,7.70)","0.0002","0.0002","0.0006","0.0048","1.0004","1.0008","1.0014","1.0012",3679,3060,2394,2335,3284,3361,2821,3084
"K70_K76_C22","2000_2005","2021_2024",20,"Homeownership_tertile_1_EQI_Air+SM+PA+OB","0.00","3.91(0.84,6.81)","2.11(-0.76,5.10)","2.02(-0.79,4.90)","0.81(-2.21,3.81)","0.0140","0.1577","0.1552","0.6055","1.0003","1.0003","1.0009","1.0014",3044,2350,2086,2019,3619,3258,2997,3084
"K70_K76_C22","2000_2005","2021_2024",20,"Homeownership_tertile_1_EQI_Water+SM+PA+OB","0.00","-1.82(-4.77,1.15)","2.19(-0.70,5.09)","4.53(1.60,7.42)","5.30(2.31,8.24)","0.2252","0.1439","0.0015","0.0023","1.0036","1.0026","1.0034","1.0025",2833,2488,2545,2690,3390,3501,3477,3443
"K70_K76_C22","2000_2005","2021_2024",20,"Homeownership_tertile_1_EQI_Land+SM+PA+OB","0.00","3.76(1.59,5.98)","2.87(0.43,5.26)","2.46(-0.09,5.05)","1.02(-1.73,3.84)","0.0006","0.0206","0.0577","0.4572","1.0007","1.0011","1.0024","1.0017",4339,3580,2934,2691,3571,3221,3380,3134
"K70_K76_C22","2000_2005","2021_2024",20,"Homeownership_tertile_1_EQI_Built+SM+PA+OB","0.00","5.93(2.72,9.14)","7.50(4.38,10.51)","8.23(5.26,11.18)","8.73(5.70,11.69)","0.0002","0.0002","0.0002","0.0002","1.0006","1.0010","1.0015","1.0009",2685,2096,1959,2002,3685,3550,3083,3228
"K70_K76_C22","2000_2005","2021_2024",20,"Homeownership_tertile_1_EQI_Social+SM+PA+OB","0.00","-1.64(-3.86,0.60)","-3.16(-5.65,-0.73)","-4.26(-7.06,-1.55)","-3.94(-7.09,-0.78)","0.1539","0.0090","0.0023","0.0173","1.0008","1.0001","1.0010","1.0019",4151,3331,2790,2797,3732,3690,3545,3374
"K70_K76_C22","2000_2005","2006_2010",5,"Homeownership_tertile_2_EQI+SM+PA+OB","0.00","2.99(1.60,4.41)","3.03(1.50,4.46)","3.31(1.73,4.89)","4.13(2.32,5.95)","0.0002","0.0002","0.0002","0.0002","1.0001","1.0032","1.0010","1.0013",2476,1922,1732,1693,3061,2551,2748,2559
"K70_K76_C22","2000_2005","2006_2010",5,"Homeownership_tertile_2_EQI_Air+SM+PA+OB","0.00","2.81(1.39,4.25)","3.63(2.19,5.13)","3.29(1.73,4.90)","3.77(2.00,5.54)","0.0002","0.0002","0.0002","0.0002","1.0034","1.0034","1.0036","1.0051",1859,1868,1562,1548,2815,2673,2585,2571
"K70_K76_C22","2000_2005","2006_2010",5,"Homeownership_tertile_2_EQI_Water+SM+PA+OB","0.00","-0.51(-2.35,1.28)","-0.11(-2.00,1.67)","0.75(-1.11,2.54)","-0.29(-2.26,1.64)","0.5876","0.9221","0.4139","0.7600","1.0023","1.0028","1.0030","1.0035",1946,1971,2033,1819,2996,2979,2864,2732
"K70_K76_C22","2000_2005","2006_2010",5,"Homeownership_tertile_2_EQI_Land+SM+PA+OB","0.00","0.09(-1.20,1.39)","0.41(-0.99,1.72)","-0.24(-1.72,1.28)","0.36(-1.24,1.98)","0.8975","0.5443","0.7584","0.6617","1.0007","1.0006","1.0004","1.0018",2566,2178,2255,2331,3279,3084,2944,3130
"K70_K76_C22","2000_2005","2006_2010",5,"Homeownership_tertile_2_EQI_Built+SM+PA+OB","0.00","2.56(1.27,3.83)","2.34(1.08,3.55)","3.50(2.18,4.83)","4.76(3.21,6.29)","0.0002","0.0015","0.0002","0.0002","1.0005","1.0001","1.0009","1.0009",2780,2448,2332,2455,3325,3271,2885,3168
"K70_K76_C22","2000_2005","2006_2010",5,"Homeownership_tertile_2_EQI_Social+SM+PA+OB","0.00","-1.91(-3.34,-0.47)","-2.24(-3.82,-0.62)","-2.93(-4.73,-1.13)","-2.95(-5.03,-0.76)","0.0090","0.0065","0.0006","0.0069","1.0017","1.0029","1.0024","1.0030",2309,1992,1842,1929,3174,3091,2612,2580
"K70_K76_C22","2000_2005","2011_2015",10,"Homeownership_tertile_2_EQI+SM+PA+OB","0.00","2.70(1.27,4.19)","2.82(1.28,4.36)","2.70(0.96,4.43)","4.26(2.25,6.23)","0.0002","0.0010","0.0023","0.0002","1.0010","1.0014","1.0029","1.0030",2024,1520,1323,1300,2887,2335,2375,2574
"K70_K76_C22","2000_2005","2011_2015",10,"Homeownership_tertile_2_EQI_Air+SM+PA+OB","0.00","2.55(0.82,4.25)","1.91(0.05,3.69)","2.80(0.93,4.77)","3.62(1.55,5.75)","0.0035","0.0452","0.0065","0.0006","1.0034","1.0044","1.0031","1.0042",1790,1343,1307,1265,2695,2321,2361,2242
"K70_K76_C22","2000_2005","2011_2015",10,"Homeownership_tertile_2_EQI_Water+SM+PA+OB","0.00","-0.89(-2.87,1.07)","0.49(-1.56,2.53)","1.08(-0.94,3.12)","0.88(-1.29,3.08)","0.3810","0.6467","0.2947","0.4393","1.0041","1.0019","1.0017","1.0019",1351,1374,1363,1458,2217,2048,2517,2557
"K70_K76_C22","2000_2005","2011_2015",10,"Homeownership_tertile_2_EQI_Land+SM+PA+OB","0.00","0.63(-0.77,2.00)","-0.01(-1.52,1.53)","0.93(-0.75,2.57)","0.81(-1.02,2.62)","0.3751","0.9917","0.2972","0.4047","1.0014","1.0012","1.0019","1.0035",2622,2256,1908,1982,3180,2997,2959,2948
"K70_K76_C22","2000_2005","2011_2015",10,"Homeownership_tertile_2_EQI_Built+SM+PA+OB","0.00","2.73(1.33,4.13)","2.78(1.40,4.13)","4.05(2.53,5.56)","4.17(2.50,5.80)","0.0002","0.0006","0.0002","0.0002","1.0020","1.0016","1.0026","1.0025",2205,1965,1909,1987,3294,2927,3018,3041
"K70_K76_C22","2000_2005","2011_2015",10,"Homeownership_tertile_2_EQI_Social+SM+PA+OB","0.00","-1.68(-3.15,-0.16)","-3.35(-5.08,-1.69)","-4.01(-5.84,-2.14)","-4.55(-6.84,-2.38)","0.0302","0.0006","0.0002","0.0002","1.0040","1.0047","1.0060","1.0060",2357,1941,1687,1686,3135,2914,2322,2541
"K70_K76_C22","2000_2005","2016_2020",15,"Homeownership_tertile_2_EQI+SM+PA+OB","0.00","3.00(1.44,4.60)","2.73(1.04,4.37)","2.37(0.51,4.22)","3.58(1.51,5.69)","0.0002","0.0006","0.0119","0.0002","1.0026","1.0037","1.0042","1.0047",2149,1585,1429,1461,2847,3048,2564,2533
"K70_K76_C22","2000_2005","2016_2020",15,"Homeownership_tertile_2_EQI_Air+SM+PA+OB","0.00","2.77(1.04,4.47)","1.92(0.20,3.67)","2.01(0.15,3.87)","2.93(0.87,4.92)","0.0006","0.0302","0.0348","0.0031","1.0023","1.0024","1.0039","1.0029",1840,1611,1446,1444,2843,2494,2408,2344
"K70_K76_C22","2000_2005","2016_2020",15,"Homeownership_tertile_2_EQI_Water+SM+PA+OB","0.00","1.23(-0.88,3.46)","2.89(0.72,5.08)","2.97(0.75,5.23)","2.18(-0.07,4.44)","0.2697","0.0090","0.0098","0.0577","1.0029","1.0046","1.0043","1.0050",1529,1277,1281,1251,2500,2292,2344,2223
"K70_K76_C22","2000_2005","2016_2020",15,"Homeownership_tertile_2_EQI_Land+SM+PA+OB","0.00","2.07(0.60,3.52)","0.62(-0.95,2.21)","1.97(0.19,3.81)","1.33(-0.50,3.23)","0.0056","0.4476","0.0281","0.1573","1.0008","1.0014","1.0023","1.0016",2600,2139,2032,2020,3526,2813,3012,2969
"K70_K76_C22","2000_2005","2016_2020",15,"Homeownership_tertile_2_EQI_Built+SM+PA+OB","0.00","1.32(-0.11,2.78)","2.01(0.51,3.46)","3.80(2.24,5.32)","4.34(2.58,6.10)","0.0702","0.0077","0.0002","0.0002","1.0030","1.0023","1.0027","1.0021",2507,2339,2254,2363,3070,3127,3090,3475
"K70_K76_C22","2000_2005","2016_2020",15,"Homeownership_tertile_2_EQI_Social+SM+PA+OB","0.00","-2.86(-4.38,-1.34)","-4.33(-5.97,-2.62)","-4.90(-6.74,-2.97)","-5.03(-7.29,-2.74)","0.0002","0.0002","0.0002","0.0002","1.0015","1.0015","1.0022","1.0012",2273,1751,1678,1684,2726,2489,2454,2535
"K70_K76_C22","2000_2005","2021_2024",20,"Homeownership_tertile_2_EQI+SM+PA+OB","0.00","2.11(-0.27,4.46)","2.49(-0.09,5.11)","1.05(-1.79,3.94)","2.82(-0.40,6.00)","0.0848","0.0606","0.4655","0.0814","1.0008","1.0020","1.0018","1.0024",2684,2195,1885,1781,3326,3469,2912,2897
"K70_K76_C22","2000_2005","2021_2024",20,"Homeownership_tertile_2_EQI_Air+SM+PA+OB","0.00","3.91(1.41,6.37)","2.71(0.04,5.36)","3.37(0.55,6.13)","4.08(1.00,7.16)","0.0023","0.0469","0.0135","0.0106","1.0012","1.0007","1.0010","1.0014",2169,1741,1594,1639,2909,2574,2214,2771
"K70_K76_C22","2000_2005","2021_2024",20,"Homeownership_tertile_2_EQI_Water+SM+PA+OB","0.00","1.00(-1.94,3.89)","0.40(-2.73,3.44)","2.55(-0.62,5.63)","1.01(-2.28,4.33)","0.5059","0.7850","0.1164","0.5438","1.0029","1.0041","1.0033","1.0058",1466,1334,1549,1405,3024,2806,2677,2738
"K70_K76_C22","2000_2005","2021_2024",20,"Homeownership_tertile_2_EQI_Land+SM+PA+OB","0.00","2.77(0.51,5.11)","1.32(-1.12,3.70)","0.04(-2.59,2.71)","1.67(-1.06,4.44)","0.0177","0.2976","0.9646","0.2447","1.0009","1.0020","1.0025","1.0015",3094,2183,1925,1871,3438,3029,2754,3081
"K70_K76_C22","2000_2005","2021_2024",20,"Homeownership_tertile_2_EQI_Built+SM+PA+OB","0.00","2.93(0.77,5.15)","3.51(1.23,5.76)","5.80(3.38,8.17)","5.64(2.80,8.28)","0.0115","0.0035","0.0002","0.0002","1.0008","0.9999","1.0008","1.0000",3010,2532,2405,2480,3754,3488,3370,3511
"K70_K76_C22","2000_2005","2021_2024",20,"Homeownership_tertile_2_EQI_Social+SM+PA+OB","0.00","-3.04(-5.40,-0.69)","-6.97(-9.55,-4.35)","-6.97(-9.84,-4.10)","-7.65(-11.11,-4.29)","0.0123","0.0002","0.0002","0.0002","1.0012","1.0019","1.0029","1.0031",2450,2025,1772,1641,3313,3354,2846,2746
"K70_K76_C22","2000_2005","2006_2010",5,"Homeownership_tertile_3_EQI+SM+PA+OB","0.00","2.72(1.58,3.87)","3.27(2.00,4.51)","3.51(2.18,4.86)","4.86(3.29,6.49)","0.0002","0.0002","0.0002","0.0002","1.0018","1.0022","1.0034","1.0042",2225,2010,1814,1701,3205,2623,2794,2595
"K70_K76_C22","2000_2005","2006_2010",5,"Homeownership_tertile_3_EQI_Air+SM+PA+OB","0.00","3.68(2.40,4.95)","3.22(1.89,4.53)","2.72(1.23,4.18)","3.03(1.36,4.65)","0.0002","0.0002","0.0015","0.0006","1.0015","1.0029","1.0031","1.0031",2480,1866,1884,1888,2591,2478,2590,2549
"K70_K76_C22","2000_2005","2006_2010",5,"Homeownership_tertile_3_EQI_Water+SM+PA+OB","0.00","-0.99(-2.30,0.41)","0.13(-1.31,1.57)","0.60(-0.91,2.08)","1.31(-0.24,2.86)","0.1610","0.8675","0.4343","0.0994","1.0033","1.0025","1.0044","1.0031",1866,1603,1675,1745,3391,2744,2934,2902
"K70_K76_C22","2000_2005","2006_2010",5,"Homeownership_tertile_3_EQI_Land+SM+PA+OB","0.00","-0.36(-1.51,0.83)","-1.15(-2.45,0.18)","-1.88(-3.28,-0.41)","-1.30(-2.77,0.25)","0.5434","0.0919","0.0140","0.1019","1.0015","1.0012","1.0023","1.0024",2615,2143,1858,1949,3091,2950,2577,2421
"K70_K76_C22","2000_2005","2006_2010",5,"Homeownership_tertile_3_EQI_Built+SM+PA+OB","0.00","2.04(1.11,2.96)","2.18(1.12,3.25)","2.36(1.24,3.45)","1.53(0.00,3.11)","0.0002","0.0002","0.0002","0.0489","1.0016","1.0007","1.0000","0.9998",3362,2802,2634,2818,3408,3027,3431,3127
"K70_K76_C22","2000_2005","2006_2010",5,"Homeownership_tertile_3_EQI_Social+SM+PA+OB","0.00","-2.11(-3.44,-0.78)","-1.89(-3.41,-0.38)","-1.00(-2.57,0.53)","-1.33(-3.18,0.51)","0.0019","0.0148","0.1993","0.1493","1.0016","1.0015","1.0021","1.0024",2380,1934,1581,1504,2862,2601,2109,2456
"K70_K76_C22","2000_2005","2011_2015",10,"Homeownership_tertile_3_EQI+SM+PA+OB","0.00","2.88(1.49,4.29)","3.20(1.78,4.68)","3.85(2.27,5.46)","5.17(3.34,7.05)","0.0002","0.0002","0.0002","0.0002","1.0010","1.0014","1.0020","1.0017",2497,2097,1899,1742,3607,3222,2986,2870
"K70_K76_C22","2000_2005","2011_2015",10,"Homeownership_tertile_3_EQI_Air+SM+PA+OB","0.00","2.97(1.51,4.41)","3.72(2.17,5.24)","3.82(2.13,5.57)","4.50(2.55,6.48)","0.0002","0.0002","0.0002","0.0002","1.0060","1.0047","1.0070","1.0072",1842,1396,1205,1273,2921,2429,2417,2709
"K70_K76_C22","2000_2005","2011_2015",10,"Homeownership_tertile_3_EQI_Water+SM+PA+OB","0.00","-0.06(-1.71,1.56)","0.15(-1.48,1.86)","1.82(0.10,3.60)","1.17(-0.68,3.07)","0.9563","0.8609","0.0398","0.2147","1.0017","1.0028","1.0045","1.0035",1672,1749,1845,1820,2810,2698,3003,2608
"K70_K76_C22","2000_2005","2011_2015",10,"Homeownership_tertile_3_EQI_Land+SM+PA+OB","0.00","-0.48(-1.89,0.84)","-0.41(-1.91,1.02)","-2.06(-3.74,-0.35)","-0.18(-2.06,1.65)","0.4947","0.5834","0.0160","0.8384","1.0025","1.0050","1.0047","1.0042",2664,1719,1712,1558,3373,3034,3037,2882
"K70_K76_C22","2000_2005","2011_2015",10,"Homeownership_tertile_3_EQI_Built+SM+PA+OB","0.00","1.60(0.47,2.74)","1.66(0.37,2.95)","2.19(0.78,3.55)","1.79(0.12,3.49)","0.0056","0.0148","0.0019","0.0335","1.0012","1.0010","1.0005","1.0033",2709,2490,2474,2425,3044,3213,2935,2890
"K70_K76_C22","2000_2005","2011_2015",10,"Homeownership_tertile_3_EQI_Social+SM+PA+OB","0.00","-0.95(-2.52,0.62)","-2.25(-3.97,-0.48)","-1.61(-3.44,0.27)","-2.42(-4.61,-0.11)","0.2272","0.0119","0.0944","0.0348","1.0018","1.0002","1.0012","1.0026",1923,1703,1546,1332,2789,2679,2456,2244
"K70_K76_C22","2000_2005","2016_2020",15,"Homeownership_tertile_3_EQI+SM+PA+OB","0.00","2.24(0.82,3.68)","1.83(0.31,3.33)","2.38(0.68,4.05)","3.30(1.28,5.42)","0.0019","0.0206","0.0073","0.0015","1.0012","1.0022","1.0031","1.0022",2613,2130,2066,1905,3249,2655,2768,2981
"K70_K76_C22","2000_2005","2016_2020",15,"Homeownership_tertile_3_EQI_Air+SM+PA+OB","0.00","1.58(0.02,3.15)","2.15(0.49,3.80)","2.33(0.47,4.24)","2.31(0.23,4.43)","0.0473","0.0073","0.0123","0.0302","1.0047","1.0046","1.0046","1.0029",1598,1367,1397,1742,2411,2610,2772,3030
"K70_K76_C22","2000_2005","2016_2020",15,"Homeownership_tertile_3_EQI_Water+SM+PA+OB","0.00","0.93(-0.81,2.68)","2.70(0.85,4.51)","3.68(1.77,5.49)","3.26(1.26,5.21)","0.2839","0.0060","0.0002","0.0006","1.0002","1.0006","1.0011","1.0027",2187,2213,1869,2368,2764,3058,2704,3285
"K70_K76_C22","2000_2005","2016_2020",15,"Homeownership_tertile_3_EQI_Land+SM+PA+OB","0.00","-0.82(-2.15,0.52)","-1.41(-2.88,0.05)","-2.24(-3.92,-0.56)","-1.65(-3.41,0.17)","0.2372","0.0594","0.0085","0.0760","1.0006","1.0013","1.0019","1.0006",3774,2641,2810,2782,3908,3320,3461,3443
"K70_K76_C22","2000_2005","2016_2020",15,"Homeownership_tertile_3_EQI_Built+SM+PA+OB","0.00","1.13(-0.03,2.30)","2.00(0.66,3.36)","2.30(0.89,3.72)","2.27(0.45,4.08)","0.0556","0.0044","0.0015","0.0160","1.0010","1.0007","1.0010","1.0006",2588,2687,2688,2830,3411,3278,3207,3241
"K70_K76_C22","2000_2005","2016_2020",15,"Homeownership_tertile_3_EQI_Social+SM+PA+OB","0.00","-2.29(-3.84,-0.65)","-2.70(-4.44,-0.95)","-2.93(-4.78,-1.10)","-3.41(-5.65,-1.20)","0.0073","0.0027","0.0027","0.0010","1.0018","1.0015","1.0013","1.0015",2164,2183,2123,1892,3751,2913,3343,2839
"K70_K76_C22","2000_2005","2021_2024",20,"Homeownership_tertile_3_EQI+SM+PA+OB","0.00","4.34(2.34,6.33)","4.32(2.23,6.30)","4.01(1.70,6.28)","3.67(0.86,6.41)","0.0002","0.0006","0.0010","0.0131","1.0002","1.0006","1.0009","1.0003",3068,2617,2199,2143,3411,3768,3230,3467
"K70_K76_C22","2000_2005","2021_2024",20,"Homeownership_tertile_3_EQI_Air+SM+PA+OB","0.00","5.12(2.91,7.27)","3.67(1.38,5.87)","3.01(0.46,5.54)","3.05(0.05,5.90)","0.0002","0.0010","0.0252","0.0456","1.0012","1.0032","1.0027","1.0023",1955,1234,1466,1589,3167,2016,2850,2646
"K70_K76_C22","2000_2005","2021_2024",20,"Homeownership_tertile_3_EQI_Water+SM+PA+OB","0.00","-0.98(-3.41,1.53)","0.86(-1.75,3.47)","1.78(-0.86,4.51)","1.91(-0.96,4.80)","0.4534","0.5238","0.1818","0.2014","1.0001","1.0013","1.0011","1.0009",1774,1580,1607,1694,3013,2778,2762,2945
"K70_K76_C22","2000_2005","2021_2024",20,"Homeownership_tertile_3_EQI_Land+SM+PA+OB","0.00","-0.13(-2.09,1.95)","0.54(-1.58,2.80)","-0.76(-3.26,1.76)","-0.15(-2.74,2.46)","0.8904","0.6401","0.5413","0.8979","1.0005","1.0009","1.0020","1.0014",2474,1820,1775,1688,3113,3457,3039,2589
"K70_K76_C22","2000_2005","2021_2024",20,"Homeownership_tertile_3_EQI_Built+SM+PA+OB","0.00","2.86(1.18,4.48)","3.53(1.57,5.44)","3.99(1.86,6.09)","4.71(2.05,7.37)","0.0015","0.0002","0.0006","0.0006","1.0024","1.0005","1.0012","1.0012",3540,3110,2975,3026,3326,3280,3309,3707
"K70_K76_C22","2000_2005","2021_2024",20,"Homeownership_tertile_3_EQI_Social+SM+PA+OB","0.00","-1.30(-3.66,0.97)","-2.09(-4.61,0.43)","-3.13(-5.76,-0.53)","-3.15(-6.23,-0.02)","0.2756","0.1023","0.0173","0.0485","1.0002","1.0011","1.0012","1.0020",2817,1741,1829,1416,3739,2827,2544,2506
