ICD_Code,EQI_Period,AAMR_Period,Lag,Model,Q1,Q2,Q3,Q4,Q5,Q2_p,Q3_p,Q4_p,Q5_p,Q2_rhat,Q3_rhat,Q4_rhat,Q5_rhat,Q2_ess_bulk,Q3_ess_bulk,Q4_ess_bulk,Q5_ess_bulk,Q2_ess_tail,Q3_ess_tail,Q4_ess_tail,Q5_ess_tail
J40_J47_J60_J70_J84_D86_C34,2000_2005,2006_2010,5,Census_Region_1_EQI+SM+PA+OB,0.00,"-4.05(-11.70,3.86)","-1.74(-7.81,4.21)","-2.27(-7.89,3.39)","-2.28(-8.13,3.49)",0.3060,0.5672,0.4397,0.4414,1.0016,1.0009,1.0020,1.0005,4605,2969,2551,2431,3996,3450,3157,2934
"J40_J47_J60_J70_J84_D86_C34","2000_2005","2006_2010",5,"Census_Region_1_EQI_Air+SM+PA+OB","0.00","0.61(-6.26,7.45)","-2.02(-7.81,3.92)","1.57(-4.11,7.31)","-6.67(-12.31,-1.09)","0.8659","0.4851","0.5759","0.0190","1.0017","1.0006","1.0025","1.0008",4365,3099,3001,2917,3594,3729,3360,3545
"J40_J47_J60_J70_J84_D86_C34","2000_2005","2006_2010",5,"Census_Region_1_EQI_Water+SM+PA+OB","0.00","0.03(-5.83,5.65)","3.86(-1.22,8.92)","9.80(4.18,14.65)","8.21(3.34,12.96)","0.9842","0.1339","0.0006","0.0006","1.0013","1.0014","1.0023","1.0006",3835,4092,2019,3584,3509,3358,2826,3024
"J40_J47_J60_J70_J84_D86_C34","2000_2005","2006_2010",5,"Census_Region_1_EQI_Land+SM+PA+OB","0.00","-3.64(-9.41,2.41)","0.12(-5.01,5.30)","1.24(-3.86,6.43)","-0.60(-6.01,4.79)","0.2247","0.9621","0.6592","0.8413","1.0018","1.0014","1.0019","1.0016",3320,2568,2518,2827,3273,3193,2952,3074
"J40_J47_J60_J70_J84_D86_C34","2000_2005","2006_2010",5,"Census_Region_1_EQI_Built+SM+PA+OB","0.00","-3.89(-10.72,2.74)","-5.69(-11.29,0.02)","-0.04(-5.46,5.25)","-1.69(-7.20,3.65)","0.2618","0.0510","0.9858","0.5422","1.0028","1.0016","1.0014","1.0007",4953,3431,2958,2840,4028,3252,3306,3606
"J40_J47_J60_J70_J84_D86_C34","2000_2005","2006_2010",5,"Census_Region_1_EQI_Social+SM+PA+OB","0.00","4.92(-1.14,10.87)","-0.28(-5.64,5.04)","-1.38(-6.42,3.77)","0.17(-5.49,5.71)","0.1056","0.9321","0.5926","0.9454","1.0005","1.0004","1.0005","1.0020",3851,3214,2727,2611,3725,3625,3357,3121
"J40_J47_J60_J70_J84_D86_C34","2000_2005","2011_2015",10,"Census_Region_1_EQI+SM+PA+OB","0.00","-4.44(-11.73,2.65)","0.93(-4.70,6.95)","-1.87(-7.53,3.81)","-1.96(-7.48,3.78)","0.2389","0.7571","0.4989","0.4955","1.0005","1.0017","1.0022","1.0015",4295,2774,2446,2367,3473,3452,3351,2988
"J40_J47_J60_J70_J84_D86_C34","2000_2005","2011_2015",10,"Census_Region_1_EQI_Air+SM+PA+OB","0.00","2.26(-4.48,8.82)","-1.36(-7.09,4.54)","1.23(-4.30,6.76)","-8.22(-13.84,-2.82)","0.4997","0.6455","0.6663","0.0027","1.0016","1.0017","1.0013","1.0010",3859,2734,2629,2641,3440,3285,3150,3137
"J40_J47_J60_J70_J84_D86_C34","2000_2005","2011_2015",10,"Census_Region_1_EQI_Water+SM+PA+OB","0.00","-1.00(-6.09,4.05)","4.33(-0.62,9.35)","9.47(4.66,14.27)","8.14(3.65,12.55)","0.7042","0.0827","0.0002","0.0010","1.0002","1.0023","1.0013","1.0012",4334,4074,2158,3636,3535,3761,2780,3732
"J40_J47_J60_J70_J84_D86_C34","2000_2005","2011_2015",10,"Census_Region_1_EQI_Land+SM+PA+OB","0.00","-3.24(-8.96,2.42)","0.89(-4.18,5.86)","2.11(-2.76,7.02)","1.41(-3.78,6.41)","0.2506","0.7176","0.4114","0.5980","0.9995","1.0003","1.0001","1.0008",3436,2543,2443,2721,3590,2917,2792,3109
"J40_J47_J60_J70_J84_D86_C34","2000_2005","2011_2015",10,"Census_Region_1_EQI_Built+SM+PA+OB","0.00","-4.18(-10.52,2.34)","-4.46(-9.75,0.85)","1.61(-3.47,6.95)","-0.83(-6.04,4.35)","0.2043","0.1002","0.5518","0.7592","1.0020","1.0012","1.0014","1.0014",3629,2890,2744,2535,3600,2985,3327,2969
"J40_J47_J60_J70_J84_D86_C34","2000_2005","2011_2015",10,"Census_Region_1_EQI_Social+SM+PA+OB","0.00","4.34(-1.33,10.03)","0.15(-4.80,5.35)","0.62(-4.40,5.67)","2.07(-3.16,7.45)","0.1306","0.9575","0.8021","0.4501","1.0012","1.0020","1.0014","1.0016",3562,3089,2733,2555,3680,3419,3264,2897
"J40_J47_J60_J70_J84_D86_C34","2000_2005","2016_2020",15,"Census_Region_1_EQI+SM+PA+OB","0.00","-6.29(-13.71,0.86)","-0.40(-6.19,5.48)","-1.30(-6.64,4.05)","-1.21(-7.01,4.38)","0.0852","0.9004","0.6388","0.6747","1.0008","1.0005","1.0007","1.0017",4033,2791,2480,2454,2878,3289,3159,3224
"J40_J47_J60_J70_J84_D86_C34","2000_2005","2016_2020",15,"Census_Region_1_EQI_Air+SM+PA+OB","0.00","-1.33(-7.88,4.97)","0.21(-5.69,5.77)","0.74(-4.94,6.40)","-6.25(-11.73,-0.78)","0.6951","0.9546","0.7975","0.0269","1.0015","1.0010","1.0007","1.0004",3918,3022,2700,2820,3848,3503,3094,3217
"J40_J47_J60_J70_J84_D86_C34","2000_2005","2016_2020",15,"Census_Region_1_EQI_Water+SM+PA+OB","0.00","-0.66(-5.51,4.09)","2.90(-1.52,7.65)","11.98(7.70,16.08)","9.97(5.78,14.06)","0.7917","0.2114","0.0002","0.0002","1.0014","1.0008","1.0003","1.0002",4519,4121,2677,3762,3367,3363,2829,3237
"J40_J47_J60_J70_J84_D86_C34","2000_2005","2016_2020",15,"Census_Region_1_EQI_Land+SM+PA+OB","0.00","-1.96(-7.45,3.64)","0.43(-4.64,5.45)","2.71(-2.33,7.64)","0.12(-5.07,5.56)","0.4751","0.8704","0.2876","0.9646","1.0007","1.0002","1.0002","1.0000",3053,2619,2585,2735,3509,3179,3298,3497
"J40_J47_J60_J70_J84_D86_C34","2000_2005","2016_2020",15,"Census_Region_1_EQI_Built+SM+PA+OB","0.00","-2.47(-8.69,3.96)","-2.74(-7.98,2.40)","1.41(-3.88,6.52)","-0.46(-5.62,4.76)","0.4509","0.2914","0.5847","0.8613","1.0007","1.0016","1.0007","1.0014",3720,2905,2492,2464,3603,3695,3185,3098
"J40_J47_J60_J70_J84_D86_C34","2000_2005","2016_2020",15,"Census_Region_1_EQI_Social+SM+PA+OB","0.00","4.71(-0.88,10.33)","1.17(-3.94,6.10)","1.65(-3.21,6.59)","1.71(-3.62,6.87)","0.0902","0.6559","0.5197","0.5197","1.0006","1.0011","1.0013","1.0011",3559,2954,2678,2677,3261,3444,3360,3016
"J40_J47_J60_J70_J84_D86_C34","2000_2005","2021_2024",20,"Census_Region_1_EQI+SM+PA+OB","0.00","-3.23(-10.49,4.37)","2.60(-3.61,8.67)","-0.33(-5.97,5.44)","-5.28(-11.12,0.67)","0.3935","0.4160","0.9067","0.0760","1.0001","1.0012","1.0024","1.0024",3963,2867,2497,2426,3251,3301,2941,2746
"J40_J47_J60_J70_J84_D86_C34","2000_2005","2021_2024",20,"Census_Region_1_EQI_Air+SM+PA+OB","0.00","2.23(-4.67,9.13)","0.37(-5.71,6.37)","0.23(-5.72,6.11)","-8.38(-14.28,-2.67)","0.5151","0.8863","0.9342","0.0052","1.0016","1.0002","1.0005","1.0014",4377,3502,3239,3120,3666,3481,3810,3592
"J40_J47_J60_J70_J84_D86_C34","2000_2005","2021_2024",20,"Census_Region_1_EQI_Water+SM+PA+OB","0.00","-1.70(-7.24,3.89)","4.75(-1.22,10.70)","6.24(0.93,11.32)","6.09(0.49,11.58)","0.5530","0.1289","0.0202","0.0335","1.0010","1.0026","1.0009","1.0006",5061,4405,3923,4055,3912,3887,3436,3552
"J40_J47_J60_J70_J84_D86_C34","2000_2005","2021_2024",20,"Census_Region_1_EQI_Land+SM+PA+OB","0.00","-0.99(-7.06,4.91)","0.62(-4.53,5.91)","1.04(-4.15,6.44)","-0.07(-5.42,5.51)","0.7501","0.8138","0.7117","0.9846","1.0010","1.0000","1.0012","1.0006",3833,3043,3062,3141,3734,3579,3335,3143
"J40_J47_J60_J70_J84_D86_C34","2000_2005","2021_2024",20,"Census_Region_1_EQI_Built+SM+PA+OB","0.00","-2.20(-9.13,4.38)","-4.40(-9.99,1.18)","1.28(-4.41,6.71)","-1.50(-7.10,4.14)","0.5355","0.1110","0.6367","0.6042","1.0007","1.0007","1.0017","1.0020",4616,3514,3257,3108,3635,3165,3659,2995
"J40_J47_J60_J70_J84_D86_C34","2000_2005","2021_2024",20,"Census_Region_1_EQI_Social+SM+PA+OB","0.00","5.23(-1.00,11.26)","4.15(-1.14,9.52)","1.31(-3.74,6.45)","0.07(-5.36,5.52)","0.0939","0.1318","0.6217","0.9917","1.0010","1.0005","1.0004","1.0001",4642,3878,3246,3140,3874,3574,3699,3392
"J40_J47_J60_J70_J84_D86_C34","2000_2005","2006_2010",5,"Census_Region_2_EQI+SM+PA+OB","0.00","11.62(6.83,16.08)","9.44(5.19,13.59)","10.98(6.91,15.14)","13.87(9.30,18.35)","0.0002","0.0002","0.0002","0.0002","1.0013","1.0010","1.0007","1.0012",2926,2593,2371,2211,3196,3101,3242,3092
"J40_J47_J60_J70_J84_D86_C34","2000_2005","2006_2010",5,"Census_Region_2_EQI_Air+SM+PA+OB","0.00","3.15(-0.63,6.93)","6.46(2.43,10.21)","10.63(6.34,14.84)","12.68(8.11,17.25)","0.1010","0.0019","0.0002","0.0002","1.0004","1.0006","1.0011","1.0006",3679,3497,2973,2874,3267,3482,3477,3262
"J40_J47_J60_J70_J84_D86_C34","2000_2005","2006_2010",5,"Census_Region_2_EQI_Water+SM+PA+OB","0.00","-2.74(-7.01,1.60)","1.94(-2.36,6.28)","1.12(-3.06,5.23)","3.55(-1.21,8.29)","0.2122","0.3897","0.5955","0.1443","1.0022","1.0019","1.0015","1.0028",3190,3119,2919,2977,3474,3753,3269,3636
"J40_J47_J60_J70_J84_D86_C34","2000_2005","2006_2010",5,"Census_Region_2_EQI_Land+SM+PA+OB","0.00","5.03(0.26,9.98)","5.79(1.42,10.24)","4.36(-0.12,8.81)","3.82(-0.72,8.44)","0.0423","0.0110","0.0569","0.1035","0.9996","1.0011","1.0012","1.0000",3694,3102,2740,2869,3565,3329,3183,3092
"J40_J47_J60_J70_J84_D86_C34","2000_2005","2006_2010",5,"Census_Region_2_EQI_Built+SM+PA+OB","0.00","4.59(0.71,8.41)","2.58(-1.20,6.31)","2.98(-0.90,6.68)","5.43(1.32,9.48)","0.0248","0.1852","0.1327","0.0110","1.0014","1.0014","1.0013","1.0011",3423,3036,3022,2957,3643,3263,3363,3436
"J40_J47_J60_J70_J84_D86_C34","2000_2005","2006_2010",5,"Census_Region_2_EQI_Social+SM+PA+OB","0.00","-5.13(-10.12,-0.28)","-4.58(-9.11,-0.13)","-3.35(-7.93,1.13)","-2.47(-7.45,2.47)","0.0402","0.0460","0.1377","0.3247","1.0004","1.0009","1.0012","1.0014",3064,2325,2026,2077,2955,3098,2619,2898
"J40_J47_J60_J70_J84_D86_C34","2000_2005","2011_2015",10,"Census_Region_2_EQI+SM+PA+OB","0.00","13.07(8.71,17.47)","13.54(9.46,17.61)","13.72(9.66,17.88)","13.53(9.04,17.93)","0.0002","0.0002","0.0002","0.0002","0.9999","1.0008","1.0010","1.0010",2958,2435,2096,2184,3601,3273,3023,3115
"J40_J47_J60_J70_J84_D86_C34","2000_2005","2011_2015",10,"Census_Region_2_EQI_Air+SM+PA+OB","0.00","4.60(0.93,8.19)","6.49(2.58,10.34)","10.07(5.98,14.07)","7.80(3.33,12.25)","0.0148","0.0019","0.0002","0.0019","1.0003","1.0005","1.0020","1.0023",3325,3136,2679,2817,3518,3593,3133,3186
"J40_J47_J60_J70_J84_D86_C34","2000_2005","2011_2015",10,"Census_Region_2_EQI_Water+SM+PA+OB","0.00","-3.63(-7.85,0.83)","-0.26(-4.57,4.14)","0.37(-3.88,4.65)","0.84(-3.86,5.66)","0.1031","0.9038","0.8650","0.7276","0.9999","1.0009","1.0003","1.0002",3000,2832,3077,2969,3102,3208,3449,3406
"J40_J47_J60_J70_J84_D86_C34","2000_2005","2011_2015",10,"Census_Region_2_EQI_Land+SM+PA+OB","0.00","0.64(-4.27,5.33)","2.07(-2.42,6.52)","3.97(-0.68,8.51)","3.73(-0.83,8.40)","0.7717","0.3689","0.0860","0.1152","1.0005","1.0010","1.0014","1.0022",3376,2884,2735,2608,3221,3260,3222,3158
"J40_J47_J60_J70_J84_D86_C34","2000_2005","2011_2015",10,"Census_Region_2_EQI_Built+SM+PA+OB","0.00","7.78(3.84,11.60)","6.99(3.22,10.60)","7.22(3.45,11.04)","9.13(5.03,13.22)","0.0002","0.0002","0.0002","0.0002","1.0003","1.0014","1.0018","1.0017",3446,2689,2670,2796,3090,3270,2912,3508
"J40_J47_J60_J70_J84_D86_C34","2000_2005","2011_2015",10,"Census_Region_2_EQI_Social+SM+PA+OB","0.00","-1.69(-6.62,3.18)","-2.40(-6.93,2.03)","-1.31(-5.74,3.06)","-2.67(-7.51,2.27)","0.5022","0.2822","0.5776","0.2847","1.0016","1.0023","1.0018","1.0025",3365,2492,2039,2193,2984,3223,2441,2615
"J40_J47_J60_J70_J84_D86_C34","2000_2005","2016_2020",15,"Census_Region_2_EQI+SM+PA+OB","0.00","10.39(6.15,14.53)","11.52(7.54,15.43)","11.74(7.98,15.70)","12.24(8.09,16.36)","0.0002","0.0002","0.0002","0.0002","0.9998","1.0010","1.0006","1.0010",2894,2366,2193,2088,3409,3138,2538,2795
"J40_J47_J60_J70_J84_D86_C34","2000_2005","2016_2020",15,"Census_Region_2_EQI_Air+SM+PA+OB","0.00","3.82(0.49,7.11)","8.19(4.72,11.64)","10.49(6.71,14.31)","6.98(2.99,11.07)","0.0248","0.0002","0.0002","0.0002","1.0003","1.0006","1.0007","1.0005",3504,3140,2785,2632,3787,3477,3090,3320
"J40_J47_J60_J70_J84_D86_C34","2000_2005","2016_2020",15,"Census_Region_2_EQI_Water+SM+PA+OB","0.00","-2.03(-5.94,1.98)","0.16(-3.91,4.38)","0.39(-3.59,4.51)","0.63(-3.83,5.36)","0.3281","0.9329","0.8479","0.7946","1.0013","1.0004","1.0008","1.0008",2604,2520,2806,2683,3700,2852,3146,3449
"J40_J47_J60_J70_J84_D86_C34","2000_2005","2016_2020",15,"Census_Region_2_EQI_Land+SM+PA+OB","0.00","2.66(-1.61,7.19)","2.98(-1.17,7.26)","4.66(0.43,8.98)","5.44(1.13,9.84)","0.2339","0.1531","0.0331","0.0152","1.0017","1.0028","1.0020","1.0030",3159,2785,2694,2711,3188,3410,3022,2999
"J40_J47_J60_J70_J84_D86_C34","2000_2005","2016_2020",15,"Census_Region_2_EQI_Built+SM+PA+OB","0.00","5.53(2.17,8.98)","8.16(4.82,11.59)","6.66(3.26,10.03)","6.73(3.05,10.44)","0.0006","0.0002","0.0006","0.0015","1.0008","1.0009","1.0013","1.0009",3133,3005,2820,2856,3197,3522,3596,3558
"J40_J47_J60_J70_J84_D86_C34","2000_2005","2016_2020",15,"Census_Region_2_EQI_Social+SM+PA+OB","0.00","-1.15(-5.53,3.25)","-2.21(-6.34,1.75)","-2.86(-6.87,1.18)","-4.84(-9.25,-0.36)","0.6159","0.2947","0.1714","0.0356","1.0009","1.0005","1.0006","1.0004",2975,2502,2290,2279,3715,3703,3002,3107
"J40_J47_J60_J70_J84_D86_C34","2000_2005","2021_2024",20,"Census_Region_2_EQI+SM+PA+OB","0.00","14.07(9.18,19.17)","13.81(9.31,18.46)","11.54(7.11,16.15)","8.10(3.14,12.92)","0.0002","0.0002","0.0002","0.0015","1.0005","1.0012","1.0015","1.0022",3033,2524,2226,1941,3549,3053,2947,2669
"J40_J47_J60_J70_J84_D86_C34","2000_2005","2021_2024",20,"Census_Region_2_EQI_Air+SM+PA+OB","0.00","6.17(2.02,10.14)","8.59(4.35,12.89)","9.72(5.32,14.10)","3.93(-1.11,8.89)","0.0044","0.0002","0.0002","0.1185","1.0009","1.0016","1.0015","1.0010",3982,3788,3269,3167,3816,3783,3546,3724
"J40_J47_J60_J70_J84_D86_C34","2000_2005","2021_2024",20,"Census_Region_2_EQI_Water+SM+PA+OB","0.00","-1.26(-6.07,3.43)","-0.72(-5.44,3.94)","1.95(-2.68,6.70)","-1.84(-7.13,3.50)","0.6022","0.7596","0.4126","0.5026","1.0007","1.0008","1.0007","1.0003",3170,2838,2869,3175,3631,3487,3498,3583
"J40_J47_J60_J70_J84_D86_C34","2000_2005","2021_2024",20,"Census_Region_2_EQI_Land+SM+PA+OB","0.00","1.97(-3.14,7.20)","1.97(-2.74,6.87)","3.61(-1.34,8.62)","3.90(-1.16,8.99)","0.4605","0.4214","0.1381","0.1218","1.0004","1.0017","1.0018","1.0015",3790,2888,2564,2479,3614,3267,3013,3263
"J40_J47_J60_J70_J84_D86_C34","2000_2005","2021_2024",20,"Census_Region_2_EQI_Built+SM+PA+OB","0.00","6.49(2.19,10.72)","7.42(3.52,11.32)","4.12(0.06,8.23)","6.04(1.63,10.46)","0.0060","0.0006","0.0469","0.0094","1.0020","1.0009","1.0013","1.0008",3967,2735,3414,3077,3589,3530,3571,3204
"J40_J47_J60_J70_J84_D86_C34","2000_2005","2021_2024",20,"Census_Region_2_EQI_Social+SM+PA+OB","0.00","-0.21(-5.53,5.04)","-2.36(-7.13,2.26)","-0.70(-5.48,4.13)","-4.65(-9.79,0.46)","0.9588","0.3310","0.7813","0.0802","1.0011","1.0003","1.0007","1.0015",3856,3075,2763,2638,3708,3323,3539,3458
"J40_J47_J60_J70_J84_D86_C34","2000_2005","2006_2010",5,"Census_Region_3_EQI+SM+PA+OB","0.00","2.51(-0.36,5.43)","3.78(0.63,6.80)","5.14(1.52,8.73)","6.45(1.92,10.94)","0.0885","0.0202","0.0065","0.0048","1.0000","1.0019","1.0022","1.0019",3446,2850,2538,2430,3471,3190,3096,2849
"J40_J47_J60_J70_J84_D86_C34","2000_2005","2006_2010",5,"Census_Region_3_EQI_Air+SM+PA+OB","0.00","1.66(-2.23,5.48)","5.07(1.19,8.90)","5.36(1.46,9.30)","8.30(4.06,12.45)","0.3968","0.0135","0.0085","0.0002","0.9997","0.9998","1.0006","1.0011",3510,3268,2955,2937,3890,3534,3637,3423
"J40_J47_J60_J70_J84_D86_C34","2000_2005","2006_2010",5,"Census_Region_3_EQI_Water+SM+PA+OB","0.00","3.26(-0.56,6.91)","1.66(-2.10,5.41)","4.74(0.71,8.71)","2.88(-1.25,7.14)","0.0894","0.3789","0.0240","0.1756","1.0010","1.0012","0.9998","1.0018",2976,3137,3090,3899,3493,3136,3423,3351
"J40_J47_J60_J70_J84_D86_C34","2000_2005","2006_2010",5,"Census_Region_3_EQI_Land+SM+PA+OB","0.00","-3.27(-5.76,-0.78)","-4.44(-7.48,-1.47)","-5.59(-9.62,-1.48)","-3.00(-8.22,2.58)","0.0119","0.0027","0.0077","0.2727","1.0000","1.0007","1.0011","1.0000",5337,5705,5879,5742,3646,3875,3896,3325
"J40_J47_J60_J70_J84_D86_C34","2000_2005","2006_2010",5,"Census_Region_3_EQI_Built+SM+PA+OB","0.00","1.71(-1.22,4.63)","3.73(0.60,6.85)","4.48(1.24,7.79)","3.88(0.08,7.62)","0.2531","0.0231","0.0110","0.0452","1.0003","1.0013","1.0013","1.0008",4494,3753,3655,3359,3923,3428,3520,3433
"J40_J47_J60_J70_J84_D86_C34","2000_2005","2006_2010",5,"Census_Region_3_EQI_Social+SM+PA+OB","0.00","2.33(-0.46,5.11)","-0.54(-4.02,2.86)","1.68(-2.31,5.82)","4.68(-0.05,9.52)","0.1106","0.7667","0.4030","0.0531","1.0010","1.0003","1.0008","1.0003",3711,3196,3120,3150,3211,3402,3517,3499
"J40_J47_J60_J70_J84_D86_C34","2000_2005","2011_2015",10,"Census_Region_3_EQI+SM+PA+OB","0.00","2.92(0.13,5.69)","2.88(-0.28,5.96)","3.76(0.21,7.27)","3.05(-1.43,7.51)","0.0381","0.0694","0.0377","0.1827","1.0029","1.0025","1.0031","1.0029",2367,2117,1975,1936,3248,2754,2591,2713
"J40_J47_J60_J70_J84_D86_C34","2000_2005","2011_2015",10,"Census_Region_3_EQI_Air+SM+PA+OB","0.00","1.19(-2.67,4.89)","4.12(0.33,7.86)","4.52(0.73,8.44)","5.75(1.60,9.89)","0.5384","0.0356","0.0202","0.0098","1.0031","1.0046","1.0022","1.0026",3415,3304,2979,3134,3646,3690,3366,3645
"J40_J47_J60_J70_J84_D86_C34","2000_2005","2011_2015",10,"Census_Region_3_EQI_Water+SM+PA+OB","0.00","4.30(0.68,7.93)","-0.16(-3.95,3.71)","4.16(0.13,8.19)","3.40(-0.75,7.52)","0.0215","0.9175","0.0439","0.1014","1.0011","1.0018","1.0014","1.0006",2835,2709,2817,2964,3758,3346,3203,3313
"J40_J47_J60_J70_J84_D86_C34","2000_2005","2011_2015",10,"Census_Region_3_EQI_Land+SM+PA+OB","0.00","-1.25(-3.72,1.22)","-3.51(-6.43,-0.59)","-5.87(-9.78,-1.89)","-2.22(-7.28,2.78)","0.3281","0.0148","0.0040","0.4089","1.0013","1.0001","0.9999","1.0008",5142,5603,5768,6234,3722,3716,3388,3540
"J40_J47_J60_J70_J84_D86_C34","2000_2005","2011_2015",10,"Census_Region_3_EQI_Built+SM+PA+OB","0.00","2.14(-0.63,4.94)","4.38(1.41,7.42)","3.39(0.16,6.66)","2.90(-0.71,6.73)","0.1443","0.0023","0.0377","0.1235","1.0020","1.0011","1.0020","1.0018",4562,3966,3650,3746,3564,3871,3744,3173
"J40_J47_J60_J70_J84_D86_C34","2000_2005","2011_2015",10,"Census_Region_3_EQI_Social+SM+PA+OB","0.00","1.52(-1.26,4.27)","-1.10(-4.32,2.27)","-1.60(-5.42,2.18)","0.85(-3.70,5.41)","0.2801","0.5080","0.4105","0.7201","1.0008","1.0033","1.0007","1.0006",4115,3754,3650,3287,3816,3992,3577,3785
"J40_J47_J60_J70_J84_D86_C34","2000_2005","2016_2020",15,"Census_Region_3_EQI+SM+PA+OB","0.00","3.33(0.46,6.11)","3.17(0.21,6.15)","4.29(0.91,7.62)","2.83(-1.49,7.06)","0.0240","0.0377","0.0115","0.1998","1.0020","1.0013","1.0017","1.0034",3073,2735,2559,2452,3348,3223,3557,3378
"J40_J47_J60_J70_J84_D86_C34","2000_2005","2016_2020",15,"Census_Region_3_EQI_Air+SM+PA+OB","0.00","1.66(-2.07,5.39)","3.41(-0.40,7.12)","5.99(2.27,9.80)","5.79(1.57,9.93)","0.3972","0.0781","0.0023","0.0073","1.0024","1.0009","1.0014","1.0004",2941,2673,2530,2573,3811,3125,3371,3307
"J40_J47_J60_J70_J84_D86_C34","2000_2005","2016_2020",15,"Census_Region_3_EQI_Water+SM+PA+OB","0.00","2.86(-0.74,6.53)","-0.49(-4.21,3.25)","3.27(-0.73,7.24)","2.77(-1.28,6.83)","0.1252","0.7975","0.1098","0.1927","1.0008","1.0018","1.0014","1.0013",3235,2780,3203,3009,3651,3311,3054,3367
"J40_J47_J60_J70_J84_D86_C34","2000_2005","2016_2020",15,"Census_Region_3_EQI_Land+SM+PA+OB","0.00","-2.27(-4.68,0.15)","-4.66(-7.46,-1.86)","-6.35(-10.30,-2.32)","-3.71(-8.72,1.24)","0.0644","0.0006","0.0015","0.1468","1.0018","1.0005","1.0024","1.0007",5435,5016,6197,5838,3493,3434,3723,4073
"J40_J47_J60_J70_J84_D86_C34","2000_2005","2016_2020",15,"Census_Region_3_EQI_Built+SM+PA+OB","0.00","2.98(0.28,5.74)","5.39(2.47,8.20)","4.55(1.42,7.75)","3.94(0.45,7.53)","0.0319","0.0002","0.0035","0.0260","1.0009","1.0010","1.0002","1.0003",4448,3563,3745,3235,3745,3811,3462,4008
"J40_J47_J60_J70_J84_D86_C34","2000_2005","2016_2020",15,"Census_Region_3_EQI_Social+SM+PA+OB","0.00","1.52(-1.14,4.15)","-1.34(-4.73,1.88)","-2.75(-6.54,1.09)","-0.38(-4.92,4.16)","0.2668","0.4201","0.1514","0.8846","1.0019","1.0006","1.0002","1.0003",3939,3407,3398,2956,3668,3340,3637,3507
"J40_J47_J60_J70_J84_D86_C34","2000_2005","2021_2024",20,"Census_Region_3_EQI+SM+PA+OB","0.00","2.42(-0.74,5.67)","-2.03(-5.53,1.45)","-2.33(-6.19,1.62)","-3.32(-8.22,1.58)","0.1485","0.2497","0.2385","0.1843","1.0007","1.0021","1.0013","1.0009",3317,2942,2542,2445,3050,3344,2916,2992
"J40_J47_J60_J70_J84_D86_C34","2000_2005","2021_2024",20,"Census_Region_3_EQI_Air+SM+PA+OB","0.00","-2.09(-6.29,2.02)","0.19(-4.00,4.27)","0.76(-3.40,4.91)","-1.02(-5.47,3.50)","0.3347","0.9271","0.7301","0.6567","1.0005","1.0014","1.0015","1.0020",3043,2752,2732,2775,3486,3321,3392,3436
"J40_J47_J60_J70_J84_D86_C34","2000_2005","2021_2024",20,"Census_Region_3_EQI_Water+SM+PA+OB","0.00","2.24(-1.77,6.22)","-0.35(-4.46,3.89)","3.08(-1.39,7.42)","1.31(-3.40,5.93)","0.2864","0.8575","0.1756","0.5801","1.0007","1.0004","1.0007","1.0009",3402,3341,3355,3277,3767,3607,3566,3321
"J40_J47_J60_J70_J84_D86_C34","2000_2005","2021_2024",20,"Census_Region_3_EQI_Land+SM+PA+OB","0.00","-3.32(-6.11,-0.60)","-4.79(-8.02,-1.50)","-7.78(-12.24,-3.46)","-4.73(-10.42,0.91)","0.0202","0.0031","0.0006","0.1039","1.0005","1.0026","1.0005","1.0018",4927,4946,4183,4967,3570,3448,3198,3640
"J40_J47_J60_J70_J84_D86_C34","2000_2005","2021_2024",20,"Census_Region_3_EQI_Built+SM+PA+OB","0.00","4.26(1.23,7.34)","5.22(1.83,8.61)","4.74(1.17,8.36)","5.29(1.32,9.28)","0.0044","0.0031","0.0106","0.0102","1.0013","1.0014","1.0016","1.0011",4121,3606,3731,3559,3517,3611,4072,3546
"J40_J47_J60_J70_J84_D86_C34","2000_2005","2021_2024",20,"Census_Region_3_EQI_Social+SM+PA+OB","0.00","-0.07(-3.01,3.11)","-4.87(-8.45,-1.03)","-9.54(-13.69,-5.42)","-7.38(-12.36,-2.48)","0.9513","0.0131","0.0002","0.0035","1.0005","1.0011","1.0012","1.0012",3706,3295,3314,2860,3705,3361,3503,2694
"J40_J47_J60_J70_J84_D86_C34","2000_2005","2006_2010",5,"Census_Region_4_EQI+SM+PA+OB","0.00","5.37(-0.77,11.35)","9.78(3.76,15.92)","8.73(2.29,15.10)","10.80(4.39,17.37)","0.0869","0.0015","0.0073","0.0002","1.0006","1.0022","1.0008","1.0008",4616,4192,3243,2730,3660,3553,3692,3258
"J40_J47_J60_J70_J84_D86_C34","2000_2005","2006_2010",5,"Census_Region_4_EQI_Air+SM+PA+OB","0.00","4.62(-0.92,10.41)","5.37(-0.96,11.68)","5.35(-0.69,11.42)","5.27(-1.45,12.01)","0.0969","0.1035","0.0864","0.1218","1.0007","1.0015","1.0007","1.0008",5081,5497,4400,4957,3418,3456,3739,3526
"J40_J47_J60_J70_J84_D86_C34","2000_2005","2006_2010",5,"Census_Region_4_EQI_Water+SM+PA+OB","0.00","-11.82(-18.89,-4.84)","1.69(-5.19,8.45)","-1.90(-8.32,4.38)","1.88(-3.91,7.59)","0.0010","0.6342","0.5618","0.5139","1.0014","1.0011","1.0006","1.0010",3776,3611,3636,3447,3498,3279,3664,3466
"J40_J47_J60_J70_J84_D86_C34","2000_2005","2006_2010",5,"Census_Region_4_EQI_Land+SM+PA+OB","0.00","-3.40(-11.25,4.52)","6.52(0.02,12.79)","3.74(-2.34,9.86)","9.62(3.62,15.59)","0.3922","0.0489","0.2235","0.0027","1.0002","1.0006","1.0024","1.0029",5506,3896,3410,2981,3569,3521,3166,3322
"J40_J47_J60_J70_J84_D86_C34","2000_2005","2006_2010",5,"Census_Region_4_EQI_Built+SM+PA+OB","0.00","0.72(-5.81,7.18)","6.56(0.54,12.78)","6.31(0.32,12.43)","3.21(-2.84,9.20)","0.8263","0.0348","0.0369","0.2835","1.0003","1.0008","0.9997","0.9996",5083,4517,4178,3403,3591,3403,3463,3560
"J40_J47_J60_J70_J84_D86_C34","2000_2005","2006_2010",5,"Census_Region_4_EQI_Social+SM+PA+OB","0.00","4.98(-1.04,11.01)","3.31(-2.39,8.99)","5.24(-1.01,11.16)","4.57(-2.42,11.10)","0.1056","0.2535","0.0981","0.1743","1.0011","1.0026","1.0002","1.0012",4628,4195,4117,3205,3853,3368,3998,3627
"J40_J47_J60_J70_J84_D86_C34","2000_2005","2011_2015",10,"Census_Region_4_EQI+SM+PA+OB","0.00","5.74(0.14,11.37)","6.79(0.92,12.77)","10.55(4.43,16.81)","10.22(3.92,16.53)","0.0427","0.0210","0.0010","0.0015","1.0003","1.0000","1.0008","1.0012",3661,3216,2627,2467,3494,3127,3263,3404
"J40_J47_J60_J70_J84_D86_C34","2000_2005","2011_2015",10,"Census_Region_4_EQI_Air+SM+PA+OB","0.00","6.26(1.11,11.30)","6.63(0.90,12.41)","4.47(-1.23,10.10)","6.07(-0.26,12.07)","0.0144","0.0240","0.1268","0.0581","1.0016","1.0004","1.0003","1.0003",4810,4522,4261,4329,3999,3357,3501,3730
"J40_J47_J60_J70_J84_D86_C34","2000_2005","2011_2015",10,"Census_Region_4_EQI_Water+SM+PA+OB","0.00","-9.89(-16.57,-3.20)","3.33(-3.17,9.87)","-0.27(-6.37,6.05)","2.24(-3.34,8.00)","0.0035","0.3156","0.9275","0.4326","1.0003","1.0012","1.0012","1.0007",3900,2739,3614,3385,3924,3405,3582,3769
"J40_J47_J60_J70_J84_D86_C34","2000_2005","2011_2015",10,"Census_Region_4_EQI_Land+SM+PA+OB","0.00","-1.17(-8.92,6.28)","6.85(0.22,13.30)","4.58(-2.29,11.19)","8.42(1.82,14.87)","0.7696","0.0427","0.1810","0.0144","1.0017","1.0012","1.0025","1.0017",4255,1966,1314,1439,3812,3287,2615,3138
"J40_J47_J60_J70_J84_D86_C34","2000_2005","2011_2015",10,"Census_Region_4_EQI_Built+SM+PA+OB","0.00","-0.11(-6.19,5.71)","5.78(0.19,11.64)","6.28(0.70,11.83)","4.97(-0.40,10.45)","0.9792","0.0448","0.0285","0.0685","1.0008","1.0013","1.0012","1.0025",4073,4082,3695,3376,3350,3704,3809,3868
"J40_J47_J60_J70_J84_D86_C34","2000_2005","2011_2015",10,"Census_Region_4_EQI_Social+SM+PA+OB","0.00","5.89(0.59,11.20)","5.86(0.42,11.00)","5.25(-0.34,10.81)","4.27(-2.12,10.61)","0.0302","0.0360","0.0677","0.1823","1.0036","1.0006","1.0002","1.0012",4663,3741,3732,3397,3730,3585,3565,3430
"J40_J47_J60_J70_J84_D86_C34","2000_2005","2016_2020",15,"Census_Region_4_EQI+SM+PA+OB","0.00","5.66(0.07,11.17)","8.43(3.08,13.76)","10.82(5.04,16.68)","9.56(3.76,15.44)","0.0477","0.0019","0.0010","0.0015","1.0005","1.0005","1.0005","1.0011",3581,3379,2836,2601,3634,3404,3511,3246
"J40_J47_J60_J70_J84_D86_C34","2000_2005","2016_2020",15,"Census_Region_4_EQI_Air+SM+PA+OB","0.00","6.97(2.10,11.74)","5.79(0.37,11.16)","4.92(-0.22,10.22)","5.55(-0.35,11.46)","0.0069","0.0369","0.0602","0.0656","1.0010","1.0004","1.0010","1.0015",4031,4344,3949,3936,3300,3764,3492,3613
"J40_J47_J60_J70_J84_D86_C34","2000_2005","2016_2020",15,"Census_Region_4_EQI_Water+SM+PA+OB","0.00","-7.96(-14.33,-1.40)","4.14(-2.34,10.62)","-1.89(-7.97,4.15)","0.62(-5.16,6.31)","0.0190","0.2060","0.5476","0.8246","1.0012","1.0005","1.0004","1.0006",3005,2926,2788,2701,3263,3258,3597,3209
"J40_J47_J60_J70_J84_D86_C34","2000_2005","2016_2020",15,"Census_Region_4_EQI_Land+SM+PA+OB","0.00","0.06(-7.27,7.71)","6.35(0.04,12.89)","1.65(-4.49,7.80)","6.56(0.27,12.61)","0.9883","0.0498","0.5955","0.0452","1.0021","1.0022","1.0020","1.0015",3635,2614,2347,2128,3193,3394,3131,3583
"J40_J47_J60_J70_J84_D86_C34","2000_2005","2016_2020",15,"Census_Region_4_EQI_Built+SM+PA+OB","0.00","3.55(-2.29,9.04)","8.61(3.10,14.14)","8.50(3.31,13.81)","6.99(1.74,12.20)","0.2102","0.0023","0.0019","0.0115","1.0007","1.0022","1.0016","1.0023",3560,3886,3129,3061,3518,3871,3077,3401
"J40_J47_J60_J70_J84_D86_C34","2000_2005","2016_2020",15,"Census_Region_4_EQI_Social+SM+PA+OB","0.00","8.23(3.06,13.17)","6.40(1.29,11.31)","7.01(1.50,12.28)","3.79(-2.32,9.76)","0.0031","0.0131","0.0119","0.2218","1.0011","1.0017","1.0024","1.0019",3910,3447,3283,3070,3776,3627,3383,3429
"J40_J47_J60_J70_J84_D86_C34","2000_2005","2021_2024",20,"Census_Region_4_EQI+SM+PA+OB","0.00","7.27(1.25,13.22)","7.66(1.91,13.30)","10.23(3.88,16.32)","6.78(0.59,12.74)","0.0173","0.0073","0.0010","0.0310","1.0005","1.0007","1.0006","1.0013",3765,3473,2649,2434,3083,3452,2918,3226
"J40_J47_J60_J70_J84_D86_C34","2000_2005","2021_2024",20,"Census_Region_4_EQI_Air+SM+PA+OB","0.00","7.79(2.41,12.79)","3.54(-2.34,9.31)","3.43(-2.06,9.09)","2.90(-3.40,9.03)","0.0056","0.2372","0.2272","0.3468","1.0020","1.0020","1.0016","1.0000",4848,4606,3700,4180,3363,3649,3518,3419
"J40_J47_J60_J70_J84_D86_C34","2000_2005","2021_2024",20,"Census_Region_4_EQI_Water+SM+PA+OB","0.00","-7.14(-13.63,-0.45)","0.74(-5.89,7.37)","0.58(-5.78,6.88)","0.85(-4.99,6.70)","0.0398","0.8300","0.8634","0.7884","1.0016","1.0015","1.0008","1.0020",3284,2884,3100,2854,3653,3274,3900,3495
"J40_J47_J60_J70_J84_D86_C34","2000_2005","2021_2024",20,"Census_Region_4_EQI_Land+SM+PA+OB","0.00","-2.99(-10.60,4.58)","10.34(3.43,17.24)","1.16(-5.26,7.69)","6.62(0.17,13.00)","0.4497","0.0040","0.7301","0.0439","1.0014","1.0030","1.0040","1.0046",3826,2274,1919,1832,3383,3342,2791,3301
"J40_J47_J60_J70_J84_D86_C34","2000_2005","2021_2024",20,"Census_Region_4_EQI_Built+SM+PA+OB","0.00","0.37(-5.56,6.13)","7.77(1.79,13.65)","6.76(1.02,12.30)","2.46(-3.17,8.11)","0.8921","0.0081","0.0206","0.3980","1.0005","1.0003","1.0014","1.0024",3647,3655,3189,3279,3525,3363,3263,3619
"J40_J47_J60_J70_J84_D86_C34","2000_2005","2021_2024",20,"Census_Region_4_EQI_Social+SM+PA+OB","0.00","7.59(2.21,13.20)","5.79(0.71,11.22)","6.44(0.77,12.20)","3.01(-3.16,9.34)","0.0044","0.0265","0.0252","0.3551","1.0010","1.0012","1.0005","1.0006",4027,3220,3669,2980,3634,3295,3719,3220
"J40_J47_J60_J70_J84_D86_C34","2000_2005","2006_2010",5,"koppen_major_B_EQI+SM+PA+OB","0.00","7.46(1.35,13.65)","8.05(1.40,14.35)","9.07(2.31,15.86)","3.90(-3.73,11.58)","0.0140","0.0206","0.0085","0.3131","1.0003","1.0011","1.0003","1.0014",6022,5273,5220,5576,4128,3542,3791,3684
"J40_J47_J60_J70_J84_D86_C34","2000_2005","2006_2010",5,"koppen_major_B_EQI_Air+SM+PA+OB","0.00","-1.07(-7.25,5.22)","2.25(-4.77,9.12)","1.96(-5.51,8.95)","1.34(-7.33,9.59)","0.7401","0.5313","0.5884","0.7625","1.0018","1.0001","1.0009","1.0011",5240,5865,5530,5988,3251,3769,3669,3551
"J40_J47_J60_J70_J84_D86_C34","2000_2005","2006_2010",5,"koppen_major_B_EQI_Water+SM+PA+OB","0.00","-5.13(-12.38,2.28)","0.62(-6.25,7.66)","4.66(-1.91,11.36)","3.12(-3.17,9.51)","0.1810","0.8675","0.1664","0.3351","1.0016","1.0020","1.0017","1.0004",4996,4419,3790,4090,3681,3800,3453,3562
"J40_J47_J60_J70_J84_D86_C34","2000_2005","2006_2010",5,"koppen_major_B_EQI_Land+SM+PA+OB","0.00","-1.38(-8.30,5.48)","1.93(-4.44,8.39)","0.18(-6.38,6.81)","5.69(-1.51,12.90)","0.6946","0.5555","0.9600","0.1185","1.0021","1.0036","1.0018","1.0004",5028,4397,4443,4259,3439,3801,3558,3702
"J40_J47_J60_J70_J84_D86_C34","2000_2005","2006_2010",5,"koppen_major_B_EQI_Built+SM+PA+OB","0.00","1.08(-5.47,7.57)","7.86(1.20,14.64)","5.52(-0.85,12.33)","6.04(-1.00,13.11)","0.7417","0.0252","0.0935","0.0860","1.0002","1.0007","1.0009","1.0022",4293,5054,4658,4107,3627,3697,3661,3783
"J40_J47_J60_J70_J84_D86_C34","2000_2005","2006_2010",5,"koppen_major_B_EQI_Social+SM+PA+OB","0.00","1.39(-5.11,7.65)","-1.58(-7.89,4.89)","1.77(-5.23,8.74)","3.90(-4.33,11.88)","0.6576","0.6084","0.6217","0.3393","1.0001","1.0011","1.0025","1.0004",5059,3967,4968,3864,3438,3921,3191,3548
"J40_J47_J60_J70_J84_D86_C34","2000_2005","2011_2015",10,"koppen_major_B_EQI+SM+PA+OB","0.00","8.64(2.46,14.68)","5.63(-0.79,12.00)","7.51(0.41,14.45)","1.23(-6.10,8.87)","0.0060","0.0810","0.0394","0.7813","1.0016","1.0023","1.0008","1.0019",6436,5387,5883,4786,3880,3491,3925,3598
"J40_J47_J60_J70_J84_D86_C34","2000_2005","2011_2015",10,"koppen_major_B_EQI_Air+SM+PA+OB","0.00","0.89(-5.19,6.88)","2.62(-4.19,9.47)","-0.58(-7.91,6.91)","0.32(-8.15,9.21)","0.7625","0.4430","0.8721","0.9533","1.0012","1.0004","1.0023","1.0011",5337,7009,6099,7119,3595,3625,3362,3203
"J40_J47_J60_J70_J84_D86_C34","2000_2005","2011_2015",10,"koppen_major_B_EQI_Water+SM+PA+OB","0.00","-1.33(-8.68,5.83)","0.98(-5.97,8.02)","4.16(-2.25,10.54)","0.42(-5.96,6.76)","0.7255","0.7742","0.1898","0.8934","1.0002","1.0007","1.0010","1.0008",6045,5892,4880,5200,3837,3912,4032,3996
"J40_J47_J60_J70_J84_D86_C34","2000_2005","2011_2015",10,"koppen_major_B_EQI_Land+SM+PA+OB","0.00","0.92(-5.98,7.82)","-0.96(-7.37,5.39)","1.80(-4.74,8.61)","4.47(-2.41,11.48)","0.7925","0.7680","0.5863","0.2043","1.0008","1.0015","1.0015","0.9997",4936,4203,3936,4320,3676,3807,3455,3509
"J40_J47_J60_J70_J84_D86_C34","2000_2005","2011_2015",10,"koppen_major_B_EQI_Built+SM+PA+OB","0.00","1.40(-4.79,7.86)","4.47(-2.28,11.08)","5.79(-0.85,12.39)","6.18(-0.78,13.13)","0.6938","0.1964","0.0881","0.0827","1.0011","1.0025","1.0002","1.0022",5231,5061,5325,5552,3637,3648,3898,3479
"J40_J47_J60_J70_J84_D86_C34","2000_2005","2011_2015",10,"koppen_major_B_EQI_Social+SM+PA+OB","0.00","4.40(-1.69,10.92)","1.17(-5.46,7.62)","1.58(-5.28,8.57)","2.12(-5.90,9.97)","0.1714","0.7251","0.6547","0.5993","1.0008","1.0015","0.9999","1.0025",6111,4820,5126,5880,3939,3822,3414,3983
"J40_J47_J60_J70_J84_D86_C34","2000_2005","2016_2020",15,"koppen_major_B_EQI+SM+PA+OB","0.00","9.68(3.81,15.34)","7.91(2.20,13.63)","9.77(3.22,16.31)","2.95(-4.20,10.00)","0.0006","0.0094","0.0048","0.4160","1.0011","1.0004","1.0018","1.0014",5164,3825,4775,4638,3404,3404,3525,3522
"J40_J47_J60_J70_J84_D86_C34","2000_2005","2016_2020",15,"koppen_major_B_EQI_Air+SM+PA+OB","0.00","2.69(-2.99,8.29)","2.92(-3.86,9.38)","-1.06(-7.86,5.62)","-0.66(-9.02,7.38)","0.3655","0.3714","0.7705","0.8704","1.0003","1.0015","1.0010","0.9999",5220,5459,5341,5659,3798,3432,3641,3656
"J40_J47_J60_J70_J84_D86_C34","2000_2005","2016_2020",15,"koppen_major_B_EQI_Water+SM+PA+OB","0.00","-2.35(-9.35,4.46)","2.78(-3.83,9.42)","3.25(-2.93,9.26)","2.33(-3.66,8.44)","0.4964","0.4105","0.2876","0.4647","1.0013","1.0012","1.0011","1.0002",5132,5103,4711,3602,3296,3882,3844,3865
"J40_J47_J60_J70_J84_D86_C34","2000_2005","2016_2020",15,"koppen_major_B_EQI_Land+SM+PA+OB","0.00","0.15(-6.52,6.72)","0.57(-5.73,6.62)","0.15(-6.18,6.52)","3.42(-3.37,10.14)","0.9746","0.8500","0.9713","0.3247","0.9998","1.0010","1.0002","1.0007",4315,3973,3812,3996,3998,3936,3794,3855
"J40_J47_J60_J70_J84_D86_C34","2000_2005","2016_2020",15,"koppen_major_B_EQI_Built+SM+PA+OB","0.00","2.64(-3.24,8.65)","5.30(-1.09,11.49)","6.12(-0.27,12.16)","7.19(0.39,13.87)","0.3785","0.0964","0.0569","0.0377","1.0011","1.0009","1.0019","1.0020",4195,4635,4441,4088,3741,3176,3789,3586
"J40_J47_J60_J70_J84_D86_C34","2000_2005","2016_2020",15,"koppen_major_B_EQI_Social+SM+PA+OB","0.00","3.45(-2.51,9.51)","2.30(-3.75,8.35)","3.75(-3.05,10.22)","2.16(-5.35,9.86)","0.2489","0.4547","0.2618","0.5818","1.0015","1.0003","1.0010","1.0018",5933,5093,4941,4768,3884,3737,3744,3867
"J40_J47_J60_J70_J84_D86_C34","2000_2005","2021_2024",20,"koppen_major_B_EQI+SM+PA+OB","0.00","9.50(3.02,15.80)","5.45(-1.11,12.14)","8.96(1.41,16.08)","1.49(-6.18,9.05)","0.0044","0.1044","0.0177","0.7026","1.0000","1.0008","1.0009","1.0003",6672,5244,5784,6073,3810,3452,3268,3993
"J40_J47_J60_J70_J84_D86_C34","2000_2005","2021_2024",20,"koppen_major_B_EQI_Air+SM+PA+OB","0.00","0.76(-5.28,6.90)","2.42(-4.75,9.36)","-2.03(-9.01,4.98)","-2.37(-10.80,5.96)","0.8059","0.4993","0.5734","0.5793","1.0013","1.0009","1.0009","1.0020",5119,5525,5677,6662,3354,3656,3822,3371
"J40_J47_J60_J70_J84_D86_C34","2000_2005","2021_2024",20,"koppen_major_B_EQI_Water+SM+PA+OB","0.00","-3.92(-11.49,3.56)","2.37(-4.59,9.61)","4.35(-2.32,10.79)","1.78(-4.55,8.17)","0.3106","0.5034","0.1802","0.5755","1.0010","1.0010","1.0003","1.0006",4939,4717,4550,4704,3748,3590,3882,3868
"J40_J47_J60_J70_J84_D86_C34","2000_2005","2021_2024",20,"koppen_major_B_EQI_Land+SM+PA+OB","0.00","3.37(-3.35,10.17)","5.25(-1.65,12.09)","-3.01(-9.65,3.82)","5.02(-2.06,12.06)","0.3239","0.1252","0.3630","0.1593","1.0008","1.0015","1.0006","1.0007",4661,4113,4424,4419,3500,3384,3600,3718
"J40_J47_J60_J70_J84_D86_C34","2000_2005","2021_2024",20,"koppen_major_B_EQI_Built+SM+PA+OB","0.00","2.50(-3.99,8.86)","5.08(-1.73,11.78)","5.53(-1.04,12.08)","3.74(-3.23,10.96)","0.4676","0.1552","0.1023","0.2989","1.0023","1.0004","1.0017","1.0009",5101,4362,5007,4145,3953,3025,3758,3359
"J40_J47_J60_J70_J84_D86_C34","2000_2005","2021_2024",20,"koppen_major_B_EQI_Social+SM+PA+OB","0.00","1.40(-4.92,7.80)","3.34(-3.31,9.96)","2.64(-4.33,9.39)","-0.02(-7.99,7.79)","0.6776","0.3210","0.4655","0.9967","0.9999","1.0015","1.0005","1.0003",5261,4407,4283,4865,3759,3444,3744,3911
"J40_J47_J60_J70_J84_D86_C34","2000_2005","2006_2010",5,"koppen_major_C_EQI+SM+PA+OB","0.00","1.19(-1.44,3.84)","1.56(-1.30,4.35)","1.63(-1.46,4.69)","4.24(0.48,7.94)","0.3810","0.2668","0.3039","0.0281","1.0018","1.0028","1.0041","1.0024",3923,2975,2534,2382,3860,3231,3263,2707
"J40_J47_J60_J70_J84_D86_C34","2000_2005","2006_2010",5,"koppen_major_C_EQI_Air+SM+PA+OB","0.00","0.70(-3.02,4.36)","3.64(-0.19,7.21)","5.20(1.50,8.94)","7.70(3.69,11.79)","0.7005","0.0602","0.0060","0.0006","1.0023","1.0012","1.0017","1.0017",2742,2319,2345,2345,3526,3053,2996,3086
"J40_J47_J60_J70_J84_D86_C34","2000_2005","2006_2010",5,"koppen_major_C_EQI_Water+SM+PA+OB","0.00","1.68(-1.76,5.17)","-0.43(-3.94,3.12)","0.49(-3.07,4.10)","1.76(-1.92,5.53)","0.3447","0.8105","0.7905","0.3672","1.0020","1.0020","1.0022","1.0021",2699,2563,2644,2587,3099,3028,3245,3520
"J40_J47_J60_J70_J84_D86_C34","2000_2005","2006_2010",5,"koppen_major_C_EQI_Land+SM+PA+OB","0.00","-2.56(-4.86,-0.24)","-4.15(-6.73,-1.55)","-4.09(-7.27,-0.84)","-2.49(-6.05,1.01)","0.0335","0.0015","0.0115","0.1806","1.0011","0.9995","0.9999","1.0007",5428,4316,4677,4655,3835,3658,3867,3945
"J40_J47_J60_J70_J84_D86_C34","2000_2005","2006_2010",5,"koppen_major_C_EQI_Built+SM+PA+OB","0.00","1.45(-1.21,3.99)","1.28(-1.52,4.00)","2.24(-0.62,5.04)","0.96(-2.28,4.24)","0.2793","0.3456","0.1243","0.5522","1.0011","1.0002","1.0004","1.0005",4225,3897,3469,3549,3824,4010,3062,3541
"J40_J47_J60_J70_J84_D86_C34","2000_2005","2006_2010",5,"koppen_major_C_EQI_Social+SM+PA+OB","0.00","1.60(-0.99,4.05)","-1.76(-4.72,1.25)","0.14(-3.23,3.46)","1.87(-2.05,5.79)","0.2256","0.2477","0.9275","0.3385","1.0008","1.0006","1.0007","1.0014",4297,3615,3410,3129,3949,4000,3774,3413
"J40_J47_J60_J70_J84_D86_C34","2000_2005","2011_2015",10,"koppen_major_C_EQI+SM+PA+OB","0.00","1.93(-0.67,4.50)","2.05(-0.73,4.75)","1.78(-1.38,4.85)","2.74(-1.10,6.38)","0.1398","0.1452","0.2481","0.1573","1.0009","1.0013","1.0015","1.0016",3306,2842,2725,2297,3241,3343,3204,3420
"J40_J47_J60_J70_J84_D86_C34","2000_2005","2011_2015",10,"koppen_major_C_EQI_Air+SM+PA+OB","0.00","1.94(-1.75,5.49)","4.73(1.03,8.31)","6.22(2.40,9.90)","7.10(3.17,11.02)","0.2976","0.0102","0.0010","0.0002","1.0035","1.0032","1.0035","1.0028",2348,2166,2041,2036,3206,2510,2637,2899
"J40_J47_J60_J70_J84_D86_C34","2000_2005","2011_2015",10,"koppen_major_C_EQI_Water+SM+PA+OB","0.00","0.58(-2.79,3.85)","-2.09(-5.48,1.34)","-1.02(-4.75,2.62)","1.21(-2.67,5.02)","0.7359","0.2302","0.5768","0.5280","1.0021","1.0015","1.0025","1.0020",2582,2527,2569,2682,3121,3060,2954,3164
"J40_J47_J60_J70_J84_D86_C34","2000_2005","2011_2015",10,"koppen_major_C_EQI_Land+SM+PA+OB","0.00","-1.52(-3.75,0.77)","-2.82(-5.43,-0.22)","-3.14(-6.22,-0.05)","-0.71(-4.29,2.86)","0.1927","0.0377","0.0464","0.7105","0.9994","1.0022","1.0001","0.9999",4596,4193,3916,3757,4010,3785,3675,3941
"J40_J47_J60_J70_J84_D86_C34","2000_2005","2011_2015",10,"koppen_major_C_EQI_Built+SM+PA+OB","0.00","1.98(-0.53,4.59)","2.92(0.21,5.61)","2.71(-0.08,5.50)","2.64(-0.49,5.82)","0.1243","0.0369","0.0560","0.1006","0.9993","0.9997","0.9998","1.0012",3623,3335,3031,3090,3524,3861,3789,3995
"J40_J47_J60_J70_J84_D86_C34","2000_2005","2011_2015",10,"koppen_major_C_EQI_Social+SM+PA+OB","0.00","0.25(-2.16,2.65)","-2.87(-5.66,-0.05)","-2.90(-6.07,0.22)","-1.55(-5.22,2.21)","0.8521","0.0448","0.0764","0.4239","1.0018","1.0030","1.0031","1.0024",3989,3035,2804,2545,3764,3714,3693,3517
"J40_J47_J60_J70_J84_D86_C34","2000_2005","2016_2020",15,"koppen_major_C_EQI+SM+PA+OB","0.00","1.48(-1.07,4.07)","1.62(-1.09,4.27)","2.09(-0.90,5.12)","1.88(-1.64,5.50)","0.2531","0.2418","0.1781","0.3168","1.0007","1.0032","1.0014","1.0018",3881,3260,2804,2755,3330,3671,3410,3387
"J40_J47_J60_J70_J84_D86_C34","2000_2005","2016_2020",15,"koppen_major_C_EQI_Air+SM+PA+OB","0.00","-0.94(-4.40,2.61)","1.50(-2.04,4.89)","4.52(1.08,8.12)","3.87(0.21,7.54)","0.5893","0.3880","0.0102","0.0394","1.0002","1.0006","1.0012","1.0014",2214,1827,1766,1737,3150,3211,2798,3071
"J40_J47_J60_J70_J84_D86_C34","2000_2005","2016_2020",15,"koppen_major_C_EQI_Water+SM+PA+OB","0.00","1.47(-1.90,4.74)","-1.93(-5.25,1.38)","-0.22(-3.67,3.34)","0.97(-2.70,4.57)","0.3672","0.2518","0.9034","0.5884","1.0000","1.0006","1.0003","1.0005",2693,2434,2707,2744,3755,3524,3794,3381
"J40_J47_J60_J70_J84_D86_C34","2000_2005","2016_2020",15,"koppen_major_C_EQI_Land+SM+PA+OB","0.00","-1.71(-3.89,0.43)","-4.28(-6.80,-1.76)","-3.27(-6.30,-0.28)","-1.56(-5.09,2.00)","0.1248","0.0006","0.0365","0.3897","1.0007","1.0016","1.0024","1.0008",4508,3866,3843,3214,4145,3758,3956,3713
"J40_J47_J60_J70_J84_D86_C34","2000_2005","2016_2020",15,"koppen_major_C_EQI_Built+SM+PA+OB","0.00","2.07(-0.36,4.43)","4.32(1.83,6.85)","3.97(1.21,6.67)","3.44(0.45,6.44)","0.1031","0.0010","0.0044","0.0223","1.0002","1.0000","1.0003","1.0007",3585,3306,3220,3173,3709,3249,3587,3431
"J40_J47_J60_J70_J84_D86_C34","2000_2005","2016_2020",15,"koppen_major_C_EQI_Social+SM+PA+OB","0.00","1.39(-0.94,3.76)","-3.08(-5.82,-0.27)","-3.77(-6.94,-0.53)","-2.35(-6.08,1.46)","0.2393","0.0327","0.0231","0.2231","1.0013","1.0017","1.0007","1.0013",2907,2510,2398,2230,2990,3184,3457,2834
"J40_J47_J60_J70_J84_D86_C34","2000_2005","2021_2024",20,"koppen_major_C_EQI+SM+PA+OB","0.00","0.39(-2.65,3.36)","-3.51(-6.60,-0.32)","-6.24(-9.78,-2.80)","-7.64(-11.87,-3.51)","0.8034","0.0302","0.0010","0.0010","1.0003","1.0005","1.0003","1.0023",2682,2214,2054,1817,3426,3307,2827,2784
"J40_J47_J60_J70_J84_D86_C34","2000_2005","2021_2024",20,"koppen_major_C_EQI_Air+SM+PA+OB","0.00","-0.90(-5.02,3.02)","0.43(-3.46,4.31)","1.66(-2.32,5.74)","-1.06(-5.16,3.17)","0.6642","0.8296","0.4264","0.6217","1.0011","1.0015","1.0019","1.0019",2713,2180,2121,1963,3464,3062,3439,3260
"J40_J47_J60_J70_J84_D86_C34","2000_2005","2021_2024",20,"koppen_major_C_EQI_Water+SM+PA+OB","0.00","1.62(-2.16,5.40)","-3.07(-6.94,0.90)","0.15(-3.97,4.29)","0.05(-4.30,4.43)","0.4060","0.1239","0.9521","0.9746","1.0016","1.0025","1.0008","1.0027",2882,2640,2658,2624,3647,3369,3241,3353
"J40_J47_J60_J70_J84_D86_C34","2000_2005","2021_2024",20,"koppen_major_C_EQI_Land+SM+PA+OB","0.00","-3.74(-6.34,-1.10)","-5.08(-8.01,-2.02)","-5.79(-9.37,-2.26)","-3.44(-7.81,0.72)","0.0040","0.0006","0.0015","0.1044","1.0006","1.0008","1.0009","1.0004",4456,4201,3917,3781,3949,4016,3781,3868
"J40_J47_J60_J70_J84_D86_C34","2000_2005","2021_2024",20,"koppen_major_C_EQI_Built+SM+PA+OB","0.00","2.70(-0.23,5.50)","3.46(0.43,6.50)","2.40(-0.85,5.56)","3.28(-0.31,6.76)","0.0702","0.0227","0.1452","0.0748","1.0002","1.0007","1.0000","1.0014",3946,3518,3425,3005,3501,3472,3730,3564
"J40_J47_J60_J70_J84_D86_C34","2000_2005","2021_2024",20,"koppen_major_C_EQI_Social+SM+PA+OB","0.00","-0.82(-3.53,1.95)","-6.93(-10.12,-3.77)","-9.78(-13.42,-6.06)","-9.94(-14.12,-5.69)","0.5609","0.0006","0.0002","0.0002","1.0010","1.0006","1.0009","1.0002",3887,3268,3006,2629,3988,3935,3885,3187
"J40_J47_J60_J70_J84_D86_C34","2000_2005","2006_2010",5,"koppen_major_D_EQI+SM+PA+OB","0.00","11.13(5.97,16.10)","10.25(5.51,14.80)","11.89(7.29,16.28)","14.41(9.74,19.10)","0.0002","0.0002","0.0002","0.0002","1.0006","1.0010","1.0013","1.0019",3312,2767,2383,2247,3407,3414,3141,3032
"J40_J47_J60_J70_J84_D86_C34","2000_2005","2006_2010",5,"koppen_major_D_EQI_Air+SM+PA+OB","0.00","4.60(0.80,8.42)","6.55(2.55,10.60)","10.26(6.17,14.32)","8.34(4.05,12.61)","0.0190","0.0006","0.0002","0.0002","0.9998","1.0009","1.0005","1.0025",3343,3065,2511,2222,3671,3630,3552,3026
"J40_J47_J60_J70_J84_D86_C34","2000_2005","2006_2010",5,"koppen_major_D_EQI_Water+SM+PA+OB","0.00","-4.80(-9.12,-0.48)","0.28(-4.41,4.87)","2.08(-2.42,6.52)","2.43(-2.25,7.19)","0.0298","0.9109","0.3639","0.3189","1.0015","1.0007","1.0001","1.0017",2482,2195,2245,2445,3625,2953,3250,3242
"J40_J47_J60_J70_J84_D86_C34","2000_2005","2006_2010",5,"koppen_major_D_EQI_Land+SM+PA+OB","0.00","1.10(-4.01,6.18)","4.10(-0.59,8.73)","2.43(-2.07,7.12)","3.80(-0.97,8.55)","0.6751","0.0835","0.2964","0.1131","1.0024","1.0029","1.0032","1.0034",2584,2066,1871,2004,3585,2658,2749,2935
"J40_J47_J60_J70_J84_D86_C34","2000_2005","2006_2010",5,"koppen_major_D_EQI_Built+SM+PA+OB","0.00","2.17(-2.18,6.50)","2.83(-1.32,6.77)","4.47(0.41,8.55)","4.90(0.72,9.03)","0.3193","0.1756","0.0310","0.0235","1.0016","1.0010","1.0014","1.0013",2723,2367,2332,2362,3398,3384,3070,3138
"J40_J47_J60_J70_J84_D86_C34","2000_2005","2006_2010",5,"koppen_major_D_EQI_Social+SM+PA+OB","0.00","-1.01(-6.22,4.30)","2.07(-2.76,6.77)","1.64(-3.01,6.31)","1.91(-3.33,7.06)","0.7026","0.3935","0.4989","0.4843","1.0008","1.0030","1.0033","1.0046",2853,2352,1912,1920,3468,3078,3077,3033
"J40_J47_J60_J70_J84_D86_C34","2000_2005","2011_2015",10,"koppen_major_D_EQI+SM+PA+OB","0.00","12.43(7.69,17.26)","13.60(9.03,18.18)","15.28(10.91,19.56)","16.13(11.39,20.83)","0.0002","0.0002","0.0002","0.0002","1.0009","1.0021","1.0019","1.0009",2803,1853,1713,1747,3545,3055,2861,2605
"J40_J47_J60_J70_J84_D86_C34","2000_2005","2011_2015",10,"koppen_major_D_EQI_Air+SM+PA+OB","0.00","6.54(2.95,10.05)","7.24(3.44,11.05)","9.92(5.95,13.87)","6.19(2.15,10.43)","0.0002","0.0002","0.0002","0.0027","1.0011","1.0027","1.0019","1.0032",3210,2685,2513,2276,3405,3238,3413,3102
"J40_J47_J60_J70_J84_D86_C34","2000_2005","2011_2015",10,"koppen_major_D_EQI_Water+SM+PA+OB","0.00","-5.32(-9.54,-1.05)","-1.04(-5.13,3.26)","2.52(-1.78,6.61)","1.92(-2.44,6.43)","0.0135","0.6188","0.2281","0.4210","1.0008","1.0004","1.0015","1.0010",2830,2709,2509,2545,3434,3789,3291,2976
"J40_J47_J60_J70_J84_D86_C34","2000_2005","2011_2015",10,"koppen_major_D_EQI_Land+SM+PA+OB","0.00","0.21(-4.63,5.19)","1.78(-2.74,6.38)","1.62(-2.99,6.17)","2.84(-1.61,7.35)","0.9329","0.4464","0.4784","0.2185","1.0014","1.0025","1.0029","1.0029",2757,2133,1942,1939,3288,3520,2484,3211
"J40_J47_J60_J70_J84_D86_C34","2000_2005","2011_2015",10,"koppen_major_D_EQI_Built+SM+PA+OB","0.00","5.62(1.65,9.59)","7.04(3.24,10.73)","8.07(4.28,11.75)","8.47(4.53,12.39)","0.0081","0.0002","0.0002","0.0002","1.0015","1.0008","1.0012","1.0011",3169,2651,2595,2343,3345,3001,3197,3365
"J40_J47_J60_J70_J84_D86_C34","2000_2005","2011_2015",10,"koppen_major_D_EQI_Social+SM+PA+OB","0.00","-1.62(-6.51,3.50)","2.45(-2.06,6.95)","3.12(-1.33,7.65)","2.54(-2.31,7.33)","0.5168","0.2860","0.1685","0.3106","1.0001","1.0003","1.0011","1.0013",3157,2307,2088,1895,3296,3304,2841,2956
"J40_J47_J60_J70_J84_D86_C34","2000_2005","2016_2020",15,"koppen_major_D_EQI+SM+PA+OB","0.00","9.26(4.69,14.01)","11.64(7.36,15.96)","12.51(8.44,16.66)","13.61(9.23,17.97)","0.0002","0.0002","0.0002","0.0002","1.0003","1.0002","1.0005","0.9999",2897,2369,1977,1824,3509,2987,2898,2568
"J40_J47_J60_J70_J84_D86_C34","2000_2005","2016_2020",15,"koppen_major_D_EQI_Air+SM+PA+OB","0.00","5.77(2.53,9.04)","8.20(4.78,11.68)","9.35(5.73,12.99)","5.87(1.90,9.59)","0.0006","0.0002","0.0002","0.0019","1.0004","1.0009","1.0013","1.0015",2873,2680,2179,2155,3624,3227,3453,3065
"J40_J47_J60_J70_J84_D86_C34","2000_2005","2016_2020",15,"koppen_major_D_EQI_Water+SM+PA+OB","0.00","-5.00(-9.03,-0.98)","-0.79(-5.03,3.19)","1.64(-2.33,5.55)","1.39(-2.87,5.73)","0.0160","0.7184","0.4214","0.5401","1.0013","1.0014","1.0005","1.0018",2263,2067,2073,2014,2761,3155,3004,2678
"J40_J47_J60_J70_J84_D86_C34","2000_2005","2016_2020",15,"koppen_major_D_EQI_Land+SM+PA+OB","0.00","0.71(-3.99,5.30)","2.96(-1.37,7.25)","1.51(-2.83,5.79)","3.60(-0.79,8.12)","0.7650","0.1764","0.4818","0.1110","1.0004","1.0003","1.0021","1.0015",2777,2195,1999,2014,3318,3005,2743,2766
"J40_J47_J60_J70_J84_D86_C34","2000_2005","2016_2020",15,"koppen_major_D_EQI_Built+SM+PA+OB","0.00","6.48(2.70,10.26)","8.54(5.03,12.07)","7.71(4.39,11.26)","7.36(3.87,10.84)","0.0010","0.0002","0.0002","0.0002","1.0012","1.0023","1.0024","1.0018",2786,2500,2270,2238,3031,3185,3204,3134
"J40_J47_J60_J70_J84_D86_C34","2000_2005","2016_2020",15,"koppen_major_D_EQI_Social+SM+PA+OB","0.00","0.12(-4.58,4.69)","6.19(1.92,10.30)","5.15(0.91,9.24)","2.80(-1.77,7.21)","0.9579","0.0040","0.0165","0.2389","1.0023","1.0019","1.0027","1.0020",2841,2275,1953,1988,3352,3278,3073,2772
"J40_J47_J60_J70_J84_D86_C34","2000_2005","2021_2024",20,"koppen_major_D_EQI+SM+PA+OB","0.00","12.93(7.82,18.12)","13.84(8.93,18.75)","14.40(9.60,19.18)","11.11(6.27,16.19)","0.0002","0.0002","0.0002","0.0006","1.0009","1.0008","1.0020","1.0030",2862,2529,2005,1833,3642,3132,3044,2969
"J40_J47_J60_J70_J84_D86_C34","2000_2005","2021_2024",20,"koppen_major_D_EQI_Air+SM+PA+OB","0.00","6.73(2.63,10.80)","7.38(3.25,11.48)","8.99(4.74,13.14)","2.43(-2.24,6.93)","0.0019","0.0002","0.0002","0.3076","1.0009","1.0024","1.0018","1.0022",3559,2869,2603,2520,3754,3365,3823,3595
"J40_J47_J60_J70_J84_D86_C34","2000_2005","2021_2024",20,"koppen_major_D_EQI_Water+SM+PA+OB","0.00","-2.70(-7.32,2.08)","-0.84(-5.54,3.86)","2.94(-1.60,7.42)","0.46(-4.63,5.63)","0.2643","0.7117","0.2077","0.8588","0.9997","1.0003","1.0002","1.0021",2639,2459,2536,2271,2944,3209,3163,2960
"J40_J47_J60_J70_J84_D86_C34","2000_2005","2021_2024",20,"koppen_major_D_EQI_Land+SM+PA+OB","0.00","-0.12(-5.61,5.17)","2.89(-2.16,7.73)","1.71(-3.14,6.53)","2.84(-2.09,7.74)","0.9746","0.2481","0.4876","0.2614","1.0001","1.0002","1.0009","1.0008",3251,2358,2134,2147,3660,3066,2769,2855
"J40_J47_J60_J70_J84_D86_C34","2000_2005","2021_2024",20,"koppen_major_D_EQI_Built+SM+PA+OB","0.00","6.71(2.17,11.27)","9.10(5.05,13.30)","7.40(3.27,11.42)","7.33(2.93,11.75)","0.0048","0.0002","0.0002","0.0015","1.0006","1.0001","1.0014","1.0002",3544,2972,2777,2767,3869,2971,3243,3559
"J40_J47_J60_J70_J84_D86_C34","2000_2005","2021_2024",20,"koppen_major_D_EQI_Social+SM+PA+OB","0.00","0.53(-4.80,5.85)","3.88(-0.75,8.57)","4.38(-0.29,9.20)","1.14(-3.88,6.52)","0.8529","0.1014","0.0673","0.6659","1.0006","1.0018","1.0023","1.0029",3913,2602,2361,2139,3819,3497,3260,3158
"J40_J47_J60_J70_J84_D86_C34","2000_2005","2006_2010",5,"Economic_type_1_EQI+SM+PA+OB","0.00","11.08(5.65,16.50)","9.23(2.74,15.96)","4.19(-3.87,11.86)","-0.44(-9.70,8.62)","0.0002","0.0048","0.2997","0.9396","1.0008","1.0023","0.9999","1.0024",6676,5148,6437,7825,4088,3946,3772,3721
"J40_J47_J60_J70_J84_D86_C34","2000_2005","2006_2010",5,"Economic_type_1_EQI_Air+SM+PA+OB","0.00","1.18(-4.83,7.25)","3.73(-3.73,11.07)","1.19(-7.20,9.45)","-0.01(-9.96,10.06)","0.6980","0.3251","0.7809","0.9971","1.0017","1.0040","1.0008","1.0007",7537,7123,7003,8505,3609,3712,3466,3699
"J40_J47_J60_J70_J84_D86_C34","2000_2005","2006_2010",5,"Economic_type_1_EQI_Water+SM+PA+OB","0.00","-8.15(-13.97,-2.12)","1.07(-5.55,7.57)","5.08(-1.36,11.58)","3.90(-3.08,11.27)","0.0081","0.7642","0.1248","0.2931","1.0016","1.0015","1.0003","1.0018",6336,6619,6550,6396,4189,3760,3775,4017
"J40_J47_J60_J70_J84_D86_C34","2000_2005","2006_2010",5,"Economic_type_1_EQI_Land+SM+PA+OB","0.00","-1.12(-8.07,5.89)","3.80(-2.57,10.24)","-0.50(-6.89,5.90)","1.28(-5.09,7.60)","0.7613","0.2414","0.8688","0.6809","1.0021","1.0000","1.0018","1.0013",6633,6592,6244,5519,3679,3632,3837,4030
"J40_J47_J60_J70_J84_D86_C34","2000_2005","2006_2010",5,"Economic_type_1_EQI_Built+SM+PA+OB","0.00","5.09(-0.49,10.50)","8.05(1.75,14.64)","2.31(-4.44,9.17)","2.47(-5.66,10.71)","0.0727","0.0131","0.4993","0.5426","1.0017","1.0007","1.0044","1.0008",6785,6938,7615,7508,3783,3862,3273,3520
"J40_J47_J60_J70_J84_D86_C34","2000_2005","2006_2010",5,"Economic_type_1_EQI_Social+SM+PA+OB","0.00","0.51(-5.44,6.61)","0.92(-5.77,7.48)","5.98(-0.74,12.33)","3.52(-4.03,11.21)","0.8934","0.7859","0.0802","0.3639","1.0010","1.0006","1.0021","1.0004",7179,5541,5833,6179,3742,3608,3920,3681
"J40_J47_J60_J70_J84_D86_C34","2000_2005","2011_2015",10,"Economic_type_1_EQI+SM+PA+OB","0.00","8.74(3.25,14.17)","10.06(3.30,16.86)","4.73(-3.08,12.34)","0.66(-8.67,9.63)","0.0023","0.0015","0.2418","0.8734","1.0004","1.0007","1.0000","1.0006",7766,5679,6842,7029,3908,3904,3866,4024
"J40_J47_J60_J70_J84_D86_C34","2000_2005","2011_2015",10,"Economic_type_1_EQI_Air+SM+PA+OB","0.00","1.78(-4.14,7.76)","3.46(-4.08,11.14)","1.43(-7.16,10.20)","0.01(-9.62,9.70)","0.5638","0.3776","0.7555","0.9983","1.0001","1.0030","1.0012","1.0019",7971,8546,9078,9054,3775,4003,3226,3057
"J40_J47_J60_J70_J84_D86_C34","2000_2005","2011_2015",10,"Economic_type_1_EQI_Water+SM+PA+OB","0.00","-6.28(-12.27,-0.38)","0.01(-6.78,6.53)","5.87(-0.91,12.33)","1.79(-5.33,9.13)","0.0381","0.9963","0.0848","0.6338","1.0028","1.0028","0.9994","1.0023",7090,7225,7591,6503,4063,4032,4125,3805
"J40_J47_J60_J70_J84_D86_C34","2000_2005","2011_2015",10,"Economic_type_1_EQI_Land+SM+PA+OB","0.00","-2.27(-9.51,4.94)","-1.50(-8.04,5.03)","2.82(-3.61,9.41)","3.71(-3.28,10.55)","0.5184","0.6509","0.3985","0.2831","1.0018","1.0035","1.0006","1.0011",6293,7229,5998,4671,3000,3457,3322,3529
"J40_J47_J60_J70_J84_D86_C34","2000_2005","2011_2015",10,"Economic_type_1_EQI_Built+SM+PA+OB","0.00","6.40(0.83,11.82)","6.20(-0.48,12.77)","2.81(-4.35,9.65)","4.56(-3.98,13.23)","0.0285","0.0727","0.4260","0.3022","1.0013","1.0001","1.0018","1.0021",8296,7923,8321,9854,3695,3759,3358,3589
"J40_J47_J60_J70_J84_D86_C34","2000_2005","2011_2015",10,"Economic_type_1_EQI_Social+SM+PA+OB","0.00","0.87(-5.26,7.16)","0.90(-5.54,7.41)","7.13(0.51,13.83)","4.06(-3.80,11.96)","0.7992","0.7834","0.0365","0.3122","1.0004","1.0029","1.0012","1.0020",6419,6941,6945,6218,3387,3977,3902,3689
"J40_J47_J60_J70_J84_D86_C34","2000_2005","2016_2020",15,"Economic_type_1_EQI+SM+PA+OB","0.00","10.05(5.01,15.17)","8.38(2.47,14.54)","4.86(-2.20,12.18)","1.11(-8.12,10.61)","0.0002","0.0035","0.1648","0.8138","1.0013","1.0000","1.0000","1.0022",5712,5445,6377,6718,3556,3562,3645,3215
"J40_J47_J60_J70_J84_D86_C34","2000_2005","2016_2020",15,"Economic_type_1_EQI_Air+SM+PA+OB","0.00","1.95(-3.66,7.64)","4.81(-2.20,11.96)","1.39(-6.69,9.53)","0.04(-9.63,10.02)","0.5005","0.1839","0.7363","0.9975","1.0000","1.0011","1.0008","1.0005",6675,6071,7743,9376,3659,3713,3396,3415
"J40_J47_J60_J70_J84_D86_C34","2000_2005","2016_2020",15,"Economic_type_1_EQI_Water+SM+PA+OB","0.00","-3.93(-9.46,1.70)","2.30(-3.95,8.47)","1.40(-4.70,7.35)","2.93(-4.10,9.68)","0.1735","0.4647","0.6580","0.4151","1.0011","0.9999","1.0007","1.0010",5601,5621,5498,5470,4110,3634,4011,3718
"J40_J47_J60_J70_J84_D86_C34","2000_2005","2016_2020",15,"Economic_type_1_EQI_Land+SM+PA+OB","0.00","-4.23(-10.98,2.56)","1.06(-4.80,6.85)","1.81(-4.21,7.78)","1.31(-4.98,7.44)","0.2122","0.7221","0.5663","0.7005","0.9997","1.0021","1.0006","1.0027",6793,6804,5323,5235,3675,3755,3949,3929
"J40_J47_J60_J70_J84_D86_C34","2000_2005","2016_2020",15,"Economic_type_1_EQI_Built+SM+PA+OB","0.00","7.65(2.66,12.57)","7.76(1.72,13.77)","2.49(-3.78,8.73)","1.49(-6.61,9.62)","0.0027","0.0144","0.4422","0.7255","0.9996","1.0025","1.0011","1.0044",7558,7713,7774,9946,3869,3706,3616,3819
"J40_J47_J60_J70_J84_D86_C34","2000_2005","2016_2020",15,"Economic_type_1_EQI_Social+SM+PA+OB","0.00","-0.71(-6.06,4.73)","4.53(-1.51,10.41)","7.73(1.35,13.86)","4.54(-2.86,11.94)","0.7892","0.1348","0.0152","0.2168","1.0005","1.0013","1.0000","1.0025",6186,5555,5119,6676,3879,3548,3839,4155
"J40_J47_J60_J70_J84_D86_C34","2000_2005","2021_2024",20,"Economic_type_1_EQI+SM+PA+OB","0.00","10.66(5.10,16.37)","8.51(1.70,15.46)","4.06(-3.43,11.55)","-0.48(-9.86,9.11)","0.0002","0.0085","0.2939","0.9246","1.0013","1.0006","1.0015","1.0013",6476,6560,6813,7887,3365,3968,3851,3537
"J40_J47_J60_J70_J84_D86_C34","2000_2005","2021_2024",20,"Economic_type_1_EQI_Air+SM+PA+OB","0.00","-0.84(-7.02,5.39)","3.93(-3.62,11.39)","-0.08(-8.98,8.74)","-0.04(-9.85,9.72)","0.7863","0.3131","0.9896","0.9992","1.0013","1.0005","0.9999","1.0000",6041,6085,7723,7466,3257,4021,3503,3441
"J40_J47_J60_J70_J84_D86_C34","2000_2005","2021_2024",20,"Economic_type_1_EQI_Water+SM+PA+OB","0.00","-4.43(-10.65,1.82)","1.46(-5.44,7.96)","4.54(-2.18,11.26)","4.62(-2.87,12.06)","0.1606","0.6613","0.1973","0.2302","1.0021","1.0029","1.0000","1.0010",6571,5492,5867,6303,3805,3613,3747,3862
"J40_J47_J60_J70_J84_D86_C34","2000_2005","2021_2024",20,"Economic_type_1_EQI_Land+SM+PA+OB","0.00","0.84(-6.67,8.31)","1.49(-5.16,8.12)","0.58(-6.01,7.15)","4.05(-2.86,11.01)","0.8205","0.6626","0.8538","0.2552","1.0013","0.9998","1.0008","1.0019",5481,5770,5113,4125,3380,3933,3394,3800
"J40_J47_J60_J70_J84_D86_C34","2000_2005","2021_2024",20,"Economic_type_1_EQI_Built+SM+PA+OB","0.00","8.02(2.22,13.81)","6.64(-0.23,13.37)","0.46(-6.52,7.65)","0.09(-8.51,8.80)","0.0069","0.0544","0.9171","0.9925","1.0001","1.0005","1.0011","1.0035",6192,6550,6772,8315,3542,3814,3692,3178
"J40_J47_J60_J70_J84_D86_C34","2000_2005","2021_2024",20,"Economic_type_1_EQI_Social+SM+PA+OB","0.00","-0.16(-6.25,6.07)","0.71(-6.11,7.41)","5.08(-1.64,11.91)","4.41(-3.10,12.23)","0.9508","0.8313","0.1460","0.2456","1.0000","1.0002","1.0006","1.0016",5761,5565,5840,5986,3681,3547,3772,3477
"J40_J47_J60_J70_J84_D86_C34","2000_2005","2006_2010",5,"Economic_type_2_EQI+SM+PA+OB","0.00","5.81(-1.34,12.80)","1.17(-6.36,8.89)","0.62(-7.97,9.35)","1.40(-7.97,10.87)","0.1144","0.7767","0.9038","0.7746","1.0005","1.0018","1.0006","1.0016",8208,7829,8826,9133,3207,3798,3489,3417
"J40_J47_J60_J70_J84_D86_C34","2000_2005","2006_2010",5,"Economic_type_2_EQI_Air+SM+PA+OB","0.00","0.95(-6.81,8.62)","7.00(-0.48,14.66)","-1.41(-9.31,6.35)","-1.05(-10.32,8.22)","0.8146","0.0681","0.7330","0.8313","1.0002","1.0002","1.0006","1.0027",6668,6382,6583,7652,3734,3866,3568,3679
"J40_J47_J60_J70_J84_D86_C34","2000_2005","2006_2010",5,"Economic_type_2_EQI_Water+SM+PA+OB","0.00","0.16(-7.42,7.95)","1.90(-6.31,10.22)","0.91(-6.85,8.62)","7.90(0.32,15.43)","0.9971","0.6513","0.8146","0.0377","1.0003","1.0002","1.0019","1.0016",6856,6043,7166,6019,4064,3605,3888,4012
"J40_J47_J60_J70_J84_D86_C34","2000_2005","2006_2010",5,"Economic_type_2_EQI_Land+SM+PA+OB","0.00","2.48(-5.28,10.18)","-1.22(-9.05,6.67)","-4.55(-12.99,3.68)","3.32(-5.36,12.22)","0.5184","0.7355","0.2689","0.4622","1.0017","1.0008","1.0017","1.0002",6985,6578,6765,6491,3825,3425,3516,3630
"J40_J47_J60_J70_J84_D86_C34","2000_2005","2006_2010",5,"Economic_type_2_EQI_Built+SM+PA+OB","0.00","0.80(-6.75,8.53)","3.61(-3.85,11.33)","1.61(-6.07,9.30)","0.97(-7.16,9.40)","0.8504","0.3401","0.6888","0.8100","1.0004","1.0025","1.0009","1.0008",7251,6215,5935,6185,3749,3585,3874,3647
"J40_J47_J60_J70_J84_D86_C34","2000_2005","2006_2010",5,"Economic_type_2_EQI_Social+SM+PA+OB","0.00","-0.25(-7.42,7.12)","-3.18(-11.24,4.59)","-0.02(-8.73,8.73)","1.20(-8.27,10.53)","0.9317","0.4347","0.9933","0.8021","1.0002","1.0012","1.0015","1.0005",6808,6305,6117,7358,3660,3969,3915,3276
"J40_J47_J60_J70_J84_D86_C34","2000_2005","2011_2015",10,"Economic_type_2_EQI+SM+PA+OB","0.00","6.99(-0.04,13.91)","1.90(-5.67,9.48)","2.12(-6.46,10.65)","1.71(-7.17,10.79)","0.0514","0.6272","0.6122","0.7201","1.0010","1.0002","1.0012","1.0026",5848,6842,5875,6584,3690,4245,3684,3302
"J40_J47_J60_J70_J84_D86_C34","2000_2005","2011_2015",10,"Economic_type_2_EQI_Air+SM+PA+OB","0.00","5.21(-1.99,12.68)","7.00(-0.32,14.28)","-1.82(-9.65,5.90)","-0.55(-9.58,8.74)","0.1623","0.0644","0.6663","0.9013","0.9999","1.0024","1.0029","1.0013",7063,6490,6764,7479,3609,3607,3884,3773
"J40_J47_J60_J70_J84_D86_C34","2000_2005","2011_2015",10,"Economic_type_2_EQI_Water+SM+PA+OB","0.00","0.87(-6.67,8.58)","0.37(-7.83,8.58)","0.13(-7.52,7.83)","4.39(-3.22,12.00)","0.8171","0.9200","0.9821","0.2647","1.0009","1.0004","0.9995","1.0005",7113,6163,6255,5665,3783,3508,3705,3636
"J40_J47_J60_J70_J84_D86_C34","2000_2005","2011_2015",10,"Economic_type_2_EQI_Land+SM+PA+OB","0.00","5.92(-1.70,13.34)","-0.14(-7.71,7.37)","-2.05(-10.08,5.97)","1.61(-6.97,10.32)","0.1198","0.9583","0.6142","0.7051","1.0026","0.9997","1.0010","1.0015",5882,5698,7582,6823,3681,3614,3655,3686
"J40_J47_J60_J70_J84_D86_C34","2000_2005","2011_2015",10,"Economic_type_2_EQI_Built+SM+PA+OB","0.00","3.31(-4.29,11.02)","2.81(-4.69,10.19)","0.93(-6.66,8.67)","2.74(-5.37,10.75)","0.4055","0.4480","0.8150","0.4947","1.0028","1.0018","1.0014","1.0005",6323,8104,7741,8251,3650,3584,3718,3838
"J40_J47_J60_J70_J84_D86_C34","2000_2005","2011_2015",10,"Economic_type_2_EQI_Social+SM+PA+OB","0.00","3.86(-3.79,11.47)","-1.82(-9.63,5.96)","0.56(-7.98,8.72)","1.56(-7.81,10.75)","0.3131","0.6559","0.8963","0.7438","1.0005","1.0002","1.0003","1.0011",6940,5370,6591,8270,3702,3447,3849,3831
"J40_J47_J60_J70_J84_D86_C34","2000_2005","2016_2020",15,"Economic_type_2_EQI+SM+PA+OB","0.00","8.61(1.63,15.28)","4.56(-2.97,11.88)","0.63(-7.77,8.93)","2.47(-6.46,11.46)","0.0165","0.2368","0.8721","0.5943","1.0027","1.0016","1.0018","1.0002",5003,4700,4378,5673,3497,3438,3133,4036
"J40_J47_J60_J70_J84_D86_C34","2000_2005","2016_2020",15,"Economic_type_2_EQI_Air+SM+PA+OB","0.00","3.99(-3.21,11.13)","9.20(2.11,16.38)","0.84(-6.49,8.42)","-0.39(-9.49,8.76)","0.2826","0.0127","0.8259","0.9329","1.0001","1.0009","1.0013","1.0026",4901,4944,5076,6880,3256,3827,3305,3360
"J40_J47_J60_J70_J84_D86_C34","2000_2005","2016_2020",15,"Economic_type_2_EQI_Water+SM+PA+OB","0.00","3.62(-4.09,11.15)","0.75(-7.28,8.78)","2.69(-4.78,10.34)","2.64(-5.02,10.44)","0.3560","0.8496","0.5030","0.5039","1.0011","0.9997","1.0005","1.0002",5059,6248,5071,3983,3612,3715,3670,3427
"J40_J47_J60_J70_J84_D86_C34","2000_2005","2016_2020",15,"Economic_type_2_EQI_Land+SM+PA+OB","0.00","3.69(-3.63,11.22)","-0.61(-8.33,6.72)","-3.04(-11.02,4.85)","2.86(-5.80,11.44)","0.3335","0.8846","0.4468","0.5159","1.0030","1.0006","1.0008","1.0008",5440,4121,5573,5455,3482,3021,3385,3258
"J40_J47_J60_J70_J84_D86_C34","2000_2005","2016_2020",15,"Economic_type_2_EQI_Built+SM+PA+OB","0.00","3.75(-4.21,11.31)","1.45(-5.95,8.83)","2.39(-5.03,9.75)","4.23(-3.74,12.10)","0.3289","0.6859","0.5355","0.2922","1.0006","1.0004","1.0007","1.0006",5352,6152,5371,4985,3673,3736,3179,3564
"J40_J47_J60_J70_J84_D86_C34","2000_2005","2016_2020",15,"Economic_type_2_EQI_Social+SM+PA+OB","0.00","5.76(-1.57,12.81)","-2.09(-9.38,5.29)","0.27(-7.97,8.79)","1.02(-8.10,10.28)","0.1185","0.5880","0.9521","0.8238","1.0010","1.0012","1.0014","1.0012",4998,3918,5177,6176,3335,3593,3778,3595
"J40_J47_J60_J70_J84_D86_C34","2000_2005","2021_2024",20,"Economic_type_2_EQI+SM+PA+OB","0.00","6.67(-1.15,14.38)","2.88(-5.34,10.91)","2.59(-5.77,10.96)","0.72(-9.11,10.29)","0.0939","0.4730","0.5397","0.8850","1.0006","1.0015","1.0005","1.0029",6385,5671,6537,6123,4059,3291,3780,3223
"J40_J47_J60_J70_J84_D86_C34","2000_2005","2021_2024",20,"Economic_type_2_EQI_Air+SM+PA+OB","0.00","3.45(-4.39,11.20)","6.97(-0.99,14.97)","0.87(-7.56,9.11)","0.14(-9.18,9.33)","0.4072","0.0889","0.8246","0.9621","1.0014","1.0007","1.0013","1.0020",6370,5551,6813,6752,3717,4040,3815,3687
"J40_J47_J60_J70_J84_D86_C34","2000_2005","2021_2024",20,"Economic_type_2_EQI_Water+SM+PA+OB","0.00","1.50(-6.89,9.84)","1.15(-7.65,9.73)","1.61(-6.64,9.69)","1.71(-6.50,9.90)","0.7238","0.7909","0.6996","0.6801","1.0023","1.0019","1.0011","1.0003",5023,6422,5880,5323,3832,3537,3624,4361
"J40_J47_J60_J70_J84_D86_C34","2000_2005","2021_2024",20,"Economic_type_2_EQI_Land+SM+PA+OB","0.00","6.44(-1.39,14.46)","-0.18(-8.50,8.05)","-3.46(-11.72,4.71)","1.05(-8.05,9.81)","0.1135","0.9571","0.4222","0.8034","1.0001","1.0013","1.0000","1.0011",6256,4381,5996,5600,3899,3497,3701,3646
"J40_J47_J60_J70_J84_D86_C34","2000_2005","2021_2024",20,"Economic_type_2_EQI_Built+SM+PA+OB","0.00","2.69(-5.40,10.49)","2.02(-6.17,10.08)","0.68(-7.54,8.83)","3.20(-5.06,11.33)","0.4943","0.6197","0.8613","0.4547","1.0007","1.0010","1.0020","1.0008",6773,6719,5924,5751,3892,3647,3668,3337
"J40_J47_J60_J70_J84_D86_C34","2000_2005","2021_2024",20,"Economic_type_2_EQI_Social+SM+PA+OB","0.00","1.68(-6.50,9.71)","1.13(-7.06,9.35)","-0.01(-8.61,8.68)","0.50(-8.55,9.56)","0.6842","0.8017","0.9850","0.9092","1.0024","1.0005","1.0007","1.0012",5677,5571,4492,6943,3974,3948,3389,3749
"J40_J47_J60_J70_J84_D86_C34","2000_2005","2006_2010",5,"Economic_type_3_EQI+SM+PA+OB","0.00","-0.01(-3.92,3.86)","0.57(-3.20,4.52)","1.50(-2.49,5.52)","3.14(-1.40,7.59)","0.9925","0.7700","0.4814","0.1781","1.0009","0.9999","1.0012","1.0004",2136,1881,1642,1657,3247,2634,2247,2297
"J40_J47_J60_J70_J84_D86_C34","2000_2005","2006_2010",5,"Economic_type_3_EQI_Air+SM+PA+OB","0.00","-4.08(-8.90,0.58)","1.85(-2.71,6.26)","6.07(1.53,10.41)","8.89(4.26,13.41)","0.0835","0.4272","0.0090","0.0006","1.0012","1.0023","1.0032","1.0033",2449,2294,2031,2201,3174,3165,2659,2881
"J40_J47_J60_J70_J84_D86_C34","2000_2005","2006_2010",5,"Economic_type_3_EQI_Water+SM+PA+OB","0.00","2.89(-1.24,7.14)","0.94(-3.19,5.12)","0.80(-3.34,4.91)","-1.42(-6.10,3.22)","0.1852","0.6634","0.7038","0.5451","1.0009","1.0000","1.0006","1.0007",2182,1955,2137,2289,3120,2977,3083,2705
"J40_J47_J60_J70_J84_D86_C34","2000_2005","2006_2010",5,"Economic_type_3_EQI_Land+SM+PA+OB","0.00","-3.48(-6.51,-0.44)","-1.49(-4.83,1.84)","-2.45(-5.99,1.25)","-2.41(-6.35,1.51)","0.0277","0.3801","0.1848","0.2393","1.0019","1.0000","1.0007","1.0004",3110,2731,2613,2605,3406,3437,2740,3177
"J40_J47_J60_J70_J84_D86_C34","2000_2005","2006_2010",5,"Economic_type_3_EQI_Built+SM+PA+OB","0.00","-0.62(-3.76,2.49)","-2.13(-5.24,0.95)","0.11(-3.07,3.30)","0.51(-3.41,4.40)","0.6680","0.1689","0.9496","0.7917","1.0004","1.0003","1.0005","1.0005",3190,2853,2882,3238,3292,3239,3787,3396
"J40_J47_J60_J70_J84_D86_C34","2000_2005","2006_2010",5,"Economic_type_3_EQI_Social+SM+PA+OB","0.00","0.95(-2.53,4.30)","-0.07(-3.78,3.52)","-2.28(-6.41,1.77)","-4.47(-9.38,0.36)","0.5734","0.9567","0.2572","0.0727","1.0004","1.0025","1.0027","1.0023",3232,2337,2221,2133,3745,3258,3200,2792
"J40_J47_J60_J70_J84_D86_C34","2000_2005","2011_2015",10,"Economic_type_3_EQI+SM+PA+OB","0.00","0.82(-2.99,4.71)","0.05(-3.58,3.72)","0.90(-2.98,4.78)","1.43(-2.89,5.81)","0.6692","0.9758","0.6347","0.5209","1.0005","1.0010","1.0011","1.0020",3738,2546,2123,2224,4200,3487,3575,3284
"J40_J47_J60_J70_J84_D86_C34","2000_2005","2011_2015",10,"Economic_type_3_EQI_Air+SM+PA+OB","0.00","0.06(-4.72,4.99)","3.27(-1.36,7.93)","6.28(1.86,10.90)","6.98(2.31,11.76)","0.9967","0.1668","0.0085","0.0056","1.0015","1.0026","1.0028","1.0031",2077,1778,1782,1839,3182,3015,2743,2650
"J40_J47_J60_J70_J84_D86_C34","2000_2005","2011_2015",10,"Economic_type_3_EQI_Water+SM+PA+OB","0.00","-1.57(-5.73,2.62)","-3.11(-7.21,1.15)","-3.13(-7.21,1.10)","-2.90(-7.45,1.80)","0.4514","0.1348","0.1393","0.2272","1.0019","1.0027","1.0021","1.0014",2538,2393,2438,2402,3034,3042,3470,3031
"J40_J47_J60_J70_J84_D86_C34","2000_2005","2011_2015",10,"Economic_type_3_EQI_Land+SM+PA+OB","0.00","-2.23(-5.32,0.94)","-0.93(-4.22,2.40)","-2.49(-6.24,1.17)","-1.57(-5.75,2.39)","0.1552","0.5868","0.1718","0.4459","1.0004","1.0012","1.0016","1.0006",3489,2717,2495,2595,3734,3508,3175,3053
"J40_J47_J60_J70_J84_D86_C34","2000_2005","2011_2015",10,"Economic_type_3_EQI_Built+SM+PA+OB","0.00","0.32(-2.79,3.48)","-0.36(-3.55,2.81)","1.68(-1.67,4.89)","0.86(-2.99,4.78)","0.8413","0.8209","0.2943","0.6788","1.0011","0.9998","1.0013","1.0007",3623,3152,3060,3407,3694,3627,3642,3514
"J40_J47_J60_J70_J84_D86_C34","2000_2005","2011_2015",10,"Economic_type_3_EQI_Social+SM+PA+OB","0.00","-1.05(-4.48,2.42)","-0.42(-4.07,3.53)","-2.63(-6.62,1.32)","-3.93(-8.91,0.93)","0.5451","0.8175","0.2081","0.1189","1.0008","1.0016","1.0019","1.0026",3313,2517,2204,1972,3532,3269,3272,2945
"J40_J47_J60_J70_J84_D86_C34","2000_2005","2016_2020",15,"Economic_type_3_EQI+SM+PA+OB","0.00","-0.53(-4.15,3.14)","-0.01(-3.59,3.57)","2.42(-1.28,6.21)","1.97(-2.40,6.32)","0.7734","0.9867","0.2156","0.3801","1.0004","1.0001","1.0008","1.0014",2907,2432,1897,2032,3711,3380,3109,3240
"J40_J47_J60_J70_J84_D86_C34","2000_2005","2016_2020",15,"Economic_type_3_EQI_Air+SM+PA+OB","0.00","-2.00(-6.93,2.88)","0.76(-3.80,5.30)","5.57(1.01,10.11)","5.23(0.51,9.94)","0.4297","0.7451","0.0148","0.0310","1.0017","1.0023","1.0017","1.0036",2153,1804,1781,1830,2895,2875,2978,2704
"J40_J47_J60_J70_J84_D86_C34","2000_2005","2016_2020",15,"Economic_type_3_EQI_Water+SM+PA+OB","0.00","-2.33(-6.61,1.78)","-3.46(-7.56,0.61)","-2.64(-6.86,1.59)","-2.44(-7.11,2.10)","0.2764","0.0960","0.2077","0.3076","1.0018","1.0021","1.0016","1.0016",1909,1932,2017,2076,2844,3098,3208,2854
"J40_J47_J60_J70_J84_D86_C34","2000_2005","2016_2020",15,"Economic_type_3_EQI_Land+SM+PA+OB","0.00","-2.00(-5.06,1.05)","-3.60(-6.91,-0.34)","-2.87(-6.49,0.80)","-0.91(-4.88,3.00)","0.1993","0.0340","0.1268","0.6476","1.0015","1.0016","1.0004","1.0013",3389,2808,2650,2709,3645,3717,3325,3277
"J40_J47_J60_J70_J84_D86_C34","2000_2005","2016_2020",15,"Economic_type_3_EQI_Built+SM+PA+OB","0.00","2.30(-0.79,5.41)","2.30(-0.80,5.35)","3.25(0.05,6.48)","3.01(-0.80,6.91)","0.1473","0.1498","0.0469","0.1393","1.0006","1.0012","1.0006","1.0008",2788,2571,2446,2642,3158,3752,3474,3043
"J40_J47_J60_J70_J84_D86_C34","2000_2005","2016_2020",15,"Economic_type_3_EQI_Social+SM+PA+OB","0.00","1.69(-1.67,5.01)","-0.41(-4.18,3.31)","-2.94(-6.98,0.95)","-5.99(-10.77,-1.21)","0.3285","0.8238","0.1393","0.0152","1.0012","1.0024","1.0029","1.0020",3215,2229,2047,2067,3606,3149,2890,2869
"J40_J47_J60_J70_J84_D86_C34","2000_2005","2021_2024",20,"Economic_type_3_EQI+SM+PA+OB","0.00","-0.51(-4.68,3.75)","-1.79(-6.10,2.53)","-2.78(-7.17,1.54)","-5.10(-9.93,-0.09)","0.8117","0.4001","0.2081","0.0452","1.0005","1.0000","0.9997","1.0000",3811,3286,2638,2519,3805,3560,3144,3467
"J40_J47_J60_J70_J84_D86_C34","2000_2005","2021_2024",20,"Economic_type_3_EQI_Air+SM+PA+OB","0.00","-0.38(-5.56,4.79)","2.44(-2.43,7.36)","5.40(0.47,10.17)","2.50(-2.51,7.45)","0.8834","0.3301","0.0323","0.3281","1.0028","1.0029","1.0044","1.0037",2677,2386,2221,2392,3395,3424,3051,3267
"J40_J47_J60_J70_J84_D86_C34","2000_2005","2021_2024",20,"Economic_type_3_EQI_Water+SM+PA+OB","0.00","-0.62(-5.43,4.17)","-2.65(-7.32,1.94)","-2.10(-6.94,2.60)","-4.67(-9.84,0.47)","0.7917","0.2593","0.3885","0.0789","1.0014","1.0013","1.0018","1.0011",2514,2426,2475,2624,3250,3373,3031,3341
"J40_J47_J60_J70_J84_D86_C34","2000_2005","2021_2024",20,"Economic_type_3_EQI_Land+SM+PA+OB","0.00","-6.48(-10.09,-2.70)","-3.71(-7.50,0.17)","-5.09(-9.31,-0.82)","-4.61(-9.26,-0.18)","0.0002","0.0660","0.0165","0.0414","1.0009","1.0005","1.0000","1.0002",4290,3278,2797,3137,3327,3843,3381,3433
"J40_J47_J60_J70_J84_D86_C34","2000_2005","2021_2024",20,"Economic_type_3_EQI_Built+SM+PA+OB","0.00","2.69(-0.91,6.33)","1.87(-1.92,5.55)","2.04(-1.75,5.80)","3.35(-1.04,7.92)","0.1381","0.3093","0.2926","0.1460","1.0010","1.0017","1.0022","1.0009",4200,3509,3193,3521,4062,3889,3387,3401
"J40_J47_J60_J70_J84_D86_C34","2000_2005","2021_2024",20,"Economic_type_3_EQI_Social+SM+PA+OB","0.00","2.70(-1.15,6.57)","-0.12(-4.33,4.01)","-4.37(-8.76,-0.02)","-8.07(-13.15,-3.01)","0.1689","0.9483","0.0489","0.0027","1.0001","1.0008","1.0008","1.0003",3502,2780,2413,2478,3580,3349,3194,3128
"J40_J47_J60_J70_J84_D86_C34","2000_2005","2006_2010",5,"Economic_type_4_EQI+SM+PA+OB","0.00","3.36(-1.86,8.50)","7.94(3.29,12.45)","6.65(1.28,11.86)","5.72(-0.09,11.50)","0.2089","0.0015","0.0160","0.0544","1.0018","1.0011","1.0012","1.0009",3426,3040,3001,2762,3174,3519,3283,3733
"J40_J47_J60_J70_J84_D86_C34","2000_2005","2006_2010",5,"Economic_type_4_EQI_Air+SM+PA+OB","0.00","8.40(2.92,14.03)","5.85(0.85,11.10)","7.34(2.30,12.44)","7.04(1.61,12.33)","0.0027","0.0231","0.0027","0.0090","1.0002","1.0001","1.0007","1.0010",4392,3698,3258,3349,3829,3524,3263,3736
"J40_J47_J60_J70_J84_D86_C34","2000_2005","2006_2010",5,"Economic_type_4_EQI_Water+SM+PA+OB","0.00","-3.06(-8.38,2.39)","-2.44(-7.65,2.87)","-1.75(-7.31,3.72)","-0.70(-5.98,4.56)","0.2710","0.3605","0.5343","0.7905","1.0008","1.0012","0.9998","1.0005",4200,3642,3497,3248,3998,3627,3474,3618
"J40_J47_J60_J70_J84_D86_C34","2000_2005","2006_2010",5,"Economic_type_4_EQI_Land+SM+PA+OB","0.00","-4.31(-8.98,0.38)","-1.16(-6.06,3.85)","2.81(-2.35,8.14)","1.92(-3.80,7.66)","0.0660","0.6576","0.2856","0.5097","1.0013","1.0001","1.0013","1.0008",4014,4704,4600,3771,3668,3765,3740,3627
"J40_J47_J60_J70_J84_D86_C34","2000_2005","2006_2010",5,"Economic_type_4_EQI_Built+SM+PA+OB","0.00","-3.05(-8.19,1.91)","-0.10(-5.26,4.99)","3.28(-2.03,8.68)","-0.35(-5.60,4.93)","0.2443","0.9675","0.2189","0.8992","0.9998","1.0008","1.0008","1.0006",4362,3962,3221,3382,3858,3846,3438,3697
"J40_J47_J60_J70_J84_D86_C34","2000_2005","2006_2010",5,"Economic_type_4_EQI_Social+SM+PA+OB","0.00","2.04(-2.70,6.73)","3.24(-1.97,8.48)","2.12(-3.47,7.64)","2.74(-2.74,8.39)","0.3843","0.2122","0.4468","0.3531","1.0031","1.0005","1.0004","1.0021",3754,3729,3959,3297,3808,3660,3678,3329
"J40_J47_J60_J70_J84_D86_C34","2000_2005","2011_2015",10,"Economic_type_4_EQI+SM+PA+OB","0.00","3.85(-1.22,8.92)","7.83(2.91,12.67)","6.19(0.79,11.40)","4.42(-1.63,10.27)","0.1435","0.0010","0.0223","0.1418","1.0000","1.0003","1.0021","1.0020",3907,2888,2270,2141,4046,3193,3103,2996
"J40_J47_J60_J70_J84_D86_C34","2000_2005","2011_2015",10,"Economic_type_4_EQI_Air+SM+PA+OB","0.00","8.40(2.81,13.77)","8.03(2.87,13.09)","7.61(2.57,12.59)","7.52(2.11,12.80)","0.0015","0.0023","0.0027","0.0069","1.0006","1.0023","1.0006","1.0008",4723,4425,3970,3808,3825,4011,3057,3791
"J40_J47_J60_J70_J84_D86_C34","2000_2005","2011_2015",10,"Economic_type_4_EQI_Water+SM+PA+OB","0.00","2.57(-2.74,7.92)","-1.40(-6.61,3.89)","-0.50(-5.77,4.97)","2.16(-3.16,7.33)","0.3506","0.5918","0.8563","0.4239","0.9997","1.0021","1.0002","0.9996",4328,4338,4409,4067,3695,3686,3984,4017
"J40_J47_J60_J70_J84_D86_C34","2000_2005","2011_2015",10,"Economic_type_4_EQI_Land+SM+PA+OB","0.00","-2.96(-7.65,1.64)","0.51(-4.35,5.33)","1.87(-3.23,7.08)","2.35(-3.69,8.08)","0.2168","0.8438","0.4818","0.4272","1.0012","1.0003","1.0010","1.0020",5276,4166,4869,4458,3866,3597,3659,3512
"J40_J47_J60_J70_J84_D86_C34","2000_2005","2011_2015",10,"Economic_type_4_EQI_Built+SM+PA+OB","0.00","-0.01(-5.18,5.14)","4.75(-0.44,9.92)","3.79(-1.54,9.05)","1.57(-3.83,6.87)","0.9988","0.0727","0.1577","0.5480","1.0008","1.0003","1.0012","1.0017",4688,4410,3652,3730,3623,3605,3326,3254
"J40_J47_J60_J70_J84_D86_C34","2000_2005","2011_2015",10,"Economic_type_4_EQI_Social+SM+PA+OB","0.00","4.77(0.18,9.33)","2.68(-2.40,7.75)","-0.18(-5.61,5.35)","-0.65(-6.30,4.97)","0.0406","0.3126","0.9517","0.8159","1.0008","1.0007","1.0009","1.0001",4606,4300,4590,3950,3662,4133,3798,3866
"J40_J47_J60_J70_J84_D86_C34","2000_2005","2016_2020",15,"Economic_type_4_EQI+SM+PA+OB","0.00","1.08(-3.74,6.08)","6.75(2.13,11.36)","4.38(-0.78,9.32)","3.06(-2.64,8.55)","0.6638","0.0069","0.0927","0.2814","1.0010","1.0011","1.0002","1.0009",4703,3776,3849,3250,3359,3857,3727,3735
"J40_J47_J60_J70_J84_D86_C34","2000_2005","2016_2020",15,"Economic_type_4_EQI_Air+SM+PA+OB","0.00","8.88(3.78,14.00)","4.95(0.24,9.75)","6.93(2.19,11.69)","4.69(-0.33,9.70)","0.0010","0.0394","0.0031","0.0669","1.0002","0.9999","1.0008","1.0008",4334,3588,2946,2821,3784,3914,3459,3389
"J40_J47_J60_J70_J84_D86_C34","2000_2005","2016_2020",15,"Economic_type_4_EQI_Water+SM+PA+OB","0.00","1.63(-3.44,6.88)","-3.76(-8.67,1.32)","-1.04(-6.21,4.21)","-0.13(-5.15,4.95)","0.5397","0.1535","0.6846","0.9483","1.0001","1.0007","1.0023","1.0011",3683,3955,3942,3262,3425,3466,3391,3171
"J40_J47_J60_J70_J84_D86_C34","2000_2005","2016_2020",15,"Economic_type_4_EQI_Land+SM+PA+OB","0.00","-3.93(-8.51,0.63)","-2.84(-7.38,1.80)","-1.33(-6.25,3.63)","1.00(-4.32,6.72)","0.0902","0.2347","0.5880","0.7359","1.0000","1.0015","1.0011","1.0007",4604,4216,3645,3562,3694,3865,3522,3598
"J40_J47_J60_J70_J84_D86_C34","2000_2005","2016_2020",15,"Economic_type_4_EQI_Built+SM+PA+OB","0.00","-1.81(-6.61,2.99)","4.18(-0.68,8.92)","3.87(-1.09,8.70)","2.58(-2.44,7.52)","0.4701","0.0935","0.1335","0.3047","1.0007","1.0008","1.0003","1.0008",4179,4019,3312,3385,4042,3658,3368,3618
"J40_J47_J60_J70_J84_D86_C34","2000_2005","2016_2020",15,"Economic_type_4_EQI_Social+SM+PA+OB","0.00","5.85(1.50,10.33)","2.89(-2.11,7.67)","-0.72(-5.93,4.46)","0.15(-5.01,5.48)","0.0060","0.2564","0.7867","0.9558","1.0003","1.0005","1.0011","1.0001",3337,3130,3314,3211,3532,3405,3593,3710
"J40_J47_J60_J70_J84_D86_C34","2000_2005","2021_2024",20,"Economic_type_4_EQI+SM+PA+OB","0.00","0.57(-5.26,6.38)","6.64(1.27,12.11)","2.89(-3.04,8.65)","1.11(-5.21,7.31)","0.8588","0.0140","0.3322","0.7367","1.0031","1.0010","1.0005","1.0024",5621,4264,4298,3275,3919,3615,3819,3559
"J40_J47_J60_J70_J84_D86_C34","2000_2005","2021_2024",20,"Economic_type_4_EQI_Air+SM+PA+OB","0.00","7.05(0.75,13.25)","5.57(-0.36,11.46)","6.39(0.76,11.91)","2.01(-3.71,7.82)","0.0298","0.0648","0.0240","0.4830","1.0012","1.0009","1.0000","1.0013",3726,3699,3345,3541,3477,3626,3525,3396
"J40_J47_J60_J70_J84_D86_C34","2000_2005","2021_2024",20,"Economic_type_4_EQI_Water+SM+PA+OB","0.00","0.15(-5.80,6.19)","-3.26(-9.42,2.80)","-0.72(-6.59,5.26)","-1.99(-7.58,3.64)","0.9742","0.2835","0.8059","0.4955","1.0003","1.0008","1.0006","1.0000",4881,5051,4438,4213,3571,3874,4227,3535
"J40_J47_J60_J70_J84_D86_C34","2000_2005","2021_2024",20,"Economic_type_4_EQI_Land+SM+PA+OB","0.00","-4.96(-10.36,0.50)","-2.27(-7.97,3.44)","-3.67(-9.44,1.94)","-0.88(-7.03,5.29)","0.0773","0.4330","0.2168","0.7809","1.0018","1.0002","1.0005","1.0002",4668,4612,4767,4495,3689,3401,3842,3721
"J40_J47_J60_J70_J84_D86_C34","2000_2005","2021_2024",20,"Economic_type_4_EQI_Built+SM+PA+OB","0.00","-0.76(-6.53,5.24)","4.28(-1.64,10.09)","6.23(0.21,12.29)","2.42(-3.70,8.34)","0.7696","0.1502","0.0423","0.4176","1.0011","1.0001","1.0009","1.0008",4467,4034,3792,3495,3583,3553,3812,3516
"J40_J47_J60_J70_J84_D86_C34","2000_2005","2021_2024",20,"Economic_type_4_EQI_Social+SM+PA+OB","0.00","2.92(-2.43,8.13)","2.74(-3.11,8.59)","0.64(-5.18,6.72)","-3.30(-9.59,3.02)","0.2743","0.3660","0.8375","0.2906","1.0013","1.0007","1.0009","1.0011",3730,3667,4530,3553,3526,3812,3653,3784
"J40_J47_J60_J70_J84_D86_C34","2000_2005","2006_2010",5,"Economic_type_5_EQI+SM+PA+OB","0.00","-1.88(-8.67,4.54)","-0.58(-6.71,5.47)","5.72(-0.17,11.89)","10.66(5.01,16.66)","0.5859","0.8629","0.0614","0.0006","1.0006","1.0006","1.0004","1.0007",4212,3627,3344,2761,3378,3637,3730,3277
"J40_J47_J60_J70_J84_D86_C34","2000_2005","2006_2010",5,"Economic_type_5_EQI_Air+SM+PA+OB","0.00","5.28(-0.82,11.46)","8.44(2.26,14.43)","8.76(3.20,14.24)","8.93(3.65,14.20)","0.0894","0.0069","0.0002","0.0002","1.0016","1.0008","1.0015","1.0015",3549,3535,3507,3140,3417,3445,3805,3456
"J40_J47_J60_J70_J84_D86_C34","2000_2005","2006_2010",5,"Economic_type_5_EQI_Water+SM+PA+OB","0.00","-5.07(-10.97,0.61)","0.69(-4.67,6.00)","7.47(2.34,12.62)","6.27(1.10,11.51)","0.0831","0.8055","0.0044","0.0160","1.0004","1.0013","0.9998","1.0020",3983,3607,3979,2881,3539,3174,3716,3564
"J40_J47_J60_J70_J84_D86_C34","2000_2005","2006_2010",5,"Economic_type_5_EQI_Land+SM+PA+OB","0.00","3.74(-1.46,9.11)","1.63(-3.77,7.06)","2.40(-2.86,7.59)","1.08(-3.99,6.12)","0.1664","0.5522","0.3747","0.6722","1.0010","1.0002","0.9999","1.0002",3372,3628,3731,3421,3443,3530,3862,3762
"J40_J47_J60_J70_J84_D86_C34","2000_2005","2006_2010",5,"Economic_type_5_EQI_Built+SM+PA+OB","0.00","-1.14(-8.09,6.02)","-0.21(-6.66,6.25)","2.63(-3.29,8.57)","1.42(-4.44,7.10)","0.7671","0.9596","0.3872","0.6063","1.0007","1.0018","1.0012","1.0004",4507,3475,2874,2694,3432,3292,3312,3238
"J40_J47_J60_J70_J84_D86_C34","2000_2005","2006_2010",5,"Economic_type_5_EQI_Social+SM+PA+OB","0.00","-1.66(-8.30,4.78)","-1.88(-7.81,3.82)","1.83(-3.80,7.40)","7.65(1.78,13.52)","0.6255","0.5230","0.5205","0.0119","1.0019","1.0010","1.0007","1.0011",4018,3462,3136,2876,3562,3473,3356,3240
"J40_J47_J60_J70_J84_D86_C34","2000_2005","2011_2015",10,"Economic_type_5_EQI+SM+PA+OB","0.00","-2.30(-8.58,3.95)","2.00(-3.91,7.58)","6.04(0.17,11.72)","8.62(2.84,14.13)","0.4651","0.4884","0.0419","0.0052","1.0001","1.0009","1.0020","1.0014",2928,2697,2275,2126,3376,3247,2356,2383
"J40_J47_J60_J70_J84_D86_C34","2000_2005","2011_2015",10,"Economic_type_5_EQI_Air+SM+PA+OB","0.00","7.25(1.61,13.07)","8.19(2.48,13.98)","8.76(3.52,13.92)","6.07(1.00,10.97)","0.0106","0.0044","0.0010","0.0148","1.0013","1.0012","1.0002","0.9996",4610,4230,4195,4043,3625,3702,4367,3944
"J40_J47_J60_J70_J84_D86_C34","2000_2005","2011_2015",10,"Economic_type_5_EQI_Water+SM+PA+OB","0.00","-5.54(-10.88,-0.04)","0.67(-4.32,5.53)","9.40(4.66,14.23)","4.95(0.16,9.76)","0.0494","0.7975","0.0006","0.0410","1.0010","1.0005","1.0028","1.0008",5362,4899,5152,4240,3861,3951,3863,4081
"J40_J47_J60_J70_J84_D86_C34","2000_2005","2011_2015",10,"Economic_type_5_EQI_Land+SM+PA+OB","0.00","1.30(-3.62,6.34)","0.89(-4.23,5.78)","2.45(-2.78,7.59)","1.54(-3.68,6.35)","0.6192","0.7117","0.3510","0.5363","1.0007","1.0004","1.0007","1.0023",4788,4274,4605,3700,3694,2767,3750,3460
"J40_J47_J60_J70_J84_D86_C34","2000_2005","2011_2015",10,"Economic_type_5_EQI_Built+SM+PA+OB","0.00","-0.97(-8.03,6.04)","1.16(-4.96,7.21)","3.60(-1.92,9.04)","2.71(-2.55,8.05)","0.7796","0.6967","0.1985","0.3160","1.0004","1.0008","1.0009","1.0004",5753,5071,4274,4181,3927,4024,3844,4093
"J40_J47_J60_J70_J84_D86_C34","2000_2005","2011_2015",10,"Economic_type_5_EQI_Social+SM+PA+OB","0.00","1.66(-4.47,7.91)","0.00(-5.08,5.25)","0.91(-4.25,6.31)","5.97(0.54,11.62)","0.6026","0.9883","0.7271","0.0365","1.0008","1.0008","1.0002","1.0002",4784,4108,3637,3493,3856,3620,3483,3649
"J40_J47_J60_J70_J84_D86_C34","2000_2005","2016_2020",15,"Economic_type_5_EQI+SM+PA+OB","0.00","-2.63(-8.86,3.44)","0.03(-5.50,5.60)","2.81(-2.73,8.23)","4.85(-0.68,10.32)","0.4005","0.9996","0.3185","0.0869","0.9999","1.0015","1.0020","1.0021",4319,3573,3341,2899,3345,3668,2951,3007
"J40_J47_J60_J70_J84_D86_C34","2000_2005","2016_2020",15,"Economic_type_5_EQI_Air+SM+PA+OB","0.00","7.16(1.57,12.52)","8.19(2.71,13.62)","7.08(2.16,11.93)","4.66(-0.23,9.49)","0.0131","0.0040","0.0060","0.0619","1.0015","1.0013","1.0003","1.0021",5065,5149,4563,4276,3543,3707,4094,4029
"J40_J47_J60_J70_J84_D86_C34","2000_2005","2016_2020",15,"Economic_type_5_EQI_Water+SM+PA+OB","0.00","-4.85(-9.96,0.43)","0.24(-4.62,5.12)","7.65(3.17,12.32)","4.35(-0.31,9.06)","0.0735","0.9442","0.0010","0.0652","1.0004","1.0005","0.9995","1.0012",5452,5044,4629,4514,4050,4018,3733,3638
"J40_J47_J60_J70_J84_D86_C34","2000_2005","2016_2020",15,"Economic_type_5_EQI_Land+SM+PA+OB","0.00","2.84(-1.79,7.46)","2.07(-2.55,6.80)","2.58(-2.18,7.38)","2.09(-2.59,6.74)","0.2264","0.3960","0.2777","0.3789","0.9998","1.0011","1.0003","1.0004",4778,4848,4027,3982,3675,3972,4052,3790
"J40_J47_J60_J70_J84_D86_C34","2000_2005","2016_2020",15,"Economic_type_5_EQI_Built+SM+PA+OB","0.00","0.13(-6.48,6.55)","1.02(-5.21,6.84)","3.41(-2.06,8.77)","1.23(-4.33,6.56)","0.9729","0.7309","0.2156","0.6559","1.0008","1.0006","1.0009","1.0007",6177,4752,4168,4049,3979,4107,3531,3364
"J40_J47_J60_J70_J84_D86_C34","2000_2005","2016_2020",15,"Economic_type_5_EQI_Social+SM+PA+OB","0.00","2.64(-3.35,8.50)","2.15(-2.92,7.24)","1.68(-3.23,6.51)","5.09(-0.18,10.22)","0.3726","0.3935","0.5114","0.0577","1.0025","1.0006","1.0013","1.0008",4938,4240,3780,3517,3935,3886,4179,3868
"J40_J47_J60_J70_J84_D86_C34","2000_2005","2021_2024",20,"Economic_type_5_EQI+SM+PA+OB","0.00","0.46(-5.86,6.92)","0.68(-5.20,6.41)","0.50(-5.13,6.07)","0.54(-5.20,6.27)","0.8854","0.8088","0.8671","0.8459","1.0011","1.0021","1.0016","1.0014",4802,3943,3417,3303,3613,3816,3465,3508
"J40_J47_J60_J70_J84_D86_C34","2000_2005","2021_2024",20,"Economic_type_5_EQI_Air+SM+PA+OB","0.00","8.81(3.19,14.52)","7.00(1.28,12.68)","5.22(-0.01,10.23)","0.38(-4.70,5.47)","0.0023","0.0165","0.0510","0.8875","1.0026","1.0014","1.0010","1.0012",5089,4287,4504,3856,3861,4224,4030,3790
"J40_J47_J60_J70_J84_D86_C34","2000_2005","2021_2024",20,"Economic_type_5_EQI_Water+SM+PA+OB","0.00","-3.49(-9.24,2.32)","1.00(-4.46,6.58)","6.47(1.11,11.44)","1.94(-3.56,7.37)","0.2218","0.7271","0.0190","0.4997","1.0011","1.0022","1.0002","1.0000",5633,4796,5026,4234,3884,4247,3956,3432
"J40_J47_J60_J70_J84_D86_C34","2000_2005","2021_2024",20,"Economic_type_5_EQI_Land+SM+PA+OB","0.00","0.67(-4.11,5.50)","0.57(-4.63,5.55)","0.44(-4.76,5.68)","0.26(-4.97,5.46)","0.7963","0.8217","0.8738","0.9200","0.9999","1.0011","1.0013","1.0002",5109,4783,4544,4528,3940,3737,3871,3901
"J40_J47_J60_J70_J84_D86_C34","2000_2005","2021_2024",20,"Economic_type_5_EQI_Built+SM+PA+OB","0.00","0.50(-6.29,7.30)","1.55(-4.51,7.46)","2.94(-2.47,8.48)","0.44(-4.89,5.98)","0.8913","0.6272","0.2835","0.8713","0.9999","1.0006","1.0000","1.0004",8013,4802,4740,4264,4031,3950,4128,3627
"J40_J47_J60_J70_J84_D86_C34","2000_2005","2021_2024",20,"Economic_type_5_EQI_Social+SM+PA+OB","0.00","2.06(-4.22,8.27)","3.29(-2.06,8.58)","0.55(-4.62,5.90)","3.59(-1.96,9.03)","0.5151","0.2393","0.8488","0.2164","1.0005","1.0017","1.0020","1.0004",6510,5004,4501,4107,3887,4168,4441,4099
"J40_J47_J60_J70_J84_D86_C34","2000_2005","2006_2010",5,"Economic_type_6_EQI+SM+PA+OB","0.00","-0.61(-4.16,2.93)","0.70(-2.89,4.24)","-0.66(-4.35,3.08)","1.82(-2.45,6.17)","0.7438","0.6946","0.7292","0.3955","1.0008","0.9997","1.0011","1.0007",4194,3643,3210,2912,3551,3778,3685,3341
"J40_J47_J60_J70_J84_D86_C34","2000_2005","2006_2010",5,"Economic_type_6_EQI_Air+SM+PA+OB","0.00","-2.82(-6.33,0.87)","0.18(-3.40,3.82)","3.78(-0.01,7.57)","3.94(-0.12,7.82)","0.1260","0.9121","0.0514","0.0560","1.0018","1.0020","1.0007","1.0002",3154,3062,2794,3071,3384,3832,3795,3559
"J40_J47_J60_J70_J84_D86_C34","2000_2005","2006_2010",5,"Economic_type_6_EQI_Water+SM+PA+OB","0.00","-0.10(-4.21,3.85)","-0.29(-4.15,3.44)","-0.89(-4.87,3.16)","0.04(-3.99,4.01)","0.9604","0.8867","0.6647","0.9833","1.0003","1.0002","1.0001","1.0008",3637,3168,3133,3210,3926,3395,3690,3651
"J40_J47_J60_J70_J84_D86_C34","2000_2005","2006_2010",5,"Economic_type_6_EQI_Land+SM+PA+OB","0.00","-2.33(-5.60,0.90)","-4.20(-7.70,-0.67)","-5.19(-9.01,-1.48)","-2.40(-6.35,1.38)","0.1514","0.0210","0.0081","0.2268","1.0006","1.0018","1.0013","1.0007",4602,3599,3430,3225,4003,3939,3525,3152
"J40_J47_J60_J70_J84_D86_C34","2000_2005","2006_2010",5,"Economic_type_6_EQI_Built+SM+PA+OB","0.00","0.54(-2.83,4.08)","-2.05(-5.44,1.40)","-0.96(-4.56,2.79)","-1.74(-5.48,2.04)","0.7817","0.2560","0.5976","0.3843","1.0002","0.9999","1.0008","1.0012",3677,3313,3210,3095,3593,3592,3470,3815
"J40_J47_J60_J70_J84_D86_C34","2000_2005","2006_2010",5,"Economic_type_6_EQI_Social+SM+PA+OB","0.00","2.02(-1.36,5.50)","-3.18(-6.84,0.44)","-1.84(-5.90,1.99)","-0.97(-5.50,3.46)","0.2302","0.0839","0.3710","0.6809","1.0011","1.0006","1.0012","1.0014",3888,3503,2854,2607,3787,4025,3556,3472
"J40_J47_J60_J70_J84_D86_C34","2000_2005","2011_2015",10,"Economic_type_6_EQI+SM+PA+OB","0.00","2.59(-0.93,6.13)","2.27(-1.30,5.95)","2.54(-1.29,6.44)","3.39(-0.98,7.79)","0.1577","0.2272","0.2081","0.1343","1.0011","1.0006","1.0001","1.0009",4456,4284,3127,3662,3953,3903,3338,3459
"J40_J47_J60_J70_J84_D86_C34","2000_2005","2011_2015",10,"Economic_type_6_EQI_Air+SM+PA+OB","0.00","-0.85(-4.46,2.63)","2.15(-1.50,5.71)","4.99(1.32,8.66)","1.52(-2.47,5.55)","0.6497","0.2431","0.0098","0.4614","0.9999","1.0002","0.9999","1.0009",3631,3319,3252,3285,4138,3381,3566,3707
"J40_J47_J60_J70_J84_D86_C34","2000_2005","2011_2015",10,"Economic_type_6_EQI_Water+SM+PA+OB","0.00","0.24(-3.90,4.42)","-1.61(-5.65,2.34)","0.14(-3.86,4.18)","0.54(-3.67,4.59)","0.9154","0.4335","0.9325","0.7905","1.0024","1.0017","1.0017","1.0011",2853,2619,2662,2689,3012,3539,3871,3524
"J40_J47_J60_J70_J84_D86_C34","2000_2005","2011_2015",10,"Economic_type_6_EQI_Land+SM+PA+OB","0.00","0.08(-3.11,3.30)","-2.90(-6.45,0.62)","-3.67(-7.44,0.11)","-1.28(-5.30,2.72)","0.9758","0.1035","0.0594","0.5238","1.0016","1.0011","1.0010","1.0019",4519,3462,3141,3185,3711,3673,3807,3859
"J40_J47_J60_J70_J84_D86_C34","2000_2005","2011_2015",10,"Economic_type_6_EQI_Built+SM+PA+OB","0.00","0.66(-2.78,3.97)","0.62(-2.83,3.95)","1.51(-2.01,5.12)","2.01(-1.84,5.64)","0.6792","0.7305","0.4126","0.2831","1.0001","1.0013","1.0005","1.0008",3215,2470,2638,2213,3438,3568,3566,3381
"J40_J47_J60_J70_J84_D86_C34","2000_2005","2011_2015",10,"Economic_type_6_EQI_Social+SM+PA+OB","0.00","0.32(-2.98,3.60)","-1.74(-5.32,1.88)","-0.83(-4.89,3.11)","0.70(-3.82,5.22)","0.8575","0.3489","0.6742","0.7780","0.9999","1.0008","1.0000","1.0013",3959,3236,2917,2542,3545,3967,3526,3320
"J40_J47_J60_J70_J84_D86_C34","2000_2005","2016_2020",15,"Economic_type_6_EQI+SM+PA+OB","0.00","2.69(-0.65,6.03)","2.25(-1.19,5.68)","1.65(-1.95,5.32)","2.97(-1.02,7.12)","0.1139","0.2027","0.3655","0.1556","1.0008","1.0009","1.0010","1.0019",4113,3480,2880,2752,3509,3758,3372,3382
"J40_J47_J60_J70_J84_D86_C34","2000_2005","2016_2020",15,"Economic_type_6_EQI_Air+SM+PA+OB","0.00","-2.86(-6.28,0.60)","0.68(-2.79,4.20)","2.96(-0.62,6.62)","-1.86(-5.66,2.09)","0.1081","0.7021","0.1052","0.3443","1.0016","1.0018","1.0023","1.0015",3117,3022,2852,2869,3983,3615,3537,3120
"J40_J47_J60_J70_J84_D86_C34","2000_2005","2016_2020",15,"Economic_type_6_EQI_Water+SM+PA+OB","0.00","0.26(-3.71,4.19)","-0.95(-4.75,2.95)","1.02(-2.98,5.12)","0.88(-3.13,5.07)","0.8859","0.6305","0.6180","0.6772","1.0017","1.0018","1.0019","1.0019",3140,2894,2800,2844,3694,3424,3923,3549
"J40_J47_J60_J70_J84_D86_C34","2000_2005","2016_2020",15,"Economic_type_6_EQI_Land+SM+PA+OB","0.00","-0.05(-3.16,3.02)","-3.28(-6.62,0.00)","-2.41(-6.12,1.23)","-0.15(-3.92,3.73)","0.9913","0.0506","0.2010","0.9363","1.0010","1.0002","1.0015","1.0001",4267,3104,2758,2658,3604,3552,3263,2728
"J40_J47_J60_J70_J84_D86_C34","2000_2005","2016_2020",15,"Economic_type_6_EQI_Built+SM+PA+OB","0.00","0.93(-2.39,4.18)","3.28(-0.03,6.58)","3.19(-0.30,6.63)","1.82(-1.79,5.41)","0.5855","0.0519","0.0744","0.3247","1.0005","1.0006","0.9999","1.0002",3664,3038,3200,3110,3680,3764,3490,3363
"J40_J47_J60_J70_J84_D86_C34","2000_2005","2016_2020",15,"Economic_type_6_EQI_Social+SM+PA+OB","0.00","0.21(-2.98,3.43)","-2.83(-6.31,0.59)","-0.56(-4.28,3.29)","-0.40(-4.79,4.00)","0.8871","0.1127","0.7671","0.8613","1.0016","1.0023","1.0030","1.0036",3891,3236,2663,2334,3613,3723,3335,3092
"J40_J47_J60_J70_J84_D86_C34","2000_2005","2021_2024",20,"Economic_type_6_EQI+SM+PA+OB","0.00","4.78(0.71,8.80)","-2.50(-6.54,1.73)","-1.91(-6.22,2.43)","-4.98(-9.88,-0.19)","0.0260","0.2364","0.4005","0.0402","1.0002","0.9998","1.0012","1.0022",3925,3575,3013,2910,3671,3766,3209,3068
"J40_J47_J60_J70_J84_D86_C34","2000_2005","2021_2024",20,"Economic_type_6_EQI_Air+SM+PA+OB","0.00","-1.87(-5.92,2.21)","-0.14(-4.24,4.01)","-0.13(-4.37,4.00)","-5.49(-10.17,-0.70)","0.3618","0.9550","0.9613","0.0240","1.0006","1.0013","1.0011","1.0012",4266,3826,3487,3927,4433,3549,3653,4098
"J40_J47_J60_J70_J84_D86_C34","2000_2005","2021_2024",20,"Economic_type_6_EQI_Water+SM+PA+OB","0.00","-0.38(-5.10,4.44)","-3.66(-8.35,0.99)","1.76(-2.80,6.44)","-1.36(-6.29,3.44)","0.8609","0.1281","0.4501","0.5776","1.0002","1.0012","1.0020","1.0009",3937,3548,3204,3638,3400,3533,3836,3735
"J40_J47_J60_J70_J84_D86_C34","2000_2005","2021_2024",20,"Economic_type_6_EQI_Land+SM+PA+OB","0.00","0.46(-3.37,4.37)","-2.18(-6.21,1.75)","-4.34(-8.79,0.26)","-1.88(-6.50,2.73)","0.8100","0.2881","0.0614","0.4422","1.0008","1.0018","1.0007","1.0002",5030,3925,3600,3566,4031,3990,3740,4102
"J40_J47_J60_J70_J84_D86_C34","2000_2005","2021_2024",20,"Economic_type_6_EQI_Built+SM+PA+OB","0.00","0.72(-3.24,4.74)","2.02(-1.77,5.90)","1.35(-2.83,5.37)","2.02(-2.18,6.25)","0.7246","0.2981","0.5047","0.3468","0.9997","1.0000","0.9997","0.9998",4547,3993,4218,3738,4009,3587,3782,4211
"J40_J47_J60_J70_J84_D86_C34","2000_2005","2021_2024",20,"Economic_type_6_EQI_Social+SM+PA+OB","0.00","-0.74(-4.55,3.14)","-6.43(-10.44,-2.28)","-5.52(-10.10,-1.06)","-7.07(-11.94,-1.93)","0.7042","0.0027","0.0194","0.0110","1.0007","1.0013","1.0016","1.0005",4666,3780,3303,2947,3956,3722,3783,3631
"J40_J47_J60_J70_J84_D86_C34","2000_2005","2006_2010",5,"Homeownership_tertile_1_EQI+SM+PA+OB","0.00","9.68(5.31,14.09)","13.72(9.37,17.93)","12.55(8.10,16.86)","13.31(8.44,18.05)","0.0002","0.0002","0.0002","0.0002","1.0006","1.0018","1.0012","1.0015",4563,3923,3281,2981,3840,3830,3049,3448
"J40_J47_J60_J70_J84_D86_C34","2000_2005","2006_2010",5,"Homeownership_tertile_1_EQI_Air+SM+PA+OB","0.00","8.28(3.73,12.86)","12.00(7.59,16.41)","11.43(7.19,15.59)","9.85(5.59,14.32)","0.0006","0.0002","0.0002","0.0002","0.9995","1.0019","1.0010","1.0007",4572,3776,3258,3078,3889,3667,3470,3576
"J40_J47_J60_J70_J84_D86_C34","2000_2005","2006_2010",5,"Homeownership_tertile_1_EQI_Water+SM+PA+OB","0.00","-4.02(-8.54,0.58)","4.36(-0.24,9.03)","3.78(-0.67,8.26)","3.92(-0.58,8.37)","0.0885","0.0606","0.0998","0.0935","1.0017","1.0003","1.0023","1.0004",3933,3352,3142,3295,3981,3959,3787,3695
"J40_J47_J60_J70_J84_D86_C34","2000_2005","2006_2010",5,"Homeownership_tertile_1_EQI_Land+SM+PA+OB","0.00","0.18(-3.70,3.92)","2.27(-1.52,6.17)","1.59(-2.58,5.81)","3.35(-0.90,7.59)","0.9154","0.2572","0.4655","0.1285","0.9996","1.0014","1.0020","1.0016",5533,4731,3678,3242,3897,4035,3749,3523
"J40_J47_J60_J70_J84_D86_C34","2000_2005","2006_2010",5,"Homeownership_tertile_1_EQI_Built+SM+PA+OB","0.00","2.99(-1.71,7.68)","9.65(5.06,14.25)","8.76(4.44,13.20)","8.09(3.80,12.44)","0.2177","0.0002","0.0002","0.0002","0.9999","1.0004","1.0003","1.0020",4403,3602,3079,3163,3901,4014,3416,3376
"J40_J47_J60_J70_J84_D86_C34","2000_2005","2006_2010",5,"Homeownership_tertile_1_EQI_Social+SM+PA+OB","0.00","3.89(0.28,7.51)","3.68(-0.28,7.59)","4.12(-0.20,8.41)","5.50(0.63,10.26)","0.0340","0.0673","0.0581","0.0252","1.0005","1.0002","1.0006","1.0012",4824,4078,3718,3516,3984,3982,3538,3705
"J40_J47_J60_J70_J84_D86_C34","2000_2005","2011_2015",10,"Homeownership_tertile_1_EQI+SM+PA+OB","0.00","10.81(6.53,15.06)","15.79(11.61,19.98)","14.09(9.69,18.48)","12.76(7.84,17.63)","0.0002","0.0002","0.0002","0.0002","1.0017","1.0025","1.0020","1.0041",2966,2556,2247,1916,3641,3244,2458,2404
"J40_J47_J60_J70_J84_D86_C34","2000_2005","2011_2015",10,"Homeownership_tertile_1_EQI_Air+SM+PA+OB","0.00","12.85(8.53,17.11)","13.95(9.68,18.23)","13.88(9.87,17.97)","10.27(5.97,14.53)","0.0002","0.0002","0.0002","0.0002","1.0000","1.0003","1.0017","1.0008",3600,3785,3273,3083,3969,3651,3399,3175
"J40_J47_J60_J70_J84_D86_C34","2000_2005","2011_2015",10,"Homeownership_tertile_1_EQI_Water+SM+PA+OB","0.00","0.62(-3.74,4.98)","1.45(-3.15,5.79)","5.22(0.89,9.49)","4.89(0.45,9.42)","0.7734","0.5164","0.0231","0.0315","1.0006","1.0009","1.0016","1.0015",3069,2885,2845,2800,3054,3846,3251,3350
"J40_J47_J60_J70_J84_D86_C34","2000_2005","2011_2015",10,"Homeownership_tertile_1_EQI_Land+SM+PA+OB","0.00","0.74(-2.86,4.33)","2.66(-0.95,6.29)","2.52(-1.43,6.50)","5.42(1.19,9.46)","0.6788","0.1527","0.2110","0.0127","1.0002","1.0002","1.0002","1.0003",4559,3959,3325,3244,3641,4065,3555,3176
"J40_J47_J60_J70_J84_D86_C34","2000_2005","2011_2015",10,"Homeownership_tertile_1_EQI_Built+SM+PA+OB","0.00","6.94(2.38,11.50)","12.21(7.88,16.63)","11.28(7.02,15.45)","12.41(8.03,16.62)","0.0031","0.0002","0.0002","0.0002","0.9999","1.0002","0.9998","0.9999",3948,3577,3303,3050,3670,3634,3403,3579
"J40_J47_J60_J70_J84_D86_C34","2000_2005","2011_2015",10,"Homeownership_tertile_1_EQI_Social+SM+PA+OB","0.00","5.10(1.49,8.62)","4.54(0.97,8.29)","3.11(-1.02,7.12)","3.99(-0.75,8.59)","0.0065","0.0152","0.1418","0.0906","1.0016","1.0009","1.0016","1.0008",4766,3878,3283,3368,3610,3875,3411,3440
"J40_J47_J60_J70_J84_D86_C34","2000_2005","2016_2020",15,"Homeownership_tertile_1_EQI+SM+PA+OB","0.00","11.34(7.39,15.25)","14.46(10.62,18.33)","11.53(7.46,15.50)","9.68(5.21,13.99)","0.0002","0.0002","0.0002","0.0002","1.0007","1.0007","1.0015","1.0011",4573,3753,3073,2909,3715,3858,3474,3681
"J40_J47_J60_J70_J84_D86_C34","2000_2005","2016_2020",15,"Homeownership_tertile_1_EQI_Air+SM+PA+OB","0.00","8.82(4.70,13.09)","12.00(7.86,16.15)","13.03(9.18,16.99)","6.20(2.03,10.39)","0.0002","0.0002","0.0002","0.0031","0.9993","0.9999","1.0003","1.0011",3963,3461,3148,2783,3577,3637,3774,3168
"J40_J47_J60_J70_J84_D86_C34","2000_2005","2016_2020",15,"Homeownership_tertile_1_EQI_Water+SM+PA+OB","0.00","-0.59(-4.74,3.53)","0.87(-3.34,4.92)","4.39(0.26,8.51)","4.86(0.54,9.09)","0.7646","0.6926","0.0373","0.0281","0.9998","1.0005","0.9999","1.0006",3406,3126,3200,3187,3630,3037,3483,3546
"J40_J47_J60_J70_J84_D86_C34","2000_2005","2016_2020",15,"Homeownership_tertile_1_EQI_Land+SM+PA+OB","0.00","0.80(-2.63,4.27)","-0.16(-3.92,3.63)","1.62(-2.37,5.52)","3.33(-0.78,7.59)","0.6705","0.9342","0.4210","0.1144","1.0008","1.0005","1.0007","1.0013",4113,3889,3507,3378,3624,3873,3718,3874
"J40_J47_J60_J70_J84_D86_C34","2000_2005","2016_2020",15,"Homeownership_tertile_1_EQI_Built+SM+PA+OB","0.00","7.11(2.65,11.54)","12.05(7.87,16.24)","10.78(6.80,14.63)","11.43(7.46,15.36)","0.0015","0.0002","0.0002","0.0002","1.0014","1.0002","1.0007","1.0006",4073,3426,3128,3063,4297,3806,3737,3557
"J40_J47_J60_J70_J84_D86_C34","2000_2005","2016_2020",15,"Homeownership_tertile_1_EQI_Social+SM+PA+OB","0.00","5.97(2.68,9.33)","4.45(0.73,8.07)","2.99(-0.90,7.00)","4.21(-0.32,8.82)","0.0015","0.0148","0.1431","0.0694","1.0004","1.0013","1.0006","1.0009",4669,3710,3191,3276,4142,3557,3790,3733
"J40_J47_J60_J70_J84_D86_C34","2000_2005","2021_2024",20,"Homeownership_tertile_1_EQI+SM+PA+OB","0.00","13.83(9.39,18.40)","12.27(7.90,16.62)","8.18(3.66,12.59)","2.98(-2.01,7.97)","0.0002","0.0002","0.0002","0.2489","1.0011","1.0006","1.0014","1.0023",3715,3228,2394,2053,3515,3390,3106,2607
"J40_J47_J60_J70_J84_D86_C34","2000_2005","2021_2024",20,"Homeownership_tertile_1_EQI_Air+SM+PA+OB","0.00","9.61(4.97,14.30)","12.33(7.69,16.91)","11.47(7.11,15.94)","2.13(-2.53,6.86)","0.0002","0.0002","0.0002","0.3830","1.0001","1.0003","0.9998","1.0000",4355,3299,2837,2675,3980,3669,3557,3414
"J40_J47_J60_J70_J84_D86_C34","2000_2005","2021_2024",20,"Homeownership_tertile_1_EQI_Water+SM+PA+OB","0.00","-1.47(-6.12,3.22)","0.31(-4.44,4.98)","4.29(-0.37,8.85)","4.10(-0.66,8.85)","0.5338","0.8838","0.0660","0.0989","1.0006","1.0012","1.0021","1.0009",3263,3296,2899,3034,3932,3655,3076,3270
"J40_J47_J60_J70_J84_D86_C34","2000_2005","2021_2024",20,"Homeownership_tertile_1_EQI_Land+SM+PA+OB","0.00","-2.33(-6.18,1.53)","-0.08(-4.09,3.96)","-1.99(-6.53,2.49)","0.25(-4.37,4.85)","0.2493","0.9671","0.3864","0.9246","1.0007","1.0007","1.0006","1.0016",4535,3714,3266,3201,3959,3928,3470,3592
"J40_J47_J60_J70_J84_D86_C34","2000_2005","2021_2024",20,"Homeownership_tertile_1_EQI_Built+SM+PA+OB","0.00","4.54(-0.37,9.44)","8.75(4.03,13.44)","6.91(2.38,11.30)","7.89(3.35,12.50)","0.0694","0.0006","0.0027","0.0006","0.9999","1.0001","1.0020","1.0016",4040,3237,2790,2933,4148,3987,2966,3424
"J40_J47_J60_J70_J84_D86_C34","2000_2005","2021_2024",20,"Homeownership_tertile_1_EQI_Social+SM+PA+OB","0.00","4.02(0.01,7.80)","1.50(-2.58,5.58)","0.09(-4.35,4.64)","0.14(-4.96,5.15)","0.0498","0.4822","0.9788","0.9538","1.0012","1.0017","1.0013","1.0011",4401,3552,3281,2881,3478,3369,3421,3127
"J40_J47_J60_J70_J84_D86_C34","2000_2005","2006_2010",5,"Homeownership_tertile_2_EQI+SM+PA+OB","0.00","4.42(0.82,8.04)","4.26(0.43,8.12)","4.82(0.78,8.85)","7.04(2.59,11.58)","0.0206","0.0285","0.0160","0.0023","0.9998","1.0019","1.0011","0.9998",5197,3610,3300,3198,3909,3406,3685,3498
"J40_J47_J60_J70_J84_D86_C34","2000_2005","2006_2010",5,"Homeownership_tertile_2_EQI_Air+SM+PA+OB","0.00","0.18(-3.68,3.83)","5.04(1.24,8.74)","5.92(1.92,9.80)","7.00(2.55,11.37)","0.9142","0.0081","0.0031","0.0010","1.0026","1.0023","1.0023","1.0016",3896,3110,2946,2832,3978,3452,3862,3759
"J40_J47_J60_J70_J84_D86_C34","2000_2005","2006_2010",5,"Homeownership_tertile_2_EQI_Water+SM+PA+OB","0.00","1.97(-2.23,6.17)","1.73(-2.56,6.08)","2.13(-2.10,6.36)","4.53(0.13,9.14)","0.3797","0.4239","0.3222","0.0439","1.0012","1.0013","1.0013","1.0017",3036,2597,2672,3094,3595,2913,3468,3530
"J40_J47_J60_J70_J84_D86_C34","2000_2005","2006_2010",5,"Homeownership_tertile_2_EQI_Land+SM+PA+OB","0.00","-2.01(-5.52,1.57)","0.88(-2.73,4.37)","-1.58(-5.62,2.27)","-4.28(-8.54,-0.15)","0.2506","0.6267","0.4205","0.0435","1.0004","1.0024","1.0003","1.0000",4901,3591,3441,3839,4320,3624,3540,3709
"J40_J47_J60_J70_J84_D86_C34","2000_2005","2006_2010",5,"Homeownership_tertile_2_EQI_Built+SM+PA+OB","0.00","3.71(0.07,7.22)","3.13(-0.44,6.63)","3.04(-0.77,6.70)","4.20(-0.05,8.43)","0.0448","0.0864","0.1156","0.0544","0.9999","1.0003","1.0001","1.0004",4030,3353,3432,3763,3843,3771,3513,3817
"J40_J47_J60_J70_J84_D86_C34","2000_2005","2006_2010",5,"Homeownership_tertile_2_EQI_Social+SM+PA+OB","0.00","3.05(-0.66,6.69)","-1.85(-5.72,2.13)","-0.27(-4.46,3.82)","3.66(-1.18,8.71)","0.1081","0.3472","0.9167","0.1581","0.9999","1.0005","1.0003","1.0018",4162,2910,2460,2447,3468,3593,3560,3343
"J40_J47_J60_J70_J84_D86_C34","2000_2005","2011_2015",10,"Homeownership_tertile_2_EQI+SM+PA+OB","0.00","6.84(3.15,10.39)","5.03(1.25,8.90)","5.61(1.60,9.64)","4.92(0.44,9.45)","0.0002","0.0090","0.0056","0.0277","1.0015","1.0004","1.0005","1.0004",5142,3954,3202,2915,4121,3784,3781,3436
"J40_J47_J60_J70_J84_D86_C34","2000_2005","2011_2015",10,"Homeownership_tertile_2_EQI_Air+SM+PA+OB","0.00","1.10(-2.57,4.80)","5.32(1.51,9.07)","4.81(0.88,8.73)","3.07(-1.32,7.32)","0.5793","0.0052","0.0198","0.1823","1.0003","1.0016","1.0008","1.0000",4424,3663,2923,3490,4002,3831,3691,3789
"J40_J47_J60_J70_J84_D86_C34","2000_2005","2011_2015",10,"Homeownership_tertile_2_EQI_Water+SM+PA+OB","0.00","-0.15(-4.29,4.12)","-0.82(-5.06,3.27)","0.99(-3.25,5.29)","0.69(-3.75,5.07)","0.9383","0.6988","0.6297","0.7342","1.0003","1.0004","1.0002","1.0002",3718,3435,3543,3939,3949,3606,3935,4100
"J40_J47_J60_J70_J84_D86_C34","2000_2005","2011_2015",10,"Homeownership_tertile_2_EQI_Land+SM+PA+OB","0.00","-0.71(-4.27,2.87)","-1.71(-5.43,1.97)","-0.55(-4.47,3.49)","-3.04(-7.25,1.32)","0.6967","0.3772","0.7971","0.1635","1.0006","1.0005","1.0013","1.0012",6029,4384,4292,4319,4189,3926,3928,3857
"J40_J47_J60_J70_J84_D86_C34","2000_2005","2011_2015",10,"Homeownership_tertile_2_EQI_Built+SM+PA+OB","0.00","2.12(-1.52,5.57)","2.78(-0.73,6.21)","1.92(-1.71,5.70)","0.77(-3.50,4.91)","0.2410","0.1177","0.3172","0.7180","1.0001","1.0010","1.0002","0.9998",4847,4569,4036,4329,4226,4033,3811,3837
"J40_J47_J60_J70_J84_D86_C34","2000_2005","2011_2015",10,"Homeownership_tertile_2_EQI_Social+SM+PA+OB","0.00","2.45(-1.22,6.01)","2.34(-1.57,6.11)","0.90(-3.26,4.94)","4.74(-0.23,9.75)","0.1831","0.2356","0.6592","0.0660","1.0005","1.0003","1.0000","1.0017",5193,4168,3589,3311,3946,3587,3754,3243
"J40_J47_J60_J70_J84_D86_C34","2000_2005","2016_2020",15,"Homeownership_tertile_2_EQI+SM+PA+OB","0.00","2.79(-0.63,6.19)","4.88(1.39,8.41)","4.73(0.91,8.59)","4.24(0.01,8.54)","0.1044","0.0077","0.0152","0.0485","0.9998","1.0006","1.0003","1.0014",5548,4167,3430,3236,4074,3586,3705,3922
"J40_J47_J60_J70_J84_D86_C34","2000_2005","2016_2020",15,"Homeownership_tertile_2_EQI_Air+SM+PA+OB","0.00","3.35(-0.19,6.97)","4.54(0.89,8.20)","3.28(-0.57,7.07)","3.64(-0.47,7.67)","0.0673","0.0123","0.0952","0.0819","1.0001","1.0007","1.0013","1.0003",3463,3259,2929,2924,3538,3796,3427,3629
"J40_J47_J60_J70_J84_D86_C34","2000_2005","2016_2020",15,"Homeownership_tertile_2_EQI_Water+SM+PA+OB","0.00","1.04(-3.17,5.36)","-1.04(-5.21,3.08)","-0.21(-4.42,3.80)","0.45(-4.00,4.68)","0.6417","0.6238","0.9317","0.8117","1.0002","1.0009","1.0012","1.0007",3694,3478,3126,3203,3619,3922,3730,3499
"J40_J47_J60_J70_J84_D86_C34","2000_2005","2016_2020",15,"Homeownership_tertile_2_EQI_Land+SM+PA+OB","0.00","0.80(-2.49,4.11)","0.21(-3.37,3.79)","-1.44(-5.29,2.34)","-0.95(-4.85,3.09)","0.6367","0.8988","0.4609","0.6401","1.0001","1.0014","0.9998","1.0003",4430,3641,3483,3518,3974,3335,3485,3917
"J40_J47_J60_J70_J84_D86_C34","2000_2005","2016_2020",15,"Homeownership_tertile_2_EQI_Built+SM+PA+OB","0.00","3.93(0.56,7.22)","4.60(1.21,7.93)","3.23(-0.35,6.82)","2.89(-0.98,6.89)","0.0215","0.0073","0.0769","0.1531","1.0001","1.0009","1.0011","1.0007",4764,4373,4247,4006,3577,3973,3883,4090
"J40_J47_J60_J70_J84_D86_C34","2000_2005","2016_2020",15,"Homeownership_tertile_2_EQI_Social+SM+PA+OB","0.00","0.50(-3.05,3.91)","0.47(-3.12,4.28)","-0.69(-4.67,3.25)","1.07(-3.70,5.65)","0.7655","0.8117","0.7371","0.6751","1.0008","1.0007","0.9999","1.0007",5031,3770,3104,2778,3546,3783,3378,3288
"J40_J47_J60_J70_J84_D86_C34","2000_2005","2021_2024",20,"Homeownership_tertile_2_EQI+SM+PA+OB","0.00","5.00(0.80,9.18)","3.53(-0.59,7.82)","2.06(-2.40,6.71)","-1.60(-6.64,3.64)","0.0169","0.0994","0.3626","0.5426","1.0015","1.0018","1.0021","1.0014",4373,3083,2694,2257,3732,3592,3357,3167
"J40_J47_J60_J70_J84_D86_C34","2000_2005","2021_2024",20,"Homeownership_tertile_2_EQI_Air+SM+PA+OB","0.00","2.54(-1.69,6.78)","4.68(0.44,8.98)","2.65(-1.72,7.06)","-0.99(-5.74,3.81)","0.2331","0.0290","0.2377","0.6917","1.0004","0.9997","1.0001","1.0004",4531,3999,3487,3314,3822,3992,4302,4193
"J40_J47_J60_J70_J84_D86_C34","2000_2005","2021_2024",20,"Homeownership_tertile_2_EQI_Water+SM+PA+OB","0.00","2.08(-2.74,6.87)","-2.94(-7.73,1.95)","1.90(-3.03,6.79)","-2.92(-8.22,2.25)","0.3935","0.2302","0.4647","0.2851","1.0009","1.0016","1.0001","1.0016",3714,3238,3162,3193,3853,3678,3706,3529
"J40_J47_J60_J70_J84_D86_C34","2000_2005","2021_2024",20,"Homeownership_tertile_2_EQI_Land+SM+PA+OB","0.00","-1.06(-5.16,3.15)","0.79(-3.38,5.04)","-1.38(-5.96,3.24)","-1.90(-6.86,2.69)","0.6063","0.7121","0.5526","0.4364","1.0001","0.9997","1.0000","1.0005",5636,3947,3719,3485,4255,4069,3675,3743
"J40_J47_J60_J70_J84_D86_C34","2000_2005","2021_2024",20,"Homeownership_tertile_2_EQI_Built+SM+PA+OB","0.00","6.81(2.79,10.78)","5.55(1.52,9.57)","4.09(-0.15,8.27)","3.83(-0.88,8.62)","0.0006","0.0065","0.0610","0.1164","1.0022","1.0000","1.0002","1.0005",4580,4050,4110,4234,3988,3957,3953,3893
"J40_J47_J60_J70_J84_D86_C34","2000_2005","2021_2024",20,"Homeownership_tertile_2_EQI_Social+SM+PA+OB","0.00","-1.22(-5.36,2.96)","-2.41(-6.80,1.97)","-4.36(-9.02,0.11)","-4.52(-9.90,0.61)","0.5726","0.2818","0.0569","0.0902","1.0010","1.0002","1.0000","1.0006",4963,3998,3505,3358,3998,4279,3497,3981
"J40_J47_J60_J70_J84_D86_C34","2000_2005","2006_2010",5,"Homeownership_tertile_3_EQI+SM+PA+OB","0.00","2.86(-0.73,6.33)","0.84(-2.89,4.49)","2.59(-1.47,6.45)","7.18(2.59,11.86)","0.1123","0.6563","0.2089","0.0019","1.0006","1.0007","1.0009","1.0018",4875,4486,3485,3490,3952,3958,3645,3804
"J40_J47_J60_J70_J84_D86_C34","2000_2005","2006_2010",5,"Homeownership_tertile_3_EQI_Air+SM+PA+OB","0.00","3.21(-0.45,6.86)","4.07(0.25,7.74)","5.12(1.09,9.37)","6.16(1.47,10.83)","0.0948","0.0356","0.0169","0.0102","0.9998","1.0010","1.0008","1.0007",3335,2576,2781,3011,3693,3168,3235,3376
"J40_J47_J60_J70_J84_D86_C34","2000_2005","2006_2010",5,"Homeownership_tertile_3_EQI_Water+SM+PA+OB","0.00","-2.22(-6.31,2.01)","-2.21(-6.40,1.92)","3.14(-1.18,7.43)","1.04(-3.40,5.49)","0.3043","0.3193","0.1498","0.6705","1.0014","1.0023","1.0016","1.0015",3159,3080,2866,2491,3408,3480,3571,3507
"J40_J47_J60_J70_J84_D86_C34","2000_2005","2006_2010",5,"Homeownership_tertile_3_EQI_Land+SM+PA+OB","0.00","-2.99(-6.59,0.73)","-6.80(-10.70,-2.84)","-7.19(-11.45,-2.98)","-5.46(-9.95,-0.96)","0.1077","0.0015","0.0006","0.0127","0.9993","1.0008","1.0005","1.0006",4054,3248,2831,3024,4175,3811,3001,3100
"J40_J47_J60_J70_J84_D86_C34","2000_2005","2006_2010",5,"Homeownership_tertile_3_EQI_Built+SM+PA+OB","0.00","1.65(-1.52,4.71)","-0.89(-4.32,2.53)","1.12(-2.56,4.88)","-5.35(-9.99,-0.68)","0.2939","0.6080","0.5605","0.0265","1.0005","1.0003","1.0005","1.0006",4993,4216,4432,4520,3864,3696,4029,4092
"J40_J47_J60_J70_J84_D86_C34","2000_2005","2006_2010",5,"Homeownership_tertile_3_EQI_Social+SM+PA+OB","0.00","-1.12(-5.01,2.73)","-2.39(-6.57,1.74)","-0.54(-4.86,3.64)","2.56(-2.16,7.53)","0.5593","0.2581","0.8171","0.3197","1.0004","1.0006","1.0024","1.0022",4345,2920,2631,2373,3383,3614,3672,3215
"J40_J47_J60_J70_J84_D86_C34","2000_2005","2011_2015",10,"Homeownership_tertile_3_EQI+SM+PA+OB","0.00","0.25(-2.99,3.67)","-1.14(-4.60,2.38)","1.65(-2.08,5.38)","6.42(1.95,10.84)","0.8946","0.5401","0.3960","0.0040","1.0010","1.0009","1.0004","1.0012",4577,3757,3047,3152,3422,3298,3635,3447
"J40_J47_J60_J70_J84_D86_C34","2000_2005","2011_2015",10,"Homeownership_tertile_3_EQI_Air+SM+PA+OB","0.00","1.33(-2.19,4.72)","2.41(-1.17,5.90)","3.28(-0.68,7.21)","5.60(1.18,10.22)","0.4576","0.1689","0.1006","0.0148","1.0017","1.0031","1.0035","1.0033",3463,2955,2622,2786,3964,3959,3783,4021
"J40_J47_J60_J70_J84_D86_C34","2000_2005","2011_2015",10,"Homeownership_tertile_3_EQI_Water+SM+PA+OB","0.00","-1.54(-5.43,2.34)","0.07(-3.86,3.91)","2.03(-2.00,6.02)","2.93(-1.35,7.15)","0.4305","0.9571","0.3218","0.1848","1.0006","1.0002","1.0006","1.0009",3265,2833,3066,3197,3658,3453,3790,3529
"J40_J47_J60_J70_J84_D86_C34","2000_2005","2011_2015",10,"Homeownership_tertile_3_EQI_Land+SM+PA+OB","0.00","-3.03(-6.35,0.31)","-4.89(-8.32,-1.32)","-4.74(-8.76,-0.68)","-3.16(-7.30,1.07)","0.0773","0.0085","0.0227","0.1414","1.0007","1.0003","1.0004","1.0003",4303,3413,3544,3472,3727,3579,3861,4106
"J40_J47_J60_J70_J84_D86_C34","2000_2005","2011_2015",10,"Homeownership_tertile_3_EQI_Built+SM+PA+OB","0.00","2.66(-0.15,5.53)","1.14(-2.18,4.50)","1.96(-1.52,5.46)","-1.78(-6.18,2.45)","0.0677","0.5105","0.2722","0.4330","1.0004","1.0007","1.0004","1.0004",4558,4015,3965,4263,3548,3886,3929,3791
"J40_J47_J60_J70_J84_D86_C34","2000_2005","2011_2015",10,"Homeownership_tertile_3_EQI_Social+SM+PA+OB","0.00","-1.93(-5.63,1.80)","-5.84(-9.82,-1.77)","-1.94(-6.13,2.19)","-1.07(-5.86,3.78)","0.3101","0.0040","0.3556","0.6530","1.0003","1.0004","1.0015","1.0012",4005,2732,2606,2264,4010,3581,3148,3086
"J40_J47_J60_J70_J84_D86_C34","2000_2005","2016_2020",15,"Homeownership_tertile_3_EQI+SM+PA+OB","0.00","1.54(-1.66,4.68)","-1.53(-4.84,1.84)","2.10(-1.53,5.76)","5.79(1.44,10.22)","0.3556","0.3585","0.2435","0.0094","1.0004","1.0009","1.0015","1.0017",4269,3594,3173,3037,3953,3861,3452,3608
"J40_J47_J60_J70_J84_D86_C34","2000_2005","2016_2020",15,"Homeownership_tertile_3_EQI_Air+SM+PA+OB","0.00","2.10(-1.07,5.36)","3.48(0.14,6.81)","5.09(1.37,8.86)","4.96(0.65,9.36)","0.2014","0.0398","0.0115","0.0281","1.0022","1.0003","1.0022","1.0006",3739,3244,3106,3758,3431,3431,3989,3736
"J40_J47_J60_J70_J84_D86_C34","2000_2005","2016_2020",15,"Homeownership_tertile_3_EQI_Water+SM+PA+OB","0.00","1.23(-2.71,5.01)","0.97(-2.85,4.84)","3.53(-0.38,7.41)","1.85(-2.43,6.19)","0.5005","0.6222","0.0789","0.3826","1.0005","1.0031","1.0013","1.0013",2893,2656,2548,2555,3592,3452,3552,3330
"J40_J47_J60_J70_J84_D86_C34","2000_2005","2016_2020",15,"Homeownership_tertile_3_EQI_Land+SM+PA+OB","0.00","-5.51(-8.68,-2.43)","-5.73(-9.05,-2.41)","-6.95(-10.77,-3.13)","-5.37(-9.47,-1.24)","0.0002","0.0015","0.0006","0.0098","1.0008","1.0004","1.0012","1.0012",3641,3182,2829,2955,3857,3770,3741,3575
"J40_J47_J60_J70_J84_D86_C34","2000_2005","2016_2020",15,"Homeownership_tertile_3_EQI_Built+SM+PA+OB","0.00","0.93(-1.96,3.68)","2.30(-0.84,5.36)","1.28(-2.07,4.60)","-2.88(-6.94,1.29)","0.5168","0.1460","0.4534","0.1718","1.0006","1.0005","1.0006","0.9998",4587,3677,4001,3548,4146,3782,3786,3645
"J40_J47_J60_J70_J84_D86_C34","2000_2005","2016_2020",15,"Homeownership_tertile_3_EQI_Social+SM+PA+OB","0.00","1.15(-2.17,4.61)","-2.49(-6.12,1.10)","0.37(-3.32,4.19)","-0.40(-4.83,3.89)","0.5347","0.1768","0.8559","0.8463","1.0000","1.0007","1.0000","1.0003",4432,3460,3138,2895,3818,3534,3840,3040
"J40_J47_J60_J70_J84_D86_C34","2000_2005","2021_2024",20,"Homeownership_tertile_3_EQI+SM+PA+OB","0.00","2.70(-1.21,6.63)","-1.35(-5.16,2.52)","0.86(-3.31,5.20)","1.57(-3.45,6.69)","0.1748","0.4884","0.6905","0.5388","1.0009","1.0008","1.0017","1.0011",4147,3414,2908,2984,4154,3770,3392,3338
"J40_J47_J60_J70_J84_D86_C34","2000_2005","2021_2024",20,"Homeownership_tertile_3_EQI_Air+SM+PA+OB","0.00","2.81(-0.97,6.73)","2.15(-1.80,6.12)","0.88(-3.47,5.32)","-1.29(-6.23,3.90)","0.1543","0.2993","0.7063","0.6230","1.0013","1.0003","1.0002","0.9998",4596,3937,3770,4375,3353,3990,3903,4041
"J40_J47_J60_J70_J84_D86_C34","2000_2005","2021_2024",20,"Homeownership_tertile_3_EQI_Water+SM+PA+OB","0.00","-1.31(-5.69,2.99)","0.57(-3.70,5.07)","3.14(-1.32,7.64)","1.48(-3.30,6.32)","0.5659","0.8013","0.1689","0.5434","1.0009","1.0028","1.0017","1.0005",3780,3193,3866,3488,3942,3564,3834,3795
"J40_J47_J60_J70_J84_D86_C34","2000_2005","2021_2024",20,"Homeownership_tertile_3_EQI_Land+SM+PA+OB","0.00","-1.17(-5.13,2.93)","-2.49(-6.74,1.66)","-3.93(-8.50,0.66)","-0.95(-5.72,3.75)","0.5509","0.2377","0.0902","0.6930","1.0004","1.0010","0.9998","1.0009",4856,4422,3401,3549,3826,3793,4029,3565
"J40_J47_J60_J70_J84_D86_C34","2000_2005","2021_2024",20,"Homeownership_tertile_3_EQI_Built+SM+PA+OB","0.00","2.76(-0.49,6.10)","3.77(0.20,7.47)","1.27(-2.81,5.34)","-1.24(-6.10,3.54)","0.1056","0.0385","0.5480","0.6259","1.0008","1.0000","1.0008","1.0004",5892,5206,5070,4908,3946,4250,3935,3756
"J40_J47_J60_J70_J84_D86_C34","2000_2005","2021_2024",20,"Homeownership_tertile_3_EQI_Social+SM+PA+OB","0.00","1.20(-2.94,5.28)","-1.63(-5.82,2.54)","-0.96(-5.45,3.39)","0.73(-4.33,5.67)","0.5659","0.4564","0.6659","0.7605","1.0005","1.0003","1.0000","1.0006",4962,3872,3630,2919,4139,3894,3775,3130
