ICD_Code,EQI_Period,AAMR_Period,Lag,Model,Q1,Q2,Q3,Q4,Q5,Q2_p,Q3_p,Q4_p,Q5_p,Q2_rhat,Q3_rhat,Q4_rhat,Q5_rhat,Q2_ess_bulk,Q3_ess_bulk,Q4_ess_bulk,Q5_ess_bulk,Q2_ess_tail,Q3_ess_tail,Q4_ess_tail,Q5_ess_tail
J40_J47_J60_J70_J84_D86_C34,2000_2005,2006_2010,5,Census_Region_1_EQI+SM+PA+OB,0.00,"-4.09(-11.81,3.68)","-1.77(-7.76,4.17)","-2.26(-8.00,3.17)","-2.31(-8.00,3.48)",0.2907,0.5716,0.4566,0.4406,1.0018,1.0016,1.0007,1.0006,3614,2151,2052,1802,3269,3191,2633,2728
"J40_J47_J60_J70_J84_D86_C34","2000_2005","2006_2010",5,"Census_Region_1_EQI_Air+SM+PA+OB","0.00","0.59(-6.16,7.70)","-1.94(-8.02,4.08)","1.66(-4.31,7.50)","-6.59(-12.34,-0.90)","0.8745","0.5361","0.5791","0.0177","1.0012","1.0005","1.0002","1.0001",3005,2159,2061,1834,2276,2769,2616,2465
"J40_J47_J60_J70_J84_D86_C34","2000_2005","2006_2010",5,"Census_Region_1_EQI_Water+SM+PA+OB","0.00","0.03(-5.94,5.63)","3.95(-0.84,9.25)","9.77(4.45,14.60)","8.25(3.41,12.87)","0.9850","0.1097","0.0002","0.0007","1.0010","1.0023","1.0027","1.0015",3097,3270,1672,2553,2595,2926,2802,2520
"J40_J47_J60_J70_J84_D86_C34","2000_2005","2006_2010",5,"Census_Region_1_EQI_Land+SM+PA+OB","0.00","-3.62(-9.61,2.11)","0.18(-4.88,5.36)","1.32(-3.93,6.52)","-0.51(-6.00,4.82)","0.2352","0.9515","0.6271","0.8615","1.0000","1.0011","1.0007","1.0006",2204,1724,1734,1811,3028,2200,2477,2667
"J40_J47_J60_J70_J84_D86_C34","2000_2005","2006_2010",5,"Census_Region_1_EQI_Built+SM+PA+OB","0.00","-3.93(-10.36,2.83)","-5.85(-11.11,-0.62)","-0.16(-5.34,4.99)","-1.83(-7.03,3.45)","0.2502","0.0332","0.9410","0.4851","1.0023","1.0009","1.0021","1.0009",3586,2484,2036,2050,2887,2659,2510,2732
"J40_J47_J60_J70_J84_D86_C34","2000_2005","2006_2010",5,"Census_Region_1_EQI_Social+SM+PA+OB","0.00","4.91(-0.99,10.86)","-0.26(-5.74,5.28)","-1.39(-6.63,3.87)","0.18(-5.60,5.79)","0.1082","0.9255","0.6046","0.9380","1.0006","0.9999","1.0005","1.0017",3225,2422,2098,1947,3212,2707,2638,2652
"J40_J47_J60_J70_J84_D86_C34","2000_2005","2011_2015",10,"Census_Region_1_EQI+SM+PA+OB","0.00","-4.32(-11.22,2.96)","0.91(-4.94,6.68)","-1.86(-7.23,3.45)","-1.98(-7.42,3.68)","0.2357","0.7641","0.5081","0.4876","1.0000","1.0020","1.0022","1.0015",3548,2260,1986,1918,2690,2855,2784,2689
"J40_J47_J60_J70_J84_D86_C34","2000_2005","2011_2015",10,"Census_Region_1_EQI_Air+SM+PA+OB","0.00","2.27(-4.35,8.86)","-1.43(-7.26,4.26)","1.14(-4.25,6.84)","-8.28(-13.65,-2.83)","0.5211","0.6281","0.7001","0.0017","1.0008","1.0014","1.0010","1.0004",3175,2326,2355,2150,3069,2691,2458,2282
"J40_J47_J60_J70_J84_D86_C34","2000_2005","2011_2015",10,"Census_Region_1_EQI_Water+SM+PA+OB","0.00","-1.13(-6.29,4.14)","4.16(-0.79,9.21)","9.29(4.34,14.12)","7.98(3.38,12.27)","0.6661","0.1067","0.0007","0.0002","1.0002","1.0015","1.0008","1.0018",3375,2775,1891,2521,3163,2589,2537,2388
"J40_J47_J60_J70_J84_D86_C34","2000_2005","2011_2015",10,"Census_Region_1_EQI_Land+SM+PA+OB","0.00","-3.28(-9.16,2.40)","0.84(-4.23,5.71)","2.06(-3.09,7.14)","1.39(-3.97,6.60)","0.2612","0.7446","0.4241","0.5831","1.0008","1.0007","1.0002","1.0001",2525,2151,2082,2256,2797,2702,2543,2650
"J40_J47_J60_J70_J84_D86_C34","2000_2005","2011_2015",10,"Census_Region_1_EQI_Built+SM+PA+OB","0.00","-4.25(-10.62,2.19)","-4.47(-9.88,0.87)","1.61(-3.75,6.87)","-0.82(-6.28,4.44)","0.1867","0.1042","0.5656","0.7601","1.0011","1.0007","1.0027","1.0017",2909,2410,2095,2264,2891,2902,2639,2941
"J40_J47_J60_J70_J84_D86_C34","2000_2005","2011_2015",10,"Census_Region_1_EQI_Social+SM+PA+OB","0.00","4.25(-1.50,9.99)","0.10(-4.88,5.02)","0.59(-4.36,5.54)","2.08(-3.27,7.55)","0.1397","0.9525","0.8100","0.4511","1.0004","1.0002","1.0021","1.0023",2574,2502,2375,2223,2359,2715,2638,2689
"J40_J47_J60_J70_J84_D86_C34","2000_2005","2016_2020",15,"Census_Region_1_EQI+SM+PA+OB","0.00","-6.30(-13.49,0.64)","-0.41(-6.08,5.59)","-1.30(-6.62,4.15)","-1.19(-6.49,4.30)","0.0757","0.8935","0.6206","0.6696","1.0007","1.0012","1.0016","1.0006",3886,2506,1940,2022,3019,2804,2353,2400
"J40_J47_J60_J70_J84_D86_C34","2000_2005","2016_2020",15,"Census_Region_1_EQI_Air+SM+PA+OB","0.00","-1.37(-7.69,5.20)","0.15(-5.52,6.00)","0.65(-4.88,6.18)","-6.31(-11.61,-0.70)","0.6731","0.9685","0.8165","0.0322","1.0008","1.0016","1.0016","1.0011",2909,2223,2143,2124,3080,2772,2860,2412
"J40_J47_J60_J70_J84_D86_C34","2000_2005","2016_2020",15,"Census_Region_1_EQI_Water+SM+PA+OB","0.00","-0.73(-5.60,3.96)","2.84(-1.42,7.51)","12.05(7.77,16.10)","9.93(5.77,13.96)","0.7791","0.2002","0.0002","0.0002","1.0015","1.0005","1.0006","1.0009",4007,3061,2568,3646,2880,2963,3222,3307
"J40_J47_J60_J70_J84_D86_C34","2000_2005","2016_2020",15,"Census_Region_1_EQI_Land+SM+PA+OB","0.00","-1.93(-7.36,3.60)","0.49(-4.33,5.65)","2.72(-2.32,7.74)","0.15(-4.92,5.15)","0.5146","0.8615","0.2762","0.9585","1.0005","1.0020","1.0011","1.0008",2375,2016,2116,2250,2635,2487,2437,3015
"J40_J47_J60_J70_J84_D86_C34","2000_2005","2016_2020",15,"Census_Region_1_EQI_Built+SM+PA+OB","0.00","-2.50(-8.78,3.73)","-2.70(-7.70,2.53)","1.45(-3.55,6.36)","-0.40(-5.51,4.61)","0.4296","0.3022","0.5736","0.8750","1.0008","1.0019","1.0005","1.0011",3148,2495,2152,2107,3007,2896,2639,2667
"J40_J47_J60_J70_J84_D86_C34","2000_2005","2016_2020",15,"Census_Region_1_EQI_Social+SM+PA+OB","0.00","4.75(-1.00,10.45)","1.20(-3.65,6.25)","1.74(-3.14,6.74)","1.79(-3.30,7.14)","0.1052","0.6271","0.4906","0.5186","0.9998","0.9998","1.0008","1.0016",3045,2251,2092,2013,2836,2876,2655,2437
"J40_J47_J60_J70_J84_D86_C34","2000_2005","2021_2024",20,"Census_Region_1_EQI+SM+PA+OB","0.00","-3.15(-10.86,4.43)","2.56(-3.71,8.76)","-0.37(-6.13,5.38)","-5.29(-11.41,0.92)","0.4141","0.4121","0.8975","0.0967","1.0000","1.0006","1.0009","1.0025",3693,2576,2527,2266,3034,2609,2415,2231
"J40_J47_J60_J70_J84_D86_C34","2000_2005","2021_2024",20,"Census_Region_1_EQI_Air+SM+PA+OB","0.00","2.23(-4.84,9.39)","0.40(-5.43,6.51)","0.26(-5.44,6.12)","-8.36(-14.12,-2.61)","0.5311","0.9000","0.9270","0.0082","1.0009","0.9997","0.9998","1.0004",3843,2959,2995,3114,2881,2546,2729,3055
"J40_J47_J60_J70_J84_D86_C34","2000_2005","2021_2024",20,"Census_Region_1_EQI_Water+SM+PA+OB","0.00","-1.68(-7.16,3.78)","4.79(-1.44,10.62)","6.30(1.37,11.29)","6.16(0.64,11.66)","0.5591","0.1252","0.0122","0.0317","0.9997","1.0017","1.0008","1.0011",4340,3880,3326,3504,3061,3132,3161,3086
"J40_J47_J60_J70_J84_D86_C34","2000_2005","2021_2024",20,"Census_Region_1_EQI_Land+SM+PA+OB","0.00","-0.97(-6.80,4.97)","0.63(-4.51,5.97)","1.04(-4.20,6.41)","-0.07(-5.55,5.42)","0.7276","0.8285","0.7031","0.9620","1.0010","1.0030","1.0025","1.0018",3266,2649,2612,2712,2454,2751,2600,2904
"J40_J47_J60_J70_J84_D86_C34","2000_2005","2021_2024",20,"Census_Region_1_EQI_Built+SM+PA+OB","0.00","-2.03(-8.73,4.55)","-4.31(-9.84,1.26)","1.35(-3.86,6.57)","-1.45(-6.74,3.92)","0.5741","0.1297","0.6141","0.5991","1.0008","1.0002","1.0000","1.0010",3655,2849,2721,2608,2943,2871,2536,2552
"J40_J47_J60_J70_J84_D86_C34","2000_2005","2021_2024",20,"Census_Region_1_EQI_Social+SM+PA+OB","0.00","5.19(-1.00,11.34)","4.09(-1.17,9.30)","1.25(-3.87,6.37)","0.05(-5.53,5.44)","0.0917","0.1397","0.6271","0.9815","1.0035","1.0018","1.0019","1.0012",3087,2896,2513,2629,2583,2563,2939,2900
"J40_J47_J60_J70_J84_D86_C34","2000_2005","2006_2010",5,"Census_Region_2_EQI+SM+PA+OB","0.00","11.58(7.16,16.17)","9.46(5.20,13.60)","10.98(6.72,15.07)","13.91(9.23,18.53)","0.0002","0.0002","0.0002","0.0002","0.9997","1.0010","1.0000","1.0012",2503,1858,1762,1690,2671,2506,2279,2106
"J40_J47_J60_J70_J84_D86_C34","2000_2005","2006_2010",5,"Census_Region_2_EQI_Air+SM+PA+OB","0.00","3.11(-0.54,6.85)","6.40(2.58,10.26)","10.56(6.45,14.54)","12.65(8.16,17.20)","0.0942","0.0007","0.0002","0.0002","1.0010","0.9999","1.0011","0.9998",2870,2970,2692,2472,2905,2939,3142,2835
"J40_J47_J60_J70_J84_D86_C34","2000_2005","2006_2010",5,"Census_Region_2_EQI_Water+SM+PA+OB","0.00","-2.76(-7.33,1.62)","1.90(-2.53,6.40)","1.07(-3.29,5.38)","3.51(-1.57,8.39)","0.2167","0.4061","0.6271","0.1682","1.0002","1.0025","1.0021","1.0004",2822,2550,2848,2750,2932,2825,2957,3055
"J40_J47_J60_J70_J84_D86_C34","2000_2005","2006_2010",5,"Census_Region_2_EQI_Land+SM+PA+OB","0.00","5.08(0.31,9.72)","5.81(1.18,10.21)","4.37(-0.07,8.77)","3.85(-0.76,8.44)","0.0317","0.0082","0.0542","0.1022","1.0034","1.0018","1.0023","1.0018",2379,2113,2167,1977,3206,2404,2745,2549
"J40_J47_J60_J70_J84_D86_C34","2000_2005","2006_2010",5,"Census_Region_2_EQI_Built+SM+PA+OB","0.00","4.62(0.81,8.45)","2.58(-1.03,6.24)","2.99(-0.77,6.69)","5.46(1.41,9.48)","0.0162","0.1727","0.1187","0.0062","1.0015","1.0011","1.0009","1.0029",3209,2777,2887,2695,3184,3084,3015,2996
"J40_J47_J60_J70_J84_D86_C34","2000_2005","2006_2010",5,"Census_Region_2_EQI_Social+SM+PA+OB","0.00","-5.24(-10.07,-0.23)","-4.66(-9.25,-0.12)","-3.41(-8.00,1.24)","-2.55(-7.65,2.59)","0.0417","0.0447","0.1412","0.3282","1.0010","1.0004","1.0007","1.0007",2606,2187,1915,1947,3041,2642,2682,2355
"J40_J47_J60_J70_J84_D86_C34","2000_2005","2011_2015",10,"Census_Region_2_EQI+SM+PA+OB","0.00","13.00(8.56,17.45)","13.50(9.48,17.80)","13.68(9.62,17.74)","13.51(9.10,17.95)","0.0002","0.0002","0.0002","0.0002","1.0019","1.0024","1.0024","1.0018",2432,1898,1621,1657,2377,2936,2552,2610
"J40_J47_J60_J70_J84_D86_C34","2000_2005","2011_2015",10,"Census_Region_2_EQI_Air+SM+PA+OB","0.00","4.61(1.09,8.13)","6.55(2.64,10.43)","10.11(6.11,14.23)","7.86(3.29,12.55)","0.0142","0.0007","0.0002","0.0007","1.0010","1.0000","1.0006","1.0009",3145,2892,2583,2533,2943,2834,3004,2869
"J40_J47_J60_J70_J84_D86_C34","2000_2005","2011_2015",10,"Census_Region_2_EQI_Water+SM+PA+OB","0.00","-3.77(-8.17,0.61)","-0.42(-5.03,4.17)","0.29(-4.09,4.63)","0.66(-4.25,5.66)","0.1067","0.8650","0.8975","0.7986","1.0007","1.0023","1.0004","1.0012",2527,2101,2200,2610,2257,2516,2157,2919
"J40_J47_J60_J70_J84_D86_C34","2000_2005","2011_2015",10,"Census_Region_2_EQI_Land+SM+PA+OB","0.00","0.62(-4.39,5.49)","2.00(-2.75,6.72)","3.89(-0.75,8.55)","3.66(-1.08,8.39)","0.7901","0.4046","0.1047","0.1202","1.0018","1.0013","1.0008","1.0011",2474,2161,2010,1971,2371,2532,2115,2158
"J40_J47_J60_J70_J84_D86_C34","2000_2005","2011_2015",10,"Census_Region_2_EQI_Built+SM+PA+OB","0.00","7.72(3.91,11.67)","6.95(3.25,10.77)","7.21(3.39,11.05)","9.12(5.19,13.25)","0.0002","0.0002","0.0002","0.0002","1.0011","1.0004","1.0006","1.0015",3324,2687,2555,2585,3020,2653,2686,2811
"J40_J47_J60_J70_J84_D86_C34","2000_2005","2011_2015",10,"Census_Region_2_EQI_Social+SM+PA+OB","0.00","-1.59(-6.29,3.19)","-2.36(-6.71,2.18)","-1.24(-5.64,3.22)","-2.61(-7.81,2.29)","0.5016","0.2987","0.5916","0.3172","1.0018","1.0012","1.0020","1.0021",3008,2213,1995,2044,3066,3023,2552,2376
"J40_J47_J60_J70_J84_D86_C34","2000_2005","2016_2020",15,"Census_Region_2_EQI+SM+PA+OB","0.00","10.37(6.11,14.68)","11.47(7.55,15.54)","11.69(7.72,15.46)","12.21(8.00,16.40)","0.0002","0.0002","0.0002","0.0002","1.0007","1.0022","1.0001","1.0008",2208,1806,1849,1751,2626,2308,2786,2344
"J40_J47_J60_J70_J84_D86_C34","2000_2005","2016_2020",15,"Census_Region_2_EQI_Air+SM+PA+OB","0.00","3.86(0.58,7.31)","8.24(4.74,11.78)","10.57(6.84,14.39)","7.05(2.81,11.35)","0.0282","0.0002","0.0002","0.0017","1.0021","1.0024","1.0018","1.0021",2641,2418,2337,2177,2643,2748,2326,2853
"J40_J47_J60_J70_J84_D86_C34","2000_2005","2016_2020",15,"Census_Region_2_EQI_Water+SM+PA+OB","0.00","-2.01(-5.89,2.04)","0.17(-3.84,4.29)","0.46(-3.34,4.47)","0.62(-3.78,5.18)","0.3157","0.9325","0.8280","0.7951","1.0014","1.0029","1.0027","1.0011",2729,2303,2494,2610,3138,2893,2790,2931
"J40_J47_J60_J70_J84_D86_C34","2000_2005","2016_2020",15,"Census_Region_2_EQI_Land+SM+PA+OB","0.00","2.70(-1.62,6.89)","2.97(-1.07,6.94)","4.61(0.43,8.62)","5.39(1.17,9.58)","0.2072","0.1457","0.0287","0.0122","1.0001","1.0011","1.0021","1.0009",3014,2540,2477,2423,2818,2995,2910,2668
"J40_J47_J60_J70_J84_D86_C34","2000_2005","2016_2020",15,"Census_Region_2_EQI_Built+SM+PA+OB","0.00","5.45(2.02,8.90)","8.08(4.79,11.45)","6.61(3.21,10.02)","6.66(2.92,10.34)","0.0042","0.0002","0.0007","0.0012","0.9999","1.0002","1.0009","1.0022",2704,2278,2423,2278,3009,3066,2422,2810
"J40_J47_J60_J70_J84_D86_C34","2000_2005","2016_2020",15,"Census_Region_2_EQI_Social+SM+PA+OB","0.00","-1.21(-5.77,3.15)","-2.20(-6.41,1.81)","-2.87(-7.15,1.31)","-4.86(-9.57,-0.13)","0.5996","0.2967","0.1882","0.0462","1.0003","1.0010","1.0007","1.0009",2426,1852,1697,1684,2753,2409,2002,2301
"J40_J47_J60_J70_J84_D86_C34","2000_2005","2021_2024",20,"Census_Region_2_EQI+SM+PA+OB","0.00","14.09(8.92,19.09)","13.75(8.93,18.31)","11.43(6.78,15.86)","7.95(2.79,12.86)","0.0002","0.0002","0.0002","0.0022","1.0002","1.0009","1.0022","1.0020",2820,2059,1823,1732,3159,2193,2619,1962
"J40_J47_J60_J70_J84_D86_C34","2000_2005","2021_2024",20,"Census_Region_2_EQI_Air+SM+PA+OB","0.00","6.05(1.84,10.30)","8.52(4.15,12.88)","9.65(5.06,14.29)","3.82(-1.21,8.86)","0.0047","0.0002","0.0002","0.1402","1.0022","1.0029","1.0028","1.0035",2791,2600,2289,2093,3074,2745,2752,2561
"J40_J47_J60_J70_J84_D86_C34","2000_2005","2021_2024",20,"Census_Region_2_EQI_Water+SM+PA+OB","0.00","-1.30(-6.12,3.51)","-0.78(-5.57,3.81)","1.96(-2.89,6.55)","-1.82(-7.27,3.53)","0.5941","0.7666","0.3947","0.5051","0.9999","1.0004","0.9997","1.0010",2112,2391,2444,2458,2860,3071,2928,2444
"J40_J47_J60_J70_J84_D86_C34","2000_2005","2021_2024",20,"Census_Region_2_EQI_Land+SM+PA+OB","0.00","1.94(-3.33,7.03)","1.87(-3.20,6.82)","3.60(-1.55,8.30)","3.83(-1.33,8.88)","0.4736","0.4571","0.1707","0.1402","1.0034","1.0014","1.0018","1.0023",2434,2173,2030,2153,2840,2283,2581,2446
"J40_J47_J60_J70_J84_D86_C34","2000_2005","2021_2024",20,"Census_Region_2_EQI_Built+SM+PA+OB","0.00","6.47(2.33,10.77)","7.41(3.19,11.63)","4.08(-0.20,8.25)","6.04(1.59,10.38)","0.0037","0.0007","0.0577","0.0127","1.0021","1.0018","1.0011","1.0018",2578,2665,2406,2283,2847,2806,2945,2390
"J40_J47_J60_J70_J84_D86_C34","2000_2005","2021_2024",20,"Census_Region_2_EQI_Social+SM+PA+OB","0.00","-0.25(-5.56,4.99)","-2.43(-7.17,2.19)","-0.82(-5.29,3.80)","-4.77(-9.75,0.38)","0.9320","0.3082","0.7301","0.0682","1.0015","1.0013","1.0004","1.0003",2768,2222,2003,2022,2661,3113,2876,2796
"J40_J47_J60_J70_J84_D86_C34","2000_2005","2006_2010",5,"Census_Region_3_EQI+SM+PA+OB","0.00","2.51(-0.36,5.29)","3.75(0.74,6.87)","5.12(1.53,8.67)","6.42(1.98,10.91)","0.0797","0.0177","0.0052","0.0047","1.0005","1.0002","1.0019","1.0005",2696,2380,2145,2011,2935,2829,2743,3058
"J40_J47_J60_J70_J84_D86_C34","2000_2005","2006_2010",5,"Census_Region_3_EQI_Air+SM+PA+OB","0.00","1.72(-2.19,5.54)","5.05(1.13,8.75)","5.38(1.50,9.25)","8.32(4.14,12.50)","0.3917","0.0082","0.0047","0.0002","1.0004","1.0017","1.0010","1.0010",2517,2101,2128,2187,2164,2467,2310,2890
"J40_J47_J60_J70_J84_D86_C34","2000_2005","2006_2010",5,"Census_Region_3_EQI_Water+SM+PA+OB","0.00","3.29(-0.49,6.88)","1.71(-2.22,5.43)","4.76(0.76,8.75)","2.90(-1.12,6.97)","0.0892","0.3887","0.0177","0.1742","1.0003","1.0000","0.9999","1.0001",2538,2477,2862,2785,2771,2676,2830,3142
"J40_J47_J60_J70_J84_D86_C34","2000_2005","2006_2010",5,"Census_Region_3_EQI_Land+SM+PA+OB","0.00","-3.26(-5.80,-0.74)","-4.44(-7.30,-1.50)","-5.56(-9.82,-1.47)","-3.05(-8.17,2.12)","0.0137","0.0042","0.0092","0.2442","0.9996","0.9998","1.0010","1.0000",3936,4388,4258,4175,2770,2941,2608,3193
"J40_J47_J60_J70_J84_D86_C34","2000_2005","2006_2010",5,"Census_Region_3_EQI_Built+SM+PA+OB","0.00","1.74(-1.13,4.63)","3.76(0.75,6.87)","4.48(1.20,7.76)","3.88(0.34,7.72)","0.2187","0.0182","0.0112","0.0322","1.0008","1.0002","1.0015","1.0003",3212,3136,3214,3093,3064,2885,2933,2726
"J40_J47_J60_J70_J84_D86_C34","2000_2005","2006_2010",5,"Census_Region_3_EQI_Social+SM+PA+OB","0.00","2.30(-0.51,5.11)","-0.58(-3.91,2.84)","1.68(-2.26,5.56)","4.66(0.13,9.30)","0.0982","0.7296","0.4066","0.0417","0.9999","1.0000","1.0002","1.0000",3247,2965,2851,2623,3082,3023,2940,2926
"J40_J47_J60_J70_J84_D86_C34","2000_2005","2011_2015",10,"Census_Region_3_EQI+SM+PA+OB","0.00","2.95(0.13,5.72)","2.93(-0.07,5.89)","3.80(0.41,7.30)","3.06(-1.35,7.52)","0.0372","0.0542","0.0332","0.1777","1.0011","1.0005","1.0011","1.0015",2970,2692,2447,2026,2620,2853,2859,3102
"J40_J47_J60_J70_J84_D86_C34","2000_2005","2011_2015",10,"Census_Region_3_EQI_Air+SM+PA+OB","0.00","1.23(-2.69,5.00)","4.18(0.38,7.95)","4.54(0.66,8.32)","5.78(1.66,9.99)","0.5171","0.0312","0.0212","0.0067","1.0006","1.0010","1.0021","1.0021",2899,2560,2309,2237,2944,2551,2539,2445
"J40_J47_J60_J70_J84_D86_C34","2000_2005","2011_2015",10,"Census_Region_3_EQI_Water+SM+PA+OB","0.00","4.27(0.48,8.00)","-0.18(-4.14,3.70)","4.11(-0.07,8.31)","3.38(-0.87,7.61)","0.0262","0.9350","0.0542","0.1222","1.0010","1.0000","0.9999","1.0000",2497,2521,2668,2611,2967,2833,2681,2541
"J40_J47_J60_J70_J84_D86_C34","2000_2005","2011_2015",10,"Census_Region_3_EQI_Land+SM+PA+OB","0.00","-1.24(-3.58,1.06)","-3.48(-6.39,-0.57)","-5.86(-9.82,-2.03)","-2.17(-7.26,2.95)","0.3012","0.0162","0.0027","0.3982","0.9995","1.0004","1.0014","1.0002",4995,4291,4989,4962,3356,3145,3273,3287
"J40_J47_J60_J70_J84_D86_C34","2000_2005","2011_2015",10,"Census_Region_3_EQI_Built+SM+PA+OB","0.00","2.10(-0.78,4.88)","4.31(1.20,7.44)","3.33(0.08,6.49)","2.83(-0.94,6.48)","0.1482","0.0072","0.0437","0.1347","1.0004","1.0002","1.0018","1.0004",4046,3857,3389,3442,3191,3116,3091,2931
"J40_J47_J60_J70_J84_D86_C34","2000_2005","2011_2015",10,"Census_Region_3_EQI_Social+SM+PA+OB","0.00","1.54(-1.25,4.31)","-1.11(-4.30,2.10)","-1.57(-5.36,2.31)","0.89(-3.63,5.39)","0.2722","0.4986","0.4321","0.7081","1.0008","1.0009","1.0015","1.0011",3147,3006,3054,2837,3140,3034,2853,3161
"J40_J47_J60_J70_J84_D86_C34","2000_2005","2016_2020",15,"Census_Region_3_EQI+SM+PA+OB","0.00","3.35(0.74,6.14)","3.22(0.29,6.26)","4.30(0.91,7.60)","2.81(-1.56,7.13)","0.0162","0.0352","0.0112","0.2077","1.0003","1.0000","1.0004","1.0012",2472,2052,2009,1917,3080,2518,2532,2604
"J40_J47_J60_J70_J84_D86_C34","2000_2005","2016_2020",15,"Census_Region_3_EQI_Air+SM+PA+OB","0.00","1.70(-1.99,5.40)","3.37(-0.37,7.07)","5.97(2.17,9.80)","5.77(1.60,9.83)","0.3742","0.0757","0.0047","0.0067","1.0007","1.0020","1.0011","1.0018",2594,2189,1986,2134,3154,2587,2784,2555
"J40_J47_J60_J70_J84_D86_C34","2000_2005","2016_2020",15,"Census_Region_3_EQI_Water+SM+PA+OB","0.00","2.75(-1.03,6.53)","-0.55(-4.36,3.23)","3.21(-0.74,7.15)","2.63(-1.61,6.86)","0.1537","0.7776","0.1132","0.2247","1.0018","1.0009","1.0008","1.0006",2457,2166,2340,2414,3110,2412,2899,2679
"J40_J47_J60_J70_J84_D86_C34","2000_2005","2016_2020",15,"Census_Region_3_EQI_Land+SM+PA+OB","0.00","-2.28(-4.68,0.07)","-4.63(-7.40,-1.99)","-6.35(-10.13,-2.67)","-3.67(-8.82,1.37)","0.0582","0.0017","0.0002","0.1607","1.0023","1.0009","0.9995","0.9997",4024,3918,4655,4096,3192,2905,3288,3390
"J40_J47_J60_J70_J84_D86_C34","2000_2005","2016_2020",15,"Census_Region_3_EQI_Built+SM+PA+OB","0.00","2.94(0.31,5.60)","5.37(2.52,8.27)","4.56(1.39,7.66)","4.00(0.54,7.56)","0.0312","0.0002","0.0042","0.0242","1.0001","1.0014","1.0021","1.0005",3724,3505,3304,3265,3033,3423,3187,3214
"J40_J47_J60_J70_J84_D86_C34","2000_2005","2016_2020",15,"Census_Region_3_EQI_Social+SM+PA+OB","0.00","1.45(-1.25,4.21)","-1.43(-4.62,1.75)","-2.83(-6.72,0.96)","-0.39(-5.00,4.21)","0.2977","0.3847","0.1362","0.8730","1.0009","1.0004","1.0005","1.0011",2506,2215,2387,2105,2881,2694,2773,2583
"J40_J47_J60_J70_J84_D86_C34","2000_2005","2021_2024",20,"Census_Region_3_EQI+SM+PA+OB","0.00","2.44(-0.71,5.51)","-2.09(-5.56,1.27)","-2.39(-6.38,1.40)","-3.44(-8.31,1.33)","0.1372","0.2317","0.2357","0.1772","1.0005","1.0007","1.0009","1.0002",2170,1957,1765,1910,2475,2828,2144,2397
"J40_J47_J60_J70_J84_D86_C34","2000_2005","2021_2024",20,"Census_Region_3_EQI_Air+SM+PA+OB","0.00","-2.12(-6.45,2.10)","0.12(-4.08,4.30)","0.67(-3.71,4.99)","-1.08(-5.66,3.61)","0.3297","0.9570","0.7551","0.6496","1.0003","1.0012","1.0004","1.0032",2411,2282,2076,2350,2849,2747,2658,2671
"J40_J47_J60_J70_J84_D86_C34","2000_2005","2021_2024",20,"Census_Region_3_EQI_Water+SM+PA+OB","0.00","2.21(-1.78,6.30)","-0.40(-4.54,3.86)","3.05(-1.33,7.35)","1.27(-3.18,5.70)","0.2847","0.8520","0.1712","0.5796","1.0009","1.0004","1.0008","1.0020",2696,2744,2696,2559,3043,3093,2584,2973
"J40_J47_J60_J70_J84_D86_C34","2000_2005","2021_2024",20,"Census_Region_3_EQI_Land+SM+PA+OB","0.00","-3.29(-6.11,-0.58)","-4.77(-7.99,-1.36)","-7.79(-12.45,-3.42)","-4.68(-10.32,0.99)","0.0192","0.0027","0.0012","0.1077","1.0012","1.0002","1.0001","0.9999",4500,4089,5009,4764,2975,2899,2968,2879
"J40_J47_J60_J70_J84_D86_C34","2000_2005","2021_2024",20,"Census_Region_3_EQI_Built+SM+PA+OB","0.00","4.31(1.06,7.45)","5.27(1.84,8.72)","4.79(1.21,8.31)","5.35(1.24,9.24)","0.0097","0.0042","0.0087","0.0132","1.0022","1.0018","1.0000","1.0008",4212,3529,3158,3226,3124,3106,2968,3050
"J40_J47_J60_J70_J84_D86_C34","2000_2005","2021_2024",20,"Census_Region_3_EQI_Social+SM+PA+OB","0.00","-0.09(-3.05,2.98)","-4.90(-8.57,-1.13)","-9.58(-13.80,-5.37)","-7.46(-12.51,-2.69)","0.9600","0.0137","0.0002","0.0057","0.9999","1.0008","1.0008","1.0000",3468,2872,2860,2589,2868,2850,3000,3145
"J40_J47_J60_J70_J84_D86_C34","2000_2005","2006_2010",5,"Census_Region_4_EQI+SM+PA+OB","0.00","5.37(-0.73,11.64)","9.79(3.98,15.57)","8.63(2.05,14.92)","10.70(4.28,17.30)","0.0817","0.0022","0.0147","0.0007","0.9997","1.0021","1.0002","1.0015",4234,3507,3072,2646,2981,3410,3107,2763
"J40_J47_J60_J70_J84_D86_C34","2000_2005","2006_2010",5,"Census_Region_4_EQI_Air+SM+PA+OB","0.00","4.57(-1.12,10.26)","5.33(-0.84,11.58)","5.33(-0.60,11.16)","5.15(-1.25,11.55)","0.1232","0.0847","0.0797","0.1172","1.0033","1.0006","0.9999","1.0008",5914,5401,4891,4285,2883,3155,3244,3545
"J40_J47_J60_J70_J84_D86_C34","2000_2005","2006_2010",5,"Census_Region_4_EQI_Water+SM+PA+OB","0.00","-11.74(-18.63,-4.94)","1.75(-4.99,8.61)","-1.90(-8.32,4.35)","1.92(-3.92,7.55)","0.0017","0.6156","0.5576","0.5196","1.0016","1.0021","1.0007","1.0007",4041,3800,3465,3444,3135,2963,3017,3036
"J40_J47_J60_J70_J84_D86_C34","2000_2005","2006_2010",5,"Census_Region_4_EQI_Land+SM+PA+OB","0.00","-3.47(-11.23,4.47)","6.55(-0.12,12.91)","3.71(-2.82,9.78)","9.61(3.52,15.72)","0.3862","0.0527","0.2242","0.0057","0.9998","1.0032","1.0008","1.0007",5285,3698,2668,2330,3438,3268,2417,2744
"J40_J47_J60_J70_J84_D86_C34","2000_2005","2006_2010",5,"Census_Region_4_EQI_Built+SM+PA+OB","0.00","0.68(-5.87,7.10)","6.57(0.39,12.76)","6.37(0.52,12.41)","3.30(-2.57,9.18)","0.8260","0.0357","0.0322","0.2727","1.0008","1.0000","1.0007","1.0006",4660,4291,4521,3264,3134,3148,3180,2845
"J40_J47_J60_J70_J84_D86_C34","2000_2005","2006_2010",5,"Census_Region_4_EQI_Social+SM+PA+OB","0.00","4.93(-0.85,10.47)","3.30(-2.45,8.91)","5.22(-1.09,11.28)","4.54(-2.28,11.18)","0.0997","0.2667","0.1022","0.2022","1.0006","1.0008","1.0007","1.0009",4902,4834,3924,3293,2950,3226,3276,2830
"J40_J47_J60_J70_J84_D86_C34","2000_2005","2011_2015",10,"Census_Region_4_EQI+SM+PA+OB","0.00","5.76(-0.03,11.30)","6.85(1.27,12.55)","10.59(4.52,16.65)","10.34(4.21,16.56)","0.0522","0.0112","0.0017","0.0022","1.0001","1.0005","1.0011","1.0009",3249,3113,2458,2150,2751,2750,2972,2757
"J40_J47_J60_J70_J84_D86_C34","2000_2005","2011_2015",10,"Census_Region_4_EQI_Air+SM+PA+OB","0.00","6.31(1.08,11.62)","6.64(1.10,12.28)","4.54(-0.89,9.93)","6.16(0.09,12.33)","0.0202","0.0172","0.1057","0.0442","1.0014","1.0030","1.0017","1.0001",4517,4232,4092,4486,2681,3304,3062,3115
"J40_J47_J60_J70_J84_D86_C34","2000_2005","2011_2015",10,"Census_Region_4_EQI_Water+SM+PA+OB","0.00","-9.87(-16.45,-3.26)","3.34(-3.28,9.58)","-0.25(-6.58,6.20)","2.33(-3.09,7.87)","0.0057","0.3132","0.9430","0.4101","1.0007","1.0011","1.0007","1.0008",2998,2403,2730,2780,3129,2824,2935,3059
"J40_J47_J60_J70_J84_D86_C34","2000_2005","2011_2015",10,"Census_Region_4_EQI_Land+SM+PA+OB","0.00","-1.12(-8.61,6.33)","6.92(0.29,13.39)","4.52(-2.28,11.04)","8.34(1.60,14.81)","0.7701","0.0432","0.1877","0.0132","1.0008","1.0009","1.0024","1.0029",4724,1717,1306,1357,2875,2646,2471,2034
"J40_J47_J60_J70_J84_D86_C34","2000_2005","2011_2015",10,"Census_Region_4_EQI_Built+SM+PA+OB","0.00","-0.05(-6.21,5.85)","5.82(-0.22,11.64)","6.33(0.75,11.79)","4.99(-0.61,10.75)","0.9970","0.0572","0.0272","0.0752","1.0018","1.0014","1.0003","1.0010",4039,3796,3425,2774,2715,3067,3252,2754
"J40_J47_J60_J70_J84_D86_C34","2000_2005","2011_2015",10,"Census_Region_4_EQI_Social+SM+PA+OB","0.00","5.90(0.27,11.24)","5.78(0.53,11.06)","5.16(-0.52,10.92)","4.21(-1.83,10.36)","0.0402","0.0317","0.0697","0.1677","1.0011","1.0008","1.0007","1.0018",4010,3248,3317,2574,3091,2954,3004,3108
"J40_J47_J60_J70_J84_D86_C34","2000_2005","2016_2020",15,"Census_Region_4_EQI+SM+PA+OB","0.00","5.61(0.18,10.85)","8.41(2.86,13.93)","10.86(5.04,16.46)","9.58(3.89,15.34)","0.0432","0.0052","0.0002","0.0012","1.0009","1.0012","1.0024","1.0023",3060,2989,2558,2349,3036,2750,3012,3065
"J40_J47_J60_J70_J84_D86_C34","2000_2005","2016_2020",15,"Census_Region_4_EQI_Air+SM+PA+OB","0.00","7.02(2.13,11.82)","5.84(0.42,11.15)","4.90(-0.39,10.03)","5.55(-0.35,11.42)","0.0052","0.0317","0.0727","0.0672","1.0008","1.0009","1.0006","1.0004",3919,3857,3620,3470,3224,3089,2852,3272
"J40_J47_J60_J70_J84_D86_C34","2000_2005","2016_2020",15,"Census_Region_4_EQI_Water+SM+PA+OB","0.00","-7.95(-14.35,-1.52)","4.24(-1.97,10.46)","-1.82(-7.81,4.19)","0.71(-4.92,6.20)","0.0137","0.1887","0.5871","0.7926","1.0000","0.9997","1.0008","0.9998",3171,2836,2918,2540,3226,2794,3118,2913
"J40_J47_J60_J70_J84_D86_C34","2000_2005","2016_2020",15,"Census_Region_4_EQI_Land+SM+PA+OB","0.00","-0.02(-7.64,7.53)","6.19(-0.10,12.72)","1.53(-4.51,7.56)","6.38(0.60,12.35)","0.9830","0.0537","0.6146","0.0332","1.0001","1.0025","1.0019","1.0011",3179,2234,2023,2153,2729,2857,2331,2778
"J40_J47_J60_J70_J84_D86_C34","2000_2005","2016_2020",15,"Census_Region_4_EQI_Built+SM+PA+OB","0.00","3.75(-1.90,9.29)","8.70(3.20,14.29)","8.61(3.24,14.02)","7.13(1.79,12.30)","0.2012","0.0022","0.0037","0.0107","1.0007","0.9998","1.0011","1.0001",3504,3232,2685,2421,3187,3374,2700,2691
"J40_J47_J60_J70_J84_D86_C34","2000_2005","2016_2020",15,"Census_Region_4_EQI_Social+SM+PA+OB","0.00","8.16(3.07,13.35)","6.38(1.57,11.27)","6.97(1.46,12.48)","3.81(-2.25,9.79)","0.0022","0.0097","0.0132","0.2212","1.0009","1.0010","1.0008","1.0011",3829,3053,3175,2588,3086,3180,3091,2913
"J40_J47_J60_J70_J84_D86_C34","2000_2005","2021_2024",20,"Census_Region_4_EQI+SM+PA+OB","0.00","7.26(1.38,12.83)","7.77(2.20,13.26)","10.38(4.40,16.39)","6.92(1.07,12.72)","0.0142","0.0062","0.0012","0.0212","1.0005","1.0001","1.0013","0.9999",3277,3121,3036,2469,2574,2989,3123,2778
"J40_J47_J60_J70_J84_D86_C34","2000_2005","2021_2024",20,"Census_Region_4_EQI_Air+SM+PA+OB","0.00","7.91(2.66,12.99)","3.73(-2.13,9.46)","3.51(-2.07,9.05)","3.06(-3.08,9.60)","0.0027","0.2122","0.2132","0.3437","1.0006","1.0011","1.0006","1.0008",3174,3384,3561,2658,3163,2550,3041,2954
"J40_J47_J60_J70_J84_D86_C34","2000_2005","2021_2024",20,"Census_Region_4_EQI_Water+SM+PA+OB","0.00","-7.13(-14.23,-0.31)","0.75(-5.86,7.24)","0.48(-5.76,6.78)","0.76(-5.19,6.56)","0.0427","0.8140","0.8775","0.7906","1.0022","1.0011","1.0018","1.0029",2794,2507,2583,2363,2768,3207,2903,2682
"J40_J47_J60_J70_J84_D86_C34","2000_2005","2021_2024",20,"Census_Region_4_EQI_Land+SM+PA+OB","0.00","-3.17(-10.80,4.24)","10.19(3.24,17.00)","0.96(-5.54,7.23)","6.42(-0.14,12.71)","0.4091","0.0032","0.7716","0.0547","0.9997","1.0007","1.0008","0.9997",3727,2439,1904,1944,3244,2735,2538,2672
"J40_J47_J60_J70_J84_D86_C34","2000_2005","2021_2024",20,"Census_Region_4_EQI_Built+SM+PA+OB","0.00","0.35(-5.70,6.09)","7.64(1.70,13.51)","6.62(1.15,12.10)","2.35(-3.24,8.02)","0.8965","0.0077","0.0187","0.4096","0.9995","1.0007","0.9995","1.0012",3308,2957,3106,2794,2939,2765,3214,2724
"J40_J47_J60_J70_J84_D86_C34","2000_2005","2021_2024",20,"Census_Region_4_EQI_Social+SM+PA+OB","0.00","7.44(1.91,13.12)","5.66(0.14,11.16)","6.18(0.29,11.67)","2.85(-3.76,9.25)","0.0057","0.0422","0.0387","0.3772","1.0002","1.0018","1.0005","1.0013",3352,2821,2887,2523,2948,2986,3053,2797
"J40_J47_J60_J70_J84_D86_C34","2000_2005","2006_2010",5,"koppen_major_B_EQI+SM+PA+OB","0.00","7.48(1.38,13.55)","8.10(1.85,14.57)","9.03(1.93,15.90)","3.99(-3.67,11.85)","0.0202","0.0107","0.0152","0.3132","1.0005","1.0006","1.0016","1.0007",5567,6245,5851,5530,3160,3420,2770,3071
"J40_J47_J60_J70_J84_D86_C34","2000_2005","2006_2010",5,"koppen_major_B_EQI_Air+SM+PA+OB","0.00","-1.06(-7.58,5.40)","2.22(-5.07,9.26)","1.93(-5.38,9.28)","1.53(-7.04,10.11)","0.7406","0.5361","0.5961","0.7401","1.0002","1.0015","1.0000","1.0004",5349,4927,5623,5370,2888,3031,3305,2669
"J40_J47_J60_J70_J84_D86_C34","2000_2005","2006_2010",5,"koppen_major_B_EQI_Water+SM+PA+OB","0.00","-5.19(-12.74,2.12)","0.53(-6.62,7.59)","4.50(-1.92,11.02)","2.98(-3.56,9.38)","0.1617","0.8830","0.1712","0.3637","1.0010","1.0008","0.9999","1.0000",4187,3948,3718,4639,2618,3088,2909,3189
"J40_J47_J60_J70_J84_D86_C34","2000_2005","2006_2010",5,"koppen_major_B_EQI_Land+SM+PA+OB","0.00","-1.51(-8.22,5.25)","1.82(-4.70,8.40)","-0.03(-6.72,6.73)","5.52(-1.39,12.25)","0.6671","0.5806","0.9975","0.1157","1.0012","1.0025","1.0000","1.0011",4225,3624,4132,3734,2789,3035,3267,2943
"J40_J47_J60_J70_J84_D86_C34","2000_2005","2006_2010",5,"koppen_major_B_EQI_Built+SM+PA+OB","0.00","1.16(-5.16,7.52)","7.76(1.11,14.31)","5.48(-1.09,12.04)","6.07(-0.70,13.02)","0.7311","0.0197","0.1007","0.0882","0.9994","1.0016","0.9999","1.0002",3705,4417,4586,4239,3087,2843,3096,3110
"J40_J47_J60_J70_J84_D86_C34","2000_2005","2006_2010",5,"koppen_major_B_EQI_Social+SM+PA+OB","0.00","1.42(-4.82,7.71)","-1.65(-8.10,4.97)","1.76(-5.20,8.66)","3.85(-4.09,11.94)","0.6696","0.6126","0.6136","0.3462","1.0006","1.0011","1.0000","1.0003",4636,4268,4331,4326,3109,2852,3071,3462
"J40_J47_J60_J70_J84_D86_C34","2000_2005","2011_2015",10,"koppen_major_B_EQI+SM+PA+OB","0.00","8.65(2.14,15.07)","5.77(-0.56,11.81)","7.55(0.43,14.37)","1.31(-6.20,9.02)","0.0112","0.0787","0.0377","0.7261","1.0010","1.0007","1.0021","1.0005",3615,3981,4056,3859,2539,2966,3192,2946
"J40_J47_J60_J70_J84_D86_C34","2000_2005","2011_2015",10,"koppen_major_B_EQI_Air+SM+PA+OB","0.00","0.84(-5.33,7.19)","2.55(-4.28,9.39)","-0.70(-8.09,6.65)","0.18(-8.46,8.67)","0.8195","0.4901","0.8495","0.9640","1.0005","1.0022","1.0003","1.0009",5526,4817,5274,6410,2930,2939,2689,2579
"J40_J47_J60_J70_J84_D86_C34","2000_2005","2011_2015",10,"koppen_major_B_EQI_Water+SM+PA+OB","0.00","-1.30(-8.76,5.85)","0.95(-5.85,8.01)","4.24(-2.30,10.87)","0.52(-5.88,6.86)","0.7216","0.7951","0.2017","0.8615","1.0016","1.0021","1.0010","1.0006",4794,4224,3952,3822,3229,2637,3208,2912
"J40_J47_J60_J70_J84_D86_C34","2000_2005","2011_2015",10,"koppen_major_B_EQI_Land+SM+PA+OB","0.00","0.83(-6.28,7.87)","-1.11(-7.43,5.32)","1.72(-4.74,8.47)","4.50(-2.20,11.48)","0.8020","0.7266","0.6216","0.2147","1.0003","1.0003","1.0025","1.0002",3906,4178,4142,4459,3229,2778,3225,3245
"J40_J47_J60_J70_J84_D86_C34","2000_2005","2011_2015",10,"koppen_major_B_EQI_Built+SM+PA+OB","0.00","1.30(-5.04,7.56)","4.45(-1.98,11.06)","5.82(-0.64,12.30)","6.24(-0.57,12.88)","0.6846","0.1797","0.0857","0.0717","1.0008","1.0003","1.0005","1.0006",4507,4623,4022,3562,3357,2976,3077,2581
"J40_J47_J60_J70_J84_D86_C34","2000_2005","2011_2015",10,"koppen_major_B_EQI_Social+SM+PA+OB","0.00","4.40(-1.95,10.62)","1.10(-5.42,7.49)","1.61(-5.50,8.47)","2.25(-5.85,10.24)","0.1747","0.7411","0.6406","0.5811","0.9998","1.0008","1.0005","1.0025",5056,4006,4128,4510,3008,2669,3052,2998
"J40_J47_J60_J70_J84_D86_C34","2000_2005","2016_2020",15,"koppen_major_B_EQI+SM+PA+OB","0.00","9.57(3.62,15.49)","7.87(1.91,13.77)","9.77(3.32,16.11)","2.86(-4.48,9.91)","0.0022","0.0077","0.0037","0.4281","1.0014","0.9998","1.0003","1.0001",4758,4617,4885,4599,2392,3267,3503,3225
"J40_J47_J60_J70_J84_D86_C34","2000_2005","2016_2020",15,"koppen_major_B_EQI_Air+SM+PA+OB","0.00","2.70(-2.75,8.47)","2.93(-3.48,9.55)","-1.03(-8.06,6.08)","-0.74(-8.99,7.54)","0.3647","0.3742","0.7746","0.8495","1.0003","0.9997","1.0006","1.0010",4720,5417,3534,4950,2849,2958,3022,2522
"J40_J47_J60_J70_J84_D86_C34","2000_2005","2016_2020",15,"koppen_major_B_EQI_Water+SM+PA+OB","0.00","-2.43(-9.10,4.41)","2.76(-4.06,9.53)","3.16(-3.12,9.72)","2.28(-3.67,8.52)","0.4781","0.4116","0.3212","0.4681","1.0015","1.0006","1.0020","1.0010",3647,3671,3062,3237,3205,3116,3037,3156
"J40_J47_J60_J70_J84_D86_C34","2000_2005","2016_2020",15,"koppen_major_B_EQI_Land+SM+PA+OB","0.00","0.16(-6.24,6.56)","0.58(-5.21,6.52)","0.13(-6.14,6.59)","3.48(-3.23,10.13)","0.9460","0.8670","0.9795","0.3092","1.0010","1.0011","1.0008","1.0014",3338,3106,2957,3294,2996,2723,3275,3249
"J40_J47_J60_J70_J84_D86_C34","2000_2005","2016_2020",15,"koppen_major_B_EQI_Built+SM+PA+OB","0.00","2.62(-3.43,8.59)","5.30(-0.95,11.53)","6.10(-0.23,12.09)","7.12(0.71,13.62)","0.3907","0.0997","0.0607","0.0317","1.0006","1.0017","1.0023","1.0013",4037,3548,3559,3093,3074,3059,2581,2875
"J40_J47_J60_J70_J84_D86_C34","2000_2005","2016_2020",15,"koppen_major_B_EQI_Social+SM+PA+OB","0.00","3.33(-2.68,9.40)","2.21(-3.71,8.06)","3.61(-3.10,10.27)","2.16(-5.58,10.16)","0.2797","0.4736","0.3007","0.5991","0.9996","1.0001","1.0006","0.9999",3964,3422,3124,3612,2959,3256,2835,2759
"J40_J47_J60_J70_J84_D86_C34","2000_2005","2021_2024",20,"koppen_major_B_EQI+SM+PA+OB","0.00","9.44(3.02,15.86)","5.39(-1.09,11.69)","9.00(1.83,16.04)","1.47(-6.21,8.75)","0.0057","0.0967","0.0177","0.6861","1.0009","1.0013","1.0026","1.0007",4969,4259,4809,4167,3195,3032,3211,3154
"J40_J47_J60_J70_J84_D86_C34","2000_2005","2021_2024",20,"koppen_major_B_EQI_Air+SM+PA+OB","0.00","0.70(-5.75,6.97)","2.46(-4.52,9.71)","-1.99(-9.57,5.51)","-2.46(-10.73,5.92)","0.8405","0.4866","0.5901","0.5751","1.0004","0.9998","1.0013","1.0015",5581,5151,5251,5717,3284,3361,3062,2838
"J40_J47_J60_J70_J84_D86_C34","2000_2005","2021_2024",20,"koppen_major_B_EQI_Water+SM+PA+OB","0.00","-3.82(-10.92,3.63)","2.53(-4.99,9.70)","4.49(-2.07,10.93)","1.91(-4.34,8.32)","0.3037","0.5036","0.1787","0.5606","1.0011","1.0020","0.9996","1.0003",5164,4717,3764,3624,3126,3333,2756,3133
"J40_J47_J60_J70_J84_D86_C34","2000_2005","2021_2024",20,"koppen_major_B_EQI_Land+SM+PA+OB","0.00","3.30(-3.69,10.44)","5.19(-1.35,11.86)","-3.03(-9.69,3.68)","5.01(-1.93,11.98)","0.3462","0.1212","0.3637","0.1637","1.0009","1.0006","1.0004","1.0018",4247,4094,3764,3744,2951,3134,2814,3045
"J40_J47_J60_J70_J84_D86_C34","2000_2005","2021_2024",20,"koppen_major_B_EQI_Built+SM+PA+OB","0.00","2.43(-4.29,8.92)","4.92(-1.66,11.63)","5.44(-1.25,12.20)","3.63(-3.36,10.89)","0.4586","0.1482","0.1102","0.3122","1.0002","1.0005","1.0002","1.0019",4323,4696,4543,4012,3242,3108,3251,3161
"J40_J47_J60_J70_J84_D86_C34","2000_2005","2021_2024",20,"koppen_major_B_EQI_Social+SM+PA+OB","0.00","1.48(-5.14,7.98)","3.42(-3.33,10.21)","2.68(-4.23,9.55)","0.08(-8.20,8.41)","0.6596","0.3177","0.4511","0.9840","1.0021","1.0024","1.0011","1.0012",4964,4659,4598,4324,2863,3255,3127,3087
"J40_J47_J60_J70_J84_D86_C34","2000_2005","2006_2010",5,"koppen_major_C_EQI+SM+PA+OB","0.00","1.22(-1.44,3.87)","1.62(-1.15,4.41)","1.67(-1.33,4.72)","4.28(0.50,8.11)","0.3702","0.2667","0.2807","0.0237","0.9995","1.0000","1.0000","1.0000",3055,2337,1982,2146,2650,3043,2979,3063
"J40_J47_J60_J70_J84_D86_C34","2000_2005","2006_2010",5,"koppen_major_C_EQI_Air+SM+PA+OB","0.00","0.75(-2.84,4.38)","3.69(0.18,7.23)","5.23(1.58,8.84)","7.76(3.99,11.74)","0.6821","0.0402","0.0037","0.0002","1.0009","1.0006","1.0007","1.0006",2587,2527,2181,2302,2993,2712,2466,2727
"J40_J47_J60_J70_J84_D86_C34","2000_2005","2006_2010",5,"koppen_major_C_EQI_Water+SM+PA+OB","0.00","1.61(-1.71,5.06)","-0.52(-3.90,3.03)","0.42(-3.16,4.09)","1.68(-2.08,5.46)","0.3532","0.7591","0.8225","0.3837","1.0006","1.0001","0.9999","1.0010",2762,2690,2881,2659,3117,3219,2878,2725
"J40_J47_J60_J70_J84_D86_C34","2000_2005","2006_2010",5,"koppen_major_C_EQI_Land+SM+PA+OB","0.00","-2.58(-4.88,-0.31)","-4.16(-6.74,-1.67)","-4.10(-7.27,-1.00)","-2.51(-6.05,1.18)","0.0272","0.0027","0.0122","0.1752","0.9998","0.9996","0.9997","1.0003",4809,4379,3849,3885,3510,3415,2971,2993
"J40_J47_J60_J70_J84_D86_C34","2000_2005","2006_2010",5,"koppen_major_C_EQI_Built+SM+PA+OB","0.00","1.45(-1.13,3.98)","1.28(-1.33,3.89)","2.21(-0.68,5.00)","0.92(-2.28,4.03)","0.2692","0.3552","0.1297","0.5771","1.0004","1.0000","1.0010","1.0016",3878,3479,2997,3008,3484,3540,3129,3225
"J40_J47_J60_J70_J84_D86_C34","2000_2005","2006_2010",5,"koppen_major_C_EQI_Social+SM+PA+OB","0.00","1.58(-0.87,4.07)","-1.79(-4.65,1.17)","0.12(-3.07,3.44)","1.86(-2.01,5.78)","0.2187","0.2147","0.9555","0.3447","1.0016","1.0029","1.0024","1.0026",3493,2733,2829,2435,3138,2996,3184,2807
"J40_J47_J60_J70_J84_D86_C34","2000_2005","2011_2015",10,"koppen_major_C_EQI+SM+PA+OB","0.00","1.92(-0.69,4.50)","2.02(-0.66,4.69)","1.79(-1.40,4.84)","2.74(-1.07,6.53)","0.1422","0.1447","0.2502","0.1592","1.0021","1.0010","1.0024","1.0024",2386,2229,1944,1960,2819,2972,2584,2480
"J40_J47_J60_J70_J84_D86_C34","2000_2005","2011_2015",10,"koppen_major_C_EQI_Air+SM+PA+OB","0.00","1.94(-1.69,5.50)","4.79(1.25,8.26)","6.22(2.57,9.82)","7.13(3.25,10.89)","0.2952","0.0112","0.0012","0.0002","1.0019","1.0021","1.0021","1.0029",1947,1792,1602,1738,2775,2416,2176,2237
"J40_J47_J60_J70_J84_D86_C34","2000_2005","2011_2015",10,"koppen_major_C_EQI_Water+SM+PA+OB","0.00","0.61(-2.82,3.93)","-2.06(-5.54,1.44)","-1.01(-4.59,2.58)","1.23(-2.51,5.08)","0.7241","0.2447","0.5836","0.5421","1.0009","1.0016","1.0011","1.0026",1900,1903,1828,1801,2540,2872,2923,2797
"J40_J47_J60_J70_J84_D86_C34","2000_2005","2011_2015",10,"koppen_major_C_EQI_Land+SM+PA+OB","0.00","-1.55(-3.85,0.67)","-2.84(-5.32,-0.24)","-3.19(-6.27,-0.15)","-0.76(-4.36,2.76)","0.1792","0.0297","0.0372","0.6961","1.0008","1.0007","1.0008","1.0011",3461,3642,3406,3094,2898,3196,2897,3184
"J40_J47_J60_J70_J84_D86_C34","2000_2005","2011_2015",10,"koppen_major_C_EQI_Built+SM+PA+OB","0.00","2.01(-0.52,4.48)","2.95(0.25,5.53)","2.73(-0.05,5.48)","2.68(-0.37,5.72)","0.1132","0.0357","0.0537","0.0807","1.0009","1.0014","1.0000","1.0004",3101,3085,2580,2242,2964,2891,3049,2945
"J40_J47_J60_J70_J84_D86_C34","2000_2005","2011_2015",10,"koppen_major_C_EQI_Social+SM+PA+OB","0.00","0.17(-2.25,2.71)","-2.97(-5.77,-0.16)","-3.00(-6.19,0.28)","-1.68(-5.35,2.21)","0.9030","0.0407","0.0757","0.3837","1.0001","0.9997","0.9999","1.0005",3176,2671,2225,2165,3048,3091,3273,3079
"J40_J47_J60_J70_J84_D86_C34","2000_2005","2016_2020",15,"koppen_major_C_EQI+SM+PA+OB","0.00","1.51(-1.07,4.00)","1.66(-1.05,4.30)","2.14(-0.87,5.04)","1.96(-1.57,5.48)","0.2402","0.2172","0.1537","0.2877","1.0005","1.0002","1.0004","0.9997",3326,2744,2556,2411,3253,3045,3034,2877
"J40_J47_J60_J70_J84_D86_C34","2000_2005","2016_2020",15,"koppen_major_C_EQI_Air+SM+PA+OB","0.00","-0.87(-4.36,2.48)","1.60(-1.72,4.89)","4.59(1.19,7.94)","3.95(0.39,7.55)","0.6221","0.3532","0.0057","0.0277","1.0011","1.0009","1.0009","1.0003",2707,2354,2193,2269,3090,2633,3049,2656
"J40_J47_J60_J70_J84_D86_C34","2000_2005","2016_2020",15,"koppen_major_C_EQI_Water+SM+PA+OB","0.00","1.49(-1.69,4.75)","-1.89(-5.12,1.39)","-0.22(-3.71,3.22)","0.96(-2.76,4.51)","0.3572","0.2587","0.9125","0.5946","1.0025","1.0003","1.0000","1.0005",2870,2644,2672,2627,2775,2766,2850,2922
"J40_J47_J60_J70_J84_D86_C34","2000_2005","2016_2020",15,"koppen_major_C_EQI_Land+SM+PA+OB","0.00","-1.71(-3.91,0.48)","-4.25(-6.74,-1.76)","-3.28(-6.24,-0.35)","-1.51(-4.95,1.99)","0.1357","0.0002","0.0282","0.3822","1.0016","1.0005","1.0001","0.9997",3542,3381,3041,2877,3073,3179,3264,3245
"J40_J47_J60_J70_J84_D86_C34","2000_2005","2016_2020",15,"koppen_major_C_EQI_Built+SM+PA+OB","0.00","2.07(-0.32,4.45)","4.34(1.85,6.88)","3.94(1.20,6.58)","3.43(0.44,6.34)","0.0907","0.0007","0.0027","0.0272","1.0006","1.0004","1.0004","1.0006",3762,3244,3105,3201,3519,3420,3115,3306
"J40_J47_J60_J70_J84_D86_C34","2000_2005","2016_2020",15,"koppen_major_C_EQI_Social+SM+PA+OB","0.00","1.36(-0.92,3.68)","-3.13(-5.88,-0.47)","-3.82(-6.93,-0.75)","-2.41(-6.12,1.27)","0.2542","0.0227","0.0127","0.1872","1.0029","1.0002","1.0002","1.0006",3065,2394,2334,2238,2849,2844,2797,2749
"J40_J47_J60_J70_J84_D86_C34","2000_2005","2021_2024",20,"koppen_major_C_EQI+SM+PA+OB","0.00","0.34(-2.63,3.28)","-3.56(-6.59,-0.41)","-6.29(-9.88,-2.79)","-7.71(-11.79,-3.43)","0.8180","0.0252","0.0002","0.0007","1.0040","1.0013","1.0011","1.0012",2564,2124,2073,1689,2276,2783,2252,2704
"J40_J47_J60_J70_J84_D86_C34","2000_2005","2021_2024",20,"koppen_major_C_EQI_Air+SM+PA+OB","0.00","-0.89(-4.82,2.93)","0.49(-3.37,4.31)","1.67(-2.27,5.54)","-1.01(-5.05,3.14)","0.6481","0.8080","0.3907","0.6426","1.0009","1.0005","1.0008","1.0012",2323,2093,1982,1937,2920,2823,2814,2706
"J40_J47_J60_J70_J84_D86_C34","2000_2005","2021_2024",20,"koppen_major_C_EQI_Water+SM+PA+OB","0.00","1.59(-2.19,5.40)","-3.18(-7.17,0.80)","0.05(-3.81,4.01)","-0.05(-4.34,4.30)","0.4161","0.1147","0.9840","0.9725","1.0016","1.0012","1.0012","1.0022",2626,2325,2458,2282,2398,2812,3182,2919
"J40_J47_J60_J70_J84_D86_C34","2000_2005","2021_2024",20,"koppen_major_C_EQI_Land+SM+PA+OB","0.00","-3.73(-6.35,-1.12)","-5.12(-8.12,-2.06)","-5.82(-9.42,-2.17)","-3.46(-7.61,0.62)","0.0057","0.0007","0.0012","0.0992","1.0003","1.0007","1.0007","1.0004",3263,2890,2921,3037,2803,3196,3249,3039
"J40_J47_J60_J70_J84_D86_C34","2000_2005","2021_2024",20,"koppen_major_C_EQI_Built+SM+PA+OB","0.00","2.64(-0.33,5.48)","3.41(0.45,6.33)","2.37(-0.82,5.53)","3.22(-0.35,6.68)","0.0762","0.0202","0.1427","0.0812","0.9996","1.0008","0.9994","1.0006",3101,2695,2495,2531,2936,2625,2242,2573
"J40_J47_J60_J70_J84_D86_C34","2000_2005","2021_2024",20,"koppen_major_C_EQI_Social+SM+PA+OB","0.00","-0.87(-3.62,1.94)","-6.97(-10.23,-3.76)","-9.80(-13.44,-6.14)","-10.01(-14.43,-5.78)","0.5356","0.0002","0.0002","0.0002","1.0024","1.0002","1.0008","1.0000",3012,2522,2431,2192,2900,2758,2657,2567
"J40_J47_J60_J70_J84_D86_C34","2000_2005","2006_2010",5,"koppen_major_D_EQI+SM+PA+OB","0.00","11.09(6.03,16.06)","10.20(5.47,14.73)","11.86(7.38,16.33)","14.44(9.77,19.16)","0.0002","0.0002","0.0002","0.0002","0.9998","1.0007","1.0009","1.0007",2405,1853,1645,1598,2757,2750,2517,2569
"J40_J47_J60_J70_J84_D86_C34","2000_2005","2006_2010",5,"koppen_major_D_EQI_Air+SM+PA+OB","0.00","4.59(0.90,8.36)","6.53(2.55,10.56)","10.25(6.29,14.26)","8.35(4.09,12.67)","0.0152","0.0017","0.0002","0.0002","1.0008","1.0002","1.0017","1.0021",2986,2847,2288,2344,3064,2775,3059,2273
"J40_J47_J60_J70_J84_D86_C34","2000_2005","2006_2010",5,"koppen_major_D_EQI_Water+SM+PA+OB","0.00","-4.79(-9.08,-0.33)","0.27(-4.23,4.76)","2.09(-2.17,6.40)","2.49(-2.42,7.32)","0.0307","0.9100","0.3197","0.3157","1.0000","1.0000","1.0009","1.0004",2919,2350,2565,2312,3273,2848,2605,2849
"J40_J47_J60_J70_J84_D86_C34","2000_2005","2006_2010",5,"koppen_major_D_EQI_Land+SM+PA+OB","0.00","1.15(-3.78,6.17)","4.14(-0.51,8.69)","2.46(-2.11,6.98)","3.84(-0.77,8.38)","0.6591","0.0797","0.2982","0.1012","1.0011","1.0019","1.0012","1.0004",2761,2287,2156,2186,2816,2989,2704,2702
"J40_J47_J60_J70_J84_D86_C34","2000_2005","2006_2010",5,"koppen_major_D_EQI_Built+SM+PA+OB","0.00","2.26(-2.05,6.57)","2.92(-1.15,7.07)","4.55(0.53,8.46)","4.95(0.86,9.06)","0.2977","0.1562","0.0237","0.0202","1.0003","0.9998","0.9999","1.0003",2467,2298,2160,2091,2360,2273,2642,2245
"J40_J47_J60_J70_J84_D86_C34","2000_2005","2006_2010",5,"koppen_major_D_EQI_Social+SM+PA+OB","0.00","-1.09(-6.50,4.27)","2.00(-2.88,6.82)","1.59(-3.19,6.45)","1.82(-3.04,7.01)","0.6996","0.4271","0.5161","0.4956","1.0022","1.0030","1.0028","1.0032",2678,1975,1816,1915,2872,2670,2690,2503
"J40_J47_J60_J70_J84_D86_C34","2000_2005","2011_2015",10,"koppen_major_D_EQI+SM+PA+OB","0.00","12.49(7.78,17.15)","13.68(9.23,17.97)","15.34(11.13,19.47)","16.25(11.71,20.81)","0.0002","0.0002","0.0002","0.0002","1.0010","1.0015","1.0029","1.0014",3271,2416,2181,1993,3372,2855,2774,2714
"J40_J47_J60_J70_J84_D86_C34","2000_2005","2011_2015",10,"koppen_major_D_EQI_Air+SM+PA+OB","0.00","6.50(2.96,9.97)","7.18(3.42,10.82)","9.86(5.88,13.69)","6.15(2.01,10.38)","0.0002","0.0007","0.0002","0.0037","1.0014","1.0024","1.0033","1.0033",2992,2554,2324,2152,2630,3071,2986,2652
"J40_J47_J60_J70_J84_D86_C34","2000_2005","2011_2015",10,"koppen_major_D_EQI_Water+SM+PA+OB","0.00","-5.28(-9.33,-1.00)","-1.00(-5.08,3.29)","2.57(-1.58,6.77)","1.96(-2.63,6.54)","0.0167","0.6431","0.2157","0.4141","1.0017","1.0005","1.0000","0.9999",2804,2495,2435,2489,2793,3193,3091,2856
"J40_J47_J60_J70_J84_D86_C34","2000_2005","2011_2015",10,"koppen_major_D_EQI_Land+SM+PA+OB","0.00","0.23(-4.52,5.02)","1.73(-2.85,6.38)","1.58(-2.90,5.99)","2.78(-1.79,7.33)","0.9150","0.4451","0.4886","0.2357","1.0013","1.0006","1.0008","1.0012",2730,2162,2142,2058,2748,2796,2593,2613
"J40_J47_J60_J70_J84_D86_C34","2000_2005","2011_2015",10,"koppen_major_D_EQI_Built+SM+PA+OB","0.00","5.69(1.64,9.86)","7.10(3.35,10.95)","8.15(4.31,12.03)","8.54(4.48,12.40)","0.0072","0.0007","0.0002","0.0002","0.9997","1.0007","1.0006","0.9999",3122,2599,2385,2292,2844,2924,2779,2849
"J40_J47_J60_J70_J84_D86_C34","2000_2005","2011_2015",10,"koppen_major_D_EQI_Social+SM+PA+OB","0.00","-1.55(-6.53,3.42)","2.53(-2.12,7.27)","3.18(-1.37,7.69)","2.64(-2.58,7.51)","0.5531","0.2677","0.1642","0.2917","1.0000","1.0016","1.0022","1.0015",2883,2269,2036,2192,2627,2253,2528,2386
"J40_J47_J60_J70_J84_D86_C34","2000_2005","2016_2020",15,"koppen_major_D_EQI+SM+PA+OB","0.00","9.28(4.80,13.90)","11.71(7.49,15.87)","12.56(8.52,16.80)","13.63(9.27,18.00)","0.0002","0.0002","0.0002","0.0002","1.0000","1.0007","1.0019","1.0012",2453,1942,1600,1555,2989,2534,2116,2190
"J40_J47_J60_J70_J84_D86_C34","2000_2005","2016_2020",15,"koppen_major_D_EQI_Air+SM+PA+OB","0.00","5.78(2.54,9.10)","8.22(4.70,11.75)","9.37(5.76,12.91)","5.90(2.27,9.73)","0.0007","0.0002","0.0002","0.0032","1.0009","1.0006","1.0014","1.0006",3231,2736,2352,2320,3248,2810,2968,2960
"J40_J47_J60_J70_J84_D86_C34","2000_2005","2016_2020",15,"koppen_major_D_EQI_Water+SM+PA+OB","0.00","-4.91(-8.86,-0.94)","-0.70(-4.83,3.32)","1.68(-2.05,5.64)","1.43(-2.76,5.61)","0.0142","0.7386","0.3982","0.5076","1.0001","1.0003","1.0015","1.0005",2758,2439,2349,2383,3320,3236,2813,2999
"J40_J47_J60_J70_J84_D86_C34","2000_2005","2016_2020",15,"koppen_major_D_EQI_Land+SM+PA+OB","0.00","0.65(-3.93,5.32)","2.89(-1.51,7.20)","1.45(-2.95,5.85)","3.57(-0.91,7.92)","0.7886","0.2012","0.5201","0.1122","1.0003","1.0002","1.0003","1.0005",2339,1938,1809,1845,2845,2743,2321,2411
"J40_J47_J60_J70_J84_D86_C34","2000_2005","2016_2020",15,"koppen_major_D_EQI_Built+SM+PA+OB","0.00","6.52(2.74,10.28)","8.56(5.02,12.17)","7.70(4.13,11.28)","7.35(3.59,11.00)","0.0017","0.0002","0.0002","0.0007","1.0011","1.0008","1.0012","1.0010",2754,2320,2314,2337,3111,2769,2979,3026
"J40_J47_J60_J70_J84_D86_C34","2000_2005","2016_2020",15,"koppen_major_D_EQI_Social+SM+PA+OB","0.00","0.14(-4.60,4.69)","6.16(1.96,10.47)","5.12(0.95,9.29)","2.72(-1.84,7.26)","0.9305","0.0057","0.0187","0.2517","1.0015","1.0022","1.0012","1.0005",2882,2152,2010,2014,3228,2712,2636,2470
"J40_J47_J60_J70_J84_D86_C34","2000_2005","2021_2024",20,"koppen_major_D_EQI+SM+PA+OB","0.00","12.91(7.96,17.85)","13.76(9.21,18.39)","14.38(10.04,18.71)","11.08(6.37,15.76)","0.0002","0.0002","0.0002","0.0002","1.0003","1.0007","1.0025","1.0018",2613,1962,1517,1389,3194,2899,2830,2483
"J40_J47_J60_J70_J84_D86_C34","2000_2005","2021_2024",20,"koppen_major_D_EQI_Air+SM+PA+OB","0.00","6.76(2.74,10.73)","7.39(3.31,11.69)","9.05(4.79,13.35)","2.45(-2.17,7.22)","0.0022","0.0007","0.0002","0.3162","0.9998","1.0010","1.0003","1.0001",3617,2663,2325,2022,2977,3132,2471,2669
"J40_J47_J60_J70_J84_D86_C34","2000_2005","2021_2024",20,"koppen_major_D_EQI_Water+SM+PA+OB","0.00","-2.68(-7.42,2.00)","-0.85(-5.54,3.78)","2.97(-1.45,7.41)","0.49(-4.61,5.60)","0.2467","0.7211","0.1897","0.8445","1.0010","1.0013","1.0009","1.0007",2635,2328,2170,2456,3139,2764,3013,2776
"J40_J47_J60_J70_J84_D86_C34","2000_2005","2021_2024",20,"koppen_major_D_EQI_Land+SM+PA+OB","0.00","-0.10(-5.44,5.37)","2.85(-2.01,7.64)","1.70(-3.08,6.41)","2.83(-1.97,7.59)","0.9755","0.2457","0.4926","0.2527","1.0006","1.0003","1.0007","1.0005",3089,2267,2099,2127,2945,2430,2748,2790
"J40_J47_J60_J70_J84_D86_C34","2000_2005","2021_2024",20,"koppen_major_D_EQI_Built+SM+PA+OB","0.00","6.79(2.30,11.26)","9.13(5.01,13.19)","7.44(3.33,11.63)","7.39(3.20,11.73)","0.0012","0.0002","0.0002","0.0012","1.0000","1.0001","1.0003","1.0002",3002,2574,2288,2301,2981,3227,3094,2509
"J40_J47_J60_J70_J84_D86_C34","2000_2005","2021_2024",20,"koppen_major_D_EQI_Social+SM+PA+OB","0.00","0.61(-4.63,5.75)","3.94(-0.78,8.71)","4.45(-0.21,9.18)","1.17(-3.91,6.26)","0.8265","0.1122","0.0622","0.6431","1.0003","1.0008","1.0021","1.0021",2877,2451,1987,1897,2931,2826,2561,2494
"J40_J47_J60_J70_J84_D86_C34","2000_2005","2006_2010",5,"doe_zone_2_EQI+SM+PA+OB","0.00","-0.75(-5.65,4.47)","-1.19(-6.88,4.38)","1.30(-5.36,7.73)","2.39(-5.49,10.06)","0.7691","0.6926","0.7086","0.5416","1.0009","1.0002","1.0014","1.0015",3632,3586,3800,4399,2705,2741,3061,2965
"J40_J47_J60_J70_J84_D86_C34","2000_2005","2006_2010",5,"doe_zone_2_EQI_Air+SM+PA+OB","0.00","4.76(-1.57,10.82)","0.83(-5.18,6.69)","1.87(-4.05,7.88)","4.83(-1.53,11.14)","0.1332","0.7981","0.5336","0.1307","1.0006","1.0011","1.0017","1.0009",3261,3220,2569,2420,3280,3107,2987,2434
"J40_J47_J60_J70_J84_D86_C34","2000_2005","2006_2010",5,"doe_zone_2_EQI_Water+SM+PA+OB","0.00","3.67(-3.56,10.84)","1.95(-4.15,7.81)","3.62(-3.49,10.45)","3.36(-4.68,10.94)","0.3127","0.5326","0.3122","0.3887","1.0008","1.0004","1.0002","0.9999",3266,2970,3598,3623,2468,3301,3178,2967
"J40_J47_J60_J70_J84_D86_C34","2000_2005","2006_2010",5,"doe_zone_2_EQI_Land+SM+PA+OB","0.00","-6.99(-12.70,-1.12)","-3.78(-10.32,2.45)","0.58(-7.35,8.40)","-0.05(-8.51,8.59)","0.0242","0.2367","0.8910","0.9845","1.0003","1.0015","1.0000","1.0012",3462,3875,4423,4838,2602,2804,3085,2778
"J40_J47_J60_J70_J84_D86_C34","2000_2005","2006_2010",5,"doe_zone_2_EQI_Built+SM+PA+OB","0.00","-0.42(-6.20,5.46)","-0.92(-6.49,4.74)","-3.26(-8.96,2.39)","-2.73(-9.45,3.75)","0.8840","0.7406","0.2647","0.4261","1.0022","1.0008","1.0008","1.0010",3177,3169,3416,3356,2867,2995,2894,3218
"J40_J47_J60_J70_J84_D86_C34","2000_2005","2006_2010",5,"doe_zone_2_EQI_Social+SM+PA+OB","0.00","5.02(-0.35,10.15)","3.49(-2.46,9.66)","-0.33(-6.70,5.97)","1.33(-6.03,8.75)","0.0622","0.2632","0.9150","0.7196","1.0006","1.0009","1.0006","0.9997",3794,3216,3366,3586,2810,3196,3290,3164
"J40_J47_J60_J70_J84_D86_C34","2000_2005","2011_2015",10,"doe_zone_2_EQI+SM+PA+OB","0.00","-1.81(-6.86,3.33)","-1.86(-7.62,3.85)","0.41(-6.15,7.28)","1.91(-5.94,9.92)","0.4906","0.5446","0.9225","0.6291","1.0010","1.0021","1.0019","1.0012",3849,3244,3380,3398,2942,3107,2741,2882
"J40_J47_J60_J70_J84_D86_C34","2000_2005","2011_2015",10,"doe_zone_2_EQI_Air+SM+PA+OB","0.00","6.05(-0.09,12.18)","1.60(-4.53,7.76)","0.84(-5.17,7.11)","3.14(-3.47,9.73)","0.0547","0.6241","0.7851","0.3537","1.0004","1.0000","1.0005","1.0001",3270,3091,2546,3074,3286,3168,2764,3044
"J40_J47_J60_J70_J84_D86_C34","2000_2005","2011_2015",10,"doe_zone_2_EQI_Water+SM+PA+OB","0.00","4.59(-2.58,11.70)","2.74(-3.58,8.82)","4.23(-2.88,10.97)","2.85(-5.02,10.58)","0.2222","0.3827","0.2392","0.4826","0.9999","1.0021","1.0000","1.0000",2831,2568,3252,4181,2992,2774,2878,3109
"J40_J47_J60_J70_J84_D86_C34","2000_2005","2011_2015",10,"doe_zone_2_EQI_Land+SM+PA+OB","0.00","-5.09(-10.61,0.89)","-3.14(-9.25,3.03)","-0.02(-8.42,7.94)","-0.06(-8.85,9.33)","0.0837","0.3127","0.9855","0.9795","1.0002","1.0002","1.0006","1.0022",4213,3775,4061,4384,3174,2999,3140,2510
"J40_J47_J60_J70_J84_D86_C34","2000_2005","2011_2015",10,"doe_zone_2_EQI_Built+SM+PA+OB","0.00","-2.12(-8.00,3.81)","-1.34(-7.01,4.44)","-4.56(-10.12,1.06)","-3.39(-9.55,3.27)","0.4736","0.6451","0.1127","0.3042","1.0012","1.0016","1.0019","1.0014",4031,3875,3867,3470,3365,3215,3384,3021
"J40_J47_J60_J70_J84_D86_C34","2000_2005","2011_2015",10,"doe_zone_2_EQI_Social+SM+PA+OB","0.00","3.60(-1.80,8.90)","3.05(-3.09,9.09)","0.08(-6.64,6.91)","2.72(-4.58,10.26)","0.1752","0.3192","0.9860","0.4851","1.0007","1.0006","1.0009","1.0003",3850,3379,3084,3320,2826,2892,3051,2583
"J40_J47_J60_J70_J84_D86_C34","2000_2005","2016_2020",15,"doe_zone_2_EQI+SM+PA+OB","0.00","-0.29(-5.18,4.82)","-1.98(-7.79,3.48)","-1.05(-7.92,5.72)","2.22(-5.62,9.90)","0.9085","0.4931","0.7731","0.5866","1.0013","1.0022","1.0009","1.0016",3935,3434,3928,3452,3344,3114,3191,2944
"J40_J47_J60_J70_J84_D86_C34","2000_2005","2016_2020",15,"doe_zone_2_EQI_Air+SM+PA+OB","0.00","3.34(-3.02,9.56)","1.90(-4.39,7.85)","2.43(-3.57,8.34)","1.89(-4.75,8.15)","0.2907","0.5321","0.4221","0.5531","0.9998","1.0020","1.0001","0.9999",3226,3269,2750,3077,3118,3365,2871,2816
"J40_J47_J60_J70_J84_D86_C34","2000_2005","2016_2020",15,"doe_zone_2_EQI_Water+SM+PA+OB","0.00","4.66(-2.75,11.70)","0.57(-6.31,6.59)","4.00(-3.31,10.97)","2.50(-5.94,10.56)","0.2087","0.8345","0.2662","0.5456","1.0010","1.0007","1.0010","1.0004",3926,2559,3790,4889,3088,2590,3090,3282
"J40_J47_J60_J70_J84_D86_C34","2000_2005","2016_2020",15,"doe_zone_2_EQI_Land+SM+PA+OB","0.00","-5.54(-11.22,-0.05)","-4.03(-10.21,2.47)","-2.76(-10.49,5.17)","-1.42(-10.17,7.28)","0.0452","0.2082","0.4921","0.7491","1.0005","1.0012","1.0009","1.0038",4135,4271,4769,4381,2796,3106,2806,2829
"J40_J47_J60_J70_J84_D86_C34","2000_2005","2016_2020",15,"doe_zone_2_EQI_Built+SM+PA+OB","0.00","-0.44(-6.18,5.21)","0.57(-5.11,6.10)","-2.63(-8.13,2.88)","-2.58(-9.17,4.01)","0.8790","0.8485","0.3622","0.4376","1.0005","1.0003","1.0001","1.0007",4103,3879,3327,3645,3242,2951,2976,3059
"J40_J47_J60_J70_J84_D86_C34","2000_2005","2016_2020",15,"doe_zone_2_EQI_Social+SM+PA+OB","0.00","3.48(-1.75,8.69)","2.00(-4.06,8.07)","-1.07(-7.54,5.45)","1.55(-5.75,8.92)","0.1947","0.5031","0.7391","0.6641","0.9999","1.0001","0.9999","1.0018",3934,4077,3738,3921,3031,3158,3254,3276
"J40_J47_J60_J70_J84_D86_C34","2000_2005","2021_2024",20,"doe_zone_2_EQI+SM+PA+OB","0.00","0.21(-5.41,5.74)","-5.57(-11.58,0.63)","-3.11(-10.26,4.05)","0.33(-7.85,8.59)","0.9345","0.0802","0.3957","0.9340","1.0003","1.0002","1.0029","1.0016",3389,3080,3369,4082,2911,3155,2919,2925
"J40_J47_J60_J70_J84_D86_C34","2000_2005","2021_2024",20,"doe_zone_2_EQI_Air+SM+PA+OB","0.00","4.03(-2.66,10.59)","-0.86(-7.39,5.70)","-0.91(-7.41,5.19)","-3.78(-10.77,3.02)","0.2362","0.7946","0.7911","0.2842","1.0028","1.0019","0.9996","0.9997",3854,3691,4074,3875,3157,2950,3134,2875
"J40_J47_J60_J70_J84_D86_C34","2000_2005","2021_2024",20,"doe_zone_2_EQI_Water+SM+PA+OB","0.00","5.16(-3.00,13.02)","0.19(-6.95,7.04)","8.10(0.38,15.46)","0.61(-7.94,9.01)","0.1897","0.9535","0.0377","0.8900","1.0015","0.9999","1.0024","0.9995",3431,3351,3962,4035,3177,2998,2903,2852
"J40_J47_J60_J70_J84_D86_C34","2000_2005","2021_2024",20,"doe_zone_2_EQI_Land+SM+PA+OB","0.00","-3.59(-9.94,2.61)","-2.07(-8.98,4.82)","-3.15(-11.76,5.31)","-1.02(-9.94,8.02)","0.2537","0.5521","0.4601","0.8305","1.0032","1.0016","1.0001","1.0033",5471,4288,5102,5952,3211,2911,2712,2778
"J40_J47_J60_J70_J84_D86_C34","2000_2005","2021_2024",20,"doe_zone_2_EQI_Built+SM+PA+OB","0.00","-0.21(-6.70,6.15)","-0.51(-6.74,5.67)","-2.51(-8.49,3.59)","-1.19(-8.11,5.90)","0.9660","0.8785","0.4171","0.7491","1.0024","0.9998","1.0005","1.0003",4017,4068,3697,3937,3059,3062,3039,2797
"J40_J47_J60_J70_J84_D86_C34","2000_2005","2021_2024",20,"doe_zone_2_EQI_Social+SM+PA+OB","0.00","1.71(-4.04,7.55)","-1.02(-7.46,5.49)","-5.08(-11.74,1.86)","-0.52(-7.88,7.03)","0.5701","0.7491","0.1497","0.9025","0.9999","1.0002","1.0012","1.0001",4526,4628,3955,4165,3086,2947,2560,2947
"J40_J47_J60_J70_J84_D86_C34","2000_2005","2006_2010",5,"doe_zone_3_EQI+SM+PA+OB","0.00","5.01(1.19,8.78)","7.89(3.97,11.86)","5.78(1.26,10.32)","3.68(-2.02,9.52)","0.0082","0.0002","0.0137","0.2152","1.0004","1.0010","1.0008","1.0018",4279,3272,2882,2390,3174,3049,2898,2798
"J40_J47_J60_J70_J84_D86_C34","2000_2005","2006_2010",5,"doe_zone_3_EQI_Air+SM+PA+OB","0.00","0.61(-4.01,5.23)","5.15(0.60,9.80)","5.37(0.60,10.11)","6.84(1.77,12.08)","0.7996","0.0217","0.0252","0.0102","1.0006","1.0014","1.0021","1.0012",3788,3576,3327,3216,3174,2895,3263,3270
"J40_J47_J60_J70_J84_D86_C34","2000_2005","2006_2010",5,"doe_zone_3_EQI_Water+SM+PA+OB","0.00","0.42(-4.47,5.21)","3.11(-1.62,8.23)","2.22(-2.72,7.11)","-3.79(-9.42,2.15)","0.8535","0.2002","0.3587","0.2002","1.0015","1.0001","1.0007","1.0010",3878,3203,2884,2800,2961,3112,2970,3043
"J40_J47_J60_J70_J84_D86_C34","2000_2005","2006_2010",5,"doe_zone_3_EQI_Land+SM+PA+OB","0.00","-2.81(-6.07,0.45)","-2.50(-6.73,1.77)","-1.14(-6.70,4.30)","3.83(-2.92,10.45)","0.1002","0.2527","0.6831","0.2677","1.0004","1.0002","1.0013","1.0000",4910,5840,5959,4066,2961,2717,3010,3181
"J40_J47_J60_J70_J84_D86_C34","2000_2005","2006_2010",5,"doe_zone_3_EQI_Built+SM+PA+OB","0.00","2.01(-2.04,6.06)","4.58(0.47,8.68)","6.55(2.23,11.07)","4.57(-0.20,9.28)","0.3132","0.0272","0.0037","0.0662","1.0005","1.0006","1.0006","1.0006",3906,4063,3961,3809,3376,3459,3101,3256
"J40_J47_J60_J70_J84_D86_C34","2000_2005","2006_2010",5,"doe_zone_3_EQI_Social+SM+PA+OB","0.00","3.36(-0.15,6.79)","1.21(-3.21,5.71)","3.26(-2.04,8.54)","2.18(-3.88,8.12)","0.0592","0.6086","0.2297","0.4666","1.0005","1.0009","1.0003","0.9999",4731,4136,3970,3239,3243,3314,3127,2712
"J40_J47_J60_J70_J84_D86_C34","2000_2005","2011_2015",10,"doe_zone_3_EQI+SM+PA+OB","0.00","6.66(3.06,10.20)","7.46(3.77,11.20)","5.37(0.77,10.00)","1.83(-4.32,7.77)","0.0002","0.0002","0.0212","0.5266","1.0003","1.0007","1.0011","1.0016",3888,3351,2838,2763,3243,2951,2696,2741
"J40_J47_J60_J70_J84_D86_C34","2000_2005","2011_2015",10,"doe_zone_3_EQI_Air+SM+PA+OB","0.00","-2.33(-6.67,1.84)","3.10(-1.03,7.29)","5.69(1.47,10.00)","4.46(-0.28,9.19)","0.2792","0.1412","0.0057","0.0652","1.0006","1.0004","1.0003","1.0005",2699,2736,2483,2847,3017,2912,2938,2683
"J40_J47_J60_J70_J84_D86_C34","2000_2005","2011_2015",10,"doe_zone_3_EQI_Water+SM+PA+OB","0.00","1.00(-3.64,5.61)","1.44(-3.47,6.28)","1.98(-2.62,6.77)","-2.48(-8.21,3.17)","0.6801","0.5561","0.4161","0.3762","1.0028","1.0010","1.0022","1.0014",2712,2484,2557,2608,3301,2804,2518,2842
"J40_J47_J60_J70_J84_D86_C34","2000_2005","2011_2015",10,"doe_zone_3_EQI_Land+SM+PA+OB","0.00","-1.80(-4.95,1.25)","-1.87(-5.83,2.17)","-0.25(-5.62,4.83)","0.61(-5.85,7.23)","0.2512","0.3482","0.9305","0.8435","1.0026","1.0000","0.9995","1.0003",5324,5894,5587,4314,2745,3448,2654,3139
"J40_J47_J60_J70_J84_D86_C34","2000_2005","2011_2015",10,"doe_zone_3_EQI_Built+SM+PA+OB","0.00","2.15(-1.55,5.85)","4.11(0.11,8.07)","4.53(0.38,8.67)","2.45(-2.01,6.91)","0.2672","0.0452","0.0322","0.3112","1.0013","1.0013","1.0008","1.0006",4219,3415,3448,3502,3189,3138,2943,2979
"J40_J47_J60_J70_J84_D86_C34","2000_2005","2011_2015",10,"doe_zone_3_EQI_Social+SM+PA+OB","0.00","3.49(0.11,6.87)","0.89(-3.18,5.22)","0.07(-5.03,5.09)","-1.64(-7.21,3.82)","0.0462","0.6806","0.9700","0.5716","1.0008","1.0016","1.0004","1.0008",3970,3575,3518,3232,3133,3041,2787,3141
"J40_J47_J60_J70_J84_D86_C34","2000_2005","2016_2020",15,"doe_zone_3_EQI+SM+PA+OB","0.00","6.33(2.78,9.82)","7.66(4.16,11.33)","6.61(2.36,10.88)","2.39(-2.94,7.91)","0.0012","0.0002","0.0027","0.4056","0.9999","1.0004","1.0002","1.0004",3358,3007,2969,2780,2755,2905,3110,3218
"J40_J47_J60_J70_J84_D86_C34","2000_2005","2016_2020",15,"doe_zone_3_EQI_Air+SM+PA+OB","0.00","1.31(-3.16,5.79)","4.27(-0.24,8.64)","7.35(2.86,11.81)","6.24(1.24,11.12)","0.5606","0.0622","0.0017","0.0162","1.0012","1.0017","1.0020","1.0023",3499,3239,2989,3009,2785,2847,2981,3070
"J40_J47_J60_J70_J84_D86_C34","2000_2005","2016_2020",15,"doe_zone_3_EQI_Water+SM+PA+OB","0.00","2.20(-2.69,7.04)","3.69(-1.37,8.77)","2.65(-2.35,7.53)","0.29(-5.37,6.42)","0.3637","0.1432","0.2792","0.9220","1.0002","1.0011","1.0003","1.0006",3197,2870,2854,2880,2983,2965,2936,3110
"J40_J47_J60_J70_J84_D86_C34","2000_2005","2016_2020",15,"doe_zone_3_EQI_Land+SM+PA+OB","0.00","-3.28(-6.32,-0.39)","-2.15(-6.11,1.77)","-0.82(-6.01,4.41)","1.52(-5.51,8.30)","0.0222","0.2837","0.7616","0.6681","1.0010","1.0001","1.0009","1.0004",6146,5836,5718,4839,3417,2936,3164,3228
"J40_J47_J60_J70_J84_D86_C34","2000_2005","2016_2020",15,"doe_zone_3_EQI_Built+SM+PA+OB","0.00","2.56(-1.07,6.21)","4.77(0.97,8.56)","5.66(1.73,9.72)","3.46(-1.06,8.00)","0.1727","0.0172","0.0057","0.1367","1.0006","1.0010","1.0003","1.0018",3517,3298,3564,3697,2796,3011,2931,3333
"J40_J47_J60_J70_J84_D86_C34","2000_2005","2016_2020",15,"doe_zone_3_EQI_Social+SM+PA+OB","0.00","3.43(0.27,6.68)","0.50(-3.57,4.43)","0.69(-4.27,5.52)","-1.25(-6.45,4.03)","0.0357","0.7971","0.7846","0.6201","1.0000","1.0016","1.0013","1.0001",4262,3739,4062,3379,2941,3135,3079,3393
"J40_J47_J60_J70_J84_D86_C34","2000_2005","2021_2024",20,"doe_zone_3_EQI+SM+PA+OB","0.00","5.02(1.05,8.88)","0.85(-3.37,4.93)","-0.77(-5.59,3.95)","-4.68(-10.87,1.42)","0.0157","0.6936","0.7706","0.1297","1.0013","1.0008","1.0010","1.0034",2763,2775,2488,2572,3258,2926,2778,2794
"J40_J47_J60_J70_J84_D86_C34","2000_2005","2021_2024",20,"doe_zone_3_EQI_Air+SM+PA+OB","0.00","-2.20(-7.14,2.55)","1.99(-2.75,6.55)","4.11(-0.69,8.79)","-0.66(-6.01,4.41)","0.3662","0.3967","0.0942","0.8160","0.9999","0.9999","0.9995","0.9999",3440,3102,2901,3430,3218,3117,2984,2930
"J40_J47_J60_J70_J84_D86_C34","2000_2005","2021_2024",20,"doe_zone_3_EQI_Water+SM+PA+OB","0.00","0.58(-5.05,5.95)","1.79(-3.58,7.29)","0.57(-4.62,5.90)","-0.21(-6.41,6.09)","0.8205","0.5121","0.8365","0.9590","1.0004","1.0008","1.0008","1.0006",3626,3408,3507,3656,3189,3194,3453,2991
"J40_J47_J60_J70_J84_D86_C34","2000_2005","2021_2024",20,"doe_zone_3_EQI_Land+SM+PA+OB","0.00","-5.51(-9.11,-2.01)","-2.59(-7.05,1.98)","-4.34(-10.05,1.41)","0.72(-6.84,8.58)","0.0042","0.2547","0.1447","0.8635","1.0002","1.0019","1.0014","1.0021",5844,5697,6156,4633,2786,3021,3228,3208
"J40_J47_J60_J70_J84_D86_C34","2000_2005","2021_2024",20,"doe_zone_3_EQI_Built+SM+PA+OB","0.00","3.10(-1.23,7.22)","3.67(-0.61,7.91)","3.29(-1.42,8.02)","2.97(-2.09,8.01)","0.1412","0.0907","0.1637","0.2597","0.9999","0.9997","1.0011","1.0019",4369,4163,3525,3582,3456,3248,2670,3293
"J40_J47_J60_J70_J84_D86_C34","2000_2005","2021_2024",20,"doe_zone_3_EQI_Social+SM+PA+OB","0.00","4.77(0.87,8.58)","-1.71(-6.42,2.84)","-6.10(-11.60,-0.70)","-4.63(-10.58,1.34)","0.0202","0.4806","0.0287","0.1282","1.0010","1.0006","1.0006","1.0004",5167,4307,4322,3824,3022,2946,3272,3331
"J40_J47_J60_J70_J84_D86_C34","2000_2005","2006_2010",5,"doe_zone_4_EQI+SM+PA+OB","0.00","-2.60(-6.54,1.28)","-2.35(-6.27,1.44)","-0.79(-4.94,3.34)","2.79(-1.90,7.60)","0.1902","0.2252","0.7056","0.2557","1.0009","1.0011","1.0011","1.0010",3441,2847,2636,2271,3119,3058,3012,3075
"J40_J47_J60_J70_J84_D86_C34","2000_2005","2006_2010",5,"doe_zone_4_EQI_Air+SM+PA+OB","0.00","-2.64(-6.89,1.70)","1.98(-2.26,6.30)","4.49(0.25,8.79)","4.98(0.35,9.61)","0.2442","0.3672","0.0392","0.0332","1.0003","1.0008","0.9999","1.0008",2996,2520,2175,2381,3099,2986,3193,2879
"J40_J47_J60_J70_J84_D86_C34","2000_2005","2006_2010",5,"doe_zone_4_EQI_Water+SM+PA+OB","0.00","1.57(-2.31,5.59)","-1.05(-4.96,2.95)","-0.39(-4.47,3.65)","1.60(-2.71,5.91)","0.4361","0.5931","0.8650","0.4531","1.0005","1.0000","1.0001","1.0004",3777,3652,3245,3499,2754,2973,3185,2880
"J40_J47_J60_J70_J84_D86_C34","2000_2005","2006_2010",5,"doe_zone_4_EQI_Land+SM+PA+OB","0.00","-2.55(-6.18,1.20)","-5.53(-9.25,-1.80)","-5.11(-9.17,-1.13)","-2.31(-6.67,2.14)","0.1832","0.0042","0.0107","0.2972","1.0005","1.0017","1.0027","1.0016",3152,2579,3174,3188,3242,3062,3339,2998
"J40_J47_J60_J70_J84_D86_C34","2000_2005","2006_2010",5,"doe_zone_4_EQI_Built+SM+PA+OB","0.00","1.24(-2.11,4.54)","1.04(-2.32,4.38)","3.07(-0.58,6.65)","2.81(-1.23,6.95)","0.4521","0.5631","0.0957","0.1757","1.0013","1.0022","1.0005","1.0004",4114,3964,3467,3331,2841,3235,2999,3364
"J40_J47_J60_J70_J84_D86_C34","2000_2005","2006_2010",5,"doe_zone_4_EQI_Social+SM+PA+OB","0.00","-3.49(-7.02,0.22)","-5.70(-9.39,-2.03)","-2.18(-6.26,1.98)","-0.60(-5.42,4.09)","0.0667","0.0022","0.2972","0.7841","1.0010","1.0008","1.0005","1.0013",3454,3077,2949,2758,2994,3228,2934,3170
"J40_J47_J60_J70_J84_D86_C34","2000_2005","2011_2015",10,"doe_zone_4_EQI+SM+PA+OB","0.00","-1.66(-5.71,2.48)","-1.78(-5.70,2.17)","-1.15(-5.25,2.98)","0.96(-3.77,5.58)","0.4251","0.3807","0.5971","0.6991","1.0011","1.0012","1.0012","1.0012",3642,2656,2546,2331,3100,3016,2725,2811
"J40_J47_J60_J70_J84_D86_C34","2000_2005","2011_2015",10,"doe_zone_4_EQI_Air+SM+PA+OB","0.00","0.16(-4.58,4.82)","3.70(-0.61,8.08)","3.98(-0.75,8.48)","2.80(-1.93,7.70)","0.9495","0.0977","0.0927","0.2412","1.0020","1.0019","1.0013","1.0028",2812,2514,2193,2132,2882,2923,2701,2721
"J40_J47_J60_J70_J84_D86_C34","2000_2005","2011_2015",10,"doe_zone_4_EQI_Water+SM+PA+OB","0.00","0.54(-3.48,4.55)","-3.97(-8.09,0.24)","-1.76(-6.01,2.59)","0.09(-4.38,4.40)","0.7996","0.0642","0.4191","0.9520","1.0006","1.0008","1.0001","1.0007",3627,3596,3212,3228,3584,3132,3415,3188
"J40_J47_J60_J70_J84_D86_C34","2000_2005","2011_2015",10,"doe_zone_4_EQI_Land+SM+PA+OB","0.00","-0.71(-4.36,2.93)","-2.43(-6.19,1.26)","-3.66(-7.87,0.41)","0.58(-3.85,5.02)","0.7011","0.2042","0.0787","0.7956","1.0004","1.0002","1.0009","1.0001",2840,2956,2909,3446,2133,2869,2813,3114
"J40_J47_J60_J70_J84_D86_C34","2000_2005","2011_2015",10,"doe_zone_4_EQI_Built+SM+PA+OB","0.00","2.33(-1.15,5.64)","3.80(0.28,7.31)","5.28(1.62,9.08)","5.57(1.60,9.54)","0.1867","0.0387","0.0057","0.0077","1.0019","1.0004","1.0003","1.0006",4067,3472,3391,2882,2635,3474,3103,3093
"J40_J47_J60_J70_J84_D86_C34","2000_2005","2011_2015",10,"doe_zone_4_EQI_Social+SM+PA+OB","0.00","-4.41(-8.09,-0.87)","-6.71(-10.45,-2.75)","-4.68(-8.73,-0.41)","-2.86(-7.65,1.90)","0.0182","0.0012","0.0312","0.2512","1.0002","1.0010","1.0015","1.0030",3561,2686,2532,2532,2909,2797,2760,2918
"J40_J47_J60_J70_J84_D86_C34","2000_2005","2016_2020",15,"doe_zone_4_EQI+SM+PA+OB","0.00","-0.37(-4.43,3.49)","-1.15(-5.01,2.62)","0.38(-3.71,4.49)","0.25(-4.56,4.77)","0.8595","0.5426","0.8550","0.9075","1.0009","1.0010","1.0013","1.0004",2823,2506,2410,2487,2957,2999,3062,2969
"J40_J47_J60_J70_J84_D86_C34","2000_2005","2016_2020",15,"doe_zone_4_EQI_Air+SM+PA+OB","0.00","-2.25(-6.73,2.34)","0.14(-4.24,4.68)","2.69(-1.72,7.22)","0.09(-4.70,4.85)","0.3277","0.9535","0.2402","0.9725","1.0003","1.0017","1.0022","1.0008",2661,2430,2255,2309,3124,2737,2600,2586
"J40_J47_J60_J70_J84_D86_C34","2000_2005","2016_2020",15,"doe_zone_4_EQI_Water+SM+PA+OB","0.00","0.85(-3.15,4.89)","-2.56(-6.54,1.44)","-0.09(-4.34,4.19)","-0.60(-5.00,3.81)","0.6751","0.2087","0.9645","0.7941","1.0006","1.0016","1.0002","1.0011",3271,2860,2949,2784,2989,3057,2967,2819
"J40_J47_J60_J70_J84_D86_C34","2000_2005","2016_2020",15,"doe_zone_4_EQI_Land+SM+PA+OB","0.00","-1.13(-4.81,2.51)","-4.96(-8.66,-1.33)","-4.55(-8.65,-0.43)","-1.00(-5.53,3.62)","0.5571","0.0087","0.0317","0.6616","1.0000","1.0007","1.0005","1.0005",2640,2470,2804,2866,2596,3029,2984,3190
"J40_J47_J60_J70_J84_D86_C34","2000_2005","2016_2020",15,"doe_zone_4_EQI_Built+SM+PA+OB","0.00","1.38(-1.97,4.92)","5.41(1.82,8.89)","5.36(1.72,8.97)","5.38(1.44,9.42)","0.4186","0.0047","0.0042","0.0092","0.9998","1.0010","1.0004","1.0004",4255,3581,3191,3037,3276,2868,2794,2874
"J40_J47_J60_J70_J84_D86_C34","2000_2005","2016_2020",15,"doe_zone_4_EQI_Social+SM+PA+OB","0.00","-1.58(-5.25,2.04)","-3.90(-7.54,-0.25)","-4.73(-8.83,-0.58)","-2.88(-7.79,1.88)","0.3892","0.0337","0.0282","0.2287","1.0007","1.0013","1.0002","1.0008",3761,2709,2650,2514,3058,2918,2758,2736
"J40_J47_J60_J70_J84_D86_C34","2000_2005","2021_2024",20,"doe_zone_4_EQI+SM+PA+OB","0.00","3.13(-1.48,7.66)","-0.03(-4.33,4.31)","-3.01(-7.48,1.50)","-2.61(-7.77,2.73)","0.2107","0.9910","0.1967","0.3307","1.0011","1.0013","1.0016","1.0001",3773,3318,3174,2891,3050,3337,3347,2860
"J40_J47_J60_J70_J84_D86_C34","2000_2005","2021_2024",20,"doe_zone_4_EQI_Air+SM+PA+OB","0.00","-0.41(-5.17,4.54)","1.36(-3.31,6.13)","1.30(-3.53,6.03)","-1.69(-6.78,3.30)","0.8570","0.5701","0.5811","0.5336","1.0003","1.0004","1.0008","1.0007",3891,3357,2931,2914,3619,3408,2964,3548
"J40_J47_J60_J70_J84_D86_C34","2000_2005","2021_2024",20,"doe_zone_4_EQI_Water+SM+PA+OB","0.00","1.59(-2.79,6.13)","-2.57(-7.21,2.03)","0.78(-4.03,5.53)","-0.37(-5.37,4.47)","0.4781","0.2717","0.7466","0.8830","1.0018","1.0006","1.0007","1.0000",3624,3414,3731,3621,3224,3502,3454,3327
"J40_J47_J60_J70_J84_D86_C34","2000_2005","2021_2024",20,"doe_zone_4_EQI_Land+SM+PA+OB","0.00","-0.58(-4.81,3.46)","-3.59(-7.82,0.65)","-4.99(-9.81,-0.24)","-1.92(-6.87,3.10)","0.8010","0.0962","0.0417","0.4496","1.0004","1.0009","1.0012","1.0003",3856,3369,3867,4152,3241,3461,3565,3685
"J40_J47_J60_J70_J84_D86_C34","2000_2005","2021_2024",20,"doe_zone_4_EQI_Built+SM+PA+OB","0.00","1.55(-2.26,5.24)","4.01(-0.11,8.21)","4.43(0.24,8.76)","5.48(0.82,10.21)","0.4276","0.0577","0.0362","0.0242","1.0013","1.0010","1.0010","1.0011",4644,4542,3994,3579,3536,3045,3319,3400
"J40_J47_J60_J70_J84_D86_C34","2000_2005","2021_2024",20,"doe_zone_4_EQI_Social+SM+PA+OB","0.00","-4.85(-8.79,-0.65)","-6.90(-11.05,-2.62)","-8.06(-12.72,-3.14)","-8.79(-13.88,-3.60)","0.0232","0.0012","0.0012","0.0002","0.9999","1.0001","1.0002","1.0001",4087,3353,2899,2565,3420,3108,2708,2742
"J40_J47_J60_J70_J84_D86_C34","2000_2005","2006_2010",5,"doe_zone_5_EQI+SM+PA+OB","0.00","12.34(7.23,17.25)","11.10(6.56,15.83)","12.35(7.72,16.86)","12.87(8.15,17.71)","0.0002","0.0002","0.0002","0.0002","1.0003","0.9996","1.0009","1.0012",3899,2990,2216,2120,3243,3231,2644,2350
"J40_J47_J60_J70_J84_D86_C34","2000_2005","2006_2010",5,"doe_zone_5_EQI_Air+SM+PA+OB","0.00","3.11(-1.35,7.58)","3.91(-0.39,8.40)","4.99(0.75,9.32)","4.91(0.40,9.48)","0.1702","0.0687","0.0237","0.0342","1.0016","1.0000","1.0007","1.0015",4893,3522,3136,2788,3388,3214,3298,3089
"J40_J47_J60_J70_J84_D86_C34","2000_2005","2006_2010",5,"doe_zone_5_EQI_Water+SM+PA+OB","0.00","-9.27(-14.47,-4.12)","2.13(-2.53,6.74)","2.70(-1.99,7.53)","2.40(-2.30,6.95)","0.0002","0.3632","0.2522","0.3092","1.0005","1.0002","0.9998","1.0001",3183,2744,2741,2700,3321,2939,3036,3180
"J40_J47_J60_J70_J84_D86_C34","2000_2005","2006_2010",5,"doe_zone_5_EQI_Land+SM+PA+OB","0.00","0.41(-5.06,5.93)","9.13(4.09,14.00)","7.91(2.99,12.70)","7.66(2.67,12.61)","0.8640","0.0007","0.0002","0.0022","1.0000","1.0008","1.0005","1.0003",3345,2880,2591,2594,3087,3431,3073,2703
"J40_J47_J60_J70_J84_D86_C34","2000_2005","2006_2010",5,"doe_zone_5_EQI_Built+SM+PA+OB","0.00","2.80(-1.43,6.99)","3.06(-1.14,7.18)","4.13(0.07,8.08)","5.10(0.69,9.39)","0.1827","0.1492","0.0472","0.0252","0.9999","0.9997","0.9995","0.9998",3967,3260,3201,3051,3692,3294,3271,3249
"J40_J47_J60_J70_J84_D86_C34","2000_2005","2006_2010",5,"doe_zone_5_EQI_Social+SM+PA+OB","0.00","4.83(-0.45,10.13)","-0.88(-5.63,3.93)","-0.51(-5.11,4.18)","1.27(-3.66,6.32)","0.0777","0.7276","0.8175","0.6256","1.0003","1.0002","1.0010","1.0009",3539,3008,2717,2608,3123,3150,3342,2980
"J40_J47_J60_J70_J84_D86_C34","2000_2005","2011_2015",10,"doe_zone_5_EQI+SM+PA+OB","0.00","11.23(6.42,16.13)","13.12(8.42,17.76)","16.14(11.50,20.63)","14.62(9.79,19.25)","0.0002","0.0002","0.0002","0.0002","1.0010","1.0009","1.0012","1.0020",3361,2595,2285,2316,2694,3220,2721,2726
"J40_J47_J60_J70_J84_D86_C34","2000_2005","2011_2015",10,"doe_zone_5_EQI_Air+SM+PA+OB","0.00","6.11(1.61,10.49)","5.01(0.81,9.22)","5.40(1.23,9.49)","3.50(-0.81,7.93)","0.0067","0.0192","0.0112","0.1117","1.0002","1.0003","1.0002","1.0013",4121,3294,2416,2255,3224,3359,2771,2670
"J40_J47_J60_J70_J84_D86_C34","2000_2005","2011_2015",10,"doe_zone_5_EQI_Water+SM+PA+OB","0.00","-8.01(-12.94,-3.09)","0.93(-3.57,5.59)","2.15(-2.24,6.79)","2.49(-1.97,7.06)","0.0017","0.6821","0.3562","0.2972","1.0006","1.0002","1.0006","1.0018",2300,1904,2030,2104,2427,2671,2897,2912
"J40_J47_J60_J70_J84_D86_C34","2000_2005","2011_2015",10,"doe_zone_5_EQI_Land+SM+PA+OB","0.00","-4.02(-9.50,1.32)","3.65(-1.23,8.61)","6.22(1.36,10.85)","5.62(0.60,10.26)","0.1462","0.1507","0.0147","0.0257","1.0010","1.0009","1.0021","1.0012",2462,2090,1959,1999,2895,2670,2389,2596
"J40_J47_J60_J70_J84_D86_C34","2000_2005","2011_2015",10,"doe_zone_5_EQI_Built+SM+PA+OB","0.00","5.68(1.80,9.58)","6.50(2.51,10.47)","7.29(3.36,11.11)","7.46(3.15,11.62)","0.0052","0.0002","0.0002","0.0002","1.0012","1.0006","1.0014","1.0015",2734,2492,2008,2006,3093,2932,2719,2695
"J40_J47_J60_J70_J84_D86_C34","2000_2005","2011_2015",10,"doe_zone_5_EQI_Social+SM+PA+OB","0.00","5.48(0.69,10.68)","-0.97(-5.64,3.68)","1.71(-2.82,6.20)","2.28(-2.56,7.11)","0.0317","0.6786","0.4471","0.3487","1.0007","1.0015","1.0001","1.0006",3049,2383,2107,2117,3268,2861,2751,2749
"J40_J47_J60_J70_J84_D86_C34","2000_2005","2016_2020",15,"doe_zone_5_EQI+SM+PA+OB","0.00","7.98(3.21,12.79)","12.47(7.97,16.89)","13.89(9.62,18.18)","12.45(7.90,17.05)","0.0002","0.0002","0.0002","0.0002","1.0017","1.0005","1.0009","1.0014",3361,2662,2272,2170,3354,2999,3019,2586
"J40_J47_J60_J70_J84_D86_C34","2000_2005","2016_2020",15,"doe_zone_5_EQI_Air+SM+PA+OB","0.00","4.89(0.82,8.95)","5.18(1.26,8.98)","5.51(1.50,9.51)","2.42(-1.98,6.71)","0.0167","0.0102","0.0067","0.2552","1.0009","0.9998","1.0000","1.0005",4454,3159,2671,2472,3383,3265,2988,3184
"J40_J47_J60_J70_J84_D86_C34","2000_2005","2016_2020",15,"doe_zone_5_EQI_Water+SM+PA+OB","0.00","-8.10(-12.91,-3.31)","-1.24(-5.58,3.18)","1.16(-3.23,5.54)","1.07(-3.44,5.52)","0.0012","0.5701","0.6101","0.6361","1.0028","1.0012","1.0021","1.0035",2227,2149,2007,1917,2675,3006,2673,2598
"J40_J47_J60_J70_J84_D86_C34","2000_2005","2016_2020",15,"doe_zone_5_EQI_Land+SM+PA+OB","0.00","-0.22(-5.43,5.05)","3.26(-1.44,8.00)","5.70(0.89,10.16)","5.96(1.27,10.69)","0.9345","0.1812","0.0192","0.0142","1.0012","1.0000","1.0002","1.0006",2406,2020,1991,2007,3278,2923,2888,2601
"J40_J47_J60_J70_J84_D86_C34","2000_2005","2016_2020",15,"doe_zone_5_EQI_Built+SM+PA+OB","0.00","6.20(2.43,9.89)","7.08(3.31,10.70)","7.19(3.56,10.75)","6.75(2.82,10.70)","0.0007","0.0007","0.0002","0.0017","1.0010","1.0011","1.0008","1.0027",2888,2796,2628,2506,3297,3029,3341,2674
"J40_J47_J60_J70_J84_D86_C34","2000_2005","2016_2020",15,"doe_zone_5_EQI_Social+SM+PA+OB","0.00","6.65(1.87,11.63)","2.76(-1.68,7.27)","3.41(-0.98,7.96)","1.92(-3.00,6.77)","0.0062","0.2342","0.1472","0.4416","1.0003","1.0007","1.0004","1.0002",3243,2357,2157,2109,3248,2684,2779,2869
"J40_J47_J60_J70_J84_D86_C34","2000_2005","2021_2024",20,"doe_zone_5_EQI+SM+PA+OB","0.00","10.43(4.82,16.11)","11.19(5.99,16.31)","12.79(7.67,17.72)","6.30(0.76,11.35)","0.0007","0.0002","0.0002","0.0287","1.0006","1.0004","1.0006","1.0011",3153,2602,2088,1763,3265,2715,2497,2246
"J40_J47_J60_J70_J84_D86_C34","2000_2005","2021_2024",20,"doe_zone_5_EQI_Air+SM+PA+OB","0.00","5.05(0.07,10.05)","4.64(-0.02,9.28)","3.95(-0.46,8.29)","-1.11(-5.82,3.72)","0.0462","0.0512","0.0847","0.6636","1.0012","1.0007","1.0014","1.0010",3666,2757,2386,2117,2776,3219,2974,3058
"J40_J47_J60_J70_J84_D86_C34","2000_2005","2021_2024",20,"doe_zone_5_EQI_Water+SM+PA+OB","0.00","-7.60(-13.40,-1.90)","-0.95(-6.15,4.42)","2.30(-2.81,7.39)","1.58(-3.65,6.87)","0.0077","0.7046","0.3807","0.5646","1.0016","1.0011","1.0007","1.0011",2119,1938,1918,1820,2915,2230,2817,2723
"J40_J47_J60_J70_J84_D86_C34","2000_2005","2021_2024",20,"doe_zone_5_EQI_Land+SM+PA+OB","0.00","0.43(-5.68,6.25)","4.91(-0.59,10.16)","6.68(1.59,11.94)","5.62(0.43,10.95)","0.8880","0.0762","0.0122","0.0347","1.0031","1.0033","1.0038","1.0015",2362,2049,1900,1794,2868,2599,2493,2354
"J40_J47_J60_J70_J84_D86_C34","2000_2005","2021_2024",20,"doe_zone_5_EQI_Built+SM+PA+OB","0.00","5.48(1.03,9.96)","7.01(2.55,11.56)","4.97(0.81,9.36)","5.46(0.70,10.13)","0.0132","0.0037","0.0232","0.0262","1.0014","1.0013","1.0006","1.0011",2695,2290,2069,1954,2667,2949,2697,2556
"J40_J47_J60_J70_J84_D86_C34","2000_2005","2021_2024",20,"doe_zone_5_EQI_Social+SM+PA+OB","0.00","8.27(2.63,13.94)","1.47(-3.65,6.55)","3.93(-0.97,8.92)","-1.75(-7.05,3.71)","0.0047","0.5676","0.1157","0.5091","0.9998","1.0005","1.0005","1.0005",3096,2355,1964,1738,2820,2668,2796,2362
"J40_J47_J60_J70_J84_D86_C34","2000_2005","2006_2010",5,"doe_zone_6_EQI+SM+PA+OB","0.00","8.28(2.59,14.00)","7.57(2.24,13.07)","5.68(0.48,11.00)","9.29(3.54,15.11)","0.0047","0.0062","0.0282","0.0017","1.0001","0.9997","1.0003","1.0002",3826,3115,2861,2744,3189,2774,3216,2992
"J40_J47_J60_J70_J84_D86_C34","2000_2005","2006_2010",5,"doe_zone_6_EQI_Air+SM+PA+OB","0.00","3.62(-1.09,8.29)","2.91(-2.07,7.94)","7.81(2.17,13.59)","8.02(2.13,14.22)","0.1277","0.2517","0.0057","0.0067","1.0007","1.0007","1.0004","1.0029",3947,3925,4271,4796,2920,3449,3124,3460
"J40_J47_J60_J70_J84_D86_C34","2000_2005","2006_2010",5,"doe_zone_6_EQI_Water+SM+PA+OB","0.00","-1.24(-6.85,4.20)","-2.00(-7.81,3.88)","-0.61(-6.28,4.99)","3.75(-2.01,9.72)","0.6616","0.5001","0.8360","0.2162","0.9998","1.0006","1.0004","1.0000",4415,4370,3740,3559,2565,3602,3133,3363
"J40_J47_J60_J70_J84_D86_C34","2000_2005","2006_2010",5,"doe_zone_6_EQI_Land+SM+PA+OB","0.00","-2.71(-8.89,3.39)","-1.70(-7.58,3.77)","-3.30(-9.17,2.19)","-1.26(-7.13,4.54)","0.3882","0.5701","0.2627","0.6706","1.0012","0.9998","1.0007","1.0009",4800,3261,3021,3034,2578,3131,3010,3608
"J40_J47_J60_J70_J84_D86_C34","2000_2005","2006_2010",5,"doe_zone_6_EQI_Built+SM+PA+OB","0.00","4.30(-1.50,10.12)","5.72(0.41,10.84)","5.73(0.31,11.07)","4.61(-0.60,9.88)","0.1542","0.0342","0.0382","0.0867","1.0014","1.0001","1.0013","1.0008",4740,3657,3699,3093,3146,3387,3395,3550
"J40_J47_J60_J70_J84_D86_C34","2000_2005","2006_2010",5,"doe_zone_6_EQI_Social+SM+PA+OB","0.00","-0.01(-5.77,5.89)","-0.36(-5.64,4.85)","2.05(-3.37,7.54)","0.72(-5.29,7.04)","0.9860","0.9000","0.4586","0.8250","1.0002","1.0002","1.0018","1.0001",4896,3857,3510,3389,3302,3059,3464,3067
"J40_J47_J60_J70_J84_D86_C34","2000_2005","2011_2015",10,"doe_zone_6_EQI+SM+PA+OB","0.00","8.87(2.91,14.64)","9.41(3.68,14.86)","6.44(0.83,11.63)","8.05(1.88,13.80)","0.0022","0.0007","0.0222","0.0092","1.0002","1.0002","1.0006","1.0016",3332,2508,2289,2090,2789,2690,2760,2107
"J40_J47_J60_J70_J84_D86_C34","2000_2005","2011_2015",10,"doe_zone_6_EQI_Air+SM+PA+OB","0.00","5.03(0.40,9.68)","4.27(-0.54,9.23)","6.82(1.31,11.98)","5.66(-0.44,11.63)","0.0322","0.0857","0.0112","0.0667","1.0010","1.0034","1.0001","1.0004",4523,3801,3436,4667,2832,2948,3011,2982
"J40_J47_J60_J70_J84_D86_C34","2000_2005","2011_2015",10,"doe_zone_6_EQI_Water+SM+PA+OB","0.00","0.33(-4.92,5.58)","-0.54(-6.16,4.90)","3.82(-1.68,9.32)","2.10(-3.57,7.79)","0.9035","0.8630","0.1737","0.4831","0.9999","1.0000","1.0000","1.0015",3502,3372,2999,3223,2888,3336,2796,3143
"J40_J47_J60_J70_J84_D86_C34","2000_2005","2011_2015",10,"doe_zone_6_EQI_Land+SM+PA+OB","0.00","-1.00(-7.03,5.19)","-3.48(-8.95,2.31)","-3.38(-9.11,2.36)","-0.21(-5.82,5.59)","0.7541","0.2177","0.2367","0.9425","1.0008","1.0001","1.0000","0.9999",4492,2967,2490,2550,3223,3185,2717,3097
"J40_J47_J60_J70_J84_D86_C34","2000_2005","2011_2015",10,"doe_zone_6_EQI_Built+SM+PA+OB","0.00","2.84(-2.81,8.47)","6.50(1.29,11.63)","5.81(0.41,11.27)","6.13(0.87,11.34)","0.3227","0.0157","0.0332","0.0212","1.0007","0.9999","1.0002","1.0006",4952,4074,4126,3809,3094,3208,3536,3220
"J40_J47_J60_J70_J84_D86_C34","2000_2005","2011_2015",10,"doe_zone_6_EQI_Social+SM+PA+OB","0.00","1.29(-4.36,7.08)","4.28(-1.08,9.52)","2.33(-2.90,7.63)","-0.27(-6.37,5.41)","0.6746","0.1147","0.3897","0.9565","1.0007","1.0019","1.0013","1.0028",4002,3689,2912,2648,3218,3084,2968,3000
"J40_J47_J60_J70_J84_D86_C34","2000_2005","2016_2020",15,"doe_zone_6_EQI+SM+PA+OB","0.00","8.88(3.79,14.24)","11.13(6.04,16.17)","8.59(3.78,13.58)","12.42(7.19,17.70)","0.0002","0.0002","0.0012","0.0002","1.0025","1.0020","1.0024","1.0032",3583,2876,2394,2412,2494,2489,2866,2725
"J40_J47_J60_J70_J84_D86_C34","2000_2005","2016_2020",15,"doe_zone_6_EQI_Air+SM+PA+OB","0.00","4.28(0.12,8.35)","6.59(2.11,11.09)","7.75(2.74,12.54)","6.93(1.24,12.21)","0.0437","0.0062","0.0037","0.0147","1.0006","1.0010","1.0004","1.0003",4891,4076,4083,4736,3473,3180,3159,3306
"J40_J47_J60_J70_J84_D86_C34","2000_2005","2016_2020",15,"doe_zone_6_EQI_Water+SM+PA+OB","0.00","0.52(-4.43,5.28)","2.64(-2.58,8.08)","1.81(-3.27,6.73)","4.76(-0.55,10.10)","0.8360","0.3287","0.4906","0.0782","1.0015","1.0004","0.9996","1.0012",3381,3457,2959,3165,3325,3115,3445,3049
"J40_J47_J60_J70_J84_D86_C34","2000_2005","2016_2020",15,"doe_zone_6_EQI_Land+SM+PA+OB","0.00","-2.72(-8.19,2.77)","-1.40(-6.63,3.87)","-4.14(-9.40,1.09)","-0.67(-5.99,4.73)","0.3382","0.6041","0.1217","0.8000","1.0042","1.0007","0.9997","0.9997",3980,2938,2801,2753,3038,3165,3323,3075
"J40_J47_J60_J70_J84_D86_C34","2000_2005","2016_2020",15,"doe_zone_6_EQI_Built+SM+PA+OB","0.00","3.65(-1.75,8.90)","8.66(3.91,13.48)","7.11(2.33,12.10)","8.12(3.33,13.04)","0.1782","0.0007","0.0012","0.0012","1.0000","1.0000","1.0018","1.0003",3699,3328,2881,2789,3312,2788,3211,3191
"J40_J47_J60_J70_J84_D86_C34","2000_2005","2016_2020",15,"doe_zone_6_EQI_Social+SM+PA+OB","0.00","2.57(-2.70,7.80)","2.97(-2.04,7.83)","2.03(-3.04,6.97)","-0.24(-5.78,5.37)","0.3152","0.2227","0.4316","0.9480","1.0001","1.0008","1.0007","1.0005",3161,2970,2459,2537,2867,3414,3140,2546
"J40_J47_J60_J70_J84_D86_C34","2000_2005","2021_2024",20,"doe_zone_6_EQI+SM+PA+OB","0.00","9.39(3.52,15.34)","11.54(6.01,17.17)","9.99(4.54,15.26)","9.87(3.93,15.71)","0.0012","0.0002","0.0012","0.0017","1.0018","1.0003","1.0009","1.0004",4043,3681,2982,2765,3181,3243,3218,2863
"J40_J47_J60_J70_J84_D86_C34","2000_2005","2021_2024",20,"doe_zone_6_EQI_Air+SM+PA+OB","0.00","5.64(1.06,10.39)","6.59(1.65,11.42)","6.11(0.80,11.41)","4.91(-0.99,11.11)","0.0177","0.0092","0.0257","0.1132","0.9996","0.9997","1.0004","1.0003",4673,4397,4280,3818,3115,3267,3009,2820
"J40_J47_J60_J70_J84_D86_C34","2000_2005","2021_2024",20,"doe_zone_6_EQI_Water+SM+PA+OB","0.00","0.42(-5.05,5.93)","1.22(-4.57,6.99)","3.08(-2.49,8.52)","1.83(-4.16,7.80)","0.8775","0.6731","0.2817","0.5391","1.0000","0.9998","1.0006","1.0004",4495,4138,3436,3552,3090,3156,3396,3258
"J40_J47_J60_J70_J84_D86_C34","2000_2005","2021_2024",20,"doe_zone_6_EQI_Land+SM+PA+OB","0.00","-2.62(-8.80,3.44)","-0.19(-5.88,5.31)","-4.78(-10.37,1.00)","-0.05(-5.81,5.66)","0.3892","0.9485","0.1032","0.9975","1.0000","1.0008","1.0011","1.0019",5447,3777,2871,2649,3051,3095,2579,3080
"J40_J47_J60_J70_J84_D86_C34","2000_2005","2021_2024",20,"doe_zone_6_EQI_Built+SM+PA+OB","0.00","3.73(-2.01,9.53)","7.62(2.47,12.76)","5.35(0.43,10.50)","6.94(1.61,12.14)","0.2092","0.0042","0.0377","0.0092","1.0014","1.0011","0.9998","1.0001",5131,4056,3565,3359,3180,3504,3456,3587
"J40_J47_J60_J70_J84_D86_C34","2000_2005","2021_2024",20,"doe_zone_6_EQI_Social+SM+PA+OB","0.00","0.25(-5.70,5.85)","5.52(0.49,10.74)","1.36(-3.99,6.73)","0.88(-4.95,6.77)","0.9215","0.0302","0.6151","0.7781","1.0011","0.9999","1.0001","1.0007",4225,3991,3144,2682,2898,3596,3275,3143
"J40_J47_J60_J70_J84_D86_C34","2000_2005","2006_2010",5,"doe_zone_7_EQI+SM+PA+OB","0.00","1.19(-7.45,9.65)","3.93(-3.86,11.71)","5.51(-2.56,13.58)","-0.27(-9.58,9.17)","0.7811","0.3202","0.1917","0.9680","1.0021","1.0000","1.0006","1.0002",3728,3378,2572,3506,2993,2964,3023,3078
"J40_J47_J60_J70_J84_D86_C34","2000_2005","2006_2010",5,"doe_zone_7_EQI_Air+SM+PA+OB","0.00","4.08(-3.78,11.84)","4.38(-4.27,12.99)","3.00(-6.05,12.09)","-0.04(-9.71,9.46)","0.3147","0.3122","0.5066","0.9965","1.0004","0.9997","1.0004","1.0006",3455,5080,5252,5713,2406,2969,3196,2737
"J40_J47_J60_J70_J84_D86_C34","2000_2005","2006_2010",5,"doe_zone_7_EQI_Water+SM+PA+OB","0.00","-3.71(-11.29,3.85)","1.99(-6.64,10.95)","4.35(-3.91,12.30)","0.75(-7.88,9.34)","0.3517","0.6416","0.2877","0.8670","1.0008","1.0001","1.0009","1.0031",4816,3880,4609,4352,3518,3189,3165,3417
"J40_J47_J60_J70_J84_D86_C34","2000_2005","2006_2010",5,"doe_zone_7_EQI_Land+SM+PA+OB","0.00","4.69(-3.79,12.87)","3.14(-4.90,11.37)","0.79(-7.11,8.72)","-1.35(-9.28,6.75)","0.2597","0.4486","0.8405","0.7291","1.0001","1.0008","0.9998","1.0013",4998,3591,4643,4699,3389,2814,2804,2976
"J40_J47_J60_J70_J84_D86_C34","2000_2005","2006_2010",5,"doe_zone_7_EQI_Built+SM+PA+OB","0.00","-2.81(-11.27,5.76)","2.12(-6.31,10.37)","5.62(-2.29,13.62)","2.04(-5.67,10.03)","0.5396","0.6246","0.1752","0.6286","1.0029","1.0004","1.0008","1.0013",5159,5329,4986,4627,2988,2935,3278,2929
"J40_J47_J60_J70_J84_D86_C34","2000_2005","2006_2010",5,"doe_zone_7_EQI_Social+SM+PA+OB","0.00","0.13(-7.68,7.81)","1.64(-5.49,8.98)","2.28(-5.69,10.45)","2.89(-5.97,11.80)","0.9780","0.6476","0.5956","0.5266","1.0015","1.0004","1.0004","0.9999",4814,4064,4366,3550,2821,3260,3113,3103
"J40_J47_J60_J70_J84_D86_C34","2000_2005","2011_2015",10,"doe_zone_7_EQI+SM+PA+OB","0.00","2.60(-5.47,10.58)","1.91(-5.73,9.84)","5.47(-2.19,13.62)","-0.69(-10.01,8.61)","0.5346","0.6361","0.1777","0.8845","1.0010","1.0007","1.0017","1.0015",4477,3368,2407,3556,2690,3220,2389,2803
"J40_J47_J60_J70_J84_D86_C34","2000_2005","2011_2015",10,"doe_zone_7_EQI_Air+SM+PA+OB","0.00","3.43(-3.95,11.00)","3.95(-4.79,12.62)","3.88(-4.81,12.72)","0.06(-9.81,9.60)","0.3742","0.3692","0.3992","0.9825","1.0012","1.0021","1.0019","1.0010",4237,5367,5419,5743,2854,2846,2990,2881
"J40_J47_J60_J70_J84_D86_C34","2000_2005","2011_2015",10,"doe_zone_7_EQI_Water+SM+PA+OB","0.00","-5.22(-12.63,2.40)","2.33(-6.11,10.64)","4.45(-3.68,12.11)","-1.45(-9.97,6.80)","0.1917","0.5766","0.2647","0.7441","1.0016","1.0008","1.0004","1.0010",5046,3381,5316,3930,2984,3011,3090,3088
"J40_J47_J60_J70_J84_D86_C34","2000_2005","2011_2015",10,"doe_zone_7_EQI_Land+SM+PA+OB","0.00","4.82(-3.66,13.54)","1.16(-6.74,9.34)","1.70(-6.36,9.71)","-1.28(-9.62,7.13)","0.2677","0.7981","0.6741","0.7606","1.0002","1.0009","1.0028","1.0007",5459,3842,4207,3771,2680,2644,2997,3020
"J40_J47_J60_J70_J84_D86_C34","2000_2005","2011_2015",10,"doe_zone_7_EQI_Built+SM+PA+OB","0.00","-2.46(-11.21,6.62)","4.65(-3.29,12.49)","5.56(-2.36,13.37)","2.42(-5.04,10.09)","0.5871","0.2557","0.1627","0.5336","1.0008","1.0017","1.0009","1.0004",4893,5317,4781,4010,2645,3199,2605,2688
"J40_J47_J60_J70_J84_D86_C34","2000_2005","2011_2015",10,"doe_zone_7_EQI_Social+SM+PA+OB","0.00","-1.30(-9.00,6.09)","2.67(-4.65,9.95)","2.36(-5.51,10.22)","4.57(-4.01,13.02)","0.7416","0.4646","0.5666","0.3022","1.0003","1.0008","1.0009","1.0004",5110,4890,3839,4434,2785,2998,2604,3110
"J40_J47_J60_J70_J84_D86_C34","2000_2005","2016_2020",15,"doe_zone_7_EQI+SM+PA+OB","0.00","2.93(-5.09,10.63)","1.60(-5.42,8.73)","3.68(-3.87,11.06)","-1.14(-10.47,7.71)","0.4671","0.6646","0.3452","0.8220","1.0004","1.0016","1.0009","1.0010",3172,3571,3066,3379,2763,3059,2992,2987
"J40_J47_J60_J70_J84_D86_C34","2000_2005","2016_2020",15,"doe_zone_7_EQI_Air+SM+PA+OB","0.00","3.83(-3.43,11.17)","3.64(-4.05,11.91)","2.88(-6.00,11.43)","0.09(-9.83,10.01)","0.2892","0.3772","0.5111","0.9905","1.0012","0.9999","1.0027","1.0035",4617,4820,5063,5433,2855,2804,2729,2486
"J40_J47_J60_J70_J84_D86_C34","2000_2005","2016_2020",15,"doe_zone_7_EQI_Water+SM+PA+OB","0.00","-2.85(-10.03,4.48)","2.40(-5.42,10.30)","4.37(-3.36,12.16)","-2.03(-10.61,6.30)","0.4191","0.5446","0.2702","0.6371","1.0027","1.0011","1.0010","1.0004",4110,4203,4423,3462,2802,3006,3136,3210
"J40_J47_J60_J70_J84_D86_C34","2000_2005","2016_2020",15,"doe_zone_7_EQI_Land+SM+PA+OB","0.00","4.62(-3.65,12.68)","4.83(-3.12,12.84)","-0.47(-8.25,7.16)","-0.82(-8.62,6.73)","0.2707","0.2317","0.9080","0.8380","1.0003","1.0026","1.0010","1.0015",4732,3841,3502,4034,3111,2890,2815,2959
"J40_J47_J60_J70_J84_D86_C34","2000_2005","2016_2020",15,"doe_zone_7_EQI_Built+SM+PA+OB","0.00","-1.53(-9.93,7.31)","3.89(-3.82,11.56)","6.81(-0.86,14.31)","1.19(-6.24,8.71)","0.7326","0.3197","0.0792","0.7561","1.0006","1.0005","1.0007","1.0015",5450,5075,5226,4269,3001,2758,3111,3085
"J40_J47_J60_J70_J84_D86_C34","2000_2005","2016_2020",15,"doe_zone_7_EQI_Social+SM+PA+OB","0.00","1.16(-6.39,8.74)","3.34(-3.60,10.48)","2.06(-5.68,10.04)","3.77(-4.83,12.63)","0.7486","0.3477","0.5996","0.3962","1.0016","1.0016","1.0016","1.0006",5617,4299,4330,4203,3064,2719,3258,2483
"J40_J47_J60_J70_J84_D86_C34","2000_2005","2021_2024",20,"doe_zone_7_EQI+SM+PA+OB","0.00","1.33(-6.77,9.39)","5.98(-1.32,13.35)","6.08(-1.48,14.30)","-0.73(-9.32,8.41)","0.7676","0.1047","0.1167","0.8550","1.0013","1.0011","1.0019","1.0005",3775,2924,2114,3319,3064,2941,2702,2965
"J40_J47_J60_J70_J84_D86_C34","2000_2005","2021_2024",20,"doe_zone_7_EQI_Air+SM+PA+OB","0.00","5.74(-1.71,13.17)","5.21(-3.35,13.97)","3.92(-5.10,12.80)","0.04(-9.63,9.81)","0.1202","0.2322","0.3957","0.9730","1.0014","1.0007","1.0049","1.0005",5203,6419,7088,6497,2917,2953,2848,2835
"J40_J47_J60_J70_J84_D86_C34","2000_2005","2021_2024",20,"doe_zone_7_EQI_Water+SM+PA+OB","0.00","-1.75(-9.08,5.61)","0.14(-8.22,8.47)","5.26(-2.71,12.98)","-0.14(-8.58,8.33)","0.6401","0.9700","0.1797","0.9675","1.0005","1.0014","1.0006","1.0002",5371,5821,5491,5021,3197,2388,3051,3031
"J40_J47_J60_J70_J84_D86_C34","2000_2005","2021_2024",20,"doe_zone_7_EQI_Land+SM+PA+OB","0.00","4.36(-4.13,12.70)","3.95(-4.28,12.25)","-0.08(-7.74,8.07)","1.61(-6.63,9.74)","0.3017","0.3347","0.9700","0.6976","1.0001","0.9996","1.0014","1.0023",5673,4536,5790,5364,2809,2984,3280,3395
"J40_J47_J60_J70_J84_D86_C34","2000_2005","2021_2024",20,"doe_zone_7_EQI_Built+SM+PA+OB","0.00","0.54(-7.96,9.22)","4.08(-3.94,12.05)","6.43(-1.35,13.97)","-0.80(-8.25,6.54)","0.9085","0.3297","0.1127","0.8425","0.9999","1.0030","1.0006","1.0008",6815,6847,6570,5252,2632,3332,2835,3345
"J40_J47_J60_J70_J84_D86_C34","2000_2005","2021_2024",20,"doe_zone_7_EQI_Social+SM+PA+OB","0.00","-1.96(-9.67,5.58)","-0.79(-8.02,6.64)","5.08(-2.79,13.13)","5.07(-3.90,13.98)","0.6261","0.8380","0.2147","0.2732","0.9996","1.0028","1.0003","1.0003",5864,5975,5527,5296,2930,2711,3164,3570
"J40_J47_J60_J70_J84_D86_C34","2000_2005","2006_2010",5,"Economic_type_1_EQI+SM+PA+OB","0.00","11.05(5.46,16.46)","9.16(2.70,15.67)","4.13(-3.60,11.93)","-0.37(-9.44,8.44)","0.0002","0.0072","0.2947","0.9405","1.0019","1.0005","1.0002","1.0011",5157,4321,4726,4654,3012,3004,2996,3065
"J40_J47_J60_J70_J84_D86_C34","2000_2005","2006_2010",5,"Economic_type_1_EQI_Air+SM+PA+OB","0.00","1.17(-4.58,7.00)","3.79(-3.70,11.42)","1.17(-7.41,9.78)","0.11(-9.59,10.09)","0.7096","0.3217","0.7951","0.9815","1.0014","0.9999","1.0010","1.0004",4914,5416,7529,8088,3133,2857,3077,2728
"J40_J47_J60_J70_J84_D86_C34","2000_2005","2006_2010",5,"Economic_type_1_EQI_Water+SM+PA+OB","0.00","-8.16(-14.44,-2.20)","1.08(-5.26,7.55)","5.01(-1.39,11.17)","3.87(-3.23,10.92)","0.0097","0.7516","0.1257","0.2892","0.9999","1.0004","1.0010","1.0006",5283,4699,4756,5004,2849,3234,3274,3288
"J40_J47_J60_J70_J84_D86_C34","2000_2005","2006_2010",5,"Economic_type_1_EQI_Land+SM+PA+OB","0.00","-1.14(-8.09,6.08)","3.85(-2.36,10.33)","-0.44(-6.74,5.87)","1.39(-5.02,8.02)","0.7586","0.2302","0.9045","0.6861","0.9996","1.0022","1.0002","1.0010",5499,5653,4240,3869,3115,3116,3071,3268
"J40_J47_J60_J70_J84_D86_C34","2000_2005","2006_2010",5,"Economic_type_1_EQI_Built+SM+PA+OB","0.00","5.07(-0.39,10.58)","8.02(1.79,14.39)","2.31(-4.22,8.89)","2.55(-5.51,10.50)","0.0687","0.0147","0.5186","0.5466","1.0022","1.0008","0.9999","1.0019",5574,5347,6254,7601,2900,3176,2869,3029
"J40_J47_J60_J70_J84_D86_C34","2000_2005","2006_2010",5,"Economic_type_1_EQI_Social+SM+PA+OB","0.00","0.51(-5.62,6.57)","0.91(-5.49,7.42)","5.93(-0.63,12.89)","3.53(-4.27,10.92)","0.8795","0.7686","0.0747","0.3737","1.0022","1.0002","0.9996","1.0017",5179,3890,4256,5360,2637,2992,3104,2696
"J40_J47_J60_J70_J84_D86_C34","2000_2005","2011_2015",10,"Economic_type_1_EQI+SM+PA+OB","0.00","8.66(3.26,14.34)","10.15(3.28,16.96)","4.72(-2.77,12.16)","0.69(-8.56,10.12)","0.0032","0.0027","0.2222","0.8760","1.0009","0.9998","1.0002","1.0022",4907,4480,5463,5634,3083,3116,3059,3023
"J40_J47_J60_J70_J84_D86_C34","2000_2005","2011_2015",10,"Economic_type_1_EQI_Air+SM+PA+OB","0.00","1.77(-4.42,8.04)","3.56(-3.82,10.92)","1.34(-7.15,9.80)","-0.08(-9.81,9.58)","0.5781","0.3692","0.7601","0.9865","1.0016","1.0013","1.0008","1.0028",6631,8018,8547,7180,2970,3172,3148,2530
"J40_J47_J60_J70_J84_D86_C34","2000_2005","2011_2015",10,"Economic_type_1_EQI_Water+SM+PA+OB","0.00","-6.25(-12.15,-0.18)","0.09(-6.52,6.56)","6.03(-0.60,12.48)","1.94(-5.28,9.11)","0.0447","0.9805","0.0747","0.6106","1.0010","0.9998","1.0019","0.9997",6348,5649,5595,5471,3277,3435,3172,2946
"J40_J47_J60_J70_J84_D86_C34","2000_2005","2011_2015",10,"Economic_type_1_EQI_Land+SM+PA+OB","0.00","-2.30(-9.58,4.98)","-1.55(-8.00,4.83)","2.91(-3.65,9.20)","3.71(-3.18,10.39)","0.5386","0.6416","0.3847","0.2837","1.0019","1.0001","1.0012","1.0008",5642,5591,5664,3829,2689,3188,3226,3510
"J40_J47_J60_J70_J84_D86_C34","2000_2005","2011_2015",10,"Economic_type_1_EQI_Built+SM+PA+OB","0.00","6.40(0.92,12.06)","6.23(-0.20,12.57)","2.70(-4.12,9.38)","4.60(-3.77,13.28)","0.0257","0.0567","0.4416","0.2892","1.0033","1.0006","1.0001","1.0016",7667,7722,7481,8121,3191,3137,3277,2946
"J40_J47_J60_J70_J84_D86_C34","2000_2005","2011_2015",10,"Economic_type_1_EQI_Social+SM+PA+OB","0.00","0.96(-5.10,6.87)","0.87(-5.52,7.42)","7.14(0.71,13.78)","3.98(-3.88,11.53)","0.7596","0.7856","0.0292","0.3127","1.0004","1.0002","1.0012","0.9995",5739,5987,5203,6648,3519,3344,3469,2971
"J40_J47_J60_J70_J84_D86_C34","2000_2005","2016_2020",15,"Economic_type_1_EQI+SM+PA+OB","0.00","10.05(5.09,15.07)","8.37(2.36,14.56)","4.86(-2.43,11.89)","1.16(-7.86,10.07)","0.0002","0.0072","0.1962","0.8085","1.0007","1.0019","1.0007","0.9999",5128,5560,5430,6208,3089,3075,3006,2947
"J40_J47_J60_J70_J84_D86_C34","2000_2005","2016_2020",15,"Economic_type_1_EQI_Air+SM+PA+OB","0.00","1.97(-3.63,7.45)","4.88(-2.34,12.27)","1.20(-6.96,8.96)","-0.01(-9.92,9.84)","0.4806","0.1887","0.7671","0.9985","1.0019","1.0002","1.0013","1.0022",6202,7437,7349,8820,3342,3367,2906,3001
"J40_J47_J60_J70_J84_D86_C34","2000_2005","2016_2020",15,"Economic_type_1_EQI_Water+SM+PA+OB","0.00","-3.88(-9.37,1.61)","2.32(-3.72,8.41)","1.43(-4.61,7.41)","2.92(-3.99,9.72)","0.1687","0.4446","0.6501","0.3857","0.9998","1.0014","1.0029","1.0004",5054,5218,5080,5641,3306,3282,2826,2636
"J40_J47_J60_J70_J84_D86_C34","2000_2005","2016_2020",15,"Economic_type_1_EQI_Land+SM+PA+OB","0.00","-4.28(-11.06,2.43)","1.02(-4.88,6.98)","1.81(-4.29,7.87)","1.36(-5.00,7.63)","0.2057","0.7396","0.5641","0.6631","1.0009","0.9999","1.0006","1.0003",6706,6242,5117,4755,3040,3335,3243,3366
"J40_J47_J60_J70_J84_D86_C34","2000_2005","2016_2020",15,"Economic_type_1_EQI_Built+SM+PA+OB","0.00","7.64(2.44,12.77)","7.75(1.80,13.55)","2.57(-3.64,8.71)","1.47(-6.79,9.60)","0.0027","0.0122","0.3942","0.7246","1.0003","1.0002","1.0021","0.9996",6930,6057,8126,8402,3246,3055,3324,2680
"J40_J47_J60_J70_J84_D86_C34","2000_2005","2016_2020",15,"Economic_type_1_EQI_Social+SM+PA+OB","0.00","-0.78(-6.38,4.64)","4.54(-1.55,10.66)","7.74(1.23,14.01)","4.56(-2.51,11.84)","0.7761","0.1542","0.0182","0.2292","0.9995","1.0002","0.9997","1.0005",6470,5135,4830,4665,3240,3331,3125,2931
"J40_J47_J60_J70_J84_D86_C34","2000_2005","2021_2024",20,"Economic_type_1_EQI+SM+PA+OB","0.00","10.75(4.94,16.44)","8.53(1.86,15.17)","4.08(-3.95,11.78)","-0.40(-10.07,8.97)","0.0012","0.0117","0.3182","0.9375","1.0022","1.0007","1.0017","1.0007",3841,4070,4270,4949,3023,2930,3159,2890
"J40_J47_J60_J70_J84_D86_C34","2000_2005","2021_2024",20,"Economic_type_1_EQI_Air+SM+PA+OB","0.00","-0.86(-7.03,5.19)","3.94(-3.54,11.23)","-0.06(-8.48,8.47)","-0.02(-9.79,9.93)","0.7851","0.3042","0.9830","0.9895","1.0012","1.0011","1.0001","1.0009",5404,6529,6550,8486,3408,3137,2997,2995
"J40_J47_J60_J70_J84_D86_C34","2000_2005","2021_2024",20,"Economic_type_1_EQI_Water+SM+PA+OB","0.00","-4.47(-10.55,1.57)","1.43(-5.16,8.07)","4.48(-2.31,11.28)","4.63(-2.80,11.94)","0.1577","0.6866","0.1912","0.2062","0.9998","1.0013","1.0022","1.0002",5053,5236,5114,5980,3322,3158,2732,3290
"J40_J47_J60_J70_J84_D86_C34","2000_2005","2021_2024",20,"Economic_type_1_EQI_Land+SM+PA+OB","0.00","0.88(-6.63,8.40)","1.63(-5.08,8.39)","0.68(-5.87,7.61)","4.09(-2.73,10.90)","0.8125","0.6431","0.8625","0.2507","1.0016","1.0001","1.0008","1.0012",5886,5689,4152,3415,3218,3154,3116,3086
"J40_J47_J60_J70_J84_D86_C34","2000_2005","2021_2024",20,"Economic_type_1_EQI_Built+SM+PA+OB","0.00","8.06(2.33,14.06)","6.70(0.18,13.22)","0.45(-7.01,7.69)","0.14(-8.58,9.02)","0.0097","0.0442","0.9175","0.9770","1.0004","1.0001","1.0007","1.0014",7337,6007,6270,6973,3343,2943,2868,2810
"J40_J47_J60_J70_J84_D86_C34","2000_2005","2021_2024",20,"Economic_type_1_EQI_Social+SM+PA+OB","0.00","-0.08(-6.28,5.96)","0.75(-5.67,7.17)","5.11(-1.72,11.97)","4.44(-3.29,11.95)","0.9995","0.8145","0.1412","0.2662","1.0015","0.9999","0.9998","1.0011",5601,5128,5471,5406,3186,2957,3210,2953
"J40_J47_J60_J70_J84_D86_C34","2000_2005","2006_2010",5,"Economic_type_2_EQI+SM+PA+OB","0.00","5.87(-0.97,12.67)","1.25(-6.05,8.87)","0.65(-7.46,8.82)","1.41(-8.05,10.92)","0.1032","0.7521","0.8730","0.7581","1.0005","1.0005","1.0003","1.0034",6361,6272,6859,7427,3109,2855,3002,2910
"J40_J47_J60_J70_J84_D86_C34","2000_2005","2006_2010",5,"Economic_type_2_EQI_Air+SM+PA+OB","0.00","1.00(-6.08,8.53)","6.94(-0.73,14.50)","-1.43(-9.77,6.72)","-1.09(-10.26,8.28)","0.7931","0.0737","0.7351","0.8120","1.0011","1.0005","1.0017","1.0004",5244,4531,4550,5473,3048,2477,2652,3027
"J40_J47_J60_J70_J84_D86_C34","2000_2005","2006_2010",5,"Economic_type_2_EQI_Water+SM+PA+OB","0.00","0.20(-7.15,7.49)","1.98(-5.96,10.18)","0.83(-6.67,8.11)","7.77(0.11,15.50)","0.9370","0.6441","0.8290","0.0462","1.0002","0.9998","1.0003","0.9998",4957,4730,5523,4859,3438,3355,3177,3011
"J40_J47_J60_J70_J84_D86_C34","2000_2005","2006_2010",5,"Economic_type_2_EQI_Land+SM+PA+OB","0.00","2.50(-4.96,10.19)","-1.22(-8.88,6.44)","-4.50(-12.63,3.72)","3.30(-5.71,12.23)","0.5071","0.7646","0.2957","0.4731","1.0000","1.0039","1.0006","1.0030",4639,4491,4723,5513,2872,3159,2920,3242
"J40_J47_J60_J70_J84_D86_C34","2000_2005","2006_2010",5,"Economic_type_2_EQI_Built+SM+PA+OB","0.00","0.86(-6.77,8.43)","3.66(-3.66,10.96)","1.59(-5.98,8.90)","1.01(-7.43,9.36)","0.8130","0.3177","0.6746","0.8120","0.9999","1.0018","0.9998","1.0013",6500,4383,4761,4291,3442,3186,3159,3455
"J40_J47_J60_J70_J84_D86_C34","2000_2005","2006_2010",5,"Economic_type_2_EQI_Social+SM+PA+OB","0.00","-0.31(-7.90,7.15)","-3.12(-11.14,5.07)","-0.04(-8.82,8.63)","1.31(-7.81,10.54)","0.9340","0.4431","0.9790","0.7866","1.0014","1.0003","1.0013","1.0005",5723,5705,5550,5532,2691,3330,3002,2687
"J40_J47_J60_J70_J84_D86_C34","2000_2005","2011_2015",10,"Economic_type_2_EQI+SM+PA+OB","0.00","6.84(-0.35,13.83)","1.91(-5.74,9.63)","2.09(-6.22,10.24)","1.69(-7.69,11.02)","0.0567","0.6211","0.6281","0.7216","1.0015","1.0001","1.0013","0.9999",4565,4634,5076,4943,3080,2745,3148,2768
"J40_J47_J60_J70_J84_D86_C34","2000_2005","2011_2015",10,"Economic_type_2_EQI_Air+SM+PA+OB","0.00","5.18(-2.23,12.62)","6.98(-0.67,14.55)","-1.72(-9.59,6.17)","-0.59(-9.86,8.89)","0.1672","0.0712","0.6711","0.8955","1.0004","1.0012","1.0011","0.9999",5181,4727,5033,6189,3289,2963,2880,2777
"J40_J47_J60_J70_J84_D86_C34","2000_2005","2011_2015",10,"Economic_type_2_EQI_Water+SM+PA+OB","0.00","0.83(-6.72,8.28)","0.34(-8.00,8.58)","0.17(-7.49,8.17)","4.59(-3.02,12.24)","0.8335","0.9420","0.9720","0.2477","1.0009","1.0003","1.0005","1.0007",4845,4784,4275,3462,3195,2892,2879,2691
"J40_J47_J60_J70_J84_D86_C34","2000_2005","2011_2015",10,"Economic_type_2_EQI_Land+SM+PA+OB","0.00","5.97(-1.29,13.42)","-0.07(-7.66,7.31)","-2.06(-10.45,6.03)","1.76(-6.77,10.38)","0.1132","0.9870","0.6226","0.6891","1.0002","1.0011","1.0010","0.9999",4744,4169,4760,4907,2989,2904,2907,3145
"J40_J47_J60_J70_J84_D86_C34","2000_2005","2011_2015",10,"Economic_type_2_EQI_Built+SM+PA+OB","0.00","3.24(-4.59,11.04)","2.70(-4.46,9.97)","0.96(-6.80,8.66)","2.57(-5.72,10.69)","0.4126","0.4771","0.8050","0.5291","1.0009","1.0006","1.0007","1.0000",4998,4437,4583,4247,2805,3213,3137,3253
"J40_J47_J60_J70_J84_D86_C34","2000_2005","2011_2015",10,"Economic_type_2_EQI_Social+SM+PA+OB","0.00","3.99(-3.34,11.38)","-1.77(-9.91,6.23)","0.59(-7.69,8.79)","1.61(-7.65,10.58)","0.3052","0.6581","0.8815","0.7331","1.0009","1.0011","1.0006","1.0018",4625,4530,5269,5258,2898,3071,3481,2966
"J40_J47_J60_J70_J84_D86_C34","2000_2005","2016_2020",15,"Economic_type_2_EQI+SM+PA+OB","0.00","8.56(1.68,15.49)","4.58(-3.10,11.67)","0.68(-7.36,8.79)","2.53(-6.39,11.29)","0.0142","0.2262","0.8635","0.5851","1.0034","1.0019","1.0004","0.9998",4080,4050,3391,4279,3020,2723,3218,2869
"J40_J47_J60_J70_J84_D86_C34","2000_2005","2016_2020",15,"Economic_type_2_EQI_Air+SM+PA+OB","0.00","4.04(-3.31,11.16)","9.24(1.69,16.60)","0.90(-6.64,8.43)","-0.36(-9.46,8.54)","0.2822","0.0132","0.8165","0.9480","0.9997","1.0016","1.0020","1.0003",4264,4178,4263,4233,2983,3024,2993,2837
"J40_J47_J60_J70_J84_D86_C34","2000_2005","2016_2020",15,"Economic_type_2_EQI_Water+SM+PA+OB","0.00","3.60(-3.96,11.31)","0.74(-7.22,8.90)","2.70(-5.23,10.29)","2.61(-5.10,10.40)","0.3582","0.8580","0.4951","0.5036","1.0003","1.0019","1.0000","1.0004",3989,4171,4427,3223,2958,2863,2710,2682
"J40_J47_J60_J70_J84_D86_C34","2000_2005","2016_2020",15,"Economic_type_2_EQI_Land+SM+PA+OB","0.00","3.62(-3.27,10.66)","-0.68(-8.01,6.67)","-3.09(-11.06,4.90)","2.78(-5.63,11.29)","0.3217","0.8340","0.4441","0.5461","1.0008","1.0012","1.0003","1.0003",4335,2608,3961,4035,3040,2635,3192,2850
"J40_J47_J60_J70_J84_D86_C34","2000_2005","2016_2020",15,"Economic_type_2_EQI_Built+SM+PA+OB","0.00","3.80(-3.73,10.94)","1.39(-5.82,8.68)","2.42(-4.95,9.71)","4.41(-3.48,12.29)","0.3012","0.6911","0.5391","0.2707","1.0008","1.0020","1.0001","1.0024",4851,3813,3972,3907,3301,2853,3096,3201
"J40_J47_J60_J70_J84_D86_C34","2000_2005","2016_2020",15,"Economic_type_2_EQI_Social+SM+PA+OB","0.00","5.91(-1.28,12.82)","-2.16(-9.94,5.65)","0.22(-8.45,8.29)","1.07(-8.10,10.08)","0.1137","0.5831","0.9515","0.8200","1.0016","1.0000","1.0007","1.0015",4009,3585,4036,4618,2832,3192,2541,2958
"J40_J47_J60_J70_J84_D86_C34","2000_2005","2021_2024",20,"Economic_type_2_EQI+SM+PA+OB","0.00","6.62(-0.81,13.95)","2.85(-4.86,10.66)","2.56(-6.05,11.44)","0.66(-9.07,10.02)","0.0792","0.4681","0.5831","0.8845","1.0002","1.0032","1.0013","1.0010",4072,4057,3983,4459,2943,3223,2828,2684
"J40_J47_J60_J70_J84_D86_C34","2000_2005","2021_2024",20,"Economic_type_2_EQI_Air+SM+PA+OB","0.00","3.29(-4.92,11.32)","6.95(-1.01,15.13)","0.95(-7.11,9.13)","0.22(-8.93,9.51)","0.4011","0.0872","0.8120","0.9465","1.0006","1.0002","1.0002","0.9998",4424,4693,4056,4635,2809,3016,3078,3029
"J40_J47_J60_J70_J84_D86_C34","2000_2005","2021_2024",20,"Economic_type_2_EQI_Water+SM+PA+OB","0.00","1.52(-6.76,9.87)","1.15(-7.29,9.90)","1.55(-7.11,9.82)","1.63(-6.84,10.49)","0.7131","0.7926","0.7146","0.6946","0.9999","0.9998","0.9998","1.0012",3964,4212,3277,2914,3302,3005,3021,3075
"J40_J47_J60_J70_J84_D86_C34","2000_2005","2021_2024",20,"Economic_type_2_EQI_Land+SM+PA+OB","0.00","6.59(-1.04,14.24)","-0.05(-8.19,8.23)","-3.46(-11.78,4.85)","1.12(-7.84,9.86)","0.0832","0.9965","0.4491","0.8060","0.9999","1.0020","1.0019","1.0027",5241,3261,4539,4692,3095,2741,3010,3192
"J40_J47_J60_J70_J84_D86_C34","2000_2005","2021_2024",20,"Economic_type_2_EQI_Built+SM+PA+OB","0.00","2.68(-5.47,11.05)","2.08(-5.82,9.99)","0.67(-7.48,8.44)","3.14(-5.66,11.49)","0.5321","0.5921","0.8630","0.4681","1.0007","1.0001","1.0009","1.0003",4338,4329,4615,4133,3240,2948,3284,3303
"J40_J47_J60_J70_J84_D86_C34","2000_2005","2021_2024",20,"Economic_type_2_EQI_Social+SM+PA+OB","0.00","1.67(-6.09,9.54)","1.19(-7.10,9.71)","0.15(-8.47,8.63)","0.56(-9.06,9.73)","0.6761","0.7766","0.9720","0.9085","1.0006","1.0012","1.0005","1.0005",4338,4028,4694,4450,3335,3058,2965,3063
"J40_J47_J60_J70_J84_D86_C34","2000_2005","2006_2010",5,"Economic_type_3_EQI+SM+PA+OB","0.00","-0.05(-3.68,3.60)","0.57(-3.22,4.27)","1.53(-2.40,5.49)","3.19(-1.10,7.68)","0.9870","0.7611","0.4421","0.1617","1.0008","1.0008","1.0005","1.0005",2596,2022,1717,1675,2736,2506,2504,2634
"J40_J47_J60_J70_J84_D86_C34","2000_2005","2006_2010",5,"Economic_type_3_EQI_Air+SM+PA+OB","0.00","-4.13(-8.99,0.71)","1.82(-2.80,6.29)","6.03(1.49,10.60)","8.84(4.07,13.43)","0.0962","0.4466","0.0132","0.0007","1.0033","1.0028","1.0032","1.0035",1740,1701,1610,1642,2751,2449,2288,2376
"J40_J47_J60_J70_J84_D86_C34","2000_2005","2006_2010",5,"Economic_type_3_EQI_Water+SM+PA+OB","0.00","3.00(-1.23,7.25)","1.02(-3.33,5.25)","0.95(-3.41,5.14)","-1.31(-6.05,3.22)","0.1722","0.6381","0.6501","0.5811","1.0009","1.0017","1.0029","1.0023",1851,1852,1711,1755,2759,2489,2473,2622
"J40_J47_J60_J70_J84_D86_C34","2000_2005","2006_2010",5,"Economic_type_3_EQI_Land+SM+PA+OB","0.00","-3.46(-6.63,-0.26)","-1.50(-4.68,1.89)","-2.45(-6.09,1.19)","-2.44(-6.31,1.45)","0.0362","0.3507","0.2107","0.2252","1.0003","1.0007","1.0009","1.0016",3013,2274,2164,2284,3356,3085,2856,3134
"J40_J47_J60_J70_J84_D86_C34","2000_2005","2006_2010",5,"Economic_type_3_EQI_Built+SM+PA+OB","0.00","-0.66(-3.59,2.37)","-2.19(-5.24,0.87)","0.04(-3.10,3.22)","0.45(-3.34,4.35)","0.6671","0.1612","0.9760","0.8175","0.9997","0.9995","0.9997","1.0014",2994,2433,2521,2713,2964,2809,3095,3110
"J40_J47_J60_J70_J84_D86_C34","2000_2005","2006_2010",5,"Economic_type_3_EQI_Social+SM+PA+OB","0.00","0.97(-2.49,4.48)","0.01(-3.63,3.73)","-2.25(-6.22,1.74)","-4.41(-9.19,0.39)","0.5851","0.9930","0.2552","0.0667","1.0002","1.0005","1.0009","1.0004",3020,2037,1881,1812,2631,2642,2899,2560
"J40_J47_J60_J70_J84_D86_C34","2000_2005","2011_2015",10,"Economic_type_3_EQI+SM+PA+OB","0.00","0.76(-2.87,4.47)","-0.03(-3.60,3.61)","0.84(-2.90,4.62)","1.32(-2.87,5.68)","0.6691","0.9790","0.6656","0.5491","1.0019","1.0016","1.0026","1.0031",3047,2504,2201,2144,3304,2761,2943,2461
"J40_J47_J60_J70_J84_D86_C34","2000_2005","2011_2015",10,"Economic_type_3_EQI_Air+SM+PA+OB","0.00","0.06(-4.87,4.82)","3.27(-1.38,7.92)","6.29(1.68,11.02)","7.01(2.30,11.66)","1.0000","0.1717","0.0057","0.0022","1.0022","1.0003","1.0008","1.0005",1750,1487,1488,1439,2761,2570,2470,2278
"J40_J47_J60_J70_J84_D86_C34","2000_2005","2011_2015",10,"Economic_type_3_EQI_Water+SM+PA+OB","0.00","-1.50(-5.64,2.80)","-3.07(-7.25,1.04)","-3.11(-7.32,1.15)","-2.86(-7.39,1.81)","0.4956","0.1422","0.1522","0.2197","1.0011","1.0012","1.0014","1.0022",1934,1753,1841,1859,2456,2434,2143,2761
"J40_J47_J60_J70_J84_D86_C34","2000_2005","2011_2015",10,"Economic_type_3_EQI_Land+SM+PA+OB","0.00","-2.24(-5.32,0.83)","-0.95(-4.24,2.39)","-2.52(-6.24,1.24)","-1.61(-5.59,2.34)","0.1537","0.5626","0.1877","0.4436","1.0001","1.0010","1.0013","1.0007",2742,2378,1923,1970,2884,2700,2719,2804
"J40_J47_J60_J70_J84_D86_C34","2000_2005","2011_2015",10,"Economic_type_3_EQI_Built+SM+PA+OB","0.00","0.32(-2.83,3.43)","-0.38(-3.43,2.74)","1.64(-1.65,5.04)","0.79(-3.22,4.92)","0.8390","0.7981","0.3212","0.7016","1.0004","1.0004","1.0000","1.0010",2418,2155,2097,2581,2944,2715,2727,2832
"J40_J47_J60_J70_J84_D86_C34","2000_2005","2011_2015",10,"Economic_type_3_EQI_Social+SM+PA+OB","0.00","-1.10(-4.70,2.59)","-0.47(-4.29,3.37)","-2.65(-6.80,1.55)","-3.98(-9.06,1.13)","0.5266","0.8030","0.2117","0.1157","1.0013","1.0003","1.0025","1.0007",2456,1816,1664,1583,2642,2722,2647,2335
"J40_J47_J60_J70_J84_D86_C34","2000_2005","2016_2020",15,"Economic_type_3_EQI+SM+PA+OB","0.00","-0.46(-4.21,3.29)","0.01(-3.69,3.65)","2.48(-1.29,6.25)","2.07(-2.17,6.45)","0.8050","0.9980","0.1897","0.3452","1.0004","1.0005","1.0011","1.0003",2569,2214,1784,1954,2450,2595,2645,2449
"J40_J47_J60_J70_J84_D86_C34","2000_2005","2016_2020",15,"Economic_type_3_EQI_Air+SM+PA+OB","0.00","-1.89(-6.46,2.87)","0.83(-3.50,5.38)","5.62(1.15,10.09)","5.25(0.70,9.94)","0.4451","0.7376","0.0112","0.0247","1.0036","1.0030","1.0049","1.0043",1770,1632,1510,1539,2763,2591,2396,2308
"J40_J47_J60_J70_J84_D86_C34","2000_2005","2016_2020",15,"Economic_type_3_EQI_Water+SM+PA+OB","0.00","-2.39(-6.62,1.79)","-3.49(-7.79,0.70)","-2.68(-6.88,1.46)","-2.53(-7.14,2.29)","0.2547","0.1032","0.2112","0.2852","1.0005","1.0008","0.9997","0.9998",1908,1740,1671,1724,2528,2659,2310,2543
"J40_J47_J60_J70_J84_D86_C34","2000_2005","2016_2020",15,"Economic_type_3_EQI_Land+SM+PA+OB","0.00","-2.02(-5.14,1.17)","-3.60(-6.98,-0.22)","-2.89(-6.65,0.77)","-0.95(-5.09,3.03)","0.2057","0.0357","0.1222","0.6441","0.9999","0.9997","1.0006","0.9998",2557,2016,1844,1989,2863,2501,2834,2467
"J40_J47_J60_J70_J84_D86_C34","2000_2005","2016_2020",15,"Economic_type_3_EQI_Built+SM+PA+OB","0.00","2.27(-0.65,5.22)","2.26(-0.61,5.25)","3.21(0.17,6.37)","2.97(-0.95,6.80)","0.1392","0.1337","0.0402","0.1297","1.0011","1.0003","1.0009","1.0009",2635,2428,2234,2484,2608,2687,3143,3001
"J40_J47_J60_J70_J84_D86_C34","2000_2005","2016_2020",15,"Economic_type_3_EQI_Social+SM+PA+OB","0.00","1.70(-1.77,5.04)","-0.39(-4.09,3.43)","-2.92(-7.15,1.11)","-5.95(-10.92,-1.19)","0.3287","0.8305","0.1562","0.0172","1.0024","1.0027","1.0028","1.0029",2490,1854,1743,1661,2781,2556,2292,2125
"J40_J47_J60_J70_J84_D86_C34","2000_2005","2021_2024",20,"Economic_type_3_EQI+SM+PA+OB","0.00","-0.52(-4.62,3.76)","-1.77(-5.94,2.48)","-2.76(-7.05,1.47)","-5.07(-9.93,-0.19)","0.7996","0.4016","0.2022","0.0402","1.0008","1.0011","1.0016","1.0023",3150,2595,2227,1920,3161,3273,2774,2722
"J40_J47_J60_J70_J84_D86_C34","2000_2005","2021_2024",20,"Economic_type_3_EQI_Air+SM+PA+OB","0.00","-0.33(-5.37,4.68)","2.50(-2.27,7.36)","5.46(0.68,10.28)","2.53(-2.41,7.52)","0.8980","0.3202","0.0242","0.3112","1.0010","1.0007","1.0010","1.0007",2530,2345,2069,2175,2870,2813,2193,2565
"J40_J47_J60_J70_J84_D86_C34","2000_2005","2021_2024",20,"Economic_type_3_EQI_Water+SM+PA+OB","0.00","-0.63(-5.25,3.93)","-2.66(-7.23,1.90)","-2.09(-6.84,2.38)","-4.74(-9.82,0.42)","0.7891","0.2462","0.3677","0.0707","1.0007","1.0001","1.0010","1.0003",2351,2312,2430,2260,2926,3041,3050,3025
"J40_J47_J60_J70_J84_D86_C34","2000_2005","2021_2024",20,"Economic_type_3_EQI_Land+SM+PA+OB","0.00","-6.55(-10.13,-2.89)","-3.81(-7.92,0.11)","-5.11(-9.44,-0.85)","-4.69(-9.40,0.01)","0.0002","0.0557","0.0212","0.0507","1.0000","1.0005","1.0005","1.0001",3144,2829,2550,2782,2998,2925,2599,2920
"J40_J47_J60_J70_J84_D86_C34","2000_2005","2021_2024",20,"Economic_type_3_EQI_Built+SM+PA+OB","0.00","2.67(-0.99,6.25)","1.83(-1.83,5.41)","1.99(-1.74,5.78)","3.30(-1.29,7.97)","0.1507","0.3212","0.3017","0.1627","1.0007","1.0007","1.0003","1.0014",3257,3032,2671,3136,3381,3053,2620,3241
"J40_J47_J60_J70_J84_D86_C34","2000_2005","2021_2024",20,"Economic_type_3_EQI_Social+SM+PA+OB","0.00","2.70(-1.29,6.77)","-0.10(-4.32,4.23)","-4.31(-8.85,0.17)","-8.02(-13.35,-2.90)","0.1842","0.9570","0.0617","0.0037","0.9998","1.0019","1.0012","1.0001",3205,2455,2264,2179,3067,2771,3060,2558
"J40_J47_J60_J70_J84_D86_C34","2000_2005","2006_2010",5,"Economic_type_4_EQI+SM+PA+OB","0.00","3.34(-1.58,8.47)","7.94(3.20,12.72)","6.69(1.44,11.86)","5.79(0.09,11.71)","0.1922","0.0012","0.0082","0.0462","1.0005","1.0008","1.0002","1.0002",4447,3577,3468,2815,3379,3201,3252,3405
"J40_J47_J60_J70_J84_D86_C34","2000_2005","2006_2010",5,"Economic_type_4_EQI_Air+SM+PA+OB","0.00","8.38(2.92,13.67)","5.81(0.68,11.00)","7.30(2.08,12.48)","6.97(1.51,12.39)","0.0037","0.0257","0.0087","0.0162","1.0012","1.0011","1.0010","1.0008",3573,2642,2457,2209,2930,2947,2739,2795
"J40_J47_J60_J70_J84_D86_C34","2000_2005","2006_2010",5,"Economic_type_4_EQI_Water+SM+PA+OB","0.00","-3.28(-8.37,2.06)","-2.46(-7.98,2.86)","-1.88(-7.31,3.42)","-0.75(-5.98,4.45)","0.2257","0.3822","0.4936","0.7876","1.0017","1.0013","1.0004","1.0021",3102,2703,2868,2639,3020,2712,3045,3161
"J40_J47_J60_J70_J84_D86_C34","2000_2005","2006_2010",5,"Economic_type_4_EQI_Land+SM+PA+OB","0.00","-4.20(-8.74,0.52)","-1.08(-6.07,3.96)","2.87(-2.12,8.08)","2.02(-3.51,7.75)","0.0832","0.6601","0.2622","0.5076","1.0023","1.0004","0.9999","1.0010",3701,3337,3543,3366,3247,2670,3118,3182
"J40_J47_J60_J70_J84_D86_C34","2000_2005","2006_2010",5,"Economic_type_4_EQI_Built+SM+PA+OB","0.00","-2.95(-8.22,2.23)","-0.02(-5.40,5.30)","3.36(-2.05,8.70)","-0.22(-5.64,5.01)","0.2817","0.9935","0.2207","0.9280","1.0026","1.0028","1.0006","1.0017",2990,2633,2520,2397,2699,2573,2940,2778
"J40_J47_J60_J70_J84_D86_C34","2000_2005","2006_2010",5,"Economic_type_4_EQI_Social+SM+PA+OB","0.00","1.92(-2.54,6.40)","3.14(-2.00,8.10)","2.12(-3.24,7.61)","2.79(-2.96,8.41)","0.3982","0.2192","0.4471","0.3442","1.0006","1.0014","1.0004","1.0016",2976,2706,2981,2667,3339,2976,2659,2499
"J40_J47_J60_J70_J84_D86_C34","2000_2005","2011_2015",10,"Economic_type_4_EQI+SM+PA+OB","0.00","3.81(-1.24,8.69)","7.78(3.04,12.44)","6.06(0.91,11.14)","4.28(-1.43,9.88)","0.1492","0.0012","0.0247","0.1457","0.9999","1.0005","1.0003","1.0008",3426,3123,2675,2384,3184,3240,2863,2614
"J40_J47_J60_J70_J84_D86_C34","2000_2005","2011_2015",10,"Economic_type_4_EQI_Air+SM+PA+OB","0.00","8.46(3.12,13.80)","8.05(2.83,13.16)","7.53(2.51,12.42)","7.47(2.14,12.68)","0.0007","0.0012","0.0032","0.0057","1.0000","1.0004","1.0011","1.0005",2746,2459,2108,1907,2683,2919,2273,2243
"J40_J47_J60_J70_J84_D86_C34","2000_2005","2011_2015",10,"Economic_type_4_EQI_Water+SM+PA+OB","0.00","2.55(-2.58,7.91)","-1.51(-6.65,3.77)","-0.57(-5.81,4.90)","2.11(-3.04,7.33)","0.3577","0.5856","0.8260","0.4031","1.0011","1.0009","0.9998","1.0017",2574,2612,2589,2344,2794,2920,2728,2643
"J40_J47_J60_J70_J84_D86_C34","2000_2005","2011_2015",10,"Economic_type_4_EQI_Land+SM+PA+OB","0.00","-2.90(-7.56,1.67)","0.63(-4.50,5.51)","1.98(-3.19,7.19)","2.34(-3.30,7.99)","0.2227","0.7951","0.4376","0.4076","1.0004","1.0003","1.0007","1.0004",3068,3313,2713,2557,3077,3108,2500,2775
"J40_J47_J60_J70_J84_D86_C34","2000_2005","2011_2015",10,"Economic_type_4_EQI_Built+SM+PA+OB","0.00","0.04(-5.13,5.10)","4.76(-0.38,9.72)","3.80(-1.42,9.22)","1.60(-3.46,6.68)","0.9900","0.0677","0.1532","0.5496","1.0010","1.0005","1.0007","1.0005",2587,2392,2233,2074,2944,2603,2465,2813
"J40_J47_J60_J70_J84_D86_C34","2000_2005","2011_2015",10,"Economic_type_4_EQI_Social+SM+PA+OB","0.00","4.92(0.27,9.50)","2.85(-2.24,7.95)","-0.02(-5.46,5.49)","-0.44(-6.00,5.04)","0.0387","0.2792","0.9815","0.8785","1.0016","1.0012","1.0018","1.0005",2505,2280,2370,2083,2727,2760,2737,2557
"J40_J47_J60_J70_J84_D86_C34","2000_2005","2016_2020",15,"Economic_type_4_EQI+SM+PA+OB","0.00","1.21(-3.63,6.14)","6.89(2.45,11.53)","4.52(-0.50,9.46)","3.26(-2.12,8.94)","0.6276","0.0032","0.0782","0.2457","1.0025","1.0017","1.0018","1.0006",3120,2705,2294,2168,2586,2711,2780,2698
"J40_J47_J60_J70_J84_D86_C34","2000_2005","2016_2020",15,"Economic_type_4_EQI_Air+SM+PA+OB","0.00","8.78(3.51,14.07)","4.94(-0.17,9.85)","6.87(1.87,11.75)","4.61(-0.57,9.60)","0.0007","0.0587","0.0057","0.0822","1.0009","1.0005","1.0004","1.0023",2658,2750,2450,2514,2798,3057,3022,3004
"J40_J47_J60_J70_J84_D86_C34","2000_2005","2016_2020",15,"Economic_type_4_EQI_Water+SM+PA+OB","0.00","1.77(-3.31,6.88)","-3.74(-8.81,1.54)","-0.99(-6.32,4.32)","-0.05(-4.99,4.97)","0.4881","0.1552","0.7216","0.9805","0.9995","1.0004","1.0000","1.0000",2869,2936,2518,2568,2530,2609,2511,3125
"J40_J47_J60_J70_J84_D86_C34","2000_2005","2016_2020",15,"Economic_type_4_EQI_Land+SM+PA+OB","0.00","-3.90(-8.34,0.50)","-2.90(-7.41,1.50)","-1.35(-6.14,3.42)","0.97(-4.32,6.27)","0.0877","0.2137","0.5846","0.7121","1.0012","1.0007","1.0012","1.0020",3239,3000,2941,3057,2782,2967,2990,2935
"J40_J47_J60_J70_J84_D86_C34","2000_2005","2016_2020",15,"Economic_type_4_EQI_Built+SM+PA+OB","0.00","-1.79(-6.71,3.11)","4.23(-0.70,9.12)","3.91(-1.05,9.07)","2.69(-2.38,7.82)","0.4806","0.0902","0.1332","0.2987","1.0022","0.9998","1.0002","1.0018",2796,2667,1912,2172,2902,2743,2439,2712
"J40_J47_J60_J70_J84_D86_C34","2000_2005","2016_2020",15,"Economic_type_4_EQI_Social+SM+PA+OB","0.00","5.92(1.90,10.11)","2.95(-1.99,7.79)","-0.62(-5.65,4.37)","0.21(-5.03,5.34)","0.0022","0.2342","0.8215","0.9245","0.9998","1.0010","1.0004","1.0007",2603,2455,2548,2365,3201,2877,2766,3050
"J40_J47_J60_J70_J84_D86_C34","2000_2005","2021_2024",20,"Economic_type_4_EQI+SM+PA+OB","0.00","0.60(-5.16,6.53)","6.67(1.16,12.23)","2.95(-2.77,8.65)","1.18(-5.21,7.58)","0.8475","0.0197","0.3267","0.7101","0.9998","1.0008","1.0003","1.0010",3415,2925,2982,2679,2976,2624,3147,2867
"J40_J47_J60_J70_J84_D86_C34","2000_2005","2021_2024",20,"Economic_type_4_EQI_Air+SM+PA+OB","0.00","7.01(0.85,13.00)","5.45(-0.34,11.06)","6.31(0.42,11.77)","1.98(-3.73,7.75)","0.0302","0.0662","0.0347","0.4996","1.0002","1.0003","1.0003","1.0006",3511,3886,3528,3362,2754,2878,3016,2815
"J40_J47_J60_J70_J84_D86_C34","2000_2005","2021_2024",20,"Economic_type_4_EQI_Water+SM+PA+OB","0.00","0.18(-5.88,5.95)","-3.27(-9.18,2.68)","-0.70(-6.81,5.22)","-2.02(-7.39,3.56)","0.9350","0.2812","0.8230","0.4841","1.0000","1.0010","0.9999","1.0035",4394,4109,3599,4098,3033,2914,3051,3086
"J40_J47_J60_J70_J84_D86_C34","2000_2005","2021_2024",20,"Economic_type_4_EQI_Land+SM+PA+OB","0.00","-5.01(-10.44,0.54)","-2.19(-7.67,3.46)","-3.57(-9.34,2.38)","-0.86(-7.20,5.51)","0.0747","0.4461","0.2262","0.7971","1.0007","1.0002","1.0020","1.0006",3999,4530,3912,4136,3071,3207,2829,3069
"J40_J47_J60_J70_J84_D86_C34","2000_2005","2021_2024",20,"Economic_type_4_EQI_Built+SM+PA+OB","0.00","-0.77(-6.60,5.40)","4.27(-1.38,9.87)","6.22(0.34,12.20)","2.41(-3.41,8.18)","0.7826","0.1472","0.0412","0.4171","1.0005","1.0007","1.0010","0.9999",3839,3428,3471,3168,2859,3462,3167,3254
"J40_J47_J60_J70_J84_D86_C34","2000_2005","2021_2024",20,"Economic_type_4_EQI_Social+SM+PA+OB","0.00","2.91(-2.31,8.23)","2.68(-3.13,8.43)","0.64(-5.55,6.65)","-3.18(-9.21,2.89)","0.2687","0.3772","0.8375","0.3132","1.0004","1.0005","1.0011","1.0002",3949,3404,3912,3533,2973,2752,3211,3168
"J40_J47_J60_J70_J84_D86_C34","2000_2005","2006_2010",5,"Economic_type_5_EQI+SM+PA+OB","0.00","-1.95(-8.93,4.74)","-0.67(-6.87,5.42)","5.65(-0.35,11.60)","10.59(4.79,16.25)","0.5686","0.8265","0.0702","0.0007","1.0005","1.0012","1.0008","1.0017",3239,2767,2468,2240,3048,2890,2394,2706
"J40_J47_J60_J70_J84_D86_C34","2000_2005","2006_2010",5,"Economic_type_5_EQI_Air+SM+PA+OB","0.00","5.19(-1.01,11.70)","8.37(2.39,14.48)","8.79(3.04,14.23)","8.97(3.89,14.05)","0.1127","0.0077","0.0017","0.0012","1.0013","0.9997","1.0001","0.9998",3577,3822,3223,3075,3080,3035,2992,3286
"J40_J47_J60_J70_J84_D86_C34","2000_2005","2006_2010",5,"Economic_type_5_EQI_Water+SM+PA+OB","0.00","-5.08(-11.20,0.79)","0.70(-4.40,5.83)","7.50(2.21,12.65)","6.23(1.06,11.52)","0.0912","0.7856","0.0052","0.0147","1.0003","1.0005","0.9997","1.0006",3689,2914,3024,2568,2825,2461,2541,2855
"J40_J47_J60_J70_J84_D86_C34","2000_2005","2006_2010",5,"Economic_type_5_EQI_Land+SM+PA+OB","0.00","3.71(-1.65,9.05)","1.53(-3.83,6.89)","2.42(-2.96,7.61)","1.01(-4.17,6.25)","0.1867","0.5726","0.3757","0.7046","1.0004","1.0002","0.9997","1.0005",2932,3326,3134,3069,2866,3087,2949,2882
"J40_J47_J60_J70_J84_D86_C34","2000_2005","2006_2010",5,"Economic_type_5_EQI_Built+SM+PA+OB","0.00","-1.21(-8.55,6.27)","-0.23(-6.77,6.12)","2.53(-3.08,8.15)","1.28(-4.33,6.53)","0.7501","0.9350","0.3777","0.6331","1.0015","1.0005","1.0002","1.0004",3994,2862,2643,2334,3297,2892,3059,3136
"J40_J47_J60_J70_J84_D86_C34","2000_2005","2006_2010",5,"Economic_type_5_EQI_Social+SM+PA+OB","0.00","-1.79(-8.25,4.50)","-1.97(-7.37,3.58)","1.72(-3.93,7.10)","7.53(1.65,13.26)","0.5996","0.4861","0.5281","0.0107","0.9997","1.0013","1.0004","1.0027",3413,2804,2558,2490,3111,2986,2829,3070
"J40_J47_J60_J70_J84_D86_C34","2000_2005","2011_2015",10,"Economic_type_5_EQI+SM+PA+OB","0.00","-2.33(-8.70,3.86)","1.95(-3.79,7.55)","5.96(0.38,11.36)","8.51(2.79,14.11)","0.4826","0.5016","0.0342","0.0032","1.0002","1.0012","1.0005","1.0018",2794,2462,2160,1873,2851,3193,2640,2508
"J40_J47_J60_J70_J84_D86_C34","2000_2005","2011_2015",10,"Economic_type_5_EQI_Air+SM+PA+OB","0.00","7.36(1.68,13.02)","8.24(2.45,14.11)","8.92(3.71,14.24)","6.23(1.14,11.24)","0.0142","0.0027","0.0012","0.0152","1.0031","1.0001","1.0006","1.0014",3472,3048,2637,2462,2708,3208,3057,2454
"J40_J47_J60_J70_J84_D86_C34","2000_2005","2011_2015",10,"Economic_type_5_EQI_Water+SM+PA+OB","0.00","-5.54(-11.01,-0.08)","0.66(-4.60,5.75)","9.38(4.73,14.15)","4.90(0.04,9.75)","0.0477","0.7951","0.0002","0.0492","1.0006","0.9998","1.0006","1.0004",4013,3542,3298,2840,3419,2991,3344,3182
"J40_J47_J60_J70_J84_D86_C34","2000_2005","2011_2015",10,"Economic_type_5_EQI_Land+SM+PA+OB","0.00","1.36(-3.60,6.43)","1.00(-4.05,5.91)","2.53(-2.41,7.45)","1.61(-3.31,6.42)","0.6011","0.6781","0.3272","0.5081","1.0006","1.0008","1.0009","1.0004",3371,3370,3440,3025,3338,3129,3496,3189
"J40_J47_J60_J70_J84_D86_C34","2000_2005","2011_2015",10,"Economic_type_5_EQI_Built+SM+PA+OB","0.00","-0.99(-7.80,5.84)","1.13(-4.92,7.36)","3.52(-1.99,9.09)","2.60(-2.83,7.90)","0.7901","0.7161","0.2262","0.3632","1.0008","1.0012","1.0001","1.0016",4562,3626,3399,3043,3210,2998,3133,3173
"J40_J47_J60_J70_J84_D86_C34","2000_2005","2011_2015",10,"Economic_type_5_EQI_Social+SM+PA+OB","0.00","1.64(-4.37,7.28)","0.04(-5.24,5.12)","0.83(-4.24,5.70)","5.96(0.46,11.16)","0.5811","0.9820","0.7396","0.0352","0.9999","1.0005","1.0011","1.0003",4128,3236,2809,2488,2789,3206,3039,2945
"J40_J47_J60_J70_J84_D86_C34","2000_2005","2016_2020",15,"Economic_type_5_EQI+SM+PA+OB","0.00","-2.56(-8.80,3.55)","0.09(-5.54,5.55)","2.93(-2.44,8.36)","5.00(-0.41,10.52)","0.4201","0.9845","0.3017","0.0707","0.9999","1.0014","1.0005","1.0003",2633,2243,2038,1714,2649,3010,2764,2302
"J40_J47_J60_J70_J84_D86_C34","2000_2005","2016_2020",15,"Economic_type_5_EQI_Air+SM+PA+OB","0.00","7.23(1.93,12.54)","8.31(2.97,13.76)","7.13(2.13,11.96)","4.76(0.01,9.50)","0.0092","0.0007","0.0067","0.0492","0.9998","1.0002","1.0000","1.0002",4801,4234,3953,3584,3364,3589,3459,3227
"J40_J47_J60_J70_J84_D86_C34","2000_2005","2016_2020",15,"Economic_type_5_EQI_Water+SM+PA+OB","0.00","-4.82(-10.07,0.42)","0.34(-4.56,5.29)","7.69(2.87,12.37)","4.42(-0.29,8.99)","0.0682","0.9005","0.0012","0.0667","1.0005","1.0003","1.0004","1.0004",4195,4148,3519,3034,2974,3242,3201,2992
"J40_J47_J60_J70_J84_D86_C34","2000_2005","2016_2020",15,"Economic_type_5_EQI_Land+SM+PA+OB","0.00","2.81(-1.81,7.57)","2.01(-2.49,6.64)","2.62(-2.19,7.34)","2.15(-2.49,6.86)","0.2307","0.3967","0.2907","0.3567","1.0031","1.0012","1.0002","0.9998",4461,4022,3853,3616,3153,3668,3363,3193
"J40_J47_J60_J70_J84_D86_C34","2000_2005","2016_2020",15,"Economic_type_5_EQI_Built+SM+PA+OB","0.00","0.18(-6.50,6.89)","0.98(-4.86,6.91)","3.39(-1.93,8.66)","1.22(-4.04,6.40)","0.9580","0.7516","0.2192","0.6506","1.0024","1.0004","1.0012","1.0007",5620,3485,3681,3191,3421,3265,3412,3040
"J40_J47_J60_J70_J84_D86_C34","2000_2005","2016_2020",15,"Economic_type_5_EQI_Social+SM+PA+OB","0.00","2.64(-3.15,8.33)","2.24(-2.69,7.39)","1.75(-3.34,6.76)","5.19(0.09,10.33)","0.3762","0.3882","0.4936","0.0447","1.0013","1.0025","1.0009","1.0007",4053,3753,3408,3186,3320,3188,2947,3043
"J40_J47_J60_J70_J84_D86_C34","2000_2005","2021_2024",20,"Economic_type_5_EQI+SM+PA+OB","0.00","0.37(-5.88,6.82)","0.59(-5.15,6.30)","0.44(-5.14,6.35)","0.52(-5.13,6.39)","0.9075","0.8395","0.8785","0.8760","1.0009","1.0006","1.0005","1.0001",3270,2840,2460,2077,3462,3368,2956,2753
"J40_J47_J60_J70_J84_D86_C34","2000_2005","2021_2024",20,"Economic_type_5_EQI_Air+SM+PA+OB","0.00","8.74(3.08,14.34)","6.99(1.61,12.57)","5.17(0.03,10.24)","0.31(-4.69,5.31)","0.0032","0.0117","0.0477","0.9100","1.0007","1.0007","1.0000","1.0006",3992,3300,3228,2837,3148,3069,3088,2963
"J40_J47_J60_J70_J84_D86_C34","2000_2005","2021_2024",20,"Economic_type_5_EQI_Water+SM+PA+OB","0.00","-3.56(-9.20,2.04)","1.00(-4.28,6.42)","6.41(1.07,11.42)","1.98(-3.51,7.46)","0.2272","0.7246","0.0162","0.4546","0.9997","1.0005","0.9996","1.0018",3445,3025,3153,2553,3535,3117,2944,2496
"J40_J47_J60_J70_J84_D86_C34","2000_2005","2021_2024",20,"Economic_type_5_EQI_Land+SM+PA+OB","0.00","0.59(-4.25,5.52)","0.53(-4.61,5.45)","0.41(-4.90,5.50)","0.21(-4.96,5.24)","0.8055","0.8250","0.8870","0.9330","1.0001","1.0005","0.9996","1.0007",3312,2991,2647,2617,2974,3353,2711,2792
"J40_J47_J60_J70_J84_D86_C34","2000_2005","2021_2024",20,"Economic_type_5_EQI_Built+SM+PA+OB","0.00","0.52(-6.55,7.53)","1.47(-4.73,7.67)","2.99(-2.46,8.58)","0.50(-4.90,5.78)","0.8780","0.6436","0.2747","0.8420","1.0013","0.9998","1.0003","1.0013",5114,3181,2690,2420,3240,3304,3172,2504
"J40_J47_J60_J70_J84_D86_C34","2000_2005","2021_2024",20,"Economic_type_5_EQI_Social+SM+PA+OB","0.00","2.14(-4.04,8.49)","3.37(-2.02,8.66)","0.64(-4.35,5.59)","3.66(-1.90,9.27)","0.5026","0.1962","0.8010","0.1857","1.0006","1.0014","1.0000","0.9999",3756,3005,2446,2636,3263,2615,3019,2892
"J40_J47_J60_J70_J84_D86_C34","2000_2005","2006_2010",5,"Economic_type_6_EQI+SM+PA+OB","0.00","-0.58(-4.29,3.00)","0.72(-2.93,4.57)","-0.59(-4.57,3.15)","1.87(-2.51,6.16)","0.7681","0.7136","0.7566","0.3937","1.0000","1.0004","1.0005","1.0003",3663,3030,2801,2649,3214,3293,3092,3048
"J40_J47_J60_J70_J84_D86_C34","2000_2005","2006_2010",5,"Economic_type_6_EQI_Air+SM+PA+OB","0.00","-2.91(-6.50,0.72)","0.09(-3.54,3.78)","3.69(0.01,7.56)","3.87(-0.23,7.94)","0.1162","0.9720","0.0497","0.0647","1.0011","1.0000","1.0010","1.0002",2992,2836,2635,2748,2928,2803,3012,3116
"J40_J47_J60_J70_J84_D86_C34","2000_2005","2006_2010",5,"Economic_type_6_EQI_Water+SM+PA+OB","0.00","-0.07(-4.02,3.91)","-0.26(-4.18,3.57)","-0.84(-4.84,3.22)","0.09(-4.02,4.29)","0.9920","0.9035","0.6941","0.9660","1.0008","1.0002","1.0001","1.0007",3431,3199,3117,3056,3263,3106,3191,3397
"J40_J47_J60_J70_J84_D86_C34","2000_2005","2006_2010",5,"Economic_type_6_EQI_Land+SM+PA+OB","0.00","-2.36(-5.66,0.91)","-4.20(-7.64,-0.78)","-5.19(-8.88,-1.47)","-2.43(-6.39,1.34)","0.1572","0.0157","0.0082","0.2202","1.0008","1.0010","1.0009","1.0011",4983,3818,3431,3307,3288,3260,3425,2875
"J40_J47_J60_J70_J84_D86_C34","2000_2005","2006_2010",5,"Economic_type_6_EQI_Built+SM+PA+OB","0.00","0.58(-2.87,4.06)","-2.02(-5.46,1.37)","-0.90(-4.49,2.71)","-1.70(-5.54,2.15)","0.7441","0.2557","0.6391","0.3757","1.0013","1.0010","1.0016","1.0017",3712,3684,3432,3265,3136,3393,3484,3210
"J40_J47_J60_J70_J84_D86_C34","2000_2005","2006_2010",5,"Economic_type_6_EQI_Social+SM+PA+OB","0.00","2.04(-1.39,5.38)","-3.14(-6.70,0.37)","-1.78(-5.77,2.19)","-0.87(-5.37,3.57)","0.2152","0.0732","0.3832","0.7141","1.0007","1.0006","1.0019","1.0022",4259,3363,2617,1936,2828,2989,3060,2907
"J40_J47_J60_J70_J84_D86_C34","2000_2005","2011_2015",10,"Economic_type_6_EQI+SM+PA+OB","0.00","2.62(-0.88,6.10)","2.32(-1.39,5.96)","2.59(-1.25,6.21)","3.43(-0.84,7.58)","0.1427","0.2042","0.1857","0.1137","0.9999","1.0003","1.0007","1.0025",3901,2950,2645,2545,3267,3115,2578,2757
"J40_J47_J60_J70_J84_D86_C34","2000_2005","2011_2015",10,"Economic_type_6_EQI_Air+SM+PA+OB","0.00","-0.82(-4.49,2.92)","2.20(-1.47,5.91)","5.05(1.28,8.81)","1.53(-2.38,5.57)","0.6501","0.2312","0.0067","0.4516","1.0016","1.0009","1.0010","1.0018",2940,2852,2697,2848,3010,3106,2806,3221
"J40_J47_J60_J70_J84_D86_C34","2000_2005","2011_2015",10,"Economic_type_6_EQI_Water+SM+PA+OB","0.00","0.20(-4.01,4.20)","-1.71(-5.85,2.29)","0.04(-4.02,4.06)","0.47(-3.71,4.63)","0.9315","0.4176","0.9705","0.8295","1.0007","1.0011","1.0012","1.0014",2629,2203,2588,2313,2980,2816,2851,2794
"J40_J47_J60_J70_J84_D86_C34","2000_2005","2011_2015",10,"Economic_type_6_EQI_Land+SM+PA+OB","0.00","0.00(-3.21,3.31)","-3.00(-6.74,0.50)","-3.75(-7.64,0.21)","-1.33(-5.31,2.73)","0.9955","0.0872","0.0612","0.5126","1.0010","0.9999","1.0007","1.0003",4198,3291,2985,2829,3048,3351,3196,2768
"J40_J47_J60_J70_J84_D86_C34","2000_2005","2011_2015",10,"Economic_type_6_EQI_Built+SM+PA+OB","0.00","0.69(-2.72,4.18)","0.63(-2.71,4.09)","1.53(-2.06,5.19)","1.99(-1.82,5.89)","0.6896","0.7141","0.3912","0.3042","1.0006","1.0006","1.0003","1.0014",3731,3392,3174,2629,3242,3335,3277,2733
"J40_J47_J60_J70_J84_D86_C34","2000_2005","2011_2015",10,"Economic_type_6_EQI_Social+SM+PA+OB","0.00","0.29(-3.18,3.56)","-1.80(-5.46,1.86)","-0.87(-4.76,3.21)","0.60(-4.02,4.99)","0.8705","0.3227","0.6676","0.7966","1.0016","1.0027","1.0028","1.0024",3689,2920,2667,2325,3332,3414,3099,3187
"J40_J47_J60_J70_J84_D86_C34","2000_2005","2016_2020",15,"Economic_type_6_EQI+SM+PA+OB","0.00","2.70(-0.58,6.19)","2.28(-1.15,5.73)","1.69(-2.00,5.26)","2.99(-1.18,7.19)","0.1107","0.1972","0.3762","0.1602","1.0012","1.0025","1.0025","1.0024",2940,2658,2398,1652,3026,2920,3021,2701
"J40_J47_J60_J70_J84_D86_C34","2000_2005","2016_2020",15,"Economic_type_6_EQI_Air+SM+PA+OB","0.00","-2.87(-6.38,0.41)","0.71(-2.87,4.18)","2.97(-0.73,6.52)","-1.83(-5.63,2.09)","0.0962","0.6926","0.1187","0.3507","1.0012","1.0004","1.0010","1.0011",2731,2769,2651,2503,3175,3450,2918,2829
"J40_J47_J60_J70_J84_D86_C34","2000_2005","2016_2020",15,"Economic_type_6_EQI_Water+SM+PA+OB","0.00","0.22(-3.87,4.20)","-0.96(-4.96,2.90)","1.01(-2.91,5.09)","0.85(-3.28,5.16)","0.9060","0.6386","0.6206","0.6696","0.9997","0.9998","0.9997","0.9996",2377,2302,2215,2339,2993,2756,3159,2999
"J40_J47_J60_J70_J84_D86_C34","2000_2005","2016_2020",15,"Economic_type_6_EQI_Land+SM+PA+OB","0.00","-0.04(-3.27,3.14)","-3.27(-6.79,0.14)","-2.41(-6.11,1.43)","-0.11(-4.11,3.86)","0.9770","0.0617","0.2187","0.9655","1.0006","1.0005","1.0003","0.9998",4240,3026,2799,2813,3231,3320,3074,3040
"J40_J47_J60_J70_J84_D86_C34","2000_2005","2016_2020",15,"Economic_type_6_EQI_Built+SM+PA+OB","0.00","0.88(-2.38,4.24)","3.23(-0.03,6.53)","3.12(-0.44,6.57)","1.77(-1.98,5.35)","0.6041","0.0537","0.0797","0.3312","1.0004","1.0007","1.0009","1.0004",3678,2931,2985,3017,3216,2894,2927,3375
"J40_J47_J60_J70_J84_D86_C34","2000_2005","2016_2020",15,"Economic_type_6_EQI_Social+SM+PA+OB","0.00","0.23(-3.04,3.48)","-2.83(-6.27,0.65)","-0.57(-4.56,3.19)","-0.42(-4.86,3.99)","0.8805","0.1142","0.7911","0.8830","0.9993","0.9997","1.0001","1.0015",3450,2655,2204,2044,3194,3246,2714,2530
"J40_J47_J60_J70_J84_D86_C34","2000_2005","2021_2024",20,"Economic_type_6_EQI+SM+PA+OB","0.00","4.76(0.63,8.75)","-2.52(-6.60,1.38)","-1.95(-6.22,2.11)","-4.95(-9.79,-0.21)","0.0257","0.2252","0.3517","0.0422","1.0005","1.0003","1.0001","1.0002",3853,3252,2692,2738,3293,3300,2856,3080
"J40_J47_J60_J70_J84_D86_C34","2000_2005","2021_2024",20,"Economic_type_6_EQI_Air+SM+PA+OB","0.00","-1.85(-5.87,2.26)","-0.12(-4.32,4.01)","-0.12(-4.43,4.12)","-5.47(-10.01,-0.86)","0.3817","0.9630","0.9610","0.0197","0.9999","0.9998","1.0003","1.0020",3069,2812,2886,2776,3221,2594,2877,2908
"J40_J47_J60_J70_J84_D86_C34","2000_2005","2021_2024",20,"Economic_type_6_EQI_Water+SM+PA+OB","0.00","-0.27(-5.13,4.50)","-3.57(-7.97,1.05)","1.86(-2.83,6.63)","-1.24(-6.17,3.61)","0.9245","0.1237","0.4416","0.6216","1.0008","1.0005","1.0005","1.0004",3290,2671,3145,2959,3384,3310,2795,3232
"J40_J47_J60_J70_J84_D86_C34","2000_2005","2021_2024",20,"Economic_type_6_EQI_Land+SM+PA+OB","0.00","0.41(-3.41,4.22)","-2.25(-6.12,1.70)","-4.49(-8.68,0.00)","-2.00(-6.66,2.60)","0.8225","0.2652","0.0507","0.3852","1.0004","1.0022","1.0003","1.0008",3634,3152,2996,3023,3094,3246,3266,3445
"J40_J47_J60_J70_J84_D86_C34","2000_2005","2021_2024",20,"Economic_type_6_EQI_Built+SM+PA+OB","0.00","0.74(-3.00,4.63)","1.99(-1.71,5.79)","1.35(-2.74,5.36)","2.00(-2.12,6.18)","0.7101","0.3137","0.5136","0.3442","1.0008","1.0015","1.0009","1.0007",3802,3376,3612,3424,3247,3028,3368,3504
"J40_J47_J60_J70_J84_D86_C34","2000_2005","2021_2024",20,"Economic_type_6_EQI_Social+SM+PA+OB","0.00","-0.78(-4.72,3.04)","-6.45(-10.49,-2.28)","-5.56(-9.92,-1.20)","-7.11(-12.17,-2.20)","0.6981","0.0042","0.0142","0.0047","1.0010","1.0003","1.0009","1.0014",3716,3005,2672,2350,3341,3015,3109,2819
"J40_J47_J60_J70_J84_D86_C34","2000_2005","2006_2010",5,"Homeownership_tertile_1_EQI+SM+PA+OB","0.00","9.67(5.47,13.99)","13.72(9.54,17.89)","12.62(8.23,16.81)","13.37(8.60,17.97)","0.0002","0.0002","0.0002","0.0002","1.0000","0.9995","1.0014","1.0005",2799,2523,2062,1759,3054,3167,2718,2724
"J40_J47_J60_J70_J84_D86_C34","2000_2005","2006_2010",5,"Homeownership_tertile_1_EQI_Air+SM+PA+OB","0.00","8.28(3.71,12.83)","11.96(7.42,16.48)","11.41(7.18,15.69)","9.84(5.46,14.18)","0.0007","0.0002","0.0002","0.0002","1.0001","1.0003","1.0013","1.0013",4028,3516,3155,3050,3219,3315,2977,3141
"J40_J47_J60_J70_J84_D86_C34","2000_2005","2006_2010",5,"Homeownership_tertile_1_EQI_Water+SM+PA+OB","0.00","-4.02(-8.63,0.58)","4.40(-0.19,9.10)","3.75(-0.88,8.11)","3.92(-0.61,8.40)","0.0857","0.0607","0.1047","0.0847","1.0008","1.0014","1.0010","1.0009",3828,3010,3182,2815,3666,2674,3386,3116
"J40_J47_J60_J70_J84_D86_C34","2000_2005","2006_2010",5,"Homeownership_tertile_1_EQI_Land+SM+PA+OB","0.00","0.17(-3.68,3.94)","2.30(-1.64,6.17)","1.58(-2.48,5.75)","3.36(-1.07,7.76)","0.9340","0.2537","0.4686","0.1357","1.0000","1.0012","1.0014","1.0015",4813,4282,3574,3713,3418,3502,3605,2869
"J40_J47_J60_J70_J84_D86_C34","2000_2005","2006_2010",5,"Homeownership_tertile_1_EQI_Built+SM+PA+OB","0.00","2.96(-1.77,7.85)","9.60(5.09,14.23)","8.72(4.49,13.19)","8.06(3.90,12.34)","0.2257","0.0002","0.0002","0.0007","1.0003","0.9998","1.0004","1.0010",4398,3220,3183,2787,3326,3390,3043,2896
"J40_J47_J60_J70_J84_D86_C34","2000_2005","2006_2010",5,"Homeownership_tertile_1_EQI_Social+SM+PA+OB","0.00","3.83(0.34,7.39)","3.62(-0.31,7.49)","4.04(-0.40,8.47)","5.45(0.37,10.33)","0.0352","0.0702","0.0677","0.0347","1.0006","0.9996","1.0010","0.9998",3918,3360,2869,2755,3206,3576,2994,3191
"J40_J47_J60_J70_J84_D86_C34","2000_2005","2011_2015",10,"Homeownership_tertile_1_EQI+SM+PA+OB","0.00","10.81(6.73,14.88)","15.89(11.85,19.90)","14.15(9.79,18.16)","12.79(8.17,17.35)","0.0002","0.0002","0.0002","0.0002","1.0019","1.0005","1.0013","1.0010",3337,2788,2624,2283,3220,3056,2859,2723
"J40_J47_J60_J70_J84_D86_C34","2000_2005","2011_2015",10,"Homeownership_tertile_1_EQI_Air+SM+PA+OB","0.00","12.81(8.34,17.30)","13.91(9.51,18.22)","13.83(9.69,17.95)","10.22(6.02,14.51)","0.0002","0.0002","0.0002","0.0002","1.0001","0.9996","1.0003","1.0002",3106,2828,2323,2271,3214,2758,2873,2736
"J40_J47_J60_J70_J84_D86_C34","2000_2005","2011_2015",10,"Homeownership_tertile_1_EQI_Water+SM+PA+OB","0.00","0.59(-3.81,5.02)","1.45(-2.97,5.77)","5.16(0.97,9.47)","4.87(0.52,9.31)","0.7906","0.5131","0.0152","0.0307","1.0011","1.0009","1.0014","1.0011",2312,2054,2062,2052,2956,2775,2832,2750
"J40_J47_J60_J70_J84_D86_C34","2000_2005","2011_2015",10,"Homeownership_tertile_1_EQI_Land+SM+PA+OB","0.00","0.73(-3.01,4.56)","2.63(-1.07,6.43)","2.46(-1.56,6.44)","5.39(1.23,9.58)","0.7181","0.1622","0.2162","0.0147","1.0005","1.0010","1.0013","1.0007",4374,3011,2803,2671,2930,2755,3004,2639
"J40_J47_J60_J70_J84_D86_C34","2000_2005","2011_2015",10,"Homeownership_tertile_1_EQI_Built+SM+PA+OB","0.00","7.02(2.49,11.61)","12.28(8.02,16.50)","11.39(7.11,15.62)","12.48(8.23,16.70)","0.0027","0.0002","0.0002","0.0002","1.0009","0.9997","1.0004","1.0005",3511,2806,2594,2596,3107,3297,2788,2795
"J40_J47_J60_J70_J84_D86_C34","2000_2005","2011_2015",10,"Homeownership_tertile_1_EQI_Social+SM+PA+OB","0.00","5.09(1.66,8.49)","4.48(0.53,8.32)","3.04(-1.10,7.07)","3.94(-0.62,8.56)","0.0057","0.0247","0.1447","0.0932","1.0001","1.0013","1.0008","1.0015",3395,2814,2593,2494,3203,2808,2994,2820
"J40_J47_J60_J70_J84_D86_C34","2000_2005","2016_2020",15,"Homeownership_tertile_1_EQI+SM+PA+OB","0.00","11.34(7.40,15.30)","14.43(10.48,18.37)","11.48(7.38,15.42)","9.62(5.31,14.05)","0.0002","0.0002","0.0002","0.0002","1.0011","1.0024","1.0021","1.0035",3238,2754,2303,2077,3128,2777,2758,2631
"J40_J47_J60_J70_J84_D86_C34","2000_2005","2016_2020",15,"Homeownership_tertile_1_EQI_Air+SM+PA+OB","0.00","8.83(4.77,12.97)","12.05(7.85,16.25)","13.09(9.13,16.91)","6.21(2.06,10.27)","0.0002","0.0002","0.0002","0.0072","1.0013","1.0035","1.0053","1.0038",3726,3144,2816,2649,3543,3185,2830,2786
"J40_J47_J60_J70_J84_D86_C34","2000_2005","2016_2020",15,"Homeownership_tertile_1_EQI_Water+SM+PA+OB","0.00","-0.60(-4.67,3.63)","0.82(-3.33,5.12)","4.36(0.24,8.61)","4.79(0.59,9.17)","0.7881","0.7096","0.0377","0.0227","1.0005","1.0007","1.0016","1.0006",3247,2960,2950,2961,2914,3079,2925,2805
"J40_J47_J60_J70_J84_D86_C34","2000_2005","2016_2020",15,"Homeownership_tertile_1_EQI_Land+SM+PA+OB","0.00","0.71(-2.80,4.30)","-0.25(-3.74,3.41)","1.51(-2.33,5.42)","3.23(-0.91,7.21)","0.6856","0.8770","0.4571","0.1247","1.0001","1.0006","1.0002","1.0021",4229,3663,3065,3074,3408,3133,3029,3027
"J40_J47_J60_J70_J84_D86_C34","2000_2005","2016_2020",15,"Homeownership_tertile_1_EQI_Built+SM+PA+OB","0.00","7.08(2.72,11.53)","12.02(7.85,16.29)","10.73(6.78,14.82)","11.40(7.42,15.37)","0.0012","0.0002","0.0002","0.0002","1.0011","0.9998","1.0004","1.0003",3875,3396,2930,2905,3405,2974,3019,3087
"J40_J47_J60_J70_J84_D86_C34","2000_2005","2016_2020",15,"Homeownership_tertile_1_EQI_Social+SM+PA+OB","0.00","6.01(2.69,9.35)","4.53(0.82,8.08)","3.04(-0.91,6.89)","4.27(-0.34,8.87)","0.0002","0.0152","0.1382","0.0667","1.0002","1.0000","1.0014","1.0013",3860,2960,2822,2617,3088,3076,3133,2991
"J40_J47_J60_J70_J84_D86_C34","2000_2005","2021_2024",20,"Homeownership_tertile_1_EQI+SM+PA+OB","0.00","13.79(9.32,18.26)","12.24(7.94,16.57)","8.18(3.68,12.64)","2.97(-1.97,8.03)","0.0002","0.0002","0.0002","0.2362","1.0002","1.0000","0.9999","0.9999",3072,2716,2292,2212,3118,3241,2965,2799
"J40_J47_J60_J70_J84_D86_C34","2000_2005","2021_2024",20,"Homeownership_tertile_1_EQI_Air+SM+PA+OB","0.00","9.57(4.61,14.21)","12.27(7.59,16.73)","11.48(6.96,15.93)","2.13(-2.56,6.75)","0.0002","0.0002","0.0002","0.3847","1.0003","1.0002","1.0005","0.9997",2490,2354,2027,1895,2776,3044,2532,2433
"J40_J47_J60_J70_J84_D86_C34","2000_2005","2021_2024",20,"Homeownership_tertile_1_EQI_Water+SM+PA+OB","0.00","-1.49(-6.24,3.43)","0.32(-4.08,4.90)","4.33(-0.27,9.00)","4.11(-0.71,8.97)","0.5356","0.9120","0.0657","0.0887","1.0003","1.0008","1.0006","1.0020",2491,2354,2405,2161,3001,2646,2991,2717
"J40_J47_J60_J70_J84_D86_C34","2000_2005","2021_2024",20,"Homeownership_tertile_1_EQI_Land+SM+PA+OB","0.00","-2.30(-6.20,1.67)","-0.07(-4.16,4.03)","-1.97(-6.28,2.42)","0.27(-4.23,4.87)","0.2542","0.9725","0.3892","0.9160","1.0011","1.0007","0.9999","1.0000",3447,2701,2356,2223,2916,3064,3092,2970
"J40_J47_J60_J70_J84_D86_C34","2000_2005","2021_2024",20,"Homeownership_tertile_1_EQI_Built+SM+PA+OB","0.00","4.49(-0.38,9.43)","8.77(4.20,13.37)","6.84(2.31,11.29)","7.81(3.00,12.31)","0.0752","0.0007","0.0017","0.0012","1.0033","1.0016","1.0025","1.0029",2737,2404,2211,2178,2699,2905,3221,2578
"J40_J47_J60_J70_J84_D86_C34","2000_2005","2021_2024",20,"Homeownership_tertile_1_EQI_Social+SM+PA+OB","0.00","3.97(-0.01,7.70)","1.47(-2.67,5.49)","0.01(-4.64,4.40)","0.04(-5.01,5.03)","0.0512","0.4861","0.9915","0.9870","1.0001","0.9996","0.9999","0.9996",3313,2957,2536,2301,2800,3030,2790,2717
"J40_J47_J60_J70_J84_D86_C34","2000_2005","2006_2010",5,"Homeownership_tertile_2_EQI+SM+PA+OB","0.00","4.42(0.79,7.99)","4.24(0.54,8.07)","4.84(0.92,8.85)","7.08(2.74,11.61)","0.0162","0.0257","0.0127","0.0022","1.0016","1.0008","1.0026","1.0011",4803,3387,2964,2805,3606,3218,3137,3070
"J40_J47_J60_J70_J84_D86_C34","2000_2005","2006_2010",5,"Homeownership_tertile_2_EQI_Air+SM+PA+OB","0.00","0.19(-3.61,4.03)","5.05(1.27,8.85)","5.88(1.99,9.87)","6.98(2.48,11.25)","0.9265","0.0107","0.0032","0.0022","1.0010","1.0014","1.0017","1.0017",3403,2987,2409,2531,3015,3065,2801,2971
"J40_J47_J60_J70_J84_D86_C34","2000_2005","2006_2010",5,"Homeownership_tertile_2_EQI_Water+SM+PA+OB","0.00","2.00(-2.29,6.28)","1.75(-2.32,6.00)","2.09(-2.03,6.07)","4.55(0.06,8.97)","0.3422","0.4091","0.3237","0.0477","1.0003","1.0002","1.0004","1.0008",3110,2835,2670,2923,3107,3354,2934,3071
"J40_J47_J60_J70_J84_D86_C34","2000_2005","2006_2010",5,"Homeownership_tertile_2_EQI_Land+SM+PA+OB","0.00","-2.05(-5.62,1.50)","0.86(-2.69,4.48)","-1.63(-5.52,2.22)","-4.30(-8.67,-0.14)","0.2492","0.6426","0.4411","0.0417","1.0007","1.0007","1.0011","1.0003",3437,3165,2904,3053,2943,3159,3078,2839
"J40_J47_J60_J70_J84_D86_C34","2000_2005","2006_2010",5,"Homeownership_tertile_2_EQI_Built+SM+PA+OB","0.00","3.74(0.13,7.22)","3.18(-0.36,6.68)","3.07(-0.59,6.77)","4.29(-0.09,8.42)","0.0427","0.0737","0.1082","0.0557","1.0000","1.0010","0.9999","1.0005",3637,3317,3135,3148,3289,2880,3143,2943
"J40_J47_J60_J70_J84_D86_C34","2000_2005","2006_2010",5,"Homeownership_tertile_2_EQI_Social+SM+PA+OB","0.00","2.99(-0.63,6.59)","-1.86(-5.64,2.02)","-0.27(-4.46,4.03)","3.67(-1.30,8.76)","0.1102","0.3407","0.8740","0.1407","1.0005","1.0005","1.0005","1.0012",4353,3093,2780,2506,2677,3154,3118,2654
"J40_J47_J60_J70_J84_D86_C34","2000_2005","2011_2015",10,"Homeownership_tertile_2_EQI+SM+PA+OB","0.00","6.84(3.35,10.40)","5.04(1.34,8.78)","5.49(1.33,9.50)","4.88(0.27,9.33)","0.0002","0.0062","0.0067","0.0382","1.0003","1.0017","1.0019","1.0011",4117,3521,2994,2986,3168,3188,3130,3247
"J40_J47_J60_J70_J84_D86_C34","2000_2005","2011_2015",10,"Homeownership_tertile_2_EQI_Air+SM+PA+OB","0.00","1.05(-2.71,4.83)","5.25(1.48,9.07)","4.76(0.69,8.61)","3.02(-1.65,7.41)","0.6101","0.0102","0.0222","0.1832","0.9998","1.0012","1.0009","1.0001",3760,3457,3113,3012,3408,3586,3451,3185
"J40_J47_J60_J70_J84_D86_C34","2000_2005","2011_2015",10,"Homeownership_tertile_2_EQI_Water+SM+PA+OB","0.00","-0.12(-4.22,3.95)","-0.77(-4.84,3.35)","1.07(-3.09,5.06)","0.74(-3.78,5.02)","0.9495","0.7016","0.6176","0.7246","1.0004","1.0011","1.0019","1.0010",3208,3229,2805,3050,3195,3065,3313,3418
"J40_J47_J60_J70_J84_D86_C34","2000_2005","2011_2015",10,"Homeownership_tertile_2_EQI_Land+SM+PA+OB","0.00","-0.75(-4.26,2.69)","-1.77(-5.61,2.02)","-0.56(-4.69,3.60)","-3.04(-7.41,1.14)","0.6856","0.3672","0.7876","0.1602","1.0008","1.0000","1.0013","1.0023",4443,3576,3071,3076,3296,2613,3225,3384
"J40_J47_J60_J70_J84_D86_C34","2000_2005","2011_2015",10,"Homeownership_tertile_2_EQI_Built+SM+PA+OB","0.00","2.09(-1.50,5.66)","2.75(-0.68,6.36)","1.89(-1.85,5.62)","0.67(-3.65,4.79)","0.2442","0.1227","0.3132","0.7646","1.0002","0.9997","1.0010","1.0011",4457,3809,3258,4024,3123,3488,2872,3306
"J40_J47_J60_J70_J84_D86_C34","2000_2005","2011_2015",10,"Homeownership_tertile_2_EQI_Social+SM+PA+OB","0.00","2.44(-1.09,6.02)","2.37(-1.57,6.17)","0.88(-3.40,4.96)","4.77(-0.28,9.63)","0.1822","0.2352","0.6966","0.0662","1.0000","0.9995","0.9997","1.0005",4042,2440,2843,2194,3019,2725,2309,2817
"J40_J47_J60_J70_J84_D86_C34","2000_2005","2016_2020",15,"Homeownership_tertile_2_EQI+SM+PA+OB","0.00","2.78(-0.63,6.37)","4.88(1.25,8.42)","4.72(0.91,8.70)","4.20(-0.03,8.69)","0.1107","0.0082","0.0162","0.0517","1.0008","1.0019","1.0045","1.0026",3754,2870,2364,2452,2811,3088,2982,2809
"J40_J47_J60_J70_J84_D86_C34","2000_2005","2016_2020",15,"Homeownership_tertile_2_EQI_Air+SM+PA+OB","0.00","3.35(-0.18,6.90)","4.52(0.96,8.02)","3.22(-0.41,6.87)","3.59(-0.40,7.51)","0.0642","0.0137","0.0787","0.0802","1.0006","1.0009","1.0007","1.0006",3344,2713,2352,2374,3517,2794,2989,2807
"J40_J47_J60_J70_J84_D86_C34","2000_2005","2016_2020",15,"Homeownership_tertile_2_EQI_Water+SM+PA+OB","0.00","1.09(-3.20,5.19)","-0.99(-5.03,3.15)","-0.16(-4.14,3.88)","0.54(-3.76,4.97)","0.5881","0.6336","0.9225","0.8180","1.0001","0.9996","1.0008","1.0037",2776,2435,2117,2073,3304,2844,2973,2768
"J40_J47_J60_J70_J84_D86_C34","2000_2005","2016_2020",15,"Homeownership_tertile_2_EQI_Land+SM+PA+OB","0.00","0.80(-2.56,4.12)","0.20(-3.35,3.78)","-1.46(-5.33,2.19)","-0.91(-5.01,3.01)","0.6411","0.8955","0.4436","0.6516","1.0016","0.9998","1.0019","1.0004",3722,2857,2726,2714,3281,2984,2690,2885
"J40_J47_J60_J70_J84_D86_C34","2000_2005","2016_2020",15,"Homeownership_tertile_2_EQI_Built+SM+PA+OB","0.00","3.95(0.64,7.20)","4.62(1.21,7.93)","3.23(-0.39,6.71)","2.92(-1.08,6.94)","0.0207","0.0097","0.0777","0.1422","1.0012","1.0007","1.0013","1.0005",3019,2445,2589,2509,3016,2789,2942,2832
"J40_J47_J60_J70_J84_D86_C34","2000_2005","2016_2020",15,"Homeownership_tertile_2_EQI_Social+SM+PA+OB","0.00","0.55(-2.80,3.97)","0.51(-3.20,4.21)","-0.65(-4.71,3.34)","1.15(-3.73,5.88)","0.7596","0.7876","0.7616","0.6176","1.0002","1.0004","1.0006","1.0008",3145,2313,2303,1968,3041,2629,2942,2841
"J40_J47_J60_J70_J84_D86_C34","2000_2005","2021_2024",20,"Homeownership_tertile_2_EQI+SM+PA+OB","0.00","4.93(0.86,8.98)","3.50(-0.79,7.78)","2.02(-2.55,6.59)","-1.64(-6.65,3.54)","0.0182","0.1077","0.3827","0.5261","1.0001","1.0009","1.0019","1.0022",4206,3096,2640,2424,3439,3241,2932,2825
"J40_J47_J60_J70_J84_D86_C34","2000_2005","2021_2024",20,"Homeownership_tertile_2_EQI_Air+SM+PA+OB","0.00","2.52(-1.79,6.90)","4.66(0.21,9.08)","2.67(-1.69,7.30)","-1.01(-5.99,4.14)","0.2357","0.0417","0.2392","0.6761","1.0009","1.0002","1.0010","1.0000",3239,2865,2621,2298,2842,2834,2978,3305
"J40_J47_J60_J70_J84_D86_C34","2000_2005","2021_2024",20,"Homeownership_tertile_2_EQI_Water+SM+PA+OB","0.00","2.08(-2.58,6.86)","-2.97(-7.73,2.04)","1.85(-2.99,6.73)","-3.01(-8.16,2.17)","0.3832","0.2327","0.4686","0.2652","1.0006","1.0017","1.0013","1.0006",3055,2864,3057,2903,3007,2684,3108,2656
"J40_J47_J60_J70_J84_D86_C34","2000_2005","2021_2024",20,"Homeownership_tertile_2_EQI_Land+SM+PA+OB","0.00","-1.08(-5.27,3.02)","0.75(-3.42,5.12)","-1.46(-5.99,3.13)","-2.04(-7.05,2.60)","0.5971","0.7321","0.5296","0.4186","1.0014","1.0009","1.0016","1.0006",4419,3536,3161,3523,2943,2977,3177,3242
"J40_J47_J60_J70_J84_D86_C34","2000_2005","2021_2024",20,"Homeownership_tertile_2_EQI_Built+SM+PA+OB","0.00","6.76(2.84,10.74)","5.52(1.56,9.49)","4.08(-0.25,8.18)","3.84(-0.88,8.59)","0.0002","0.0057","0.0637","0.1117","1.0001","0.9997","0.9995","1.0008",3508,3167,3243,3324,3040,2946,3154,2805
"J40_J47_J60_J70_J84_D86_C34","2000_2005","2021_2024",20,"Homeownership_tertile_2_EQI_Social+SM+PA+OB","0.00","-1.21(-5.31,2.76)","-2.38(-6.63,2.04)","-4.35(-9.07,0.37)","-4.45(-9.74,0.96)","0.5796","0.2822","0.0672","0.1042","1.0005","1.0010","1.0013","1.0019",3782,3216,2896,2713,3490,3332,3357,2915
"J40_J47_J60_J70_J84_D86_C34","2000_2005","2006_2010",5,"Homeownership_tertile_3_EQI+SM+PA+OB","0.00","2.86(-0.76,6.42)","0.80(-2.90,4.44)","2.60(-1.49,6.46)","7.11(2.29,11.74)","0.1192","0.6691","0.1937","0.0037","1.0009","1.0003","1.0006","1.0017",4586,3511,3241,2740,3691,3451,3476,3453
"J40_J47_J60_J70_J84_D86_C34","2000_2005","2006_2010",5,"Homeownership_tertile_3_EQI_Air+SM+PA+OB","0.00","3.21(-0.52,6.82)","4.09(0.27,7.85)","5.12(0.97,9.28)","6.12(1.30,10.81)","0.0977","0.0337","0.0172","0.0157","1.0000","0.9997","1.0019","1.0014",4269,3730,3634,3802,3459,3526,3205,3485
"J40_J47_J60_J70_J84_D86_C34","2000_2005","2006_2010",5,"Homeownership_tertile_3_EQI_Water+SM+PA+OB","0.00","-2.25(-6.41,1.77)","-2.21(-6.39,1.93)","3.15(-1.00,7.47)","0.96(-3.65,5.72)","0.2872","0.2992","0.1502","0.6986","1.0007","1.0001","0.9997","1.0005",3486,3443,3240,3227,2991,3336,3644,2725
"J40_J47_J60_J70_J84_D86_C34","2000_2005","2006_2010",5,"Homeownership_tertile_3_EQI_Land+SM+PA+OB","0.00","-2.96(-6.56,0.72)","-6.79(-10.70,-3.05)","-7.18(-11.41,-2.97)","-5.46(-9.85,-1.10)","0.1132","0.0002","0.0007","0.0187","1.0011","1.0015","0.9995","1.0001",4435,3587,3305,3502,3246,3358,3213,3252
"J40_J47_J60_J70_J84_D86_C34","2000_2005","2006_2010",5,"Homeownership_tertile_3_EQI_Built+SM+PA+OB","0.00","1.63(-1.48,4.77)","-0.90(-4.33,2.63)","1.11(-2.68,4.85)","-5.34(-10.12,-0.54)","0.3107","0.6066","0.5551","0.0302","0.9999","1.0001","1.0004","1.0000",4907,4588,4385,4406,3124,3366,3096,3327
"J40_J47_J60_J70_J84_D86_C34","2000_2005","2006_2010",5,"Homeownership_tertile_3_EQI_Social+SM+PA+OB","0.00","-1.10(-4.78,2.76)","-2.37(-6.43,1.81)","-0.55(-4.93,3.50)","2.55(-2.43,7.33)","0.5571","0.2602","0.8155","0.3182","1.0029","1.0011","1.0006","1.0016",4669,3374,3404,2727,3372,2968,3586,2857
"J40_J47_J60_J70_J84_D86_C34","2000_2005","2011_2015",10,"Homeownership_tertile_3_EQI+SM+PA+OB","0.00","0.25(-3.19,3.67)","-1.12(-4.58,2.38)","1.63(-2.12,5.45)","6.43(1.93,10.94)","0.8925","0.5406","0.4141","0.0032","1.0001","0.9999","1.0002","1.0004",3738,3013,2690,2578,3371,3299,2850,3059
"J40_J47_J60_J70_J84_D86_C34","2000_2005","2011_2015",10,"Homeownership_tertile_3_EQI_Air+SM+PA+OB","0.00","1.35(-2.17,4.70)","2.43(-1.19,5.99)","3.36(-0.59,7.17)","5.58(1.18,10.04)","0.4531","0.1902","0.1007","0.0147","1.0000","1.0013","1.0012","1.0008",3301,2737,2633,2897,2948,2858,3379,3057
"J40_J47_J60_J70_J84_D86_C34","2000_2005","2011_2015",10,"Homeownership_tertile_3_EQI_Water+SM+PA+OB","0.00","-1.54(-5.44,2.33)","0.14(-3.78,4.15)","2.09(-2.09,6.28)","2.96(-1.43,7.38)","0.4431","0.9480","0.3137","0.1817","1.0006","1.0007","0.9997","1.0007",2606,2462,2702,2826,3036,2882,3149,2794
"J40_J47_J60_J70_J84_D86_C34","2000_2005","2011_2015",10,"Homeownership_tertile_3_EQI_Land+SM+PA+OB","0.00","-3.01(-6.33,0.27)","-4.86(-8.28,-1.32)","-4.73(-8.61,-0.80)","-3.13(-7.19,1.18)","0.0662","0.0107","0.0222","0.1527","1.0010","1.0010","1.0005","1.0028",3429,3079,2762,2701,3230,3156,3269,3185
"J40_J47_J60_J70_J84_D86_C34","2000_2005","2011_2015",10,"Homeownership_tertile_3_EQI_Built+SM+PA+OB","0.00","2.64(-0.26,5.42)","1.12(-2.13,4.33)","1.94(-1.67,5.28)","-1.84(-6.12,2.31)","0.0692","0.4921","0.2817","0.3942","1.0007","1.0004","1.0005","1.0006",4361,4404,3965,3701,3095,2809,3457,3361
"J40_J47_J60_J70_J84_D86_C34","2000_2005","2011_2015",10,"Homeownership_tertile_3_EQI_Social+SM+PA+OB","0.00","-1.96(-5.53,1.68)","-5.92(-9.89,-1.98)","-2.02(-6.18,1.97)","-1.17(-5.89,3.54)","0.2872","0.0042","0.3317","0.6356","0.9997","1.0009","1.0000","1.0014",3517,3100,2786,2330,3084,3202,3040,2573
"J40_J47_J60_J70_J84_D86_C34","2000_2005","2016_2020",15,"Homeownership_tertile_3_EQI+SM+PA+OB","0.00","1.51(-1.74,4.79)","-1.58(-4.98,1.79)","2.07(-1.47,5.70)","5.75(1.53,9.84)","0.3492","0.3557","0.2497","0.0087","1.0003","1.0003","1.0007","1.0003",4053,3036,2702,2659,3068,3142,2973,3349
"J40_J47_J60_J70_J84_D86_C34","2000_2005","2016_2020",15,"Homeownership_tertile_3_EQI_Air+SM+PA+OB","0.00","2.05(-1.14,5.33)","3.43(0.10,6.83)","5.06(1.31,9.06)","4.99(0.73,9.23)","0.2162","0.0437","0.0087","0.0222","1.0004","1.0006","1.0011","1.0013",3175,2564,2538,2673,3422,2868,3080,2851
"J40_J47_J60_J70_J84_D86_C34","2000_2005","2016_2020",15,"Homeownership_tertile_3_EQI_Water+SM+PA+OB","0.00","1.16(-2.47,4.73)","0.85(-2.90,4.63)","3.44(-0.40,7.28)","1.77(-2.47,5.91)","0.5391","0.6686","0.0772","0.3987","1.0020","1.0031","1.0028","1.0014",2579,2396,2483,2407,3062,2901,2903,3220
"J40_J47_J60_J70_J84_D86_C34","2000_2005","2016_2020",15,"Homeownership_tertile_3_EQI_Land+SM+PA+OB","0.00","-5.47(-8.55,-2.33)","-5.63(-8.95,-2.29)","-6.88(-10.62,-3.26)","-5.31(-9.24,-1.25)","0.0012","0.0007","0.0007","0.0147","0.9999","1.0022","1.0004","1.0006",3369,2935,2590,2862,3192,2887,3050,3281
"J40_J47_J60_J70_J84_D86_C34","2000_2005","2016_2020",15,"Homeownership_tertile_3_EQI_Built+SM+PA+OB","0.00","0.94(-1.85,3.75)","2.27(-0.84,5.41)","1.29(-2.09,4.73)","-2.86(-6.96,1.50)","0.5156","0.1532","0.4656","0.1917","1.0006","1.0004","1.0003","1.0013",3881,3587,3880,3702,3273,3417,3359,3240
"J40_J47_J60_J70_J84_D86_C34","2000_2005","2016_2020",15,"Homeownership_tertile_3_EQI_Social+SM+PA+OB","0.00","1.21(-2.16,4.64)","-2.49(-6.26,1.12)","0.41(-3.34,4.30)","-0.34(-4.72,3.98)","0.5061","0.1882","0.8295","0.8985","1.0001","1.0005","1.0007","1.0011",3335,2729,2457,2017,3206,3078,2786,2667
"J40_J47_J60_J70_J84_D86_C34","2000_2005","2021_2024",20,"Homeownership_tertile_3_EQI+SM+PA+OB","0.00","2.79(-1.02,6.62)","-1.34(-5.24,2.53)","0.92(-3.10,5.02)","1.64(-3.36,6.57)","0.1467","0.4911","0.6741","0.5181","1.0023","1.0010","1.0010","1.0001",3354,2562,2221,2434,3151,3014,2670,2305
"J40_J47_J60_J70_J84_D86_C34","2000_2005","2021_2024",20,"Homeownership_tertile_3_EQI_Air+SM+PA+OB","0.00","2.84(-1.09,6.69)","2.23(-1.91,6.19)","0.98(-3.31,5.39)","-1.22(-6.34,3.84)","0.1637","0.2872","0.6536","0.6246","1.0006","1.0002","0.9995","1.0006",4167,3749,3610,3522,3296,3233,3293,3077
"J40_J47_J60_J70_J84_D86_C34","2000_2005","2021_2024",20,"Homeownership_tertile_3_EQI_Water+SM+PA+OB","0.00","-1.20(-5.48,3.18)","0.60(-4.12,5.14)","3.19(-1.30,7.72)","1.56(-3.28,6.48)","0.6111","0.7766","0.1652","0.5341","1.0005","1.0015","1.0007","1.0006",3462,3370,3555,3683,3371,3124,3279,3394
"J40_J47_J60_J70_J84_D86_C34","2000_2005","2021_2024",20,"Homeownership_tertile_3_EQI_Land+SM+PA+OB","0.00","-1.09(-4.95,2.74)","-2.40(-6.44,1.68)","-3.83(-8.40,0.70)","-0.82(-5.63,4.06)","0.5821","0.2492","0.0962","0.7451","1.0004","1.0000","1.0001","0.9994",4806,4113,3746,3981,3306,3101,3188,3331
"J40_J47_J60_J70_J84_D86_C34","2000_2005","2021_2024",20,"Homeownership_tertile_3_EQI_Built+SM+PA+OB","0.00","2.81(-0.63,6.37)","3.74(-0.22,7.68)","1.32(-2.82,5.64)","-1.29(-6.12,3.71)","0.1172","0.0607","0.5326","0.6021","1.0000","1.0008","1.0003","1.0003",4563,4121,4592,4372,3021,3143,3444,3158
"J40_J47_J60_J70_J84_D86_C34","2000_2005","2021_2024",20,"Homeownership_tertile_3_EQI_Social+SM+PA+OB","0.00","1.13(-3.05,5.28)","-1.75(-6.08,2.53)","-1.12(-5.68,3.20)","0.54(-4.41,5.69)","0.5996","0.4311","0.6426","0.8405","1.0000","1.0008","1.0001","0.9999",4390,3704,3607,3233,3281,3418,3432,2880
