ICD_Code,EQI_Period,AAMR_Period,Lag,Model,Q1,Q2,Q3,Q4,Q5,Q2_p,Q3_p,Q4_p,Q5_p,Q2_rhat,Q3_rhat,Q4_rhat,Q5_rhat,Q2_ess_bulk,Q3_ess_bulk,Q4_ess_bulk,Q5_ess_bulk,Q2_ess_tail,Q3_ess_tail,Q4_ess_tail,Q5_ess_tail
J40_J47_J60_J70_J84_D86_C34,2000_2005,2006_2010,5,Census_Region_1_EQI+SM+PA+OB,"1.00(1.00,1.00)","0.96(0.90,1.04)","0.98(0.93,1.04)","0.98(0.93,1.03)","0.98(0.93,1.03)",0.3060,0.5672,0.4397,0.4414,1.0016,1.0009,1.0020,1.0005,4605,2969,2551,2431,3996,3450,3157,2934
"J40_J47_J60_J70_J84_D86_C34","2000_2005","2006_2010",5,"Census_Region_1_EQI_Air+SM+PA+OB","1.00(1.00,1.00)","1.01(0.94,1.07)","0.98(0.93,1.04)","1.02(0.96,1.07)","0.94(0.89,0.99)","0.8659","0.4851","0.5759","0.0190","1.0017","1.0006","1.0025","1.0008",4365,3099,3001,2917,3594,3729,3360,3545
"J40_J47_J60_J70_J84_D86_C34","2000_2005","2006_2010",5,"Census_Region_1_EQI_Water+SM+PA+OB","1.00(1.00,1.00)","1.00(0.95,1.05)","1.04(0.99,1.09)","1.09(1.04,1.14)","1.08(1.03,1.13)","0.9842","0.1339","0.0006","0.0006","1.0013","1.0014","1.0023","1.0006",3835,4092,2019,3584,3509,3358,2826,3024
"J40_J47_J60_J70_J84_D86_C34","2000_2005","2006_2010",5,"Census_Region_1_EQI_Land+SM+PA+OB","1.00(1.00,1.00)","0.97(0.91,1.02)","1.00(0.96,1.05)","1.01(0.96,1.06)","0.99(0.95,1.05)","0.2247","0.9621","0.6592","0.8413","1.0018","1.0014","1.0019","1.0016",3320,2568,2518,2827,3273,3193,2952,3074
"J40_J47_J60_J70_J84_D86_C34","2000_2005","2006_2010",5,"Census_Region_1_EQI_Built+SM+PA+OB","1.00(1.00,1.00)","0.96(0.90,1.03)","0.95(0.90,1.00)","1.00(0.95,1.05)","0.98(0.93,1.04)","0.2618","0.0510","0.9858","0.5422","1.0028","1.0016","1.0014","1.0007",4953,3431,2958,2840,4028,3252,3306,3606
"J40_J47_J60_J70_J84_D86_C34","2000_2005","2006_2010",5,"Census_Region_1_EQI_Social+SM+PA+OB","1.00(1.00,1.00)","1.05(0.99,1.11)","1.00(0.95,1.05)","0.99(0.94,1.04)","1.00(0.95,1.06)","0.1056","0.9321","0.5926","0.9454","1.0005","1.0004","1.0005","1.0020",3851,3214,2727,2611,3725,3625,3357,3121
"J40_J47_J60_J70_J84_D86_C34","2000_2005","2011_2015",10,"Census_Region_1_EQI+SM+PA+OB","1.00(1.00,1.00)","0.96(0.89,1.03)","1.01(0.96,1.07)","0.98(0.93,1.04)","0.98(0.93,1.04)","0.2389","0.7571","0.4989","0.4955","1.0005","1.0017","1.0022","1.0015",4295,2774,2446,2367,3473,3452,3351,2988
"J40_J47_J60_J70_J84_D86_C34","2000_2005","2011_2015",10,"Census_Region_1_EQI_Air+SM+PA+OB","1.00(1.00,1.00)","1.02(0.96,1.09)","0.99(0.93,1.05)","1.01(0.96,1.07)","0.92(0.86,0.97)","0.4997","0.6455","0.6663","0.0027","1.0016","1.0017","1.0013","1.0010",3859,2734,2629,2641,3440,3285,3150,3137
"J40_J47_J60_J70_J84_D86_C34","2000_2005","2011_2015",10,"Census_Region_1_EQI_Water+SM+PA+OB","1.00(1.00,1.00)","0.99(0.94,1.04)","1.04(0.99,1.10)","1.10(1.05,1.15)","1.08(1.04,1.13)","0.7042","0.0827","0.0002","0.0010","1.0002","1.0023","1.0013","1.0012",4334,4074,2158,3636,3535,3761,2780,3732
"J40_J47_J60_J70_J84_D86_C34","2000_2005","2011_2015",10,"Census_Region_1_EQI_Land+SM+PA+OB","1.00(1.00,1.00)","0.97(0.91,1.03)","1.01(0.96,1.06)","1.02(0.97,1.08)","1.01(0.96,1.07)","0.2506","0.7176","0.4114","0.5980","0.9995","1.0003","1.0001","1.0008",3436,2543,2443,2721,3590,2917,2792,3109
"J40_J47_J60_J70_J84_D86_C34","2000_2005","2011_2015",10,"Census_Region_1_EQI_Built+SM+PA+OB","1.00(1.00,1.00)","0.96(0.89,1.02)","0.95(0.90,1.01)","1.02(0.97,1.07)","0.99(0.94,1.05)","0.2043","0.1002","0.5518","0.7592","1.0020","1.0012","1.0014","1.0014",3629,2890,2744,2535,3600,2985,3327,2969
"J40_J47_J60_J70_J84_D86_C34","2000_2005","2011_2015",10,"Census_Region_1_EQI_Social+SM+PA+OB","1.00(1.00,1.00)","1.05(0.99,1.11)","1.00(0.95,1.06)","1.01(0.96,1.06)","1.02(0.97,1.08)","0.1306","0.9575","0.8021","0.4501","1.0012","1.0020","1.0014","1.0016",3562,3089,2733,2555,3680,3419,3264,2897
"J40_J47_J60_J70_J84_D86_C34","2000_2005","2016_2020",15,"Census_Region_1_EQI+SM+PA+OB","1.00(1.00,1.00)","0.93(0.85,1.01)","1.00(0.94,1.06)","0.99(0.93,1.05)","0.99(0.93,1.05)","0.0852","0.9004","0.6388","0.6747","1.0008","1.0005","1.0007","1.0017",4033,2791,2480,2454,2878,3289,3159,3224
"J40_J47_J60_J70_J84_D86_C34","2000_2005","2016_2020",15,"Census_Region_1_EQI_Air+SM+PA+OB","1.00(1.00,1.00)","0.98(0.91,1.06)","1.00(0.93,1.07)","1.01(0.94,1.08)","0.93(0.86,0.99)","0.6951","0.9546","0.7975","0.0269","1.0015","1.0010","1.0007","1.0004",3918,3022,2700,2820,3848,3503,3094,3217
"J40_J47_J60_J70_J84_D86_C34","2000_2005","2016_2020",15,"Census_Region_1_EQI_Water+SM+PA+OB","1.00(1.00,1.00)","0.99(0.93,1.05)","1.04(0.98,1.09)","1.14(1.09,1.20)","1.12(1.07,1.18)","0.7917","0.2114","0.0002","0.0002","1.0014","1.0008","1.0003","1.0002",4519,4121,2677,3762,3367,3363,2829,3237
"J40_J47_J60_J70_J84_D86_C34","2000_2005","2016_2020",15,"Census_Region_1_EQI_Land+SM+PA+OB","1.00(1.00,1.00)","0.98(0.91,1.05)","1.01(0.95,1.07)","1.03(0.97,1.10)","1.00(0.94,1.07)","0.4751","0.8704","0.2876","0.9646","1.0007","1.0002","1.0002","1.0000",3053,2619,2585,2735,3509,3179,3298,3497
"J40_J47_J60_J70_J84_D86_C34","2000_2005","2016_2020",15,"Census_Region_1_EQI_Built+SM+PA+OB","1.00(1.00,1.00)","0.97(0.90,1.05)","0.97(0.91,1.03)","1.02(0.96,1.08)","1.00(0.93,1.06)","0.4509","0.2914","0.5847","0.8613","1.0007","1.0016","1.0007","1.0014",3720,2905,2492,2464,3603,3695,3185,3098
"J40_J47_J60_J70_J84_D86_C34","2000_2005","2016_2020",15,"Census_Region_1_EQI_Social+SM+PA+OB","1.00(1.00,1.00)","1.06(0.99,1.13)","1.01(0.95,1.08)","1.02(0.96,1.08)","1.02(0.96,1.09)","0.0902","0.6559","0.5197","0.5197","1.0006","1.0011","1.0013","1.0011",3559,2954,2678,2677,3261,3444,3360,3016
"J40_J47_J60_J70_J84_D86_C34","2000_2005","2021_2024",20,"Census_Region_1_EQI+SM+PA+OB","1.00(1.00,1.00)","0.97(0.89,1.05)","1.03(0.96,1.10)","1.00(0.94,1.06)","0.94(0.88,1.01)","0.3935","0.4160","0.9067","0.0760","1.0001","1.0012","1.0024","1.0024",3963,2867,2497,2426,3251,3301,2941,2746
"J40_J47_J60_J70_J84_D86_C34","2000_2005","2021_2024",20,"Census_Region_1_EQI_Air+SM+PA+OB","1.00(1.00,1.00)","1.03(0.95,1.11)","1.01(0.94,1.08)","1.00(0.94,1.07)","0.90(0.84,0.97)","0.5151","0.8863","0.9342","0.0052","1.0016","1.0002","1.0005","1.0014",4377,3502,3239,3120,3666,3481,3810,3592
"J40_J47_J60_J70_J84_D86_C34","2000_2005","2021_2024",20,"Census_Region_1_EQI_Water+SM+PA+OB","1.00(1.00,1.00)","0.98(0.92,1.05)","1.06(0.99,1.13)","1.07(1.01,1.14)","1.07(1.01,1.14)","0.5530","0.1289","0.0202","0.0335","1.0010","1.0026","1.0009","1.0006",5061,4405,3923,4055,3912,3887,3436,3552
"J40_J47_J60_J70_J84_D86_C34","2000_2005","2021_2024",20,"Census_Region_1_EQI_Land+SM+PA+OB","1.00(1.00,1.00)","0.99(0.92,1.06)","1.01(0.95,1.07)","1.01(0.95,1.08)","1.00(0.94,1.07)","0.7501","0.8138","0.7117","0.9846","1.0010","1.0000","1.0012","1.0006",3833,3043,3062,3141,3734,3579,3335,3143
"J40_J47_J60_J70_J84_D86_C34","2000_2005","2021_2024",20,"Census_Region_1_EQI_Built+SM+PA+OB","1.00(1.00,1.00)","0.98(0.90,1.05)","0.95(0.89,1.01)","1.02(0.95,1.08)","0.98(0.92,1.05)","0.5355","0.1110","0.6367","0.6042","1.0007","1.0007","1.0017","1.0020",4616,3514,3257,3108,3635,3165,3659,2995
"J40_J47_J60_J70_J84_D86_C34","2000_2005","2021_2024",20,"Census_Region_1_EQI_Social+SM+PA+OB","1.00(1.00,1.00)","1.06(0.99,1.14)","1.05(0.99,1.12)","1.02(0.96,1.08)","1.00(0.94,1.07)","0.0939","0.1318","0.6217","0.9917","1.0010","1.0005","1.0004","1.0001",4642,3878,3246,3140,3874,3574,3699,3392
"J40_J47_J60_J70_J84_D86_C34","2000_2005","2006_2010",5,"Census_Region_2_EQI+SM+PA+OB","1.00(1.00,1.00)","1.12(1.07,1.17)","1.10(1.05,1.14)","1.11(1.07,1.16)","1.14(1.09,1.20)","0.0002","0.0002","0.0002","0.0002","1.0013","1.0010","1.0007","1.0012",2926,2593,2371,2211,3196,3101,3242,3092
"J40_J47_J60_J70_J84_D86_C34","2000_2005","2006_2010",5,"Census_Region_2_EQI_Air+SM+PA+OB","1.00(1.00,1.00)","1.03(0.99,1.07)","1.07(1.02,1.11)","1.11(1.06,1.16)","1.13(1.08,1.18)","0.1010","0.0019","0.0002","0.0002","1.0004","1.0006","1.0011","1.0006",3679,3497,2973,2874,3267,3482,3477,3262
"J40_J47_J60_J70_J84_D86_C34","2000_2005","2006_2010",5,"Census_Region_2_EQI_Water+SM+PA+OB","1.00(1.00,1.00)","0.97(0.93,1.02)","1.02(0.98,1.07)","1.01(0.97,1.06)","1.04(0.99,1.09)","0.2122","0.3897","0.5955","0.1443","1.0022","1.0019","1.0015","1.0028",3190,3119,2919,2977,3474,3753,3269,3636
"J40_J47_J60_J70_J84_D86_C34","2000_2005","2006_2010",5,"Census_Region_2_EQI_Land+SM+PA+OB","1.00(1.00,1.00)","1.05(1.00,1.11)","1.06(1.01,1.11)","1.05(1.00,1.10)","1.04(0.99,1.09)","0.0423","0.0110","0.0569","0.1035","0.9996","1.0011","1.0012","1.0000",3694,3102,2740,2869,3565,3329,3183,3092
"J40_J47_J60_J70_J84_D86_C34","2000_2005","2006_2010",5,"Census_Region_2_EQI_Built+SM+PA+OB","1.00(1.00,1.00)","1.05(1.01,1.09)","1.03(0.99,1.07)","1.03(0.99,1.07)","1.06(1.01,1.10)","0.0248","0.1852","0.1327","0.0110","1.0014","1.0014","1.0013","1.0011",3423,3036,3022,2957,3643,3263,3363,3436
"J40_J47_J60_J70_J84_D86_C34","2000_2005","2006_2010",5,"Census_Region_2_EQI_Social+SM+PA+OB","1.00(1.00,1.00)","0.95(0.90,1.00)","0.95(0.91,1.00)","0.97(0.92,1.01)","0.97(0.92,1.03)","0.0402","0.0460","0.1377","0.3247","1.0004","1.0009","1.0012","1.0014",3064,2325,2026,2077,2955,3098,2619,2898
"J40_J47_J60_J70_J84_D86_C34","2000_2005","2011_2015",10,"Census_Region_2_EQI+SM+PA+OB","1.00(1.00,1.00)","1.14(1.09,1.19)","1.14(1.10,1.19)","1.15(1.10,1.20)","1.14(1.09,1.20)","0.0002","0.0002","0.0002","0.0002","0.9999","1.0008","1.0010","1.0010",2958,2435,2096,2184,3601,3273,3023,3115
"J40_J47_J60_J70_J84_D86_C34","2000_2005","2011_2015",10,"Census_Region_2_EQI_Air+SM+PA+OB","1.00(1.00,1.00)","1.05(1.01,1.09)","1.07(1.03,1.11)","1.11(1.06,1.15)","1.08(1.03,1.13)","0.0148","0.0019","0.0002","0.0019","1.0003","1.0005","1.0020","1.0023",3325,3136,2679,2817,3518,3593,3133,3186
"J40_J47_J60_J70_J84_D86_C34","2000_2005","2011_2015",10,"Census_Region_2_EQI_Water+SM+PA+OB","1.00(1.00,1.00)","0.96(0.92,1.01)","1.00(0.95,1.05)","1.00(0.96,1.05)","1.01(0.96,1.06)","0.1031","0.9038","0.8650","0.7276","0.9999","1.0009","1.0003","1.0002",3000,2832,3077,2969,3102,3208,3449,3406
"J40_J47_J60_J70_J84_D86_C34","2000_2005","2011_2015",10,"Census_Region_2_EQI_Land+SM+PA+OB","1.00(1.00,1.00)","1.01(0.96,1.06)","1.02(0.98,1.07)","1.04(0.99,1.10)","1.04(0.99,1.09)","0.7717","0.3689","0.0860","0.1152","1.0005","1.0010","1.0014","1.0022",3376,2884,2735,2608,3221,3260,3222,3158
"J40_J47_J60_J70_J84_D86_C34","2000_2005","2011_2015",10,"Census_Region_2_EQI_Built+SM+PA+OB","1.00(1.00,1.00)","1.08(1.04,1.13)","1.08(1.03,1.12)","1.08(1.04,1.12)","1.10(1.05,1.15)","0.0002","0.0002","0.0002","0.0002","1.0003","1.0014","1.0018","1.0017",3446,2689,2670,2796,3090,3270,2912,3508
"J40_J47_J60_J70_J84_D86_C34","2000_2005","2011_2015",10,"Census_Region_2_EQI_Social+SM+PA+OB","1.00(1.00,1.00)","0.98(0.93,1.03)","0.97(0.93,1.02)","0.99(0.94,1.03)","0.97(0.92,1.03)","0.5022","0.2822","0.5776","0.2847","1.0016","1.0023","1.0018","1.0025",3365,2492,2039,2193,2984,3223,2441,2615
"J40_J47_J60_J70_J84_D86_C34","2000_2005","2016_2020",15,"Census_Region_2_EQI+SM+PA+OB","1.00(1.00,1.00)","1.12(1.07,1.17)","1.13(1.08,1.18)","1.13(1.09,1.18)","1.14(1.09,1.19)","0.0002","0.0002","0.0002","0.0002","0.9998","1.0010","1.0006","1.0010",2894,2366,2193,2088,3409,3138,2538,2795
"J40_J47_J60_J70_J84_D86_C34","2000_2005","2016_2020",15,"Census_Region_2_EQI_Air+SM+PA+OB","1.00(1.00,1.00)","1.04(1.01,1.08)","1.09(1.05,1.14)","1.12(1.08,1.17)","1.08(1.03,1.13)","0.0248","0.0002","0.0002","0.0002","1.0003","1.0006","1.0007","1.0005",3504,3140,2785,2632,3787,3477,3090,3320
"J40_J47_J60_J70_J84_D86_C34","2000_2005","2016_2020",15,"Census_Region_2_EQI_Water+SM+PA+OB","1.00(1.00,1.00)","0.98(0.93,1.02)","1.00(0.96,1.05)","1.00(0.96,1.05)","1.01(0.96,1.06)","0.3281","0.9329","0.8479","0.7946","1.0013","1.0004","1.0008","1.0008",2604,2520,2806,2683,3700,2852,3146,3449
"J40_J47_J60_J70_J84_D86_C34","2000_2005","2016_2020",15,"Census_Region_2_EQI_Land+SM+PA+OB","1.00(1.00,1.00)","1.03(0.98,1.09)","1.03(0.99,1.09)","1.05(1.00,1.11)","1.06(1.01,1.12)","0.2339","0.1531","0.0331","0.0152","1.0017","1.0028","1.0020","1.0030",3159,2785,2694,2711,3188,3410,3022,2999
"J40_J47_J60_J70_J84_D86_C34","2000_2005","2016_2020",15,"Census_Region_2_EQI_Built+SM+PA+OB","1.00(1.00,1.00)","1.06(1.02,1.11)","1.09(1.05,1.14)","1.08(1.04,1.12)","1.08(1.03,1.12)","0.0006","0.0002","0.0006","0.0015","1.0008","1.0009","1.0013","1.0009",3133,3005,2820,2856,3197,3522,3596,3558
"J40_J47_J60_J70_J84_D86_C34","2000_2005","2016_2020",15,"Census_Region_2_EQI_Social+SM+PA+OB","1.00(1.00,1.00)","0.99(0.94,1.04)","0.97(0.93,1.02)","0.97(0.92,1.01)","0.94(0.90,1.00)","0.6159","0.2947","0.1714","0.0356","1.0009","1.0005","1.0006","1.0004",2975,2502,2290,2279,3715,3703,3002,3107
"J40_J47_J60_J70_J84_D86_C34","2000_2005","2021_2024",20,"Census_Region_2_EQI+SM+PA+OB","1.00(1.00,1.00)","1.15(1.09,1.21)","1.15(1.10,1.20)","1.12(1.07,1.18)","1.09(1.03,1.14)","0.0002","0.0002","0.0002","0.0015","1.0005","1.0012","1.0015","1.0022",3033,2524,2226,1941,3549,3053,2947,2669
"J40_J47_J60_J70_J84_D86_C34","2000_2005","2021_2024",20,"Census_Region_2_EQI_Air+SM+PA+OB","1.00(1.00,1.00)","1.07(1.02,1.11)","1.09(1.05,1.14)","1.10(1.06,1.15)","1.04(0.99,1.10)","0.0044","0.0002","0.0002","0.1185","1.0009","1.0016","1.0015","1.0010",3982,3788,3269,3167,3816,3783,3546,3724
"J40_J47_J60_J70_J84_D86_C34","2000_2005","2021_2024",20,"Census_Region_2_EQI_Water+SM+PA+OB","1.00(1.00,1.00)","0.99(0.94,1.04)","0.99(0.94,1.04)","1.02(0.97,1.07)","0.98(0.92,1.04)","0.6022","0.7596","0.4126","0.5026","1.0007","1.0008","1.0007","1.0003",3170,2838,2869,3175,3631,3487,3498,3583
"J40_J47_J60_J70_J84_D86_C34","2000_2005","2021_2024",20,"Census_Region_2_EQI_Land+SM+PA+OB","1.00(1.00,1.00)","1.02(0.97,1.08)","1.02(0.97,1.08)","1.04(0.99,1.10)","1.04(0.99,1.10)","0.4605","0.4214","0.1381","0.1218","1.0004","1.0017","1.0018","1.0015",3790,2888,2564,2479,3614,3267,3013,3263
"J40_J47_J60_J70_J84_D86_C34","2000_2005","2021_2024",20,"Census_Region_2_EQI_Built+SM+PA+OB","1.00(1.00,1.00)","1.07(1.02,1.12)","1.08(1.04,1.13)","1.04(1.00,1.09)","1.07(1.02,1.12)","0.0060","0.0006","0.0469","0.0094","1.0020","1.0009","1.0013","1.0008",3967,2735,3414,3077,3589,3530,3571,3204
"J40_J47_J60_J70_J84_D86_C34","2000_2005","2021_2024",20,"Census_Region_2_EQI_Social+SM+PA+OB","1.00(1.00,1.00)","1.00(0.94,1.06)","0.98(0.93,1.03)","0.99(0.94,1.05)","0.95(0.90,1.01)","0.9588","0.3310","0.7813","0.0802","1.0011","1.0003","1.0007","1.0015",3856,3075,2763,2638,3708,3323,3539,3458
"J40_J47_J60_J70_J84_D86_C34","2000_2005","2006_2010",5,"Census_Region_3_EQI+SM+PA+OB","1.00(1.00,1.00)","1.02(1.00,1.05)","1.03(1.01,1.06)","1.04(1.01,1.07)","1.05(1.02,1.09)","0.0885","0.0202","0.0065","0.0048","1.0000","1.0019","1.0022","1.0019",3446,2850,2538,2430,3471,3190,3096,2849
"J40_J47_J60_J70_J84_D86_C34","2000_2005","2006_2010",5,"Census_Region_3_EQI_Air+SM+PA+OB","1.00(1.00,1.00)","1.01(0.98,1.05)","1.04(1.01,1.08)","1.05(1.01,1.08)","1.07(1.03,1.11)","0.3968","0.0135","0.0085","0.0002","0.9997","0.9998","1.0006","1.0011",3510,3268,2955,2937,3890,3534,3637,3423
"J40_J47_J60_J70_J84_D86_C34","2000_2005","2006_2010",5,"Census_Region_3_EQI_Water+SM+PA+OB","1.00(1.00,1.00)","1.03(1.00,1.06)","1.01(0.98,1.05)","1.04(1.01,1.08)","1.02(0.99,1.06)","0.0894","0.3789","0.0240","0.1756","1.0010","1.0012","0.9998","1.0018",2976,3137,3090,3899,3493,3136,3423,3351
"J40_J47_J60_J70_J84_D86_C34","2000_2005","2006_2010",5,"Census_Region_3_EQI_Land+SM+PA+OB","1.00(1.00,1.00)","0.97(0.95,0.99)","0.96(0.94,0.99)","0.95(0.92,0.99)","0.97(0.93,1.02)","0.0119","0.0027","0.0077","0.2727","1.0000","1.0007","1.0011","1.0000",5337,5705,5879,5742,3646,3875,3896,3325
"J40_J47_J60_J70_J84_D86_C34","2000_2005","2006_2010",5,"Census_Region_3_EQI_Built+SM+PA+OB","1.00(1.00,1.00)","1.01(0.99,1.04)","1.03(1.01,1.06)","1.04(1.01,1.07)","1.03(1.00,1.07)","0.2531","0.0231","0.0110","0.0452","1.0003","1.0013","1.0013","1.0008",4494,3753,3655,3359,3923,3428,3520,3433
"J40_J47_J60_J70_J84_D86_C34","2000_2005","2006_2010",5,"Census_Region_3_EQI_Social+SM+PA+OB","1.00(1.00,1.00)","1.02(1.00,1.04)","1.00(0.97,1.02)","1.01(0.98,1.05)","1.04(1.00,1.08)","0.1106","0.7667","0.4030","0.0531","1.0010","1.0003","1.0008","1.0003",3711,3196,3120,3150,3211,3402,3517,3499
"J40_J47_J60_J70_J84_D86_C34","2000_2005","2011_2015",10,"Census_Region_3_EQI+SM+PA+OB","1.00(1.00,1.00)","1.02(1.00,1.05)","1.02(1.00,1.05)","1.03(1.00,1.06)","1.03(0.99,1.06)","0.0381","0.0694","0.0377","0.1827","1.0029","1.0025","1.0031","1.0029",2367,2117,1975,1936,3248,2754,2591,2713
"J40_J47_J60_J70_J84_D86_C34","2000_2005","2011_2015",10,"Census_Region_3_EQI_Air+SM+PA+OB","1.00(1.00,1.00)","1.01(0.98,1.04)","1.04(1.00,1.07)","1.04(1.01,1.08)","1.05(1.01,1.09)","0.5384","0.0356","0.0202","0.0098","1.0031","1.0046","1.0022","1.0026",3415,3304,2979,3134,3646,3690,3366,3645
"J40_J47_J60_J70_J84_D86_C34","2000_2005","2011_2015",10,"Census_Region_3_EQI_Water+SM+PA+OB","1.00(1.00,1.00)","1.04(1.01,1.07)","1.00(0.97,1.03)","1.04(1.00,1.07)","1.03(0.99,1.07)","0.0215","0.9175","0.0439","0.1014","1.0011","1.0018","1.0014","1.0006",2835,2709,2817,2964,3758,3346,3203,3313
"J40_J47_J60_J70_J84_D86_C34","2000_2005","2011_2015",10,"Census_Region_3_EQI_Land+SM+PA+OB","1.00(1.00,1.00)","0.99(0.97,1.01)","0.97(0.94,0.99)","0.95(0.91,0.98)","0.98(0.94,1.02)","0.3281","0.0148","0.0040","0.4089","1.0013","1.0001","0.9999","1.0008",5142,5603,5768,6234,3722,3716,3388,3540
"J40_J47_J60_J70_J84_D86_C34","2000_2005","2011_2015",10,"Census_Region_3_EQI_Built+SM+PA+OB","1.00(1.00,1.00)","1.02(0.99,1.04)","1.04(1.01,1.07)","1.03(1.00,1.06)","1.03(0.99,1.06)","0.1443","0.0023","0.0377","0.1235","1.0020","1.0011","1.0020","1.0018",4562,3966,3650,3746,3564,3871,3744,3173
"J40_J47_J60_J70_J84_D86_C34","2000_2005","2011_2015",10,"Census_Region_3_EQI_Social+SM+PA+OB","1.00(1.00,1.00)","1.01(0.99,1.04)","0.99(0.96,1.02)","0.99(0.95,1.02)","1.01(0.97,1.05)","0.2801","0.5080","0.4105","0.7201","1.0008","1.0033","1.0007","1.0006",4115,3754,3650,3287,3816,3992,3577,3785
"J40_J47_J60_J70_J84_D86_C34","2000_2005","2016_2020",15,"Census_Region_3_EQI+SM+PA+OB","1.00(1.00,1.00)","1.03(1.00,1.06)","1.03(1.00,1.06)","1.04(1.01,1.07)","1.03(0.99,1.07)","0.0240","0.0377","0.0115","0.1998","1.0020","1.0013","1.0017","1.0034",3073,2735,2559,2452,3348,3223,3557,3378
"J40_J47_J60_J70_J84_D86_C34","2000_2005","2016_2020",15,"Census_Region_3_EQI_Air+SM+PA+OB","1.00(1.00,1.00)","1.02(0.98,1.05)","1.03(1.00,1.07)","1.06(1.02,1.10)","1.05(1.01,1.10)","0.3972","0.0781","0.0023","0.0073","1.0024","1.0009","1.0014","1.0004",2941,2673,2530,2573,3811,3125,3371,3307
"J40_J47_J60_J70_J84_D86_C34","2000_2005","2016_2020",15,"Census_Region_3_EQI_Water+SM+PA+OB","1.00(1.00,1.00)","1.03(0.99,1.06)","1.00(0.96,1.03)","1.03(0.99,1.07)","1.03(0.99,1.07)","0.1252","0.7975","0.1098","0.1927","1.0008","1.0018","1.0014","1.0013",3235,2780,3203,3009,3651,3311,3054,3367
"J40_J47_J60_J70_J84_D86_C34","2000_2005","2016_2020",15,"Census_Region_3_EQI_Land+SM+PA+OB","1.00(1.00,1.00)","0.98(0.96,1.00)","0.96(0.93,0.98)","0.94(0.90,0.98)","0.96(0.92,1.01)","0.0644","0.0006","0.0015","0.1468","1.0018","1.0005","1.0024","1.0007",5435,5016,6197,5838,3493,3434,3723,4073
"J40_J47_J60_J70_J84_D86_C34","2000_2005","2016_2020",15,"Census_Region_3_EQI_Built+SM+PA+OB","1.00(1.00,1.00)","1.03(1.00,1.06)","1.05(1.02,1.08)","1.04(1.01,1.07)","1.04(1.00,1.07)","0.0319","0.0002","0.0035","0.0260","1.0009","1.0010","1.0002","1.0003",4448,3563,3745,3235,3745,3811,3462,4008
"J40_J47_J60_J70_J84_D86_C34","2000_2005","2016_2020",15,"Census_Region_3_EQI_Social+SM+PA+OB","1.00(1.00,1.00)","1.01(0.99,1.04)","0.99(0.96,1.02)","0.97(0.94,1.01)","1.00(0.95,1.04)","0.2668","0.4201","0.1514","0.8846","1.0019","1.0006","1.0002","1.0003",3939,3407,3398,2956,3668,3340,3637,3507
"J40_J47_J60_J70_J84_D86_C34","2000_2005","2021_2024",20,"Census_Region_3_EQI+SM+PA+OB","1.00(1.00,1.00)","1.02(0.99,1.05)","0.98(0.96,1.01)","0.98(0.95,1.01)","0.97(0.93,1.01)","0.1485","0.2497","0.2385","0.1843","1.0007","1.0021","1.0013","1.0009",3317,2942,2542,2445,3050,3344,2916,2992
"J40_J47_J60_J70_J84_D86_C34","2000_2005","2021_2024",20,"Census_Region_3_EQI_Air+SM+PA+OB","1.00(1.00,1.00)","0.98(0.95,1.02)","1.00(0.97,1.04)","1.01(0.97,1.04)","0.99(0.96,1.03)","0.3347","0.9271","0.7301","0.6567","1.0005","1.0014","1.0015","1.0020",3043,2752,2732,2775,3486,3321,3392,3436
"J40_J47_J60_J70_J84_D86_C34","2000_2005","2021_2024",20,"Census_Region_3_EQI_Water+SM+PA+OB","1.00(1.00,1.00)","1.02(0.99,1.05)","1.00(0.96,1.03)","1.03(0.99,1.06)","1.01(0.97,1.05)","0.2864","0.8575","0.1756","0.5801","1.0007","1.0004","1.0007","1.0009",3402,3341,3355,3277,3767,3607,3566,3321
"J40_J47_J60_J70_J84_D86_C34","2000_2005","2021_2024",20,"Census_Region_3_EQI_Land+SM+PA+OB","1.00(1.00,1.00)","0.97(0.95,1.00)","0.96(0.94,0.99)","0.94(0.90,0.97)","0.96(0.92,1.01)","0.0202","0.0031","0.0006","0.1039","1.0005","1.0026","1.0005","1.0018",4927,4946,4183,4967,3570,3448,3198,3640
"J40_J47_J60_J70_J84_D86_C34","2000_2005","2021_2024",20,"Census_Region_3_EQI_Built+SM+PA+OB","1.00(1.00,1.00)","1.03(1.01,1.06)","1.04(1.01,1.07)","1.04(1.01,1.07)","1.04(1.01,1.08)","0.0044","0.0031","0.0106","0.0102","1.0013","1.0014","1.0016","1.0011",4121,3606,3731,3559,3517,3611,4072,3546
"J40_J47_J60_J70_J84_D86_C34","2000_2005","2021_2024",20,"Census_Region_3_EQI_Social+SM+PA+OB","1.00(1.00,1.00)","1.00(0.98,1.03)","0.96(0.93,0.99)","0.92(0.89,0.96)","0.94(0.90,0.98)","0.9513","0.0131","0.0002","0.0035","1.0005","1.0011","1.0012","1.0012",3706,3295,3314,2860,3705,3361,3503,2694
"J40_J47_J60_J70_J84_D86_C34","2000_2005","2006_2010",5,"Census_Region_4_EQI+SM+PA+OB","1.00(1.00,1.00)","1.06(0.99,1.13)","1.11(1.04,1.18)","1.10(1.03,1.17)","1.12(1.05,1.20)","0.0869","0.0015","0.0073","0.0002","1.0006","1.0022","1.0008","1.0008",4616,4192,3243,2730,3660,3553,3692,3258
"J40_J47_J60_J70_J84_D86_C34","2000_2005","2006_2010",5,"Census_Region_4_EQI_Air+SM+PA+OB","1.00(1.00,1.00)","1.06(0.99,1.13)","1.07(0.99,1.14)","1.07(0.99,1.14)","1.06(0.98,1.15)","0.0969","0.1035","0.0864","0.1218","1.0007","1.0015","1.0007","1.0008",5081,5497,4400,4957,3418,3456,3739,3526
"J40_J47_J60_J70_J84_D86_C34","2000_2005","2006_2010",5,"Census_Region_4_EQI_Water+SM+PA+OB","1.00(1.00,1.00)","0.86(0.77,0.94)","1.02(0.94,1.11)","0.98(0.90,1.06)","1.02(0.95,1.10)","0.0010","0.6342","0.5618","0.5139","1.0014","1.0011","1.0006","1.0010",3776,3611,3636,3447,3498,3279,3664,3466
"J40_J47_J60_J70_J84_D86_C34","2000_2005","2006_2010",5,"Census_Region_4_EQI_Land+SM+PA+OB","1.00(1.00,1.00)","0.96(0.86,1.06)","1.08(1.00,1.16)","1.05(0.97,1.13)","1.12(1.04,1.20)","0.3922","0.0489","0.2235","0.0027","1.0002","1.0006","1.0024","1.0029",5506,3896,3410,2981,3569,3521,3166,3322
"J40_J47_J60_J70_J84_D86_C34","2000_2005","2006_2010",5,"Census_Region_4_EQI_Built+SM+PA+OB","1.00(1.00,1.00)","1.01(0.93,1.09)","1.08(1.01,1.16)","1.08(1.00,1.16)","1.04(0.97,1.12)","0.8263","0.0348","0.0369","0.2835","1.0003","1.0008","0.9997","0.9996",5083,4517,4178,3403,3591,3403,3463,3560
"J40_J47_J60_J70_J84_D86_C34","2000_2005","2006_2010",5,"Census_Region_4_EQI_Social+SM+PA+OB","1.00(1.00,1.00)","1.06(0.99,1.14)","1.04(0.97,1.11)","1.06(0.99,1.14)","1.06(0.97,1.14)","0.1056","0.2535","0.0981","0.1743","1.0011","1.0026","1.0002","1.0012",4628,4195,4117,3205,3853,3368,3998,3627
"J40_J47_J60_J70_J84_D86_C34","2000_2005","2011_2015",10,"Census_Region_4_EQI+SM+PA+OB","1.00(1.00,1.00)","1.07(1.00,1.14)","1.08(1.01,1.16)","1.13(1.05,1.21)","1.13(1.05,1.21)","0.0427","0.0210","0.0010","0.0015","1.0003","1.0000","1.0008","1.0012",3661,3216,2627,2467,3494,3127,3263,3404
"J40_J47_J60_J70_J84_D86_C34","2000_2005","2011_2015",10,"Census_Region_4_EQI_Air+SM+PA+OB","1.00(1.00,1.00)","1.09(1.01,1.16)","1.09(1.01,1.18)","1.06(0.98,1.15)","1.09(1.00,1.17)","0.0144","0.0240","0.1268","0.0581","1.0016","1.0004","1.0003","1.0003",4810,4522,4261,4329,3999,3357,3501,3730
"J40_J47_J60_J70_J84_D86_C34","2000_2005","2011_2015",10,"Census_Region_4_EQI_Water+SM+PA+OB","1.00(1.00,1.00)","0.86(0.77,0.95)","1.05(0.96,1.14)","1.00(0.91,1.09)","1.03(0.96,1.12)","0.0035","0.3156","0.9275","0.4326","1.0003","1.0012","1.0012","1.0007",3900,2739,3614,3385,3924,3405,3582,3769
"J40_J47_J60_J70_J84_D86_C34","2000_2005","2011_2015",10,"Census_Region_4_EQI_Land+SM+PA+OB","1.00(1.00,1.00)","0.98(0.88,1.09)","1.10(1.00,1.20)","1.07(0.97,1.17)","1.12(1.02,1.22)","0.7696","0.0427","0.1810","0.0144","1.0017","1.0012","1.0025","1.0017",4255,1966,1314,1439,3812,3287,2615,3138
"J40_J47_J60_J70_J84_D86_C34","2000_2005","2011_2015",10,"Census_Region_4_EQI_Built+SM+PA+OB","1.00(1.00,1.00)","1.00(0.92,1.08)","1.08(1.00,1.17)","1.09(1.01,1.17)","1.07(0.99,1.15)","0.9792","0.0448","0.0285","0.0685","1.0008","1.0013","1.0012","1.0025",4073,4082,3695,3376,3350,3704,3809,3868
"J40_J47_J60_J70_J84_D86_C34","2000_2005","2011_2015",10,"Census_Region_4_EQI_Social+SM+PA+OB","1.00(1.00,1.00)","1.08(1.01,1.17)","1.08(1.01,1.16)","1.07(1.00,1.16)","1.06(0.97,1.16)","0.0302","0.0360","0.0677","0.1823","1.0036","1.0006","1.0002","1.0012",4663,3741,3732,3397,3730,3585,3565,3430
"J40_J47_J60_J70_J84_D86_C34","2000_2005","2016_2020",15,"Census_Region_4_EQI+SM+PA+OB","1.00(1.00,1.00)","1.08(1.00,1.16)","1.12(1.04,1.20)","1.15(1.07,1.25)","1.14(1.05,1.23)","0.0477","0.0019","0.0010","0.0015","1.0005","1.0005","1.0005","1.0011",3581,3379,2836,2601,3634,3404,3511,3246
"J40_J47_J60_J70_J84_D86_C34","2000_2005","2016_2020",15,"Census_Region_4_EQI_Air+SM+PA+OB","1.00(1.00,1.00)","1.12(1.03,1.21)","1.10(1.01,1.20)","1.08(1.00,1.18)","1.09(0.99,1.20)","0.0069","0.0369","0.0602","0.0656","1.0010","1.0004","1.0010","1.0015",4031,4344,3949,3936,3300,3764,3492,3613
"J40_J47_J60_J70_J84_D86_C34","2000_2005","2016_2020",15,"Census_Region_4_EQI_Water+SM+PA+OB","1.00(1.00,1.00)","0.87(0.77,0.98)","1.07(0.96,1.19)","0.97(0.87,1.07)","1.01(0.92,1.11)","0.0190","0.2060","0.5476","0.8246","1.0012","1.0005","1.0004","1.0006",3005,2926,2788,2701,3263,3258,3597,3209
"J40_J47_J60_J70_J84_D86_C34","2000_2005","2016_2020",15,"Census_Region_4_EQI_Land+SM+PA+OB","1.00(1.00,1.00)","1.00(0.88,1.13)","1.11(1.00,1.23)","1.03(0.93,1.14)","1.11(1.00,1.23)","0.9883","0.0498","0.5955","0.0452","1.0021","1.0022","1.0020","1.0015",3635,2614,2347,2128,3193,3394,3131,3583
"J40_J47_J60_J70_J84_D86_C34","2000_2005","2016_2020",15,"Census_Region_4_EQI_Built+SM+PA+OB","1.00(1.00,1.00)","1.06(0.96,1.16)","1.15(1.05,1.25)","1.14(1.05,1.25)","1.12(1.03,1.22)","0.2102","0.0023","0.0019","0.0115","1.0007","1.0022","1.0016","1.0023",3560,3886,3129,3061,3518,3871,3077,3401
"J40_J47_J60_J70_J84_D86_C34","2000_2005","2016_2020",15,"Census_Region_4_EQI_Social+SM+PA+OB","1.00(1.00,1.00)","1.14(1.05,1.24)","1.11(1.02,1.20)","1.12(1.02,1.22)","1.06(0.96,1.17)","0.0031","0.0131","0.0119","0.2218","1.0011","1.0017","1.0024","1.0019",3910,3447,3283,3070,3776,3627,3383,3429
"J40_J47_J60_J70_J84_D86_C34","2000_2005","2021_2024",20,"Census_Region_4_EQI+SM+PA+OB","1.00(1.00,1.00)","1.10(1.02,1.19)","1.11(1.03,1.19)","1.14(1.05,1.23)","1.09(1.01,1.18)","0.0173","0.0073","0.0010","0.0310","1.0005","1.0007","1.0006","1.0013",3765,3473,2649,2434,3083,3452,2918,3226
"J40_J47_J60_J70_J84_D86_C34","2000_2005","2021_2024",20,"Census_Region_4_EQI_Air+SM+PA+OB","1.00(1.00,1.00)","1.12(1.04,1.21)","1.06(0.96,1.15)","1.05(0.97,1.14)","1.05(0.95,1.14)","0.0056","0.2372","0.2272","0.3468","1.0020","1.0020","1.0016","1.0000",4848,4606,3700,4180,3363,3649,3518,3419
"J40_J47_J60_J70_J84_D86_C34","2000_2005","2021_2024",20,"Census_Region_4_EQI_Water+SM+PA+OB","1.00(1.00,1.00)","0.89(0.79,0.99)","1.01(0.91,1.12)","1.01(0.91,1.11)","1.01(0.92,1.11)","0.0398","0.8300","0.8634","0.7884","1.0016","1.0015","1.0008","1.0020",3284,2884,3100,2854,3653,3274,3900,3495
"J40_J47_J60_J70_J84_D86_C34","2000_2005","2021_2024",20,"Census_Region_4_EQI_Land+SM+PA+OB","1.00(1.00,1.00)","0.95(0.84,1.07)","1.16(1.05,1.28)","1.02(0.92,1.13)","1.10(1.00,1.21)","0.4497","0.0040","0.7301","0.0439","1.0014","1.0030","1.0040","1.0046",3826,2274,1919,1832,3383,3342,2791,3301
"J40_J47_J60_J70_J84_D86_C34","2000_2005","2021_2024",20,"Census_Region_4_EQI_Built+SM+PA+OB","1.00(1.00,1.00)","1.01(0.92,1.10)","1.12(1.03,1.22)","1.11(1.02,1.20)","1.04(0.95,1.13)","0.8921","0.0081","0.0206","0.3980","1.0005","1.0003","1.0014","1.0024",3647,3655,3189,3279,3525,3363,3263,3619
"J40_J47_J60_J70_J84_D86_C34","2000_2005","2021_2024",20,"Census_Region_4_EQI_Social+SM+PA+OB","1.00(1.00,1.00)","1.12(1.03,1.22)","1.09(1.01,1.18)","1.10(1.01,1.20)","1.05(0.95,1.15)","0.0044","0.0265","0.0252","0.3551","1.0010","1.0012","1.0005","1.0006",4027,3220,3669,2980,3634,3295,3719,3220
"J40_J47_J60_J70_J84_D86_C34","2000_2005","2006_2010",5,"koppen_major_B_EQI+SM+PA+OB","1.00(1.00,1.00)","1.08(1.01,1.15)","1.09(1.01,1.16)","1.10(1.02,1.17)","1.04(0.96,1.12)","0.0140","0.0206","0.0085","0.3131","1.0003","1.0011","1.0003","1.0014",6022,5273,5220,5576,4128,3542,3791,3684
"J40_J47_J60_J70_J84_D86_C34","2000_2005","2006_2010",5,"koppen_major_B_EQI_Air+SM+PA+OB","1.00(1.00,1.00)","0.99(0.92,1.06)","1.02(0.95,1.10)","1.02(0.94,1.10)","1.01(0.92,1.11)","0.7401","0.5313","0.5884","0.7625","1.0018","1.0001","1.0009","1.0011",5240,5865,5530,5988,3251,3769,3669,3551
"J40_J47_J60_J70_J84_D86_C34","2000_2005","2006_2010",5,"koppen_major_B_EQI_Water+SM+PA+OB","1.00(1.00,1.00)","0.94(0.87,1.03)","1.01(0.93,1.09)","1.05(0.98,1.13)","1.03(0.97,1.11)","0.1810","0.8675","0.1664","0.3351","1.0016","1.0020","1.0017","1.0004",4996,4419,3790,4090,3681,3800,3453,3562
"J40_J47_J60_J70_J84_D86_C34","2000_2005","2006_2010",5,"koppen_major_B_EQI_Land+SM+PA+OB","1.00(1.00,1.00)","0.99(0.91,1.06)","1.02(0.95,1.10)","1.00(0.93,1.08)","1.06(0.98,1.15)","0.6946","0.5555","0.9600","0.1185","1.0021","1.0036","1.0018","1.0004",5028,4397,4443,4259,3439,3801,3558,3702
"J40_J47_J60_J70_J84_D86_C34","2000_2005","2006_2010",5,"koppen_major_B_EQI_Built+SM+PA+OB","1.00(1.00,1.00)","1.01(0.94,1.08)","1.09(1.01,1.17)","1.06(0.99,1.14)","1.07(0.99,1.15)","0.7417","0.0252","0.0935","0.0860","1.0002","1.0007","1.0009","1.0022",4293,5054,4658,4107,3627,3697,3661,3783
"J40_J47_J60_J70_J84_D86_C34","2000_2005","2006_2010",5,"koppen_major_B_EQI_Social+SM+PA+OB","1.00(1.00,1.00)","1.02(0.94,1.09)","0.98(0.92,1.05)","1.02(0.94,1.10)","1.04(0.95,1.13)","0.6576","0.6084","0.6217","0.3393","1.0001","1.0011","1.0025","1.0004",5059,3967,4968,3864,3438,3921,3191,3548
"J40_J47_J60_J70_J84_D86_C34","2000_2005","2011_2015",10,"koppen_major_B_EQI+SM+PA+OB","1.00(1.00,1.00)","1.10(1.03,1.17)","1.06(0.99,1.14)","1.08(1.00,1.17)","1.01(0.93,1.10)","0.0060","0.0810","0.0394","0.7813","1.0016","1.0023","1.0008","1.0019",6436,5387,5883,4786,3880,3491,3925,3598
"J40_J47_J60_J70_J84_D86_C34","2000_2005","2011_2015",10,"koppen_major_B_EQI_Air+SM+PA+OB","1.00(1.00,1.00)","1.01(0.94,1.08)","1.03(0.95,1.11)","0.99(0.91,1.08)","1.00(0.91,1.11)","0.7625","0.4430","0.8721","0.9533","1.0012","1.0004","1.0023","1.0011",5337,7009,6099,7119,3595,3625,3362,3203
"J40_J47_J60_J70_J84_D86_C34","2000_2005","2011_2015",10,"koppen_major_B_EQI_Water+SM+PA+OB","1.00(1.00,1.00)","0.99(0.90,1.07)","1.01(0.93,1.09)","1.05(0.98,1.13)","1.01(0.93,1.08)","0.7255","0.7742","0.1898","0.8934","1.0002","1.0007","1.0010","1.0008",6045,5892,4880,5200,3837,3912,4032,3996
"J40_J47_J60_J70_J84_D86_C34","2000_2005","2011_2015",10,"koppen_major_B_EQI_Land+SM+PA+OB","1.00(1.00,1.00)","1.01(0.93,1.09)","0.99(0.92,1.07)","1.02(0.95,1.10)","1.05(0.97,1.14)","0.7925","0.7680","0.5863","0.2043","1.0008","1.0015","1.0015","0.9997",4936,4203,3936,4320,3676,3807,3455,3509
"J40_J47_J60_J70_J84_D86_C34","2000_2005","2011_2015",10,"koppen_major_B_EQI_Built+SM+PA+OB","1.00(1.00,1.00)","1.02(0.95,1.09)","1.05(0.97,1.13)","1.07(0.99,1.15)","1.07(0.99,1.16)","0.6938","0.1964","0.0881","0.0827","1.0011","1.0025","1.0002","1.0022",5231,5061,5325,5552,3637,3648,3898,3479
"J40_J47_J60_J70_J84_D86_C34","2000_2005","2011_2015",10,"koppen_major_B_EQI_Social+SM+PA+OB","1.00(1.00,1.00)","1.05(0.98,1.13)","1.01(0.94,1.09)","1.02(0.94,1.10)","1.02(0.93,1.12)","0.1714","0.7251","0.6547","0.5993","1.0008","1.0015","0.9999","1.0025",6111,4820,5126,5880,3939,3822,3414,3983
"J40_J47_J60_J70_J84_D86_C34","2000_2005","2016_2020",15,"koppen_major_B_EQI+SM+PA+OB","1.00(1.00,1.00)","1.12(1.05,1.20)","1.10(1.03,1.18)","1.12(1.04,1.21)","1.04(0.95,1.13)","0.0006","0.0094","0.0048","0.4160","1.0011","1.0004","1.0018","1.0014",5164,3825,4775,4638,3404,3404,3525,3522
"J40_J47_J60_J70_J84_D86_C34","2000_2005","2016_2020",15,"koppen_major_B_EQI_Air+SM+PA+OB","1.00(1.00,1.00)","1.04(0.96,1.11)","1.04(0.95,1.13)","0.99(0.90,1.08)","0.99(0.88,1.10)","0.3655","0.3714","0.7705","0.8704","1.0003","1.0015","1.0010","0.9999",5220,5459,5341,5659,3798,3432,3641,3656
"J40_J47_J60_J70_J84_D86_C34","2000_2005","2016_2020",15,"koppen_major_B_EQI_Water+SM+PA+OB","1.00(1.00,1.00)","0.97(0.88,1.06)","1.04(0.95,1.13)","1.04(0.96,1.13)","1.03(0.95,1.12)","0.4964","0.4105","0.2876","0.4647","1.0013","1.0012","1.0011","1.0002",5132,5103,4711,3602,3296,3882,3844,3865
"J40_J47_J60_J70_J84_D86_C34","2000_2005","2016_2020",15,"koppen_major_B_EQI_Land+SM+PA+OB","1.00(1.00,1.00)","1.00(0.92,1.09)","1.01(0.93,1.09)","1.00(0.92,1.09)","1.05(0.96,1.14)","0.9746","0.8500","0.9713","0.3247","0.9998","1.0010","1.0002","1.0007",4315,3973,3812,3996,3998,3936,3794,3855
"J40_J47_J60_J70_J84_D86_C34","2000_2005","2016_2020",15,"koppen_major_B_EQI_Built+SM+PA+OB","1.00(1.00,1.00)","1.04(0.96,1.12)","1.07(0.99,1.16)","1.08(1.00,1.17)","1.10(1.00,1.19)","0.3785","0.0964","0.0569","0.0377","1.0011","1.0009","1.0019","1.0020",4195,4635,4441,4088,3741,3176,3789,3586
"J40_J47_J60_J70_J84_D86_C34","2000_2005","2016_2020",15,"koppen_major_B_EQI_Social+SM+PA+OB","1.00(1.00,1.00)","1.05(0.97,1.13)","1.03(0.95,1.11)","1.05(0.96,1.14)","1.03(0.93,1.13)","0.2489","0.4547","0.2618","0.5818","1.0015","1.0003","1.0010","1.0018",5933,5093,4941,4768,3884,3737,3744,3867
"J40_J47_J60_J70_J84_D86_C34","2000_2005","2021_2024",20,"koppen_major_B_EQI+SM+PA+OB","1.00(1.00,1.00)","1.12(1.04,1.20)","1.07(0.99,1.15)","1.11(1.02,1.20)","1.02(0.93,1.11)","0.0044","0.1044","0.0177","0.7026","1.0000","1.0008","1.0009","1.0003",6672,5244,5784,6073,3810,3452,3268,3993
"J40_J47_J60_J70_J84_D86_C34","2000_2005","2021_2024",20,"koppen_major_B_EQI_Air+SM+PA+OB","1.00(1.00,1.00)","1.01(0.93,1.09)","1.03(0.94,1.12)","0.97(0.89,1.07)","0.97(0.86,1.08)","0.8059","0.4993","0.5734","0.5793","1.0013","1.0009","1.0009","1.0020",5119,5525,5677,6662,3354,3656,3822,3371
"J40_J47_J60_J70_J84_D86_C34","2000_2005","2021_2024",20,"koppen_major_B_EQI_Water+SM+PA+OB","1.00(1.00,1.00)","0.95(0.86,1.05)","1.03(0.94,1.12)","1.06(0.97,1.14)","1.02(0.94,1.11)","0.3106","0.5034","0.1802","0.5755","1.0010","1.0010","1.0003","1.0006",4939,4717,4550,4704,3748,3590,3882,3868
"J40_J47_J60_J70_J84_D86_C34","2000_2005","2021_2024",20,"koppen_major_B_EQI_Land+SM+PA+OB","1.00(1.00,1.00)","1.04(0.96,1.13)","1.07(0.98,1.16)","0.96(0.88,1.05)","1.06(0.97,1.16)","0.3239","0.1252","0.3630","0.1593","1.0008","1.0015","1.0006","1.0007",4661,4113,4424,4419,3500,3384,3600,3718
"J40_J47_J60_J70_J84_D86_C34","2000_2005","2021_2024",20,"koppen_major_B_EQI_Built+SM+PA+OB","1.00(1.00,1.00)","1.03(0.95,1.12)","1.06(0.98,1.15)","1.07(0.99,1.16)","1.05(0.96,1.14)","0.4676","0.1552","0.1023","0.2989","1.0023","1.0004","1.0017","1.0009",5101,4362,5007,4145,3953,3025,3758,3359
"J40_J47_J60_J70_J84_D86_C34","2000_2005","2021_2024",20,"koppen_major_B_EQI_Social+SM+PA+OB","1.00(1.00,1.00)","1.02(0.94,1.10)","1.04(0.96,1.13)","1.03(0.95,1.12)","1.00(0.90,1.10)","0.6776","0.3210","0.4655","0.9967","0.9999","1.0015","1.0005","1.0003",5261,4407,4283,4865,3759,3444,3744,3911
"J40_J47_J60_J70_J84_D86_C34","2000_2005","2006_2010",5,"koppen_major_C_EQI+SM+PA+OB","1.00(1.00,1.00)","1.01(0.99,1.03)","1.01(0.99,1.04)","1.01(0.99,1.04)","1.04(1.00,1.07)","0.3810","0.2668","0.3039","0.0281","1.0018","1.0028","1.0041","1.0024",3923,2975,2534,2382,3860,3231,3263,2707
"J40_J47_J60_J70_J84_D86_C34","2000_2005","2006_2010",5,"koppen_major_C_EQI_Air+SM+PA+OB","1.00(1.00,1.00)","1.01(0.98,1.04)","1.03(1.00,1.06)","1.04(1.01,1.08)","1.07(1.03,1.10)","0.7005","0.0602","0.0060","0.0006","1.0023","1.0012","1.0017","1.0017",2742,2319,2345,2345,3526,3053,2996,3086
"J40_J47_J60_J70_J84_D86_C34","2000_2005","2006_2010",5,"koppen_major_C_EQI_Water+SM+PA+OB","1.00(1.00,1.00)","1.01(0.99,1.04)","1.00(0.97,1.03)","1.00(0.97,1.04)","1.01(0.98,1.05)","0.3447","0.8105","0.7905","0.3672","1.0020","1.0020","1.0022","1.0021",2699,2563,2644,2587,3099,3028,3245,3520
"J40_J47_J60_J70_J84_D86_C34","2000_2005","2006_2010",5,"koppen_major_C_EQI_Land+SM+PA+OB","1.00(1.00,1.00)","0.98(0.96,1.00)","0.97(0.94,0.99)","0.97(0.94,0.99)","0.98(0.95,1.01)","0.0335","0.0015","0.0115","0.1806","1.0011","0.9995","0.9999","1.0007",5428,4316,4677,4655,3835,3658,3867,3945
"J40_J47_J60_J70_J84_D86_C34","2000_2005","2006_2010",5,"koppen_major_C_EQI_Built+SM+PA+OB","1.00(1.00,1.00)","1.01(0.99,1.03)","1.01(0.99,1.03)","1.02(0.99,1.04)","1.01(0.98,1.04)","0.2793","0.3456","0.1243","0.5522","1.0011","1.0002","1.0004","1.0005",4225,3897,3469,3549,3824,4010,3062,3541
"J40_J47_J60_J70_J84_D86_C34","2000_2005","2006_2010",5,"koppen_major_C_EQI_Social+SM+PA+OB","1.00(1.00,1.00)","1.01(0.99,1.03)","0.99(0.96,1.01)","1.00(0.97,1.03)","1.02(0.98,1.05)","0.2256","0.2477","0.9275","0.3385","1.0008","1.0006","1.0007","1.0014",4297,3615,3410,3129,3949,4000,3774,3413
"J40_J47_J60_J70_J84_D86_C34","2000_2005","2011_2015",10,"koppen_major_C_EQI+SM+PA+OB","1.00(1.00,1.00)","1.02(0.99,1.04)","1.02(0.99,1.04)","1.02(0.99,1.04)","1.02(0.99,1.06)","0.1398","0.1452","0.2481","0.1573","1.0009","1.0013","1.0015","1.0016",3306,2842,2725,2297,3241,3343,3204,3420
"J40_J47_J60_J70_J84_D86_C34","2000_2005","2011_2015",10,"koppen_major_C_EQI_Air+SM+PA+OB","1.00(1.00,1.00)","1.02(0.98,1.05)","1.04(1.01,1.07)","1.06(1.02,1.09)","1.06(1.03,1.10)","0.2976","0.0102","0.0010","0.0002","1.0035","1.0032","1.0035","1.0028",2348,2166,2041,2036,3206,2510,2637,2899
"J40_J47_J60_J70_J84_D86_C34","2000_2005","2011_2015",10,"koppen_major_C_EQI_Water+SM+PA+OB","1.00(1.00,1.00)","1.01(0.98,1.03)","0.98(0.95,1.01)","0.99(0.96,1.02)","1.01(0.98,1.04)","0.7359","0.2302","0.5768","0.5280","1.0021","1.0015","1.0025","1.0020",2582,2527,2569,2682,3121,3060,2954,3164
"J40_J47_J60_J70_J84_D86_C34","2000_2005","2011_2015",10,"koppen_major_C_EQI_Land+SM+PA+OB","1.00(1.00,1.00)","0.99(0.97,1.01)","0.98(0.95,1.00)","0.97(0.95,1.00)","0.99(0.96,1.03)","0.1927","0.0377","0.0464","0.7105","0.9994","1.0022","1.0001","0.9999",4596,4193,3916,3757,4010,3785,3675,3941
"J40_J47_J60_J70_J84_D86_C34","2000_2005","2011_2015",10,"koppen_major_C_EQI_Built+SM+PA+OB","1.00(1.00,1.00)","1.02(1.00,1.04)","1.03(1.00,1.05)","1.02(1.00,1.05)","1.02(1.00,1.05)","0.1243","0.0369","0.0560","0.1006","0.9993","0.9997","0.9998","1.0012",3623,3335,3031,3090,3524,3861,3789,3995
"J40_J47_J60_J70_J84_D86_C34","2000_2005","2011_2015",10,"koppen_major_C_EQI_Social+SM+PA+OB","1.00(1.00,1.00)","1.00(0.98,1.02)","0.97(0.95,1.00)","0.97(0.95,1.00)","0.99(0.95,1.02)","0.8521","0.0448","0.0764","0.4239","1.0018","1.0030","1.0031","1.0024",3989,3035,2804,2545,3764,3714,3693,3517
"J40_J47_J60_J70_J84_D86_C34","2000_2005","2016_2020",15,"koppen_major_C_EQI+SM+PA+OB","1.00(1.00,1.00)","1.01(0.99,1.04)","1.02(0.99,1.04)","1.02(0.99,1.05)","1.02(0.99,1.05)","0.2531","0.2418","0.1781","0.3168","1.0007","1.0032","1.0014","1.0018",3881,3260,2804,2755,3330,3671,3410,3387
"J40_J47_J60_J70_J84_D86_C34","2000_2005","2016_2020",15,"koppen_major_C_EQI_Air+SM+PA+OB","1.00(1.00,1.00)","0.99(0.96,1.02)","1.01(0.98,1.05)","1.04(1.01,1.08)","1.04(1.00,1.07)","0.5893","0.3880","0.0102","0.0394","1.0002","1.0006","1.0012","1.0014",2214,1827,1766,1737,3150,3211,2798,3071
"J40_J47_J60_J70_J84_D86_C34","2000_2005","2016_2020",15,"koppen_major_C_EQI_Water+SM+PA+OB","1.00(1.00,1.00)","1.01(0.98,1.04)","0.98(0.95,1.01)","1.00(0.97,1.03)","1.01(0.98,1.04)","0.3672","0.2518","0.9034","0.5884","1.0000","1.0006","1.0003","1.0005",2693,2434,2707,2744,3755,3524,3794,3381
"J40_J47_J60_J70_J84_D86_C34","2000_2005","2016_2020",15,"koppen_major_C_EQI_Land+SM+PA+OB","1.00(1.00,1.00)","0.98(0.96,1.00)","0.96(0.94,0.98)","0.97(0.94,1.00)","0.99(0.95,1.02)","0.1248","0.0006","0.0365","0.3897","1.0007","1.0016","1.0024","1.0008",4508,3866,3843,3214,4145,3758,3956,3713
"J40_J47_J60_J70_J84_D86_C34","2000_2005","2016_2020",15,"koppen_major_C_EQI_Built+SM+PA+OB","1.00(1.00,1.00)","1.02(1.00,1.04)","1.04(1.02,1.06)","1.04(1.01,1.06)","1.03(1.00,1.06)","0.1031","0.0010","0.0044","0.0223","1.0002","1.0000","1.0003","1.0007",3585,3306,3220,3173,3709,3249,3587,3431
"J40_J47_J60_J70_J84_D86_C34","2000_2005","2016_2020",15,"koppen_major_C_EQI_Social+SM+PA+OB","1.00(1.00,1.00)","1.01(0.99,1.04)","0.97(0.95,1.00)","0.97(0.94,0.99)","0.98(0.94,1.01)","0.2393","0.0327","0.0231","0.2231","1.0013","1.0017","1.0007","1.0013",2907,2510,2398,2230,2990,3184,3457,2834
"J40_J47_J60_J70_J84_D86_C34","2000_2005","2021_2024",20,"koppen_major_C_EQI+SM+PA+OB","1.00(1.00,1.00)","1.00(0.98,1.03)","0.97(0.95,1.00)","0.95(0.92,0.98)","0.94(0.90,0.97)","0.8034","0.0302","0.0010","0.0010","1.0003","1.0005","1.0003","1.0023",2682,2214,2054,1817,3426,3307,2827,2784
"J40_J47_J60_J70_J84_D86_C34","2000_2005","2021_2024",20,"koppen_major_C_EQI_Air+SM+PA+OB","1.00(1.00,1.00)","0.99(0.96,1.03)","1.00(0.97,1.04)","1.01(0.98,1.05)","0.99(0.96,1.03)","0.6642","0.8296","0.4264","0.6217","1.0011","1.0015","1.0019","1.0019",2713,2180,2121,1963,3464,3062,3439,3260
"J40_J47_J60_J70_J84_D86_C34","2000_2005","2021_2024",20,"koppen_major_C_EQI_Water+SM+PA+OB","1.00(1.00,1.00)","1.01(0.98,1.05)","0.97(0.94,1.01)","1.00(0.97,1.04)","1.00(0.97,1.04)","0.4060","0.1239","0.9521","0.9746","1.0016","1.0025","1.0008","1.0027",2882,2640,2658,2624,3647,3369,3241,3353
"J40_J47_J60_J70_J84_D86_C34","2000_2005","2021_2024",20,"koppen_major_C_EQI_Land+SM+PA+OB","1.00(1.00,1.00)","0.97(0.95,0.99)","0.96(0.93,0.98)","0.95(0.92,0.98)","0.97(0.94,1.01)","0.0040","0.0006","0.0015","0.1044","1.0006","1.0008","1.0009","1.0004",4456,4201,3917,3781,3949,4016,3781,3868
"J40_J47_J60_J70_J84_D86_C34","2000_2005","2021_2024",20,"koppen_major_C_EQI_Built+SM+PA+OB","1.00(1.00,1.00)","1.02(1.00,1.05)","1.03(1.00,1.05)","1.02(0.99,1.05)","1.03(1.00,1.06)","0.0702","0.0227","0.1452","0.0748","1.0002","1.0007","1.0000","1.0014",3946,3518,3425,3005,3501,3472,3730,3564
"J40_J47_J60_J70_J84_D86_C34","2000_2005","2021_2024",20,"koppen_major_C_EQI_Social+SM+PA+OB","1.00(1.00,1.00)","0.99(0.97,1.02)","0.94(0.92,0.97)","0.92(0.89,0.95)","0.92(0.89,0.95)","0.5609","0.0006","0.0002","0.0002","1.0010","1.0006","1.0009","1.0002",3887,3268,3006,2629,3988,3935,3885,3187
"J40_J47_J60_J70_J84_D86_C34","2000_2005","2006_2010",5,"koppen_major_D_EQI+SM+PA+OB","1.00(1.00,1.00)","1.12(1.06,1.18)","1.11(1.06,1.17)","1.13(1.08,1.19)","1.16(1.10,1.22)","0.0002","0.0002","0.0002","0.0002","1.0006","1.0010","1.0013","1.0019",3312,2767,2383,2247,3407,3414,3141,3032
"J40_J47_J60_J70_J84_D86_C34","2000_2005","2006_2010",5,"koppen_major_D_EQI_Air+SM+PA+OB","1.00(1.00,1.00)","1.05(1.01,1.10)","1.07(1.03,1.12)","1.12(1.07,1.16)","1.09(1.05,1.15)","0.0190","0.0006","0.0002","0.0002","0.9998","1.0009","1.0005","1.0025",3343,3065,2511,2222,3671,3630,3552,3026
"J40_J47_J60_J70_J84_D86_C34","2000_2005","2006_2010",5,"koppen_major_D_EQI_Water+SM+PA+OB","1.00(1.00,1.00)","0.95(0.90,0.99)","1.00(0.95,1.06)","1.02(0.97,1.08)","1.03(0.98,1.08)","0.0298","0.9109","0.3639","0.3189","1.0015","1.0007","1.0001","1.0017",2482,2195,2245,2445,3625,2953,3250,3242
"J40_J47_J60_J70_J84_D86_C34","2000_2005","2006_2010",5,"koppen_major_D_EQI_Land+SM+PA+OB","1.00(1.00,1.00)","1.01(0.96,1.07)","1.05(0.99,1.10)","1.03(0.98,1.08)","1.04(0.99,1.10)","0.6751","0.0835","0.2964","0.1131","1.0024","1.0029","1.0032","1.0034",2584,2066,1871,2004,3585,2658,2749,2935
"J40_J47_J60_J70_J84_D86_C34","2000_2005","2006_2010",5,"koppen_major_D_EQI_Built+SM+PA+OB","1.00(1.00,1.00)","1.02(0.98,1.08)","1.03(0.99,1.08)","1.05(1.00,1.10)","1.06(1.01,1.11)","0.3193","0.1756","0.0310","0.0235","1.0016","1.0010","1.0014","1.0013",2723,2367,2332,2362,3398,3384,3070,3138
"J40_J47_J60_J70_J84_D86_C34","2000_2005","2006_2010",5,"koppen_major_D_EQI_Social+SM+PA+OB","1.00(1.00,1.00)","0.99(0.93,1.05)","1.02(0.97,1.08)","1.02(0.97,1.07)","1.02(0.96,1.08)","0.7026","0.3935","0.4989","0.4843","1.0008","1.0030","1.0033","1.0046",2853,2352,1912,1920,3468,3078,3077,3033
"J40_J47_J60_J70_J84_D86_C34","2000_2005","2011_2015",10,"koppen_major_D_EQI+SM+PA+OB","1.00(1.00,1.00)","1.14(1.09,1.21)","1.16(1.10,1.22)","1.18(1.12,1.24)","1.19(1.13,1.25)","0.0002","0.0002","0.0002","0.0002","1.0009","1.0021","1.0019","1.0009",2803,1853,1713,1747,3545,3055,2861,2605
"J40_J47_J60_J70_J84_D86_C34","2000_2005","2011_2015",10,"koppen_major_D_EQI_Air+SM+PA+OB","1.00(1.00,1.00)","1.08(1.03,1.12)","1.09(1.04,1.14)","1.12(1.07,1.17)","1.07(1.03,1.13)","0.0002","0.0002","0.0002","0.0027","1.0011","1.0027","1.0019","1.0032",3210,2685,2513,2276,3405,3238,3413,3102
"J40_J47_J60_J70_J84_D86_C34","2000_2005","2011_2015",10,"koppen_major_D_EQI_Water+SM+PA+OB","1.00(1.00,1.00)","0.94(0.89,0.99)","0.99(0.94,1.04)","1.03(0.98,1.08)","1.02(0.97,1.08)","0.0135","0.6188","0.2281","0.4210","1.0008","1.0004","1.0015","1.0010",2830,2709,2509,2545,3434,3789,3291,2976
"J40_J47_J60_J70_J84_D86_C34","2000_2005","2011_2015",10,"koppen_major_D_EQI_Land+SM+PA+OB","1.00(1.00,1.00)","1.00(0.95,1.06)","1.02(0.97,1.08)","1.02(0.97,1.08)","1.03(0.98,1.09)","0.9329","0.4464","0.4784","0.2185","1.0014","1.0025","1.0029","1.0029",2757,2133,1942,1939,3288,3520,2484,3211
"J40_J47_J60_J70_J84_D86_C34","2000_2005","2011_2015",10,"koppen_major_D_EQI_Built+SM+PA+OB","1.00(1.00,1.00)","1.07(1.02,1.12)","1.09(1.04,1.13)","1.10(1.05,1.15)","1.10(1.05,1.15)","0.0081","0.0002","0.0002","0.0002","1.0015","1.0008","1.0012","1.0011",3169,2651,2595,2343,3345,3001,3197,3365
"J40_J47_J60_J70_J84_D86_C34","2000_2005","2011_2015",10,"koppen_major_D_EQI_Social+SM+PA+OB","1.00(1.00,1.00)","0.98(0.92,1.04)","1.03(0.98,1.09)","1.04(0.98,1.10)","1.03(0.97,1.09)","0.5168","0.2860","0.1685","0.3106","1.0001","1.0003","1.0011","1.0013",3157,2307,2088,1895,3296,3304,2841,2956
"J40_J47_J60_J70_J84_D86_C34","2000_2005","2016_2020",15,"koppen_major_D_EQI+SM+PA+OB","1.00(1.00,1.00)","1.12(1.06,1.18)","1.15(1.09,1.21)","1.16(1.10,1.22)","1.17(1.11,1.23)","0.0002","0.0002","0.0002","0.0002","1.0003","1.0002","1.0005","0.9999",2897,2369,1977,1824,3509,2987,2898,2568
"J40_J47_J60_J70_J84_D86_C34","2000_2005","2016_2020",15,"koppen_major_D_EQI_Air+SM+PA+OB","1.00(1.00,1.00)","1.08(1.03,1.13)","1.11(1.06,1.16)","1.13(1.08,1.18)","1.08(1.03,1.13)","0.0006","0.0002","0.0002","0.0019","1.0004","1.0009","1.0013","1.0015",2873,2680,2179,2155,3624,3227,3453,3065
"J40_J47_J60_J70_J84_D86_C34","2000_2005","2016_2020",15,"koppen_major_D_EQI_Water+SM+PA+OB","1.00(1.00,1.00)","0.93(0.88,0.99)","0.99(0.93,1.05)","1.02(0.97,1.08)","1.02(0.96,1.08)","0.0160","0.7184","0.4214","0.5401","1.0013","1.0014","1.0005","1.0018",2263,2067,2073,2014,2761,3155,3004,2678
"J40_J47_J60_J70_J84_D86_C34","2000_2005","2016_2020",15,"koppen_major_D_EQI_Land+SM+PA+OB","1.00(1.00,1.00)","1.01(0.95,1.08)","1.04(0.98,1.10)","1.02(0.96,1.08)","1.05(0.99,1.12)","0.7650","0.1764","0.4818","0.1110","1.0004","1.0003","1.0021","1.0015",2777,2195,1999,2014,3318,3005,2743,2766
"J40_J47_J60_J70_J84_D86_C34","2000_2005","2016_2020",15,"koppen_major_D_EQI_Built+SM+PA+OB","1.00(1.00,1.00)","1.09(1.04,1.14)","1.12(1.07,1.17)","1.11(1.06,1.16)","1.10(1.05,1.15)","0.0010","0.0002","0.0002","0.0002","1.0012","1.0023","1.0024","1.0018",2786,2500,2270,2238,3031,3185,3204,3134
"J40_J47_J60_J70_J84_D86_C34","2000_2005","2016_2020",15,"koppen_major_D_EQI_Social+SM+PA+OB","1.00(1.00,1.00)","1.00(0.94,1.07)","1.08(1.02,1.15)","1.07(1.01,1.13)","1.04(0.98,1.10)","0.9579","0.0040","0.0165","0.2389","1.0023","1.0019","1.0027","1.0020",2841,2275,1953,1988,3352,3278,3073,2772
"J40_J47_J60_J70_J84_D86_C34","2000_2005","2021_2024",20,"koppen_major_D_EQI+SM+PA+OB","1.00(1.00,1.00)","1.16(1.09,1.23)","1.17(1.11,1.24)","1.18(1.11,1.25)","1.14(1.07,1.21)","0.0002","0.0002","0.0002","0.0006","1.0009","1.0008","1.0020","1.0030",2862,2529,2005,1833,3642,3132,3044,2969
"J40_J47_J60_J70_J84_D86_C34","2000_2005","2021_2024",20,"koppen_major_D_EQI_Air+SM+PA+OB","1.00(1.00,1.00)","1.09(1.03,1.14)","1.10(1.04,1.15)","1.12(1.06,1.18)","1.03(0.97,1.09)","0.0019","0.0002","0.0002","0.3076","1.0009","1.0024","1.0018","1.0022",3559,2869,2603,2520,3754,3365,3823,3595
"J40_J47_J60_J70_J84_D86_C34","2000_2005","2021_2024",20,"koppen_major_D_EQI_Water+SM+PA+OB","1.00(1.00,1.00)","0.97(0.91,1.03)","0.99(0.93,1.05)","1.04(0.98,1.10)","1.01(0.94,1.08)","0.2643","0.7117","0.2077","0.8588","0.9997","1.0003","1.0002","1.0021",2639,2459,2536,2271,2944,3209,3163,2960
"J40_J47_J60_J70_J84_D86_C34","2000_2005","2021_2024",20,"koppen_major_D_EQI_Land+SM+PA+OB","1.00(1.00,1.00)","1.00(0.93,1.07)","1.04(0.97,1.11)","1.02(0.96,1.09)","1.04(0.97,1.11)","0.9746","0.2481","0.4876","0.2614","1.0001","1.0002","1.0009","1.0008",3251,2358,2134,2147,3660,3066,2769,2855
"J40_J47_J60_J70_J84_D86_C34","2000_2005","2021_2024",20,"koppen_major_D_EQI_Built+SM+PA+OB","1.00(1.00,1.00)","1.09(1.03,1.15)","1.12(1.06,1.18)","1.10(1.04,1.16)","1.10(1.04,1.16)","0.0048","0.0002","0.0002","0.0015","1.0006","1.0001","1.0014","1.0002",3544,2972,2777,2767,3869,2971,3243,3559
"J40_J47_J60_J70_J84_D86_C34","2000_2005","2021_2024",20,"koppen_major_D_EQI_Social+SM+PA+OB","1.00(1.00,1.00)","1.01(0.94,1.08)","1.05(0.99,1.12)","1.06(1.00,1.13)","1.02(0.95,1.09)","0.8529","0.1014","0.0673","0.6659","1.0006","1.0018","1.0023","1.0029",3913,2602,2361,2139,3819,3497,3260,3158
"J40_J47_J60_J70_J84_D86_C34","2000_2005","2006_2010",5,"Economic_type_1_EQI+SM+PA+OB","1.00(1.00,1.00)","1.12(1.06,1.18)","1.10(1.03,1.18)","1.05(0.96,1.13)","1.00(0.89,1.09)","0.0002","0.0048","0.2997","0.9396","1.0008","1.0023","0.9999","1.0024",6676,5148,6437,7825,4088,3946,3772,3721
"J40_J47_J60_J70_J84_D86_C34","2000_2005","2006_2010",5,"Economic_type_1_EQI_Air+SM+PA+OB","1.00(1.00,1.00)","1.01(0.95,1.08)","1.04(0.96,1.12)","1.01(0.92,1.10)","1.00(0.89,1.11)","0.6980","0.3251","0.7809","0.9971","1.0017","1.0040","1.0008","1.0007",7537,7123,7003,8505,3609,3712,3466,3699
"J40_J47_J60_J70_J84_D86_C34","2000_2005","2006_2010",5,"Economic_type_1_EQI_Water+SM+PA+OB","1.00(1.00,1.00)","0.91(0.85,0.98)","1.01(0.94,1.08)","1.06(0.99,1.13)","1.04(0.97,1.13)","0.0081","0.7642","0.1248","0.2931","1.0016","1.0015","1.0003","1.0018",6336,6619,6550,6396,4189,3760,3775,4017
"J40_J47_J60_J70_J84_D86_C34","2000_2005","2006_2010",5,"Economic_type_1_EQI_Land+SM+PA+OB","1.00(1.00,1.00)","0.99(0.91,1.07)","1.04(0.97,1.11)","1.00(0.93,1.07)","1.01(0.95,1.09)","0.7613","0.2414","0.8688","0.6809","1.0021","1.0000","1.0018","1.0013",6633,6592,6244,5519,3679,3632,3837,4030
"J40_J47_J60_J70_J84_D86_C34","2000_2005","2006_2010",5,"Economic_type_1_EQI_Built+SM+PA+OB","1.00(1.00,1.00)","1.06(0.99,1.12)","1.09(1.02,1.16)","1.03(0.95,1.10)","1.03(0.94,1.12)","0.0727","0.0131","0.4993","0.5426","1.0017","1.0007","1.0044","1.0008",6785,6938,7615,7508,3783,3862,3273,3520
"J40_J47_J60_J70_J84_D86_C34","2000_2005","2006_2010",5,"Economic_type_1_EQI_Social+SM+PA+OB","1.00(1.00,1.00)","1.01(0.94,1.07)","1.01(0.94,1.08)","1.07(0.99,1.14)","1.04(0.96,1.13)","0.8934","0.7859","0.0802","0.3639","1.0010","1.0006","1.0021","1.0004",7179,5541,5833,6179,3742,3608,3920,3681
"J40_J47_J60_J70_J84_D86_C34","2000_2005","2011_2015",10,"Economic_type_1_EQI+SM+PA+OB","1.00(1.00,1.00)","1.10(1.03,1.16)","1.11(1.04,1.19)","1.05(0.97,1.14)","1.01(0.91,1.11)","0.0023","0.0015","0.2418","0.8734","1.0004","1.0007","1.0000","1.0006",7766,5679,6842,7029,3908,3904,3866,4024
"J40_J47_J60_J70_J84_D86_C34","2000_2005","2011_2015",10,"Economic_type_1_EQI_Air+SM+PA+OB","1.00(1.00,1.00)","1.02(0.95,1.09)","1.04(0.95,1.13)","1.02(0.92,1.12)","1.00(0.89,1.11)","0.5638","0.3776","0.7555","0.9983","1.0001","1.0030","1.0012","1.0019",7971,8546,9078,9054,3775,4003,3226,3057
"J40_J47_J60_J70_J84_D86_C34","2000_2005","2011_2015",10,"Economic_type_1_EQI_Water+SM+PA+OB","1.00(1.00,1.00)","0.93(0.86,1.00)","1.00(0.93,1.08)","1.07(0.99,1.14)","1.02(0.94,1.10)","0.0381","0.9963","0.0848","0.6338","1.0028","1.0028","0.9994","1.0023",7090,7225,7591,6503,4063,4032,4125,3805
"J40_J47_J60_J70_J84_D86_C34","2000_2005","2011_2015",10,"Economic_type_1_EQI_Land+SM+PA+OB","1.00(1.00,1.00)","0.97(0.89,1.06)","0.98(0.91,1.06)","1.03(0.96,1.11)","1.04(0.96,1.12)","0.5184","0.6509","0.3985","0.2831","1.0018","1.0035","1.0006","1.0011",6293,7229,5998,4671,3000,3457,3322,3529
"J40_J47_J60_J70_J84_D86_C34","2000_2005","2011_2015",10,"Economic_type_1_EQI_Built+SM+PA+OB","1.00(1.00,1.00)","1.07(1.01,1.14)","1.07(0.99,1.15)","1.03(0.95,1.11)","1.05(0.96,1.15)","0.0285","0.0727","0.4260","0.3022","1.0013","1.0001","1.0018","1.0021",8296,7923,8321,9854,3695,3759,3358,3589
"J40_J47_J60_J70_J84_D86_C34","2000_2005","2011_2015",10,"Economic_type_1_EQI_Social+SM+PA+OB","1.00(1.00,1.00)","1.01(0.94,1.08)","1.01(0.94,1.08)","1.08(1.01,1.16)","1.05(0.96,1.14)","0.7992","0.7834","0.0365","0.3122","1.0004","1.0029","1.0012","1.0020",6419,6941,6945,6218,3387,3977,3902,3689
"J40_J47_J60_J70_J84_D86_C34","2000_2005","2016_2020",15,"Economic_type_1_EQI+SM+PA+OB","1.00(1.00,1.00)","1.12(1.06,1.19)","1.10(1.03,1.18)","1.06(0.97,1.15)","1.01(0.90,1.13)","0.0002","0.0035","0.1648","0.8138","1.0013","1.0000","1.0000","1.0022",5712,5445,6377,6718,3556,3562,3645,3215
"J40_J47_J60_J70_J84_D86_C34","2000_2005","2016_2020",15,"Economic_type_1_EQI_Air+SM+PA+OB","1.00(1.00,1.00)","1.02(0.96,1.10)","1.06(0.97,1.15)","1.02(0.92,1.12)","1.00(0.88,1.12)","0.5005","0.1839","0.7363","0.9975","1.0000","1.0011","1.0008","1.0005",6675,6071,7743,9376,3659,3713,3396,3415
"J40_J47_J60_J70_J84_D86_C34","2000_2005","2016_2020",15,"Economic_type_1_EQI_Water+SM+PA+OB","1.00(1.00,1.00)","0.95(0.89,1.02)","1.03(0.95,1.11)","1.02(0.94,1.09)","1.04(0.95,1.13)","0.1735","0.4647","0.6580","0.4151","1.0011","0.9999","1.0007","1.0010",5601,5621,5498,5470,4110,3634,4011,3718
"J40_J47_J60_J70_J84_D86_C34","2000_2005","2016_2020",15,"Economic_type_1_EQI_Land+SM+PA+OB","1.00(1.00,1.00)","0.95(0.87,1.03)","1.01(0.94,1.09)","1.02(0.95,1.10)","1.02(0.94,1.10)","0.2122","0.7221","0.5663","0.7005","0.9997","1.0021","1.0006","1.0027",6793,6804,5323,5235,3675,3755,3949,3929
"J40_J47_J60_J70_J84_D86_C34","2000_2005","2016_2020",15,"Economic_type_1_EQI_Built+SM+PA+OB","1.00(1.00,1.00)","1.10(1.03,1.16)","1.10(1.02,1.17)","1.03(0.95,1.11)","1.02(0.92,1.12)","0.0027","0.0144","0.4422","0.7255","0.9996","1.0025","1.0011","1.0044",7558,7713,7774,9946,3869,3706,3616,3819
"J40_J47_J60_J70_J84_D86_C34","2000_2005","2016_2020",15,"Economic_type_1_EQI_Social+SM+PA+OB","1.00(1.00,1.00)","0.99(0.93,1.06)","1.06(0.98,1.13)","1.10(1.02,1.18)","1.06(0.96,1.15)","0.7892","0.1348","0.0152","0.2168","1.0005","1.0013","1.0000","1.0025",6186,5555,5119,6676,3879,3548,3839,4155
"J40_J47_J60_J70_J84_D86_C34","2000_2005","2021_2024",20,"Economic_type_1_EQI+SM+PA+OB","1.00(1.00,1.00)","1.12(1.06,1.19)","1.10(1.02,1.18)","1.05(0.96,1.13)","0.99(0.89,1.10)","0.0002","0.0085","0.2939","0.9246","1.0013","1.0006","1.0015","1.0013",6476,6560,6813,7887,3365,3968,3851,3537
"J40_J47_J60_J70_J84_D86_C34","2000_2005","2021_2024",20,"Economic_type_1_EQI_Air+SM+PA+OB","1.00(1.00,1.00)","0.99(0.92,1.06)","1.05(0.96,1.13)","1.00(0.90,1.10)","1.00(0.89,1.11)","0.7863","0.3131","0.9896","0.9992","1.0013","1.0005","0.9999","1.0000",6041,6085,7723,7466,3257,4021,3503,3441
"J40_J47_J60_J70_J84_D86_C34","2000_2005","2021_2024",20,"Economic_type_1_EQI_Water+SM+PA+OB","1.00(1.00,1.00)","0.95(0.88,1.02)","1.02(0.94,1.09)","1.05(0.98,1.13)","1.05(0.97,1.14)","0.1606","0.6613","0.1973","0.2302","1.0021","1.0029","1.0000","1.0010",6571,5492,5867,6303,3805,3613,3747,3862
"J40_J47_J60_J70_J84_D86_C34","2000_2005","2021_2024",20,"Economic_type_1_EQI_Land+SM+PA+OB","1.00(1.00,1.00)","1.01(0.93,1.10)","1.02(0.94,1.09)","1.01(0.93,1.08)","1.05(0.97,1.13)","0.8205","0.6626","0.8538","0.2552","1.0013","0.9998","1.0008","1.0019",5481,5770,5113,4125,3380,3933,3394,3800
"J40_J47_J60_J70_J84_D86_C34","2000_2005","2021_2024",20,"Economic_type_1_EQI_Built+SM+PA+OB","1.00(1.00,1.00)","1.09(1.02,1.16)","1.08(1.00,1.16)","1.01(0.93,1.09)","1.00(0.90,1.10)","0.0069","0.0544","0.9171","0.9925","1.0001","1.0005","1.0011","1.0035",6192,6550,6772,8315,3542,3814,3692,3178
"J40_J47_J60_J70_J84_D86_C34","2000_2005","2021_2024",20,"Economic_type_1_EQI_Social+SM+PA+OB","1.00(1.00,1.00)","1.00(0.93,1.07)","1.01(0.93,1.09)","1.06(0.98,1.14)","1.05(0.97,1.14)","0.9508","0.8313","0.1460","0.2456","1.0000","1.0002","1.0006","1.0016",5761,5565,5840,5986,3681,3547,3772,3477
"J40_J47_J60_J70_J84_D86_C34","2000_2005","2006_2010",5,"Economic_type_2_EQI+SM+PA+OB","1.00(1.00,1.00)","1.04(0.99,1.10)","1.01(0.95,1.07)","1.00(0.94,1.07)","1.01(0.94,1.08)","0.1144","0.7767","0.9038","0.7746","1.0005","1.0018","1.0006","1.0016",8208,7829,8826,9133,3207,3798,3489,3417
"J40_J47_J60_J70_J84_D86_C34","2000_2005","2006_2010",5,"Economic_type_2_EQI_Air+SM+PA+OB","1.00(1.00,1.00)","1.01(0.95,1.07)","1.06(1.00,1.12)","0.99(0.93,1.05)","0.99(0.92,1.06)","0.8146","0.0681","0.7330","0.8313","1.0002","1.0002","1.0006","1.0027",6668,6382,6583,7652,3734,3866,3568,3679
"J40_J47_J60_J70_J84_D86_C34","2000_2005","2006_2010",5,"Economic_type_2_EQI_Water+SM+PA+OB","1.00(1.00,1.00)","1.00(0.94,1.06)","1.02(0.95,1.08)","1.01(0.95,1.07)","1.06(1.00,1.13)","0.9971","0.6513","0.8146","0.0377","1.0003","1.0002","1.0019","1.0016",6856,6043,7166,6019,4064,3605,3888,4012
"J40_J47_J60_J70_J84_D86_C34","2000_2005","2006_2010",5,"Economic_type_2_EQI_Land+SM+PA+OB","1.00(1.00,1.00)","1.02(0.96,1.08)","0.99(0.93,1.05)","0.96(0.90,1.03)","1.03(0.96,1.10)","0.5184","0.7355","0.2689","0.4622","1.0017","1.0008","1.0017","1.0002",6985,6578,6765,6491,3825,3425,3516,3630
"J40_J47_J60_J70_J84_D86_C34","2000_2005","2006_2010",5,"Economic_type_2_EQI_Built+SM+PA+OB","1.00(1.00,1.00)","1.01(0.95,1.07)","1.03(0.97,1.09)","1.01(0.95,1.07)","1.01(0.94,1.07)","0.8504","0.3401","0.6888","0.8100","1.0004","1.0025","1.0009","1.0008",7251,6215,5935,6185,3749,3585,3874,3647
"J40_J47_J60_J70_J84_D86_C34","2000_2005","2006_2010",5,"Economic_type_2_EQI_Social+SM+PA+OB","1.00(1.00,1.00)","1.00(0.94,1.06)","0.98(0.91,1.04)","1.00(0.93,1.07)","1.01(0.94,1.08)","0.9317","0.4347","0.9933","0.8021","1.0002","1.0012","1.0015","1.0005",6808,6305,6117,7358,3660,3969,3915,3276
"J40_J47_J60_J70_J84_D86_C34","2000_2005","2011_2015",10,"Economic_type_2_EQI+SM+PA+OB","1.00(1.00,1.00)","1.06(1.00,1.11)","1.02(0.96,1.08)","1.02(0.95,1.09)","1.01(0.94,1.09)","0.0514","0.6272","0.6122","0.7201","1.0010","1.0002","1.0012","1.0026",5848,6842,5875,6584,3690,4245,3684,3302
"J40_J47_J60_J70_J84_D86_C34","2000_2005","2011_2015",10,"Economic_type_2_EQI_Air+SM+PA+OB","1.00(1.00,1.00)","1.04(0.98,1.11)","1.06(1.00,1.12)","0.99(0.92,1.05)","1.00(0.92,1.07)","0.1623","0.0644","0.6663","0.9013","0.9999","1.0024","1.0029","1.0013",7063,6490,6764,7479,3609,3607,3884,3773
"J40_J47_J60_J70_J84_D86_C34","2000_2005","2011_2015",10,"Economic_type_2_EQI_Water+SM+PA+OB","1.00(1.00,1.00)","1.01(0.95,1.07)","1.00(0.94,1.07)","1.00(0.94,1.07)","1.04(0.97,1.10)","0.8171","0.9200","0.9821","0.2647","1.0009","1.0004","0.9995","1.0005",7113,6163,6255,5665,3783,3508,3705,3636
"J40_J47_J60_J70_J84_D86_C34","2000_2005","2011_2015",10,"Economic_type_2_EQI_Land+SM+PA+OB","1.00(1.00,1.00)","1.05(0.99,1.11)","1.00(0.94,1.06)","0.98(0.92,1.05)","1.01(0.94,1.09)","0.1198","0.9583","0.6142","0.7051","1.0026","0.9997","1.0010","1.0015",5882,5698,7582,6823,3681,3614,3655,3686
"J40_J47_J60_J70_J84_D86_C34","2000_2005","2011_2015",10,"Economic_type_2_EQI_Built+SM+PA+OB","1.00(1.00,1.00)","1.03(0.96,1.09)","1.02(0.96,1.09)","1.01(0.95,1.07)","1.02(0.96,1.09)","0.4055","0.4480","0.8150","0.4947","1.0028","1.0018","1.0014","1.0005",6323,8104,7741,8251,3650,3584,3718,3838
"J40_J47_J60_J70_J84_D86_C34","2000_2005","2011_2015",10,"Economic_type_2_EQI_Social+SM+PA+OB","1.00(1.00,1.00)","1.03(0.97,1.10)","0.99(0.92,1.05)","1.00(0.93,1.07)","1.01(0.93,1.09)","0.3131","0.6559","0.8963","0.7438","1.0005","1.0002","1.0003","1.0011",6940,5370,6591,8270,3702,3447,3849,3831
"J40_J47_J60_J70_J84_D86_C34","2000_2005","2016_2020",15,"Economic_type_2_EQI+SM+PA+OB","1.00(1.00,1.00)","1.08(1.01,1.14)","1.04(0.97,1.11)","1.01(0.93,1.08)","1.02(0.94,1.10)","0.0165","0.2368","0.8721","0.5943","1.0027","1.0016","1.0018","1.0002",5003,4700,4378,5673,3497,3438,3133,4036
"J40_J47_J60_J70_J84_D86_C34","2000_2005","2016_2020",15,"Economic_type_2_EQI_Air+SM+PA+OB","1.00(1.00,1.00)","1.04(0.97,1.10)","1.08(1.02,1.15)","1.01(0.94,1.08)","1.00(0.91,1.08)","0.2826","0.0127","0.8259","0.9329","1.0001","1.0009","1.0013","1.0026",4901,4944,5076,6880,3256,3827,3305,3360
"J40_J47_J60_J70_J84_D86_C34","2000_2005","2016_2020",15,"Economic_type_2_EQI_Water+SM+PA+OB","1.00(1.00,1.00)","1.03(0.96,1.11)","1.01(0.94,1.08)","1.02(0.96,1.10)","1.02(0.95,1.10)","0.3560","0.8496","0.5030","0.5039","1.0011","0.9997","1.0005","1.0002",5059,6248,5071,3983,3612,3715,3670,3427
"J40_J47_J60_J70_J84_D86_C34","2000_2005","2016_2020",15,"Economic_type_2_EQI_Land+SM+PA+OB","1.00(1.00,1.00)","1.03(0.97,1.11)","0.99(0.92,1.06)","0.97(0.90,1.05)","1.03(0.95,1.11)","0.3335","0.8846","0.4468","0.5159","1.0030","1.0006","1.0008","1.0008",5440,4121,5573,5455,3482,3021,3385,3258
"J40_J47_J60_J70_J84_D86_C34","2000_2005","2016_2020",15,"Economic_type_2_EQI_Built+SM+PA+OB","1.00(1.00,1.00)","1.03(0.96,1.11)","1.01(0.95,1.08)","1.02(0.95,1.09)","1.04(0.97,1.11)","0.3289","0.6859","0.5355","0.2922","1.0006","1.0004","1.0007","1.0006",5352,6152,5371,4985,3673,3736,3179,3564
"J40_J47_J60_J70_J84_D86_C34","2000_2005","2016_2020",15,"Economic_type_2_EQI_Social+SM+PA+OB","1.00(1.00,1.00)","1.05(0.99,1.12)","0.98(0.92,1.05)","1.00(0.93,1.08)","1.01(0.93,1.10)","0.1185","0.5880","0.9521","0.8238","1.0010","1.0012","1.0014","1.0012",4998,3918,5177,6176,3335,3593,3778,3595
"J40_J47_J60_J70_J84_D86_C34","2000_2005","2021_2024",20,"Economic_type_2_EQI+SM+PA+OB","1.00(1.00,1.00)","1.05(0.99,1.12)","1.02(0.96,1.09)","1.02(0.95,1.09)","1.01(0.93,1.08)","0.0939","0.4730","0.5397","0.8850","1.0006","1.0015","1.0005","1.0029",6385,5671,6537,6123,4059,3291,3780,3223
"J40_J47_J60_J70_J84_D86_C34","2000_2005","2021_2024",20,"Economic_type_2_EQI_Air+SM+PA+OB","1.00(1.00,1.00)","1.03(0.96,1.10)","1.06(0.99,1.13)","1.01(0.94,1.08)","1.00(0.92,1.08)","0.4072","0.0889","0.8246","0.9621","1.0014","1.0007","1.0013","1.0020",6370,5551,6813,6752,3717,4040,3815,3687
"J40_J47_J60_J70_J84_D86_C34","2000_2005","2021_2024",20,"Economic_type_2_EQI_Water+SM+PA+OB","1.00(1.00,1.00)","1.01(0.94,1.08)","1.01(0.94,1.08)","1.01(0.95,1.08)","1.01(0.95,1.08)","0.7238","0.7909","0.6996","0.6801","1.0023","1.0019","1.0011","1.0003",5023,6422,5880,5323,3832,3537,3624,4361
"J40_J47_J60_J70_J84_D86_C34","2000_2005","2021_2024",20,"Economic_type_2_EQI_Land+SM+PA+OB","1.00(1.00,1.00)","1.05(0.99,1.12)","1.00(0.93,1.07)","0.97(0.90,1.04)","1.01(0.93,1.08)","0.1135","0.9571","0.4222","0.8034","1.0001","1.0013","1.0000","1.0011",6256,4381,5996,5600,3899,3497,3701,3646
"J40_J47_J60_J70_J84_D86_C34","2000_2005","2021_2024",20,"Economic_type_2_EQI_Built+SM+PA+OB","1.00(1.00,1.00)","1.02(0.96,1.09)","1.02(0.95,1.08)","1.01(0.94,1.08)","1.03(0.96,1.10)","0.4943","0.6197","0.8613","0.4547","1.0007","1.0010","1.0020","1.0008",6773,6719,5924,5751,3892,3647,3668,3337
"J40_J47_J60_J70_J84_D86_C34","2000_2005","2021_2024",20,"Economic_type_2_EQI_Social+SM+PA+OB","1.00(1.00,1.00)","1.01(0.95,1.08)","1.01(0.94,1.08)","1.00(0.93,1.07)","1.00(0.93,1.08)","0.6842","0.8017","0.9850","0.9092","1.0024","1.0005","1.0007","1.0012",5677,5571,4492,6943,3974,3948,3389,3749
"J40_J47_J60_J70_J84_D86_C34","2000_2005","2006_2010",5,"Economic_type_3_EQI+SM+PA+OB","1.00(1.00,1.00)","1.00(0.97,1.03)","1.01(0.97,1.04)","1.01(0.98,1.05)","1.03(0.99,1.07)","0.9925","0.7700","0.4814","0.1781","1.0009","0.9999","1.0012","1.0004",2136,1881,1642,1657,3247,2634,2247,2297
"J40_J47_J60_J70_J84_D86_C34","2000_2005","2006_2010",5,"Economic_type_3_EQI_Air+SM+PA+OB","1.00(1.00,1.00)","0.97(0.93,1.01)","1.02(0.98,1.06)","1.05(1.01,1.09)","1.08(1.03,1.12)","0.0835","0.4272","0.0090","0.0006","1.0012","1.0023","1.0032","1.0033",2449,2294,2031,2201,3174,3165,2659,2881
"J40_J47_J60_J70_J84_D86_C34","2000_2005","2006_2010",5,"Economic_type_3_EQI_Water+SM+PA+OB","1.00(1.00,1.00)","1.02(0.99,1.06)","1.01(0.97,1.04)","1.01(0.97,1.04)","0.99(0.95,1.03)","0.1852","0.6634","0.7038","0.5451","1.0009","1.0000","1.0006","1.0007",2182,1955,2137,2289,3120,2977,3083,2705
"J40_J47_J60_J70_J84_D86_C34","2000_2005","2006_2010",5,"Economic_type_3_EQI_Land+SM+PA+OB","1.00(1.00,1.00)","0.97(0.94,1.00)","0.99(0.96,1.02)","0.98(0.95,1.01)","0.98(0.95,1.01)","0.0277","0.3801","0.1848","0.2393","1.0019","1.0000","1.0007","1.0004",3110,2731,2613,2605,3406,3437,2740,3177
"J40_J47_J60_J70_J84_D86_C34","2000_2005","2006_2010",5,"Economic_type_3_EQI_Built+SM+PA+OB","1.00(1.00,1.00)","0.99(0.97,1.02)","0.98(0.96,1.01)","1.00(0.97,1.03)","1.00(0.97,1.04)","0.6680","0.1689","0.9496","0.7917","1.0004","1.0003","1.0005","1.0005",3190,2853,2882,3238,3292,3239,3787,3396
"J40_J47_J60_J70_J84_D86_C34","2000_2005","2006_2010",5,"Economic_type_3_EQI_Social+SM+PA+OB","1.00(1.00,1.00)","1.01(0.98,1.04)","1.00(0.97,1.03)","0.98(0.95,1.02)","0.96(0.92,1.00)","0.5734","0.9567","0.2572","0.0727","1.0004","1.0025","1.0027","1.0023",3232,2337,2221,2133,3745,3258,3200,2792
"J40_J47_J60_J70_J84_D86_C34","2000_2005","2011_2015",10,"Economic_type_3_EQI+SM+PA+OB","1.00(1.00,1.00)","1.01(0.97,1.04)","1.00(0.97,1.03)","1.01(0.98,1.04)","1.01(0.98,1.05)","0.6692","0.9758","0.6347","0.5209","1.0005","1.0010","1.0011","1.0020",3738,2546,2123,2224,4200,3487,3575,3284
"J40_J47_J60_J70_J84_D86_C34","2000_2005","2011_2015",10,"Economic_type_3_EQI_Air+SM+PA+OB","1.00(1.00,1.00)","1.00(0.96,1.04)","1.03(0.99,1.07)","1.05(1.02,1.10)","1.06(1.02,1.10)","0.9967","0.1668","0.0085","0.0056","1.0015","1.0026","1.0028","1.0031",2077,1778,1782,1839,3182,3015,2743,2650
"J40_J47_J60_J70_J84_D86_C34","2000_2005","2011_2015",10,"Economic_type_3_EQI_Water+SM+PA+OB","1.00(1.00,1.00)","0.99(0.95,1.02)","0.97(0.94,1.01)","0.97(0.94,1.01)","0.98(0.94,1.02)","0.4514","0.1348","0.1393","0.2272","1.0019","1.0027","1.0021","1.0014",2538,2393,2438,2402,3034,3042,3470,3031
"J40_J47_J60_J70_J84_D86_C34","2000_2005","2011_2015",10,"Economic_type_3_EQI_Land+SM+PA+OB","1.00(1.00,1.00)","0.98(0.95,1.01)","0.99(0.96,1.02)","0.98(0.95,1.01)","0.99(0.95,1.02)","0.1552","0.5868","0.1718","0.4459","1.0004","1.0012","1.0016","1.0006",3489,2717,2495,2595,3734,3508,3175,3053
"J40_J47_J60_J70_J84_D86_C34","2000_2005","2011_2015",10,"Economic_type_3_EQI_Built+SM+PA+OB","1.00(1.00,1.00)","1.00(0.98,1.03)","1.00(0.97,1.02)","1.01(0.99,1.04)","1.01(0.97,1.04)","0.8413","0.8209","0.2943","0.6788","1.0011","0.9998","1.0013","1.0007",3623,3152,3060,3407,3694,3627,3642,3514
"J40_J47_J60_J70_J84_D86_C34","2000_2005","2011_2015",10,"Economic_type_3_EQI_Social+SM+PA+OB","1.00(1.00,1.00)","0.99(0.96,1.02)","1.00(0.97,1.03)","0.98(0.94,1.01)","0.97(0.93,1.01)","0.5451","0.8175","0.2081","0.1189","1.0008","1.0016","1.0019","1.0026",3313,2517,2204,1972,3532,3269,3272,2945
"J40_J47_J60_J70_J84_D86_C34","2000_2005","2016_2020",15,"Economic_type_3_EQI+SM+PA+OB","1.00(1.00,1.00)","1.00(0.96,1.03)","1.00(0.97,1.03)","1.02(0.99,1.06)","1.02(0.98,1.06)","0.7734","0.9867","0.2156","0.3801","1.0004","1.0001","1.0008","1.0014",2907,2432,1897,2032,3711,3380,3109,3240
"J40_J47_J60_J70_J84_D86_C34","2000_2005","2016_2020",15,"Economic_type_3_EQI_Air+SM+PA+OB","1.00(1.00,1.00)","0.98(0.94,1.03)","1.01(0.97,1.05)","1.05(1.01,1.10)","1.05(1.00,1.09)","0.4297","0.7451","0.0148","0.0310","1.0017","1.0023","1.0017","1.0036",2153,1804,1781,1830,2895,2875,2978,2704
"J40_J47_J60_J70_J84_D86_C34","2000_2005","2016_2020",15,"Economic_type_3_EQI_Water+SM+PA+OB","1.00(1.00,1.00)","0.98(0.94,1.02)","0.97(0.93,1.01)","0.98(0.94,1.01)","0.98(0.94,1.02)","0.2764","0.0960","0.2077","0.3076","1.0018","1.0021","1.0016","1.0016",1909,1932,2017,2076,2844,3098,3208,2854
"J40_J47_J60_J70_J84_D86_C34","2000_2005","2016_2020",15,"Economic_type_3_EQI_Land+SM+PA+OB","1.00(1.00,1.00)","0.98(0.95,1.01)","0.97(0.94,1.00)","0.97(0.94,1.01)","0.99(0.96,1.03)","0.1993","0.0340","0.1268","0.6476","1.0015","1.0016","1.0004","1.0013",3389,2808,2650,2709,3645,3717,3325,3277
"J40_J47_J60_J70_J84_D86_C34","2000_2005","2016_2020",15,"Economic_type_3_EQI_Built+SM+PA+OB","1.00(1.00,1.00)","1.02(0.99,1.05)","1.02(0.99,1.05)","1.03(1.00,1.06)","1.03(0.99,1.06)","0.1473","0.1498","0.0469","0.1393","1.0006","1.0012","1.0006","1.0008",2788,2571,2446,2642,3158,3752,3474,3043
"J40_J47_J60_J70_J84_D86_C34","2000_2005","2016_2020",15,"Economic_type_3_EQI_Social+SM+PA+OB","1.00(1.00,1.00)","1.02(0.99,1.05)","1.00(0.96,1.03)","0.97(0.94,1.01)","0.95(0.90,0.99)","0.3285","0.8238","0.1393","0.0152","1.0012","1.0024","1.0029","1.0020",3215,2229,2047,2067,3606,3149,2890,2869
"J40_J47_J60_J70_J84_D86_C34","2000_2005","2021_2024",20,"Economic_type_3_EQI+SM+PA+OB","1.00(1.00,1.00)","1.00(0.96,1.03)","0.99(0.95,1.02)","0.98(0.94,1.01)","0.96(0.92,1.00)","0.8117","0.4001","0.2081","0.0452","1.0005","1.0000","0.9997","1.0000",3811,3286,2638,2519,3805,3560,3144,3467
"J40_J47_J60_J70_J84_D86_C34","2000_2005","2021_2024",20,"Economic_type_3_EQI_Air+SM+PA+OB","1.00(1.00,1.00)","1.00(0.96,1.04)","1.02(0.98,1.06)","1.05(1.00,1.09)","1.02(0.98,1.06)","0.8834","0.3301","0.0323","0.3281","1.0028","1.0029","1.0044","1.0037",2677,2386,2221,2392,3395,3424,3051,3267
"J40_J47_J60_J70_J84_D86_C34","2000_2005","2021_2024",20,"Economic_type_3_EQI_Water+SM+PA+OB","1.00(1.00,1.00)","1.00(0.96,1.04)","0.98(0.94,1.02)","0.98(0.94,1.02)","0.96(0.92,1.00)","0.7917","0.2593","0.3885","0.0789","1.0014","1.0013","1.0018","1.0011",2514,2426,2475,2624,3250,3373,3031,3341
"J40_J47_J60_J70_J84_D86_C34","2000_2005","2021_2024",20,"Economic_type_3_EQI_Land+SM+PA+OB","1.00(1.00,1.00)","0.95(0.92,0.98)","0.97(0.94,1.00)","0.96(0.92,0.99)","0.96(0.92,1.00)","0.0002","0.0660","0.0165","0.0414","1.0009","1.0005","1.0000","1.0002",4290,3278,2797,3137,3327,3843,3381,3433
"J40_J47_J60_J70_J84_D86_C34","2000_2005","2021_2024",20,"Economic_type_3_EQI_Built+SM+PA+OB","1.00(1.00,1.00)","1.02(0.99,1.05)","1.02(0.98,1.05)","1.02(0.99,1.05)","1.03(0.99,1.07)","0.1381","0.3093","0.2926","0.1460","1.0010","1.0017","1.0022","1.0009",4200,3509,3193,3521,4062,3889,3387,3401
"J40_J47_J60_J70_J84_D86_C34","2000_2005","2021_2024",20,"Economic_type_3_EQI_Social+SM+PA+OB","1.00(1.00,1.00)","1.02(0.99,1.06)","1.00(0.96,1.03)","0.96(0.93,1.00)","0.93(0.89,0.97)","0.1689","0.9483","0.0489","0.0027","1.0001","1.0008","1.0008","1.0003",3502,2780,2413,2478,3580,3349,3194,3128
"J40_J47_J60_J70_J84_D86_C34","2000_2005","2006_2010",5,"Economic_type_4_EQI+SM+PA+OB","1.00(1.00,1.00)","1.03(0.98,1.08)","1.07(1.03,1.12)","1.06(1.01,1.11)","1.05(1.00,1.11)","0.2089","0.0015","0.0160","0.0544","1.0018","1.0011","1.0012","1.0009",3426,3040,3001,2762,3174,3519,3283,3733
"J40_J47_J60_J70_J84_D86_C34","2000_2005","2006_2010",5,"Economic_type_4_EQI_Air+SM+PA+OB","1.00(1.00,1.00)","1.08(1.03,1.13)","1.05(1.01,1.11)","1.07(1.02,1.12)","1.07(1.01,1.12)","0.0027","0.0231","0.0027","0.0090","1.0002","1.0001","1.0007","1.0010",4392,3698,3258,3349,3829,3524,3263,3736
"J40_J47_J60_J70_J84_D86_C34","2000_2005","2006_2010",5,"Economic_type_4_EQI_Water+SM+PA+OB","1.00(1.00,1.00)","0.97(0.92,1.02)","0.98(0.93,1.03)","0.98(0.93,1.04)","0.99(0.94,1.04)","0.2710","0.3605","0.5343","0.7905","1.0008","1.0012","0.9998","1.0005",4200,3642,3497,3248,3998,3627,3474,3618
"J40_J47_J60_J70_J84_D86_C34","2000_2005","2006_2010",5,"Economic_type_4_EQI_Land+SM+PA+OB","1.00(1.00,1.00)","0.96(0.92,1.00)","0.99(0.94,1.04)","1.03(0.98,1.08)","1.02(0.96,1.07)","0.0660","0.6576","0.2856","0.5097","1.0013","1.0001","1.0013","1.0008",4014,4704,4600,3771,3668,3765,3740,3627
"J40_J47_J60_J70_J84_D86_C34","2000_2005","2006_2010",5,"Economic_type_4_EQI_Built+SM+PA+OB","1.00(1.00,1.00)","0.97(0.93,1.02)","1.00(0.95,1.05)","1.03(0.98,1.08)","1.00(0.95,1.05)","0.2443","0.9675","0.2189","0.8992","0.9998","1.0008","1.0008","1.0006",4362,3962,3221,3382,3858,3846,3438,3697
"J40_J47_J60_J70_J84_D86_C34","2000_2005","2006_2010",5,"Economic_type_4_EQI_Social+SM+PA+OB","1.00(1.00,1.00)","1.02(0.98,1.06)","1.03(0.98,1.08)","1.02(0.97,1.07)","1.03(0.97,1.08)","0.3843","0.2122","0.4468","0.3531","1.0031","1.0005","1.0004","1.0021",3754,3729,3959,3297,3808,3660,3678,3329
"J40_J47_J60_J70_J84_D86_C34","2000_2005","2011_2015",10,"Economic_type_4_EQI+SM+PA+OB","1.00(1.00,1.00)","1.04(0.99,1.09)","1.08(1.03,1.13)","1.06(1.01,1.11)","1.04(0.98,1.10)","0.1435","0.0010","0.0223","0.1418","1.0000","1.0003","1.0021","1.0020",3907,2888,2270,2141,4046,3193,3103,2996
"J40_J47_J60_J70_J84_D86_C34","2000_2005","2011_2015",10,"Economic_type_4_EQI_Air+SM+PA+OB","1.00(1.00,1.00)","1.09(1.03,1.15)","1.08(1.03,1.14)","1.08(1.03,1.14)","1.08(1.02,1.14)","0.0015","0.0023","0.0027","0.0069","1.0006","1.0023","1.0006","1.0008",4723,4425,3970,3808,3825,4011,3057,3791
"J40_J47_J60_J70_J84_D86_C34","2000_2005","2011_2015",10,"Economic_type_4_EQI_Water+SM+PA+OB","1.00(1.00,1.00)","1.03(0.97,1.09)","0.99(0.93,1.04)","1.00(0.94,1.05)","1.02(0.97,1.08)","0.3506","0.5918","0.8563","0.4239","0.9997","1.0021","1.0002","0.9996",4328,4338,4409,4067,3695,3686,3984,4017
"J40_J47_J60_J70_J84_D86_C34","2000_2005","2011_2015",10,"Economic_type_4_EQI_Land+SM+PA+OB","1.00(1.00,1.00)","0.97(0.92,1.02)","1.01(0.96,1.06)","1.02(0.97,1.08)","1.02(0.96,1.09)","0.2168","0.8438","0.4818","0.4272","1.0012","1.0003","1.0010","1.0020",5276,4166,4869,4458,3866,3597,3659,3512
"J40_J47_J60_J70_J84_D86_C34","2000_2005","2011_2015",10,"Economic_type_4_EQI_Built+SM+PA+OB","1.00(1.00,1.00)","1.00(0.95,1.06)","1.05(1.00,1.11)","1.04(0.98,1.10)","1.02(0.96,1.07)","0.9988","0.0727","0.1577","0.5480","1.0008","1.0003","1.0012","1.0017",4688,4410,3652,3730,3623,3605,3326,3254
"J40_J47_J60_J70_J84_D86_C34","2000_2005","2011_2015",10,"Economic_type_4_EQI_Social+SM+PA+OB","1.00(1.00,1.00)","1.05(1.00,1.10)","1.03(0.98,1.08)","1.00(0.94,1.06)","0.99(0.94,1.05)","0.0406","0.3126","0.9517","0.8159","1.0008","1.0007","1.0009","1.0001",4606,4300,4590,3950,3662,4133,3798,3866
"J40_J47_J60_J70_J84_D86_C34","2000_2005","2016_2020",15,"Economic_type_4_EQI+SM+PA+OB","1.00(1.00,1.00)","1.01(0.96,1.07)","1.07(1.02,1.12)","1.05(0.99,1.10)","1.03(0.97,1.09)","0.6638","0.0069","0.0927","0.2814","1.0010","1.0011","1.0002","1.0009",4703,3776,3849,3250,3359,3857,3727,3735
"J40_J47_J60_J70_J84_D86_C34","2000_2005","2016_2020",15,"Economic_type_4_EQI_Air+SM+PA+OB","1.00(1.00,1.00)","1.10(1.04,1.16)","1.05(1.00,1.11)","1.08(1.02,1.13)","1.05(1.00,1.11)","0.0010","0.0394","0.0031","0.0669","1.0002","0.9999","1.0008","1.0008",4334,3588,2946,2821,3784,3914,3459,3389
"J40_J47_J60_J70_J84_D86_C34","2000_2005","2016_2020",15,"Economic_type_4_EQI_Water+SM+PA+OB","1.00(1.00,1.00)","1.02(0.96,1.08)","0.96(0.91,1.02)","0.99(0.93,1.05)","1.00(0.94,1.06)","0.5397","0.1535","0.6846","0.9483","1.0001","1.0007","1.0023","1.0011",3683,3955,3942,3262,3425,3466,3391,3171
"J40_J47_J60_J70_J84_D86_C34","2000_2005","2016_2020",15,"Economic_type_4_EQI_Land+SM+PA+OB","1.00(1.00,1.00)","0.96(0.91,1.01)","0.97(0.92,1.02)","0.99(0.93,1.04)","1.01(0.95,1.08)","0.0902","0.2347","0.5880","0.7359","1.0000","1.0015","1.0011","1.0007",4604,4216,3645,3562,3694,3865,3522,3598
"J40_J47_J60_J70_J84_D86_C34","2000_2005","2016_2020",15,"Economic_type_4_EQI_Built+SM+PA+OB","1.00(1.00,1.00)","0.98(0.93,1.03)","1.05(0.99,1.10)","1.04(0.99,1.10)","1.03(0.97,1.08)","0.4701","0.0935","0.1335","0.3047","1.0007","1.0008","1.0003","1.0008",4179,4019,3312,3385,4042,3658,3368,3618
"J40_J47_J60_J70_J84_D86_C34","2000_2005","2016_2020",15,"Economic_type_4_EQI_Social+SM+PA+OB","1.00(1.00,1.00)","1.06(1.02,1.12)","1.03(0.98,1.09)","0.99(0.94,1.05)","1.00(0.95,1.06)","0.0060","0.2564","0.7867","0.9558","1.0003","1.0005","1.0011","1.0001",3337,3130,3314,3211,3532,3405,3593,3710
"J40_J47_J60_J70_J84_D86_C34","2000_2005","2021_2024",20,"Economic_type_4_EQI+SM+PA+OB","1.00(1.00,1.00)","1.01(0.95,1.06)","1.07(1.01,1.12)","1.03(0.97,1.09)","1.01(0.95,1.07)","0.8588","0.0140","0.3322","0.7367","1.0031","1.0010","1.0005","1.0024",5621,4264,4298,3275,3919,3615,3819,3559
"J40_J47_J60_J70_J84_D86_C34","2000_2005","2021_2024",20,"Economic_type_4_EQI_Air+SM+PA+OB","1.00(1.00,1.00)","1.07(1.01,1.14)","1.06(1.00,1.12)","1.06(1.01,1.12)","1.02(0.96,1.08)","0.0298","0.0648","0.0240","0.4830","1.0012","1.0009","1.0000","1.0013",3726,3699,3345,3541,3477,3626,3525,3396
"J40_J47_J60_J70_J84_D86_C34","2000_2005","2021_2024",20,"Economic_type_4_EQI_Water+SM+PA+OB","1.00(1.00,1.00)","1.00(0.94,1.06)","0.97(0.91,1.03)","0.99(0.93,1.05)","0.98(0.93,1.04)","0.9742","0.2835","0.8059","0.4955","1.0003","1.0008","1.0006","1.0000",4881,5051,4438,4213,3571,3874,4227,3535
"J40_J47_J60_J70_J84_D86_C34","2000_2005","2021_2024",20,"Economic_type_4_EQI_Land+SM+PA+OB","1.00(1.00,1.00)","0.95(0.90,1.01)","0.98(0.92,1.03)","0.96(0.91,1.02)","0.99(0.93,1.05)","0.0773","0.4330","0.2168","0.7809","1.0018","1.0002","1.0005","1.0002",4668,4612,4767,4495,3689,3401,3842,3721
"J40_J47_J60_J70_J84_D86_C34","2000_2005","2021_2024",20,"Economic_type_4_EQI_Built+SM+PA+OB","1.00(1.00,1.00)","0.99(0.94,1.05)","1.04(0.98,1.10)","1.06(1.00,1.13)","1.02(0.96,1.09)","0.7696","0.1502","0.0423","0.4176","1.0011","1.0001","1.0009","1.0008",4467,4034,3792,3495,3583,3553,3812,3516
"J40_J47_J60_J70_J84_D86_C34","2000_2005","2021_2024",20,"Economic_type_4_EQI_Social+SM+PA+OB","1.00(1.00,1.00)","1.03(0.98,1.08)","1.03(0.97,1.09)","1.01(0.95,1.07)","0.97(0.91,1.03)","0.2743","0.3660","0.8375","0.2906","1.0013","1.0007","1.0009","1.0011",3730,3667,4530,3553,3526,3812,3653,3784
"J40_J47_J60_J70_J84_D86_C34","2000_2005","2006_2010",5,"Economic_type_5_EQI+SM+PA+OB","1.00(1.00,1.00)","0.98(0.91,1.05)","0.99(0.93,1.06)","1.06(1.00,1.13)","1.11(1.05,1.19)","0.5859","0.8629","0.0614","0.0006","1.0006","1.0006","1.0004","1.0007",4212,3627,3344,2761,3378,3637,3730,3277
"J40_J47_J60_J70_J84_D86_C34","2000_2005","2006_2010",5,"Economic_type_5_EQI_Air+SM+PA+OB","1.00(1.00,1.00)","1.06(0.99,1.14)","1.10(1.03,1.18)","1.11(1.04,1.18)","1.11(1.04,1.18)","0.0894","0.0069","0.0002","0.0002","1.0016","1.0008","1.0015","1.0015",3549,3535,3507,3140,3417,3445,3805,3456
"J40_J47_J60_J70_J84_D86_C34","2000_2005","2006_2010",5,"Economic_type_5_EQI_Water+SM+PA+OB","1.00(1.00,1.00)","0.94(0.87,1.01)","1.01(0.95,1.07)","1.09(1.03,1.15)","1.08(1.01,1.14)","0.0831","0.8055","0.0044","0.0160","1.0004","1.0013","0.9998","1.0020",3983,3607,3979,2881,3539,3174,3716,3564
"J40_J47_J60_J70_J84_D86_C34","2000_2005","2006_2010",5,"Economic_type_5_EQI_Land+SM+PA+OB","1.00(1.00,1.00)","1.05(0.98,1.11)","1.02(0.96,1.09)","1.03(0.97,1.09)","1.01(0.95,1.08)","0.1664","0.5522","0.3747","0.6722","1.0010","1.0002","0.9999","1.0002",3372,3628,3731,3421,3443,3530,3862,3762
"J40_J47_J60_J70_J84_D86_C34","2000_2005","2006_2010",5,"Economic_type_5_EQI_Built+SM+PA+OB","1.00(1.00,1.00)","0.99(0.90,1.07)","1.00(0.92,1.08)","1.03(0.96,1.11)","1.02(0.95,1.09)","0.7671","0.9596","0.3872","0.6063","1.0007","1.0018","1.0012","1.0004",4507,3475,2874,2694,3432,3292,3312,3238
"J40_J47_J60_J70_J84_D86_C34","2000_2005","2006_2010",5,"Economic_type_5_EQI_Social+SM+PA+OB","1.00(1.00,1.00)","0.98(0.90,1.06)","0.98(0.91,1.05)","1.02(0.96,1.09)","1.09(1.02,1.17)","0.6255","0.5230","0.5205","0.0119","1.0019","1.0010","1.0007","1.0011",4018,3462,3136,2876,3562,3473,3356,3240
"J40_J47_J60_J70_J84_D86_C34","2000_2005","2011_2015",10,"Economic_type_5_EQI+SM+PA+OB","1.00(1.00,1.00)","0.97(0.91,1.05)","1.02(0.96,1.09)","1.07(1.00,1.14)","1.10(1.03,1.17)","0.4651","0.4884","0.0419","0.0052","1.0001","1.0009","1.0020","1.0014",2928,2697,2275,2126,3376,3247,2356,2383
"J40_J47_J60_J70_J84_D86_C34","2000_2005","2011_2015",10,"Economic_type_5_EQI_Air+SM+PA+OB","1.00(1.00,1.00)","1.09(1.02,1.17)","1.10(1.03,1.19)","1.11(1.04,1.19)","1.08(1.01,1.15)","0.0106","0.0044","0.0010","0.0148","1.0013","1.0012","1.0002","0.9996",4610,4230,4195,4043,3625,3702,4367,3944
"J40_J47_J60_J70_J84_D86_C34","2000_2005","2011_2015",10,"Economic_type_5_EQI_Water+SM+PA+OB","1.00(1.00,1.00)","0.93(0.87,1.00)","1.01(0.95,1.07)","1.12(1.06,1.19)","1.06(1.00,1.13)","0.0494","0.7975","0.0006","0.0410","1.0010","1.0005","1.0028","1.0008",5362,4899,5152,4240,3861,3951,3863,4081
"J40_J47_J60_J70_J84_D86_C34","2000_2005","2011_2015",10,"Economic_type_5_EQI_Land+SM+PA+OB","1.00(1.00,1.00)","1.02(0.96,1.08)","1.01(0.95,1.08)","1.03(0.97,1.10)","1.02(0.95,1.08)","0.6192","0.7117","0.3510","0.5363","1.0007","1.0004","1.0007","1.0023",4788,4274,4605,3700,3694,2767,3750,3460
"J40_J47_J60_J70_J84_D86_C34","2000_2005","2011_2015",10,"Economic_type_5_EQI_Built+SM+PA+OB","1.00(1.00,1.00)","0.99(0.90,1.08)","1.02(0.94,1.10)","1.05(0.98,1.12)","1.04(0.97,1.11)","0.7796","0.6967","0.1985","0.3160","1.0004","1.0008","1.0009","1.0004",5753,5071,4274,4181,3927,4024,3844,4093
"J40_J47_J60_J70_J84_D86_C34","2000_2005","2011_2015",10,"Economic_type_5_EQI_Social+SM+PA+OB","1.00(1.00,1.00)","1.02(0.94,1.10)","1.00(0.94,1.07)","1.01(0.95,1.08)","1.08(1.01,1.16)","0.6026","0.9883","0.7271","0.0365","1.0008","1.0008","1.0002","1.0002",4784,4108,3637,3493,3856,3620,3483,3649
"J40_J47_J60_J70_J84_D86_C34","2000_2005","2016_2020",15,"Economic_type_5_EQI+SM+PA+OB","1.00(1.00,1.00)","0.97(0.89,1.04)","1.00(0.94,1.07)","1.04(0.97,1.11)","1.06(0.99,1.13)","0.4005","0.9996","0.3185","0.0869","0.9999","1.0015","1.0020","1.0021",4319,3573,3341,2899,3345,3668,2951,3007
"J40_J47_J60_J70_J84_D86_C34","2000_2005","2016_2020",15,"Economic_type_5_EQI_Air+SM+PA+OB","1.00(1.00,1.00)","1.10(1.02,1.19)","1.12(1.04,1.21)","1.10(1.03,1.18)","1.07(1.00,1.14)","0.0131","0.0040","0.0060","0.0619","1.0015","1.0013","1.0003","1.0021",5065,5149,4563,4276,3543,3707,4094,4029
"J40_J47_J60_J70_J84_D86_C34","2000_2005","2016_2020",15,"Economic_type_5_EQI_Water+SM+PA+OB","1.00(1.00,1.00)","0.93(0.86,1.01)","1.00(0.94,1.08)","1.11(1.04,1.19)","1.06(1.00,1.14)","0.0735","0.9442","0.0010","0.0652","1.0004","1.0005","0.9995","1.0012",5452,5044,4629,4514,4050,4018,3733,3638
"J40_J47_J60_J70_J84_D86_C34","2000_2005","2016_2020",15,"Economic_type_5_EQI_Land+SM+PA+OB","1.00(1.00,1.00)","1.04(0.98,1.11)","1.03(0.96,1.10)","1.04(0.97,1.11)","1.03(0.96,1.10)","0.2264","0.3960","0.2777","0.3789","0.9998","1.0011","1.0003","1.0004",4778,4848,4027,3982,3675,3972,4052,3790
"J40_J47_J60_J70_J84_D86_C34","2000_2005","2016_2020",15,"Economic_type_5_EQI_Built+SM+PA+OB","1.00(1.00,1.00)","1.00(0.91,1.10)","1.02(0.93,1.10)","1.05(0.97,1.14)","1.02(0.94,1.10)","0.9729","0.7309","0.2156","0.6559","1.0008","1.0006","1.0009","1.0007",6177,4752,4168,4049,3979,4107,3531,3364
"J40_J47_J60_J70_J84_D86_C34","2000_2005","2016_2020",15,"Economic_type_5_EQI_Social+SM+PA+OB","1.00(1.00,1.00)","1.04(0.95,1.13)","1.03(0.96,1.11)","1.03(0.95,1.10)","1.07(1.00,1.16)","0.3726","0.3935","0.5114","0.0577","1.0025","1.0006","1.0013","1.0008",4938,4240,3780,3517,3935,3886,4179,3868
"J40_J47_J60_J70_J84_D86_C34","2000_2005","2021_2024",20,"Economic_type_5_EQI+SM+PA+OB","1.00(1.00,1.00)","1.01(0.93,1.09)","1.01(0.94,1.08)","1.01(0.94,1.08)","1.01(0.94,1.08)","0.8854","0.8088","0.8671","0.8459","1.0011","1.0021","1.0016","1.0014",4802,3943,3417,3303,3613,3816,3465,3508
"J40_J47_J60_J70_J84_D86_C34","2000_2005","2021_2024",20,"Economic_type_5_EQI_Air+SM+PA+OB","1.00(1.00,1.00)","1.12(1.04,1.21)","1.09(1.02,1.18)","1.07(1.00,1.15)","1.01(0.94,1.08)","0.0023","0.0165","0.0510","0.8875","1.0026","1.0014","1.0010","1.0012",5089,4287,4504,3856,3861,4224,4030,3790
"J40_J47_J60_J70_J84_D86_C34","2000_2005","2021_2024",20,"Economic_type_5_EQI_Water+SM+PA+OB","1.00(1.00,1.00)","0.95(0.88,1.03)","1.01(0.94,1.09)","1.09(1.01,1.16)","1.03(0.95,1.11)","0.2218","0.7271","0.0190","0.4997","1.0011","1.0022","1.0002","1.0000",5633,4796,5026,4234,3884,4247,3956,3432
"J40_J47_J60_J70_J84_D86_C34","2000_2005","2021_2024",20,"Economic_type_5_EQI_Land+SM+PA+OB","1.00(1.00,1.00)","1.01(0.95,1.08)","1.01(0.94,1.08)","1.01(0.94,1.08)","1.00(0.93,1.08)","0.7963","0.8217","0.8738","0.9200","0.9999","1.0011","1.0013","1.0002",5109,4783,4544,4528,3940,3737,3871,3901
"J40_J47_J60_J70_J84_D86_C34","2000_2005","2021_2024",20,"Economic_type_5_EQI_Built+SM+PA+OB","1.00(1.00,1.00)","1.01(0.92,1.10)","1.02(0.94,1.11)","1.04(0.97,1.12)","1.01(0.94,1.09)","0.8913","0.6272","0.2835","0.8713","0.9999","1.0006","1.0000","1.0004",8013,4802,4740,4264,4031,3950,4128,3627
"J40_J47_J60_J70_J84_D86_C34","2000_2005","2021_2024",20,"Economic_type_5_EQI_Social+SM+PA+OB","1.00(1.00,1.00)","1.03(0.94,1.12)","1.05(0.97,1.12)","1.01(0.94,1.08)","1.05(0.97,1.13)","0.5151","0.2393","0.8488","0.2164","1.0005","1.0017","1.0020","1.0004",6510,5004,4501,4107,3887,4168,4441,4099
"J40_J47_J60_J70_J84_D86_C34","2000_2005","2006_2010",5,"Economic_type_6_EQI+SM+PA+OB","1.00(1.00,1.00)","0.99(0.97,1.03)","1.01(0.98,1.04)","0.99(0.96,1.03)","1.02(0.98,1.05)","0.7438","0.6946","0.7292","0.3955","1.0008","0.9997","1.0011","1.0007",4194,3643,3210,2912,3551,3778,3685,3341
"J40_J47_J60_J70_J84_D86_C34","2000_2005","2006_2010",5,"Economic_type_6_EQI_Air+SM+PA+OB","1.00(1.00,1.00)","0.98(0.95,1.01)","1.00(0.97,1.03)","1.03(1.00,1.06)","1.03(1.00,1.07)","0.1260","0.9121","0.0514","0.0560","1.0018","1.0020","1.0007","1.0002",3154,3062,2794,3071,3384,3832,3795,3559
"J40_J47_J60_J70_J84_D86_C34","2000_2005","2006_2010",5,"Economic_type_6_EQI_Water+SM+PA+OB","1.00(1.00,1.00)","1.00(0.97,1.03)","1.00(0.97,1.03)","0.99(0.96,1.03)","1.00(0.97,1.03)","0.9604","0.8867","0.6647","0.9833","1.0003","1.0002","1.0001","1.0008",3637,3168,3133,3210,3926,3395,3690,3651
"J40_J47_J60_J70_J84_D86_C34","2000_2005","2006_2010",5,"Economic_type_6_EQI_Land+SM+PA+OB","1.00(1.00,1.00)","0.98(0.95,1.01)","0.97(0.94,0.99)","0.96(0.93,0.99)","0.98(0.95,1.01)","0.1514","0.0210","0.0081","0.2268","1.0006","1.0018","1.0013","1.0007",4602,3599,3430,3225,4003,3939,3525,3152
"J40_J47_J60_J70_J84_D86_C34","2000_2005","2006_2010",5,"Economic_type_6_EQI_Built+SM+PA+OB","1.00(1.00,1.00)","1.00(0.98,1.03)","0.98(0.96,1.01)","0.99(0.96,1.02)","0.99(0.96,1.02)","0.7817","0.2560","0.5976","0.3843","1.0002","0.9999","1.0008","1.0012",3677,3313,3210,3095,3593,3592,3470,3815
"J40_J47_J60_J70_J84_D86_C34","2000_2005","2006_2010",5,"Economic_type_6_EQI_Social+SM+PA+OB","1.00(1.00,1.00)","1.02(0.99,1.05)","0.97(0.94,1.00)","0.99(0.95,1.02)","0.99(0.96,1.03)","0.2302","0.0839","0.3710","0.6809","1.0011","1.0006","1.0012","1.0014",3888,3503,2854,2607,3787,4025,3556,3472
"J40_J47_J60_J70_J84_D86_C34","2000_2005","2011_2015",10,"Economic_type_6_EQI+SM+PA+OB","1.00(1.00,1.00)","1.02(0.99,1.06)","1.02(0.99,1.05)","1.02(0.99,1.06)","1.03(0.99,1.07)","0.1577","0.2272","0.2081","0.1343","1.0011","1.0006","1.0001","1.0009",4456,4284,3127,3662,3953,3903,3338,3459
"J40_J47_J60_J70_J84_D86_C34","2000_2005","2011_2015",10,"Economic_type_6_EQI_Air+SM+PA+OB","1.00(1.00,1.00)","0.99(0.96,1.02)","1.02(0.99,1.05)","1.04(1.01,1.08)","1.01(0.98,1.05)","0.6497","0.2431","0.0098","0.4614","0.9999","1.0002","0.9999","1.0009",3631,3319,3252,3285,4138,3381,3566,3707
"J40_J47_J60_J70_J84_D86_C34","2000_2005","2011_2015",10,"Economic_type_6_EQI_Water+SM+PA+OB","1.00(1.00,1.00)","1.00(0.97,1.04)","0.99(0.95,1.02)","1.00(0.97,1.04)","1.00(0.97,1.04)","0.9154","0.4335","0.9325","0.7905","1.0024","1.0017","1.0017","1.0011",2853,2619,2662,2689,3012,3539,3871,3524
"J40_J47_J60_J70_J84_D86_C34","2000_2005","2011_2015",10,"Economic_type_6_EQI_Land+SM+PA+OB","1.00(1.00,1.00)","1.00(0.97,1.03)","0.97(0.94,1.01)","0.97(0.93,1.00)","0.99(0.95,1.02)","0.9758","0.1035","0.0594","0.5238","1.0016","1.0011","1.0010","1.0019",4519,3462,3141,3185,3711,3673,3807,3859
"J40_J47_J60_J70_J84_D86_C34","2000_2005","2011_2015",10,"Economic_type_6_EQI_Built+SM+PA+OB","1.00(1.00,1.00)","1.01(0.98,1.04)","1.01(0.98,1.04)","1.01(0.98,1.05)","1.02(0.98,1.05)","0.6792","0.7305","0.4126","0.2831","1.0001","1.0013","1.0005","1.0008",3215,2470,2638,2213,3438,3568,3566,3381
"J40_J47_J60_J70_J84_D86_C34","2000_2005","2011_2015",10,"Economic_type_6_EQI_Social+SM+PA+OB","1.00(1.00,1.00)","1.00(0.97,1.03)","0.98(0.95,1.02)","0.99(0.96,1.03)","1.01(0.97,1.05)","0.8575","0.3489","0.6742","0.7780","0.9999","1.0008","1.0000","1.0013",3959,3236,2917,2542,3545,3967,3526,3320
"J40_J47_J60_J70_J84_D86_C34","2000_2005","2016_2020",15,"Economic_type_6_EQI+SM+PA+OB","1.00(1.00,1.00)","1.03(0.99,1.06)","1.02(0.99,1.06)","1.02(0.98,1.05)","1.03(0.99,1.07)","0.1139","0.2027","0.3655","0.1556","1.0008","1.0009","1.0010","1.0019",4113,3480,2880,2752,3509,3758,3372,3382
"J40_J47_J60_J70_J84_D86_C34","2000_2005","2016_2020",15,"Economic_type_6_EQI_Air+SM+PA+OB","1.00(1.00,1.00)","0.97(0.94,1.01)","1.01(0.97,1.04)","1.03(0.99,1.06)","0.98(0.95,1.02)","0.1081","0.7021","0.1052","0.3443","1.0016","1.0018","1.0023","1.0015",3117,3022,2852,2869,3983,3615,3537,3120
"J40_J47_J60_J70_J84_D86_C34","2000_2005","2016_2020",15,"Economic_type_6_EQI_Water+SM+PA+OB","1.00(1.00,1.00)","1.00(0.96,1.04)","0.99(0.96,1.03)","1.01(0.97,1.05)","1.01(0.97,1.05)","0.8859","0.6305","0.6180","0.6772","1.0017","1.0018","1.0019","1.0019",3140,2894,2800,2844,3694,3424,3923,3549
"J40_J47_J60_J70_J84_D86_C34","2000_2005","2016_2020",15,"Economic_type_6_EQI_Land+SM+PA+OB","1.00(1.00,1.00)","1.00(0.97,1.03)","0.97(0.94,1.00)","0.98(0.94,1.01)","1.00(0.96,1.04)","0.9913","0.0506","0.2010","0.9363","1.0010","1.0002","1.0015","1.0001",4267,3104,2758,2658,3604,3552,3263,2728
"J40_J47_J60_J70_J84_D86_C34","2000_2005","2016_2020",15,"Economic_type_6_EQI_Built+SM+PA+OB","1.00(1.00,1.00)","1.01(0.98,1.04)","1.03(1.00,1.06)","1.03(1.00,1.06)","1.02(0.98,1.05)","0.5855","0.0519","0.0744","0.3247","1.0005","1.0006","0.9999","1.0002",3664,3038,3200,3110,3680,3764,3490,3363
"J40_J47_J60_J70_J84_D86_C34","2000_2005","2016_2020",15,"Economic_type_6_EQI_Social+SM+PA+OB","1.00(1.00,1.00)","1.00(0.97,1.03)","0.97(0.94,1.01)","0.99(0.96,1.03)","1.00(0.95,1.04)","0.8871","0.1127","0.7671","0.8613","1.0016","1.0023","1.0030","1.0036",3891,3236,2663,2334,3613,3723,3335,3092
"J40_J47_J60_J70_J84_D86_C34","2000_2005","2021_2024",20,"Economic_type_6_EQI+SM+PA+OB","1.00(1.00,1.00)","1.04(1.01,1.08)","0.98(0.94,1.02)","0.98(0.95,1.02)","0.96(0.91,1.00)","0.0260","0.2364","0.4005","0.0402","1.0002","0.9998","1.0012","1.0022",3925,3575,3013,2910,3671,3766,3209,3068
"J40_J47_J60_J70_J84_D86_C34","2000_2005","2021_2024",20,"Economic_type_6_EQI_Air+SM+PA+OB","1.00(1.00,1.00)","0.98(0.95,1.02)","1.00(0.96,1.04)","1.00(0.96,1.03)","0.95(0.91,0.99)","0.3618","0.9550","0.9613","0.0240","1.0006","1.0013","1.0011","1.0012",4266,3826,3487,3927,4433,3549,3653,4098
"J40_J47_J60_J70_J84_D86_C34","2000_2005","2021_2024",20,"Economic_type_6_EQI_Water+SM+PA+OB","1.00(1.00,1.00)","1.00(0.96,1.04)","0.97(0.93,1.01)","1.02(0.98,1.06)","0.99(0.95,1.03)","0.8609","0.1281","0.4501","0.5776","1.0002","1.0012","1.0020","1.0009",3937,3548,3204,3638,3400,3533,3836,3735
"J40_J47_J60_J70_J84_D86_C34","2000_2005","2021_2024",20,"Economic_type_6_EQI_Land+SM+PA+OB","1.00(1.00,1.00)","1.00(0.97,1.04)","0.98(0.95,1.02)","0.96(0.93,1.00)","0.98(0.95,1.02)","0.8100","0.2881","0.0614","0.4422","1.0008","1.0018","1.0007","1.0002",5030,3925,3600,3566,4031,3990,3740,4102
"J40_J47_J60_J70_J84_D86_C34","2000_2005","2021_2024",20,"Economic_type_6_EQI_Built+SM+PA+OB","1.00(1.00,1.00)","1.01(0.97,1.04)","1.02(0.99,1.05)","1.01(0.98,1.05)","1.02(0.98,1.05)","0.7246","0.2981","0.5047","0.3468","0.9997","1.0000","0.9997","0.9998",4547,3993,4218,3738,4009,3587,3782,4211
"J40_J47_J60_J70_J84_D86_C34","2000_2005","2021_2024",20,"Economic_type_6_EQI_Social+SM+PA+OB","1.00(1.00,1.00)","0.99(0.96,1.03)","0.94(0.91,0.98)","0.95(0.91,0.99)","0.94(0.90,0.98)","0.7042","0.0027","0.0194","0.0110","1.0007","1.0013","1.0016","1.0005",4666,3780,3303,2947,3956,3722,3783,3631
"J40_J47_J60_J70_J84_D86_C34","2000_2005","2006_2010",5,"Homeownership_tertile_1_EQI+SM+PA+OB","1.00(1.00,1.00)","1.10(1.05,1.14)","1.14(1.09,1.18)","1.12(1.08,1.17)","1.13(1.08,1.18)","0.0002","0.0002","0.0002","0.0002","1.0006","1.0018","1.0012","1.0015",4563,3923,3281,2981,3840,3830,3049,3448
"J40_J47_J60_J70_J84_D86_C34","2000_2005","2006_2010",5,"Homeownership_tertile_1_EQI_Air+SM+PA+OB","1.00(1.00,1.00)","1.09(1.04,1.15)","1.14(1.08,1.19)","1.13(1.08,1.18)","1.11(1.06,1.17)","0.0006","0.0002","0.0002","0.0002","0.9995","1.0019","1.0010","1.0007",4572,3776,3258,3078,3889,3667,3470,3576
"J40_J47_J60_J70_J84_D86_C34","2000_2005","2006_2010",5,"Homeownership_tertile_1_EQI_Water+SM+PA+OB","1.00(1.00,1.00)","0.95(0.91,1.01)","1.05(1.00,1.10)","1.04(0.99,1.10)","1.04(0.99,1.10)","0.0885","0.0606","0.0998","0.0935","1.0017","1.0003","1.0023","1.0004",3933,3352,3142,3295,3981,3959,3787,3695
"J40_J47_J60_J70_J84_D86_C34","2000_2005","2006_2010",5,"Homeownership_tertile_1_EQI_Land+SM+PA+OB","1.00(1.00,1.00)","1.00(0.96,1.05)","1.03(0.98,1.07)","1.02(0.97,1.07)","1.04(0.99,1.09)","0.9154","0.2572","0.4655","0.1285","0.9996","1.0014","1.0020","1.0016",5533,4731,3678,3242,3897,4035,3749,3523
"J40_J47_J60_J70_J84_D86_C34","2000_2005","2006_2010",5,"Homeownership_tertile_1_EQI_Built+SM+PA+OB","1.00(1.00,1.00)","1.03(0.98,1.09)","1.11(1.06,1.17)","1.10(1.05,1.16)","1.09(1.04,1.15)","0.2177","0.0002","0.0002","0.0002","0.9999","1.0004","1.0003","1.0020",4403,3602,3079,3163,3901,4014,3416,3376
"J40_J47_J60_J70_J84_D86_C34","2000_2005","2006_2010",5,"Homeownership_tertile_1_EQI_Social+SM+PA+OB","1.00(1.00,1.00)","1.04(1.00,1.09)","1.04(1.00,1.09)","1.05(1.00,1.10)","1.06(1.01,1.12)","0.0340","0.0673","0.0581","0.0252","1.0005","1.0002","1.0006","1.0012",4824,4078,3718,3516,3984,3982,3538,3705
"J40_J47_J60_J70_J84_D86_C34","2000_2005","2011_2015",10,"Homeownership_tertile_1_EQI+SM+PA+OB","1.00(1.00,1.00)","1.12(1.07,1.17)","1.17(1.12,1.22)","1.15(1.10,1.20)","1.14(1.08,1.19)","0.0002","0.0002","0.0002","0.0002","1.0017","1.0025","1.0020","1.0041",2966,2556,2247,1916,3641,3244,2458,2404
"J40_J47_J60_J70_J84_D86_C34","2000_2005","2011_2015",10,"Homeownership_tertile_1_EQI_Air+SM+PA+OB","1.00(1.00,1.00)","1.17(1.11,1.23)","1.18(1.12,1.25)","1.18(1.13,1.25)","1.14(1.08,1.20)","0.0002","0.0002","0.0002","0.0002","1.0000","1.0003","1.0017","1.0008",3600,3785,3273,3083,3969,3651,3399,3175
"J40_J47_J60_J70_J84_D86_C34","2000_2005","2011_2015",10,"Homeownership_tertile_1_EQI_Water+SM+PA+OB","1.00(1.00,1.00)","1.01(0.95,1.07)","1.02(0.96,1.08)","1.07(1.01,1.13)","1.07(1.01,1.13)","0.7734","0.5164","0.0231","0.0315","1.0006","1.0009","1.0016","1.0015",3069,2885,2845,2800,3054,3846,3251,3350
"J40_J47_J60_J70_J84_D86_C34","2000_2005","2011_2015",10,"Homeownership_tertile_1_EQI_Land+SM+PA+OB","1.00(1.00,1.00)","1.01(0.96,1.06)","1.04(0.99,1.09)","1.03(0.98,1.09)","1.07(1.02,1.13)","0.6788","0.1527","0.2110","0.0127","1.0002","1.0002","1.0002","1.0003",4559,3959,3325,3244,3641,4065,3555,3176
"J40_J47_J60_J70_J84_D86_C34","2000_2005","2011_2015",10,"Homeownership_tertile_1_EQI_Built+SM+PA+OB","1.00(1.00,1.00)","1.09(1.03,1.16)","1.16(1.10,1.23)","1.15(1.09,1.21)","1.16(1.10,1.23)","0.0031","0.0002","0.0002","0.0002","0.9999","1.0002","0.9998","0.9999",3948,3577,3303,3050,3670,3634,3403,3579
"J40_J47_J60_J70_J84_D86_C34","2000_2005","2011_2015",10,"Homeownership_tertile_1_EQI_Social+SM+PA+OB","1.00(1.00,1.00)","1.07(1.02,1.12)","1.06(1.01,1.11)","1.04(0.99,1.10)","1.05(0.99,1.12)","0.0065","0.0152","0.1418","0.0906","1.0016","1.0009","1.0016","1.0008",4766,3878,3283,3368,3610,3875,3411,3440
"J40_J47_J60_J70_J84_D86_C34","2000_2005","2016_2020",15,"Homeownership_tertile_1_EQI+SM+PA+OB","1.00(1.00,1.00)","1.13(1.08,1.18)","1.17(1.12,1.22)","1.13(1.08,1.18)","1.11(1.06,1.16)","0.0002","0.0002","0.0002","0.0002","1.0007","1.0007","1.0015","1.0011",4573,3753,3073,2909,3715,3858,3474,3681
"J40_J47_J60_J70_J84_D86_C34","2000_2005","2016_2020",15,"Homeownership_tertile_1_EQI_Air+SM+PA+OB","1.00(1.00,1.00)","1.12(1.06,1.19)","1.17(1.11,1.23)","1.18(1.12,1.24)","1.09(1.03,1.15)","0.0002","0.0002","0.0002","0.0031","0.9993","0.9999","1.0003","1.0011",3963,3461,3148,2783,3577,3637,3774,3168
"J40_J47_J60_J70_J84_D86_C34","2000_2005","2016_2020",15,"Homeownership_tertile_1_EQI_Water+SM+PA+OB","1.00(1.00,1.00)","0.99(0.94,1.05)","1.01(0.96,1.07)","1.06(1.00,1.12)","1.07(1.01,1.13)","0.7646","0.6926","0.0373","0.0281","0.9998","1.0005","0.9999","1.0006",3406,3126,3200,3187,3630,3037,3483,3546
"J40_J47_J60_J70_J84_D86_C34","2000_2005","2016_2020",15,"Homeownership_tertile_1_EQI_Land+SM+PA+OB","1.00(1.00,1.00)","1.01(0.96,1.06)","1.00(0.95,1.05)","1.02(0.97,1.08)","1.05(0.99,1.11)","0.6705","0.9342","0.4210","0.1144","1.0008","1.0005","1.0007","1.0013",4113,3889,3507,3378,3624,3873,3718,3874
"J40_J47_J60_J70_J84_D86_C34","2000_2005","2016_2020",15,"Homeownership_tertile_1_EQI_Built+SM+PA+OB","1.00(1.00,1.00)","1.10(1.04,1.16)","1.17(1.11,1.23)","1.15(1.09,1.21)","1.16(1.10,1.22)","0.0015","0.0002","0.0002","0.0002","1.0014","1.0002","1.0007","1.0006",4073,3426,3128,3063,4297,3806,3737,3557
"J40_J47_J60_J70_J84_D86_C34","2000_2005","2016_2020",15,"Homeownership_tertile_1_EQI_Social+SM+PA+OB","1.00(1.00,1.00)","1.08(1.04,1.13)","1.06(1.01,1.12)","1.04(0.99,1.10)","1.06(1.00,1.12)","0.0015","0.0148","0.1431","0.0694","1.0004","1.0013","1.0006","1.0009",4669,3710,3191,3276,4142,3557,3790,3733
"J40_J47_J60_J70_J84_D86_C34","2000_2005","2021_2024",20,"Homeownership_tertile_1_EQI+SM+PA+OB","1.00(1.00,1.00)","1.14(1.10,1.20)","1.13(1.08,1.18)","1.09(1.04,1.14)","1.03(0.98,1.09)","0.0002","0.0002","0.0002","0.2489","1.0011","1.0006","1.0014","1.0023",3715,3228,2394,2053,3515,3390,3106,2607
"J40_J47_J60_J70_J84_D86_C34","2000_2005","2021_2024",20,"Homeownership_tertile_1_EQI_Air+SM+PA+OB","1.00(1.00,1.00)","1.11(1.06,1.17)","1.14(1.09,1.20)","1.13(1.08,1.19)","1.02(0.97,1.08)","0.0002","0.0002","0.0002","0.3830","1.0001","1.0003","0.9998","1.0000",4355,3299,2837,2675,3980,3669,3557,3414
"J40_J47_J60_J70_J84_D86_C34","2000_2005","2021_2024",20,"Homeownership_tertile_1_EQI_Water+SM+PA+OB","1.00(1.00,1.00)","0.98(0.93,1.04)","1.00(0.95,1.06)","1.05(1.00,1.10)","1.05(0.99,1.10)","0.5338","0.8838","0.0660","0.0989","1.0006","1.0012","1.0021","1.0009",3263,3296,2899,3034,3932,3655,3076,3270
"J40_J47_J60_J70_J84_D86_C34","2000_2005","2021_2024",20,"Homeownership_tertile_1_EQI_Land+SM+PA+OB","1.00(1.00,1.00)","0.97(0.93,1.02)","1.00(0.95,1.05)","0.98(0.93,1.03)","1.00(0.95,1.06)","0.2493","0.9671","0.3864","0.9246","1.0007","1.0007","1.0006","1.0016",4535,3714,3266,3201,3959,3928,3470,3592
"J40_J47_J60_J70_J84_D86_C34","2000_2005","2021_2024",20,"Homeownership_tertile_1_EQI_Built+SM+PA+OB","1.00(1.00,1.00)","1.05(1.00,1.11)","1.10(1.04,1.16)","1.08(1.03,1.13)","1.09(1.04,1.15)","0.0694","0.0006","0.0027","0.0006","0.9999","1.0001","1.0020","1.0016",4040,3237,2790,2933,4148,3987,2966,3424
"J40_J47_J60_J70_J84_D86_C34","2000_2005","2021_2024",20,"Homeownership_tertile_1_EQI_Social+SM+PA+OB","1.00(1.00,1.00)","1.05(1.00,1.09)","1.02(0.97,1.07)","1.00(0.95,1.05)","1.00(0.94,1.06)","0.0498","0.4822","0.9788","0.9538","1.0012","1.0017","1.0013","1.0011",4401,3552,3281,2881,3478,3369,3421,3127
"J40_J47_J60_J70_J84_D86_C34","2000_2005","2006_2010",5,"Homeownership_tertile_2_EQI+SM+PA+OB","1.00(1.00,1.00)","1.04(1.01,1.07)","1.04(1.00,1.07)","1.04(1.01,1.08)","1.06(1.02,1.10)","0.0206","0.0285","0.0160","0.0023","0.9998","1.0019","1.0011","0.9998",5197,3610,3300,3198,3909,3406,3685,3498
"J40_J47_J60_J70_J84_D86_C34","2000_2005","2006_2010",5,"Homeownership_tertile_2_EQI_Air+SM+PA+OB","1.00(1.00,1.00)","1.00(0.97,1.04)","1.05(1.01,1.08)","1.05(1.02,1.09)","1.06(1.02,1.10)","0.9142","0.0081","0.0031","0.0010","1.0026","1.0023","1.0023","1.0016",3896,3110,2946,2832,3978,3452,3862,3759
"J40_J47_J60_J70_J84_D86_C34","2000_2005","2006_2010",5,"Homeownership_tertile_2_EQI_Water+SM+PA+OB","1.00(1.00,1.00)","1.02(0.98,1.06)","1.02(0.98,1.06)","1.02(0.98,1.06)","1.04(1.00,1.08)","0.3797","0.4239","0.3222","0.0439","1.0012","1.0013","1.0013","1.0017",3036,2597,2672,3094,3595,2913,3468,3530
"J40_J47_J60_J70_J84_D86_C34","2000_2005","2006_2010",5,"Homeownership_tertile_2_EQI_Land+SM+PA+OB","1.00(1.00,1.00)","0.98(0.95,1.01)","1.01(0.98,1.04)","0.99(0.95,1.02)","0.96(0.92,1.00)","0.2506","0.6267","0.4205","0.0435","1.0004","1.0024","1.0003","1.0000",4901,3591,3441,3839,4320,3624,3540,3709
"J40_J47_J60_J70_J84_D86_C34","2000_2005","2006_2010",5,"Homeownership_tertile_2_EQI_Built+SM+PA+OB","1.00(1.00,1.00)","1.03(1.00,1.07)","1.03(1.00,1.06)","1.03(0.99,1.06)","1.04(1.00,1.08)","0.0448","0.0864","0.1156","0.0544","0.9999","1.0003","1.0001","1.0004",4030,3353,3432,3763,3843,3771,3513,3817
"J40_J47_J60_J70_J84_D86_C34","2000_2005","2006_2010",5,"Homeownership_tertile_2_EQI_Social+SM+PA+OB","1.00(1.00,1.00)","1.03(0.99,1.06)","0.98(0.95,1.02)","1.00(0.96,1.04)","1.03(0.99,1.08)","0.1081","0.3472","0.9167","0.1581","0.9999","1.0005","1.0003","1.0018",4162,2910,2460,2447,3468,3593,3560,3343
"J40_J47_J60_J70_J84_D86_C34","2000_2005","2011_2015",10,"Homeownership_tertile_2_EQI+SM+PA+OB","1.00(1.00,1.00)","1.06(1.03,1.10)","1.05(1.01,1.08)","1.05(1.01,1.09)","1.04(1.00,1.09)","0.0002","0.0090","0.0056","0.0277","1.0015","1.0004","1.0005","1.0004",5142,3954,3202,2915,4121,3784,3781,3436
"J40_J47_J60_J70_J84_D86_C34","2000_2005","2011_2015",10,"Homeownership_tertile_2_EQI_Air+SM+PA+OB","1.00(1.00,1.00)","1.01(0.98,1.05)","1.05(1.01,1.09)","1.04(1.01,1.08)","1.03(0.99,1.07)","0.5793","0.0052","0.0198","0.1823","1.0003","1.0016","1.0008","1.0000",4424,3663,2923,3490,4002,3831,3691,3789
"J40_J47_J60_J70_J84_D86_C34","2000_2005","2011_2015",10,"Homeownership_tertile_2_EQI_Water+SM+PA+OB","1.00(1.00,1.00)","1.00(0.96,1.04)","0.99(0.95,1.03)","1.01(0.97,1.05)","1.01(0.97,1.05)","0.9383","0.6988","0.6297","0.7342","1.0003","1.0004","1.0002","1.0002",3718,3435,3543,3939,3949,3606,3935,4100
"J40_J47_J60_J70_J84_D86_C34","2000_2005","2011_2015",10,"Homeownership_tertile_2_EQI_Land+SM+PA+OB","1.00(1.00,1.00)","0.99(0.96,1.03)","0.98(0.95,1.02)","1.00(0.96,1.03)","0.97(0.93,1.01)","0.6967","0.3772","0.7971","0.1635","1.0006","1.0005","1.0013","1.0012",6029,4384,4292,4319,4189,3926,3928,3857
"J40_J47_J60_J70_J84_D86_C34","2000_2005","2011_2015",10,"Homeownership_tertile_2_EQI_Built+SM+PA+OB","1.00(1.00,1.00)","1.02(0.99,1.05)","1.03(0.99,1.06)","1.02(0.98,1.05)","1.01(0.97,1.05)","0.2410","0.1177","0.3172","0.7180","1.0001","1.0010","1.0002","0.9998",4847,4569,4036,4329,4226,4033,3811,3837
"J40_J47_J60_J70_J84_D86_C34","2000_2005","2011_2015",10,"Homeownership_tertile_2_EQI_Social+SM+PA+OB","1.00(1.00,1.00)","1.02(0.99,1.06)","1.02(0.99,1.06)","1.01(0.97,1.05)","1.04(1.00,1.09)","0.1831","0.2356","0.6592","0.0660","1.0005","1.0003","1.0000","1.0017",5193,4168,3589,3311,3946,3587,3754,3243
"J40_J47_J60_J70_J84_D86_C34","2000_2005","2016_2020",15,"Homeownership_tertile_2_EQI+SM+PA+OB","1.00(1.00,1.00)","1.03(0.99,1.06)","1.05(1.01,1.08)","1.05(1.01,1.08)","1.04(1.00,1.08)","0.1044","0.0077","0.0152","0.0485","0.9998","1.0006","1.0003","1.0014",5548,4167,3430,3236,4074,3586,3705,3922
"J40_J47_J60_J70_J84_D86_C34","2000_2005","2016_2020",15,"Homeownership_tertile_2_EQI_Air+SM+PA+OB","1.00(1.00,1.00)","1.03(1.00,1.07)","1.05(1.01,1.08)","1.03(0.99,1.07)","1.04(1.00,1.08)","0.0673","0.0123","0.0952","0.0819","1.0001","1.0007","1.0013","1.0003",3463,3259,2929,2924,3538,3796,3427,3629
"J40_J47_J60_J70_J84_D86_C34","2000_2005","2016_2020",15,"Homeownership_tertile_2_EQI_Water+SM+PA+OB","1.00(1.00,1.00)","1.01(0.97,1.05)","0.99(0.95,1.03)","1.00(0.96,1.04)","1.00(0.96,1.05)","0.6417","0.6238","0.9317","0.8117","1.0002","1.0009","1.0012","1.0007",3694,3478,3126,3203,3619,3922,3730,3499
"J40_J47_J60_J70_J84_D86_C34","2000_2005","2016_2020",15,"Homeownership_tertile_2_EQI_Land+SM+PA+OB","1.00(1.00,1.00)","1.01(0.98,1.04)","1.00(0.97,1.04)","0.99(0.95,1.02)","0.99(0.95,1.03)","0.6367","0.8988","0.4609","0.6401","1.0001","1.0014","0.9998","1.0003",4430,3641,3483,3518,3974,3335,3485,3917
"J40_J47_J60_J70_J84_D86_C34","2000_2005","2016_2020",15,"Homeownership_tertile_2_EQI_Built+SM+PA+OB","1.00(1.00,1.00)","1.04(1.01,1.07)","1.05(1.01,1.08)","1.03(1.00,1.07)","1.03(0.99,1.07)","0.0215","0.0073","0.0769","0.1531","1.0001","1.0009","1.0011","1.0007",4764,4373,4247,4006,3577,3973,3883,4090
"J40_J47_J60_J70_J84_D86_C34","2000_2005","2016_2020",15,"Homeownership_tertile_2_EQI_Social+SM+PA+OB","1.00(1.00,1.00)","1.01(0.97,1.04)","1.00(0.97,1.04)","0.99(0.95,1.03)","1.01(0.96,1.06)","0.7655","0.8117","0.7371","0.6751","1.0008","1.0007","0.9999","1.0007",5031,3770,3104,2778,3546,3783,3378,3288
"J40_J47_J60_J70_J84_D86_C34","2000_2005","2021_2024",20,"Homeownership_tertile_2_EQI+SM+PA+OB","1.00(1.00,1.00)","1.05(1.01,1.09)","1.03(0.99,1.07)","1.02(0.98,1.06)","0.99(0.94,1.03)","0.0169","0.0994","0.3626","0.5426","1.0015","1.0018","1.0021","1.0014",4373,3083,2694,2257,3732,3592,3357,3167
"J40_J47_J60_J70_J84_D86_C34","2000_2005","2021_2024",20,"Homeownership_tertile_2_EQI_Air+SM+PA+OB","1.00(1.00,1.00)","1.02(0.98,1.06)","1.04(1.00,1.08)","1.02(0.98,1.07)","0.99(0.95,1.04)","0.2331","0.0290","0.2377","0.6917","1.0004","0.9997","1.0001","1.0004",4531,3999,3487,3314,3822,3992,4302,4193
"J40_J47_J60_J70_J84_D86_C34","2000_2005","2021_2024",20,"Homeownership_tertile_2_EQI_Water+SM+PA+OB","1.00(1.00,1.00)","1.02(0.98,1.06)","0.97(0.93,1.02)","1.02(0.97,1.06)","0.97(0.93,1.02)","0.3935","0.2302","0.4647","0.2851","1.0009","1.0016","1.0001","1.0016",3714,3238,3162,3193,3853,3678,3706,3529
"J40_J47_J60_J70_J84_D86_C34","2000_2005","2021_2024",20,"Homeownership_tertile_2_EQI_Land+SM+PA+OB","1.00(1.00,1.00)","0.99(0.95,1.03)","1.01(0.97,1.05)","0.99(0.95,1.03)","0.98(0.94,1.03)","0.6063","0.7121","0.5526","0.4364","1.0001","0.9997","1.0000","1.0005",5636,3947,3719,3485,4255,4069,3675,3743
"J40_J47_J60_J70_J84_D86_C34","2000_2005","2021_2024",20,"Homeownership_tertile_2_EQI_Built+SM+PA+OB","1.00(1.00,1.00)","1.06(1.03,1.10)","1.05(1.01,1.09)","1.04(1.00,1.08)","1.04(0.99,1.08)","0.0006","0.0065","0.0610","0.1164","1.0022","1.0000","1.0002","1.0005",4580,4050,4110,4234,3988,3957,3953,3893
"J40_J47_J60_J70_J84_D86_C34","2000_2005","2021_2024",20,"Homeownership_tertile_2_EQI_Social+SM+PA+OB","1.00(1.00,1.00)","0.99(0.95,1.03)","0.98(0.94,1.02)","0.96(0.92,1.00)","0.96(0.91,1.01)","0.5726","0.2818","0.0569","0.0902","1.0010","1.0002","1.0000","1.0006",4963,3998,3505,3358,3998,4279,3497,3981
"J40_J47_J60_J70_J84_D86_C34","2000_2005","2006_2010",5,"Homeownership_tertile_3_EQI+SM+PA+OB","1.00(1.00,1.00)","1.03(0.99,1.06)","1.01(0.97,1.04)","1.02(0.99,1.06)","1.07(1.02,1.11)","0.1123","0.6563","0.2089","0.0019","1.0006","1.0007","1.0009","1.0018",4875,4486,3485,3490,3952,3958,3645,3804
"J40_J47_J60_J70_J84_D86_C34","2000_2005","2006_2010",5,"Homeownership_tertile_3_EQI_Air+SM+PA+OB","1.00(1.00,1.00)","1.03(1.00,1.06)","1.04(1.00,1.07)","1.05(1.01,1.08)","1.05(1.01,1.10)","0.0948","0.0356","0.0169","0.0102","0.9998","1.0010","1.0008","1.0007",3335,2576,2781,3011,3693,3168,3235,3376
"J40_J47_J60_J70_J84_D86_C34","2000_2005","2006_2010",5,"Homeownership_tertile_3_EQI_Water+SM+PA+OB","1.00(1.00,1.00)","0.98(0.94,1.02)","0.98(0.94,1.02)","1.03(0.99,1.07)","1.01(0.97,1.05)","0.3043","0.3193","0.1498","0.6705","1.0014","1.0023","1.0016","1.0015",3159,3080,2866,2491,3408,3480,3571,3507
"J40_J47_J60_J70_J84_D86_C34","2000_2005","2006_2010",5,"Homeownership_tertile_3_EQI_Land+SM+PA+OB","1.00(1.00,1.00)","0.97(0.94,1.01)","0.94(0.91,0.97)","0.94(0.90,0.97)","0.95(0.91,0.99)","0.1077","0.0015","0.0006","0.0127","0.9993","1.0008","1.0005","1.0006",4054,3248,2831,3024,4175,3811,3001,3100
"J40_J47_J60_J70_J84_D86_C34","2000_2005","2006_2010",5,"Homeownership_tertile_3_EQI_Built+SM+PA+OB","1.00(1.00,1.00)","1.01(0.99,1.04)","0.99(0.96,1.02)","1.01(0.98,1.04)","0.95(0.91,0.99)","0.2939","0.6080","0.5605","0.0265","1.0005","1.0003","1.0005","1.0006",4993,4216,4432,4520,3864,3696,4029,4092
"J40_J47_J60_J70_J84_D86_C34","2000_2005","2006_2010",5,"Homeownership_tertile_3_EQI_Social+SM+PA+OB","1.00(1.00,1.00)","0.99(0.96,1.02)","0.98(0.94,1.02)","1.00(0.96,1.03)","1.02(0.98,1.07)","0.5593","0.2581","0.8171","0.3197","1.0004","1.0006","1.0024","1.0022",4345,2920,2631,2373,3383,3614,3672,3215
"J40_J47_J60_J70_J84_D86_C34","2000_2005","2011_2015",10,"Homeownership_tertile_3_EQI+SM+PA+OB","1.00(1.00,1.00)","1.00(0.97,1.03)","0.99(0.96,1.02)","1.02(0.98,1.05)","1.06(1.02,1.10)","0.8946","0.5401","0.3960","0.0040","1.0010","1.0009","1.0004","1.0012",4577,3757,3047,3152,3422,3298,3635,3447
"J40_J47_J60_J70_J84_D86_C34","2000_2005","2011_2015",10,"Homeownership_tertile_3_EQI_Air+SM+PA+OB","1.00(1.00,1.00)","1.01(0.98,1.04)","1.02(0.99,1.05)","1.03(0.99,1.07)","1.05(1.01,1.09)","0.4576","0.1689","0.1006","0.0148","1.0017","1.0031","1.0035","1.0033",3463,2955,2622,2786,3964,3959,3783,4021
"J40_J47_J60_J70_J84_D86_C34","2000_2005","2011_2015",10,"Homeownership_tertile_3_EQI_Water+SM+PA+OB","1.00(1.00,1.00)","0.99(0.95,1.02)","1.00(0.97,1.04)","1.02(0.98,1.06)","1.03(0.99,1.07)","0.4305","0.9571","0.3218","0.1848","1.0006","1.0002","1.0006","1.0009",3265,2833,3066,3197,3658,3453,3790,3529
"J40_J47_J60_J70_J84_D86_C34","2000_2005","2011_2015",10,"Homeownership_tertile_3_EQI_Land+SM+PA+OB","1.00(1.00,1.00)","0.97(0.94,1.00)","0.96(0.93,0.99)","0.96(0.92,0.99)","0.97(0.93,1.01)","0.0773","0.0085","0.0227","0.1414","1.0007","1.0003","1.0004","1.0003",4303,3413,3544,3472,3727,3579,3861,4106
"J40_J47_J60_J70_J84_D86_C34","2000_2005","2011_2015",10,"Homeownership_tertile_3_EQI_Built+SM+PA+OB","1.00(1.00,1.00)","1.02(1.00,1.05)","1.01(0.98,1.04)","1.02(0.99,1.05)","0.98(0.94,1.02)","0.0677","0.5105","0.2722","0.4330","1.0004","1.0007","1.0004","1.0004",4558,4015,3965,4263,3548,3886,3929,3791
"J40_J47_J60_J70_J84_D86_C34","2000_2005","2011_2015",10,"Homeownership_tertile_3_EQI_Social+SM+PA+OB","1.00(1.00,1.00)","0.98(0.95,1.02)","0.95(0.91,0.98)","0.98(0.94,1.02)","0.99(0.95,1.04)","0.3101","0.0040","0.3556","0.6530","1.0003","1.0004","1.0015","1.0012",4005,2732,2606,2264,4010,3581,3148,3086
"J40_J47_J60_J70_J84_D86_C34","2000_2005","2016_2020",15,"Homeownership_tertile_3_EQI+SM+PA+OB","1.00(1.00,1.00)","1.02(0.98,1.05)","0.98(0.95,1.02)","1.02(0.98,1.06)","1.06(1.01,1.11)","0.3556","0.3585","0.2435","0.0094","1.0004","1.0009","1.0015","1.0017",4269,3594,3173,3037,3953,3861,3452,3608
"J40_J47_J60_J70_J84_D86_C34","2000_2005","2016_2020",15,"Homeownership_tertile_3_EQI_Air+SM+PA+OB","1.00(1.00,1.00)","1.02(0.99,1.05)","1.04(1.00,1.07)","1.05(1.01,1.09)","1.05(1.01,1.10)","0.2014","0.0398","0.0115","0.0281","1.0022","1.0003","1.0022","1.0006",3739,3244,3106,3758,3431,3431,3989,3736
"J40_J47_J60_J70_J84_D86_C34","2000_2005","2016_2020",15,"Homeownership_tertile_3_EQI_Water+SM+PA+OB","1.00(1.00,1.00)","1.01(0.97,1.05)","1.01(0.97,1.05)","1.04(1.00,1.08)","1.02(0.98,1.06)","0.5005","0.6222","0.0789","0.3826","1.0005","1.0031","1.0013","1.0013",2893,2656,2548,2555,3592,3452,3552,3330
"J40_J47_J60_J70_J84_D86_C34","2000_2005","2016_2020",15,"Homeownership_tertile_3_EQI_Land+SM+PA+OB","1.00(1.00,1.00)","0.94(0.91,0.98)","0.94(0.91,0.98)","0.93(0.89,0.97)","0.95(0.91,0.99)","0.0002","0.0015","0.0006","0.0098","1.0008","1.0004","1.0012","1.0012",3641,3182,2829,2955,3857,3770,3741,3575
"J40_J47_J60_J70_J84_D86_C34","2000_2005","2016_2020",15,"Homeownership_tertile_3_EQI_Built+SM+PA+OB","1.00(1.00,1.00)","1.01(0.98,1.04)","1.02(0.99,1.05)","1.01(0.98,1.05)","0.97(0.93,1.01)","0.5168","0.1460","0.4534","0.1718","1.0006","1.0005","1.0006","0.9998",4587,3677,4001,3548,4146,3782,3786,3645
"J40_J47_J60_J70_J84_D86_C34","2000_2005","2016_2020",15,"Homeownership_tertile_3_EQI_Social+SM+PA+OB","1.00(1.00,1.00)","1.01(0.98,1.05)","0.98(0.94,1.01)","1.00(0.97,1.04)","1.00(0.95,1.04)","0.5347","0.1768","0.8559","0.8463","1.0000","1.0007","1.0000","1.0003",4432,3460,3138,2895,3818,3534,3840,3040
"J40_J47_J60_J70_J84_D86_C34","2000_2005","2021_2024",20,"Homeownership_tertile_3_EQI+SM+PA+OB","1.00(1.00,1.00)","1.03(0.99,1.07)","0.99(0.95,1.02)","1.01(0.97,1.05)","1.02(0.97,1.07)","0.1748","0.4884","0.6905","0.5388","1.0009","1.0008","1.0017","1.0011",4147,3414,2908,2984,4154,3770,3392,3338
"J40_J47_J60_J70_J84_D86_C34","2000_2005","2021_2024",20,"Homeownership_tertile_3_EQI_Air+SM+PA+OB","1.00(1.00,1.00)","1.03(0.99,1.07)","1.02(0.98,1.06)","1.01(0.97,1.05)","0.99(0.94,1.04)","0.1543","0.2993","0.7063","0.6230","1.0013","1.0003","1.0002","0.9998",4596,3937,3770,4375,3353,3990,3903,4041
"J40_J47_J60_J70_J84_D86_C34","2000_2005","2021_2024",20,"Homeownership_tertile_3_EQI_Water+SM+PA+OB","1.00(1.00,1.00)","0.99(0.95,1.03)","1.01(0.96,1.05)","1.03(0.99,1.08)","1.01(0.97,1.06)","0.5659","0.8013","0.1689","0.5434","1.0009","1.0028","1.0017","1.0005",3780,3193,3866,3488,3942,3564,3834,3795
"J40_J47_J60_J70_J84_D86_C34","2000_2005","2021_2024",20,"Homeownership_tertile_3_EQI_Land+SM+PA+OB","1.00(1.00,1.00)","0.99(0.95,1.03)","0.98(0.94,1.02)","0.96(0.92,1.01)","0.99(0.95,1.04)","0.5509","0.2377","0.0902","0.6930","1.0004","1.0010","0.9998","1.0009",4856,4422,3401,3549,3826,3793,4029,3565
"J40_J47_J60_J70_J84_D86_C34","2000_2005","2021_2024",20,"Homeownership_tertile_3_EQI_Built+SM+PA+OB","1.00(1.00,1.00)","1.03(1.00,1.06)","1.04(1.00,1.07)","1.01(0.97,1.05)","0.99(0.94,1.03)","0.1056","0.0385","0.5480","0.6259","1.0008","1.0000","1.0008","1.0004",5892,5206,5070,4908,3946,4250,3935,3756
"J40_J47_J60_J70_J84_D86_C34","2000_2005","2021_2024",20,"Homeownership_tertile_3_EQI_Social+SM+PA+OB","1.00(1.00,1.00)","1.01(0.97,1.05)","0.98(0.94,1.02)","0.99(0.95,1.03)","1.01(0.96,1.06)","0.5659","0.4564","0.6659","0.7605","1.0005","1.0003","1.0000","1.0006",4962,3872,3630,2919,4139,3894,3775,3130
