ICD_Code,EQI_Period,AAMR_Period,Lag,Model,Q1,Q2,Q3,Q4,Q5,Q2_p,Q3_p,Q4_p,Q5_p,Q2_rhat,Q3_rhat,Q4_rhat,Q5_rhat,Q2_ess_bulk,Q3_ess_bulk,Q4_ess_bulk,Q5_ess_bulk,Q2_ess_tail,Q3_ess_tail,Q4_ess_tail,Q5_ess_tail
I00_I99,2000_2005,2006_2010,5,Census_Region_1_EQI+SM+PA+OB,0.00,"-2.02(-9.56,5.72)","6.07(-0.57,12.85)","0.89(-5.03,6.82)","0.41(-5.70,6.49)",0.5976,0.0737,0.7801,0.9015,1.0012,1.0009,1.0024,1.0004,3783,3026,2787,2532,3013,3165,2879,2946
"I00_I99","2000_2005","2006_2010",5,"Census_Region_1_EQI_Air+SM+PA+OB","0.00","-2.97(-10.36,4.56)","-2.97(-9.25,3.57)","0.32(-5.86,6.54)","9.10(3.12,15.29)","0.4371","0.3762","0.9395","0.0022","1.0003","1.0027","0.9999","1.0005",3569,3022,2827,2307,2850,3065,3135,2633
"I00_I99","2000_2005","2006_2010",5,"Census_Region_1_EQI_Water+SM+PA+OB","0.00","4.83(-1.78,11.45)","-8.64(-15.84,-1.24)","-8.01(-13.83,-2.04)","-7.61(-13.95,-1.02)","0.1502","0.0237","0.0092","0.0227","1.0024","1.0004","1.0016","1.0020",4701,3494,3215,3021,3138,3092,3229,3002
"I00_I99","2000_2005","2006_2010",5,"Census_Region_1_EQI_Land+SM+PA+OB","0.00","2.53(-4.29,9.36)","2.39(-3.79,8.16)","-1.59(-7.78,4.29)","-3.26(-9.64,3.09)","0.4736","0.4131","0.5866","0.3237","1.0007","1.0015","1.0023","1.0012",3117,2301,1986,2392,3111,2647,3011,2609
"I00_I99","2000_2005","2006_2010",5,"Census_Region_1_EQI_Built+SM+PA+OB","0.00","1.78(-5.82,9.44)","-0.61(-6.82,5.61)","1.72(-4.19,7.75)","0.60(-5.53,6.55)","0.6501","0.8395","0.5701","0.8365","1.0012","1.0011","1.0000","1.0025",4813,3370,3207,2764,3228,3241,2985,2939
"I00_I99","2000_2005","2006_2010",5,"Census_Region_1_EQI_Social+SM+PA+OB","0.00","-2.35(-9.42,4.42)","4.62(-1.55,10.62)","-6.78(-12.82,-0.69)","-6.93(-13.29,-0.61)","0.5146","0.1342","0.0257","0.0342","1.0005","1.0011","1.0000","1.0002",4185,2861,2700,2459,2853,3424,3017,2669
"I00_I99","2000_2005","2011_2015",10,"Census_Region_1_EQI+SM+PA+OB","0.00","-6.61(-14.34,1.04)","8.46(2.38,14.63)","3.91(-1.77,9.79)","6.12(0.18,12.10)","0.0837","0.0052","0.1947","0.0442","0.9999","1.0003","1.0013","1.0015",4059,2542,2310,2154,3166,3335,2986,3004
"I00_I99","2000_2005","2011_2015",10,"Census_Region_1_EQI_Air+SM+PA+OB","0.00","-0.66(-7.81,6.60)","1.35(-4.83,7.60)","2.09(-4.17,8.28)","7.62(1.42,13.77)","0.8350","0.6716","0.4941","0.0157","1.0015","1.0013","1.0011","1.0012",3685,3135,2772,2660,2979,2872,2919,2854
"I00_I99","2000_2005","2011_2015",10,"Census_Region_1_EQI_Water+SM+PA+OB","0.00","0.75(-5.34,6.99)","-8.00(-14.64,-1.22)","-4.52(-10.26,1.24)","-3.58(-9.69,2.37)","0.8410","0.0207","0.1192","0.2472","1.0006","1.0002","1.0002","1.0003",4265,3522,3056,3072,3353,3391,3238,3192
"I00_I99","2000_2005","2011_2015",10,"Census_Region_1_EQI_Land+SM+PA+OB","0.00","-0.04(-6.53,6.39)","1.62(-3.79,7.40)","1.08(-4.72,6.61)","0.20(-5.39,6.10)","0.9980","0.5596","0.7086","0.9515","1.0006","1.0013","1.0015","1.0011",2755,2198,2365,2409,2908,2628,3006,2930
"I00_I99","2000_2005","2011_2015",10,"Census_Region_1_EQI_Built+SM+PA+OB","0.00","2.95(-4.20,10.09)","-1.09(-7.00,4.69)","5.11(-0.34,10.94)","5.24(-0.43,10.99)","0.4211","0.7241","0.0712","0.0707","1.0017","1.0003","1.0004","1.0007",3307,2627,2370,2439,3332,2902,2517,2751
"I00_I99","2000_2005","2011_2015",10,"Census_Region_1_EQI_Social+SM+PA+OB","0.00","-2.67(-9.25,3.90)","3.26(-2.53,9.00)","-4.55(-9.69,0.99)","-4.91(-10.79,1.09)","0.4181","0.2642","0.1092","0.1027","1.0003","1.0016","1.0015","1.0003",3667,2965,2537,2292,3216,2694,2946,2835
"I00_I99","2000_2005","2016_2020",15,"Census_Region_1_EQI+SM+PA+OB","0.00","-4.75(-12.51,2.89)","5.36(-0.67,11.50)","0.94(-4.66,6.63)","5.61(-0.10,11.55)","0.2117","0.0747","0.7606","0.0547","1.0020","1.0024","1.0017","1.0023",3859,2971,2249,2035,2591,3042,2809,2745
"I00_I99","2000_2005","2016_2020",15,"Census_Region_1_EQI_Air+SM+PA+OB","0.00","-4.75(-11.88,2.31)","-0.05(-6.07,5.88)","0.27(-5.70,6.21)","9.37(3.53,15.18)","0.1902","0.9765","0.9155","0.0022","1.0025","1.0002","1.0008","0.9999",3561,2517,2415,2443,2985,2584,2860,2549
"I00_I99","2000_2005","2016_2020",15,"Census_Region_1_EQI_Water+SM+PA+OB","0.00","4.41(-1.69,10.44)","-3.50(-9.91,2.89)","-4.51(-9.91,0.87)","-3.63(-9.39,2.12)","0.1562","0.2812","0.1002","0.2027","1.0002","1.0017","1.0019","0.9999",3971,3568,2872,3051,2735,3001,3182,3021
"I00_I99","2000_2005","2016_2020",15,"Census_Region_1_EQI_Land+SM+PA+OB","0.00","-1.55(-7.87,4.49)","0.96(-4.44,6.32)","3.02(-2.43,8.56)","2.44(-3.21,8.16)","0.6506","0.7276","0.2602","0.3982","0.9999","1.0003","0.9998","1.0001",3580,2569,2550,2618,3591,3015,3327,3164
"I00_I99","2000_2005","2016_2020",15,"Census_Region_1_EQI_Built+SM+PA+OB","0.00","4.22(-2.90,11.16)","-0.83(-6.19,4.75)","2.34(-2.92,7.69)","0.10(-5.20,5.49)","0.2242","0.7786","0.3862","0.9550","1.0014","1.0013","1.0012","1.0021",3274,2876,2694,2456,3192,3110,2998,3116
"I00_I99","2000_2005","2016_2020",15,"Census_Region_1_EQI_Social+SM+PA+OB","0.00","-2.25(-8.56,3.99)","1.84(-3.81,7.46)","-6.57(-11.94,-1.12)","-6.48(-12.15,-0.68)","0.4861","0.5266","0.0187","0.0307","1.0001","1.0007","1.0006","1.0007",3906,3033,2612,2596,3233,2952,2730,3077
"I00_I99","2000_2005","2021_2024",20,"Census_Region_1_EQI+SM+PA+OB","0.00","-3.87(-12.38,4.33)","2.25(-5.09,9.54)","-0.35(-7.00,6.46)","2.83(-4.38,9.78)","0.3842","0.5591","0.9165","0.4161","1.0015","1.0003","1.0006","1.0003",4728,3751,2936,2742,2613,3014,2834,2678
"I00_I99","2000_2005","2021_2024",20,"Census_Region_1_EQI_Air+SM+PA+OB","0.00","-0.76(-8.85,7.14)","-2.61(-9.79,4.85)","1.61(-5.41,8.75)","2.91(-4.00,9.93)","0.8575","0.4791","0.6601","0.4211","1.0008","1.0015","1.0006","1.0002",6418,4926,4078,3578,3108,2957,3048,3165
"I00_I99","2000_2005","2021_2024",20,"Census_Region_1_EQI_Water+SM+PA+OB","0.00","0.45(-7.40,8.12)","-0.32(-8.84,8.30)","1.13(-5.96,8.42)","0.96(-6.69,8.55)","0.9090","0.9310","0.7691","0.8090","1.0011","1.0002","1.0007","1.0017",5446,5108,5227,4971,3159,2818,2937,2985
"I00_I99","2000_2005","2021_2024",20,"Census_Region_1_EQI_Land+SM+PA+OB","0.00","-1.79(-9.42,5.76)","0.26(-6.14,6.78)","2.40(-4.14,9.21)","2.04(-4.96,9.12)","0.6681","0.9390","0.4851","0.5561","1.0005","1.0007","1.0023","1.0008",5144,4113,3849,4660,2953,3021,3259,3074
"I00_I99","2000_2005","2021_2024",20,"Census_Region_1_EQI_Built+SM+PA+OB","0.00","-2.30(-10.72,6.13)","-4.63(-11.79,2.45)","4.10(-2.71,10.74)","2.77(-3.92,9.34)","0.5931","0.1982","0.2237","0.4061","1.0007","1.0005","0.9999","1.0003",6216,5218,4342,3720,2717,3258,3447,3241
"I00_I99","2000_2005","2021_2024",20,"Census_Region_1_EQI_Social+SM+PA+OB","0.00","1.83(-6.05,9.72)","1.80(-4.95,8.66)","-2.75(-9.26,3.85)","-4.64(-11.75,2.51)","0.6646","0.6341","0.4081","0.2072","1.0005","1.0003","0.9999","1.0024",5991,4588,4268,3668,3250,3011,3360,3041
"I00_I99","2000_2005","2006_2010",5,"Census_Region_2_EQI+SM+PA+OB","0.00","22.14(16.60,27.86)","23.34(18.05,28.43)","20.45(15.30,25.70)","20.72(15.23,26.43)","0.0002","0.0002","0.0002","0.0002","1.0008","1.0007","1.0024","1.0024",2974,2430,2114,1910,2777,2455,2278,2481
"I00_I99","2000_2005","2006_2010",5,"Census_Region_2_EQI_Air+SM+PA+OB","0.00","6.03(1.34,10.75)","12.17(7.29,17.10)","9.20(4.11,14.43)","9.53(3.84,15.08)","0.0122","0.0002","0.0007","0.0007","1.0007","1.0014","1.0017","1.0024",3420,3203,2671,2491,3037,2789,3129,3025
"I00_I99","2000_2005","2006_2010",5,"Census_Region_2_EQI_Water+SM+PA+OB","0.00","-2.03(-7.29,3.18)","4.71(-0.72,9.96)","4.36(-0.76,9.52)","3.13(-3.24,9.17)","0.4571","0.0917","0.0972","0.3012","1.0022","1.0010","1.0001","1.0007",2991,2940,2889,3283,2692,2811,3079,2878
"I00_I99","2000_2005","2006_2010",5,"Census_Region_2_EQI_Land+SM+PA+OB","0.00","1.34(-4.44,7.32)","6.96(1.39,12.32)","14.22(8.85,19.47)","14.00(8.42,19.36)","0.6666","0.0142","0.0002","0.0002","1.0014","1.0025","1.0019","1.0012",3524,2766,2383,2700,2716,2439,2805,2465
"I00_I99","2000_2005","2006_2010",5,"Census_Region_2_EQI_Built+SM+PA+OB","0.00","14.01(9.22,18.78)","11.34(6.80,15.92)","12.82(7.93,17.57)","14.44(9.32,19.45)","0.0002","0.0002","0.0002","0.0002","0.9999","0.9997","1.0002","1.0012",3590,3322,3024,2863,3416,3020,2926,2720
"I00_I99","2000_2005","2006_2010",5,"Census_Region_2_EQI_Social+SM+PA+OB","0.00","-5.51(-11.14,0.31)","-4.49(-9.62,0.68)","-3.09(-8.30,2.14)","-6.25(-12.15,-0.49)","0.0672","0.0927","0.2502","0.0327","1.0020","1.0016","1.0016","0.9999",3698,2764,2456,2331,3332,2997,2693,2786
"I00_I99","2000_2005","2011_2015",10,"Census_Region_2_EQI+SM+PA+OB","0.00","21.91(16.80,26.96)","22.63(17.86,27.33)","22.18(17.19,27.08)","21.14(15.75,26.67)","0.0002","0.0002","0.0002","0.0002","1.0011","1.0009","1.0008","1.0012",2872,2273,2085,1874,2748,2660,2425,2396
"I00_I99","2000_2005","2011_2015",10,"Census_Region_2_EQI_Air+SM+PA+OB","0.00","6.18(1.73,10.71)","10.14(5.63,14.91)","8.30(3.27,13.42)","5.06(-0.53,10.61)","0.0067","0.0002","0.0007","0.0777","1.0009","1.0006","0.9999","1.0018",3448,3029,3005,2674,2965,2855,2931,2761
"I00_I99","2000_2005","2011_2015",10,"Census_Region_2_EQI_Water+SM+PA+OB","0.00","-6.60(-11.71,-1.79)","3.76(-1.31,8.74)","5.56(0.45,10.50)","3.33(-2.34,9.03)","0.0082","0.1562","0.0312","0.2647","1.0000","1.0020","1.0003","1.0005",3298,2730,3073,3492,3445,2875,2823,3103
"I00_I99","2000_2005","2011_2015",10,"Census_Region_2_EQI_Land+SM+PA+OB","0.00","0.57(-5.30,6.25)","6.12(0.90,11.30)","14.39(9.22,19.47)","15.25(9.92,20.46)","0.8365","0.0242","0.0002","0.0002","1.0015","1.0018","1.0010","1.0014",3368,2963,2712,2745,2718,2975,2952,2883
"I00_I99","2000_2005","2011_2015",10,"Census_Region_2_EQI_Built+SM+PA+OB","0.00","16.26(11.55,20.82)","12.85(8.59,17.35)","14.09(9.51,18.80)","15.30(10.44,20.38)","0.0002","0.0002","0.0002","0.0002","1.0007","1.0007","1.0045","1.0013",3223,2793,2911,2832,2753,2804,3063,3027
"I00_I99","2000_2005","2011_2015",10,"Census_Region_2_EQI_Social+SM+PA+OB","0.00","-3.64(-9.14,2.00)","-3.32(-8.39,1.53)","1.88(-3.03,7.00)","-4.80(-10.33,0.80)","0.1937","0.1877","0.4571","0.0992","1.0006","1.0006","1.0007","1.0009",3543,3141,2565,2553,3056,3056,2919,3024
"I00_I99","2000_2005","2016_2020",15,"Census_Region_2_EQI+SM+PA+OB","0.00","21.68(16.54,26.85)","18.37(13.67,23.30)","18.44(13.53,23.22)","23.25(17.99,28.65)","0.0002","0.0002","0.0002","0.0002","1.0002","1.0015","1.0015","1.0015",2834,2294,2189,1979,2879,2177,2503,2736
"I00_I99","2000_2005","2016_2020",15,"Census_Region_2_EQI_Air+SM+PA+OB","0.00","9.46(5.08,13.80)","8.24(3.84,12.79)","11.34(6.54,16.35)","10.34(4.76,15.75)","0.0002","0.0007","0.0002","0.0007","1.0009","1.0013","1.0004","1.0009",3737,3204,2996,2905,3176,3204,3276,3048
"I00_I99","2000_2005","2016_2020",15,"Census_Region_2_EQI_Water+SM+PA+OB","0.00","-4.33(-9.37,0.74)","5.02(-0.02,10.21)","4.19(-0.85,9.27)","4.11(-1.62,10.10)","0.0952","0.0512","0.1022","0.1657","1.0006","0.9999","1.0008","1.0002",3289,2846,2897,3064,3179,3013,2934,3012
"I00_I99","2000_2005","2016_2020",15,"Census_Region_2_EQI_Land+SM+PA+OB","0.00","1.33(-4.13,6.78)","5.56(0.55,10.69)","12.41(7.24,17.52)","13.03(7.76,18.39)","0.6286","0.0317","0.0002","0.0002","0.9999","1.0002","1.0006","1.0005",3290,2504,2242,2158,2821,2728,2745,2341
"I00_I99","2000_2005","2016_2020",15,"Census_Region_2_EQI_Built+SM+PA+OB","0.00","14.25(9.64,18.45)","13.80(9.46,18.18)","12.49(8.14,16.73)","16.96(12.45,21.65)","0.0002","0.0002","0.0002","0.0002","1.0003","1.0001","1.0012","1.0017",3938,3265,3039,3182,3073,3168,3217,3170
"I00_I99","2000_2005","2016_2020",15,"Census_Region_2_EQI_Social+SM+PA+OB","0.00","-5.13(-10.56,0.32)","-1.20(-6.04,3.77)","0.20(-4.61,5.28)","-3.75(-9.43,1.87)","0.0597","0.6366","0.9555","0.1952","0.9997","1.0005","1.0011","1.0002",3472,2823,2468,2366,2936,2993,2973,2674
"I00_I99","2000_2005","2021_2024",20,"Census_Region_2_EQI+SM+PA+OB","0.00","10.54(3.48,17.63)","7.71(1.22,14.08)","8.87(2.37,15.15)","13.77(6.68,20.89)","0.0047","0.0192","0.0087","0.0002","1.0026","1.0007","1.0019","1.0010",4281,3526,3058,2749,3250,3136,3243,2927
"I00_I99","2000_2005","2021_2024",20,"Census_Region_2_EQI_Air+SM+PA+OB","0.00","5.50(-0.51,11.77)","4.25(-2.09,10.65)","9.50(2.91,15.94)","7.20(0.19,14.29)","0.0782","0.2002","0.0057","0.0442","0.9999","1.0004","1.0008","0.9998",3925,4019,3506,3182,2893,2854,2796,2689
"I00_I99","2000_2005","2021_2024",20,"Census_Region_2_EQI_Water+SM+PA+OB","0.00","-6.79(-13.49,0.06)","1.55(-5.11,8.19)","5.12(-1.38,11.80)","1.62(-6.10,9.16)","0.0532","0.6476","0.1307","0.6736","0.9998","1.0004","1.0011","1.0008",3971,3453,3483,3844,3104,3116,2910,2930
"I00_I99","2000_2005","2021_2024",20,"Census_Region_2_EQI_Land+SM+PA+OB","0.00","-3.97(-11.24,3.54)","-0.63(-7.24,6.09)","6.08(-0.50,12.44)","7.31(0.54,13.94)","0.2852","0.8530","0.0677","0.0342","1.0006","1.0020","1.0019","1.0007",4234,3206,3225,3476,2629,2826,2995,3034
"I00_I99","2000_2005","2021_2024",20,"Census_Region_2_EQI_Built+SM+PA+OB","0.00","5.27(-1.19,11.40)","6.82(0.62,12.90)","8.64(2.27,14.65)","11.48(5.08,17.96)","0.1207","0.0342","0.0062","0.0002","1.0013","1.0017","0.9998","1.0010",4411,3954,3693,3508,3013,3009,3158,3062
"I00_I99","2000_2005","2021_2024",20,"Census_Region_2_EQI_Social+SM+PA+OB","0.00","-6.01(-13.11,1.18)","-4.98(-11.66,1.64)","2.44(-3.96,8.87)","-1.23(-8.07,5.93)","0.1117","0.1472","0.4516","0.7376","1.0012","1.0005","1.0008","1.0007",4539,3853,3185,2838,2994,3093,3195,3109
"I00_I99","2000_2005","2006_2010",5,"Census_Region_3_EQI+SM+PA+OB","0.00","8.91(4.80,12.85)","8.75(4.35,13.11)","10.47(5.57,15.35)","12.00(6.09,18.16)","0.0002","0.0002","0.0002","0.0002","1.0029","1.0012","1.0010","1.0016",2885,2598,2342,2270,2996,2668,2760,2809
"I00_I99","2000_2005","2006_2010",5,"Census_Region_3_EQI_Air+SM+PA+OB","0.00","12.43(7.61,17.19)","12.38(7.43,17.07)","11.36(6.35,16.15)","14.22(8.93,19.44)","0.0002","0.0002","0.0002","0.0002","1.0002","1.0000","1.0003","1.0000",2845,2636,2563,2588,2903,2959,2740,2926
"I00_I99","2000_2005","2006_2010",5,"Census_Region_3_EQI_Water+SM+PA+OB","0.00","0.39(-4.65,5.57)","0.27(-4.88,5.66)","1.54(-3.87,6.88)","-2.18(-8.17,3.68)","0.8955","0.9235","0.5776","0.4796","1.0003","1.0004","0.9998","1.0017",2963,2965,2667,2941,2959,3168,2694,3041
"I00_I99","2000_2005","2006_2010",5,"Census_Region_3_EQI_Land+SM+PA+OB","0.00","-3.31(-6.84,0.40)","-4.72(-8.77,-0.64)","-0.70(-6.24,4.82)","-0.99(-7.65,5.74)","0.0757","0.0227","0.8135","0.7616","1.0000","1.0027","1.0011","1.0000",3747,3959,4112,3916,2876,3189,3177,2711
"I00_I99","2000_2005","2006_2010",5,"Census_Region_3_EQI_Built+SM+PA+OB","0.00","9.04(5.05,12.93)","15.04(10.95,19.18)","15.67(11.27,20.17)","21.64(16.57,26.75)","0.0002","0.0002","0.0002","0.0002","1.0019","1.0001","1.0020","1.0023",3684,3385,3279,3192,3130,3214,2837,3059
"I00_I99","2000_2005","2006_2010",5,"Census_Region_3_EQI_Social+SM+PA+OB","0.00","3.74(-0.10,7.49)","-4.56(-9.03,0.04)","-7.35(-12.64,-2.23)","-6.92(-12.92,-1.06)","0.0577","0.0527","0.0042","0.0252","1.0008","1.0004","1.0003","1.0000",3387,2874,2844,2832,2680,2532,3142,3019
"I00_I99","2000_2005","2011_2015",10,"Census_Region_3_EQI+SM+PA+OB","0.00","6.16(2.56,9.91)","6.74(2.74,10.82)","8.13(3.60,12.68)","8.98(3.26,14.67)","0.0007","0.0002","0.0007","0.0012","1.0027","1.0036","1.0029","1.0025",2102,2559,2190,2214,2648,2932,2892,2794
"I00_I99","2000_2005","2011_2015",10,"Census_Region_3_EQI_Air+SM+PA+OB","0.00","8.09(3.61,12.54)","9.64(5.23,14.03)","9.58(5.00,14.15)","13.79(8.85,18.83)","0.0002","0.0002","0.0002","0.0002","1.0013","1.0002","1.0008","1.0023",2638,2449,2431,2564,3023,2994,2827,2950
"I00_I99","2000_2005","2011_2015",10,"Census_Region_3_EQI_Water+SM+PA+OB","0.00","-0.43(-5.36,4.25)","0.69(-4.38,5.50)","3.98(-1.31,9.10)","-1.74(-7.45,3.70)","0.8795","0.7696","0.1462","0.5456","1.0013","1.0013","1.0009","1.0002",2955,2909,2960,3115,3032,2895,3014,2833
"I00_I99","2000_2005","2011_2015",10,"Census_Region_3_EQI_Land+SM+PA+OB","0.00","-4.39(-7.64,-1.16)","-5.48(-9.28,-1.57)","-5.81(-10.87,-0.62)","-1.06(-7.34,5.21)","0.0102","0.0042","0.0277","0.7381","1.0027","1.0018","1.0007","1.0007",4188,3923,4443,4088,2832,2733,2772,2935
"I00_I99","2000_2005","2011_2015",10,"Census_Region_3_EQI_Built+SM+PA+OB","0.00","8.75(5.02,12.37)","12.10(8.19,16.08)","13.36(9.16,17.38)","20.62(15.94,25.18)","0.0002","0.0002","0.0002","0.0002","1.0003","1.0015","1.0008","1.0007",4067,3560,3621,3846,3361,3166,3165,3138
"I00_I99","2000_2005","2011_2015",10,"Census_Region_3_EQI_Social+SM+PA+OB","0.00","2.91(-0.55,6.45)","-6.00(-10.19,-1.83)","-10.14(-15.00,-5.17)","-11.42(-17.19,-5.75)","0.0977","0.0052","0.0002","0.0002","1.0005","1.0008","1.0009","1.0008",3452,3474,3421,3180,2780,3312,3348,3145
"I00_I99","2000_2005","2016_2020",15,"Census_Region_3_EQI+SM+PA+OB","0.00","10.62(6.71,14.61)","12.09(7.85,16.33)","16.36(11.55,21.20)","14.75(8.97,20.81)","0.0002","0.0002","0.0002","0.0002","1.0005","1.0012","1.0010","1.0013",2757,2475,2338,2286,2568,2392,2621,2613
"I00_I99","2000_2005","2016_2020",15,"Census_Region_3_EQI_Air+SM+PA+OB","0.00","5.40(0.49,10.33)","11.56(6.89,16.30)","13.55(8.84,18.09)","18.78(13.65,23.82)","0.0332","0.0002","0.0002","0.0002","0.9995","1.0003","1.0003","1.0008",3127,2819,2624,2726,2941,2744,2820,2470
"I00_I99","2000_2005","2016_2020",15,"Census_Region_3_EQI_Water+SM+PA+OB","0.00","-2.52(-7.51,2.43)","-0.26(-5.10,4.58)","3.36(-1.92,8.74)","-1.77(-7.58,3.88)","0.3422","0.9280","0.2047","0.5681","1.0000","1.0009","1.0002","1.0005",3744,2832,3374,3559,3195,2968,2826,3051
"I00_I99","2000_2005","2016_2020",15,"Census_Region_3_EQI_Land+SM+PA+OB","0.00","-1.90(-5.27,1.48)","-3.30(-7.15,0.56)","-3.76(-8.97,1.51)","-2.13(-8.78,4.45)","0.2872","0.0982","0.1807","0.5256","1.0005","1.0018","1.0015","1.0013",4321,3933,4020,4702,2827,2909,2578,3038
"I00_I99","2000_2005","2016_2020",15,"Census_Region_3_EQI_Built+SM+PA+OB","0.00","10.25(6.48,13.97)","15.79(11.59,19.91)","19.55(15.21,23.88)","26.57(21.71,31.42)","0.0002","0.0002","0.0002","0.0002","1.0021","1.0007","1.0009","1.0003",3219,3471,3044,3458,3085,2905,2692,2835
"I00_I99","2000_2005","2016_2020",15,"Census_Region_3_EQI_Social+SM+PA+OB","0.00","4.62(1.02,8.25)","-4.30(-8.73,-0.01)","-9.13(-14.16,-4.05)","-9.33(-15.20,-3.47)","0.0087","0.0502","0.0002","0.0012","1.0014","1.0011","1.0000","0.9998",3452,2936,2991,2928,2750,2753,2888,3307
"I00_I99","2000_2005","2021_2024",20,"Census_Region_3_EQI+SM+PA+OB","0.00","6.01(0.36,11.51)","6.08(0.31,11.89)","6.91(0.48,13.41)","5.86(-1.58,13.60)","0.0372","0.0382","0.0347","0.1382","1.0003","0.9998","1.0016","1.0010",3882,3414,3022,2574,2758,3099,3293,2804
"I00_I99","2000_2005","2021_2024",20,"Census_Region_3_EQI_Air+SM+PA+OB","0.00","-0.64(-6.92,5.83)","5.08(-1.12,11.08)","5.18(-1.01,11.40)","12.24(5.60,19.11)","0.8300","0.1132","0.0997","0.0007","1.0000","1.0008","1.0013","1.0012",3457,3797,3162,3974,3093,3301,2841,2874
"I00_I99","2000_2005","2021_2024",20,"Census_Region_3_EQI_Water+SM+PA+OB","0.00","-3.46(-10.24,3.62)","0.21(-6.28,6.70)","4.20(-2.64,11.10)","-2.97(-10.72,4.80)","0.3302","0.9575","0.2217","0.4456","1.0013","1.0002","1.0004","1.0007",3576,3755,3706,3555,2811,2956,3087,3082
"I00_I99","2000_2005","2021_2024",20,"Census_Region_3_EQI_Land+SM+PA+OB","0.00","-1.62(-6.97,3.65)","-5.40(-11.47,0.62)","-4.47(-11.98,2.91)","-2.00(-10.48,6.31)","0.5366","0.0767","0.2307","0.6441","1.0002","1.0001","1.0009","1.0025",4806,3911,4721,4567,3039,2972,2448,2564
"I00_I99","2000_2005","2021_2024",20,"Census_Region_3_EQI_Built+SM+PA+OB","0.00","4.32(-1.34,10.04)","9.01(2.97,15.08)","13.60(7.26,19.91)","20.13(13.27,26.90)","0.1462","0.0042","0.0002","0.0002","0.9996","1.0006","0.9999","1.0002",4335,4084,3502,3559,3115,2759,2794,3161
"I00_I99","2000_2005","2021_2024",20,"Census_Region_3_EQI_Social+SM+PA+OB","0.00","7.09(1.84,12.48)","-2.00(-8.17,4.00)","-9.94(-16.82,-3.16)","-10.51(-18.06,-3.01)","0.0087","0.5051","0.0042","0.0087","1.0001","1.0001","1.0024","1.0003",3673,3990,3862,3537,2569,3189,3087,3032
"I00_I99","2000_2005","2006_2010",5,"Census_Region_4_EQI+SM+PA+OB","0.00","4.57(-2.85,11.85)","10.53(3.57,17.70)","10.41(3.13,17.89)","10.43(3.18,17.98)","0.2027","0.0037","0.0047","0.0082","1.0007","1.0004","0.9998","1.0008",5203,5205,4797,4214,2935,2957,3250,2983
"I00_I99","2000_2005","2006_2010",5,"Census_Region_4_EQI_Air+SM+PA+OB","0.00","10.86(3.99,17.54)","6.99(-0.30,14.16)","8.28(1.13,15.15)","7.11(-0.61,14.71)","0.0032","0.0597","0.0262","0.0667","0.9996","1.0012","0.9994","1.0011",5087,4918,4698,4738,3029,3190,3306,2740
"I00_I99","2000_2005","2006_2010",5,"Census_Region_4_EQI_Water+SM+PA+OB","0.00","-15.54(-23.00,-7.69)","4.28(-3.19,11.89)","2.99(-4.61,10.31)","7.83(0.54,14.76)","0.0002","0.2652","0.4206","0.0312","1.0000","1.0021","1.0007","1.0008",4263,4222,4140,3245,3333,3222,3469,3129
"I00_I99","2000_2005","2006_2010",5,"Census_Region_4_EQI_Land+SM+PA+OB","0.00","-3.81(-12.63,5.07)","2.25(-5.28,10.00)","4.56(-2.22,11.46)","7.23(0.26,14.29)","0.3942","0.5801","0.2027","0.0427","1.0000","1.0004","1.0001","1.0005",4989,3932,3356,3509,2465,2597,3251,3194
"I00_I99","2000_2005","2006_2010",5,"Census_Region_4_EQI_Built+SM+PA+OB","0.00","0.45(-6.66,7.66)","12.45(5.29,19.71)","7.85(1.15,14.57)","3.00(-3.94,9.80)","0.9065","0.0007","0.0207","0.3737","1.0012","1.0005","1.0009","1.0009",4338,4405,4195,3640,2946,2990,3352,2805
"I00_I99","2000_2005","2006_2010",5,"Census_Region_4_EQI_Social+SM+PA+OB","0.00","1.95(-5.05,9.04)","4.62(-1.93,11.15)","7.14(0.05,14.16)","4.07(-3.45,11.49)","0.6016","0.1792","0.0502","0.2907","1.0018","0.9999","0.9997","1.0001",4886,4221,4375,3693,2546,2735,3118,3356
"I00_I99","2000_2005","2011_2015",10,"Census_Region_4_EQI+SM+PA+OB","0.00","5.35(-1.74,12.11)","10.27(3.41,17.23)","12.70(5.64,19.79)","9.86(2.71,17.03)","0.1272","0.0072","0.0002","0.0072","1.0002","1.0002","1.0000","1.0004",5122,4645,3932,3631,3041,3342,3230,3107
"I00_I99","2000_2005","2011_2015",10,"Census_Region_4_EQI_Air+SM+PA+OB","0.00","10.84(4.17,17.48)","7.94(0.89,15.04)","7.84(0.61,14.80)","6.39(-1.04,13.98)","0.0027","0.0317","0.0292","0.0947","1.0004","1.0000","1.0001","1.0004",4029,4447,4064,4107,2988,3163,3079,2940
"I00_I99","2000_2005","2011_2015",10,"Census_Region_4_EQI_Water+SM+PA+OB","0.00","-15.03(-22.37,-7.51)","6.81(-0.70,14.33)","3.79(-3.82,11.29)","6.71(-0.35,13.40)","0.0002","0.0727","0.3162","0.0632","1.0015","1.0001","1.0009","1.0006",4075,4411,3788,3160,2991,3115,3101,3036
"I00_I99","2000_2005","2011_2015",10,"Census_Region_4_EQI_Land+SM+PA+OB","0.00","-1.73(-10.37,7.07)","2.91(-4.51,10.28)","2.28(-4.65,9.36)","6.75(-0.05,13.62)","0.6901","0.4546","0.5266","0.0512","0.9997","0.9998","1.0003","0.9998",3710,3615,3490,2962,2506,3280,3161,3264
"I00_I99","2000_2005","2011_2015",10,"Census_Region_4_EQI_Built+SM+PA+OB","0.00","-2.05(-9.31,5.12)","12.82(5.88,19.78)","11.50(4.81,18.00)","3.58(-3.10,10.25)","0.5781","0.0002","0.0002","0.2947","0.9999","1.0000","1.0008","1.0004",4383,3862,3704,3187,3244,2989,2864,3084
"I00_I99","2000_2005","2011_2015",10,"Census_Region_4_EQI_Social+SM+PA+OB","0.00","-0.76(-7.20,5.68)","0.61(-5.91,7.22)","6.74(-0.22,13.45)","2.89(-4.71,10.21)","0.8170","0.8570","0.0577","0.4256","1.0002","1.0008","1.0001","1.0010",3851,4244,3917,3207,2974,3013,2955,3013
"I00_I99","2000_2005","2016_2020",15,"Census_Region_4_EQI+SM+PA+OB","0.00","6.21(-0.42,12.83)","9.55(3.01,16.02)","13.51(6.68,20.33)","13.51(6.77,20.30)","0.0682","0.0037","0.0002","0.0002","0.9999","1.0012","1.0007","0.9999",4867,4721,4539,4054,3080,3206,2727,3390
"I00_I99","2000_2005","2016_2020",15,"Census_Region_4_EQI_Air+SM+PA+OB","0.00","9.19(2.70,15.65)","9.78(2.58,16.87)","10.62(3.87,17.16)","10.33(3.03,17.63)","0.0042","0.0082","0.0012","0.0067","1.0032","1.0005","0.9999","1.0017",3687,3545,3074,3426,2788,3184,3344,3174
"I00_I99","2000_2005","2016_2020",15,"Census_Region_4_EQI_Water+SM+PA+OB","0.00","-16.60(-23.92,-8.98)","10.12(2.79,17.25)","1.11(-6.13,8.41)","5.02(-1.62,11.49)","0.0002","0.0052","0.7751","0.1437","1.0003","1.0017","1.0009","1.0016",3119,3125,3122,2895,3053,3111,3097,3103
"I00_I99","2000_2005","2016_2020",15,"Census_Region_4_EQI_Land+SM+PA+OB","0.00","-3.94(-12.36,4.70)","5.76(-1.59,12.93)","0.02(-6.64,6.78)","8.10(1.10,14.82)","0.3502","0.1267","0.9875","0.0227","0.9999","1.0002","1.0007","1.0003",4159,2796,2336,2415,2752,2912,2554,2912
"I00_I99","2000_2005","2016_2020",15,"Census_Region_4_EQI_Built+SM+PA+OB","0.00","4.04(-2.78,11.00)","11.75(5.20,18.52)","12.23(5.89,18.71)","3.12(-3.21,9.69)","0.2322","0.0012","0.0002","0.3537","0.9995","1.0004","1.0003","0.9998",3416,3289,3510,2723,3068,2767,3327,2863
"I00_I99","2000_2005","2016_2020",15,"Census_Region_4_EQI_Social+SM+PA+OB","0.00","1.23(-5.27,7.57)","3.69(-2.59,9.78)","7.96(1.31,14.46)","3.28(-3.83,10.44)","0.7096","0.2517","0.0152","0.3712","1.0008","1.0044","1.0010","1.0015",3827,2891,3077,2387,3045,3106,2802,2899
"I00_I99","2000_2005","2021_2024",20,"Census_Region_4_EQI+SM+PA+OB","0.00","2.65(-5.22,10.89)","5.23(-2.91,13.29)","6.14(-1.83,14.29)","6.66(-1.33,14.78)","0.5281","0.2107","0.1417","0.1087","1.0007","1.0005","1.0013","0.9999",4284,4711,4820,4308,2955,2691,3298,3111
"I00_I99","2000_2005","2021_2024",20,"Census_Region_4_EQI_Air+SM+PA+OB","0.00","7.13(-1.29,15.10)","6.36(-2.11,14.66)","5.76(-2.49,14.09)","5.27(-3.04,14.35)","0.0912","0.1262","0.1712","0.2277","1.0018","1.0013","1.0025","1.0016",6615,5475,6437,5377,2960,2764,2990,2875
"I00_I99","2000_2005","2021_2024",20,"Census_Region_4_EQI_Water+SM+PA+OB","0.00","-11.32(-19.86,-2.89)","3.13(-5.35,11.74)","3.69(-5.08,12.17)","3.71(-4.16,11.50)","0.0112","0.4686","0.3852","0.3427","1.0001","0.9999","1.0010","1.0011",6147,5459,5083,4556,3547,2715,2787,3127
"I00_I99","2000_2005","2021_2024",20,"Census_Region_4_EQI_Land+SM+PA+OB","0.00","-2.37(-11.48,6.57)","6.09(-2.38,14.33)","-0.80(-8.55,6.86)","4.75(-3.35,12.48)","0.6241","0.1592","0.8370","0.2407","1.0001","1.0009","1.0000","1.0015",5835,5527,5422,5279,2660,3038,3300,3242
"I00_I99","2000_2005","2021_2024",20,"Census_Region_4_EQI_Built+SM+PA+OB","0.00","-0.80(-9.05,7.57)","5.97(-2.06,14.44)","8.84(0.80,16.85)","0.87(-6.99,8.53)","0.8435","0.1592","0.0322","0.8145","1.0032","1.0007","1.0000","1.0006",5096,5562,5366,5239,3169,3063,3079,3062
"I00_I99","2000_2005","2021_2024",20,"Census_Region_4_EQI_Social+SM+PA+OB","0.00","1.11(-6.50,8.81)","-1.22(-8.75,6.28)","5.07(-3.01,13.24)","1.69(-6.84,10.00)","0.7696","0.7511","0.2157","0.6746","0.9996","1.0002","1.0007","1.0029",6444,6062,5998,5587,3287,2908,2837,3008
"I00_I99","2000_2005","2006_2010",5,"koppen_major_B_EQI+SM+PA+OB","0.00","10.82(3.22,18.30)","12.89(5.38,20.49)","10.10(1.90,18.26)","6.49(-2.13,14.98)","0.0037","0.0007","0.0117","0.1427","1.0005","1.0009","1.0023","1.0017",5188,5650,4911,4156,3234,3273,3143,3065
"I00_I99","2000_2005","2006_2010",5,"koppen_major_B_EQI_Air+SM+PA+OB","0.00","10.68(3.29,18.23)","7.82(-0.43,15.67)","4.75(-3.35,12.96)","1.90(-7.30,10.99)","0.0067","0.0592","0.2642","0.6826","1.0003","1.0001","1.0013","1.0012",4467,3902,4540,5393,2733,3129,3227,3241
"I00_I99","2000_2005","2006_2010",5,"koppen_major_B_EQI_Water+SM+PA+OB","0.00","-10.06(-17.93,-2.11)","5.11(-3.01,13.04)","7.46(-0.42,15.04)","8.55(0.75,16.39)","0.0107","0.1997","0.0632","0.0317","1.0004","1.0016","1.0017","1.0001",4253,3943,3689,3486,3158,2849,2926,2697
"I00_I99","2000_2005","2006_2010",5,"koppen_major_B_EQI_Land+SM+PA+OB","0.00","0.47(-7.44,8.25)","-3.28(-10.69,4.27)","4.62(-2.88,12.24)","6.34(-1.91,14.66)","0.9015","0.3902","0.2512","0.1397","1.0005","0.9997","1.0005","1.0020",4448,4049,3469,4025,3331,3100,2458,3383
"I00_I99","2000_2005","2006_2010",5,"koppen_major_B_EQI_Built+SM+PA+OB","0.00","7.86(0.10,15.62)","13.54(5.79,21.41)","7.30(-0.35,14.98)","9.55(1.81,17.58)","0.0467","0.0012","0.0607","0.0157","0.9996","0.9995","1.0000","1.0001",4457,4161,4474,4101,3074,3200,3079,3168
"I00_I99","2000_2005","2006_2010",5,"koppen_major_B_EQI_Social+SM+PA+OB","0.00","-1.90(-9.26,5.84)","0.78(-6.80,8.45)","2.05(-5.97,10.13)","0.29(-8.76,8.87)","0.6151","0.8510","0.6161","0.9445","1.0025","1.0020","1.0002","1.0015",4458,4207,4229,4245,2881,3347,2870,3206
"I00_I99","2000_2005","2011_2015",10,"koppen_major_B_EQI+SM+PA+OB","0.00","9.77(2.77,17.16)","11.59(3.75,19.18)","9.40(1.34,17.46)","5.08(-3.72,13.67)","0.0112","0.0042","0.0217","0.2582","1.0010","1.0000","1.0007","1.0010",4402,3886,3348,4161,2997,3097,2990,2901
"I00_I99","2000_2005","2011_2015",10,"koppen_major_B_EQI_Air+SM+PA+OB","0.00","8.97(1.62,16.51)","6.21(-1.92,14.16)","2.92(-5.43,11.50)","1.56(-7.42,10.99)","0.0172","0.1302","0.4991","0.7326","1.0024","1.0008","1.0010","1.0002",3601,3926,3857,4187,2823,2938,2875,3026
"I00_I99","2000_2005","2011_2015",10,"koppen_major_B_EQI_Water+SM+PA+OB","0.00","-6.36(-14.28,1.88)","6.86(-1.08,14.55)","3.44(-4.44,11.20)","7.81(-0.01,15.40)","0.1197","0.0942","0.3762","0.0507","1.0006","0.9998","1.0002","0.9997",3302,4360,3924,3320,2950,3114,2900,2787
"I00_I99","2000_2005","2011_2015",10,"koppen_major_B_EQI_Land+SM+PA+OB","0.00","1.45(-6.38,9.25)","-4.92(-12.30,2.43)","3.24(-4.25,10.72)","5.48(-2.70,13.66)","0.7051","0.1967","0.4051","0.1882","1.0006","1.0003","1.0002","1.0004",3414,3317,3782,3872,2641,3332,3329,2893
"I00_I99","2000_2005","2011_2015",10,"koppen_major_B_EQI_Built+SM+PA+OB","0.00","6.47(-0.81,13.85)","13.35(5.77,20.75)","10.60(3.19,17.76)","5.75(-2.30,13.75)","0.0832","0.0002","0.0057","0.1572","1.0014","1.0004","1.0000","1.0008",3134,3781,3944,3876,2706,2939,3396,3067
"I00_I99","2000_2005","2011_2015",10,"koppen_major_B_EQI_Social+SM+PA+OB","0.00","-1.01(-8.42,6.47)","-2.51(-10.10,5.17)","3.40(-4.57,11.26)","1.72(-6.93,10.64)","0.7751","0.4991","0.4046","0.7006","1.0009","1.0002","1.0008","1.0010",4110,3460,3601,4269,3143,2646,3024,3182
"I00_I99","2000_2005","2016_2020",15,"koppen_major_B_EQI+SM+PA+OB","0.00","9.36(2.37,16.43)","10.38(3.32,17.46)","12.51(4.42,20.17)","8.47(0.22,16.92)","0.0092","0.0052","0.0017","0.0452","1.0008","1.0008","1.0009","1.0009",5137,5288,4726,4984,3003,3302,3275,3162
"I00_I99","2000_2005","2016_2020",15,"koppen_major_B_EQI_Air+SM+PA+OB","0.00","7.88(0.84,14.82)","9.04(1.31,16.72)","6.15(-2.04,14.21)","2.77(-6.48,11.73)","0.0322","0.0217","0.1322","0.5381","1.0021","1.0019","1.0019","1.0014",4392,4315,4364,4732,3040,2710,3230,3074
"I00_I99","2000_2005","2016_2020",15,"koppen_major_B_EQI_Water+SM+PA+OB","0.00","-8.73(-16.48,-1.05)","6.59(-1.55,14.51)","7.14(-0.35,14.28)","10.19(2.43,18.03)","0.0282","0.1037","0.0617","0.0132","1.0004","1.0015","1.0006","1.0005",4286,3806,3893,3370,3171,2824,3016,2950
"I00_I99","2000_2005","2016_2020",15,"koppen_major_B_EQI_Land+SM+PA+OB","0.00","1.41(-5.99,8.91)","0.43(-6.61,7.54)","0.57(-6.90,8.26)","5.94(-1.78,13.57)","0.7341","0.8935","0.8750","0.1312","1.0003","0.9998","1.0021","1.0004",4072,3674,3484,4072,3011,3241,3202,3117
"I00_I99","2000_2005","2016_2020",15,"koppen_major_B_EQI_Built+SM+PA+OB","0.00","6.85(-0.52,14.21)","14.26(6.82,21.82)","11.52(4.23,18.87)","8.13(0.49,15.81)","0.0667","0.0002","0.0022","0.0402","1.0039","1.0004","1.0002","1.0020",4000,4276,4424,3463,2623,3035,3136,3005
"I00_I99","2000_2005","2016_2020",15,"koppen_major_B_EQI_Social+SM+PA+OB","0.00","0.99(-6.19,8.05)","0.77(-6.51,7.89)","2.61(-4.90,10.68)","0.89(-7.35,9.15)","0.7876","0.8525","0.5256","0.8315","1.0000","1.0007","1.0006","0.9999",4435,4066,3932,4285,2861,2598,2836,2913
"I00_I99","2000_2005","2021_2024",20,"koppen_major_B_EQI+SM+PA+OB","0.00","5.33(-3.00,13.82)","4.78(-4.07,13.60)","6.14(-2.55,15.04)","3.90(-5.18,12.81)","0.2162","0.2872","0.1827","0.4176","0.9998","1.0002","1.0005","1.0011",7056,6328,6428,6014,2860,3032,2939,2869
"I00_I99","2000_2005","2021_2024",20,"koppen_major_B_EQI_Air+SM+PA+OB","0.00","3.90(-4.62,12.39)","5.05(-3.99,13.97)","2.51(-6.99,11.46)","1.58(-7.92,10.95)","0.3812","0.2727","0.6026","0.7501","1.0004","1.0016","1.0012","1.0005",5214,5457,6062,6151,3103,2989,3115,3396
"I00_I99","2000_2005","2021_2024",20,"koppen_major_B_EQI_Water+SM+PA+OB","0.00","-7.72(-16.75,1.47)","3.70(-5.23,12.26)","8.92(0.49,17.56)","3.18(-5.23,11.46)","0.0992","0.4046","0.0402","0.4531","0.9996","1.0012","1.0005","1.0006",6720,5986,4707,5649,3050,3069,2951,2828
"I00_I99","2000_2005","2021_2024",20,"koppen_major_B_EQI_Land+SM+PA+OB","0.00","4.18(-4.51,12.52)","4.02(-4.18,12.19)","-5.04(-13.04,3.25)","2.81(-5.91,11.34)","0.3447","0.3237","0.2312","0.5101","1.0007","1.0012","1.0010","1.0002",6098,5733,5841,6337,3133,2841,3160,3132
"I00_I99","2000_2005","2021_2024",20,"koppen_major_B_EQI_Built+SM+PA+OB","0.00","1.93(-6.63,10.37)","5.63(-2.85,14.07)","8.18(-0.11,16.88)","3.07(-5.73,11.77)","0.6491","0.1992","0.0532","0.4766","1.0009","0.9998","1.0018","1.0008",5570,6144,6383,5622,3130,2989,2703,2810
"I00_I99","2000_2005","2021_2024",20,"koppen_major_B_EQI_Social+SM+PA+OB","0.00","-2.36(-10.92,6.05)","-4.69(-13.26,3.90)","2.45(-6.33,11.56)","1.43(-7.77,10.67)","0.5976","0.2942","0.6006","0.7606","1.0005","1.0015","1.0008","1.0020",5243,6584,5552,6417,3044,2969,2715,3044
"I00_I99","2000_2005","2006_2010",5,"koppen_major_C_EQI+SM+PA+OB","0.00","4.85(1.27,8.45)","4.01(0.43,7.63)","4.15(-0.06,8.19)","7.68(2.63,12.84)","0.0067","0.0287","0.0522","0.0017","1.0017","1.0019","1.0029","1.0010",2829,2522,2583,2414,3216,3120,2858,2530
"I00_I99","2000_2005","2006_2010",5,"koppen_major_C_EQI_Air+SM+PA+OB","0.00","8.56(3.99,12.94)","11.05(6.77,15.24)","10.90(6.54,15.54)","12.84(8.08,17.65)","0.0002","0.0002","0.0002","0.0002","1.0003","1.0009","1.0004","1.0002",2481,2220,2241,2276,2623,2819,2600,2930
"I00_I99","2000_2005","2006_2010",5,"koppen_major_C_EQI_Water+SM+PA+OB","0.00","0.90(-3.69,5.56)","-3.00(-7.64,1.61)","-4.63(-9.44,0.19)","-0.55(-5.82,4.40)","0.7036","0.1997","0.0587","0.8550","1.0007","0.9998","1.0003","1.0008",2824,2263,2643,2472,3069,2912,2969,3015
"I00_I99","2000_2005","2006_2010",5,"koppen_major_C_EQI_Land+SM+PA+OB","0.00","-2.11(-5.44,1.05)","-2.65(-6.30,1.03)","-0.43(-4.94,4.40)","2.04(-2.96,7.15)","0.1917","0.1502","0.8375","0.4166","1.0011","1.0004","1.0008","0.9998",3881,3559,2944,3270,3062,3276,3357,3207
"I00_I99","2000_2005","2006_2010",5,"koppen_major_C_EQI_Built+SM+PA+OB","0.00","7.33(3.74,11.04)","10.83(7.14,14.52)","13.09(9.17,16.93)","17.43(13.17,21.62)","0.0002","0.0002","0.0002","0.0002","1.0002","1.0028","1.0015","0.9998",3479,3265,3063,3046,3069,2559,3216,3301
"I00_I99","2000_2005","2006_2010",5,"koppen_major_C_EQI_Social+SM+PA+OB","0.00","-0.30(-3.53,3.02)","-8.66(-12.62,-4.75)","-12.69(-16.99,-8.35)","-11.33(-16.32,-6.29)","0.8510","0.0002","0.0002","0.0002","1.0007","1.0014","1.0008","1.0019",2798,2526,2034,1950,2857,2779,2615,3088
"I00_I99","2000_2005","2011_2015",10,"koppen_major_C_EQI+SM+PA+OB","0.00","3.47(0.25,6.76)","4.24(0.83,7.56)","5.75(1.85,9.53)","7.87(3.16,12.54)","0.0357","0.0157","0.0037","0.0007","0.9998","1.0017","0.9997","1.0006",2253,1950,1905,1913,2331,2623,2351,2355
"I00_I99","2000_2005","2011_2015",10,"koppen_major_C_EQI_Air+SM+PA+OB","0.00","8.37(4.18,12.58)","10.90(6.91,15.01)","11.00(6.79,15.16)","13.29(8.79,17.74)","0.0002","0.0002","0.0002","0.0002","1.0016","1.0011","1.0008","1.0015",2818,2596,2393,2587,3140,3090,2650,3044
"I00_I99","2000_2005","2011_2015",10,"koppen_major_C_EQI_Water+SM+PA+OB","0.00","-3.62(-7.83,0.68)","-1.13(-5.46,3.17)","0.65(-3.94,5.16)","0.99(-3.99,5.67)","0.0997","0.6026","0.7681","0.6891","1.0020","1.0022","1.0027","1.0016",2752,2519,2564,2694,2824,2703,2990,2489
"I00_I99","2000_2005","2011_2015",10,"koppen_major_C_EQI_Land+SM+PA+OB","0.00","-3.26(-6.00,-0.45)","-3.10(-6.37,0.08)","-1.84(-5.81,2.17)","0.53(-3.82,5.23)","0.0252","0.0562","0.3662","0.8520","1.0004","1.0006","1.0001","0.9998",3767,3496,3485,3105,3250,2805,3014,3421
"I00_I99","2000_2005","2011_2015",10,"koppen_major_C_EQI_Built+SM+PA+OB","0.00","6.78(3.67,9.78)","9.14(5.96,12.35)","12.23(8.70,15.84)","17.99(14.08,21.90)","0.0002","0.0002","0.0002","0.0002","1.0029","1.0007","1.0003","0.9999",3301,3101,2991,2971,3164,3112,2972,2677
"I00_I99","2000_2005","2011_2015",10,"koppen_major_C_EQI_Social+SM+PA+OB","0.00","-1.69(-4.70,1.40)","-9.97(-13.49,-6.60)","-12.66(-16.56,-8.68)","-14.58(-19.08,-9.80)","0.2832","0.0002","0.0002","0.0002","1.0006","0.9999","1.0007","1.0005",3528,2795,2574,2512,3142,3296,3263,3125
"I00_I99","2000_2005","2016_2020",15,"koppen_major_C_EQI+SM+PA+OB","0.00","8.13(4.68,11.66)","9.25(5.60,12.87)","11.06(6.96,15.11)","12.88(7.85,18.07)","0.0002","0.0002","0.0002","0.0002","1.0015","1.0043","1.0025","1.0025",3278,2755,2540,2140,3080,2853,3057,2822
"I00_I99","2000_2005","2016_2020",15,"koppen_major_C_EQI_Air+SM+PA+OB","0.00","4.10(-0.31,8.38)","9.59(5.24,13.74)","12.42(8.23,16.60)","16.42(11.66,21.05)","0.0667","0.0002","0.0002","0.0002","1.0015","1.0015","1.0018","1.0007",2721,2342,2048,2224,2892,3131,2780,3011
"I00_I99","2000_2005","2016_2020",15,"koppen_major_C_EQI_Water+SM+PA+OB","0.00","-2.63(-7.03,1.85)","-1.68(-6.10,2.78)","-0.85(-5.37,3.80)","-1.12(-6.05,3.78)","0.2377","0.4536","0.7361","0.6791","1.0021","1.0002","1.0009","1.0005",2768,2469,2653,2889,2893,3006,3251,3208
"I00_I99","2000_2005","2016_2020",15,"koppen_major_C_EQI_Land+SM+PA+OB","0.00","-1.44(-4.50,1.74)","-2.43(-5.93,1.29)","-3.42(-7.71,0.69)","1.27(-3.69,6.10)","0.3812","0.2007","0.1047","0.6061","1.0002","1.0004","1.0005","1.0007",5364,4378,4130,4141,3505,3487,3214,2910
"I00_I99","2000_2005","2016_2020",15,"koppen_major_C_EQI_Built+SM+PA+OB","0.00","9.62(6.20,13.05)","13.45(9.95,16.99)","16.89(13.11,20.77)","21.80(17.81,26.04)","0.0002","0.0002","0.0002","0.0002","1.0013","1.0002","0.9998","0.9998",3494,3404,3636,3045,2914,3326,3158,2739
"I00_I99","2000_2005","2016_2020",15,"koppen_major_C_EQI_Social+SM+PA+OB","0.00","1.47(-1.79,4.77)","-7.61(-11.26,-3.90)","-12.63(-16.72,-8.38)","-14.09(-18.95,-9.20)","0.3682","0.0002","0.0002","0.0002","0.9999","0.9997","0.9999","0.9999",3801,3168,2725,2634,3199,3321,3229,3294
"I00_I99","2000_2005","2021_2024",20,"koppen_major_C_EQI+SM+PA+OB","0.00","3.93(-1.56,9.44)","3.40(-2.04,8.84)","2.55(-3.42,8.53)","4.51(-2.11,11.30)","0.1567","0.2182","0.3937","0.1957","0.9998","1.0003","1.0000","1.0001",2920,2954,2823,2088,2844,2827,2511,2554
"I00_I99","2000_2005","2021_2024",20,"koppen_major_C_EQI_Air+SM+PA+OB","0.00","-0.49(-6.29,5.27)","4.39(-1.34,9.93)","6.10(0.43,11.71)","9.95(3.83,16.08)","0.8740","0.1172","0.0312","0.0002","1.0014","1.0008","1.0003","1.0011",3555,3240,2850,2998,2763,2944,3005,3125
"I00_I99","2000_2005","2021_2024",20,"koppen_major_C_EQI_Water+SM+PA+OB","0.00","-1.59(-7.71,4.63)","-0.67(-6.86,5.60)","-0.26(-6.89,6.43)","-0.92(-7.98,6.18)","0.6221","0.8230","0.9400","0.7771","0.9999","1.0010","1.0005","1.0008",2723,2964,2812,2739,2765,2825,2881,3190
"I00_I99","2000_2005","2021_2024",20,"koppen_major_C_EQI_Land+SM+PA+OB","0.00","-2.77(-7.85,2.28)","-8.03(-13.58,-2.54)","-4.42(-10.52,1.79)","1.51(-5.62,8.47)","0.2807","0.0037","0.1607","0.6696","0.9997","1.0004","1.0003","1.0010",3862,3540,3273,3059,2880,3376,3087,2606
"I00_I99","2000_2005","2021_2024",20,"koppen_major_C_EQI_Built+SM+PA+OB","0.00","4.30(-1.00,9.73)","7.53(2.05,12.84)","11.12(5.50,16.70)","17.77(11.60,23.87)","0.1087","0.0052","0.0007","0.0002","1.0004","1.0005","1.0008","1.0007",3428,3154,2989,3085,2956,3215,3032,2844
"I00_I99","2000_2005","2021_2024",20,"koppen_major_C_EQI_Social+SM+PA+OB","0.00","5.10(0.01,10.22)","-5.31(-10.85,0.29)","-11.84(-17.88,-5.45)","-14.67(-21.27,-7.85)","0.0502","0.0627","0.0002","0.0002","1.0024","1.0021","1.0015","1.0017",3776,3359,2790,2794,3104,3213,2559,2950
"I00_I99","2000_2005","2006_2010",5,"koppen_major_D_EQI+SM+PA+OB","0.00","17.65(11.57,23.68)","20.61(15.07,26.13)","21.19(15.89,26.44)","20.36(14.57,25.93)","0.0002","0.0002","0.0002","0.0002","1.0005","1.0002","1.0010","1.0003",3830,3124,2724,2606,2882,2483,3021,2764
"I00_I99","2000_2005","2006_2010",5,"koppen_major_D_EQI_Air+SM+PA+OB","0.00","7.79(2.91,12.62)","9.05(3.86,14.20)","6.40(0.96,11.74)","6.84(0.98,12.56)","0.0037","0.0007","0.0247","0.0227","0.9996","0.9999","1.0014","1.0005",4358,3559,3590,2978,3052,3136,3008,3113
"I00_I99","2000_2005","2006_2010",5,"koppen_major_D_EQI_Water+SM+PA+OB","0.00","-4.91(-10.44,0.60)","-0.23(-5.79,5.15)","5.65(0.23,10.90)","4.03(-1.74,9.84)","0.0802","0.9340","0.0402","0.1712","1.0006","1.0007","0.9998","1.0002",3463,2936,3357,3382,2906,3393,3206,3319
"I00_I99","2000_2005","2006_2010",5,"koppen_major_D_EQI_Land+SM+PA+OB","0.00","-1.86(-8.49,4.53)","7.60(1.98,13.06)","12.30(6.71,17.84)","11.13(5.62,16.57)","0.5686","0.0102","0.0002","0.0012","0.9999","1.0023","1.0008","1.0013",4517,3447,3089,3092,3156,3058,3156,3222
"I00_I99","2000_2005","2006_2010",5,"koppen_major_D_EQI_Built+SM+PA+OB","0.00","10.29(4.91,15.62)","9.59(4.70,14.53)","10.86(5.77,15.69)","11.44(6.26,16.76)","0.0002","0.0002","0.0002","0.0002","1.0005","0.9998","1.0004","1.0002",4843,3707,3559,2976,2689,3149,3203,2833
"I00_I99","2000_2005","2006_2010",5,"koppen_major_D_EQI_Social+SM+PA+OB","0.00","-2.78(-8.88,3.38)","6.77(1.31,12.10)","7.84(2.45,13.27)","3.42(-2.56,9.11)","0.3742","0.0167","0.0042","0.2377","1.0004","1.0009","1.0015","1.0020",4730,3122,2711,2425,3275,3479,3303,3042
"I00_I99","2000_2005","2011_2015",10,"koppen_major_D_EQI+SM+PA+OB","0.00","17.69(12.14,23.13)","20.54(15.47,25.67)","21.98(17.00,26.78)","21.17(15.60,26.49)","0.0002","0.0002","0.0002","0.0002","1.0002","0.9994","1.0013","0.9998",3826,3349,2668,2440,3421,3012,3223,2973
"I00_I99","2000_2005","2011_2015",10,"koppen_major_D_EQI_Air+SM+PA+OB","0.00","7.98(3.34,12.52)","9.73(4.76,14.59)","8.22(3.35,13.19)","7.49(1.99,12.91)","0.0007","0.0002","0.0012","0.0072","1.0013","1.0008","1.0017","1.0008",3565,3177,2788,2572,3089,3335,3315,2944
"I00_I99","2000_2005","2011_2015",10,"koppen_major_D_EQI_Water+SM+PA+OB","0.00","-7.70(-12.88,-2.64)","-0.49(-5.96,4.86)","6.35(1.21,11.39)","3.90(-1.90,9.65)","0.0037","0.8615","0.0097","0.1792","1.0008","1.0013","0.9998","1.0003",2978,2873,2840,2208,2957,2733,2898,2763
"I00_I99","2000_2005","2011_2015",10,"koppen_major_D_EQI_Land+SM+PA+OB","0.00","-1.15(-7.24,4.80)","7.15(1.82,12.46)","11.91(6.54,17.42)","12.41(6.88,17.82)","0.7141","0.0127","0.0002","0.0002","1.0002","1.0007","1.0014","0.9995",3191,2546,2416,2365,3214,2875,2909,3190
"I00_I99","2000_2005","2011_2015",10,"koppen_major_D_EQI_Built+SM+PA+OB","0.00","12.43(7.39,17.49)","10.69(6.02,15.20)","12.07(7.34,16.65)","12.75(8.00,17.54)","0.0002","0.0002","0.0002","0.0002","1.0010","1.0003","1.0023","1.0002",3901,3063,2808,2712,3042,2964,2544,2506
"I00_I99","2000_2005","2011_2015",10,"koppen_major_D_EQI_Social+SM+PA+OB","0.00","-1.27(-7.18,4.50)","4.41(-0.80,9.57)","8.28(3.12,13.48)","2.47(-3.18,8.20)","0.6696","0.1072","0.0012","0.4006","0.9998","1.0001","1.0005","1.0010",3641,3030,2443,2271,3304,3067,2947,2547
"I00_I99","2000_2005","2016_2020",15,"koppen_major_D_EQI+SM+PA+OB","0.00","19.65(14.20,25.28)","15.86(10.65,21.02)","20.21(15.27,25.21)","23.31(17.83,28.65)","0.0002","0.0002","0.0002","0.0002","0.9998","1.0001","1.0007","1.0007",3153,2466,1683,1998,3023,3089,2727,2565
"I00_I99","2000_2005","2016_2020",15,"koppen_major_D_EQI_Air+SM+PA+OB","0.00","10.12(5.85,14.61)","9.72(4.91,14.37)","10.63(5.87,15.27)","12.29(7.04,17.23)","0.0002","0.0002","0.0002","0.0002","1.0006","1.0004","1.0013","1.0019",3535,3200,2933,2562,2862,2610,3158,2768
"I00_I99","2000_2005","2016_2020",15,"koppen_major_D_EQI_Water+SM+PA+OB","0.00","-4.56(-9.71,0.54)","2.32(-2.87,7.47)","4.18(-0.90,9.37)","4.32(-1.22,9.80)","0.0772","0.3782","0.1092","0.1367","1.0005","0.9999","0.9999","1.0016",2844,2783,2817,2493,3035,2897,3150,3149
"I00_I99","2000_2005","2016_2020",15,"koppen_major_D_EQI_Land+SM+PA+OB","0.00","0.62(-5.34,6.45)","6.22(0.87,11.47)","11.15(5.92,16.19)","10.67(5.15,15.99)","0.8395","0.0217","0.0002","0.0002","1.0016","1.0015","1.0016","1.0011",3104,2267,2113,2164,2756,2731,2940,3049
"I00_I99","2000_2005","2016_2020",15,"koppen_major_D_EQI_Built+SM+PA+OB","0.00","13.50(8.52,18.52)","11.34(6.91,15.82)","11.81(7.00,16.30)","13.16(8.39,17.78)","0.0002","0.0002","0.0002","0.0002","1.0009","1.0003","1.0008","1.0012",3916,3304,3088,2855,3251,3133,3244,2838
"I00_I99","2000_2005","2016_2020",15,"koppen_major_D_EQI_Social+SM+PA+OB","0.00","-6.35(-11.81,-0.54)","6.55(1.34,11.63)","8.22(3.20,13.34)","2.72(-2.90,8.21)","0.0307","0.0122","0.0017","0.3362","0.9996","1.0011","1.0008","1.0004",3326,2772,2274,2274,3051,3051,2941,2784
"I00_I99","2000_2005","2021_2024",20,"koppen_major_D_EQI+SM+PA+OB","0.00","8.49(1.05,15.78)","6.58(-0.30,13.26)","11.47(5.26,17.79)","13.76(7.11,20.56)","0.0247","0.0597","0.0002","0.0002","1.0000","1.0009","1.0006","1.0020",5620,5345,3964,3763,3061,3092,3039,2910
"I00_I99","2000_2005","2021_2024",20,"koppen_major_D_EQI_Air+SM+PA+OB","0.00","7.89(1.35,14.28)","5.60(-1.00,12.29)","10.21(3.83,16.57)","6.36(-0.72,13.33)","0.0187","0.0922","0.0032","0.0827","0.9997","1.0022","1.0004","1.0005",4711,4593,4261,3821,3131,3163,3199,2996
"I00_I99","2000_2005","2021_2024",20,"koppen_major_D_EQI_Water+SM+PA+OB","0.00","-9.25(-16.07,-2.59)","-1.84(-8.58,4.80)","8.65(1.78,15.50)","4.37(-2.94,11.75)","0.0057","0.5876","0.0122","0.2487","1.0007","1.0001","1.0024","1.0001",5015,4666,4060,4158,3055,3440,3105,3373
"I00_I99","2000_2005","2021_2024",20,"koppen_major_D_EQI_Land+SM+PA+OB","0.00","-5.45(-13.24,2.49)","2.19(-4.57,8.76)","5.37(-1.13,11.96)","5.70(-1.15,12.38)","0.1752","0.5241","0.1117","0.0957","0.9999","1.0015","0.9999","1.0007",5304,4350,3522,3586,2681,2632,3029,2931
"I00_I99","2000_2005","2021_2024",20,"koppen_major_D_EQI_Built+SM+PA+OB","0.00","3.89(-3.18,10.97)","5.60(-0.62,12.01)","10.34(4.21,16.63)","9.91(3.60,16.39)","0.2667","0.0812","0.0002","0.0027","1.0012","1.0001","1.0003","1.0014",5036,4529,4046,4051,2968,2885,3212,2953
"I00_I99","2000_2005","2021_2024",20,"koppen_major_D_EQI_Social+SM+PA+OB","0.00","-5.28(-12.87,2.26)","1.08(-5.71,7.96)","6.86(0.63,13.26)","1.15(-5.77,8.53)","0.1667","0.7546","0.0312","0.7626","1.0004","1.0000","0.9999","1.0000",6142,4895,4008,3582,2971,3126,3013,3012
"I00_I99","2000_2005","2006_2010",5,"doe_zone_2_EQI+SM+PA+OB","0.00","5.11(-1.51,11.81)","4.19(-2.89,11.21)","3.46(-4.61,11.56)","4.22(-4.78,13.17)","0.1282","0.2642","0.3977","0.3377","1.0011","1.0006","1.0008","0.9996",4430,3944,3772,4299,3176,2988,3077,2835
"I00_I99","2000_2005","2006_2010",5,"doe_zone_2_EQI_Air+SM+PA+OB","0.00","5.45(-2.10,12.96)","-0.82(-8.17,6.61)","6.27(-0.85,13.24)","9.92(2.39,17.38)","0.1577","0.8210","0.0827","0.0087","1.0015","1.0007","1.0004","1.0000",4013,3475,3780,3589,3124,2615,3334,3057
"I00_I99","2000_2005","2006_2010",5,"doe_zone_2_EQI_Water+SM+PA+OB","0.00","-1.68(-10.41,6.93)","0.39(-7.97,8.75)","1.48(-6.65,9.62)","0.74(-8.32,10.09)","0.6831","0.9035","0.7186","0.8685","1.0020","0.9996","1.0004","1.0002",4186,3938,4528,4541,2595,3305,3312,2933
"I00_I99","2000_2005","2006_2010",5,"doe_zone_2_EQI_Land+SM+PA+OB","0.00","-6.34(-13.76,1.03)","-0.92(-9.04,7.30)","0.19(-8.88,8.92)","-3.95(-13.37,4.99)","0.0902","0.8130","0.9715","0.4051","1.0000","1.0013","1.0033","1.0020",4092,4569,4943,4633,3035,2953,2772,3048
"I00_I99","2000_2005","2006_2010",5,"doe_zone_2_EQI_Built+SM+PA+OB","0.00","1.19(-5.97,8.17)","2.63(-4.24,9.61)","5.18(-1.97,12.32)","6.19(-1.82,14.05)","0.7431","0.4686","0.1592","0.1422","0.9998","1.0006","1.0020","1.0006",4327,4025,4326,3846,2809,3252,3192,2833
"I00_I99","2000_2005","2006_2010",5,"doe_zone_2_EQI_Social+SM+PA+OB","0.00","5.76(-0.92,12.36)","4.88(-2.57,12.48)","-1.10(-8.97,6.70)","-1.37(-9.80,7.28)","0.0982","0.2162","0.7896","0.7566","1.0004","1.0011","1.0007","1.0010",4181,4753,4545,4665,3008,2830,3141,2899
"I00_I99","2000_2005","2011_2015",10,"doe_zone_2_EQI+SM+PA+OB","0.00","4.25(-1.82,10.31)","6.08(-0.90,12.86)","1.97(-5.43,9.58)","2.72(-5.85,11.23)","0.1712","0.0857","0.5996","0.5536","1.0000","1.0005","1.0012","1.0021",4525,4287,3947,4514,2914,3013,3049,2908
"I00_I99","2000_2005","2011_2015",10,"doe_zone_2_EQI_Air+SM+PA+OB","0.00","0.47(-6.56,7.24)","0.74(-6.19,7.52)","5.07(-1.68,11.75)","8.58(1.31,15.86)","0.8875","0.8395","0.1307","0.0162","1.0014","1.0001","1.0001","0.9999",3642,3900,3570,3620,2897,3094,2910,3039
"I00_I99","2000_2005","2011_2015",10,"doe_zone_2_EQI_Water+SM+PA+OB","0.00","-3.87(-11.85,4.39)","-0.21(-7.85,7.51)","5.36(-2.33,13.20)","0.67(-8.41,9.44)","0.3497","0.9590","0.1727","0.8705","1.0007","1.0001","1.0015","1.0005",3499,3743,4195,4629,2770,2983,3114,2991
"I00_I99","2000_2005","2011_2015",10,"doe_zone_2_EQI_Land+SM+PA+OB","0.00","-2.06(-8.91,4.60)","-2.86(-10.58,4.70)","-0.80(-9.61,7.75)","-6.18(-15.60,3.13)","0.5531","0.4496","0.8620","0.1947","1.0007","1.0001","1.0012","1.0007",4913,3799,4650,4548,3126,2940,3010,2751
"I00_I99","2000_2005","2011_2015",10,"doe_zone_2_EQI_Built+SM+PA+OB","0.00","0.31(-6.48,7.00)","2.64(-4.18,9.28)","3.21(-3.37,9.94)","5.62(-1.84,13.01)","0.9205","0.4441","0.3342","0.1457","1.0001","1.0000","1.0015","0.9998",4163,3831,3960,3894,2952,3044,3004,2935
"I00_I99","2000_2005","2011_2015",10,"doe_zone_2_EQI_Social+SM+PA+OB","0.00","1.10(-5.05,7.46)","2.14(-4.78,9.14)","-1.84(-9.12,5.47)","-2.54(-10.62,5.75)","0.7251","0.5371","0.6316","0.5536","1.0001","1.0000","1.0006","1.0012",4410,3953,4252,4004,3257,2646,3140,2880
"I00_I99","2000_2005","2016_2020",15,"doe_zone_2_EQI+SM+PA+OB","0.00","4.76(-1.47,11.09)","7.21(0.52,13.97)","2.70(-5.22,10.80)","3.03(-5.54,11.45)","0.1422","0.0342","0.4946","0.4781","1.0000","1.0003","1.0002","1.0014",3634,3530,3984,4386,2983,2981,3141,2819
"I00_I99","2000_2005","2016_2020",15,"doe_zone_2_EQI_Air+SM+PA+OB","0.00","-2.39(-9.79,4.93)","2.84(-4.50,9.87)","3.03(-3.82,9.87)","10.48(2.52,18.28)","0.5036","0.4286","0.3917","0.0102","1.0005","0.9999","1.0020","1.0000",3448,3935,3555,3300,2926,3035,2702,2951
"I00_I99","2000_2005","2016_2020",15,"doe_zone_2_EQI_Water+SM+PA+OB","0.00","0.50(-7.70,8.55)","-2.53(-10.44,5.31)","4.53(-3.27,12.58)","-1.17(-10.12,7.71)","0.9040","0.5401","0.2662","0.7886","1.0002","0.9993","1.0011","1.0018",4157,4407,4378,4707,3110,2866,2799,3302
"I00_I99","2000_2005","2016_2020",15,"doe_zone_2_EQI_Land+SM+PA+OB","0.00","-1.76(-8.83,5.10)","-1.15(-9.31,6.38)","-0.36(-9.26,8.54)","-5.59(-15.11,3.66)","0.6161","0.7801","0.9270","0.2317","1.0009","0.9998","1.0019","1.0007",4231,4505,4752,4807,2619,3143,3042,2684
"I00_I99","2000_2005","2016_2020",15,"doe_zone_2_EQI_Built+SM+PA+OB","0.00","1.01(-5.88,7.90)","1.98(-4.65,8.58)","6.65(-0.01,13.48)","4.73(-3.10,12.61)","0.7811","0.5706","0.0507","0.2167","0.9998","0.9997","0.9996","0.9995",4733,3922,4076,3821,3051,3248,2985,3162
"I00_I99","2000_2005","2016_2020",15,"doe_zone_2_EQI_Social+SM+PA+OB","0.00","2.69(-3.42,8.90)","3.43(-3.47,10.30)","-2.80(-10.49,4.99)","-1.12(-9.34,7.27)","0.4156","0.3212","0.4746","0.7771","1.0011","1.0005","1.0006","1.0029",3707,4509,3643,4460,2650,2739,3107,2797
"I00_I99","2000_2005","2021_2024",20,"doe_zone_2_EQI+SM+PA+OB","0.00","4.28(-3.62,12.31)","3.51(-5.17,12.03)","2.44(-6.25,11.27)","1.88(-7.68,11.31)","0.2902","0.4086","0.6021","0.7091","1.0022","0.9998","1.0033","1.0027",6022,6785,5524,6634,2972,3069,2823,2441
"I00_I99","2000_2005","2021_2024",20,"doe_zone_2_EQI_Air+SM+PA+OB","0.00","-2.17(-10.63,5.93)","0.65(-8.01,9.06)","1.17(-7.22,9.37)","6.87(-1.63,15.30)","0.6166","0.8945","0.7826","0.1202","1.0011","1.0015","1.0011","0.9999",4905,4446,4012,4397,3159,2946,3097,3228
"I00_I99","2000_2005","2021_2024",20,"doe_zone_2_EQI_Water+SM+PA+OB","0.00","-0.31(-9.27,8.54)","-1.87(-9.98,6.38)","6.40(-2.23,15.28)","-0.05(-9.32,9.00)","0.9585","0.6731","0.1597","0.9970","1.0022","1.0001","1.0024","1.0003",4770,3625,4567,4880,2839,3190,2938,3237
"I00_I99","2000_2005","2021_2024",20,"doe_zone_2_EQI_Land+SM+PA+OB","0.00","-1.56(-10.25,6.75)","2.69(-5.91,11.55)","0.30(-9.12,9.83)","-1.63(-11.24,7.72)","0.6991","0.5551","0.9615","0.7501","1.0006","1.0008","1.0009","1.0002",4913,5299,5233,4809,3361,3390,3063,3070
"I00_I99","2000_2005","2021_2024",20,"doe_zone_2_EQI_Built+SM+PA+OB","0.00","0.72(-7.67,8.86)","0.99(-7.53,9.23)","1.39(-6.64,9.64)","3.77(-4.94,12.77)","0.8440","0.8275","0.7506","0.4096","1.0012","0.9996","1.0007","1.0013",4278,4259,4616,3807,3223,2737,2905,2838
"I00_I99","2000_2005","2021_2024",20,"doe_zone_2_EQI_Social+SM+PA+OB","0.00","3.91(-4.02,11.98)","0.42(-8.35,9.25)","-2.10(-11.09,6.82)","-1.54(-10.72,7.70)","0.3477","0.9240","0.6311","0.7131","1.0002","1.0004","1.0004","0.9996",4150,4864,4112,4097,2757,2996,3077,2911
"I00_I99","2000_2005","2006_2010",5,"doe_zone_3_EQI+SM+PA+OB","0.00","3.98(-1.38,9.42)","6.27(0.64,11.82)","6.57(0.42,12.82)","8.99(1.07,16.41)","0.1477","0.0267","0.0382","0.0237","1.0003","1.0010","1.0015","1.0013",3483,3280,3045,2898,3174,2785,3263,2913
"I00_I99","2000_2005","2006_2010",5,"doe_zone_3_EQI_Air+SM+PA+OB","0.00","4.19(-1.90,10.09)","9.67(3.81,15.36)","7.60(1.73,13.30)","9.20(2.56,15.98)","0.1792","0.0022","0.0097","0.0072","1.0007","1.0019","1.0004","0.9999",4393,3748,3732,3591,3330,2892,3405,3032
"I00_I99","2000_2005","2006_2010",5,"doe_zone_3_EQI_Water+SM+PA+OB","0.00","3.83(-2.69,10.27)","1.68(-4.88,8.10)","2.58(-3.95,9.09)","-2.71(-10.23,5.00)","0.2652","0.6031","0.4426","0.4726","1.0009","1.0004","1.0004","0.9999",4004,4313,3819,4333,3161,3225,2988,3458
"I00_I99","2000_2005","2006_2010",5,"doe_zone_3_EQI_Land+SM+PA+OB","0.00","-2.98(-7.95,2.10)","-5.90(-11.74,-0.05)","-0.48(-7.60,6.64)","4.77(-4.16,13.67)","0.2297","0.0497","0.8960","0.3062","1.0031","1.0006","1.0020","1.0008",5435,5413,5780,4657,3123,2852,2915,3041
"I00_I99","2000_2005","2006_2010",5,"doe_zone_3_EQI_Built+SM+PA+OB","0.00","6.18(1.05,11.57)","9.88(4.49,15.37)","11.21(5.21,17.16)","16.53(10.23,22.81)","0.0192","0.0002","0.0002","0.0002","1.0013","1.0003","0.9997","1.0006",4266,4421,4216,4169,3032,2759,2722,2850
"I00_I99","2000_2005","2006_2010",5,"doe_zone_3_EQI_Social+SM+PA+OB","0.00","3.59(-1.37,8.50)","-3.99(-9.73,1.98)","-3.52(-10.55,3.48)","1.04(-6.68,8.24)","0.1587","0.1932","0.3187","0.7721","1.0015","1.0010","1.0015","1.0003",4890,4286,4132,3924,3239,3031,2959,2966
"I00_I99","2000_2005","2011_2015",10,"doe_zone_3_EQI+SM+PA+OB","0.00","3.72(-1.34,8.63)","4.56(-0.77,9.88)","5.81(-0.40,11.88)","8.16(0.91,15.63)","0.1537","0.0947","0.0647","0.0287","1.0002","1.0010","1.0007","1.0014",3502,3556,2971,3033,2550,2810,2958,2838
"I00_I99","2000_2005","2011_2015",10,"doe_zone_3_EQI_Air+SM+PA+OB","0.00","4.30(-1.30,9.91)","7.58(1.93,13.08)","7.60(1.96,13.23)","9.53(3.35,15.91)","0.1282","0.0052","0.0097","0.0037","0.9999","0.9996","0.9998","0.9997",3275,3337,3137,3348,2936,3059,2863,2963
"I00_I99","2000_2005","2011_2015",10,"doe_zone_3_EQI_Water+SM+PA+OB","0.00","2.02(-4.37,8.18)","5.41(-0.91,11.64)","5.79(-0.48,12.02)","-1.43(-8.65,5.72)","0.5151","0.0927","0.0652","0.6876","1.0008","1.0013","1.0008","0.9999",3890,3482,3131,3861,3115,2384,2661,3207
"I00_I99","2000_2005","2011_2015",10,"doe_zone_3_EQI_Land+SM+PA+OB","0.00","-4.41(-8.96,0.03)","-3.42(-9.12,2.22)","-1.38(-8.38,5.59)","2.63(-5.88,11.47)","0.0527","0.2387","0.7061","0.5461","1.0024","1.0001","0.9998","1.0006",4549,4782,5007,4385,3156,3001,2532,2668
"I00_I99","2000_2005","2011_2015",10,"doe_zone_3_EQI_Built+SM+PA+OB","0.00","6.21(1.38,11.10)","8.46(3.24,13.63)","10.94(5.33,16.36)","17.64(11.46,23.81)","0.0102","0.0037","0.0002","0.0002","1.0005","1.0009","1.0002","1.0001",3490,4549,3731,3987,3044,3306,3216,3330
"I00_I99","2000_2005","2011_2015",10,"doe_zone_3_EQI_Social+SM+PA+OB","0.00","2.79(-1.93,7.39)","-6.84(-12.40,-1.32)","-4.93(-11.46,1.83)","-3.20(-10.15,3.80)","0.2402","0.0157","0.1652","0.3832","1.0007","1.0009","1.0012","1.0013",4638,3844,4047,3587,3136,3095,3035,3002
"I00_I99","2000_2005","2016_2020",15,"doe_zone_3_EQI+SM+PA+OB","0.00","6.86(1.65,11.77)","7.85(2.48,13.45)","11.44(5.32,17.65)","9.63(2.23,16.92)","0.0072","0.0082","0.0002","0.0097","1.0009","1.0025","1.0015","1.0014",3320,3131,3222,2681,3037,2502,3062,2747
"I00_I99","2000_2005","2016_2020",15,"doe_zone_3_EQI_Air+SM+PA+OB","0.00","1.24(-4.44,6.89)","7.88(2.37,13.34)","12.65(7.12,18.10)","14.00(7.73,20.40)","0.6796","0.0087","0.0002","0.0002","1.0006","1.0014","1.0011","1.0009",3894,3983,3658,3827,2963,2917,2711,2918
"I00_I99","2000_2005","2016_2020",15,"doe_zone_3_EQI_Water+SM+PA+OB","0.00","0.17(-6.14,6.63)","8.23(1.97,14.45)","6.13(0.01,12.32)","-2.70(-10.07,4.53)","0.9760","0.0102","0.0497","0.4681","1.0012","1.0012","1.0007","1.0009",4288,4050,3781,4246,3268,3209,3244,2818
"I00_I99","2000_2005","2016_2020",15,"doe_zone_3_EQI_Land+SM+PA+OB","0.00","-4.74(-9.41,-0.34)","0.02(-5.58,5.52)","-0.96(-8.23,6.26)","4.21(-4.30,12.73)","0.0347","0.9700","0.7876","0.3187","1.0011","0.9997","1.0008","1.0005",5827,5091,5341,4365,3057,2762,3086,3036
"I00_I99","2000_2005","2016_2020",15,"doe_zone_3_EQI_Built+SM+PA+OB","0.00","6.95(1.88,11.68)","10.98(5.92,16.24)","15.06(9.16,20.68)","20.12(13.91,26.32)","0.0067","0.0002","0.0002","0.0002","0.9997","0.9999","0.9997","1.0041",3624,4486,4183,4015,3384,3260,3485,3355
"I00_I99","2000_2005","2016_2020",15,"doe_zone_3_EQI_Social+SM+PA+OB","0.00","4.24(-0.37,8.94)","-4.76(-10.42,1.00)","-3.16(-10.01,3.63)","-0.75(-8.10,6.35)","0.0737","0.1122","0.3627","0.8425","1.0003","1.0005","1.0031","1.0003",4241,4345,4489,4231,3387,3005,2984,3247
"I00_I99","2000_2005","2021_2024",20,"doe_zone_3_EQI+SM+PA+OB","0.00","3.76(-3.58,11.03)","2.24(-4.96,9.48)","1.21(-6.70,9.07)","2.84(-5.73,11.22)","0.3102","0.5386","0.7596","0.5106","1.0011","1.0001","1.0008","1.0010",3907,3833,3504,4110,2980,3014,2991,3324
"I00_I99","2000_2005","2021_2024",20,"doe_zone_3_EQI_Air+SM+PA+OB","0.00","-2.73(-10.19,4.65)","4.23(-2.71,11.30)","6.36(-0.70,13.59)","6.38(-1.31,14.31)","0.4756","0.2347","0.0837","0.1052","0.9998","1.0004","1.0003","1.0024",5013,3949,4662,5068,2723,2606,3077,3076
"I00_I99","2000_2005","2021_2024",20,"doe_zone_3_EQI_Water+SM+PA+OB","0.00","2.20(-5.62,10.20)","4.26(-3.59,11.95)","-1.58(-9.63,6.36)","-3.62(-12.30,5.19)","0.5736","0.2832","0.6981","0.4046","1.0003","1.0008","1.0025","0.9998",4059,4834,4116,4617,2756,3137,2830,2811
"I00_I99","2000_2005","2021_2024",20,"doe_zone_3_EQI_Land+SM+PA+OB","0.00","-2.73(-9.40,4.08)","-2.40(-10.25,5.39)","-1.89(-10.17,6.59)","1.19(-7.91,9.81)","0.4221","0.5551","0.6651","0.7881","0.9998","1.0010","1.0005","1.0000",5008,5772,4675,5772,2921,2913,2600,3419
"I00_I99","2000_2005","2021_2024",20,"doe_zone_3_EQI_Built+SM+PA+OB","0.00","-1.29(-8.34,6.06)","3.06(-4.25,10.17)","7.72(-0.27,15.64)","12.34(4.12,20.09)","0.7151","0.3882","0.0592","0.0032","0.9998","1.0006","1.0010","1.0009",6142,6092,6363,5290,2898,3091,3374,3190
"I00_I99","2000_2005","2021_2024",20,"doe_zone_3_EQI_Social+SM+PA+OB","0.00","5.05(-1.94,11.90)","-3.17(-10.74,4.37)","-4.95(-13.17,3.73)","-2.36(-11.13,6.49)","0.1572","0.4026","0.2392","0.5861","1.0005","0.9999","0.9998","1.0008",5702,5091,6082,4566,3134,2900,2750,2457
"I00_I99","2000_2005","2006_2010",5,"doe_zone_4_EQI+SM+PA+OB","0.00","9.06(4.43,14.01)","7.03(2.50,11.53)","3.97(-1.02,8.81)","6.42(0.71,12.02)","0.0002","0.0042","0.1052","0.0287","1.0010","1.0005","1.0002","1.0004",3147,2680,2569,2368,2952,2790,2922,2594
"I00_I99","2000_2005","2006_2010",5,"doe_zone_4_EQI_Air+SM+PA+OB","0.00","7.24(2.00,12.38)","7.27(2.41,12.28)","5.53(0.69,10.61)","12.48(7.14,18.00)","0.0107","0.0027","0.0222","0.0002","1.0015","1.0009","1.0001","1.0010",3691,3127,3464,3156,3338,3217,3250,2452
"I00_I99","2000_2005","2006_2010",5,"doe_zone_4_EQI_Water+SM+PA+OB","0.00","0.24(-4.55,5.11)","-1.02(-6.16,4.13)","-8.76(-14.23,-3.46)","-1.73(-7.37,3.61)","0.9350","0.7031","0.0012","0.5356","1.0019","1.0005","1.0006","1.0010",4027,4125,4164,3950,3050,3071,3102,3082
"I00_I99","2000_2005","2006_2010",5,"doe_zone_4_EQI_Land+SM+PA+OB","0.00","3.70(-0.80,8.35)","1.77(-2.84,6.41)","-1.92(-6.97,3.22)","4.29(-1.28,9.66)","0.1177","0.4516","0.4666","0.1232","1.0022","1.0014","1.0004","1.0007",3639,3650,4106,4319,3086,3418,3460,3563
"I00_I99","2000_2005","2006_2010",5,"doe_zone_4_EQI_Built+SM+PA+OB","0.00","3.72(-0.42,7.93)","11.66(7.28,16.13)","10.04(5.53,14.60)","14.81(9.80,19.60)","0.0807","0.0002","0.0002","0.0002","1.0005","1.0018","1.0002","1.0011",4571,4209,4139,3956,3266,3031,3379,3485
"I00_I99","2000_2005","2006_2010",5,"doe_zone_4_EQI_Social+SM+PA+OB","0.00","-2.25(-6.97,2.16)","-7.85(-12.46,-3.28)","-14.54(-19.56,-9.55)","-14.15(-19.89,-8.14)","0.3242","0.0012","0.0002","0.0002","1.0003","1.0010","1.0010","1.0007",4321,4037,3521,2792,2890,3100,3063,2816
"I00_I99","2000_2005","2011_2015",10,"doe_zone_4_EQI+SM+PA+OB","0.00","5.15(0.59,9.61)","5.72(1.29,10.25)","5.96(1.25,10.75)","4.45(-1.15,10.18)","0.0292","0.0122","0.0117","0.1197","1.0008","1.0002","1.0009","1.0006",3398,2775,2607,2421,3264,3091,2679,2489
"I00_I99","2000_2005","2011_2015",10,"doe_zone_4_EQI_Air+SM+PA+OB","0.00","7.31(2.30,12.31)","5.43(0.50,10.18)","3.27(-1.70,8.14)","9.58(4.32,14.80)","0.0037","0.0312","0.1957","0.0002","1.0013","1.0008","1.0001","1.0005",3128,2550,2506,2536,3383,2865,2916,3086
"I00_I99","2000_2005","2011_2015",10,"doe_zone_4_EQI_Water+SM+PA+OB","0.00","-1.89(-6.61,2.76)","-2.36(-7.24,2.52)","-7.88(-13.23,-2.80)","-2.09(-7.48,3.26)","0.4361","0.3507","0.0017","0.4331","1.0013","1.0014","1.0012","1.0012",3465,3579,3756,3285,3276,3299,3186,2977
"I00_I99","2000_2005","2011_2015",10,"doe_zone_4_EQI_Land+SM+PA+OB","0.00","-1.67(-5.78,2.46)","-0.52(-4.93,3.82)","-6.08(-10.84,-1.29)","1.44(-3.69,6.94)","0.4491","0.8285","0.0147","0.6141","1.0007","1.0003","0.9998","1.0009",2954,2815,3002,2906,3204,2980,3083,3017
"I00_I99","2000_2005","2011_2015",10,"doe_zone_4_EQI_Built+SM+PA+OB","0.00","6.72(2.59,10.70)","10.60(6.32,14.72)","11.09(6.76,15.43)","17.15(12.30,21.79)","0.0022","0.0002","0.0002","0.0002","1.0005","1.0003","1.0015","1.0007",4460,3717,3691,3575,3114,3037,3420,3549
"I00_I99","2000_2005","2011_2015",10,"doe_zone_4_EQI_Social+SM+PA+OB","0.00","1.59(-2.55,5.77)","-3.99(-8.40,0.54)","-9.72(-14.50,-4.85)","-11.89(-17.39,-6.37)","0.4666","0.0802","0.0007","0.0002","1.0008","1.0020","1.0009","1.0001",3713,3268,2918,2906,3135,3205,2918,3008
"I00_I99","2000_2005","2016_2020",15,"doe_zone_4_EQI+SM+PA+OB","0.00","10.74(5.90,15.65)","7.96(3.26,12.42)","8.72(3.90,13.59)","8.75(2.59,14.84)","0.0002","0.0022","0.0002","0.0042","1.0007","1.0010","1.0005","1.0024",3235,2700,2447,2318,2473,2833,3032,2900
"I00_I99","2000_2005","2016_2020",15,"doe_zone_4_EQI_Air+SM+PA+OB","0.00","3.19(-2.07,8.36)","5.19(0.10,10.25)","5.93(0.64,11.25)","12.78(7.28,18.30)","0.2252","0.0447","0.0257","0.0002","1.0003","1.0004","1.0000","1.0013",3218,2676,2690,2853,3395,3189,2999,3297
"I00_I99","2000_2005","2016_2020",15,"doe_zone_4_EQI_Water+SM+PA+OB","0.00","-1.68(-6.72,3.48)","-3.49(-8.55,1.67)","-4.34(-9.88,1.04)","-2.29(-7.98,3.53)","0.5211","0.1847","0.1202","0.4451","1.0000","1.0001","1.0020","1.0000",3974,3857,4045,3727,3085,3186,3188,3299
"I00_I99","2000_2005","2016_2020",15,"doe_zone_4_EQI_Land+SM+PA+OB","0.00","5.06(0.66,9.66)","0.11(-4.46,4.71)","-3.96(-8.97,1.15)","1.56(-3.93,7.03)","0.0252","0.9610","0.1222","0.5706","1.0006","1.0005","1.0016","1.0001",4251,3922,3951,4272,3045,3268,3236,3018
"I00_I99","2000_2005","2016_2020",15,"doe_zone_4_EQI_Built+SM+PA+OB","0.00","5.86(1.55,10.13)","12.97(8.42,17.51)","13.45(8.78,18.10)","19.24(14.11,24.39)","0.0087","0.0002","0.0002","0.0002","1.0004","1.0001","1.0007","1.0010",4935,4455,3679,3683,3389,3300,3080,2885
"I00_I99","2000_2005","2016_2020",15,"doe_zone_4_EQI_Social+SM+PA+OB","0.00","3.47(-1.07,8.04)","-2.16(-6.68,2.66)","-11.56(-16.57,-6.55)","-13.57(-19.58,-7.87)","0.1432","0.3637","0.0002","0.0002","1.0002","1.0008","1.0001","1.0008",4233,3803,3475,3342,3473,3129,3421,2990
"I00_I99","2000_2005","2021_2024",20,"doe_zone_4_EQI+SM+PA+OB","0.00","2.83(-4.18,9.64)","3.98(-2.47,10.49)","3.16(-3.46,9.70)","2.23(-5.13,9.57)","0.4271","0.2172","0.3657","0.5376","1.0013","0.9996","1.0004","1.0005",4071,4980,4803,4035,2758,2912,2961,3545
"I00_I99","2000_2005","2021_2024",20,"doe_zone_4_EQI_Air+SM+PA+OB","0.00","-1.64(-8.54,5.08)","0.66(-5.93,7.05)","0.88(-5.65,7.49)","8.06(1.51,14.90)","0.6491","0.8510","0.7851","0.0202","1.0007","1.0006","1.0001","1.0009",4110,3946,3683,3678,2941,3136,2903,3003
"I00_I99","2000_2005","2021_2024",20,"doe_zone_4_EQI_Water+SM+PA+OB","0.00","-2.02(-8.72,4.74)","-1.84(-8.39,4.67)","-0.66(-7.59,6.08)","-3.36(-10.37,3.69)","0.5351","0.5896","0.8440","0.3247","1.0010","1.0009","1.0001","1.0008",4390,3945,4422,3327,2853,3215,3223,3175
"I00_I99","2000_2005","2021_2024",20,"doe_zone_4_EQI_Land+SM+PA+OB","0.00","3.72(-2.31,9.80)","-3.80(-10.14,2.41)","-5.40(-12.03,1.14)","1.08(-5.84,8.11)","0.2347","0.2362","0.1047","0.7766","1.0012","1.0012","1.0015","1.0002",4054,3875,3916,4270,3097,3127,3292,3061
"I00_I99","2000_2005","2021_2024",20,"doe_zone_4_EQI_Built+SM+PA+OB","0.00","1.73(-4.33,8.05)","7.21(0.77,13.36)","10.60(4.22,17.23)","15.57(8.91,22.26)","0.5956","0.0292","0.0012","0.0002","1.0005","0.9999","1.0001","1.0004",3673,4211,4140,3675,2801,2746,3072,3277
"I00_I99","2000_2005","2021_2024",20,"doe_zone_4_EQI_Social+SM+PA+OB","0.00","4.87(-1.58,11.26)","0.99(-5.40,7.34)","-9.30(-15.50,-2.76)","-11.68(-18.89,-4.32)","0.1457","0.7471","0.0047","0.0032","1.0001","1.0000","0.9999","1.0001",4606,4095,4161,3153,3039,3221,3040,2767
"I00_I99","2000_2005","2006_2010",5,"doe_zone_5_EQI+SM+PA+OB","0.00","19.99(14.02,25.99)","23.88(18.29,29.33)","23.12(17.55,28.79)","19.11(13.18,24.85)","0.0002","0.0002","0.0002","0.0002","1.0012","1.0007","1.0013","1.0012",3510,3914,3040,2769,3245,3379,3130,3150
"I00_I99","2000_2005","2006_2010",5,"doe_zone_5_EQI_Air+SM+PA+OB","0.00","8.58(2.81,14.28)","11.14(5.60,16.79)","6.99(1.64,12.36)","4.53(-1.30,10.49)","0.0057","0.0002","0.0162","0.1217","1.0008","1.0004","1.0000","1.0001",5666,4517,3810,3033,3138,3218,3310,2936
"I00_I99","2000_2005","2006_2010",5,"doe_zone_5_EQI_Water+SM+PA+OB","0.00","-14.68(-20.76,-8.45)","1.50(-4.06,7.26)","6.51(0.77,12.26)","6.27(0.51,11.99)","0.0002","0.6026","0.0252","0.0337","1.0042","1.0016","1.0005","1.0024",3427,3263,3276,2969,2735,3140,3129,3168
"I00_I99","2000_2005","2006_2010",5,"doe_zone_5_EQI_Land+SM+PA+OB","0.00","0.42(-6.01,6.93)","7.35(1.75,12.96)","16.00(10.29,21.39)","13.13(7.44,18.75)","0.8945","0.0117","0.0002","0.0002","1.0011","1.0014","1.0021","1.0014",4745,3593,3096,3154,3379,3476,3352,3332
"I00_I99","2000_2005","2006_2010",5,"doe_zone_5_EQI_Built+SM+PA+OB","0.00","14.35(9.20,19.30)","9.80(4.50,14.79)","12.31(7.39,17.38)","13.81(8.41,19.23)","0.0002","0.0007","0.0002","0.0002","1.0009","1.0000","0.9997","1.0006",4242,4156,3375,3215,3065,3247,3353,2895
"I00_I99","2000_2005","2006_2010",5,"doe_zone_5_EQI_Social+SM+PA+OB","0.00","2.62(-3.55,8.66)","1.68(-4.00,7.33)","7.20(1.70,12.67)","-2.64(-8.69,3.32)","0.4096","0.5581","0.0087","0.3792","0.9999","1.0002","1.0017","1.0016",4294,3710,2681,2655,3558,3328,3171,3131
"I00_I99","2000_2005","2011_2015",10,"doe_zone_5_EQI+SM+PA+OB","0.00","18.29(12.44,24.11)","22.52(17.35,27.84)","23.91(18.65,29.35)","20.77(15.28,26.37)","0.0002","0.0002","0.0002","0.0002","0.9998","1.0013","1.0011","1.0022",4160,3007,2532,2160,3192,2925,2978,2732
"I00_I99","2000_2005","2011_2015",10,"doe_zone_5_EQI_Air+SM+PA+OB","0.00","9.04(3.40,14.54)","10.75(5.73,15.97)","8.18(3.24,13.16)","2.79(-2.54,8.15)","0.0022","0.0002","0.0017","0.3157","1.0005","1.0003","0.9998","1.0001",4454,3306,2598,2274,2752,2761,2969,3062
"I00_I99","2000_2005","2011_2015",10,"doe_zone_5_EQI_Water+SM+PA+OB","0.00","-17.35(-23.47,-11.37)","1.03(-4.46,6.44)","6.87(1.37,12.35)","4.91(-0.65,10.61)","0.0002","0.7166","0.0157","0.0822","1.0009","1.0010","1.0024","1.0016",2867,2380,2369,2272,2943,2576,2608,2762
"I00_I99","2000_2005","2011_2015",10,"doe_zone_5_EQI_Land+SM+PA+OB","0.00","-0.12(-6.35,6.26)","6.49(1.07,12.41)","14.03(8.72,19.50)","13.68(8.16,19.24)","0.9645","0.0207","0.0002","0.0002","1.0001","1.0007","0.9999","0.9996",2967,2535,2323,2246,3090,2518,2818,2935
"I00_I99","2000_2005","2011_2015",10,"doe_zone_5_EQI_Built+SM+PA+OB","0.00","12.67(7.86,17.54)","10.07(5.14,14.95)","14.36(9.62,19.26)","14.39(9.17,19.47)","0.0002","0.0002","0.0002","0.0002","1.0001","1.0015","1.0022","1.0003",3494,2977,2727,2712,3157,3109,2914,3095
"I00_I99","2000_2005","2011_2015",10,"doe_zone_5_EQI_Social+SM+PA+OB","0.00","5.58(-0.17,11.52)","1.41(-4.05,6.73)","8.46(3.21,13.78)","-1.24(-6.99,4.57)","0.0577","0.6236","0.0017","0.6756","1.0006","1.0002","1.0000","1.0016",3276,2512,2269,2137,2983,2960,2762,3005
"I00_I99","2000_2005","2016_2020",15,"doe_zone_5_EQI+SM+PA+OB","0.00","16.20(10.46,21.95)","19.87(14.51,25.02)","20.70(15.36,26.01)","22.65(17.19,28.21)","0.0002","0.0002","0.0002","0.0002","1.0007","1.0023","1.0010","1.0007",3187,3192,2537,2232,3320,3444,3218,2523
"I00_I99","2000_2005","2016_2020",15,"doe_zone_5_EQI_Air+SM+PA+OB","0.00","9.11(3.78,14.30)","7.39(2.22,12.58)","8.15(3.14,13.22)","6.60(1.05,11.98)","0.0007","0.0067","0.0022","0.0157","0.9998","0.9998","1.0004","1.0005",4834,3907,2923,2688,3120,3198,3115,3215
"I00_I99","2000_2005","2016_2020",15,"doe_zone_5_EQI_Water+SM+PA+OB","0.00","-15.51(-21.12,-9.64)","1.82(-3.51,7.20)","3.00(-2.49,8.46)","5.92(0.53,11.48)","0.0002","0.5186","0.2817","0.0367","1.0001","1.0009","1.0040","1.0000",3394,3074,3062,3084,3324,2870,3505,2817
"I00_I99","2000_2005","2016_2020",15,"doe_zone_5_EQI_Land+SM+PA+OB","0.00","1.27(-4.91,7.29)","5.08(-0.39,10.59)","11.62(6.29,16.93)","11.57(6.15,17.02)","0.6871","0.0687","0.0002","0.0002","1.0006","1.0014","1.0014","1.0011",3189,2427,2225,2563,3056,2639,2817,2401
"I00_I99","2000_2005","2016_2020",15,"doe_zone_5_EQI_Built+SM+PA+OB","0.00","15.96(11.27,20.62)","13.66(9.03,18.27)","16.04(11.55,20.61)","15.80(10.84,20.80)","0.0002","0.0002","0.0002","0.0002","1.0005","1.0001","1.0005","1.0002",4337,3699,3508,3271,3252,3160,3144,3072
"I00_I99","2000_2005","2016_2020",15,"doe_zone_5_EQI_Social+SM+PA+OB","0.00","4.57(-1.09,10.39)","4.22(-1.05,9.52)","8.37(3.03,13.62)","-1.06(-6.61,4.79)","0.1202","0.1207","0.0012","0.7081","1.0005","1.0009","1.0011","1.0025",3782,2936,2478,2304,2914,3240,2945,2838
"I00_I99","2000_2005","2021_2024",20,"doe_zone_5_EQI+SM+PA+OB","0.00","8.07(0.75,15.46)","8.55(1.28,15.81)","9.76(3.21,16.33)","9.88(2.69,16.77)","0.0347","0.0257","0.0057","0.0072","1.0012","1.0010","0.9998","0.9998",6170,5168,4526,3609,3296,3059,2974,3132
"I00_I99","2000_2005","2021_2024",20,"doe_zone_5_EQI_Air+SM+PA+OB","0.00","3.87(-3.34,10.92)","4.28(-2.68,11.23)","4.02(-2.87,10.60)","1.91(-4.98,8.85)","0.3117","0.2372","0.2277","0.5766","1.0015","1.0006","1.0003","1.0006",6566,6162,4711,4191,3030,3489,3059,3338
"I00_I99","2000_2005","2021_2024",20,"doe_zone_5_EQI_Water+SM+PA+OB","0.00","-13.77(-20.73,-6.33)","-0.69(-7.67,6.00)","6.57(-0.46,13.75)","5.08(-1.95,12.17)","0.0002","0.8325","0.0672","0.1542","0.9998","0.9994","1.0000","1.0009",5835,4886,4648,4889,3009,3167,2948,3353
"I00_I99","2000_2005","2021_2024",20,"doe_zone_5_EQI_Land+SM+PA+OB","0.00","-4.43(-12.12,3.24)","1.93(-5.03,8.86)","6.95(0.22,13.42)","9.42(2.65,15.81)","0.2767","0.5916","0.0427","0.0062","0.9996","0.9999","0.9998","1.0008",5994,5698,4360,4318,3285,3163,3349,2965
"I00_I99","2000_2005","2021_2024",20,"doe_zone_5_EQI_Built+SM+PA+OB","0.00","4.88(-1.76,11.19)","5.47(-1.46,12.26)","11.40(5.27,17.67)","9.59(2.40,16.91)","0.1557","0.1142","0.0012","0.0062","1.0025","0.9997","1.0003","1.0007",5703,5647,5060,5332,3288,2805,3305,3510
"I00_I99","2000_2005","2021_2024",20,"doe_zone_5_EQI_Social+SM+PA+OB","0.00","2.59(-5.02,10.14)","-2.92(-9.82,4.00)","7.01(0.63,13.27)","-4.86(-12.15,2.26)","0.5001","0.3902","0.0312","0.1792","1.0002","1.0000","1.0003","1.0011",5937,5564,4561,3934,2828,3489,3301,3277
"I00_I99","2000_2005","2006_2010",5,"doe_zone_6_EQI+SM+PA+OB","0.00","6.61(-0.10,13.36)","11.63(5.05,18.42)","12.75(6.16,19.42)","11.97(5.10,18.85)","0.0552","0.0012","0.0002","0.0017","1.0009","1.0002","1.0004","1.0007",3864,3321,3115,2781,2696,2918,2610,2918
"I00_I99","2000_2005","2006_2010",5,"doe_zone_6_EQI_Air+SM+PA+OB","0.00","7.86(1.63,13.84)","7.17(0.90,13.70)","6.45(-0.29,13.49)","6.24(-1.37,13.74)","0.0132","0.0257","0.0602","0.1117","1.0012","1.0002","0.9998","1.0000",5868,6020,5299,6890,2959,3211,3278,3301
"I00_I99","2000_2005","2006_2010",5,"doe_zone_6_EQI_Water+SM+PA+OB","0.00","2.86(-3.97,9.47)","-1.44(-8.37,5.67)","2.74(-4.32,9.43)","1.96(-5.19,9.19)","0.4086","0.6856","0.4316","0.6036","0.9999","1.0007","1.0005","1.0002",5960,5375,4689,5290,3265,2962,3110,3122
"I00_I99","2000_2005","2006_2010",5,"doe_zone_6_EQI_Land+SM+PA+OB","0.00","-3.33(-11.07,4.35)","-2.16(-9.27,4.86)","2.78(-4.10,9.55)","2.26(-4.45,9.07)","0.3717","0.5336","0.4201","0.5216","0.9995","1.0005","0.9998","1.0008",6515,5013,4315,3900,3102,3520,3387,3287
"I00_I99","2000_2005","2006_2010",5,"doe_zone_6_EQI_Built+SM+PA+OB","0.00","3.57(-3.31,10.74)","10.14(3.57,16.56)","8.31(1.54,14.65)","8.85(2.30,15.38)","0.3212","0.0017","0.0142","0.0107","1.0022","1.0008","1.0000","1.0011",6111,4778,4717,4319,2210,3285,2849,3312
"I00_I99","2000_2005","2006_2010",5,"doe_zone_6_EQI_Social+SM+PA+OB","0.00","-2.54(-9.25,4.22)","3.57(-2.71,9.75)","3.28(-3.02,9.48)","4.87(-1.97,11.84)","0.4621","0.2742","0.2937","0.1737","1.0030","1.0008","0.9998","0.9999",6423,5620,4007,4022,2857,3067,3053,3352
"I00_I99","2000_2005","2011_2015",10,"doe_zone_6_EQI+SM+PA+OB","0.00","9.19(2.29,15.82)","12.80(6.21,19.27)","12.51(6.10,18.78)","10.58(3.78,17.51)","0.0092","0.0002","0.0007","0.0017","1.0014","1.0010","1.0001","1.0018",3482,3129,2620,2350,2798,3219,2699,2863
"I00_I99","2000_2005","2011_2015",10,"doe_zone_6_EQI_Air+SM+PA+OB","0.00","7.75(1.57,13.69)","8.05(1.75,14.44)","6.41(-0.25,13.24)","5.89(-1.73,13.55)","0.0117","0.0157","0.0562","0.1262","0.9996","1.0009","1.0019","1.0018",5443,5213,5239,5312,3301,3105,3105,2449
"I00_I99","2000_2005","2011_2015",10,"doe_zone_6_EQI_Water+SM+PA+OB","0.00","0.95(-5.58,7.49)","-0.38(-7.41,6.56)","3.39(-3.42,10.15)","2.08(-4.65,9.16)","0.7576","0.9015","0.3317","0.5531","1.0002","1.0020","1.0028","1.0000",6353,5452,5437,5384,3394,3134,3560,3142
"I00_I99","2000_2005","2011_2015",10,"doe_zone_6_EQI_Land+SM+PA+OB","0.00","-1.90(-9.37,5.57)","-4.20(-11.10,2.81)","3.33(-3.38,9.99)","3.09(-3.76,9.83)","0.6126","0.2332","0.3252","0.3707","1.0005","1.0017","1.0003","1.0005",6331,5205,4477,4859,3184,3013,3543,3075
"I00_I99","2000_2005","2011_2015",10,"doe_zone_6_EQI_Built+SM+PA+OB","0.00","2.73(-4.14,9.63)","8.84(2.72,15.33)","8.44(1.91,14.96)","7.87(1.34,14.14)","0.4461","0.0072","0.0127","0.0197","0.9998","1.0003","0.9997","1.0015",6311,5216,5235,4757,2857,3253,3238,3095
"I00_I99","2000_2005","2011_2015",10,"doe_zone_6_EQI_Social+SM+PA+OB","0.00","-5.32(-12.25,1.49)","1.50(-4.85,7.92)","4.69(-1.43,10.91)","2.07(-4.88,8.78)","0.1217","0.6526","0.1392","0.5476","1.0002","1.0027","1.0006","1.0003",5666,5867,4618,4637,3281,3421,2938,3190
"I00_I99","2000_2005","2016_2020",15,"doe_zone_6_EQI+SM+PA+OB","0.00","9.19(2.69,15.75)","12.49(6.25,18.35)","13.24(7.17,19.22)","14.70(7.76,21.29)","0.0052","0.0007","0.0002","0.0002","1.0002","1.0011","1.0015","1.0005",3643,3090,3140,2476,3076,2867,2926,2648
"I00_I99","2000_2005","2016_2020",15,"doe_zone_6_EQI_Air+SM+PA+OB","0.00","7.80(1.91,13.67)","8.99(3.26,14.88)","9.94(3.16,16.57)","10.46(3.13,17.65)","0.0067","0.0022","0.0022","0.0062","1.0013","1.0012","1.0002","1.0012",5967,5076,5766,6623,3126,3080,3366,3292
"I00_I99","2000_2005","2016_2020",15,"doe_zone_6_EQI_Water+SM+PA+OB","0.00","0.61(-5.56,6.67)","3.20(-3.61,9.92)","3.33(-3.05,10.15)","2.59(-4.29,9.22)","0.8495","0.3432","0.3087","0.4426","1.0033","1.0012","0.9997","0.9996",6145,5816,4531,4330,3320,3120,2701,3490
"I00_I99","2000_2005","2016_2020",15,"doe_zone_6_EQI_Land+SM+PA+OB","0.00","-5.52(-12.59,1.49)","-2.30(-8.89,4.10)","3.22(-3.02,9.76)","4.60(-2.08,11.07)","0.1207","0.4861","0.3097","0.1702","1.0028","1.0012","0.9996","0.9998",5896,5071,3605,3765,3107,3308,3259,3226
"I00_I99","2000_2005","2016_2020",15,"doe_zone_6_EQI_Built+SM+PA+OB","0.00","5.92(-0.94,12.63)","7.82(1.87,13.47)","8.83(2.78,14.85)","10.89(4.86,16.82)","0.0912","0.0082","0.0062","0.0002","1.0000","1.0004","1.0004","1.0007",6075,4948,5142,4705,3169,3296,2985,3253
"I00_I99","2000_2005","2016_2020",15,"doe_zone_6_EQI_Social+SM+PA+OB","0.00","-4.12(-10.64,2.46)","4.07(-1.83,10.02)","5.00(-1.05,11.38)","2.69(-4.06,9.38)","0.2192","0.1757","0.1052","0.4466","1.0002","0.9999","1.0001","1.0003",5934,5133,4485,4241,3207,3053,3241,3320
"I00_I99","2000_2005","2021_2024",20,"doe_zone_6_EQI+SM+PA+OB","0.00","3.58(-4.80,11.69)","5.69(-2.10,13.38)","6.26(-1.24,13.71)","10.21(2.24,17.87)","0.3992","0.1552","0.1022","0.0122","1.0015","1.0009","1.0000","0.9997",3836,4086,4216,3785,2634,2941,3395,3371
"I00_I99","2000_2005","2021_2024",20,"doe_zone_6_EQI_Air+SM+PA+OB","0.00","7.60(0.34,14.99)","5.53(-1.89,12.89)","8.08(0.04,16.32)","6.32(-2.13,14.55)","0.0427","0.1457","0.0477","0.1397","1.0033","1.0017","1.0007","1.0006",5695,6085,5586,6740,2911,3213,2916,3329
"I00_I99","2000_2005","2021_2024",20,"doe_zone_6_EQI_Water+SM+PA+OB","0.00","-2.39(-9.79,5.07)","1.84(-6.33,10.08)","6.20(-1.56,13.80)","0.99(-7.18,9.15)","0.5286","0.6561","0.1122","0.8140","0.9997","0.9997","1.0001","1.0011",5562,5414,4650,5764,3115,2570,2891,3121
"I00_I99","2000_2005","2021_2024",20,"doe_zone_6_EQI_Land+SM+PA+OB","0.00","-2.10(-10.54,6.24)","2.00(-5.79,9.72)","-1.01(-8.75,6.50)","-1.56(-9.09,6.10)","0.6381","0.6046","0.8030","0.6941","0.9999","1.0001","1.0003","1.0001",6353,4713,4385,4994,3107,2970,2984,3134
"I00_I99","2000_2005","2021_2024",20,"doe_zone_6_EQI_Built+SM+PA+OB","0.00","0.63(-7.67,8.44)","3.25(-4.28,10.52)","5.08(-2.73,12.68)","8.19(0.39,15.68)","0.8760","0.3802","0.1917","0.0397","1.0012","0.9997","1.0009","1.0006",5430,5158,5304,5450,2847,3240,2964,3283
"I00_I99","2000_2005","2021_2024",20,"doe_zone_6_EQI_Social+SM+PA+OB","0.00","-3.03(-11.45,5.06)","-1.47(-9.13,6.20)","1.57(-5.48,8.82)","1.46(-6.34,9.48)","0.4666","0.6981","0.6641","0.7256","1.0001","1.0006","1.0018","1.0003",5460,5512,4995,4627,2706,2973,3147,3298
"I00_I99","2000_2005","2006_2010",5,"doe_zone_7_EQI+SM+PA+OB","0.00","3.46(-5.03,12.16)","4.22(-4.07,12.54)","2.24(-6.28,10.68)","-2.87(-12.11,6.65)","0.4351","0.3042","0.6196","0.5381","1.0001","1.0009","1.0017","0.9999",3777,3667,3929,4192,3059,2897,3011,3033
"I00_I99","2000_2005","2006_2010",5,"doe_zone_7_EQI_Air+SM+PA+OB","0.00","1.50(-6.78,9.86)","1.98(-7.56,11.31)","0.76(-8.34,9.77)","-0.05(-9.89,10.03)","0.7191","0.6741","0.8735","0.9965","1.0011","1.0002","1.0005","1.0010",4257,4466,4862,4728,2415,2964,2967,2815
"I00_I99","2000_2005","2006_2010",5,"doe_zone_7_EQI_Water+SM+PA+OB","0.00","-4.48(-12.84,3.99)","4.15(-4.31,12.88)","6.32(-2.95,15.28)","-3.09(-12.00,6.00)","0.3012","0.3487","0.1717","0.4996","1.0007","1.0008","1.0019","1.0025",4324,4147,4422,4365,2882,3123,2780,2819
"I00_I99","2000_2005","2006_2010",5,"doe_zone_7_EQI_Land+SM+PA+OB","0.00","0.29(-8.81,9.50)","1.77(-7.14,10.36)","3.07(-5.43,11.57)","-1.67(-10.46,6.93)","0.9585","0.6816","0.4691","0.7061","1.0016","1.0032","1.0008","1.0015",4565,5334,4478,4349,2487,2964,3008,2788
"I00_I99","2000_2005","2006_2010",5,"doe_zone_7_EQI_Built+SM+PA+OB","0.00","-1.91(-10.88,7.22)","5.63(-3.38,14.75)","5.17(-3.43,13.61)","1.52(-6.60,9.86)","0.6791","0.2162","0.2502","0.7156","1.0008","1.0002","1.0005","1.0016",4803,4697,4572,4432,3004,2759,3214,3271
"I00_I99","2000_2005","2006_2010",5,"doe_zone_7_EQI_Social+SM+PA+OB","0.00","-1.43(-10.02,7.44)","5.34(-3.26,13.57)","-1.50(-10.08,6.89)","5.59(-3.70,14.63)","0.7496","0.2227","0.7526","0.2222","1.0001","0.9999","1.0003","1.0014",4466,4770,4439,4333,2959,3194,2981,2679
"I00_I99","2000_2005","2011_2015",10,"doe_zone_7_EQI+SM+PA+OB","0.00","3.89(-5.06,12.83)","4.61(-3.73,12.75)","0.92(-7.71,9.46)","-3.84(-13.08,5.33)","0.3802","0.2872","0.8475","0.4231","1.0001","0.9999","1.0002","1.0010",4389,3899,3509,3470,2519,3162,3013,3018
"I00_I99","2000_2005","2011_2015",10,"doe_zone_7_EQI_Air+SM+PA+OB","0.00","1.70(-6.43,10.07)","1.35(-7.60,10.60)","-0.26(-9.69,9.30)","-0.12(-10.20,9.70)","0.6911","0.7771","0.9530","0.9900","1.0032","1.0032","1.0002","1.0011",6446,5412,6433,6205,2929,2788,2991,2690
"I00_I99","2000_2005","2011_2015",10,"doe_zone_7_EQI_Water+SM+PA+OB","0.00","-6.91(-15.24,1.45)","4.81(-3.97,13.35)","7.62(-1.14,16.25)","-3.87(-12.65,4.81)","0.1037","0.2787","0.0852","0.3837","1.0004","1.0025","0.9999","0.9999",5856,5913,5612,5761,2814,3179,3113,2960
"I00_I99","2000_2005","2011_2015",10,"doe_zone_7_EQI_Land+SM+PA+OB","0.00","0.10(-9.06,8.74)","2.76(-5.83,11.50)","2.33(-6.14,10.89)","-1.51(-9.90,6.98)","0.9655","0.5261","0.5966","0.7416","1.0033","0.9999","0.9998","1.0013",6030,5669,5798,5518,2471,2920,3162,3239
"I00_I99","2000_2005","2011_2015",10,"doe_zone_7_EQI_Built+SM+PA+OB","0.00","-0.61(-9.65,8.56)","7.11(-1.48,15.46)","5.84(-2.41,13.84)","0.71(-7.33,8.60)","0.9035","0.1062","0.1697","0.8710","1.0008","1.0013","1.0000","0.9996",6514,5778,6437,5313,2886,3158,3260,3447
"I00_I99","2000_2005","2011_2015",10,"doe_zone_7_EQI_Social+SM+PA+OB","0.00","1.52(-6.70,9.67)","4.41(-3.68,12.26)","-0.68(-9.17,7.72)","5.58(-4.02,15.09)","0.7136","0.2747","0.8680","0.2332","1.0024","1.0000","1.0001","1.0002",5241,5797,6200,5484,2930,2948,2876,2923
"I00_I99","2000_2005","2016_2020",15,"doe_zone_7_EQI+SM+PA+OB","0.00","6.27(-2.22,14.82)","1.86(-6.41,9.95)","3.72(-4.67,12.23)","-2.34(-11.24,6.77)","0.1507","0.6421","0.3992","0.6056","1.0013","0.9996","1.0006","1.0000",3401,3892,3187,4049,2964,3049,3086,3042
"I00_I99","2000_2005","2016_2020",15,"doe_zone_7_EQI_Air+SM+PA+OB","0.00","4.18(-4.10,12.25)","2.16(-7.10,11.21)","1.42(-7.69,10.59)","0.06(-9.81,9.91)","0.3212","0.6236","0.7591","0.9885","1.0012","1.0012","1.0004","1.0005",5424,4652,5379,5672,2650,2941,2713,3143
"I00_I99","2000_2005","2016_2020",15,"doe_zone_7_EQI_Water+SM+PA+OB","0.00","-5.01(-13.25,3.10)","4.92(-3.80,13.64)","4.44(-4.43,13.22)","-1.33(-10.27,7.75)","0.2282","0.2782","0.3022","0.7556","1.0006","1.0001","1.0010","1.0001",5113,5713,5252,5557,3011,3133,3295,3300
"I00_I99","2000_2005","2016_2020",15,"doe_zone_7_EQI_Land+SM+PA+OB","0.00","-0.32(-9.01,8.60)","4.86(-3.96,13.64)","-0.00(-8.56,8.49)","0.92(-7.83,9.58)","0.9375","0.2697","0.9855","0.8480","1.0013","1.0027","1.0013","1.0013",4933,4870,5756,4043,3080,2553,3356,3093
"I00_I99","2000_2005","2016_2020",15,"doe_zone_7_EQI_Built+SM+PA+OB","0.00","-2.84(-12.28,6.49)","8.54(0.00,16.63)","2.94(-5.34,11.38)","1.81(-6.22,9.81)","0.5671","0.0502","0.4836","0.6486","1.0047","1.0003","1.0006","1.0004",5848,5390,5046,4804,2667,3112,2899,2964
"I00_I99","2000_2005","2016_2020",15,"doe_zone_7_EQI_Social+SM+PA+OB","0.00","-0.04(-8.55,8.20)","4.16(-3.91,12.20)","0.42(-8.06,9.15)","5.40(-3.64,14.50)","0.9975","0.3022","0.9195","0.2507","1.0006","1.0022","1.0014","1.0014",4897,5727,5009,5326,2722,2947,2963,3078
"I00_I99","2000_2005","2021_2024",20,"doe_zone_7_EQI+SM+PA+OB","0.00","0.71(-8.53,9.99)","2.59(-6.38,11.70)","4.64(-4.78,14.08)","-0.61(-10.33,8.94)","0.8835","0.5791","0.3327","0.9200","1.0001","1.0022","1.0002","1.0015",4484,4324,3960,4454,3173,3040,2936,2704
"I00_I99","2000_2005","2021_2024",20,"doe_zone_7_EQI_Air+SM+PA+OB","0.00","3.34(-6.13,12.27)","2.14(-7.28,11.65)","1.31(-8.15,10.56)","-0.02(-10.08,10.39)","0.4691","0.6581","0.7821","0.9915","1.0015","0.9998","1.0009","1.0031",4504,5020,4479,4823,3072,3059,2799,2604
"I00_I99","2000_2005","2021_2024",20,"doe_zone_7_EQI_Water+SM+PA+OB","0.00","-4.91(-14.12,4.10)","0.36(-9.08,9.76)","5.66(-3.54,14.89)","-0.08(-9.19,9.33)","0.2857","0.9385","0.2267","0.9760","1.0009","1.0000","1.0010","1.0002",4762,3626,4028,3766,2808,2888,2522,3057
"I00_I99","2000_2005","2021_2024",20,"doe_zone_7_EQI_Land+SM+PA+OB","0.00","0.69(-8.41,9.82)","1.91(-7.44,11.25)","1.91(-6.97,10.70)","1.08(-8.06,10.37)","0.8900","0.7036","0.6706","0.8240","1.0005","1.0014","1.0015","1.0001",4583,3850,4839,4221,2941,2815,3195,2969
"I00_I99","2000_2005","2021_2024",20,"doe_zone_7_EQI_Built+SM+PA+OB","0.00","-0.62(-10.15,8.96)","2.46(-7.03,11.61)","3.67(-5.39,13.11)","0.15(-8.90,9.32)","0.9000","0.6161","0.4226","0.9880","1.0023","1.0006","1.0013","1.0005",4425,5241,4579,4302,2807,3222,3142,2981
"I00_I99","2000_2005","2021_2024",20,"doe_zone_7_EQI_Social+SM+PA+OB","0.00","-1.96(-11.00,7.17)","-0.21(-8.76,8.55)","2.00(-7.15,11.23)","3.49(-6.56,13.29)","0.6726","0.9590","0.6911","0.4876","1.0003","1.0015","1.0006","1.0022",5172,5152,5037,4247,3019,3168,2868,2792
"I00_I99","2000_2005","2006_2010",5,"Economic_type_1_EQI+SM+PA+OB","0.00","14.90(7.83,21.92)","15.46(7.52,23.39)","6.15(-2.66,15.09)","0.45(-9.24,9.98)","0.0002","0.0002","0.1707","0.9285","1.0020","1.0016","1.0016","1.0004",5075,4341,5376,4941,2982,3211,2898,2716
"I00_I99","2000_2005","2006_2010",5,"Economic_type_1_EQI_Air+SM+PA+OB","0.00","7.85(0.31,15.25)","5.69(-2.93,14.53)","3.57(-5.94,13.34)","0.05(-9.84,9.93)","0.0422","0.2022","0.4606","0.9815","1.0012","1.0002","1.0005","1.0013",8009,9643,8196,8935,3214,2870,2367,2482
"I00_I99","2000_2005","2006_2010",5,"Economic_type_1_EQI_Water+SM+PA+OB","0.00","-6.53(-13.88,0.86)","3.23(-4.49,11.06)","7.02(-0.89,14.81)","3.57(-5.14,12.37)","0.0817","0.4166","0.0807","0.4141","1.0022","1.0001","1.0025","1.0021",7742,7831,8149,7816,3249,2971,2870,2822
"I00_I99","2000_2005","2006_2010",5,"Economic_type_1_EQI_Land+SM+PA+OB","0.00","-5.76(-13.90,2.29)","-5.56(-13.41,2.39)","3.24(-4.13,10.90)","9.26(1.03,17.11)","0.1652","0.1687","0.4296","0.0297","0.9998","1.0005","1.0035","1.0002",7883,7562,6161,6383,3012,3018,3237,3050
"I00_I99","2000_2005","2006_2010",5,"Economic_type_1_EQI_Built+SM+PA+OB","0.00","12.34(5.13,19.42)","9.76(1.66,17.77)","6.24(-1.70,14.28)","2.55(-6.60,11.89)","0.0007","0.0182","0.1312","0.5891","1.0019","0.9999","1.0023","1.0008",8322,8476,9537,8617,2987,2975,2849,2952
"I00_I99","2000_2005","2006_2010",5,"Economic_type_1_EQI_Social+SM+PA+OB","0.00","-0.22(-7.67,7.15)","-0.42(-8.35,7.23)","5.25(-2.22,13.04)","5.88(-3.17,15.21)","0.9605","0.9150","0.1822","0.1972","1.0006","1.0003","1.0029","1.0019",7161,8540,8533,7654,2543,3168,2939,2801
"I00_I99","2000_2005","2011_2015",10,"Economic_type_1_EQI+SM+PA+OB","0.00","13.09(6.09,20.03)","14.62(6.81,22.31)","6.01(-2.95,15.22)","0.69(-8.98,10.10)","0.0002","0.0002","0.1777","0.8835","1.0010","1.0001","1.0015","1.0010",4796,4563,4804,5263,3126,2841,2949,2994
"I00_I99","2000_2005","2011_2015",10,"Economic_type_1_EQI_Air+SM+PA+OB","0.00","6.83(-0.61,14.50)","6.60(-2.02,15.20)","3.57(-5.72,12.72)","-0.07(-9.51,9.78)","0.0762","0.1387","0.4616","0.9905","1.0028","1.0020","1.0041","1.0021",6487,6936,7136,7571,3160,2928,2930,2672
"I00_I99","2000_2005","2011_2015",10,"Economic_type_1_EQI_Water+SM+PA+OB","0.00","-6.32(-13.41,0.81)","1.35(-6.15,8.94)","7.30(-0.18,14.83)","3.88(-4.38,12.09)","0.0887","0.7251","0.0542","0.3552","1.0003","0.9998","1.0012","1.0007",6309,5415,6208,5633,3651,3006,3400,3058
"I00_I99","2000_2005","2011_2015",10,"Economic_type_1_EQI_Land+SM+PA+OB","0.00","-4.34(-12.87,4.16)","-5.30(-12.58,1.96)","2.01(-5.26,9.34)","8.19(0.41,15.97)","0.3137","0.1652","0.6141","0.0407","1.0013","1.0008","0.9998","1.0002",5627,6144,5154,5444,2897,2881,3243,3016
"I00_I99","2000_2005","2011_2015",10,"Economic_type_1_EQI_Built+SM+PA+OB","0.00","13.59(6.60,20.68)","11.31(3.65,18.67)","6.98(-0.97,15.00)","1.78(-7.24,10.61)","0.0002","0.0057","0.0887","0.7121","1.0021","1.0003","1.0010","1.0003",6500,8085,5940,8003,3156,3095,2903,2695
"I00_I99","2000_2005","2011_2015",10,"Economic_type_1_EQI_Social+SM+PA+OB","0.00","0.84(-6.53,7.92)","-1.61(-9.05,5.93)","6.78(-0.90,14.51)","6.66(-1.74,15.29)","0.8090","0.6621","0.0832","0.1292","1.0011","1.0018","1.0005","1.0054",6015,5447,6048,5904,2983,3088,3366,3236
"I00_I99","2000_2005","2016_2020",15,"Economic_type_1_EQI+SM+PA+OB","0.00","17.47(10.79,24.29)","14.17(6.29,21.86)","6.94(-1.67,15.57)","0.47(-9.11,10.11)","0.0002","0.0002","0.1127","0.9270","1.0002","1.0001","1.0000","1.0016",5647,4871,6094,5628,2979,3010,3026,3140
"I00_I99","2000_2005","2016_2020",15,"Economic_type_1_EQI_Air+SM+PA+OB","0.00","7.15(-0.09,14.32)","7.76(-0.73,16.25)","3.36(-5.67,12.01)","0.04(-9.54,9.36)","0.0542","0.0802","0.4536","0.9995","1.0011","1.0002","1.0007","1.0006",6130,7545,7435,6770,3268,3299,2651,3093
"I00_I99","2000_2005","2016_2020",15,"Economic_type_1_EQI_Water+SM+PA+OB","0.00","-5.15(-12.11,1.83)","6.90(-0.75,14.49)","5.30(-1.95,12.73)","4.02(-3.83,12.08)","0.1442","0.0787","0.1582","0.3147","1.0018","1.0000","0.9994","0.9999",5478,6668,5731,6378,2541,3452,3065,3538
"I00_I99","2000_2005","2016_2020",15,"Economic_type_1_EQI_Land+SM+PA+OB","0.00","-1.19(-9.37,6.68)","-3.07(-10.02,4.02)","2.61(-4.60,10.07)","7.25(-0.35,14.59)","0.7721","0.3927","0.4786","0.0612","1.0001","1.0009","1.0010","0.9999",7458,7214,5960,5588,2994,3414,3358,3388
"I00_I99","2000_2005","2016_2020",15,"Economic_type_1_EQI_Built+SM+PA+OB","0.00","14.62(7.62,21.41)","13.01(5.60,20.51)","4.40(-3.51,12.43)","5.98(-2.89,15.04)","0.0002","0.0007","0.2902","0.1922","1.0013","1.0021","1.0016","1.0012",7333,7571,7925,7412,2810,2987,2689,2807
"I00_I99","2000_2005","2016_2020",15,"Economic_type_1_EQI_Social+SM+PA+OB","0.00","2.06(-4.65,8.76)","1.72(-5.59,8.77)","6.14(-1.64,13.98)","6.70(-1.42,14.75)","0.5466","0.6486","0.1132","0.1167","1.0026","1.0010","1.0011","0.9999",7915,6478,6654,6103,3140,2939,2941,3164
"I00_I99","2000_2005","2021_2024",20,"Economic_type_1_EQI+SM+PA+OB","0.00","8.44(0.36,16.56)","7.35(-1.89,16.47)","2.64(-6.52,12.03)","0.18(-9.57,10.32)","0.0442","0.1117","0.5696","0.9855","1.0009","1.0010","0.9993","1.0024",5160,5575,5136,5662,2767,2673,3112,3015
"I00_I99","2000_2005","2021_2024",20,"Economic_type_1_EQI_Air+SM+PA+OB","0.00","4.50(-4.24,13.13)","4.56(-4.57,13.69)","1.21(-8.36,10.68)","-0.04(-9.84,9.64)","0.3037","0.3122","0.8090","0.9880","1.0022","0.9999","1.0042","1.0024",5208,4995,5570,5974,2526,2980,2974,3027
"I00_I99","2000_2005","2021_2024",20,"Economic_type_1_EQI_Water+SM+PA+OB","0.00","-7.18(-15.39,1.43)","5.01(-3.77,13.92)","4.70(-3.96,13.24)","1.45(-7.70,10.29)","0.0952","0.2732","0.2782","0.7701","1.0009","1.0002","1.0028","1.0028",5281,4772,5641,6289,3067,3182,2593,2612
"I00_I99","2000_2005","2021_2024",20,"Economic_type_1_EQI_Land+SM+PA+OB","0.00","-0.03(-9.02,8.96)","2.40(-6.22,11.12)","-0.90(-9.57,7.39)","0.46(-8.00,9.14)","0.9935","0.5841","0.8335","0.9155","1.0010","1.0001","1.0013","1.0004",5154,4594,4545,4347,2808,2927,2883,2776
"I00_I99","2000_2005","2021_2024",20,"Economic_type_1_EQI_Built+SM+PA+OB","0.00","6.70(-1.60,14.83)","6.36(-2.55,15.07)","3.24(-5.71,11.93)","1.06(-8.25,10.28)","0.1172","0.1382","0.4586","0.8275","1.0007","1.0012","1.0019","1.0028",5436,5142,5745,5788,2807,2141,2660,3076
"I00_I99","2000_2005","2021_2024",20,"Economic_type_1_EQI_Social+SM+PA+OB","0.00","-2.49(-11.30,6.45)","-3.87(-12.48,4.60)","3.77(-5.03,12.41)","3.30(-5.85,12.03)","0.5656","0.3652","0.4001","0.4651","1.0001","1.0012","1.0008","1.0005",5132,4260,4891,4949,3025,2889,3331,3006
"I00_I99","2000_2005","2006_2010",5,"Economic_type_2_EQI+SM+PA+OB","0.00","11.51(3.45,19.28)","6.76(-1.49,15.49)","-0.63(-9.23,7.88)","0.55(-8.89,9.66)","0.0042","0.1167","0.8785","0.8815","0.9999","1.0008","1.0000","1.0015",4113,4940,4951,5132,3079,3197,3168,3020
"I00_I99","2000_2005","2006_2010",5,"Economic_type_2_EQI_Air+SM+PA+OB","0.00","2.68(-6.16,11.32)","7.16(-1.29,15.63)","2.21(-6.53,11.04)","1.66(-8.01,11.46)","0.5346","0.0917","0.6171","0.7341","1.0012","1.0005","1.0004","1.0013",4323,4401,5277,5805,2647,2708,3196,2923
"I00_I99","2000_2005","2006_2010",5,"Economic_type_2_EQI_Water+SM+PA+OB","0.00","4.66(-4.09,13.16)","-0.37(-9.10,8.44)","-1.09(-9.76,7.85)","0.92(-7.17,9.05)","0.2967","0.9380","0.7861","0.8370","1.0005","1.0024","1.0025","1.0000",4182,5288,3952,4181,2978,3406,2649,3273
"I00_I99","2000_2005","2006_2010",5,"Economic_type_2_EQI_Land+SM+PA+OB","0.00","4.04(-4.20,12.21)","-0.47(-8.94,7.80)","-1.72(-10.18,6.57)","0.03(-9.25,9.12)","0.3332","0.9095","0.6881","0.9895","1.0032","1.0017","1.0009","1.0001",4689,3853,5199,4479,3226,2939,2771,2986
"I00_I99","2000_2005","2006_2010",5,"Economic_type_2_EQI_Built+SM+PA+OB","0.00","1.36(-7.03,9.75)","2.31(-6.23,10.76)","4.27(-4.40,12.70)","2.38(-6.31,11.40)","0.7576","0.6036","0.3387","0.5736","0.9996","1.0006","1.0017","1.0015",5559,4086,4731,4453,3420,3165,2896,3119
"I00_I99","2000_2005","2006_2010",5,"Economic_type_2_EQI_Social+SM+PA+OB","0.00","6.99(-1.33,15.34)","1.86(-6.96,10.78)","-2.39(-11.50,6.76)","1.77(-7.90,11.25)","0.0982","0.6786","0.6126","0.7011","1.0003","1.0010","1.0008","1.0001",4964,4528,3846,5863,2895,2999,2772,3212
"I00_I99","2000_2005","2011_2015",10,"Economic_type_2_EQI+SM+PA+OB","0.00","11.69(3.79,19.43)","4.65(-3.47,12.72)","2.13(-6.87,10.95)","1.44(-7.98,10.89)","0.0027","0.2637","0.6461","0.7601","1.0015","1.0005","1.0010","1.0000",7879,7431,8622,7826,2818,2789,3201,2966
"I00_I99","2000_2005","2011_2015",10,"Economic_type_2_EQI_Air+SM+PA+OB","0.00","5.89(-2.37,14.14)","7.20(-0.61,14.99)","3.29(-4.99,11.73)","0.68(-8.70,9.94)","0.1652","0.0752","0.4381","0.8830","1.0003","1.0000","1.0010","1.0018",4794,4011,4330,4687,2964,3155,3413,2788
"I00_I99","2000_2005","2011_2015",10,"Economic_type_2_EQI_Water+SM+PA+OB","0.00","0.85(-7.43,9.32)","-1.28(-10.01,7.83)","1.53(-7.40,9.96)","3.57(-4.83,12.25)","0.8510","0.7756","0.7246","0.4081","1.0011","1.0007","1.0006","1.0006",2811,3860,3149,2755,3118,2779,2987,2393
"I00_I99","2000_2005","2011_2015",10,"Economic_type_2_EQI_Land+SM+PA+OB","0.00","9.56(1.58,17.81)","-2.63(-10.50,5.68)","-1.88(-10.43,6.45)","0.02(-8.71,8.57)","0.0182","0.5151","0.6841","0.9855","1.0010","1.0009","1.0018","1.0009",4103,3312,4264,3568,2854,2943,2690,2958
"I00_I99","2000_2005","2011_2015",10,"Economic_type_2_EQI_Built+SM+PA+OB","0.00","1.04(-7.16,9.28)","5.84(-2.33,14.02)","4.38(-4.02,12.58)","4.39(-4.39,13.18)","0.8125","0.1622","0.2897","0.3262","1.0012","1.0008","1.0013","1.0001",4628,4230,3576,4194,2987,3187,2698,2915
"I00_I99","2000_2005","2011_2015",10,"Economic_type_2_EQI_Social+SM+PA+OB","0.00","0.86(-6.97,8.63)","0.25(-7.96,8.71)","-0.08(-8.94,8.68)","1.70(-7.90,11.19)","0.8430","0.9890","0.9765","0.7256","1.0010","1.0018","1.0027","0.9997",4703,4249,4444,4372,3273,3114,3040,2728
"I00_I99","2000_2005","2016_2020",15,"Economic_type_2_EQI+SM+PA+OB","0.00","9.94(2.03,17.87)","4.83(-3.78,13.54)","2.82(-6.01,11.93)","0.40(-9.48,10.11)","0.0147","0.2677","0.5426","0.9225","1.0013","0.9998","1.0013","1.0041",6986,7648,6579,8299,3293,2542,2975,3109
"I00_I99","2000_2005","2016_2020",15,"Economic_type_2_EQI_Air+SM+PA+OB","0.00","1.08(-7.30,9.51)","6.64(-1.58,14.83)","3.65(-4.93,12.03)","1.54(-8.11,11.20)","0.8085","0.1082","0.3942","0.7441","1.0005","1.0011","1.0016","1.0004",6504,5530,6370,6696,2893,2816,3061,2483
"I00_I99","2000_2005","2016_2020",15,"Economic_type_2_EQI_Water+SM+PA+OB","0.00","0.71(-7.60,9.01)","-1.84(-10.46,7.04)","2.62(-5.88,11.09)","1.27(-7.08,9.41)","0.8625","0.6806","0.5561","0.7576","1.0020","1.0013","1.0040","1.0005",5240,6186,6091,4980,3015,2693,2854,2670
"I00_I99","2000_2005","2016_2020",15,"Economic_type_2_EQI_Land+SM+PA+OB","0.00","7.23(-0.82,15.30)","-1.58(-10.58,6.97)","-3.50(-12.15,5.16)","-0.78(-10.12,8.75)","0.0802","0.7136","0.4196","0.8640","1.0030","1.0008","1.0013","1.0005",5242,5726,6133,7658,2692,2572,2912,2962
"I00_I99","2000_2005","2016_2020",15,"Economic_type_2_EQI_Built+SM+PA+OB","0.00","4.05(-4.27,12.39)","1.20(-7.05,9.42)","7.80(-0.83,16.64)","4.51(-4.12,12.81)","0.3577","0.7671","0.0807","0.3022","1.0027","1.0022","1.0010","1.0011",6308,5556,6304,5208,2853,2695,2916,2902
"I00_I99","2000_2005","2016_2020",15,"Economic_type_2_EQI_Social+SM+PA+OB","0.00","3.26(-4.87,12.08)","0.73(-7.90,9.28)","0.17(-9.04,9.17)","1.18(-8.27,10.73)","0.4576","0.8585","0.9635","0.8010","1.0005","1.0024","1.0011","1.0005",5925,6055,6318,6723,2539,2950,2601,2901
"I00_I99","2000_2005","2021_2024",20,"Economic_type_2_EQI+SM+PA+OB","0.00","6.14(-2.95,15.01)","2.20(-6.87,11.52)","2.33(-7.21,11.78)","-0.37(-10.07,9.10)","0.1737","0.6551","0.6326","0.9375","1.0019","1.0028","1.0013","1.0021",9229,8096,8016,9387,2708,2815,2761,2925
"I00_I99","2000_2005","2021_2024",20,"Economic_type_2_EQI_Air+SM+PA+OB","0.00","1.84(-7.08,10.71)","2.88(-6.02,11.89)","2.81(-6.17,11.77)","1.06(-8.81,10.67)","0.6886","0.5226","0.5616","0.8215","1.0002","1.0020","1.0009","1.0013",7589,6006,8848,8503,2823,2901,2829,3006
"I00_I99","2000_2005","2021_2024",20,"Economic_type_2_EQI_Water+SM+PA+OB","0.00","4.02(-5.19,13.11)","-0.52(-9.62,8.79)","-0.39(-9.68,8.74)","-1.56(-10.19,7.20)","0.3962","0.9225","0.9165","0.7141","1.0001","0.9997","1.0007","1.0009",8665,8626,6970,7895,3000,2670,2724,3048
"I00_I99","2000_2005","2021_2024",20,"Economic_type_2_EQI_Land+SM+PA+OB","0.00","6.49(-2.24,15.41)","-1.27(-10.40,7.95)","-0.44(-9.25,8.46)","-1.13(-11.02,8.55)","0.1532","0.7906","0.9150","0.8130","1.0018","1.0026","1.0004","1.0009",7947,7052,7339,7924,2833,2686,2638,2590
"I00_I99","2000_2005","2021_2024",20,"Economic_type_2_EQI_Built+SM+PA+OB","0.00","-0.42(-8.97,8.24)","0.05(-8.43,8.73)","4.10(-5.23,13.30)","3.86(-5.51,13.08)","0.9205","0.9930","0.4096","0.3992","1.0001","1.0009","1.0022","1.0027",8171,7327,9031,9389,2962,2911,2569,2780
"I00_I99","2000_2005","2021_2024",20,"Economic_type_2_EQI_Social+SM+PA+OB","0.00","2.83(-5.81,11.76)","-1.62(-10.75,7.40)","-0.50(-9.89,9.06)","0.23(-9.31,10.04)","0.5206","0.7051","0.9180","0.9725","1.0009","1.0003","1.0002","1.0032",10676,7897,8823,8180,2894,2851,3082,2857
"I00_I99","2000_2005","2006_2010",5,"Economic_type_3_EQI+SM+PA+OB","0.00","3.86(-0.95,8.75)","1.32(-3.24,5.86)","0.77(-4.01,5.57)","3.60(-1.74,8.94)","0.1132","0.5716","0.7486","0.2027","1.0009","1.0002","1.0025","1.0014",2903,2257,2110,2132,2675,2566,2820,2420
"I00_I99","2000_2005","2006_2010",5,"Economic_type_3_EQI_Air+SM+PA+OB","0.00","2.09(-3.36,7.71)","6.88(1.91,12.20)","7.73(2.57,12.98)","8.01(2.72,13.55)","0.4596","0.0092","0.0027","0.0022","1.0006","1.0004","1.0003","1.0003",2416,2012,1890,1881,2959,2644,2713,2481
"I00_I99","2000_2005","2006_2010",5,"Economic_type_3_EQI_Water+SM+PA+OB","0.00","2.02(-3.27,7.46)","-0.93(-6.10,4.36)","-2.76(-7.83,2.45)","-4.09(-9.90,1.76)","0.4681","0.7341","0.2972","0.1837","1.0028","1.0017","1.0019","1.0014",2707,2540,2468,2776,2845,2877,2900,3380
"I00_I99","2000_2005","2006_2010",5,"Economic_type_3_EQI_Land+SM+PA+OB","0.00","-0.28(-4.58,3.84)","0.24(-4.46,4.67)","2.51(-2.44,7.35)","-2.00(-7.46,3.45)","0.9040","0.9040","0.3277","0.4656","1.0005","1.0006","1.0008","1.0005",2873,2726,2445,2494,2733,2514,2845,2814
"I00_I99","2000_2005","2006_2010",5,"Economic_type_3_EQI_Built+SM+PA+OB","0.00","6.07(1.81,10.16)","8.41(4.31,12.58)","8.82(4.34,13.11)","7.60(2.26,12.78)","0.0027","0.0002","0.0002","0.0037","0.9999","0.9997","1.0005","1.0008",3199,2585,2468,2948,3398,2751,2992,2917
"I00_I99","2000_2005","2006_2010",5,"Economic_type_3_EQI_Social+SM+PA+OB","0.00","1.03(-3.29,5.52)","-3.30(-7.93,1.48)","-6.58(-11.37,-1.85)","-10.06(-15.93,-4.34)","0.6511","0.1662","0.0087","0.0002","1.0000","1.0003","1.0003","1.0005",3689,2951,2653,2233,3361,3195,3512,2993
"I00_I99","2000_2005","2011_2015",10,"Economic_type_3_EQI+SM+PA+OB","0.00","4.16(-0.67,8.99)","-0.56(-5.19,4.07)","1.33(-3.41,6.13)","3.34(-2.01,8.74)","0.0912","0.8050","0.5796","0.2172","0.9997","1.0006","1.0005","1.0004",3227,2343,1921,2074,2629,2649,2960,2921
"I00_I99","2000_2005","2011_2015",10,"Economic_type_3_EQI_Air+SM+PA+OB","0.00","2.95(-2.36,8.40)","5.40(0.31,10.54)","6.53(1.52,11.57)","7.24(1.68,12.60)","0.2767","0.0377","0.0122","0.0137","1.0006","0.9998","1.0005","1.0009",2630,2204,2080,2111,3308,2834,2848,2703
"I00_I99","2000_2005","2011_2015",10,"Economic_type_3_EQI_Water+SM+PA+OB","0.00","-4.20(-9.63,0.92)","-1.65(-6.54,3.38)","0.84(-4.43,6.11)","-6.72(-12.38,-1.12)","0.1107","0.5051","0.7511","0.0192","1.0001","1.0016","1.0006","1.0009",2941,2553,2815,2835,3113,2762,2868,3244
"I00_I99","2000_2005","2011_2015",10,"Economic_type_3_EQI_Land+SM+PA+OB","0.00","-3.03(-7.12,1.05)","-0.35(-4.69,3.97)","3.16(-1.55,7.78)","-0.61(-5.68,4.40)","0.1467","0.8695","0.1962","0.8275","1.0019","1.0003","1.0025","1.0010",3931,3218,3111,3215,3002,3129,3064,3273
"I00_I99","2000_2005","2011_2015",10,"Economic_type_3_EQI_Built+SM+PA+OB","0.00","5.74(1.64,9.81)","6.37(2.33,10.51)","6.22(2.07,10.57)","10.66(5.59,15.65)","0.0037","0.0017","0.0042","0.0002","1.0012","1.0013","1.0015","1.0010",2975,2676,2538,2943,2744,3017,2910,3168
"I00_I99","2000_2005","2011_2015",10,"Economic_type_3_EQI_Social+SM+PA+OB","0.00","0.68(-3.73,5.02)","-3.06(-7.73,1.64)","-7.33(-12.42,-2.45)","-11.44(-17.33,-5.55)","0.7456","0.1947","0.0022","0.0007","1.0015","1.0006","1.0012","1.0019",3684,2598,2423,2210,2612,2860,2962,2624
"I00_I99","2000_2005","2016_2020",15,"Economic_type_3_EQI+SM+PA+OB","0.00","2.14(-2.59,7.09)","-0.17(-4.75,4.51)","2.96(-1.89,7.78)","6.80(1.14,12.37)","0.3717","0.9470","0.2402","0.0217","1.0011","1.0021","1.0026","1.0012",2762,2241,2171,2155,2791,2937,2348,1963
"I00_I99","2000_2005","2016_2020",15,"Economic_type_3_EQI_Air+SM+PA+OB","0.00","-1.57(-7.14,3.98)","5.22(0.23,10.35)","6.29(1.28,11.36)","9.54(4.27,15.06)","0.5671","0.0422","0.0152","0.0012","1.0023","1.0023","1.0035","1.0012",2319,2095,1973,2017,2354,2633,2719,2869
"I00_I99","2000_2005","2016_2020",15,"Economic_type_3_EQI_Water+SM+PA+OB","0.00","-7.38(-12.73,-2.13)","-2.13(-7.55,2.85)","-0.78(-6.14,4.55)","-5.89(-11.64,0.02)","0.0077","0.4326","0.7866","0.0507","1.0014","1.0010","1.0009","1.0003",2445,2304,2099,2246,2713,2945,2383,2710
"I00_I99","2000_2005","2016_2020",15,"Economic_type_3_EQI_Land+SM+PA+OB","0.00","-0.51(-4.76,3.63)","-1.34(-5.80,3.21)","2.65(-2.21,7.47)","-1.11(-6.41,4.04)","0.8185","0.5621","0.2842","0.6711","1.0004","1.0000","1.0004","0.9998",3315,2996,2686,2717,3212,3104,3110,2939
"I00_I99","2000_2005","2016_2020",15,"Economic_type_3_EQI_Built+SM+PA+OB","0.00","5.08(0.93,9.11)","7.76(3.53,11.90)","9.04(4.75,13.35)","14.92(9.60,20.21)","0.0162","0.0002","0.0002","0.0002","1.0004","1.0005","1.0009","1.0010",3448,2973,2909,3475,3536,3353,2761,3124
"I00_I99","2000_2005","2016_2020",15,"Economic_type_3_EQI_Social+SM+PA+OB","0.00","-1.54(-6.05,3.02)","-4.59(-9.30,-0.00)","-10.03(-14.75,-5.12)","-11.75(-17.54,-5.81)","0.4936","0.0502","0.0002","0.0002","1.0008","1.0028","1.0038","1.0037",3077,2126,1951,1797,2921,2653,2796,2812
"I00_I99","2000_2005","2021_2024",20,"Economic_type_3_EQI+SM+PA+OB","0.00","-2.07(-8.78,4.39)","-2.86(-9.31,3.68)","-0.41(-6.97,5.88)","5.63(-1.60,12.85)","0.5636","0.3952","0.8910","0.1207","1.0000","1.0002","1.0000","1.0003",4829,4218,3350,3345,2860,3300,3093,3191
"I00_I99","2000_2005","2021_2024",20,"Economic_type_3_EQI_Air+SM+PA+OB","0.00","-4.59(-11.45,2.14)","4.07(-2.24,10.56)","5.11(-1.04,11.37)","8.68(2.17,15.27)","0.1897","0.2127","0.1107","0.0117","0.9999","1.0008","1.0003","1.0010",4727,4310,3837,3730,3012,3186,3247,2685
"I00_I99","2000_2005","2021_2024",20,"Economic_type_3_EQI_Water+SM+PA+OB","0.00","-5.35(-11.89,1.51)","0.34(-6.25,7.10)","2.36(-4.64,9.47)","-2.90(-10.45,4.63)","0.1167","0.9340","0.5001","0.4576","1.0005","0.9995","1.0014","1.0010",3940,4308,4210,4248,3150,3191,2953,3327
"I00_I99","2000_2005","2021_2024",20,"Economic_type_3_EQI_Land+SM+PA+OB","0.00","-1.21(-7.19,4.80)","-4.62(-10.65,1.40)","-1.89(-8.38,4.60)","-1.97(-8.94,5.39)","0.6821","0.1297","0.5741","0.5936","1.0001","1.0016","1.0003","0.9999",5349,4871,4315,4293,2949,3280,3107,3083
"I00_I99","2000_2005","2021_2024",20,"Economic_type_3_EQI_Built+SM+PA+OB","0.00","-0.86(-6.93,5.31)","1.89(-4.03,7.77)","7.12(1.20,13.18)","9.07(1.66,16.32)","0.7786","0.5301","0.0187","0.0167","1.0036","1.0011","1.0003","1.0002",5036,4778,4208,5081,3111,3414,3215,3069
"I00_I99","2000_2005","2021_2024",20,"Economic_type_3_EQI_Social+SM+PA+OB","0.00","2.61(-3.86,8.91)","-1.66(-7.81,4.65)","-7.27(-13.65,-0.62)","-8.13(-15.53,-0.83)","0.3962","0.5906","0.0287","0.0307","1.0001","1.0007","1.0003","1.0010",6234,4577,3931,3791,2748,2928,3087,3339
"I00_I99","2000_2005","2006_2010",5,"Economic_type_4_EQI+SM+PA+OB","0.00","1.32(-5.15,7.92)","9.20(3.35,14.96)","5.16(-1.46,11.76)","2.65(-4.31,9.65)","0.6856","0.0012","0.1322","0.4626","1.0010","1.0018","0.9997","1.0002",3484,3193,3340,2756,3422,2981,2848,2845
"I00_I99","2000_2005","2006_2010",5,"Economic_type_4_EQI_Air+SM+PA+OB","0.00","13.59(6.68,20.29)","7.71(1.29,14.16)","4.79(-1.66,11.07)","11.49(4.80,18.35)","0.0002","0.0177","0.1292","0.0017","1.0004","1.0013","1.0030","1.0025",4117,3765,2810,2774,3063,3168,2909,2650
"I00_I99","2000_2005","2006_2010",5,"Economic_type_4_EQI_Water+SM+PA+OB","0.00","-1.34(-8.52,5.53)","-2.02(-9.00,4.82)","-1.95(-9.00,5.11)","-4.28(-11.32,2.71)","0.7256","0.5616","0.5751","0.2257","0.9999","1.0002","1.0002","1.0014",3616,3227,2924,2876,3028,2873,2243,2523
"I00_I99","2000_2005","2006_2010",5,"Economic_type_4_EQI_Land+SM+PA+OB","0.00","-0.66(-7.11,5.44)","1.58(-4.83,8.03)","1.67(-4.85,8.49)","0.25(-7.21,7.51)","0.8355","0.6216","0.6251","0.9480","0.9999","0.9998","1.0005","1.0006",4310,3868,3841,3849,2916,2761,3517,3486
"I00_I99","2000_2005","2006_2010",5,"Economic_type_4_EQI_Built+SM+PA+OB","0.00","1.91(-4.52,8.23)","3.10(-3.10,9.31)","5.49(-0.87,12.06)","7.92(1.65,14.34)","0.5581","0.3257","0.0922","0.0152","1.0004","1.0009","1.0014","1.0006",3698,3964,3448,3237,3108,3271,2939,3053
"I00_I99","2000_2005","2006_2010",5,"Economic_type_4_EQI_Social+SM+PA+OB","0.00","10.28(4.59,16.05)","-1.56(-7.63,4.75)","-2.88(-9.61,4.09)","-3.49(-10.37,3.43)","0.0007","0.6136","0.4061","0.3197","1.0004","1.0012","1.0012","1.0002",3336,3255,3989,3189,2887,3018,3131,2727
"I00_I99","2000_2005","2011_2015",10,"Economic_type_4_EQI+SM+PA+OB","0.00","0.02(-6.00,6.09)","7.21(1.32,12.78)","4.97(-1.40,11.25)","3.24(-3.64,10.17)","0.9910","0.0142","0.1277","0.3647","1.0018","1.0010","1.0015","1.0013",3938,3682,3197,2772,2978,3121,2887,2991
"I00_I99","2000_2005","2011_2015",10,"Economic_type_4_EQI_Air+SM+PA+OB","0.00","13.04(6.43,19.33)","7.59(1.65,13.46)","5.68(-0.12,11.49)","12.74(6.49,19.13)","0.0002","0.0127","0.0547","0.0002","1.0000","0.9999","0.9998","1.0009",4299,3970,3336,3069,3056,2996,3025,2876
"I00_I99","2000_2005","2011_2015",10,"Economic_type_4_EQI_Water+SM+PA+OB","0.00","0.57(-5.75,6.92)","-2.35(-8.80,4.27)","-2.86(-9.52,3.96)","-3.74(-10.27,3.03)","0.8620","0.4776","0.3887","0.2787","1.0000","1.0014","1.0002","1.0013",4190,3533,3435,3495,3166,2712,3119,3333
"I00_I99","2000_2005","2011_2015",10,"Economic_type_4_EQI_Land+SM+PA+OB","0.00","-7.07(-12.82,-1.25)","-1.97(-8.08,4.06)","0.18(-6.03,6.59)","-1.33(-8.32,5.70)","0.0147","0.5181","0.9485","0.7071","0.9996","1.0008","1.0023","1.0001",4607,4187,4340,4138,3104,3064,3079,3106
"I00_I99","2000_2005","2011_2015",10,"Economic_type_4_EQI_Built+SM+PA+OB","0.00","1.80(-3.98,7.68)","1.42(-4.59,7.42)","7.33(1.45,13.29)","8.90(2.84,14.89)","0.5421","0.6481","0.0137","0.0047","1.0011","1.0006","0.9998","1.0018",4100,3585,3857,3806,3206,2941,3138,3237
"I00_I99","2000_2005","2011_2015",10,"Economic_type_4_EQI_Social+SM+PA+OB","0.00","6.83(1.22,12.54)","-4.57(-10.38,1.34)","-3.37(-9.82,3.01)","-6.30(-13.01,0.37)","0.0187","0.1312","0.3142","0.0657","1.0004","1.0004","1.0013","0.9999",3903,4044,3635,3099,2849,2814,3273,2490
"I00_I99","2000_2005","2016_2020",15,"Economic_type_4_EQI+SM+PA+OB","0.00","7.10(0.79,13.71)","7.24(1.24,13.10)","6.17(-0.48,13.00)","6.33(-0.78,13.13)","0.0247","0.0252","0.0702","0.0872","1.0008","1.0014","0.9995","0.9996",3554,2852,3027,2725,2955,2722,3076,2874
"I00_I99","2000_2005","2016_2020",15,"Economic_type_4_EQI_Air+SM+PA+OB","0.00","7.44(0.53,14.00)","8.16(1.87,14.42)","9.15(3.03,15.14)","14.68(8.19,21.30)","0.0337","0.0087","0.0042","0.0002","1.0004","1.0001","0.9998","1.0001",4091,3888,3160,3172,3043,3252,3033,2850
"I00_I99","2000_2005","2016_2020",15,"Economic_type_4_EQI_Water+SM+PA+OB","0.00","-2.24(-9.16,4.55)","-5.43(-12.02,1.27)","-1.50(-8.29,5.55)","-2.42(-9.16,4.17)","0.5086","0.1197","0.6746","0.4941","1.0008","1.0005","1.0006","0.9998",3698,3402,3851,3342,3233,2713,2954,3373
"I00_I99","2000_2005","2016_2020",15,"Economic_type_4_EQI_Land+SM+PA+OB","0.00","-9.79(-15.69,-3.73)","-2.46(-8.63,3.96)","0.72(-5.83,7.37)","0.76(-6.25,8.00)","0.0007","0.4421","0.8485","0.8460","1.0003","1.0003","1.0008","1.0000",4315,4404,3849,3323,2793,2937,3182,3514
"I00_I99","2000_2005","2016_2020",15,"Economic_type_4_EQI_Built+SM+PA+OB","0.00","2.43(-3.90,8.85)","9.23(3.13,15.67)","7.54(0.98,13.83)","10.57(4.15,16.94)","0.4471","0.0042","0.0277","0.0012","1.0014","1.0007","1.0017","0.9999",4059,4002,3364,3176,3065,3155,2882,2879
"I00_I99","2000_2005","2016_2020",15,"Economic_type_4_EQI_Social+SM+PA+OB","0.00","7.84(2.11,13.59)","0.01(-6.04,6.19)","-4.93(-11.39,1.39)","-5.73(-12.69,1.34)","0.0052","0.9775","0.1382","0.1112","1.0022","1.0006","0.9999","1.0000",4088,4162,4577,3878,2977,3263,2821,2665
"I00_I99","2000_2005","2021_2024",20,"Economic_type_4_EQI+SM+PA+OB","0.00","2.80(-5.17,10.67)","5.94(-2.22,14.03)","1.73(-6.46,9.96)","1.65(-6.58,10.42)","0.5016","0.1522","0.6891","0.7201","1.0015","1.0020","1.0001","1.0005",4937,4837,4740,4799,2977,3164,2830,3164
"I00_I99","2000_2005","2021_2024",20,"Economic_type_4_EQI_Air+SM+PA+OB","0.00","1.94(-6.17,10.16)","2.49(-5.65,10.59)","4.13(-3.44,11.95)","9.29(1.13,17.38)","0.6511","0.5511","0.2992","0.0297","0.9997","1.0000","1.0010","1.0016",4253,4774,4707,3893,3075,3251,3219,3102
"I00_I99","2000_2005","2021_2024",20,"Economic_type_4_EQI_Water+SM+PA+OB","0.00","-0.86(-8.89,7.58)","-1.16(-9.53,6.82)","-0.23(-8.30,7.81)","-3.70(-11.88,4.58)","0.8325","0.8130","0.9580","0.3782","1.0007","1.0006","0.9999","1.0008",4017,3578,4724,3760,2859,2926,3279,3255
"I00_I99","2000_2005","2021_2024",20,"Economic_type_4_EQI_Land+SM+PA+OB","0.00","-5.79(-14.08,2.50)","0.09(-7.67,8.07)","-2.88(-11.09,5.50)","-0.77(-9.36,7.80)","0.1577","0.9965","0.4781","0.8630","0.9998","1.0015","1.0008","1.0009",3980,4720,4720,3934,2943,2761,2795,3233
"I00_I99","2000_2005","2021_2024",20,"Economic_type_4_EQI_Built+SM+PA+OB","0.00","0.63(-7.62,8.86)","1.01(-6.87,8.69)","4.73(-3.31,12.53)","7.37(-0.87,15.29)","0.8760","0.8010","0.2452","0.0782","1.0011","0.9997","1.0013","1.0013",4332,4673,4607,3716,2822,3364,2839,2502
"I00_I99","2000_2005","2021_2024",20,"Economic_type_4_EQI_Social+SM+PA+OB","0.00","8.97(1.38,16.35)","1.60(-6.29,9.66)","-1.75(-10.41,7.08)","-5.77(-14.08,3.13)","0.0187","0.6906","0.6731","0.1762","1.0003","1.0000","1.0010","0.9995",4854,4388,4016,3723,3146,2869,2942,3064
"I00_I99","2000_2005","2006_2010",5,"Economic_type_5_EQI+SM+PA+OB","0.00","1.07(-6.59,8.79)","-5.39(-12.11,1.47)","7.36(0.57,14.17)","13.09(5.83,20.07)","0.7951","0.1302","0.0397","0.0007","1.0003","1.0016","1.0002","1.0006",3947,3664,3160,2790,2972,3343,3061,2788
"I00_I99","2000_2005","2006_2010",5,"Economic_type_5_EQI_Air+SM+PA+OB","0.00","7.60(0.42,14.91)","7.07(-0.44,14.33)","5.27(-1.29,11.88)","20.65(14.43,27.23)","0.0377","0.0632","0.1177","0.0002","1.0006","1.0025","1.0002","1.0004",4538,5182,4042,3846,2990,3367,3010,3173
"I00_I99","2000_2005","2006_2010",5,"Economic_type_5_EQI_Water+SM+PA+OB","0.00","-8.75(-15.84,-1.32)","-1.87(-9.28,5.33)","1.16(-5.58,8.08)","-1.76(-8.56,5.12)","0.0217","0.6066","0.7356","0.6071","1.0004","1.0001","1.0000","1.0017",5095,4698,4609,3926,3040,3261,3476,3292
"I00_I99","2000_2005","2006_2010",5,"Economic_type_5_EQI_Land+SM+PA+OB","0.00","3.99(-2.44,10.64)","0.46(-6.02,7.11)","3.54(-3.20,10.20)","-3.75(-10.51,2.86)","0.2372","0.8960","0.3032","0.2802","1.0014","0.9997","0.9999","1.0008",4437,4492,4221,3643,3241,3476,3078,2907
"I00_I99","2000_2005","2006_2010",5,"Economic_type_5_EQI_Built+SM+PA+OB","0.00","-5.35(-13.58,2.76)","4.43(-3.08,11.99)","3.80(-2.84,10.05)","3.71(-2.76,10.21)","0.2012","0.2547","0.2537","0.2632","1.0023","0.9994","1.0007","1.0003",5887,5000,3984,3653,2544,2876,2813,3244
"I00_I99","2000_2005","2006_2010",5,"Economic_type_5_EQI_Social+SM+PA+OB","0.00","-6.54(-14.29,1.03)","-3.03(-9.75,3.68)","-3.64(-10.18,2.80)","3.49(-3.41,10.29)","0.0932","0.3542","0.2707","0.3102","1.0003","1.0008","1.0021","1.0000",5640,5068,4189,3281,3200,3245,2676,3185
"I00_I99","2000_2005","2011_2015",10,"Economic_type_5_EQI+SM+PA+OB","0.00","-0.49(-7.94,6.90)","-2.49(-9.28,4.10)","8.36(2.03,14.75)","11.79(5.05,18.10)","0.9020","0.4521","0.0097","0.0002","1.0000","1.0016","1.0019","1.0043",3526,3212,2912,2588,2991,2642,2965,3060
"I00_I99","2000_2005","2011_2015",10,"Economic_type_5_EQI_Air+SM+PA+OB","0.00","5.67(-1.12,12.62)","11.52(5.00,18.37)","6.54(0.31,12.63)","17.76(11.55,23.91)","0.0947","0.0012","0.0387","0.0002","1.0011","1.0010","0.9999","1.0014",3640,4104,3782,3044,3033,3222,3488,2471
"I00_I99","2000_2005","2011_2015",10,"Economic_type_5_EQI_Water+SM+PA+OB","0.00","-12.15(-19.19,-5.21)","0.46(-6.19,7.29)","4.48(-1.72,10.66)","1.45(-5.44,8.11)","0.0007","0.9120","0.1712","0.6691","0.9998","1.0000","1.0005","0.9995",4465,3971,4201,3558,3185,3047,3518,2944
"I00_I99","2000_2005","2011_2015",10,"Economic_type_5_EQI_Land+SM+PA+OB","0.00","2.37(-3.81,8.83)","1.85(-4.31,8.13)","4.15(-2.23,10.40)","-3.40(-9.70,2.91)","0.4661","0.5566","0.2102","0.2882","0.9999","1.0004","1.0002","1.0017",4063,4057,4204,3445,2922,3016,3127,2862
"I00_I99","2000_2005","2011_2015",10,"Economic_type_5_EQI_Built+SM+PA+OB","0.00","-3.92(-12.11,3.99)","5.05(-2.26,12.29)","4.09(-2.05,10.32)","3.89(-2.32,10.04)","0.3357","0.1617","0.1912","0.2227","1.0004","1.0008","1.0008","1.0006",4867,4144,3897,3572,2840,3181,3294,3167
"I00_I99","2000_2005","2011_2015",10,"Economic_type_5_EQI_Social+SM+PA+OB","0.00","-6.17(-13.39,1.38)","1.25(-4.91,7.16)","-3.97(-10.05,2.07)","0.70(-5.54,7.18)","0.1042","0.6796","0.1957","0.8390","1.0003","1.0000","1.0007","0.9998",4662,4311,3486,3081,3173,2871,2994,3028
"I00_I99","2000_2005","2016_2020",15,"Economic_type_5_EQI+SM+PA+OB","0.00","-1.85(-9.00,5.33)","-3.56(-10.06,3.00)","5.44(-1.07,11.64)","10.63(4.12,17.07)","0.6266","0.3097","0.0877","0.0007","1.0027","1.0008","1.0018","1.0006",4562,4141,3595,3084,3518,3190,3088,2949
"I00_I99","2000_2005","2016_2020",15,"Economic_type_5_EQI_Air+SM+PA+OB","0.00","3.73(-2.85,10.49)","10.25(3.60,16.92)","8.45(2.30,14.74)","18.48(12.60,24.52)","0.2847","0.0022","0.0067","0.0002","1.0028","1.0004","0.9999","1.0011",6204,4506,4609,3773,3053,3223,3399,3079
"I00_I99","2000_2005","2016_2020",15,"Economic_type_5_EQI_Water+SM+PA+OB","0.00","-8.95(-15.83,-2.15)","3.01(-3.54,9.78)","0.65(-5.54,6.79)","-3.91(-10.70,2.67)","0.0097","0.3807","0.8495","0.2442","1.0000","1.0008","1.0006","1.0017",5927,5234,5001,4219,3195,3058,3215,3326
"I00_I99","2000_2005","2016_2020",15,"Economic_type_5_EQI_Land+SM+PA+OB","0.00","6.55(0.46,12.59)","1.81(-4.34,8.04)","2.99(-3.32,9.33)","-1.47(-7.71,4.57)","0.0372","0.5506","0.3502","0.6451","1.0037","1.0019","1.0010","1.0012",5524,4684,4544,3969,3454,3020,3245,3075
"I00_I99","2000_2005","2016_2020",15,"Economic_type_5_EQI_Built+SM+PA+OB","0.00","2.18(-5.52,9.86)","3.32(-3.78,10.26)","5.09(-1.21,11.20)","3.67(-2.46,9.88)","0.5771","0.3627","0.1192","0.2497","1.0010","1.0004","1.0001","0.9995",6365,4991,4561,4335,3084,2975,3216,3089
"I00_I99","2000_2005","2016_2020",15,"Economic_type_5_EQI_Social+SM+PA+OB","0.00","-3.88(-11.16,3.34)","0.31(-5.72,6.31)","-2.98(-9.15,3.12)","-1.07(-7.42,5.28)","0.2892","0.9200","0.3342","0.7586","1.0008","1.0006","1.0012","1.0018",6484,5215,4824,4226,2755,3689,3256,3279
"I00_I99","2000_2005","2021_2024",20,"Economic_type_5_EQI+SM+PA+OB","0.00","-0.07(-8.45,8.20)","-2.32(-10.33,5.73)","3.77(-3.78,11.40)","5.47(-2.43,13.24)","0.9985","0.5636","0.3477","0.1802","0.9997","1.0015","1.0008","1.0021",4163,3866,3632,3094,3305,3208,3344,3165
"I00_I99","2000_2005","2021_2024",20,"Economic_type_5_EQI_Air+SM+PA+OB","0.00","0.86(-6.82,8.71)","2.53(-5.71,10.51)","4.35(-3.24,11.96)","8.03(0.32,15.63)","0.8190","0.5306","0.2747","0.0402","1.0007","1.0014","1.0007","1.0017",6097,5947,4437,4053,2911,3208,2968,3142
"I00_I99","2000_2005","2021_2024",20,"Economic_type_5_EQI_Water+SM+PA+OB","0.00","-7.08(-15.72,1.59)","4.36(-4.31,12.69)","2.70(-5.15,10.41)","-3.41(-11.53,4.42)","0.1077","0.3067","0.4996","0.4151","0.9998","1.0011","1.0014","1.0000",5349,3664,3814,3863,2844,3092,2910,2892
"I00_I99","2000_2005","2021_2024",20,"Economic_type_5_EQI_Land+SM+PA+OB","0.00","3.06(-4.74,10.81)","-0.06(-7.64,7.43)","1.30(-6.61,8.95)","-0.93(-8.78,6.84)","0.4441","0.9890","0.7266","0.8190","1.0002","1.0003","1.0018","1.0025",5238,4732,4846,5041,3063,2960,2623,3145
"I00_I99","2000_2005","2021_2024",20,"Economic_type_5_EQI_Built+SM+PA+OB","0.00","-2.05(-11.20,7.21)","0.03(-8.32,8.20)","3.57(-4.08,11.23)","2.79(-4.77,10.29)","0.6486","0.9955","0.3547","0.4546","1.0008","0.9998","1.0007","1.0003",5277,5479,4754,4200,2903,2963,2974,2424
"I00_I99","2000_2005","2021_2024",20,"Economic_type_5_EQI_Social+SM+PA+OB","0.00","-0.08(-8.68,8.47)","1.34(-6.28,9.24)","-2.03(-9.18,5.18)","-2.37(-9.92,5.28)","0.9800","0.7361","0.5951","0.5471","1.0023","1.0006","0.9997","0.9995",4166,4874,4831,3673,2794,3015,3300,2505
"I00_I99","2000_2005","2006_2010",5,"Economic_type_6_EQI+SM+PA+OB","0.00","-1.19(-5.56,3.28)","-0.25(-4.71,4.20)","3.99(-0.93,8.74)","1.91(-3.42,7.44)","0.5926","0.9095","0.1117","0.4841","1.0019","1.0018","1.0010","1.0016",3072,2668,2363,2090,2973,2918,2651,2909
"I00_I99","2000_2005","2006_2010",5,"Economic_type_6_EQI_Air+SM+PA+OB","0.00","-0.87(-5.27,3.47)","4.14(-0.36,8.78)","3.84(-0.59,8.41)","3.69(-1.17,8.90)","0.7096","0.0772","0.0977","0.1512","1.0000","1.0010","1.0011","1.0008",2558,2446,2418,2451,2824,2754,2602,2707
"I00_I99","2000_2005","2006_2010",5,"Economic_type_6_EQI_Water+SM+PA+OB","0.00","-1.12(-6.44,4.18)","-5.56(-10.50,-0.65)","-1.78(-6.82,3.53)","1.12(-4.16,6.62)","0.6746","0.0282","0.4911","0.6951","1.0008","1.0014","1.0004","1.0009",2578,2160,2425,2417,2914,2990,2973,2771
"I00_I99","2000_2005","2006_2010",5,"Economic_type_6_EQI_Land+SM+PA+OB","0.00","-5.13(-9.27,-0.84)","-5.78(-10.11,-1.48)","0.41(-4.37,5.26)","1.51(-3.77,6.65)","0.0192","0.0107","0.8795","0.5541","1.0007","0.9999","1.0000","1.0002",3864,3151,2576,2311,3205,3003,2889,3220
"I00_I99","2000_2005","2006_2010",5,"Economic_type_6_EQI_Built+SM+PA+OB","0.00","3.18(-1.18,7.41)","4.23(-0.07,8.47)","7.89(3.39,12.34)","9.50(4.89,14.07)","0.1467","0.0547","0.0002","0.0002","0.9999","1.0001","1.0002","1.0007",2941,2918,3010,2743,2808,2902,3006,2979
"I00_I99","2000_2005","2006_2010",5,"Economic_type_6_EQI_Social+SM+PA+OB","0.00","-6.64(-10.92,-2.56)","-5.69(-9.93,-1.31)","-9.20(-14.11,-4.56)","-11.42(-16.81,-6.03)","0.0012","0.0097","0.0007","0.0002","1.0006","1.0003","1.0003","1.0001",3638,2960,2421,2319,3265,3029,2795,2882
"I00_I99","2000_2005","2011_2015",10,"Economic_type_6_EQI+SM+PA+OB","0.00","-1.24(-5.44,2.93)","0.80(-3.38,5.11)","4.67(0.21,9.06)","4.42(-0.88,9.58)","0.5586","0.7226","0.0412","0.1022","1.0008","1.0005","1.0005","1.0020",2721,2298,2226,1912,2521,2983,2648,2699
"I00_I99","2000_2005","2011_2015",10,"Economic_type_6_EQI_Air+SM+PA+OB","0.00","-1.26(-5.46,2.95)","2.86(-1.37,7.27)","2.15(-2.38,6.53)","2.65(-2.32,7.57)","0.5496","0.1877","0.3457","0.2867","1.0020","1.0000","1.0007","1.0008",2641,2431,2501,2476,3215,2564,2601,3123
"I00_I99","2000_2005","2011_2015",10,"Economic_type_6_EQI_Water+SM+PA+OB","0.00","-3.95(-8.98,1.24)","-1.44(-6.26,3.86)","1.18(-3.70,6.26)","1.56(-3.58,6.61)","0.1312","0.5571","0.6426","0.5616","1.0009","1.0000","1.0013","1.0001",2546,2548,2338,2359,2938,3071,2840,2612
"I00_I99","2000_2005","2011_2015",10,"Economic_type_6_EQI_Land+SM+PA+OB","0.00","-4.58(-8.45,-0.67)","-5.07(-9.45,-0.61)","-1.82(-6.49,2.95)","1.78(-3.04,6.72)","0.0197","0.0262","0.4416","0.4826","1.0007","1.0027","1.0008","1.0007",3517,2792,2583,2486,3009,2775,2516,2983
"I00_I99","2000_2005","2011_2015",10,"Economic_type_6_EQI_Built+SM+PA+OB","0.00","3.41(-0.64,7.53)","4.12(0.13,8.08)","9.93(5.63,14.15)","11.57(6.96,15.87)","0.1067","0.0472","0.0002","0.0002","1.0015","1.0008","1.0004","1.0011",2837,2647,2625,2484,2664,3080,2722,2511
"I00_I99","2000_2005","2011_2015",10,"Economic_type_6_EQI_Social+SM+PA+OB","0.00","-4.68(-8.78,-0.66)","-11.11(-15.60,-6.83)","-8.15(-13.08,-3.45)","-11.51(-17.00,-6.16)","0.0267","0.0002","0.0007","0.0002","1.0001","1.0019","1.0006","1.0008",3053,2462,2342,2096,2931,2762,2699,2723
"I00_I99","2000_2005","2016_2020",15,"Economic_type_6_EQI+SM+PA+OB","0.00","2.84(-1.75,7.22)","3.04(-1.48,7.35)","8.02(3.17,13.00)","10.63(5.02,16.12)","0.2057","0.1837","0.0012","0.0002","1.0003","1.0013","1.0004","1.0013",3504,3166,3071,2875,2733,3358,3137,2842
"I00_I99","2000_2005","2016_2020",15,"Economic_type_6_EQI_Air+SM+PA+OB","0.00","1.43(-3.02,5.87)","1.37(-3.10,6.01)","6.31(1.68,11.11)","8.30(3.14,13.56)","0.5306","0.5491","0.0107","0.0017","1.0002","1.0014","1.0017","1.0004",3481,3345,3272,3370,3002,3296,3398,3451
"I00_I99","2000_2005","2016_2020",15,"Economic_type_6_EQI_Water+SM+PA+OB","0.00","1.26(-3.95,6.51)","-1.69(-6.89,3.56)","0.70(-4.38,5.74)","1.96(-3.54,7.64)","0.6346","0.5361","0.7961","0.4941","1.0022","0.9998","1.0009","0.9999",3703,3368,3314,3262,3445,3531,3265,2780
"I00_I99","2000_2005","2016_2020",15,"Economic_type_6_EQI_Land+SM+PA+OB","0.00","-1.47(-5.80,2.90)","-0.22(-4.76,4.13)","-0.86(-5.65,3.72)","5.25(-0.02,10.24)","0.5126","0.9405","0.7311","0.0507","1.0003","1.0006","1.0009","1.0013",4544,3703,3223,3231,3065,3278,3364,3175
"I00_I99","2000_2005","2016_2020",15,"Economic_type_6_EQI_Built+SM+PA+OB","0.00","6.84(2.35,11.42)","7.52(3.18,11.91)","12.06(7.55,16.58)","10.67(5.91,15.48)","0.0027","0.0007","0.0002","0.0002","0.9999","1.0003","1.0003","1.0007",4262,3336,3279,3067,3331,3416,2990,2750
"I00_I99","2000_2005","2016_2020",15,"Economic_type_6_EQI_Social+SM+PA+OB","0.00","-0.48(-4.76,3.87)","-5.82(-10.36,-1.25)","-2.99(-8.01,1.93)","-6.97(-12.65,-1.25)","0.8350","0.0152","0.2352","0.0177","1.0000","1.0001","1.0010","1.0000",3793,2950,2463,2169,3092,2911,3049,2761
"I00_I99","2000_2005","2021_2024",20,"Economic_type_6_EQI+SM+PA+OB","0.00","4.51(-2.03,11.15)","-3.56(-10.02,2.98)","2.40(-4.24,8.88)","4.63(-2.81,11.92)","0.1857","0.2912","0.4731","0.2182","1.0006","0.9998","1.0003","1.0012",3695,3740,3478,2891,2976,2921,2805,2931
"I00_I99","2000_2005","2021_2024",20,"Economic_type_6_EQI_Air+SM+PA+OB","0.00","-0.11(-6.47,6.39)","-0.23(-6.68,6.18)","3.49(-3.26,9.92)","4.29(-2.85,11.43)","0.9580","0.9380","0.2942","0.2542","1.0004","1.0010","1.0003","1.0003",4623,4860,4655,4999,3068,3340,3195,3641
"I00_I99","2000_2005","2021_2024",20,"Economic_type_6_EQI_Water+SM+PA+OB","0.00","0.93(-6.28,8.11)","-5.18(-12.29,1.88)","2.93(-4.17,9.94)","0.05(-7.25,7.43)","0.7981","0.1487","0.4161","0.9995","1.0020","1.0006","1.0012","1.0013",5228,4197,5149,4560,2762,3149,3442,3078
"I00_I99","2000_2005","2021_2024",20,"Economic_type_6_EQI_Land+SM+PA+OB","0.00","-1.00(-7.52,5.70)","-5.52(-11.88,1.01)","-1.63(-8.51,5.26)","1.54(-5.48,8.64)","0.7681","0.1012","0.6381","0.6591","1.0048","1.0034","0.9995","1.0004",5619,5144,4405,4869,3157,3257,3203,3194
"I00_I99","2000_2005","2021_2024",20,"Economic_type_6_EQI_Built+SM+PA+OB","0.00","2.72(-3.70,9.20)","4.39(-1.97,10.59)","7.51(0.82,14.18)","7.17(0.60,13.73)","0.4066","0.1737","0.0262","0.0317","1.0009","1.0004","1.0014","1.0000",4586,5134,5197,4288,2798,3653,3084,3087
"I00_I99","2000_2005","2021_2024",20,"Economic_type_6_EQI_Social+SM+PA+OB","0.00","0.53(-6.18,6.83)","-6.38(-12.95,-0.02)","-1.78(-8.61,5.07)","-6.06(-13.65,1.41)","0.8560","0.0502","0.6141","0.1092","1.0008","1.0003","1.0034","1.0008",6304,4656,4493,4118,2996,2999,3122,2750
"I00_I99","2000_2005","2006_2010",5,"Homeownership_tertile_1_EQI+SM+PA+OB","0.00","14.33(8.67,19.72)","16.70(11.12,22.00)","15.30(9.83,20.87)","15.77(9.65,21.80)","0.0002","0.0002","0.0002","0.0002","1.0010","1.0015","1.0015","1.0011",3563,3097,2609,2252,2943,3079,2683,2820
"I00_I99","2000_2005","2006_2010",5,"Homeownership_tertile_1_EQI_Air+SM+PA+OB","0.00","17.55(11.64,23.17)","24.03(18.42,29.46)","17.10(11.68,22.62)","16.31(10.60,22.10)","0.0002","0.0002","0.0002","0.0002","1.0016","1.0004","0.9999","1.0001",3633,3667,3005,2785,2896,3324,2475,3084
"I00_I99","2000_2005","2006_2010",5,"Homeownership_tertile_1_EQI_Water+SM+PA+OB","0.00","-9.99(-15.98,-4.17)","4.71(-1.10,10.67)","2.19(-3.52,7.90)","1.92(-4.02,8.05)","0.0012","0.1222","0.4641","0.5366","1.0004","1.0003","1.0000","1.0008",3468,3058,3044,3075,2826,3219,3247,3007
"I00_I99","2000_2005","2006_2010",5,"Homeownership_tertile_1_EQI_Land+SM+PA+OB","0.00","-0.91(-6.09,4.25)","0.75(-4.42,5.88)","7.24(1.76,12.82)","7.21(1.43,13.04)","0.7291","0.7881","0.0102","0.0117","1.0010","1.0004","1.0013","1.0002",4136,3739,3216,3215,2639,2895,3187,3036
"I00_I99","2000_2005","2006_2010",5,"Homeownership_tertile_1_EQI_Built+SM+PA+OB","0.00","17.03(10.90,23.01)","22.04(16.46,27.62)","17.28(12.00,22.84)","21.98(16.65,27.33)","0.0002","0.0002","0.0002","0.0002","1.0012","1.0009","1.0016","1.0009",3935,4064,3364,3000,2984,3264,3109,2944
"I00_I99","2000_2005","2006_2010",5,"Homeownership_tertile_1_EQI_Social+SM+PA+OB","0.00","0.28(-4.68,5.25)","-3.26(-8.41,1.67)","-4.92(-10.44,0.41)","0.54(-5.53,6.60)","0.9080","0.2122","0.0727","0.8615","0.9999","1.0003","0.9999","1.0009",3744,3475,2770,2526,2876,3271,3058,2625
"I00_I99","2000_2005","2011_2015",10,"Homeownership_tertile_1_EQI+SM+PA+OB","0.00","13.90(8.54,19.45)","20.07(14.59,25.45)","16.39(11.03,21.72)","12.56(6.76,18.44)","0.0002","0.0002","0.0002","0.0002","1.0010","1.0004","0.9998","1.0006",2649,2507,2125,1972,2426,2843,3133,2484
"I00_I99","2000_2005","2011_2015",10,"Homeownership_tertile_1_EQI_Air+SM+PA+OB","0.00","20.63(15.03,26.14)","23.89(18.49,29.32)","17.69(12.57,22.73)","16.16(10.76,21.52)","0.0002","0.0002","0.0002","0.0002","1.0008","1.0004","1.0002","1.0004",3509,3185,2705,2705,3209,3011,3036,3348
"I00_I99","2000_2005","2011_2015",10,"Homeownership_tertile_1_EQI_Water+SM+PA+OB","0.00","-5.25(-10.88,0.47)","6.16(0.51,11.74)","5.03(-0.58,10.75)","1.56(-4.22,7.37)","0.0712","0.0292","0.0732","0.6021","1.0005","1.0006","1.0007","1.0018",3053,2586,2556,2332,2785,2859,2803,2771
"I00_I99","2000_2005","2011_2015",10,"Homeownership_tertile_1_EQI_Land+SM+PA+OB","0.00","-0.67(-5.44,4.42)","-0.87(-5.83,3.98)","2.32(-2.96,7.38)","5.60(-0.07,11.14)","0.7926","0.7151","0.3772","0.0532","1.0002","1.0000","0.9999","0.9999",4070,2861,2515,2696,3175,2976,2979,3025
"I00_I99","2000_2005","2011_2015",10,"Homeownership_tertile_1_EQI_Built+SM+PA+OB","0.00","12.38(6.35,18.27)","19.07(13.70,24.43)","19.34(14.27,24.51)","25.33(20.00,30.60)","0.0002","0.0002","0.0002","0.0002","1.0006","1.0006","1.0028","1.0034",3542,2738,2626,2405,2980,2846,2700,2691
"I00_I99","2000_2005","2011_2015",10,"Homeownership_tertile_1_EQI_Social+SM+PA+OB","0.00","3.46(-1.37,8.10)","-4.58(-9.47,0.24)","-6.78(-12.08,-1.51)","-1.66(-7.66,4.33)","0.1427","0.0642","0.0097","0.5791","0.9999","1.0003","1.0004","1.0007",2788,2647,2487,2446,2623,2833,2894,2907
"I00_I99","2000_2005","2016_2020",15,"Homeownership_tertile_1_EQI+SM+PA+OB","0.00","17.65(12.51,23.02)","20.63(15.46,25.77)","17.61(12.18,22.93)","15.66(9.65,21.71)","0.0002","0.0002","0.0002","0.0002","1.0000","0.9994","1.0006","1.0001",3985,3765,2812,2585,3418,2786,2624,2672
"I00_I99","2000_2005","2016_2020",15,"Homeownership_tertile_1_EQI_Air+SM+PA+OB","0.00","11.47(5.98,16.87)","18.79(13.43,24.32)","21.69(16.69,26.90)","17.78(12.36,23.19)","0.0002","0.0002","0.0002","0.0002","1.0004","1.0011","0.9998","1.0005",3766,3463,3089,2578,3074,3030,3113,2751
"I00_I99","2000_2005","2016_2020",15,"Homeownership_tertile_1_EQI_Water+SM+PA+OB","0.00","-8.89(-14.44,-3.11)","1.31(-4.24,6.66)","3.33(-2.21,8.79)","0.78(-4.83,6.54)","0.0022","0.6316","0.2357","0.7901","1.0005","1.0005","1.0013","1.0000",3379,3406,3105,3079,3083,3070,3186,2914
"I00_I99","2000_2005","2016_2020",15,"Homeownership_tertile_1_EQI_Land+SM+PA+OB","0.00","0.42(-4.50,5.32)","-1.95(-7.00,2.98)","0.47(-4.71,5.72)","3.41(-2.16,8.92)","0.8735","0.4591","0.8680","0.2262","0.9999","0.9998","1.0004","1.0004",3692,3655,3005,2898,3006,3065,2923,2992
"I00_I99","2000_2005","2016_2020",15,"Homeownership_tertile_1_EQI_Built+SM+PA+OB","0.00","14.30(8.39,20.17)","22.01(16.54,27.37)","22.77(17.47,28.27)","23.55(18.01,28.99)","0.0002","0.0002","0.0002","0.0002","1.0005","1.0003","1.0002","1.0002",3627,3258,2785,2674,3291,3012,2943,2928
"I00_I99","2000_2005","2016_2020",15,"Homeownership_tertile_1_EQI_Social+SM+PA+OB","0.00","4.20(-0.35,8.86)","0.76(-4.27,5.65)","-3.83(-9.23,1.64)","-0.97(-6.97,5.30)","0.0702","0.7501","0.1622","0.7526","1.0004","1.0010","1.0008","1.0015",4037,3104,2518,2408,2821,2115,2642,2683
"I00_I99","2000_2005","2021_2024",20,"Homeownership_tertile_1_EQI+SM+PA+OB","0.00","7.50(0.60,14.49)","11.22(4.17,18.10)","5.28(-1.52,12.31)","5.00(-2.68,12.36)","0.0337","0.0027","0.1467","0.1892","1.0018","1.0001","1.0004","1.0017",4731,4213,3458,2937,3112,2814,3092,3239
"I00_I99","2000_2005","2021_2024",20,"Homeownership_tertile_1_EQI_Air+SM+PA+OB","0.00","2.91(-4.32,10.23)","11.26(4.22,18.20)","11.08(4.28,18.03)","7.74(0.65,14.80)","0.4401","0.0022","0.0022","0.0317","1.0008","1.0000","1.0012","1.0019",3800,4072,3054,2684,2764,2979,3034,2836
"I00_I99","2000_2005","2021_2024",20,"Homeownership_tertile_1_EQI_Water+SM+PA+OB","0.00","-8.87(-16.35,-1.46)","1.82(-5.59,9.05)","3.45(-3.55,10.65)","1.60(-5.75,9.14)","0.0157","0.6186","0.3542","0.6846","1.0015","1.0000","1.0011","1.0023",3297,3192,3094,3075,3156,3108,2880,2967
"I00_I99","2000_2005","2021_2024",20,"Homeownership_tertile_1_EQI_Land+SM+PA+OB","0.00","1.00(-6.12,8.16)","-0.74(-7.78,6.23)","-1.32(-8.31,5.74)","2.21(-5.35,9.42)","0.7901","0.8625","0.7186","0.5616","1.0005","0.9997","1.0005","1.0016",4161,4558,3386,3118,2857,3341,2935,2852
"I00_I99","2000_2005","2021_2024",20,"Homeownership_tertile_1_EQI_Built+SM+PA+OB","0.00","3.71(-3.65,11.53)","7.50(0.42,14.60)","7.38(0.66,13.93)","12.45(5.62,19.10)","0.3302","0.0377","0.0317","0.0002","1.0026","1.0008","0.9995","1.0025",3676,3838,3298,3268,2865,2839,3101,2633
"I00_I99","2000_2005","2021_2024",20,"Homeownership_tertile_1_EQI_Social+SM+PA+OB","0.00","3.26(-3.43,10.07)","-4.64(-11.35,2.17)","-3.27(-10.52,3.58)","-0.27(-7.53,7.22)","0.3457","0.1897","0.3762","0.9395","1.0001","1.0008","0.9998","1.0001",3924,3747,3715,2727,3149,3297,3486,2957
"I00_I99","2000_2005","2006_2010",5,"Homeownership_tertile_2_EQI+SM+PA+OB","0.00","8.65(3.86,13.47)","7.80(2.99,12.52)","7.42(2.14,12.80)","10.45(4.48,16.38)","0.0012","0.0012","0.0052","0.0002","1.0009","0.9997","1.0007","0.9995",4251,3178,3021,2914,2971,2896,3045,2791
"I00_I99","2000_2005","2006_2010",5,"Homeownership_tertile_2_EQI_Air+SM+PA+OB","0.00","13.52(8.60,18.51)","11.80(6.89,16.63)","9.97(4.97,15.01)","9.53(3.70,15.23)","0.0002","0.0002","0.0002","0.0012","1.0035","1.0007","1.0008","1.0005",4553,3781,3466,3353,3262,3139,2993,3436
"I00_I99","2000_2005","2006_2010",5,"Homeownership_tertile_2_EQI_Water+SM+PA+OB","0.00","-3.13(-9.04,2.50)","-2.96(-8.65,2.67)","-0.39(-6.03,5.15)","1.19(-4.87,7.10)","0.2722","0.2902","0.9045","0.7021","1.0008","1.0008","1.0000","1.0012",3762,3072,3259,2942,3088,3063,3185,2607
"I00_I99","2000_2005","2006_2010",5,"Homeownership_tertile_2_EQI_Land+SM+PA+OB","0.00","3.50(-0.94,8.29)","-2.34(-7.01,2.43)","2.45(-2.81,7.82)","-1.82(-7.36,3.63)","0.1297","0.3307","0.3722","0.5251","1.0014","1.0007","1.0001","1.0006",4547,4030,3530,3825,3037,3018,3028,3518
"I00_I99","2000_2005","2006_2010",5,"Homeownership_tertile_2_EQI_Built+SM+PA+OB","0.00","11.58(6.81,16.34)","7.04(2.54,11.68)","9.98(5.09,15.03)","14.55(9.09,19.94)","0.0002","0.0022","0.0002","0.0002","1.0008","1.0003","1.0004","0.9999",4321,4159,3264,3964,3365,3160,3468,3351
"I00_I99","2000_2005","2006_2010",5,"Homeownership_tertile_2_EQI_Social+SM+PA+OB","0.00","5.17(0.51,9.85)","-0.90(-5.63,3.79)","-3.57(-8.66,1.52)","-0.32(-6.27,5.54)","0.0317","0.7271","0.1812","0.9245","1.0034","1.0012","0.9997","0.9997",4607,3690,3546,3232,3087,3133,2977,3240
"I00_I99","2000_2005","2011_2015",10,"Homeownership_tertile_2_EQI+SM+PA+OB","0.00","10.09(5.52,14.54)","9.30(4.95,13.77)","7.48(2.53,12.22)","12.19(6.49,17.78)","0.0002","0.0002","0.0007","0.0002","0.9997","1.0001","1.0003","1.0014",3057,2612,1874,1985,3086,2931,2112,2591
"I00_I99","2000_2005","2011_2015",10,"Homeownership_tertile_2_EQI_Air+SM+PA+OB","0.00","8.15(3.54,12.84)","9.49(4.78,14.13)","6.41(1.39,11.38)","4.26(-1.22,9.76)","0.0007","0.0002","0.0117","0.1262","1.0007","1.0008","1.0009","1.0017",3028,2490,2093,2321,3252,3043,2760,3061
"I00_I99","2000_2005","2011_2015",10,"Homeownership_tertile_2_EQI_Water+SM+PA+OB","0.00","-11.11(-16.32,-5.87)","-1.02(-6.18,4.31)","1.75(-3.60,7.13)","2.37(-3.41,8.25)","0.0002","0.7111","0.5236","0.4216","1.0004","1.0011","1.0004","0.9999",2616,2278,2205,2264,3263,3012,2842,2742
"I00_I99","2000_2005","2011_2015",10,"Homeownership_tertile_2_EQI_Land+SM+PA+OB","0.00","0.49(-3.79,4.89)","-5.45(-10.09,-0.72)","2.87(-2.06,7.92)","0.19(-5.13,5.63)","0.8170","0.0212","0.2682","0.9480","1.0003","1.0009","1.0010","1.0011",3399,2685,2704,2779,2918,3042,2695,3097
"I00_I99","2000_2005","2011_2015",10,"Homeownership_tertile_2_EQI_Built+SM+PA+OB","0.00","10.74(6.45,15.13)","7.77(3.36,12.03)","12.54(7.99,17.05)","11.14(5.86,16.06)","0.0002","0.0002","0.0002","0.0002","1.0016","1.0007","1.0021","1.0010",2915,2759,2647,2739,2829,2950,2695,3006
"I00_I99","2000_2005","2011_2015",10,"Homeownership_tertile_2_EQI_Social+SM+PA+OB","0.00","0.83(-3.40,5.19)","-0.14(-4.88,4.54)","-2.30(-7.15,2.66)","-0.09(-5.85,5.63)","0.7146","0.9610","0.3592","0.9870","1.0004","1.0004","1.0002","1.0009",2938,2779,2466,2084,2719,2837,2788,2685
"I00_I99","2000_2005","2016_2020",15,"Homeownership_tertile_2_EQI+SM+PA+OB","0.00","7.95(3.53,12.41)","8.78(4.31,13.48)","8.85(4.13,13.73)","11.98(6.39,17.26)","0.0012","0.0002","0.0002","0.0002","1.0000","1.0003","1.0005","1.0012",5018,3658,3181,2709,3152,2963,3418,3129
"I00_I99","2000_2005","2016_2020",15,"Homeownership_tertile_2_EQI_Air+SM+PA+OB","0.00","11.97(7.45,16.54)","12.61(7.99,17.25)","5.64(0.94,10.37)","11.34(6.13,16.60)","0.0002","0.0002","0.0167","0.0002","1.0000","1.0012","1.0002","0.9999",3039,3112,2538,2910,2945,3077,2712,3292
"I00_I99","2000_2005","2016_2020",15,"Homeownership_tertile_2_EQI_Water+SM+PA+OB","0.00","-3.11(-8.29,2.07)","2.80(-2.54,8.06)","2.97(-2.63,8.24)","0.75(-4.89,6.31)","0.2432","0.2852","0.2747","0.7951","1.0002","1.0003","0.9998","1.0006",3234,2966,2779,2975,3190,3040,2890,3456
"I00_I99","2000_2005","2016_2020",15,"Homeownership_tertile_2_EQI_Land+SM+PA+OB","0.00","0.53(-3.64,4.68)","2.04(-2.37,6.39)","1.35(-3.55,6.28)","0.51(-4.55,5.75)","0.8175","0.3667","0.6001","0.8370","1.0000","1.0006","1.0026","1.0005",3819,3283,2755,3097,3246,3284,3115,3125
"I00_I99","2000_2005","2016_2020",15,"Homeownership_tertile_2_EQI_Built+SM+PA+OB","0.00","8.51(4.17,12.72)","9.70(5.60,13.83)","10.20(5.78,14.55)","13.60(8.65,18.70)","0.0002","0.0002","0.0002","0.0002","1.0004","1.0001","0.9999","1.0001",4075,3594,3629,3528,3398,2916,3239,2848
"I00_I99","2000_2005","2016_2020",15,"Homeownership_tertile_2_EQI_Social+SM+PA+OB","0.00","2.61(-1.60,6.88)","-3.54(-8.09,1.01)","-3.79(-8.62,1.01)","-2.32(-8.08,3.62)","0.2287","0.1277","0.1302","0.4376","1.0008","1.0003","0.9996","1.0009",4579,3519,3211,2835,3495,3304,3247,3246
"I00_I99","2000_2005","2021_2024",20,"Homeownership_tertile_2_EQI+SM+PA+OB","0.00","5.89(-0.71,12.24)","3.00(-3.39,9.34)","2.02(-4.56,8.67)","6.93(-0.42,14.24)","0.0772","0.3522","0.5551","0.0667","1.0020","1.0009","1.0016","1.0008",5367,5481,4358,3857,2888,2965,2729,2946
"I00_I99","2000_2005","2021_2024",20,"Homeownership_tertile_2_EQI_Air+SM+PA+OB","0.00","6.12(-0.17,12.46)","7.23(0.81,13.59)","5.12(-1.18,11.62)","4.26(-2.95,11.55)","0.0577","0.0282","0.1142","0.2407","1.0004","0.9998","1.0012","1.0015",5594,5932,5169,5050,3304,3169,3354,3295
"I00_I99","2000_2005","2021_2024",20,"Homeownership_tertile_2_EQI_Water+SM+PA+OB","0.00","-0.51(-7.58,6.59)","1.19(-5.68,8.30)","2.51(-4.71,9.64)","-0.42(-7.78,7.05)","0.8940","0.7446","0.4916","0.8960","1.0027","1.0013","1.0000","0.9997",4973,5042,4544,4626,3069,3062,3039,3196
"I00_I99","2000_2005","2021_2024",20,"Homeownership_tertile_2_EQI_Land+SM+PA+OB","0.00","0.32(-6.12,6.72)","-2.54(-9.12,3.97)","-0.44(-6.96,6.08)","-2.73(-9.75,3.98)","0.9145","0.4301","0.9120","0.4436","1.0036","0.9998","1.0005","1.0005",6032,6029,5276,4921,3022,3188,3339,3129
"I00_I99","2000_2005","2021_2024",20,"Homeownership_tertile_2_EQI_Built+SM+PA+OB","0.00","4.40(-1.79,10.72)","3.69(-2.30,9.89)","11.76(5.17,18.07)","7.40(0.50,14.42)","0.1747","0.2497","0.0012","0.0377","0.9995","1.0010","1.0031","0.9998",5722,5178,5485,5115,3163,3139,3375,3111
"I00_I99","2000_2005","2021_2024",20,"Homeownership_tertile_2_EQI_Social+SM+PA+OB","0.00","3.78(-2.37,9.87)","-4.86(-11.26,1.42)","-4.37(-10.82,2.32)","-2.12(-9.65,5.52)","0.2232","0.1287","0.1997","0.5651","0.9998","1.0002","0.9997","1.0004",6595,5771,5008,4771,3276,3459,3182,3249
"I00_I99","2000_2005","2006_2010",5,"Homeownership_tertile_3_EQI+SM+PA+OB","0.00","8.25(3.84,12.78)","7.19(2.37,11.84)","6.53(1.55,11.60)","11.04(5.06,17.23)","0.0002","0.0042","0.0112","0.0012","1.0011","1.0001","0.9996","1.0004",4251,3410,2977,2769,2878,3426,2959,2811
"I00_I99","2000_2005","2006_2010",5,"Homeownership_tertile_3_EQI_Air+SM+PA+OB","0.00","5.94(1.26,10.72)","7.50(2.70,12.39)","5.29(0.16,10.41)","6.84(0.61,12.83)","0.0142","0.0012","0.0452","0.0337","1.0007","1.0008","1.0012","1.0015",3952,3652,3644,4044,3345,2767,3320,3334
"I00_I99","2000_2005","2006_2010",5,"Homeownership_tertile_3_EQI_Water+SM+PA+OB","0.00","1.30(-3.93,6.90)","3.60(-1.67,9.01)","5.48(-0.10,11.01)","1.64(-4.64,7.97)","0.6456","0.1957","0.0587","0.6061","0.9999","1.0001","0.9996","1.0006",3654,3409,3395,3088,3096,3388,2963,3221
"I00_I99","2000_2005","2006_2010",5,"Homeownership_tertile_3_EQI_Land+SM+PA+OB","0.00","-10.47(-15.20,-5.58)","-6.53(-11.40,-1.58)","-2.93(-8.25,2.43)","-2.19(-7.95,3.56)","0.0002","0.0072","0.2947","0.4476","1.0003","1.0010","1.0012","1.0005",4290,3756,3555,3479,3159,3393,3415,2989
"I00_I99","2000_2005","2006_2010",5,"Homeownership_tertile_3_EQI_Built+SM+PA+OB","0.00","2.45(-1.84,6.62)","8.29(3.60,12.78)","8.89(3.90,13.98)","1.79(-4.40,7.94)","0.2492","0.0002","0.0007","0.5636","0.9997","1.0008","1.0004","1.0006",5031,4200,4263,4281,2572,3072,3162,3224
"I00_I99","2000_2005","2006_2010",5,"Homeownership_tertile_3_EQI_Social+SM+PA+OB","0.00","-1.33(-5.97,3.47)","-3.21(-8.50,1.85)","0.38(-4.82,5.55)","1.08(-4.64,6.85)","0.5916","0.2327","0.8835","0.7191","1.0011","1.0002","1.0022","1.0000",4453,3665,3084,2649,2929,3270,3038,2723
"I00_I99","2000_2005","2011_2015",10,"Homeownership_tertile_3_EQI+SM+PA+OB","0.00","5.68(1.51,10.06)","4.16(-0.42,8.67)","9.90(4.95,14.63)","13.33(7.41,19.34)","0.0092","0.0767","0.0002","0.0002","1.0021","1.0006","1.0001","1.0016",4120,3567,3040,2900,3193,2886,3183,3197
"I00_I99","2000_2005","2011_2015",10,"Homeownership_tertile_3_EQI_Air+SM+PA+OB","0.00","6.42(2.02,10.81)","7.37(2.89,11.83)","5.48(0.46,10.54)","6.83(1.14,12.52)","0.0047","0.0012","0.0337","0.0202","1.0004","0.9998","1.0011","1.0006",3576,2993,2907,3032,3169,3030,2928,3082
"I00_I99","2000_2005","2011_2015",10,"Homeownership_tertile_3_EQI_Water+SM+PA+OB","0.00","-1.83(-6.80,3.04)","-1.01(-6.03,3.93)","6.40(1.07,11.44)","2.15(-3.43,7.65)","0.4856","0.6951","0.0177","0.4536","1.0004","1.0001","1.0004","1.0006",3096,2838,2614,3294,2777,2967,2487,3201
"I00_I99","2000_2005","2011_2015",10,"Homeownership_tertile_3_EQI_Land+SM+PA+OB","0.00","-9.04(-13.19,-4.83)","-3.19(-7.67,1.39)","-2.00(-7.42,3.10)","0.41(-5.08,5.84)","0.0002","0.1692","0.4491","0.8775","1.0014","0.9997","0.9995","1.0004",3656,3224,3196,2996,3162,3543,3102,3128
"I00_I99","2000_2005","2011_2015",10,"Homeownership_tertile_3_EQI_Built+SM+PA+OB","0.00","5.06(1.23,8.82)","7.65(3.27,11.92)","4.60(0.00,9.11)","0.88(-4.75,6.32)","0.0082","0.0002","0.0502","0.7671","1.0015","1.0014","1.0010","1.0000",4904,4161,3700,4409,3208,3329,3349,3279
"I00_I99","2000_2005","2011_2015",10,"Homeownership_tertile_3_EQI_Social+SM+PA+OB","0.00","-4.43(-8.87,0.08)","-8.32(-12.98,-3.59)","3.33(-1.43,8.16)","-1.08(-6.59,4.52)","0.0552","0.0007","0.1847","0.7211","1.0010","1.0005","1.0008","1.0011",3870,3590,3118,2639,3090,3195,3246,2923
"I00_I99","2000_2005","2016_2020",15,"Homeownership_tertile_3_EQI+SM+PA+OB","0.00","9.28(4.92,13.69)","5.11(0.70,9.59)","9.27(4.45,14.21)","16.70(11.09,22.57)","0.0002","0.0217","0.0002","0.0002","1.0005","1.0007","1.0004","1.0005",3515,2349,2340,2400,3069,3010,2906,3062
"I00_I99","2000_2005","2016_2020",15,"Homeownership_tertile_3_EQI_Air+SM+PA+OB","0.00","8.70(4.27,13.05)","9.14(4.40,13.81)","9.97(4.77,15.12)","7.75(1.74,13.91)","0.0002","0.0007","0.0002","0.0127","1.0002","1.0000","1.0001","1.0003",3978,3105,3118,3686,2900,2976,3429,2877
"I00_I99","2000_2005","2016_2020",15,"Homeownership_tertile_3_EQI_Water+SM+PA+OB","0.00","-0.59(-5.79,4.51)","2.34(-2.70,7.47)","2.07(-2.99,7.35)","4.68(-1.05,10.53)","0.8170","0.3652","0.4451","0.1217","1.0001","1.0013","1.0006","1.0006",4041,3414,3099,3682,3335,3165,3362,3425
"I00_I99","2000_2005","2016_2020",15,"Homeownership_tertile_3_EQI_Land+SM+PA+OB","0.00","-4.25(-8.58,0.21)","-2.68(-7.09,1.97)","1.62(-3.53,6.77)","2.01(-3.59,7.60)","0.0612","0.2542","0.5466","0.4861","1.0006","1.0004","1.0020","0.9997",4628,4091,3587,3959,2685,3273,2588,3080
"I00_I99","2000_2005","2016_2020",15,"Homeownership_tertile_3_EQI_Built+SM+PA+OB","0.00","9.61(5.69,13.42)","7.92(3.63,12.23)","5.25(0.67,10.08)","3.98(-1.75,9.69)","0.0002","0.0002","0.0252","0.1707","1.0008","1.0024","1.0002","1.0010",4860,4264,5019,4896,3153,3324,2982,3308
"I00_I99","2000_2005","2016_2020",15,"Homeownership_tertile_3_EQI_Social+SM+PA+OB","0.00","-1.37(-5.94,3.39)","-0.25(-5.02,4.46)","1.99(-2.91,7.00)","3.13(-2.62,8.76)","0.5561","0.9320","0.4451","0.2927","1.0001","1.0002","1.0011","1.0007",4319,3411,3186,2567,3213,3019,2965,2875
"I00_I99","2000_2005","2021_2024",20,"Homeownership_tertile_3_EQI+SM+PA+OB","0.00","6.21(-0.18,12.58)","2.37(-3.85,8.55)","7.01(0.37,13.46)","8.49(1.14,15.70)","0.0577","0.4506","0.0332","0.0212","1.0007","1.0009","1.0001","1.0004",5067,4751,4775,4218,3102,3336,3251,3068
"I00_I99","2000_2005","2021_2024",20,"Homeownership_tertile_3_EQI_Air+SM+PA+OB","0.00","10.59(4.43,16.78)","7.35(1.30,13.43)","5.59(-0.96,12.37)","2.24(-5.27,9.60)","0.0007","0.0182","0.1002","0.5596","1.0002","1.0017","1.0002","1.0017",4420,4927,4970,5047,3174,3301,3070,3100
"I00_I99","2000_2005","2021_2024",20,"Homeownership_tertile_3_EQI_Water+SM+PA+OB","0.00","-5.62(-12.07,1.01)","0.98(-5.87,7.63)","6.88(-0.04,13.92)","3.37(-3.79,10.79)","0.0947","0.7731","0.0517","0.3817","0.9997","1.0022","1.0011","1.0003",4312,5049,5147,4380,3306,3258,3163,3306
"I00_I99","2000_2005","2021_2024",20,"Homeownership_tertile_3_EQI_Land+SM+PA+OB","0.00","-5.56(-12.02,0.87)","-2.41(-8.75,4.07)","0.74(-6.02,7.35)","3.07(-3.87,10.25)","0.0932","0.4661","0.8315","0.3922","1.0000","1.0004","1.0016","0.9998",5487,5281,5167,5018,3205,3085,3468,3420
"I00_I99","2000_2005","2021_2024",20,"Homeownership_tertile_3_EQI_Built+SM+PA+OB","0.00","4.51(-1.27,10.20)","5.49(-0.68,11.48)","3.18(-3.34,9.70)","4.88(-2.59,12.52)","0.1287","0.0812","0.3452","0.2047","1.0002","1.0002","1.0004","0.9998",6130,5159,5210,6226,3243,2998,3296,3034
"I00_I99","2000_2005","2021_2024",20,"Homeownership_tertile_3_EQI_Social+SM+PA+OB","0.00","-2.68(-9.34,3.85)","0.12(-6.35,6.77)","1.68(-5.05,8.10)","3.37(-3.96,10.56)","0.4131","0.9570","0.6271","0.3537","1.0010","1.0003","0.9998","1.0003",6501,5385,4793,4527,3055,3082,2615,3248
