ICD_Code,EQI_Period,AAMR_Period,Lag,Model,Q1,Q2,Q3,Q4,Q5,Q2_p,Q3_p,Q4_p,Q5_p,Q2_rhat,Q3_rhat,Q4_rhat,Q5_rhat,Q2_ess_bulk,Q3_ess_bulk,Q4_ess_bulk,Q5_ess_bulk,Q2_ess_tail,Q3_ess_tail,Q4_ess_tail,Q5_ess_tail
I00_I99,2000_2005,2006_2010,5,Census_Region_1_EQI+SM+PA+OB,"1.00(1.00,1.00)","0.99(0.96,1.02)","1.03(1.00,1.05)","1.00(0.98,1.03)","1.00(0.98,1.03)",0.5984,0.0810,0.7884,0.9067,1.0010,1.0020,1.0013,1.0003,4717,3740,3568,3127,3558,3374,3593,3361
"I00_I99","2000_2005","2006_2010",5,"Census_Region_1_EQI_Air+SM+PA+OB","1.00(1.00,1.00)","0.99(0.96,1.02)","0.99(0.96,1.01)","1.00(0.98,1.03)","1.04(1.01,1.06)","0.4314","0.3772","0.9271","0.0023","1.0005","1.0021","1.0007","1.0016",4587,3821,3821,3386,3579,3791,3469,3631
"I00_I99","2000_2005","2006_2010",5,"Census_Region_1_EQI_Water+SM+PA+OB","1.00(1.00,1.00)","1.02(0.99,1.05)","0.96(0.94,0.99)","0.97(0.94,0.99)","0.97(0.94,1.00)","0.1531","0.0210","0.0110","0.0273","1.0020","1.0003","1.0002","1.0016",5782,4335,4319,4238,3757,4070,3810,3917
"I00_I99","2000_2005","2006_2010",5,"Census_Region_1_EQI_Land+SM+PA+OB","1.00(1.00,1.00)","1.01(0.98,1.04)","1.01(0.99,1.03)","0.99(0.97,1.02)","0.99(0.96,1.01)","0.4672","0.3964","0.6080","0.3156","1.0005","1.0010","1.0011","1.0012",4366,2760,2654,3115,3788,3893,3570,3073
"I00_I99","2000_2005","2006_2010",5,"Census_Region_1_EQI_Built+SM+PA+OB","1.00(1.00,1.00)","1.01(0.98,1.04)","1.00(0.97,1.02)","1.01(0.98,1.03)","1.00(0.98,1.03)","0.6526","0.8321","0.5722","0.8454","1.0017","1.0004","1.0007","1.0032",5794,4069,3563,3176,3927,3828,3328,3393
"I00_I99","2000_2005","2006_2010",5,"Census_Region_1_EQI_Social+SM+PA+OB","1.00(1.00,1.00)","0.99(0.96,1.02)","1.02(0.99,1.04)","0.97(0.95,1.00)","0.97(0.95,1.00)","0.5159","0.1277","0.0235","0.0298","0.9994","1.0003","1.0000","0.9996",5057,3619,3293,2938,4023,3977,3497,3430
"I00_I99","2000_2005","2011_2015",10,"Census_Region_1_EQI+SM+PA+OB","1.00(1.00,1.00)","0.97(0.93,1.00)","1.04(1.01,1.07)","1.02(0.99,1.05)","1.03(1.00,1.06)","0.0844","0.0065","0.1914","0.0423","1.0010","0.9996","1.0003","1.0007",5056,3113,2967,2546,3660,3632,3590,3469
"I00_I99","2000_2005","2011_2015",10,"Census_Region_1_EQI_Air+SM+PA+OB","1.00(1.00,1.00)","1.00(0.96,1.03)","1.01(0.98,1.04)","1.01(0.98,1.04)","1.04(1.01,1.07)","0.8492","0.6688","0.4955","0.0135","1.0020","1.0000","1.0009","1.0015",4306,3515,3149,3035,3940,3566,3505,3398
"I00_I99","2000_2005","2011_2015",10,"Census_Region_1_EQI_Water+SM+PA+OB","1.00(1.00,1.00)","1.00(0.97,1.03)","0.96(0.93,0.99)","0.98(0.95,1.01)","0.98(0.95,1.01)","0.8346","0.0198","0.1106","0.2518","1.0011","1.0016","1.0002","0.9998",5040,4211,3789,3752,3902,3979,4079,3663
"I00_I99","2000_2005","2011_2015",10,"Census_Region_1_EQI_Land+SM+PA+OB","1.00(1.00,1.00)","1.00(0.97,1.03)","1.01(0.98,1.04)","1.01(0.98,1.03)","1.00(0.97,1.03)","0.9979","0.5597","0.6984","0.9375","1.0002","1.0010","1.0010","1.0012",3546,2979,3037,3280,3492,3516,3713,3757
"I00_I99","2000_2005","2011_2015",10,"Census_Region_1_EQI_Built+SM+PA+OB","1.00(1.00,1.00)","1.01(0.98,1.05)","0.99(0.97,1.02)","1.02(1.00,1.05)","1.02(1.00,1.05)","0.4097","0.7042","0.0694","0.0698","1.0015","1.0017","1.0003","0.9999",4093,3309,3108,3009,3740,3459,3223,3415
"I00_I99","2000_2005","2011_2015",10,"Census_Region_1_EQI_Social+SM+PA+OB","1.00(1.00,1.00)","0.99(0.96,1.02)","1.02(0.99,1.04)","0.98(0.95,1.01)","0.98(0.95,1.01)","0.4172","0.2681","0.1094","0.1081","1.0000","1.0010","1.0020","1.0009",4257,3502,3162,2928,3883,3272,3561,3340
"I00_I99","2000_2005","2016_2020",15,"Census_Region_1_EQI+SM+PA+OB","1.00(1.00,1.00)","0.98(0.94,1.01)","1.03(1.00,1.06)","1.00(0.98,1.03)","1.03(1.00,1.06)","0.2106","0.0798","0.7501","0.0573","1.0017","1.0010","1.0007","1.0010",4964,3690,2770,2746,3447,3690,3273,3380
"I00_I99","2000_2005","2016_2020",15,"Census_Region_1_EQI_Air+SM+PA+OB","1.00(1.00,1.00)","0.98(0.94,1.01)","1.00(0.97,1.03)","1.00(0.97,1.03)","1.04(1.02,1.07)","0.1852","0.9704","0.9283","0.0019","1.0027","1.0017","1.0029","1.0013",4553,3060,2659,2854,3747,3079,3387,3154
"I00_I99","2000_2005","2016_2020",15,"Census_Region_1_EQI_Water+SM+PA+OB","1.00(1.00,1.00)","1.02(0.99,1.05)","0.98(0.95,1.01)","0.98(0.95,1.00)","0.98(0.96,1.01)","0.1598","0.2764","0.0960","0.2039","1.0017","1.0017","1.0001","1.0010",4763,4502,3756,3518,3369,3860,3803,3581
"I00_I99","2000_2005","2016_2020",15,"Census_Region_1_EQI_Land+SM+PA+OB","1.00(1.00,1.00)","0.99(0.96,1.02)","1.00(0.98,1.03)","1.01(0.99,1.04)","1.01(0.99,1.04)","0.6501","0.7205","0.2656","0.3901","1.0003","1.0004","1.0002","0.9997",4196,3026,2958,3121,3590,3453,3768,3543
"I00_I99","2000_2005","2016_2020",15,"Census_Region_1_EQI_Built+SM+PA+OB","1.00(1.00,1.00)","1.02(0.99,1.05)","1.00(0.97,1.02)","1.01(0.99,1.04)","1.00(0.98,1.03)","0.2139","0.7680","0.3864","0.9479","1.0012","1.0009","1.0009","1.0016",4270,3611,3106,2978,3853,3693,3583,3812
"I00_I99","2000_2005","2016_2020",15,"Census_Region_1_EQI_Social+SM+PA+OB","1.00(1.00,1.00)","0.99(0.96,1.02)","1.01(0.98,1.04)","0.97(0.94,1.00)","0.97(0.94,1.00)","0.4943","0.5318","0.0231","0.0327","1.0008","1.0006","1.0007","1.0010",4569,3572,3140,3036,3961,3700,2966,3628
"I00_I99","2000_2005","2021_2024",20,"Census_Region_1_EQI+SM+PA+OB","1.00(1.00,1.00)","0.98(0.94,1.02)","1.01(0.98,1.05)","1.00(0.97,1.03)","1.01(0.98,1.05)","0.3960","0.5580","0.9196","0.4214","1.0014","1.0007","1.0013","1.0014",5921,4403,3885,3393,3636,3504,3631,3058
"I00_I99","2000_2005","2021_2024",20,"Census_Region_1_EQI_Air+SM+PA+OB","1.00(1.00,1.00)","1.00(0.96,1.04)","0.99(0.95,1.02)","1.01(0.97,1.04)","1.01(0.98,1.05)","0.8575","0.4972","0.6459","0.4218","0.9996","1.0009","1.0013","1.0008",6797,5140,4608,4072,3650,3571,3765,3665
"I00_I99","2000_2005","2021_2024",20,"Census_Region_1_EQI_Water+SM+PA+OB","1.00(1.00,1.00)","1.00(0.96,1.04)","1.00(0.96,1.04)","1.01(0.97,1.04)","1.00(0.97,1.04)","0.9196","0.9433","0.7663","0.7996","1.0004","1.0006","1.0012","1.0002",5735,5757,5521,5284,3818,3450,3473,3703
"I00_I99","2000_2005","2021_2024",20,"Census_Region_1_EQI_Land+SM+PA+OB","1.00(1.00,1.00)","0.99(0.96,1.03)","1.00(0.97,1.03)","1.01(0.98,1.04)","1.01(0.98,1.04)","0.6651","0.9196","0.4751","0.5438","1.0008","1.0016","1.0017","1.0013",5989,4199,4049,4991,3564,3788,3523,3975
"I00_I99","2000_2005","2021_2024",20,"Census_Region_1_EQI_Built+SM+PA+OB","1.00(1.00,1.00)","0.99(0.95,1.03)","0.98(0.94,1.01)","1.02(0.99,1.05)","1.01(0.98,1.05)","0.5997","0.1889","0.2289","0.4139","1.0022","1.0012","0.9997","1.0005",6913,5077,4464,3903,3573,3802,3874,3833
"I00_I99","2000_2005","2021_2024",20,"Census_Region_1_EQI_Social+SM+PA+OB","1.00(1.00,1.00)","1.01(0.97,1.05)","1.01(0.98,1.04)","0.99(0.96,1.02)","0.98(0.95,1.01)","0.6697","0.6313","0.3997","0.2047","1.0026","1.0004","0.9996","1.0015",5973,4347,4327,3889,3784,3460,3837,3761
"I00_I99","2000_2005","2006_2010",5,"Census_Region_2_EQI+SM+PA+OB","1.00(1.00,1.00)","1.10(1.08,1.13)","1.11(1.08,1.13)","1.09(1.07,1.12)","1.09(1.07,1.12)","0.0002","0.0002","0.0002","0.0002","1.0010","1.0014","1.0017","1.0018",3736,3273,2806,2600,3219,2831,2944,3265
"I00_I99","2000_2005","2006_2010",5,"Census_Region_2_EQI_Air+SM+PA+OB","1.00(1.00,1.00)","1.03(1.01,1.05)","1.06(1.03,1.08)","1.04(1.02,1.07)","1.04(1.02,1.07)","0.0131","0.0002","0.0015","0.0006","1.0016","1.0017","1.0024","1.0025",3997,3973,3542,3364,3516,3499,3660,3858
"I00_I99","2000_2005","2006_2010",5,"Census_Region_2_EQI_Water+SM+PA+OB","1.00(1.00,1.00)","0.99(0.97,1.01)","1.02(1.00,1.05)","1.02(1.00,1.05)","1.01(0.99,1.04)","0.4434","0.0860","0.0985","0.3085","1.0009","1.0013","1.0004","1.0002",3720,3485,3334,4347,3458,3325,3356,3886
"I00_I99","2000_2005","2006_2010",5,"Census_Region_2_EQI_Land+SM+PA+OB","1.00(1.00,1.00)","1.01(0.98,1.03)","1.03(1.01,1.06)","1.07(1.04,1.09)","1.07(1.04,1.09)","0.6563","0.0127","0.0002","0.0002","1.0014","1.0026","1.0019","1.0022",4393,3529,3227,3454,3040,3362,3414,3328
"I00_I99","2000_2005","2006_2010",5,"Census_Region_2_EQI_Built+SM+PA+OB","1.00(1.00,1.00)","1.07(1.04,1.09)","1.05(1.03,1.08)","1.06(1.04,1.08)","1.07(1.04,1.09)","0.0002","0.0002","0.0002","0.0002","1.0002","1.0026","0.9999","1.0010",4411,4098,3830,3534,4060,3809,3690,3391
"I00_I99","2000_2005","2006_2010",5,"Census_Region_2_EQI_Social+SM+PA+OB","1.00(1.00,1.00)","0.97(0.95,1.00)","0.98(0.96,1.00)","0.99(0.96,1.01)","0.97(0.94,1.00)","0.0648","0.0944","0.2389","0.0348","1.0013","1.0015","1.0010","1.0005",4339,3311,2956,2961,3937,3708,3361,3465
"I00_I99","2000_2005","2011_2015",10,"Census_Region_2_EQI+SM+PA+OB","1.00(1.00,1.00)","1.11(1.08,1.14)","1.11(1.09,1.14)","1.11(1.08,1.14)","1.11(1.08,1.13)","0.0002","0.0002","0.0002","0.0002","1.0008","1.0036","1.0010","1.0019",3481,2325,2297,2112,3589,3152,2894,2683
"I00_I99","2000_2005","2011_2015",10,"Census_Region_2_EQI_Air+SM+PA+OB","1.00(1.00,1.00)","1.03(1.01,1.06)","1.05(1.03,1.08)","1.04(1.02,1.07)","1.03(1.00,1.05)","0.0052","0.0002","0.0010","0.0781","1.0013","1.0006","1.0010","1.0016",4381,3760,3323,3233,3860,3632,3685,3257
"I00_I99","2000_2005","2011_2015",10,"Census_Region_2_EQI_Water+SM+PA+OB","1.00(1.00,1.00)","0.97(0.94,0.99)","1.02(0.99,1.05)","1.03(1.00,1.06)","1.02(0.99,1.05)","0.0094","0.1443","0.0298","0.2547","1.0000","1.0011","1.0005","1.0003",4086,3290,3933,4318,4000,3775,3648,3924
"I00_I99","2000_2005","2011_2015",10,"Census_Region_2_EQI_Land+SM+PA+OB","1.00(1.00,1.00)","1.00(0.97,1.03)","1.03(1.00,1.06)","1.07(1.05,1.10)","1.08(1.05,1.11)","0.8305","0.0265","0.0002","0.0002","1.0020","1.0008","1.0012","1.0015",3970,3551,3227,3373,3681,3624,3884,3543
"I00_I99","2000_2005","2011_2015",10,"Census_Region_2_EQI_Built+SM+PA+OB","1.00(1.00,1.00)","1.08(1.06,1.11)","1.07(1.04,1.09)","1.07(1.05,1.10)","1.08(1.05,1.11)","0.0002","0.0002","0.0002","0.0002","1.0002","1.0006","1.0023","1.0008",3991,3451,3774,3586,3536,3406,4090,3916
"I00_I99","2000_2005","2011_2015",10,"Census_Region_2_EQI_Social+SM+PA+OB","1.00(1.00,1.00)","0.98(0.95,1.01)","0.98(0.96,1.01)","1.01(0.98,1.04)","0.98(0.95,1.00)","0.2097","0.1935","0.4639","0.1056","1.0027","0.9999","1.0003","1.0001",4221,3370,2805,2887,3625,3639,3703,3683
"I00_I99","2000_2005","2016_2020",15,"Census_Region_2_EQI+SM+PA+OB","1.00(1.00,1.00)","1.11(1.08,1.14)","1.09(1.07,1.12)","1.09(1.07,1.12)","1.12(1.09,1.14)","0.0002","0.0002","0.0002","0.0002","1.0001","1.0009","1.0016","1.0019",3161,2672,2524,2270,3222,2814,3322,3096
"I00_I99","2000_2005","2016_2020",15,"Census_Region_2_EQI_Air+SM+PA+OB","1.00(1.00,1.00)","1.05(1.03,1.07)","1.04(1.02,1.07)","1.06(1.03,1.09)","1.05(1.03,1.08)","0.0002","0.0006","0.0002","0.0006","1.0008","0.9998","0.9998","0.9997",4268,3782,3565,3377,3952,3491,3790,3735
"I00_I99","2000_2005","2016_2020",15,"Census_Region_2_EQI_Water+SM+PA+OB","1.00(1.00,1.00)","0.98(0.95,1.00)","1.03(1.00,1.05)","1.02(1.00,1.05)","1.02(0.99,1.05)","0.0994","0.0494","0.1010","0.1723","1.0008","1.0006","1.0016","1.0006",3797,3273,3417,3708,3726,3451,3494,3574
"I00_I99","2000_2005","2016_2020",15,"Census_Region_2_EQI_Land+SM+PA+OB","1.00(1.00,1.00)","1.01(0.98,1.04)","1.03(1.00,1.06)","1.06(1.04,1.09)","1.07(1.04,1.10)","0.6376","0.0340","0.0002","0.0002","1.0000","1.0000","1.0008","1.0002",3748,3105,2721,2741,3640,3239,3276,2838
"I00_I99","2000_2005","2016_2020",15,"Census_Region_2_EQI_Built+SM+PA+OB","1.00(1.00,1.00)","1.07(1.05,1.10)","1.07(1.05,1.10)","1.07(1.04,1.09)","1.09(1.06,1.12)","0.0002","0.0002","0.0002","0.0002","1.0001","1.0002","1.0012","1.0014",4728,4119,3936,3798,3808,3817,4035,3779
"I00_I99","2000_2005","2016_2020",15,"Census_Region_2_EQI_Social+SM+PA+OB","1.00(1.00,1.00)","0.97(0.95,1.00)","0.99(0.97,1.02)","1.00(0.98,1.03)","0.98(0.95,1.01)","0.0606","0.6288","0.9529","0.1852","1.0002","1.0007","1.0009","1.0003",4065,3272,2925,2858,3517,3610,3248,3194
"I00_I99","2000_2005","2021_2024",20,"Census_Region_2_EQI+SM+PA+OB","1.00(1.00,1.00)","1.04(1.01,1.07)","1.03(1.00,1.06)","1.04(1.01,1.06)","1.06(1.03,1.09)","0.0048","0.0198","0.0077","0.0002","1.0027","1.0007","1.0020","1.0014",4890,4446,3566,3316,3965,3639,3625,3498
"I00_I99","2000_2005","2021_2024",20,"Census_Region_2_EQI_Air+SM+PA+OB","1.00(1.00,1.00)","1.02(1.00,1.05)","1.02(0.99,1.04)","1.04(1.01,1.07)","1.03(1.00,1.06)","0.0831","0.1998","0.0052","0.0444","0.9995","1.0002","1.0003","1.0001",4575,4711,4095,3811,3579,3419,3361,3685
"I00_I99","2000_2005","2021_2024",20,"Census_Region_2_EQI_Water+SM+PA+OB","1.00(1.00,1.00)","0.97(0.94,1.00)","1.01(0.98,1.03)","1.02(0.99,1.05)","1.01(0.98,1.04)","0.0581","0.6267","0.1293","0.6821","1.0002","0.9996","1.0008","1.0018",4591,4557,4227,4554,3556,3943,3865,3827
"I00_I99","2000_2005","2021_2024",20,"Census_Region_2_EQI_Land+SM+PA+OB","1.00(1.00,1.00)","0.98(0.95,1.02)","1.00(0.97,1.03)","1.03(1.00,1.05)","1.03(1.00,1.06)","0.2872","0.8538","0.0781","0.0377","1.0019","1.0011","1.0006","1.0011",5497,4066,3667,3876,3228,3635,3342,3565
"I00_I99","2000_2005","2021_2024",20,"Census_Region_2_EQI_Built+SM+PA+OB","1.00(1.00,1.00)","1.02(0.99,1.05)","1.03(1.00,1.05)","1.04(1.01,1.06)","1.05(1.02,1.08)","0.1352","0.0360","0.0060","0.0002","1.0019","1.0009","1.0013","1.0005",5059,4620,3897,3776,3747,3707,3596,3763
"I00_I99","2000_2005","2021_2024",20,"Census_Region_2_EQI_Social+SM+PA+OB","1.00(1.00,1.00)","0.97(0.94,1.01)","0.98(0.95,1.01)","1.01(0.98,1.04)","1.00(0.97,1.03)","0.1160","0.1531","0.4614","0.7592","1.0009","1.0017","1.0014","1.0012",5048,4379,3503,3152,3433,3523,3009,3841
"I00_I99","2000_2005","2006_2010",5,"Census_Region_3_EQI+SM+PA+OB","1.00(1.00,1.00)","1.03(1.02,1.04)","1.03(1.01,1.04)","1.04(1.02,1.05)","1.04(1.02,1.06)","0.0002","0.0002","0.0002","0.0002","1.0013","1.0034","1.0021","1.0025",3427,3217,2849,2674,3498,3307,3500,3407
"I00_I99","2000_2005","2006_2010",5,"Census_Region_3_EQI_Air+SM+PA+OB","1.00(1.00,1.00)","1.04(1.03,1.06)","1.04(1.03,1.06)","1.04(1.02,1.06)","1.05(1.03,1.07)","0.0002","0.0002","0.0002","0.0002","1.0005","1.0006","1.0006","1.0006",3423,2982,2953,2940,3597,3342,3258,3446
"I00_I99","2000_2005","2006_2010",5,"Census_Region_3_EQI_Water+SM+PA+OB","1.00(1.00,1.00)","1.00(0.98,1.02)","1.00(0.98,1.02)","1.01(0.99,1.02)","0.99(0.97,1.01)","0.8888","0.9092","0.5705","0.4743","0.9997","1.0001","1.0000","1.0009",3603,3502,3220,3781,3522,3821,3417,3438
"I00_I99","2000_2005","2006_2010",5,"Census_Region_3_EQI_Land+SM+PA+OB","1.00(1.00,1.00)","0.99(0.98,1.00)","0.98(0.97,1.00)","1.00(0.98,1.02)","1.00(0.97,1.02)","0.0735","0.0198","0.8038","0.7588","1.0015","1.0036","1.0021","1.0009",4706,4837,5589,5102,3394,3857,3654,3452
"I00_I99","2000_2005","2006_2010",5,"Census_Region_3_EQI_Built+SM+PA+OB","1.00(1.00,1.00)","1.03(1.02,1.05)","1.05(1.04,1.07)","1.06(1.04,1.07)","1.08(1.06,1.09)","0.0002","0.0002","0.0002","0.0002","1.0017","1.0016","1.0013","1.0015",4731,4250,4249,3874,3505,3680,3567,3916
"I00_I99","2000_2005","2006_2010",5,"Census_Region_3_EQI_Social+SM+PA+OB","1.00(1.00,1.00)","1.01(1.00,1.03)","0.98(0.97,1.00)","0.97(0.96,0.99)","0.98(0.95,1.00)","0.0639","0.0531","0.0035","0.0198","1.0004","1.0016","1.0009","1.0006",3991,3524,3413,3053,3385,3263,3359,3650
"I00_I99","2000_2005","2011_2015",10,"Census_Region_3_EQI+SM+PA+OB","1.00(1.00,1.00)","1.02(1.01,1.04)","1.03(1.01,1.04)","1.03(1.01,1.05)","1.03(1.01,1.05)","0.0006","0.0002","0.0006","0.0010","1.0032","1.0026","1.0018","1.0015",2488,3072,2623,2687,3190,3565,3438,3297
"I00_I99","2000_2005","2011_2015",10,"Census_Region_3_EQI_Air+SM+PA+OB","1.00(1.00,1.00)","1.03(1.01,1.05)","1.04(1.02,1.06)","1.04(1.02,1.06)","1.05(1.03,1.07)","0.0006","0.0002","0.0002","0.0002","1.0000","1.0011","1.0011","1.0022",3490,3094,3142,3314,3782,3622,3471,3849
"I00_I99","2000_2005","2011_2015",10,"Census_Region_3_EQI_Water+SM+PA+OB","1.00(1.00,1.00)","1.00(0.98,1.02)","1.00(0.98,1.02)","1.02(1.00,1.04)","0.99(0.97,1.01)","0.8821","0.7700","0.1327","0.5601","1.0003","1.0012","1.0004","1.0021",3802,3630,3634,3865,3789,3294,3610,3266
"I00_I99","2000_2005","2011_2015",10,"Census_Region_3_EQI_Land+SM+PA+OB","1.00(1.00,1.00)","0.98(0.97,1.00)","0.98(0.96,0.99)","0.98(0.96,1.00)","1.00(0.97,1.02)","0.0077","0.0052","0.0285","0.7321","1.0025","1.0016","0.9999","1.0003",5261,4712,5863,4925,3313,3524,3780,3207
"I00_I99","2000_2005","2011_2015",10,"Census_Region_3_EQI_Built+SM+PA+OB","1.00(1.00,1.00)","1.03(1.02,1.05)","1.05(1.03,1.06)","1.05(1.04,1.07)","1.08(1.06,1.10)","0.0002","0.0002","0.0002","0.0002","1.0009","1.0013","1.0007","1.0006",5404,4557,4620,4734,4101,4187,4096,3939
"I00_I99","2000_2005","2011_2015",10,"Census_Region_3_EQI_Social+SM+PA+OB","1.00(1.00,1.00)","1.01(1.00,1.03)","0.98(0.96,0.99)","0.96(0.94,0.98)","0.96(0.93,0.98)","0.0939","0.0031","0.0002","0.0002","1.0009","1.0003","1.0006","1.0007",4393,4035,4376,3926,3263,4019,3868,4067
"I00_I99","2000_2005","2016_2020",15,"Census_Region_3_EQI+SM+PA+OB","1.00(1.00,1.00)","1.04(1.03,1.06)","1.05(1.03,1.06)","1.06(1.04,1.08)","1.06(1.03,1.08)","0.0002","0.0002","0.0002","0.0002","1.0009","1.0023","1.0018","1.0034",3414,3144,2785,2628,3084,2918,3064,3316
"I00_I99","2000_2005","2016_2020",15,"Census_Region_3_EQI_Air+SM+PA+OB","1.00(1.00,1.00)","1.02(1.00,1.04)","1.05(1.03,1.07)","1.05(1.03,1.07)","1.08(1.05,1.10)","0.0398","0.0002","0.0002","0.0002","0.9999","1.0001","0.9999","1.0006",3656,3337,3134,3233,3366,3477,3354,3225
"I00_I99","2000_2005","2016_2020",15,"Census_Region_3_EQI_Water+SM+PA+OB","1.00(1.00,1.00)","0.99(0.97,1.01)","1.00(0.98,1.02)","1.01(0.99,1.04)","0.99(0.97,1.02)","0.3414","0.9358","0.2068","0.5538","1.0002","1.0012","1.0004","1.0005",4229,3187,3447,3862,3647,3298,3303,3637
"I00_I99","2000_2005","2016_2020",15,"Census_Region_3_EQI_Land+SM+PA+OB","1.00(1.00,1.00)","0.99(0.98,1.01)","0.99(0.97,1.00)","0.98(0.96,1.01)","0.99(0.96,1.02)","0.2851","0.1023","0.1793","0.5226","1.0004","1.0019","1.0006","1.0008",5251,4369,4755,5700,3586,3519,3305,3519
"I00_I99","2000_2005","2016_2020",15,"Census_Region_3_EQI_Built+SM+PA+OB","1.00(1.00,1.00)","1.04(1.03,1.06)","1.06(1.05,1.08)","1.08(1.06,1.10)","1.11(1.09,1.13)","0.0002","0.0002","0.0002","0.0002","1.0021","0.9998","1.0005","1.0006",3881,4076,3549,4079,3340,3540,3228,3568
"I00_I99","2000_2005","2016_2020",15,"Census_Region_3_EQI_Social+SM+PA+OB","1.00(1.00,1.00)","1.02(1.00,1.03)","0.98(0.97,1.00)","0.96(0.94,0.98)","0.96(0.94,0.99)","0.0110","0.0456","0.0006","0.0010","1.0024","1.0016","1.0028","1.0008",3873,3514,3598,3420,3656,3360,3592,3817
"I00_I99","2000_2005","2021_2024",20,"Census_Region_3_EQI+SM+PA+OB","1.00(1.00,1.00)","1.02(1.00,1.04)","1.02(1.00,1.04)","1.02(1.00,1.04)","1.02(1.00,1.04)","0.0439","0.0427","0.0385","0.1339","1.0009","0.9997","1.0018","1.0006",4671,4387,3497,3325,3639,3730,3702,3626
"I00_I99","2000_2005","2021_2024",20,"Census_Region_3_EQI_Air+SM+PA+OB","1.00(1.00,1.00)","1.00(0.98,1.02)","1.02(1.00,1.04)","1.02(1.00,1.04)","1.04(1.02,1.06)","0.8479","0.1131","0.1085","0.0006","1.0023","1.0011","1.0014","1.0014",4387,4495,4101,4469,3602,3688,3666,3602
"I00_I99","2000_2005","2021_2024",20,"Census_Region_3_EQI_Water+SM+PA+OB","1.00(1.00,1.00)","0.99(0.97,1.01)","1.00(0.98,1.02)","1.01(0.99,1.04)","0.99(0.97,1.01)","0.3181","0.9813","0.2372","0.4343","1.0018","1.0004","1.0006","1.0005",4626,4579,4597,4390,3423,3782,3433,3653
"I00_I99","2000_2005","2021_2024",20,"Census_Region_3_EQI_Land+SM+PA+OB","1.00(1.00,1.00)","0.99(0.98,1.01)","0.98(0.96,1.00)","0.99(0.96,1.01)","0.99(0.97,1.02)","0.5218","0.0810","0.2356","0.6384","1.0002","0.9993","1.0018","1.0026",5789,5488,5643,5614,3781,3689,3187,3233
"I00_I99","2000_2005","2021_2024",20,"Census_Region_3_EQI_Built+SM+PA+OB","1.00(1.00,1.00)","1.01(1.00,1.03)","1.03(1.01,1.05)","1.04(1.02,1.06)","1.06(1.04,1.09)","0.1331","0.0035","0.0002","0.0002","1.0002","1.0023","1.0010","1.0012",5059,4919,4532,4850,3841,3421,3401,3804
"I00_I99","2000_2005","2021_2024",20,"Census_Region_3_EQI_Social+SM+PA+OB","1.00(1.00,1.00)","1.02(1.01,1.04)","0.99(0.97,1.01)","0.97(0.95,0.99)","0.97(0.94,0.99)","0.0081","0.5201","0.0052","0.0077","1.0011","1.0005","1.0012","1.0013",4266,4859,4284,4513,3187,3362,3619,3882
"I00_I99","2000_2005","2006_2010",5,"Census_Region_4_EQI+SM+PA+OB","1.00(1.00,1.00)","1.02(0.99,1.06)","1.05(1.02,1.09)","1.05(1.02,1.09)","1.05(1.02,1.09)","0.2097","0.0044","0.0065","0.0069","1.0009","1.0004","1.0010","1.0014",6190,6014,6024,5189,3445,3692,3840,3693
"I00_I99","2000_2005","2006_2010",5,"Census_Region_4_EQI_Air+SM+PA+OB","1.00(1.00,1.00)","1.06(1.02,1.09)","1.04(1.00,1.07)","1.04(1.01,1.08)","1.04(1.00,1.08)","0.0019","0.0577","0.0231","0.0673","0.9997","1.0019","1.0010","1.0004",6667,6773,6173,5964,3594,3515,3612,3349
"I00_I99","2000_2005","2006_2010",5,"Census_Region_4_EQI_Water+SM+PA+OB","1.00(1.00,1.00)","0.92(0.88,0.96)","1.02(0.98,1.06)","1.02(0.97,1.05)","1.04(1.00,1.08)","0.0002","0.2722","0.4310","0.0348","1.0000","1.0025","1.0018","1.0011",5360,5992,5107,4509,3869,3529,4120,3615
"I00_I99","2000_2005","2006_2010",5,"Census_Region_4_EQI_Land+SM+PA+OB","1.00(1.00,1.00)","0.98(0.93,1.03)","1.01(0.97,1.05)","1.02(0.99,1.06)","1.04(1.00,1.08)","0.4139","0.5805","0.2052","0.0431","1.0008","1.0012","1.0003","1.0002",6604,5405,4329,4713,3464,3239,3801,3977
"I00_I99","2000_2005","2006_2010",5,"Census_Region_4_EQI_Built+SM+PA+OB","1.00(1.00,1.00)","1.00(0.96,1.04)","1.07(1.03,1.10)","1.04(1.01,1.08)","1.02(0.98,1.05)","0.9134","0.0002","0.0185","0.3872","1.0011","0.9997","1.0011","1.0011",6243,5952,5237,4517,3681,3541,4069,3548
"I00_I99","2000_2005","2006_2010",5,"Census_Region_4_EQI_Social+SM+PA+OB","1.00(1.00,1.00)","1.01(0.97,1.05)","1.02(0.99,1.06)","1.04(1.00,1.08)","1.02(0.98,1.06)","0.5863","0.1664","0.0473","0.2989","1.0040","1.0003","1.0000","1.0002",6698,5670,5591,4837,3294,3311,3960,4248
"I00_I99","2000_2005","2011_2015",10,"Census_Region_4_EQI+SM+PA+OB","1.00(1.00,1.00)","1.03(0.99,1.07)","1.06(1.02,1.10)","1.07(1.03,1.11)","1.05(1.01,1.10)","0.1227","0.0052","0.0006","0.0060","1.0005","0.9995","1.0015","1.0002",6480,5364,4934,4451,3776,3848,3671,4044
"I00_I99","2000_2005","2011_2015",10,"Census_Region_4_EQI_Air+SM+PA+OB","1.00(1.00,1.00)","1.06(1.02,1.10)","1.05(1.01,1.09)","1.05(1.00,1.09)","1.04(0.99,1.08)","0.0035","0.0315","0.0260","0.1014","1.0002","1.0001","0.9997","1.0002",4887,5587,5089,4784,3885,3659,3876,3751
"I00_I99","2000_2005","2011_2015",10,"Census_Region_4_EQI_Water+SM+PA+OB","1.00(1.00,1.00)","0.91(0.87,0.96)","1.04(1.00,1.08)","1.02(0.98,1.07)","1.04(1.00,1.08)","0.0002","0.0656","0.3181","0.0581","1.0018","1.0006","1.0006","1.0014",4901,4538,4536,3526,3810,3569,3754,3576
"I00_I99","2000_2005","2011_2015",10,"Census_Region_4_EQI_Land+SM+PA+OB","1.00(1.00,1.00)","0.99(0.94,1.04)","1.02(0.97,1.06)","1.01(0.97,1.06)","1.04(1.00,1.08)","0.6755","0.4572","0.5243","0.0514","1.0012","1.0000","1.0026","1.0003",4592,4450,4185,4018,3314,3690,3784,3760
"I00_I99","2000_2005","2011_2015",10,"Census_Region_4_EQI_Built+SM+PA+OB","1.00(1.00,1.00)","0.99(0.95,1.03)","1.08(1.03,1.12)","1.07(1.03,1.11)","1.02(0.98,1.06)","0.5801","0.0002","0.0010","0.2856","1.0013","1.0001","1.0009","1.0005",5384,4845,4245,3851,3720,3381,3563,3556
"I00_I99","2000_2005","2011_2015",10,"Census_Region_4_EQI_Social+SM+PA+OB","1.00(1.00,1.00)","1.00(0.96,1.03)","1.00(0.97,1.04)","1.04(1.00,1.08)","1.02(0.97,1.06)","0.7992","0.8775","0.0627","0.4401","1.0003","1.0017","1.0014","1.0003",5088,5078,4653,4029,3735,3738,3609,3795
"I00_I99","2000_2005","2016_2020",15,"Census_Region_4_EQI+SM+PA+OB","1.00(1.00,1.00)","1.03(1.00,1.07)","1.05(1.02,1.09)","1.08(1.04,1.11)","1.08(1.04,1.11)","0.0710","0.0052","0.0002","0.0002","1.0001","1.0001","1.0002","1.0013",5702,5258,5309,4536,3648,3645,3423,3880
"I00_I99","2000_2005","2016_2020",15,"Census_Region_4_EQI_Air+SM+PA+OB","1.00(1.00,1.00)","1.06(1.02,1.10)","1.06(1.02,1.10)","1.06(1.02,1.10)","1.06(1.02,1.11)","0.0040","0.0073","0.0019","0.0056","1.0048","1.0010","1.0003","1.0015",4221,4418,3844,4056,3666,3838,3835,3813
"I00_I99","2000_2005","2016_2020",15,"Census_Region_4_EQI_Water+SM+PA+OB","1.00(1.00,1.00)","0.90(0.86,0.95)","1.06(1.01,1.11)","1.01(0.96,1.05)","1.03(0.99,1.07)","0.0002","0.0085","0.7617","0.1448","1.0000","1.0007","1.0010","1.0019",3535,3775,3600,3326,3686,3585,4120,3701
"I00_I99","2000_2005","2016_2020",15,"Census_Region_4_EQI_Land+SM+PA+OB","1.00(1.00,1.00)","0.98(0.93,1.03)","1.03(0.99,1.08)","1.00(0.96,1.04)","1.05(1.01,1.09)","0.3610","0.1177","0.9871","0.0223","1.0001","1.0002","1.0002","1.0018",4717,3360,2967,2960,3472,3003,3426,3633
"I00_I99","2000_2005","2016_2020",15,"Census_Region_4_EQI_Built+SM+PA+OB","1.00(1.00,1.00)","1.02(0.98,1.07)","1.07(1.03,1.11)","1.07(1.03,1.11)","1.02(0.98,1.06)","0.2397","0.0010","0.0002","0.3535","0.9997","1.0016","1.0001","1.0007",4036,3804,4007,3315,3791,3393,3728,3208
"I00_I99","2000_2005","2016_2020",15,"Census_Region_4_EQI_Social+SM+PA+OB","1.00(1.00,1.00)","1.01(0.97,1.05)","1.02(0.99,1.06)","1.05(1.01,1.09)","1.02(0.98,1.06)","0.7013","0.2285","0.0119","0.3643","1.0013","1.0027","1.0015","1.0013",4395,3546,3689,2798,3521,3630,3397,3388
"I00_I99","2000_2005","2021_2024",20,"Census_Region_4_EQI+SM+PA+OB","1.00(1.00,1.00)","1.01(0.98,1.05)","1.02(0.99,1.06)","1.03(0.99,1.07)","1.03(0.99,1.07)","0.5159","0.2027","0.1373","0.1152","1.0002","1.0027","1.0012","1.0004",4790,6282,6016,4760,3637,3319,3979,3602
"I00_I99","2000_2005","2021_2024",20,"Census_Region_4_EQI_Air+SM+PA+OB","1.00(1.00,1.00)","1.04(1.00,1.08)","1.03(0.99,1.07)","1.03(0.99,1.07)","1.03(0.98,1.07)","0.0814","0.1223","0.1835","0.2360","1.0027","1.0003","1.0023","1.0013",7499,6755,7042,5978,3611,3709,3561,3554
"I00_I99","2000_2005","2021_2024",20,"Census_Region_4_EQI_Water+SM+PA+OB","1.00(1.00,1.00)","0.94(0.90,0.99)","1.02(0.97,1.06)","1.02(0.98,1.06)","1.02(0.98,1.06)","0.0106","0.4622","0.3905","0.3410","1.0003","1.0007","0.9996","1.0054",7366,6086,6232,5325,4176,3336,3328,3801
"I00_I99","2000_2005","2021_2024",20,"Census_Region_4_EQI_Land+SM+PA+OB","1.00(1.00,1.00)","0.99(0.94,1.03)","1.03(0.99,1.07)","1.00(0.96,1.03)","1.02(0.98,1.06)","0.6292","0.1543","0.8321","0.2414","1.0001","1.0003","1.0000","1.0015",6954,5980,5722,5966,3926,3777,4050,3808
"I00_I99","2000_2005","2021_2024",20,"Census_Region_4_EQI_Built+SM+PA+OB","1.00(1.00,1.00)","1.00(0.96,1.04)","1.03(0.99,1.07)","1.04(1.00,1.08)","1.00(0.97,1.04)","0.8342","0.1648","0.0323","0.8309","1.0025","0.9995","1.0002","1.0025",6300,6434,6724,6344,3736,3792,3578,3812
"I00_I99","2000_2005","2021_2024",20,"Census_Region_4_EQI_Social+SM+PA+OB","1.00(1.00,1.00)","1.00(0.97,1.04)","0.99(0.96,1.03)","1.02(0.98,1.07)","1.01(0.97,1.05)","0.7959","0.7526","0.2293","0.6988","1.0008","1.0005","1.0008","1.0032",7423,7005,7322,6358,3888,3656,3553,3463
"I00_I99","2000_2005","2006_2010",5,"koppen_major_B_EQI+SM+PA+OB","1.00(1.00,1.00)","1.05(1.02,1.09)","1.06(1.03,1.10)","1.05(1.01,1.09)","1.03(0.99,1.07)","0.0040","0.0006","0.0131","0.1306","1.0019","1.0005","1.0007","1.0008",6231,5797,5674,5782,3735,3936,3418,3640
"I00_I99","2000_2005","2006_2010",5,"koppen_major_B_EQI_Air+SM+PA+OB","1.00(1.00,1.00)","1.05(1.02,1.09)","1.04(1.00,1.08)","1.02(0.98,1.06)","1.01(0.96,1.06)","0.0077","0.0619","0.2627","0.6705","0.9998","1.0005","1.0015","1.0017",5766,4746,5490,6273,3662,3508,3633,4066
"I00_I99","2000_2005","2006_2010",5,"koppen_major_B_EQI_Water+SM+PA+OB","1.00(1.00,1.00)","0.95(0.91,0.99)","1.03(0.98,1.07)","1.04(1.00,1.08)","1.04(1.00,1.08)","0.0106","0.2164","0.0598","0.0310","1.0003","1.0017","1.0013","1.0000",5355,5412,4365,4427,3625,3757,3331,3555
"I00_I99","2000_2005","2006_2010",5,"koppen_major_B_EQI_Land+SM+PA+OB","1.00(1.00,1.00)","1.00(0.96,1.04)","0.98(0.95,1.02)","1.02(0.99,1.06)","1.03(0.99,1.07)","0.8988","0.3976","0.2389","0.1381","1.0008","1.0001","1.0001","1.0014",5367,5107,4724,5277,3627,3790,3254,4013
"I00_I99","2000_2005","2006_2010",5,"koppen_major_B_EQI_Built+SM+PA+OB","1.00(1.00,1.00)","1.04(1.00,1.08)","1.07(1.03,1.11)","1.04(1.00,1.08)","1.05(1.01,1.09)","0.0373","0.0010","0.0602","0.0160","1.0011","1.0004","1.0015","1.0005",5215,4892,5565,5103,3620,3558,3771,3896
"I00_I99","2000_2005","2006_2010",5,"koppen_major_B_EQI_Social+SM+PA+OB","1.00(1.00,1.00)","0.99(0.95,1.03)","1.00(0.97,1.04)","1.01(0.97,1.05)","1.00(0.96,1.04)","0.6155","0.8459","0.6159","0.9629","1.0019","1.0008","1.0020","1.0001",5827,4813,5425,5599,3534,3818,3577,3698
"I00_I99","2000_2005","2011_2015",10,"koppen_major_B_EQI+SM+PA+OB","1.00(1.00,1.00)","1.05(1.01,1.09)","1.06(1.02,1.10)","1.05(1.01,1.09)","1.03(0.98,1.07)","0.0106","0.0052","0.0235","0.2535","1.0006","1.0004","1.0005","1.0001",5172,5114,4087,5300,3477,3863,3372,3492
"I00_I99","2000_2005","2011_2015",10,"koppen_major_B_EQI_Air+SM+PA+OB","1.00(1.00,1.00)","1.05(1.01,1.09)","1.03(0.99,1.08)","1.02(0.97,1.06)","1.01(0.96,1.06)","0.0185","0.1252","0.5076","0.7509","1.0024","1.0010","1.0016","1.0018",4876,5141,4863,5414,3677,4055,3491,3867
"I00_I99","2000_2005","2011_2015",10,"koppen_major_B_EQI_Water+SM+PA+OB","1.00(1.00,1.00)","0.97(0.92,1.01)","1.04(0.99,1.08)","1.02(0.98,1.06)","1.04(1.00,1.09)","0.1194","0.0969","0.3830","0.0502","1.0007","1.0010","1.0006","1.0012",4520,5148,4401,4134,3599,3767,3701,3528
"I00_I99","2000_2005","2011_2015",10,"koppen_major_B_EQI_Land+SM+PA+OB","1.00(1.00,1.00)","1.01(0.97,1.05)","0.97(0.93,1.01)","1.02(0.98,1.06)","1.03(0.99,1.08)","0.7076","0.1989","0.4068","0.1785","1.0009","1.0001","1.0022","0.9998",4207,4135,4467,4524,3082,3975,3828,3626
"I00_I99","2000_2005","2011_2015",10,"koppen_major_B_EQI_Built+SM+PA+OB","1.00(1.00,1.00)","1.04(1.00,1.08)","1.07(1.03,1.12)","1.06(1.02,1.10)","1.03(0.99,1.07)","0.0789","0.0002","0.0052","0.1506","1.0017","1.0001","1.0010","1.0004",4065,5098,4765,4864,3420,3654,3924,3683
"I00_I99","2000_2005","2011_2015",10,"koppen_major_B_EQI_Social+SM+PA+OB","1.00(1.00,1.00)","0.99(0.95,1.04)","0.99(0.95,1.03)","1.02(0.98,1.06)","1.01(0.96,1.06)","0.7942","0.5122","0.3939","0.7221","1.0030","1.0010","1.0000","1.0001",5240,3870,4659,5192,3779,3233,3587,3805
"I00_I99","2000_2005","2016_2020",15,"koppen_major_B_EQI+SM+PA+OB","1.00(1.00,1.00)","1.05(1.01,1.09)","1.05(1.02,1.09)","1.07(1.02,1.11)","1.04(1.00,1.09)","0.0094","0.0056","0.0027","0.0481","0.9999","1.0007","1.0001","1.0007",5525,5037,5026,5681,3570,3635,3657,3878
"I00_I99","2000_2005","2016_2020",15,"koppen_major_B_EQI_Air+SM+PA+OB","1.00(1.00,1.00)","1.04(1.00,1.08)","1.05(1.01,1.09)","1.03(0.99,1.08)","1.02(0.96,1.07)","0.0377","0.0215","0.1456","0.5438","1.0009","1.0012","1.0014","1.0009",5577,5653,5642,6018,3589,3499,3776,4065
"I00_I99","2000_2005","2016_2020",15,"koppen_major_B_EQI_Water+SM+PA+OB","1.00(1.00,1.00)","0.95(0.91,0.99)","1.04(0.99,1.08)","1.04(1.00,1.08)","1.06(1.01,1.10)","0.0294","0.1002","0.0606","0.0102","1.0013","1.0005","1.0006","1.0015",5164,4860,5084,4226,3870,3900,3614,3670
"I00_I99","2000_2005","2016_2020",15,"koppen_major_B_EQI_Land+SM+PA+OB","1.00(1.00,1.00)","1.01(0.97,1.05)","1.00(0.96,1.04)","1.00(0.96,1.05)","1.03(0.99,1.08)","0.7284","0.9159","0.8804","0.1348","1.0001","1.0000","1.0009","1.0006",4776,4681,4495,5008,3471,3676,3860,3942
"I00_I99","2000_2005","2016_2020",15,"koppen_major_B_EQI_Built+SM+PA+OB","1.00(1.00,1.00)","1.04(1.00,1.08)","1.08(1.04,1.12)","1.06(1.02,1.11)","1.04(1.00,1.09)","0.0644","0.0002","0.0023","0.0394","1.0034","1.0030","1.0010","0.9999",5236,5769,5645,4743,3644,3470,3713,3771
"I00_I99","2000_2005","2016_2020",15,"koppen_major_B_EQI_Social+SM+PA+OB","1.00(1.00,1.00)","1.01(0.97,1.05)","1.00(0.96,1.04)","1.01(0.97,1.06)","1.00(0.96,1.05)","0.7934","0.8500","0.5380","0.8434","1.0006","1.0003","1.0012","0.9998",5345,5167,5057,5219,3402,3075,3588,3920
"I00_I99","2000_2005","2021_2024",20,"koppen_major_B_EQI+SM+PA+OB","1.00(1.00,1.00)","1.02(0.99,1.06)","1.02(0.98,1.06)","1.03(0.99,1.07)","1.02(0.98,1.06)","0.2202","0.2914","0.1835","0.4185","1.0008","1.0004","1.0043","1.0005",8365,7615,7150,7470,3536,3460,3372,3491
"I00_I99","2000_2005","2021_2024",20,"koppen_major_B_EQI_Air+SM+PA+OB","1.00(1.00,1.00)","1.02(0.98,1.06)","1.02(0.98,1.06)","1.01(0.97,1.05)","1.01(0.96,1.05)","0.3810","0.2831","0.6005","0.7388","1.0009","1.0019","1.0012","1.0014",6572,6497,6823,6872,3706,3602,3783,3953
"I00_I99","2000_2005","2021_2024",20,"koppen_major_B_EQI_Water+SM+PA+OB","1.00(1.00,1.00)","0.97(0.93,1.01)","1.02(0.98,1.05)","1.04(1.00,1.08)","1.01(0.98,1.05)","0.0977","0.3964","0.0435","0.4601","1.0007","1.0017","1.0023","1.0003",7188,7276,5940,6729,3505,3677,3513,3748
"I00_I99","2000_2005","2021_2024",20,"koppen_major_B_EQI_Land+SM+PA+OB","1.00(1.00,1.00)","1.02(0.98,1.06)","1.02(0.98,1.05)","0.98(0.94,1.01)","1.01(0.97,1.05)","0.3568","0.3247","0.2331","0.5147","1.0004","1.0014","1.0004","1.0009",6799,6241,7206,7178,3923,3420,3689,3635
"I00_I99","2000_2005","2021_2024",20,"koppen_major_B_EQI_Built+SM+PA+OB","1.00(1.00,1.00)","1.01(0.97,1.05)","1.03(0.99,1.06)","1.04(1.00,1.07)","1.01(0.98,1.05)","0.6384","0.1956","0.0602","0.4705","1.0020","0.9996","1.0026","1.0006",6808,7281,7229,6856,3750,3895,3073,3650
"I00_I99","2000_2005","2021_2024",20,"koppen_major_B_EQI_Social+SM+PA+OB","1.00(1.00,1.00)","0.99(0.95,1.03)","0.98(0.94,1.02)","1.01(0.97,1.05)","1.01(0.97,1.05)","0.5993","0.2843","0.5930","0.7713","1.0003","1.0008","1.0004","1.0010",6256,7289,5992,6835,3921,3333,3315,3587
"I00_I99","2000_2005","2006_2010",5,"koppen_major_C_EQI+SM+PA+OB","1.00(1.00,1.00)","1.02(1.00,1.03)","1.01(1.00,1.03)","1.01(1.00,1.03)","1.03(1.01,1.05)","0.0060","0.0344","0.0506","0.0031","1.0016","1.0010","1.0005","1.0008",3374,3015,3145,2787,3774,3622,3467,3091
"I00_I99","2000_2005","2006_2010",5,"koppen_major_C_EQI_Air+SM+PA+OB","1.00(1.00,1.00)","1.03(1.01,1.05)","1.04(1.02,1.06)","1.04(1.02,1.06)","1.05(1.03,1.07)","0.0002","0.0002","0.0002","0.0002","1.0011","1.0006","1.0013","1.0007",2686,2493,2403,2439,3544,3275,2677,3349
"I00_I99","2000_2005","2006_2010",5,"koppen_major_C_EQI_Water+SM+PA+OB","1.00(1.00,1.00)","1.00(0.99,1.02)","0.99(0.97,1.01)","0.98(0.97,1.00)","1.00(0.98,1.02)","0.6921","0.2039","0.0573","0.8454","1.0007","1.0002","0.9996","1.0002",3180,2454,2887,2952,3681,3261,3329,3760
"I00_I99","2000_2005","2006_2010",5,"koppen_major_C_EQI_Land+SM+PA+OB","1.00(1.00,1.00)","0.99(0.98,1.00)","0.99(0.98,1.00)","1.00(0.98,1.02)","1.01(0.99,1.03)","0.2018","0.1556","0.8284","0.4214","1.0000","1.0008","1.0001","1.0003",4403,4170,3346,3598,3692,3864,3865,3738
"I00_I99","2000_2005","2006_2010",5,"koppen_major_C_EQI_Built+SM+PA+OB","1.00(1.00,1.00)","1.03(1.01,1.04)","1.04(1.03,1.05)","1.05(1.03,1.06)","1.06(1.05,1.08)","0.0002","0.0002","0.0002","0.0002","1.0003","1.0012","1.0015","1.0012",3514,3169,3365,3319,3446,3278,3625,3579
"I00_I99","2000_2005","2006_2010",5,"koppen_major_C_EQI_Social+SM+PA+OB","1.00(1.00,1.00)","1.00(0.99,1.01)","0.97(0.95,0.98)","0.95(0.94,0.97)","0.96(0.94,0.98)","0.8429","0.0002","0.0002","0.0002","1.0014","1.0013","1.0010","1.0021",3143,2846,2478,2175,3361,3520,2892,3416
"I00_I99","2000_2005","2011_2015",10,"koppen_major_C_EQI+SM+PA+OB","1.00(1.00,1.00)","1.01(1.00,1.03)","1.02(1.00,1.03)","1.02(1.01,1.04)","1.03(1.01,1.05)","0.0340","0.0181","0.0040","0.0010","1.0005","1.0015","1.0002","1.0004",2813,2171,2295,2281,3170,3175,2886,2794
"I00_I99","2000_2005","2011_2015",10,"koppen_major_C_EQI_Air+SM+PA+OB","1.00(1.00,1.00)","1.03(1.02,1.05)","1.04(1.03,1.06)","1.04(1.03,1.06)","1.05(1.04,1.07)","0.0002","0.0002","0.0002","0.0002","1.0020","1.0017","1.0018","1.0019",2909,2687,2598,2813,3688,3559,2819,3594
"I00_I99","2000_2005","2011_2015",10,"koppen_major_C_EQI_Water+SM+PA+OB","1.00(1.00,1.00)","0.99(0.97,1.00)","1.00(0.98,1.01)","1.00(0.98,1.02)","1.00(0.98,1.02)","0.0973","0.6209","0.7613","0.6792","1.0007","1.0015","1.0019","1.0014",3403,3146,3346,3318,3595,3481,3885,3045
"I00_I99","2000_2005","2011_2015",10,"koppen_major_C_EQI_Land+SM+PA+OB","1.00(1.00,1.00)","0.99(0.98,1.00)","0.99(0.97,1.00)","0.99(0.98,1.01)","1.00(0.98,1.02)","0.0285","0.0519","0.3589","0.8371","1.0013","1.0009","1.0007","1.0004",4749,4276,4309,3891,4065,3731,3923,3787
"I00_I99","2000_2005","2011_2015",10,"koppen_major_C_EQI_Built+SM+PA+OB","1.00(1.00,1.00)","1.03(1.01,1.04)","1.04(1.02,1.05)","1.05(1.03,1.06)","1.07(1.06,1.09)","0.0002","0.0002","0.0002","0.0002","1.0021","1.0004","1.0006","1.0012",3973,3668,3598,3544,3622,3656,3377,3076
"I00_I99","2000_2005","2011_2015",10,"koppen_major_C_EQI_Social+SM+PA+OB","1.00(1.00,1.00)","0.99(0.98,1.01)","0.96(0.95,0.97)","0.95(0.93,0.97)","0.94(0.92,0.96)","0.2956","0.0002","0.0002","0.0002","1.0016","1.0010","1.0014","1.0005",4318,3552,3277,3030,3562,4006,3743,3795
"I00_I99","2000_2005","2016_2020",15,"koppen_major_C_EQI+SM+PA+OB","1.00(1.00,1.00)","1.03(1.02,1.05)","1.04(1.02,1.05)","1.04(1.03,1.06)","1.05(1.03,1.07)","0.0002","0.0002","0.0002","0.0002","1.0012","1.0018","1.0032","1.0026",3481,2839,2738,2529,3414,3509,3475,3506
"I00_I99","2000_2005","2016_2020",15,"koppen_major_C_EQI_Air+SM+PA+OB","1.00(1.00,1.00)","1.02(1.00,1.04)","1.04(1.02,1.06)","1.05(1.03,1.07)","1.07(1.05,1.09)","0.0652","0.0002","0.0002","0.0002","1.0010","1.0013","1.0018","1.0003",3507,3130,2967,2866,3710,3769,3461,3230
"I00_I99","2000_2005","2016_2020",15,"koppen_major_C_EQI_Water+SM+PA+OB","1.00(1.00,1.00)","0.99(0.97,1.01)","0.99(0.97,1.01)","1.00(0.98,1.02)","1.00(0.97,1.02)","0.2431","0.4593","0.7342","0.6701","1.0015","1.0018","1.0013","1.0002",3544,3304,3254,3458,3460,3806,3979,3464
"I00_I99","2000_2005","2016_2020",15,"koppen_major_C_EQI_Land+SM+PA+OB","1.00(1.00,1.00)","0.99(0.98,1.01)","0.99(0.98,1.01)","0.99(0.97,1.00)","1.01(0.98,1.03)","0.3860","0.2010","0.1060","0.6055","0.9999","1.0010","1.0003","1.0022",6065,5359,4902,4705,4075,4185,3963,3794
"I00_I99","2000_2005","2016_2020",15,"koppen_major_C_EQI_Built+SM+PA+OB","1.00(1.00,1.00)","1.04(1.03,1.05)","1.06(1.04,1.07)","1.07(1.05,1.09)","1.09(1.07,1.11)","0.0002","0.0002","0.0002","0.0002","1.0017","1.0000","0.9999","1.0007",4593,4111,3968,3538,3697,3674,3896,3519
"I00_I99","2000_2005","2016_2020",15,"koppen_major_C_EQI_Social+SM+PA+OB","1.00(1.00,1.00)","1.01(0.99,1.02)","0.97(0.95,0.98)","0.95(0.93,0.97)","0.94(0.92,0.96)","0.3714","0.0002","0.0002","0.0002","1.0002","0.9997","1.0001","1.0002",4529,3744,3409,3110,4043,3916,3888,4194
"I00_I99","2000_2005","2021_2024",20,"koppen_major_C_EQI+SM+PA+OB","1.00(1.00,1.00)","1.01(1.00,1.03)","1.01(0.99,1.03)","1.01(0.99,1.03)","1.02(0.99,1.04)","0.1498","0.2156","0.3972","0.1898","0.9999","1.0006","1.0006","1.0028",3353,3478,3211,2548,3432,3390,3326,3405
"I00_I99","2000_2005","2021_2024",20,"koppen_major_C_EQI_Air+SM+PA+OB","1.00(1.00,1.00)","1.00(0.98,1.02)","1.01(0.99,1.03)","1.02(1.00,1.04)","1.03(1.01,1.05)","0.8817","0.1293","0.0381","0.0006","1.0011","1.0006","1.0011","1.0016",3813,3167,3215,3421,3638,3283,3541,3418
"I00_I99","2000_2005","2021_2024",20,"koppen_major_C_EQI_Water+SM+PA+OB","1.00(1.00,1.00)","0.99(0.97,1.02)","1.00(0.98,1.02)","1.00(0.98,1.02)","1.00(0.97,1.02)","0.6113","0.8300","0.9400","0.8046","0.9999","1.0001","1.0015","1.0004",3038,3243,3485,3067,2909,3471,3710,3624
"I00_I99","2000_2005","2021_2024",20,"koppen_major_C_EQI_Land+SM+PA+OB","1.00(1.00,1.00)","0.99(0.97,1.01)","0.97(0.95,0.99)","0.99(0.96,1.01)","1.01(0.98,1.03)","0.2931","0.0023","0.1723","0.6605","1.0001","1.0001","1.0004","1.0008",4371,3636,3697,3425,3153,3865,3068,3491
"I00_I99","2000_2005","2021_2024",20,"koppen_major_C_EQI_Built+SM+PA+OB","1.00(1.00,1.00)","1.01(1.00,1.03)","1.03(1.01,1.04)","1.04(1.02,1.06)","1.06(1.04,1.08)","0.1002","0.0040","0.0006","0.0002","1.0012","1.0000","1.0006","1.0017",4124,3634,3569,3622,3702,3723,3589,3319
"I00_I99","2000_2005","2021_2024",20,"koppen_major_C_EQI_Social+SM+PA+OB","1.00(1.00,1.00)","1.02(1.00,1.03)","0.98(0.96,1.00)","0.96(0.94,0.98)","0.95(0.93,0.97)","0.0506","0.0702","0.0002","0.0002","1.0016","1.0011","1.0011","1.0027",4081,3897,3048,3189,3645,3683,2953,3473
"I00_I99","2000_2005","2006_2010",5,"koppen_major_D_EQI+SM+PA+OB","1.00(1.00,1.00)","1.08(1.05,1.11)","1.10(1.07,1.12)","1.10(1.07,1.13)","1.10(1.07,1.12)","0.0002","0.0002","0.0002","0.0002","1.0005","1.0010","1.0013","1.0007",4394,3722,3210,3054,3406,3532,3659,3401
"I00_I99","2000_2005","2006_2010",5,"koppen_major_D_EQI_Air+SM+PA+OB","1.00(1.00,1.00)","1.04(1.02,1.06)","1.04(1.02,1.07)","1.03(1.00,1.06)","1.03(1.00,1.06)","0.0027","0.0010","0.0231","0.0244","1.0003","1.0012","1.0026","1.0004",5367,4674,4217,3987,3852,3627,3401,4024
"I00_I99","2000_2005","2006_2010",5,"koppen_major_D_EQI_Water+SM+PA+OB","1.00(1.00,1.00)","0.98(0.95,1.00)","1.00(0.97,1.03)","1.03(1.00,1.05)","1.02(0.99,1.05)","0.0735","0.9375","0.0431","0.1818","1.0005","1.0018","1.0008","1.0019",3726,3232,3536,3716,3669,3278,3709,3889
"I00_I99","2000_2005","2006_2010",5,"koppen_major_D_EQI_Land+SM+PA+OB","1.00(1.00,1.00)","0.99(0.96,1.02)","1.04(1.01,1.07)","1.06(1.03,1.09)","1.06(1.03,1.08)","0.5601","0.0085","0.0002","0.0010","1.0007","1.0013","1.0006","1.0015",5372,3897,3621,3506,3971,3585,3882,3843
"I00_I99","2000_2005","2006_2010",5,"koppen_major_D_EQI_Built+SM+PA+OB","1.00(1.00,1.00)","1.05(1.02,1.08)","1.05(1.02,1.07)","1.05(1.03,1.08)","1.06(1.03,1.08)","0.0002","0.0002","0.0002","0.0002","1.0001","1.0003","1.0002","1.0021",5268,4256,4054,3472,2831,4119,3854,3551
"I00_I99","2000_2005","2006_2010",5,"koppen_major_D_EQI_Social+SM+PA+OB","1.00(1.00,1.00)","0.99(0.96,1.02)","1.03(1.01,1.06)","1.04(1.01,1.07)","1.02(0.99,1.05)","0.3818","0.0160","0.0044","0.2481","1.0008","1.0009","1.0019","1.0021",5608,4044,3462,3031,4076,3753,3888,3579
"I00_I99","2000_2005","2011_2015",10,"koppen_major_D_EQI+SM+PA+OB","1.00(1.00,1.00)","1.09(1.06,1.12)","1.11(1.08,1.14)","1.11(1.09,1.14)","1.11(1.08,1.14)","0.0002","0.0002","0.0002","0.0002","1.0009","1.0009","1.0014","1.0015",4310,3693,3130,2833,3858,3585,3701,3429
"I00_I99","2000_2005","2011_2015",10,"koppen_major_D_EQI_Air+SM+PA+OB","1.00(1.00,1.00)","1.04(1.02,1.07)","1.05(1.03,1.08)","1.05(1.02,1.07)","1.04(1.01,1.07)","0.0006","0.0002","0.0006","0.0081","1.0021","1.0009","1.0007","1.0004",4603,4175,3859,3503,3675,3751,4035,3810
"I00_I99","2000_2005","2011_2015",10,"koppen_major_D_EQI_Water+SM+PA+OB","1.00(1.00,1.00)","0.96(0.93,0.99)","1.00(0.97,1.03)","1.04(1.01,1.06)","1.02(0.99,1.05)","0.0040","0.8459","0.0098","0.1718","1.0008","1.0007","1.0000","1.0002",4119,3677,3592,3089,3517,3665,3640,3393
"I00_I99","2000_2005","2011_2015",10,"koppen_major_D_EQI_Land+SM+PA+OB","1.00(1.00,1.00)","0.99(0.96,1.03)","1.04(1.01,1.07)","1.07(1.04,1.10)","1.07(1.04,1.10)","0.7130","0.0098","0.0002","0.0002","1.0003","1.0004","1.0005","0.9999",4004,3101,3095,2977,3760,3601,3399,3550
"I00_I99","2000_2005","2011_2015",10,"koppen_major_D_EQI_Built+SM+PA+OB","1.00(1.00,1.00)","1.07(1.04,1.10)","1.06(1.03,1.09)","1.07(1.04,1.09)","1.07(1.04,1.10)","0.0002","0.0002","0.0002","0.0002","1.0012","1.0004","1.0013","1.0006",4423,3682,3477,3362,3791,3360,3238,3311
"I00_I99","2000_2005","2011_2015",10,"koppen_major_D_EQI_Social+SM+PA+OB","1.00(1.00,1.00)","0.99(0.96,1.03)","1.02(1.00,1.05)","1.05(1.02,1.08)","1.01(0.98,1.04)","0.6747","0.1044","0.0015","0.3922","1.0008","1.0011","1.0021","1.0034",4510,3639,3014,2861,3993,3563,3439,3266
"I00_I99","2000_2005","2016_2020",15,"koppen_major_D_EQI+SM+PA+OB","1.00(1.00,1.00)","1.10(1.07,1.13)","1.08(1.06,1.11)","1.11(1.08,1.13)","1.12(1.09,1.15)","0.0002","0.0002","0.0002","0.0002","1.0017","1.0008","1.0008","1.0008",4349,3486,2490,2533,3586,3517,3403,3406
"I00_I99","2000_2005","2016_2020",15,"koppen_major_D_EQI_Air+SM+PA+OB","1.00(1.00,1.00)","1.06(1.03,1.08)","1.05(1.03,1.08)","1.06(1.03,1.09)","1.07(1.04,1.10)","0.0002","0.0002","0.0002","0.0002","1.0020","1.0012","1.0012","1.0022",4414,4053,3747,3331,3454,3728,3634,3382
"I00_I99","2000_2005","2016_2020",15,"koppen_major_D_EQI_Water+SM+PA+OB","1.00(1.00,1.00)","0.97(0.95,1.00)","1.01(0.98,1.04)","1.02(0.99,1.05)","1.02(0.99,1.06)","0.0756","0.3951","0.1156","0.1368","1.0025","1.0015","1.0014","1.0015",3286,3486,3560,3397,3584,3674,3671,3623
"I00_I99","2000_2005","2016_2020",15,"koppen_major_D_EQI_Land+SM+PA+OB","1.00(1.00,1.00)","1.00(0.97,1.04)","1.04(1.00,1.07)","1.06(1.03,1.09)","1.06(1.03,1.09)","0.8459","0.0206","0.0002","0.0002","1.0012","1.0002","1.0013","1.0004",4708,3243,2954,3042,3630,3444,3515,3494
"I00_I99","2000_2005","2016_2020",15,"koppen_major_D_EQI_Built+SM+PA+OB","1.00(1.00,1.00)","1.08(1.05,1.11)","1.06(1.04,1.09)","1.07(1.04,1.09)","1.07(1.05,1.10)","0.0002","0.0002","0.0002","0.0002","1.0008","0.9997","1.0005","1.0010",5227,4201,4083,3607,4219,4095,3961,3866
"I00_I99","2000_2005","2016_2020",15,"koppen_major_D_EQI_Social+SM+PA+OB","1.00(1.00,1.00)","0.96(0.93,1.00)","1.04(1.01,1.07)","1.05(1.02,1.08)","1.02(0.98,1.05)","0.0248","0.0119","0.0019","0.3443","1.0002","1.0001","1.0003","1.0006",4951,3831,3380,3194,3570,3905,3872,3615
"I00_I99","2000_2005","2021_2024",20,"koppen_major_D_EQI+SM+PA+OB","1.00(1.00,1.00)","1.04(1.00,1.07)","1.03(1.00,1.06)","1.05(1.02,1.08)","1.06(1.03,1.09)","0.0256","0.0598","0.0006","0.0002","1.0007","1.0005","1.0016","1.0009",6498,6292,4718,4387,3780,3622,3735,3755
"I00_I99","2000_2005","2021_2024",20,"koppen_major_D_EQI_Air+SM+PA+OB","1.00(1.00,1.00)","1.04(1.01,1.07)","1.03(1.00,1.06)","1.05(1.02,1.08)","1.03(1.00,1.06)","0.0181","0.0919","0.0023","0.0789","1.0005","1.0009","0.9998","1.0004",5728,5897,5322,4522,3763,3632,3930,3476
"I00_I99","2000_2005","2021_2024",20,"koppen_major_D_EQI_Water+SM+PA+OB","1.00(1.00,1.00)","0.96(0.93,0.99)","0.99(0.96,1.02)","1.04(1.01,1.07)","1.02(0.99,1.06)","0.0065","0.5838","0.0127","0.2506","1.0013","1.0016","1.0009","0.9998",5426,4845,4529,4571,3740,4128,3840,3980
"I00_I99","2000_2005","2021_2024",20,"koppen_major_D_EQI_Land+SM+PA+OB","1.00(1.00,1.00)","0.97(0.94,1.01)","1.01(0.98,1.04)","1.03(0.99,1.06)","1.03(1.00,1.06)","0.1656","0.5505","0.1156","0.0939","1.0012","1.0007","0.9998","1.0003",5768,5103,4165,4065,3429,3720,3610,3545
"I00_I99","2000_2005","2021_2024",20,"koppen_major_D_EQI_Built+SM+PA+OB","1.00(1.00,1.00)","1.02(0.99,1.05)","1.03(1.00,1.06)","1.05(1.02,1.08)","1.05(1.02,1.08)","0.2627","0.0844","0.0002","0.0019","1.0020","1.0005","1.0004","1.0031",5993,5330,4576,4379,3421,3657,3923,3520
"I00_I99","2000_2005","2021_2024",20,"koppen_major_D_EQI_Social+SM+PA+OB","1.00(1.00,1.00)","0.97(0.94,1.01)","1.01(0.97,1.04)","1.03(1.00,1.06)","1.01(0.97,1.04)","0.1698","0.7396","0.0331","0.7580","1.0006","0.9997","0.9999","1.0014",7228,5598,4472,4115,3597,3657,3447,3828
"I00_I99","2000_2005","2006_2010",5,"Economic_type_1_EQI+SM+PA+OB","1.00(1.00,1.00)","1.07(1.03,1.10)","1.07(1.03,1.11)","1.03(0.99,1.07)","1.00(0.96,1.04)","0.0002","0.0002","0.1681","0.9250","1.0014","1.0007","1.0017","1.0020",6414,5921,6187,5344,3813,3682,3520,3564
"I00_I99","2000_2005","2006_2010",5,"Economic_type_1_EQI_Air+SM+PA+OB","1.00(1.00,1.00)","1.04(1.00,1.07)","1.03(0.99,1.07)","1.02(0.97,1.06)","1.00(0.95,1.05)","0.0460","0.2006","0.4609","0.9850","1.0015","1.0008","1.0006","1.0011",9430,10093,9813,11086,3735,3577,2946,3131
"I00_I99","2000_2005","2006_2010",5,"Economic_type_1_EQI_Water+SM+PA+OB","1.00(1.00,1.00)","0.97(0.94,1.00)","1.01(0.98,1.05)","1.03(1.00,1.07)","1.02(0.98,1.06)","0.0794","0.4185","0.0714","0.3930","1.0017","1.0004","1.0017","1.0040",9139,9423,9888,8916,3522,3751,3643,3481
"I00_I99","2000_2005","2006_2010",5,"Economic_type_1_EQI_Land+SM+PA+OB","1.00(1.00,1.00)","0.97(0.94,1.01)","0.98(0.94,1.01)","1.01(0.98,1.05)","1.04(1.00,1.08)","0.1593","0.1727","0.4260","0.0285","1.0000","1.0022","1.0028","1.0007",10447,9774,7536,7612,3885,3568,4012,3930
"I00_I99","2000_2005","2006_2010",5,"Economic_type_1_EQI_Built+SM+PA+OB","1.00(1.00,1.00)","1.06(1.02,1.09)","1.04(1.01,1.08)","1.03(0.99,1.06)","1.01(0.97,1.05)","0.0002","0.0181","0.1298","0.5834","1.0004","1.0006","1.0035","1.0013",11122,10074,9906,10981,3733,3154,3411,3316
"I00_I99","2000_2005","2006_2010",5,"Economic_type_1_EQI_Social+SM+PA+OB","1.00(1.00,1.00)","1.00(0.97,1.03)","1.00(0.96,1.03)","1.02(0.99,1.06)","1.03(0.99,1.07)","0.9521","0.9263","0.1768","0.1877","1.0013","1.0022","1.0017","1.0038",9730,10144,9030,9027,3519,3798,3491,3479
"I00_I99","2000_2005","2011_2015",10,"Economic_type_1_EQI+SM+PA+OB","1.00(1.00,1.00)","1.06(1.03,1.10)","1.07(1.03,1.11)","1.03(0.98,1.07)","1.00(0.96,1.05)","0.0002","0.0002","0.1843","0.8771","1.0016","1.0016","1.0015","1.0016",5657,5652,6208,6118,3848,3794,3486,3507
"I00_I99","2000_2005","2011_2015",10,"Economic_type_1_EQI_Air+SM+PA+OB","1.00(1.00,1.00)","1.03(1.00,1.07)","1.03(0.99,1.08)","1.02(0.97,1.06)","1.00(0.95,1.05)","0.0748","0.1381","0.4664","0.9913","1.0022","1.0022","1.0015","1.0015",7264,8949,8646,9805,3732,3387,3658,3180
"I00_I99","2000_2005","2011_2015",10,"Economic_type_1_EQI_Water+SM+PA+OB","1.00(1.00,1.00)","0.97(0.93,1.00)","1.01(0.97,1.04)","1.04(1.00,1.08)","1.02(0.98,1.06)","0.0927","0.7355","0.0502","0.3643","1.0014","1.0010","1.0015","1.0004",7460,7011,7735,6691,3903,3922,3999,3616
"I00_I99","2000_2005","2011_2015",10,"Economic_type_1_EQI_Land+SM+PA+OB","1.00(1.00,1.00)","0.98(0.94,1.02)","0.97(0.94,1.01)","1.01(0.97,1.05)","1.04(1.00,1.08)","0.3122","0.1660","0.6030","0.0406","0.9997","1.0010","1.0001","1.0005",7637,8065,5940,5973,3435,3864,3799,3906
"I00_I99","2000_2005","2011_2015",10,"Economic_type_1_EQI_Built+SM+PA+OB","1.00(1.00,1.00)","1.07(1.03,1.10)","1.06(1.02,1.10)","1.04(0.99,1.08)","1.01(0.96,1.05)","0.0002","0.0056","0.0948","0.7076","1.0039","1.0004","1.0005","1.0006",8954,8813,8287,10512,3403,3654,3907,3296
"I00_I99","2000_2005","2011_2015",10,"Economic_type_1_EQI_Social+SM+PA+OB","1.00(1.00,1.00)","1.00(0.97,1.04)","0.99(0.95,1.03)","1.03(1.00,1.07)","1.03(0.99,1.08)","0.7942","0.6930","0.0810","0.1281","1.0008","1.0017","1.0002","1.0055",7882,7627,7464,8654,3441,3663,4226,3770
"I00_I99","2000_2005","2016_2020",15,"Economic_type_1_EQI+SM+PA+OB","1.00(1.00,1.00)","1.09(1.05,1.12)","1.07(1.03,1.11)","1.03(0.99,1.08)","1.00(0.95,1.05)","0.0002","0.0006","0.1094","0.9400","1.0010","1.0005","1.0014","1.0023",7312,6327,8743,7109,3454,3552,3759,3401
"I00_I99","2000_2005","2016_2020",15,"Economic_type_1_EQI_Air+SM+PA+OB","1.00(1.00,1.00)","1.04(1.00,1.08)","1.04(1.00,1.08)","1.02(0.97,1.06)","1.00(0.95,1.05)","0.0489","0.0681","0.4439","0.9929","1.0005","1.0032","1.0013","1.0005",7573,9480,8970,9112,4155,3964,3004,3862
"I00_I99","2000_2005","2016_2020",15,"Economic_type_1_EQI_Water+SM+PA+OB","1.00(1.00,1.00)","0.97(0.94,1.01)","1.04(1.00,1.07)","1.03(0.99,1.07)","1.02(0.98,1.06)","0.1510","0.0748","0.1518","0.3168","1.0024","1.0005","0.9996","1.0025",7164,8109,6914,7760,3758,4031,3488,3968
"I00_I99","2000_2005","2016_2020",15,"Economic_type_1_EQI_Land+SM+PA+OB","1.00(1.00,1.00)","0.99(0.95,1.04)","0.98(0.95,1.02)","1.01(0.98,1.05)","1.04(1.00,1.08)","0.7709","0.4035","0.4918","0.0623","1.0000","1.0031","1.0016","1.0008",8563,9815,7422,6917,3355,3941,4094,3978
"I00_I99","2000_2005","2016_2020",15,"Economic_type_1_EQI_Built+SM+PA+OB","1.00(1.00,1.00)","1.08(1.04,1.11)","1.07(1.03,1.11)","1.02(0.98,1.07)","1.03(0.98,1.08)","0.0002","0.0010","0.2868","0.1860","1.0027","1.0024","1.0011","1.0010",8059,10219,8699,8973,3630,3466,3286,3342
"I00_I99","2000_2005","2016_2020",15,"Economic_type_1_EQI_Social+SM+PA+OB","1.00(1.00,1.00)","1.01(0.97,1.05)","1.01(0.97,1.05)","1.03(0.99,1.07)","1.03(0.99,1.08)","0.5647","0.6401","0.1135","0.1139","1.0000","1.0006","1.0018","1.0013",8922,7336,7739,7417,3821,3642,3636,3620
"I00_I99","2000_2005","2021_2024",20,"Economic_type_1_EQI+SM+PA+OB","1.00(1.00,1.00)","1.04(1.00,1.07)","1.03(0.99,1.07)","1.01(0.97,1.05)","1.00(0.96,1.04)","0.0427","0.1060","0.5601","0.9808","1.0000","1.0009","1.0005","1.0028",7433,7085,6538,7202,3669,3311,3577,3731
"I00_I99","2000_2005","2021_2024",20,"Economic_type_1_EQI_Air+SM+PA+OB","1.00(1.00,1.00)","1.02(0.98,1.06)","1.02(0.98,1.06)","1.01(0.96,1.05)","1.00(0.96,1.04)","0.3226","0.2976","0.8080","0.9913","1.0024","1.0010","1.0012","1.0003",6342,6080,6754,8381,3078,3797,3324,3339
"I00_I99","2000_2005","2021_2024",20,"Economic_type_1_EQI_Water+SM+PA+OB","1.00(1.00,1.00)","0.97(0.94,1.01)","1.02(0.98,1.06)","1.02(0.98,1.06)","1.01(0.97,1.04)","0.0939","0.2727","0.2652","0.7634","1.0017","1.0007","1.0022","1.0016",6495,6319,7355,7238,3493,3943,3192,3377
"I00_I99","2000_2005","2021_2024",20,"Economic_type_1_EQI_Land+SM+PA+OB","1.00(1.00,1.00)","1.00(0.96,1.04)","1.01(0.97,1.05)","1.00(0.96,1.03)","1.00(0.97,1.04)","0.9967","0.5847","0.8425","0.9438","1.0010","0.9997","1.0012","1.0003",6101,5674,6189,4935,3411,3483,3559,3528
"I00_I99","2000_2005","2021_2024",20,"Economic_type_1_EQI_Built+SM+PA+OB","1.00(1.00,1.00)","1.03(0.99,1.06)","1.03(0.99,1.06)","1.01(0.98,1.05)","1.00(0.96,1.04)","0.1131","0.1473","0.4655","0.8221","1.0025","1.0011","1.0024","1.0009",6829,6586,6489,7684,3433,2831,3334,3585
"I00_I99","2000_2005","2021_2024",20,"Economic_type_1_EQI_Social+SM+PA+OB","1.00(1.00,1.00)","0.99(0.95,1.03)","0.98(0.95,1.02)","1.02(0.98,1.05)","1.01(0.97,1.05)","0.5626","0.3664","0.3893","0.4734","1.0006","1.0021","1.0016","0.9998",6687,5818,6511,6092,3544,3233,3901,3529
"I00_I99","2000_2005","2006_2010",5,"Economic_type_2_EQI+SM+PA+OB","1.00(1.00,1.00)","1.04(1.01,1.07)","1.02(0.99,1.05)","1.00(0.97,1.03)","1.00(0.97,1.04)","0.0048","0.1148","0.8767","0.8917","1.0012","1.0016","1.0000","1.0010",4745,5729,5937,5629,3583,3861,3823,3616
"I00_I99","2000_2005","2006_2010",5,"Economic_type_2_EQI_Air+SM+PA+OB","1.00(1.00,1.00)","1.01(0.98,1.04)","1.03(1.00,1.06)","1.01(0.98,1.04)","1.01(0.97,1.04)","0.5468","0.0927","0.6113","0.7346","1.0024","1.0009","1.0006","1.0006",5160,5658,5719,7053,3325,3594,3538,3673
"I00_I99","2000_2005","2006_2010",5,"Economic_type_2_EQI_Water+SM+PA+OB","1.00(1.00,1.00)","1.02(0.99,1.05)","1.00(0.97,1.03)","1.00(0.97,1.03)","1.00(0.97,1.03)","0.2981","0.9525","0.7984","0.8550","1.0005","1.0007","1.0015","1.0005",4895,6381,5059,5650,3525,3718,3388,3701
"I00_I99","2000_2005","2006_2010",5,"Economic_type_2_EQI_Land+SM+PA+OB","1.00(1.00,1.00)","1.01(0.98,1.05)","1.00(0.97,1.03)","0.99(0.96,1.02)","1.00(0.97,1.03)","0.3439","0.8979","0.6884","0.9950","1.0022","1.0028","1.0012","1.0001",5344,4818,6232,5946,3960,3704,3341,3713
"I00_I99","2000_2005","2006_2010",5,"Economic_type_2_EQI_Built+SM+PA+OB","1.00(1.00,1.00)","1.01(0.98,1.04)","1.01(0.98,1.04)","1.02(0.98,1.05)","1.01(0.98,1.04)","0.7388","0.6109","0.3193","0.5751","0.9995","1.0010","1.0027","1.0006",6677,5521,5730,5786,4129,3731,3674,3641
"I00_I99","2000_2005","2006_2010",5,"Economic_type_2_EQI_Social+SM+PA+OB","1.00(1.00,1.00)","1.03(1.00,1.06)","1.01(0.98,1.04)","0.99(0.96,1.02)","1.01(0.97,1.04)","0.0985","0.6855","0.6184","0.7001","1.0017","1.0009","1.0006","1.0022",6360,5715,5016,6694,3420,3638,3579,3710
"I00_I99","2000_2005","2011_2015",10,"Economic_type_2_EQI+SM+PA+OB","1.00(1.00,1.00)","1.05(1.02,1.08)","1.02(0.99,1.05)","1.01(0.97,1.04)","1.01(0.97,1.04)","0.0023","0.2677","0.6242","0.7538","1.0022","1.0014","1.0000","1.0001",8431,7448,9334,9347,3809,3373,3530,3674
"I00_I99","2000_2005","2011_2015",10,"Economic_type_2_EQI_Air+SM+PA+OB","1.00(1.00,1.00)","1.02(0.99,1.06)","1.03(1.00,1.06)","1.01(0.98,1.05)","1.00(0.97,1.04)","0.1623","0.0769","0.4526","0.8813","1.0015","0.9998","1.0008","1.0024",5701,4983,5325,5866,3566,3486,4125,3533
"I00_I99","2000_2005","2011_2015",10,"Economic_type_2_EQI_Water+SM+PA+OB","1.00(1.00,1.00)","1.00(0.97,1.04)","1.00(0.96,1.03)","1.01(0.97,1.04)","1.01(0.98,1.05)","0.8479","0.7825","0.7259","0.4114","1.0003","1.0002","1.0004","1.0019",3789,4652,4267,3413,3633,3454,3838,3152
"I00_I99","2000_2005","2011_2015",10,"Economic_type_2_EQI_Land+SM+PA+OB","1.00(1.00,1.00)","1.04(1.01,1.07)","0.99(0.96,1.02)","0.99(0.96,1.03)","1.00(0.96,1.04)","0.0181","0.5309","0.6705","0.9879","0.9999","1.0016","1.0019","1.0007",5298,4191,5308,4320,3566,3368,3185,3353
"I00_I99","2000_2005","2011_2015",10,"Economic_type_2_EQI_Built+SM+PA+OB","1.00(1.00,1.00)","1.00(0.97,1.04)","1.02(0.99,1.06)","1.02(0.98,1.05)","1.02(0.98,1.05)","0.8013","0.1698","0.3060","0.3135","1.0005","1.0010","1.0014","1.0016",4941,4945,4261,5019,3417,3538,3354,3819
"I00_I99","2000_2005","2011_2015",10,"Economic_type_2_EQI_Social+SM+PA+OB","1.00(1.00,1.00)","1.00(0.97,1.03)","1.00(0.97,1.03)","1.00(0.96,1.03)","1.01(0.97,1.04)","0.8617","0.9804","0.9833","0.7301","1.0004","1.0022","1.0019","0.9998",5909,5369,5410,5571,4003,3895,3653,3470
"I00_I99","2000_2005","2016_2020",15,"Economic_type_2_EQI+SM+PA+OB","1.00(1.00,1.00)","1.04(1.01,1.07)","1.02(0.99,1.05)","1.01(0.98,1.05)","1.00(0.96,1.04)","0.0152","0.2672","0.5234","0.9321","1.0009","1.0002","1.0006","1.0037",8328,8510,6864,8792,3837,3313,3328,3797
"I00_I99","2000_2005","2016_2020",15,"Economic_type_2_EQI_Air+SM+PA+OB","1.00(1.00,1.00)","1.00(0.97,1.04)","1.03(0.99,1.06)","1.01(0.98,1.05)","1.01(0.97,1.05)","0.7992","0.1064","0.4080","0.7546","1.0018","1.0018","1.0034","1.0003",7517,6659,7590,7383,3526,3378,3531,3166
"I00_I99","2000_2005","2016_2020",15,"Economic_type_2_EQI_Water+SM+PA+OB","1.00(1.00,1.00)","1.00(0.97,1.04)","0.99(0.96,1.03)","1.01(0.98,1.05)","1.01(0.97,1.04)","0.8575","0.6896","0.5488","0.7663","1.0021","1.0010","1.0015","1.0012",5976,7176,7656,5614,3541,3387,3500,3131
"I00_I99","2000_2005","2016_2020",15,"Economic_type_2_EQI_Land+SM+PA+OB","1.00(1.00,1.00)","1.03(1.00,1.06)","0.99(0.96,1.03)","0.99(0.95,1.02)","1.00(0.96,1.04)","0.0889","0.7234","0.4255","0.8734","1.0018","1.0012","1.0025","0.9998",6273,6492,7184,7453,3633,3135,3622,3846
"I00_I99","2000_2005","2016_2020",15,"Economic_type_2_EQI_Built+SM+PA+OB","1.00(1.00,1.00)","1.02(0.98,1.05)","1.01(0.97,1.04)","1.03(1.00,1.07)","1.02(0.98,1.05)","0.3568","0.7576","0.0769","0.3043","1.0022","1.0026","1.0006","1.0004",6573,6681,7150,5993,3185,3279,3657,3459
"I00_I99","2000_2005","2016_2020",15,"Economic_type_2_EQI_Social+SM+PA+OB","1.00(1.00,1.00)","1.01(0.98,1.05)","1.00(0.97,1.04)","1.00(0.96,1.04)","1.00(0.97,1.04)","0.4572","0.8679","0.9688","0.7917","1.0015","1.0008","1.0011","1.0007",6751,7042,6705,7693,3234,3874,3565,3173
"I00_I99","2000_2005","2021_2024",20,"Economic_type_2_EQI+SM+PA+OB","1.00(1.00,1.00)","1.02(0.99,1.05)","1.01(0.98,1.04)","1.01(0.98,1.04)","1.00(0.97,1.03)","0.1752","0.6551","0.6288","0.9371","1.0005","1.0025","1.0028","1.0026",12775,10380,10114,12284,3450,3485,3340,3462
"I00_I99","2000_2005","2021_2024",20,"Economic_type_2_EQI_Air+SM+PA+OB","1.00(1.00,1.00)","1.01(0.98,1.04)","1.01(0.98,1.04)","1.01(0.98,1.04)","1.00(0.97,1.03)","0.7076","0.5293","0.5555","0.8284","1.0046","1.0032","1.0005","1.0013",9308,8082,11886,10737,3378,3488,3521,3564
"I00_I99","2000_2005","2021_2024",20,"Economic_type_2_EQI_Water+SM+PA+OB","1.00(1.00,1.00)","1.01(0.98,1.04)","1.00(0.97,1.03)","1.00(0.97,1.03)","0.99(0.97,1.02)","0.4147","0.9225","0.9313","0.7201","1.0016","1.0003","1.0042","1.0014",11358,11071,8932,10015,3622,3533,3419,3473
"I00_I99","2000_2005","2021_2024",20,"Economic_type_2_EQI_Land+SM+PA+OB","1.00(1.00,1.00)","1.02(0.99,1.05)","1.00(0.97,1.03)","1.00(0.97,1.03)","1.00(0.97,1.03)","0.1589","0.8034","0.9150","0.8150","1.0030","1.0024","0.9996","1.0015",10097,8341,9491,10515,3488,3287,3331,3337
"I00_I99","2000_2005","2021_2024",20,"Economic_type_2_EQI_Built+SM+PA+OB","1.00(1.00,1.00)","1.00(0.97,1.03)","1.00(0.97,1.03)","1.01(0.98,1.04)","1.01(0.98,1.04)","0.9188","0.9933","0.4085","0.4030","1.0021","1.0003","1.0034","1.0021",9716,8846,10803,11431,3486,3272,3092,3477
"I00_I99","2000_2005","2021_2024",20,"Economic_type_2_EQI_Social+SM+PA+OB","1.00(1.00,1.00)","1.01(0.98,1.04)","0.99(0.96,1.03)","1.00(0.97,1.03)","1.00(0.97,1.03)","0.5372","0.7167","0.9213","0.9704","1.0019","1.0014","1.0013","1.0042",10325,9707,12258,10009,3466,3416,3627,3205
"I00_I99","2000_2005","2006_2010",5,"Economic_type_3_EQI+SM+PA+OB","1.00(1.00,1.00)","1.01(1.00,1.03)","1.00(0.99,1.02)","1.00(0.99,1.02)","1.01(0.99,1.03)","0.1164","0.5601","0.7563","0.1856","1.0008","1.0008","1.0011","1.0011",3438,2768,2633,2565,3551,3175,3453,3019
"I00_I99","2000_2005","2006_2010",5,"Economic_type_3_EQI_Air+SM+PA+OB","1.00(1.00,1.00)","1.01(0.99,1.03)","1.03(1.01,1.05)","1.03(1.01,1.05)","1.03(1.01,1.05)","0.4584","0.0094","0.0031","0.0019","1.0012","1.0014","1.0028","1.0022",3062,2558,2420,2485,3565,3263,3191,2893
"I00_I99","2000_2005","2006_2010",5,"Economic_type_3_EQI_Water+SM+PA+OB","1.00(1.00,1.00)","1.01(0.99,1.03)","1.00(0.98,1.02)","0.99(0.97,1.01)","0.98(0.96,1.01)","0.4584","0.7326","0.2918","0.1906","1.0043","1.0023","1.0024","1.0022",2926,2958,2923,3331,3360,3518,3412,4220
"I00_I99","2000_2005","2006_2010",5,"Economic_type_3_EQI_Land+SM+PA+OB","1.00(1.00,1.00)","1.00(0.98,1.02)","1.00(0.98,1.02)","1.01(0.99,1.03)","0.99(0.97,1.01)","0.8913","0.9142","0.3164","0.4776","1.0003","1.0009","1.0014","1.0006",3953,3546,3285,3274,3577,3030,3569,3520
"I00_I99","2000_2005","2006_2010",5,"Economic_type_3_EQI_Built+SM+PA+OB","1.00(1.00,1.00)","1.02(1.01,1.04)","1.03(1.02,1.05)","1.03(1.02,1.05)","1.03(1.01,1.05)","0.0044","0.0002","0.0002","0.0035","1.0017","1.0004","1.0011","1.0006",4060,3928,3393,4102,4350,3729,3498,3696
"I00_I99","2000_2005","2006_2010",5,"Economic_type_3_EQI_Social+SM+PA+OB","1.00(1.00,1.00)","1.00(0.99,1.02)","0.99(0.97,1.01)","0.98(0.96,0.99)","0.96(0.94,0.98)","0.6438","0.1710","0.0081","0.0002","1.0000","1.0005","1.0000","1.0002",4700,3704,3345,2766,3804,4065,3977,3661
"I00_I99","2000_2005","2011_2015",10,"Economic_type_3_EQI+SM+PA+OB","1.00(1.00,1.00)","1.02(1.00,1.04)","1.00(0.98,1.02)","1.01(0.99,1.02)","1.01(0.99,1.03)","0.0885","0.7855","0.6022","0.2214","1.0017","1.0014","1.0010","1.0008",4209,2971,2456,2392,3500,3013,3232,3520
"I00_I99","2000_2005","2011_2015",10,"Economic_type_3_EQI_Air+SM+PA+OB","1.00(1.00,1.00)","1.01(0.99,1.03)","1.02(1.00,1.04)","1.03(1.01,1.05)","1.03(1.01,1.05)","0.2976","0.0419","0.0144","0.0110","1.0028","1.0036","1.0035","1.0036",2808,2443,2302,2402,3580,3225,3192,2865
"I00_I99","2000_2005","2011_2015",10,"Economic_type_3_EQI_Water+SM+PA+OB","1.00(1.00,1.00)","0.98(0.96,1.00)","0.99(0.97,1.01)","1.00(0.98,1.03)","0.97(0.95,1.00)","0.1131","0.5089","0.7359","0.0215","1.0007","1.0020","1.0022","1.0013",3062,2600,2732,3046,3478,3101,2874,3739
"I00_I99","2000_2005","2011_2015",10,"Economic_type_3_EQI_Land+SM+PA+OB","1.00(1.00,1.00)","0.99(0.97,1.00)","1.00(0.98,1.02)","1.01(0.99,1.03)","1.00(0.98,1.02)","0.1552","0.8892","0.1977","0.8367","1.0023","1.0011","1.0021","1.0006",4248,3408,3049,3352,3854,3647,3190,3690
"I00_I99","2000_2005","2011_2015",10,"Economic_type_3_EQI_Built+SM+PA+OB","1.00(1.00,1.00)","1.02(1.01,1.04)","1.03(1.01,1.04)","1.03(1.01,1.04)","1.04(1.02,1.07)","0.0044","0.0023","0.0044","0.0002","1.0019","1.0017","1.0012","1.0019",3564,2974,2873,3376,3394,3446,3342,3504
"I00_I99","2000_2005","2011_2015",10,"Economic_type_3_EQI_Social+SM+PA+OB","1.00(1.00,1.00)","1.00(0.98,1.02)","0.99(0.97,1.01)","0.97(0.95,0.99)","0.95(0.93,0.98)","0.7638","0.1968","0.0023","0.0006","1.0006","1.0026","1.0025","1.0028",3864,2752,2634,2333,3369,3353,3305,2946
"I00_I99","2000_2005","2016_2020",15,"Economic_type_3_EQI+SM+PA+OB","1.00(1.00,1.00)","1.01(0.99,1.03)","1.00(0.98,1.02)","1.01(0.99,1.03)","1.03(1.01,1.05)","0.3585","0.9683","0.2331","0.0169","1.0017","1.0004","1.0010","1.0005",2906,2581,2570,2506,3707,3552,2836,2556
"I00_I99","2000_2005","2016_2020",15,"Economic_type_3_EQI_Air+SM+PA+OB","1.00(1.00,1.00)","0.99(0.97,1.02)","1.02(1.00,1.04)","1.03(1.01,1.05)","1.04(1.02,1.06)","0.5743","0.0419","0.0156","0.0015","1.0022","1.0016","1.0020","1.0016",2971,2487,2353,2475,3274,3032,3232,3374
"I00_I99","2000_2005","2016_2020",15,"Economic_type_3_EQI_Water+SM+PA+OB","1.00(1.00,1.00)","0.97(0.95,0.99)","0.99(0.97,1.01)","1.00(0.97,1.02)","0.98(0.95,1.00)","0.0085","0.4010","0.7488","0.0435","1.0019","1.0023","1.0018","1.0007",3143,2765,2849,3199,3415,3517,3192,3443
"I00_I99","2000_2005","2016_2020",15,"Economic_type_3_EQI_Land+SM+PA+OB","1.00(1.00,1.00)","1.00(0.98,1.01)","0.99(0.98,1.01)","1.01(0.99,1.03)","1.00(0.97,1.02)","0.8150","0.5559","0.3026","0.6655","1.0012","1.0002","1.0001","0.9998",4391,3739,3569,3596,3948,3824,3677,3758
"I00_I99","2000_2005","2016_2020",15,"Economic_type_3_EQI_Built+SM+PA+OB","1.00(1.00,1.00)","1.02(1.00,1.04)","1.03(1.01,1.05)","1.04(1.02,1.06)","1.06(1.04,1.08)","0.0165","0.0002","0.0002","0.0002","1.0007","0.9999","0.9999","1.0013",4230,3719,3506,3965,4191,4126,3252,3760
"I00_I99","2000_2005","2016_2020",15,"Economic_type_3_EQI_Social+SM+PA+OB","1.00(1.00,1.00)","0.99(0.98,1.01)","0.98(0.96,1.00)","0.96(0.94,0.98)","0.95(0.93,0.98)","0.4964","0.0564","0.0002","0.0002","1.0004","1.0022","1.0018","1.0014",3945,2600,2490,2419,3339,3166,3551,3395
"I00_I99","2000_2005","2021_2024",20,"Economic_type_3_EQI+SM+PA+OB","1.00(1.00,1.00)","0.99(0.97,1.02)","0.99(0.97,1.01)","1.00(0.98,1.02)","1.02(1.00,1.04)","0.5488","0.3785","0.8829","0.1189","0.9999","1.0015","0.9999","1.0003",5453,5095,4591,3882,3328,3928,3876,3518
"I00_I99","2000_2005","2021_2024",20,"Economic_type_3_EQI_Air+SM+PA+OB","1.00(1.00,1.00)","0.98(0.96,1.01)","1.01(0.99,1.04)","1.02(1.00,1.04)","1.03(1.01,1.05)","0.1839","0.2052","0.1060","0.0135","1.0025","1.0009","1.0005","1.0006",5954,5739,4895,4700,3751,3918,4151,3334
"I00_I99","2000_2005","2021_2024",20,"Economic_type_3_EQI_Water+SM+PA+OB","1.00(1.00,1.00)","0.98(0.96,1.01)","1.00(0.98,1.02)","1.01(0.98,1.03)","0.99(0.96,1.02)","0.1144","0.9283","0.5126","0.4459","1.0012","1.0000","1.0009","1.0002",5661,5704,5499,5295,3633,4044,3371,3766
"I00_I99","2000_2005","2021_2024",20,"Economic_type_3_EQI_Land+SM+PA+OB","1.00(1.00,1.00)","1.00(0.98,1.02)","0.98(0.96,1.01)","0.99(0.97,1.02)","0.99(0.97,1.02)","0.6801","0.1418","0.5718","0.5880","0.9997","1.0016","1.0009","1.0006",6258,5459,5235,5552,3293,3817,3700,3503
"I00_I99","2000_2005","2021_2024",20,"Economic_type_3_EQI_Built+SM+PA+OB","1.00(1.00,1.00)","1.00(0.98,1.02)","1.01(0.99,1.03)","1.02(1.00,1.05)","1.03(1.01,1.06)","0.7663","0.5368","0.0198","0.0152","1.0035","1.0001","1.0016","1.0003",6591,6056,5880,6065,3661,3869,3973,3914
"I00_I99","2000_2005","2021_2024",20,"Economic_type_3_EQI_Social+SM+PA+OB","1.00(1.00,1.00)","1.01(0.99,1.03)","0.99(0.97,1.02)","0.98(0.95,1.00)","0.97(0.95,1.00)","0.4035","0.6038","0.0277","0.0281","0.9997","1.0016","1.0008","1.0006",7629,6068,4851,4985,3600,3589,3758,4130
"I00_I99","2000_2005","2006_2010",5,"Economic_type_4_EQI+SM+PA+OB","1.00(1.00,1.00)","1.01(0.98,1.03)","1.04(1.01,1.06)","1.02(1.00,1.05)","1.01(0.98,1.04)","0.6809","0.0027","0.1194","0.4364","1.0007","1.0005","1.0000","1.0007",4317,3917,4028,3133,4004,3755,3937,3448
"I00_I99","2000_2005","2006_2010",5,"Economic_type_4_EQI_Air+SM+PA+OB","1.00(1.00,1.00)","1.06(1.03,1.08)","1.03(1.01,1.06)","1.02(0.99,1.04)","1.05(1.02,1.07)","0.0002","0.0173","0.1177","0.0010","1.0003","1.0014","1.0008","1.0012",4530,4122,3470,3493,3860,3873,3472,3411
"I00_I99","2000_2005","2006_2010",5,"Economic_type_4_EQI_Water+SM+PA+OB","1.00(1.00,1.00)","0.99(0.97,1.02)","0.99(0.96,1.02)","0.99(0.96,1.02)","0.98(0.96,1.01)","0.7188","0.5676","0.5793","0.2285","1.0000","1.0002","1.0009","1.0007",4715,3912,3451,3557,3897,3696,2819,3154
"I00_I99","2000_2005","2006_2010",5,"Economic_type_4_EQI_Land+SM+PA+OB","1.00(1.00,1.00)","1.00(0.97,1.02)","1.01(0.98,1.03)","1.01(0.98,1.03)","1.00(0.97,1.03)","0.8429","0.6205","0.6292","0.9379","1.0002","1.0005","1.0003","0.9997",5399,4837,4425,4421,3760,3563,4076,4059
"I00_I99","2000_2005","2006_2010",5,"Economic_type_4_EQI_Built+SM+PA+OB","1.00(1.00,1.00)","1.01(0.98,1.03)","1.01(0.99,1.04)","1.02(1.00,1.05)","1.03(1.01,1.06)","0.5668","0.3335","0.0994","0.0160","0.9995","1.0004","1.0010","1.0007",4401,4486,4105,3900,3759,3293,3601,3523
"I00_I99","2000_2005","2006_2010",5,"Economic_type_4_EQI_Social+SM+PA+OB","1.00(1.00,1.00)","1.04(1.02,1.06)","0.99(0.97,1.02)","0.99(0.96,1.02)","0.99(0.96,1.01)","0.0006","0.6151","0.3880","0.3131","1.0019","1.0018","1.0005","1.0013",4059,3822,4543,3871,3594,3542,3616,3506
"I00_I99","2000_2005","2011_2015",10,"Economic_type_4_EQI+SM+PA+OB","1.00(1.00,1.00)","1.00(0.97,1.03)","1.03(1.01,1.06)","1.02(1.00,1.05)","1.01(0.98,1.04)","0.9996","0.0135","0.1210","0.3518","1.0007","1.0013","1.0014","1.0007",4695,4286,3737,3238,3779,3599,3578,3506
"I00_I99","2000_2005","2011_2015",10,"Economic_type_4_EQI_Air+SM+PA+OB","1.00(1.00,1.00)","1.06(1.03,1.09)","1.03(1.01,1.06)","1.03(1.00,1.05)","1.06(1.03,1.08)","0.0002","0.0102","0.0506","0.0002","0.9998","1.0011","1.0015","1.0028",4859,4243,4066,3779,3642,3357,3851,3786
"I00_I99","2000_2005","2011_2015",10,"Economic_type_4_EQI_Water+SM+PA+OB","1.00(1.00,1.00)","1.00(0.97,1.03)","0.99(0.96,1.02)","0.99(0.96,1.02)","0.98(0.95,1.01)","0.8713","0.4793","0.3905","0.2618","1.0005","1.0016","1.0000","1.0004",5134,4466,4309,3600,3746,3690,3665,3709
"I00_I99","2000_2005","2011_2015",10,"Economic_type_4_EQI_Land+SM+PA+OB","1.00(1.00,1.00)","0.97(0.94,0.99)","0.99(0.96,1.02)","1.00(0.97,1.03)","0.99(0.96,1.03)","0.0131","0.5080","0.9604","0.7051","0.9996","1.0001","1.0006","1.0003",5628,4778,4932,4904,3835,3817,3588,3683
"I00_I99","2000_2005","2011_2015",10,"Economic_type_4_EQI_Built+SM+PA+OB","1.00(1.00,1.00)","1.01(0.98,1.03)","1.01(0.98,1.03)","1.03(1.01,1.06)","1.04(1.01,1.07)","0.5493","0.6555","0.0148","0.0035","1.0014","1.0020","1.0001","1.0014",4446,4231,4428,4517,3621,3661,3936,3892
"I00_I99","2000_2005","2011_2015",10,"Economic_type_4_EQI_Social+SM+PA+OB","1.00(1.00,1.00)","1.03(1.01,1.05)","0.98(0.95,1.01)","0.99(0.96,1.01)","0.97(0.94,1.00)","0.0177","0.1318","0.3143","0.0652","1.0007","1.0006","1.0013","1.0003",4531,4577,4669,3653,3214,3272,3606,3161
"I00_I99","2000_2005","2016_2020",15,"Economic_type_4_EQI+SM+PA+OB","1.00(1.00,1.00)","1.03(1.00,1.06)","1.03(1.01,1.06)","1.03(1.00,1.06)","1.03(1.00,1.06)","0.0256","0.0219","0.0689","0.0889","1.0008","1.0009","0.9998","1.0002",4606,4018,4069,3768,3578,3536,3865,3500
"I00_I99","2000_2005","2016_2020",15,"Economic_type_4_EQI_Air+SM+PA+OB","1.00(1.00,1.00)","1.03(1.00,1.06)","1.04(1.01,1.07)","1.04(1.01,1.07)","1.07(1.04,1.10)","0.0360","0.0094","0.0027","0.0006","1.0003","0.9996","1.0011","1.0007",4980,5074,3952,3829,3612,3590,3642,3699
"I00_I99","2000_2005","2016_2020",15,"Economic_type_4_EQI_Water+SM+PA+OB","1.00(1.00,1.00)","0.99(0.96,1.02)","0.98(0.95,1.01)","0.99(0.96,1.02)","0.99(0.96,1.02)","0.5243","0.1173","0.6676","0.4843","1.0002","1.0009","1.0011","0.9995",4961,4418,4630,4228,3959,3213,3535,3922
"I00_I99","2000_2005","2016_2020",15,"Economic_type_4_EQI_Land+SM+PA+OB","1.00(1.00,1.00)","0.96(0.93,0.98)","0.99(0.96,1.02)","1.00(0.97,1.03)","1.00(0.97,1.04)","0.0006","0.4414","0.8209","0.8380","1.0009","1.0005","1.0007","1.0011",5285,5283,4866,4640,3433,3783,3638,4318
"I00_I99","2000_2005","2016_2020",15,"Economic_type_4_EQI_Built+SM+PA+OB","1.00(1.00,1.00)","1.01(0.98,1.04)","1.04(1.01,1.07)","1.03(1.00,1.06)","1.05(1.02,1.08)","0.4459","0.0035","0.0285","0.0023","1.0014","1.0004","1.0013","1.0002",5078,4601,4196,3843,3834,3584,3565,3476
"I00_I99","2000_2005","2016_2020",15,"Economic_type_4_EQI_Social+SM+PA+OB","1.00(1.00,1.00)","1.04(1.01,1.06)","1.00(0.97,1.03)","0.98(0.95,1.01)","0.97(0.94,1.01)","0.0060","0.9979","0.1410","0.1127","1.0009","1.0011","0.9998","1.0011",4900,5191,4966,4594,3735,4035,3466,3347
"I00_I99","2000_2005","2021_2024",20,"Economic_type_4_EQI+SM+PA+OB","1.00(1.00,1.00)","1.01(0.98,1.04)","1.02(0.99,1.05)","1.01(0.98,1.04)","1.01(0.97,1.04)","0.4955","0.1498","0.6759","0.7180","1.0001","1.0017","1.0003","1.0005",6290,6470,5690,5572,3668,3596,3327,3614
"I00_I99","2000_2005","2021_2024",20,"Economic_type_4_EQI_Air+SM+PA+OB","1.00(1.00,1.00)","1.01(0.98,1.04)","1.01(0.98,1.04)","1.02(0.99,1.05)","1.04(1.00,1.07)","0.6659","0.5472","0.3006","0.0256","1.0014","0.9994","1.0009","1.0013",5823,5845,5569,5004,3553,3949,3551,3809
"I00_I99","2000_2005","2021_2024",20,"Economic_type_4_EQI_Water+SM+PA+OB","1.00(1.00,1.00)","1.00(0.97,1.03)","1.00(0.97,1.03)","1.00(0.97,1.03)","0.99(0.96,1.02)","0.8209","0.8188","0.9608","0.3805","1.0011","0.9999","1.0004","1.0013",5146,4802,5841,4639,3487,3336,3867,3848
"I00_I99","2000_2005","2021_2024",20,"Economic_type_4_EQI_Land+SM+PA+OB","1.00(1.00,1.00)","0.98(0.95,1.01)","1.00(0.97,1.03)","0.99(0.96,1.02)","1.00(0.97,1.03)","0.1506","0.9992","0.4739","0.8671","1.0003","1.0018","1.0003","1.0019",5188,6130,5588,4633,3483,3734,3621,3694
"I00_I99","2000_2005","2021_2024",20,"Economic_type_4_EQI_Built+SM+PA+OB","1.00(1.00,1.00)","1.00(0.97,1.03)","1.00(0.97,1.03)","1.02(0.99,1.05)","1.03(1.00,1.06)","0.8796","0.7975","0.2547","0.0727","1.0007","0.9999","1.0012","1.0015",5405,6396,5321,4894,3756,3796,3814,3325
"I00_I99","2000_2005","2021_2024",20,"Economic_type_4_EQI_Social+SM+PA+OB","1.00(1.00,1.00)","1.03(1.00,1.06)","1.01(0.98,1.04)","0.99(0.96,1.03)","0.98(0.95,1.01)","0.0231","0.6955","0.6722","0.1731","1.0005","1.0000","1.0020","0.9998",6081,5436,5600,4742,3841,3407,3604,3435
"I00_I99","2000_2005","2006_2010",5,"Economic_type_5_EQI+SM+PA+OB","1.00(1.00,1.00)","1.00(0.97,1.04)","0.98(0.95,1.01)","1.03(1.00,1.06)","1.06(1.03,1.09)","0.7930","0.1260","0.0327","0.0002","1.0003","1.0013","1.0001","1.0011",4621,4576,3899,3183,3553,4224,3958,3402
"I00_I99","2000_2005","2006_2010",5,"Economic_type_5_EQI_Air+SM+PA+OB","1.00(1.00,1.00)","1.03(1.00,1.07)","1.03(1.00,1.07)","1.02(0.99,1.06)","1.09(1.06,1.13)","0.0373","0.0610","0.1277","0.0002","1.0025","1.0010","1.0007","1.0010",5988,6583,5723,4918,4033,4125,3641,3972
"I00_I99","2000_2005","2006_2010",5,"Economic_type_5_EQI_Water+SM+PA+OB","1.00(1.00,1.00)","0.96(0.93,0.99)","0.99(0.96,1.03)","1.01(0.97,1.04)","0.99(0.96,1.02)","0.0219","0.6159","0.7505","0.5938","1.0005","1.0007","1.0006","1.0009",6939,5628,6382,4726,3647,3823,3984,3802
"I00_I99","2000_2005","2006_2010",5,"Economic_type_5_EQI_Land+SM+PA+OB","1.00(1.00,1.00)","1.02(0.99,1.05)","1.00(0.97,1.03)","1.02(0.99,1.05)","0.98(0.95,1.01)","0.2431","0.8942","0.3122","0.2697","1.0020","1.0002","1.0006","1.0011",5729,5907,5345,4916,3874,4233,3677,3555
"I00_I99","2000_2005","2006_2010",5,"Economic_type_5_EQI_Built+SM+PA+OB","1.00(1.00,1.00)","0.98(0.94,1.01)","1.02(0.98,1.06)","1.02(0.99,1.05)","1.02(0.99,1.05)","0.2047","0.2560","0.2568","0.2593","1.0005","1.0004","1.0007","1.0002",7647,6374,5419,4903,3448,3420,3530,3616
"I00_I99","2000_2005","2006_2010",5,"Economic_type_5_EQI_Social+SM+PA+OB","1.00(1.00,1.00)","0.97(0.93,1.01)","0.99(0.96,1.02)","0.98(0.95,1.01)","1.02(0.99,1.05)","0.0939","0.3655","0.2752","0.2968","1.0006","1.0000","1.0015","0.9999",7200,6513,5489,4492,4096,3995,3664,4078
"I00_I99","2000_2005","2011_2015",10,"Economic_type_5_EQI+SM+PA+OB","1.00(1.00,1.00)","1.00(0.96,1.03)","0.99(0.96,1.02)","1.04(1.01,1.08)","1.06(1.02,1.09)","0.8984","0.4534","0.0115","0.0002","1.0002","1.0003","1.0009","1.0020",4170,4392,3694,3321,3561,3591,3407,3737
"I00_I99","2000_2005","2011_2015",10,"Economic_type_5_EQI_Air+SM+PA+OB","1.00(1.00,1.00)","1.03(0.99,1.06)","1.06(1.02,1.10)","1.03(1.00,1.07)","1.09(1.06,1.13)","0.0985","0.0010","0.0423","0.0002","1.0010","1.0020","1.0000","1.0002",5172,5229,4798,3917,3759,3728,4022,3365
"I00_I99","2000_2005","2011_2015",10,"Economic_type_5_EQI_Water+SM+PA+OB","1.00(1.00,1.00)","0.94(0.90,0.97)","1.00(0.97,1.04)","1.02(0.99,1.06)","1.01(0.97,1.04)","0.0006","0.9154","0.1748","0.6692","1.0004","1.0003","1.0004","1.0006",5797,4820,4980,4531,3975,3858,4158,3855
"I00_I99","2000_2005","2011_2015",10,"Economic_type_5_EQI_Land+SM+PA+OB","1.00(1.00,1.00)","1.01(0.98,1.05)","1.01(0.98,1.04)","1.02(0.99,1.06)","0.98(0.95,1.02)","0.4722","0.5522","0.2035","0.2947","1.0003","1.0013","1.0000","1.0015",5332,4933,4899,4453,3652,3733,3786,3484
"I00_I99","2000_2005","2011_2015",10,"Economic_type_5_EQI_Built+SM+PA+OB","1.00(1.00,1.00)","0.98(0.94,1.02)","1.03(0.99,1.06)","1.02(0.99,1.05)","1.02(0.99,1.05)","0.3306","0.1789","0.2056","0.2260","1.0002","1.0015","1.0007","1.0010",6754,5251,4815,4618,3683,3590,3647,3657
"I00_I99","2000_2005","2011_2015",10,"Economic_type_5_EQI_Social+SM+PA+OB","1.00(1.00,1.00)","0.97(0.93,1.01)","1.01(0.98,1.04)","0.98(0.95,1.01)","1.00(0.97,1.04)","0.0989","0.6801","0.2056","0.8371","1.0012","0.9997","1.0003","1.0001",6001,5325,4757,4347,3851,3651,3803,3870
"I00_I99","2000_2005","2016_2020",15,"Economic_type_5_EQI+SM+PA+OB","1.00(1.00,1.00)","0.99(0.96,1.03)","0.98(0.95,1.02)","1.03(0.99,1.06)","1.05(1.02,1.09)","0.6263","0.3093","0.0923","0.0006","1.0020","1.0004","1.0010","1.0004",5188,4380,4086,3474,3892,3757,3464,3434
"I00_I99","2000_2005","2016_2020",15,"Economic_type_5_EQI_Air+SM+PA+OB","1.00(1.00,1.00)","1.02(0.99,1.05)","1.05(1.02,1.09)","1.04(1.01,1.08)","1.10(1.06,1.13)","0.2814","0.0015","0.0056","0.0002","1.0021","1.0007","1.0000","1.0006",7019,6050,5190,4988,3685,3982,3996,3997
"I00_I99","2000_2005","2016_2020",15,"Economic_type_5_EQI_Water+SM+PA+OB","1.00(1.00,1.00)","0.95(0.92,0.99)","1.02(0.98,1.05)","1.00(0.97,1.04)","0.98(0.94,1.01)","0.0119","0.3689","0.8309","0.2431","1.0006","1.0001","1.0011","1.0014",7027,5861,5842,5003,3801,3873,3893,3757
"I00_I99","2000_2005","2016_2020",15,"Economic_type_5_EQI_Land+SM+PA+OB","1.00(1.00,1.00)","1.03(1.00,1.07)","1.01(0.98,1.04)","1.02(0.98,1.05)","0.99(0.96,1.02)","0.0344","0.5518","0.3481","0.6367","1.0018","1.0008","1.0008","1.0008",6383,5911,5479,4825,4096,3859,3884,3524
"I00_I99","2000_2005","2016_2020",15,"Economic_type_5_EQI_Built+SM+PA+OB","1.00(1.00,1.00)","1.01(0.97,1.05)","1.02(0.98,1.05)","1.03(0.99,1.06)","1.02(0.99,1.05)","0.5872","0.3576","0.1223","0.2368","1.0002","1.0001","1.0003","1.0003",7517,6194,5340,5012,3928,3890,3915,3914
"I00_I99","2000_2005","2016_2020",15,"Economic_type_5_EQI_Social+SM+PA+OB","1.00(1.00,1.00)","0.98(0.94,1.02)","1.00(0.97,1.03)","0.98(0.95,1.02)","0.99(0.96,1.03)","0.2968","0.9129","0.3360","0.7546","1.0000","1.0008","1.0017","1.0026",8019,6177,5847,5093,3895,4493,3899,3884
"I00_I99","2000_2005","2021_2024",20,"Economic_type_5_EQI+SM+PA+OB","1.00(1.00,1.00)","1.00(0.96,1.04)","0.99(0.96,1.03)","1.02(0.98,1.05)","1.02(0.99,1.06)","0.9983","0.5643","0.3601","0.1856","1.0004","1.0010","1.0012","1.0012",4777,4320,4237,3366,3738,3850,3840,3390
"I00_I99","2000_2005","2021_2024",20,"Economic_type_5_EQI_Air+SM+PA+OB","1.00(1.00,1.00)","1.00(0.97,1.04)","1.01(0.97,1.05)","1.02(0.98,1.05)","1.04(1.00,1.07)","0.8234","0.5351","0.2697","0.0373","1.0019","1.0008","1.0003","1.0016",5610,5956,5069,4546,3285,3707,3650,3969
"I00_I99","2000_2005","2021_2024",20,"Economic_type_5_EQI_Water+SM+PA+OB","1.00(1.00,1.00)","0.97(0.93,1.01)","1.02(0.98,1.06)","1.01(0.98,1.05)","0.98(0.95,1.02)","0.1089","0.2939","0.4918","0.4043","1.0001","1.0002","1.0005","1.0002",5838,4389,4323,4774,3517,3726,3632,3759
"I00_I99","2000_2005","2021_2024",20,"Economic_type_5_EQI_Land+SM+PA+OB","1.00(1.00,1.00)","1.01(0.98,1.05)","1.00(0.97,1.03)","1.01(0.97,1.04)","1.00(0.96,1.03)","0.4464","0.9796","0.7305","0.8288","1.0008","1.0005","1.0010","1.0030",5418,5435,4968,5515,3530,3389,3269,3925
"I00_I99","2000_2005","2021_2024",20,"Economic_type_5_EQI_Built+SM+PA+OB","1.00(1.00,1.00)","0.99(0.95,1.03)","1.00(0.96,1.04)","1.02(0.98,1.05)","1.01(0.98,1.05)","0.6642","0.9800","0.3601","0.4459","1.0013","0.9996","1.0005","1.0001",6041,5435,5380,4767,3697,3629,3482,3210
"I00_I99","2000_2005","2021_2024",20,"Economic_type_5_EQI_Social+SM+PA+OB","1.00(1.00,1.00)","1.00(0.96,1.04)","1.01(0.97,1.04)","0.99(0.96,1.02)","0.99(0.96,1.02)","0.9883","0.7321","0.5955","0.5459","1.0045","0.9998","1.0003","0.9999",4886,5239,5100,4168,3141,3778,4030,3188
"I00_I99","2000_2005","2006_2010",5,"Economic_type_6_EQI+SM+PA+OB","1.00(1.00,1.00)","1.00(0.98,1.01)","1.00(0.98,1.02)","1.01(1.00,1.03)","1.01(0.99,1.03)","0.5872","0.8954","0.1177","0.5009","1.0031","1.0026","1.0027","1.0027",3225,2769,2617,2368,3645,3075,3036,3249
"I00_I99","2000_2005","2006_2010",5,"Economic_type_6_EQI_Air+SM+PA+OB","1.00(1.00,1.00)","1.00(0.98,1.01)","1.02(1.00,1.03)","1.01(1.00,1.03)","1.01(1.00,1.03)","0.7030","0.0710","0.0910","0.1473","1.0003","1.0014","1.0019","1.0007",3400,3017,3006,3070,3361,3268,3099,3210
"I00_I99","2000_2005","2006_2010",5,"Economic_type_6_EQI_Water+SM+PA+OB","1.00(1.00,1.00)","1.00(0.98,1.02)","0.98(0.96,1.00)","0.99(0.98,1.01)","1.00(0.98,1.02)","0.6780","0.0256","0.4972","0.6763","1.0006","1.0009","1.0000","1.0002",3335,2879,3197,3229,3549,3699,3842,3504
"I00_I99","2000_2005","2006_2010",5,"Economic_type_6_EQI_Land+SM+PA+OB","1.00(1.00,1.00)","0.98(0.97,1.00)","0.98(0.96,1.00)","1.00(0.98,1.02)","1.01(0.99,1.03)","0.0198","0.0131","0.8917","0.5763","1.0004","1.0007","1.0001","1.0003",4483,3663,3276,3104,3880,4075,3603,3926
"I00_I99","2000_2005","2006_2010",5,"Economic_type_6_EQI_Built+SM+PA+OB","1.00(1.00,1.00)","1.01(1.00,1.03)","1.02(1.00,1.03)","1.03(1.01,1.05)","1.04(1.02,1.05)","0.1406","0.0527","0.0006","0.0002","1.0009","1.0024","1.0019","1.0022",3308,3090,3204,3034,3334,3225,3587,3127
"I00_I99","2000_2005","2006_2010",5,"Economic_type_6_EQI_Social+SM+PA+OB","1.00(1.00,1.00)","0.98(0.96,0.99)","0.98(0.96,1.00)","0.97(0.95,0.98)","0.96(0.94,0.98)","0.0015","0.0110","0.0010","0.0002","1.0014","1.0022","1.0018","1.0017",4377,3663,3170,2968,3878,3809,3496,3705
"I00_I99","2000_2005","2011_2015",10,"Economic_type_6_EQI+SM+PA+OB","1.00(1.00,1.00)","0.99(0.98,1.01)","1.00(0.99,1.02)","1.02(1.00,1.04)","1.02(1.00,1.04)","0.5401","0.7609","0.0452","0.1039","1.0004","1.0014","1.0009","1.0015",3278,2769,2716,2689,3235,3475,3298,3496
"I00_I99","2000_2005","2011_2015",10,"Economic_type_6_EQI_Air+SM+PA+OB","1.00(1.00,1.00)","0.99(0.98,1.01)","1.01(0.99,1.03)","1.01(0.99,1.03)","1.01(0.99,1.03)","0.5405","0.1968","0.3664","0.3026","1.0016","1.0007","1.0017","1.0014",3402,3040,3082,3141,3852,3083,3389,3692
"I00_I99","2000_2005","2011_2015",10,"Economic_type_6_EQI_Water+SM+PA+OB","1.00(1.00,1.00)","0.98(0.96,1.01)","0.99(0.97,1.02)","1.01(0.99,1.03)","1.01(0.99,1.03)","0.1293","0.5830","0.6076","0.5451","1.0002","1.0011","1.0013","0.9999",3247,3167,2949,3086,3643,3738,3450,3378
"I00_I99","2000_2005","2011_2015",10,"Economic_type_6_EQI_Land+SM+PA+OB","1.00(1.00,1.00)","0.98(0.97,1.00)","0.98(0.96,1.00)","0.99(0.97,1.01)","1.01(0.99,1.03)","0.0265","0.0248","0.4405","0.4930","1.0015","1.0026","1.0020","1.0013",4175,3345,2957,2960,3816,3562,3289,3525
"I00_I99","2000_2005","2011_2015",10,"Economic_type_6_EQI_Built+SM+PA+OB","1.00(1.00,1.00)","1.01(1.00,1.03)","1.02(1.00,1.03)","1.04(1.02,1.06)","1.05(1.03,1.07)","0.0994","0.0477","0.0002","0.0002","1.0019","1.0010","1.0005","1.0012",3652,3312,3155,3093,3269,3893,3225,3255
"I00_I99","2000_2005","2011_2015",10,"Economic_type_6_EQI_Social+SM+PA+OB","1.00(1.00,1.00)","0.98(0.97,1.00)","0.96(0.94,0.97)","0.97(0.95,0.99)","0.95(0.93,0.98)","0.0248","0.0002","0.0006","0.0002","1.0003","1.0012","1.0006","1.0017",4236,3259,3000,2647,3521,3457,3300,3304
"I00_I99","2000_2005","2016_2020",15,"Economic_type_6_EQI+SM+PA+OB","1.00(1.00,1.00)","1.01(0.99,1.03)","1.01(0.99,1.03)","1.03(1.01,1.05)","1.05(1.02,1.07)","0.1993","0.1789","0.0006","0.0002","1.0010","1.0018","1.0003","1.0003",3696,3643,3677,3159,3311,3940,3771,2892
"I00_I99","2000_2005","2016_2020",15,"Economic_type_6_EQI_Air+SM+PA+OB","1.00(1.00,1.00)","1.01(0.99,1.03)","1.01(0.99,1.03)","1.03(1.01,1.05)","1.04(1.01,1.06)","0.5276","0.5409","0.0085","0.0023","0.9997","1.0000","1.0009","1.0000",4120,3749,3765,3681,3453,3852,3928,3984
"I00_I99","2000_2005","2016_2020",15,"Economic_type_6_EQI_Water+SM+PA+OB","1.00(1.00,1.00)","1.01(0.98,1.03)","0.99(0.97,1.02)","1.00(0.98,1.03)","1.01(0.98,1.03)","0.6342","0.5280","0.7892","0.4847","1.0019","1.0006","1.0007","1.0001",4181,3917,3988,3972,3767,3707,3873,3478
"I00_I99","2000_2005","2016_2020",15,"Economic_type_6_EQI_Land+SM+PA+OB","1.00(1.00,1.00)","0.99(0.98,1.01)","1.00(0.98,1.02)","1.00(0.97,1.02)","1.02(1.00,1.05)","0.5022","0.9333","0.7134","0.0498","1.0011","0.9999","1.0034","1.0014",5604,4734,4312,4002,3898,3865,4365,3767
"I00_I99","2000_2005","2016_2020",15,"Economic_type_6_EQI_Built+SM+PA+OB","1.00(1.00,1.00)","1.03(1.01,1.05)","1.03(1.01,1.05)","1.05(1.03,1.07)","1.05(1.03,1.07)","0.0015","0.0006","0.0002","0.0002","1.0000","1.0011","1.0011","1.0002",4913,4071,3954,3714,4024,4112,3727,3861
"I00_I99","2000_2005","2016_2020",15,"Economic_type_6_EQI_Social+SM+PA+OB","1.00(1.00,1.00)","1.00(0.98,1.02)","0.97(0.96,0.99)","0.99(0.97,1.01)","0.97(0.95,0.99)","0.8380","0.0115","0.2410","0.0135","1.0007","1.0003","1.0008","1.0004",4513,3591,3207,2925,3587,3471,3598,3554
"I00_I99","2000_2005","2021_2024",20,"Economic_type_6_EQI+SM+PA+OB","1.00(1.00,1.00)","1.02(0.99,1.04)","0.99(0.96,1.01)","1.01(0.99,1.03)","1.02(0.99,1.04)","0.1785","0.3026","0.4597","0.2143","1.0001","1.0001","1.0005","1.0005",4662,4676,4303,3636,3689,3021,3445,3461
"I00_I99","2000_2005","2021_2024",20,"Economic_type_6_EQI_Air+SM+PA+OB","1.00(1.00,1.00)","1.00(0.98,1.02)","1.00(0.98,1.02)","1.01(0.99,1.04)","1.02(0.99,1.04)","0.9771","0.9383","0.2856","0.2443","1.0009","1.0011","1.0017","1.0003",5532,5658,5333,5678,3563,3988,3231,4063
"I00_I99","2000_2005","2021_2024",20,"Economic_type_6_EQI_Water+SM+PA+OB","1.00(1.00,1.00)","1.00(0.98,1.03)","0.98(0.96,1.01)","1.01(0.99,1.04)","1.00(0.97,1.03)","0.8105","0.1464","0.4085","0.9742","1.0011","1.0011","1.0016","1.0014",6635,5181,5998,5182,3346,3699,3547,3371
"I00_I99","2000_2005","2021_2024",20,"Economic_type_6_EQI_Land+SM+PA+OB","1.00(1.00,1.00)","1.00(0.97,1.02)","0.98(0.96,1.00)","0.99(0.97,1.02)","1.01(0.98,1.03)","0.7530","0.1010","0.6451","0.6742","1.0037","1.0028","1.0001","1.0008",6599,6498,5726,5646,3674,3999,3965,3820
"I00_I99","2000_2005","2021_2024",20,"Economic_type_6_EQI_Built+SM+PA+OB","1.00(1.00,1.00)","1.01(0.99,1.03)","1.02(0.99,1.04)","1.03(1.00,1.05)","1.03(1.00,1.05)","0.3989","0.1718","0.0269","0.0390","1.0026","1.0011","1.0016","0.9999",5414,6687,5496,5196,3590,4292,4106,3077
"I00_I99","2000_2005","2021_2024",20,"Economic_type_6_EQI_Social+SM+PA+OB","1.00(1.00,1.00)","1.00(0.98,1.02)","0.98(0.96,1.00)","0.99(0.97,1.02)","0.98(0.95,1.00)","0.8709","0.0498","0.6188","0.0998","1.0011","1.0003","1.0022","1.0006",7357,5590,5252,5051,3171,3734,3845,3578
"I00_I99","2000_2005","2006_2010",5,"Homeownership_tertile_1_EQI+SM+PA+OB","1.00(1.00,1.00)","1.06(1.04,1.08)","1.07(1.04,1.09)","1.06(1.04,1.09)","1.06(1.04,1.09)","0.0002","0.0002","0.0002","0.0002","1.0000","1.0000","1.0010","1.0012",4397,4063,3325,2888,3839,3752,3487,3580
"I00_I99","2000_2005","2006_2010",5,"Homeownership_tertile_1_EQI_Air+SM+PA+OB","1.00(1.00,1.00)","1.08(1.05,1.11)","1.11(1.08,1.13)","1.08(1.05,1.10)","1.07(1.05,1.10)","0.0002","0.0002","0.0002","0.0002","1.0020","1.0006","1.0003","1.0000",3482,3208,2885,2708,3191,3376,3439,3319
"I00_I99","2000_2005","2006_2010",5,"Homeownership_tertile_1_EQI_Water+SM+PA+OB","1.00(1.00,1.00)","0.96(0.93,0.98)","1.02(0.99,1.05)","1.01(0.98,1.04)","1.01(0.98,1.04)","0.0015","0.1268","0.4584","0.5172","1.0009","1.0004","1.0004","1.0005",3837,2920,3303,3118,3511,3452,3877,3583
"I00_I99","2000_2005","2006_2010",5,"Homeownership_tertile_1_EQI_Land+SM+PA+OB","1.00(1.00,1.00)","1.00(0.97,1.02)","1.00(0.98,1.03)","1.03(1.01,1.06)","1.03(1.01,1.06)","0.7480","0.7646","0.0085","0.0123","1.0014","1.0005","1.0011","1.0003",3755,3797,2975,3375,3367,3483,3604,3740
"I00_I99","2000_2005","2006_2010",5,"Homeownership_tertile_1_EQI_Built+SM+PA+OB","1.00(1.00,1.00)","1.08(1.05,1.11)","1.10(1.07,1.13)","1.08(1.05,1.10)","1.10(1.07,1.13)","0.0002","0.0002","0.0002","0.0002","1.0011","1.0004","1.0023","1.0018",4095,3735,3134,2918,3579,3584,3428,3512
"I00_I99","2000_2005","2006_2010",5,"Homeownership_tertile_1_EQI_Social+SM+PA+OB","1.00(1.00,1.00)","1.00(0.98,1.02)","0.99(0.96,1.01)","0.98(0.95,1.00)","1.00(0.97,1.03)","0.9017","0.2264","0.0831","0.8584","1.0011","1.0029","1.0017","1.0010",3231,2799,2421,2260,3275,3201,3359,2732
"I00_I99","2000_2005","2011_2015",10,"Homeownership_tertile_1_EQI+SM+PA+OB","1.00(1.00,1.00)","1.06(1.04,1.09)","1.09(1.07,1.12)","1.07(1.05,1.10)","1.06(1.03,1.08)","0.0002","0.0002","0.0002","0.0002","1.0009","1.0012","1.0003","1.0001",3713,3056,2658,2476,3280,3498,3348,3304
"I00_I99","2000_2005","2011_2015",10,"Homeownership_tertile_1_EQI_Air+SM+PA+OB","1.00(1.00,1.00)","1.10(1.07,1.13)","1.12(1.09,1.15)","1.09(1.06,1.12)","1.08(1.05,1.11)","0.0002","0.0002","0.0002","0.0002","1.0009","1.0019","1.0008","1.0006",3789,3414,3033,3070,3719,3639,3313,3650
"I00_I99","2000_2005","2011_2015",10,"Homeownership_tertile_1_EQI_Water+SM+PA+OB","1.00(1.00,1.00)","0.97(0.95,1.00)","1.03(1.00,1.06)","1.03(1.00,1.05)","1.01(0.98,1.04)","0.0710","0.0269","0.0773","0.6076","1.0009","1.0013","1.0004","1.0025",3333,2973,2863,2682,3477,3324,3360,3340
"I00_I99","2000_2005","2011_2015",10,"Homeownership_tertile_1_EQI_Land+SM+PA+OB","1.00(1.00,1.00)","1.00(0.97,1.02)","1.00(0.97,1.02)","1.01(0.99,1.04)","1.03(1.00,1.06)","0.7709","0.7246","0.3793","0.0452","1.0005","1.0003","0.9998","1.0019",4294,3747,3342,3204,3813,3686,3659,3416
"I00_I99","2000_2005","2011_2015",10,"Homeownership_tertile_1_EQI_Built+SM+PA+OB","1.00(1.00,1.00)","1.06(1.03,1.09)","1.10(1.07,1.12)","1.10(1.07,1.12)","1.13(1.10,1.16)","0.0002","0.0002","0.0002","0.0002","1.0022","1.0013","1.0007","1.0012",3784,3055,3004,2698,3557,3286,3258,2959
"I00_I99","2000_2005","2011_2015",10,"Homeownership_tertile_1_EQI_Social+SM+PA+OB","1.00(1.00,1.00)","1.02(0.99,1.04)","0.98(0.95,1.00)","0.97(0.94,0.99)","0.99(0.96,1.02)","0.1423","0.0739","0.0119","0.6067","1.0002","1.0006","1.0001","1.0012",2939,2928,2650,2495,3725,3581,3494,2826
"I00_I99","2000_2005","2016_2020",15,"Homeownership_tertile_1_EQI+SM+PA+OB","1.00(1.00,1.00)","1.08(1.06,1.11)","1.09(1.07,1.12)","1.08(1.05,1.11)","1.07(1.04,1.10)","0.0002","0.0002","0.0002","0.0002","1.0011","0.9996","1.0010","1.0009",4421,4083,3305,2829,4043,3564,3295,3225
"I00_I99","2000_2005","2016_2020",15,"Homeownership_tertile_1_EQI_Air+SM+PA+OB","1.00(1.00,1.00)","1.06(1.03,1.09)","1.09(1.07,1.12)","1.11(1.08,1.14)","1.09(1.06,1.12)","0.0002","0.0002","0.0002","0.0002","1.0003","1.0004","1.0001","1.0005",4173,3753,3111,2848,3742,3653,3388,3195
"I00_I99","2000_2005","2016_2020",15,"Homeownership_tertile_1_EQI_Water+SM+PA+OB","1.00(1.00,1.00)","0.96(0.93,0.98)","1.01(0.98,1.03)","1.02(0.99,1.04)","1.00(0.98,1.03)","0.0015","0.6151","0.2347","0.7800","1.0003","1.0009","1.0017","1.0001",3837,3456,3255,3338,3688,3811,3579,3887
"I00_I99","2000_2005","2016_2020",15,"Homeownership_tertile_1_EQI_Land+SM+PA+OB","1.00(1.00,1.00)","1.00(0.98,1.03)","0.99(0.97,1.01)","1.00(0.98,1.03)","1.02(0.99,1.05)","0.8609","0.4555","0.8696","0.2268","1.0001","1.0009","1.0006","1.0017",4101,3934,3507,3160,3617,3674,3488,3356
"I00_I99","2000_2005","2016_2020",15,"Homeownership_tertile_1_EQI_Built+SM+PA+OB","1.00(1.00,1.00)","1.07(1.04,1.10)","1.11(1.08,1.14)","1.11(1.09,1.14)","1.12(1.09,1.15)","0.0002","0.0002","0.0002","0.0002","1.0016","1.0010","1.0010","1.0021",4004,3586,3234,3062,3614,3559,3306,3310
"I00_I99","2000_2005","2016_2020",15,"Homeownership_tertile_1_EQI_Social+SM+PA+OB","1.00(1.00,1.00)","1.02(1.00,1.04)","1.00(0.98,1.03)","0.98(0.95,1.01)","0.99(0.97,1.03)","0.0760","0.7688","0.1573","0.7296","1.0014","1.0013","1.0006","1.0006",4609,3407,3053,2765,3321,3415,3254,3518
"I00_I99","2000_2005","2021_2024",20,"Homeownership_tertile_1_EQI+SM+PA+OB","1.00(1.00,1.00)","1.03(1.00,1.05)","1.04(1.01,1.07)","1.02(0.99,1.05)","1.02(0.99,1.05)","0.0394","0.0031","0.1543","0.1889","1.0006","1.0014","1.0003","1.0004",5386,4752,4097,3602,3515,3559,3588,3666
"I00_I99","2000_2005","2021_2024",20,"Homeownership_tertile_1_EQI_Air+SM+PA+OB","1.00(1.00,1.00)","1.01(0.98,1.04)","1.04(1.02,1.07)","1.04(1.02,1.07)","1.03(1.00,1.06)","0.4622","0.0019","0.0023","0.0319","1.0007","1.0009","1.0022","1.0019",5122,4950,3530,3143,3494,3554,3633,3202
"I00_I99","2000_2005","2021_2024",20,"Homeownership_tertile_1_EQI_Water+SM+PA+OB","1.00(1.00,1.00)","0.97(0.94,0.99)","1.01(0.98,1.03)","1.01(0.99,1.04)","1.01(0.98,1.04)","0.0169","0.6347","0.3668","0.6938","1.0023","1.0001","1.0015","1.0021",3909,3895,3989,3959,3783,3710,3290,3751
"I00_I99","2000_2005","2021_2024",20,"Homeownership_tertile_1_EQI_Land+SM+PA+OB","1.00(1.00,1.00)","1.00(0.98,1.03)","1.00(0.97,1.02)","0.99(0.97,1.02)","1.01(0.98,1.04)","0.7742","0.8484","0.6984","0.5759","1.0006","0.9999","1.0018","1.0005",4772,4570,4168,3492,3577,3732,3746,3669
"I00_I99","2000_2005","2021_2024",20,"Homeownership_tertile_1_EQI_Built+SM+PA+OB","1.00(1.00,1.00)","1.01(0.99,1.04)","1.03(1.00,1.06)","1.03(1.00,1.05)","1.05(1.02,1.07)","0.3310","0.0377","0.0298","0.0010","1.0012","1.0003","1.0006","1.0006",4952,4885,4064,3879,3652,3655,3816,3583
"I00_I99","2000_2005","2021_2024",20,"Homeownership_tertile_1_EQI_Social+SM+PA+OB","1.00(1.00,1.00)","1.01(0.99,1.04)","0.98(0.96,1.01)","0.99(0.96,1.01)","1.00(0.97,1.03)","0.3418","0.1806","0.3730","0.9308","1.0002","1.0005","1.0003","1.0011",4976,4357,4421,3740,3726,3586,3697,3783
"I00_I99","2000_2005","2006_2010",5,"Homeownership_tertile_2_EQI+SM+PA+OB","1.00(1.00,1.00)","1.03(1.01,1.05)","1.03(1.01,1.05)","1.03(1.01,1.05)","1.04(1.02,1.06)","0.0010","0.0006","0.0048","0.0002","1.0017","1.0006","1.0012","1.0003",4937,3623,3521,3363,3600,3686,3588,3559
"I00_I99","2000_2005","2006_2010",5,"Homeownership_tertile_2_EQI_Air+SM+PA+OB","1.00(1.00,1.00)","1.05(1.03,1.07)","1.05(1.03,1.07)","1.04(1.02,1.06)","1.04(1.02,1.06)","0.0002","0.0002","0.0002","0.0006","1.0027","1.0016","1.0004","1.0002",5317,4439,4032,3904,4058,3729,3778,4034
"I00_I99","2000_2005","2006_2010",5,"Homeownership_tertile_2_EQI_Water+SM+PA+OB","1.00(1.00,1.00)","0.99(0.96,1.01)","0.99(0.97,1.01)","1.00(0.98,1.02)","1.00(0.98,1.03)","0.2660","0.2843","0.8834","0.7126","0.9999","1.0005","1.0008","1.0006",4285,3898,3345,3257,3685,3794,3680,3314
"I00_I99","2000_2005","2006_2010",5,"Homeownership_tertile_2_EQI_Land+SM+PA+OB","1.00(1.00,1.00)","1.01(1.00,1.03)","0.99(0.97,1.01)","1.01(0.99,1.03)","0.99(0.97,1.01)","0.1364","0.3406","0.3726","0.5051","0.9997","1.0002","0.9998","1.0004",5139,4688,4465,4627,3625,3754,3846,4347
"I00_I99","2000_2005","2006_2010",5,"Homeownership_tertile_2_EQI_Built+SM+PA+OB","1.00(1.00,1.00)","1.05(1.03,1.07)","1.03(1.01,1.05)","1.04(1.02,1.06)","1.06(1.04,1.08)","0.0002","0.0023","0.0006","0.0002","1.0014","0.9999","1.0001","1.0004",5182,4730,4241,4829,3989,3670,3918,3923
"I00_I99","2000_2005","2006_2010",5,"Homeownership_tertile_2_EQI_Social+SM+PA+OB","1.00(1.00,1.00)","1.02(1.00,1.04)","1.00(0.98,1.02)","0.99(0.97,1.01)","1.00(0.98,1.02)","0.0348","0.7530","0.1756","0.9263","1.0017","1.0000","1.0001","1.0005",5232,4290,3958,3751,3487,3994,3752,4192
"I00_I99","2000_2005","2011_2015",10,"Homeownership_tertile_2_EQI+SM+PA+OB","1.00(1.00,1.00)","1.04(1.02,1.06)","1.04(1.02,1.06)","1.03(1.01,1.05)","1.05(1.03,1.08)","0.0002","0.0002","0.0006","0.0002","1.0025","1.0015","1.0005","1.0012",3941,3340,2244,2524,3812,3610,2799,2844
"I00_I99","2000_2005","2011_2015",10,"Homeownership_tertile_2_EQI_Air+SM+PA+OB","1.00(1.00,1.00)","1.03(1.01,1.06)","1.04(1.02,1.06)","1.03(1.01,1.05)","1.02(0.99,1.04)","0.0006","0.0002","0.0090","0.1314","1.0007","1.0009","1.0012","1.0019",4173,3321,2705,2923,3867,3562,2713,3775
"I00_I99","2000_2005","2011_2015",10,"Homeownership_tertile_2_EQI_Water+SM+PA+OB","1.00(1.00,1.00)","0.95(0.93,0.97)","1.00(0.97,1.02)","1.01(0.99,1.03)","1.01(0.99,1.04)","0.0002","0.7021","0.5064","0.4255","1.0004","1.0012","1.0010","1.0017",3572,3215,3029,2880,3807,3758,3703,3554
"I00_I99","2000_2005","2011_2015",10,"Homeownership_tertile_2_EQI_Land+SM+PA+OB","1.00(1.00,1.00)","1.00(0.98,1.02)","0.98(0.96,1.00)","1.01(0.99,1.03)","1.00(0.98,1.02)","0.8188","0.0215","0.2610","0.9513","1.0004","1.0009","1.0008","1.0007",4449,4115,3563,3493,3878,4132,3788,3670
"I00_I99","2000_2005","2011_2015",10,"Homeownership_tertile_2_EQI_Built+SM+PA+OB","1.00(1.00,1.00)","1.05(1.03,1.07)","1.03(1.01,1.05)","1.05(1.03,1.07)","1.05(1.03,1.07)","0.0002","0.0006","0.0002","0.0002","1.0017","1.0011","1.0020","1.0007",3804,3608,3469,3699,3333,3740,3549,3935
"I00_I99","2000_2005","2011_2015",10,"Homeownership_tertile_2_EQI_Social+SM+PA+OB","1.00(1.00,1.00)","1.00(0.99,1.02)","1.00(0.98,1.02)","0.99(0.97,1.01)","1.00(0.98,1.02)","0.7084","0.9588","0.3614","0.9833","0.9997","1.0005","1.0001","1.0008",3821,3567,3256,2889,3397,3561,3433,3278
"I00_I99","2000_2005","2016_2020",15,"Homeownership_tertile_2_EQI+SM+PA+OB","1.00(1.00,1.00)","1.03(1.02,1.05)","1.04(1.02,1.06)","1.04(1.02,1.06)","1.05(1.03,1.07)","0.0010","0.0002","0.0015","0.0002","1.0015","1.0009","1.0015","1.0018",5578,4166,3310,2816,3907,3552,3871,2423
"I00_I99","2000_2005","2016_2020",15,"Homeownership_tertile_2_EQI_Air+SM+PA+OB","1.00(1.00,1.00)","1.05(1.03,1.07)","1.06(1.04,1.08)","1.02(1.00,1.05)","1.05(1.03,1.07)","0.0002","0.0002","0.0123","0.0002","1.0008","1.0001","1.0002","1.0000",3903,3513,3117,3487,3913,3950,3590,3857
"I00_I99","2000_2005","2016_2020",15,"Homeownership_tertile_2_EQI_Water+SM+PA+OB","1.00(1.00,1.00)","0.99(0.96,1.01)","1.01(0.99,1.04)","1.01(0.99,1.04)","1.00(0.98,1.03)","0.2293","0.2851","0.2876","0.8088","1.0001","1.0007","1.0004","1.0013",4137,3628,3539,3777,4160,3790,3502,3838
"I00_I99","2000_2005","2016_2020",15,"Homeownership_tertile_2_EQI_Land+SM+PA+OB","1.00(1.00,1.00)","1.00(0.98,1.02)","1.01(0.99,1.03)","1.01(0.98,1.03)","1.00(0.98,1.03)","0.8305","0.3693","0.6138","0.8534","0.9996","1.0006","1.0018","1.0008",4950,4389,3623,3771,3774,4001,3876,3595
"I00_I99","2000_2005","2016_2020",15,"Homeownership_tertile_2_EQI_Built+SM+PA+OB","1.00(1.00,1.00)","1.04(1.02,1.06)","1.04(1.02,1.06)","1.05(1.03,1.07)","1.06(1.04,1.08)","0.0002","0.0002","0.0002","0.0002","1.0011","1.0021","1.0007","1.0011",4766,4144,4131,3996,3619,3597,3718,3585
"I00_I99","2000_2005","2016_2020",15,"Homeownership_tertile_2_EQI_Social+SM+PA+OB","1.00(1.00,1.00)","1.01(0.99,1.03)","0.98(0.96,1.00)","0.98(0.96,1.00)","0.99(0.96,1.02)","0.2243","0.1231","0.1223","0.4464","1.0008","1.0023","1.0007","1.0016",5582,3959,3552,3158,4031,3868,3747,3732
"I00_I99","2000_2005","2021_2024",20,"Homeownership_tertile_2_EQI+SM+PA+OB","1.00(1.00,1.00)","1.02(1.00,1.05)","1.01(0.99,1.03)","1.01(0.98,1.03)","1.03(1.00,1.05)","0.0810","0.3476","0.5509","0.0631","1.0022","1.0006","1.0023","1.0006",5828,5978,4766,4273,3711,3352,3889,3466
"I00_I99","2000_2005","2021_2024",20,"Homeownership_tertile_2_EQI_Air+SM+PA+OB","1.00(1.00,1.00)","1.02(1.00,1.05)","1.03(1.00,1.05)","1.02(1.00,1.04)","1.02(0.99,1.04)","0.0598","0.0265","0.1177","0.2335","1.0007","1.0000","1.0014","1.0011",7309,6777,5969,5987,3627,3774,3817,4282
"I00_I99","2000_2005","2021_2024",20,"Homeownership_tertile_2_EQI_Water+SM+PA+OB","1.00(1.00,1.00)","1.00(0.97,1.02)","1.00(0.98,1.03)","1.01(0.98,1.04)","1.00(0.97,1.03)","0.8900","0.7542","0.4947","0.8813","1.0044","1.0015","0.9999","1.0011",6122,6175,5272,5234,3948,3558,3466,3702
"I00_I99","2000_2005","2021_2024",20,"Homeownership_tertile_2_EQI_Land+SM+PA+OB","1.00(1.00,1.00)","1.00(0.98,1.02)","0.99(0.97,1.01)","1.00(0.97,1.02)","0.99(0.96,1.02)","0.9188","0.4422","0.9200","0.4539","1.0031","0.9995","1.0013","1.0020",7298,7421,7000,6360,3549,3891,4000,3871
"I00_I99","2000_2005","2021_2024",20,"Homeownership_tertile_2_EQI_Built+SM+PA+OB","1.00(1.00,1.00)","1.02(0.99,1.04)","1.01(0.99,1.04)","1.04(1.02,1.07)","1.03(1.00,1.05)","0.1681","0.2506","0.0010","0.0369","1.0021","1.0008","1.0019","1.0009",6568,5890,6925,6029,3790,4036,3860,3826
"I00_I99","2000_2005","2021_2024",20,"Homeownership_tertile_2_EQI_Social+SM+PA+OB","1.00(1.00,1.00)","1.01(0.99,1.04)","0.98(0.96,1.01)","0.98(0.96,1.01)","0.99(0.96,1.02)","0.2289","0.1348","0.2018","0.5743","1.0006","1.0010","1.0002","1.0002",8441,6833,5804,5757,4061,4225,3783,4029
"I00_I99","2000_2005","2006_2010",5,"Homeownership_tertile_3_EQI+SM+PA+OB","1.00(1.00,1.00)","1.03(1.02,1.05)","1.03(1.01,1.05)","1.03(1.01,1.05)","1.04(1.02,1.07)","0.0002","0.0044","0.0135","0.0015","1.0006","0.9998","1.0001","1.0004",4306,3863,3609,3383,3736,3608,3696,3508
"I00_I99","2000_2005","2006_2010",5,"Homeownership_tertile_3_EQI_Air+SM+PA+OB","1.00(1.00,1.00)","1.02(1.01,1.04)","1.03(1.01,1.05)","1.02(1.00,1.04)","1.03(1.00,1.05)","0.0127","0.0019","0.0444","0.0294","1.0024","1.0014","1.0007","1.0014",4555,4299,4145,4582,3752,3499,3765,4113
"I00_I99","2000_2005","2006_2010",5,"Homeownership_tertile_3_EQI_Water+SM+PA+OB","1.00(1.00,1.00)","1.01(0.98,1.03)","1.01(0.99,1.04)","1.02(1.00,1.04)","1.01(0.98,1.03)","0.6297","0.1985","0.0581","0.6042","1.0008","0.9999","0.9997","1.0002",4589,4187,4377,4004,3863,3815,3859,4041
"I00_I99","2000_2005","2006_2010",5,"Homeownership_tertile_3_EQI_Land+SM+PA+OB","1.00(1.00,1.00)","0.96(0.94,0.98)","0.97(0.95,0.99)","0.99(0.97,1.01)","0.99(0.97,1.01)","0.0002","0.0090","0.2943","0.4405","1.0007","1.0007","1.0005","1.0003",5479,4467,4406,4243,3512,4154,3639,3812
"I00_I99","2000_2005","2006_2010",5,"Homeownership_tertile_3_EQI_Built+SM+PA+OB","1.00(1.00,1.00)","1.01(0.99,1.03)","1.03(1.01,1.05)","1.04(1.02,1.06)","1.01(0.98,1.03)","0.2456","0.0002","0.0010","0.5855","0.9996","1.0006","1.0003","1.0007",5860,5107,5201,5324,3606,3495,3793,4000
"I00_I99","2000_2005","2006_2010",5,"Homeownership_tertile_3_EQI_Social+SM+PA+OB","1.00(1.00,1.00)","0.99(0.98,1.01)","0.99(0.97,1.01)","1.00(0.98,1.02)","1.00(0.98,1.03)","0.5734","0.2243","0.9050","0.7351","1.0026","1.0006","1.0013","1.0002",5296,4154,3816,3193,3678,3948,3620,3249
"I00_I99","2000_2005","2011_2015",10,"Homeownership_tertile_3_EQI+SM+PA+OB","1.00(1.00,1.00)","1.03(1.01,1.04)","1.02(1.00,1.04)","1.04(1.02,1.07)","1.06(1.03,1.09)","0.0094","0.0781","0.0002","0.0002","1.0013","1.0001","1.0014","1.0017",4867,4012,3520,3400,3529,3584,3583,3346
"I00_I99","2000_2005","2011_2015",10,"Homeownership_tertile_3_EQI_Air+SM+PA+OB","1.00(1.00,1.00)","1.03(1.01,1.05)","1.03(1.01,1.05)","1.02(1.00,1.05)","1.03(1.00,1.06)","0.0048","0.0023","0.0377","0.0227","1.0002","1.0004","1.0015","1.0008",4393,3521,3346,3478,3992,3660,3460,3791
"I00_I99","2000_2005","2011_2015",10,"Homeownership_tertile_3_EQI_Water+SM+PA+OB","1.00(1.00,1.00)","0.99(0.97,1.01)","1.00(0.97,1.02)","1.03(1.01,1.05)","1.01(0.98,1.03)","0.4501","0.6784","0.0173","0.4714","1.0023","0.9999","1.0009","1.0014",3630,3352,2993,3514,3237,3542,3362,3652
"I00_I99","2000_2005","2011_2015",10,"Homeownership_tertile_3_EQI_Land+SM+PA+OB","1.00(1.00,1.00)","0.96(0.94,0.98)","0.99(0.97,1.01)","0.99(0.97,1.01)","1.00(0.98,1.03)","0.0002","0.1668","0.4572","0.8725","1.0012","1.0000","1.0008","1.0005",4702,4310,3664,3602,3889,4205,3720,3650
"I00_I99","2000_2005","2011_2015",10,"Homeownership_tertile_3_EQI_Built+SM+PA+OB","1.00(1.00,1.00)","1.02(1.01,1.04)","1.03(1.01,1.05)","1.02(1.00,1.04)","1.00(0.98,1.03)","0.0069","0.0002","0.0473","0.7796","1.0012","1.0014","1.0011","1.0010",5509,5147,4709,5294,3689,3974,4046,3617
"I00_I99","2000_2005","2011_2015",10,"Homeownership_tertile_3_EQI_Social+SM+PA+OB","1.00(1.00,1.00)","0.98(0.96,1.00)","0.96(0.94,0.98)","1.01(0.99,1.04)","1.00(0.97,1.02)","0.0627","0.0006","0.1852","0.7042","1.0028","1.0008","1.0014","1.0011",4114,4102,3458,2928,3516,3955,3945,3354
"I00_I99","2000_2005","2016_2020",15,"Homeownership_tertile_3_EQI+SM+PA+OB","1.00(1.00,1.00)","1.04(1.02,1.06)","1.02(1.00,1.04)","1.04(1.02,1.07)","1.08(1.05,1.10)","0.0002","0.0223","0.0002","0.0002","0.9997","1.0002","1.0005","1.0011",4807,3561,3244,3116,3735,3404,3702,3776
"I00_I99","2000_2005","2016_2020",15,"Homeownership_tertile_3_EQI_Air+SM+PA+OB","1.00(1.00,1.00)","1.04(1.02,1.06)","1.04(1.02,1.07)","1.05(1.02,1.07)","1.04(1.01,1.07)","0.0002","0.0006","0.0002","0.0148","1.0016","1.0003","1.0009","1.0008",4841,3859,3883,4841,3853,3683,3816,3597
"I00_I99","2000_2005","2016_2020",15,"Homeownership_tertile_3_EQI_Water+SM+PA+OB","1.00(1.00,1.00)","1.00(0.97,1.02)","1.01(0.99,1.04)","1.01(0.99,1.04)","1.02(1.00,1.05)","0.8225","0.3722","0.4476","0.1160","0.9997","1.0005","1.0000","1.0007",4629,4091,3956,4406,3914,3637,4085,4016
"I00_I99","2000_2005","2016_2020",15,"Homeownership_tertile_3_EQI_Land+SM+PA+OB","1.00(1.00,1.00)","0.98(0.96,1.00)","0.99(0.97,1.01)","1.01(0.98,1.03)","1.01(0.98,1.04)","0.0689","0.2656","0.5459","0.4639","1.0013","1.0017","1.0018","1.0003",5270,4604,4428,4559,2914,3790,3512,3634
"I00_I99","2000_2005","2016_2020",15,"Homeownership_tertile_3_EQI_Built+SM+PA+OB","1.00(1.00,1.00)","1.05(1.03,1.06)","1.04(1.02,1.06)","1.02(1.00,1.05)","1.02(0.99,1.05)","0.0002","0.0002","0.0269","0.1706","1.0003","1.0032","1.0003","1.0002",6119,5129,5792,6108,3861,4045,3924,3949
"I00_I99","2000_2005","2016_2020",15,"Homeownership_tertile_3_EQI_Social+SM+PA+OB","1.00(1.00,1.00)","0.99(0.97,1.02)","1.00(0.98,1.02)","1.01(0.99,1.03)","1.02(0.99,1.04)","0.5651","0.9346","0.4489","0.2777","1.0000","0.9998","1.0003","1.0005",5042,4262,3880,3190,3762,3732,3458,3485
"I00_I99","2000_2005","2021_2024",20,"Homeownership_tertile_3_EQI+SM+PA+OB","1.00(1.00,1.00)","1.02(1.00,1.05)","1.01(0.98,1.03)","1.03(1.00,1.05)","1.03(1.00,1.06)","0.0610","0.4680","0.0406","0.0269","1.0014","1.0006","1.0003","1.0007",6688,6093,6174,5420,3654,4139,4031,3534
"I00_I99","2000_2005","2021_2024",20,"Homeownership_tertile_3_EQI_Air+SM+PA+OB","1.00(1.00,1.00)","1.04(1.02,1.07)","1.03(1.01,1.05)","1.02(1.00,1.05)","1.01(0.98,1.04)","0.0006","0.0152","0.0985","0.5726","1.0016","1.0029","1.0011","1.0008",6274,5953,6307,6297,3755,3931,3734,3914
"I00_I99","2000_2005","2021_2024",20,"Homeownership_tertile_3_EQI_Water+SM+PA+OB","1.00(1.00,1.00)","0.98(0.95,1.00)","1.00(0.98,1.03)","1.03(1.00,1.05)","1.01(0.98,1.04)","0.0977","0.7721","0.0569","0.3939","0.9999","1.0017","1.0002","1.0005",5962,6087,6051,5290,3998,3914,3665,3950
"I00_I99","2000_2005","2021_2024",20,"Homeownership_tertile_3_EQI_Land+SM+PA+OB","1.00(1.00,1.00)","0.98(0.95,1.00)","0.99(0.97,1.02)","1.00(0.98,1.03)","1.01(0.98,1.04)","0.0794","0.4743","0.8284","0.3897","1.0010","1.0025","1.0006","1.0002",7133,6463,6448,6819,4162,3745,4101,4241
"I00_I99","2000_2005","2021_2024",20,"Homeownership_tertile_3_EQI_Built+SM+PA+OB","1.00(1.00,1.00)","1.02(1.00,1.04)","1.02(1.00,1.05)","1.01(0.99,1.04)","1.02(0.99,1.05)","0.1248","0.0844","0.3501","0.2085","1.0000","1.0005","1.0007","1.0003",7652,6936,6870,7675,3683,3684,3811,3928
"I00_I99","2000_2005","2021_2024",20,"Homeownership_tertile_3_EQI_Social+SM+PA+OB","1.00(1.00,1.00)","0.99(0.96,1.01)","1.00(0.98,1.03)","1.01(0.98,1.03)","1.01(0.98,1.04)","0.4118","0.9588","0.6180","0.3643","1.0013","1.0001","1.0009","1.0006",7475,5931,6392,5506,3802,3797,3959,4078
