ICD_Code,EQI_Period,AAMR_Period,Lag,Model,Q1,Q2,Q3,Q4,Q5,Q2_p,Q3_p,Q4_p,Q5_p,Q2_rhat,Q3_rhat,Q4_rhat,Q5_rhat,Q2_ess_bulk,Q3_ess_bulk,Q4_ess_bulk,Q5_ess_bulk,Q2_ess_tail,Q3_ess_tail,Q4_ess_tail,Q5_ess_tail
I00_I99,2000_2005,2006_2010,5,Census_Region_1_EQI+SM+PA+OB,0.00,"-2.04(-9.68,5.72)","6.07(-0.71,12.68)","0.90(-5.10,6.85)","0.41(-5.67,6.54)",0.5984,0.0810,0.7884,0.9067,1.0010,1.0020,1.0013,1.0003,4717,3740,3568,3127,3558,3374,3593,3361
"I00_I99","2000_2005","2006_2010",5,"Census_Region_1_EQI_Air+SM+PA+OB","0.00","-2.97(-10.28,4.53)","-2.94(-9.37,3.42)","0.33(-5.88,6.64)","9.15(3.14,15.30)","0.4314","0.3772","0.9271","0.0023","1.0005","1.0021","1.0007","1.0016",4587,3821,3821,3386,3579,3791,3469,3631
"I00_I99","2000_2005","2006_2010",5,"Census_Region_1_EQI_Water+SM+PA+OB","0.00","4.87(-1.77,11.65)","-8.60(-15.79,-1.36)","-7.97(-13.83,-1.91)","-7.55(-13.94,-0.87)","0.1531","0.0210","0.0110","0.0273","1.0020","1.0003","1.0002","1.0016",5782,4335,4319,4238,3757,4070,3810,3917
"I00_I99","2000_2005","2006_2010",5,"Census_Region_1_EQI_Land+SM+PA+OB","0.00","2.57(-4.25,9.46)","2.48(-3.35,8.29)","-1.53(-7.72,4.29)","-3.20(-9.56,3.11)","0.4672","0.3964","0.6080","0.3156","1.0005","1.0010","1.0011","1.0012",4366,2760,2654,3115,3788,3893,3570,3073
"I00_I99","2000_2005","2006_2010",5,"Census_Region_1_EQI_Built+SM+PA+OB","0.00","1.79(-5.97,9.56)","-0.62(-6.98,5.86)","1.70(-4.42,7.68)","0.58(-5.61,6.67)","0.6526","0.8321","0.5722","0.8454","1.0017","1.0004","1.0007","1.0032",5794,4069,3563,3176,3927,3828,3328,3393
"I00_I99","2000_2005","2006_2010",5,"Census_Region_1_EQI_Social+SM+PA+OB","0.00","-2.34(-9.38,4.37)","4.61(-1.49,10.65)","-6.77(-12.71,-0.85)","-6.93(-13.24,-0.66)","0.5159","0.1277","0.0235","0.0298","0.9994","1.0003","1.0000","0.9996",5057,3619,3293,2938,4023,3977,3497,3430
"I00_I99","2000_2005","2011_2015",10,"Census_Region_1_EQI+SM+PA+OB","0.00","-6.62(-14.26,0.98)","8.47(2.40,14.72)","3.95(-1.80,9.86)","6.19(0.18,12.16)","0.0844","0.0065","0.1914","0.0423","1.0010","0.9996","1.0003","1.0007",5056,3113,2967,2546,3660,3632,3590,3469
"I00_I99","2000_2005","2011_2015",10,"Census_Region_1_EQI_Air+SM+PA+OB","0.00","-0.68(-8.06,6.52)","1.35(-4.76,7.64)","2.08(-4.06,8.33)","7.64(1.48,13.84)","0.8492","0.6688","0.4955","0.0135","1.0020","1.0000","1.0009","1.0015",4306,3515,3149,3035,3940,3566,3505,3398
"I00_I99","2000_2005","2011_2015",10,"Census_Region_1_EQI_Water+SM+PA+OB","0.00","0.75(-5.43,7.12)","-7.93(-14.73,-1.22)","-4.53(-10.14,1.07)","-3.61(-9.86,2.48)","0.8346","0.0198","0.1106","0.2518","1.0011","1.0016","1.0002","0.9998",5040,4211,3789,3752,3902,3979,4079,3663
"I00_I99","2000_2005","2011_2015",10,"Census_Region_1_EQI_Land+SM+PA+OB","0.00","0.00(-6.47,6.41)","1.63(-3.83,7.39)","1.09(-4.62,6.55)","0.22(-5.47,6.12)","0.9979","0.5597","0.6984","0.9375","1.0002","1.0010","1.0010","1.0012",3546,2979,3037,3280,3492,3516,3713,3757
"I00_I99","2000_2005","2011_2015",10,"Census_Region_1_EQI_Built+SM+PA+OB","0.00","2.97(-4.14,10.15)","-1.09(-6.90,4.75)","5.15(-0.41,10.96)","5.22(-0.48,10.97)","0.4097","0.7042","0.0694","0.0698","1.0015","1.0017","1.0003","0.9999",4093,3309,3108,3009,3740,3459,3223,3415
"I00_I99","2000_2005","2011_2015",10,"Census_Region_1_EQI_Social+SM+PA+OB","0.00","-2.68(-9.30,3.88)","3.30(-2.52,8.99)","-4.55(-9.72,1.04)","-4.89(-10.72,1.16)","0.4172","0.2681","0.1094","0.1081","1.0000","1.0010","1.0020","1.0009",4257,3502,3162,2928,3883,3272,3561,3340
"I00_I99","2000_2005","2016_2020",15,"Census_Region_1_EQI+SM+PA+OB","0.00","-4.73(-12.53,2.83)","5.37(-0.75,11.50)","0.95(-4.69,6.73)","5.64(-0.21,11.58)","0.2106","0.0798","0.7501","0.0573","1.0017","1.0010","1.0007","1.0010",4964,3690,2770,2746,3447,3690,3273,3380
"I00_I99","2000_2005","2016_2020",15,"Census_Region_1_EQI_Air+SM+PA+OB","0.00","-4.73(-11.82,2.20)","-0.09(-6.18,5.97)","0.25(-5.61,6.16)","9.34(3.43,15.16)","0.1852","0.9704","0.9283","0.0019","1.0027","1.0017","1.0029","1.0013",4553,3060,2659,2854,3747,3079,3387,3154
"I00_I99","2000_2005","2016_2020",15,"Census_Region_1_EQI_Water+SM+PA+OB","0.00","4.36(-1.62,10.47)","-3.52(-10.03,2.89)","-4.53(-9.75,0.85)","-3.64(-9.37,2.10)","0.1598","0.2764","0.0960","0.2039","1.0017","1.0017","1.0001","1.0010",4763,4502,3756,3518,3369,3860,3803,3581
"I00_I99","2000_2005","2016_2020",15,"Census_Region_1_EQI_Land+SM+PA+OB","0.00","-1.51(-7.69,4.60)","0.99(-4.49,6.34)","3.05(-2.42,8.56)","2.49(-3.17,8.27)","0.6501","0.7205","0.2656","0.3901","1.0003","1.0004","1.0002","0.9997",4196,3026,2958,3121,3590,3453,3768,3543
"I00_I99","2000_2005","2016_2020",15,"Census_Region_1_EQI_Built+SM+PA+OB","0.00","4.29(-2.92,11.22)","-0.83(-6.39,4.90)","2.37(-2.92,7.66)","0.13(-5.21,5.58)","0.2139","0.7680","0.3864","0.9479","1.0012","1.0009","1.0009","1.0016",4270,3611,3106,2978,3853,3693,3583,3812
"I00_I99","2000_2005","2016_2020",15,"Census_Region_1_EQI_Social+SM+PA+OB","0.00","-2.23(-8.76,4.29)","1.83(-3.80,7.57)","-6.57(-12.02,-0.99)","-6.48(-12.21,-0.58)","0.4943","0.5318","0.0231","0.0327","1.0008","1.0006","1.0007","1.0010",4569,3572,3140,3036,3961,3700,2966,3628
"I00_I99","2000_2005","2021_2024",20,"Census_Region_1_EQI+SM+PA+OB","0.00","-3.80(-12.35,4.64)","2.28(-5.01,9.83)","-0.32(-6.88,6.55)","2.87(-4.18,10.02)","0.3960","0.5580","0.9196","0.4214","1.0014","1.0007","1.0013","1.0014",5921,4403,3885,3393,3636,3504,3631,3058
"I00_I99","2000_2005","2021_2024",20,"Census_Region_1_EQI_Air+SM+PA+OB","0.00","-0.81(-8.85,7.20)","-2.58(-9.87,4.79)","1.63(-5.37,8.63)","2.96(-4.01,9.96)","0.8575","0.4972","0.6459","0.4218","0.9996","1.0009","1.0013","1.0008",6797,5140,4608,4072,3650,3571,3765,3665
"I00_I99","2000_2005","2021_2024",20,"Census_Region_1_EQI_Water+SM+PA+OB","0.00","0.45(-7.41,8.37)","-0.25(-8.65,8.26)","1.14(-6.03,8.34)","0.94(-6.77,8.55)","0.9196","0.9433","0.7663","0.7996","1.0004","1.0006","1.0012","1.0002",5735,5757,5521,5284,3818,3450,3473,3703
"I00_I99","2000_2005","2021_2024",20,"Census_Region_1_EQI_Land+SM+PA+OB","0.00","-1.76(-9.32,5.86)","0.35(-6.14,6.94)","2.45(-4.05,9.21)","2.13(-4.96,9.23)","0.6651","0.9196","0.4751","0.5438","1.0008","1.0016","1.0017","1.0013",5989,4199,4049,4991,3564,3788,3523,3975
"I00_I99","2000_2005","2021_2024",20,"Census_Region_1_EQI_Built+SM+PA+OB","0.00","-2.25(-10.59,6.09)","-4.61(-11.65,2.33)","4.13(-2.70,10.83)","2.78(-3.96,9.49)","0.5997","0.1889","0.2289","0.4139","1.0022","1.0012","0.9997","1.0005",6913,5077,4464,3903,3573,3802,3874,3833
"I00_I99","2000_2005","2021_2024",20,"Census_Region_1_EQI_Social+SM+PA+OB","0.00","1.82(-5.86,9.85)","1.80(-4.92,8.68)","-2.77(-9.31,3.82)","-4.68(-11.68,2.51)","0.6697","0.6313","0.3997","0.2047","1.0026","1.0004","0.9996","1.0015",5973,4347,4327,3889,3784,3460,3837,3761
"I00_I99","2000_2005","2006_2010",5,"Census_Region_2_EQI+SM+PA+OB","0.00","22.13(16.76,27.70)","23.33(18.13,28.39)","20.47(15.45,25.46)","20.75(15.31,26.34)","0.0002","0.0002","0.0002","0.0002","1.0010","1.0014","1.0017","1.0018",3736,3273,2806,2600,3219,2831,2944,3265
"I00_I99","2000_2005","2006_2010",5,"Census_Region_2_EQI_Air+SM+PA+OB","0.00","5.99(1.32,10.65)","12.14(7.28,17.12)","9.15(3.93,14.43)","9.49(3.74,15.06)","0.0131","0.0002","0.0015","0.0006","1.0016","1.0017","1.0024","1.0025",3997,3973,3542,3364,3516,3499,3660,3858
"I00_I99","2000_2005","2006_2010",5,"Census_Region_2_EQI_Water+SM+PA+OB","0.00","-2.06(-7.24,3.16)","4.66(-0.59,9.95)","4.33(-0.77,9.55)","3.11(-3.01,9.19)","0.4434","0.0860","0.0985","0.3085","1.0009","1.0013","1.0004","1.0002",3720,3485,3334,4347,3458,3325,3356,3886
"I00_I99","2000_2005","2006_2010",5,"Census_Region_2_EQI_Land+SM+PA+OB","0.00","1.37(-4.49,7.37)","7.04(1.42,12.58)","14.28(8.92,19.50)","14.08(8.49,19.42)","0.6563","0.0127","0.0002","0.0002","1.0014","1.0026","1.0019","1.0022",4393,3529,3227,3454,3040,3362,3414,3328
"I00_I99","2000_2005","2006_2010",5,"Census_Region_2_EQI_Built+SM+PA+OB","0.00","14.03(9.18,18.85)","11.36(6.79,16.00)","12.84(7.89,17.57)","14.42(9.24,19.47)","0.0002","0.0002","0.0002","0.0002","1.0002","1.0026","0.9999","1.0010",4411,4098,3830,3534,4060,3809,3690,3391
"I00_I99","2000_2005","2006_2010",5,"Census_Region_2_EQI_Social+SM+PA+OB","0.00","-5.48(-11.08,0.33)","-4.48(-9.62,0.73)","-3.09(-8.22,2.21)","-6.27(-12.16,-0.39)","0.0648","0.0944","0.2389","0.0348","1.0013","1.0015","1.0010","1.0005",4339,3311,2956,2961,3937,3708,3361,3465
"I00_I99","2000_2005","2011_2015",10,"Census_Region_2_EQI+SM+PA+OB","0.00","21.95(16.92,27.00)","22.67(17.78,27.39)","22.25(17.26,27.12)","21.26(15.83,26.78)","0.0002","0.0002","0.0002","0.0002","1.0008","1.0036","1.0010","1.0019",3481,2325,2297,2112,3589,3152,2894,2683
"I00_I99","2000_2005","2011_2015",10,"Census_Region_2_EQI_Air+SM+PA+OB","0.00","6.18(1.82,10.69)","10.15(5.57,14.86)","8.31(3.26,13.27)","5.04(-0.47,10.58)","0.0052","0.0002","0.0010","0.0781","1.0013","1.0006","1.0010","1.0016",4381,3760,3323,3233,3860,3632,3685,3257
"I00_I99","2000_2005","2011_2015",10,"Census_Region_2_EQI_Water+SM+PA+OB","0.00","-6.58(-11.51,-1.65)","3.78(-1.20,8.74)","5.59(0.53,10.60)","3.38(-2.40,9.11)","0.0094","0.1443","0.0298","0.2547","1.0000","1.0011","1.0005","1.0003",4086,3290,3933,4318,4000,3775,3648,3924
"I00_I99","2000_2005","2011_2015",10,"Census_Region_2_EQI_Land+SM+PA+OB","0.00","0.58(-5.17,6.22)","6.10(0.75,11.30)","14.37(9.34,19.60)","15.23(9.86,20.52)","0.8305","0.0265","0.0002","0.0002","1.0020","1.0008","1.0012","1.0015",3970,3551,3227,3373,3681,3624,3884,3543
"I00_I99","2000_2005","2011_2015",10,"Census_Region_2_EQI_Built+SM+PA+OB","0.00","16.25(11.59,20.83)","12.85(8.54,17.31)","14.10(9.53,18.72)","15.29(10.38,20.34)","0.0002","0.0002","0.0002","0.0002","1.0002","1.0006","1.0023","1.0008",3991,3451,3774,3586,3536,3406,4090,3916
"I00_I99","2000_2005","2011_2015",10,"Census_Region_2_EQI_Social+SM+PA+OB","0.00","-3.57(-9.30,2.20)","-3.33(-8.39,1.61)","1.91(-3.00,7.15)","-4.80(-10.32,0.84)","0.2097","0.1935","0.4639","0.1056","1.0027","0.9999","1.0003","1.0001",4221,3370,2805,2887,3625,3639,3703,3683
"I00_I99","2000_2005","2016_2020",15,"Census_Region_2_EQI+SM+PA+OB","0.00","21.68(16.34,26.86)","18.42(13.66,23.46)","18.47(13.66,23.28)","23.29(18.06,28.65)","0.0002","0.0002","0.0002","0.0002","1.0001","1.0009","1.0016","1.0019",3161,2672,2524,2270,3222,2814,3322,3096
"I00_I99","2000_2005","2016_2020",15,"Census_Region_2_EQI_Air+SM+PA+OB","0.00","9.46(5.11,13.80)","8.23(3.75,12.76)","11.35(6.54,16.36)","10.34(4.95,15.77)","0.0002","0.0006","0.0002","0.0006","1.0008","0.9998","0.9998","0.9997",4268,3782,3565,3377,3952,3491,3790,3735
"I00_I99","2000_2005","2016_2020",15,"Census_Region_2_EQI_Water+SM+PA+OB","0.00","-4.31(-9.47,0.69)","5.05(0.04,10.25)","4.23(-0.73,9.28)","4.11(-1.63,10.12)","0.0994","0.0494","0.1010","0.1723","1.0008","1.0006","1.0016","1.0006",3797,3273,3417,3708,3726,3451,3494,3574
"I00_I99","2000_2005","2016_2020",15,"Census_Region_2_EQI_Land+SM+PA+OB","0.00","1.31(-4.26,6.68)","5.57(0.48,10.55)","12.38(7.24,17.47)","13.04(7.83,18.34)","0.6376","0.0340","0.0002","0.0002","1.0000","1.0000","1.0008","1.0002",3748,3105,2721,2741,3640,3239,3276,2838
"I00_I99","2000_2005","2016_2020",15,"Census_Region_2_EQI_Built+SM+PA+OB","0.00","14.26(9.62,18.53)","13.78(9.47,18.11)","12.44(8.02,16.77)","16.94(12.30,21.59)","0.0002","0.0002","0.0002","0.0002","1.0001","1.0002","1.0012","1.0014",4728,4119,3936,3798,3808,3817,4035,3779
"I00_I99","2000_2005","2016_2020",15,"Census_Region_2_EQI_Social+SM+PA+OB","0.00","-5.12(-10.41,0.31)","-1.19(-6.03,3.74)","0.20(-4.65,5.28)","-3.75(-9.45,1.81)","0.0606","0.6288","0.9529","0.1852","1.0002","1.0007","1.0009","1.0003",4065,3272,2925,2858,3517,3610,3248,3194
"I00_I99","2000_2005","2021_2024",20,"Census_Region_2_EQI+SM+PA+OB","0.00","10.55(3.53,17.47)","7.74(1.15,14.13)","8.89(2.47,15.33)","13.76(6.73,20.87)","0.0048","0.0198","0.0077","0.0002","1.0027","1.0007","1.0020","1.0014",4890,4446,3566,3316,3965,3639,3625,3498
"I00_I99","2000_2005","2021_2024",20,"Census_Region_2_EQI_Air+SM+PA+OB","0.00","5.48(-0.72,11.95)","4.30(-2.18,10.65)","9.56(2.95,16.07)","7.27(0.20,14.34)","0.0831","0.1998","0.0052","0.0444","0.9995","1.0002","1.0003","1.0001",4575,4711,4095,3811,3579,3419,3361,3685
"I00_I99","2000_2005","2021_2024",20,"Census_Region_2_EQI_Water+SM+PA+OB","0.00","-6.76(-13.40,0.15)","1.58(-5.17,8.29)","5.10(-1.63,11.77)","1.59(-5.98,9.11)","0.0581","0.6267","0.1293","0.6821","1.0002","0.9996","1.0008","1.0018",4591,4557,4227,4554,3556,3943,3865,3827
"I00_I99","2000_2005","2021_2024",20,"Census_Region_2_EQI_Land+SM+PA+OB","0.00","-3.97(-11.30,3.74)","-0.65(-7.25,6.08)","6.06(-0.59,12.48)","7.25(0.45,13.78)","0.2872","0.8538","0.0781","0.0377","1.0019","1.0011","1.0006","1.0011",5497,4066,3667,3876,3228,3635,3342,3565
"I00_I99","2000_2005","2021_2024",20,"Census_Region_2_EQI_Built+SM+PA+OB","0.00","5.21(-1.42,11.62)","6.78(0.49,12.94)","8.62(2.26,14.81)","11.46(4.91,18.07)","0.1352","0.0360","0.0060","0.0002","1.0019","1.0009","1.0013","1.0005",5059,4620,3897,3776,3747,3707,3596,3763
"I00_I99","2000_2005","2021_2024",20,"Census_Region_2_EQI_Social+SM+PA+OB","0.00","-6.02(-13.39,1.33)","-4.95(-11.61,1.61)","2.46(-3.96,8.78)","-1.17(-8.24,6.03)","0.1160","0.1531","0.4614","0.7592","1.0009","1.0017","1.0014","1.0012",5048,4379,3503,3152,3433,3523,3009,3841
"I00_I99","2000_2005","2006_2010",5,"Census_Region_3_EQI+SM+PA+OB","0.00","8.89(4.85,12.85)","8.79(4.41,13.06)","10.52(5.67,15.40)","12.06(6.13,18.18)","0.0002","0.0002","0.0002","0.0002","1.0013","1.0034","1.0021","1.0025",3427,3217,2849,2674,3498,3307,3500,3407
"I00_I99","2000_2005","2006_2010",5,"Census_Region_3_EQI_Air+SM+PA+OB","0.00","12.48(7.61,17.30)","12.40(7.49,17.25)","11.38(6.36,16.18)","14.24(8.92,19.45)","0.0002","0.0002","0.0002","0.0002","1.0005","1.0006","1.0006","1.0006",3423,2982,2953,2940,3597,3342,3258,3446
"I00_I99","2000_2005","2006_2010",5,"Census_Region_3_EQI_Water+SM+PA+OB","0.00","0.40(-4.65,5.57)","0.33(-4.88,5.72)","1.58(-3.89,6.99)","-2.15(-8.31,3.85)","0.8888","0.9092","0.5705","0.4743","0.9997","1.0001","1.0000","1.0009",3603,3502,3220,3781,3522,3821,3417,3438
"I00_I99","2000_2005","2006_2010",5,"Census_Region_3_EQI_Land+SM+PA+OB","0.00","-3.31(-6.96,0.31)","-4.74(-8.80,-0.74)","-0.73(-6.31,4.84)","-1.03(-7.85,5.62)","0.0735","0.0198","0.8038","0.7588","1.0015","1.0036","1.0021","1.0009",4706,4837,5589,5102,3394,3857,3654,3452
"I00_I99","2000_2005","2006_2010",5,"Census_Region_3_EQI_Built+SM+PA+OB","0.00","9.08(5.21,12.97)","15.05(10.88,19.34)","15.67(11.26,20.18)","21.64(16.60,26.59)","0.0002","0.0002","0.0002","0.0002","1.0017","1.0016","1.0013","1.0015",4731,4250,4249,3874,3505,3680,3567,3916
"I00_I99","2000_2005","2006_2010",5,"Census_Region_3_EQI_Social+SM+PA+OB","0.00","3.72(-0.18,7.54)","-4.61(-9.14,0.06)","-7.39(-12.69,-2.09)","-6.98(-13.06,-1.12)","0.0639","0.0531","0.0035","0.0198","1.0004","1.0016","1.0009","1.0006",3991,3524,3413,3053,3385,3263,3359,3650
"I00_I99","2000_2005","2011_2015",10,"Census_Region_3_EQI+SM+PA+OB","0.00","6.21(2.64,9.96)","6.76(2.72,10.73)","8.17(3.60,12.73)","8.98(3.25,14.70)","0.0006","0.0002","0.0006","0.0010","1.0032","1.0026","1.0018","1.0015",2488,3072,2623,2687,3190,3565,3438,3297
"I00_I99","2000_2005","2011_2015",10,"Census_Region_3_EQI_Air+SM+PA+OB","0.00","8.12(3.67,12.64)","9.68(5.31,14.11)","9.61(5.00,14.17)","13.82(8.83,18.90)","0.0006","0.0002","0.0002","0.0002","1.0000","1.0011","1.0011","1.0022",3490,3094,3142,3314,3782,3622,3471,3849
"I00_I99","2000_2005","2011_2015",10,"Census_Region_3_EQI_Water+SM+PA+OB","0.00","-0.41(-5.24,4.23)","0.70(-4.16,5.60)","4.01(-1.12,9.14)","-1.69(-7.27,3.80)","0.8821","0.7700","0.1327","0.5601","1.0003","1.0012","1.0004","1.0021",3802,3630,3634,3865,3789,3294,3610,3266
"I00_I99","2000_2005","2011_2015",10,"Census_Region_3_EQI_Land+SM+PA+OB","0.00","-4.40(-7.70,-1.14)","-5.49(-9.29,-1.64)","-5.82(-10.88,-0.70)","-1.09(-7.44,5.05)","0.0077","0.0052","0.0285","0.7321","1.0025","1.0016","0.9999","1.0003",5261,4712,5863,4925,3313,3524,3780,3207
"I00_I99","2000_2005","2011_2015",10,"Census_Region_3_EQI_Built+SM+PA+OB","0.00","8.78(5.09,12.44)","12.12(8.29,16.01)","13.36(9.18,17.38)","20.65(16.03,25.19)","0.0002","0.0002","0.0002","0.0002","1.0009","1.0013","1.0007","1.0006",5404,4557,4620,4734,4101,4187,4096,3939
"I00_I99","2000_2005","2011_2015",10,"Census_Region_3_EQI_Social+SM+PA+OB","0.00","2.93(-0.57,6.43)","-6.03(-10.29,-1.92)","-10.15(-14.96,-5.26)","-11.45(-17.18,-5.82)","0.0939","0.0031","0.0002","0.0002","1.0009","1.0003","1.0006","1.0007",4393,4035,4376,3926,3263,4019,3868,4067
"I00_I99","2000_2005","2016_2020",15,"Census_Region_3_EQI+SM+PA+OB","0.00","10.63(6.69,14.52)","12.08(7.81,16.22)","16.34(11.58,21.19)","14.71(8.81,20.89)","0.0002","0.0002","0.0002","0.0002","1.0009","1.0023","1.0018","1.0034",3414,3144,2785,2628,3084,2918,3064,3316
"I00_I99","2000_2005","2016_2020",15,"Census_Region_3_EQI_Air+SM+PA+OB","0.00","5.37(0.33,10.42)","11.53(6.73,16.30)","13.54(8.78,18.11)","18.80(13.52,23.91)","0.0398","0.0002","0.0002","0.0002","0.9999","1.0001","0.9999","1.0006",3656,3337,3134,3233,3366,3477,3354,3225
"I00_I99","2000_2005","2016_2020",15,"Census_Region_3_EQI_Water+SM+PA+OB","0.00","-2.51(-7.55,2.43)","-0.23(-5.16,4.70)","3.37(-1.89,8.70)","-1.78(-7.38,3.87)","0.3414","0.9358","0.2068","0.5538","1.0002","1.0012","1.0004","1.0005",4229,3187,3447,3862,3647,3298,3303,3637
"I00_I99","2000_2005","2016_2020",15,"Census_Region_3_EQI_Land+SM+PA+OB","0.00","-1.90(-5.32,1.50)","-3.28(-7.17,0.65)","-3.75(-9.04,1.51)","-2.12(-8.77,4.51)","0.2851","0.1023","0.1793","0.5226","1.0004","1.0019","1.0006","1.0008",5251,4369,4755,5700,3586,3519,3305,3519
"I00_I99","2000_2005","2016_2020",15,"Census_Region_3_EQI_Built+SM+PA+OB","0.00","10.27(6.48,14.01)","15.81(11.79,19.83)","19.59(15.19,24.01)","26.59(21.65,31.34)","0.0002","0.0002","0.0002","0.0002","1.0021","0.9998","1.0005","1.0006",3881,4076,3549,4079,3340,3540,3228,3568
"I00_I99","2000_2005","2016_2020",15,"Census_Region_3_EQI_Social+SM+PA+OB","0.00","4.57(0.96,8.18)","-4.39(-8.76,-0.07)","-9.20(-14.13,-4.08)","-9.36(-15.11,-3.48)","0.0110","0.0456","0.0006","0.0010","1.0024","1.0016","1.0028","1.0008",3873,3514,3598,3420,3656,3360,3592,3817
"I00_I99","2000_2005","2021_2024",20,"Census_Region_3_EQI+SM+PA+OB","0.00","6.00(0.19,11.71)","6.06(0.17,11.89)","6.91(0.35,13.47)","5.92(-1.53,13.77)","0.0439","0.0427","0.0385","0.1339","1.0009","0.9997","1.0018","1.0006",4671,4387,3497,3325,3639,3730,3702,3626
"I00_I99","2000_2005","2021_2024",20,"Census_Region_3_EQI_Air+SM+PA+OB","0.00","-0.66(-7.14,5.79)","5.06(-1.07,11.05)","5.15(-1.16,11.34)","12.20(5.50,19.09)","0.8479","0.1131","0.1085","0.0006","1.0023","1.0011","1.0014","1.0014",4387,4495,4101,4469,3602,3688,3666,3602
"I00_I99","2000_2005","2021_2024",20,"Census_Region_3_EQI_Water+SM+PA+OB","0.00","-3.48(-10.11,3.41)","0.15(-6.48,6.85)","4.12(-2.75,11.07)","-3.02(-10.76,4.62)","0.3181","0.9813","0.2372","0.4343","1.0018","1.0004","1.0006","1.0005",4626,4579,4597,4390,3423,3782,3433,3653
"I00_I99","2000_2005","2021_2024",20,"Census_Region_3_EQI_Land+SM+PA+OB","0.00","-1.67(-6.99,3.61)","-5.42(-11.50,0.61)","-4.48(-12.09,3.04)","-1.99(-10.62,6.36)","0.5218","0.0810","0.2356","0.6384","1.0002","0.9993","1.0018","1.0026",5789,5488,5643,5614,3781,3689,3187,3233
"I00_I99","2000_2005","2021_2024",20,"Census_Region_3_EQI_Built+SM+PA+OB","0.00","4.36(-1.31,9.88)","9.00(3.12,14.98)","13.59(7.50,19.87)","20.14(13.27,26.97)","0.1331","0.0035","0.0002","0.0002","1.0002","1.0023","1.0010","1.0012",5059,4919,4532,4850,3841,3421,3401,3804
"I00_I99","2000_2005","2021_2024",20,"Census_Region_3_EQI_Social+SM+PA+OB","0.00","7.10(1.86,12.45)","-1.96(-8.16,4.40)","-9.98(-16.92,-3.18)","-10.49(-17.97,-3.04)","0.0081","0.5201","0.0052","0.0077","1.0011","1.0005","1.0012","1.0013",4266,4859,4284,4513,3187,3362,3619,3882
"I00_I99","2000_2005","2006_2010",5,"Census_Region_4_EQI+SM+PA+OB","0.00","4.56(-2.66,11.63)","10.51(3.58,17.41)","10.36(3.18,17.72)","10.45(3.13,17.91)","0.2097","0.0044","0.0065","0.0069","1.0009","1.0004","1.0010","1.0014",6190,6014,6024,5189,3445,3692,3840,3693
"I00_I99","2000_2005","2006_2010",5,"Census_Region_4_EQI_Air+SM+PA+OB","0.00","10.90(4.05,17.60)","6.98(-0.20,14.00)","8.30(1.24,15.25)","7.09(-0.58,14.78)","0.0019","0.0577","0.0231","0.0673","0.9997","1.0019","1.0010","1.0004",6667,6773,6173,5964,3594,3515,3612,3349
"I00_I99","2000_2005","2006_2010",5,"Census_Region_4_EQI_Water+SM+PA+OB","0.00","-15.51(-23.10,-7.84)","4.26(-3.29,11.94)","2.95(-4.84,10.28)","7.83(0.42,15.15)","0.0002","0.2722","0.4310","0.0348","1.0000","1.0025","1.0018","1.0011",5360,5992,5107,4509,3869,3529,4120,3615
"I00_I99","2000_2005","2006_2010",5,"Census_Region_4_EQI_Land+SM+PA+OB","0.00","-3.78(-12.55,5.03)","2.20(-5.44,10.00)","4.57(-2.35,11.56)","7.27(0.36,14.29)","0.4139","0.5805","0.2052","0.0431","1.0008","1.0012","1.0003","1.0002",6604,5405,4329,4713,3464,3239,3801,3977
"I00_I99","2000_2005","2006_2010",5,"Census_Region_4_EQI_Built+SM+PA+OB","0.00","0.44(-6.72,7.69)","12.44(5.47,19.49)","7.85(1.32,14.62)","2.99(-3.98,9.78)","0.9134","0.0002","0.0185","0.3872","1.0011","0.9997","1.0011","1.0011",6243,5952,5237,4517,3681,3541,4069,3548
"I00_I99","2000_2005","2006_2010",5,"Census_Region_4_EQI_Social+SM+PA+OB","0.00","1.96(-4.97,9.10)","4.65(-1.86,11.21)","7.16(0.13,14.14)","4.06(-3.52,11.72)","0.5863","0.1664","0.0473","0.2989","1.0040","1.0003","1.0000","1.0002",6698,5670,5591,4837,3294,3311,3960,4248
"I00_I99","2000_2005","2011_2015",10,"Census_Region_4_EQI+SM+PA+OB","0.00","5.38(-1.56,12.21)","10.28(3.37,17.07)","12.66(5.47,19.71)","9.84(2.63,17.00)","0.1227","0.0052","0.0006","0.0060","1.0005","0.9995","1.0015","1.0002",6480,5364,4934,4451,3776,3848,3671,4044
"I00_I99","2000_2005","2011_2015",10,"Census_Region_4_EQI_Air+SM+PA+OB","0.00","10.82(4.21,17.33)","7.90(0.89,15.14)","7.75(0.86,14.62)","6.28(-1.17,13.79)","0.0035","0.0315","0.0260","0.1014","1.0002","1.0001","0.9997","1.0002",4887,5587,5089,4784,3885,3659,3876,3751
"I00_I99","2000_2005","2011_2015",10,"Census_Region_4_EQI_Water+SM+PA+OB","0.00","-15.06(-22.57,-7.58)","6.80(-0.54,14.18)","3.78(-3.77,11.33)","6.75(-0.25,13.44)","0.0002","0.0656","0.3181","0.0581","1.0018","1.0006","1.0006","1.0014",4901,4538,4536,3526,3810,3569,3754,3576
"I00_I99","2000_2005","2011_2015",10,"Census_Region_4_EQI_Land+SM+PA+OB","0.00","-1.75(-10.23,6.93)","2.93(-4.42,10.43)","2.30(-4.60,9.38)","6.76(-0.05,13.86)","0.6755","0.4572","0.5243","0.0514","1.0012","1.0000","1.0026","1.0003",4592,4450,4185,4018,3314,3690,3784,3760
"I00_I99","2000_2005","2011_2015",10,"Census_Region_4_EQI_Built+SM+PA+OB","0.00","-2.02(-9.25,5.23)","12.82(5.85,19.92)","11.51(4.69,18.13)","3.58(-3.03,10.19)","0.5801","0.0002","0.0010","0.2856","1.0013","1.0001","1.0009","1.0005",5384,4845,4245,3851,3720,3381,3563,3556
"I00_I99","2000_2005","2011_2015",10,"Census_Region_4_EQI_Social+SM+PA+OB","0.00","-0.79(-7.19,5.62)","0.54(-5.91,7.03)","6.69(-0.31,13.49)","2.78(-4.85,10.17)","0.7992","0.8775","0.0627","0.4401","1.0003","1.0017","1.0014","1.0003",5088,5078,4653,4029,3735,3738,3609,3795
"I00_I99","2000_2005","2016_2020",15,"Census_Region_4_EQI+SM+PA+OB","0.00","6.20(-0.51,12.95)","9.51(2.86,16.00)","13.49(6.75,20.31)","13.49(6.71,20.30)","0.0710","0.0052","0.0002","0.0002","1.0001","1.0001","1.0002","1.0013",5702,5258,5309,4536,3648,3645,3423,3880
"I00_I99","2000_2005","2016_2020",15,"Census_Region_4_EQI_Air+SM+PA+OB","0.00","9.18(2.74,15.60)","9.69(2.62,16.64)","10.59(3.84,17.03)","10.29(2.86,17.63)","0.0040","0.0073","0.0019","0.0056","1.0048","1.0010","1.0003","1.0015",4221,4418,3844,4056,3666,3838,3835,3813
"I00_I99","2000_2005","2016_2020",15,"Census_Region_4_EQI_Water+SM+PA+OB","0.00","-16.55(-23.92,-8.78)","10.05(2.29,17.40)","1.13(-6.05,8.31)","5.02(-1.73,11.51)","0.0002","0.0085","0.7617","0.1448","1.0000","1.0007","1.0010","1.0019",3535,3775,3600,3326,3686,3585,4120,3701
"I00_I99","2000_2005","2016_2020",15,"Census_Region_4_EQI_Land+SM+PA+OB","0.00","-3.86(-12.26,4.85)","5.76(-1.46,13.00)","0.10(-6.48,6.70)","8.12(1.03,14.86)","0.3610","0.1177","0.9871","0.0223","1.0001","1.0002","1.0002","1.0018",4717,3360,2967,2960,3472,3003,3426,3633
"I00_I99","2000_2005","2016_2020",15,"Census_Region_4_EQI_Built+SM+PA+OB","0.00","4.04(-2.87,11.00)","11.79(5.12,18.58)","12.25(5.86,18.67)","3.16(-3.44,9.62)","0.2397","0.0010","0.0002","0.3535","0.9997","1.0016","1.0001","1.0007",4036,3804,4007,3315,3791,3393,3728,3208
"I00_I99","2000_2005","2016_2020",15,"Census_Region_4_EQI_Social+SM+PA+OB","0.00","1.28(-5.16,7.53)","3.77(-2.39,9.76)","7.99(1.42,14.37)","3.36(-3.80,10.61)","0.7013","0.2285","0.0119","0.3643","1.0013","1.0027","1.0015","1.0013",4395,3546,3689,2798,3521,3630,3397,3388
"I00_I99","2000_2005","2021_2024",20,"Census_Region_4_EQI+SM+PA+OB","0.00","2.63(-5.13,10.69)","5.20(-2.77,13.27)","6.16(-1.97,14.36)","6.61(-1.50,14.75)","0.5159","0.2027","0.1373","0.1152","1.0002","1.0027","1.0012","1.0004",4790,6282,6016,4760,3637,3319,3979,3602
"I00_I99","2000_2005","2021_2024",20,"Census_Region_4_EQI_Air+SM+PA+OB","0.00","7.16(-0.92,14.95)","6.37(-2.05,14.73)","5.72(-2.52,14.11)","5.27(-3.13,14.05)","0.0814","0.1223","0.1835","0.2360","1.0027","1.0003","1.0023","1.0013",7499,6755,7042,5978,3611,3709,3561,3554
"I00_I99","2000_2005","2021_2024",20,"Census_Region_4_EQI_Water+SM+PA+OB","0.00","-11.33(-19.60,-2.80)","3.15(-5.49,11.61)","3.67(-4.95,12.17)","3.80(-4.27,11.83)","0.0106","0.4622","0.3905","0.3410","1.0003","1.0007","0.9996","1.0054",7366,6086,6232,5325,4176,3336,3328,3801
"I00_I99","2000_2005","2021_2024",20,"Census_Region_4_EQI_Land+SM+PA+OB","0.00","-2.33(-11.30,6.71)","6.12(-2.41,14.35)","-0.86(-8.56,6.76)","4.70(-3.29,12.58)","0.6292","0.1543","0.8321","0.2414","1.0001","1.0003","1.0000","1.0015",6954,5980,5722,5966,3926,3777,4050,3808
"I00_I99","2000_2005","2021_2024",20,"Census_Region_4_EQI_Built+SM+PA+OB","0.00","-0.83(-9.09,7.47)","5.97(-2.18,14.40)","8.82(0.80,16.87)","0.86(-7.06,8.66)","0.8342","0.1648","0.0323","0.8309","1.0025","0.9995","1.0002","1.0025",6300,6434,6724,6344,3736,3792,3578,3812
"I00_I99","2000_2005","2021_2024",20,"Census_Region_4_EQI_Social+SM+PA+OB","0.00","0.98(-6.79,8.85)","-1.27(-8.76,6.23)","5.01(-3.06,13.32)","1.62(-7.14,10.21)","0.7959","0.7526","0.2293","0.6988","1.0008","1.0005","1.0008","1.0032",7423,7005,7322,6358,3888,3656,3553,3463
"I00_I99","2000_2005","2006_2010",5,"koppen_major_B_EQI+SM+PA+OB","0.00","10.84(3.22,18.16)","12.93(5.55,20.44)","10.06(1.89,18.30)","6.51(-1.97,15.05)","0.0040","0.0006","0.0131","0.1306","1.0019","1.0005","1.0007","1.0008",6231,5797,5674,5782,3735,3936,3418,3640
"I00_I99","2000_2005","2006_2010",5,"koppen_major_B_EQI_Air+SM+PA+OB","0.00","10.65(3.19,18.32)","7.79(-0.48,15.68)","4.75(-3.39,13.13)","1.95(-7.43,11.01)","0.0077","0.0619","0.2627","0.6705","0.9998","1.0005","1.0015","1.0017",5766,4746,5490,6273,3662,3508,3633,4066
"I00_I99","2000_2005","2006_2010",5,"koppen_major_B_EQI_Water+SM+PA+OB","0.00","-10.00(-18.00,-1.85)","5.11(-3.16,13.28)","7.44(-0.26,14.97)","8.56(0.86,16.45)","0.0106","0.2164","0.0598","0.0310","1.0003","1.0017","1.0013","1.0000",5355,5412,4365,4427,3625,3757,3331,3555
"I00_I99","2000_2005","2006_2010",5,"koppen_major_B_EQI_Land+SM+PA+OB","0.00","0.49(-7.39,8.35)","-3.26(-10.87,4.28)","4.66(-2.86,12.38)","6.34(-2.08,14.85)","0.8988","0.3976","0.2389","0.1381","1.0008","1.0001","1.0001","1.0014",5367,5107,4724,5277,3627,3790,3254,4013
"I00_I99","2000_2005","2006_2010",5,"koppen_major_B_EQI_Built+SM+PA+OB","0.00","7.87(0.52,15.45)","13.56(5.67,21.43)","7.34(-0.32,15.04)","9.56(1.84,17.67)","0.0373","0.0010","0.0602","0.0160","1.0011","1.0004","1.0015","1.0005",5215,4892,5565,5103,3620,3558,3771,3896
"I00_I99","2000_2005","2006_2010",5,"koppen_major_B_EQI_Social+SM+PA+OB","0.00","-1.90(-9.28,5.65)","0.77(-6.86,8.52)","2.03(-5.94,10.09)","0.18(-8.87,9.09)","0.6155","0.8459","0.6159","0.9629","1.0019","1.0008","1.0020","1.0001",5827,4813,5425,5599,3534,3818,3577,3698
"I00_I99","2000_2005","2011_2015",10,"koppen_major_B_EQI+SM+PA+OB","0.00","9.77(2.45,17.19)","11.47(3.56,19.27)","9.37(1.24,17.42)","5.09(-3.80,13.61)","0.0106","0.0052","0.0235","0.2535","1.0006","1.0004","1.0005","1.0001",5172,5114,4087,5300,3477,3863,3372,3492
"I00_I99","2000_2005","2011_2015",10,"koppen_major_B_EQI_Air+SM+PA+OB","0.00","9.05(1.52,16.74)","6.24(-1.83,14.26)","2.85(-5.44,11.31)","1.46(-7.51,10.72)","0.0185","0.1252","0.5076","0.7509","1.0024","1.0010","1.0016","1.0018",4876,5141,4863,5414,3677,4055,3491,3867
"I00_I99","2000_2005","2011_2015",10,"koppen_major_B_EQI_Water+SM+PA+OB","0.00","-6.43(-14.28,1.73)","6.83(-1.03,14.77)","3.42(-4.55,11.02)","7.81(0.00,15.41)","0.1194","0.0969","0.3830","0.0502","1.0007","1.0010","1.0006","1.0012",4520,5148,4401,4134,3599,3767,3701,3528
"I00_I99","2000_2005","2011_2015",10,"koppen_major_B_EQI_Land+SM+PA+OB","0.00","1.46(-6.36,9.24)","-4.84(-12.20,2.59)","3.29(-4.25,10.80)","5.51(-2.44,13.62)","0.7076","0.1989","0.4068","0.1785","1.0009","1.0001","1.0022","0.9998",4207,4135,4467,4524,3082,3975,3828,3626
"I00_I99","2000_2005","2011_2015",10,"koppen_major_B_EQI_Built+SM+PA+OB","0.00","6.48(-0.67,13.79)","13.31(5.66,21.00)","10.57(3.19,17.76)","5.77(-2.19,13.51)","0.0789","0.0002","0.0052","0.1506","1.0017","1.0001","1.0010","1.0004",4065,5098,4765,4864,3420,3654,3924,3683
"I00_I99","2000_2005","2011_2015",10,"koppen_major_B_EQI_Social+SM+PA+OB","0.00","-1.01(-8.51,6.48)","-2.50(-10.07,5.22)","3.41(-4.57,11.30)","1.66(-7.07,10.49)","0.7942","0.5122","0.3939","0.7221","1.0030","1.0010","1.0000","1.0001",5240,3870,4659,5192,3779,3233,3587,3805
"I00_I99","2000_2005","2016_2020",15,"koppen_major_B_EQI+SM+PA+OB","0.00","9.38(2.40,16.24)","10.42(3.24,17.55)","12.51(4.50,20.18)","8.50(0.06,17.09)","0.0094","0.0056","0.0027","0.0481","0.9999","1.0007","1.0001","1.0007",5525,5037,5026,5681,3570,3635,3657,3878
"I00_I99","2000_2005","2016_2020",15,"koppen_major_B_EQI_Air+SM+PA+OB","0.00","7.87(0.48,14.96)","9.10(1.30,16.78)","6.09(-2.08,14.32)","2.74(-6.38,11.62)","0.0377","0.0215","0.1456","0.5438","1.0009","1.0012","1.0014","1.0009",5577,5653,5642,6018,3589,3499,3776,4065
"I00_I99","2000_2005","2016_2020",15,"koppen_major_B_EQI_Water+SM+PA+OB","0.00","-8.72(-16.43,-0.99)","6.62(-1.25,14.47)","7.16(-0.30,14.48)","10.22(2.76,18.03)","0.0294","0.1002","0.0606","0.0102","1.0013","1.0005","1.0006","1.0015",5164,4860,5084,4226,3870,3900,3614,3670
"I00_I99","2000_2005","2016_2020",15,"koppen_major_B_EQI_Land+SM+PA+OB","0.00","1.40(-6.19,9.13)","0.39(-6.67,7.55)","0.52(-6.96,8.03)","5.93(-1.86,13.67)","0.7284","0.9159","0.8804","0.1348","1.0001","1.0000","1.0009","1.0006",4776,4681,4495,5008,3471,3676,3860,3942
"I00_I99","2000_2005","2016_2020",15,"koppen_major_B_EQI_Built+SM+PA+OB","0.00","6.88(-0.48,14.09)","14.33(6.63,22.26)","11.51(4.19,18.83)","8.05(0.47,15.56)","0.0644","0.0002","0.0023","0.0394","1.0034","1.0030","1.0010","0.9999",5236,5769,5645,4743,3644,3470,3713,3771
"I00_I99","2000_2005","2016_2020",15,"koppen_major_B_EQI_Social+SM+PA+OB","0.00","0.96(-6.36,8.03)","0.72(-6.52,7.84)","2.52(-4.97,10.56)","0.84(-7.31,8.99)","0.7934","0.8500","0.5380","0.8434","1.0006","1.0003","1.0012","0.9998",5345,5167,5057,5219,3402,3075,3588,3920
"I00_I99","2000_2005","2021_2024",20,"koppen_major_B_EQI+SM+PA+OB","0.00","5.32(-3.24,13.74)","4.68(-4.07,13.40)","6.12(-2.69,14.98)","3.90(-5.18,12.86)","0.2202","0.2914","0.1835","0.4185","1.0008","1.0004","1.0043","1.0005",8365,7615,7150,7470,3536,3460,3372,3491
"I00_I99","2000_2005","2021_2024",20,"koppen_major_B_EQI_Air+SM+PA+OB","0.00","3.95(-4.69,12.76)","4.98(-3.90,13.89)","2.52(-6.97,11.50)","1.62(-7.91,10.94)","0.3810","0.2831","0.6005","0.7388","1.0009","1.0019","1.0012","1.0014",6572,6497,6823,6872,3706,3602,3783,3953
"I00_I99","2000_2005","2021_2024",20,"koppen_major_B_EQI_Water+SM+PA+OB","0.00","-7.67(-16.69,1.38)","3.69(-4.95,12.11)","8.91(0.26,17.69)","3.18(-5.31,11.51)","0.0977","0.3964","0.0435","0.4601","1.0007","1.0017","1.0023","1.0003",7188,7276,5940,6729,3505,3677,3513,3748
"I00_I99","2000_2005","2021_2024",20,"koppen_major_B_EQI_Land+SM+PA+OB","0.00","4.17(-4.68,12.80)","3.95(-4.19,11.96)","-5.10(-13.28,3.25)","2.80(-6.03,11.24)","0.3568","0.3247","0.2331","0.5147","1.0004","1.0014","1.0004","1.0009",6799,6241,7206,7178,3923,3420,3689,3635
"I00_I99","2000_2005","2021_2024",20,"koppen_major_B_EQI_Built+SM+PA+OB","0.00","1.93(-6.66,10.28)","5.66(-2.85,13.89)","8.16(-0.46,16.71)","3.11(-5.66,11.73)","0.6384","0.1956","0.0602","0.4705","1.0020","0.9996","1.0026","1.0006",6808,7281,7229,6856,3750,3895,3073,3650
"I00_I99","2000_2005","2021_2024",20,"koppen_major_B_EQI_Social+SM+PA+OB","0.00","-2.37(-10.90,6.27)","-4.77(-13.48,3.95)","2.45(-6.40,11.87)","1.34(-7.88,10.35)","0.5993","0.2843","0.5930","0.7713","1.0003","1.0008","1.0004","1.0010",6256,7289,5992,6835,3921,3333,3315,3587
"I00_I99","2000_2005","2006_2010",5,"koppen_major_C_EQI+SM+PA+OB","0.00","4.82(1.26,8.41)","3.97(0.28,7.54)","4.13(-0.02,8.25)","7.66(2.69,12.86)","0.0060","0.0344","0.0506","0.0031","1.0016","1.0010","1.0005","1.0008",3374,3015,3145,2787,3774,3622,3467,3091
"I00_I99","2000_2005","2006_2010",5,"koppen_major_C_EQI_Air+SM+PA+OB","0.00","8.59(4.07,12.86)","11.08(6.87,15.34)","10.93(6.68,15.51)","12.89(8.13,17.70)","0.0002","0.0002","0.0002","0.0002","1.0011","1.0006","1.0013","1.0007",2686,2493,2403,2439,3544,3275,2677,3349
"I00_I99","2000_2005","2006_2010",5,"koppen_major_C_EQI_Water+SM+PA+OB","0.00","0.90(-3.81,5.50)","-3.01(-7.69,1.63)","-4.61(-9.46,0.08)","-0.55(-5.92,4.54)","0.6921","0.2039","0.0573","0.8454","1.0007","1.0002","0.9996","1.0002",3180,2454,2887,2952,3681,3261,3329,3760
"I00_I99","2000_2005","2006_2010",5,"koppen_major_C_EQI_Land+SM+PA+OB","0.00","-2.11(-5.44,1.17)","-2.66(-6.42,1.06)","-0.43(-4.94,4.43)","2.03(-3.03,7.14)","0.2018","0.1556","0.8284","0.4214","1.0000","1.0008","1.0001","1.0003",4403,4170,3346,3598,3692,3864,3865,3738
"I00_I99","2000_2005","2006_2010",5,"koppen_major_C_EQI_Built+SM+PA+OB","0.00","7.31(3.78,10.97)","10.80(7.14,14.49)","13.07(9.12,17.01)","17.38(13.08,21.73)","0.0002","0.0002","0.0002","0.0002","1.0003","1.0012","1.0015","1.0012",3514,3169,3365,3319,3446,3278,3625,3579
"I00_I99","2000_2005","2006_2010",5,"koppen_major_C_EQI_Social+SM+PA+OB","0.00","-0.32(-3.71,3.06)","-8.69(-12.63,-4.78)","-12.70(-17.16,-8.24)","-11.36(-16.47,-6.20)","0.8429","0.0002","0.0002","0.0002","1.0014","1.0013","1.0010","1.0021",3143,2846,2478,2175,3361,3520,2892,3416
"I00_I99","2000_2005","2011_2015",10,"koppen_major_C_EQI+SM+PA+OB","0.00","3.48(0.25,6.76)","4.25(0.82,7.59)","5.78(1.79,9.64)","7.90(3.15,12.62)","0.0340","0.0181","0.0040","0.0010","1.0005","1.0015","1.0002","1.0004",2813,2171,2295,2281,3170,3175,2886,2794
"I00_I99","2000_2005","2011_2015",10,"koppen_major_C_EQI_Air+SM+PA+OB","0.00","8.38(4.35,12.58)","10.91(6.85,15.04)","11.01(6.79,15.22)","13.30(8.81,17.74)","0.0002","0.0002","0.0002","0.0002","1.0020","1.0017","1.0018","1.0019",2909,2687,2598,2813,3688,3559,2819,3594
"I00_I99","2000_2005","2011_2015",10,"koppen_major_C_EQI_Water+SM+PA+OB","0.00","-3.61(-7.83,0.65)","-1.12(-5.45,3.22)","0.65(-3.93,5.06)","1.01(-4.01,5.72)","0.0973","0.6209","0.7613","0.6792","1.0007","1.0015","1.0019","1.0014",3403,3146,3346,3318,3595,3481,3885,3045
"I00_I99","2000_2005","2011_2015",10,"koppen_major_C_EQI_Land+SM+PA+OB","0.00","-3.24(-6.03,-0.39)","-3.11(-6.36,0.02)","-1.85(-5.69,2.11)","0.52(-3.99,5.09)","0.0285","0.0519","0.3589","0.8371","1.0013","1.0009","1.0007","1.0004",4749,4276,4309,3891,4065,3731,3923,3787
"I00_I99","2000_2005","2011_2015",10,"koppen_major_C_EQI_Built+SM+PA+OB","0.00","6.78(3.63,9.85)","9.14(5.89,12.40)","12.22(8.60,15.72)","17.97(14.06,21.88)","0.0002","0.0002","0.0002","0.0002","1.0021","1.0004","1.0006","1.0012",3973,3668,3598,3544,3622,3656,3377,3076
"I00_I99","2000_2005","2011_2015",10,"koppen_major_C_EQI_Social+SM+PA+OB","0.00","-1.68(-4.77,1.45)","-9.95(-13.58,-6.51)","-12.65(-16.55,-8.66)","-14.58(-19.16,-9.87)","0.2956","0.0002","0.0002","0.0002","1.0016","1.0010","1.0014","1.0005",4318,3552,3277,3030,3562,4006,3743,3795
"I00_I99","2000_2005","2016_2020",15,"koppen_major_C_EQI+SM+PA+OB","0.00","8.14(4.72,11.58)","9.26(5.61,12.93)","11.07(6.91,15.11)","12.89(7.73,18.10)","0.0002","0.0002","0.0002","0.0002","1.0012","1.0018","1.0032","1.0026",3481,2839,2738,2529,3414,3509,3475,3506
"I00_I99","2000_2005","2016_2020",15,"koppen_major_C_EQI_Air+SM+PA+OB","0.00","4.08(-0.27,8.45)","9.58(5.18,13.90)","12.39(8.06,16.68)","16.38(11.62,21.05)","0.0652","0.0002","0.0002","0.0002","1.0010","1.0013","1.0018","1.0003",3507,3130,2967,2866,3710,3769,3461,3230
"I00_I99","2000_2005","2016_2020",15,"koppen_major_C_EQI_Water+SM+PA+OB","0.00","-2.59(-6.94,1.84)","-1.66(-6.14,2.73)","-0.83(-5.36,3.77)","-1.12(-6.08,3.82)","0.2431","0.4593","0.7342","0.6701","1.0015","1.0018","1.0013","1.0002",3544,3304,3254,3458,3460,3806,3979,3464
"I00_I99","2000_2005","2016_2020",15,"koppen_major_C_EQI_Land+SM+PA+OB","0.00","-1.45(-4.58,1.74)","-2.43(-5.96,1.32)","-3.43(-7.73,0.73)","1.26(-3.73,6.18)","0.3860","0.2010","0.1060","0.6055","0.9999","1.0010","1.0003","1.0022",6065,5359,4902,4705,4075,4185,3963,3794
"I00_I99","2000_2005","2016_2020",15,"koppen_major_C_EQI_Built+SM+PA+OB","0.00","9.64(6.19,13.08)","13.47(9.90,17.05)","16.92(13.13,20.82)","21.82(17.75,26.04)","0.0002","0.0002","0.0002","0.0002","1.0017","1.0000","0.9999","1.0007",4593,4111,3968,3538,3697,3674,3896,3519
"I00_I99","2000_2005","2016_2020",15,"koppen_major_C_EQI_Social+SM+PA+OB","0.00","1.48(-1.83,4.76)","-7.61(-11.29,-3.74)","-12.61(-16.78,-8.30)","-14.09(-18.93,-9.08)","0.3714","0.0002","0.0002","0.0002","1.0002","0.9997","1.0001","1.0002",4529,3744,3409,3110,4043,3916,3888,4194
"I00_I99","2000_2005","2021_2024",20,"koppen_major_C_EQI+SM+PA+OB","0.00","3.93(-1.45,9.24)","3.42(-1.98,8.84)","2.57(-3.42,8.75)","4.50(-2.10,11.23)","0.1498","0.2156","0.3972","0.1898","0.9999","1.0006","1.0006","1.0028",3353,3478,3211,2548,3432,3390,3326,3405
"I00_I99","2000_2005","2021_2024",20,"koppen_major_C_EQI_Air+SM+PA+OB","0.00","-0.46(-6.20,5.41)","4.42(-1.50,9.98)","6.16(0.30,11.84)","9.94(3.73,16.09)","0.8817","0.1293","0.0381","0.0006","1.0011","1.0006","1.0011","1.0016",3813,3167,3215,3421,3638,3283,3541,3418
"I00_I99","2000_2005","2021_2024",20,"koppen_major_C_EQI_Water+SM+PA+OB","0.00","-1.61(-7.84,4.68)","-0.67(-6.91,5.55)","-0.26(-6.82,6.36)","-0.84(-8.10,6.29)","0.6113","0.8300","0.9400","0.8046","0.9999","1.0001","1.0015","1.0004",3038,3243,3485,3067,2909,3471,3710,3624
"I00_I99","2000_2005","2021_2024",20,"koppen_major_C_EQI_Land+SM+PA+OB","0.00","-2.76(-7.77,2.36)","-8.00(-13.44,-2.57)","-4.39(-10.64,1.90)","1.58(-5.46,8.52)","0.2931","0.0023","0.1723","0.6605","1.0001","1.0001","1.0004","1.0008",4371,3636,3697,3425,3153,3865,3068,3491
"I00_I99","2000_2005","2021_2024",20,"koppen_major_C_EQI_Built+SM+PA+OB","0.00","4.32(-0.89,9.56)","7.55(2.12,12.78)","11.15(5.55,16.63)","17.86(11.75,23.93)","0.1002","0.0040","0.0006","0.0002","1.0012","1.0000","1.0006","1.0017",4124,3634,3569,3622,3702,3723,3589,3319
"I00_I99","2000_2005","2021_2024",20,"koppen_major_C_EQI_Social+SM+PA+OB","0.00","5.13(-0.00,10.25)","-5.24(-10.79,0.44)","-11.76(-17.71,-5.36)","-14.57(-21.23,-7.66)","0.0506","0.0702","0.0002","0.0002","1.0016","1.0011","1.0011","1.0027",4081,3897,3048,3189,3645,3683,2953,3473
"I00_I99","2000_2005","2006_2010",5,"koppen_major_D_EQI+SM+PA+OB","0.00","17.61(11.57,23.60)","20.62(15.20,25.97)","21.21(15.89,26.48)","20.35(14.65,25.97)","0.0002","0.0002","0.0002","0.0002","1.0005","1.0010","1.0013","1.0007",4394,3722,3210,3054,3406,3532,3659,3401
"I00_I99","2000_2005","2006_2010",5,"koppen_major_D_EQI_Air+SM+PA+OB","0.00","7.75(3.09,12.54)","9.03(3.95,14.16)","6.34(0.96,11.62)","6.78(0.98,12.56)","0.0027","0.0010","0.0231","0.0244","1.0003","1.0012","1.0026","1.0004",5367,4674,4217,3987,3852,3627,3401,4024
"I00_I99","2000_2005","2006_2010",5,"koppen_major_D_EQI_Water+SM+PA+OB","0.00","-4.93(-10.33,0.56)","-0.23(-5.92,5.44)","5.60(0.17,10.92)","3.99(-1.91,9.77)","0.0735","0.9375","0.0431","0.1818","1.0005","1.0018","1.0008","1.0019",3726,3232,3536,3716,3669,3278,3709,3889
"I00_I99","2000_2005","2006_2010",5,"koppen_major_D_EQI_Land+SM+PA+OB","0.00","-1.86(-8.32,4.60)","7.65(1.95,13.40)","12.35(6.72,17.86)","11.18(5.63,16.57)","0.5601","0.0085","0.0002","0.0010","1.0007","1.0013","1.0006","1.0015",5372,3897,3621,3506,3971,3585,3882,3843
"I00_I99","2000_2005","2006_2010",5,"koppen_major_D_EQI_Built+SM+PA+OB","0.00","10.30(4.95,15.67)","9.58(4.65,14.54)","10.82(5.82,15.59)","11.40(6.22,16.71)","0.0002","0.0002","0.0002","0.0002","1.0001","1.0003","1.0002","1.0021",5268,4256,4054,3472,2831,4119,3854,3551
"I00_I99","2000_2005","2006_2010",5,"koppen_major_D_EQI_Social+SM+PA+OB","0.00","-2.77(-8.78,3.30)","6.75(1.33,12.16)","7.84(2.55,13.37)","3.40(-2.59,9.15)","0.3818","0.0160","0.0044","0.2481","1.0008","1.0009","1.0019","1.0021",5608,4044,3462,3031,4076,3753,3888,3579
"I00_I99","2000_2005","2011_2015",10,"koppen_major_D_EQI+SM+PA+OB","0.00","17.80(12.26,23.24)","20.63(15.41,25.77)","22.07(16.99,26.93)","21.29(15.72,26.85)","0.0002","0.0002","0.0002","0.0002","1.0009","1.0009","1.0014","1.0015",4310,3693,3130,2833,3858,3585,3701,3429
"I00_I99","2000_2005","2011_2015",10,"koppen_major_D_EQI_Air+SM+PA+OB","0.00","7.99(3.41,12.55)","9.74(4.81,14.54)","8.23(3.37,13.09)","7.50(2.21,12.95)","0.0006","0.0002","0.0006","0.0081","1.0021","1.0009","1.0007","1.0004",4603,4175,3859,3503,3675,3751,4035,3810
"I00_I99","2000_2005","2011_2015",10,"koppen_major_D_EQI_Water+SM+PA+OB","0.00","-7.69(-12.83,-2.62)","-0.51(-5.95,4.82)","6.33(1.36,11.50)","3.92(-1.84,9.62)","0.0040","0.8459","0.0098","0.1718","1.0008","1.0007","1.0000","1.0002",4119,3677,3592,3089,3517,3665,3640,3393
"I00_I99","2000_2005","2011_2015",10,"koppen_major_D_EQI_Land+SM+PA+OB","0.00","-1.16(-7.26,4.88)","7.17(1.85,12.47)","11.95(6.65,17.40)","12.43(6.96,17.77)","0.7130","0.0098","0.0002","0.0002","1.0003","1.0004","1.0005","0.9999",4004,3101,3095,2977,3760,3601,3399,3550
"I00_I99","2000_2005","2011_2015",10,"koppen_major_D_EQI_Built+SM+PA+OB","0.00","12.46(7.39,17.49)","10.75(6.13,15.37)","12.10(7.34,16.66)","12.79(8.00,17.62)","0.0002","0.0002","0.0002","0.0002","1.0012","1.0004","1.0013","1.0006",4423,3682,3477,3362,3791,3360,3238,3311
"I00_I99","2000_2005","2011_2015",10,"koppen_major_D_EQI_Social+SM+PA+OB","0.00","-1.25(-7.11,4.56)","4.42(-0.82,9.65)","8.30(3.25,13.53)","2.46(-3.17,8.00)","0.6747","0.1044","0.0015","0.3922","1.0008","1.0011","1.0021","1.0034",4510,3639,3014,2861,3993,3563,3439,3266
"I00_I99","2000_2005","2016_2020",15,"koppen_major_D_EQI+SM+PA+OB","0.00","19.71(14.13,25.33)","15.90(10.73,21.10)","20.25(15.40,25.19)","23.36(17.98,28.63)","0.0002","0.0002","0.0002","0.0002","1.0017","1.0008","1.0008","1.0008",4349,3486,2490,2533,3586,3517,3403,3406
"I00_I99","2000_2005","2016_2020",15,"koppen_major_D_EQI_Air+SM+PA+OB","0.00","10.11(5.86,14.56)","9.72(4.95,14.25)","10.63(5.90,15.27)","12.28(7.02,17.34)","0.0002","0.0002","0.0002","0.0002","1.0020","1.0012","1.0012","1.0022",4414,4053,3747,3331,3454,3728,3634,3382
"I00_I99","2000_2005","2016_2020",15,"koppen_major_D_EQI_Water+SM+PA+OB","0.00","-4.67(-9.71,0.46)","2.25(-2.92,7.47)","4.10(-0.93,9.35)","4.25(-1.23,9.77)","0.0756","0.3951","0.1156","0.1368","1.0025","1.0015","1.0014","1.0015",3286,3486,3560,3397,3584,3674,3671,3623
"I00_I99","2000_2005","2016_2020",15,"koppen_major_D_EQI_Land+SM+PA+OB","0.00","0.60(-5.34,6.53)","6.24(0.89,11.59)","11.18(5.95,16.28)","10.69(5.25,15.99)","0.8459","0.0206","0.0002","0.0002","1.0012","1.0002","1.0013","1.0004",4708,3243,2954,3042,3630,3444,3515,3494
"I00_I99","2000_2005","2016_2020",15,"koppen_major_D_EQI_Built+SM+PA+OB","0.00","13.48(8.43,18.43)","11.33(6.61,15.85)","11.79(6.91,16.49)","13.16(8.39,17.85)","0.0002","0.0002","0.0002","0.0002","1.0008","0.9997","1.0005","1.0010",5227,4201,4083,3607,4219,4095,3961,3866
"I00_I99","2000_2005","2016_2020",15,"koppen_major_D_EQI_Social+SM+PA+OB","0.00","-6.31(-11.89,-0.71)","6.56(1.44,11.62)","8.20(3.06,13.22)","2.70(-2.81,8.20)","0.0248","0.0119","0.0019","0.3443","1.0002","1.0001","1.0003","1.0006",4951,3831,3380,3194,3570,3905,3872,3615
"I00_I99","2000_2005","2021_2024",20,"koppen_major_D_EQI+SM+PA+OB","0.00","8.50(0.96,15.96)","6.61(-0.31,13.33)","11.53(5.19,18.16)","13.75(7.01,20.61)","0.0256","0.0598","0.0006","0.0002","1.0007","1.0005","1.0016","1.0009",6498,6292,4718,4387,3780,3622,3735,3755
"I00_I99","2000_2005","2021_2024",20,"koppen_major_D_EQI_Air+SM+PA+OB","0.00","7.84(1.34,14.09)","5.60(-0.90,12.24)","10.23(3.86,16.63)","6.39(-0.67,13.31)","0.0181","0.0919","0.0023","0.0789","1.0005","1.0009","0.9998","1.0004",5728,5897,5322,4522,3763,3632,3930,3476
"I00_I99","2000_2005","2021_2024",20,"koppen_major_D_EQI_Water+SM+PA+OB","0.00","-9.27(-16.01,-2.59)","-1.87(-8.61,4.76)","8.57(1.74,15.41)","4.33(-2.96,11.84)","0.0065","0.5838","0.0127","0.2506","1.0013","1.0016","1.0009","0.9998",5426,4845,4529,4571,3740,4128,3840,3980
"I00_I99","2000_2005","2021_2024",20,"koppen_major_D_EQI_Land+SM+PA+OB","0.00","-5.49(-13.24,2.41)","2.14(-4.65,8.88)","5.29(-1.30,11.77)","5.67(-1.05,12.46)","0.1656","0.5505","0.1156","0.0939","1.0012","1.0007","0.9998","1.0003",5768,5103,4165,4065,3429,3720,3610,3545
"I00_I99","2000_2005","2021_2024",20,"koppen_major_D_EQI_Built+SM+PA+OB","0.00","3.89(-3.02,10.93)","5.56(-0.74,11.98)","10.33(4.18,16.63)","9.90(3.70,16.17)","0.2627","0.0844","0.0002","0.0019","1.0020","1.0005","1.0004","1.0031",5993,5330,4576,4379,3421,3657,3923,3520
"I00_I99","2000_2005","2021_2024",20,"koppen_major_D_EQI_Social+SM+PA+OB","0.00","-5.32(-12.86,2.34)","1.12(-5.65,8.02)","6.90(0.55,13.36)","1.16(-5.77,8.52)","0.1698","0.7396","0.0331","0.7580","1.0006","0.9997","0.9999","1.0014",7228,5598,4472,4115,3597,3657,3447,3828
"I00_I99","2000_2005","2006_2010",5,"Economic_type_1_EQI+SM+PA+OB","0.00","14.90(7.92,21.89)","15.52(7.70,23.51)","6.17(-2.45,15.10)","0.44(-9.26,9.86)","0.0002","0.0002","0.1681","0.9250","1.0014","1.0007","1.0017","1.0020",6414,5921,6187,5344,3813,3682,3520,3564
"I00_I99","2000_2005","2006_2010",5,"Economic_type_1_EQI_Air+SM+PA+OB","0.00","7.84(0.14,15.41)","5.72(-2.95,14.66)","3.54(-5.90,13.34)","0.03(-10.08,10.07)","0.0460","0.2006","0.4609","0.9850","1.0015","1.0008","1.0006","1.0011",9430,10093,9813,11086,3735,3577,2946,3131
"I00_I99","2000_2005","2006_2010",5,"Economic_type_1_EQI_Water+SM+PA+OB","0.00","-6.50(-13.98,0.85)","3.23(-4.72,11.11)","6.97(-0.61,14.65)","3.60(-4.80,12.20)","0.0794","0.4185","0.0714","0.3930","1.0017","1.0004","1.0017","1.0040",9139,9423,9888,8916,3522,3751,3643,3481
"I00_I99","2000_2005","2006_2010",5,"Economic_type_1_EQI_Land+SM+PA+OB","0.00","-5.78(-13.89,2.30)","-5.54(-13.41,2.42)","3.26(-4.42,11.06)","9.30(1.02,17.26)","0.1593","0.1727","0.4260","0.0285","1.0000","1.0022","1.0028","1.0007",10447,9774,7536,7612,3885,3568,4012,3930
"I00_I99","2000_2005","2006_2010",5,"Economic_type_1_EQI_Built+SM+PA+OB","0.00","12.35(5.55,19.30)","9.75(1.59,17.66)","6.20(-1.71,14.24)","2.56(-6.60,11.79)","0.0002","0.0181","0.1298","0.5834","1.0004","1.0006","1.0035","1.0013",11122,10074,9906,10981,3733,3154,3411,3316
"I00_I99","2000_2005","2006_2010",5,"Economic_type_1_EQI_Social+SM+PA+OB","0.00","-0.20(-7.71,7.35)","-0.39(-8.28,7.13)","5.26(-2.42,13.03)","5.84(-3.06,14.61)","0.9521","0.9263","0.1768","0.1877","1.0013","1.0022","1.0017","1.0038",9730,10144,9030,9027,3519,3798,3491,3479
"I00_I99","2000_2005","2011_2015",10,"Economic_type_1_EQI+SM+PA+OB","0.00","13.08(6.27,19.90)","14.58(6.78,22.29)","5.95(-3.15,15.07)","0.76(-8.98,10.22)","0.0002","0.0002","0.1843","0.8771","1.0016","1.0016","1.0015","1.0016",5657,5652,6208,6118,3848,3794,3486,3507
"I00_I99","2000_2005","2011_2015",10,"Economic_type_1_EQI_Air+SM+PA+OB","0.00","6.81(-0.52,14.43)","6.62(-1.98,15.29)","3.57(-5.78,12.64)","-0.11(-9.84,9.53)","0.0748","0.1381","0.4664","0.9913","1.0022","1.0022","1.0015","1.0015",7264,8949,8646,9805,3732,3387,3658,3180
"I00_I99","2000_2005","2011_2015",10,"Economic_type_1_EQI_Water+SM+PA+OB","0.00","-6.29(-13.60,0.96)","1.33(-6.14,8.72)","7.37(0.01,14.68)","3.83(-4.57,12.29)","0.0927","0.7355","0.0502","0.3643","1.0014","1.0010","1.0015","1.0004",7460,7011,7735,6691,3903,3922,3999,3616
"I00_I99","2000_2005","2011_2015",10,"Economic_type_1_EQI_Land+SM+PA+OB","0.00","-4.40(-12.85,4.03)","-5.32(-12.63,1.93)","2.03(-5.26,9.45)","8.16(0.61,15.81)","0.3122","0.1660","0.6030","0.0406","0.9997","1.0010","1.0001","1.0005",7637,8065,5940,5973,3435,3864,3799,3906
"I00_I99","2000_2005","2011_2015",10,"Economic_type_1_EQI_Built+SM+PA+OB","0.00","13.58(6.54,20.54)","11.31(3.79,18.73)","6.98(-1.17,14.88)","1.80(-7.37,10.79)","0.0002","0.0056","0.0948","0.7076","1.0039","1.0004","1.0005","1.0006",8954,8813,8287,10512,3403,3654,3907,3296
"I00_I99","2000_2005","2011_2015",10,"Economic_type_1_EQI_Social+SM+PA+OB","0.00","0.89(-6.68,8.02)","-1.56(-9.15,6.19)","6.82(-0.82,14.53)","6.67(-1.80,15.42)","0.7942","0.6930","0.0810","0.1281","1.0008","1.0017","1.0002","1.0055",7882,7627,7464,8654,3441,3663,4226,3770
"I00_I99","2000_2005","2016_2020",15,"Economic_type_1_EQI+SM+PA+OB","0.00","17.46(10.69,24.43)","14.13(6.26,21.73)","6.97(-1.70,15.58)","0.41(-9.30,10.16)","0.0002","0.0006","0.1094","0.9400","1.0010","1.0005","1.0014","1.0023",7312,6327,8743,7109,3454,3552,3759,3401
"I00_I99","2000_2005","2016_2020",15,"Economic_type_1_EQI_Air+SM+PA+OB","0.00","7.16(0.05,14.34)","7.80(-0.51,15.99)","3.34(-5.59,12.04)","0.06(-9.72,9.54)","0.0489","0.0681","0.4439","0.9929","1.0005","1.0032","1.0013","1.0005",7573,9480,8970,9112,4155,3964,3004,3862
"I00_I99","2000_2005","2016_2020",15,"Economic_type_1_EQI_Water+SM+PA+OB","0.00","-5.21(-12.16,1.88)","6.85(-0.59,14.17)","5.29(-1.85,12.63)","4.02(-3.82,12.02)","0.1510","0.0748","0.1518","0.3168","1.0024","1.0005","0.9996","1.0025",7164,8109,6914,7760,3758,4031,3488,3968
"I00_I99","2000_2005","2016_2020",15,"Economic_type_1_EQI_Land+SM+PA+OB","0.00","-1.21(-9.38,6.72)","-3.09(-10.27,4.20)","2.59(-4.68,9.87)","7.25(-0.36,14.73)","0.7709","0.4035","0.4918","0.0623","1.0000","1.0031","1.0016","1.0008",8563,9815,7422,6917,3355,3941,4094,3978
"I00_I99","2000_2005","2016_2020",15,"Economic_type_1_EQI_Built+SM+PA+OB","0.00","14.64(7.92,21.25)","13.06(5.67,20.60)","4.41(-3.60,12.39)","6.10(-2.89,15.43)","0.0002","0.0010","0.2868","0.1860","1.0027","1.0024","1.0011","1.0010",8059,10219,8699,8973,3630,3466,3286,3342
"I00_I99","2000_2005","2016_2020",15,"Economic_type_1_EQI_Social+SM+PA+OB","0.00","2.03(-4.88,8.83)","1.71(-5.44,8.80)","6.17(-1.56,13.76)","6.71(-1.50,14.92)","0.5647","0.6401","0.1135","0.1139","1.0000","1.0006","1.0018","1.0013",8922,7336,7739,7417,3821,3642,3636,3620
"I00_I99","2000_2005","2021_2024",20,"Economic_type_1_EQI+SM+PA+OB","0.00","8.48(0.47,16.57)","7.43(-1.57,16.63)","2.71(-6.39,12.24)","0.15(-9.65,10.07)","0.0427","0.1060","0.5601","0.9808","1.0000","1.0009","1.0005","1.0028",7433,7085,6538,7202,3669,3311,3577,3731
"I00_I99","2000_2005","2021_2024",20,"Economic_type_1_EQI_Air+SM+PA+OB","0.00","4.44(-4.49,13.39)","4.72(-4.32,13.87)","1.17(-8.50,10.84)","-0.00(-9.70,9.79)","0.3226","0.2976","0.8080","0.9913","1.0024","1.0010","1.0012","1.0003",6342,6080,6754,8381,3078,3797,3324,3339
"I00_I99","2000_2005","2021_2024",20,"Economic_type_1_EQI_Water+SM+PA+OB","0.00","-7.13(-15.28,1.37)","4.99(-3.78,13.79)","4.74(-3.83,13.23)","1.45(-7.48,10.21)","0.0939","0.2727","0.2652","0.7634","1.0017","1.0007","1.0022","1.0016",6495,6319,7355,7238,3493,3943,3192,3377
"I00_I99","2000_2005","2021_2024",20,"Economic_type_1_EQI_Land+SM+PA+OB","0.00","-0.04(-9.17,8.96)","2.40(-6.25,11.12)","-0.86(-9.27,7.61)","0.36(-8.00,8.86)","0.9967","0.5847","0.8425","0.9438","1.0010","0.9997","1.0012","1.0003",6101,5674,6189,4935,3411,3483,3559,3528
"I00_I99","2000_2005","2021_2024",20,"Economic_type_1_EQI_Built+SM+PA+OB","0.00","6.74(-1.48,14.84)","6.35(-2.58,15.05)","3.23(-5.77,12.01)","1.08(-8.28,10.35)","0.1131","0.1473","0.4655","0.8221","1.0025","1.0011","1.0024","1.0009",6829,6586,6489,7684,3433,2831,3334,3585
"I00_I99","2000_2005","2021_2024",20,"Economic_type_1_EQI_Social+SM+PA+OB","0.00","-2.49(-11.12,6.44)","-3.89(-12.55,4.80)","3.75(-4.93,12.42)","3.24(-6.25,12.22)","0.5626","0.3664","0.3893","0.4734","1.0006","1.0021","1.0016","0.9998",6687,5818,6511,6092,3544,3233,3901,3529
"I00_I99","2000_2005","2006_2010",5,"Economic_type_2_EQI+SM+PA+OB","0.00","11.49(3.53,19.38)","6.82(-1.57,15.25)","-0.64(-9.13,8.05)","0.55(-9.12,9.97)","0.0048","0.1148","0.8767","0.8917","1.0012","1.0016","1.0000","1.0010",4745,5729,5937,5629,3583,3861,3823,3616
"I00_I99","2000_2005","2006_2010",5,"Economic_type_2_EQI_Air+SM+PA+OB","0.00","2.67(-6.33,11.24)","7.19(-1.31,15.53)","2.23(-6.63,10.95)","1.64(-8.03,11.44)","0.5468","0.0927","0.6113","0.7346","1.0024","1.0009","1.0006","1.0006",5160,5658,5719,7053,3325,3594,3538,3673
"I00_I99","2000_2005","2006_2010",5,"Economic_type_2_EQI_Water+SM+PA+OB","0.00","4.60(-4.04,13.12)","-0.35(-9.13,8.44)","-1.08(-9.44,7.74)","0.84(-7.33,9.12)","0.2981","0.9525","0.7984","0.8550","1.0005","1.0007","1.0015","1.0005",4895,6381,5059,5650,3525,3718,3388,3701
"I00_I99","2000_2005","2006_2010",5,"Economic_type_2_EQI_Land+SM+PA+OB","0.00","4.05(-4.26,12.49)","-0.54(-8.98,7.85)","-1.79(-10.49,6.80)","-0.03(-9.51,9.30)","0.3439","0.8979","0.6884","0.9950","1.0022","1.0028","1.0012","1.0001",5344,4818,6232,5946,3960,3704,3341,3713
"I00_I99","2000_2005","2006_2010",5,"Economic_type_2_EQI_Built+SM+PA+OB","0.00","1.43(-6.82,9.78)","2.29(-6.23,10.93)","4.34(-4.27,12.88)","2.36(-6.21,11.10)","0.7388","0.6109","0.3193","0.5751","0.9995","1.0010","1.0027","1.0006",6677,5521,5730,5786,4129,3731,3674,3641
"I00_I99","2000_2005","2006_2010",5,"Economic_type_2_EQI_Social+SM+PA+OB","0.00","7.01(-1.31,15.46)","1.86(-6.64,10.81)","-2.34(-11.18,6.52)","1.83(-7.93,11.30)","0.0985","0.6855","0.6184","0.7001","1.0017","1.0009","1.0006","1.0022",6360,5715,5016,6694,3420,3638,3579,3710
"I00_I99","2000_2005","2011_2015",10,"Economic_type_2_EQI+SM+PA+OB","0.00","11.64(4.05,19.25)","4.60(-3.43,12.70)","2.17(-6.71,10.95)","1.44(-8.00,10.76)","0.0023","0.2677","0.6242","0.7538","1.0022","1.0014","1.0000","1.0001",8431,7448,9334,9347,3809,3373,3530,3674
"I00_I99","2000_2005","2011_2015",10,"Economic_type_2_EQI_Air+SM+PA+OB","0.00","5.85(-2.42,14.02)","7.24(-0.63,15.18)","3.26(-5.10,12.02)","0.67(-8.61,9.74)","0.1623","0.0769","0.4526","0.8813","1.0015","0.9998","1.0008","1.0024",5701,4983,5325,5866,3566,3486,4125,3533
"I00_I99","2000_2005","2011_2015",10,"Economic_type_2_EQI_Water+SM+PA+OB","0.00","0.78(-7.61,9.28)","-1.21(-9.91,7.72)","1.56(-7.24,10.06)","3.65(-4.85,12.35)","0.8479","0.7825","0.7259","0.4114","1.0003","1.0002","1.0004","1.0019",3789,4652,4267,3413,3633,3454,3838,3152
"I00_I99","2000_2005","2011_2015",10,"Economic_type_2_EQI_Land+SM+PA+OB","0.00","9.62(1.52,17.86)","-2.61(-10.74,5.70)","-1.88(-10.45,6.70)","0.03(-8.82,8.90)","0.0181","0.5309","0.6705","0.9879","0.9999","1.0016","1.0019","1.0007",5298,4191,5308,4320,3566,3368,3185,3353
"I00_I99","2000_2005","2011_2015",10,"Economic_type_2_EQI_Built+SM+PA+OB","0.00","1.04(-7.15,9.21)","5.79(-2.58,14.04)","4.30(-4.19,12.48)","4.44(-4.17,12.84)","0.8013","0.1698","0.3060","0.3135","1.0005","1.0010","1.0014","1.0016",4941,4945,4261,5019,3417,3538,3354,3819
"I00_I99","2000_2005","2011_2015",10,"Economic_type_2_EQI_Social+SM+PA+OB","0.00","0.76(-7.31,8.50)","0.25(-7.84,8.60)","-0.08(-9.07,8.52)","1.68(-7.87,11.04)","0.8617","0.9804","0.9833","0.7301","1.0004","1.0022","1.0019","0.9998",5909,5369,5410,5571,4003,3895,3653,3470
"I00_I99","2000_2005","2016_2020",15,"Economic_type_2_EQI+SM+PA+OB","0.00","9.90(2.04,17.75)","4.77(-3.51,13.31)","2.86(-5.99,11.83)","0.35(-9.42,9.91)","0.0152","0.2672","0.5234","0.9321","1.0009","1.0002","1.0006","1.0037",8328,8510,6864,8792,3837,3313,3328,3797
"I00_I99","2000_2005","2016_2020",15,"Economic_type_2_EQI_Air+SM+PA+OB","0.00","1.04(-7.10,9.31)","6.68(-1.38,14.80)","3.61(-5.03,12.37)","1.50(-8.07,11.00)","0.7992","0.1064","0.4080","0.7546","1.0018","1.0018","1.0034","1.0003",7517,6659,7590,7383,3526,3378,3531,3166
"I00_I99","2000_2005","2016_2020",15,"Economic_type_2_EQI_Water+SM+PA+OB","0.00","0.69(-7.81,9.03)","-1.76(-10.45,7.07)","2.63(-5.90,11.01)","1.25(-7.06,9.35)","0.8575","0.6896","0.5488","0.7663","1.0021","1.0010","1.0015","1.0012",5976,7176,7656,5614,3541,3387,3500,3131
"I00_I99","2000_2005","2016_2020",15,"Economic_type_2_EQI_Land+SM+PA+OB","0.00","7.21(-0.99,15.52)","-1.54(-10.29,7.05)","-3.53(-12.51,5.22)","-0.73(-10.08,8.61)","0.0889","0.7234","0.4255","0.8734","1.0018","1.0012","1.0025","0.9998",6273,6492,7184,7453,3633,3135,3622,3846
"I00_I99","2000_2005","2016_2020",15,"Economic_type_2_EQI_Built+SM+PA+OB","0.00","4.01(-4.39,12.59)","1.25(-7.15,9.48)","7.80(-0.73,16.52)","4.48(-4.17,12.94)","0.3568","0.7576","0.0769","0.3043","1.0022","1.0026","1.0006","1.0004",6573,6681,7150,5993,3185,3279,3657,3459
"I00_I99","2000_2005","2016_2020",15,"Economic_type_2_EQI_Social+SM+PA+OB","0.00","3.17(-5.00,11.73)","0.69(-7.79,9.20)","0.14(-8.79,9.17)","1.16(-7.90,10.43)","0.4572","0.8679","0.9688","0.7917","1.0015","1.0008","1.0011","1.0007",6751,7042,6705,7693,3234,3874,3565,3173
"I00_I99","2000_2005","2021_2024",20,"Economic_type_2_EQI+SM+PA+OB","0.00","6.15(-2.74,14.96)","2.17(-6.80,11.27)","2.36(-7.14,11.67)","-0.42(-10.07,8.98)","0.1752","0.6551","0.6288","0.9371","1.0005","1.0025","1.0028","1.0026",12775,10380,10114,12284,3450,3485,3340,3462
"I00_I99","2000_2005","2021_2024",20,"Economic_type_2_EQI_Air+SM+PA+OB","0.00","1.81(-7.49,11.02)","2.86(-6.10,11.87)","2.81(-6.36,11.77)","1.07(-8.72,10.55)","0.7076","0.5293","0.5555","0.8284","1.0046","1.0032","1.0005","1.0013",9308,8082,11886,10737,3378,3488,3521,3564
"I00_I99","2000_2005","2021_2024",20,"Economic_type_2_EQI_Water+SM+PA+OB","0.00","3.94(-5.49,13.26)","-0.50(-9.60,8.38)","-0.35(-9.46,8.63)","-1.54(-10.23,7.22)","0.4147","0.9225","0.9313","0.7201","1.0016","1.0003","1.0042","1.0014",11358,11071,8932,10015,3622,3533,3419,3473
"I00_I99","2000_2005","2021_2024",20,"Economic_type_2_EQI_Land+SM+PA+OB","0.00","6.46(-2.38,15.35)","-1.20(-10.40,8.02)","-0.42(-9.09,8.46)","-1.14(-10.59,8.33)","0.1589","0.8034","0.9150","0.8150","1.0030","1.0024","0.9996","1.0015",10097,8341,9491,10515,3488,3287,3331,3337
"I00_I99","2000_2005","2021_2024",20,"Economic_type_2_EQI_Built+SM+PA+OB","0.00","-0.47(-9.01,8.16)","0.04(-8.39,8.61)","4.03(-5.21,13.20)","3.87(-5.55,13.24)","0.9188","0.9933","0.4085","0.4030","1.0021","1.0003","1.0034","1.0021",9716,8846,10803,11431,3486,3272,3092,3477
"I00_I99","2000_2005","2021_2024",20,"Economic_type_2_EQI_Social+SM+PA+OB","0.00","2.76(-5.91,11.48)","-1.60(-10.73,7.50)","-0.47(-9.61,9.00)","0.23(-9.44,10.11)","0.5372","0.7167","0.9213","0.9704","1.0019","1.0014","1.0013","1.0042",10325,9707,12258,10009,3466,3416,3627,3205
"I00_I99","2000_2005","2006_2010",5,"Economic_type_3_EQI+SM+PA+OB","0.00","3.83(-1.00,8.67)","1.33(-3.29,5.99)","0.79(-3.97,5.64)","3.62(-1.56,8.99)","0.1164","0.5601","0.7563","0.1856","1.0008","1.0008","1.0011","1.0011",3438,2768,2633,2565,3551,3175,3453,3019
"I00_I99","2000_2005","2006_2010",5,"Economic_type_3_EQI_Air+SM+PA+OB","0.00","2.10(-3.41,7.84)","6.90(1.86,12.15)","7.76(2.56,12.87)","8.05(2.73,13.69)","0.4584","0.0094","0.0031","0.0019","1.0012","1.0014","1.0028","1.0022",3062,2558,2420,2485,3565,3263,3191,2893
"I00_I99","2000_2005","2006_2010",5,"Economic_type_3_EQI_Water+SM+PA+OB","0.00","2.06(-3.20,7.47)","-0.90(-6.07,4.51)","-2.72(-7.77,2.46)","-4.04(-9.88,1.85)","0.4584","0.7326","0.2918","0.1906","1.0043","1.0023","1.0024","1.0022",2926,2958,2923,3331,3360,3518,3412,4220
"I00_I99","2000_2005","2006_2010",5,"Economic_type_3_EQI_Land+SM+PA+OB","0.00","-0.29(-4.63,3.92)","0.22(-4.35,4.68)","2.50(-2.42,7.28)","-2.00(-7.42,3.39)","0.8913","0.9142","0.3164","0.4776","1.0003","1.0009","1.0014","1.0006",3953,3546,3285,3274,3577,3030,3569,3520
"I00_I99","2000_2005","2006_2010",5,"Economic_type_3_EQI_Built+SM+PA+OB","0.00","6.02(1.74,10.21)","8.35(4.12,12.57)","8.75(4.28,13.11)","7.55(2.21,12.86)","0.0044","0.0002","0.0002","0.0035","1.0017","1.0004","1.0011","1.0006",4060,3928,3393,4102,4350,3729,3498,3696
"I00_I99","2000_2005","2006_2010",5,"Economic_type_3_EQI_Social+SM+PA+OB","0.00","1.03(-3.36,5.48)","-3.30(-8.03,1.43)","-6.57(-11.39,-1.72)","-10.08(-15.83,-4.40)","0.6438","0.1710","0.0081","0.0002","1.0000","1.0005","1.0000","1.0002",4700,3704,3345,2766,3804,4065,3977,3661
"I00_I99","2000_2005","2011_2015",10,"Economic_type_3_EQI+SM+PA+OB","0.00","4.12(-0.67,8.84)","-0.60(-5.15,3.97)","1.27(-3.45,5.95)","3.32(-2.01,8.59)","0.0885","0.7855","0.6022","0.2214","1.0017","1.0014","1.0010","1.0008",4209,2971,2456,2392,3500,3013,3232,3520
"I00_I99","2000_2005","2011_2015",10,"Economic_type_3_EQI_Air+SM+PA+OB","0.00","2.87(-2.55,8.34)","5.31(0.20,10.60)","6.43(1.36,11.51)","7.15(1.64,12.48)","0.2976","0.0419","0.0144","0.0110","1.0028","1.0036","1.0035","1.0036",2808,2443,2302,2402,3580,3225,3192,2865
"I00_I99","2000_2005","2011_2015",10,"Economic_type_3_EQI_Water+SM+PA+OB","0.00","-4.20(-9.61,0.90)","-1.65(-6.64,3.35)","0.88(-4.28,6.15)","-6.69(-12.41,-0.99)","0.1131","0.5089","0.7359","0.0215","1.0007","1.0020","1.0022","1.0013",3062,2600,2732,3046,3478,3101,2874,3739
"I00_I99","2000_2005","2011_2015",10,"Economic_type_3_EQI_Land+SM+PA+OB","0.00","-3.03(-7.14,1.11)","-0.34(-4.71,4.05)","3.18(-1.59,7.86)","-0.59(-5.78,4.55)","0.1552","0.8892","0.1977","0.8367","1.0023","1.0011","1.0021","1.0006",4248,3408,3049,3352,3854,3647,3190,3690
"I00_I99","2000_2005","2011_2015",10,"Economic_type_3_EQI_Built+SM+PA+OB","0.00","5.72(1.56,9.83)","6.37(2.29,10.56)","6.21(2.06,10.57)","10.65(5.39,15.76)","0.0044","0.0023","0.0044","0.0002","1.0019","1.0017","1.0012","1.0019",3564,2974,2873,3376,3394,3446,3342,3504
"I00_I99","2000_2005","2011_2015",10,"Economic_type_3_EQI_Social+SM+PA+OB","0.00","0.67(-3.80,5.07)","-3.08(-7.83,1.70)","-7.36(-12.37,-2.43)","-11.46(-17.23,-5.55)","0.7638","0.1968","0.0023","0.0006","1.0006","1.0026","1.0025","1.0028",3864,2752,2634,2333,3369,3353,3305,2946
"I00_I99","2000_2005","2016_2020",15,"Economic_type_3_EQI+SM+PA+OB","0.00","2.23(-2.57,7.14)","-0.10(-4.74,4.58)","3.02(-1.82,7.82)","6.87(1.25,12.42)","0.3585","0.9683","0.2331","0.0169","1.0017","1.0004","1.0010","1.0005",2906,2581,2570,2506,3707,3552,2836,2556
"I00_I99","2000_2005","2016_2020",15,"Economic_type_3_EQI_Air+SM+PA+OB","0.00","-1.53(-7.06,4.15)","5.27(0.23,10.60)","6.31(1.30,11.46)","9.56(4.11,15.06)","0.5743","0.0419","0.0156","0.0015","1.0022","1.0016","1.0020","1.0016",2971,2487,2353,2475,3274,3032,3232,3374
"I00_I99","2000_2005","2016_2020",15,"Economic_type_3_EQI_Water+SM+PA+OB","0.00","-7.46(-12.86,-2.23)","-2.23(-7.51,2.81)","-0.85(-6.16,4.51)","-5.98(-11.78,-0.23)","0.0085","0.4010","0.7488","0.0435","1.0019","1.0023","1.0018","1.0007",3143,2765,2849,3199,3415,3517,3192,3443
"I00_I99","2000_2005","2016_2020",15,"Economic_type_3_EQI_Land+SM+PA+OB","0.00","-0.54(-4.85,3.57)","-1.36(-5.82,3.20)","2.63(-2.27,7.44)","-1.12(-6.38,4.01)","0.8150","0.5559","0.3026","0.6655","1.0012","1.0002","1.0001","0.9998",4391,3739,3569,3596,3948,3824,3677,3758
"I00_I99","2000_2005","2016_2020",15,"Economic_type_3_EQI_Built+SM+PA+OB","0.00","5.11(0.93,9.08)","7.76(3.47,11.92)","9.04(4.68,13.42)","14.90(9.51,20.35)","0.0165","0.0002","0.0002","0.0002","1.0007","0.9999","0.9999","1.0013",4230,3719,3506,3965,4191,4126,3252,3760
"I00_I99","2000_2005","2016_2020",15,"Economic_type_3_EQI_Social+SM+PA+OB","0.00","-1.50(-5.99,3.08)","-4.54(-9.36,0.13)","-10.00(-14.83,-5.12)","-11.75(-17.58,-5.93)","0.4964","0.0564","0.0002","0.0002","1.0004","1.0022","1.0018","1.0014",3945,2600,2490,2419,3339,3166,3551,3395
"I00_I99","2000_2005","2021_2024",20,"Economic_type_3_EQI+SM+PA+OB","0.00","-2.05(-8.71,4.42)","-2.90(-9.38,3.68)","-0.44(-6.94,5.99)","5.57(-1.49,12.78)","0.5488","0.3785","0.8829","0.1189","0.9999","1.0015","0.9999","1.0003",5453,5095,4591,3882,3328,3928,3876,3518
"I00_I99","2000_2005","2021_2024",20,"Economic_type_3_EQI_Air+SM+PA+OB","0.00","-4.63(-11.55,2.07)","4.11(-2.20,10.47)","5.15(-0.98,11.46)","8.69(2.16,15.16)","0.1839","0.2052","0.1060","0.0135","1.0025","1.0009","1.0005","1.0006",5954,5739,4895,4700,3751,3918,4151,3334
"I00_I99","2000_2005","2021_2024",20,"Economic_type_3_EQI_Water+SM+PA+OB","0.00","-5.42(-12.08,1.52)","0.33(-6.18,7.02)","2.33(-4.65,9.36)","-3.00(-10.42,4.46)","0.1144","0.9283","0.5126","0.4459","1.0012","1.0000","1.0009","1.0002",5661,5704,5499,5295,3633,4044,3371,3766
"I00_I99","2000_2005","2021_2024",20,"Economic_type_3_EQI_Land+SM+PA+OB","0.00","-1.22(-7.22,4.86)","-4.58(-10.66,1.60)","-1.89(-8.46,4.60)","-1.96(-8.88,5.26)","0.6801","0.1418","0.5718","0.5880","0.9997","1.0016","1.0009","1.0006",6258,5459,5235,5552,3293,3817,3700,3503
"I00_I99","2000_2005","2021_2024",20,"Economic_type_3_EQI_Built+SM+PA+OB","0.00","-0.90(-6.93,5.13)","1.86(-4.04,7.70)","7.08(1.15,13.20)","9.05(1.83,16.18)","0.7663","0.5368","0.0198","0.0152","1.0035","1.0001","1.0016","1.0003",6591,6056,5880,6065,3661,3869,3973,3914
"I00_I99","2000_2005","2021_2024",20,"Economic_type_3_EQI_Social+SM+PA+OB","0.00","2.63(-3.78,8.84)","-1.64(-7.93,4.71)","-7.26(-13.65,-0.68)","-8.16(-15.35,-0.95)","0.4035","0.6038","0.0277","0.0281","0.9997","1.0016","1.0008","1.0006",7629,6068,4851,4985,3600,3589,3758,4130
"I00_I99","2000_2005","2006_2010",5,"Economic_type_4_EQI+SM+PA+OB","0.00","1.35(-5.24,7.83)","9.26(3.25,15.15)","5.26(-1.27,11.72)","2.76(-4.30,9.66)","0.6809","0.0027","0.1194","0.4364","1.0007","1.0005","1.0000","1.0007",4317,3917,4028,3133,4004,3755,3937,3448
"I00_I99","2000_2005","2006_2010",5,"Economic_type_4_EQI_Air+SM+PA+OB","0.00","13.66(6.81,20.34)","7.79(1.51,14.27)","4.84(-1.45,11.07)","11.53(4.89,18.33)","0.0002","0.0173","0.1177","0.0010","1.0003","1.0014","1.0008","1.0012",4530,4122,3470,3493,3860,3873,3472,3411
"I00_I99","2000_2005","2006_2010",5,"Economic_type_4_EQI_Water+SM+PA+OB","0.00","-1.34(-8.42,5.58)","-1.99(-8.99,4.87)","-1.90(-8.87,5.24)","-4.27(-11.25,2.71)","0.7188","0.5676","0.5793","0.2285","1.0000","1.0002","1.0009","1.0007",4715,3912,3451,3557,3897,3696,2819,3154
"I00_I99","2000_2005","2006_2010",5,"Economic_type_4_EQI_Land+SM+PA+OB","0.00","-0.66(-7.15,5.43)","1.56(-4.83,7.98)","1.64(-4.79,8.44)","0.23(-7.07,7.39)","0.8429","0.6205","0.6292","0.9379","1.0002","1.0005","1.0003","0.9997",5399,4837,4425,4421,3760,3563,4076,4059
"I00_I99","2000_2005","2006_2010",5,"Economic_type_4_EQI_Built+SM+PA+OB","0.00","1.84(-4.59,8.07)","3.12(-3.30,9.52)","5.46(-0.98,11.91)","7.90(1.64,14.22)","0.5668","0.3335","0.0994","0.0160","0.9995","1.0004","1.0010","1.0007",4401,4486,4105,3900,3759,3293,3601,3523
"I00_I99","2000_2005","2006_2010",5,"Economic_type_4_EQI_Social+SM+PA+OB","0.00","10.25(4.47,15.99)","-1.56(-7.66,4.84)","-2.94(-9.66,4.05)","-3.47(-10.28,3.42)","0.0006","0.6151","0.3880","0.3131","1.0019","1.0018","1.0005","1.0013",4059,3822,4543,3871,3594,3542,3616,3506
"I00_I99","2000_2005","2011_2015",10,"Economic_type_4_EQI+SM+PA+OB","0.00","0.01(-5.93,5.86)","7.23(1.54,12.86)","4.98(-1.15,11.29)","3.28(-3.63,10.22)","0.9996","0.0135","0.1210","0.3518","1.0007","1.0013","1.0014","1.0007",4695,4286,3737,3238,3779,3599,3578,3506
"I00_I99","2000_2005","2011_2015",10,"Economic_type_4_EQI_Air+SM+PA+OB","0.00","13.06(6.59,19.37)","7.63(1.61,13.64)","5.70(-0.04,11.46)","12.76(6.49,19.13)","0.0002","0.0102","0.0506","0.0002","0.9998","1.0011","1.0015","1.0028",4859,4243,4066,3779,3642,3357,3851,3786
"I00_I99","2000_2005","2011_2015",10,"Economic_type_4_EQI_Water+SM+PA+OB","0.00","0.55(-5.76,7.08)","-2.34(-8.76,4.18)","-2.88(-9.48,3.82)","-3.76(-10.44,2.87)","0.8713","0.4793","0.3905","0.2618","1.0005","1.0016","1.0000","1.0004",5134,4466,4309,3600,3746,3690,3665,3709
"I00_I99","2000_2005","2011_2015",10,"Economic_type_4_EQI_Land+SM+PA+OB","0.00","-7.06(-12.81,-1.26)","-2.01(-8.06,4.00)","0.16(-6.11,6.63)","-1.35(-8.40,5.72)","0.0131","0.5080","0.9604","0.7051","0.9996","1.0001","1.0006","1.0003",5628,4778,4932,4904,3835,3817,3588,3683
"I00_I99","2000_2005","2011_2015",10,"Economic_type_4_EQI_Built+SM+PA+OB","0.00","1.77(-4.23,7.58)","1.40(-4.60,7.35)","7.33(1.50,13.37)","8.91(2.84,14.99)","0.5493","0.6555","0.0148","0.0035","1.0014","1.0020","1.0001","1.0014",4446,4231,4428,4517,3621,3661,3936,3892
"I00_I99","2000_2005","2011_2015",10,"Economic_type_4_EQI_Social+SM+PA+OB","0.00","6.82(1.16,12.44)","-4.53(-10.35,1.40)","-3.39(-9.95,3.08)","-6.35(-13.09,0.39)","0.0177","0.1318","0.3143","0.0652","1.0007","1.0006","1.0013","1.0003",4531,4577,4669,3653,3214,3272,3606,3161
"I00_I99","2000_2005","2016_2020",15,"Economic_type_4_EQI+SM+PA+OB","0.00","7.10(0.70,13.66)","7.24(1.15,13.19)","6.16(-0.54,12.90)","6.32(-0.89,13.20)","0.0256","0.0219","0.0689","0.0889","1.0008","1.0009","0.9998","1.0002",4606,4018,4069,3768,3578,3536,3865,3500
"I00_I99","2000_2005","2016_2020",15,"Economic_type_4_EQI_Air+SM+PA+OB","0.00","7.37(0.50,14.06)","8.12(1.94,14.42)","9.08(2.96,15.11)","14.60(8.21,21.23)","0.0360","0.0094","0.0027","0.0006","1.0003","0.9996","1.0011","1.0007",4980,5074,3952,3829,3612,3590,3642,3699
"I00_I99","2000_2005","2016_2020",15,"Economic_type_4_EQI_Water+SM+PA+OB","0.00","-2.22(-9.15,4.57)","-5.36(-11.81,1.28)","-1.52(-8.33,5.35)","-2.44(-9.13,4.19)","0.5243","0.1173","0.6676","0.4843","1.0002","1.0009","1.0011","0.9995",4961,4418,4630,4228,3959,3213,3535,3922
"I00_I99","2000_2005","2016_2020",15,"Economic_type_4_EQI_Land+SM+PA+OB","0.00","-9.79(-15.59,-3.74)","-2.48(-8.64,3.80)","0.79(-5.74,7.32)","0.76(-6.30,8.00)","0.0006","0.4414","0.8209","0.8380","1.0009","1.0005","1.0007","1.0011",5285,5283,4866,4640,3433,3783,3638,4318
"I00_I99","2000_2005","2016_2020",15,"Economic_type_4_EQI_Built+SM+PA+OB","0.00","2.44(-3.92,8.79)","9.23(3.05,15.48)","7.56(0.87,13.96)","10.52(4.13,16.90)","0.4459","0.0035","0.0285","0.0023","1.0014","1.0004","1.0013","1.0002",5078,4601,4196,3843,3834,3584,3565,3476
"I00_I99","2000_2005","2016_2020",15,"Economic_type_4_EQI_Social+SM+PA+OB","0.00","7.81(2.12,13.58)","-0.01(-6.09,6.19)","-4.92(-11.27,1.43)","-5.74(-12.69,1.37)","0.0060","0.9979","0.1410","0.1127","1.0009","1.0011","0.9998","1.0011",4900,5191,4966,4594,3735,4035,3466,3347
"I00_I99","2000_2005","2021_2024",20,"Economic_type_4_EQI+SM+PA+OB","0.00","2.77(-5.17,10.69)","5.92(-2.03,13.82)","1.74(-6.46,9.97)","1.61(-6.88,10.28)","0.4955","0.1498","0.6759","0.7180","1.0001","1.0017","1.0003","1.0005",6290,6470,5690,5572,3668,3596,3327,3614
"I00_I99","2000_2005","2021_2024",20,"Economic_type_4_EQI_Air+SM+PA+OB","0.00","1.94(-6.38,10.44)","2.48(-5.79,10.69)","4.14(-3.56,12.07)","9.29(1.30,17.37)","0.6659","0.5472","0.3006","0.0256","1.0014","0.9994","1.0009","1.0013",5823,5845,5569,5004,3553,3949,3551,3809
"I00_I99","2000_2005","2021_2024",20,"Economic_type_4_EQI_Water+SM+PA+OB","0.00","-0.95(-8.99,7.54)","-1.06(-9.21,6.85)","-0.24(-8.45,7.88)","-3.68(-11.73,4.54)","0.8209","0.8188","0.9608","0.3805","1.0011","0.9999","1.0004","1.0013",5146,4802,5841,4639,3487,3336,3867,3848
"I00_I99","2000_2005","2021_2024",20,"Economic_type_4_EQI_Land+SM+PA+OB","0.00","-5.78(-14.03,2.36)","0.04(-7.71,7.87)","-2.90(-11.12,5.33)","-0.76(-9.12,7.62)","0.1506","0.9992","0.4739","0.8671","1.0003","1.0018","1.0003","1.0019",5188,6130,5588,4633,3483,3734,3621,3694
"I00_I99","2000_2005","2021_2024",20,"Economic_type_4_EQI_Built+SM+PA+OB","0.00","0.56(-7.48,8.57)","1.00(-6.92,8.79)","4.69(-3.34,12.53)","7.45(-0.71,15.29)","0.8796","0.7975","0.2547","0.0727","1.0007","0.9999","1.0012","1.0015",5405,6396,5321,4894,3756,3796,3814,3325
"I00_I99","2000_2005","2021_2024",20,"Economic_type_4_EQI_Social+SM+PA+OB","0.00","8.96(1.29,16.34)","1.62(-6.43,9.74)","-1.75(-10.32,6.74)","-5.80(-14.06,3.10)","0.0231","0.6955","0.6722","0.1731","1.0005","1.0000","1.0020","0.9998",6081,5436,5600,4742,3841,3407,3604,3435
"I00_I99","2000_2005","2006_2010",5,"Economic_type_5_EQI+SM+PA+OB","0.00","1.03(-6.61,8.60)","-5.43(-12.21,1.44)","7.37(0.78,14.04)","13.08(5.95,19.96)","0.7930","0.1260","0.0327","0.0002","1.0003","1.0013","1.0001","1.0011",4621,4576,3899,3183,3553,4224,3958,3402
"I00_I99","2000_2005","2006_2010",5,"Economic_type_5_EQI_Air+SM+PA+OB","0.00","7.59(0.44,14.63)","7.03(-0.35,14.34)","5.20(-1.39,11.81)","20.63(14.41,27.22)","0.0373","0.0610","0.1277","0.0002","1.0025","1.0010","1.0007","1.0010",5988,6583,5723,4918,4033,4125,3641,3972
"I00_I99","2000_2005","2006_2010",5,"Economic_type_5_EQI_Water+SM+PA+OB","0.00","-8.71(-15.85,-1.35)","-1.85(-9.07,5.33)","1.10(-5.56,7.91)","-1.83(-8.61,4.94)","0.0219","0.6159","0.7505","0.5938","1.0005","1.0007","1.0006","1.0009",6939,5628,6382,4726,3647,3823,3984,3802
"I00_I99","2000_2005","2006_2010",5,"Economic_type_5_EQI_Land+SM+PA+OB","0.00","3.97(-2.49,10.52)","0.43(-6.04,7.10)","3.48(-3.20,10.27)","-3.79(-10.54,2.98)","0.2431","0.8942","0.3122","0.2697","1.0020","1.0002","1.0006","1.0011",5729,5907,5345,4916,3874,4233,3677,3555
"I00_I99","2000_2005","2006_2010",5,"Economic_type_5_EQI_Built+SM+PA+OB","0.00","-5.35(-13.71,2.87)","4.43(-3.27,11.92)","3.80(-2.90,10.34)","3.71(-2.87,10.18)","0.2047","0.2560","0.2568","0.2593","1.0005","1.0004","1.0007","1.0002",7647,6374,5419,4903,3448,3420,3530,3616
"I00_I99","2000_2005","2006_2010",5,"Economic_type_5_EQI_Social+SM+PA+OB","0.00","-6.51(-14.27,1.09)","-3.01(-9.46,3.60)","-3.61(-10.12,2.89)","3.56(-3.28,10.30)","0.0939","0.3655","0.2752","0.2968","1.0006","1.0000","1.0015","0.9999",7200,6513,5489,4492,4096,3995,3664,4078
"I00_I99","2000_2005","2011_2015",10,"Economic_type_5_EQI+SM+PA+OB","0.00","-0.52(-7.96,6.74)","-2.52(-9.20,3.97)","8.32(1.86,14.91)","11.76(5.00,18.26)","0.8984","0.4534","0.0115","0.0002","1.0002","1.0003","1.0009","1.0020",4170,4392,3694,3321,3561,3591,3407,3737
"I00_I99","2000_2005","2011_2015",10,"Economic_type_5_EQI_Air+SM+PA+OB","0.00","5.61(-1.22,12.47)","11.52(4.71,18.45)","6.51(0.20,12.55)","17.70(11.48,23.82)","0.0985","0.0010","0.0423","0.0002","1.0010","1.0020","1.0000","1.0002",5172,5229,4798,3917,3759,3728,4022,3365
"I00_I99","2000_2005","2011_2015",10,"Economic_type_5_EQI_Water+SM+PA+OB","0.00","-12.13(-19.12,-5.22)","0.44(-6.29,7.22)","4.44(-1.88,10.83)","1.46(-5.40,8.16)","0.0006","0.9154","0.1748","0.6692","1.0004","1.0003","1.0004","1.0006",5797,4820,4980,4531,3975,3858,4158,3855
"I00_I99","2000_2005","2011_2015",10,"Economic_type_5_EQI_Land+SM+PA+OB","0.00","2.33(-3.91,8.72)","1.81(-4.37,8.02)","4.22(-2.17,10.55)","-3.37(-9.82,3.04)","0.4722","0.5522","0.2035","0.2947","1.0003","1.0013","1.0000","1.0015",5332,4933,4899,4453,3652,3733,3786,3484
"I00_I99","2000_2005","2011_2015",10,"Economic_type_5_EQI_Built+SM+PA+OB","0.00","-3.96(-11.94,4.02)","5.02(-2.41,12.41)","4.05(-2.26,10.34)","3.88(-2.37,10.17)","0.3306","0.1789","0.2056","0.2260","1.0002","1.0015","1.0007","1.0010",6754,5251,4815,4618,3683,3590,3647,3657
"I00_I99","2000_2005","2011_2015",10,"Economic_type_5_EQI_Social+SM+PA+OB","0.00","-6.20(-13.39,1.34)","1.26(-4.91,7.19)","-3.96(-9.94,2.15)","0.70(-5.60,7.25)","0.0989","0.6801","0.2056","0.8371","1.0012","0.9997","1.0003","1.0001",6001,5325,4757,4347,3851,3651,3803,3870
"I00_I99","2000_2005","2016_2020",15,"Economic_type_5_EQI+SM+PA+OB","0.00","-1.85(-9.02,5.38)","-3.51(-10.09,2.96)","5.41(-1.12,11.51)","10.67(4.09,16.99)","0.6263","0.3093","0.0923","0.0006","1.0020","1.0004","1.0010","1.0004",5188,4380,4086,3474,3892,3757,3464,3434
"I00_I99","2000_2005","2016_2020",15,"Economic_type_5_EQI_Air+SM+PA+OB","0.00","3.70(-2.75,10.26)","10.25(3.57,16.80)","8.45(2.36,14.73)","18.45(12.55,24.52)","0.2814","0.0015","0.0056","0.0002","1.0021","1.0007","1.0000","1.0006",7019,6050,5190,4988,3685,3982,3996,3997
"I00_I99","2000_2005","2016_2020",15,"Economic_type_5_EQI_Water+SM+PA+OB","0.00","-8.93(-15.88,-2.06)","3.06(-3.59,9.75)","0.70(-5.47,6.84)","-3.92(-10.73,2.82)","0.0119","0.3689","0.8309","0.2431","1.0006","1.0001","1.0011","1.0014",7027,5861,5842,5003,3801,3873,3893,3757
"I00_I99","2000_2005","2016_2020",15,"Economic_type_5_EQI_Land+SM+PA+OB","0.00","6.55(0.57,12.47)","1.82(-4.31,8.15)","2.98(-3.40,9.39)","-1.48(-7.71,4.55)","0.0344","0.5518","0.3481","0.6367","1.0018","1.0008","1.0008","1.0008",6383,5911,5479,4825,4096,3859,3884,3524
"I00_I99","2000_2005","2016_2020",15,"Economic_type_5_EQI_Built+SM+PA+OB","0.00","2.16(-5.25,9.87)","3.32(-3.69,10.25)","5.08(-1.28,11.20)","3.67(-2.63,9.88)","0.5872","0.3576","0.1223","0.2368","1.0002","1.0001","1.0003","1.0003",7517,6194,5340,5012,3928,3890,3915,3914
"I00_I99","2000_2005","2016_2020",15,"Economic_type_5_EQI_Social+SM+PA+OB","0.00","-3.86(-11.22,3.46)","0.34(-5.53,6.31)","-2.98(-9.09,3.02)","-1.07(-7.39,5.38)","0.2968","0.9129","0.3360","0.7546","1.0000","1.0008","1.0017","1.0026",8019,6177,5847,5093,3895,4493,3899,3884
"I00_I99","2000_2005","2021_2024",20,"Economic_type_5_EQI+SM+PA+OB","0.00","-0.10(-8.66,8.29)","-2.30(-10.25,5.70)","3.66(-3.86,11.35)","5.33(-2.49,13.24)","0.9983","0.5643","0.3601","0.1856","1.0004","1.0010","1.0012","1.0012",4777,4320,4237,3366,3738,3850,3840,3390
"I00_I99","2000_2005","2021_2024",20,"Economic_type_5_EQI_Air+SM+PA+OB","0.00","0.89(-7.16,8.84)","2.51(-5.80,10.76)","4.39(-3.46,11.96)","8.02(0.45,15.39)","0.8234","0.5351","0.2697","0.0373","1.0019","1.0008","1.0003","1.0016",5610,5956,5069,4546,3285,3707,3650,3969
"I00_I99","2000_2005","2021_2024",20,"Economic_type_5_EQI_Water+SM+PA+OB","0.00","-7.03(-15.65,1.68)","4.48(-4.09,12.91)","2.72(-5.25,10.39)","-3.45(-11.53,4.40)","0.1089","0.2939","0.4918","0.4043","1.0001","1.0002","1.0005","1.0002",5838,4389,4323,4774,3517,3726,3632,3759
"I00_I99","2000_2005","2021_2024",20,"Economic_type_5_EQI_Land+SM+PA+OB","0.00","3.03(-4.88,10.71)","-0.05(-7.62,7.51)","1.32(-6.67,8.94)","-0.88(-8.74,6.97)","0.4464","0.9796","0.7305","0.8288","1.0008","1.0005","1.0010","1.0030",5418,5435,4968,5515,3530,3389,3269,3925
"I00_I99","2000_2005","2021_2024",20,"Economic_type_5_EQI_Built+SM+PA+OB","0.00","-2.01(-11.07,6.87)","0.10(-7.98,8.28)","3.57(-3.98,11.23)","2.83(-4.55,10.16)","0.6642","0.9800","0.3601","0.4459","1.0013","0.9996","1.0005","1.0001",6041,5435,5380,4767,3697,3629,3482,3210
"I00_I99","2000_2005","2021_2024",20,"Economic_type_5_EQI_Social+SM+PA+OB","0.00","-0.08(-8.53,8.14)","1.32(-6.29,8.98)","-2.02(-9.36,5.35)","-2.37(-9.92,5.19)","0.9883","0.7321","0.5955","0.5459","1.0045","0.9998","1.0003","0.9999",4886,5239,5100,4168,3141,3778,4030,3188
"I00_I99","2000_2005","2006_2010",5,"Economic_type_6_EQI+SM+PA+OB","0.00","-1.21(-5.48,3.28)","-0.27(-4.71,4.22)","3.95(-0.92,8.77)","1.86(-3.60,7.43)","0.5872","0.8954","0.1177","0.5009","1.0031","1.0026","1.0027","1.0027",3225,2769,2617,2368,3645,3075,3036,3249
"I00_I99","2000_2005","2006_2010",5,"Economic_type_6_EQI_Air+SM+PA+OB","0.00","-0.86(-5.19,3.55)","4.16(-0.29,8.62)","3.86(-0.56,8.33)","3.69(-1.15,8.83)","0.7030","0.0710","0.0910","0.1473","1.0003","1.0014","1.0019","1.0007",3400,3017,3006,3070,3361,3268,3099,3210
"I00_I99","2000_2005","2006_2010",5,"Economic_type_6_EQI_Water+SM+PA+OB","0.00","-1.11(-6.43,4.11)","-5.54(-10.48,-0.69)","-1.73(-6.71,3.46)","1.14(-4.16,6.47)","0.6780","0.0256","0.4972","0.6763","1.0006","1.0009","1.0000","1.0002",3335,2879,3197,3229,3549,3699,3842,3504
"I00_I99","2000_2005","2006_2010",5,"Economic_type_6_EQI_Land+SM+PA+OB","0.00","-5.14(-9.31,-0.87)","-5.79(-10.14,-1.35)","0.39(-4.40,5.25)","1.49(-3.81,6.77)","0.0198","0.0131","0.8917","0.5763","1.0004","1.0007","1.0001","1.0003",4483,3663,3276,3104,3880,4075,3603,3926
"I00_I99","2000_2005","2006_2010",5,"Economic_type_6_EQI_Built+SM+PA+OB","0.00","3.23(-1.12,7.61)","4.30(-0.03,8.69)","7.95(3.37,12.48)","9.55(4.86,14.41)","0.1406","0.0527","0.0006","0.0002","1.0009","1.0024","1.0019","1.0022",3308,3090,3204,3034,3334,3225,3587,3127
"I00_I99","2000_2005","2006_2010",5,"Economic_type_6_EQI_Social+SM+PA+OB","0.00","-6.67(-10.91,-2.58)","-5.70(-9.95,-1.24)","-9.22(-13.99,-4.47)","-11.42(-16.69,-5.84)","0.0015","0.0110","0.0010","0.0002","1.0014","1.0022","1.0018","1.0017",4377,3663,3170,2968,3878,3809,3496,3705
"I00_I99","2000_2005","2011_2015",10,"Economic_type_6_EQI+SM+PA+OB","0.00","-1.32(-5.52,2.92)","0.71(-3.46,5.04)","4.59(0.11,8.98)","4.32(-0.89,9.48)","0.5401","0.7609","0.0452","0.1039","1.0004","1.0014","1.0009","1.0015",3278,2769,2716,2689,3235,3475,3298,3496
"I00_I99","2000_2005","2011_2015",10,"Economic_type_6_EQI_Air+SM+PA+OB","0.00","-1.28(-5.49,2.95)","2.81(-1.41,7.21)","2.08(-2.45,6.56)","2.59(-2.33,7.55)","0.5405","0.1968","0.3664","0.3026","1.0016","1.0007","1.0017","1.0014",3402,3040,3082,3141,3852,3083,3389,3692
"I00_I99","2000_2005","2011_2015",10,"Economic_type_6_EQI_Water+SM+PA+OB","0.00","-3.92(-8.88,1.27)","-1.37(-6.33,3.76)","1.27(-3.53,6.28)","1.64(-3.50,6.87)","0.1293","0.5830","0.6076","0.5451","1.0002","1.0011","1.0013","0.9999",3247,3167,2949,3086,3643,3738,3450,3378
"I00_I99","2000_2005","2011_2015",10,"Economic_type_6_EQI_Land+SM+PA+OB","0.00","-4.61(-8.52,-0.61)","-5.09(-9.33,-0.73)","-1.83(-6.46,3.05)","1.77(-3.04,6.75)","0.0265","0.0248","0.4405","0.4930","1.0015","1.0026","1.0020","1.0013",4175,3345,2957,2960,3816,3562,3289,3525
"I00_I99","2000_2005","2011_2015",10,"Economic_type_6_EQI_Built+SM+PA+OB","0.00","3.41(-0.60,7.46)","4.12(0.09,8.12)","9.91(5.64,14.17)","11.58(6.95,15.93)","0.0994","0.0477","0.0002","0.0002","1.0019","1.0010","1.0005","1.0012",3652,3312,3155,3093,3269,3893,3225,3255
"I00_I99","2000_2005","2011_2015",10,"Economic_type_6_EQI_Social+SM+PA+OB","0.00","-4.63(-8.51,-0.62)","-11.04(-15.49,-6.75)","-8.06(-12.96,-3.49)","-11.38(-16.88,-5.97)","0.0248","0.0002","0.0006","0.0002","1.0003","1.0012","1.0006","1.0017",4236,3259,3000,2647,3521,3457,3300,3304
"I00_I99","2000_2005","2016_2020",15,"Economic_type_6_EQI+SM+PA+OB","0.00","2.89(-1.69,7.31)","3.09(-1.48,7.51)","8.05(3.21,12.84)","10.66(5.00,15.99)","0.1993","0.1789","0.0006","0.0002","1.0010","1.0018","1.0003","1.0003",3696,3643,3677,3159,3311,3940,3771,2892
"I00_I99","2000_2005","2016_2020",15,"Economic_type_6_EQI_Air+SM+PA+OB","0.00","1.44(-3.10,5.88)","1.39(-3.09,5.96)","6.35(1.76,11.08)","8.31(3.04,13.52)","0.5276","0.5409","0.0085","0.0023","0.9997","1.0000","1.0009","1.0000",4120,3749,3765,3681,3453,3852,3928,3984
"I00_I99","2000_2005","2016_2020",15,"Economic_type_6_EQI_Water+SM+PA+OB","0.00","1.28(-4.01,6.40)","-1.69(-6.94,3.59)","0.71(-4.58,5.78)","1.98(-3.63,7.64)","0.6342","0.5280","0.7892","0.4847","1.0019","1.0006","1.0007","1.0001",4181,3917,3988,3972,3767,3707,3873,3478
"I00_I99","2000_2005","2016_2020",15,"Economic_type_6_EQI_Land+SM+PA+OB","0.00","-1.47(-5.80,2.89)","-0.22(-4.69,4.26)","-0.90(-5.88,4.01)","5.23(0.00,10.38)","0.5022","0.9333","0.7134","0.0498","1.0011","0.9999","1.0034","1.0014",5604,4734,4312,4002,3898,3865,4365,3767
"I00_I99","2000_2005","2016_2020",15,"Economic_type_6_EQI_Built+SM+PA+OB","0.00","6.86(2.43,11.22)","7.56(3.22,11.89)","12.09(7.68,16.53)","10.69(6.05,15.37)","0.0015","0.0006","0.0002","0.0002","1.0000","1.0011","1.0011","1.0002",4913,4071,3954,3714,4024,4112,3727,3861
"I00_I99","2000_2005","2016_2020",15,"Economic_type_6_EQI_Social+SM+PA+OB","0.00","-0.46(-4.75,3.80)","-5.83(-10.30,-1.33)","-3.00(-8.00,1.98)","-6.99(-12.71,-1.41)","0.8380","0.0115","0.2410","0.0135","1.0007","1.0003","1.0008","1.0004",4513,3591,3207,2925,3587,3471,3598,3554
"I00_I99","2000_2005","2021_2024",20,"Economic_type_6_EQI+SM+PA+OB","0.00","4.57(-2.09,11.18)","-3.49(-9.95,2.97)","2.41(-4.24,8.89)","4.63(-2.68,11.92)","0.1785","0.3026","0.4597","0.2143","1.0001","1.0001","1.0005","1.0005",4662,4676,4303,3636,3689,3021,3445,3461
"I00_I99","2000_2005","2021_2024",20,"Economic_type_6_EQI_Air+SM+PA+OB","0.00","-0.04(-6.49,6.53)","-0.19(-6.68,6.36)","3.56(-3.18,10.10)","4.36(-2.78,11.55)","0.9771","0.9383","0.2856","0.2443","1.0009","1.0011","1.0017","1.0003",5532,5658,5333,5678,3563,3988,3231,4063
"I00_I99","2000_2005","2021_2024",20,"Economic_type_6_EQI_Water+SM+PA+OB","0.00","0.88(-6.37,7.91)","-5.16(-12.47,1.85)","2.93(-4.20,10.03)","0.14(-7.19,7.53)","0.8105","0.1464","0.4085","0.9742","1.0011","1.0011","1.0016","1.0014",6635,5181,5998,5182,3346,3699,3547,3371
"I00_I99","2000_2005","2021_2024",20,"Economic_type_6_EQI_Land+SM+PA+OB","0.00","-1.05(-7.77,5.70)","-5.52(-11.79,1.04)","-1.61(-8.56,5.31)","1.54(-5.40,8.64)","0.7530","0.1010","0.6451","0.6742","1.0037","1.0028","1.0001","1.0008",6599,6498,5726,5646,3674,3999,3965,3820
"I00_I99","2000_2005","2021_2024",20,"Economic_type_6_EQI_Built+SM+PA+OB","0.00","2.77(-3.84,9.41)","4.44(-1.98,10.71)","7.52(0.79,14.33)","7.19(0.33,14.05)","0.3989","0.1718","0.0269","0.0390","1.0026","1.0011","1.0016","0.9999",5414,6687,5496,5196,3590,4292,4106,3077
"I00_I99","2000_2005","2021_2024",20,"Economic_type_6_EQI_Social+SM+PA+OB","0.00","0.53(-6.07,6.95)","-6.38(-12.75,-0.02)","-1.81(-8.61,5.03)","-6.14(-13.68,1.16)","0.8709","0.0498","0.6188","0.0998","1.0011","1.0003","1.0022","1.0006",7357,5590,5252,5051,3171,3734,3845,3578
"I00_I99","2000_2005","2006_2010",5,"Homeownership_tertile_1_EQI+SM+PA+OB","0.00","14.31(8.65,19.75)","16.68(11.10,21.98)","15.24(9.83,20.74)","15.71(9.76,21.77)","0.0002","0.0002","0.0002","0.0002","1.0000","1.0000","1.0010","1.0012",4397,4063,3325,2888,3839,3752,3487,3580
"I00_I99","2000_2005","2006_2010",5,"Homeownership_tertile_1_EQI_Air+SM+PA+OB","0.00","17.56(11.83,23.08)","24.06(18.37,29.47)","17.15(11.74,22.63)","16.36(10.53,22.10)","0.0002","0.0002","0.0002","0.0002","1.0020","1.0006","1.0003","1.0000",3482,3208,2885,2708,3191,3376,3439,3319
"I00_I99","2000_2005","2006_2010",5,"Homeownership_tertile_1_EQI_Water+SM+PA+OB","0.00","-9.95(-15.94,-4.26)","4.72(-1.15,10.67)","2.20(-3.56,8.02)","1.97(-4.22,8.17)","0.0015","0.1268","0.4584","0.5172","1.0009","1.0004","1.0004","1.0005",3837,2920,3303,3118,3511,3452,3877,3583
"I00_I99","2000_2005","2006_2010",5,"Homeownership_tertile_1_EQI_Land+SM+PA+OB","0.00","-0.88(-6.12,4.24)","0.81(-4.34,6.03)","7.25(1.84,12.77)","7.26(1.37,13.14)","0.7480","0.7646","0.0085","0.0123","1.0014","1.0005","1.0011","1.0003",3755,3797,2975,3375,3367,3483,3604,3740
"I00_I99","2000_2005","2006_2010",5,"Homeownership_tertile_1_EQI_Built+SM+PA+OB","0.00","17.04(10.90,23.06)","22.05(16.49,27.67)","17.27(11.97,22.74)","22.00(16.54,27.20)","0.0002","0.0002","0.0002","0.0002","1.0011","1.0004","1.0023","1.0018",4095,3735,3134,2918,3579,3584,3428,3512
"I00_I99","2000_2005","2006_2010",5,"Homeownership_tertile_1_EQI_Social+SM+PA+OB","0.00","0.29(-4.63,5.14)","-3.19(-8.50,1.85)","-4.86(-10.45,0.68)","0.56(-5.73,6.76)","0.9017","0.2264","0.0831","0.8584","1.0011","1.0029","1.0017","1.0010",3231,2799,2421,2260,3275,3201,3359,2732
"I00_I99","2000_2005","2011_2015",10,"Homeownership_tertile_1_EQI+SM+PA+OB","0.00","13.97(8.76,19.40)","20.15(14.78,25.50)","16.45(11.19,21.86)","12.62(6.90,18.42)","0.0002","0.0002","0.0002","0.0002","1.0009","1.0012","1.0003","1.0001",3713,3056,2658,2476,3280,3498,3348,3304
"I00_I99","2000_2005","2011_2015",10,"Homeownership_tertile_1_EQI_Air+SM+PA+OB","0.00","20.63(14.83,26.16)","23.91(18.32,29.40)","17.69(12.41,22.78)","16.18(10.67,21.66)","0.0002","0.0002","0.0002","0.0002","1.0009","1.0019","1.0008","1.0006",3789,3414,3033,3070,3719,3639,3313,3650
"I00_I99","2000_2005","2011_2015",10,"Homeownership_tertile_1_EQI_Water+SM+PA+OB","0.00","-5.27(-10.94,0.40)","6.14(0.52,11.63)","4.99(-0.63,10.76)","1.52(-4.23,7.43)","0.0710","0.0269","0.0773","0.6076","1.0009","1.0013","1.0004","1.0025",3333,2973,2863,2682,3477,3324,3360,3340
"I00_I99","2000_2005","2011_2015",10,"Homeownership_tertile_1_EQI_Land+SM+PA+OB","0.00","-0.70(-5.41,4.27)","-0.88(-5.80,3.97)","2.32(-2.93,7.42)","5.62(0.21,11.14)","0.7709","0.7246","0.3793","0.0452","1.0005","1.0003","0.9998","1.0019",4294,3747,3342,3204,3813,3686,3659,3416
"I00_I99","2000_2005","2011_2015",10,"Homeownership_tertile_1_EQI_Built+SM+PA+OB","0.00","12.34(6.36,18.34)","19.03(13.62,24.43)","19.30(14.13,24.49)","25.33(20.08,30.52)","0.0002","0.0002","0.0002","0.0002","1.0022","1.0013","1.0007","1.0012",3784,3055,3004,2698,3557,3286,3258,2959
"I00_I99","2000_2005","2011_2015",10,"Homeownership_tertile_1_EQI_Social+SM+PA+OB","0.00","3.46(-1.26,8.13)","-4.55(-9.46,0.31)","-6.73(-12.04,-1.38)","-1.58(-7.77,4.45)","0.1423","0.0739","0.0119","0.6067","1.0002","1.0006","1.0001","1.0012",2939,2928,2650,2495,3725,3581,3494,2826
"I00_I99","2000_2005","2016_2020",15,"Homeownership_tertile_1_EQI+SM+PA+OB","0.00","17.63(12.47,23.01)","20.63(15.47,25.86)","17.63(12.18,23.07)","15.69(9.84,21.83)","0.0002","0.0002","0.0002","0.0002","1.0011","0.9996","1.0010","1.0009",4421,4083,3305,2829,4043,3564,3295,3225
"I00_I99","2000_2005","2016_2020",15,"Homeownership_tertile_1_EQI_Air+SM+PA+OB","0.00","11.45(5.93,16.86)","18.78(13.22,24.30)","21.66(16.57,26.83)","17.77(12.36,23.12)","0.0002","0.0002","0.0002","0.0002","1.0003","1.0004","1.0001","1.0005",4173,3753,3111,2848,3742,3653,3388,3195
"I00_I99","2000_2005","2016_2020",15,"Homeownership_tertile_1_EQI_Water+SM+PA+OB","0.00","-8.83(-14.40,-3.16)","1.35(-4.08,6.63)","3.36(-2.21,8.78)","0.80(-4.80,6.52)","0.0015","0.6151","0.2347","0.7800","1.0003","1.0009","1.0017","1.0001",3837,3456,3255,3338,3688,3811,3579,3887
"I00_I99","2000_2005","2016_2020",15,"Homeownership_tertile_1_EQI_Land+SM+PA+OB","0.00","0.45(-4.51,5.41)","-1.94(-6.94,2.95)","0.47(-4.68,5.76)","3.42(-2.16,9.03)","0.8609","0.4555","0.8696","0.2268","1.0001","1.0009","1.0006","1.0017",4101,3934,3507,3160,3617,3674,3488,3356
"I00_I99","2000_2005","2016_2020",15,"Homeownership_tertile_1_EQI_Built+SM+PA+OB","0.00","14.35(8.42,20.17)","22.07(16.54,27.37)","22.84(17.57,28.20)","23.62(18.25,29.09)","0.0002","0.0002","0.0002","0.0002","1.0016","1.0010","1.0010","1.0021",4004,3586,3234,3062,3614,3559,3306,3310
"I00_I99","2000_2005","2016_2020",15,"Homeownership_tertile_1_EQI_Social+SM+PA+OB","0.00","4.16(-0.37,8.90)","0.73(-4.27,5.73)","-3.87(-9.27,1.69)","-1.05(-6.91,5.16)","0.0760","0.7688","0.1573","0.7296","1.0014","1.0013","1.0006","1.0006",4609,3407,3053,2765,3321,3415,3254,3518
"I00_I99","2000_2005","2021_2024",20,"Homeownership_tertile_1_EQI+SM+PA+OB","0.00","7.52(0.43,14.51)","11.26(4.11,18.07)","5.26(-1.86,12.46)","4.99(-2.79,12.48)","0.0394","0.0031","0.1543","0.1889","1.0006","1.0014","1.0003","1.0004",5386,4752,4097,3602,3515,3559,3588,3666
"I00_I99","2000_2005","2021_2024",20,"Homeownership_tertile_1_EQI_Air+SM+PA+OB","0.00","2.82(-4.39,10.23)","11.24(4.12,18.26)","11.12(4.20,18.14)","7.78(0.64,14.84)","0.4622","0.0019","0.0023","0.0319","1.0007","1.0009","1.0022","1.0019",5122,4950,3530,3143,3494,3554,3633,3202
"I00_I99","2000_2005","2021_2024",20,"Homeownership_tertile_1_EQI_Water+SM+PA+OB","0.00","-8.84(-16.30,-1.39)","1.76(-5.73,9.03)","3.45(-3.83,10.66)","1.55(-5.86,9.14)","0.0169","0.6347","0.3668","0.6938","1.0023","1.0001","1.0015","1.0021",3909,3895,3989,3959,3783,3710,3290,3751
"I00_I99","2000_2005","2021_2024",20,"Homeownership_tertile_1_EQI_Land+SM+PA+OB","0.00","0.98(-6.14,8.01)","-0.77(-7.76,5.97)","-1.41(-8.47,5.74)","2.13(-5.48,9.54)","0.7742","0.8484","0.6984","0.5759","1.0006","0.9999","1.0018","1.0005",4772,4570,4168,3492,3577,3732,3746,3669
"I00_I99","2000_2005","2021_2024",20,"Homeownership_tertile_1_EQI_Built+SM+PA+OB","0.00","3.72(-3.64,11.52)","7.55(0.41,14.67)","7.40(0.61,14.03)","12.47(5.66,19.34)","0.3310","0.0377","0.0298","0.0010","1.0012","1.0003","1.0006","1.0006",4952,4885,4064,3879,3652,3655,3816,3583
"I00_I99","2000_2005","2021_2024",20,"Homeownership_tertile_1_EQI_Social+SM+PA+OB","0.00","3.27(-3.34,10.05)","-4.70(-11.41,2.12)","-3.26(-10.21,3.78)","-0.34(-7.74,7.11)","0.3418","0.1806","0.3730","0.9308","1.0002","1.0005","1.0003","1.0011",4976,4357,4421,3740,3726,3586,3697,3783
"I00_I99","2000_2005","2006_2010",5,"Homeownership_tertile_2_EQI+SM+PA+OB","0.00","8.65(3.86,13.47)","7.87(3.20,12.65)","7.49(2.05,12.73)","10.51(4.61,16.43)","0.0010","0.0006","0.0048","0.0002","1.0017","1.0006","1.0012","1.0003",4937,3623,3521,3363,3600,3686,3588,3559
"I00_I99","2000_2005","2006_2010",5,"Homeownership_tertile_2_EQI_Air+SM+PA+OB","0.00","13.51(8.63,18.41)","11.82(6.89,16.74)","9.99(4.87,14.99)","9.56(3.89,15.35)","0.0002","0.0002","0.0002","0.0006","1.0027","1.0016","1.0004","1.0002",5317,4439,4032,3904,4058,3729,3778,4034
"I00_I99","2000_2005","2006_2010",5,"Homeownership_tertile_2_EQI_Water+SM+PA+OB","0.00","-3.21(-9.21,2.44)","-3.01(-8.66,2.68)","-0.42(-6.09,5.10)","1.17(-4.85,7.10)","0.2660","0.2843","0.8834","0.7126","0.9999","1.0005","1.0008","1.0006",4285,3898,3345,3257,3685,3794,3680,3314
"I00_I99","2000_2005","2006_2010",5,"Homeownership_tertile_2_EQI_Land+SM+PA+OB","0.00","3.49(-1.08,8.21)","-2.36(-7.13,2.49)","2.40(-2.89,7.75)","-1.88(-7.39,3.66)","0.1364","0.3406","0.3726","0.5051","0.9997","1.0002","0.9998","1.0004",5139,4688,4465,4627,3625,3754,3846,4347
"I00_I99","2000_2005","2006_2010",5,"Homeownership_tertile_2_EQI_Built+SM+PA+OB","0.00","11.56(6.82,16.23)","7.04(2.36,11.64)","9.95(5.07,14.88)","14.52(8.94,19.85)","0.0002","0.0023","0.0006","0.0002","1.0014","0.9999","1.0001","1.0004",5182,4730,4241,4829,3989,3670,3918,3923
"I00_I99","2000_2005","2006_2010",5,"Homeownership_tertile_2_EQI_Social+SM+PA+OB","0.00","5.20(0.42,9.90)","-0.84(-5.65,3.88)","-3.55(-8.68,1.48)","-0.31(-6.27,5.66)","0.0348","0.7530","0.1756","0.9263","1.0017","1.0000","1.0001","1.0005",5232,4290,3958,3751,3487,3994,3752,4192
"I00_I99","2000_2005","2011_2015",10,"Homeownership_tertile_2_EQI+SM+PA+OB","0.00","10.07(5.58,14.54)","9.30(4.93,13.84)","7.49(2.69,12.26)","12.21(6.58,17.78)","0.0002","0.0002","0.0006","0.0002","1.0025","1.0015","1.0005","1.0012",3941,3340,2244,2524,3812,3610,2799,2844
"I00_I99","2000_2005","2011_2015",10,"Homeownership_tertile_2_EQI_Air+SM+PA+OB","0.00","8.10(3.48,12.84)","9.46(4.70,14.18)","6.37(1.42,11.23)","4.22(-1.31,9.70)","0.0006","0.0002","0.0090","0.1314","1.0007","1.0009","1.0012","1.0019",4173,3321,2705,2923,3867,3562,2713,3775
"I00_I99","2000_2005","2011_2015",10,"Homeownership_tertile_2_EQI_Water+SM+PA+OB","0.00","-11.15(-16.35,-6.01)","-1.04(-6.19,4.17)","1.76(-3.42,6.95)","2.35(-3.35,8.09)","0.0002","0.7021","0.5064","0.4255","1.0004","1.0012","1.0010","1.0017",3572,3215,3029,2880,3807,3758,3703,3554
"I00_I99","2000_2005","2011_2015",10,"Homeownership_tertile_2_EQI_Land+SM+PA+OB","0.00","0.47(-3.74,4.88)","-5.45(-10.13,-0.75)","2.88(-2.11,7.92)","0.19(-5.25,5.60)","0.8188","0.0215","0.2610","0.9513","1.0004","1.0009","1.0008","1.0007",4449,4115,3563,3493,3878,4132,3788,3670
"I00_I99","2000_2005","2011_2015",10,"Homeownership_tertile_2_EQI_Built+SM+PA+OB","0.00","10.74(6.45,15.14)","7.76(3.36,12.02)","12.56(7.98,17.01)","11.15(5.95,16.13)","0.0002","0.0006","0.0002","0.0002","1.0017","1.0011","1.0020","1.0007",3804,3608,3469,3699,3333,3740,3549,3935
"I00_I99","2000_2005","2011_2015",10,"Homeownership_tertile_2_EQI_Social+SM+PA+OB","0.00","0.84(-3.40,5.30)","-0.14(-4.80,4.54)","-2.31(-7.06,2.54)","-0.10(-5.83,5.78)","0.7084","0.9588","0.3614","0.9833","0.9997","1.0005","1.0001","1.0008",3821,3567,3256,2889,3397,3561,3433,3278
"I00_I99","2000_2005","2016_2020",15,"Homeownership_tertile_2_EQI+SM+PA+OB","0.00","8.00(3.66,12.22)","8.86(4.40,13.51)","8.90(4.08,13.70)","12.06(6.44,17.31)","0.0010","0.0002","0.0015","0.0002","1.0015","1.0009","1.0015","1.0018",5578,4166,3310,2816,3907,3552,3871,2423
"I00_I99","2000_2005","2016_2020",15,"Homeownership_tertile_2_EQI_Air+SM+PA+OB","0.00","11.95(7.43,16.58)","12.56(8.05,17.24)","5.61(1.13,10.37)","11.34(6.17,16.55)","0.0002","0.0002","0.0123","0.0002","1.0008","1.0001","1.0002","1.0000",3903,3513,3117,3487,3913,3950,3590,3857
"I00_I99","2000_2005","2016_2020",15,"Homeownership_tertile_2_EQI_Water+SM+PA+OB","0.00","-3.18(-8.33,1.96)","2.77(-2.51,8.04)","2.92(-2.62,8.10)","0.70(-4.93,6.28)","0.2293","0.2851","0.2876","0.8088","1.0001","1.0007","1.0004","1.0013",4137,3628,3539,3777,4160,3790,3502,3838
"I00_I99","2000_2005","2016_2020",15,"Homeownership_tertile_2_EQI_Land+SM+PA+OB","0.00","0.52(-3.64,4.78)","2.05(-2.38,6.49)","1.34(-3.57,6.32)","0.50(-4.62,5.74)","0.8305","0.3693","0.6138","0.8534","0.9996","1.0006","1.0018","1.0008",4950,4389,3623,3771,3774,4001,3876,3595
"I00_I99","2000_2005","2016_2020",15,"Homeownership_tertile_2_EQI_Built+SM+PA+OB","0.00","8.53(4.16,12.68)","9.72(5.63,13.86)","10.24(5.77,14.75)","13.65(8.68,18.68)","0.0002","0.0002","0.0002","0.0002","1.0011","1.0021","1.0007","1.0011",4766,4144,4131,3996,3619,3597,3718,3585
"I00_I99","2000_2005","2016_2020",15,"Homeownership_tertile_2_EQI_Social+SM+PA+OB","0.00","2.60(-1.64,6.90)","-3.55(-8.06,1.03)","-3.77(-8.55,0.94)","-2.31(-8.02,3.53)","0.2243","0.1231","0.1223","0.4464","1.0008","1.0023","1.0007","1.0016",5582,3959,3552,3158,4031,3868,3747,3732
"I00_I99","2000_2005","2021_2024",20,"Homeownership_tertile_2_EQI+SM+PA+OB","0.00","5.90(-0.74,12.24)","3.02(-3.48,9.29)","2.04(-4.49,8.63)","7.00(-0.37,14.29)","0.0810","0.3476","0.5509","0.0631","1.0022","1.0006","1.0023","1.0006",5828,5978,4766,4273,3711,3352,3889,3466
"I00_I99","2000_2005","2021_2024",20,"Homeownership_tertile_2_EQI_Air+SM+PA+OB","0.00","6.16(-0.18,12.54)","7.32(0.81,13.70)","5.15(-1.26,11.89)","4.29(-2.93,11.48)","0.0598","0.0265","0.1177","0.2335","1.0007","1.0000","1.0014","1.0011",7309,6777,5969,5987,3627,3774,3817,4282
"I00_I99","2000_2005","2021_2024",20,"Homeownership_tertile_2_EQI_Water+SM+PA+OB","0.00","-0.51(-7.55,6.44)","1.14(-5.80,8.18)","2.48(-4.68,9.57)","-0.50(-7.87,6.83)","0.8900","0.7542","0.4947","0.8813","1.0044","1.0015","0.9999","1.0011",6122,6175,5272,5234,3948,3558,3466,3702
"I00_I99","2000_2005","2021_2024",20,"Homeownership_tertile_2_EQI_Land+SM+PA+OB","0.00","0.32(-6.13,6.65)","-2.52(-9.05,3.99)","-0.38(-6.88,6.21)","-2.69(-9.72,4.22)","0.9188","0.4422","0.9200","0.4539","1.0031","0.9995","1.0013","1.0020",7298,7421,7000,6360,3549,3891,4000,3871
"I00_I99","2000_2005","2021_2024",20,"Homeownership_tertile_2_EQI_Built+SM+PA+OB","0.00","4.41(-1.79,10.76)","3.66(-2.47,9.87)","11.77(5.16,18.06)","7.35(0.54,14.33)","0.1681","0.2506","0.0010","0.0369","1.0021","1.0008","1.0019","1.0009",6568,5890,6925,6029,3790,4036,3860,3826
"I00_I99","2000_2005","2021_2024",20,"Homeownership_tertile_2_EQI_Social+SM+PA+OB","0.00","3.84(-2.37,10.03)","-4.83(-11.15,1.54)","-4.32(-10.85,2.24)","-2.08(-9.61,5.53)","0.2289","0.1348","0.2018","0.5743","1.0006","1.0010","1.0002","1.0002",8441,6833,5804,5757,4061,4225,3783,4029
"I00_I99","2000_2005","2006_2010",5,"Homeownership_tertile_3_EQI+SM+PA+OB","0.00","8.20(3.81,12.74)","7.16(2.35,11.84)","6.50(1.51,11.47)","10.99(5.00,17.19)","0.0002","0.0044","0.0135","0.0015","1.0006","0.9998","1.0001","1.0004",4306,3863,3609,3383,3736,3608,3696,3508
"I00_I99","2000_2005","2006_2010",5,"Homeownership_tertile_3_EQI_Air+SM+PA+OB","0.00","5.97(1.33,10.57)","7.55(2.64,12.47)","5.31(0.16,10.51)","6.91(0.76,12.97)","0.0127","0.0019","0.0444","0.0294","1.0024","1.0014","1.0007","1.0014",4555,4299,4145,4582,3752,3499,3765,4113
"I00_I99","2000_2005","2006_2010",5,"Homeownership_tertile_3_EQI_Water+SM+PA+OB","0.00","1.33(-3.84,6.74)","3.59(-1.77,8.90)","5.46(-0.13,11.01)","1.61(-4.58,7.76)","0.6297","0.1985","0.0581","0.6042","1.0008","0.9999","0.9997","1.0002",4589,4187,4377,4004,3863,3815,3859,4041
"I00_I99","2000_2005","2006_2010",5,"Homeownership_tertile_3_EQI_Land+SM+PA+OB","0.00","-10.46(-15.15,-5.57)","-6.56(-11.52,-1.55)","-2.97(-8.31,2.37)","-2.22(-7.81,3.62)","0.0002","0.0090","0.2943","0.4405","1.0007","1.0007","1.0005","1.0003",5479,4467,4406,4243,3512,4154,3639,3812
"I00_I99","2000_2005","2006_2010",5,"Homeownership_tertile_3_EQI_Built+SM+PA+OB","0.00","2.47(-1.71,6.65)","8.30(3.60,12.76)","8.89(4.04,13.99)","1.76(-4.47,8.01)","0.2456","0.0002","0.0010","0.5855","0.9996","1.0006","1.0003","1.0007",5860,5107,5201,5324,3606,3495,3793,4000
"I00_I99","2000_2005","2006_2010",5,"Homeownership_tertile_3_EQI_Social+SM+PA+OB","0.00","-1.36(-5.97,3.35)","-3.24(-8.53,1.79)","0.35(-4.86,5.66)","1.04(-4.65,6.87)","0.5734","0.2243","0.9050","0.7351","1.0026","1.0006","1.0013","1.0002",5296,4154,3816,3193,3678,3948,3620,3249
"I00_I99","2000_2005","2011_2015",10,"Homeownership_tertile_3_EQI+SM+PA+OB","0.00","5.67(1.48,10.03)","4.12(-0.44,8.60)","9.86(5.04,14.65)","13.29(7.50,19.16)","0.0094","0.0781","0.0002","0.0002","1.0013","1.0001","1.0014","1.0017",4867,4012,3520,3400,3529,3584,3583,3346
"I00_I99","2000_2005","2011_2015",10,"Homeownership_tertile_3_EQI_Air+SM+PA+OB","0.00","6.41(1.88,10.78)","7.34(2.79,11.83)","5.46(0.35,10.45)","6.81(1.01,12.50)","0.0048","0.0023","0.0377","0.0227","1.0002","1.0004","1.0015","1.0008",4393,3521,3346,3478,3992,3660,3460,3791
"I00_I99","2000_2005","2011_2015",10,"Homeownership_tertile_3_EQI_Water+SM+PA+OB","0.00","-1.92(-6.92,3.02)","-1.02(-6.13,4.00)","6.37(1.25,11.42)","2.11(-3.45,7.65)","0.4501","0.6784","0.0173","0.4714","1.0023","0.9999","1.0009","1.0014",3630,3352,2993,3514,3237,3542,3362,3652
"I00_I99","2000_2005","2011_2015",10,"Homeownership_tertile_3_EQI_Land+SM+PA+OB","0.00","-9.02(-13.16,-4.72)","-3.16(-7.57,1.36)","-1.95(-7.19,3.17)","0.45(-4.98,5.82)","0.0002","0.1668","0.4572","0.8725","1.0012","1.0000","1.0008","1.0005",4702,4310,3664,3602,3889,4205,3720,3650
"I00_I99","2000_2005","2011_2015",10,"Homeownership_tertile_3_EQI_Built+SM+PA+OB","0.00","5.09(1.32,8.88)","7.64(3.27,11.84)","4.61(0.07,9.06)","0.83(-4.74,6.33)","0.0069","0.0002","0.0473","0.7796","1.0012","1.0014","1.0011","1.0010",5509,5147,4709,5294,3689,3974,4046,3617
"I00_I99","2000_2005","2011_2015",10,"Homeownership_tertile_3_EQI_Social+SM+PA+OB","0.00","-4.42(-8.90,0.20)","-8.34(-13.00,-3.64)","3.33(-1.38,8.15)","-1.11(-6.59,4.53)","0.0627","0.0006","0.1852","0.7042","1.0028","1.0008","1.0014","1.0011",4114,4102,3458,2928,3516,3955,3945,3354
"I00_I99","2000_2005","2016_2020",15,"Homeownership_tertile_3_EQI+SM+PA+OB","0.00","9.28(4.97,13.67)","5.11(0.81,9.55)","9.27(4.45,14.15)","16.69(11.01,22.57)","0.0002","0.0223","0.0002","0.0002","0.9997","1.0002","1.0005","1.0011",4807,3561,3244,3116,3735,3404,3702,3776
"I00_I99","2000_2005","2016_2020",15,"Homeownership_tertile_3_EQI_Air+SM+PA+OB","0.00","8.66(4.19,13.05)","9.10(4.40,13.73)","9.93(4.68,15.00)","7.70(1.67,13.81)","0.0002","0.0006","0.0002","0.0148","1.0016","1.0003","1.0009","1.0008",4841,3859,3883,4841,3853,3683,3816,3597
"I00_I99","2000_2005","2016_2020",15,"Homeownership_tertile_3_EQI_Water+SM+PA+OB","0.00","-0.60(-5.72,4.44)","2.33(-2.72,7.53)","2.04(-3.10,7.36)","4.68(-1.04,10.61)","0.8225","0.3722","0.4476","0.1160","0.9997","1.0005","1.0000","1.0007",4629,4091,3956,4406,3914,3637,4085,4016
"I00_I99","2000_2005","2016_2020",15,"Homeownership_tertile_3_EQI_Land+SM+PA+OB","0.00","-4.17(-8.62,0.34)","-2.65(-7.20,1.95)","1.67(-3.53,6.91)","2.06(-3.52,7.55)","0.0689","0.2656","0.5459","0.4639","1.0013","1.0017","1.0018","1.0003",5270,4604,4428,4559,2914,3790,3512,3634
"I00_I99","2000_2005","2016_2020",15,"Homeownership_tertile_3_EQI_Built+SM+PA+OB","0.00","9.60(5.68,13.58)","7.92(3.74,12.03)","5.23(0.61,10.02)","3.98(-1.75,9.79)","0.0002","0.0002","0.0269","0.1706","1.0003","1.0032","1.0003","1.0002",6119,5129,5792,6108,3861,4045,3924,3949
"I00_I99","2000_2005","2016_2020",15,"Homeownership_tertile_3_EQI_Social+SM+PA+OB","0.00","-1.36(-5.97,3.37)","-0.22(-4.97,4.46)","2.00(-2.96,7.05)","3.16(-2.47,8.78)","0.5651","0.9346","0.4489","0.2777","1.0000","0.9998","1.0003","1.0005",5042,4262,3880,3190,3762,3732,3458,3485
"I00_I99","2000_2005","2021_2024",20,"Homeownership_tertile_3_EQI+SM+PA+OB","0.00","6.23(-0.29,12.84)","2.29(-4.13,8.64)","6.89(0.24,13.35)","8.39(0.99,15.84)","0.0610","0.4680","0.0406","0.0269","1.0014","1.0006","1.0003","1.0007",6688,6093,6174,5420,3654,4139,4031,3534
"I00_I99","2000_2005","2021_2024",20,"Homeownership_tertile_3_EQI_Air+SM+PA+OB","0.00","10.60(4.30,16.84)","7.37(1.30,13.49)","5.58(-1.02,12.46)","2.25(-5.37,9.75)","0.0006","0.0152","0.0985","0.5726","1.0016","1.0029","1.0011","1.0008",6274,5953,6307,6297,3755,3931,3734,3914
"I00_I99","2000_2005","2021_2024",20,"Homeownership_tertile_3_EQI_Water+SM+PA+OB","0.00","-5.64(-12.31,1.08)","0.96(-5.84,7.65)","6.84(-0.28,13.79)","3.35(-3.95,11.01)","0.0977","0.7721","0.0569","0.3939","0.9999","1.0017","1.0002","1.0005",5962,6087,6051,5290,3998,3914,3665,3950
"I00_I99","2000_2005","2021_2024",20,"Homeownership_tertile_3_EQI_Land+SM+PA+OB","0.00","-5.55(-11.94,0.72)","-2.37(-8.82,4.15)","0.74(-5.93,7.24)","3.13(-3.91,10.40)","0.0794","0.4743","0.8284","0.3897","1.0010","1.0025","1.0006","1.0002",7133,6463,6448,6819,4162,3745,4101,4241
"I00_I99","2000_2005","2021_2024",20,"Homeownership_tertile_3_EQI_Built+SM+PA+OB","0.00","4.55(-1.30,10.39)","5.48(-0.68,11.67)","3.17(-3.45,9.67)","4.85(-2.50,12.40)","0.1248","0.0844","0.3501","0.2085","1.0000","1.0005","1.0007","1.0003",7652,6936,6870,7675,3683,3684,3811,3928
"I00_I99","2000_2005","2021_2024",20,"Homeownership_tertile_3_EQI_Social+SM+PA+OB","0.00","-2.71(-9.04,3.44)","0.12(-6.35,6.77)","1.66(-4.93,8.01)","3.31(-4.08,10.45)","0.4118","0.9588","0.6180","0.3643","1.0013","1.0001","1.0009","1.0006",7475,5931,6392,5506,3802,3797,3959,4078
