ICD_Code,EQI_Period,AAMR_Period,Lag,Model,Q1,Q2,Q3,Q4,Q5,Q2_p,Q3_p,Q4_p,Q5_p,Q2_rhat,Q3_rhat,Q4_rhat,Q5_rhat,Q2_ess_bulk,Q3_ess_bulk,Q4_ess_bulk,Q5_ess_bulk,Q2_ess_tail,Q3_ess_tail,Q4_ess_tail,Q5_ess_tail
G20_G30_G12.2_F01_F03,2000_2005,2006_2010,5,Census_Region_1_EQI+SM+PA+OB,0.00,"-4.69(-11.81,2.30)","-2.79(-8.54,3.04)","1.34(-4.07,7.05)","1.72(-3.98,7.55)",0.1932,0.3402,0.6321,0.5511,1.0013,1.0016,1.0026,1.0025,3668,2607,2318,2298,2685,2822,2998,2801
"G20_G30_G12.2_F01_F03","2000_2005","2006_2010",5,"Census_Region_1_EQI_Air+SM+PA+OB","0.00","2.38(-4.24,9.23)","-2.27(-8.11,3.43)","-0.14(-5.84,5.74)","-2.33(-8.21,3.54)","0.4806","0.4531","0.9560","0.4366","0.9996","1.0018","1.0005","1.0008",3114,2531,2443,2345,2926,2774,2688,2629
"G20_G30_G12.2_F01_F03","2000_2005","2006_2010",5,"Census_Region_1_EQI_Water+SM+PA+OB","0.00","-5.12(-10.72,0.29)","5.29(-0.74,11.37)","2.30(-2.60,7.32)","3.68(-1.69,8.96)","0.0662","0.0852","0.3562","0.1637","1.0007","1.0011","0.9999","0.9999",3420,3048,2743,2969,2984,2892,2789,2709
"G20_G30_G12.2_F01_F03","2000_2005","2006_2010",5,"Census_Region_1_EQI_Land+SM+PA+OB","0.00","-4.19(-10.02,1.93)","-1.18(-6.28,4.16)","2.10(-2.91,7.20)","1.92(-3.41,7.28)","0.1657","0.6721","0.4381","0.4951","1.0014","1.0009","1.0005","1.0011",2371,2041,2128,2131,2941,2614,2831,2735
"G20_G30_G12.2_F01_F03","2000_2005","2006_2010",5,"Census_Region_1_EQI_Built+SM+PA+OB","0.00","0.76(-5.67,7.10)","-3.30(-8.38,1.97)","1.62(-3.62,6.66)","0.58(-4.61,5.78)","0.8090","0.2107","0.5356","0.8170","1.0003","1.0032","1.0010","1.0015",3336,2488,2420,2348,3412,3066,2851,2688
"G20_G30_G12.2_F01_F03","2000_2005","2006_2010",5,"Census_Region_1_EQI_Social+SM+PA+OB","0.00","0.84(-5.07,6.59)","2.04(-3.30,7.27)","1.70(-3.53,6.76)","2.27(-3.28,7.93)","0.7801","0.4506","0.5281","0.4401","1.0003","1.0008","1.0008","1.0004",3257,2775,2364,2321,3103,2923,2969,2732
"G20_G30_G12.2_F01_F03","2000_2005","2011_2015",10,"Census_Region_1_EQI+SM+PA+OB","0.00","-5.80(-12.84,1.37)","-3.46(-9.17,2.29)","-0.17(-5.46,5.21)","3.03(-2.68,8.54)","0.1092","0.2552","0.9515","0.3007","0.9995","1.0005","1.0006","1.0001",3460,2033,1856,1811,3046,2814,2463,2326
"G20_G30_G12.2_F01_F03","2000_2005","2011_2015",10,"Census_Region_1_EQI_Air+SM+PA+OB","0.00","1.66(-4.89,8.07)","-3.09(-9.23,2.82)","2.20(-3.61,7.82)","1.32(-4.27,7.06)","0.6196","0.2937","0.4571","0.6486","1.0007","1.0009","1.0002","1.0012",3427,2759,2603,2430,2611,2858,2868,2643
"G20_G30_G12.2_F01_F03","2000_2005","2011_2015",10,"Census_Region_1_EQI_Water+SM+PA+OB","0.00","-3.96(-9.65,1.52)","6.39(0.23,12.50)","3.34(-1.56,8.27)","1.80(-3.55,7.23)","0.1667","0.0442","0.1857","0.5001","1.0001","1.0008","1.0002","1.0022",3882,3470,2914,2768,3451,2687,2994,2794
"G20_G30_G12.2_F01_F03","2000_2005","2011_2015",10,"Census_Region_1_EQI_Land+SM+PA+OB","0.00","-1.65(-7.45,4.11)","-0.69(-6.10,4.74)","1.31(-4.18,6.55)","1.44(-4.29,6.97)","0.5916","0.8010","0.6361","0.6021","1.0004","1.0010","1.0001","1.0007",2772,2058,2321,2498,3378,2796,2768,2641
"G20_G30_G12.2_F01_F03","2000_2005","2011_2015",10,"Census_Region_1_EQI_Built+SM+PA+OB","0.00","0.88(-5.45,7.48)","-5.23(-10.51,0.03)","-0.23(-5.58,4.95)","-1.95(-7.24,3.25)","0.7841","0.0537","0.9365","0.4726","1.0007","1.0000","1.0006","1.0015",3998,2944,2958,2860,3038,3031,2940,2996
"G20_G30_G12.2_F01_F03","2000_2005","2011_2015",10,"Census_Region_1_EQI_Social+SM+PA+OB","0.00","0.36(-5.64,6.41)","3.25(-1.92,8.48)","1.05(-4.21,6.33)","3.05(-2.43,8.64)","0.9025","0.2162","0.6821","0.2827","1.0005","1.0003","1.0005","1.0005",3118,2744,2372,2342,3153,2781,2726,2937
"G20_G30_G12.2_F01_F03","2000_2005","2016_2020",15,"Census_Region_1_EQI+SM+PA+OB","0.00","-7.80(-14.68,-0.57)","-4.64(-10.46,1.27)","1.81(-3.58,7.19)","7.06(1.56,12.64)","0.0357","0.1117","0.5106","0.0127","1.0021","1.0022","1.0016","1.0026",3767,2435,2234,2030,2876,2657,2976,2594
"G20_G30_G12.2_F01_F03","2000_2005","2016_2020",15,"Census_Region_1_EQI_Air+SM+PA+OB","0.00","-0.49(-7.14,5.86)","-3.74(-9.54,2.05)","1.89(-3.65,7.48)","2.93(-2.73,8.54)","0.8820","0.2082","0.5151","0.3117","0.9998","1.0007","1.0003","1.0000",3557,2708,2468,2585,3002,2970,2848,2576
"G20_G30_G12.2_F01_F03","2000_2005","2016_2020",15,"Census_Region_1_EQI_Water+SM+PA+OB","0.00","-2.94(-8.50,2.69)","7.07(0.59,13.41)","6.29(1.24,11.56)","3.69(-1.73,9.20)","0.3157","0.0322","0.0122","0.1797","1.0007","0.9997","1.0005","1.0004",3566,3776,3027,2876,3265,2963,2662,2847
"G20_G30_G12.2_F01_F03","2000_2005","2016_2020",15,"Census_Region_1_EQI_Land+SM+PA+OB","0.00","-0.07(-6.11,5.92)","-0.23(-5.36,5.19)","2.02(-3.18,7.35)","1.50(-4.07,7.11)","0.9985","0.9095","0.4341","0.6016","1.0013","1.0014","1.0008","1.0009",2649,2386,2365,2660,2910,2816,2747,2849
"G20_G30_G12.2_F01_F03","2000_2005","2016_2020",15,"Census_Region_1_EQI_Built+SM+PA+OB","0.00","-2.99(-9.44,3.39)","-4.50(-9.84,0.68)","3.40(-2.08,8.72)","1.31(-4.17,6.61)","0.3792","0.1017","0.2117","0.6366","1.0004","0.9999","1.0001","1.0002",3498,2612,2427,2446,3071,2430,2326,2688
"G20_G30_G12.2_F01_F03","2000_2005","2016_2020",15,"Census_Region_1_EQI_Social+SM+PA+OB","0.00","-2.75(-8.83,3.26)","2.85(-2.67,8.47)","1.37(-3.78,6.87)","2.39(-3.38,7.99)","0.3692","0.3052","0.6001","0.4161","1.0006","1.0014","1.0023","1.0022",3459,2982,2578,2711,2930,3270,2730,2722
"G20_G30_G12.2_F01_F03","2000_2005","2021_2024",20,"Census_Region_1_EQI+SM+PA+OB","0.00","-6.37(-13.60,0.86)","-2.10(-8.25,3.99)","1.68(-3.88,7.08)","2.41(-3.43,8.22)","0.0837","0.4861","0.5596","0.4041","0.9997","1.0001","1.0005","1.0015",3125,2332,2107,2147,2606,2679,2653,2708
"G20_G30_G12.2_F01_F03","2000_2005","2021_2024",20,"Census_Region_1_EQI_Air+SM+PA+OB","0.00","-1.09(-7.66,5.57)","-1.91(-7.91,3.98)","1.83(-4.02,7.77)","-0.31(-6.13,5.55)","0.7441","0.5391","0.5571","0.9275","1.0001","1.0004","1.0001","1.0003",3503,3087,2798,2578,3138,3046,2590,2629
"G20_G30_G12.2_F01_F03","2000_2005","2021_2024",20,"Census_Region_1_EQI_Water+SM+PA+OB","0.00","-1.02(-6.95,5.12)","4.64(-1.87,11.15)","4.66(-0.70,10.05)","3.34(-2.47,9.24)","0.7346","0.1492","0.0927","0.2717","1.0002","1.0004","1.0012","1.0007",3961,4471,3607,3348,3069,3275,3503,3156
"G20_G30_G12.2_F01_F03","2000_2005","2021_2024",20,"Census_Region_1_EQI_Land+SM+PA+OB","0.00","-1.49(-7.57,4.61)","-0.73(-6.27,4.65)","1.74(-3.94,7.22)","1.52(-4.11,7.38)","0.6306","0.7941","0.5316","0.6151","0.9999","0.9999","1.0026","1.0021",3125,2492,2621,2659,3154,3013,2966,2702
"G20_G30_G12.2_F01_F03","2000_2005","2021_2024",20,"Census_Region_1_EQI_Built+SM+PA+OB","0.00","-3.47(-10.27,3.46)","-2.61(-8.25,3.17)","2.61(-2.73,8.19)","-0.72(-6.19,5.01)","0.3317","0.3782","0.3697","0.7941","1.0024","1.0008","1.0001","1.0011",4310,3038,2719,2489,3149,2773,2807,2626
"G20_G30_G12.2_F01_F03","2000_2005","2021_2024",20,"Census_Region_1_EQI_Social+SM+PA+OB","0.00","2.18(-4.17,8.57)","4.53(-0.99,10.06)","3.89(-1.53,9.31)","1.95(-4.00,7.77)","0.5126","0.0997","0.1607","0.5081","1.0003","1.0000","1.0004","1.0006",3937,3293,2942,2587,3419,2680,2965,2702
"G20_G30_G12.2_F01_F03","2000_2005","2006_2010",5,"Census_Region_2_EQI+SM+PA+OB","0.00","7.22(3.44,11.11)","7.80(4.18,11.50)","10.64(6.95,14.30)","14.60(10.84,18.45)","0.0007","0.0002","0.0002","0.0002","1.0004","1.0017","1.0018","1.0007",2267,1833,1577,1396,3286,2583,2342,2397
"G20_G30_G12.2_F01_F03","2000_2005","2006_2010",5,"Census_Region_2_EQI_Air+SM+PA+OB","0.00","3.32(0.23,6.51)","3.78(0.41,7.09)","9.21(5.80,12.81)","7.79(4.17,11.76)","0.0332","0.0272","0.0002","0.0002","1.0010","1.0021","1.0016","1.0020",2195,1937,1706,1537,2419,2534,2655,2337
"G20_G30_G12.2_F01_F03","2000_2005","2006_2010",5,"Census_Region_2_EQI_Water+SM+PA+OB","0.00","-0.49(-3.93,2.87)","-0.96(-4.20,2.48)","-0.37(-3.69,2.99)","1.02(-2.55,4.84)","0.7696","0.5741","0.8175","0.5826","1.0006","1.0008","1.0006","1.0010",2424,2074,1990,2430,2641,2718,2511,2230
"G20_G30_G12.2_F01_F03","2000_2005","2006_2010",5,"Census_Region_2_EQI_Land+SM+PA+OB","0.00","3.69(-0.72,7.92)","6.39(2.16,10.42)","5.35(1.29,9.32)","4.92(0.79,8.97)","0.0942","0.0017","0.0097","0.0182","1.0002","1.0004","1.0004","1.0019",2057,1676,1633,1537,2752,2366,2045,2356
"G20_G30_G12.2_F01_F03","2000_2005","2006_2010",5,"Census_Region_2_EQI_Built+SM+PA+OB","0.00","3.40(0.19,6.66)","3.00(-0.16,6.07)","3.34(0.15,6.58)","1.30(-2.25,4.71)","0.0362","0.0622","0.0377","0.4601","1.0007","1.0011","1.0021","1.0016",2576,2405,2236,2017,3204,2783,2569,2852
"G20_G30_G12.2_F01_F03","2000_2005","2006_2010",5,"Census_Region_2_EQI_Social+SM+PA+OB","0.00","-1.13(-5.42,3.29)","-0.72(-4.78,3.31)","0.66(-3.49,4.74)","4.42(-0.18,9.20)","0.6056","0.7286","0.7631","0.0637","1.0005","1.0008","1.0012","1.0004",2013,1665,1587,1421,2708,2331,2172,2105
"G20_G30_G12.2_F01_F03","2000_2005","2011_2015",10,"Census_Region_2_EQI+SM+PA+OB","0.00","9.39(5.27,13.39)","9.90(6.07,13.75)","13.30(9.43,17.11)","18.89(14.61,23.12)","0.0002","0.0002","0.0002","0.0002","0.9998","1.0005","1.0001","0.9997",2391,2200,1872,1792,2890,2724,2546,2488
"G20_G30_G12.2_F01_F03","2000_2005","2011_2015",10,"Census_Region_2_EQI_Air+SM+PA+OB","0.00","4.09(0.70,7.32)","6.97(3.41,10.57)","10.17(6.45,13.97)","9.75(5.79,13.86)","0.0137","0.0002","0.0002","0.0002","1.0004","1.0005","1.0008","1.0003",2344,2038,1916,2073,2796,2771,2488,2571
"G20_G30_G12.2_F01_F03","2000_2005","2011_2015",10,"Census_Region_2_EQI_Water+SM+PA+OB","0.00","-1.88(-5.85,2.07)","-1.73(-5.58,2.24)","-0.82(-4.70,3.11)","1.76(-2.56,6.22)","0.3832","0.3812","0.6741","0.4166","1.0010","1.0011","1.0009","1.0013",1833,1797,1877,1911,2871,2581,2639,2630
"G20_G30_G12.2_F01_F03","2000_2005","2011_2015",10,"Census_Region_2_EQI_Land+SM+PA+OB","0.00","1.84(-2.68,6.20)","4.89(0.53,9.05)","5.02(0.75,9.14)","5.70(1.37,10.02)","0.4151","0.0252","0.0242","0.0097","1.0015","1.0000","1.0012","1.0015",2271,1890,1766,1755,2550,2677,2569,2616
"G20_G30_G12.2_F01_F03","2000_2005","2011_2015",10,"Census_Region_2_EQI_Built+SM+PA+OB","0.00","6.12(2.70,9.54)","5.34(1.98,8.70)","5.42(1.87,8.91)","3.23(-0.44,6.94)","0.0002","0.0017","0.0027","0.0927","0.9995","1.0007","1.0021","1.0018",2888,2618,2451,2475,3060,2996,2794,2919
"G20_G30_G12.2_F01_F03","2000_2005","2011_2015",10,"Census_Region_2_EQI_Social+SM+PA+OB","0.00","-0.70(-5.04,3.81)","0.41(-3.66,4.48)","4.18(0.02,8.38)","7.60(2.83,12.49)","0.7476","0.8630","0.0492","0.0027","1.0017","1.0003","1.0014","1.0019",2381,2038,1816,1727,2581,2388,1917,2194
"G20_G30_G12.2_F01_F03","2000_2005","2016_2020",15,"Census_Region_2_EQI+SM+PA+OB","0.00","8.24(4.25,12.34)","8.15(4.33,12.08)","12.71(8.92,16.50)","17.72(13.47,21.94)","0.0002","0.0002","0.0002","0.0002","1.0024","1.0011","1.0025","1.0015",2650,2128,1840,1714,2894,2839,2383,2568
"G20_G30_G12.2_F01_F03","2000_2005","2016_2020",15,"Census_Region_2_EQI_Air+SM+PA+OB","0.00","4.23(0.81,7.55)","6.88(3.29,10.45)","11.36(7.69,15.03)","10.38(6.42,14.41)","0.0132","0.0002","0.0002","0.0002","1.0007","1.0027","1.0017","1.0012",2709,2584,2244,2269,2647,2976,2964,2881
"G20_G30_G12.2_F01_F03","2000_2005","2016_2020",15,"Census_Region_2_EQI_Water+SM+PA+OB","0.00","-3.14(-6.96,0.72)","-1.28(-5.08,2.65)","-2.80(-6.39,0.92)","2.25(-1.88,6.52)","0.1152","0.4981","0.1422","0.2917","1.0015","1.0011","1.0015","0.9996",2012,1933,2187,2264,2547,2781,2554,2648
"G20_G30_G12.2_F01_F03","2000_2005","2016_2020",15,"Census_Region_2_EQI_Land+SM+PA+OB","0.00","2.54(-1.96,7.10)","3.87(-0.41,8.09)","6.26(2.03,10.49)","5.89(1.53,10.36)","0.2822","0.0762","0.0032","0.0117","0.9998","1.0010","1.0010","1.0008",2402,1926,1665,1547,3019,2616,2481,2526
"G20_G30_G12.2_F01_F03","2000_2005","2016_2020",15,"Census_Region_2_EQI_Built+SM+PA+OB","0.00","5.16(1.59,8.59)","5.40(1.94,8.66)","3.25(-0.27,6.68)","2.09(-1.78,5.92)","0.0042","0.0027","0.0682","0.2812","1.0017","1.0008","1.0010","1.0011",2538,2079,1957,2171,2974,2721,2706,2609
"G20_G30_G12.2_F01_F03","2000_2005","2016_2020",15,"Census_Region_2_EQI_Social+SM+PA+OB","0.00","0.60(-3.78,5.29)","2.43(-1.77,6.72)","4.51(0.43,8.88)","8.18(3.49,13.04)","0.7956","0.2517","0.0277","0.0002","1.0004","1.0011","1.0015","1.0012",2610,1955,1827,1854,2943,2884,2355,2294
"G20_G30_G12.2_F01_F03","2000_2005","2021_2024",20,"Census_Region_2_EQI+SM+PA+OB","0.00","11.69(7.28,16.25)","9.60(5.48,13.78)","12.36(8.20,16.34)","14.56(10.00,18.85)","0.0002","0.0002","0.0002","0.0002","1.0001","1.0013","1.0004","1.0003",2263,2047,1787,1658,3030,2564,2675,2347
"G20_G30_G12.2_F01_F03","2000_2005","2021_2024",20,"Census_Region_2_EQI_Air+SM+PA+OB","0.00","4.18(0.51,7.94)","5.25(1.36,9.04)","8.42(4.48,12.48)","5.18(0.77,9.54)","0.0262","0.0117","0.0002","0.0197","1.0007","1.0013","1.0010","1.0007",2723,2417,2554,2300,2994,2819,3079,2732
"G20_G30_G12.2_F01_F03","2000_2005","2021_2024",20,"Census_Region_2_EQI_Water+SM+PA+OB","0.00","-2.84(-7.27,1.69)","-1.14(-5.32,3.05)","-2.34(-6.60,1.95)","-0.79(-5.47,3.99)","0.1982","0.6056","0.2802","0.7406","1.0021","1.0015","1.0026","1.0008",2006,2152,1981,2324,2570,2746,2450,2575
"G20_G30_G12.2_F01_F03","2000_2005","2021_2024",20,"Census_Region_2_EQI_Land+SM+PA+OB","0.00","2.39(-2.40,7.06)","4.43(-0.08,9.03)","8.26(3.67,12.76)","6.30(1.77,10.94)","0.3277","0.0532","0.0007","0.0087","1.0002","1.0000","1.0009","1.0004",2710,2275,1952,1960,2919,2669,2562,2532
"G20_G30_G12.2_F01_F03","2000_2005","2021_2024",20,"Census_Region_2_EQI_Built+SM+PA+OB","0.00","6.69(2.82,10.51)","6.45(2.80,10.20)","5.25(1.36,9.02)","2.57(-1.58,6.54)","0.0017","0.0002","0.0062","0.2207","1.0016","1.0021","1.0030","1.0016",3169,2375,2756,2271,3357,2641,2945,3037
"G20_G30_G12.2_F01_F03","2000_2005","2021_2024",20,"Census_Region_2_EQI_Social+SM+PA+OB","0.00","-0.27(-5.08,4.64)","1.33(-3.16,5.73)","3.15(-1.45,7.78)","5.18(0.04,10.18)","0.9145","0.5591","0.1632","0.0467","1.0027","1.0023","1.0021","1.0011",2745,1979,1710,1713,2450,2272,2086,2246
"G20_G30_G12.2_F01_F03","2000_2005","2006_2010",5,"Census_Region_3_EQI+SM+PA+OB","0.00","4.00(1.48,6.56)","7.25(4.39,10.00)","8.99(5.78,12.27)","11.27(7.08,15.48)","0.0007","0.0002","0.0002","0.0002","1.0001","1.0004","1.0005","1.0008",2899,2560,2475,2414,2733,2644,2791,2916
"G20_G30_G12.2_F01_F03","2000_2005","2006_2010",5,"Census_Region_3_EQI_Air+SM+PA+OB","0.00","1.51(-1.95,4.95)","5.34(1.81,8.81)","8.28(4.76,11.74)","10.33(6.51,14.29)","0.3897","0.0037","0.0002","0.0002","1.0013","1.0014","1.0007","1.0014",2563,2145,2091,2060,2809,2596,2409,2672
"G20_G30_G12.2_F01_F03","2000_2005","2006_2010",5,"Census_Region_3_EQI_Water+SM+PA+OB","0.00","1.38(-2.12,4.79)","0.78(-2.73,4.33)","3.39(-0.33,7.09)","1.25(-2.69,5.27)","0.4321","0.6731","0.0767","0.5261","1.0013","1.0033","1.0022","1.0041",2366,2171,2336,2239,2791,2784,2873,2755
"G20_G30_G12.2_F01_F03","2000_2005","2006_2010",5,"Census_Region_3_EQI_Land+SM+PA+OB","0.00","0.74(-1.45,2.91)","1.14(-1.51,3.76)","-1.22(-4.87,2.45)","0.04(-4.73,4.81)","0.5086","0.3922","0.5076","0.9845","1.0000","1.0000","1.0002","1.0001",4456,4392,4560,4870,3231,3125,2878,3023
"G20_G30_G12.2_F01_F03","2000_2005","2006_2010",5,"Census_Region_3_EQI_Built+SM+PA+OB","0.00","0.99(-1.48,3.48)","2.50(-0.14,5.15)","2.61(-0.30,5.49)","1.66(-1.72,5.06)","0.4456","0.0637","0.0787","0.3337","0.9998","1.0004","0.9998","0.9999",3912,3524,2878,3284,3134,2903,3159,2987
"G20_G30_G12.2_F01_F03","2000_2005","2006_2010",5,"Census_Region_3_EQI_Social+SM+PA+OB","0.00","4.21(1.70,6.61)","3.75(0.80,6.72)","5.37(1.82,9.00)","8.04(3.51,12.25)","0.0017","0.0117","0.0047","0.0007","1.0013","0.9996","1.0000","1.0009",2705,2785,2702,2638,2397,2506,3299,2804
"G20_G30_G12.2_F01_F03","2000_2005","2011_2015",10,"Census_Region_3_EQI+SM+PA+OB","0.00","5.52(2.96,8.07)","7.75(4.88,10.59)","11.08(7.81,14.40)","12.93(8.51,17.24)","0.0002","0.0002","0.0002","0.0002","1.0007","1.0013","1.0009","1.0017",2541,2084,1795,1556,2904,2716,2780,2429
"G20_G30_G12.2_F01_F03","2000_2005","2011_2015",10,"Census_Region_3_EQI_Air+SM+PA+OB","0.00","1.20(-2.27,4.70)","6.04(2.52,9.48)","9.06(5.49,12.60)","11.40(7.54,15.35)","0.5106","0.0012","0.0002","0.0002","1.0009","1.0009","1.0006","1.0010",2367,2089,1903,1987,2741,2285,2654,2881
"G20_G30_G12.2_F01_F03","2000_2005","2011_2015",10,"Census_Region_3_EQI_Water+SM+PA+OB","0.00","1.74(-1.84,5.30)","0.95(-2.71,4.59)","3.86(-0.17,7.73)","1.73(-2.49,5.82)","0.3497","0.6061","0.0587","0.4131","1.0019","1.0016","1.0010","1.0012",2190,2152,2504,2373,3188,2854,2800,2919
"G20_G30_G12.2_F01_F03","2000_2005","2011_2015",10,"Census_Region_3_EQI_Land+SM+PA+OB","0.00","-0.25(-2.51,1.87)","1.38(-1.31,4.04)","-0.50(-4.28,3.16)","-1.99(-6.79,2.79)","0.8350","0.2952","0.7791","0.4016","1.0008","1.0010","1.0020","1.0005",4654,4607,4309,4712,3023,3008,2634,2733
"G20_G30_G12.2_F01_F03","2000_2005","2011_2015",10,"Census_Region_3_EQI_Built+SM+PA+OB","0.00","2.59(-0.08,5.20)","3.96(1.20,6.83)","3.26(0.16,6.30)","2.03(-1.42,5.33)","0.0577","0.0057","0.0407","0.2427","1.0015","1.0017","1.0004","1.0023",3986,3363,3161,3014,3611,3414,3020,3028
"G20_G30_G12.2_F01_F03","2000_2005","2011_2015",10,"Census_Region_3_EQI_Social+SM+PA+OB","0.00","2.92(0.43,5.35)","3.58(0.54,6.58)","4.37(0.64,7.98)","6.24(1.87,10.64)","0.0202","0.0257","0.0202","0.0062","1.0011","1.0010","1.0002","1.0003",3299,2588,2832,2361,3073,3106,3133,2750
"G20_G30_G12.2_F01_F03","2000_2005","2016_2020",15,"Census_Region_3_EQI+SM+PA+OB","0.00","4.55(2.07,7.04)","6.58(3.67,9.30)","8.41(4.90,11.73)","9.14(4.73,13.30)","0.0002","0.0002","0.0002","0.0002","1.0018","1.0015","1.0023","1.0014",2612,2273,2001,2167,2481,2917,2257,2506
"G20_G30_G12.2_F01_F03","2000_2005","2016_2020",15,"Census_Region_3_EQI_Air+SM+PA+OB","0.00","0.98(-2.57,4.55)","3.94(0.39,7.59)","5.90(2.10,9.51)","6.52(2.44,10.60)","0.5876","0.0327","0.0012","0.0017","1.0013","1.0013","1.0021","1.0013",2575,1993,1848,1992,2750,2458,2591,2344
"G20_G30_G12.2_F01_F03","2000_2005","2016_2020",15,"Census_Region_3_EQI_Water+SM+PA+OB","0.00","-0.22(-3.75,3.38)","-2.35(-5.96,1.33)","2.05(-1.86,5.98)","1.42(-2.92,5.55)","0.9175","0.2062","0.2927","0.5121","1.0000","1.0013","1.0013","1.0006",2715,2081,2306,2839,3162,2707,2373,3014
"G20_G30_G12.2_F01_F03","2000_2005","2016_2020",15,"Census_Region_3_EQI_Land+SM+PA+OB","0.00","0.29(-1.92,2.51)","1.85(-0.80,4.52)","-1.36(-5.16,2.41)","0.98(-4.02,5.90)","0.7846","0.1747","0.4681","0.6786","1.0007","1.0008","1.0008","1.0005",4069,3704,4512,4037,3010,3115,2841,2795
"G20_G30_G12.2_F01_F03","2000_2005","2016_2020",15,"Census_Region_3_EQI_Built+SM+PA+OB","0.00","3.81(1.12,6.37)","4.32(1.56,7.09)","5.57(2.58,8.56)","5.95(2.53,9.32)","0.0037","0.0022","0.0002","0.0017","1.0001","1.0009","0.9996","0.9998",3670,3360,3206,3093,3094,2947,3246,2962
"G20_G30_G12.2_F01_F03","2000_2005","2016_2020",15,"Census_Region_3_EQI_Social+SM+PA+OB","0.00","2.08(-0.37,4.64)","1.18(-1.94,4.29)","1.25(-2.48,5.17)","2.27(-2.16,6.48)","0.1057","0.4516","0.5116","0.3107","0.9998","0.9999","0.9999","1.0008",3039,2473,2615,2434,3076,2622,3139,3072
"G20_G30_G12.2_F01_F03","2000_2005","2021_2024",20,"Census_Region_3_EQI+SM+PA+OB","0.00","3.77(0.95,6.52)","3.07(-0.01,6.05)","5.19(1.63,8.75)","3.62(-0.91,8.10)","0.0087","0.0512","0.0032","0.1172","1.0028","1.0031","1.0026","1.0021",3059,2375,2119,2130,2791,2870,2770,2583
"G20_G30_G12.2_F01_F03","2000_2005","2021_2024",20,"Census_Region_3_EQI_Air+SM+PA+OB","0.00","2.69(-1.31,6.58)","2.89(-0.99,6.76)","4.28(0.40,8.23)","2.72(-1.67,7.14)","0.1762","0.1462","0.0282","0.2292","0.9998","0.9998","1.0001","1.0003",2557,2326,2230,2375,2763,2274,2623,2878
"G20_G30_G12.2_F01_F03","2000_2005","2021_2024",20,"Census_Region_3_EQI_Water+SM+PA+OB","0.00","0.24(-3.47,4.01)","-1.96(-5.89,1.78)","1.58(-2.42,5.62)","3.79(-0.42,8.04)","0.8975","0.3212","0.4371","0.0827","1.0026","1.0007","1.0001","1.0003",2694,2760,2770,2916,3036,3242,3330,3021
"G20_G30_G12.2_F01_F03","2000_2005","2021_2024",20,"Census_Region_3_EQI_Land+SM+PA+OB","0.00","1.18(-1.26,3.72)","2.08(-0.96,5.09)","0.74(-3.37,4.85)","0.91(-4.20,5.84)","0.3582","0.1587","0.7266","0.7176","1.0021","1.0001","1.0004","1.0006",4029,3955,4345,4198,3053,2732,2987,3150
"G20_G30_G12.2_F01_F03","2000_2005","2021_2024",20,"Census_Region_3_EQI_Built+SM+PA+OB","0.00","4.27(1.38,7.18)","5.44(2.46,8.60)","5.67(2.35,8.93)","5.77(1.93,9.48)","0.0037","0.0007","0.0007","0.0017","1.0006","1.0007","1.0007","1.0000",3454,3659,3557,3270,3106,3298,2573,2812
"G20_G30_G12.2_F01_F03","2000_2005","2021_2024",20,"Census_Region_3_EQI_Social+SM+PA+OB","0.00","0.38(-2.37,3.03)","-2.21(-5.48,1.07)","-2.28(-6.15,1.51)","-1.97(-6.59,2.57)","0.7776","0.1872","0.2392","0.3982","1.0009","1.0005","1.0017","1.0012",3457,3185,2586,2742,2987,3020,2712,2792
"G20_G30_G12.2_F01_F03","2000_2005","2006_2010",5,"Census_Region_4_EQI+SM+PA+OB","0.00","3.87(-1.16,8.81)","8.31(3.60,13.01)","12.24(7.05,17.26)","17.12(11.87,22.20)","0.1152","0.0017","0.0002","0.0002","1.0007","1.0013","1.0016","1.0018",3084,2679,2454,2277,2970,2859,2492,2838
"G20_G30_G12.2_F01_F03","2000_2005","2006_2010",5,"Census_Region_4_EQI_Air+SM+PA+OB","0.00","3.20(-0.67,7.35)","7.00(2.24,11.81)","10.53(6.14,15.08)","11.97(6.82,17.10)","0.1092","0.0042","0.0002","0.0002","1.0014","1.0017","1.0001","1.0000",3278,3928,3339,3392,2792,2809,3009,3204
"G20_G30_G12.2_F01_F03","2000_2005","2006_2010",5,"Census_Region_4_EQI_Water+SM+PA+OB","0.00","-8.36(-14.09,-2.52)","1.97(-3.94,7.63)","1.29(-4.18,6.72)","2.06(-2.90,6.90)","0.0057","0.5001","0.6456","0.4101","1.0008","1.0007","1.0014","1.0003",2453,2261,2491,2225,3069,2802,2990,2883
"G20_G30_G12.2_F01_F03","2000_2005","2006_2010",5,"Census_Region_4_EQI_Land+SM+PA+OB","0.00","1.91(-5.19,8.90)","2.79(-2.79,8.16)","2.84(-2.37,8.14)","4.35(-1.16,9.61)","0.5686","0.3267","0.2977","0.1157","1.0012","1.0008","1.0006","1.0023",3261,2314,2106,1998,2867,2661,2325,2617
"G20_G30_G12.2_F01_F03","2000_2005","2006_2010",5,"Census_Region_4_EQI_Built+SM+PA+OB","0.00","2.72(-2.28,7.56)","6.58(1.82,11.30)","7.22(2.41,11.88)","4.00(-0.74,8.70)","0.2742","0.0082","0.0032","0.0937","1.0012","1.0010","1.0007","1.0018",3212,3161,3028,2468,2836,2576,2835,2908
"G20_G30_G12.2_F01_F03","2000_2005","2006_2010",5,"Census_Region_4_EQI_Social+SM+PA+OB","0.00","1.12(-3.25,5.36)","5.05(0.71,9.34)","3.98(-0.86,8.62)","5.90(0.29,11.20)","0.6011","0.0207","0.1142","0.0377","1.0003","1.0007","1.0007","1.0002",3007,2809,2673,2269,2948,3053,2838,2699
"G20_G30_G12.2_F01_F03","2000_2005","2011_2015",10,"Census_Region_4_EQI+SM+PA+OB","0.00","2.23(-2.63,7.13)","8.90(4.00,13.67)","12.67(7.44,18.05)","18.70(13.16,24.16)","0.3837","0.0007","0.0002","0.0002","1.0014","1.0012","1.0007","1.0018",2373,2318,2208,2065,2833,2945,2620,2656
"G20_G30_G12.2_F01_F03","2000_2005","2011_2015",10,"Census_Region_4_EQI_Air+SM+PA+OB","0.00","5.50(1.26,9.65)","9.56(4.82,14.28)","13.41(8.70,18.17)","12.54(7.19,17.68)","0.0107","0.0002","0.0002","0.0002","1.0010","0.9995","1.0001","1.0018",3579,3752,3342,3413,3116,3381,3024,3295
"G20_G30_G12.2_F01_F03","2000_2005","2011_2015",10,"Census_Region_4_EQI_Water+SM+PA+OB","0.00","-8.90(-14.81,-3.08)","2.04(-3.69,7.63)","3.77(-1.94,9.38)","3.02(-2.03,8.02)","0.0047","0.5046","0.1922","0.2507","1.0019","1.0005","1.0013","1.0008",2865,2883,2745,2525,2944,2923,3034,2807
"G20_G30_G12.2_F01_F03","2000_2005","2011_2015",10,"Census_Region_4_EQI_Land+SM+PA+OB","0.00","2.63(-4.65,9.85)","1.94(-3.97,7.69)","0.52(-4.82,5.87)","4.38(-0.99,9.76)","0.4756","0.5076","0.8360","0.1152","1.0020","1.0012","1.0006","1.0010",3315,2994,2627,2665,2754,2725,2996,2950
"G20_G30_G12.2_F01_F03","2000_2005","2011_2015",10,"Census_Region_4_EQI_Built+SM+PA+OB","0.00","1.34(-3.77,6.62)","3.57(-1.42,8.56)","6.44(1.76,11.29)","4.79(0.03,9.57)","0.6236","0.1587","0.0077","0.0482","1.0006","1.0007","1.0012","1.0006",3261,3191,2839,2535,2926,3206,2769,2714
"G20_G30_G12.2_F01_F03","2000_2005","2011_2015",10,"Census_Region_4_EQI_Social+SM+PA+OB","0.00","-0.90(-5.23,3.63)","6.56(1.95,10.97)","4.84(-0.08,9.76)","6.78(1.29,12.32)","0.6826","0.0057","0.0562","0.0167","1.0007","1.0004","1.0012","1.0005",3261,3078,2763,2668,2852,3009,3014,2989
"G20_G30_G12.2_F01_F03","2000_2005","2016_2020",15,"Census_Region_4_EQI+SM+PA+OB","0.00","1.53(-3.35,6.48)","6.05(1.22,10.73)","11.55(6.44,16.72)","17.02(11.98,22.33)","0.5451","0.0112","0.0002","0.0002","1.0015","1.0024","1.0025","1.0019",2861,2490,2320,2022,2963,2861,2528,2497
"G20_G30_G12.2_F01_F03","2000_2005","2016_2020",15,"Census_Region_4_EQI_Air+SM+PA+OB","0.00","5.06(0.77,9.45)","8.04(3.25,12.84)","13.55(8.76,18.29)","12.15(7.02,17.29)","0.0207","0.0022","0.0002","0.0002","0.9998","1.0005","1.0000","1.0004",3037,3033,3315,3065,3098,2997,3121,2626
"G20_G30_G12.2_F01_F03","2000_2005","2016_2020",15,"Census_Region_4_EQI_Water+SM+PA+OB","0.00","-5.93(-12.11,0.29)","4.92(-0.87,10.79)","-0.40(-6.12,5.59)","1.21(-4.26,6.71)","0.0587","0.1057","0.8905","0.6711","1.0002","0.9999","1.0000","1.0001",2557,2449,2490,1998,2959,2919,2819,2609
"G20_G30_G12.2_F01_F03","2000_2005","2016_2020",15,"Census_Region_4_EQI_Land+SM+PA+OB","0.00","1.74(-5.08,8.76)","1.81(-3.80,7.77)","0.83(-4.56,6.28)","4.56(-1.04,10.07)","0.6121","0.5411","0.7616","0.1047","0.9996","1.0011","1.0002","1.0008",3568,2452,2135,2244,3056,2893,2441,2452
"G20_G30_G12.2_F01_F03","2000_2005","2016_2020",15,"Census_Region_4_EQI_Built+SM+PA+OB","0.00","1.37(-3.63,6.44)","4.78(-0.22,9.63)","5.16(0.53,9.76)","6.12(1.13,11.03)","0.5916","0.0667","0.0287","0.0147","1.0003","1.0010","1.0003","1.0004",3487,3207,3039,2726,3226,3008,3403,3053
"G20_G30_G12.2_F01_F03","2000_2005","2016_2020",15,"Census_Region_4_EQI_Social+SM+PA+OB","0.00","-0.52(-5.06,4.04)","6.47(1.99,10.81)","6.36(1.58,11.21)","6.50(1.12,11.89)","0.8230","0.0057","0.0092","0.0207","1.0012","1.0000","1.0012","1.0005",3532,3046,2737,2465,3228,3027,2961,2857
"G20_G30_G12.2_F01_F03","2000_2005","2021_2024",20,"Census_Region_4_EQI+SM+PA+OB","0.00","-0.92(-6.25,4.17)","4.38(-0.98,9.41)","10.08(4.55,15.42)","13.12(7.51,18.56)","0.7266","0.0997","0.0002","0.0002","1.0002","1.0005","0.9998","0.9996",2979,2457,2421,2201,2943,2949,2941,2709
"G20_G30_G12.2_F01_F03","2000_2005","2021_2024",20,"Census_Region_4_EQI_Air+SM+PA+OB","0.00","3.88(-0.96,8.60)","8.19(2.78,13.38)","12.37(7.19,17.49)","11.85(6.12,17.92)","0.1127","0.0057","0.0002","0.0002","1.0003","1.0013","1.0010","0.9998",3564,3503,2724,2516,2831,2984,3208,2881
"G20_G30_G12.2_F01_F03","2000_2005","2021_2024",20,"Census_Region_4_EQI_Water+SM+PA+OB","0.00","-7.44(-13.74,-1.31)","1.70(-4.41,7.97)","1.88(-4.08,8.06)","1.88(-3.86,7.55)","0.0187","0.5921","0.5596","0.5046","1.0009","1.0004","1.0004","1.0012",2388,2405,2347,1944,2670,2665,2791,2323
"G20_G30_G12.2_F01_F03","2000_2005","2021_2024",20,"Census_Region_4_EQI_Land+SM+PA+OB","0.00","-0.54(-7.75,6.78)","4.36(-1.69,10.45)","0.20(-5.48,5.91)","2.66(-3.17,8.34)","0.8920","0.1447","0.9395","0.3737","1.0012","1.0029","1.0017","1.0010",3033,2341,1769,1781,3002,3050,2741,2438
"G20_G30_G12.2_F01_F03","2000_2005","2021_2024",20,"Census_Region_4_EQI_Built+SM+PA+OB","0.00","1.94(-3.44,7.44)","3.85(-1.58,9.09)","4.17(-1.08,9.24)","2.70(-2.54,7.87)","0.4951","0.1692","0.1177","0.3137","1.0007","1.0003","0.9998","1.0002",2667,2743,2939,2452,3075,3086,2502,2919
"G20_G30_G12.2_F01_F03","2000_2005","2021_2024",20,"Census_Region_4_EQI_Social+SM+PA+OB","0.00","2.20(-2.87,7.26)","5.32(0.32,10.41)","5.02(-0.51,10.39)","4.08(-2.03,9.85)","0.3927","0.0382","0.0697","0.1687","1.0011","1.0009","1.0011","1.0014",3226,2803,2448,2233,3328,2831,2834,2674
"G20_G30_G12.2_F01_F03","2000_2005","2006_2010",5,"koppen_major_B_EQI+SM+PA+OB","0.00","3.40(-1.67,8.63)","6.42(0.93,11.77)","6.98(0.62,12.83)","8.75(1.74,15.64)","0.1997","0.0207","0.0332","0.0157","1.0001","1.0004","1.0008","1.0012",3939,3453,2823,3249,2851,3138,2777,3093
"G20_G30_G12.2_F01_F03","2000_2005","2006_2010",5,"koppen_major_B_EQI_Air+SM+PA+OB","0.00","0.06(-5.28,5.34)","3.98(-2.13,10.00)","5.42(-1.01,11.93)","4.36(-3.56,12.06)","0.9850","0.1892","0.0927","0.2592","1.0011","1.0003","0.9999","1.0000",3857,4557,3784,4851,2741,2917,2964,3044
"G20_G30_G12.2_F01_F03","2000_2005","2006_2010",5,"koppen_major_B_EQI_Water+SM+PA+OB","0.00","-1.55(-8.05,4.92)","-0.18(-6.31,5.96)","6.16(0.37,12.11)","4.82(-1.01,10.78)","0.6381","0.9655","0.0392","0.1092","1.0006","1.0015","1.0002","1.0007",3231,2650,2592,2534,2755,2812,2653,2756
"G20_G30_G12.2_F01_F03","2000_2005","2006_2010",5,"koppen_major_B_EQI_Land+SM+PA+OB","0.00","3.34(-2.99,9.38)","1.10(-4.59,6.71)","2.19(-3.55,8.07)","3.39(-3.03,9.48)","0.2752","0.7011","0.4666","0.2977","1.0002","1.0001","1.0004","1.0004",3086,2715,2440,2640,2768,2519,2750,2663
"G20_G30_G12.2_F01_F03","2000_2005","2006_2010",5,"koppen_major_B_EQI_Built+SM+PA+OB","0.00","1.60(-3.83,7.10)","4.64(-0.80,10.21)","4.29(-1.24,9.69)","2.66(-3.43,8.65)","0.5481","0.1032","0.1242","0.3877","1.0009","1.0011","1.0004","1.0033",2971,3052,3309,2668,2719,3099,3195,3025
"G20_G30_G12.2_F01_F03","2000_2005","2006_2010",5,"koppen_major_B_EQI_Social+SM+PA+OB","0.00","-1.03(-6.51,4.33)","0.02(-5.45,5.42)","-0.06(-6.11,5.92)","1.85(-5.22,9.13)","0.7111","0.9915","0.9995","0.6006","1.0004","1.0004","1.0003","1.0021",3762,2954,3218,3516,2865,3201,2831,2836
"G20_G30_G12.2_F01_F03","2000_2005","2011_2015",10,"koppen_major_B_EQI+SM+PA+OB","0.00","4.23(-1.03,9.58)","7.31(1.80,12.69)","8.80(2.64,14.96)","9.70(2.72,16.48)","0.1102","0.0102","0.0057","0.0102","1.0005","1.0002","0.9998","1.0008",3973,3518,3366,3201,3141,2867,2991,3089
"G20_G30_G12.2_F01_F03","2000_2005","2011_2015",10,"koppen_major_B_EQI_Air+SM+PA+OB","0.00","0.36(-5.00,5.69)","4.83(-1.21,11.03)","4.61(-1.92,10.95)","3.33(-4.63,11.09)","0.9030","0.1152","0.1572","0.4151","1.0007","1.0013","1.0012","1.0006",4264,4161,3726,4475,3081,3333,2528,3149
"G20_G30_G12.2_F01_F03","2000_2005","2011_2015",10,"koppen_major_B_EQI_Water+SM+PA+OB","0.00","-4.88(-11.32,1.39)","1.00(-5.23,7.30)","7.25(1.27,13.11)","5.22(-0.96,11.24)","0.1232","0.7656","0.0222","0.0957","1.0010","1.0026","1.0002","1.0001",2787,2901,2686,2794,3174,2927,3044,3062
"G20_G30_G12.2_F01_F03","2000_2005","2011_2015",10,"koppen_major_B_EQI_Land+SM+PA+OB","0.00","3.18(-3.06,9.56)","-0.36(-6.15,5.50)","1.31(-4.84,7.49)","5.32(-1.26,12.05)","0.3357","0.9230","0.6566","0.1112","1.0007","1.0003","1.0003","1.0000",3208,2789,2621,2557,2819,3106,2524,2570
"G20_G30_G12.2_F01_F03","2000_2005","2011_2015",10,"koppen_major_B_EQI_Built+SM+PA+OB","0.00","3.99(-1.57,9.62)","3.96(-1.86,9.70)","2.75(-2.95,8.15)","5.10(-0.83,11.21)","0.1507","0.1902","0.3417","0.0937","1.0011","1.0015","1.0011","1.0010",2966,3107,3626,2886,3028,2963,3270,3334
"G20_G30_G12.2_F01_F03","2000_2005","2011_2015",10,"koppen_major_B_EQI_Social+SM+PA+OB","0.00","-1.83(-7.21,3.61)","1.96(-3.77,7.64)","1.67(-4.58,7.88)","3.23(-4.34,10.46)","0.5236","0.4936","0.6041","0.3877","1.0000","1.0003","1.0010","1.0008",3811,2797,3071,3377,2871,3092,2541,3057
"G20_G30_G12.2_F01_F03","2000_2005","2016_2020",15,"koppen_major_B_EQI+SM+PA+OB","0.00","4.67(-0.50,9.88)","6.75(1.38,12.06)","8.31(2.21,14.41)","11.64(4.80,18.20)","0.0822","0.0152","0.0097","0.0007","1.0006","1.0010","1.0005","1.0002",4259,3737,3526,3582,2826,2982,2923,2794
"G20_G30_G12.2_F01_F03","2000_2005","2016_2020",15,"koppen_major_B_EQI_Air+SM+PA+OB","0.00","4.94(-0.44,10.00)","4.72(-1.15,10.43)","5.81(-0.37,12.25)","2.60(-5.34,10.42)","0.0682","0.1087","0.0702","0.5086","1.0007","1.0002","1.0001","1.0008",3922,4281,3842,4989,2861,2821,3056,2476
"G20_G30_G12.2_F01_F03","2000_2005","2016_2020",15,"koppen_major_B_EQI_Water+SM+PA+OB","0.00","-2.83(-9.22,3.39)","2.97(-3.39,9.39)","5.15(-0.96,11.04)","5.28(-0.62,11.49)","0.3942","0.3417","0.0932","0.0882","1.0000","1.0015","1.0017","1.0012",2851,3076,2535,2593,3265,3113,2942,2826
"G20_G30_G12.2_F01_F03","2000_2005","2016_2020",15,"koppen_major_B_EQI_Land+SM+PA+OB","0.00","2.58(-3.46,8.75)","-0.09(-5.96,5.63)","2.32(-3.74,8.44)","4.59(-1.90,11.10)","0.4171","0.9680","0.4546","0.1697","1.0015","1.0043","1.0007","1.0011",2312,2311,2414,2547,2305,2757,2594,2832
"G20_G30_G12.2_F01_F03","2000_2005","2016_2020",15,"koppen_major_B_EQI_Built+SM+PA+OB","0.00","3.85(-1.55,9.29)","6.53(1.01,12.09)","4.12(-1.37,9.37)","6.75(0.65,12.64)","0.1577","0.0187","0.1427","0.0257","1.0012","1.0002","1.0007","1.0007",3040,3359,3483,3204,2862,3377,3024,2701
"G20_G30_G12.2_F01_F03","2000_2005","2016_2020",15,"koppen_major_B_EQI_Social+SM+PA+OB","0.00","-2.99(-8.57,2.18)","1.23(-4.36,6.96)","3.62(-2.40,10.18)","4.31(-3.00,11.52)","0.2707","0.6686","0.2367","0.2477","1.0019","1.0001","1.0005","1.0003",3626,3360,3117,3417,2963,2710,2790,3038
"G20_G30_G12.2_F01_F03","2000_2005","2021_2024",20,"koppen_major_B_EQI+SM+PA+OB","0.00","2.44(-3.32,7.92)","5.41(-0.30,11.08)","7.44(0.74,13.94)","8.94(1.78,16.35)","0.3867","0.0662","0.0332","0.0177","1.0000","0.9998","1.0016","1.0011",3763,3619,3900,4182,3168,3057,2947,3220
"G20_G30_G12.2_F01_F03","2000_2005","2021_2024",20,"koppen_major_B_EQI_Air+SM+PA+OB","0.00","1.17(-4.69,6.96)","1.77(-4.60,8.27)","4.01(-2.59,10.79)","0.91(-7.16,8.91)","0.6871","0.6066","0.2307","0.8270","1.0023","1.0002","1.0001","1.0007",3540,3765,3803,4472,2944,3118,3091,2886
"G20_G30_G12.2_F01_F03","2000_2005","2021_2024",20,"koppen_major_B_EQI_Water+SM+PA+OB","0.00","-7.50(-14.18,-0.72)","4.40(-2.34,10.97)","5.86(-0.32,12.10)","2.99(-3.06,9.04)","0.0307","0.1942","0.0657","0.3527","1.0010","1.0020","1.0014","1.0017",3132,3225,2868,2747,3271,2769,2905,3092
"G20_G30_G12.2_F01_F03","2000_2005","2021_2024",20,"koppen_major_B_EQI_Land+SM+PA+OB","0.00","1.01(-5.33,7.44)","3.60(-2.81,9.78)","1.34(-4.99,7.76)","4.98(-1.96,12.01)","0.7616","0.2622","0.6936","0.1647","1.0001","1.0009","1.0006","1.0017",3164,2790,2230,2522,2940,2630,2470,2920
"G20_G30_G12.2_F01_F03","2000_2005","2021_2024",20,"koppen_major_B_EQI_Built+SM+PA+OB","0.00","4.87(-0.94,10.64)","4.39(-1.68,10.31)","3.90(-2.09,9.97)","7.05(0.60,13.60)","0.1007","0.1542","0.2082","0.0362","0.9999","1.0000","1.0004","1.0005",3516,3830,3376,3110,3056,3234,2989,3276
"G20_G30_G12.2_F01_F03","2000_2005","2021_2024",20,"koppen_major_B_EQI_Social+SM+PA+OB","0.00","-2.40(-8.06,3.37)","2.56(-3.44,8.79)","3.18(-3.57,9.80)","4.33(-3.33,11.74)","0.4156","0.4036","0.3287","0.2647","1.0016","1.0014","1.0021","1.0006",3649,3167,3326,3031,2851,2731,3217,2982
"G20_G30_G12.2_F01_F03","2000_2005","2006_2010",5,"koppen_major_C_EQI+SM+PA+OB","0.00","4.32(2.01,6.61)","8.23(5.78,10.79)","10.91(8.12,13.81)","14.21(10.75,17.75)","0.0007","0.0002","0.0002","0.0002","1.0008","1.0029","1.0018","1.0016",2802,2144,2012,1890,2699,3092,2900,2735
"G20_G30_G12.2_F01_F03","2000_2005","2006_2010",5,"koppen_major_C_EQI_Air+SM+PA+OB","0.00","3.44(0.33,6.60)","6.81(3.78,9.94)","11.03(7.82,14.22)","13.00(9.49,16.34)","0.0317","0.0002","0.0002","0.0002","1.0000","1.0011","1.0007","1.0002",2514,2274,2112,2007,3010,3042,2633,2710
"G20_G30_G12.2_F01_F03","2000_2005","2006_2010",5,"koppen_major_C_EQI_Water+SM+PA+OB","0.00","0.31(-2.81,3.56)","0.44(-2.77,3.76)","-0.38(-3.62,3.05)","0.21(-3.27,3.85)","0.8695","0.7966","0.8230","0.9325","1.0020","1.0021","1.0017","1.0010",2208,2076,2011,2185,2578,2223,3148,2661
"G20_G30_G12.2_F01_F03","2000_2005","2006_2010",5,"koppen_major_C_EQI_Land+SM+PA+OB","0.00","0.97(-1.04,3.12)","2.04(-0.30,4.40)","-0.59(-3.29,2.24)","1.91(-1.39,5.30)","0.3497","0.0822","0.6856","0.2727","1.0012","1.0001","1.0006","1.0001",3965,3806,3549,3541,3361,3415,3057,3045
"G20_G30_G12.2_F01_F03","2000_2005","2006_2010",5,"koppen_major_C_EQI_Built+SM+PA+OB","0.00","1.48(-0.73,3.63)","2.86(0.57,5.19)","2.96(0.48,5.51)","1.78(-0.97,4.59)","0.1882","0.0182","0.0167","0.2082","1.0006","1.0006","1.0003","1.0012",3169,3161,3141,2600,3237,3154,3275,2985
"G20_G30_G12.2_F01_F03","2000_2005","2006_2010",5,"koppen_major_C_EQI_Social+SM+PA+OB","0.00","4.22(2.05,6.51)","3.37(0.66,6.06)","5.33(2.27,8.46)","8.49(4.87,12.05)","0.0002","0.0152","0.0012","0.0002","1.0008","1.0019","1.0018","1.0022",2658,2459,2211,1778,2675,2836,2771,2714
"G20_G30_G12.2_F01_F03","2000_2005","2011_2015",10,"koppen_major_C_EQI+SM+PA+OB","0.00","4.67(2.29,7.05)","7.77(5.32,10.28)","11.09(8.18,13.91)","15.04(11.69,18.51)","0.0002","0.0002","0.0002","0.0002","1.0005","1.0001","1.0006","1.0011",3170,2367,2328,2091,2982,3158,2711,2595
"G20_G30_G12.2_F01_F03","2000_2005","2011_2015",10,"koppen_major_C_EQI_Air+SM+PA+OB","0.00","3.18(-0.03,6.36)","7.84(4.66,10.94)","12.14(8.86,15.36)","13.97(10.45,17.49)","0.0537","0.0002","0.0002","0.0002","1.0006","1.0003","1.0005","1.0019",2121,1867,1800,1867,2566,2348,2367,2269
"G20_G30_G12.2_F01_F03","2000_2005","2011_2015",10,"koppen_major_C_EQI_Water+SM+PA+OB","0.00","0.84(-2.35,4.18)","-1.48(-4.74,1.85)","0.78(-2.58,4.20)","0.86(-2.81,4.48)","0.6091","0.3767","0.6631","0.6576","1.0044","1.0042","1.0028","1.0029",2343,1902,2025,2076,2583,2641,2700,2794
"G20_G30_G12.2_F01_F03","2000_2005","2011_2015",10,"koppen_major_C_EQI_Land+SM+PA+OB","0.00","0.17(-1.91,2.23)","1.99(-0.30,4.34)","-0.24(-2.97,2.63)","0.76(-2.61,4.05)","0.8675","0.0937","0.8805","0.6396","1.0001","1.0011","1.0011","1.0003",3618,3083,2966,2900,3355,2938,3174,3311
"G20_G30_G12.2_F01_F03","2000_2005","2011_2015",10,"koppen_major_C_EQI_Built+SM+PA+OB","0.00","2.96(0.76,5.25)","3.60(1.18,6.10)","2.94(0.31,5.47)","2.08(-0.80,4.98)","0.0057","0.0052","0.0292","0.1582","1.0006","1.0005","1.0006","1.0000",2784,2885,2617,2651,3114,2998,3028,3014
"G20_G30_G12.2_F01_F03","2000_2005","2011_2015",10,"koppen_major_C_EQI_Social+SM+PA+OB","0.00","2.36(0.25,4.59)","2.05(-0.46,4.68)","3.65(0.66,6.72)","5.46(2.07,9.05)","0.0317","0.1022","0.0147","0.0017","1.0006","1.0002","1.0006","1.0018",3164,2626,2434,2014,3145,2934,2751,2673
"G20_G30_G12.2_F01_F03","2000_2005","2016_2020",15,"koppen_major_C_EQI+SM+PA+OB","0.00","4.20(1.80,6.70)","6.63(4.10,9.15)","9.16(6.30,12.03)","12.34(8.93,15.79)","0.0012","0.0002","0.0002","0.0002","0.9996","1.0017","1.0003","1.0010",3301,2757,2489,2427,3237,2983,2748,3244
"G20_G30_G12.2_F01_F03","2000_2005","2016_2020",15,"koppen_major_C_EQI_Air+SM+PA+OB","0.00","1.24(-2.09,4.40)","4.77(1.43,8.08)","8.16(4.72,11.61)","9.37(5.68,13.15)","0.4591","0.0072","0.0002","0.0002","1.0008","1.0010","1.0016","1.0016",2279,2019,1907,1998,2877,2311,2355,2346
"G20_G30_G12.2_F01_F03","2000_2005","2016_2020",15,"koppen_major_C_EQI_Water+SM+PA+OB","0.00","-0.79(-4.09,2.52)","-3.44(-6.85,0.01)","-1.14(-4.54,2.39)","-0.32(-4.15,3.27)","0.6311","0.0512","0.5231","0.8760","0.9998","0.9999","1.0001","0.9999",1924,1866,1873,1987,3127,2596,2909,2897
"G20_G30_G12.2_F01_F03","2000_2005","2016_2020",15,"koppen_major_C_EQI_Land+SM+PA+OB","0.00","0.15(-1.96,2.30)","1.30(-1.26,3.77)","0.39(-2.53,3.41)","2.97(-0.56,6.35)","0.9115","0.3047","0.8020","0.0977","0.9998","1.0013","1.0005","1.0005",3520,3433,3124,3000,3253,3001,3063,3352
"G20_G30_G12.2_F01_F03","2000_2005","2016_2020",15,"koppen_major_C_EQI_Built+SM+PA+OB","0.00","3.47(1.15,5.87)","3.61(1.09,6.07)","4.12(1.41,6.78)","4.78(1.81,7.75)","0.0017","0.0047","0.0047","0.0027","1.0006","1.0021","1.0009","1.0007",3410,2719,2692,2494,2913,3145,2824,2993
"G20_G30_G12.2_F01_F03","2000_2005","2016_2020",15,"koppen_major_C_EQI_Social+SM+PA+OB","0.00","2.53(0.19,4.78)","0.28(-2.30,3.02)","1.37(-1.74,4.49)","2.78(-0.77,6.35)","0.0317","0.8625","0.3762","0.1287","1.0008","1.0018","1.0017","1.0033",3276,2809,2657,2442,2988,3024,2929,2834
"G20_G30_G12.2_F01_F03","2000_2005","2021_2024",20,"koppen_major_C_EQI+SM+PA+OB","0.00","3.56(0.77,6.19)","2.77(-0.09,5.62)","5.11(1.89,8.27)","4.99(1.09,8.85)","0.0122","0.0567","0.0012","0.0142","1.0029","1.0031","1.0036","1.0040",2397,1895,1626,1841,2777,2679,2307,2705
"G20_G30_G12.2_F01_F03","2000_2005","2021_2024",20,"koppen_major_C_EQI_Air+SM+PA+OB","0.00","4.01(0.65,7.48)","5.29(1.89,8.71)","7.76(4.24,11.25)","6.45(2.71,10.10)","0.0227","0.0022","0.0002","0.0022","1.0008","1.0004","1.0003","1.0013",2526,2284,2123,2144,2732,2454,2789,2909
"G20_G30_G12.2_F01_F03","2000_2005","2021_2024",20,"koppen_major_C_EQI_Water+SM+PA+OB","0.00","-0.09(-3.51,3.51)","-3.60(-7.02,-0.01)","-2.33(-5.91,1.39)","1.15(-2.64,5.29)","0.9500","0.0502","0.2227","0.5851","0.9998","1.0000","1.0005","1.0006",2603,2307,2271,2488,3096,3092,2885,3321
"G20_G30_G12.2_F01_F03","2000_2005","2021_2024",20,"koppen_major_C_EQI_Land+SM+PA+OB","0.00","0.71(-1.58,2.95)","1.36(-1.37,4.06)","1.90(-1.32,5.15)","2.16(-1.55,5.91)","0.5581","0.3157","0.2407","0.2572","1.0011","1.0008","1.0021","1.0009",4673,3716,3671,3493,3056,3119,3137,3153
"G20_G30_G12.2_F01_F03","2000_2005","2021_2024",20,"koppen_major_C_EQI_Built+SM+PA+OB","0.00","3.57(1.08,6.00)","4.13(1.31,6.81)","3.91(1.06,6.78)","3.94(0.68,7.12)","0.0047","0.0037","0.0087","0.0222","1.0006","1.0013","1.0013","1.0008",3383,3304,2944,3104,2918,3028,3132,3138
"G20_G30_G12.2_F01_F03","2000_2005","2021_2024",20,"koppen_major_C_EQI_Social+SM+PA+OB","0.00","0.56(-1.93,3.11)","-2.88(-5.87,0.10)","-2.63(-6.00,0.72)","-2.11(-6.16,1.71)","0.6566","0.0577","0.1257","0.2842","1.0011","1.0001","1.0001","1.0000",3560,3151,3021,2681,3352,3220,3318,3343
"G20_G30_G12.2_F01_F03","2000_2005","2006_2010",5,"koppen_major_D_EQI+SM+PA+OB","0.00","6.51(2.07,10.57)","6.64(2.54,10.51)","10.71(6.86,14.51)","14.51(10.42,18.44)","0.0057","0.0007","0.0002","0.0002","1.0001","1.0009","1.0032","1.0017",3009,2568,2261,2175,2726,2597,2834,2578
"G20_G30_G12.2_F01_F03","2000_2005","2006_2010",5,"koppen_major_D_EQI_Air+SM+PA+OB","0.00","3.19(0.20,6.19)","4.84(1.48,8.29)","9.07(5.65,12.46)","6.75(3.13,10.48)","0.0392","0.0052","0.0002","0.0007","1.0023","1.0002","1.0020","1.0009",3310,2661,2538,2433,3331,3089,3139,3006
"G20_G30_G12.2_F01_F03","2000_2005","2006_2010",5,"koppen_major_D_EQI_Water+SM+PA+OB","0.00","-2.23(-5.87,1.47)","0.34(-3.38,4.07)","2.64(-0.87,6.21)","1.94(-2.06,5.93)","0.2292","0.8465","0.1472","0.3392","1.0025","1.0017","1.0014","1.0016",2407,2151,1982,2093,2847,3140,2824,2605
"G20_G30_G12.2_F01_F03","2000_2005","2006_2010",5,"koppen_major_D_EQI_Land+SM+PA+OB","0.00","1.98(-2.43,6.53)","3.08(-1.12,7.20)","3.37(-0.85,7.44)","3.15(-1.18,7.32)","0.3862","0.1427","0.1092","0.1417","1.0016","1.0011","1.0013","1.0006",2700,2365,2158,2170,3197,2430,2721,2381
"G20_G30_G12.2_F01_F03","2000_2005","2006_2010",5,"koppen_major_D_EQI_Built+SM+PA+OB","0.00","3.54(-0.11,7.06)","1.34(-2.13,4.76)","2.89(-0.45,6.37)","0.56(-3.07,4.18)","0.0582","0.4326","0.0977","0.7541","1.0002","1.0006","1.0000","1.0003",3024,2642,2597,2489,2645,3089,3116,3170
"G20_G30_G12.2_F01_F03","2000_2005","2006_2010",5,"koppen_major_D_EQI_Social+SM+PA+OB","0.00","-0.79(-5.38,3.88)","4.01(-0.36,8.07)","3.28(-0.87,7.51)","5.80(1.27,10.20)","0.7271","0.0672","0.1352","0.0162","1.0004","1.0009","1.0023","1.0005",3067,2427,2157,2038,3424,2967,2839,2566
"G20_G30_G12.2_F01_F03","2000_2005","2011_2015",10,"koppen_major_D_EQI+SM+PA+OB","0.00","7.79(3.39,12.23)","8.90(4.69,13.12)","13.39(9.39,17.47)","19.57(15.26,23.99)","0.0012","0.0002","0.0002","0.0002","0.9998","1.0012","1.0001","1.0018",2498,2153,1898,1697,2756,2428,2553,2568
"G20_G30_G12.2_F01_F03","2000_2005","2011_2015",10,"koppen_major_D_EQI_Air+SM+PA+OB","0.00","6.22(2.89,9.55)","8.75(5.11,12.30)","11.08(7.42,14.70)","10.46(6.66,14.38)","0.0002","0.0002","0.0002","0.0002","1.0002","1.0006","1.0001","1.0017",2944,2410,2121,1998,2870,3048,2934,2324
"G20_G30_G12.2_F01_F03","2000_2005","2011_2015",10,"koppen_major_D_EQI_Water+SM+PA+OB","0.00","-2.75(-6.67,1.08)","0.58(-3.26,4.46)","1.88(-2.11,5.77)","2.74(-1.52,6.83)","0.1617","0.7666","0.3347","0.2092","1.0023","1.0019","1.0022","1.0013",2197,1793,1851,1872,2923,2831,2596,2710
"G20_G30_G12.2_F01_F03","2000_2005","2011_2015",10,"koppen_major_D_EQI_Land+SM+PA+OB","0.00","0.67(-4.12,5.36)","3.31(-1.08,7.82)","2.94(-1.32,7.30)","4.46(0.27,8.88)","0.7816","0.1427","0.2012","0.0387","1.0009","1.0012","1.0024","1.0017",1969,1773,1639,1539,2661,2450,2556,2413
"G20_G30_G12.2_F01_F03","2000_2005","2011_2015",10,"koppen_major_D_EQI_Built+SM+PA+OB","0.00","3.27(-0.62,7.21)","2.51(-1.01,6.09)","4.63(1.12,8.08)","1.66(-1.94,5.30)","0.1032","0.1682","0.0127","0.3902","0.9997","1.0002","1.0011","1.0013",3173,2341,2333,2172,3226,3016,2793,2900
"G20_G30_G12.2_F01_F03","2000_2005","2011_2015",10,"koppen_major_D_EQI_Social+SM+PA+OB","0.00","-2.71(-7.37,2.01)","3.96(-0.45,8.20)","5.19(1.00,9.26)","8.67(3.96,13.38)","0.2402","0.0762","0.0157","0.0002","0.9998","1.0010","1.0013","1.0008",2430,2140,1725,1686,2943,2640,2602,2562
"G20_G30_G12.2_F01_F03","2000_2005","2016_2020",15,"koppen_major_D_EQI+SM+PA+OB","0.00","5.44(0.98,9.87)","6.11(1.72,10.18)","12.63(8.46,16.78)","18.28(13.64,22.69)","0.0167","0.0062","0.0002","0.0002","1.0006","1.0006","1.0006","1.0011",2711,2317,1947,1756,3192,2940,3008,2821
"G20_G30_G12.2_F01_F03","2000_2005","2016_2020",15,"koppen_major_D_EQI_Air+SM+PA+OB","0.00","4.90(1.59,8.28)","8.26(4.61,11.84)","12.64(9.13,16.33)","12.14(8.24,16.07)","0.0037","0.0002","0.0002","0.0002","1.0016","1.0018","1.0007","1.0005",2606,2150,1760,1716,2766,2674,2846,2624
"G20_G30_G12.2_F01_F03","2000_2005","2016_2020",15,"koppen_major_D_EQI_Water+SM+PA+OB","0.00","-4.25(-8.27,-0.23)","1.22(-3.01,5.38)","-0.36(-4.30,3.48)","1.80(-2.65,6.09)","0.0407","0.5721","0.8795","0.4011","1.0004","1.0009","1.0020","1.0005",2257,1951,1790,1806,2548,2352,2273,2455
"G20_G30_G12.2_F01_F03","2000_2005","2016_2020",15,"koppen_major_D_EQI_Land+SM+PA+OB","0.00","2.55(-2.21,7.26)","4.02(-0.59,8.49)","3.70(-0.66,8.22)","3.90(-0.58,8.33)","0.3052","0.0867","0.0977","0.0817","1.0008","1.0008","1.0011","1.0013",2208,1789,1721,1770,2540,2496,2367,2423
"G20_G30_G12.2_F01_F03","2000_2005","2016_2020",15,"koppen_major_D_EQI_Built+SM+PA+OB","0.00","3.42(-0.44,7.34)","3.45(-0.15,7.02)","3.28(-0.39,6.79)","1.60(-2.25,5.33)","0.0867","0.0597","0.0882","0.3997","1.0002","1.0022","1.0017","1.0014",2396,1921,1809,1922,2923,2577,2732,2813
"G20_G30_G12.2_F01_F03","2000_2005","2016_2020",15,"koppen_major_D_EQI_Social+SM+PA+OB","0.00","-2.63(-7.45,2.23)","6.49(2.25,10.79)","5.68(1.43,9.96)","9.15(4.39,14.10)","0.2767","0.0032","0.0137","0.0007","1.0005","1.0006","1.0005","1.0006",2104,1793,1603,1585,2613,2384,2333,2264
"G20_G30_G12.2_F01_F03","2000_2005","2021_2024",20,"koppen_major_D_EQI+SM+PA+OB","0.00","7.59(2.87,12.23)","7.54(3.12,11.96)","11.73(7.31,16.12)","14.68(10.01,19.39)","0.0022","0.0012","0.0002","0.0002","1.0001","1.0010","1.0018","1.0013",2672,2379,1900,1907,2991,3005,2301,2785
"G20_G30_G12.2_F01_F03","2000_2005","2021_2024",20,"koppen_major_D_EQI_Air+SM+PA+OB","0.00","5.47(1.71,9.28)","7.94(3.85,11.96)","11.22(7.01,15.32)","8.36(3.91,12.79)","0.0027","0.0002","0.0002","0.0002","1.0010","1.0026","1.0013","1.0021",3205,2206,2186,2099,3077,2663,2820,2921
"G20_G30_G12.2_F01_F03","2000_2005","2021_2024",20,"koppen_major_D_EQI_Water+SM+PA+OB","0.00","-2.30(-6.73,2.16)","-0.08(-4.73,4.48)","1.10(-3.40,5.65)","0.30(-4.66,5.24)","0.3152","0.9790","0.6311","0.8820","1.0009","1.0001","1.0000","1.0009",2420,2108,2171,2106,2727,2631,2678,2783
"G20_G30_G12.2_F01_F03","2000_2005","2021_2024",20,"koppen_major_D_EQI_Land+SM+PA+OB","0.00","0.52(-4.70,5.80)","1.63(-3.05,6.45)","3.67(-0.90,8.51)","3.43(-1.17,8.42)","0.8375","0.4956","0.1237","0.1427","1.0004","1.0003","1.0000","1.0009",2397,2086,1855,1865,2846,2650,2562,2549
"G20_G30_G12.2_F01_F03","2000_2005","2021_2024",20,"koppen_major_D_EQI_Built+SM+PA+OB","0.00","4.95(0.53,9.10)","5.99(1.86,9.98)","5.39(1.31,9.26)","0.81(-3.28,4.92)","0.0252","0.0032","0.0082","0.7096","1.0012","1.0011","1.0009","1.0016",2456,2103,1847,2008,2780,2422,2372,2693
"G20_G30_G12.2_F01_F03","2000_2005","2021_2024",20,"koppen_major_D_EQI_Social+SM+PA+OB","0.00","0.82(-4.33,5.79)","4.54(-0.07,9.10)","5.35(0.78,9.92)","5.68(0.68,10.72)","0.7331","0.0537","0.0242","0.0272","1.0016","1.0031","1.0021","1.0019",2442,2060,1831,1895,2848,2743,2283,2590
"G20_G30_G12.2_F01_F03","2000_2005","2006_2010",5,"doe_zone_2_EQI+SM+PA+OB","0.00","-3.12(-7.24,1.13)","3.60(-1.46,8.62)","5.67(-0.29,11.75)","6.59(-0.79,13.86)","0.1477","0.1682","0.0612","0.0787","1.0022","1.0010","1.0016","1.0002",2562,2320,2638,2621,2578,2748,2900,2906
"G20_G30_G12.2_F01_F03","2000_2005","2006_2010",5,"doe_zone_2_EQI_Air+SM+PA+OB","0.00","1.02(-4.42,6.88)","2.27(-3.33,7.97)","3.82(-1.44,9.29)","8.49(2.45,14.47)","0.7196","0.4321","0.1507","0.0037","1.0014","1.0009","1.0008","1.0002",3423,3045,2822,2926,3126,2882,3010,2834
"G20_G30_G12.2_F01_F03","2000_2005","2006_2010",5,"doe_zone_2_EQI_Water+SM+PA+OB","0.00","3.53(-3.51,10.30)","0.92(-5.48,6.83)","3.35(-3.05,10.04)","-1.84(-9.06,5.48)","0.3102","0.7426","0.3142","0.6166","1.0009","1.0011","1.0012","1.0028",3227,3215,3917,4312,2970,3047,2910,3123
"G20_G30_G12.2_F01_F03","2000_2005","2006_2010",5,"doe_zone_2_EQI_Land+SM+PA+OB","0.00","0.32(-4.63,5.36)","2.33(-3.25,7.89)","1.63(-5.81,9.22)","-2.25(-10.67,5.96)","0.9005","0.3882","0.6516","0.6106","1.0000","0.9997","1.0001","1.0002",3827,3569,4724,4757,2968,3052,2551,3042
"G20_G30_G12.2_F01_F03","2000_2005","2006_2010",5,"doe_zone_2_EQI_Built+SM+PA+OB","0.00","0.32(-4.89,5.38)","-1.60(-6.49,3.31)","-0.09(-5.14,4.90)","2.42(-3.31,8.29)","0.8965","0.5216","0.9625","0.4256","1.0038","1.0009","1.0012","1.0001",3400,3380,3704,3257,2646,3153,3134,3114
"G20_G30_G12.2_F01_F03","2000_2005","2006_2010",5,"doe_zone_2_EQI_Social+SM+PA+OB","0.00","3.61(-0.71,7.99)","4.52(-0.97,9.68)","2.60(-3.27,8.40)","3.08(-3.70,9.91)","0.1062","0.1022","0.3667","0.3637","0.9995","0.9998","1.0009","1.0003",3905,3709,3722,4149,3052,2907,3008,3229
"G20_G30_G12.2_F01_F03","2000_2005","2011_2015",10,"doe_zone_2_EQI+SM+PA+OB","0.00","-3.07(-7.55,1.18)","3.54(-2.06,8.89)","3.73(-2.51,9.94)","5.54(-2.01,12.66)","0.1672","0.1912","0.2487","0.1512","1.0003","1.0007","1.0005","1.0004",3249,2774,2978,3402,2881,2511,2312,2896
"G20_G30_G12.2_F01_F03","2000_2005","2011_2015",10,"doe_zone_2_EQI_Air+SM+PA+OB","0.00","-1.05(-6.86,4.81)","1.66(-4.01,7.45)","0.59(-5.05,6.23)","5.87(-0.30,12.28)","0.7101","0.5641","0.8410","0.0672","1.0003","1.0000","1.0002","1.0014",3332,3043,2661,3038,2622,2937,2850,3065
"G20_G30_G12.2_F01_F03","2000_2005","2011_2015",10,"doe_zone_2_EQI_Water+SM+PA+OB","0.00","0.91(-6.18,8.25)","1.31(-5.34,7.93)","1.38(-5.43,8.18)","-3.18(-11.09,4.67)","0.7986","0.6871","0.7066","0.4291","1.0007","1.0002","0.9996","0.9995",3360,2998,3485,4261,3218,2752,2873,3090
"G20_G30_G12.2_F01_F03","2000_2005","2011_2015",10,"doe_zone_2_EQI_Land+SM+PA+OB","0.00","0.70(-4.70,6.23)","0.72(-4.88,6.29)","-0.42(-8.39,7.56)","-4.53(-12.94,4.13)","0.7986","0.7921","0.9180","0.2747","1.0019","1.0012","0.9994","1.0006",4765,3923,5056,4384,2848,3370,3024,2701
"G20_G30_G12.2_F01_F03","2000_2005","2011_2015",10,"doe_zone_2_EQI_Built+SM+PA+OB","0.00","3.18(-2.14,8.69)","1.16(-4.06,6.32)","0.69(-4.53,5.76)","2.95(-3.26,9.35)","0.2397","0.6576","0.7966","0.3587","1.0013","1.0006","1.0004","1.0011",3772,3339,3121,3709,2847,2834,3240,3256
"G20_G30_G12.2_F01_F03","2000_2005","2011_2015",10,"doe_zone_2_EQI_Social+SM+PA+OB","0.00","1.80(-2.73,6.52)","2.39(-3.24,8.14)","2.36(-3.60,8.42)","5.06(-1.95,12.07)","0.4426","0.3862","0.4486","0.1527","0.9997","1.0001","1.0010","1.0015",4242,3839,3508,3471,3173,3134,3237,3133
"G20_G30_G12.2_F01_F03","2000_2005","2016_2020",15,"doe_zone_2_EQI+SM+PA+OB","0.00","-0.72(-5.20,3.83)","0.82(-4.34,6.01)","-0.52(-6.98,5.74)","2.55(-4.94,10.12)","0.7436","0.7596","0.8655","0.5081","1.0007","1.0014","1.0024","1.0011",3233,2722,2378,2747,3045,2845,2612,2789
"G20_G30_G12.2_F01_F03","2000_2005","2016_2020",15,"doe_zone_2_EQI_Air+SM+PA+OB","0.00","0.89(-4.87,6.83)","1.29(-4.49,7.06)","2.17(-3.59,7.85)","3.50(-2.98,10.01)","0.7706","0.6536","0.4576","0.2767","1.0005","1.0015","1.0017","1.0009",4033,3557,3751,3808,2935,2983,3034,3459
"G20_G30_G12.2_F01_F03","2000_2005","2016_2020",15,"doe_zone_2_EQI_Water+SM+PA+OB","0.00","1.04(-6.37,8.84)","-1.16(-7.91,5.71)","1.68(-5.19,8.42)","-0.48(-8.33,7.43)","0.7831","0.7426","0.6366","0.8790","1.0004","1.0016","1.0002","1.0005",4819,4185,4555,5975,2956,3135,3398,3337
"G20_G30_G12.2_F01_F03","2000_2005","2016_2020",15,"doe_zone_2_EQI_Land+SM+PA+OB","0.00","-1.64(-7.03,3.81)","0.05(-5.75,5.98)","-2.10(-9.88,5.56)","-5.93(-14.67,2.89)","0.5546","0.9805","0.5761","0.1877","1.0011","1.0010","1.0002","1.0020",5316,5655,4681,5391,3132,3178,3159,3212
"G20_G30_G12.2_F01_F03","2000_2005","2016_2020",15,"doe_zone_2_EQI_Built+SM+PA+OB","0.00","2.98(-2.32,8.26)","0.79(-4.24,6.04)","2.20(-3.21,7.45)","2.45(-3.85,8.66)","0.2627","0.7681","0.3977","0.4326","1.0009","1.0003","0.9999","0.9999",4805,4057,4341,4567,3035,2847,3449,3099
"G20_G30_G12.2_F01_F03","2000_2005","2016_2020",15,"doe_zone_2_EQI_Social+SM+PA+OB","0.00","0.21(-4.41,4.96)","-1.69(-7.11,4.18)","-1.14(-7.33,5.13)","0.94(-6.18,7.74)","0.9180","0.5496","0.7046","0.7776","1.0028","1.0003","1.0004","1.0000",5015,4628,3955,4563,3299,3372,3144,3416
"G20_G30_G12.2_F01_F03","2000_2005","2021_2024",20,"doe_zone_2_EQI+SM+PA+OB","0.00","2.79(-2.45,8.11)","0.10(-5.91,6.01)","-0.20(-7.10,6.74)","1.12(-6.66,8.99)","0.2952","0.9765","0.9480","0.7946","1.0007","1.0003","1.0017","1.0000",3440,2996,3101,3370,3131,2922,2725,3017
"G20_G30_G12.2_F01_F03","2000_2005","2021_2024",20,"doe_zone_2_EQI_Air+SM+PA+OB","0.00","0.36(-5.90,6.61)","0.51(-5.80,6.65)","2.23(-3.87,8.47)","0.64(-6.28,7.63)","0.9045","0.8595","0.4796","0.8565","1.0003","1.0002","1.0000","1.0000",3603,3701,3089,2735,3218,3046,2914,3221
"G20_G30_G12.2_F01_F03","2000_2005","2021_2024",20,"doe_zone_2_EQI_Water+SM+PA+OB","0.00","1.28(-6.69,9.36)","1.05(-5.97,7.76)","0.53(-6.75,7.67)","1.38(-6.67,9.55)","0.7536","0.7421","0.8710","0.7261","1.0019","1.0012","1.0000","1.0012",3221,3072,3790,4764,2440,3378,2893,3084
"G20_G30_G12.2_F01_F03","2000_2005","2021_2024",20,"doe_zone_2_EQI_Land+SM+PA+OB","0.00","0.89(-5.28,6.89)","0.04(-6.55,6.71)","-3.14(-11.52,5.43)","-4.10(-12.72,4.75)","0.7756","0.9920","0.4591","0.3557","0.9997","0.9997","1.0007","1.0001",3743,3875,4585,3974,2636,3203,2991,3147
"G20_G30_G12.2_F01_F03","2000_2005","2021_2024",20,"doe_zone_2_EQI_Built+SM+PA+OB","0.00","5.24(-0.76,11.22)","2.47(-3.22,8.18)","1.64(-4.41,7.53)","4.41(-2.60,11.42)","0.0852","0.4156","0.5856","0.2077","0.9999","1.0003","1.0001","1.0001",3916,3396,3896,3429,2799,3083,3248,2701
"G20_G30_G12.2_F01_F03","2000_2005","2021_2024",20,"doe_zone_2_EQI_Social+SM+PA+OB","0.00","0.03(-5.42,5.56)","-1.30(-7.57,4.99)","-0.23(-6.80,6.52)","-0.22(-8.12,7.38)","0.9995","0.6896","0.9550","0.9710","1.0010","1.0007","1.0013","1.0013",4226,3675,3397,3586,2882,2643,3063,2990
"G20_G30_G12.2_F01_F03","2000_2005","2006_2010",5,"doe_zone_3_EQI+SM+PA+OB","0.00","5.75(2.14,9.24)","6.81(3.14,10.53)","8.88(4.51,13.44)","9.09(3.07,14.79)","0.0037","0.0002","0.0002","0.0042","0.9999","1.0007","1.0006","1.0006",3145,2952,2863,2362,2858,2807,3170,2739
"G20_G30_G12.2_F01_F03","2000_2005","2006_2010",5,"doe_zone_3_EQI_Air+SM+PA+OB","0.00","1.03(-3.23,5.28)","5.62(1.37,9.89)","8.16(3.73,12.65)","10.29(5.57,15.04)","0.6381","0.0117","0.0007","0.0002","1.0010","1.0016","1.0029","1.0027",2754,2483,2299,2473,2886,2331,3089,2738
"G20_G30_G12.2_F01_F03","2000_2005","2006_2010",5,"doe_zone_3_EQI_Water+SM+PA+OB","0.00","0.87(-3.98,5.66)","2.67(-2.01,7.71)","2.54(-2.26,7.51)","1.51(-4.06,7.05)","0.7291","0.2712","0.3047","0.5736","1.0015","1.0003","1.0008","1.0009",2989,2899,2801,2775,2907,2969,2701,2786
"G20_G30_G12.2_F01_F03","2000_2005","2006_2010",5,"doe_zone_3_EQI_Land+SM+PA+OB","0.00","-0.90(-4.06,2.14)","1.98(-2.07,5.96)","-1.98(-7.29,3.33)","-5.78(-12.93,1.81)","0.5806","0.3177","0.4641","0.1292","1.0015","1.0002","1.0041","1.0003",3802,3955,4560,2801,3272,2765,3494,2641
"G20_G30_G12.2_F01_F03","2000_2005","2006_2010",5,"doe_zone_3_EQI_Built+SM+PA+OB","0.00","1.31(-2.39,5.01)","4.79(1.08,8.70)","3.49(-0.62,7.68)","1.39(-3.36,5.98)","0.4776","0.0107","0.0992","0.5511","1.0005","1.0014","1.0014","1.0017",3557,2979,3376,3167,3264,2987,3137,2666
"G20_G30_G12.2_F01_F03","2000_2005","2006_2010",5,"doe_zone_3_EQI_Social+SM+PA+OB","0.00","2.92(-0.60,6.26)","2.33(-2.03,6.54)","4.12(-1.08,9.16)","5.92(0.41,11.38)","0.0932","0.2762","0.1222","0.0382","1.0004","1.0012","1.0029","1.0019",3389,2886,2659,2788,2971,2881,3014,3058
"G20_G30_G12.2_F01_F03","2000_2005","2011_2015",10,"doe_zone_3_EQI+SM+PA+OB","0.00","7.01(3.60,10.52)","6.32(2.48,10.05)","10.54(5.95,15.02)","9.94(4.01,15.90)","0.0002","0.0012","0.0002","0.0007","0.9999","1.0041","1.0006","1.0002",3687,3472,2951,2717,3205,2889,2833,3096
"G20_G30_G12.2_F01_F03","2000_2005","2011_2015",10,"doe_zone_3_EQI_Air+SM+PA+OB","0.00","1.39(-2.94,5.62)","6.08(1.71,10.43)","9.65(5.31,13.88)","11.24(6.25,16.05)","0.5186","0.0067","0.0002","0.0002","1.0014","1.0006","1.0007","1.0005",3452,2983,2614,2842,3087,3032,2809,2980
"G20_G30_G12.2_F01_F03","2000_2005","2011_2015",10,"doe_zone_3_EQI_Water+SM+PA+OB","0.00","0.96(-3.87,5.91)","2.76(-2.10,7.73)","4.39(-0.53,9.27)","2.89(-2.79,8.61)","0.6966","0.2677","0.0812","0.3317","1.0001","1.0014","1.0015","1.0012",2966,3208,3604,3532,3214,2580,3461,3161
"G20_G30_G12.2_F01_F03","2000_2005","2011_2015",10,"doe_zone_3_EQI_Land+SM+PA+OB","0.00","-1.50(-4.58,1.50)","2.18(-1.92,6.27)","-2.23(-7.88,3.10)","-8.23(-15.29,-0.80)","0.3477","0.2902","0.4091","0.0267","1.0002","1.0006","1.0012","1.0002",5493,5684,5907,4068,3359,3116,3107,3160
"G20_G30_G12.2_F01_F03","2000_2005","2011_2015",10,"doe_zone_3_EQI_Built+SM+PA+OB","0.00","1.50(-2.26,5.21)","4.31(0.45,8.19)","2.94(-1.43,7.29)","2.44(-2.24,7.11)","0.4256","0.0237","0.1692","0.3087","0.9997","1.0011","1.0007","1.0013",4043,3783,3938,3878,3266,3064,3190,3112
"G20_G30_G12.2_F01_F03","2000_2005","2011_2015",10,"doe_zone_3_EQI_Social+SM+PA+OB","0.00","1.94(-1.39,5.16)","2.63(-1.70,6.91)","3.50(-1.80,8.61)","3.76(-2.01,9.33)","0.2497","0.2177","0.1847","0.1972","1.0006","1.0026","1.0005","1.0009",4345,3682,3874,3532,3211,2931,3111,2871
"G20_G30_G12.2_F01_F03","2000_2005","2016_2020",15,"doe_zone_3_EQI+SM+PA+OB","0.00","6.42(2.99,9.84)","6.04(2.35,9.76)","8.56(4.09,13.10)","6.48(0.74,12.41)","0.0007","0.0017","0.0002","0.0247","1.0004","1.0014","1.0025","1.0016",3344,3314,2597,2411,2920,3066,2930,2517
"G20_G30_G12.2_F01_F03","2000_2005","2016_2020",15,"doe_zone_3_EQI_Air+SM+PA+OB","0.00","1.06(-3.30,5.22)","3.82(-0.64,8.15)","5.90(1.35,10.48)","6.41(1.42,11.52)","0.6086","0.1022","0.0082","0.0177","1.0002","1.0010","1.0021","1.0005",3229,3117,2948,2933,3094,3135,3203,2914
"G20_G30_G12.2_F01_F03","2000_2005","2016_2020",15,"doe_zone_3_EQI_Water+SM+PA+OB","0.00","1.45(-3.28,6.25)","-0.78(-5.53,4.19)","3.14(-1.68,7.87)","1.56(-3.91,7.05)","0.5611","0.7386","0.1952","0.5716","1.0002","1.0010","1.0005","1.0010",2561,2799,2388,2827,3010,3040,3011,2659
"G20_G30_G12.2_F01_F03","2000_2005","2016_2020",15,"doe_zone_3_EQI_Land+SM+PA+OB","0.00","-0.48(-3.59,2.70)","2.38(-1.65,6.48)","-3.22(-8.67,2.09)","-3.59(-10.41,3.37)","0.7666","0.2467","0.2237","0.3002","1.0005","1.0015","1.0026","1.0000",5034,5264,4929,4346,2915,3128,2808,3512
"G20_G30_G12.2_F01_F03","2000_2005","2016_2020",15,"doe_zone_3_EQI_Built+SM+PA+OB","0.00","1.99(-1.76,5.65)","4.28(0.47,7.94)","5.02(0.95,9.00)","4.22(-0.25,8.73)","0.2867","0.0257","0.0107","0.0657","1.0005","1.0006","1.0027","1.0006",3956,3467,3775,3711,3424,3303,2945,2964
"G20_G30_G12.2_F01_F03","2000_2005","2016_2020",15,"doe_zone_3_EQI_Social+SM+PA+OB","0.00","3.26(0.09,6.46)","1.38(-2.91,5.64)","2.54(-2.71,7.70)","3.09(-2.65,8.67)","0.0457","0.5141","0.3387","0.2787","1.0000","1.0017","0.9995","0.9999",4126,3721,4451,3294,3518,3292,3035,3017
"G20_G30_G12.2_F01_F03","2000_2005","2021_2024",20,"doe_zone_3_EQI+SM+PA+OB","0.00","4.98(1.46,8.47)","3.95(0.27,7.72)","6.88(2.33,11.20)","5.05(-0.59,10.58)","0.0047","0.0347","0.0022","0.0787","0.9997","1.0011","1.0006","1.0002",4165,3523,3242,3235,2997,3245,2862,3205
"G20_G30_G12.2_F01_F03","2000_2005","2021_2024",20,"doe_zone_3_EQI_Air+SM+PA+OB","0.00","2.16(-2.27,6.57)","2.53(-1.66,6.66)","6.44(1.93,10.99)","5.82(0.92,10.67)","0.3462","0.2507","0.0052","0.0202","1.0015","1.0009","1.0003","0.9997",3346,3012,2816,2754,3092,3331,3083,2967
"G20_G30_G12.2_F01_F03","2000_2005","2021_2024",20,"doe_zone_3_EQI_Water+SM+PA+OB","0.00","-0.68(-5.70,4.67)","-2.09(-6.87,2.94)","0.02(-4.98,5.16)","0.42(-4.97,6.03)","0.7826","0.4206","0.9935","0.8955","1.0017","1.0007","1.0009","1.0009",1522,2145,1995,2264,2967,2778,3017,2989
"G20_G30_G12.2_F01_F03","2000_2005","2021_2024",20,"doe_zone_3_EQI_Land+SM+PA+OB","0.00","-0.54(-3.81,2.54)","0.32(-3.83,4.31)","-1.73(-7.15,3.77)","-0.34(-6.50,6.27)","0.7661","0.8820","0.5421","0.8955","1.0006","0.9997","1.0013","0.9998",4639,5814,6279,4031,2904,3387,3161,3101
"G20_G30_G12.2_F01_F03","2000_2005","2021_2024",20,"doe_zone_3_EQI_Built+SM+PA+OB","0.00","0.70(-3.09,4.38)","3.27(-0.56,7.21)","3.56(-0.67,7.80)","3.47(-1.22,8.05)","0.7201","0.0977","0.0992","0.1482","1.0013","1.0020","1.0004","1.0004",3654,3398,3364,3956,3383,3391,3112,2774
"G20_G30_G12.2_F01_F03","2000_2005","2021_2024",20,"doe_zone_3_EQI_Social+SM+PA+OB","0.00","3.04(-0.30,6.34)","-0.74(-4.81,3.57)","0.04(-5.15,5.08)","3.39(-2.17,9.10)","0.0712","0.7221","0.9745","0.2332","1.0013","1.0009","1.0009","1.0005",4361,3852,3737,2998,3276,3133,3146,2676
"G20_G30_G12.2_F01_F03","2000_2005","2006_2010",5,"doe_zone_4_EQI+SM+PA+OB","0.00","1.80(-1.74,5.29)","4.99(1.57,8.41)","6.76(3.04,10.50)","9.95(5.53,14.40)","0.3152","0.0057","0.0012","0.0002","1.0006","1.0014","1.0021","1.0039",2852,2374,2124,2228,3064,2910,2636,2561
"G20_G30_G12.2_F01_F03","2000_2005","2006_2010",5,"doe_zone_4_EQI_Air+SM+PA+OB","0.00","-1.73(-5.73,2.42)","1.68(-2.36,5.66)","7.52(3.43,11.57)","7.91(3.51,12.27)","0.3882","0.3967","0.0002","0.0002","1.0007","1.0021","1.0020","1.0016",2296,1822,1881,1818,3027,2838,2825,2756
"G20_G30_G12.2_F01_F03","2000_2005","2006_2010",5,"doe_zone_4_EQI_Water+SM+PA+OB","0.00","1.44(-2.15,5.02)","0.45(-3.25,4.14)","1.76(-2.15,5.67)","0.27(-3.82,4.26)","0.4271","0.8025","0.3747","0.8935","1.0013","1.0006","1.0019","1.0016",2792,2886,2586,2565,2834,3126,2747,2816
"G20_G30_G12.2_F01_F03","2000_2005","2006_2010",5,"doe_zone_4_EQI_Land+SM+PA+OB","0.00","3.48(0.41,6.65)","2.28(-0.97,5.51)","0.94(-2.69,4.58)","3.57(-0.49,7.68)","0.0262","0.1772","0.6226","0.0827","1.0017","1.0008","1.0025","1.0016",2780,2623,2748,3037,2728,3298,3188,3006
"G20_G30_G12.2_F01_F03","2000_2005","2006_2010",5,"doe_zone_4_EQI_Built+SM+PA+OB","0.00","1.08(-1.78,3.91)","1.16(-1.87,4.19)","3.18(-0.14,6.36)","0.99(-2.62,4.39)","0.4731","0.4421","0.0592","0.5831","1.0000","1.0010","1.0008","1.0010",3796,3271,2879,2599,3198,3196,3020,2443
"G20_G30_G12.2_F01_F03","2000_2005","2006_2010",5,"doe_zone_4_EQI_Social+SM+PA+OB","0.00","4.89(1.81,8.03)","1.51(-1.88,4.85)","4.54(0.87,8.18)","7.00(2.57,11.43)","0.0027","0.3727","0.0162","0.0022","1.0008","1.0027","1.0032","1.0016",2894,2432,2359,2197,2881,2940,2997,2860
"G20_G30_G12.2_F01_F03","2000_2005","2011_2015",10,"doe_zone_4_EQI+SM+PA+OB","0.00","2.84(-0.67,6.31)","5.39(2.03,8.81)","8.34(4.62,11.83)","11.77(7.48,15.98)","0.1167","0.0012","0.0002","0.0002","1.0003","1.0004","1.0004","1.0009",2847,2349,2039,2157,2852,3081,2619,2851
"G20_G30_G12.2_F01_F03","2000_2005","2011_2015",10,"doe_zone_4_EQI_Air+SM+PA+OB","0.00","-3.58(-7.73,0.48)","2.80(-1.14,6.91)","8.78(4.67,12.87)","9.35(5.03,13.80)","0.0847","0.1622","0.0002","0.0002","0.9999","1.0008","1.0010","1.0009",2528,2218,1968,2040,2953,2783,2654,2641
"G20_G30_G12.2_F01_F03","2000_2005","2011_2015",10,"doe_zone_4_EQI_Water+SM+PA+OB","0.00","2.23(-1.33,5.94)","-2.07(-5.87,1.66)","1.50(-2.50,5.53)","-0.06(-4.43,4.19)","0.2342","0.2867","0.4561","0.9875","1.0012","1.0022","1.0018","1.0037",2541,2316,2490,2567,2983,2786,2942,2917
"G20_G30_G12.2_F01_F03","2000_2005","2011_2015",10,"doe_zone_4_EQI_Land+SM+PA+OB","0.00","0.03(-3.31,3.42)","0.19(-3.19,3.64)","0.05(-3.81,3.87)","2.13(-2.12,6.28)","0.9735","0.9130","0.9890","0.3117","1.0003","0.9998","1.0006","1.0002",2778,2494,2385,2498,3010,2762,2895,2821
"G20_G30_G12.2_F01_F03","2000_2005","2011_2015",10,"doe_zone_4_EQI_Built+SM+PA+OB","0.00","3.50(0.41,6.55)","2.34(-0.77,5.37)","3.02(-0.31,6.39)","1.25(-2.32,4.68)","0.0282","0.1377","0.0742","0.4866","1.0004","1.0024","1.0019","0.9997",3629,3294,2826,2404,3035,2750,2857,2924
"G20_G30_G12.2_F01_F03","2000_2005","2011_2015",10,"doe_zone_4_EQI_Social+SM+PA+OB","0.00","3.94(0.60,7.12)","2.72(-0.70,6.09)","5.52(1.74,9.28)","5.62(1.09,10.08)","0.0257","0.1222","0.0032","0.0162","1.0010","1.0009","1.0001","1.0003",2960,2331,2098,1955,3059,3085,2807,2155
"G20_G30_G12.2_F01_F03","2000_2005","2016_2020",15,"doe_zone_4_EQI+SM+PA+OB","0.00","1.95(-1.70,5.69)","4.36(0.76,8.13)","7.60(3.72,11.46)","10.69(6.05,15.47)","0.2957","0.0187","0.0007","0.0002","1.0008","1.0002","1.0004","1.0000",3183,2602,2185,2073,2696,2690,2667,2689
"G20_G30_G12.2_F01_F03","2000_2005","2016_2020",15,"doe_zone_4_EQI_Air+SM+PA+OB","0.00","-2.96(-7.29,1.15)","1.49(-2.85,5.58)","6.68(2.49,10.83)","7.68(3.10,12.25)","0.1607","0.4636","0.0012","0.0032","0.9997","1.0000","1.0001","1.0002",2392,2305,1983,1977,2876,2731,2619,2670
"G20_G30_G12.2_F01_F03","2000_2005","2016_2020",15,"doe_zone_4_EQI_Water+SM+PA+OB","0.00","-0.23(-4.03,3.64)","-2.87(-6.73,0.99)","-2.58(-6.78,1.63)","-0.92(-5.11,3.50)","0.9165","0.1632","0.2287","0.6771","1.0000","1.0007","1.0008","1.0008",2690,2623,2721,2339,2876,3084,2840,2800
"G20_G30_G12.2_F01_F03","2000_2005","2016_2020",15,"doe_zone_4_EQI_Land+SM+PA+OB","0.00","-0.26(-3.72,3.16)","-1.11(-4.61,2.47)","0.31(-3.64,4.17)","4.07(-0.18,8.60)","0.8865","0.5346","0.8795","0.0612","1.0020","1.0006","1.0006","1.0019",2611,2286,2483,2679,2833,2537,3160,3148
"G20_G30_G12.2_F01_F03","2000_2005","2016_2020",15,"doe_zone_4_EQI_Built+SM+PA+OB","0.00","3.30(0.08,6.61)","2.27(-1.05,5.60)","2.86(-0.66,6.36)","4.31(0.36,8.26)","0.0437","0.1942","0.1107","0.0302","1.0015","0.9995","0.9998","1.0001",2997,2778,2606,2346,2808,2946,3083,2816
"G20_G30_G12.2_F01_F03","2000_2005","2016_2020",15,"doe_zone_4_EQI_Social+SM+PA+OB","0.00","2.67(-0.77,6.04)","2.41(-1.19,5.88)","3.98(0.11,7.93)","4.10(-0.54,8.73)","0.1312","0.1947","0.0457","0.0862","0.9999","0.9997","1.0014","1.0016",3278,2559,2375,1994,2871,3040,2852,2412
"G20_G30_G12.2_F01_F03","2000_2005","2021_2024",20,"doe_zone_4_EQI+SM+PA+OB","0.00","1.87(-2.17,6.01)","1.29(-2.65,5.22)","4.07(-0.04,8.19)","4.20(-0.64,9.05)","0.3632","0.5291","0.0517","0.0887","1.0012","1.0013","1.0010","1.0007",3447,2809,2546,2341,2980,3132,3202,2921
"G20_G30_G12.2_F01_F03","2000_2005","2021_2024",20,"doe_zone_4_EQI_Air+SM+PA+OB","0.00","-1.29(-5.80,3.10)","1.96(-2.47,6.34)","4.24(-0.25,8.68)","3.30(-1.45,8.05)","0.5786","0.3927","0.0677","0.1622","1.0015","1.0012","1.0011","1.0010",3241,2932,2774,2685,3223,3187,3113,3110
"G20_G30_G12.2_F01_F03","2000_2005","2021_2024",20,"doe_zone_4_EQI_Water+SM+PA+OB","0.00","0.14(-3.99,4.32)","-3.55(-7.85,0.76)","-2.71(-7.14,1.74)","1.36(-3.40,6.22)","0.9510","0.1092","0.2312","0.5726","1.0008","1.0012","1.0018","1.0000",2785,2842,2833,2915,3176,2710,2482,2944
"G20_G30_G12.2_F01_F03","2000_2005","2021_2024",20,"doe_zone_4_EQI_Land+SM+PA+OB","0.00","2.46(-1.26,6.11)","3.46(-0.27,7.15)","2.20(-2.01,6.45)","4.89(0.05,9.56)","0.1947","0.0692","0.3112","0.0487","1.0008","1.0005","1.0004","1.0010",2897,2537,2864,3041,2947,2746,3034,3064
"G20_G30_G12.2_F01_F03","2000_2005","2021_2024",20,"doe_zone_4_EQI_Built+SM+PA+OB","0.00","2.67(-0.92,6.18)","2.86(-0.79,6.60)","3.15(-0.78,7.07)","3.82(-0.33,8.06)","0.1337","0.1192","0.1072","0.0797","1.0009","1.0007","1.0008","1.0004",4587,4042,3597,3143,3469,3367,3149,3169
"G20_G30_G12.2_F01_F03","2000_2005","2021_2024",20,"doe_zone_4_EQI_Social+SM+PA+OB","0.00","-1.25(-5.10,2.67)","-1.71(-5.63,2.22)","-0.91(-5.30,3.34)","-1.46(-6.36,3.63)","0.5191","0.3957","0.6796","0.5706","1.0005","1.0022","1.0011","1.0026",3030,2406,2299,2068,3238,2687,2753,2961
"G20_G30_G12.2_F01_F03","2000_2005","2006_2010",5,"doe_zone_5_EQI+SM+PA+OB","0.00","4.27(0.00,8.67)","8.36(4.31,12.42)","11.87(7.91,15.86)","15.21(11.12,19.37)","0.0502","0.0002","0.0002","0.0002","1.0011","1.0004","1.0008","1.0018",2977,2683,2251,1930,3199,3385,3005,3034
"G20_G30_G12.2_F01_F03","2000_2005","2006_2010",5,"doe_zone_5_EQI_Air+SM+PA+OB","0.00","3.71(0.05,7.52)","5.59(1.74,9.25)","9.64(5.93,13.30)","8.24(4.24,12.18)","0.0452","0.0042","0.0002","0.0002","1.0013","1.0017","1.0019","1.0036",3134,2551,2240,1863,3058,2324,2748,2021
"G20_G30_G12.2_F01_F03","2000_2005","2006_2010",5,"doe_zone_5_EQI_Water+SM+PA+OB","0.00","-6.46(-11.00,-1.97)","0.37(-3.78,4.48)","1.68(-2.43,5.67)","2.66(-1.50,6.67)","0.0052","0.8590","0.4171","0.1932","1.0022","1.0022","1.0012","1.0046",2202,1939,2056,1787,2511,2206,2689,2153
"G20_G30_G12.2_F01_F03","2000_2005","2006_2010",5,"doe_zone_5_EQI_Land+SM+PA+OB","0.00","0.14(-5.05,5.25)","5.41(0.79,9.91)","6.63(2.15,11.15)","7.34(2.77,11.82)","0.9485","0.0177","0.0047","0.0007","1.0010","1.0025","1.0018","1.0014",2366,2151,2061,2046,2793,2734,2690,2287
"G20_G30_G12.2_F01_F03","2000_2005","2006_2010",5,"doe_zone_5_EQI_Built+SM+PA+OB","0.00","2.07(-1.54,5.61)","0.57(-2.95,4.16)","1.32(-2.12,4.78)","-0.64(-4.39,3.07)","0.2447","0.7561","0.4641","0.7381","1.0008","1.0010","1.0004","1.0007",2626,2522,2214,2334,2933,2962,2513,2899
"G20_G30_G12.2_F01_F03","2000_2005","2006_2010",5,"doe_zone_5_EQI_Social+SM+PA+OB","0.00","-0.41(-5.16,4.17)","-0.20(-4.47,3.92)","-0.04(-4.35,4.20)","3.08(-1.51,7.75)","0.8780","0.9205","0.9955","0.1897","1.0006","1.0005","1.0004","0.9999",2794,2210,1945,1898,3205,2361,2496,2387
"G20_G30_G12.2_F01_F03","2000_2005","2011_2015",10,"doe_zone_5_EQI+SM+PA+OB","0.00","6.26(1.55,10.93)","12.45(7.95,16.79)","15.00(10.72,19.24)","19.45(14.97,23.84)","0.0062","0.0002","0.0002","0.0002","1.0000","1.0001","1.0003","1.0001",2677,2459,2465,2349,2955,2568,3144,2942
"G20_G30_G12.2_F01_F03","2000_2005","2011_2015",10,"doe_zone_5_EQI_Air+SM+PA+OB","0.00","6.48(2.39,10.52)","10.15(6.19,14.19)","9.77(5.78,13.87)","10.27(6.04,14.44)","0.0037","0.0002","0.0002","0.0002","1.0018","1.0006","1.0017","1.0028",4104,3147,2830,2433,2969,3136,3138,3174
"G20_G30_G12.2_F01_F03","2000_2005","2011_2015",10,"doe_zone_5_EQI_Water+SM+PA+OB","0.00","-8.49(-13.12,-3.79)","-0.87(-5.07,3.39)","1.53(-2.94,5.71)","2.32(-1.96,6.59)","0.0012","0.6961","0.4926","0.3027","1.0006","1.0004","0.9999","1.0010",2854,2504,2394,2411,2916,2985,2972,3007
"G20_G30_G12.2_F01_F03","2000_2005","2011_2015",10,"doe_zone_5_EQI_Land+SM+PA+OB","0.00","0.61(-4.79,6.05)","6.20(1.39,11.03)","6.80(2.00,11.50)","7.93(3.22,12.52)","0.8390","0.0132","0.0042","0.0017","0.9998","1.0001","1.0010","1.0005",2936,2551,2142,2232,3031,3037,2880,2877
"G20_G30_G12.2_F01_F03","2000_2005","2011_2015",10,"doe_zone_5_EQI_Built+SM+PA+OB","0.00","4.40(0.70,7.95)","3.48(-0.29,7.27)","4.45(0.83,8.18)","2.39(-1.54,6.62)","0.0222","0.0707","0.0192","0.2362","1.0023","1.0018","1.0032","1.0037",3121,2741,2641,2513,3114,3041,2921,2899
"G20_G30_G12.2_F01_F03","2000_2005","2011_2015",10,"doe_zone_5_EQI_Social+SM+PA+OB","0.00","-0.76(-5.50,4.05)","-0.89(-5.28,3.53)","0.90(-3.54,5.33)","4.63(-0.09,9.46)","0.7601","0.6911","0.6926","0.0557","1.0003","1.0005","1.0006","1.0007",2661,2616,1982,2225,3166,2648,2461,2526
"G20_G30_G12.2_F01_F03","2000_2005","2016_2020",15,"doe_zone_5_EQI+SM+PA+OB","0.00","5.52(1.03,9.99)","11.23(6.90,15.54)","16.94(12.54,21.19)","20.81(16.24,25.15)","0.0192","0.0002","0.0002","0.0002","1.0008","1.0009","1.0022","1.0014",3161,2769,2257,1894,3011,3190,3067,2961
"G20_G30_G12.2_F01_F03","2000_2005","2016_2020",15,"doe_zone_5_EQI_Air+SM+PA+OB","0.00","5.19(1.07,9.31)","10.22(6.15,14.36)","10.79(6.99,14.77)","11.37(7.19,15.67)","0.0132","0.0002","0.0002","0.0002","1.0005","1.0012","1.0010","1.0001",4015,3339,2447,2246,3265,3097,2691,2900
"G20_G30_G12.2_F01_F03","2000_2005","2016_2020",15,"doe_zone_5_EQI_Water+SM+PA+OB","0.00","-9.08(-13.92,-4.38)","-0.65(-5.01,3.60)","0.82(-3.77,5.16)","2.38(-2.07,6.70)","0.0002","0.7696","0.7036","0.2807","1.0014","1.0019","1.0014","1.0023",2583,2086,2087,1923,2787,2857,2256,2751
"G20_G30_G12.2_F01_F03","2000_2005","2016_2020",15,"doe_zone_5_EQI_Land+SM+PA+OB","0.00","3.01(-2.13,8.26)","4.72(-0.08,9.41)","7.46(2.81,12.18)","7.10(2.44,11.91)","0.2557","0.0557","0.0012","0.0032","1.0000","1.0005","1.0008","1.0010",2642,2058,1979,1834,2955,2253,2545,2541
"G20_G30_G12.2_F01_F03","2000_2005","2016_2020",15,"doe_zone_5_EQI_Built+SM+PA+OB","0.00","4.81(1.01,8.59)","4.17(0.44,7.87)","4.81(1.17,8.47)","3.93(-0.15,7.89)","0.0137","0.0262","0.0077","0.0587","1.0022","0.9999","1.0011","1.0004",3118,2861,2488,2591,3619,2719,3316,2845
"G20_G30_G12.2_F01_F03","2000_2005","2016_2020",15,"doe_zone_5_EQI_Social+SM+PA+OB","0.00","-0.85(-5.70,3.88)","1.40(-2.99,5.91)","2.72(-1.77,7.21)","6.23(1.42,11.03)","0.7276","0.5376","0.2447","0.0097","1.0028","1.0018","1.0020","1.0022",3341,2471,2103,2108,2871,3126,2837,2781
"G20_G30_G12.2_F01_F03","2000_2005","2021_2024",20,"doe_zone_5_EQI+SM+PA+OB","0.00","4.59(-0.47,9.51)","9.84(5.12,14.40)","14.54(9.86,19.21)","14.46(9.73,19.29)","0.0742","0.0002","0.0002","0.0002","1.0014","1.0019","1.0005","1.0014",2589,2454,2091,2158,2915,2661,2792,2652
"G20_G30_G12.2_F01_F03","2000_2005","2021_2024",20,"doe_zone_5_EQI_Air+SM+PA+OB","0.00","4.79(0.46,9.31)","7.54(3.15,11.99)","7.94(3.54,12.35)","5.68(0.96,10.48)","0.0327","0.0007","0.0007","0.0187","1.0013","0.9996","1.0011","1.0006",3716,2946,2467,2389,3035,2756,2965,2836
"G20_G30_G12.2_F01_F03","2000_2005","2021_2024",20,"doe_zone_5_EQI_Water+SM+PA+OB","0.00","-8.03(-13.24,-2.74)","-0.86(-5.85,4.26)","1.99(-2.94,7.07)","0.21(-5.01,5.27)","0.0022","0.7301","0.4391","0.9510","1.0018","1.0012","1.0022","1.0005",2312,1937,2004,1893,2472,2729,2628,2721
"G20_G30_G12.2_F01_F03","2000_2005","2021_2024",20,"doe_zone_5_EQI_Land+SM+PA+OB","0.00","1.98(-3.64,7.42)","3.41(-1.56,8.30)","8.58(3.60,13.26)","7.34(2.41,12.11)","0.4786","0.1827","0.0002","0.0052","1.0009","1.0010","1.0016","1.0010",2473,2210,2120,2125,3137,2912,2528,2646
"G20_G30_G12.2_F01_F03","2000_2005","2021_2024",20,"doe_zone_5_EQI_Built+SM+PA+OB","0.00","6.11(2.18,10.03)","6.02(1.95,9.97)","5.67(1.74,9.52)","3.73(-0.69,8.09)","0.0027","0.0022","0.0047","0.1077","1.0002","1.0002","0.9998","1.0006",3500,3042,2691,2447,3411,3103,3342,3096
"G20_G30_G12.2_F01_F03","2000_2005","2021_2024",20,"doe_zone_5_EQI_Social+SM+PA+OB","0.00","2.62(-2.43,7.74)","1.46(-3.46,6.39)","3.72(-1.20,8.66)","3.07(-2.25,8.41)","0.3317","0.5521","0.1357","0.2447","1.0013","1.0028","1.0043","1.0039",3335,2273,2047,2005,3246,2951,2445,2343
"G20_G30_G12.2_F01_F03","2000_2005","2006_2010",5,"doe_zone_6_EQI+SM+PA+OB","0.00","4.11(-0.86,9.07)","5.28(0.39,10.25)","6.31(1.55,11.02)","11.86(6.74,17.09)","0.1112","0.0367","0.0137","0.0002","1.0003","1.0004","1.0009","1.0015",3614,2964,2489,2121,2952,3045,2744,2558
"G20_G30_G12.2_F01_F03","2000_2005","2006_2010",5,"doe_zone_6_EQI_Air+SM+PA+OB","0.00","2.20(-1.91,6.25)","4.08(-0.16,8.36)","7.66(2.93,12.57)","7.66(2.04,13.20)","0.2867","0.0622","0.0002","0.0102","1.0002","1.0005","1.0004","1.0005",3810,3854,3777,4779,3178,3496,2796,3240
"G20_G30_G12.2_F01_F03","2000_2005","2006_2010",5,"doe_zone_6_EQI_Water+SM+PA+OB","0.00","1.13(-3.73,5.90)","-1.44(-6.75,3.69)","1.91(-3.13,6.81)","4.41(-0.64,9.66)","0.6416","0.5756","0.4391","0.0927","1.0004","1.0000","1.0024","1.0007",4376,3918,3146,3281,3130,3223,2994,3138
"G20_G30_G12.2_F01_F03","2000_2005","2006_2010",5,"doe_zone_6_EQI_Land+SM+PA+OB","0.00","0.61(-4.96,6.43)","-2.02(-7.11,3.08)","-0.69(-5.97,4.39)","-0.01(-5.28,5.26)","0.8430","0.4436","0.7921","0.9980","1.0007","1.0007","1.0006","1.0003",4910,3357,2796,2803,2927,2701,3058,3065
"G20_G30_G12.2_F01_F03","2000_2005","2006_2010",5,"doe_zone_6_EQI_Built+SM+PA+OB","0.00","5.02(-0.06,10.20)","5.69(1.09,10.19)","4.97(0.29,9.60)","2.60(-1.98,7.22)","0.0532","0.0152","0.0392","0.2657","0.9996","0.9999","1.0015","0.9996",4196,3179,3098,2817,3292,3212,3054,3404
"G20_G30_G12.2_F01_F03","2000_2005","2006_2010",5,"doe_zone_6_EQI_Social+SM+PA+OB","0.00","-0.99(-6.10,4.40)","3.12(-1.67,7.84)","1.26(-3.62,6.14)","3.63(-1.75,9.14)","0.6966","0.1972","0.6221","0.1847","0.9997","1.0016","1.0001","0.9999",3492,3012,2621,2605,3395,3319,3191,2717
"G20_G30_G12.2_F01_F03","2000_2005","2011_2015",10,"doe_zone_6_EQI+SM+PA+OB","0.00","4.97(-0.04,10.01)","5.27(0.32,10.23)","6.15(1.27,10.98)","14.42(9.03,19.92)","0.0517","0.0377","0.0112","0.0002","1.0017","1.0001","1.0018","1.0012",3480,3301,2397,2137,3063,2787,2743,2315
"G20_G30_G12.2_F01_F03","2000_2005","2011_2015",10,"doe_zone_6_EQI_Air+SM+PA+OB","0.00","4.14(0.14,8.30)","6.35(2.08,10.80)","11.78(6.61,16.83)","9.49(3.61,15.13)","0.0427","0.0082","0.0002","0.0012","1.0004","1.0006","1.0017","1.0028",3825,3445,3588,4260,3219,3212,3375,3050
"G20_G30_G12.2_F01_F03","2000_2005","2011_2015",10,"doe_zone_6_EQI_Water+SM+PA+OB","0.00","3.13(-2.01,8.02)","-0.89(-6.15,4.39)","3.97(-1.02,9.16)","5.41(0.16,10.83)","0.2162","0.7511","0.1297","0.0442","1.0012","1.0006","1.0001","1.0004",3676,3311,2874,3019,3165,3159,3159,2796
"G20_G30_G12.2_F01_F03","2000_2005","2011_2015",10,"doe_zone_6_EQI_Land+SM+PA+OB","0.00","-0.50(-6.22,5.45)","-3.28(-8.69,2.03)","-2.04(-7.61,3.43)","0.69(-4.97,6.27)","0.8655","0.2362","0.4741","0.7911","1.0005","1.0008","1.0006","1.0017",4131,2835,2584,2624,2698,3250,3146,2863
"G20_G30_G12.2_F01_F03","2000_2005","2011_2015",10,"doe_zone_6_EQI_Built+SM+PA+OB","0.00","1.80(-3.54,7.03)","4.52(-0.12,9.12)","5.39(0.51,10.08)","2.26(-2.83,7.07)","0.4986","0.0582","0.0322","0.3432","1.0020","1.0017","1.0006","1.0009",4197,3280,3137,2870,2758,3330,3297,3180
"G20_G30_G12.2_F01_F03","2000_2005","2011_2015",10,"doe_zone_6_EQI_Social+SM+PA+OB","0.00","-1.37(-6.62,4.04)","4.89(-0.05,9.88)","3.19(-1.73,8.15)","7.75(2.03,13.38)","0.5866","0.0537","0.2187","0.0057","1.0006","1.0020","1.0004","1.0006",3374,3294,2801,2755,3098,3153,2921,3060
"G20_G30_G12.2_F01_F03","2000_2005","2016_2020",15,"doe_zone_6_EQI+SM+PA+OB","0.00","3.08(-1.95,8.05)","5.83(0.71,10.95)","5.03(0.04,9.83)","14.46(8.97,19.97)","0.2277","0.0312","0.0492","0.0002","1.0001","0.9998","1.0000","1.0003",3704,2926,2506,2150,2990,2907,2941,3021
"G20_G30_G12.2_F01_F03","2000_2005","2016_2020",15,"doe_zone_6_EQI_Air+SM+PA+OB","0.00","3.41(-0.83,7.43)","5.61(1.14,10.11)","13.93(8.77,18.72)","11.93(6.30,17.64)","0.1162","0.0192","0.0002","0.0002","1.0012","1.0004","1.0017","1.0001",3833,3472,3164,3871,3412,3229,2738,2980
"G20_G30_G12.2_F01_F03","2000_2005","2016_2020",15,"doe_zone_6_EQI_Water+SM+PA+OB","0.00","1.18(-3.85,6.30)","2.86(-2.53,8.40)","2.03(-2.96,7.05)","3.90(-1.62,9.48)","0.6371","0.2922","0.4361","0.1557","1.0015","1.0015","1.0025","1.0015",3565,3330,2726,3022,2492,3163,2451,3204
"G20_G30_G12.2_F01_F03","2000_2005","2016_2020",15,"doe_zone_6_EQI_Land+SM+PA+OB","0.00","-1.14(-6.92,4.61)","-1.10(-6.35,4.19)","-1.31(-6.55,3.89)","0.33(-5.00,5.69)","0.6896","0.6826","0.6326","0.8945","1.0007","1.0004","1.0011","1.0008",3966,2615,2661,2332,2988,3213,3175,3220
"G20_G30_G12.2_F01_F03","2000_2005","2016_2020",15,"doe_zone_6_EQI_Built+SM+PA+OB","0.00","1.78(-3.45,7.03)","5.69(1.00,10.40)","2.23(-2.42,7.07)","1.82(-3.00,6.81)","0.4951","0.0172","0.3652","0.4601","1.0017","1.0011","1.0004","1.0005",4087,3043,3269,2944,2982,2829,3079,3187
"G20_G30_G12.2_F01_F03","2000_2005","2016_2020",15,"doe_zone_6_EQI_Social+SM+PA+OB","0.00","1.64(-3.69,6.93)","5.63(0.64,10.56)","3.53(-1.59,8.68)","8.70(3.14,14.20)","0.5466","0.0262","0.1702","0.0022","1.0019","1.0007","1.0017","1.0022",4158,3156,2697,2518,2825,2984,2946,2844
"G20_G30_G12.2_F01_F03","2000_2005","2021_2024",20,"doe_zone_6_EQI+SM+PA+OB","0.00","4.35(-1.21,10.01)","6.51(1.05,11.98)","6.01(0.72,11.33)","12.58(6.87,18.37)","0.1322","0.0147","0.0267","0.0002","1.0006","1.0000","1.0006","1.0005",4312,3686,2962,2591,2984,2967,2828,3045
"G20_G30_G12.2_F01_F03","2000_2005","2021_2024",20,"doe_zone_6_EQI_Air+SM+PA+OB","0.00","3.39(-1.22,8.05)","7.06(2.16,12.09)","10.82(5.30,16.34)","8.92(2.80,14.81)","0.1452","0.0057","0.0002","0.0032","0.9994","1.0011","0.9998","1.0005",5031,4415,4403,4906,3361,3494,3242,3062
"G20_G30_G12.2_F01_F03","2000_2005","2021_2024",20,"doe_zone_6_EQI_Water+SM+PA+OB","0.00","0.87(-4.47,5.98)","0.98(-4.71,6.77)","3.12(-2.28,8.41)","3.24(-2.27,8.74)","0.7371","0.7306","0.2407","0.2642","1.0008","1.0000","1.0033","1.0016",3865,3684,3012,3078,2724,3359,3247,3152
"G20_G30_G12.2_F01_F03","2000_2005","2021_2024",20,"doe_zone_6_EQI_Land+SM+PA+OB","0.00","-1.87(-8.20,4.40)","0.31(-5.39,5.98)","0.65(-4.90,6.43)","0.12(-5.39,5.85)","0.5636","0.9095","0.8385","0.9750","1.0020","1.0008","1.0022","1.0018",5378,3901,3172,3321,2838,3339,2847,3343
"G20_G30_G12.2_F01_F03","2000_2005","2021_2024",20,"doe_zone_6_EQI_Built+SM+PA+OB","0.00","2.08(-3.42,7.66)","4.68(-0.52,9.68)","5.75(0.54,11.16)","0.96(-4.29,6.12)","0.4886","0.0772","0.0302","0.7026","1.0012","0.9996","1.0020","1.0009",4607,3494,3684,3074,3086,3058,2831,2888
"G20_G30_G12.2_F01_F03","2000_2005","2021_2024",20,"doe_zone_6_EQI_Social+SM+PA+OB","0.00","2.51(-2.88,7.93)","4.30(-0.78,9.39)","2.86(-2.48,8.10)","6.83(1.04,12.50)","0.3757","0.1037","0.2877","0.0197","1.0009","1.0005","1.0008","1.0003",4062,3590,2983,2929,3087,3188,3321,3180
"G20_G30_G12.2_F01_F03","2000_2005","2006_2010",5,"doe_zone_7_EQI+SM+PA+OB","0.00","5.04(-2.87,12.78)","-0.36(-7.53,6.90)","7.30(-0.38,14.94)","0.61(-8.20,9.65)","0.1917","0.9375","0.0587","0.9170","1.0027","1.0005","1.0010","1.0000",2928,3173,2540,3375,2656,2765,2962,2726
"G20_G30_G12.2_F01_F03","2000_2005","2006_2010",5,"doe_zone_7_EQI_Air+SM+PA+OB","0.00","1.67(-5.33,8.69)","2.94(-5.49,11.48)","3.47(-4.77,12.13)","-0.01(-9.95,9.58)","0.6536","0.4956","0.4451","0.9965","0.9999","1.0044","1.0002","0.9996",3649,5183,6019,5545,3214,2575,3250,2891
"G20_G30_G12.2_F01_F03","2000_2005","2006_2010",5,"doe_zone_7_EQI_Water+SM+PA+OB","0.00","-2.46(-9.32,4.83)","2.09(-5.66,9.83)","2.87(-5.25,10.96)","0.90(-7.53,9.11)","0.4881","0.6076","0.4746","0.8245","1.0013","1.0009","1.0006","1.0000",3793,4771,4822,3656,2749,3048,3147,2918
"G20_G30_G12.2_F01_F03","2000_2005","2006_2010",5,"doe_zone_7_EQI_Land+SM+PA+OB","0.00","1.30(-6.98,9.35)","3.29(-4.23,10.56)","2.61(-5.01,10.03)","-0.83(-8.70,6.91)","0.7526","0.3832","0.4816","0.8515","1.0031","1.0008","1.0012","1.0009",4814,5411,5245,3667,3268,3326,2983,3220
"G20_G30_G12.2_F01_F03","2000_2005","2006_2010",5,"doe_zone_7_EQI_Built+SM+PA+OB","0.00","-2.37(-10.36,5.64)","2.80(-4.94,10.64)","5.02(-2.20,12.44)","2.83(-4.66,10.08)","0.5676","0.4866","0.1747","0.4426","1.0011","1.0019","1.0013","1.0003",5244,5456,5045,5412,3081,2994,3504,3135
"G20_G30_G12.2_F01_F03","2000_2005","2006_2010",5,"doe_zone_7_EQI_Social+SM+PA+OB","0.00","-0.94(-8.29,6.63)","2.43(-4.77,9.50)","2.94(-4.72,10.70)","3.20(-5.61,12.09)","0.8080","0.5031","0.4811","0.4846","0.9996","1.0001","1.0008","1.0009",4584,4997,4033,5402,3062,3386,2797,3157
"G20_G30_G12.2_F01_F03","2000_2005","2011_2015",10,"doe_zone_7_EQI+SM+PA+OB","0.00","1.18(-6.71,9.09)","-0.09(-7.49,6.95)","6.45(-1.40,14.08)","0.41(-8.60,9.36)","0.7586","0.9805","0.0957","0.9300","1.0041","1.0004","1.0013","1.0020",4748,3926,3358,3813,2868,2989,2427,2755
"G20_G30_G12.2_F01_F03","2000_2005","2011_2015",10,"doe_zone_7_EQI_Air+SM+PA+OB","0.00","4.45(-2.49,11.40)","4.18(-4.03,12.35)","4.51(-4.29,13.46)","-0.03(-9.90,9.70)","0.1952","0.3072","0.2932","0.9900","1.0002","1.0018","1.0006","1.0016",3937,5589,6463,7064,2986,3301,2623,3049
"G20_G30_G12.2_F01_F03","2000_2005","2011_2015",10,"doe_zone_7_EQI_Water+SM+PA+OB","0.00","-6.30(-13.32,0.67)","4.60(-3.32,12.41)","1.54(-6.46,9.22)","-1.33(-9.48,7.00)","0.0782","0.2542","0.6876","0.7556","1.0004","1.0005","0.9996","1.0009",4893,4925,4579,3636,2401,3132,3329,2846
"G20_G30_G12.2_F01_F03","2000_2005","2011_2015",10,"doe_zone_7_EQI_Land+SM+PA+OB","0.00","1.81(-6.34,9.94)","3.86(-3.51,10.91)","-0.10(-7.68,7.28)","-0.51(-8.36,7.25)","0.6631","0.3002","0.9780","0.9050","1.0006","0.9997","1.0009","1.0011",5117,4493,4157,4157,3061,2792,3217,2616
"G20_G30_G12.2_F01_F03","2000_2005","2011_2015",10,"doe_zone_7_EQI_Built+SM+PA+OB","0.00","-1.71(-10.05,6.40)","1.30(-6.16,8.76)","6.69(-0.92,14.01)","1.18(-5.95,8.43)","0.6786","0.7406","0.0787","0.7396","1.0013","1.0001","1.0004","1.0005",5317,6924,6106,3921,2930,3062,3154,3175
"G20_G30_G12.2_F01_F03","2000_2005","2011_2015",10,"doe_zone_7_EQI_Social+SM+PA+OB","0.00","-4.49(-11.81,2.88)","2.60(-3.86,9.43)","5.40(-2.26,12.97)","4.48(-4.04,12.67)","0.2232","0.4526","0.1767","0.2862","1.0003","1.0006","1.0008","1.0007",5423,5060,4160,5803,2850,3105,3131,3011
"G20_G30_G12.2_F01_F03","2000_2005","2016_2020",15,"doe_zone_7_EQI+SM+PA+OB","0.00","3.06(-4.61,10.91)","-2.11(-9.43,5.33)","8.46(0.65,16.05)","1.04(-7.93,9.94)","0.4386","0.5691","0.0322","0.8150","1.0008","1.0001","1.0016","1.0000",3986,2868,2719,3810,2987,2991,3021,2902
"G20_G30_G12.2_F01_F03","2000_2005","2016_2020",15,"doe_zone_7_EQI_Air+SM+PA+OB","0.00","4.19(-3.19,11.31)","6.53(-1.97,14.99)","5.49(-3.56,14.29)","0.03(-9.75,9.51)","0.2677","0.1312","0.2397","0.9980","1.0014","1.0000","1.0073","1.0025",6793,6653,6998,6027,3136,2803,2943,3069
"G20_G30_G12.2_F01_F03","2000_2005","2016_2020",15,"doe_zone_7_EQI_Water+SM+PA+OB","0.00","-2.83(-9.89,4.13)","2.05(-6.09,10.09)","-0.62(-8.40,7.07)","0.18(-8.16,8.38)","0.4441","0.6161","0.8770","0.9745","1.0006","1.0005","1.0004","1.0009",5325,6227,5872,5657,2836,3035,2480,2639
"G20_G30_G12.2_F01_F03","2000_2005","2016_2020",15,"doe_zone_7_EQI_Land+SM+PA+OB","0.00","4.15(-3.99,12.48)","6.69(-0.93,14.43)","-0.72(-8.21,6.87)","-0.36(-8.05,7.13)","0.3157","0.0857","0.8560","0.9235","1.0004","1.0007","1.0019","1.0015",6069,5402,6913,6585,2964,3244,2941,2853
"G20_G30_G12.2_F01_F03","2000_2005","2016_2020",15,"doe_zone_7_EQI_Built+SM+PA+OB","0.00","-0.28(-8.98,8.27)","3.34(-5.02,11.29)","5.27(-2.03,12.81)","1.40(-6.24,8.86)","0.9575","0.4006","0.1722","0.7146","1.0003","1.0026","0.9998","1.0011",7365,6136,6455,4832,3038,3117,3359,3001
"G20_G30_G12.2_F01_F03","2000_2005","2016_2020",15,"doe_zone_7_EQI_Social+SM+PA+OB","0.00","-4.25(-11.66,2.94)","5.14(-1.89,12.25)","6.20(-1.56,13.94)","3.49(-5.17,12.29)","0.2652","0.1527","0.1187","0.4306","1.0001","1.0009","1.0002","1.0000",5820,6190,5511,4767,3119,2787,3216,3006
"G20_G30_G12.2_F01_F03","2000_2005","2021_2024",20,"doe_zone_7_EQI+SM+PA+OB","0.00","0.42(-7.50,8.60)","0.62(-6.89,8.02)","6.89(-1.16,14.74)","1.51(-7.37,10.64)","0.9090","0.8585","0.0942","0.7491","1.0004","1.0013","1.0011","0.9999",3943,4127,3369,3736,2834,3091,2916,3149
"G20_G30_G12.2_F01_F03","2000_2005","2021_2024",20,"doe_zone_7_EQI_Air+SM+PA+OB","0.00","5.21(-2.22,12.56)","5.15(-3.53,13.59)","5.14(-3.86,14.33)","-0.02(-9.96,9.78)","0.1757","0.2327","0.2572","0.9970","1.0002","1.0009","1.0022","1.0001",5344,5262,6000,5426,2729,2892,2546,2876
"G20_G30_G12.2_F01_F03","2000_2005","2021_2024",20,"doe_zone_7_EQI_Water+SM+PA+OB","0.00","-4.81(-12.00,2.62)","1.19(-6.87,9.04)","-0.31(-8.12,7.56)","2.54(-5.84,10.89)","0.1917","0.7596","0.9420","0.5426","1.0018","1.0016","1.0002","1.0001",5176,5641,4912,4536,3391,3141,3134,2764
"G20_G30_G12.2_F01_F03","2000_2005","2021_2024",20,"doe_zone_7_EQI_Land+SM+PA+OB","0.00","2.93(-4.79,11.03)","4.87(-2.78,12.70)","-0.43(-7.81,7.35)","0.24(-7.64,8.44)","0.4781","0.2087","0.9075","0.9570","1.0028","1.0008","1.0000","1.0010",5206,4519,4576,4160,3124,3164,2586,3088
"G20_G30_G12.2_F01_F03","2000_2005","2021_2024",20,"doe_zone_7_EQI_Built+SM+PA+OB","0.00","-0.19(-8.62,8.52)","5.05(-2.86,12.93)","2.86(-5.15,10.89)","-1.53(-8.74,6.02)","0.9670","0.2192","0.4811","0.6891","1.0025","1.0006","1.0030","1.0015",5576,5219,5027,4707,2820,3115,3071,3246
"G20_G30_G12.2_F01_F03","2000_2005","2021_2024",20,"doe_zone_7_EQI_Social+SM+PA+OB","0.00","-4.85(-12.59,2.90)","2.17(-5.33,9.47)","3.98(-4.16,12.07)","4.27(-4.44,13.41)","0.2167","0.5471","0.3337","0.3537","1.0017","1.0006","1.0001","1.0012",5010,4101,4605,4140,2693,2675,2758,2445
"G20_G30_G12.2_F01_F03","2000_2005","2006_2010",5,"Economic_type_1_EQI+SM+PA+OB","0.00","7.29(2.63,11.70)","6.85(1.48,12.25)","7.51(0.55,14.25)","4.70(-4.48,13.95)","0.0002","0.0127","0.0332","0.3152","1.0001","1.0003","1.0002","1.0007",4257,4182,4398,5595,3014,2766,2962,2384
"G20_G30_G12.2_F01_F03","2000_2005","2006_2010",5,"Economic_type_1_EQI_Air+SM+PA+OB","0.00","2.81(-2.35,7.90)","6.52(-0.17,13.20)","1.38(-6.43,9.23)","-0.10(-9.78,9.68)","0.2827","0.0567","0.7251","0.9815","1.0018","1.0000","0.9999","1.0007",7551,7419,9820,10458,3249,2899,2435,2528
"G20_G30_G12.2_F01_F03","2000_2005","2006_2010",5,"Economic_type_1_EQI_Water+SM+PA+OB","0.00","0.18(-4.67,5.08)","3.71(-1.62,9.42)","4.47(-0.92,9.92)","2.53(-3.82,8.64)","0.9530","0.1797","0.1147","0.4236","0.9997","1.0006","1.0005","1.0013",6019,5745,6480,6503,3000,3221,3646,2869
"G20_G30_G12.2_F01_F03","2000_2005","2006_2010",5,"Economic_type_1_EQI_Land+SM+PA+OB","0.00","0.06(-6.34,6.31)","2.39(-3.07,8.10)","2.63(-2.90,8.17)","5.02(-0.46,10.61)","0.9915","0.4106","0.3552","0.0707","1.0021","1.0011","0.9997","1.0009",6256,6370,5565,4423,2985,3608,3550,3144
"G20_G30_G12.2_F01_F03","2000_2005","2006_2010",5,"Economic_type_1_EQI_Built+SM+PA+OB","0.00","2.87(-1.83,7.48)","3.36(-1.78,8.74)","0.75(-5.20,6.46)","-2.43(-10.22,5.29)","0.2467","0.2057","0.8180","0.5606","1.0010","1.0012","1.0008","1.0009",7580,6681,9384,7712,3325,3269,3270,2763
"G20_G30_G12.2_F01_F03","2000_2005","2006_2010",5,"Economic_type_1_EQI_Social+SM+PA+OB","0.00","0.56(-4.41,5.78)","3.43(-2.09,8.93)","3.94(-1.93,9.74)","8.95(1.88,15.93)","0.8220","0.2332","0.1847","0.0132","0.9998","1.0006","1.0010","1.0018",6530,5845,6186,6869,3406,3448,3562,3295
"G20_G30_G12.2_F01_F03","2000_2005","2011_2015",10,"Economic_type_1_EQI+SM+PA+OB","0.00","8.02(3.17,12.93)","10.39(4.17,16.57)","7.78(0.43,15.22)","2.93(-6.22,12.17)","0.0012","0.0022","0.0357","0.5311","1.0025","1.0002","1.0006","1.0016",5913,5972,6592,6522,3060,2476,3341,2634
"G20_G30_G12.2_F01_F03","2000_2005","2011_2015",10,"Economic_type_1_EQI_Air+SM+PA+OB","0.00","5.03(-0.81,10.54)","7.62(0.54,14.54)","3.96(-4.05,12.20)","-0.06(-9.86,9.74)","0.0847","0.0357","0.3437","0.9830","1.0005","1.0027","0.9996","1.0016",7977,7542,7662,7924,3076,2976,3373,2379
"G20_G30_G12.2_F01_F03","2000_2005","2011_2015",10,"Economic_type_1_EQI_Water+SM+PA+OB","0.00","-1.83(-7.08,3.28)","3.29(-2.82,9.59)","5.77(-0.41,11.55)","3.00(-3.59,9.66)","0.4851","0.2982","0.0657","0.3702","1.0008","0.9998","1.0003","0.9998",5559,4955,5536,6105,3580,3296,3541,3361
"G20_G30_G12.2_F01_F03","2000_2005","2011_2015",10,"Economic_type_1_EQI_Land+SM+PA+OB","0.00","-1.96(-8.29,4.50)","-1.25(-6.99,4.48)","2.07(-3.74,8.10)","7.18(0.97,13.20)","0.5411","0.6601","0.5026","0.0222","1.0010","1.0019","1.0003","1.0000",6395,5839,4331,3975,2943,3293,3389,3461
"G20_G30_G12.2_F01_F03","2000_2005","2011_2015",10,"Economic_type_1_EQI_Built+SM+PA+OB","0.00","3.98(-1.05,9.13)","4.29(-1.39,9.99)","0.76(-5.27,7.06)","-2.58(-10.21,5.17)","0.1212","0.1307","0.8195","0.5176","1.0012","0.9995","1.0022","1.0004",7298,5724,7291,8458,2827,2789,3161,2760
"G20_G30_G12.2_F01_F03","2000_2005","2011_2015",10,"Economic_type_1_EQI_Social+SM+PA+OB","0.00","-3.03(-8.48,2.51)","1.33(-4.54,6.86)","7.46(1.44,13.66)","7.88(0.51,15.24)","0.2842","0.6521","0.0157","0.0337","1.0029","0.9997","1.0020","1.0005",6224,5388,5138,6896,3483,3476,3330,3236
"G20_G30_G12.2_F01_F03","2000_2005","2016_2020",15,"Economic_type_1_EQI+SM+PA+OB","0.00","8.13(3.11,13.25)","9.86(3.78,15.73)","7.88(0.52,15.03)","1.82(-7.61,10.85)","0.0007","0.0022","0.0357","0.6956","1.0031","1.0012","1.0000","1.0003",5680,5648,6374,6342,3219,2419,2729,2755
"G20_G30_G12.2_F01_F03","2000_2005","2016_2020",15,"Economic_type_1_EQI_Air+SM+PA+OB","0.00","5.59(0.23,11.10)","9.30(2.38,16.22)","1.85(-6.28,9.95)","-0.03(-9.66,9.59)","0.0412","0.0092","0.6756","0.9915","1.0013","1.0007","1.0021","1.0012",5361,6556,6354,8167,3016,3003,2612,2791
"G20_G30_G12.2_F01_F03","2000_2005","2016_2020",15,"Economic_type_1_EQI_Water+SM+PA+OB","0.00","-0.63(-6.25,4.90)","3.26(-3.03,9.44)","4.34(-1.49,10.04)","3.61(-2.91,10.43)","0.8295","0.2892","0.1442","0.3012","1.0015","1.0005","1.0004","1.0001",4071,4597,5073,5508,3268,3197,3294,3210
"G20_G30_G12.2_F01_F03","2000_2005","2016_2020",15,"Economic_type_1_EQI_Land+SM+PA+OB","0.00","2.71(-4.00,9.32)","-1.07(-6.81,4.74)","1.22(-4.58,7.25)","4.10(-2.01,10.13)","0.4241","0.7101","0.7011","0.1937","1.0001","1.0002","0.9997","1.0004",5028,5938,4542,4079,3019,3320,3223,3540
"G20_G30_G12.2_F01_F03","2000_2005","2016_2020",15,"Economic_type_1_EQI_Built+SM+PA+OB","0.00","5.58(0.51,10.61)","5.94(0.38,11.45)","-0.75(-7.21,5.39)","-1.31(-9.19,6.58)","0.0332","0.0332","0.8110","0.7386","1.0012","1.0000","1.0005","1.0017",7408,6011,7156,10284,3175,3651,2731,2684
"G20_G30_G12.2_F01_F03","2000_2005","2016_2020",15,"Economic_type_1_EQI_Social+SM+PA+OB","0.00","-0.84(-6.24,4.66)","4.28(-1.36,10.17)","7.97(1.87,14.08)","8.08(0.91,15.35)","0.7646","0.1542","0.0102","0.0282","1.0006","1.0004","1.0015","1.0007",6414,5853,6307,6474,3137,3479,3102,3362
"G20_G30_G12.2_F01_F03","2000_2005","2021_2024",20,"Economic_type_1_EQI+SM+PA+OB","0.00","8.08(2.70,13.21)","9.64(3.06,16.26)","6.69(-0.81,14.35)","1.39(-7.69,10.68)","0.0052","0.0047","0.0857","0.7551","1.0000","0.9997","1.0018","1.0013",4160,4765,4571,5354,2918,2979,3026,2938
"G20_G30_G12.2_F01_F03","2000_2005","2021_2024",20,"Economic_type_1_EQI_Air+SM+PA+OB","0.00","3.13(-2.70,8.88)","5.19(-2.48,12.65)","-0.54(-9.01,7.49)","-0.01(-9.66,9.94)","0.2912","0.1722","0.9025","0.9975","0.9997","1.0029","1.0012","1.0024",6972,7480,7525,8127,3452,2765,2849,2581
"G20_G30_G12.2_F01_F03","2000_2005","2021_2024",20,"Economic_type_1_EQI_Water+SM+PA+OB","0.00","-2.98(-8.64,3.02)","1.98(-4.33,8.34)","5.30(-0.93,11.51)","3.10(-3.69,10.29)","0.3037","0.5371","0.0997","0.3847","1.0002","1.0021","1.0013","1.0012",7281,7751,7925,8240,3099,3346,3230,2884
"G20_G30_G12.2_F01_F03","2000_2005","2021_2024",20,"Economic_type_1_EQI_Land+SM+PA+OB","0.00","1.32(-5.29,7.91)","1.46(-4.99,7.67)","4.83(-1.61,11.38)","4.29(-1.99,10.60)","0.6841","0.6571","0.1272","0.1777","1.0029","0.9999","1.0000","1.0006",7322,6732,5828,5915,2903,2670,2848,3116
"G20_G30_G12.2_F01_F03","2000_2005","2021_2024",20,"Economic_type_1_EQI_Built+SM+PA+OB","0.00","6.57(1.08,12.20)","4.51(-1.65,10.91)","-0.07(-6.83,6.71)","-0.49(-8.67,7.75)","0.0207","0.1542","0.9845","0.9060","1.0008","1.0002","0.9998","1.0013",7226,7075,7841,8797,3300,2709,3159,3041
"G20_G30_G12.2_F01_F03","2000_2005","2021_2024",20,"Economic_type_1_EQI_Social+SM+PA+OB","0.00","1.21(-4.72,6.88)","1.70(-4.50,8.06)","4.96(-1.39,11.35)","10.09(2.47,17.73)","0.6801","0.5976","0.1382","0.0122","1.0007","1.0008","1.0017","0.9995",6822,6697,6181,7215,3055,3337,3586,3175
"G20_G30_G12.2_F01_F03","2000_2005","2006_2010",5,"Economic_type_2_EQI+SM+PA+OB","0.00","2.55(-3.83,8.72)","1.65(-5.42,8.54)","4.38(-3.63,12.11)","-1.91(-11.00,7.33)","0.4021","0.6216","0.2737","0.7031","0.9999","1.0006","1.0017","0.9998",4353,5014,4665,5251,3105,3071,3062,2860
"G20_G30_G12.2_F01_F03","2000_2005","2006_2010",5,"Economic_type_2_EQI_Air+SM+PA+OB","0.00","1.35(-5.16,7.80)","-1.55(-8.36,5.64)","6.98(-0.39,14.37)","3.16(-5.61,12.00)","0.7056","0.6566","0.0657","0.4761","1.0030","1.0007","1.0004","1.0018",4926,4032,5060,5662,3331,2948,2987,3280
"G20_G30_G12.2_F01_F03","2000_2005","2006_2010",5,"Economic_type_2_EQI_Water+SM+PA+OB","0.00","0.90(-5.92,7.84)","-3.50(-11.49,4.54)","3.13(-3.72,10.32)","2.67(-3.85,9.64)","0.8065","0.3907","0.3967","0.4346","0.9998","0.9997","0.9993","1.0008",4537,4770,4901,4224,3134,3275,2953,2917
"G20_G30_G12.2_F01_F03","2000_2005","2006_2010",5,"Economic_type_2_EQI_Land+SM+PA+OB","0.00","4.88(-1.77,11.63)","0.41(-6.52,7.23)","-2.09(-9.51,5.02)","-0.47(-8.93,8.19)","0.1632","0.8925","0.5991","0.9070","1.0005","1.0015","1.0006","0.9997",4029,3964,4457,4895,3044,3174,3109,2944
"G20_G30_G12.2_F01_F03","2000_2005","2006_2010",5,"Economic_type_2_EQI_Built+SM+PA+OB","0.00","-2.10(-9.07,4.64)","-0.80(-7.43,5.65)","3.70(-3.22,10.69)","0.55(-6.78,7.78)","0.5191","0.8330","0.3117","0.9055","1.0005","1.0011","1.0002","1.0004",4450,4718,4660,4174,3109,2972,2959,3209
"G20_G30_G12.2_F01_F03","2000_2005","2006_2010",5,"Economic_type_2_EQI_Social+SM+PA+OB","0.00","2.13(-4.34,8.77)","-5.60(-12.90,1.86)","-0.72(-8.89,7.31)","-1.49(-10.40,7.62)","0.5271","0.1422","0.8680","0.7556","0.9998","0.9998","1.0004","1.0010",4601,4272,4344,5261,3060,3110,3205,3136
"G20_G30_G12.2_F01_F03","2000_2005","2011_2015",10,"Economic_type_2_EQI+SM+PA+OB","0.00","3.86(-2.49,10.25)","6.23(-0.67,13.29)","5.69(-2.21,13.51)","1.91(-7.20,11.10)","0.2497","0.0867","0.1557","0.6786","1.0004","1.0019","1.0011","1.0018",6718,5618,6012,7716,3326,3344,2948,3126
"G20_G30_G12.2_F01_F03","2000_2005","2011_2015",10,"Economic_type_2_EQI_Air+SM+PA+OB","0.00","0.02(-7.20,7.23)","4.92(-2.31,12.02)","6.97(-0.49,14.41)","3.53(-5.68,12.81)","0.9900","0.1727","0.0677","0.4516","1.0002","0.9997","0.9998","1.0014",5138,4145,4413,5777,2912,3330,3319,2474
"G20_G30_G12.2_F01_F03","2000_2005","2011_2015",10,"Economic_type_2_EQI_Water+SM+PA+OB","0.00","0.65(-6.51,7.85)","0.49(-7.16,8.49)","1.56(-5.55,8.86)","1.12(-6.07,8.38)","0.8715","0.9035","0.6881","0.7531","1.0016","1.0006","1.0012","1.0004",4759,4395,4204,4375,3426,2373,2806,3190
"G20_G30_G12.2_F01_F03","2000_2005","2011_2015",10,"Economic_type_2_EQI_Land+SM+PA+OB","0.00","3.41(-3.60,10.35)","2.44(-4.73,9.58)","-2.39(-10.27,5.39)","-1.09(-9.32,7.04)","0.3332","0.5036","0.5601","0.8115","1.0002","1.0014","1.0007","1.0006",4521,5126,4356,4953,3205,3194,3038,2796
"G20_G30_G12.2_F01_F03","2000_2005","2011_2015",10,"Economic_type_2_EQI_Built+SM+PA+OB","0.00","-1.07(-8.32,6.19)","1.79(-5.12,8.83)","2.86(-4.37,10.07)","4.67(-3.25,12.36)","0.7596","0.6121","0.4476","0.2457","1.0016","1.0002","1.0003","1.0002",5043,4659,5688,4237,3045,3416,2999,2984
"G20_G30_G12.2_F01_F03","2000_2005","2011_2015",10,"Economic_type_2_EQI_Social+SM+PA+OB","0.00","2.89(-4.12,9.77)","-0.09(-8.04,7.48)","1.24(-7.08,9.45)","1.69(-7.72,10.86)","0.4056","0.9890","0.7651","0.7106","1.0017","0.9998","1.0011","1.0015",4744,4958,4848,5053,3236,2953,3161,2755
"G20_G30_G12.2_F01_F03","2000_2005","2016_2020",15,"Economic_type_2_EQI+SM+PA+OB","0.00","5.81(-0.14,11.82)","5.16(-1.68,11.94)","7.79(-0.03,15.54)","3.69(-5.26,12.47)","0.0557","0.1407","0.0512","0.4061","1.0017","0.9999","1.0019","1.0001",5719,5197,5385,5452,3071,3249,3174,2897
"G20_G30_G12.2_F01_F03","2000_2005","2016_2020",15,"Economic_type_2_EQI_Air+SM+PA+OB","0.00","3.62(-2.84,10.16)","7.30(0.60,14.11)","7.53(0.55,14.63)","4.97(-3.99,13.67)","0.2597","0.0332","0.0367","0.2857","1.0000","1.0005","1.0008","0.9997",4897,3754,4893,6391,2774,2914,3056,3451
"G20_G30_G12.2_F01_F03","2000_2005","2016_2020",15,"Economic_type_2_EQI_Water+SM+PA+OB","0.00","2.04(-4.88,9.03)","1.46(-5.88,8.86)","1.36(-5.52,8.11)","2.18(-4.87,9.10)","0.5566","0.6941","0.6871","0.5296","1.0005","1.0013","1.0005","1.0003",4491,4665,4729,3753,3064,3365,3450,3341
"G20_G30_G12.2_F01_F03","2000_2005","2016_2020",15,"Economic_type_2_EQI_Land+SM+PA+OB","0.00","2.75(-3.94,9.11)","1.00(-5.59,7.72)","-1.18(-8.61,6.24)","-2.35(-10.67,5.90)","0.4121","0.7641","0.7466","0.5721","1.0007","1.0001","1.0005","1.0007",4499,4610,4712,3716,2545,2881,2991,3007
"G20_G30_G12.2_F01_F03","2000_2005","2016_2020",15,"Economic_type_2_EQI_Built+SM+PA+OB","0.00","-0.85(-7.75,5.80)","2.65(-4.04,9.16)","4.98(-2.10,11.95)","5.35(-2.04,12.81)","0.8270","0.4346","0.1652","0.1602","1.0007","1.0001","1.0000","1.0003",4408,4176,4904,4018,3024,2812,2909,3119
"G20_G30_G12.2_F01_F03","2000_2005","2016_2020",15,"Economic_type_2_EQI_Social+SM+PA+OB","0.00","0.30(-5.96,6.55)","0.22(-6.76,7.31)","2.39(-5.57,10.50)","0.60(-8.19,9.47)","0.9270","0.9505","0.5461","0.9075","1.0000","1.0006","1.0003","1.0000",4600,3976,4706,5457,3117,3152,2844,3487
"G20_G30_G12.2_F01_F03","2000_2005","2021_2024",20,"Economic_type_2_EQI+SM+PA+OB","0.00","4.43(-2.28,11.02)","4.88(-2.20,11.68)","6.96(-1.36,15.34)","2.86(-6.18,11.93)","0.1817","0.1877","0.1067","0.5376","1.0005","1.0018","1.0004","1.0033",5838,5331,5469,6491,3001,3368,3192,2704
"G20_G30_G12.2_F01_F03","2000_2005","2021_2024",20,"Economic_type_2_EQI_Air+SM+PA+OB","0.00","6.16(-0.95,13.62)","5.31(-2.28,12.89)","7.26(-0.74,14.94)","4.91(-4.54,14.09)","0.0972","0.1687","0.0732","0.3007","1.0000","1.0024","1.0007","1.0008",5132,4763,4337,4675,2474,2988,2520,2982
"G20_G30_G12.2_F01_F03","2000_2005","2021_2024",20,"Economic_type_2_EQI_Water+SM+PA+OB","0.00","1.53(-5.54,8.76)","1.19(-6.45,8.98)","0.59(-6.77,7.59)","1.62(-5.55,8.90)","0.6856","0.7766","0.8675","0.6591","0.9999","1.0010","1.0015","1.0008",5292,4986,3609,4093,3098,3065,2803,3023
"G20_G30_G12.2_F01_F03","2000_2005","2021_2024",20,"Economic_type_2_EQI_Land+SM+PA+OB","0.00","4.60(-2.59,11.57)","3.03(-3.97,10.05)","-1.63(-9.30,6.05)","-0.94(-9.46,7.46)","0.1977","0.4096","0.6801","0.8465","1.0006","1.0031","1.0000","0.9994",4669,3697,4739,4086,3349,2982,2704,2905
"G20_G30_G12.2_F01_F03","2000_2005","2021_2024",20,"Economic_type_2_EQI_Built+SM+PA+OB","0.00","0.15(-6.85,7.09)","3.14(-4.21,10.41)","3.85(-3.56,11.04)","4.21(-3.86,11.99)","0.9735","0.3942","0.3087","0.2997","1.0006","1.0007","1.0000","1.0012",4785,4519,4852,4448,2898,2667,2888,3133
"G20_G30_G12.2_F01_F03","2000_2005","2021_2024",20,"Economic_type_2_EQI_Social+SM+PA+OB","0.00","0.51(-6.71,7.69)","-1.01(-8.79,6.68)","2.29(-6.17,11.02)","0.81(-8.57,10.21)","0.8770","0.8020","0.5986","0.8695","1.0005","1.0023","0.9998","1.0014",5232,4046,4688,4247,3012,3154,3060,2705
"G20_G30_G12.2_F01_F03","2000_2005","2006_2010",5,"Economic_type_3_EQI+SM+PA+OB","0.00","2.06(-1.42,5.51)","3.19(-0.25,6.65)","3.85(0.11,7.61)","7.82(3.53,12.13)","0.2412","0.0682","0.0417","0.0002","1.0015","1.0019","1.0026","1.0036",2455,2025,1725,1607,2809,2360,2077,2360
"G20_G30_G12.2_F01_F03","2000_2005","2006_2010",5,"Economic_type_3_EQI_Air+SM+PA+OB","0.00","-3.67(-8.18,0.81)","0.82(-3.47,5.22)","5.29(1.00,9.67)","6.16(1.56,10.67)","0.1092","0.7111","0.0157","0.0067","1.0017","1.0024","1.0015","1.0020",1471,1259,1282,1277,2010,2211,2208,2302
"G20_G30_G12.2_F01_F03","2000_2005","2006_2010",5,"Economic_type_3_EQI_Water+SM+PA+OB","0.00","-0.46(-4.39,3.43)","-1.69(-5.45,2.22)","-1.89(-5.79,2.14)","-1.47(-5.83,3.00)","0.8335","0.3952","0.3407","0.5021","1.0005","0.9996","1.0026","1.0005",1624,1584,1652,1910,2415,2341,2485,2919
"G20_G30_G12.2_F01_F03","2000_2005","2006_2010",5,"Economic_type_3_EQI_Land+SM+PA+OB","0.00","-1.23(-4.25,1.84)","-0.60(-4.01,2.63)","0.56(-3.13,4.25)","0.25(-3.72,4.02)","0.4351","0.7191","0.7566","0.8940","1.0023","1.0029","1.0041","1.0023",2453,2260,2113,2173,2929,2722,2487,2648
"G20_G30_G12.2_F01_F03","2000_2005","2006_2010",5,"Economic_type_3_EQI_Built+SM+PA+OB","0.00","0.82(-2.10,3.73)","2.17(-0.87,5.17)","2.26(-0.92,5.46)","1.66(-2.39,5.58)","0.5851","0.1542","0.1587","0.4201","1.0011","1.0008","1.0011","1.0005",2747,2207,2201,2575,3049,3182,2636,3037
"G20_G30_G12.2_F01_F03","2000_2005","2006_2010",5,"Economic_type_3_EQI_Social+SM+PA+OB","0.00","0.83(-2.49,4.14)","0.95(-2.70,4.70)","-0.65(-4.57,3.49)","1.48(-3.16,6.46)","0.6086","0.6281","0.7471","0.5501","1.0025","1.0039","1.0020","1.0022",2359,1657,1547,1477,2767,2344,2466,2442
"G20_G30_G12.2_F01_F03","2000_2005","2011_2015",10,"Economic_type_3_EQI+SM+PA+OB","0.00","1.63(-1.80,5.21)","2.72(-0.87,6.37)","3.81(-0.04,7.74)","8.74(4.47,13.11)","0.3742","0.1392","0.0522","0.0002","1.0007","1.0010","1.0018","1.0010",3085,2388,2010,2169,2984,2902,2697,2574
"G20_G30_G12.2_F01_F03","2000_2005","2011_2015",10,"Economic_type_3_EQI_Air+SM+PA+OB","0.00","-1.90(-6.68,2.74)","3.15(-1.44,7.70)","6.02(1.49,10.54)","8.02(3.25,12.72)","0.4291","0.1692","0.0057","0.0012","1.0022","1.0023","1.0024","1.0029",1610,1448,1405,1357,2417,2248,2344,2070
"G20_G30_G12.2_F01_F03","2000_2005","2011_2015",10,"Economic_type_3_EQI_Water+SM+PA+OB","0.00","-1.30(-5.24,2.69)","-3.48(-7.35,0.55)","-2.33(-6.44,1.75)","-0.03(-4.68,4.52)","0.4991","0.0887","0.2637","0.9870","1.0007","1.0002","1.0003","1.0014",1812,1814,1558,1652,2517,2447,2462,2428
"G20_G30_G12.2_F01_F03","2000_2005","2011_2015",10,"Economic_type_3_EQI_Land+SM+PA+OB","0.00","-0.46(-3.46,2.56)","-1.10(-4.36,2.12)","-0.47(-4.11,3.05)","-3.70(-7.73,0.09)","0.7741","0.5216","0.8150","0.0587","1.0010","1.0011","1.0016","1.0013",2715,2175,1930,1992,2657,2892,2801,2213
"G20_G30_G12.2_F01_F03","2000_2005","2011_2015",10,"Economic_type_3_EQI_Built+SM+PA+OB","0.00","0.64(-2.24,3.54)","0.93(-2.13,4.03)","2.72(-0.57,5.93)","2.45(-1.34,6.25)","0.6721","0.5341","0.1007","0.2217","1.0014","1.0005","1.0005","1.0006",2816,2317,2523,2786,3283,2797,2910,3058
"G20_G30_G12.2_F01_F03","2000_2005","2011_2015",10,"Economic_type_3_EQI_Social+SM+PA+OB","0.00","0.02(-3.33,3.22)","0.82(-2.86,4.52)","-0.13(-3.91,3.79)","3.73(-0.88,8.54)","0.9885","0.6616","0.9375","0.1112","0.9999","1.0009","1.0021","1.0002",2784,2053,1692,1692,3137,2902,2832,2608
"G20_G30_G12.2_F01_F03","2000_2005","2016_2020",15,"Economic_type_3_EQI+SM+PA+OB","0.00","2.35(-1.40,5.91)","1.55(-2.23,5.44)","3.58(-0.39,7.39)","8.73(4.36,13.05)","0.2077","0.3992","0.0722","0.0002","0.9999","1.0016","1.0019","1.0022",2410,1889,1568,1639,2999,2774,2268,2670
"G20_G30_G12.2_F01_F03","2000_2005","2016_2020",15,"Economic_type_3_EQI_Air+SM+PA+OB","0.00","-1.14(-5.82,3.47)","3.26(-1.32,7.62)","6.63(2.17,11.07)","7.24(2.60,11.78)","0.6476","0.1477","0.0032","0.0007","1.0006","1.0015","1.0013","1.0007",1703,1449,1485,1405,2649,2586,2483,2287
"G20_G30_G12.2_F01_F03","2000_2005","2016_2020",15,"Economic_type_3_EQI_Water+SM+PA+OB","0.00","-4.14(-8.15,0.15)","-4.64(-8.59,-0.44)","-4.71(-8.93,-0.57)","-2.10(-6.87,2.55)","0.0587","0.0252","0.0262","0.3932","1.0017","1.0014","1.0013","1.0021",1843,1677,1561,1616,2609,2581,2315,2461
"G20_G30_G12.2_F01_F03","2000_2005","2016_2020",15,"Economic_type_3_EQI_Land+SM+PA+OB","0.00","-0.26(-3.52,2.82)","-0.15(-3.53,3.21)","1.49(-2.25,5.34)","-1.20(-5.15,2.96)","0.8730","0.9440","0.4366","0.5586","1.0007","1.0010","1.0023","1.0018",2704,2278,2070,2211,2855,2719,2895,2857
"G20_G30_G12.2_F01_F03","2000_2005","2016_2020",15,"Economic_type_3_EQI_Built+SM+PA+OB","0.00","2.98(-0.10,6.10)","3.24(0.13,6.34)","3.55(0.24,6.78)","6.07(1.94,10.14)","0.0597","0.0437","0.0397","0.0042","1.0023","1.0007","1.0007","1.0009",2583,2366,2456,2677,2531,3087,2926,3003
"G20_G30_G12.2_F01_F03","2000_2005","2016_2020",15,"Economic_type_3_EQI_Social+SM+PA+OB","0.00","1.72(-1.58,5.09)","-1.71(-5.42,2.08)","-2.18(-6.30,1.83)","2.48(-2.44,7.12)","0.3272","0.3742","0.2917","0.3247","1.0011","1.0022","1.0025","1.0027",2356,1817,1651,1594,2910,2696,2731,2509
"G20_G30_G12.2_F01_F03","2000_2005","2021_2024",20,"Economic_type_3_EQI+SM+PA+OB","0.00","0.28(-3.50,4.03)","-0.99(-4.89,2.81)","0.74(-3.22,4.58)","2.25(-2.36,6.89)","0.8855","0.6131","0.7146","0.3427","1.0002","0.9999","1.0007","1.0003",3382,2660,2412,2395,2833,2936,2764,2531
"G20_G30_G12.2_F01_F03","2000_2005","2021_2024",20,"Economic_type_3_EQI_Air+SM+PA+OB","0.00","1.90(-2.86,6.91)","4.67(0.21,9.12)","7.30(2.72,11.89)","5.25(0.24,10.10)","0.4531","0.0407","0.0017","0.0357","1.0005","1.0006","1.0006","1.0005",1590,1391,1385,1361,2330,2214,2074,2258
"G20_G30_G12.2_F01_F03","2000_2005","2021_2024",20,"Economic_type_3_EQI_Water+SM+PA+OB","0.00","-1.87(-6.40,2.49)","-5.20(-9.57,-0.85)","-3.53(-7.81,0.97)","-2.46(-7.20,2.42)","0.4061","0.0212","0.1177","0.3222","1.0038","1.0035","1.0037","1.0012",1912,1685,1594,1740,2358,2387,2279,2367
"G20_G30_G12.2_F01_F03","2000_2005","2021_2024",20,"Economic_type_3_EQI_Land+SM+PA+OB","0.00","-0.18(-3.51,2.96)","-1.74(-5.22,1.62)","-0.52(-4.41,3.24)","-3.97(-8.20,0.24)","0.9290","0.3182","0.7916","0.0647","1.0000","1.0008","1.0005","1.0007",2787,2259,1972,1868,3011,2906,2640,2733
"G20_G30_G12.2_F01_F03","2000_2005","2021_2024",20,"Economic_type_3_EQI_Built+SM+PA+OB","0.00","2.60(-0.73,5.87)","4.67(1.37,7.97)","3.12(-0.37,6.50)","3.56(-0.62,7.78)","0.1167","0.0037","0.0717","0.0942","1.0015","1.0011","1.0011","1.0003",2613,2205,2082,2443,3112,2805,2818,2995
"G20_G30_G12.2_F01_F03","2000_2005","2021_2024",20,"Economic_type_3_EQI_Social+SM+PA+OB","0.00","-1.38(-4.85,2.28)","-0.81(-4.88,3.13)","-3.33(-7.62,0.91)","-0.75(-5.73,4.23)","0.4366","0.6811","0.1122","0.7711","1.0022","1.0017","1.0013","1.0013",2363,1920,1751,1524,3055,2727,2754,2231
"G20_G30_G12.2_F01_F03","2000_2005","2006_2010",5,"Economic_type_4_EQI+SM+PA+OB","0.00","5.45(0.91,10.07)","7.79(3.66,11.91)","7.22(2.57,11.88)","8.84(3.76,14.07)","0.0157","0.0007","0.0022","0.0002","1.0014","1.0005","1.0002","1.0002",3876,2954,2988,2651,2928,3030,2709,2837
"G20_G30_G12.2_F01_F03","2000_2005","2006_2010",5,"Economic_type_4_EQI_Air+SM+PA+OB","0.00","4.35(-0.57,9.14)","5.46(0.86,9.98)","9.30(4.83,13.78)","10.20(5.42,14.85)","0.0807","0.0177","0.0002","0.0002","0.9998","0.9997","1.0009","1.0027",2492,2465,2094,1941,3167,2781,2697,2472
"G20_G30_G12.2_F01_F03","2000_2005","2006_2010",5,"Economic_type_4_EQI_Water+SM+PA+OB","0.00","-2.08(-6.60,2.57)","-1.00(-5.27,3.72)","-0.16(-4.98,4.50)","1.34(-2.78,5.69)","0.3707","0.6566","0.9555","0.5556","1.0005","1.0006","1.0015","1.0002",2552,2440,2350,2588,3165,2675,2819,2616
"G20_G30_G12.2_F01_F03","2000_2005","2006_2010",5,"Economic_type_4_EQI_Land+SM+PA+OB","0.00","-0.82(-4.88,3.23)","4.02(-0.47,8.48)","-2.45(-6.88,2.25)","0.20(-4.94,5.48)","0.6881","0.0782","0.3032","0.9415","1.0029","1.0016","1.0017","1.0026",3020,2166,1845,1908,2919,2703,2914,2784
"G20_G30_G12.2_F01_F03","2000_2005","2006_2010",5,"Economic_type_4_EQI_Built+SM+PA+OB","0.00","-0.02(-4.67,4.54)","-1.94(-6.53,2.52)","1.18(-3.50,5.87)","-0.60(-5.43,4.26)","0.9810","0.4091","0.6371","0.8080","1.0024","0.9999","1.0003","1.0015",3111,2783,2520,2024,3159,3098,2996,2877
"G20_G30_G12.2_F01_F03","2000_2005","2006_2010",5,"Economic_type_4_EQI_Social+SM+PA+OB","0.00","4.26(0.25,8.16)","4.69(0.03,9.10)","3.83(-1.35,8.56)","3.83(-1.26,9.18)","0.0397","0.0487","0.1402","0.1397","1.0028","1.0013","1.0033","1.0041",2084,2036,2330,2107,2484,2588,2407,2372
"G20_G30_G12.2_F01_F03","2000_2005","2011_2015",10,"Economic_type_4_EQI+SM+PA+OB","0.00","5.02(0.62,9.69)","8.74(4.35,13.12)","7.95(3.00,12.94)","11.25(5.67,16.71)","0.0282","0.0002","0.0022","0.0002","1.0007","1.0008","1.0002","0.9999",3652,2875,2759,2511,2862,3229,2994,2765
"G20_G30_G12.2_F01_F03","2000_2005","2011_2015",10,"Economic_type_4_EQI_Air+SM+PA+OB","0.00","7.21(2.19,12.16)","6.10(1.23,10.88)","10.46(5.65,15.23)","13.50(8.28,18.67)","0.0042","0.0147","0.0002","0.0002","1.0022","1.0002","1.0007","1.0011",3268,3098,2808,2481,3078,3161,2791,2695
"G20_G30_G12.2_F01_F03","2000_2005","2011_2015",10,"Economic_type_4_EQI_Water+SM+PA+OB","0.00","-0.91(-5.97,4.13)","0.99(-3.98,5.73)","-2.40(-7.39,2.85)","0.96(-3.88,6.10)","0.7161","0.6901","0.3612","0.7201","1.0004","1.0013","1.0002","1.0020",3087,2818,2890,3023,3251,3158,2976,2839
"G20_G30_G12.2_F01_F03","2000_2005","2011_2015",10,"Economic_type_4_EQI_Land+SM+PA+OB","0.00","-0.34(-4.83,4.09)","1.21(-3.14,5.99)","-2.92(-7.54,2.00)","-0.59(-6.02,4.99)","0.8900","0.6146","0.2387","0.8380","1.0010","1.0019","1.0017","1.0008",3176,3025,3250,2981,2785,2739,3095,3271
"G20_G30_G12.2_F01_F03","2000_2005","2011_2015",10,"Economic_type_4_EQI_Built+SM+PA+OB","0.00","3.04(-1.72,7.74)","3.02(-1.70,7.55)","4.35(-0.46,9.11)","4.03(-0.81,8.82)","0.2017","0.1962","0.0752","0.0947","1.0001","1.0003","1.0014","1.0000",3513,3036,2852,2637,3459,3010,3043,2859
"G20_G30_G12.2_F01_F03","2000_2005","2011_2015",10,"Economic_type_4_EQI_Social+SM+PA+OB","0.00","3.28(-0.82,7.33)","4.94(0.27,9.69)","3.23(-1.66,8.20)","4.12(-1.09,9.33)","0.1197","0.0377","0.2032","0.1222","1.0011","1.0010","1.0003","1.0004",3432,3303,3259,2740,3035,2746,3245,3033
"G20_G30_G12.2_F01_F03","2000_2005","2016_2020",15,"Economic_type_4_EQI+SM+PA+OB","0.00","0.98(-3.53,5.42)","5.88(1.69,9.97)","4.52(-0.19,9.02)","9.75(4.37,14.76)","0.6571","0.0067","0.0592","0.0007","0.9998","1.0003","1.0010","1.0003",2563,2043,1818,1716,2857,2734,2746,2496
"G20_G30_G12.2_F01_F03","2000_2005","2016_2020",15,"Economic_type_4_EQI_Air+SM+PA+OB","0.00","6.81(2.08,11.58)","4.16(-0.33,8.82)","7.72(3.15,12.21)","11.18(6.31,15.99)","0.0052","0.0697","0.0012","0.0002","1.0013","1.0008","1.0021","1.0011",4136,3714,3044,2810,3251,3161,3095,3222
"G20_G30_G12.2_F01_F03","2000_2005","2016_2020",15,"Economic_type_4_EQI_Water+SM+PA+OB","0.00","0.30(-4.59,5.18)","-1.18(-5.97,3.48)","-1.05(-5.80,3.78)","1.59(-3.17,6.14)","0.8930","0.6191","0.6576","0.5041","1.0005","1.0004","0.9999","1.0019",3103,3371,3420,3170,2888,2938,2934,3249
"G20_G30_G12.2_F01_F03","2000_2005","2016_2020",15,"Economic_type_4_EQI_Land+SM+PA+OB","0.00","-0.26(-4.48,3.96)","0.31(-4.20,4.58)","-2.89(-7.61,2.00)","-0.56(-5.79,4.94)","0.9040","0.8670","0.2372","0.8200","0.9999","1.0011","1.0001","1.0013",3928,3483,2540,3034,2716,2811,3019,2802
"G20_G30_G12.2_F01_F03","2000_2005","2016_2020",15,"Economic_type_4_EQI_Built+SM+PA+OB","0.00","1.20(-3.43,5.88)","2.51(-2.04,6.91)","5.64(0.64,10.36)","4.65(-0.11,9.49)","0.6146","0.2892","0.0222","0.0557","1.0016","1.0000","0.9998","0.9997",3914,3659,3379,3192,3362,3058,3307,2898
"G20_G30_G12.2_F01_F03","2000_2005","2016_2020",15,"Economic_type_4_EQI_Social+SM+PA+OB","0.00","2.04(-1.90,6.03)","1.25(-3.23,5.87)","1.93(-2.99,6.62)","1.04(-4.38,6.23)","0.3227","0.5836","0.4296","0.7051","1.0001","1.0015","1.0002","1.0001",3290,3218,3635,3330,3191,3445,3198,3045
"G20_G30_G12.2_F01_F03","2000_2005","2021_2024",20,"Economic_type_4_EQI+SM+PA+OB","0.00","2.02(-3.31,7.25)","4.15(-0.70,8.79)","2.57(-2.97,7.76)","4.60(-1.66,10.45)","0.4301","0.0902","0.3447","0.1417","1.0007","1.0005","1.0005","1.0002",3470,2810,2742,2432,3066,3012,2997,2626
"G20_G30_G12.2_F01_F03","2000_2005","2021_2024",20,"Economic_type_4_EQI_Air+SM+PA+OB","0.00","4.89(-0.59,10.27)","4.40(-0.56,9.34)","7.11(2.00,12.16)","6.73(1.52,11.98)","0.0797","0.0817","0.0052","0.0092","1.0011","1.0007","1.0006","1.0003",3940,4203,3889,2661,3276,3088,2946,3195
"G20_G30_G12.2_F01_F03","2000_2005","2021_2024",20,"Economic_type_4_EQI_Water+SM+PA+OB","0.00","-2.45(-7.90,2.77)","-1.15(-6.27,4.09)","-3.67(-8.91,1.70)","-0.30(-5.09,4.55)","0.3637","0.6621","0.1712","0.8920","1.0001","1.0018","1.0002","1.0009",4474,4236,3547,3857,3109,3119,3208,3218
"G20_G30_G12.2_F01_F03","2000_2005","2021_2024",20,"Economic_type_4_EQI_Land+SM+PA+OB","0.00","-0.48(-5.31,4.34)","0.08(-4.81,4.96)","-2.86(-8.01,2.22)","-0.78(-6.43,4.58)","0.8490","0.9655","0.2852","0.7856","1.0011","1.0017","1.0015","1.0022",4617,4903,3414,3894,2841,3214,3223,3018
"G20_G30_G12.2_F01_F03","2000_2005","2021_2024",20,"Economic_type_4_EQI_Built+SM+PA+OB","0.00","1.58(-3.70,6.76)","1.20(-4.16,6.43)","7.58(2.31,13.09)","3.53(-1.64,8.96)","0.5591","0.6476","0.0032","0.1862","1.0002","1.0001","1.0035","1.0007",3878,3189,3356,3012,3253,3189,2766,2932
"G20_G30_G12.2_F01_F03","2000_2005","2021_2024",20,"Economic_type_4_EQI_Social+SM+PA+OB","0.00","2.59(-1.89,7.30)","-0.32(-5.52,4.95)","2.65(-3.05,8.33)","-2.51(-8.50,3.29)","0.2702","0.8820","0.3602","0.3927","1.0006","1.0008","1.0024","1.0001",3608,3594,3647,3294,2924,3142,2941,2395
"G20_G30_G12.2_F01_F03","2000_2005","2006_2010",5,"Economic_type_5_EQI+SM+PA+OB","0.00","-1.02(-7.06,4.99)","-0.73(-6.28,4.72)","6.96(1.38,12.41)","9.80(4.08,15.40)","0.7491","0.7976","0.0172","0.0012","1.0006","1.0006","1.0005","1.0014",2809,2304,2123,1921,2840,2783,2915,2407
"G20_G30_G12.2_F01_F03","2000_2005","2006_2010",5,"Economic_type_5_EQI_Air+SM+PA+OB","0.00","2.66(-2.93,8.08)","6.26(0.68,11.69)","8.88(3.61,14.02)","9.13(3.97,14.21)","0.3522","0.0292","0.0012","0.0012","1.0012","1.0004","1.0010","1.0007",4211,3997,3555,3166,3178,3329,2972,3218
"G20_G30_G12.2_F01_F03","2000_2005","2006_2010",5,"Economic_type_5_EQI_Water+SM+PA+OB","0.00","-0.53(-6.16,5.06)","1.57(-3.40,6.48)","4.35(-0.54,9.20)","2.92(-2.14,7.96)","0.8650","0.5571","0.0792","0.2447","1.0013","0.9998","1.0001","1.0007",4813,3495,4025,3800,3214,3775,3364,3365
"G20_G30_G12.2_F01_F03","2000_2005","2006_2010",5,"Economic_type_5_EQI_Land+SM+PA+OB","0.00","1.08(-3.80,5.77)","2.00(-3.02,6.82)","1.53(-3.51,6.60)","-1.58(-6.49,3.53)","0.6596","0.4346","0.5651","0.5391","1.0001","1.0016","1.0014","1.0013",5036,4184,3739,3519,3028,3470,3324,3202
"G20_G30_G12.2_F01_F03","2000_2005","2006_2010",5,"Economic_type_5_EQI_Built+SM+PA+OB","0.00","-2.38(-8.85,4.14)","2.54(-3.53,8.65)","1.93(-3.58,7.44)","1.38(-4.08,6.97)","0.4691","0.4146","0.5006","0.6176","1.0011","1.0050","1.0001","1.0009",5125,4201,3957,3546,3417,3096,3189,3162
"G20_G30_G12.2_F01_F03","2000_2005","2006_2010",5,"Economic_type_5_EQI_Social+SM+PA+OB","0.00","-1.34(-7.41,4.63)","2.59(-2.48,7.62)","4.41(-0.77,9.45)","6.35(1.02,11.62)","0.6551","0.3207","0.0917","0.0177","1.0002","1.0010","1.0005","1.0009",4869,3940,3459,3155,3622,3364,3242,3618
"G20_G30_G12.2_F01_F03","2000_2005","2011_2015",10,"Economic_type_5_EQI+SM+PA+OB","0.00","-4.16(-10.26,2.19)","-2.23(-7.87,3.33)","6.62(0.92,12.10)","11.88(6.09,17.41)","0.1892","0.4521","0.0252","0.0002","1.0004","1.0001","1.0007","1.0012",3042,2466,2145,1989,3219,2808,2544,2387
"G20_G30_G12.2_F01_F03","2000_2005","2011_2015",10,"Economic_type_5_EQI_Air+SM+PA+OB","0.00","3.28(-2.25,8.82)","5.26(-0.17,10.59)","11.11(6.05,15.89)","11.37(6.46,16.27)","0.2632","0.0572","0.0002","0.0002","0.9998","1.0002","1.0004","1.0008",4709,3946,3350,3352,3157,3154,3168,3197
"G20_G30_G12.2_F01_F03","2000_2005","2011_2015",10,"Economic_type_5_EQI_Water+SM+PA+OB","0.00","-1.93(-7.36,3.73)","2.91(-2.59,8.24)","6.61(1.63,11.53)","4.56(-0.58,9.49)","0.4991","0.2862","0.0132","0.0842","1.0014","1.0000","1.0013","1.0012",4430,4164,3859,3540,3166,3012,3023,2879
"G20_G30_G12.2_F01_F03","2000_2005","2011_2015",10,"Economic_type_5_EQI_Land+SM+PA+OB","0.00","1.52(-3.15,6.35)","3.27(-1.67,8.25)","1.31(-3.69,6.32)","-1.73(-6.67,3.38)","0.5286","0.1952","0.6056","0.4866","1.0014","1.0002","1.0012","1.0005",4000,3585,3374,3626,3159,2618,2963,3275
"G20_G30_G12.2_F01_F03","2000_2005","2011_2015",10,"Economic_type_5_EQI_Built+SM+PA+OB","0.00","1.43(-5.31,8.19)","2.07(-4.14,8.33)","0.99(-4.60,6.66)","0.60(-4.90,6.11)","0.6856","0.5221","0.7261","0.8140","1.0003","1.0003","1.0005","1.0014",4899,4066,3298,3556,3206,3178,3033,2915
"G20_G30_G12.2_F01_F03","2000_2005","2011_2015",10,"Economic_type_5_EQI_Social+SM+PA+OB","0.00","-0.94(-6.65,4.94)","1.92(-3.10,7.13)","3.75(-1.33,8.69)","8.42(2.94,13.76)","0.7681","0.4666","0.1402","0.0032","1.0013","1.0004","1.0005","1.0013",4966,3657,3295,3391,3061,3308,3102,3423
"G20_G30_G12.2_F01_F03","2000_2005","2016_2020",15,"Economic_type_5_EQI+SM+PA+OB","0.00","-6.49(-12.55,-0.57)","-4.48(-10.03,1.08)","1.85(-3.63,7.32)","9.91(4.14,15.50)","0.0347","0.1132","0.4966","0.0007","1.0017","1.0003","1.0006","1.0004",3403,2868,2717,2642,2802,3074,2752,2841
"G20_G30_G12.2_F01_F03","2000_2005","2016_2020",15,"Economic_type_5_EQI_Air+SM+PA+OB","0.00","1.76(-3.83,7.44)","1.80(-3.64,7.09)","9.14(4.00,14.27)","11.17(6.03,16.03)","0.5366","0.5161","0.0012","0.0002","1.0013","1.0001","1.0005","1.0026",4502,3956,3780,3276,3331,2939,3417,3116
"G20_G30_G12.2_F01_F03","2000_2005","2016_2020",15,"Economic_type_5_EQI_Water+SM+PA+OB","0.00","-1.33(-6.74,3.87)","2.67(-2.46,7.83)","4.81(0.02,9.84)","3.69(-1.61,8.75)","0.6226","0.3237","0.0492","0.1647","1.0002","1.0016","1.0010","1.0002",5185,4602,4356,3756,3650,3331,3272,3553
"G20_G30_G12.2_F01_F03","2000_2005","2016_2020",15,"Economic_type_5_EQI_Land+SM+PA+OB","0.00","3.17(-1.73,8.03)","3.90(-1.14,9.05)","1.37(-3.52,6.35)","0.18(-4.64,5.13)","0.1972","0.1217","0.5991","0.9645","1.0004","1.0009","0.9995","1.0008",5135,4307,4122,4003,3266,2922,3300,3860
"G20_G30_G12.2_F01_F03","2000_2005","2016_2020",15,"Economic_type_5_EQI_Built+SM+PA+OB","0.00","1.62(-5.28,8.56)","0.27(-5.80,6.37)","0.08(-5.41,5.44)","1.90(-3.54,7.26)","0.6546","0.9295","0.9590","0.4691","1.0013","1.0009","1.0000","1.0008",5709,4132,3427,3559,3184,3292,2977,3271
"G20_G30_G12.2_F01_F03","2000_2005","2016_2020",15,"Economic_type_5_EQI_Social+SM+PA+OB","0.00","0.46(-5.47,6.61)","1.33(-3.72,6.61)","1.20(-3.82,6.08)","4.96(-0.43,10.41)","0.9010","0.6321","0.6316","0.0697","1.0004","1.0003","1.0001","1.0000",4938,4080,3800,3530,3352,3001,3005,3305
"G20_G30_G12.2_F01_F03","2000_2005","2021_2024",20,"Economic_type_5_EQI+SM+PA+OB","0.00","-4.22(-10.66,2.04)","-5.01(-10.63,0.91)","2.23(-3.59,7.93)","7.16(1.27,13.02)","0.1857","0.0947","0.4341","0.0162","1.0007","1.0003","1.0007","1.0006",4202,3380,2830,2580,3335,3484,2992,2863
"G20_G30_G12.2_F01_F03","2000_2005","2021_2024",20,"Economic_type_5_EQI_Air+SM+PA+OB","0.00","3.37(-2.41,9.07)","5.04(-0.71,10.83)","8.41(2.91,13.84)","8.92(3.55,14.31)","0.2497","0.0902","0.0042","0.0012","1.0006","1.0014","1.0012","0.9996",3849,3670,3361,3007,2990,3053,3093,3050
"G20_G30_G12.2_F01_F03","2000_2005","2021_2024",20,"Economic_type_5_EQI_Water+SM+PA+OB","0.00","-2.73(-8.47,3.25)","1.66(-4.18,7.44)","4.33(-1.23,9.70)","3.74(-2.06,9.45)","0.3657","0.5701","0.1227","0.1902","1.0007","1.0004","0.9999","1.0007",4235,3448,3678,2838,3242,2775,2923,3105
"G20_G30_G12.2_F01_F03","2000_2005","2021_2024",20,"Economic_type_5_EQI_Land+SM+PA+OB","0.00","-0.07(-5.49,5.20)","3.82(-1.71,9.31)","1.89(-3.58,7.39)","-0.34(-5.86,5.24)","0.9825","0.1712","0.5146","0.8885","1.0001","1.0025","1.0002","1.0006",3900,3492,3322,3256,2951,2967,3443,3271
"G20_G30_G12.2_F01_F03","2000_2005","2021_2024",20,"Economic_type_5_EQI_Built+SM+PA+OB","0.00","3.60(-3.73,10.89)","0.79(-5.44,7.11)","0.04(-5.59,5.65)","-0.12(-5.63,5.57)","0.3322","0.8020","0.9930","0.9650","1.0008","1.0022","1.0007","1.0008",4250,3510,2917,2778,3192,3179,2575,2493
"G20_G30_G12.2_F01_F03","2000_2005","2021_2024",20,"Economic_type_5_EQI_Social+SM+PA+OB","0.00","1.61(-4.68,7.79)","1.59(-3.91,6.93)","1.95(-3.53,7.32)","4.34(-1.63,10.26)","0.5906","0.5701","0.4821","0.1512","1.0022","1.0011","1.0001","1.0001",4192,3762,3241,2927,3518,3064,3062,2487
"G20_G30_G12.2_F01_F03","2000_2005","2006_2010",5,"Economic_type_6_EQI+SM+PA+OB","0.00","1.46(-1.68,4.67)","6.12(2.76,9.39)","8.38(4.88,11.79)","11.86(7.79,15.94)","0.3697","0.0007","0.0002","0.0002","1.0027","1.0000","0.9999","1.0010",3033,2573,2333,2318,3142,3149,3037,3146
"G20_G30_G12.2_F01_F03","2000_2005","2006_2010",5,"Economic_type_6_EQI_Air+SM+PA+OB","0.00","0.54(-2.51,3.64)","4.77(1.49,7.92)","11.05(7.66,14.28)","10.90(7.32,14.67)","0.7336","0.0027","0.0002","0.0002","1.0019","1.0024","1.0024","1.0030",2989,2791,2411,2378,3069,3361,2838,2826
"G20_G30_G12.2_F01_F03","2000_2005","2006_2010",5,"Economic_type_6_EQI_Water+SM+PA+OB","0.00","1.35(-2.23,5.05)","1.52(-1.98,5.05)","1.02(-2.46,4.49)","0.66(-3.03,4.27)","0.4781","0.3952","0.5751","0.7501","1.0033","1.0031","1.0034","1.0026",2678,2508,2484,2418,2957,2844,2983,2524
"G20_G30_G12.2_F01_F03","2000_2005","2006_2010",5,"Economic_type_6_EQI_Land+SM+PA+OB","0.00","0.49(-2.52,3.53)","-2.97(-6.17,0.28)","-4.28(-7.71,-0.80)","-3.55(-7.21,0.18)","0.7401","0.0727","0.0137","0.0607","1.0010","1.0004","1.0013","1.0018",3942,2787,2624,2588,3097,3119,3055,3223
"G20_G30_G12.2_F01_F03","2000_2005","2006_2010",5,"Economic_type_6_EQI_Built+SM+PA+OB","0.00","2.68(-0.42,5.81)","2.80(-0.25,5.95)","2.17(-1.18,5.48)","-1.26(-4.64,2.15)","0.0802","0.0682","0.2097","0.4626","1.0004","0.9998","1.0001","0.9999",3358,2943,2689,2766,3245,2968,3363,2268
"G20_G30_G12.2_F01_F03","2000_2005","2006_2010",5,"Economic_type_6_EQI_Social+SM+PA+OB","0.00","4.96(1.92,8.02)","3.43(0.17,6.81)","5.94(2.32,9.66)","7.20(3.08,11.65)","0.0027","0.0397","0.0022","0.0007","1.0021","1.0027","1.0023","1.0024",3078,2400,2377,2296,3384,3451,2859,2867
"G20_G30_G12.2_F01_F03","2000_2005","2011_2015",10,"Economic_type_6_EQI+SM+PA+OB","0.00","2.21(-1.31,5.63)","4.56(0.94,8.13)","9.12(5.42,12.87)","14.90(10.62,19.19)","0.2007","0.0127","0.0002","0.0002","1.0004","1.0015","1.0005","1.0008",3349,2810,2441,2426,2867,3133,2960,2701
"G20_G30_G12.2_F01_F03","2000_2005","2011_2015",10,"Economic_type_6_EQI_Air+SM+PA+OB","0.00","1.53(-1.84,4.97)","8.31(4.97,11.81)","13.67(10.15,17.29)","13.11(9.27,17.18)","0.3812","0.0002","0.0002","0.0002","1.0002","1.0007","0.9999","1.0014",3250,2848,2872,2593,3131,3060,2906,3083
"G20_G30_G12.2_F01_F03","2000_2005","2011_2015",10,"Economic_type_6_EQI_Water+SM+PA+OB","0.00","1.77(-2.24,5.76)","0.56(-3.23,4.46)","3.14(-0.80,7.04)","0.76(-3.19,4.84)","0.3817","0.7796","0.1197","0.7316","1.0005","1.0010","1.0025","1.0014",2942,2659,2767,2715,3285,3148,2901,3074
"G20_G30_G12.2_F01_F03","2000_2005","2011_2015",10,"Economic_type_6_EQI_Land+SM+PA+OB","0.00","-0.87(-4.05,2.33)","-1.03(-4.54,2.46)","-4.48(-8.19,-0.80)","0.01(-4.06,4.00)","0.5936","0.5556","0.0167","0.9845","1.0007","1.0014","1.0001","1.0007",4215,3362,3166,2993,3548,3266,3329,2888
"G20_G30_G12.2_F01_F03","2000_2005","2011_2015",10,"Economic_type_6_EQI_Built+SM+PA+OB","0.00","2.96(-0.29,6.22)","2.53(-0.72,5.86)","2.07(-1.38,5.66)","-1.13(-4.75,2.48)","0.0757","0.1287","0.2437","0.5441","1.0021","1.0002","1.0009","1.0002",4012,3048,3256,3465,3726,3384,3246,3261
"G20_G30_G12.2_F01_F03","2000_2005","2011_2015",10,"Economic_type_6_EQI_Social+SM+PA+OB","0.00","1.93(-1.44,5.07)","2.17(-1.32,5.64)","4.27(0.38,8.13)","5.16(0.70,9.64)","0.2407","0.2317","0.0342","0.0247","0.9999","1.0004","1.0008","1.0000",4010,3210,2661,2361,3188,3322,3271,2699
"G20_G30_G12.2_F01_F03","2000_2005","2016_2020",15,"Economic_type_6_EQI+SM+PA+OB","0.00","2.69(-0.67,6.03)","4.36(0.87,7.89)","9.95(6.26,13.60)","13.69(9.59,18.05)","0.1242","0.0137","0.0002","0.0002","1.0003","1.0004","1.0011","1.0003",3404,2859,2577,2565,3110,2941,2794,2855
"G20_G30_G12.2_F01_F03","2000_2005","2016_2020",15,"Economic_type_6_EQI_Air+SM+PA+OB","0.00","1.30(-2.12,4.65)","6.66(3.05,10.16)","11.71(7.94,15.33)","9.81(5.80,13.82)","0.4401","0.0007","0.0002","0.0002","1.0012","1.0012","1.0017","1.0014",2855,2465,2500,2397,3193,2925,3349,3214
"G20_G30_G12.2_F01_F03","2000_2005","2016_2020",15,"Economic_type_6_EQI_Water+SM+PA+OB","0.00","0.49(-3.39,4.54)","-0.26(-4.15,3.71)","1.43(-2.49,5.40)","0.91(-3.16,4.97)","0.8130","0.9000","0.4736","0.6671","1.0009","1.0020","1.0023","1.0021",2482,2189,2330,2483,3019,2714,2787,2999
"G20_G30_G12.2_F01_F03","2000_2005","2016_2020",15,"Economic_type_6_EQI_Land+SM+PA+OB","0.00","-0.37(-3.54,2.89)","-0.21(-3.70,3.22)","-1.05(-5.00,2.69)","1.72(-2.40,5.63)","0.8150","0.9070","0.5926","0.3882","1.0010","1.0009","1.0014","1.0029",3733,2759,2973,2587,3220,2964,3275,3088
"G20_G30_G12.2_F01_F03","2000_2005","2016_2020",15,"Economic_type_6_EQI_Built+SM+PA+OB","0.00","1.08(-2.23,4.26)","1.70(-1.65,5.00)","2.09(-1.43,5.67)","-0.63(-4.32,3.02)","0.5216","0.3227","0.2382","0.7456","1.0000","1.0011","1.0006","1.0005",3348,2894,2906,2629,3078,2983,3115,2953
"G20_G30_G12.2_F01_F03","2000_2005","2016_2020",15,"Economic_type_6_EQI_Social+SM+PA+OB","0.00","-0.64(-3.96,2.55)","1.98(-1.63,5.39)","2.96(-0.82,6.70)","5.28(0.87,9.70)","0.7036","0.2617","0.1297","0.0262","1.0013","1.0019","0.9999","1.0002",3804,2950,2591,2342,2887,2694,3102,3192
"G20_G30_G12.2_F01_F03","2000_2005","2021_2024",20,"Economic_type_6_EQI+SM+PA+OB","0.00","2.59(-1.19,6.25)","2.40(-1.21,6.24)","7.45(3.40,11.53)","9.76(5.23,14.38)","0.1872","0.2237","0.0002","0.0002","1.0001","1.0000","1.0007","0.9999",4506,3191,3093,3019,3180,3224,3303,3158
"G20_G30_G12.2_F01_F03","2000_2005","2021_2024",20,"Economic_type_6_EQI_Air+SM+PA+OB","0.00","1.59(-2.23,5.32)","4.47(0.68,8.41)","8.14(4.27,12.19)","5.10(0.69,9.66)","0.4091","0.0202","0.0002","0.0222","1.0007","1.0005","1.0018","1.0012",2767,2595,2659,2501,3056,3022,3057,2642
"G20_G30_G12.2_F01_F03","2000_2005","2021_2024",20,"Economic_type_6_EQI_Water+SM+PA+OB","0.00","-0.20(-4.64,4.13)","-1.36(-5.98,3.02)","0.57(-3.86,5.09)","0.71(-3.74,5.11)","0.9375","0.5331","0.8000","0.7521","1.0012","1.0001","1.0010","1.0005",2709,2532,2399,2393,3180,2607,2531,2960
"G20_G30_G12.2_F01_F03","2000_2005","2021_2024",20,"Economic_type_6_EQI_Land+SM+PA+OB","0.00","0.33(-3.18,3.86)","0.58(-3.26,4.32)","0.26(-3.82,4.22)","2.02(-2.26,6.28)","0.8610","0.7666","0.9000","0.3557","1.0009","1.0001","1.0011","1.0009",4052,3136,2658,2757,3333,2766,3367,3108
"G20_G30_G12.2_F01_F03","2000_2005","2021_2024",20,"Economic_type_6_EQI_Built+SM+PA+OB","0.00","2.90(-0.71,6.45)","3.49(-0.20,7.14)","4.29(0.38,8.06)","1.67(-2.37,5.63)","0.1172","0.0697","0.0317","0.4316","1.0008","1.0016","1.0007","1.0013",3416,2734,2984,2662,3119,3155,3195,2814
"G20_G30_G12.2_F01_F03","2000_2005","2021_2024",20,"Economic_type_6_EQI_Social+SM+PA+OB","0.00","-0.72(-4.33,2.97)","-2.45(-6.48,1.44)","0.08(-4.22,4.30)","1.32(-3.64,6.16)","0.7191","0.2132","0.9575","0.6211","1.0016","1.0003","0.9999","1.0008",4150,2899,2553,2222,3471,3182,3076,3195
"G20_G30_G12.2_F01_F03","2000_2005","2006_2010",5,"Homeownership_tertile_1_EQI+SM+PA+OB","0.00","8.10(4.55,11.50)","11.97(8.44,15.44)","14.52(10.82,18.21)","19.81(15.83,23.83)","0.0002","0.0002","0.0002","0.0002","1.0006","1.0002","1.0005","1.0009",3305,3000,2427,2337,2743,3090,2810,2581
"G20_G30_G12.2_F01_F03","2000_2005","2006_2010",5,"Homeownership_tertile_1_EQI_Air+SM+PA+OB","0.00","8.03(4.40,11.80)","9.75(6.13,13.42)","13.97(10.52,17.48)","14.74(11.11,18.35)","0.0002","0.0002","0.0002","0.0002","0.9999","0.9999","1.0000","0.9996",3493,2984,2757,2753,3122,3136,3045,3129
"G20_G30_G12.2_F01_F03","2000_2005","2006_2010",5,"Homeownership_tertile_1_EQI_Water+SM+PA+OB","0.00","-2.64(-6.43,1.04)","3.85(0.13,7.61)","2.30(-1.34,5.92)","3.59(-0.26,7.31)","0.1617","0.0427","0.2217","0.0667","0.9996","1.0000","1.0019","1.0005",2842,2443,2491,2402,3351,2712,3166,2919
"G20_G30_G12.2_F01_F03","2000_2005","2006_2010",5,"Homeownership_tertile_1_EQI_Land+SM+PA+OB","0.00","2.80(-0.20,5.79)","3.52(0.28,6.63)","-0.67(-4.24,2.80)","2.24(-1.36,5.79)","0.0647","0.0337","0.6936","0.2132","0.9995","1.0000","1.0000","1.0001",5370,3996,3186,3160,3349,3500,3443,3141
"G20_G30_G12.2_F01_F03","2000_2005","2006_2010",5,"Homeownership_tertile_1_EQI_Built+SM+PA+OB","0.00","2.64(-1.38,6.68)","7.28(3.50,11.05)","7.83(4.21,11.46)","7.19(3.52,10.84)","0.1977","0.0002","0.0002","0.0002","1.0005","1.0012","0.9999","1.0000",3778,3072,2780,2875,3115,3033,3060,3196
"G20_G30_G12.2_F01_F03","2000_2005","2006_2010",5,"Homeownership_tertile_1_EQI_Social+SM+PA+OB","0.00","2.28(-0.50,5.25)","3.09(-0.15,6.26)","5.45(1.94,8.95)","6.43(2.30,10.58)","0.1157","0.0607","0.0042","0.0027","1.0011","1.0038","1.0016","1.0006",3295,2932,2563,2757,3065,2963,2787,3075
"G20_G30_G12.2_F01_F03","2000_2005","2011_2015",10,"Homeownership_tertile_1_EQI+SM+PA+OB","0.00","11.70(8.05,15.55)","15.48(11.91,19.06)","18.48(14.67,22.23)","24.41(20.19,28.51)","0.0002","0.0002","0.0002","0.0002","1.0014","1.0003","1.0013","1.0002",2632,2102,1740,1726,2735,2435,2622,2351
"G20_G30_G12.2_F01_F03","2000_2005","2011_2015",10,"Homeownership_tertile_1_EQI_Air+SM+PA+OB","0.00","11.42(7.74,15.19)","13.68(9.87,17.47)","18.39(14.77,21.97)","18.84(14.88,22.79)","0.0002","0.0002","0.0002","0.0002","1.0012","1.0020","1.0019","1.0019",2621,2272,2163,2022,2596,2817,2736,2695
"G20_G30_G12.2_F01_F03","2000_2005","2011_2015",10,"Homeownership_tertile_1_EQI_Water+SM+PA+OB","0.00","-0.31(-4.06,3.40)","3.94(-0.06,7.70)","4.48(0.78,8.42)","4.82(0.86,8.73)","0.8905","0.0532","0.0132","0.0187","1.0019","1.0007","1.0010","1.0006",2654,2135,2131,2156,2703,2902,2325,2772
"G20_G30_G12.2_F01_F03","2000_2005","2011_2015",10,"Homeownership_tertile_1_EQI_Land+SM+PA+OB","0.00","1.09(-1.98,4.26)","2.44(-0.83,5.62)","0.37(-3.23,3.95)","2.95(-0.84,6.76)","0.4776","0.1487","0.8360","0.1237","1.0021","1.0008","1.0007","1.0007",4294,3156,2751,2647,3181,3470,3023,2731
"G20_G30_G12.2_F01_F03","2000_2005","2011_2015",10,"Homeownership_tertile_1_EQI_Built+SM+PA+OB","0.00","8.13(4.17,12.20)","11.37(7.64,15.11)","12.97(9.42,16.59)","13.55(9.87,17.20)","0.0007","0.0002","0.0002","0.0002","1.0005","1.0013","1.0006","1.0011",2531,2143,2201,2117,3064,2764,2791,2787
"G20_G30_G12.2_F01_F03","2000_2005","2011_2015",10,"Homeownership_tertile_1_EQI_Social+SM+PA+OB","0.00","4.07(1.16,7.23)","5.03(1.90,8.24)","5.92(2.33,9.48)","7.72(3.50,11.84)","0.0052","0.0012","0.0012","0.0007","1.0002","1.0005","1.0008","1.0009",3351,2919,2567,2357,3093,3096,3340,3310
"G20_G30_G12.2_F01_F03","2000_2005","2016_2020",15,"Homeownership_tertile_1_EQI+SM+PA+OB","0.00","9.13(5.49,12.91)","11.94(8.33,15.62)","13.71(10.10,17.41)","19.19(14.82,23.37)","0.0002","0.0002","0.0002","0.0002","1.0005","0.9999","1.0011","1.0000",2905,2639,2184,1882,2994,3071,3025,2431
"G20_G30_G12.2_F01_F03","2000_2005","2016_2020",15,"Homeownership_tertile_1_EQI_Air+SM+PA+OB","0.00","9.09(4.98,12.97)","12.87(9.04,16.82)","14.92(11.20,18.67)","13.44(9.63,17.44)","0.0002","0.0002","0.0002","0.0002","1.0023","1.0017","1.0028","1.0023",3368,3417,2712,2532,3320,3514,3105,2815
"G20_G30_G12.2_F01_F03","2000_2005","2016_2020",15,"Homeownership_tertile_1_EQI_Water+SM+PA+OB","0.00","-4.25(-8.27,-0.39)","1.96(-1.90,5.98)","1.83(-2.14,5.78)","5.07(0.97,9.12)","0.0347","0.3292","0.3702","0.0147","1.0013","1.0021","1.0000","1.0002",3100,2567,2589,2712,3006,3091,2926,3045
"G20_G30_G12.2_F01_F03","2000_2005","2016_2020",15,"Homeownership_tertile_1_EQI_Land+SM+PA+OB","0.00","1.09(-2.29,4.52)","2.48(-0.98,5.83)","0.16(-3.48,3.71)","3.36(-0.65,7.32)","0.5076","0.1577","0.9250","0.0952","1.0001","1.0006","1.0025","0.9999",4106,3311,2844,3017,3329,3119,2987,2621
"G20_G30_G12.2_F01_F03","2000_2005","2016_2020",15,"Homeownership_tertile_1_EQI_Built+SM+PA+OB","0.00","4.98(0.68,9.23)","7.52(3.57,11.41)","8.68(4.68,12.39)","9.35(5.53,13.27)","0.0247","0.0002","0.0002","0.0002","1.0014","1.0013","1.0027","1.0014",3126,2900,2922,2984,2987,2918,2834,2856
"G20_G30_G12.2_F01_F03","2000_2005","2016_2020",15,"Homeownership_tertile_1_EQI_Social+SM+PA+OB","0.00","2.98(-0.21,6.11)","4.68(1.26,8.17)","5.37(1.39,9.15)","6.62(2.20,10.92)","0.0722","0.0082","0.0077","0.0017","1.0014","1.0005","1.0017","1.0012",3661,3124,2750,2792,3267,3258,2568,2703
"G20_G30_G12.2_F01_F03","2000_2005","2021_2024",20,"Homeownership_tertile_1_EQI+SM+PA+OB","0.00","8.99(4.83,12.93)","8.31(4.18,12.30)","11.84(7.66,15.92)","12.94(8.24,17.57)","0.0002","0.0002","0.0002","0.0002","1.0013","1.0011","1.0014","1.0017",2377,2114,1773,1684,2577,2351,2209,2013
"G20_G30_G12.2_F01_F03","2000_2005","2021_2024",20,"Homeownership_tertile_1_EQI_Air+SM+PA+OB","0.00","8.71(4.59,12.95)","11.80(7.46,15.89)","13.19(9.07,17.14)","9.02(4.68,13.33)","0.0002","0.0002","0.0002","0.0002","1.0002","1.0006","1.0003","1.0015",2947,2571,2409,2170,3181,2880,2689,2916
"G20_G30_G12.2_F01_F03","2000_2005","2021_2024",20,"Homeownership_tertile_1_EQI_Water+SM+PA+OB","0.00","-2.68(-6.98,1.63)","2.86(-1.36,7.10)","1.37(-2.83,5.47)","4.76(0.51,9.12)","0.2187","0.1937","0.5336","0.0312","1.0002","1.0011","1.0004","1.0005",2475,1869,1870,1803,2952,2728,3079,2632
"G20_G30_G12.2_F01_F03","2000_2005","2021_2024",20,"Homeownership_tertile_1_EQI_Land+SM+PA+OB","0.00","0.10(-3.48,3.50)","1.49(-2.22,5.15)","2.01(-2.14,5.93)","1.90(-2.36,6.13)","0.9515","0.4391","0.3092","0.3817","1.0001","0.9994","1.0003","1.0003",3669,3197,2705,2607,3042,2914,2807,2972
"G20_G30_G12.2_F01_F03","2000_2005","2021_2024",20,"Homeownership_tertile_1_EQI_Built+SM+PA+OB","0.00","6.08(1.48,10.86)","8.74(4.39,13.10)","9.21(5.09,13.38)","9.16(4.92,13.49)","0.0092","0.0002","0.0002","0.0002","1.0014","1.0012","1.0022","1.0005",2915,2401,2238,2201,2616,2997,2705,2232
"G20_G30_G12.2_F01_F03","2000_2005","2021_2024",20,"Homeownership_tertile_1_EQI_Social+SM+PA+OB","0.00","1.23(-2.19,4.60)","0.71(-3.18,4.40)","2.66(-1.56,6.82)","4.36(-0.51,9.14)","0.4741","0.7036","0.2117","0.0822","1.0006","1.0008","1.0014","1.0006",3025,2418,2340,2342,2828,2774,2701,2563
"G20_G30_G12.2_F01_F03","2000_2005","2006_2010",5,"Homeownership_tertile_2_EQI+SM+PA+OB","0.00","3.38(0.08,6.60)","7.63(4.24,11.10)","9.09(5.50,12.79)","12.33(8.17,16.42)","0.0457","0.0002","0.0002","0.0002","1.0003","1.0018","1.0000","1.0007",4202,3082,2663,2515,3163,3411,2743,2875
"G20_G30_G12.2_F01_F03","2000_2005","2006_2010",5,"Homeownership_tertile_2_EQI_Air+SM+PA+OB","0.00","2.44(-0.99,5.80)","6.73(3.26,10.12)","11.37(7.75,14.95)","11.57(7.38,15.47)","0.1552","0.0012","0.0002","0.0002","1.0016","1.0032","1.0052","1.0035",3135,2668,2058,2270,3258,2971,2627,3016
"G20_G30_G12.2_F01_F03","2000_2005","2006_2010",5,"Homeownership_tertile_2_EQI_Water+SM+PA+OB","0.00","-0.51(-4.43,3.58)","1.57(-2.47,5.59)","1.47(-2.35,5.30)","1.79(-2.29,5.77)","0.8040","0.4331","0.4496","0.4001","1.0011","1.0020","1.0007","1.0011",2665,2582,2506,2404,2960,2741,2963,3046
"G20_G30_G12.2_F01_F03","2000_2005","2006_2010",5,"Homeownership_tertile_2_EQI_Land+SM+PA+OB","0.00","-0.32(-3.51,2.80)","0.48(-2.94,3.80)","1.05(-2.65,4.82)","-0.16(-4.11,3.86)","0.8375","0.7651","0.5791","0.9400","1.0004","1.0012","1.0008","1.0002",3894,3082,3017,2773,3221,3000,3097,3066
"G20_G30_G12.2_F01_F03","2000_2005","2006_2010",5,"Homeownership_tertile_2_EQI_Built+SM+PA+OB","0.00","3.46(0.32,6.62)","1.82(-1.32,5.04)","3.13(-0.32,6.59)","-1.18(-4.96,2.54)","0.0302","0.2612","0.0697","0.5366","1.0000","1.0009","0.9996","1.0003",3612,3309,2937,3366,3332,2731,3049,3300
"G20_G30_G12.2_F01_F03","2000_2005","2006_2010",5,"Homeownership_tertile_2_EQI_Social+SM+PA+OB","0.00","4.14(0.81,7.46)","3.59(0.16,7.38)","2.69(-1.13,6.60)","4.12(-0.40,8.75)","0.0117","0.0392","0.1777","0.0767","1.0008","1.0030","1.0018","1.0033",3640,2837,2511,2219,3215,2939,2845,3005
"G20_G30_G12.2_F01_F03","2000_2005","2011_2015",10,"Homeownership_tertile_2_EQI+SM+PA+OB","0.00","6.40(3.08,9.66)","6.69(3.21,10.28)","8.79(4.91,12.54)","13.13(8.78,17.50)","0.0002","0.0002","0.0002","0.0002","1.0006","1.0004","1.0027","1.0010",3725,2952,2511,2116,3110,3292,2551,2687
"G20_G30_G12.2_F01_F03","2000_2005","2011_2015",10,"Homeownership_tertile_2_EQI_Air+SM+PA+OB","0.00","3.62(0.13,7.12)","9.40(5.71,13.18)","9.46(5.60,13.40)","10.39(6.02,14.76)","0.0417","0.0002","0.0002","0.0002","1.0013","1.0029","1.0048","1.0016",2780,2335,2125,2120,3029,2855,2548,2865
"G20_G30_G12.2_F01_F03","2000_2005","2011_2015",10,"Homeownership_tertile_2_EQI_Water+SM+PA+OB","0.00","-1.09(-5.25,3.07)","-1.12(-5.31,3.19)","1.55(-2.62,5.75)","0.63(-3.77,4.88)","0.6021","0.5921","0.4556","0.7806","1.0009","1.0006","0.9998","1.0004",2425,2247,2101,2191,2541,2667,2695,2705
"G20_G30_G12.2_F01_F03","2000_2005","2011_2015",10,"Homeownership_tertile_2_EQI_Land+SM+PA+OB","0.00","2.09(-1.20,5.28)","2.33(-1.26,5.83)","2.31(-1.59,6.27)","0.93(-3.18,5.02)","0.2027","0.1947","0.2487","0.6576","1.0016","1.0016","1.0012","1.0017",3330,2752,2621,2481,3128,3087,2661,2585
"G20_G30_G12.2_F01_F03","2000_2005","2011_2015",10,"Homeownership_tertile_2_EQI_Built+SM+PA+OB","0.00","2.84(-0.55,6.25)","1.96(-1.34,5.18)","0.62(-2.82,4.18)","-2.78(-6.66,1.07)","0.0937","0.2377","0.7431","0.1642","1.0009","1.0027","1.0002","0.9998",3458,2850,2860,2849,2616,2860,2918,3131
"G20_G30_G12.2_F01_F03","2000_2005","2011_2015",10,"Homeownership_tertile_2_EQI_Social+SM+PA+OB","0.00","0.70(-2.70,4.11)","2.75(-0.86,6.53)","3.50(-0.40,7.53)","7.84(3.05,12.70)","0.6736","0.1512","0.0807","0.0007","1.0013","1.0018","1.0011","1.0017",3329,2532,2134,2105,2656,2793,2715,2773
"G20_G30_G12.2_F01_F03","2000_2005","2016_2020",15,"Homeownership_tertile_2_EQI+SM+PA+OB","0.00","6.21(2.88,9.45)","7.26(3.70,10.62)","8.98(5.12,12.66)","13.64(9.40,17.79)","0.0002","0.0002","0.0002","0.0002","1.0009","1.0014","1.0013","1.0016",3934,3146,2629,2500,3292,3014,3082,2574
"G20_G30_G12.2_F01_F03","2000_2005","2016_2020",15,"Homeownership_tertile_2_EQI_Air+SM+PA+OB","0.00","3.09(-0.50,6.40)","5.56(1.94,9.19)","8.49(4.62,12.19)","8.91(4.58,13.04)","0.0907","0.0027","0.0002","0.0002","1.0009","1.0010","1.0022","1.0013",3059,2402,2065,2088,3307,2791,2771,2628
"G20_G30_G12.2_F01_F03","2000_2005","2016_2020",15,"Homeownership_tertile_2_EQI_Water+SM+PA+OB","0.00","0.74(-3.43,5.01)","0.09(-4.16,4.23)","0.57(-3.65,4.79)","0.83(-3.70,5.27)","0.7136","0.9660","0.7811","0.7006","0.9998","1.0006","1.0011","1.0007",2038,1957,1836,2024,2794,2735,2548,2966
"G20_G30_G12.2_F01_F03","2000_2005","2016_2020",15,"Homeownership_tertile_2_EQI_Land+SM+PA+OB","0.00","2.96(-0.39,6.15)","2.05(-1.44,5.56)","2.77(-1.12,6.59)","0.74(-3.40,4.79)","0.0737","0.2492","0.1637","0.7311","1.0004","1.0002","1.0004","1.0004",3153,2730,2201,2493,3025,3246,2855,3348
"G20_G30_G12.2_F01_F03","2000_2005","2016_2020",15,"Homeownership_tertile_2_EQI_Built+SM+PA+OB","0.00","3.23(0.08,6.51)","2.72(-0.62,6.00)","2.49(-1.03,5.99)","1.56(-2.33,5.53)","0.0442","0.1077","0.1662","0.4316","1.0001","1.0002","1.0003","1.0006",3290,2782,2844,2794,3249,2795,3111,3075
"G20_G30_G12.2_F01_F03","2000_2005","2016_2020",15,"Homeownership_tertile_2_EQI_Social+SM+PA+OB","0.00","0.86(-2.49,4.14)","2.40(-1.21,6.08)","2.58(-1.56,6.60)","8.11(3.08,12.98)","0.6101","0.2137","0.2087","0.0022","1.0006","0.9999","1.0025","1.0027",3029,2228,1738,1527,3245,2897,2321,2566
"G20_G30_G12.2_F01_F03","2000_2005","2021_2024",20,"Homeownership_tertile_2_EQI+SM+PA+OB","0.00","3.84(0.13,7.40)","3.55(-0.20,7.29)","5.69(1.58,9.80)","6.19(1.19,10.96)","0.0397","0.0642","0.0072","0.0137","1.0008","1.0004","1.0017","1.0001",3287,2364,2219,1850,2965,2765,2417,2312
"G20_G30_G12.2_F01_F03","2000_2005","2021_2024",20,"Homeownership_tertile_2_EQI_Air+SM+PA+OB","0.00","5.47(1.60,9.22)","5.57(1.78,9.38)","7.16(3.15,11.15)","2.89(-1.66,7.30)","0.0037","0.0037","0.0002","0.2082","1.0000","1.0002","1.0005","1.0005",3697,2977,2574,2563,3059,2872,3090,3051
"G20_G30_G12.2_F01_F03","2000_2005","2021_2024",20,"Homeownership_tertile_2_EQI_Water+SM+PA+OB","0.00","-0.83(-5.27,3.74)","-2.50(-7.10,1.94)","0.60(-3.90,5.20)","-0.05(-4.94,4.81)","0.7221","0.2787","0.7986","0.9855","1.0001","1.0003","1.0000","1.0006",2677,2385,2189,2520,2988,2862,3011,2580
"G20_G30_G12.2_F01_F03","2000_2005","2021_2024",20,"Homeownership_tertile_2_EQI_Land+SM+PA+OB","0.00","2.82(-0.88,6.45)","2.60(-1.25,6.37)","3.51(-0.59,7.66)","1.08(-3.21,5.48)","0.1362","0.1872","0.1082","0.6196","1.0007","0.9999","1.0009","1.0008",4120,3065,2800,2795,3051,3321,3113,2885
"G20_G30_G12.2_F01_F03","2000_2005","2021_2024",20,"Homeownership_tertile_2_EQI_Built+SM+PA+OB","0.00","2.61(-0.95,6.01)","2.76(-0.73,6.32)","1.86(-1.89,5.68)","-0.54(-4.91,3.70)","0.1447","0.1347","0.3382","0.8105","1.0002","0.9997","1.0007","1.0002",3620,3124,3076,3429,3484,2875,3049,2978
"G20_G30_G12.2_F01_F03","2000_2005","2021_2024",20,"Homeownership_tertile_2_EQI_Social+SM+PA+OB","0.00","2.88(-0.68,6.45)","2.88(-1.03,6.86)","2.35(-1.96,6.42)","4.83(-0.34,10.01)","0.1237","0.1492","0.2887","0.0677","1.0010","1.0004","1.0021","1.0007",3540,2867,2562,2458,3262,2998,2650,2874
"G20_G30_G12.2_F01_F03","2000_2005","2006_2010",5,"Homeownership_tertile_3_EQI+SM+PA+OB","0.00","2.86(-0.25,5.92)","3.51(0.16,6.95)","8.09(4.44,11.71)","9.98(5.65,14.23)","0.0712","0.0417","0.0002","0.0002","1.0017","1.0000","1.0003","1.0013",4216,3588,3267,2779,3269,2755,3214,3288
"G20_G30_G12.2_F01_F03","2000_2005","2006_2010",5,"Homeownership_tertile_3_EQI_Air+SM+PA+OB","0.00","1.71(-1.45,4.95)","3.96(0.54,7.36)","7.50(3.73,11.18)","5.40(1.20,9.54)","0.2972","0.0262","0.0007","0.0087","1.0009","1.0007","1.0001","1.0016",2582,2270,2260,2400,3021,2863,2948,2696
"G20_G30_G12.2_F01_F03","2000_2005","2006_2010",5,"Homeownership_tertile_3_EQI_Water+SM+PA+OB","0.00","4.15(0.55,7.70)","-0.79(-4.48,2.90)","3.49(-0.31,7.39)","3.11(-0.94,7.16)","0.0232","0.6811","0.0727","0.1247","0.9998","1.0002","1.0001","1.0004",2737,2627,2708,2556,3122,2903,3011,3019
"G20_G30_G12.2_F01_F03","2000_2005","2006_2010",5,"Homeownership_tertile_3_EQI_Land+SM+PA+OB","0.00","-0.48(-3.68,2.85)","-2.73(-6.13,0.71)","-2.66(-6.29,0.94)","-3.10(-6.99,0.94)","0.7676","0.1277","0.1527","0.1227","1.0006","1.0013","1.0027","1.0018",3051,2673,2201,2214,3063,2799,2913,2775
"G20_G30_G12.2_F01_F03","2000_2005","2006_2010",5,"Homeownership_tertile_3_EQI_Built+SM+PA+OB","0.00","0.85(-1.98,3.63)","1.65(-1.46,4.66)","0.03(-3.22,3.34)","-4.29(-8.54,-0.13)","0.5591","0.2737","0.9895","0.0447","1.0000","1.0006","1.0011","1.0004",3729,3033,3159,4022,3085,3006,2805,3184
"G20_G30_G12.2_F01_F03","2000_2005","2006_2010",5,"Homeownership_tertile_3_EQI_Social+SM+PA+OB","0.00","3.50(0.25,6.83)","3.12(-0.50,6.80)","3.25(-0.47,7.11)","10.47(6.07,14.90)","0.0347","0.0857","0.0907","0.0002","1.0001","1.0004","1.0006","1.0007",3171,2684,2270,2113,3116,2923,2492,2715
"G20_G30_G12.2_F01_F03","2000_2005","2011_2015",10,"Homeownership_tertile_3_EQI+SM+PA+OB","0.00","0.01(-3.31,3.29)","4.03(0.55,7.50)","9.77(5.96,13.55)","15.59(11.21,20.01)","0.9865","0.0227","0.0002","0.0002","1.0008","1.0017","1.0015","1.0020",3008,2510,2046,2070,3112,2631,3368,3145
"G20_G30_G12.2_F01_F03","2000_2005","2011_2015",10,"Homeownership_tertile_3_EQI_Air+SM+PA+OB","0.00","2.36(-0.95,5.54)","6.61(3.20,9.99)","11.65(7.65,15.59)","10.97(6.45,15.53)","0.1572","0.0007","0.0002","0.0002","0.9999","1.0011","1.0002","1.0002",2622,2243,2114,2303,2825,2634,2726,2860
"G20_G30_G12.2_F01_F03","2000_2005","2011_2015",10,"Homeownership_tertile_3_EQI_Water+SM+PA+OB","0.00","2.09(-1.69,5.84)","0.40(-3.42,4.11)","3.10(-0.93,7.09)","4.86(0.65,9.28)","0.2847","0.8355","0.1157","0.0247","1.0011","1.0016","1.0011","1.0032",1947,1537,1953,1886,2975,2600,2730,2814
"G20_G30_G12.2_F01_F03","2000_2005","2011_2015",10,"Homeownership_tertile_3_EQI_Land+SM+PA+OB","0.00","-2.46(-5.74,0.89)","-0.93(-4.41,2.59)","-1.86(-5.73,2.12)","-1.29(-5.79,3.02)","0.1467","0.6151","0.3677","0.5581","0.9997","1.0006","1.0004","1.0000",3370,2694,2625,2459,3237,2854,3274,3031
"G20_G30_G12.2_F01_F03","2000_2005","2011_2015",10,"Homeownership_tertile_3_EQI_Built+SM+PA+OB","0.00","2.29(-0.41,5.06)","1.35(-1.71,4.44)","1.29(-2.13,4.77)","-2.78(-6.90,1.47)","0.1052","0.4016","0.4676","0.1907","1.0004","1.0008","1.0021","0.9999",3721,3492,3277,3183,3270,3186,3049,3210
"G20_G30_G12.2_F01_F03","2000_2005","2011_2015",10,"Homeownership_tertile_3_EQI_Social+SM+PA+OB","0.00","-0.89(-4.22,2.58)","0.54(-3.19,4.21)","2.75(-1.12,6.74)","7.30(2.67,11.93)","0.5951","0.7726","0.1587","0.0022","1.0016","1.0011","1.0011","1.0011",3293,2552,2145,1952,2959,2943,2639,2339
"G20_G30_G12.2_F01_F03","2000_2005","2016_2020",15,"Homeownership_tertile_3_EQI+SM+PA+OB","0.00","-0.16(-3.31,3.04)","0.95(-2.37,4.34)","8.34(4.75,11.89)","12.22(7.76,16.65)","0.9050","0.5796","0.0002","0.0002","1.0004","1.0007","1.0012","1.0025",2556,2087,2109,1923,2852,2855,3330,2762
"G20_G30_G12.2_F01_F03","2000_2005","2016_2020",15,"Homeownership_tertile_3_EQI_Air+SM+PA+OB","0.00","3.09(-0.16,6.29)","5.83(2.52,9.37)","9.31(5.32,13.15)","8.89(4.29,13.55)","0.0652","0.0002","0.0002","0.0002","0.9998","1.0004","1.0000","1.0011",3041,2656,2360,2749,3005,2963,2880,2965
"G20_G30_G12.2_F01_F03","2000_2005","2016_2020",15,"Homeownership_tertile_3_EQI_Water+SM+PA+OB","0.00","2.25(-1.66,6.22)","-1.65(-5.61,2.44)","2.45(-1.62,6.41)","3.02(-1.47,7.58)","0.2477","0.4296","0.2192","0.1832","1.0002","1.0003","0.9994","1.0002",2183,2111,2353,2130,2558,2756,2819,2859
"G20_G30_G12.2_F01_F03","2000_2005","2016_2020",15,"Homeownership_tertile_3_EQI_Land+SM+PA+OB","0.00","-0.07(-3.29,3.14)","1.24(-2.15,4.70)","2.62(-1.26,6.48)","1.27(-2.77,5.35)","0.9680","0.4811","0.1877","0.5546","1.0002","1.0001","1.0005","1.0003",3400,2537,2060,2343,3139,3339,2647,2842
"G20_G30_G12.2_F01_F03","2000_2005","2016_2020",15,"Homeownership_tertile_3_EQI_Built+SM+PA+OB","0.00","2.87(0.05,5.67)","2.17(-0.91,5.26)","0.58(-2.98,3.87)","-1.02(-5.35,3.20)","0.0442","0.1682","0.7321","0.6511","1.0003","1.0014","1.0004","1.0000",3976,3349,3441,3303,3426,3322,2729,3117
"G20_G30_G12.2_F01_F03","2000_2005","2016_2020",15,"Homeownership_tertile_3_EQI_Social+SM+PA+OB","0.00","0.40(-3.01,3.87)","0.41(-3.30,4.06)","2.23(-1.67,6.12)","6.24(1.46,10.74)","0.8185","0.8320","0.2537","0.0117","1.0007","1.0014","1.0021","1.0023",3203,2315,2111,1719,2773,2897,2616,2522
"G20_G30_G12.2_F01_F03","2000_2005","2021_2024",20,"Homeownership_tertile_3_EQI+SM+PA+OB","0.00","0.93(-2.51,4.37)","1.61(-1.97,5.17)","5.42(1.40,9.34)","8.97(4.20,13.74)","0.6066","0.3952","0.0092","0.0002","1.0004","1.0009","1.0016","1.0007",3567,3022,2603,2598,3419,3333,2683,3046
"G20_G30_G12.2_F01_F03","2000_2005","2021_2024",20,"Homeownership_tertile_3_EQI_Air+SM+PA+OB","0.00","3.55(-0.10,7.17)","3.67(-0.11,7.43)","4.57(0.36,8.74)","4.04(-0.78,8.97)","0.0567","0.0572","0.0367","0.1162","1.0004","0.9994","1.0008","0.9999",3394,2973,2572,3391,3161,3168,2758,3198
"G20_G30_G12.2_F01_F03","2000_2005","2021_2024",20,"Homeownership_tertile_3_EQI_Water+SM+PA+OB","0.00","1.10(-3.17,5.22)","-1.60(-5.81,2.60)","3.09(-1.30,7.43)","2.45(-2.18,7.25)","0.5996","0.4706","0.1607","0.3187","0.9996","1.0009","1.0004","1.0000",2521,2630,2268,2581,3124,2921,3050,3110
"G20_G30_G12.2_F01_F03","2000_2005","2021_2024",20,"Homeownership_tertile_3_EQI_Land+SM+PA+OB","0.00","1.70(-1.76,5.26)","3.51(-0.12,7.42)","3.08(-1.03,7.31)","3.39(-1.09,7.93)","0.3452","0.0602","0.1537","0.1367","1.0002","1.0008","1.0004","1.0009",3850,3308,2866,2915,3043,2740,3351,2970
"G20_G30_G12.2_F01_F03","2000_2005","2021_2024",20,"Homeownership_tertile_3_EQI_Built+SM+PA+OB","0.00","4.98(1.91,8.07)","2.88(-0.45,6.37)","1.98(-1.99,5.85)","-2.07(-6.70,2.56)","0.0032","0.0977","0.3277","0.3807","1.0000","1.0002","1.0010","1.0004",4888,3770,3685,3313,3127,3197,3091,3112
"G20_G30_G12.2_F01_F03","2000_2005","2021_2024",20,"Homeownership_tertile_3_EQI_Social+SM+PA+OB","0.00","-1.17(-4.82,2.44)","-1.29(-5.33,2.81)","0.30(-3.96,4.60)","4.07(-0.89,8.88)","0.5401","0.5191","0.8935","0.1052","1.0011","1.0015","1.0024","1.0030",3277,2830,2656,2139,2958,2993,2905,2639
