ICD_Code,EQI_Period,AAMR_Period,Lag,Model,Q1,Q2,Q3,Q4,Q5,Q2_p,Q3_p,Q4_p,Q5_p,Q2_rhat,Q3_rhat,Q4_rhat,Q5_rhat,Q2_ess_bulk,Q3_ess_bulk,Q4_ess_bulk,Q5_ess_bulk,Q2_ess_tail,Q3_ess_tail,Q4_ess_tail,Q5_ess_tail
G20_G30_G12.2_F01_F03,2000_2005,2006_2010,5,Census_Region_1_EQI+SM+PA+OB,"1.00(1.00,1.00)","0.92(0.81,1.04)","0.96(0.87,1.06)","1.03(0.94,1.12)","1.03(0.94,1.14)",0.2060,0.3768,0.5818,0.5255,1.0008,1.0008,1.0014,1.0011,4444,2764,2533,2324,3002,3466,3252,3068
"G20_G30_G12.2_F01_F03","2000_2005","2006_2010",5,"Census_Region_1_EQI_Air+SM+PA+OB","1.00(1.00,1.00)","1.04(0.94,1.17)","0.97(0.87,1.07)","1.00(0.91,1.11)","0.96(0.87,1.06)","0.4630","0.4759","0.9942","0.4455","1.0004","1.0009","1.0015","1.0011",3987,3191,3058,2925,3537,3619,3471,3452
"G20_G30_G12.2_F01_F03","2000_2005","2006_2010",5,"Census_Region_1_EQI_Water+SM+PA+OB","1.00(1.00,1.00)","0.91(0.82,1.00)","1.09(0.99,1.20)","1.04(0.96,1.13)","1.06(0.97,1.17)","0.0623","0.0806","0.3835","0.1735","1.0010","1.0001","1.0008","1.0020",4658,4305,3431,3600,3234,3907,3366,3625
"G20_G30_G12.2_F01_F03","2000_2005","2006_2010",5,"Census_Region_1_EQI_Land+SM+PA+OB","1.00(1.00,1.00)","0.93(0.83,1.03)","0.98(0.90,1.07)","1.04(0.95,1.13)","1.03(0.94,1.13)","0.1477","0.6255","0.4605","0.5180","1.0029","1.0043","1.0029","1.0016",3460,2705,2844,2971,3615,3122,3249,3274
"G20_G30_G12.2_F01_F03","2000_2005","2006_2010",5,"Census_Region_1_EQI_Built+SM+PA+OB","1.00(1.00,1.00)","1.01(0.91,1.13)","0.95(0.86,1.04)","1.03(0.94,1.13)","1.01(0.92,1.11)","0.8117","0.2335","0.5393","0.8384","1.0002","1.0010","1.0011","1.0013",4172,3328,3087,2995,3807,3688,3499,3459
"G20_G30_G12.2_F01_F03","2000_2005","2006_2010",5,"Census_Region_1_EQI_Social+SM+PA+OB","1.00(1.00,1.00)","1.01(0.92,1.12)","1.03(0.95,1.13)","1.03(0.94,1.12)","1.04(0.94,1.15)","0.8150","0.4834","0.5443","0.4493","1.0010","1.0016","1.0021","1.0034",3806,3054,2778,2535,3735,3391,3324,3096
"G20_G30_G12.2_F01_F03","2000_2005","2011_2015",10,"Census_Region_1_EQI+SM+PA+OB","1.00(1.00,1.00)","0.92(0.83,1.02)","0.95(0.88,1.04)","1.00(0.93,1.08)","1.04(0.97,1.13)","0.1139","0.2539","0.9817","0.2614","1.0015","1.0002","1.0010","1.0015",4036,3036,2583,2373,3909,3559,3356,3243
"G20_G30_G12.2_F01_F03","2000_2005","2011_2015",10,"Census_Region_1_EQI_Air+SM+PA+OB","1.00(1.00,1.00)","1.02(0.93,1.12)","0.96(0.88,1.04)","1.03(0.95,1.12)","1.02(0.94,1.11)","0.6155","0.3072","0.4372","0.6617","1.0009","1.0004","1.0022","1.0002",4255,3360,2984,2905,3888,3903,3699,4005
"G20_G30_G12.2_F01_F03","2000_2005","2011_2015",10,"Census_Region_1_EQI_Water+SM+PA+OB","1.00(1.00,1.00)","0.94(0.86,1.02)","1.09(1.01,1.19)","1.05(0.98,1.13)","1.03(0.95,1.11)","0.1698","0.0390","0.1956","0.5209","0.9998","1.0015","0.9999","1.0011",4605,4321,3881,3830,3786,3182,3817,3736
"G20_G30_G12.2_F01_F03","2000_2005","2011_2015",10,"Census_Region_1_EQI_Land+SM+PA+OB","1.00(1.00,1.00)","0.98(0.90,1.07)","0.99(0.92,1.07)","1.02(0.95,1.10)","1.02(0.95,1.11)","0.6197","0.8217","0.5834","0.5976","1.0001","1.0011","1.0011","1.0015",3572,2944,2983,3187,3940,3439,3387,3508
"G20_G30_G12.2_F01_F03","2000_2005","2011_2015",10,"Census_Region_1_EQI_Built+SM+PA+OB","1.00(1.00,1.00)","1.01(0.92,1.11)","0.93(0.85,1.00)","1.00(0.93,1.07)","0.97(0.90,1.05)","0.8167","0.0556","0.9071","0.4551","1.0006","1.0010","1.0013","1.0017",4744,3334,2970,3070,3741,3956,3588,3699
"G20_G30_G12.2_F01_F03","2000_2005","2011_2015",10,"Census_Region_1_EQI_Social+SM+PA+OB","1.00(1.00,1.00)","1.01(0.93,1.10)","1.05(0.98,1.13)","1.02(0.95,1.09)","1.05(0.97,1.13)","0.8525","0.1985","0.6438","0.2510","1.0009","1.0012","1.0016","1.0015",4034,3229,2909,2903,3942,4155,3537,3216
"G20_G30_G12.2_F01_F03","2000_2005","2016_2020",15,"Census_Region_1_EQI+SM+PA+OB","1.00(1.00,1.00)","0.90(0.81,0.99)","0.94(0.87,1.02)","1.02(0.95,1.10)","1.09(1.02,1.18)","0.0240","0.1177","0.5105","0.0106","1.0015","1.0031","1.0046","1.0036",3786,2715,2133,2283,2910,3400,3267,2902
"G20_G30_G12.2_F01_F03","2000_2005","2016_2020",15,"Census_Region_1_EQI_Air+SM+PA+OB","1.00(1.00,1.00)","0.99(0.90,1.09)","0.95(0.87,1.03)","1.03(0.95,1.11)","1.04(0.96,1.13)","0.9025","0.2114","0.5201","0.3068","1.0006","1.0018","1.0011","1.0009",3987,2907,2971,2972,3483,3724,3559,3720
"G20_G30_G12.2_F01_F03","2000_2005","2016_2020",15,"Census_Region_1_EQI_Water+SM+PA+OB","1.00(1.00,1.00)","0.96(0.88,1.03)","1.10(1.01,1.20)","1.09(1.01,1.17)","1.05(0.98,1.14)","0.2747","0.0248","0.0156","0.1981","1.0016","1.0006","0.9994","1.0007",4592,4208,3831,3766,3784,3736,3441,3734
"G20_G30_G12.2_F01_F03","2000_2005","2016_2020",15,"Census_Region_1_EQI_Land+SM+PA+OB","1.00(1.00,1.00)","1.00(0.92,1.08)","1.00(0.93,1.07)","1.03(0.96,1.11)","1.02(0.95,1.10)","0.9863","0.9508","0.4430","0.5701","1.0007","1.0007","1.0006","1.0019",3612,2757,2709,3059,3583,3205,3452,3553
"G20_G30_G12.2_F01_F03","2000_2005","2016_2020",15,"Census_Region_1_EQI_Built+SM+PA+OB","1.00(1.00,1.00)","0.96(0.87,1.05)","0.94(0.87,1.01)","1.05(0.98,1.13)","1.02(0.95,1.09)","0.3639","0.0973","0.1914","0.6113","1.0016","1.0004","1.0011","1.0018",4044,3007,3077,2891,3405,3295,3313,3084
"G20_G30_G12.2_F01_F03","2000_2005","2016_2020",15,"Census_Region_1_EQI_Social+SM+PA+OB","1.00(1.00,1.00)","0.96(0.88,1.05)","1.04(0.97,1.12)","1.02(0.95,1.10)","1.03(0.96,1.12)","0.3585","0.3172","0.6447","0.4147","1.0009","1.0015","1.0019","1.0014",3958,3381,2947,2771,3425,3346,3578,3630
"G20_G30_G12.2_F01_F03","2000_2005","2021_2024",20,"Census_Region_1_EQI+SM+PA+OB","1.00(1.00,1.00)","0.92(0.82,1.01)","0.97(0.90,1.05)","1.02(0.95,1.10)","1.03(0.96,1.11)","0.0856","0.4664","0.5713","0.4126","1.0007","1.0004","1.0004","1.0006",4642,3502,3141,2829,3519,3598,3586,3369
"G20_G30_G12.2_F01_F03","2000_2005","2021_2024",20,"Census_Region_1_EQI_Air+SM+PA+OB","1.00(1.00,1.00)","0.99(0.89,1.08)","0.97(0.89,1.06)","1.03(0.95,1.12)","1.00(0.92,1.08)","0.7580","0.5164","0.5509","0.9288","1.0016","1.0004","1.0013","1.0010",4182,3472,3013,3088,3796,3241,3410,3404
"G20_G30_G12.2_F01_F03","2000_2005","2021_2024",20,"Census_Region_1_EQI_Water+SM+PA+OB","1.00(1.00,1.00)","0.99(0.90,1.07)","1.06(0.97,1.16)","1.06(0.99,1.15)","1.05(0.97,1.13)","0.7226","0.1723","0.0935","0.2789","0.9996","1.0015","1.0009","1.0011",5231,5088,4143,4582,3790,4162,3914,3977
"G20_G30_G12.2_F01_F03","2000_2005","2021_2024",20,"Census_Region_1_EQI_Land+SM+PA+OB","1.00(1.00,1.00)","0.98(0.90,1.07)","0.99(0.92,1.07)","1.03(0.95,1.11)","1.02(0.94,1.11)","0.6442","0.8188","0.5272","0.5905","1.0003","1.0013","1.0013","1.0011",3577,3066,3216,3299,3865,3281,2999,3570
"G20_G30_G12.2_F01_F03","2000_2005","2021_2024",20,"Census_Region_1_EQI_Built+SM+PA+OB","1.00(1.00,1.00)","0.95(0.86,1.05)","0.97(0.89,1.04)","1.04(0.96,1.12)","0.99(0.92,1.07)","0.3260","0.3685","0.3343","0.7963","1.0001","1.0007","1.0013","1.0011",4108,3768,3371,3295,3611,3969,3652,3452
"G20_G30_G12.2_F01_F03","2000_2005","2021_2024",20,"Census_Region_1_EQI_Social+SM+PA+OB","1.00(1.00,1.00)","1.03(0.94,1.13)","1.06(0.98,1.15)","1.06(0.98,1.14)","1.03(0.95,1.11)","0.4943","0.1189","0.1489","0.5001","1.0007","1.0007","1.0011","1.0019",4507,3458,3114,3077,3832,3347,3340,3367
"G20_G30_G12.2_F01_F03","2000_2005","2006_2010",5,"Census_Region_2_EQI+SM+PA+OB","1.00(1.00,1.00)","1.15(1.06,1.23)","1.16(1.08,1.24)","1.21(1.13,1.30)","1.29(1.20,1.39)","0.0002","0.0002","0.0002","0.0002","1.0029","1.0028","1.0034","1.0036",3041,2673,2246,2086,3312,3583,3401,3017
"G20_G30_G12.2_F01_F03","2000_2005","2006_2010",5,"Census_Region_2_EQI_Air+SM+PA+OB","1.00(1.00,1.00)","1.07(1.01,1.14)","1.08(1.01,1.16)","1.20(1.12,1.29)","1.17(1.08,1.26)","0.0356","0.0256","0.0002","0.0002","1.0013","1.0023","1.0018","1.0025",3138,3048,2423,2614,3129,3330,3030,3217
"G20_G30_G12.2_F01_F03","2000_2005","2006_2010",5,"Census_Region_2_EQI_Water+SM+PA+OB","1.00(1.00,1.00)","0.99(0.92,1.07)","0.98(0.91,1.06)","0.99(0.93,1.07)","1.02(0.95,1.11)","0.8075","0.5943","0.8525","0.5772","1.0010","1.0012","1.0019","1.0011",2822,2682,2532,2826,2991,3162,3808,3756
"G20_G30_G12.2_F01_F03","2000_2005","2006_2010",5,"Census_Region_2_EQI_Land+SM+PA+OB","1.00(1.00,1.00)","1.08(0.99,1.18)","1.14(1.04,1.24)","1.12(1.03,1.22)","1.11(1.02,1.20)","0.0956","0.0023","0.0144","0.0169","1.0021","1.0033","1.0033","1.0036",2601,2177,2044,2109,3441,2754,2905,2869
"G20_G30_G12.2_F01_F03","2000_2005","2006_2010",5,"Census_Region_2_EQI_Built+SM+PA+OB","1.00(1.00,1.00)","1.07(1.00,1.15)","1.07(1.00,1.14)","1.07(1.00,1.15)","1.03(0.96,1.11)","0.0423","0.0731","0.0489","0.4739","1.0015","1.0007","1.0024","1.0029",2995,2727,2670,2429,3242,3421,3618,3448
"G20_G30_G12.2_F01_F03","2000_2005","2006_2010",5,"Census_Region_2_EQI_Social+SM+PA+OB","1.00(1.00,1.00)","0.98(0.89,1.07)","0.99(0.91,1.08)","1.02(0.93,1.11)","1.10(1.00,1.21)","0.6538","0.7446","0.7080","0.0539","1.0013","1.0021","1.0027","1.0029",2787,2434,2221,2125,3413,3447,2966,2808
"G20_G30_G12.2_F01_F03","2000_2005","2011_2015",10,"Census_Region_2_EQI+SM+PA+OB","1.00(1.00,1.00)","1.17(1.09,1.25)","1.18(1.10,1.25)","1.23(1.16,1.32)","1.33(1.25,1.43)","0.0002","0.0002","0.0002","0.0002","1.0016","1.0024","1.0040","1.0032",2952,2338,2068,2013,3406,3524,3186,2732
"G20_G30_G12.2_F01_F03","2000_2005","2011_2015",10,"Census_Region_2_EQI_Air+SM+PA+OB","1.00(1.00,1.00)","1.08(1.01,1.15)","1.14(1.06,1.22)","1.20(1.12,1.28)","1.19(1.11,1.28)","0.0223","0.0002","0.0002","0.0002","1.0016","1.0020","1.0022","1.0018",3230,3089,2573,2541,3549,3289,3317,3151
"G20_G30_G12.2_F01_F03","2000_2005","2011_2015",10,"Census_Region_2_EQI_Water+SM+PA+OB","1.00(1.00,1.00)","0.96(0.89,1.04)","0.97(0.90,1.04)","0.98(0.92,1.06)","1.03(0.95,1.12)","0.3535","0.3918","0.6405","0.4114","1.0013","1.0013","1.0009","1.0013",1852,1851,1692,1993,2934,3334,3128,3067
"G20_G30_G12.2_F01_F03","2000_2005","2011_2015",10,"Census_Region_2_EQI_Land+SM+PA+OB","1.00(1.00,1.00)","1.04(0.95,1.13)","1.10(1.01,1.19)","1.10(1.02,1.19)","1.11(1.03,1.21)","0.4493","0.0260","0.0144","0.0069","1.0006","1.0005","1.0013","1.0013",3316,2760,2430,2286,3685,3366,3094,3364
"G20_G30_G12.2_F01_F03","2000_2005","2011_2015",10,"Census_Region_2_EQI_Built+SM+PA+OB","1.00(1.00,1.00)","1.12(1.05,1.19)","1.10(1.04,1.18)","1.11(1.04,1.18)","1.06(0.99,1.14)","0.0010","0.0015","0.0031","0.0956","1.0009","1.0011","1.0010","1.0007",3727,3316,3223,3135,3775,3548,3419,3415
"G20_G30_G12.2_F01_F03","2000_2005","2011_2015",10,"Census_Region_2_EQI_Social+SM+PA+OB","1.00(1.00,1.00)","0.98(0.90,1.08)","1.01(0.93,1.09)","1.08(1.00,1.17)","1.15(1.05,1.25)","0.7205","0.9184","0.0631","0.0023","1.0010","1.0019","1.0022","1.0021",3413,2565,2260,2145,3585,3317,3054,3132
"G20_G30_G12.2_F01_F03","2000_2005","2016_2020",15,"Census_Region_2_EQI+SM+PA+OB","1.00(1.00,1.00)","1.13(1.06,1.21)","1.13(1.07,1.20)","1.21(1.13,1.28)","1.29(1.21,1.37)","0.0002","0.0002","0.0002","0.0002","1.0017","1.0021","1.0018","1.0031",2991,2386,2022,1838,3029,3235,3206,2963
"G20_G30_G12.2_F01_F03","2000_2005","2016_2020",15,"Census_Region_2_EQI_Air+SM+PA+OB","1.00(1.00,1.00)","1.08(1.01,1.14)","1.13(1.06,1.20)","1.21(1.13,1.29)","1.19(1.11,1.28)","0.0169","0.0006","0.0002","0.0002","1.0016","1.0009","1.0018","1.0014",2535,2504,1995,1835,3358,3095,3201,2824
"G20_G30_G12.2_F01_F03","2000_2005","2016_2020",15,"Census_Region_2_EQI_Water+SM+PA+OB","1.00(1.00,1.00)","0.94(0.88,1.01)","0.98(0.91,1.05)","0.95(0.88,1.02)","1.04(0.97,1.12)","0.1119","0.5130","0.1423","0.2677","1.0012","1.0024","1.0018","1.0017",2363,2218,2378,2591,3235,2872,3301,3229
"G20_G30_G12.2_F01_F03","2000_2005","2016_2020",15,"Census_Region_2_EQI_Land+SM+PA+OB","1.00(1.00,1.00)","1.05(0.96,1.14)","1.07(0.99,1.16)","1.11(1.03,1.21)","1.11(1.03,1.20)","0.2876","0.0889","0.0040","0.0060","1.0017","1.0022","1.0017","1.0009",2392,2049,1774,1801,3183,2731,2441,2489
"G20_G30_G12.2_F01_F03","2000_2005","2016_2020",15,"Census_Region_2_EQI_Built+SM+PA+OB","1.00(1.00,1.00)","1.09(1.03,1.17)","1.10(1.03,1.17)","1.06(0.99,1.13)","1.04(0.97,1.11)","0.0052","0.0031","0.0764","0.2914","1.0009","1.0006","1.0003","1.0007",2950,2464,2307,2153,3199,3389,2728,2998
"G20_G30_G12.2_F01_F03","2000_2005","2016_2020",15,"Census_Region_2_EQI_Social+SM+PA+OB","1.00(1.00,1.00)","1.01(0.93,1.10)","1.05(0.97,1.13)","1.09(1.01,1.17)","1.15(1.06,1.25)","0.7421","0.2281","0.0356","0.0002","1.0025","1.0030","1.0028","1.0031",2782,2305,1984,2019,3425,2787,2653,2560
"G20_G30_G12.2_F01_F03","2000_2005","2021_2024",20,"Census_Region_2_EQI+SM+PA+OB","1.00(1.00,1.00)","1.19(1.11,1.27)","1.15(1.08,1.23)","1.20(1.12,1.28)","1.23(1.15,1.32)","0.0002","0.0002","0.0002","0.0002","1.0007","1.0019","1.0006","1.0008",3150,2368,2086,2021,3257,2731,2899,3062
"G20_G30_G12.2_F01_F03","2000_2005","2021_2024",20,"Census_Region_2_EQI_Air+SM+PA+OB","1.00(1.00,1.00)","1.07(1.01,1.14)","1.09(1.02,1.16)","1.15(1.07,1.23)","1.09(1.01,1.17)","0.0206","0.0069","0.0002","0.0240","1.0016","1.0017","1.0031","1.0034",3437,3313,2947,2614,3752,3562,3258,3291
"G20_G30_G12.2_F01_F03","2000_2005","2021_2024",20,"Census_Region_2_EQI_Water+SM+PA+OB","1.00(1.00,1.00)","0.95(0.88,1.03)","0.98(0.91,1.06)","0.96(0.90,1.04)","0.99(0.91,1.07)","0.2085","0.5818","0.2597","0.7600","1.0009","1.0004","1.0005","1.0014",2184,2511,2314,2572,2829,3504,3186,3373
"G20_G30_G12.2_F01_F03","2000_2005","2021_2024",20,"Census_Region_2_EQI_Land+SM+PA+OB","1.00(1.00,1.00)","1.04(0.96,1.13)","1.08(1.00,1.17)","1.15(1.06,1.24)","1.11(1.03,1.21)","0.3101","0.0535","0.0006","0.0077","1.0016","1.0021","1.0024","1.0036",2660,2311,1924,1631,3629,3475,3206,3069
"G20_G30_G12.2_F01_F03","2000_2005","2021_2024",20,"Census_Region_2_EQI_Built+SM+PA+OB","1.00(1.00,1.00)","1.12(1.05,1.19)","1.11(1.04,1.18)","1.09(1.02,1.16)","1.04(0.97,1.12)","0.0006","0.0006","0.0081","0.2172","1.0001","0.9996","0.9995","1.0019",3633,3111,2914,2779,3882,3248,3674,3449
"G20_G30_G12.2_F01_F03","2000_2005","2021_2024",20,"Census_Region_2_EQI_Social+SM+PA+OB","1.00(1.00,1.00)","1.00(0.91,1.08)","1.03(0.95,1.11)","1.06(0.98,1.14)","1.09(1.00,1.19)","0.9304","0.5276","0.1539","0.0373","1.0005","1.0022","1.0027","1.0031",3537,2384,2296,2159,3493,2792,2911,3017
"G20_G30_G12.2_F01_F03","2000_2005","2006_2010",5,"Census_Region_3_EQI+SM+PA+OB","1.00(1.00,1.00)","1.07(1.02,1.11)","1.12(1.07,1.17)","1.15(1.10,1.21)","1.19(1.12,1.27)","0.0006","0.0002","0.0002","0.0002","1.0002","1.0004","1.0003","1.0009",3820,3203,2766,2843,3781,3533,3634,3353
"G20_G30_G12.2_F01_F03","2000_2005","2006_2010",5,"Census_Region_3_EQI_Air+SM+PA+OB","1.00(1.00,1.00)","1.03(0.97,1.10)","1.10(1.04,1.18)","1.16(1.09,1.24)","1.20(1.12,1.29)","0.4001","0.0015","0.0002","0.0002","1.0014","1.0018","1.0026","1.0015",3024,2580,2344,2396,3515,3363,3496,3137
"G20_G30_G12.2_F01_F03","2000_2005","2006_2010",5,"Census_Region_3_EQI_Water+SM+PA+OB","1.00(1.00,1.00)","1.03(0.96,1.10)","1.02(0.95,1.09)","1.07(1.00,1.15)","1.03(0.95,1.10)","0.3839","0.6009","0.0589","0.4701","1.0008","1.0014","1.0010","1.0014",3191,3054,3196,3445,3016,3732,3249,3406
"G20_G30_G12.2_F01_F03","2000_2005","2006_2010",5,"Census_Region_3_EQI_Land+SM+PA+OB","1.00(1.00,1.00)","1.01(0.97,1.06)","1.02(0.97,1.07)","0.98(0.91,1.05)","1.00(0.91,1.09)","0.5159","0.3893","0.4984","0.9908","1.0000","0.9999","1.0006","1.0012",6481,5637,5439,5535,4240,3839,3347,3669
"G20_G30_G12.2_F01_F03","2000_2005","2006_2010",5,"Census_Region_3_EQI_Built+SM+PA+OB","1.00(1.00,1.00)","1.02(0.97,1.07)","1.05(1.00,1.10)","1.05(0.99,1.11)","1.03(0.97,1.10)","0.4276","0.0702","0.0877","0.3072","1.0011","1.0016","1.0001","1.0010",4570,4312,3896,3740,3722,3895,3590,3823
"G20_G30_G12.2_F01_F03","2000_2005","2006_2010",5,"Census_Region_3_EQI_Social+SM+PA+OB","1.00(1.00,1.00)","1.08(1.03,1.13)","1.07(1.02,1.14)","1.11(1.04,1.18)","1.16(1.07,1.25)","0.0002","0.0119","0.0040","0.0002","1.0000","1.0014","1.0000","1.0001",4004,3795,3786,3338,3820,3339,3666,3543
"G20_G30_G12.2_F01_F03","2000_2005","2011_2015",10,"Census_Region_3_EQI+SM+PA+OB","1.00(1.00,1.00)","1.08(1.04,1.11)","1.11(1.07,1.15)","1.15(1.10,1.21)","1.18(1.12,1.25)","0.0006","0.0002","0.0002","0.0002","1.0003","1.0007","1.0020","1.0004",2841,2641,2526,2388,3167,3041,3315,3106
"G20_G30_G12.2_F01_F03","2000_2005","2011_2015",10,"Census_Region_3_EQI_Air+SM+PA+OB","1.00(1.00,1.00)","1.02(0.97,1.08)","1.10(1.04,1.16)","1.14(1.08,1.21)","1.18(1.11,1.25)","0.4676","0.0015","0.0002","0.0002","1.0002","1.0005","1.0018","1.0020",2886,2808,2674,2790,3435,3266,2770,3367
"G20_G30_G12.2_F01_F03","2000_2005","2011_2015",10,"Census_Region_3_EQI_Water+SM+PA+OB","1.00(1.00,1.00)","1.03(0.97,1.09)","1.02(0.96,1.07)","1.06(1.00,1.12)","1.03(0.96,1.09)","0.3210","0.6067","0.0444","0.4226","1.0009","1.0011","1.0007","1.0003",2989,3060,2995,2944,3649,3659,3526,3528
"G20_G30_G12.2_F01_F03","2000_2005","2011_2015",10,"Census_Region_3_EQI_Land+SM+PA+OB","1.00(1.00,1.00)","1.00(0.96,1.03)","1.02(0.98,1.06)","0.99(0.93,1.05)","0.97(0.89,1.05)","0.8113","0.3089","0.7859","0.4030","1.0005","1.0012","1.0002","1.0002",4707,5115,5905,5025,3782,3867,3810,3163
"G20_G30_G12.2_F01_F03","2000_2005","2011_2015",10,"Census_Region_3_EQI_Built+SM+PA+OB","1.00(1.00,1.00)","1.04(1.00,1.08)","1.06(1.02,1.11)","1.05(1.00,1.10)","1.03(0.98,1.09)","0.0444","0.0031","0.0290","0.2452","1.0008","1.0005","1.0009","1.0017",4576,4201,4010,3664,3910,3227,3008,3730
"G20_G30_G12.2_F01_F03","2000_2005","2011_2015",10,"Census_Region_3_EQI_Social+SM+PA+OB","1.00(1.00,1.00)","1.05(1.01,1.09)","1.06(1.01,1.11)","1.07(1.01,1.13)","1.10(1.03,1.17)","0.0194","0.0190","0.0219","0.0077","1.0007","1.0009","1.0006","1.0023",3581,3390,3322,2843,3815,3627,3111,3534
"G20_G30_G12.2_F01_F03","2000_2005","2016_2020",15,"Census_Region_3_EQI+SM+PA+OB","1.00(1.00,1.00)","1.06(1.03,1.10)","1.09(1.05,1.13)","1.12(1.07,1.17)","1.13(1.06,1.19)","0.0002","0.0002","0.0002","0.0002","1.0017","1.0015","1.0015","1.0014",3249,2702,2539,2518,3376,3415,3189,3275
"G20_G30_G12.2_F01_F03","2000_2005","2016_2020",15,"Census_Region_3_EQI_Air+SM+PA+OB","1.00(1.00,1.00)","1.02(0.96,1.07)","1.06(1.01,1.12)","1.09(1.03,1.15)","1.10(1.04,1.16)","0.5751","0.0277","0.0010","0.0019","1.0006","1.0009","1.0003","1.0011",2735,2511,2386,2445,3529,3002,3234,3189
"G20_G30_G12.2_F01_F03","2000_2005","2016_2020",15,"Census_Region_3_EQI_Water+SM+PA+OB","1.00(1.00,1.00)","1.00(0.94,1.05)","0.97(0.91,1.02)","1.03(0.97,1.09)","1.02(0.96,1.08)","0.8684","0.2039","0.2981","0.5276","1.0005","1.0010","1.0006","1.0012",3201,2860,2915,3141,3879,3370,3468,3407
"G20_G30_G12.2_F01_F03","2000_2005","2016_2020",15,"Census_Region_3_EQI_Land+SM+PA+OB","1.00(1.00,1.00)","1.00(0.97,1.04)","1.03(0.99,1.07)","0.98(0.92,1.04)","1.01(0.94,1.09)","0.7592","0.1764","0.4859","0.6896","1.0001","1.0005","1.0018","1.0014",4682,4657,5762,5991,4188,3815,3764,3912
"G20_G30_G12.2_F01_F03","2000_2005","2016_2020",15,"Census_Region_3_EQI_Built+SM+PA+OB","1.00(1.00,1.00)","1.06(1.02,1.10)","1.06(1.02,1.11)","1.08(1.04,1.13)","1.09(1.03,1.14)","0.0056","0.0035","0.0006","0.0015","1.0015","1.0014","1.0000","1.0005",4261,4226,3472,3479,3616,3851,3786,3687
"G20_G30_G12.2_F01_F03","2000_2005","2016_2020",15,"Census_Region_3_EQI_Social+SM+PA+OB","1.00(1.00,1.00)","1.03(0.99,1.07)","1.02(0.97,1.06)","1.02(0.97,1.07)","1.03(0.97,1.10)","0.1010","0.4247","0.4768","0.2901","0.9999","1.0003","1.0008","1.0005",3832,3628,3305,2947,3634,3712,3809,3654
"G20_G30_G12.2_F01_F03","2000_2005","2021_2024",20,"Census_Region_3_EQI+SM+PA+OB","1.00(1.00,1.00)","1.05(1.01,1.09)","1.04(1.00,1.08)","1.07(1.02,1.12)","1.05(0.99,1.11)","0.0069","0.0423","0.0048","0.1248","1.0009","1.0009","1.0000","1.0007",3170,2925,2752,2468,3423,3416,3129,3261
"G20_G30_G12.2_F01_F03","2000_2005","2021_2024",20,"Census_Region_3_EQI_Air+SM+PA+OB","1.00(1.00,1.00)","1.04(0.98,1.10)","1.04(0.99,1.10)","1.06(1.00,1.12)","1.04(0.98,1.10)","0.1689","0.1331","0.0323","0.1893","1.0003","1.0001","1.0001","1.0001",2909,2661,2512,2360,3600,3475,3514,3156
"G20_G30_G12.2_F01_F03","2000_2005","2021_2024",20,"Census_Region_3_EQI_Water+SM+PA+OB","1.00(1.00,1.00)","1.00(0.95,1.06)","0.97(0.92,1.03)","1.02(0.97,1.08)","1.05(0.99,1.12)","0.9088","0.3135","0.4489","0.1081","1.0010","1.0012","1.0005","1.0016",3227,3117,3251,3415,3724,3662,3873,3494
"G20_G30_G12.2_F01_F03","2000_2005","2021_2024",20,"Census_Region_3_EQI_Land+SM+PA+OB","1.00(1.00,1.00)","1.02(0.98,1.05)","1.03(0.99,1.07)","1.01(0.95,1.07)","1.01(0.94,1.09)","0.3730","0.1643","0.7488","0.7684","1.0015","1.0009","1.0026","1.0001",4932,5238,6723,5917,3437,4029,3635,3683
"G20_G30_G12.2_F01_F03","2000_2005","2021_2024",20,"Census_Region_3_EQI_Built+SM+PA+OB","1.00(1.00,1.00)","1.06(1.02,1.10)","1.08(1.03,1.12)","1.08(1.04,1.13)","1.08(1.03,1.14)","0.0031","0.0006","0.0019","0.0027","1.0029","1.0018","1.0020","1.0013",4132,3939,3467,3384,3372,3470,3451,3854
"G20_G30_G12.2_F01_F03","2000_2005","2021_2024",20,"Census_Region_3_EQI_Social+SM+PA+OB","1.00(1.00,1.00)","1.01(0.97,1.05)","0.97(0.92,1.02)","0.97(0.91,1.03)","0.97(0.91,1.04)","0.7621","0.2106","0.2881","0.4385","1.0016","1.0007","1.0006","1.0008",3662,3163,3147,2553,3443,3235,3405,3460
"G20_G30_G12.2_F01_F03","2000_2005","2006_2010",5,"Census_Region_4_EQI+SM+PA+OB","1.00(1.00,1.00)","1.08(0.99,1.19)","1.18(1.08,1.29)","1.26(1.14,1.39)","1.37(1.24,1.51)","0.1019","0.0015","0.0002","0.0002","1.0006","1.0013","1.0016","1.0007",3465,3254,2684,2405,3765,4027,3424,2998
"G20_G30_G12.2_F01_F03","2000_2005","2006_2010",5,"Census_Region_4_EQI_Air+SM+PA+OB","1.00(1.00,1.00)","1.08(0.97,1.19)","1.18(1.06,1.32)","1.27(1.14,1.41)","1.31(1.16,1.47)","0.1339","0.0031","0.0002","0.0002","1.0013","1.0025","1.0009","1.0022",4291,4226,4123,3508,3108,3606,3896,3139
"G20_G30_G12.2_F01_F03","2000_2005","2006_2010",5,"Census_Region_4_EQI_Water+SM+PA+OB","1.00(1.00,1.00)","0.79(0.66,0.93)","1.05(0.92,1.22)","1.04(0.90,1.19)","1.06(0.93,1.19)","0.0056","0.4772","0.6292","0.3993","1.0004","1.0004","1.0011","1.0017",3219,2938,2921,2749,3372,3584,3643,3295
"G20_G30_G12.2_F01_F03","2000_2005","2006_2010",5,"Census_Region_4_EQI_Land+SM+PA+OB","1.00(1.00,1.00)","1.05(0.88,1.25)","1.07(0.94,1.23)","1.07(0.94,1.22)","1.11(0.98,1.27)","0.5763","0.3343","0.2926","0.0998","0.9998","1.0008","1.0005","1.0014",4047,3159,2859,2597,3429,3005,2995,3589
"G20_G30_G12.2_F01_F03","2000_2005","2006_2010",5,"Census_Region_4_EQI_Built+SM+PA+OB","1.00(1.00,1.00)","1.07(0.95,1.21)","1.17(1.04,1.31)","1.19(1.06,1.33)","1.11(0.99,1.24)","0.2785","0.0102","0.0023","0.0881","0.9999","1.0012","1.0008","1.0008",3810,3244,3025,2621,3501,3305,3416,3518
"G20_G30_G12.2_F01_F03","2000_2005","2006_2010",5,"Census_Region_4_EQI_Social+SM+PA+OB","1.00(1.00,1.00)","1.03(0.92,1.15)","1.13(1.02,1.26)","1.10(0.98,1.24)","1.15(1.02,1.32)","0.6347","0.0231","0.1002","0.0281","1.0008","1.0019","1.0005","1.0015",4153,3849,3315,2849,3857,3781,3692,3548
"G20_G30_G12.2_F01_F03","2000_2005","2011_2015",10,"Census_Region_4_EQI+SM+PA+OB","1.00(1.00,1.00)","1.04(0.95,1.14)","1.17(1.07,1.28)","1.24(1.13,1.36)","1.36(1.24,1.49)","0.4072","0.0010","0.0002","0.0002","1.0005","1.0014","1.0013","1.0020",3435,3278,2686,2519,3493,2926,3172,2894
"G20_G30_G12.2_F01_F03","2000_2005","2011_2015",10,"Census_Region_4_EQI_Air+SM+PA+OB","1.00(1.00,1.00)","1.13(1.03,1.24)","1.22(1.10,1.35)","1.31(1.19,1.45)","1.29(1.16,1.43)","0.0077","0.0002","0.0002","0.0002","1.0012","1.0010","1.0005","1.0003",3955,4387,3831,4015,3676,3542,3814,3652
"G20_G30_G12.2_F01_F03","2000_2005","2011_2015",10,"Census_Region_4_EQI_Water+SM+PA+OB","1.00(1.00,1.00)","0.80(0.67,0.92)","1.05(0.91,1.19)","1.09(0.96,1.23)","1.07(0.95,1.21)","0.0048","0.5193","0.2114","0.2722","1.0004","1.0008","1.0011","1.0020",3000,2893,2897,2536,3627,3300,3562,3304
"G20_G30_G12.2_F01_F03","2000_2005","2011_2015",10,"Census_Region_4_EQI_Land+SM+PA+OB","1.00(1.00,1.00)","1.06(0.90,1.23)","1.05(0.92,1.19)","1.02(0.90,1.15)","1.10(0.98,1.25)","0.4576","0.5072","0.8434","0.1202","1.0013","1.0005","1.0025","1.0020",3625,2813,2569,2506,3410,3042,2862,2971
"G20_G30_G12.2_F01_F03","2000_2005","2011_2015",10,"Census_Region_4_EQI_Built+SM+PA+OB","1.00(1.00,1.00)","1.03(0.91,1.16)","1.08(0.97,1.21)","1.15(1.04,1.28)","1.11(1.00,1.24)","0.6067","0.1639","0.0102","0.0569","1.0021","0.9999","1.0017","1.0007",4101,3432,3343,3061,3704,3641,3861,3475
"G20_G30_G12.2_F01_F03","2000_2005","2011_2015",10,"Census_Region_4_EQI_Social+SM+PA+OB","1.00(1.00,1.00)","0.98(0.88,1.09)","1.15(1.04,1.27)","1.11(1.00,1.24)","1.16(1.03,1.31)","0.6942","0.0048","0.0589","0.0231","1.0007","1.0006","1.0011","1.0007",3588,2965,3203,2828,3552,3518,3488,3224
"G20_G30_G12.2_F01_F03","2000_2005","2016_2020",15,"Census_Region_4_EQI+SM+PA+OB","1.00(1.00,1.00)","1.03(0.94,1.12)","1.11(1.02,1.21)","1.22(1.11,1.33)","1.32(1.21,1.44)","0.5118","0.0148","0.0002","0.0002","1.0004","1.0006","1.0023","1.0011",3805,3270,2938,2651,3768,3579,3471,3183
"G20_G30_G12.2_F01_F03","2000_2005","2016_2020",15,"Census_Region_4_EQI_Air+SM+PA+OB","1.00(1.00,1.00)","1.11(1.02,1.22)","1.18(1.07,1.30)","1.30(1.19,1.44)","1.27(1.15,1.42)","0.0156","0.0006","0.0002","0.0002","0.9999","1.0003","1.0011","1.0009",4568,4110,3807,3675,3941,3903,3648,3115
"G20_G30_G12.2_F01_F03","2000_2005","2016_2020",15,"Census_Region_4_EQI_Water+SM+PA+OB","1.00(1.00,1.00)","0.87(0.74,1.00)","1.11(0.98,1.26)","0.99(0.87,1.12)","1.03(0.91,1.15)","0.0435","0.1069","0.8638","0.6851","1.0006","1.0004","1.0018","1.0020",3036,2539,2470,2375,3471,3449,3253,3385
"G20_G30_G12.2_F01_F03","2000_2005","2016_2020",15,"Census_Region_4_EQI_Land+SM+PA+OB","1.00(1.00,1.00)","1.04(0.89,1.21)","1.04(0.92,1.18)","1.02(0.90,1.15)","1.10(0.98,1.24)","0.6280","0.5376","0.7846","0.1010","1.0002","1.0020","1.0013","1.0020",3879,2868,2591,2556,3800,3509,3405,3132
"G20_G30_G12.2_F01_F03","2000_2005","2016_2020",15,"Census_Region_4_EQI_Built+SM+PA+OB","1.00(1.00,1.00)","1.03(0.92,1.15)","1.11(1.00,1.23)","1.12(1.01,1.24)","1.14(1.03,1.27)","0.5872","0.0585","0.0240","0.0123","1.0006","1.0006","1.0018","1.0021",3803,3328,3099,2679,3567,3714,3710,3325
"G20_G30_G12.2_F01_F03","2000_2005","2016_2020",15,"Census_Region_4_EQI_Social+SM+PA+OB","1.00(1.00,1.00)","0.99(0.89,1.10)","1.14(1.04,1.26)","1.14(1.03,1.27)","1.15(1.02,1.30)","0.8263","0.0073","0.0119","0.0227","1.0007","1.0013","1.0022","1.0010",3738,3140,3084,2680,3779,2911,3451,3221
"G20_G30_G12.2_F01_F03","2000_2005","2021_2024",20,"Census_Region_4_EQI+SM+PA+OB","1.00(1.00,1.00)","0.99(0.90,1.08)","1.08(0.99,1.18)","1.18(1.08,1.29)","1.24(1.13,1.36)","0.7746","0.0969","0.0006","0.0002","0.9997","1.0006","1.0000","1.0014",4036,3409,3384,2767,3768,3486,3826,3025
"G20_G30_G12.2_F01_F03","2000_2005","2021_2024",20,"Census_Region_4_EQI_Air+SM+PA+OB","1.00(1.00,1.00)","1.08(0.98,1.19)","1.17(1.06,1.29)","1.26(1.14,1.39)","1.25(1.12,1.39)","0.1089","0.0035","0.0002","0.0002","1.0008","1.0030","1.0002","1.0005",4447,4143,3519,4052,3810,3655,3588,3316
"G20_G30_G12.2_F01_F03","2000_2005","2021_2024",20,"Census_Region_4_EQI_Water+SM+PA+OB","1.00(1.00,1.00)","0.85(0.73,0.98)","1.04(0.91,1.18)","1.04(0.92,1.18)","1.04(0.93,1.17)","0.0231","0.6030","0.5347","0.5064","1.0015","1.0010","1.0000","1.0017",3325,3069,3204,2513,3933,3540,3447,2971
"G20_G30_G12.2_F01_F03","2000_2005","2021_2024",20,"Census_Region_4_EQI_Land+SM+PA+OB","1.00(1.00,1.00)","0.98(0.83,1.15)","1.09(0.96,1.24)","1.01(0.89,1.13)","1.06(0.94,1.19)","0.8280","0.1681","0.9438","0.3685","0.9996","1.0013","1.0018","1.0011",4660,3352,2775,2742,3587,3586,3451,3523
"G20_G30_G12.2_F01_F03","2000_2005","2021_2024",20,"Census_Region_4_EQI_Built+SM+PA+OB","1.00(1.00,1.00)","1.05(0.93,1.17)","1.08(0.97,1.21)","1.09(0.98,1.22)","1.06(0.96,1.18)","0.4185","0.1610","0.0919","0.2806","1.0013","1.0013","1.0013","1.0022",4185,4053,3465,3155,3639,3930,3149,3375
"G20_G30_G12.2_F01_F03","2000_2005","2021_2024",20,"Census_Region_4_EQI_Social+SM+PA+OB","1.00(1.00,1.00)","1.05(0.94,1.16)","1.11(1.01,1.23)","1.10(0.99,1.23)","1.09(0.96,1.22)","0.4051","0.0319","0.0669","0.1773","1.0010","1.0009","1.0006","1.0014",4276,3662,3489,2987,3791,3319,3470,3164
"G20_G30_G12.2_F01_F03","2000_2005","2006_2010",5,"koppen_major_B_EQI+SM+PA+OB","1.00(1.00,1.00)","1.07(0.97,1.19)","1.14(1.03,1.26)","1.15(1.02,1.28)","1.18(1.04,1.34)","0.1656","0.0123","0.0302","0.0098","1.0022","1.0016","1.0015","1.0004",4896,4785,4090,4179,3696,3703,3681,3604
"G20_G30_G12.2_F01_F03","2000_2005","2006_2010",5,"koppen_major_B_EQI_Air+SM+PA+OB","1.00(1.00,1.00)","1.00(0.88,1.13)","1.09(0.95,1.24)","1.13(0.98,1.29)","1.10(0.92,1.29)","0.9629","0.2118","0.0910","0.2593","1.0019","0.9995","1.0007","1.0019",4620,4456,4647,5296,3285,3603,3755,3874
"G20_G30_G12.2_F01_F03","2000_2005","2006_2010",5,"koppen_major_B_EQI_Water+SM+PA+OB","1.00(1.00,1.00)","0.97(0.83,1.12)","1.00(0.86,1.14)","1.14(1.00,1.30)","1.11(0.98,1.27)","0.6067","0.9342","0.0502","0.1094","1.0004","1.0011","1.0007","1.0009",3753,3768,3374,2935,3290,3860,3589,3127
"G20_G30_G12.2_F01_F03","2000_2005","2006_2010",5,"koppen_major_B_EQI_Land+SM+PA+OB","1.00(1.00,1.00)","1.08(0.94,1.24)","1.03(0.90,1.17)","1.05(0.92,1.21)","1.08(0.94,1.25)","0.2851","0.7076","0.4809","0.2810","1.0001","1.0015","1.0006","1.0003",3318,3264,2642,3043,3865,3656,3404,3286
"G20_G30_G12.2_F01_F03","2000_2005","2006_2010",5,"koppen_major_B_EQI_Built+SM+PA+OB","1.00(1.00,1.00)","1.04(0.91,1.17)","1.11(0.98,1.25)","1.10(0.97,1.24)","1.06(0.93,1.21)","0.5601","0.1060","0.1310","0.3697","1.0015","1.0005","1.0004","1.0018",3965,4171,4360,3662,3503,3431,3766,3388
"G20_G30_G12.2_F01_F03","2000_2005","2006_2010",5,"koppen_major_B_EQI_Social+SM+PA+OB","1.00(1.00,1.00)","0.98(0.86,1.11)","1.00(0.88,1.14)","1.00(0.86,1.15)","1.05(0.88,1.22)","0.7113","0.9783","0.9875","0.6155","1.0013","1.0022","1.0009","1.0006",3846,3613,3827,4165,3674,3629,3779,3485
"G20_G30_G12.2_F01_F03","2000_2005","2011_2015",10,"koppen_major_B_EQI+SM+PA+OB","1.00(1.00,1.00)","1.08(0.98,1.19)","1.14(1.04,1.25)","1.17(1.05,1.30)","1.18(1.05,1.32)","0.1214","0.0131","0.0044","0.0019","1.0004","1.0002","1.0015","1.0014",3671,4222,4041,3993,3279,3074,3697,3671
"G20_G30_G12.2_F01_F03","2000_2005","2011_2015",10,"koppen_major_B_EQI_Air+SM+PA+OB","1.00(1.00,1.00)","1.01(0.89,1.12)","1.10(0.97,1.23)","1.10(0.96,1.24)","1.07(0.90,1.24)","0.8888","0.1127","0.1518","0.4151","1.0008","1.0016","1.0005","0.9995",4475,4432,3893,4841,3613,3385,3720,3346
"G20_G30_G12.2_F01_F03","2000_2005","2011_2015",10,"koppen_major_B_EQI_Water+SM+PA+OB","1.00(1.00,1.00)","0.90(0.77,1.04)","1.02(0.89,1.16)","1.15(1.03,1.30)","1.11(0.99,1.26)","0.1535","0.7850","0.0156","0.0831","1.0016","1.0011","1.0019","1.0003",3603,3540,2756,2994,3670,3561,3330,3113
"G20_G30_G12.2_F01_F03","2000_2005","2011_2015",10,"koppen_major_B_EQI_Land+SM+PA+OB","1.00(1.00,1.00)","1.07(0.94,1.21)","0.99(0.88,1.12)","1.03(0.90,1.16)","1.11(0.98,1.27)","0.3147","0.8713","0.7080","0.1110","1.0023","1.0000","1.0014","1.0017",3441,3160,3117,2784,3497,3750,3476,3307
"G20_G30_G12.2_F01_F03","2000_2005","2011_2015",10,"koppen_major_B_EQI_Built+SM+PA+OB","1.00(1.00,1.00)","1.09(0.97,1.22)","1.09(0.97,1.22)","1.06(0.94,1.19)","1.11(0.98,1.24)","0.1464","0.1706","0.3235","0.1064","0.9999","1.0013","1.0019","1.0007",3999,4162,3929,3618,3287,3892,3507,2850
"G20_G30_G12.2_F01_F03","2000_2005","2011_2015",10,"koppen_major_B_EQI_Social+SM+PA+OB","1.00(1.00,1.00)","0.96(0.85,1.08)","1.04(0.93,1.17)","1.04(0.91,1.17)","1.07(0.92,1.23)","0.4955","0.4918","0.6055","0.4110","1.0011","1.0008","1.0013","1.0016",4348,3830,3578,4209,3727,3461,3626,4038
"G20_G30_G12.2_F01_F03","2000_2005","2016_2020",15,"koppen_major_B_EQI+SM+PA+OB","1.00(1.00,1.00)","1.09(0.99,1.19)","1.12(1.02,1.23)","1.15(1.04,1.28)","1.21(1.08,1.36)","0.0769","0.0165","0.0098","0.0010","1.0014","0.9998","1.0001","0.9998",4793,4445,3736,3953,3520,3769,3700,3562
"G20_G30_G12.2_F01_F03","2000_2005","2016_2020",15,"koppen_major_B_EQI_Air+SM+PA+OB","1.00(1.00,1.00)","1.11(1.00,1.23)","1.10(0.98,1.23)","1.13(0.99,1.27)","1.05(0.88,1.23)","0.0569","0.1023","0.0735","0.5384","1.0003","1.0000","1.0018","1.0014",4880,4570,4601,4692,3862,3433,3834,3623
"G20_G30_G12.2_F01_F03","2000_2005","2016_2020",15,"koppen_major_B_EQI_Water+SM+PA+OB","1.00(1.00,1.00)","0.94(0.81,1.09)","1.06(0.93,1.21)","1.11(0.98,1.25)","1.11(0.98,1.26)","0.3885","0.3689","0.0914","0.0848","1.0005","1.0013","1.0007","1.0010",3305,3300,3287,3193,2991,3472,3633,3125
"G20_G30_G12.2_F01_F03","2000_2005","2016_2020",15,"koppen_major_B_EQI_Land+SM+PA+OB","1.00(1.00,1.00)","1.06(0.93,1.19)","1.00(0.88,1.13)","1.05(0.93,1.20)","1.10(0.97,1.26)","0.4097","0.9808","0.4464","0.1585","1.0038","1.0013","1.0005","1.0000",3640,3177,3344,3326,3622,3106,2843,3435
"G20_G30_G12.2_F01_F03","2000_2005","2016_2020",15,"koppen_major_B_EQI_Built+SM+PA+OB","1.00(1.00,1.00)","1.08(0.97,1.21)","1.14(1.02,1.27)","1.09(0.97,1.22)","1.15(1.01,1.29)","0.1643","0.0227","0.1368","0.0285","1.0012","1.0004","1.0014","1.0002",4279,4090,3720,3900,4048,3433,3590,3529
"G20_G30_G12.2_F01_F03","2000_2005","2016_2020",15,"koppen_major_B_EQI_Social+SM+PA+OB","1.00(1.00,1.00)","0.94(0.83,1.06)","1.03(0.92,1.16)","1.08(0.96,1.22)","1.09(0.94,1.26)","0.2993","0.6805","0.2272","0.2481","1.0008","1.0016","1.0010","1.0007",4124,3782,3423,3495,3866,3687,3721,3329
"G20_G30_G12.2_F01_F03","2000_2005","2021_2024",20,"koppen_major_B_EQI+SM+PA+OB","1.00(1.00,1.00)","1.04(0.95,1.14)","1.09(0.99,1.20)","1.13(1.02,1.24)","1.15(1.03,1.28)","0.3730","0.0652","0.0219","0.0177","1.0013","1.0014","1.0012","1.0004",5109,4418,4220,4682,3559,3456,3688,3813
"G20_G30_G12.2_F01_F03","2000_2005","2021_2024",20,"koppen_major_B_EQI_Air+SM+PA+OB","1.00(1.00,1.00)","1.02(0.92,1.14)","1.03(0.91,1.16)","1.08(0.95,1.21)","1.02(0.87,1.18)","0.6896","0.5726","0.2443","0.7859","1.0010","1.0018","1.0015","1.0006",5175,5605,5546,5736,3837,3695,3618,3702
"G20_G30_G12.2_F01_F03","2000_2005","2021_2024",20,"koppen_major_B_EQI_Water+SM+PA+OB","1.00(1.00,1.00)","0.86(0.74,0.99)","1.09(0.96,1.22)","1.11(0.99,1.25)","1.06(0.94,1.19)","0.0390","0.2093","0.0769","0.3518","1.0009","1.0018","1.0027","1.0006",4540,4307,3989,3659,3110,3657,3603,3173
"G20_G30_G12.2_F01_F03","2000_2005","2021_2024",20,"koppen_major_B_EQI_Land+SM+PA+OB","1.00(1.00,1.00)","1.02(0.90,1.15)","1.07(0.95,1.20)","1.03(0.91,1.16)","1.10(0.96,1.25)","0.7338","0.2589","0.6530","0.1602","1.0015","1.0017","1.0011","1.0016",4507,3904,3273,3806,4007,3542,3418,3898
"G20_G30_G12.2_F01_F03","2000_2005","2021_2024",20,"koppen_major_B_EQI_Built+SM+PA+OB","1.00(1.00,1.00)","1.09(0.98,1.22)","1.08(0.97,1.21)","1.08(0.96,1.20)","1.13(1.01,1.27)","0.0981","0.1718","0.2047","0.0302","1.0013","1.0003","1.0000","1.0004",4915,4937,4808,4437,3853,3983,3868,3480
"G20_G30_G12.2_F01_F03","2000_2005","2021_2024",20,"koppen_major_B_EQI_Social+SM+PA+OB","1.00(1.00,1.00)","0.96(0.85,1.07)","1.05(0.94,1.17)","1.06(0.94,1.19)","1.08(0.95,1.23)","0.4097","0.3735","0.3239","0.2435","1.0016","1.0003","1.0000","1.0003",5183,4451,5076,4881,3833,3604,4161,4010
"G20_G30_G12.2_F01_F03","2000_2005","2006_2010",5,"koppen_major_C_EQI+SM+PA+OB","1.00(1.00,1.00)","1.08(1.04,1.13)","1.16(1.11,1.21)","1.21(1.15,1.28)","1.28(1.20,1.36)","0.0002","0.0002","0.0002","0.0002","1.0009","1.0004","1.0006","0.9999",3586,2981,2863,2601,3749,3740,3370,3357
"G20_G30_G12.2_F01_F03","2000_2005","2006_2010",5,"koppen_major_C_EQI_Air+SM+PA+OB","1.00(1.00,1.00)","1.08(1.01,1.16)","1.15(1.08,1.24)","1.25(1.17,1.34)","1.29(1.21,1.40)","0.0319","0.0002","0.0002","0.0002","1.0015","1.0029","1.0026","1.0027",2648,2198,2195,2005,3656,3277,3180,2976
"G20_G30_G12.2_F01_F03","2000_2005","2006_2010",5,"koppen_major_C_EQI_Water+SM+PA+OB","1.00(1.00,1.00)","1.01(0.94,1.08)","1.01(0.94,1.09)","0.99(0.91,1.07)","1.01(0.92,1.09)","0.8513","0.7963","0.8292","0.8625","1.0004","1.0010","1.0006","1.0010",2284,2070,2166,2196,3238,3035,3052,2974
"G20_G30_G12.2_F01_F03","2000_2005","2006_2010",5,"koppen_major_C_EQI_Land+SM+PA+OB","1.00(1.00,1.00)","1.02(0.97,1.07)","1.05(0.99,1.10)","0.99(0.92,1.05)","1.04(0.97,1.12)","0.3585","0.0964","0.6797","0.2735","1.0004","0.9999","1.0007","1.0002",4204,4092,3924,3709,3944,3243,3786,3791
"G20_G30_G12.2_F01_F03","2000_2005","2006_2010",5,"koppen_major_C_EQI_Built+SM+PA+OB","1.00(1.00,1.00)","1.03(0.98,1.09)","1.07(1.01,1.12)","1.07(1.01,1.13)","1.04(0.98,1.11)","0.1873","0.0185","0.0227","0.2135","1.0009","1.0009","1.0003","1.0008",3666,3116,2890,2929,3082,3762,3458,3650
"G20_G30_G12.2_F01_F03","2000_2005","2006_2010",5,"koppen_major_C_EQI_Social+SM+PA+OB","1.00(1.00,1.00)","1.10(1.05,1.15)","1.08(1.02,1.14)","1.12(1.05,1.20)","1.20(1.11,1.29)","0.0002","0.0119","0.0002","0.0002","1.0014","1.0013","1.0014","1.0024",3010,2560,2432,2079,2785,3068,2981,2990
"G20_G30_G12.2_F01_F03","2000_2005","2011_2015",10,"koppen_major_C_EQI+SM+PA+OB","1.00(1.00,1.00)","1.07(1.04,1.12)","1.12(1.08,1.17)","1.18(1.13,1.23)","1.24(1.18,1.31)","0.0002","0.0002","0.0002","0.0002","1.0006","0.9999","1.0006","1.0011",3516,2920,2618,2489,3229,2928,2856,3218
"G20_G30_G12.2_F01_F03","2000_2005","2011_2015",10,"koppen_major_C_EQI_Air+SM+PA+OB","1.00(1.00,1.00)","1.06(1.00,1.12)","1.14(1.08,1.21)","1.22(1.15,1.29)","1.25(1.18,1.33)","0.0473","0.0002","0.0002","0.0002","1.0030","1.0027","1.0043","1.0036",2062,1980,1842,1686,3272,2862,2792,2818
"G20_G30_G12.2_F01_F03","2000_2005","2011_2015",10,"koppen_major_C_EQI_Water+SM+PA+OB","1.00(1.00,1.00)","1.02(0.96,1.08)","0.97(0.92,1.03)","1.01(0.95,1.08)","1.02(0.95,1.08)","0.6151","0.3910","0.6601","0.6605","1.0010","1.0023","1.0016","1.0012",2048,1908,2150,1930,3495,2635,3284,3305
"G20_G30_G12.2_F01_F03","2000_2005","2011_2015",10,"koppen_major_C_EQI_Land+SM+PA+OB","1.00(1.00,1.00)","1.00(0.96,1.04)","1.03(0.99,1.08)","1.00(0.94,1.05)","1.01(0.95,1.07)","0.8817","0.1077","0.8550","0.6967","1.0009","1.0014","1.0018","1.0013",3946,3275,3041,2933,3478,3650,4042,3888
"G20_G30_G12.2_F01_F03","2000_2005","2011_2015",10,"koppen_major_C_EQI_Built+SM+PA+OB","1.00(1.00,1.00)","1.05(1.01,1.10)","1.06(1.02,1.11)","1.05(1.01,1.10)","1.04(0.99,1.09)","0.0102","0.0027","0.0206","0.1731","1.0006","1.0003","1.0010","1.0011",3417,3228,2884,2785,3483,3438,3377,3224
"G20_G30_G12.2_F01_F03","2000_2005","2011_2015",10,"koppen_major_C_EQI_Social+SM+PA+OB","1.00(1.00,1.00)","1.04(1.00,1.09)","1.04(0.99,1.09)","1.07(1.01,1.12)","1.10(1.03,1.17)","0.0398","0.1298","0.0160","0.0015","1.0003","1.0008","1.0002","1.0008",3396,2883,2667,2489,3462,3401,3457,3192
"G20_G30_G12.2_F01_F03","2000_2005","2016_2020",15,"koppen_major_C_EQI+SM+PA+OB","1.00(1.00,1.00)","1.06(1.03,1.10)","1.10(1.06,1.14)","1.14(1.09,1.18)","1.19(1.13,1.25)","0.0010","0.0002","0.0002","0.0002","0.9994","1.0000","1.0005","1.0006",3558,2866,2735,2653,3295,3302,3068,3436
"G20_G30_G12.2_F01_F03","2000_2005","2016_2020",15,"koppen_major_C_EQI_Air+SM+PA+OB","1.00(1.00,1.00)","1.02(0.97,1.07)","1.08(1.02,1.13)","1.13(1.07,1.19)","1.15(1.09,1.21)","0.4547","0.0065","0.0002","0.0002","1.0008","1.0013","1.0015","1.0013",2463,2141,2067,2041,3133,3048,3008,2677
"G20_G30_G12.2_F01_F03","2000_2005","2016_2020",15,"koppen_major_C_EQI_Water+SM+PA+OB","1.00(1.00,1.00)","0.99(0.94,1.04)","0.95(0.89,1.00)","0.98(0.93,1.04)","1.00(0.94,1.05)","0.6426","0.0344","0.5097","0.8646","1.0009","1.0022","1.0006","1.0011",2533,2659,2774,2779,3242,3193,3149,3303
"G20_G30_G12.2_F01_F03","2000_2005","2016_2020",15,"koppen_major_C_EQI_Land+SM+PA+OB","1.00(1.00,1.00)","1.00(0.97,1.04)","1.02(0.98,1.06)","1.01(0.96,1.05)","1.05(0.99,1.11)","0.8988","0.2985","0.8038","0.0998","1.0017","1.0006","0.9999","1.0018",4182,3569,3682,4068,3611,3483,3567,4026
"G20_G30_G12.2_F01_F03","2000_2005","2016_2020",15,"koppen_major_C_EQI_Built+SM+PA+OB","1.00(1.00,1.00)","1.06(1.02,1.09)","1.06(1.02,1.10)","1.07(1.02,1.11)","1.08(1.03,1.13)","0.0035","0.0056","0.0010","0.0015","1.0004","1.0007","1.0007","1.0008",3778,3480,3117,2976,3932,3388,3655,3503
"G20_G30_G12.2_F01_F03","2000_2005","2016_2020",15,"koppen_major_C_EQI_Social+SM+PA+OB","1.00(1.00,1.00)","1.04(1.00,1.08)","1.01(0.96,1.05)","1.02(0.97,1.07)","1.04(0.98,1.10)","0.0369","0.8209","0.4051","0.1510","1.0005","1.0007","1.0010","1.0017",3346,2800,2794,2335,3666,3793,3508,3328
"G20_G30_G12.2_F01_F03","2000_2005","2021_2024",20,"koppen_major_C_EQI+SM+PA+OB","1.00(1.00,1.00)","1.05(1.01,1.09)","1.04(1.00,1.08)","1.07(1.03,1.12)","1.07(1.02,1.13)","0.0085","0.0427","0.0015","0.0127","1.0019","1.0020","1.0035","1.0027",2999,2745,2543,2274,3077,3560,2998,2642
"G20_G30_G12.2_F01_F03","2000_2005","2021_2024",20,"koppen_major_C_EQI_Air+SM+PA+OB","1.00(1.00,1.00)","1.06(1.01,1.12)","1.08(1.03,1.14)","1.12(1.06,1.18)","1.10(1.04,1.16)","0.0248","0.0015","0.0002","0.0010","1.0015","1.0010","1.0010","1.0009",2722,2284,2334,2459,3627,3213,3338,3222
"G20_G30_G12.2_F01_F03","2000_2005","2021_2024",20,"koppen_major_C_EQI_Water+SM+PA+OB","1.00(1.00,1.00)","1.00(0.95,1.06)","0.95(0.89,1.00)","0.96(0.91,1.02)","1.02(0.96,1.08)","0.9958","0.0606","0.2235","0.5422","1.0006","1.0012","1.0016","1.0016",2591,2394,2664,2520,3329,3708,3840,3363
"G20_G30_G12.2_F01_F03","2000_2005","2021_2024",20,"koppen_major_C_EQI_Land+SM+PA+OB","1.00(1.00,1.00)","1.01(0.98,1.05)","1.02(0.98,1.06)","1.03(0.98,1.08)","1.03(0.97,1.09)","0.5509","0.3351","0.2664","0.2710","0.9999","1.0014","1.0011","1.0004",4484,3976,3478,3267,3479,3656,2997,3658
"G20_G30_G12.2_F01_F03","2000_2005","2021_2024",20,"koppen_major_C_EQI_Built+SM+PA+OB","1.00(1.00,1.00)","1.06(1.01,1.10)","1.06(1.02,1.11)","1.06(1.02,1.11)","1.06(1.01,1.11)","0.0065","0.0027","0.0081","0.0181","1.0005","1.0022","1.0009","1.0021",3765,3163,2931,2676,3643,3528,3326,3193
"G20_G30_G12.2_F01_F03","2000_2005","2021_2024",20,"koppen_major_C_EQI_Social+SM+PA+OB","1.00(1.00,1.00)","1.01(0.97,1.05)","0.96(0.91,1.00)","0.96(0.91,1.01)","0.97(0.91,1.03)","0.6451","0.0531","0.1202","0.3051","1.0010","1.0015","1.0014","1.0012",3256,2587,2389,2376,3778,3492,3512,3010
"G20_G30_G12.2_F01_F03","2000_2005","2006_2010",5,"koppen_major_D_EQI+SM+PA+OB","1.00(1.00,1.00)","1.13(1.05,1.23)","1.14(1.05,1.23)","1.22(1.13,1.32)","1.30(1.20,1.40)","0.0010","0.0015","0.0002","0.0002","1.0007","1.0010","1.0020","1.0018",3461,2839,2387,2247,3931,3653,3267,2520
"G20_G30_G12.2_F01_F03","2000_2005","2006_2010",5,"koppen_major_D_EQI_Air+SM+PA+OB","1.00(1.00,1.00)","1.07(1.00,1.15)","1.11(1.04,1.19)","1.20(1.12,1.29)","1.15(1.07,1.24)","0.0477","0.0060","0.0002","0.0010","1.0008","1.0021","1.0027","1.0026",3140,2671,2393,2221,3419,3592,3282,3465
"G20_G30_G12.2_F01_F03","2000_2005","2006_2010",5,"koppen_major_D_EQI_Water+SM+PA+OB","1.00(1.00,1.00)","0.95(0.88,1.03)","1.01(0.93,1.10)","1.06(0.98,1.14)","1.05(0.96,1.14)","0.2464","0.8259","0.1452","0.3131","0.9999","0.9995","1.0010","1.0004",2780,2601,2488,2641,3531,3393,3564,3159
"G20_G30_G12.2_F01_F03","2000_2005","2006_2010",5,"koppen_major_D_EQI_Land+SM+PA+OB","1.00(1.00,1.00)","1.05(0.94,1.16)","1.07(0.98,1.18)","1.08(0.98,1.19)","1.07(0.98,1.18)","0.3793","0.1435","0.1106","0.1310","1.0005","1.0013","1.0005","1.0011",2742,2056,2010,2022,3238,2892,2799,3065
"G20_G30_G12.2_F01_F03","2000_2005","2006_2010",5,"koppen_major_D_EQI_Built+SM+PA+OB","1.00(1.00,1.00)","1.08(1.00,1.17)","1.03(0.96,1.11)","1.07(0.99,1.15)","1.01(0.94,1.10)","0.0460","0.4276","0.0852","0.7359","1.0018","1.0014","1.0022","1.0016",3369,2818,2492,2486,3227,3723,2975,3128
"G20_G30_G12.2_F01_F03","2000_2005","2006_2010",5,"koppen_major_D_EQI_Social+SM+PA+OB","1.00(1.00,1.00)","0.98(0.88,1.09)","1.09(1.00,1.19)","1.07(0.98,1.18)","1.13(1.02,1.25)","0.7338","0.0652","0.1368","0.0160","1.0026","1.0027","1.0046","1.0048",2903,2243,1975,1714,3677,3077,3053,2583
"G20_G30_G12.2_F01_F03","2000_2005","2011_2015",10,"koppen_major_D_EQI+SM+PA+OB","1.00(1.00,1.00)","1.15(1.06,1.24)","1.17(1.08,1.25)","1.25(1.16,1.34)","1.37(1.27,1.47)","0.0006","0.0002","0.0002","0.0002","1.0005","1.0009","1.0023","1.0023",3442,2735,2231,2021,3209,3590,2591,2566
"G20_G30_G12.2_F01_F03","2000_2005","2011_2015",10,"koppen_major_D_EQI_Air+SM+PA+OB","1.00(1.00,1.00)","1.13(1.06,1.21)","1.18(1.10,1.27)","1.23(1.14,1.32)","1.22(1.13,1.31)","0.0010","0.0002","0.0002","0.0002","1.0011","1.0030","1.0010","1.0008",3902,3178,2914,2713,3519,3419,3500,3608
"G20_G30_G12.2_F01_F03","2000_2005","2011_2015",10,"koppen_major_D_EQI_Water+SM+PA+OB","1.00(1.00,1.00)","0.95(0.87,1.02)","1.01(0.93,1.10)","1.04(0.96,1.13)","1.06(0.97,1.15)","0.1693","0.7430","0.3076","0.2056","1.0019","0.9999","1.0003","1.0003",3162,2600,2378,2494,3806,3202,3358,3148
"G20_G30_G12.2_F01_F03","2000_2005","2011_2015",10,"koppen_major_D_EQI_Land+SM+PA+OB","1.00(1.00,1.00)","1.01(0.92,1.12)","1.07(0.98,1.17)","1.06(0.97,1.16)","1.09(1.00,1.19)","0.7988","0.1527","0.2077","0.0498","1.0017","1.0006","1.0005","1.0007",2656,2138,1988,2002,3314,3034,3159,3423
"G20_G30_G12.2_F01_F03","2000_2005","2011_2015",10,"koppen_major_D_EQI_Built+SM+PA+OB","1.00(1.00,1.00)","1.07(0.99,1.15)","1.05(0.98,1.13)","1.10(1.02,1.18)","1.04(0.96,1.12)","0.0827","0.1552","0.0094","0.3880","1.0004","1.0014","1.0012","1.0012",3441,2972,2795,2638,3554,3430,3422,3358
"G20_G30_G12.2_F01_F03","2000_2005","2011_2015",10,"koppen_major_D_EQI_Social+SM+PA+OB","1.00(1.00,1.00)","0.95(0.85,1.04)","1.08(1.00,1.18)","1.11(1.02,1.21)","1.18(1.08,1.30)","0.2789","0.0623","0.0173","0.0002","1.0016","1.0026","1.0023","1.0043",2884,2554,2145,2110,2841,2599,2447,2474
"G20_G30_G12.2_F01_F03","2000_2005","2016_2020",15,"koppen_major_D_EQI+SM+PA+OB","1.00(1.00,1.00)","1.09(1.01,1.17)","1.10(1.03,1.18)","1.21(1.13,1.30)","1.30(1.22,1.40)","0.0240","0.0060","0.0002","0.0002","1.0004","0.9994","1.0003","0.9997",3916,3312,2774,2551,3948,3533,3245,3084
"G20_G30_G12.2_F01_F03","2000_2005","2016_2020",15,"koppen_major_D_EQI_Air+SM+PA+OB","1.00(1.00,1.00)","1.09(1.03,1.16)","1.16(1.09,1.24)","1.24(1.16,1.33)","1.23(1.15,1.32)","0.0035","0.0002","0.0002","0.0002","1.0004","1.0008","1.0012","1.0007",3000,2309,2226,1929,3512,2969,3040,3195
"G20_G30_G12.2_F01_F03","2000_2005","2016_2020",15,"koppen_major_D_EQI_Water+SM+PA+OB","1.00(1.00,1.00)","0.92(0.85,1.00)","1.02(0.95,1.10)","0.99(0.92,1.07)","1.03(0.95,1.12)","0.0360","0.5588","0.8371","0.4176","1.0004","1.0014","1.0014","1.0013",3014,2930,2616,2554,3393,3783,3665,3439
"G20_G30_G12.2_F01_F03","2000_2005","2016_2020",15,"koppen_major_D_EQI_Land+SM+PA+OB","1.00(1.00,1.00)","1.05(0.96,1.14)","1.08(0.99,1.17)","1.07(0.99,1.16)","1.07(0.99,1.17)","0.3126","0.0760","0.1031","0.0748","1.0007","1.0006","1.0010","1.0014",2769,2387,2083,2157,3136,3558,3175,3437
"G20_G30_G12.2_F01_F03","2000_2005","2016_2020",15,"koppen_major_D_EQI_Built+SM+PA+OB","1.00(1.00,1.00)","1.07(0.99,1.14)","1.07(1.00,1.14)","1.06(0.99,1.14)","1.03(0.96,1.10)","0.0723","0.0627","0.0794","0.4222","1.0006","1.0009","1.0016","1.0028",2668,2393,2241,2161,3294,2711,3004,3174
"G20_G30_G12.2_F01_F03","2000_2005","2016_2020",15,"koppen_major_D_EQI_Social+SM+PA+OB","1.00(1.00,1.00)","0.95(0.86,1.04)","1.13(1.04,1.22)","1.11(1.03,1.20)","1.18(1.08,1.28)","0.2831","0.0023","0.0081","0.0002","1.0015","1.0021","1.0031","1.0027",3053,2437,2127,2065,2887,2639,2835,2932
"G20_G30_G12.2_F01_F03","2000_2005","2021_2024",20,"koppen_major_D_EQI+SM+PA+OB","1.00(1.00,1.00)","1.13(1.04,1.22)","1.13(1.05,1.21)","1.20(1.11,1.29)","1.25(1.15,1.35)","0.0023","0.0019","0.0002","0.0002","1.0001","1.0010","1.0013","1.0023",2928,2489,2059,1936,3289,2891,2602,2652
"G20_G30_G12.2_F01_F03","2000_2005","2021_2024",20,"koppen_major_D_EQI_Air+SM+PA+OB","1.00(1.00,1.00)","1.10(1.03,1.18)","1.15(1.07,1.24)","1.21(1.13,1.30)","1.16(1.07,1.25)","0.0056","0.0002","0.0002","0.0006","1.0007","1.0025","1.0013","1.0008",4485,3796,3077,3029,3656,3624,3354,3720
"G20_G30_G12.2_F01_F03","2000_2005","2021_2024",20,"koppen_major_D_EQI_Water+SM+PA+OB","1.00(1.00,1.00)","0.96(0.88,1.04)","1.00(0.91,1.09)","1.02(0.94,1.11)","1.00(0.92,1.10)","0.2918","0.9438","0.6413","0.9446","1.0012","1.0011","1.0018","1.0013",3095,2674,2555,2846,3566,3312,3266,3583
"G20_G30_G12.2_F01_F03","2000_2005","2021_2024",20,"koppen_major_D_EQI_Land+SM+PA+OB","1.00(1.00,1.00)","1.01(0.91,1.11)","1.03(0.94,1.12)","1.07(0.98,1.16)","1.06(0.98,1.16)","0.8842","0.5159","0.1410","0.1531","1.0033","1.0018","1.0023","1.0025",3471,2780,2443,2510,3922,3556,3013,3490
"G20_G30_G12.2_F01_F03","2000_2005","2021_2024",20,"koppen_major_D_EQI_Built+SM+PA+OB","1.00(1.00,1.00)","1.09(1.01,1.18)","1.11(1.04,1.20)","1.10(1.02,1.18)","1.02(0.94,1.10)","0.0260","0.0035","0.0048","0.7076","1.0002","1.0019","1.0016","1.0006",3936,3115,3018,3117,3564,3233,3914,3224
"G20_G30_G12.2_F01_F03","2000_2005","2021_2024",20,"koppen_major_D_EQI_Social+SM+PA+OB","1.00(1.00,1.00)","1.02(0.92,1.12)","1.09(1.00,1.18)","1.10(1.01,1.20)","1.11(1.01,1.22)","0.7459","0.0556","0.0194","0.0290","1.0011","1.0013","1.0020","1.0026",3623,2640,2427,2461,3703,3489,3170,3291
"G20_G30_G12.2_F01_F03","2000_2005","2006_2010",5,"Economic_type_1_EQI+SM+PA+OB","1.00(1.00,1.00)","1.15(1.05,1.25)","1.15(1.03,1.26)","1.16(1.01,1.30)","1.10(0.91,1.29)","0.0019","0.0119","0.0302","0.3118","1.0002","1.0010","1.0008","1.0022",6227,6484,7206,8109,4058,3757,3780,3592
"G20_G30_G12.2_F01_F03","2000_2005","2006_2010",5,"Economic_type_1_EQI_Air+SM+PA+OB","1.00(1.00,1.00)","1.07(0.95,1.20)","1.16(1.00,1.33)","1.03(0.86,1.22)","1.00(0.77,1.23)","0.2543","0.0523","0.7355","0.9992","1.0027","1.0009","1.0011","1.0028",5874,6192,6980,6430,3927,3789,3657,3239
"G20_G30_G12.2_F01_F03","2000_2005","2006_2010",5,"Economic_type_1_EQI_Water+SM+PA+OB","1.00(1.00,1.00)","1.00(0.89,1.13)","1.09(0.96,1.23)","1.11(0.98,1.25)","1.06(0.91,1.21)","0.9717","0.2081","0.1139","0.4518","1.0002","1.0014","1.0005","1.0006",5206,5516,4712,6085,3565,3710,3604,3979
"G20_G30_G12.2_F01_F03","2000_2005","2006_2010",5,"Economic_type_1_EQI_Land+SM+PA+OB","1.00(1.00,1.00)","1.00(0.86,1.16)","1.06(0.93,1.20)","1.06(0.93,1.21)","1.12(0.98,1.27)","0.9942","0.3989","0.3855","0.0914","1.0018","1.0004","1.0014","1.0019",4951,5961,4620,4149,3823,3993,3787,3711
"G20_G30_G12.2_F01_F03","2000_2005","2006_2010",5,"Economic_type_1_EQI_Built+SM+PA+OB","1.00(1.00,1.00)","1.07(0.96,1.19)","1.08(0.95,1.22)","1.02(0.88,1.16)","0.94(0.77,1.13)","0.2431","0.2568","0.8000","0.5322","1.0015","1.0003","1.0007","1.0021",6287,6263,6096,6725,3839,3587,3838,3752
"G20_G30_G12.2_F01_F03","2000_2005","2006_2010",5,"Economic_type_1_EQI_Social+SM+PA+OB","1.00(1.00,1.00)","1.01(0.90,1.14)","1.08(0.95,1.22)","1.09(0.96,1.24)","1.21(1.05,1.39)","0.8313","0.2210","0.1893","0.0110","1.0003","1.0008","1.0008","1.0002",5555,4984,5348,5692,3973,3384,3591,4008
"G20_G30_G12.2_F01_F03","2000_2005","2011_2015",10,"Economic_type_1_EQI+SM+PA+OB","1.00(1.00,1.00)","1.14(1.06,1.24)","1.19(1.08,1.30)","1.14(1.01,1.27)","1.05(0.89,1.22)","0.0023","0.0002","0.0302","0.5422","1.0027","1.0012","0.9998","1.0025",8442,8435,9223,8981,3310,3599,3500,3143
"G20_G30_G12.2_F01_F03","2000_2005","2011_2015",10,"Economic_type_1_EQI_Air+SM+PA+OB","1.00(1.00,1.00)","1.10(0.99,1.22)","1.15(1.01,1.30)","1.08(0.92,1.24)","1.00(0.80,1.19)","0.0723","0.0356","0.3314","0.9833","1.0006","1.0013","1.0002","1.0005",7349,7176,9186,9342,3860,3435,3179,3641
"G20_G30_G12.2_F01_F03","2000_2005","2011_2015",10,"Economic_type_1_EQI_Water+SM+PA+OB","1.00(1.00,1.00)","0.97(0.87,1.07)","1.07(0.95,1.20)","1.12(1.00,1.24)","1.06(0.93,1.19)","0.5193","0.2743","0.0552","0.3830","1.0017","1.0008","1.0004","1.0016",6143,6085,6378,6709,3749,3728,4064,4243
"G20_G30_G12.2_F01_F03","2000_2005","2011_2015",10,"Economic_type_1_EQI_Land+SM+PA+OB","1.00(1.00,1.00)","0.96(0.84,1.09)","0.98(0.87,1.09)","1.04(0.93,1.17)","1.14(1.02,1.29)","0.5780","0.6797","0.5022","0.0273","1.0008","1.0009","1.0027","1.0003",6968,6402,5141,4646,3734,4320,4098,3522
"G20_G30_G12.2_F01_F03","2000_2005","2011_2015",10,"Economic_type_1_EQI_Built+SM+PA+OB","1.00(1.00,1.00)","1.08(0.98,1.18)","1.09(0.97,1.21)","1.02(0.89,1.14)","0.95(0.79,1.11)","0.1289","0.1435","0.8017","0.5238","1.0016","1.0016","1.0020","1.0015",7764,7506,8157,8009,3810,3617,3277,3781
"G20_G30_G12.2_F01_F03","2000_2005","2011_2015",10,"Economic_type_1_EQI_Social+SM+PA+OB","1.00(1.00,1.00)","0.94(0.84,1.05)","1.03(0.91,1.15)","1.15(1.02,1.29)","1.16(1.01,1.31)","0.2781","0.6247","0.0127","0.0423","1.0000","1.0000","1.0008","1.0027",6026,6252,5621,5862,4067,4102,3609,3854
"G20_G30_G12.2_F01_F03","2000_2005","2016_2020",15,"Economic_type_1_EQI+SM+PA+OB","1.00(1.00,1.00)","1.14(1.05,1.23)","1.17(1.06,1.28)","1.13(1.01,1.26)","1.03(0.88,1.19)","0.0027","0.0010","0.0344","0.6976","1.0000","1.0013","1.0036","1.0003",5776,6197,6074,7298,3635,3765,3636,3581
"G20_G30_G12.2_F01_F03","2000_2005","2016_2020",15,"Economic_type_1_EQI_Air+SM+PA+OB","1.00(1.00,1.00)","1.11(1.00,1.23)","1.18(1.04,1.32)","1.04(0.88,1.19)","1.00(0.80,1.19)","0.0569","0.0110","0.6488","0.9879","1.0012","1.0010","0.9998","1.0022",6957,7249,7068,8905,3739,3696,3471,2941
"G20_G30_G12.2_F01_F03","2000_2005","2016_2020",15,"Economic_type_1_EQI_Water+SM+PA+OB","1.00(1.00,1.00)","0.99(0.89,1.09)","1.06(0.95,1.18)","1.08(0.97,1.20)","1.07(0.94,1.20)","0.7771","0.2956","0.1652","0.3264","1.0008","1.0006","1.0002","1.0004",4398,6419,6068,7208,3884,3929,3851,3603
"G20_G30_G12.2_F01_F03","2000_2005","2016_2020",15,"Economic_type_1_EQI_Land+SM+PA+OB","1.00(1.00,1.00)","1.05(0.93,1.19)","0.98(0.87,1.09)","1.02(0.91,1.14)","1.08(0.96,1.21)","0.4230","0.7188","0.6892","0.1993","1.0001","1.0002","1.0025","1.0016",4521,6676,5256,4124,3467,3273,3951,3362
"G20_G30_G12.2_F01_F03","2000_2005","2016_2020",15,"Economic_type_1_EQI_Built+SM+PA+OB","1.00(1.00,1.00)","1.11(1.01,1.21)","1.11(1.00,1.23)","0.99(0.87,1.11)","0.97(0.82,1.12)","0.0277","0.0502","0.8284","0.7321","1.0003","1.0018","1.0028","1.0011",7694,7435,7154,8138,3602,4169,3441,3180
"G20_G30_G12.2_F01_F03","2000_2005","2016_2020",15,"Economic_type_1_EQI_Social+SM+PA+OB","1.00(1.00,1.00)","0.98(0.88,1.09)","1.08(0.97,1.20)","1.15(1.03,1.28)","1.15(1.01,1.30)","0.7492","0.1727","0.0081","0.0302","1.0017","1.0024","1.0007","0.9999",6439,5793,6154,5932,3999,4403,4185,4096
"G20_G30_G12.2_F01_F03","2000_2005","2021_2024",20,"Economic_type_1_EQI+SM+PA+OB","1.00(1.00,1.00)","1.13(1.04,1.22)","1.15(1.05,1.26)","1.11(0.98,1.23)","1.02(0.87,1.18)","0.0044","0.0056","0.0885","0.7621","1.0009","1.0015","1.0025","1.0014",5983,6145,6463,6975,3894,3716,3543,3034
"G20_G30_G12.2_F01_F03","2000_2005","2021_2024",20,"Economic_type_1_EQI_Air+SM+PA+OB","1.00(1.00,1.00)","1.05(0.95,1.16)","1.09(0.96,1.23)","0.99(0.84,1.14)","1.00(0.82,1.18)","0.3035","0.1698","0.9100","0.9838","1.0024","1.0015","1.0029","1.0014",8369,7911,8281,8813,3588,3373,3262,3268
"G20_G30_G12.2_F01_F03","2000_2005","2021_2024",20,"Economic_type_1_EQI_Water+SM+PA+OB","1.00(1.00,1.00)","0.95(0.85,1.05)","1.04(0.93,1.15)","1.10(0.99,1.21)","1.06(0.94,1.18)","0.3285","0.5288","0.0873","0.3839","1.0013","0.9998","1.0001","1.0007",6886,5978,5472,6301,4169,3590,3113,3475
"G20_G30_G12.2_F01_F03","2000_2005","2021_2024",20,"Economic_type_1_EQI_Land+SM+PA+OB","1.00(1.00,1.00)","1.03(0.91,1.15)","1.03(0.92,1.14)","1.09(0.98,1.20)","1.08(0.97,1.19)","0.6884","0.6317","0.1331","0.1814","0.9999","1.0002","1.0004","1.0017",7978,7293,5687,5296,4006,3688,3915,3812
"G20_G30_G12.2_F01_F03","2000_2005","2021_2024",20,"Economic_type_1_EQI_Built+SM+PA+OB","1.00(1.00,1.00)","1.12(1.02,1.22)","1.08(0.97,1.19)","1.00(0.88,1.12)","0.99(0.86,1.13)","0.0160","0.1643","0.9788","0.8875","1.0006","1.0008","1.0004","1.0005",7730,7397,7313,7557,3744,3959,3380,3342
"G20_G30_G12.2_F01_F03","2000_2005","2021_2024",20,"Economic_type_1_EQI_Social+SM+PA+OB","1.00(1.00,1.00)","1.02(0.92,1.14)","1.03(0.93,1.15)","1.09(0.97,1.21)","1.18(1.04,1.32)","0.7030","0.5538","0.1298","0.0098","1.0005","1.0015","1.0010","1.0007",6659,6206,6168,6549,3683,3957,4159,3296
"G20_G30_G12.2_F01_F03","2000_2005","2006_2010",5,"Economic_type_2_EQI+SM+PA+OB","1.00(1.00,1.00)","1.04(0.94,1.15)","1.03(0.92,1.15)","1.07(0.95,1.21)","0.97(0.82,1.12)","0.4422","0.6551","0.2752","0.6459","1.0000","1.0002","1.0004","1.0008",6394,5895,5924,7880,3734,3787,3480,3639
"G20_G30_G12.2_F01_F03","2000_2005","2006_2010",5,"Economic_type_2_EQI_Air+SM+PA+OB","1.00(1.00,1.00)","1.02(0.91,1.14)","0.97(0.87,1.09)","1.12(1.00,1.25)","1.05(0.90,1.20)","0.7151","0.6451","0.0535","0.4964","1.0015","0.9999","1.0025","1.0002",5429,4666,5055,6447,3458,3559,4272,3201
"G20_G30_G12.2_F01_F03","2000_2005","2006_2010",5,"Economic_type_2_EQI_Water+SM+PA+OB","1.00(1.00,1.00)","1.02(0.90,1.14)","0.94(0.81,1.07)","1.05(0.94,1.18)","1.04(0.93,1.17)","0.8084","0.3664","0.3760","0.4643","1.0004","1.0002","1.0007","1.0009",5019,5605,4674,4344,3942,3536,3634,3201
"G20_G30_G12.2_F01_F03","2000_2005","2006_2010",5,"Economic_type_2_EQI_Land+SM+PA+OB","1.00(1.00,1.00)","1.08(0.98,1.20)","1.01(0.89,1.13)","0.97(0.84,1.09)","0.99(0.86,1.13)","0.1456","0.9000","0.5980","0.8979","1.0011","0.9999","0.9998","1.0025",5504,5357,5645,5767,3902,4005,3980,3143
"G20_G30_G12.2_F01_F03","2000_2005","2006_2010",5,"Economic_type_2_EQI_Built+SM+PA+OB","1.00(1.00,1.00)","0.97(0.86,1.08)","0.99(0.88,1.10)","1.06(0.95,1.19)","1.01(0.88,1.14)","0.5501","0.7896","0.3114","0.9109","1.0014","0.9999","1.0019","1.0009",5812,5782,5995,5164,3933,3780,4207,3909
"G20_G30_G12.2_F01_F03","2000_2005","2006_2010",5,"Economic_type_2_EQI_Social+SM+PA+OB","1.00(1.00,1.00)","1.04(0.92,1.16)","0.91(0.79,1.03)","0.99(0.86,1.13)","0.97(0.81,1.13)","0.5376","0.1343","0.8717","0.7492","1.0015","1.0014","0.9998","1.0022",4896,5370,6025,6145,3613,3745,3499,3309
"G20_G30_G12.2_F01_F03","2000_2005","2011_2015",10,"Economic_type_2_EQI+SM+PA+OB","1.00(1.00,1.00)","1.06(0.96,1.16)","1.09(0.99,1.20)","1.08(0.97,1.21)","1.03(0.90,1.17)","0.2377","0.0927","0.1764","0.6842","1.0012","0.9999","1.0024","1.0022",7867,5789,6589,7645,3876,3858,3691,3603
"G20_G30_G12.2_F01_F03","2000_2005","2011_2015",10,"Economic_type_2_EQI_Air+SM+PA+OB","1.00(1.00,1.00)","1.00(0.89,1.11)","1.08(0.97,1.19)","1.11(0.99,1.24)","1.06(0.91,1.20)","0.9646","0.1748","0.0727","0.4422","1.0006","1.0020","1.0014","1.0027",6190,5827,6119,6727,3588,3649,3892,3576
"G20_G30_G12.2_F01_F03","2000_2005","2011_2015",10,"Economic_type_2_EQI_Water+SM+PA+OB","1.00(1.00,1.00)","1.01(0.91,1.12)","1.01(0.90,1.13)","1.03(0.91,1.15)","1.02(0.91,1.13)","0.8504","0.8746","0.6438","0.7276","0.9998","1.0003","1.0022","1.0000",5229,6445,5686,4882,3866,3941,3446,3861
"G20_G30_G12.2_F01_F03","2000_2005","2011_2015",10,"Economic_type_2_EQI_Land+SM+PA+OB","1.00(1.00,1.00)","1.05(0.95,1.17)","1.04(0.93,1.15)","0.96(0.85,1.08)","0.98(0.86,1.12)","0.3485","0.5201","0.5114","0.7980","1.0012","1.0006","1.0023","1.0003",6379,5502,5572,5681,3893,3560,3881,3757
"G20_G30_G12.2_F01_F03","2000_2005","2011_2015",10,"Economic_type_2_EQI_Built+SM+PA+OB","1.00(1.00,1.00)","0.98(0.88,1.10)","1.03(0.93,1.14)","1.04(0.93,1.16)","1.07(0.95,1.19)","0.7700","0.6109","0.4484","0.2310","1.0011","1.0001","1.0006","1.0015",5894,6240,6400,5440,3365,3945,3895,3588
"G20_G30_G12.2_F01_F03","2000_2005","2011_2015",10,"Economic_type_2_EQI_Social+SM+PA+OB","1.00(1.00,1.00)","1.05(0.94,1.15)","1.00(0.88,1.12)","1.02(0.89,1.15)","1.03(0.89,1.17)","0.3926","0.9788","0.7784","0.7251","1.0013","1.0001","1.0014","1.0007",5971,5636,5448,6677,3841,3743,3178,3572
"G20_G30_G12.2_F01_F03","2000_2005","2016_2020",15,"Economic_type_2_EQI+SM+PA+OB","1.00(1.00,1.00)","1.08(1.00,1.18)","1.07(0.98,1.17)","1.11(1.00,1.23)","1.05(0.93,1.18)","0.0514","0.1318","0.0556","0.4172","1.0006","1.0036","1.0026","1.0005",5861,5472,5405,7474,3327,3551,3456,3210
"G20_G30_G12.2_F01_F03","2000_2005","2016_2020",15,"Economic_type_2_EQI_Air+SM+PA+OB","1.00(1.00,1.00)","1.06(0.96,1.17)","1.11(1.01,1.23)","1.12(1.01,1.23)","1.08(0.94,1.22)","0.2822","0.0327","0.0356","0.2747","1.0024","1.0010","1.0033","1.0003",5739,5077,6202,6512,3449,3419,4069,3266
"G20_G30_G12.2_F01_F03","2000_2005","2016_2020",15,"Economic_type_2_EQI_Water+SM+PA+OB","1.00(1.00,1.00)","1.03(0.93,1.14)","1.02(0.91,1.15)","1.02(0.92,1.13)","1.04(0.93,1.14)","0.5538","0.7071","0.6730","0.5101","1.0007","1.0011","1.0008","0.9998",5752,5913,5541,4503,3918,3915,3602,3756
"G20_G30_G12.2_F01_F03","2000_2005","2016_2020",15,"Economic_type_2_EQI_Land+SM+PA+OB","1.00(1.00,1.00)","1.04(0.94,1.15)","1.02(0.92,1.12)","0.98(0.87,1.10)","0.97(0.84,1.09)","0.4185","0.7496","0.7742","0.5788","1.0013","0.9999","1.0003","1.0001",5551,4666,5106,6031,3290,3848,3975,3815
"G20_G30_G12.2_F01_F03","2000_2005","2016_2020",15,"Economic_type_2_EQI_Built+SM+PA+OB","1.00(1.00,1.00)","0.99(0.89,1.10)","1.04(0.94,1.14)","1.08(0.97,1.19)","1.08(0.97,1.20)","0.8209","0.4330","0.1677","0.1681","0.9998","1.0014","1.0001","1.0011",5215,4806,5632,5275,3635,3815,3913,3960
"G20_G30_G12.2_F01_F03","2000_2005","2016_2020",15,"Economic_type_2_EQI_Social+SM+PA+OB","1.00(1.00,1.00)","1.01(0.91,1.11)","1.01(0.90,1.12)","1.04(0.92,1.16)","1.01(0.87,1.15)","0.8996","0.9192","0.5530","0.9054","1.0007","1.0001","1.0018","1.0020",6071,5366,5790,6319,3457,3604,3952,3605
"G20_G30_G12.2_F01_F03","2000_2005","2021_2024",20,"Economic_type_2_EQI+SM+PA+OB","1.00(1.00,1.00)","1.06(0.97,1.16)","1.07(0.97,1.17)","1.09(0.99,1.21)","1.04(0.91,1.16)","0.2102","0.2018","0.0944","0.5222","1.0011","1.0018","1.0016","1.0012",6324,6139,6807,8031,3909,3594,3746,3344
"G20_G30_G12.2_F01_F03","2000_2005","2021_2024",20,"Economic_type_2_EQI_Air+SM+PA+OB","1.00(1.00,1.00)","1.09(0.98,1.21)","1.08(0.97,1.19)","1.11(0.99,1.22)","1.07(0.94,1.21)","0.1031","0.1456","0.0752","0.2814","1.0015","1.0020","1.0006","1.0021",4904,4728,5277,5354,3519,3274,3375,3330
"G20_G30_G12.2_F01_F03","2000_2005","2021_2024",20,"Economic_type_2_EQI_Water+SM+PA+OB","1.00(1.00,1.00)","1.02(0.92,1.13)","1.02(0.90,1.14)","1.01(0.90,1.12)","1.03(0.92,1.13)","0.6722","0.7501","0.8821","0.6459","1.0005","1.0009","1.0015","1.0004",4636,5134,5179,4314,3656,3910,3628,3113
"G20_G30_G12.2_F01_F03","2000_2005","2021_2024",20,"Economic_type_2_EQI_Land+SM+PA+OB","1.00(1.00,1.00)","1.07(0.96,1.18)","1.05(0.94,1.16)","0.98(0.87,1.09)","0.99(0.86,1.11)","0.2102","0.4122","0.6709","0.8246","1.0013","1.0008","1.0016","1.0004",4137,4912,4547,5085,3409,3840,3756,3402
"G20_G30_G12.2_F01_F03","2000_2005","2021_2024",20,"Economic_type_2_EQI_Built+SM+PA+OB","1.00(1.00,1.00)","1.00(0.90,1.11)","1.05(0.95,1.16)","1.06(0.95,1.17)","1.06(0.95,1.19)","0.9792","0.3901","0.3014","0.2681","1.0006","1.0012","1.0001","1.0027",4997,5045,5413,4968,3559,3779,3663,3182
"G20_G30_G12.2_F01_F03","2000_2005","2021_2024",20,"Economic_type_2_EQI_Social+SM+PA+OB","1.00(1.00,1.00)","1.01(0.91,1.11)","0.98(0.88,1.10)","1.03(0.91,1.16)","1.01(0.88,1.15)","0.8871","0.7517","0.6005","0.8529","1.0004","1.0017","1.0018","1.0020",5131,4699,5563,6752,3791,3733,3541,3896
"G20_G30_G12.2_F01_F03","2000_2005","2006_2010",5,"Economic_type_3_EQI+SM+PA+OB","1.00(1.00,1.00)","1.04(0.97,1.10)","1.06(0.99,1.12)","1.07(1.00,1.14)","1.14(1.06,1.21)","0.2685","0.0873","0.0473","0.0006","1.0002","1.0001","1.0008","1.0008",3330,2577,2357,2361,3625,3115,3411,3270
"G20_G30_G12.2_F01_F03","2000_2005","2006_2010",5,"Economic_type_3_EQI_Air+SM+PA+OB","1.00(1.00,1.00)","0.94(0.86,1.02)","1.02(0.94,1.10)","1.09(1.01,1.18)","1.11(1.03,1.20)","0.1135","0.7317","0.0169","0.0106","1.0023","1.0024","1.0020","1.0029",2073,1978,1815,1855,3101,2582,2930,2888
"G20_G30_G12.2_F01_F03","2000_2005","2006_2010",5,"Economic_type_3_EQI_Water+SM+PA+OB","1.00(1.00,1.00)","0.99(0.92,1.07)","0.97(0.90,1.04)","0.97(0.90,1.04)","0.98(0.90,1.06)","0.8617","0.4268","0.3668","0.5359","1.0032","1.0040","1.0037","1.0032",1888,1763,1867,2068,2678,2878,3182,3294
"G20_G30_G12.2_F01_F03","2000_2005","2006_2010",5,"Economic_type_3_EQI_Land+SM+PA+OB","1.00(1.00,1.00)","0.98(0.93,1.03)","0.99(0.94,1.05)","1.01(0.95,1.07)","1.00(0.94,1.07)","0.4139","0.7201","0.7705","0.9167","1.0009","0.9997","1.0011","1.0001",3499,2843,2572,2830,4071,3270,3499,3428
"G20_G30_G12.2_F01_F03","2000_2005","2006_2010",5,"Economic_type_3_EQI_Built+SM+PA+OB","1.00(1.00,1.00)","1.02(0.96,1.07)","1.04(0.99,1.09)","1.04(0.99,1.10)","1.03(0.97,1.10)","0.5568","0.1456","0.1598","0.3889","1.0000","1.0009","1.0004","0.9998",3612,2949,2792,3216,3130,3405,3320,3684
"G20_G30_G12.2_F01_F03","2000_2005","2006_2010",5,"Economic_type_3_EQI_Social+SM+PA+OB","1.00(1.00,1.00)","1.01(0.96,1.07)","1.02(0.95,1.08)","0.99(0.92,1.06)","1.03(0.94,1.12)","0.6484","0.6209","0.7317","0.5509","1.0006","1.0008","1.0005","1.0007",3062,2355,1951,1759,3727,3165,3116,2737
"G20_G30_G12.2_F01_F03","2000_2005","2011_2015",10,"Economic_type_3_EQI+SM+PA+OB","1.00(1.00,1.00)","1.02(0.97,1.08)","1.04(0.99,1.10)","1.06(1.00,1.11)","1.13(1.07,1.20)","0.3601","0.1206","0.0402","0.0002","1.0009","1.0002","1.0005","1.0005",3376,2708,2422,2304,3886,3773,3456,3127
"G20_G30_G12.2_F01_F03","2000_2005","2011_2015",10,"Economic_type_3_EQI_Air+SM+PA+OB","1.00(1.00,1.00)","0.97(0.91,1.04)","1.05(0.98,1.12)","1.09(1.02,1.16)","1.12(1.05,1.19)","0.4185","0.1589","0.0106","0.0002","1.0010","1.0008","1.0012","1.0010",2442,2168,2106,2238,3286,3052,2940,3012
"G20_G30_G12.2_F01_F03","2000_2005","2011_2015",10,"Economic_type_3_EQI_Water+SM+PA+OB","1.00(1.00,1.00)","0.98(0.92,1.04)","0.95(0.89,1.01)","0.97(0.91,1.03)","1.00(0.94,1.07)","0.5672","0.0977","0.2660","0.9900","1.0022","1.0017","1.0030","1.0011",1843,1741,1961,2230,3176,3118,3095,3345
"G20_G30_G12.2_F01_F03","2000_2005","2011_2015",10,"Economic_type_3_EQI_Land+SM+PA+OB","1.00(1.00,1.00)","0.99(0.95,1.04)","0.98(0.94,1.03)","0.99(0.94,1.05)","0.95(0.89,1.00)","0.7913","0.5363","0.8175","0.0660","1.0005","1.0012","1.0032","1.0015",2945,2836,2376,2465,2837,3817,3346,3235
"G20_G30_G12.2_F01_F03","2000_2005","2011_2015",10,"Economic_type_3_EQI_Built+SM+PA+OB","1.00(1.00,1.00)","1.01(0.96,1.05)","1.01(0.97,1.06)","1.04(0.99,1.09)","1.04(0.98,1.09)","0.7167","0.5613","0.1114","0.2414","1.0013","1.0016","1.0014","1.0008",3025,2770,2811,3046,3372,3659,3517,3380
"G20_G30_G12.2_F01_F03","2000_2005","2011_2015",10,"Economic_type_3_EQI_Social+SM+PA+OB","1.00(1.00,1.00)","1.00(0.95,1.05)","1.01(0.96,1.06)","1.00(0.94,1.05)","1.05(0.99,1.12)","0.9896","0.6680","0.9300","0.1185","1.0005","1.0017","1.0026","1.0024",3268,2320,2143,2155,3564,2996,3205,3042
"G20_G30_G12.2_F01_F03","2000_2005","2016_2020",15,"Economic_type_3_EQI+SM+PA+OB","1.00(1.00,1.00)","1.03(0.98,1.09)","1.02(0.97,1.08)","1.05(0.99,1.11)","1.12(1.06,1.19)","0.2318","0.4297","0.0748","0.0002","1.0005","1.0028","1.0027","1.0027",3745,2833,2202,2526,3647,3525,3418,3242
"G20_G30_G12.2_F01_F03","2000_2005","2016_2020",15,"Economic_type_3_EQI_Air+SM+PA+OB","1.00(1.00,1.00)","0.99(0.92,1.05)","1.05(0.98,1.11)","1.09(1.03,1.16)","1.10(1.04,1.18)","0.6505","0.1493","0.0048","0.0023","1.0013","1.0025","1.0023","1.0025",2083,1848,1685,1746,2584,2387,2543,2496
"G20_G30_G12.2_F01_F03","2000_2005","2016_2020",15,"Economic_type_3_EQI_Water+SM+PA+OB","1.00(1.00,1.00)","0.94(0.88,1.00)","0.94(0.88,0.99)","0.93(0.88,0.99)","0.97(0.91,1.04)","0.0527","0.0285","0.0265","0.3743","1.0003","1.0003","1.0025","1.0011",2188,1997,2085,2156,3236,2606,3121,3186
"G20_G30_G12.2_F01_F03","2000_2005","2016_2020",15,"Economic_type_3_EQI_Land+SM+PA+OB","1.00(1.00,1.00)","1.00(0.95,1.04)","1.00(0.95,1.05)","1.02(0.97,1.08)","0.98(0.93,1.04)","0.8771","0.9542","0.4626","0.5551","1.0016","1.0021","1.0024","1.0035",3205,2610,2394,2391,2862,3246,2958,3111
"G20_G30_G12.2_F01_F03","2000_2005","2016_2020",15,"Economic_type_3_EQI_Built+SM+PA+OB","1.00(1.00,1.00)","1.04(1.00,1.09)","1.04(1.00,1.09)","1.05(1.00,1.10)","1.08(1.03,1.15)","0.0744","0.0544","0.0456","0.0056","1.0005","1.0013","1.0006","1.0012",3373,3026,2753,3085,3249,3263,3229,3389
"G20_G30_G12.2_F01_F03","2000_2005","2016_2020",15,"Economic_type_3_EQI_Social+SM+PA+OB","1.00(1.00,1.00)","1.02(0.98,1.07)","0.98(0.92,1.03)","0.97(0.91,1.03)","1.04(0.97,1.11)","0.3206","0.3926","0.2976","0.3147","0.9999","1.0007","1.0001","1.0013",2838,2079,1784,1757,3155,3353,2971,2902
"G20_G30_G12.2_F01_F03","2000_2005","2021_2024",20,"Economic_type_3_EQI+SM+PA+OB","1.00(1.00,1.00)","1.00(0.95,1.06)","0.99(0.94,1.04)","1.01(0.96,1.07)","1.03(0.97,1.09)","0.8659","0.6038","0.6855","0.3031","1.0000","1.0010","1.0014","1.0010",3310,2893,2340,2461,3190,3049,3569,3248
"G20_G30_G12.2_F01_F03","2000_2005","2021_2024",20,"Economic_type_3_EQI_Air+SM+PA+OB","1.00(1.00,1.00)","1.03(0.96,1.10)","1.06(1.00,1.13)","1.10(1.03,1.17)","1.07(1.00,1.14)","0.4593","0.0473","0.0006","0.0435","1.0027","1.0020","1.0020","1.0024",2615,2229,2114,2214,3357,3320,3254,3058
"G20_G30_G12.2_F01_F03","2000_2005","2021_2024",20,"Economic_type_3_EQI_Water+SM+PA+OB","1.00(1.00,1.00)","0.97(0.92,1.03)","0.93(0.87,0.99)","0.95(0.89,1.01)","0.97(0.90,1.03)","0.3714","0.0185","0.0994","0.3135","1.0026","1.0032","1.0028","1.0020",2352,2240,2163,2432,3324,3317,3484,3124
"G20_G30_G12.2_F01_F03","2000_2005","2021_2024",20,"Economic_type_3_EQI_Land+SM+PA+OB","1.00(1.00,1.00)","1.00(0.95,1.04)","0.98(0.93,1.02)","1.00(0.95,1.05)","0.95(0.89,1.00)","0.9421","0.3506","0.8634","0.0685","1.0011","1.0001","1.0005","1.0005",3748,2864,2707,2828,3787,3437,3692,3776
"G20_G30_G12.2_F01_F03","2000_2005","2021_2024",20,"Economic_type_3_EQI_Built+SM+PA+OB","1.00(1.00,1.00)","1.04(0.99,1.08)","1.06(1.02,1.11)","1.04(1.00,1.09)","1.05(0.99,1.11)","0.1110","0.0056","0.0631","0.0860","1.0006","1.0013","1.0002","1.0003",4052,3482,3115,3725,3722,4042,3782,3867
"G20_G30_G12.2_F01_F03","2000_2005","2021_2024",20,"Economic_type_3_EQI_Social+SM+PA+OB","1.00(1.00,1.00)","0.98(0.93,1.03)","0.99(0.93,1.04)","0.95(0.90,1.01)","0.99(0.92,1.06)","0.4218","0.6651","0.1094","0.7438","1.0015","1.0034","1.0028","1.0028",3662,2554,2214,2147,3464,3045,3091,3349
"G20_G30_G12.2_F01_F03","2000_2005","2006_2010",5,"Economic_type_4_EQI+SM+PA+OB","1.00(1.00,1.00)","1.10(1.02,1.19)","1.14(1.06,1.23)","1.13(1.04,1.23)","1.16(1.06,1.27)","0.0227","0.0002","0.0031","0.0015","1.0010","1.0016","1.0014","1.0023",3972,3051,3077,2704,3784,3914,3895,3703
"G20_G30_G12.2_F01_F03","2000_2005","2006_2010",5,"Economic_type_4_EQI_Air+SM+PA+OB","1.00(1.00,1.00)","1.09(0.99,1.19)","1.11(1.02,1.20)","1.18(1.09,1.28)","1.20(1.10,1.31)","0.0777","0.0194","0.0002","0.0002","1.0010","1.0018","1.0007","1.0018",3549,3240,2740,2454,3548,3716,3084,3124
"G20_G30_G12.2_F01_F03","2000_2005","2006_2010",5,"Economic_type_4_EQI_Water+SM+PA+OB","1.00(1.00,1.00)","0.96(0.88,1.05)","0.98(0.90,1.07)","1.00(0.91,1.09)","1.03(0.94,1.12)","0.3760","0.6821","0.9896","0.5405","1.0013","1.0025","1.0013","1.0011",3161,3144,2829,2876,3193,3356,3497,3293
"G20_G30_G12.2_F01_F03","2000_2005","2006_2010",5,"Economic_type_4_EQI_Land+SM+PA+OB","1.00(1.00,1.00)","0.98(0.91,1.06)","1.08(0.99,1.17)","0.95(0.86,1.04)","1.00(0.90,1.11)","0.6926","0.0881","0.3101","0.9488","1.0003","1.0012","1.0039","1.0023",3430,2431,2035,2364,3108,3115,2575,3142
"G20_G30_G12.2_F01_F03","2000_2005","2006_2010",5,"Economic_type_4_EQI_Built+SM+PA+OB","1.00(1.00,1.00)","1.00(0.91,1.09)","0.96(0.88,1.05)","1.02(0.93,1.12)","0.99(0.90,1.09)","0.9700","0.4064","0.6463","0.7809","1.0009","1.0012","1.0018","1.0006",3132,2925,2492,2483,3458,3440,3044,3638
"G20_G30_G12.2_F01_F03","2000_2005","2006_2010",5,"Economic_type_4_EQI_Social+SM+PA+OB","1.00(1.00,1.00)","1.08(1.00,1.17)","1.09(1.00,1.19)","1.08(0.98,1.17)","1.07(0.98,1.18)","0.0398","0.0377","0.1306","0.1531","1.0000","1.0010","1.0003","1.0006",2983,3103,2814,2478,2858,3470,3402,3305
"G20_G30_G12.2_F01_F03","2000_2005","2011_2015",10,"Economic_type_4_EQI+SM+PA+OB","1.00(1.00,1.00)","1.08(1.01,1.16)","1.14(1.06,1.22)","1.13(1.04,1.21)","1.18(1.09,1.28)","0.0319","0.0002","0.0019","0.0006","1.0009","1.0010","1.0006","1.0005",3499,3145,2946,2879,3409,3274,3421,3184
"G20_G30_G12.2_F01_F03","2000_2005","2011_2015",10,"Economic_type_4_EQI_Air+SM+PA+OB","1.00(1.00,1.00)","1.13(1.04,1.23)","1.11(1.03,1.20)","1.19(1.10,1.28)","1.24(1.15,1.35)","0.0052","0.0098","0.0002","0.0002","1.0024","1.0009","1.0005","1.0010",4414,3224,2838,2657,3628,3775,3027,3324
"G20_G30_G12.2_F01_F03","2000_2005","2011_2015",10,"Economic_type_4_EQI_Water+SM+PA+OB","1.00(1.00,1.00)","0.99(0.90,1.08)","1.02(0.94,1.11)","0.96(0.87,1.05)","1.02(0.93,1.11)","0.7509","0.6517","0.3676","0.6730","1.0008","1.0009","1.0006","1.0010",3763,4079,3470,3017,3682,3432,3258,3405
"G20_G30_G12.2_F01_F03","2000_2005","2011_2015",10,"Economic_type_4_EQI_Land+SM+PA+OB","1.00(1.00,1.00)","0.99(0.92,1.07)","1.02(0.94,1.10)","0.95(0.86,1.04)","0.99(0.89,1.09)","0.8663","0.6342","0.2385","0.7867","0.9998","1.0000","1.0012","1.0007",4672,4066,3973,3851,4159,3173,3840,3719
"G20_G30_G12.2_F01_F03","2000_2005","2011_2015",10,"Economic_type_4_EQI_Built+SM+PA+OB","1.00(1.00,1.00)","1.05(0.97,1.14)","1.05(0.97,1.14)","1.08(0.99,1.17)","1.07(0.99,1.17)","0.2139","0.2231","0.0702","0.1114","1.0006","0.9999","1.0003","1.0006",4153,3620,3264,3052,4100,3537,3501,3453
"G20_G30_G12.2_F01_F03","2000_2005","2011_2015",10,"Economic_type_4_EQI_Social+SM+PA+OB","1.00(1.00,1.00)","1.06(0.98,1.13)","1.09(1.00,1.18)","1.06(0.97,1.15)","1.07(0.98,1.17)","0.1335","0.0414","0.2122","0.1323","1.0021","1.0016","1.0014","1.0014",4195,3845,3867,3725,3390,3798,3459,3872
"G20_G30_G12.2_F01_F03","2000_2005","2016_2020",15,"Economic_type_4_EQI+SM+PA+OB","1.00(1.00,1.00)","1.01(0.95,1.08)","1.09(1.02,1.16)","1.07(1.00,1.15)","1.15(1.07,1.24)","0.6747","0.0065","0.0594","0.0002","1.0028","1.0009","1.0033","1.0015",3343,2851,2852,2548,3569,3362,3327,2993
"G20_G30_G12.2_F01_F03","2000_2005","2016_2020",15,"Economic_type_4_EQI_Air+SM+PA+OB","1.00(1.00,1.00)","1.11(1.03,1.20)","1.07(0.99,1.15)","1.13(1.05,1.21)","1.18(1.10,1.28)","0.0073","0.0848","0.0019","0.0002","1.0006","1.0013","1.0008","1.0015",4258,3699,3056,2720,3880,3199,3167,3347
"G20_G30_G12.2_F01_F03","2000_2005","2016_2020",15,"Economic_type_4_EQI_Water+SM+PA+OB","1.00(1.00,1.00)","1.00(0.92,1.09)","0.98(0.91,1.06)","0.98(0.91,1.07)","1.03(0.95,1.11)","0.9300","0.6384","0.6738","0.5180","1.0011","1.0006","1.0016","1.0011",3507,3529,3834,3157,3263,3471,3657,3550
"G20_G30_G12.2_F01_F03","2000_2005","2016_2020",15,"Economic_type_4_EQI_Land+SM+PA+OB","1.00(1.00,1.00)","1.00(0.93,1.07)","1.01(0.94,1.08)","0.95(0.87,1.03)","0.99(0.91,1.08)","0.9013","0.8838","0.2410","0.8496","1.0001","1.0016","1.0005","1.0017",4457,3513,2855,2829,3480,3628,2852,3305
"G20_G30_G12.2_F01_F03","2000_2005","2016_2020",15,"Economic_type_4_EQI_Built+SM+PA+OB","1.00(1.00,1.00)","1.02(0.94,1.10)","1.04(0.97,1.12)","1.09(1.01,1.18)","1.08(1.00,1.16)","0.6092","0.2918","0.0273","0.0585","0.9998","0.9999","0.9996","1.0011",3580,3392,3072,2938,3797,3516,3242,3335
"G20_G30_G12.2_F01_F03","2000_2005","2016_2020",15,"Economic_type_4_EQI_Social+SM+PA+OB","1.00(1.00,1.00)","1.04(0.97,1.10)","1.02(0.95,1.10)","1.03(0.95,1.12)","1.02(0.94,1.11)","0.2889","0.5859","0.4105","0.6463","1.0009","1.0021","1.0013","1.0009",3722,3395,3813,3450,3598,3770,3515,3390
"G20_G30_G12.2_F01_F03","2000_2005","2021_2024",20,"Economic_type_4_EQI+SM+PA+OB","1.00(1.00,1.00)","1.03(0.95,1.11)","1.06(0.99,1.14)","1.04(0.96,1.12)","1.07(0.98,1.16)","0.4401","0.0969","0.3360","0.1181","1.0005","1.0010","1.0009","1.0015",4131,3222,3252,2764,3278,3389,3550,3360
"G20_G30_G12.2_F01_F03","2000_2005","2021_2024",20,"Economic_type_4_EQI_Air+SM+PA+OB","1.00(1.00,1.00)","1.08(0.99,1.17)","1.07(0.99,1.15)","1.11(1.03,1.20)","1.11(1.02,1.20)","0.0781","0.0935","0.0073","0.0110","1.0014","1.0019","1.0010","1.0005",2844,3628,2958,2483,3229,3512,3499,2949
"G20_G30_G12.2_F01_F03","2000_2005","2021_2024",20,"Economic_type_4_EQI_Water+SM+PA+OB","1.00(1.00,1.00)","0.96(0.88,1.04)","0.98(0.90,1.06)","0.94(0.86,1.03)","1.00(0.92,1.07)","0.3497","0.6492","0.1777","0.8804","1.0022","1.0010","1.0006","1.0003",3927,3872,3090,3969,3640,3640,3206,3859
"G20_G30_G12.2_F01_F03","2000_2005","2021_2024",20,"Economic_type_4_EQI_Land+SM+PA+OB","1.00(1.00,1.00)","0.99(0.92,1.07)","1.00(0.93,1.08)","0.96(0.88,1.04)","0.99(0.90,1.08)","0.8417","0.9725","0.2931","0.7963","1.0011","1.0009","1.0013","1.0021",4317,4368,3837,3401,3707,3466,3233,3593
"G20_G30_G12.2_F01_F03","2000_2005","2021_2024",20,"Economic_type_4_EQI_Built+SM+PA+OB","1.00(1.00,1.00)","1.03(0.95,1.11)","1.02(0.94,1.10)","1.12(1.04,1.21)","1.06(0.97,1.14)","0.5484","0.6255","0.0060","0.1893","1.0006","1.0014","1.0010","1.0014",3757,3396,3228,2890,3744,3773,3295,3235
"G20_G30_G12.2_F01_F03","2000_2005","2021_2024",20,"Economic_type_4_EQI_Social+SM+PA+OB","1.00(1.00,1.00)","1.04(0.97,1.12)","1.00(0.92,1.08)","1.04(0.95,1.13)","0.96(0.87,1.05)","0.2764","0.8771","0.3556","0.4005","1.0020","1.0011","1.0011","1.0016",3111,3398,3612,2739,3741,3864,3735,3073
"G20_G30_G12.2_F01_F03","2000_2005","2006_2010",5,"Economic_type_5_EQI+SM+PA+OB","1.00(1.00,1.00)","0.98(0.88,1.09)","0.99(0.89,1.09)","1.12(1.02,1.24)","1.18(1.07,1.30)","0.7613","0.8188","0.0160","0.0006","0.9999","1.0011","1.0014","1.0007",3764,3011,2941,2251,4024,3417,3334,2897
"G20_G30_G12.2_F01_F03","2000_2005","2006_2010",5,"Economic_type_5_EQI_Air+SM+PA+OB","1.00(1.00,1.00)","1.06(0.95,1.19)","1.13(1.01,1.26)","1.18(1.07,1.32)","1.19(1.08,1.32)","0.3572","0.0340","0.0010","0.0006","1.0016","1.0006","1.0008","1.0014",4894,4362,4040,4005,3650,3570,4117,3874
"G20_G30_G12.2_F01_F03","2000_2005","2006_2010",5,"Economic_type_5_EQI_Water+SM+PA+OB","1.00(1.00,1.00)","0.99(0.88,1.10)","1.03(0.93,1.15)","1.09(0.99,1.20)","1.06(0.96,1.17)","0.8325","0.5426","0.0769","0.2572","1.0001","1.0006","1.0001","1.0006",5553,4597,4807,3995,4176,3846,4296,3706
"G20_G30_G12.2_F01_F03","2000_2005","2006_2010",5,"Economic_type_5_EQI_Land+SM+PA+OB","1.00(1.00,1.00)","1.02(0.93,1.13)","1.04(0.95,1.15)","1.03(0.93,1.15)","0.97(0.87,1.07)","0.6680","0.3764","0.5351","0.5109","1.0010","1.0017","1.0005","0.9997",4547,4519,4596,4182,3685,4066,4015,4014
"G20_G30_G12.2_F01_F03","2000_2005","2006_2010",5,"Economic_type_5_EQI_Built+SM+PA+OB","1.00(1.00,1.00)","0.95(0.82,1.11)","1.05(0.93,1.19)","1.04(0.94,1.17)","1.03(0.93,1.15)","0.5147","0.4264","0.4776","0.6113","1.0004","1.0003","1.0001","1.0010",6049,4709,4407,4223,4012,4106,3652,3980
"G20_G30_G12.2_F01_F03","2000_2005","2006_2010",5,"Economic_type_5_EQI_Social+SM+PA+OB","1.00(1.00,1.00)","0.98(0.86,1.10)","1.06(0.95,1.17)","1.09(0.99,1.21)","1.14(1.02,1.27)","0.6776","0.2935","0.0802","0.0198","1.0011","1.0016","0.9996","0.9998",5059,4502,3689,3526,3757,3539,3622,3448
"G20_G30_G12.2_F01_F03","2000_2005","2011_2015",10,"Economic_type_5_EQI+SM+PA+OB","1.00(1.00,1.00)","0.94(0.84,1.03)","0.97(0.88,1.05)","1.10(1.01,1.20)","1.18(1.09,1.29)","0.1910","0.4168","0.0235","0.0002","1.0008","1.0013","1.0027","1.0029",3476,2865,2462,2077,3725,3776,3059,2835
"G20_G30_G12.2_F01_F03","2000_2005","2011_2015",10,"Economic_type_5_EQI_Air+SM+PA+OB","1.00(1.00,1.00)","1.06(0.96,1.17)","1.10(0.99,1.21)","1.21(1.10,1.33)","1.21(1.11,1.33)","0.2618","0.0669","0.0002","0.0002","1.0005","0.9996","1.0000","1.0011",5139,5125,4094,3905,3754,4333,3448,3180
"G20_G30_G12.2_F01_F03","2000_2005","2011_2015",10,"Economic_type_5_EQI_Water+SM+PA+OB","1.00(1.00,1.00)","0.96(0.87,1.07)","1.05(0.96,1.16)","1.12(1.03,1.23)","1.09(0.99,1.20)","0.4834","0.2722","0.0106","0.0735","1.0000","0.9995","1.0000","1.0024",5222,5209,4511,4186,3732,4475,3649,3951
"G20_G30_G12.2_F01_F03","2000_2005","2011_2015",10,"Economic_type_5_EQI_Land+SM+PA+OB","1.00(1.00,1.00)","1.03(0.94,1.13)","1.06(0.97,1.17)","1.03(0.93,1.12)","0.97(0.88,1.06)","0.5276","0.1998","0.6067","0.5230","1.0002","0.9994","1.0011","1.0001",4975,4402,4189,4196,4029,3562,3450,3856
"G20_G30_G12.2_F01_F03","2000_2005","2011_2015",10,"Economic_type_5_EQI_Built+SM+PA+OB","1.00(1.00,1.00)","1.03(0.91,1.16)","1.04(0.93,1.17)","1.02(0.92,1.13)","1.01(0.91,1.13)","0.6946","0.5213","0.7438","0.8467","1.0004","1.0010","1.0009","1.0008",5952,4795,4332,4177,3838,4006,3542,3604
"G20_G30_G12.2_F01_F03","2000_2005","2011_2015",10,"Economic_type_5_EQI_Social+SM+PA+OB","1.00(1.00,1.00)","0.98(0.88,1.10)","1.04(0.94,1.14)","1.07(0.97,1.17)","1.16(1.05,1.29)","0.7638","0.4793","0.1539","0.0023","0.9999","1.0006","1.0007","1.0002",6029,5086,4213,4017,4285,4117,3510,3933
"G20_G30_G12.2_F01_F03","2000_2005","2016_2020",15,"Economic_type_5_EQI+SM+PA+OB","1.00(1.00,1.00)","0.91(0.82,1.00)","0.94(0.86,1.01)","1.03(0.95,1.12)","1.15(1.06,1.24)","0.0414","0.1177","0.5184","0.0010","1.0009","1.0017","1.0014","1.0012",3536,3243,2742,2387,3193,3719,3622,3154
"G20_G30_G12.2_F01_F03","2000_2005","2016_2020",15,"Economic_type_5_EQI_Air+SM+PA+OB","1.00(1.00,1.00)","1.03(0.94,1.13)","1.03(0.94,1.14)","1.16(1.07,1.27)","1.20(1.10,1.31)","0.5164","0.5030","0.0010","0.0002","1.0008","1.0007","1.0018","1.0016",5293,4959,3885,4043,3856,3904,3529,3886
"G20_G30_G12.2_F01_F03","2000_2005","2016_2020",15,"Economic_type_5_EQI_Water+SM+PA+OB","1.00(1.00,1.00)","0.98(0.88,1.08)","1.05(0.96,1.15)","1.09(1.00,1.19)","1.06(0.97,1.16)","0.6472","0.2989","0.0660","0.1756","1.0015","1.0008","1.0002","0.9999",5577,4751,4416,4406,3767,3712,3111,3379
"G20_G30_G12.2_F01_F03","2000_2005","2016_2020",15,"Economic_type_5_EQI_Land+SM+PA+OB","1.00(1.00,1.00)","1.06(0.97,1.15)","1.07(0.98,1.17)","1.03(0.94,1.12)","1.01(0.92,1.10)","0.1918","0.1227","0.5784","0.9067","1.0010","1.0025","1.0010","1.0007",5468,4753,4752,4379,3526,3881,4009,4004
"G20_G30_G12.2_F01_F03","2000_2005","2016_2020",15,"Economic_type_5_EQI_Built+SM+PA+OB","1.00(1.00,1.00)","1.03(0.91,1.16)","1.01(0.91,1.12)","1.00(0.91,1.10)","1.04(0.94,1.14)","0.6576","0.9075","0.9563","0.4776","1.0000","1.0010","1.0006","1.0017",5336,3725,3114,3253,3424,3880,3415,3872
"G20_G30_G12.2_F01_F03","2000_2005","2016_2020",15,"Economic_type_5_EQI_Social+SM+PA+OB","1.00(1.00,1.00)","1.01(0.91,1.12)","1.02(0.94,1.11)","1.02(0.93,1.11)","1.09(0.99,1.19)","0.8896","0.6305","0.6613","0.0706","0.9998","1.0007","1.0008","1.0012",6099,4044,4063,3914,4034,3645,3882,4073
"G20_G30_G12.2_F01_F03","2000_2005","2021_2024",20,"Economic_type_5_EQI+SM+PA+OB","1.00(1.00,1.00)","0.94(0.84,1.04)","0.92(0.84,1.02)","1.04(0.95,1.13)","1.11(1.02,1.22)","0.2085","0.1023","0.4260","0.0219","1.0021","1.0010","1.0007","1.0012",4469,4024,3150,3050,3923,3960,3376,3122
"G20_G30_G12.2_F01_F03","2000_2005","2021_2024",20,"Economic_type_5_EQI_Air+SM+PA+OB","1.00(1.00,1.00)","1.06(0.96,1.18)","1.09(0.99,1.21)","1.15(1.05,1.27)","1.16(1.06,1.28)","0.2664","0.0852","0.0027","0.0023","1.0011","1.0019","1.0009","1.0003",4798,4464,3765,3431,3639,3638,3613,3560
"G20_G30_G12.2_F01_F03","2000_2005","2021_2024",20,"Economic_type_5_EQI_Water+SM+PA+OB","1.00(1.00,1.00)","0.95(0.84,1.06)","1.03(0.93,1.14)","1.08(0.98,1.19)","1.07(0.97,1.18)","0.3526","0.6101","0.1264","0.2043","1.0003","1.0008","1.0015","0.9999",4861,3964,4300,3783,3807,3738,3866,3862
"G20_G30_G12.2_F01_F03","2000_2005","2021_2024",20,"Economic_type_5_EQI_Land+SM+PA+OB","1.00(1.00,1.00)","1.00(0.91,1.10)","1.07(0.97,1.17)","1.03(0.94,1.14)","0.99(0.90,1.10)","0.9629","0.1814","0.5230","0.8909","1.0004","1.0005","1.0003","1.0001",4840,4684,4230,4440,3713,3747,3982,3835
"G20_G30_G12.2_F01_F03","2000_2005","2021_2024",20,"Economic_type_5_EQI_Built+SM+PA+OB","1.00(1.00,1.00)","1.06(0.94,1.20)","1.01(0.91,1.14)","1.00(0.90,1.11)","1.00(0.90,1.11)","0.3276","0.8163","0.9967","0.9571","1.0005","1.0011","1.0003","1.0006",5032,4742,4041,3637,3596,3905,3367,3549
"G20_G30_G12.2_F01_F03","2000_2005","2021_2024",20,"Economic_type_5_EQI_Social+SM+PA+OB","1.00(1.00,1.00)","1.03(0.92,1.15)","1.03(0.93,1.13)","1.04(0.94,1.15)","1.08(0.97,1.20)","0.6142","0.5697","0.4726","0.1493","1.0009","1.0021","1.0016","1.0017",5180,4290,3779,3644,3968,3846,3565,3702
"G20_G30_G12.2_F01_F03","2000_2005","2006_2010",5,"Economic_type_6_EQI+SM+PA+OB","1.00(1.00,1.00)","1.03(0.97,1.09)","1.11(1.05,1.18)","1.15(1.08,1.22)","1.22(1.14,1.30)","0.3547","0.0002","0.0002","0.0002","0.9995","1.0001","1.0004","1.0011",4743,3874,3448,3426,4064,3892,3578,3896
"G20_G30_G12.2_F01_F03","2000_2005","2006_2010",5,"Economic_type_6_EQI_Air+SM+PA+OB","1.00(1.00,1.00)","1.01(0.95,1.07)","1.09(1.03,1.16)","1.21(1.14,1.29)","1.21(1.14,1.29)","0.7230","0.0052","0.0002","0.0002","1.0004","1.0009","0.9999","1.0002",3404,3083,3064,3096,3888,3547,3603,3719
"G20_G30_G12.2_F01_F03","2000_2005","2006_2010",5,"Economic_type_6_EQI_Water+SM+PA+OB","1.00(1.00,1.00)","1.03(0.96,1.10)","1.03(0.96,1.10)","1.02(0.95,1.09)","1.01(0.94,1.09)","0.4780","0.4243","0.5859","0.7146","1.0007","1.0015","1.0012","1.0011",3116,2821,2891,2892,3769,3418,3383,3507
"G20_G30_G12.2_F01_F03","2000_2005","2006_2010",5,"Economic_type_6_EQI_Land+SM+PA+OB","1.00(1.00,1.00)","1.01(0.95,1.07)","0.94(0.88,1.01)","0.92(0.85,0.99)","0.93(0.86,1.00)","0.7409","0.0814","0.0202","0.0614","1.0004","1.0010","1.0033","1.0028",4095,2732,2686,2603,3840,3481,3513,3068
"G20_G30_G12.2_F01_F03","2000_2005","2006_2010",5,"Economic_type_6_EQI_Built+SM+PA+OB","1.00(1.00,1.00)","1.05(0.99,1.12)","1.06(1.00,1.12)","1.04(0.98,1.11)","0.98(0.91,1.05)","0.0860","0.0689","0.2018","0.4764","1.0006","1.0004","1.0004","1.0015",4214,3630,3613,3442,3849,3385,3636,3612
"G20_G30_G12.2_F01_F03","2000_2005","2006_2010",5,"Economic_type_6_EQI_Social+SM+PA+OB","1.00(1.00,1.00)","1.09(1.03,1.16)","1.07(1.00,1.13)","1.11(1.04,1.19)","1.14(1.05,1.23)","0.0035","0.0531","0.0027","0.0010","1.0003","0.9999","0.9999","1.0002",3915,2995,2438,2368,3657,3546,3555,3050
"G20_G30_G12.2_F01_F03","2000_2005","2011_2015",10,"Economic_type_6_EQI+SM+PA+OB","1.00(1.00,1.00)","1.03(0.98,1.09)","1.07(1.01,1.13)","1.14(1.08,1.21)","1.23(1.16,1.31)","0.2131","0.0102","0.0002","0.0002","1.0004","1.0008","1.0006","1.0012",4386,3599,3194,3087,3854,3812,3977,3673
"G20_G30_G12.2_F01_F03","2000_2005","2011_2015",10,"Economic_type_6_EQI_Air+SM+PA+OB","1.00(1.00,1.00)","1.03(0.97,1.08)","1.14(1.08,1.20)","1.23(1.16,1.30)","1.22(1.15,1.29)","0.3581","0.0002","0.0002","0.0002","1.0014","1.0016","1.0027","1.0023",3780,3338,3339,3234,4006,3982,3978,4071
"G20_G30_G12.2_F01_F03","2000_2005","2011_2015",10,"Economic_type_6_EQI_Water+SM+PA+OB","1.00(1.00,1.00)","1.03(0.96,1.10)","1.01(0.95,1.07)","1.05(0.99,1.12)","1.01(0.94,1.08)","0.4043","0.7930","0.1085","0.7284","1.0014","1.0020","1.0026","1.0018",3285,2810,2760,2731,3745,3692,3677,3415
"G20_G30_G12.2_F01_F03","2000_2005","2011_2015",10,"Economic_type_6_EQI_Land+SM+PA+OB","1.00(1.00,1.00)","0.99(0.93,1.04)","0.98(0.93,1.04)","0.93(0.87,0.99)","1.00(0.94,1.07)","0.6022","0.5534","0.0223","0.9950","1.0008","1.0006","1.0005","1.0003",4214,3132,3207,3078,4190,3835,3061,3379
"G20_G30_G12.2_F01_F03","2000_2005","2011_2015",10,"Economic_type_6_EQI_Built+SM+PA+OB","1.00(1.00,1.00)","1.05(1.00,1.10)","1.04(0.99,1.10)","1.03(0.98,1.09)","0.98(0.93,1.04)","0.0727","0.1218","0.2214","0.5293","0.9999","1.0005","1.0007","1.0000",4100,3345,3144,3309,3852,3642,3478,3948
"G20_G30_G12.2_F01_F03","2000_2005","2011_2015",10,"Economic_type_6_EQI_Social+SM+PA+OB","1.00(1.00,1.00)","1.03(0.98,1.09)","1.04(0.98,1.10)","1.07(1.01,1.14)","1.09(1.01,1.17)","0.2247","0.2010","0.0260","0.0298","1.0001","1.0016","1.0021","1.0038",4112,3041,2705,2423,3582,3557,3297,3225
"G20_G30_G12.2_F01_F03","2000_2005","2016_2020",15,"Economic_type_6_EQI+SM+PA+OB","1.00(1.00,1.00)","1.04(0.99,1.09)","1.07(1.01,1.12)","1.15(1.09,1.21)","1.21(1.14,1.28)","0.1202","0.0106","0.0002","0.0002","1.0006","1.0005","1.0014","1.0013",4538,3567,3329,2999,3746,3515,3313,3356
"G20_G30_G12.2_F01_F03","2000_2005","2016_2020",15,"Economic_type_6_EQI_Air+SM+PA+OB","1.00(1.00,1.00)","1.02(0.97,1.07)","1.10(1.05,1.16)","1.18(1.12,1.24)","1.15(1.09,1.22)","0.4951","0.0006","0.0002","0.0002","1.0020","1.0047","1.0035","1.0024",3295,2932,3085,3032,4043,3766,3841,3924
"G20_G30_G12.2_F01_F03","2000_2005","2016_2020",15,"Economic_type_6_EQI_Water+SM+PA+OB","1.00(1.00,1.00)","1.01(0.95,1.07)","1.00(0.94,1.06)","1.02(0.96,1.09)","1.01(0.95,1.08)","0.8055","0.8929","0.4826","0.6709","1.0011","1.0013","1.0012","1.0021",3510,3042,2673,2937,4068,3665,3520,3418
"G20_G30_G12.2_F01_F03","2000_2005","2016_2020",15,"Economic_type_6_EQI_Land+SM+PA+OB","1.00(1.00,1.00)","0.99(0.95,1.05)","1.00(0.94,1.05)","0.98(0.93,1.04)","1.03(0.96,1.09)","0.8213","0.8859","0.5622","0.4189","1.0046","1.0012","1.0023","1.0017",4162,3194,2671,2652,3625,4042,3535,3543
"G20_G30_G12.2_F01_F03","2000_2005","2016_2020",15,"Economic_type_6_EQI_Built+SM+PA+OB","1.00(1.00,1.00)","1.02(0.97,1.07)","1.03(0.98,1.08)","1.03(0.98,1.09)","0.99(0.94,1.05)","0.4984","0.3106","0.2181","0.7526","1.0032","1.0023","1.0007","1.0015",3922,3888,3627,3578,3337,3742,3291,3648
"G20_G30_G12.2_F01_F03","2000_2005","2016_2020",15,"Economic_type_6_EQI_Social+SM+PA+OB","1.00(1.00,1.00)","0.99(0.94,1.04)","1.03(0.98,1.09)","1.04(0.98,1.11)","1.08(1.01,1.15)","0.6734","0.2781","0.1602","0.0173","1.0012","1.0014","1.0032","1.0026",3723,3245,2002,2478,3590,3377,3524,3422
"G20_G30_G12.2_F01_F03","2000_2005","2021_2024",20,"Economic_type_6_EQI+SM+PA+OB","1.00(1.00,1.00)","1.04(0.98,1.09)","1.03(0.98,1.09)","1.11(1.05,1.17)","1.14(1.07,1.21)","0.1735","0.2202","0.0002","0.0002","1.0022","1.0008","1.0009","1.0004",4507,3884,3383,3277,3975,4172,3735,3821
"G20_G30_G12.2_F01_F03","2000_2005","2021_2024",20,"Economic_type_6_EQI_Air+SM+PA+OB","1.00(1.00,1.00)","1.02(0.97,1.08)","1.07(1.01,1.13)","1.12(1.06,1.19)","1.08(1.01,1.14)","0.4235","0.0265","0.0006","0.0202","1.0003","1.0006","1.0003","1.0001",4137,3912,3669,3660,4030,3812,3705,3771
"G20_G30_G12.2_F01_F03","2000_2005","2021_2024",20,"Economic_type_6_EQI_Water+SM+PA+OB","1.00(1.00,1.00)","1.00(0.94,1.07)","0.98(0.92,1.05)","1.01(0.95,1.08)","1.01(0.95,1.08)","0.9904","0.5993","0.7501","0.7038","1.0003","1.0004","1.0006","1.0003",3778,3598,3566,3798,3520,3849,3374,3521
"G20_G30_G12.2_F01_F03","2000_2005","2021_2024",20,"Economic_type_6_EQI_Land+SM+PA+OB","1.00(1.00,1.00)","1.01(0.95,1.06)","1.01(0.95,1.07)","1.00(0.94,1.07)","1.03(0.96,1.10)","0.8504","0.7984","0.9317","0.3843","1.0007","0.9999","1.0008","1.0005",5212,4592,4045,4341,4064,3452,4012,3698
"G20_G30_G12.2_F01_F03","2000_2005","2021_2024",20,"Economic_type_6_EQI_Built+SM+PA+OB","1.00(1.00,1.00)","1.04(0.99,1.10)","1.05(1.00,1.11)","1.06(1.00,1.13)","1.02(0.96,1.09)","0.1385","0.0652","0.0360","0.4368","1.0015","1.0008","1.0003","1.0006",4531,4226,3991,3873,3733,4163,3582,3958
"G20_G30_G12.2_F01_F03","2000_2005","2021_2024",20,"Economic_type_6_EQI_Social+SM+PA+OB","1.00(1.00,1.00)","0.99(0.94,1.05)","0.96(0.91,1.02)","1.00(0.94,1.07)","1.02(0.95,1.09)","0.7005","0.2189","0.9658","0.5918","1.0002","1.0010","1.0013","1.0003",3961,3896,3341,2911,3495,3712,3643,3839
"G20_G30_G12.2_F01_F03","2000_2005","2006_2010",5,"Homeownership_tertile_1_EQI+SM+PA+OB","1.00(1.00,1.00)","1.17(1.09,1.25)","1.25(1.17,1.34)","1.30(1.22,1.40)","1.42(1.32,1.52)","0.0002","0.0002","0.0002","0.0002","0.9996","1.0003","1.0003","1.0004",3718,3537,3006,2850,3698,3564,3465,3690
"G20_G30_G12.2_F01_F03","2000_2005","2006_2010",5,"Homeownership_tertile_1_EQI_Air+SM+PA+OB","1.00(1.00,1.00)","1.22(1.11,1.34)","1.27(1.15,1.39)","1.38(1.26,1.52)","1.40(1.28,1.55)","0.0002","0.0002","0.0002","0.0002","1.0012","1.0014","1.0023","1.0028",3616,3344,2986,2771,3600,3000,3529,3118
"G20_G30_G12.2_F01_F03","2000_2005","2006_2010",5,"Homeownership_tertile_1_EQI_Water+SM+PA+OB","1.00(1.00,1.00)","0.93(0.83,1.03)","1.10(1.00,1.22)","1.06(0.96,1.18)","1.10(0.99,1.22)","0.1660","0.0556","0.2452","0.0677","1.0010","1.0006","1.0014","1.0006",3584,2740,3045,2800,3818,3284,3730,3330
"G20_G30_G12.2_F01_F03","2000_2005","2006_2010",5,"Homeownership_tertile_1_EQI_Land+SM+PA+OB","1.00(1.00,1.00)","1.08(0.99,1.16)","1.10(1.01,1.19)","0.98(0.89,1.08)","1.06(0.96,1.17)","0.0685","0.0281","0.6921","0.2356","1.0000","1.0007","1.0002","0.9999",5282,3993,3374,3290,4264,3896,3608,3598
"G20_G30_G12.2_F01_F03","2000_2005","2006_2010",5,"Homeownership_tertile_1_EQI_Built+SM+PA+OB","1.00(1.00,1.00)","1.07(0.97,1.19)","1.20(1.09,1.32)","1.22(1.11,1.34)","1.20(1.09,1.32)","0.1868","0.0002","0.0002","0.0002","1.0011","1.0016","1.0021","1.0027",4743,3589,3469,3477,3817,3981,3637,3618
"G20_G30_G12.2_F01_F03","2000_2005","2006_2010",5,"Homeownership_tertile_1_EQI_Social+SM+PA+OB","1.00(1.00,1.00)","1.06(0.98,1.15)","1.08(0.99,1.18)","1.15(1.05,1.26)","1.17(1.06,1.30)","0.1348","0.0735","0.0019","0.0027","1.0001","1.0008","1.0015","1.0012",4294,3652,3087,3236,3869,3913,3513,3707
"G20_G30_G12.2_F01_F03","2000_2005","2011_2015",10,"Homeownership_tertile_1_EQI+SM+PA+OB","1.00(1.00,1.00)","1.22(1.15,1.30)","1.29(1.21,1.38)","1.35(1.26,1.44)","1.46(1.36,1.57)","0.0002","0.0002","0.0002","0.0002","1.0007","1.0001","0.9999","1.0011",4075,3185,2657,2434,3789,3831,3234,2933
"G20_G30_G12.2_F01_F03","2000_2005","2011_2015",10,"Homeownership_tertile_1_EQI_Air+SM+PA+OB","1.00(1.00,1.00)","1.32(1.20,1.47)","1.39(1.26,1.54)","1.52(1.38,1.69)","1.54(1.39,1.71)","0.0002","0.0002","0.0002","0.0002","1.0003","1.0010","1.0013","1.0007",3747,3421,3152,2795,3817,3601,3498,3153
"G20_G30_G12.2_F01_F03","2000_2005","2011_2015",10,"Homeownership_tertile_1_EQI_Water+SM+PA+OB","1.00(1.00,1.00)","0.99(0.88,1.11)","1.11(1.00,1.24)","1.13(1.02,1.25)","1.14(1.03,1.26)","0.8496","0.0464","0.0219","0.0206","1.0032","1.0041","1.0049","1.0037",2945,2530,2393,2415,4036,2927,3244,3471
"G20_G30_G12.2_F01_F03","2000_2005","2011_2015",10,"Homeownership_tertile_1_EQI_Land+SM+PA+OB","1.00(1.00,1.00)","1.03(0.94,1.13)","1.07(0.98,1.17)","1.01(0.91,1.12)","1.08(0.98,1.20)","0.4997","0.1460","0.8642","0.1235","1.0004","1.0010","1.0017","1.0008",4620,3537,3158,2934,3302,3481,3718,3271
"G20_G30_G12.2_F01_F03","2000_2005","2011_2015",10,"Homeownership_tertile_1_EQI_Built+SM+PA+OB","1.00(1.00,1.00)","1.23(1.11,1.37)","1.33(1.19,1.47)","1.37(1.24,1.53)","1.39(1.26,1.55)","0.0002","0.0002","0.0002","0.0002","1.0003","1.0010","1.0002","1.0016",3893,3030,2845,2583,3651,3407,3735,3431
"G20_G30_G12.2_F01_F03","2000_2005","2011_2015",10,"Homeownership_tertile_1_EQI_Social+SM+PA+OB","1.00(1.00,1.00)","1.12(1.03,1.21)","1.15(1.05,1.25)","1.17(1.06,1.30)","1.22(1.10,1.36)","0.0073","0.0006","0.0010","0.0002","1.0002","1.0008","0.9997","1.0004",3600,2957,2801,2615,3503,2831,3000,3173
"G20_G30_G12.2_F01_F03","2000_2005","2016_2020",15,"Homeownership_tertile_1_EQI+SM+PA+OB","1.00(1.00,1.00)","1.15(1.09,1.22)","1.20(1.13,1.26)","1.22(1.16,1.30)","1.32(1.23,1.40)","0.0002","0.0002","0.0002","0.0002","1.0024","1.0010","1.0018","1.0004",2893,2670,2160,2059,3563,3226,3213,2745
"G20_G30_G12.2_F01_F03","2000_2005","2016_2020",15,"Homeownership_tertile_1_EQI_Air+SM+PA+OB","1.00(1.00,1.00)","1.19(1.10,1.29)","1.27(1.18,1.37)","1.31(1.22,1.42)","1.28(1.19,1.39)","0.0002","0.0002","0.0002","0.0002","1.0017","1.0007","1.0005","1.0001",3677,2912,2625,2316,3843,3645,3436,2840
"G20_G30_G12.2_F01_F03","2000_2005","2016_2020",15,"Homeownership_tertile_1_EQI_Water+SM+PA+OB","1.00(1.00,1.00)","0.91(0.83,0.99)","1.04(0.96,1.13)","1.04(0.96,1.13)","1.11(1.02,1.20)","0.0344","0.3435","0.3980","0.0181","1.0015","1.0012","1.0020","1.0032",2899,2635,2727,2824,3549,3314,3270,3347
"G20_G30_G12.2_F01_F03","2000_2005","2016_2020",15,"Homeownership_tertile_1_EQI_Land+SM+PA+OB","1.00(1.00,1.00)","1.02(0.95,1.10)","1.05(0.98,1.13)","1.00(0.93,1.08)","1.07(0.99,1.16)","0.5197","0.1556","0.9550","0.0873","1.0022","1.0004","1.0010","1.0005",4520,3731,3309,3221,3562,3460,3409,3194
"G20_G30_G12.2_F01_F03","2000_2005","2016_2020",15,"Homeownership_tertile_1_EQI_Built+SM+PA+OB","1.00(1.00,1.00)","1.11(1.01,1.20)","1.16(1.07,1.25)","1.18(1.09,1.28)","1.20(1.11,1.29)","0.0215","0.0002","0.0002","0.0002","1.0006","1.0011","1.0009","1.0008",4140,2968,2659,2707,4093,3607,3453,3439
"G20_G30_G12.2_F01_F03","2000_2005","2016_2020",15,"Homeownership_tertile_1_EQI_Social+SM+PA+OB","1.00(1.00,1.00)","1.06(0.99,1.13)","1.10(1.02,1.18)","1.11(1.03,1.20)","1.14(1.04,1.24)","0.0760","0.0098","0.0081","0.0040","1.0006","1.0015","1.0009","1.0008",4179,3764,3347,3200,3174,3622,3956,3920
"G20_G30_G12.2_F01_F03","2000_2005","2021_2024",20,"Homeownership_tertile_1_EQI+SM+PA+OB","1.00(1.00,1.00)","1.14(1.07,1.21)","1.13(1.06,1.20)","1.18(1.11,1.26)","1.20(1.13,1.28)","0.0002","0.0002","0.0002","0.0002","1.0013","1.0011","1.0019","1.0012",4203,3865,3244,3292,3613,3639,3715,3521
"G20_G30_G12.2_F01_F03","2000_2005","2021_2024",20,"Homeownership_tertile_1_EQI_Air+SM+PA+OB","1.00(1.00,1.00)","1.16(1.08,1.26)","1.22(1.14,1.32)","1.25(1.16,1.35)","1.17(1.09,1.26)","0.0002","0.0002","0.0002","0.0002","1.0002","0.9999","1.0010","1.0004",4343,3670,3431,2992,3946,4091,3268,2837
"G20_G30_G12.2_F01_F03","2000_2005","2021_2024",20,"Homeownership_tertile_1_EQI_Water+SM+PA+OB","1.00(1.00,1.00)","0.95(0.87,1.03)","1.06(0.98,1.14)","1.03(0.95,1.11)","1.09(1.01,1.18)","0.2385","0.1831","0.5168","0.0294","1.0003","1.0008","0.9999","1.0002",3922,3511,3755,3391,3538,3534,3732,3283
"G20_G30_G12.2_F01_F03","2000_2005","2021_2024",20,"Homeownership_tertile_1_EQI_Land+SM+PA+OB","1.00(1.00,1.00)","1.00(0.94,1.07)","1.03(0.96,1.10)","1.04(0.97,1.12)","1.04(0.96,1.12)","0.9783","0.4347","0.3206","0.3764","0.9998","1.0024","1.0007","1.0002",4566,4417,4110,3908,3921,3974,4028,4072
"G20_G30_G12.2_F01_F03","2000_2005","2021_2024",20,"Homeownership_tertile_1_EQI_Built+SM+PA+OB","1.00(1.00,1.00)","1.12(1.03,1.21)","1.17(1.08,1.26)","1.18(1.09,1.27)","1.18(1.09,1.27)","0.0081","0.0002","0.0002","0.0002","1.0013","1.0009","1.0004","1.0001",4720,4023,3597,3707,3811,3954,3823,3608
"G20_G30_G12.2_F01_F03","2000_2005","2021_2024",20,"Homeownership_tertile_1_EQI_Social+SM+PA+OB","1.00(1.00,1.00)","1.02(0.96,1.09)","1.01(0.94,1.09)","1.05(0.97,1.13)","1.08(0.99,1.18)","0.5230","0.7209","0.2139","0.0673","1.0003","1.0015","1.0005","1.0018",4387,3846,3300,3130,3492,4003,3464,3524
"G20_G30_G12.2_F01_F03","2000_2005","2006_2010",5,"Homeownership_tertile_2_EQI+SM+PA+OB","1.00(1.00,1.00)","1.06(1.00,1.13)","1.14(1.08,1.22)","1.17(1.10,1.25)","1.23(1.15,1.32)","0.0369","0.0006","0.0002","0.0002","1.0026","1.0009","1.0021","1.0010",4294,3221,2788,2546,3813,3693,3297,3362
"G20_G30_G12.2_F01_F03","2000_2005","2006_2010",5,"Homeownership_tertile_2_EQI_Air+SM+PA+OB","1.00(1.00,1.00)","1.05(0.98,1.12)","1.14(1.06,1.22)","1.23(1.15,1.33)","1.24(1.14,1.34)","0.1618","0.0002","0.0002","0.0002","1.0004","1.0000","1.0006","1.0001",3357,3023,2758,2763,3484,3343,3102,3353
"G20_G30_G12.2_F01_F03","2000_2005","2006_2010",5,"Homeownership_tertile_2_EQI_Water+SM+PA+OB","1.00(1.00,1.00)","0.99(0.91,1.08)","1.03(0.95,1.12)","1.03(0.95,1.12)","1.04(0.95,1.13)","0.8034","0.4505","0.4643","0.4105","1.0007","1.0007","1.0010","1.0018",2493,2666,2470,2462,3405,3532,2776,3044
"G20_G30_G12.2_F01_F03","2000_2005","2006_2010",5,"Homeownership_tertile_2_EQI_Land+SM+PA+OB","1.00(1.00,1.00)","0.99(0.93,1.06)","1.01(0.94,1.08)","1.02(0.95,1.10)","1.00(0.92,1.08)","0.8638","0.7196","0.5438","0.9783","1.0019","1.0017","1.0005","1.0022",4041,3320,3216,3297,3356,3317,3375,3502
"G20_G30_G12.2_F01_F03","2000_2005","2006_2010",5,"Homeownership_tertile_2_EQI_Built+SM+PA+OB","1.00(1.00,1.00)","1.07(1.01,1.14)","1.04(0.97,1.10)","1.07(1.00,1.14)","0.98(0.90,1.06)","0.0352","0.2743","0.0639","0.5597","1.0030","1.0018","1.0009","1.0012",4079,3404,3480,3472,4067,3665,4080,3418
"G20_G30_G12.2_F01_F03","2000_2005","2006_2010",5,"Homeownership_tertile_2_EQI_Social+SM+PA+OB","1.00(1.00,1.00)","1.09(1.02,1.16)","1.07(1.00,1.15)","1.05(0.97,1.14)","1.08(0.99,1.19)","0.0131","0.0498","0.1864","0.0781","1.0002","1.0005","1.0018","1.0029",3580,2926,2558,2271,3566,3437,3008,3263
"G20_G30_G12.2_F01_F03","2000_2005","2011_2015",10,"Homeownership_tertile_2_EQI+SM+PA+OB","1.00(1.00,1.00)","1.10(1.04,1.16)","1.11(1.05,1.16)","1.14(1.08,1.20)","1.21(1.13,1.29)","0.0002","0.0006","0.0002","0.0002","1.0005","1.0012","1.0018","1.0014",5005,3796,3356,3281,3841,4083,3983,3098
"G20_G30_G12.2_F01_F03","2000_2005","2011_2015",10,"Homeownership_tertile_2_EQI_Air+SM+PA+OB","1.00(1.00,1.00)","1.06(1.00,1.13)","1.16(1.09,1.23)","1.16(1.09,1.24)","1.18(1.10,1.26)","0.0477","0.0002","0.0002","0.0002","1.0001","1.0003","1.0006","1.0015",3651,2847,2886,2511,3689,3616,3641,3272
"G20_G30_G12.2_F01_F03","2000_2005","2011_2015",10,"Homeownership_tertile_2_EQI_Water+SM+PA+OB","1.00(1.00,1.00)","0.98(0.91,1.05)","0.98(0.91,1.05)","1.03(0.96,1.10)","1.01(0.94,1.09)","0.5855","0.5793","0.4793","0.7975","1.0013","1.0009","1.0004","1.0006",2569,2612,2635,2936,3341,3644,3634,3684
"G20_G30_G12.2_F01_F03","2000_2005","2011_2015",10,"Homeownership_tertile_2_EQI_Land+SM+PA+OB","1.00(1.00,1.00)","1.04(0.98,1.10)","1.04(0.98,1.10)","1.04(0.98,1.11)","1.02(0.95,1.09)","0.2222","0.2081","0.2314","0.6563","1.0010","1.0004","0.9999","1.0001",4524,3469,3068,2879,3636,3251,3674,3225
"G20_G30_G12.2_F01_F03","2000_2005","2011_2015",10,"Homeownership_tertile_2_EQI_Built+SM+PA+OB","1.00(1.00,1.00)","1.05(0.99,1.11)","1.03(0.98,1.09)","1.01(0.95,1.07)","0.95(0.89,1.02)","0.0844","0.2472","0.7596","0.1693","1.0005","1.0005","1.0005","0.9996",3833,3069,3136,3495,4066,3747,2977,3748
"G20_G30_G12.2_F01_F03","2000_2005","2011_2015",10,"Homeownership_tertile_2_EQI_Social+SM+PA+OB","1.00(1.00,1.00)","1.01(0.96,1.07)","1.05(0.98,1.11)","1.06(0.99,1.13)","1.13(1.05,1.22)","0.6867","0.1389","0.0739","0.0019","1.0009","1.0003","1.0013","1.0009",4083,3088,2761,2707,3978,3790,3763,3456
"G20_G30_G12.2_F01_F03","2000_2005","2016_2020",15,"Homeownership_tertile_2_EQI+SM+PA+OB","1.00(1.00,1.00)","1.09(1.04,1.15)","1.11(1.06,1.17)","1.14(1.07,1.20)","1.21(1.14,1.28)","0.0006","0.0002","0.0002","0.0002","1.0011","1.0006","1.0014","1.0004",3861,2878,2292,2120,3886,3590,2872,3370
"G20_G30_G12.2_F01_F03","2000_2005","2016_2020",15,"Homeownership_tertile_2_EQI_Air+SM+PA+OB","1.00(1.00,1.00)","1.05(1.00,1.11)","1.09(1.03,1.15)","1.14(1.08,1.21)","1.15(1.08,1.22)","0.0706","0.0006","0.0002","0.0002","1.0008","1.0014","1.0017","1.0021",4062,3439,2917,2480,4016,3617,3450,3431
"G20_G30_G12.2_F01_F03","2000_2005","2016_2020",15,"Homeownership_tertile_2_EQI_Water+SM+PA+OB","1.00(1.00,1.00)","1.01(0.95,1.08)","1.00(0.94,1.07)","1.01(0.94,1.08)","1.02(0.94,1.09)","0.7280","0.9204","0.7780","0.6734","1.0019","1.0005","1.0002","1.0016",2949,2542,2600,2544,3409,3155,3610,3407
"G20_G30_G12.2_F01_F03","2000_2005","2016_2020",15,"Homeownership_tertile_2_EQI_Land+SM+PA+OB","1.00(1.00,1.00)","1.05(0.99,1.10)","1.03(0.98,1.09)","1.04(0.98,1.11)","1.01(0.95,1.08)","0.0839","0.2697","0.1693","0.7530","1.0016","1.0001","1.0007","1.0003",4477,3900,3097,3092,3674,3979,3568,3788
"G20_G30_G12.2_F01_F03","2000_2005","2016_2020",15,"Homeownership_tertile_2_EQI_Built+SM+PA+OB","1.00(1.00,1.00)","1.05(1.00,1.11)","1.05(0.99,1.10)","1.04(0.98,1.10)","1.03(0.96,1.09)","0.0506","0.0944","0.1527","0.4235","1.0003","1.0010","1.0009","1.0008",4543,3822,3555,3824,4003,3849,3571,3975
"G20_G30_G12.2_F01_F03","2000_2005","2016_2020",15,"Homeownership_tertile_2_EQI_Social+SM+PA+OB","1.00(1.00,1.00)","1.01(0.96,1.07)","1.04(0.98,1.10)","1.04(0.98,1.11)","1.13(1.05,1.21)","0.6363","0.2147","0.2164","0.0010","1.0030","1.0008","0.9997","1.0002",4653,3394,2918,2605,3880,3749,3264,3129
"G20_G30_G12.2_F01_F03","2000_2005","2021_2024",20,"Homeownership_tertile_2_EQI+SM+PA+OB","1.00(1.00,1.00)","1.06(1.00,1.11)","1.05(1.00,1.11)","1.08(1.02,1.15)","1.09(1.02,1.16)","0.0381","0.0673","0.0048","0.0106","1.0000","1.0003","1.0004","1.0006",4526,3464,3000,2949,3789,3577,3567,3414
"G20_G30_G12.2_F01_F03","2000_2005","2021_2024",20,"Homeownership_tertile_2_EQI_Air+SM+PA+OB","1.00(1.00,1.00)","1.09(1.03,1.15)","1.09(1.03,1.16)","1.12(1.05,1.19)","1.05(0.97,1.12)","0.0056","0.0065","0.0006","0.2010","1.0015","1.0004","1.0014","1.0014",3700,3313,2854,2562,3851,3606,3031,3173
"G20_G30_G12.2_F01_F03","2000_2005","2021_2024",20,"Homeownership_tertile_2_EQI_Water+SM+PA+OB","1.00(1.00,1.00)","0.99(0.92,1.06)","0.96(0.89,1.03)","1.01(0.94,1.09)","1.00(0.93,1.08)","0.7292","0.2897","0.7967","0.9913","1.0023","1.0037","1.0024","1.0014",2924,2503,2787,2908,3551,3401,3780,3628
"G20_G30_G12.2_F01_F03","2000_2005","2021_2024",20,"Homeownership_tertile_2_EQI_Land+SM+PA+OB","1.00(1.00,1.00)","1.05(0.99,1.11)","1.04(0.98,1.11)","1.06(0.99,1.13)","1.02(0.95,1.09)","0.1318","0.1968","0.0931","0.6238","1.0032","1.0007","1.0011","1.0024",4129,3523,2869,2977,4036,3307,3646,3461
"G20_G30_G12.2_F01_F03","2000_2005","2021_2024",20,"Homeownership_tertile_2_EQI_Built+SM+PA+OB","1.00(1.00,1.00)","1.04(0.99,1.10)","1.04(0.99,1.11)","1.03(0.97,1.09)","0.99(0.92,1.06)","0.1402","0.1256","0.3426","0.7984","1.0001","0.9999","1.0007","1.0006",3942,3452,3334,3454,3944,3515,3682,3823
"G20_G30_G12.2_F01_F03","2000_2005","2021_2024",20,"Homeownership_tertile_2_EQI_Social+SM+PA+OB","1.00(1.00,1.00)","1.05(0.99,1.11)","1.05(0.98,1.11)","1.04(0.97,1.11)","1.08(1.00,1.17)","0.1135","0.1385","0.2627","0.0510","1.0025","1.0014","1.0001","1.0006",4358,3235,2856,2658,3490,3498,3592,3387
"G20_G30_G12.2_F01_F03","2000_2005","2006_2010",5,"Homeownership_tertile_3_EQI+SM+PA+OB","1.00(1.00,1.00)","1.05(1.00,1.11)","1.06(1.00,1.13)","1.15(1.08,1.22)","1.18(1.10,1.27)","0.0677","0.0452","0.0002","0.0002","1.0000","1.0001","0.9999","1.0007",4579,3526,3043,2994,4040,3291,3686,3441
"G20_G30_G12.2_F01_F03","2000_2005","2006_2010",5,"Homeownership_tertile_3_EQI_Air+SM+PA+OB","1.00(1.00,1.00)","1.03(0.97,1.10)","1.08(1.01,1.15)","1.15(1.07,1.23)","1.11(1.02,1.19)","0.2976","0.0227","0.0002","0.0077","1.0015","1.0012","1.0025","1.0011",3892,3418,3180,3627,3833,3439,3650,3752
"G20_G30_G12.2_F01_F03","2000_2005","2006_2010",5,"Homeownership_tertile_3_EQI_Water+SM+PA+OB","1.00(1.00,1.00)","1.08(1.01,1.15)","0.98(0.92,1.06)","1.07(0.99,1.15)","1.06(0.98,1.14)","0.0269","0.6484","0.0731","0.1310","1.0000","1.0006","1.0006","1.0012",3468,3455,3552,3534,3965,3436,4054,3560
"G20_G30_G12.2_F01_F03","2000_2005","2006_2010",5,"Homeownership_tertile_3_EQI_Land+SM+PA+OB","1.00(1.00,1.00)","0.99(0.93,1.05)","0.95(0.88,1.02)","0.95(0.88,1.02)","0.94(0.86,1.02)","0.7855","0.1323","0.1685","0.1293","1.0017","1.0007","1.0011","0.9999",4030,3488,3132,3446,3659,3664,3324,3663
"G20_G30_G12.2_F01_F03","2000_2005","2006_2010",5,"Homeownership_tertile_3_EQI_Built+SM+PA+OB","1.00(1.00,1.00)","1.02(0.96,1.07)","1.03(0.97,1.10)","1.00(0.94,1.07)","0.92(0.83,1.00)","0.5501","0.3022","0.9963","0.0514","1.0003","1.0001","1.0010","1.0008",5518,4648,4396,4766,3899,4011,3925,3678
"G20_G30_G12.2_F01_F03","2000_2005","2006_2010",5,"Homeownership_tertile_3_EQI_Social+SM+PA+OB","1.00(1.00,1.00)","1.07(1.00,1.14)","1.06(0.99,1.14)","1.07(0.99,1.15)","1.21(1.11,1.31)","0.0398","0.0902","0.0910","0.0002","1.0010","1.0007","1.0012","1.0024",3997,3197,2900,2702,3406,3496,3328,2982
"G20_G30_G12.2_F01_F03","2000_2005","2011_2015",10,"Homeownership_tertile_3_EQI+SM+PA+OB","1.00(1.00,1.00)","1.00(0.95,1.05)","1.06(1.01,1.12)","1.15(1.09,1.22)","1.24(1.17,1.32)","0.9613","0.0215","0.0002","0.0002","1.0016","1.0005","1.0022","1.0003",4526,3619,3278,3035,3949,3924,4009,3392
"G20_G30_G12.2_F01_F03","2000_2005","2011_2015",10,"Homeownership_tertile_3_EQI_Air+SM+PA+OB","1.00(1.00,1.00)","1.04(0.98,1.10)","1.11(1.05,1.17)","1.19(1.12,1.26)","1.18(1.10,1.26)","0.1677","0.0010","0.0002","0.0002","1.0003","1.0008","1.0013","1.0007",3841,3182,3080,3517,4067,3686,3636,3751
"G20_G30_G12.2_F01_F03","2000_2005","2011_2015",10,"Homeownership_tertile_3_EQI_Water+SM+PA+OB","1.00(1.00,1.00)","1.03(0.97,1.10)","1.01(0.95,1.07)","1.05(0.99,1.12)","1.08(1.01,1.16)","0.2851","0.8579","0.1256","0.0340","1.0015","1.0007","1.0006","1.0007",3400,3351,3061,3105,3488,3551,3592,3637
"G20_G30_G12.2_F01_F03","2000_2005","2011_2015",10,"Homeownership_tertile_3_EQI_Land+SM+PA+OB","1.00(1.00,1.00)","0.96(0.91,1.01)","0.99(0.93,1.04)","0.97(0.91,1.04)","0.98(0.91,1.05)","0.1460","0.6288","0.3547","0.5659","1.0005","1.0000","1.0000","1.0002",3719,3015,2850,2880,3643,3855,3471,3776
"G20_G30_G12.2_F01_F03","2000_2005","2011_2015",10,"Homeownership_tertile_3_EQI_Built+SM+PA+OB","1.00(1.00,1.00)","1.04(0.99,1.08)","1.02(0.97,1.07)","1.02(0.96,1.08)","0.95(0.89,1.02)","0.1110","0.4026","0.4593","0.1902","1.0002","1.0006","1.0013","1.0024",4849,4125,4656,4455,3411,3944,3917,3738
"G20_G30_G12.2_F01_F03","2000_2005","2011_2015",10,"Homeownership_tertile_3_EQI_Social+SM+PA+OB","1.00(1.00,1.00)","0.99(0.93,1.05)","1.01(0.95,1.07)","1.05(0.98,1.12)","1.12(1.05,1.21)","0.6238","0.7709","0.1585","0.0015","1.0007","1.0030","1.0025","1.0043",3690,2943,2447,2164,3736,3782,3437,2978
"G20_G30_G12.2_F01_F03","2000_2005","2016_2020",15,"Homeownership_tertile_3_EQI+SM+PA+OB","1.00(1.00,1.00)","1.00(0.95,1.04)","1.01(0.96,1.06)","1.12(1.07,1.18)","1.18(1.11,1.26)","0.9175","0.5651","0.0002","0.0002","1.0004","1.0008","1.0003","1.0000",5179,3978,3537,3167,4045,3948,3920,3501
"G20_G30_G12.2_F01_F03","2000_2005","2016_2020",15,"Homeownership_tertile_3_EQI_Air+SM+PA+OB","1.00(1.00,1.00)","1.05(1.00,1.11)","1.10(1.04,1.16)","1.15(1.09,1.23)","1.15(1.07,1.23)","0.0539","0.0006","0.0002","0.0002","1.0012","1.0009","1.0017","1.0015",3841,3150,2968,3118,3437,3645,3761,3678
"G20_G30_G12.2_F01_F03","2000_2005","2016_2020",15,"Homeownership_tertile_3_EQI_Water+SM+PA+OB","1.00(1.00,1.00)","1.04(0.97,1.10)","0.97(0.91,1.04)","1.04(0.98,1.11)","1.05(0.98,1.12)","0.2727","0.4205","0.2277","0.1960","1.0014","1.0019","1.0006","1.0019",3007,2936,2960,2818,3468,3599,3813,3429
"G20_G30_G12.2_F01_F03","2000_2005","2016_2020",15,"Homeownership_tertile_3_EQI_Land+SM+PA+OB","1.00(1.00,1.00)","1.00(0.95,1.05)","1.02(0.96,1.08)","1.04(0.98,1.11)","1.02(0.95,1.09)","0.9875","0.4889","0.1898","0.5622","1.0009","1.0023","1.0012","1.0010",4399,3219,2961,2996,3931,3120,3578,3562
"G20_G30_G12.2_F01_F03","2000_2005","2016_2020",15,"Homeownership_tertile_3_EQI_Built+SM+PA+OB","1.00(1.00,1.00)","1.05(1.00,1.10)","1.04(0.98,1.09)","1.01(0.95,1.07)","0.98(0.92,1.05)","0.0506","0.1777","0.7309","0.6247","1.0002","1.0010","1.0000","1.0009",5053,4370,4264,4501,3342,3755,3943,3733
"G20_G30_G12.2_F01_F03","2000_2005","2016_2020",15,"Homeownership_tertile_3_EQI_Social+SM+PA+OB","1.00(1.00,1.00)","1.01(0.95,1.07)","1.01(0.95,1.07)","1.04(0.97,1.11)","1.10(1.03,1.19)","0.8159","0.8184","0.2464","0.0081","1.0005","1.0023","1.0004","1.0006",4231,3233,2918,2567,3888,3568,3307,3245
"G20_G30_G12.2_F01_F03","2000_2005","2021_2024",20,"Homeownership_tertile_3_EQI+SM+PA+OB","1.00(1.00,1.00)","1.01(0.96,1.07)","1.02(0.97,1.08)","1.08(1.02,1.14)","1.13(1.06,1.21)","0.5997","0.3935","0.0073","0.0010","1.0009","0.9999","1.0004","0.9996",5027,4045,3869,3758,3652,3869,3966,3806
"G20_G30_G12.2_F01_F03","2000_2005","2021_2024",20,"Homeownership_tertile_3_EQI_Air+SM+PA+OB","1.00(1.00,1.00)","1.06(1.00,1.12)","1.06(1.00,1.12)","1.07(1.01,1.14)","1.06(0.99,1.15)","0.0552","0.0535","0.0310","0.1064","1.0013","1.0017","1.0008","1.0004",4394,3254,3208,3524,3852,3539,3756,4042
"G20_G30_G12.2_F01_F03","2000_2005","2021_2024",20,"Homeownership_tertile_3_EQI_Water+SM+PA+OB","1.00(1.00,1.00)","1.02(0.95,1.09)","0.98(0.91,1.04)","1.05(0.98,1.12)","1.04(0.96,1.12)","0.5851","0.4855","0.1714","0.3160","1.0005","1.0005","1.0007","1.0015",3764,3538,3638,3874,3842,3686,3526,3776
"G20_G30_G12.2_F01_F03","2000_2005","2021_2024",20,"Homeownership_tertile_3_EQI_Land+SM+PA+OB","1.00(1.00,1.00)","1.03(0.97,1.09)","1.06(0.99,1.12)","1.05(0.98,1.12)","1.05(0.98,1.13)","0.3376","0.0714","0.1589","0.1360","1.0003","1.0008","1.0020","1.0005",4622,4221,3647,3848,3858,4102,3920,3601
"G20_G30_G12.2_F01_F03","2000_2005","2021_2024",20,"Homeownership_tertile_3_EQI_Built+SM+PA+OB","1.00(1.00,1.00)","1.08(1.03,1.14)","1.05(0.99,1.11)","1.03(0.97,1.10)","0.97(0.89,1.05)","0.0019","0.1089","0.2985","0.4218","1.0005","1.0015","1.0008","1.0014",5343,4520,4798,4683,3546,3564,3934,3747
"G20_G30_G12.2_F01_F03","2000_2005","2021_2024",20,"Homeownership_tertile_3_EQI_Social+SM+PA+OB","1.00(1.00,1.00)","0.98(0.92,1.04)","0.98(0.92,1.05)","1.01(0.94,1.07)","1.07(0.99,1.15)","0.5680","0.5413","0.8979","0.0973","1.0017","0.9996","1.0002","0.9996",4512,3985,3483,3250,3974,4046,3748,3347
