ICD_Code,EQI_Period,AAMR_Period,Lag,Model,Q1,Q2,Q3,Q4,Q5,Q2_p,Q3_p,Q4_p,Q5_p,Q2_rhat,Q3_rhat,Q4_rhat,Q5_rhat,Q2_ess_bulk,Q3_ess_bulk,Q4_ess_bulk,Q5_ess_bulk,Q2_ess_tail,Q3_ess_tail,Q4_ess_tail,Q5_ess_tail
G20_G30_G12.2_F01_F03,2000_2005,2006_2010,5,Census_Region_1_EQI+SM+PA+OB,0.00,"-4.62(-11.86,2.51)","-2.64(-8.39,3.33)","1.50(-4.01,6.88)","1.84(-3.86,7.53)",0.2060,0.3768,0.5818,0.5255,1.0008,1.0008,1.0014,1.0011,4444,2764,2533,2324,3002,3466,3252,3068
"G20_G30_G12.2_F01_F03","2000_2005","2006_2010",5,"Census_Region_1_EQI_Air+SM+PA+OB","0.00","2.55(-4.00,9.42)","-2.12(-8.00,3.89)","0.01(-5.81,5.82)","-2.23(-7.81,3.49)","0.4630","0.4759","0.9942","0.4455","1.0004","1.0009","1.0015","1.0011",3987,3191,3058,2925,3537,3619,3471,3452
"G20_G30_G12.2_F01_F03","2000_2005","2006_2010",5,"Census_Region_1_EQI_Water+SM+PA+OB","0.00","-5.21(-10.66,0.27)","5.26(-0.49,11.26)","2.24(-2.76,7.33)","3.65(-1.73,9.04)","0.0623","0.0806","0.3835","0.1735","1.0010","1.0001","1.0008","1.0020",4658,4305,3431,3600,3234,3907,3366,3625
"G20_G30_G12.2_F01_F03","2000_2005","2006_2010",5,"Census_Region_1_EQI_Land+SM+PA+OB","0.00","-4.42(-10.35,1.51)","-1.32(-6.50,3.84)","1.97(-3.22,7.35)","1.80(-3.68,7.33)","0.1477","0.6255","0.4605","0.5180","1.0029","1.0043","1.0029","1.0016",3460,2705,2844,2971,3615,3122,3249,3274
"G20_G30_G12.2_F01_F03","2000_2005","2006_2010",5,"Census_Region_1_EQI_Built+SM+PA+OB","0.00","0.76(-5.54,7.13)","-3.27(-8.42,2.13)","1.61(-3.69,6.91)","0.61(-4.76,5.90)","0.8117","0.2335","0.5393","0.8384","1.0002","1.0010","1.0011","1.0013",4172,3328,3087,2995,3807,3688,3499,3459
"G20_G30_G12.2_F01_F03","2000_2005","2006_2010",5,"Census_Region_1_EQI_Social+SM+PA+OB","0.00","0.74(-5.13,6.66)","1.94(-3.42,7.26)","1.60(-3.69,6.87)","2.17(-3.46,7.95)","0.8150","0.4834","0.5443","0.4493","1.0010","1.0016","1.0021","1.0034",3806,3054,2778,2535,3735,3391,3324,3096
"G20_G30_G12.2_F01_F03","2000_2005","2011_2015",10,"Census_Region_1_EQI+SM+PA+OB","0.00","-5.76(-12.91,1.34)","-3.35(-9.07,2.53)","-0.12(-5.28,5.23)","3.10(-2.27,8.71)","0.1139","0.2539","0.9817","0.2614","1.0015","1.0002","1.0010","1.0015",4036,3036,2583,2373,3909,3559,3356,3243
"G20_G30_G12.2_F01_F03","2000_2005","2011_2015",10,"Census_Region_1_EQI_Air+SM+PA+OB","0.00","1.65(-4.93,8.18)","-3.04(-8.81,2.82)","2.21(-3.29,7.98)","1.31(-4.41,7.03)","0.6155","0.3072","0.4372","0.6617","1.0009","1.0004","1.0022","1.0002",4255,3360,2984,2905,3888,3903,3699,4005
"G20_G30_G12.2_F01_F03","2000_2005","2011_2015",10,"Census_Region_1_EQI_Water+SM+PA+OB","0.00","-3.93(-9.40,1.61)","6.44(0.39,12.34)","3.36(-1.75,8.40)","1.74(-3.57,7.03)","0.1698","0.0390","0.1956","0.5209","0.9998","1.0015","0.9999","1.0011",4605,4321,3881,3830,3786,3182,3817,3736
"G20_G30_G12.2_F01_F03","2000_2005","2011_2015",10,"Census_Region_1_EQI_Land+SM+PA+OB","0.00","-1.55(-7.37,4.33)","-0.58(-5.95,4.59)","1.45(-3.83,6.70)","1.54(-3.91,7.02)","0.6197","0.8217","0.5834","0.5976","1.0001","1.0011","1.0011","1.0015",3572,2944,2983,3187,3940,3439,3387,3508
"G20_G30_G12.2_F01_F03","2000_2005","2011_2015",10,"Census_Region_1_EQI_Built+SM+PA+OB","0.00","0.81(-5.75,7.29)","-5.22(-10.53,0.08)","-0.28(-5.36,5.00)","-1.95(-7.26,3.17)","0.8167","0.0556","0.9071","0.4551","1.0006","1.0010","1.0013","1.0017",4744,3334,2970,3070,3741,3956,3588,3699
"G20_G30_G12.2_F01_F03","2000_2005","2011_2015",10,"Census_Region_1_EQI_Social+SM+PA+OB","0.00","0.53(-5.22,6.47)","3.40(-1.65,8.54)","1.23(-3.80,6.22)","3.22(-2.31,8.69)","0.8525","0.1985","0.6438","0.2510","1.0009","1.0012","1.0016","1.0015",4034,3229,2909,2903,3942,4155,3537,3216
"G20_G30_G12.2_F01_F03","2000_2005","2016_2020",15,"Census_Region_1_EQI+SM+PA+OB","0.00","-7.79(-14.83,-0.99)","-4.63(-10.65,1.13)","1.79(-3.75,7.25)","7.05(1.54,12.88)","0.0240","0.1177","0.5105","0.0106","1.0015","1.0031","1.0046","1.0036",3786,2715,2133,2283,2910,3400,3267,2902
"G20_G30_G12.2_F01_F03","2000_2005","2016_2020",15,"Census_Region_1_EQI_Air+SM+PA+OB","0.00","-0.51(-7.24,6.15)","-3.77(-9.68,2.17)","1.90(-3.93,7.72)","2.95(-2.85,8.67)","0.9025","0.2114","0.5201","0.3068","1.0006","1.0018","1.0011","1.0009",3987,2907,2971,2972,3483,3724,3559,3720
"G20_G30_G12.2_F01_F03","2000_2005","2016_2020",15,"Census_Region_1_EQI_Water+SM+PA+OB","0.00","-3.00(-8.58,2.37)","7.11(0.81,13.45)","6.25(1.10,11.19)","3.70(-1.85,9.42)","0.2747","0.0248","0.0156","0.1981","1.0016","1.0006","0.9994","1.0007",4592,4208,3831,3766,3784,3736,3441,3734
"G20_G30_G12.2_F01_F03","2000_2005","2016_2020",15,"Census_Region_1_EQI_Land+SM+PA+OB","0.00","-0.07(-6.06,5.70)","-0.23(-5.37,4.90)","2.05(-3.11,7.27)","1.58(-3.86,6.96)","0.9863","0.9508","0.4430","0.5701","1.0007","1.0007","1.0006","1.0019",3612,2757,2709,3059,3583,3205,3452,3553
"G20_G30_G12.2_F01_F03","2000_2005","2016_2020",15,"Census_Region_1_EQI_Built+SM+PA+OB","0.00","-2.98(-9.45,3.52)","-4.43(-9.75,0.97)","3.44(-1.59,8.53)","1.33(-3.83,6.41)","0.3639","0.0973","0.1914","0.6113","1.0016","1.0004","1.0011","1.0018",4044,3007,3077,2891,3405,3295,3313,3084
"G20_G30_G12.2_F01_F03","2000_2005","2016_2020",15,"Census_Region_1_EQI_Social+SM+PA+OB","0.00","-2.77(-8.80,3.34)","2.73(-2.56,8.17)","1.25(-3.93,6.44)","2.34(-3.17,7.76)","0.3585","0.3172","0.6447","0.4147","1.0009","1.0015","1.0019","1.0014",3958,3381,2947,2771,3425,3346,3578,3630
"G20_G30_G12.2_F01_F03","2000_2005","2021_2024",20,"Census_Region_1_EQI+SM+PA+OB","0.00","-6.47(-13.83,0.94)","-2.19(-8.35,3.86)","1.54(-4.14,7.00)","2.31(-3.39,7.87)","0.0856","0.4664","0.5713","0.4126","1.0007","1.0004","1.0004","1.0006",4642,3502,3141,2829,3519,3598,3586,3369
"G20_G30_G12.2_F01_F03","2000_2005","2021_2024",20,"Census_Region_1_EQI_Air+SM+PA+OB","0.00","-1.04(-7.92,5.84)","-2.00(-8.02,4.26)","1.82(-4.08,7.79)","-0.32(-6.25,5.56)","0.7580","0.5164","0.5509","0.9288","1.0016","1.0004","1.0013","1.0010",4182,3472,3013,3088,3796,3241,3410,3404
"G20_G30_G12.2_F01_F03","2000_2005","2021_2024",20,"Census_Region_1_EQI_Water+SM+PA+OB","0.00","-1.03(-7.13,5.18)","4.57(-1.95,11.29)","4.59(-0.84,9.94)","3.23(-2.61,8.98)","0.7226","0.1723","0.0935","0.2789","0.9996","1.0015","1.0009","1.0011",5231,5088,4143,4582,3790,4162,3914,3977
"G20_G30_G12.2_F01_F03","2000_2005","2021_2024",20,"Census_Region_1_EQI_Land+SM+PA+OB","0.00","-1.40(-7.65,4.73)","-0.64(-6.09,4.78)","1.78(-3.89,7.25)","1.62(-4.20,7.44)","0.6442","0.8188","0.5272","0.5905","1.0003","1.0013","1.0013","1.0011",3577,3066,3216,3299,3865,3281,2999,3570
"G20_G30_G12.2_F01_F03","2000_2005","2021_2024",20,"Census_Region_1_EQI_Built+SM+PA+OB","0.00","-3.47(-10.21,3.31)","-2.53(-8.17,2.91)","2.67(-2.68,8.11)","-0.69(-6.12,4.64)","0.3260","0.3685","0.3343","0.7963","1.0001","1.0007","1.0013","1.0011",4108,3768,3371,3295,3611,3969,3652,3452
"G20_G30_G12.2_F01_F03","2000_2005","2021_2024",20,"Census_Region_1_EQI_Social+SM+PA+OB","0.00","2.26(-4.18,8.74)","4.58(-1.25,10.13)","3.95(-1.49,9.45)","1.99(-3.80,7.66)","0.4943","0.1189","0.1489","0.5001","1.0007","1.0007","1.0011","1.0019",4507,3458,3114,3077,3832,3347,3340,3367
"G20_G30_G12.2_F01_F03","2000_2005","2006_2010",5,"Census_Region_2_EQI+SM+PA+OB","0.00","7.23(3.37,10.99)","7.82(4.14,11.48)","10.61(6.96,14.16)","14.60(10.76,18.41)","0.0002","0.0002","0.0002","0.0002","1.0029","1.0028","1.0034","1.0036",3041,2673,2246,2086,3312,3583,3401,3017
"G20_G30_G12.2_F01_F03","2000_2005","2006_2010",5,"Census_Region_2_EQI_Air+SM+PA+OB","0.00","3.31(0.28,6.38)","3.79(0.43,7.06)","9.18(5.75,12.64)","7.79(4.08,11.60)","0.0356","0.0256","0.0002","0.0002","1.0013","1.0023","1.0018","1.0025",3138,3048,2423,2614,3129,3330,3030,3217
"G20_G30_G12.2_F01_F03","2000_2005","2006_2010",5,"Census_Region_2_EQI_Water+SM+PA+OB","0.00","-0.42(-3.73,3.04)","-0.90(-4.34,2.63)","-0.28(-3.50,2.95)","1.08(-2.49,4.71)","0.8075","0.5943","0.8525","0.5772","1.0010","1.0012","1.0019","1.0011",2822,2682,2532,2826,2991,3162,3808,3756
"G20_G30_G12.2_F01_F03","2000_2005","2006_2010",5,"Census_Region_2_EQI_Land+SM+PA+OB","0.00","3.69(-0.57,7.91)","6.35(2.11,10.37)","5.34(1.33,9.20)","4.86(0.85,8.81)","0.0956","0.0023","0.0144","0.0169","1.0021","1.0033","1.0033","1.0036",2601,2177,2044,2109,3441,2754,2905,2869
"G20_G30_G12.2_F01_F03","2000_2005","2006_2010",5,"Census_Region_2_EQI_Built+SM+PA+OB","0.00","3.41(0.14,6.73)","3.01(-0.24,6.21)","3.34(0.06,6.68)","1.31(-2.13,4.82)","0.0423","0.0731","0.0489","0.4739","1.0015","1.0007","1.0024","1.0029",2995,2727,2670,2429,3242,3421,3618,3448
"G20_G30_G12.2_F01_F03","2000_2005","2006_2010",5,"Census_Region_2_EQI_Social+SM+PA+OB","0.00","-1.04(-5.43,3.20)","-0.64(-4.60,3.40)","0.74(-3.32,4.79)","4.50(-0.07,8.97)","0.6538","0.7446","0.7080","0.0539","1.0013","1.0021","1.0027","1.0029",2787,2434,2221,2125,3413,3447,2966,2808
"G20_G30_G12.2_F01_F03","2000_2005","2011_2015",10,"Census_Region_2_EQI+SM+PA+OB","0.00","9.32(5.31,13.29)","9.85(6.03,13.65)","13.22(9.29,17.03)","18.82(14.70,23.00)","0.0002","0.0002","0.0002","0.0002","1.0016","1.0024","1.0040","1.0032",2952,2338,2068,2013,3406,3524,3186,2732
"G20_G30_G12.2_F01_F03","2000_2005","2011_2015",10,"Census_Region_2_EQI_Air+SM+PA+OB","0.00","4.14(0.65,7.50)","7.02(3.41,10.57)","10.20(6.53,14.03)","9.78(5.74,13.86)","0.0223","0.0002","0.0002","0.0002","1.0016","1.0020","1.0022","1.0018",3230,3089,2573,2541,3549,3289,3317,3151
"G20_G30_G12.2_F01_F03","2000_2005","2011_2015",10,"Census_Region_2_EQI_Water+SM+PA+OB","0.00","-1.88(-5.77,2.12)","-1.70(-5.34,2.11)","-0.82(-4.28,2.88)","1.74(-2.43,6.01)","0.3535","0.3918","0.6405","0.4114","1.0013","1.0013","1.0009","1.0013",1852,1851,1692,1993,2934,3334,3128,3067
"G20_G30_G12.2_F01_F03","2000_2005","2011_2015",10,"Census_Region_2_EQI_Land+SM+PA+OB","0.00","1.74(-2.92,6.32)","4.84(0.64,9.01)","4.99(0.84,9.14)","5.68(1.61,9.87)","0.4493","0.0260","0.0144","0.0069","1.0006","1.0005","1.0013","1.0013",3316,2760,2430,2286,3685,3366,3094,3364
"G20_G30_G12.2_F01_F03","2000_2005","2011_2015",10,"Census_Region_2_EQI_Built+SM+PA+OB","0.00","6.06(2.62,9.49)","5.27(1.88,8.61)","5.35(1.96,8.69)","3.16(-0.55,6.75)","0.0010","0.0015","0.0031","0.0956","1.0009","1.0011","1.0010","1.0007",3727,3316,3223,3135,3775,3548,3419,3415
"G20_G30_G12.2_F01_F03","2000_2005","2011_2015",10,"Census_Region_2_EQI_Social+SM+PA+OB","0.00","-0.84(-5.42,3.81)","0.28(-3.71,4.57)","4.05(-0.23,8.38)","7.47(2.75,12.21)","0.7205","0.9184","0.0631","0.0023","1.0010","1.0019","1.0022","1.0021",3413,2565,2260,2145,3585,3317,3054,3132
"G20_G30_G12.2_F01_F03","2000_2005","2016_2020",15,"Census_Region_2_EQI+SM+PA+OB","0.00","8.22(4.08,12.31)","8.11(4.24,12.00)","12.65(8.49,16.65)","17.65(13.28,21.89)","0.0002","0.0002","0.0002","0.0002","1.0017","1.0021","1.0018","1.0031",2991,2386,2022,1838,3029,3235,3206,2963
"G20_G30_G12.2_F01_F03","2000_2005","2016_2020",15,"Census_Region_2_EQI_Air+SM+PA+OB","0.00","4.19(0.76,7.69)","6.87(3.29,10.45)","11.33(7.37,15.27)","10.41(6.13,14.55)","0.0169","0.0006","0.0002","0.0002","1.0016","1.0009","1.0018","1.0014",2535,2504,1995,1835,3358,3095,3201,2824
"G20_G30_G12.2_F01_F03","2000_2005","2016_2020",15,"Census_Region_2_EQI_Water+SM+PA+OB","0.00","-3.07(-6.78,0.69)","-1.25(-5.00,2.74)","-2.79(-6.42,0.88)","2.32(-1.77,6.44)","0.1119","0.5130","0.1423","0.2677","1.0012","1.0024","1.0018","1.0017",2363,2218,2378,2591,3235,2872,3301,3229
"G20_G30_G12.2_F01_F03","2000_2005","2016_2020",15,"Census_Region_2_EQI_Land+SM+PA+OB","0.00","2.49(-2.10,7.09)","3.84(-0.53,8.04)","6.25(1.94,10.46)","5.86(1.47,10.27)","0.2876","0.0889","0.0040","0.0060","1.0017","1.0022","1.0017","1.0009",2392,2049,1774,1801,3183,2731,2441,2489
"G20_G30_G12.2_F01_F03","2000_2005","2016_2020",15,"Census_Region_2_EQI_Built+SM+PA+OB","0.00","5.15(1.69,8.75)","5.38(1.95,8.82)","3.26(-0.29,6.87)","2.10(-1.73,5.89)","0.0052","0.0031","0.0764","0.2914","1.0009","1.0006","1.0003","1.0007",2950,2464,2307,2153,3199,3389,2728,2998
"G20_G30_G12.2_F01_F03","2000_2005","2016_2020",15,"Census_Region_2_EQI_Social+SM+PA+OB","0.00","0.77(-3.83,5.37)","2.59(-1.48,6.76)","4.68(0.32,8.94)","8.35(3.59,13.21)","0.7421","0.2281","0.0356","0.0002","1.0025","1.0030","1.0028","1.0031",2782,2305,1984,2019,3425,2787,2653,2560
"G20_G30_G12.2_F01_F03","2000_2005","2021_2024",20,"Census_Region_2_EQI+SM+PA+OB","0.00","11.69(7.08,16.19)","9.58(5.30,13.86)","12.32(8.00,16.56)","14.55(9.95,19.11)","0.0002","0.0002","0.0002","0.0002","1.0007","1.0019","1.0006","1.0008",3150,2368,2086,2021,3257,2731,2899,3062
"G20_G30_G12.2_F01_F03","2000_2005","2021_2024",20,"Census_Region_2_EQI_Air+SM+PA+OB","0.00","4.19(0.61,7.92)","5.23(1.47,9.07)","8.40(4.31,12.37)","5.18(0.76,9.67)","0.0206","0.0069","0.0002","0.0240","1.0016","1.0017","1.0031","1.0034",3437,3313,2947,2614,3752,3562,3258,3291
"G20_G30_G12.2_F01_F03","2000_2005","2021_2024",20,"Census_Region_2_EQI_Water+SM+PA+OB","0.00","-2.77(-6.95,1.49)","-1.15(-5.23,3.05)","-2.31(-6.13,1.86)","-0.71(-5.26,3.99)","0.2085","0.5818","0.2597","0.7600","1.0009","1.0004","1.0005","1.0014",2184,2511,2314,2572,2829,3504,3186,3373
"G20_G30_G12.2_F01_F03","2000_2005","2021_2024",20,"Census_Region_2_EQI_Land+SM+PA+OB","0.00","2.47(-2.36,7.23)","4.48(-0.07,8.94)","8.34(3.90,12.80)","6.37(1.68,11.07)","0.3101","0.0535","0.0006","0.0077","1.0016","1.0021","1.0024","1.0036",2660,2311,1924,1631,3629,3475,3206,3069
"G20_G30_G12.2_F01_F03","2000_2005","2021_2024",20,"Census_Region_2_EQI_Built+SM+PA+OB","0.00","6.67(2.80,10.42)","6.42(2.66,10.05)","5.19(1.37,8.97)","2.52(-1.79,6.62)","0.0006","0.0006","0.0081","0.2172","1.0001","0.9996","0.9995","1.0019",3633,3111,2914,2779,3882,3248,3674,3449
"G20_G30_G12.2_F01_F03","2000_2005","2021_2024",20,"Census_Region_2_EQI_Social+SM+PA+OB","0.00","-0.23(-5.11,4.57)","1.40(-3.00,5.73)","3.20(-1.08,7.63)","5.21(0.28,10.24)","0.9304","0.5276","0.1539","0.0373","1.0005","1.0022","1.0027","1.0031",3537,2384,2296,2159,3493,2792,2911,3017
"G20_G30_G12.2_F01_F03","2000_2005","2006_2010",5,"Census_Region_3_EQI+SM+PA+OB","0.00","4.00(1.50,6.39)","7.22(4.42,9.95)","9.01(5.85,12.16)","11.27(7.12,15.36)","0.0006","0.0002","0.0002","0.0002","1.0002","1.0004","1.0003","1.0009",3820,3203,2766,2843,3781,3533,3634,3353
"G20_G30_G12.2_F01_F03","2000_2005","2006_2010",5,"Census_Region_3_EQI_Air+SM+PA+OB","0.00","1.48(-1.89,4.95)","5.31(1.92,8.76)","8.24(4.62,11.70)","10.33(6.46,14.21)","0.4001","0.0015","0.0002","0.0002","1.0014","1.0018","1.0026","1.0015",3024,2580,2344,2396,3515,3363,3496,3137
"G20_G30_G12.2_F01_F03","2000_2005","2006_2010",5,"Census_Region_3_EQI_Water+SM+PA+OB","0.00","1.48(-1.97,4.82)","0.92(-2.58,4.44)","3.52(-0.16,7.23)","1.37(-2.45,5.09)","0.3839","0.6009","0.0589","0.4701","1.0008","1.0014","1.0010","1.0014",3191,3054,3196,3445,3016,3732,3249,3406
"G20_G30_G12.2_F01_F03","2000_2005","2006_2010",5,"Census_Region_3_EQI_Land+SM+PA+OB","0.00","0.74(-1.39,2.92)","1.14(-1.47,3.75)","-1.21(-4.74,2.42)","0.02(-4.82,4.78)","0.5159","0.3893","0.4984","0.9908","1.0000","0.9999","1.0006","1.0012",6481,5637,5439,5535,4240,3839,3347,3669
"G20_G30_G12.2_F01_F03","2000_2005","2006_2010",5,"Census_Region_3_EQI_Built+SM+PA+OB","0.00","1.00(-1.53,3.51)","2.53(-0.20,5.20)","2.62(-0.43,5.58)","1.71(-1.56,5.09)","0.4276","0.0702","0.0877","0.3072","1.0011","1.0016","1.0001","1.0010",4570,4312,3896,3740,3722,3895,3590,3823
"G20_G30_G12.2_F01_F03","2000_2005","2006_2010",5,"Census_Region_3_EQI_Social+SM+PA+OB","0.00","4.22(1.79,6.67)","3.74(0.80,6.81)","5.38(1.85,9.01)","8.09(3.87,12.44)","0.0002","0.0119","0.0040","0.0002","1.0000","1.0014","1.0000","1.0001",4004,3795,3786,3338,3820,3339,3666,3543
"G20_G30_G12.2_F01_F03","2000_2005","2011_2015",10,"Census_Region_3_EQI+SM+PA+OB","0.00","5.44(2.88,7.96)","7.66(4.81,10.55)","10.95(7.65,14.26)","12.79(8.42,17.06)","0.0006","0.0002","0.0002","0.0002","1.0003","1.0007","1.0020","1.0004",2841,2641,2526,2388,3167,3041,3315,3106
"G20_G30_G12.2_F01_F03","2000_2005","2011_2015",10,"Census_Region_3_EQI_Air+SM+PA+OB","0.00","1.27(-2.17,4.65)","6.09(2.62,9.56)","9.13(5.53,12.73)","11.45(7.35,15.34)","0.4676","0.0015","0.0002","0.0002","1.0002","1.0005","1.0018","1.0020",2886,2808,2674,2790,3435,3266,2770,3367
"G20_G30_G12.2_F01_F03","2000_2005","2011_2015",10,"Census_Region_3_EQI_Water+SM+PA+OB","0.00","1.77(-1.78,5.32)","0.94(-2.65,4.44)","3.86(0.08,7.67)","1.71(-2.41,5.75)","0.3210","0.6067","0.0444","0.4226","1.0009","1.0011","1.0007","1.0003",2989,3060,2995,2944,3649,3659,3526,3528
"G20_G30_G12.2_F01_F03","2000_2005","2011_2015",10,"Census_Region_3_EQI_Land+SM+PA+OB","0.00","-0.27(-2.55,2.03)","1.37(-1.31,4.03)","-0.53(-4.25,3.20)","-2.04(-6.86,2.87)","0.8113","0.3089","0.7859","0.4030","1.0005","1.0012","1.0002","1.0002",4707,5115,5905,5025,3782,3867,3810,3163
"G20_G30_G12.2_F01_F03","2000_2005","2011_2015",10,"Census_Region_3_EQI_Built+SM+PA+OB","0.00","2.63(0.09,5.18)","3.98(1.18,6.82)","3.29(0.29,6.28)","2.04(-1.42,5.43)","0.0444","0.0031","0.0290","0.2452","1.0008","1.0005","1.0009","1.0017",4576,4201,4010,3664,3910,3227,3008,3730
"G20_G30_G12.2_F01_F03","2000_2005","2011_2015",10,"Census_Region_3_EQI_Social+SM+PA+OB","0.00","2.95(0.49,5.37)","3.62(0.57,6.73)","4.39(0.75,8.13)","6.26(1.83,10.64)","0.0194","0.0190","0.0219","0.0077","1.0007","1.0009","1.0006","1.0023",3581,3390,3322,2843,3815,3627,3111,3534
"G20_G30_G12.2_F01_F03","2000_2005","2016_2020",15,"Census_Region_3_EQI+SM+PA+OB","0.00","4.55(1.99,7.07)","6.55(3.74,9.37)","8.37(5.03,11.69)","9.09(4.73,13.45)","0.0002","0.0002","0.0002","0.0002","1.0017","1.0015","1.0015","1.0014",3249,2702,2539,2518,3376,3415,3189,3275
"G20_G30_G12.2_F01_F03","2000_2005","2016_2020",15,"Census_Region_3_EQI_Air+SM+PA+OB","0.00","1.00(-2.81,4.56)","3.97(0.38,7.60)","5.93(2.20,9.70)","6.56(2.52,10.66)","0.5751","0.0277","0.0010","0.0019","1.0006","1.0009","1.0003","1.0011",2735,2511,2386,2445,3529,3002,3234,3189
"G20_G30_G12.2_F01_F03","2000_2005","2016_2020",15,"Census_Region_3_EQI_Water+SM+PA+OB","0.00","-0.31(-3.90,3.31)","-2.38(-5.98,1.24)","2.03(-1.85,6.00)","1.34(-2.87,5.52)","0.8684","0.2039","0.2981","0.5276","1.0005","1.0010","1.0006","1.0012",3201,2860,2915,3141,3879,3370,3468,3407
"G20_G30_G12.2_F01_F03","2000_2005","2016_2020",15,"Census_Region_3_EQI_Land+SM+PA+OB","0.00","0.33(-1.85,2.48)","1.87(-0.81,4.56)","-1.37(-5.22,2.54)","1.01(-3.90,5.77)","0.7592","0.1764","0.4859","0.6896","1.0001","1.0005","1.0018","1.0014",4682,4657,5762,5991,4188,3815,3764,3912
"G20_G30_G12.2_F01_F03","2000_2005","2016_2020",15,"Census_Region_3_EQI_Built+SM+PA+OB","0.00","3.76(1.14,6.30)","4.29(1.44,7.14)","5.54(2.62,8.55)","5.92(2.37,9.41)","0.0056","0.0035","0.0006","0.0015","1.0015","1.0014","1.0000","1.0005",4261,4226,3472,3479,3616,3851,3786,3687
"G20_G30_G12.2_F01_F03","2000_2005","2016_2020",15,"Census_Region_3_EQI_Social+SM+PA+OB","0.00","2.11(-0.40,4.56)","1.24(-1.98,4.27)","1.28(-2.26,4.81)","2.33(-2.09,6.57)","0.1010","0.4247","0.4768","0.2901","0.9999","1.0003","1.0008","1.0005",3832,3628,3305,2947,3634,3712,3809,3654
"G20_G30_G12.2_F01_F03","2000_2005","2021_2024",20,"Census_Region_3_EQI+SM+PA+OB","0.00","3.78(1.01,6.54)","3.08(0.11,6.02)","5.18(1.62,8.70)","3.62(-1.02,8.01)","0.0069","0.0423","0.0048","0.1248","1.0009","1.0009","1.0000","1.0007",3170,2925,2752,2468,3423,3416,3129,3261
"G20_G30_G12.2_F01_F03","2000_2005","2021_2024",20,"Census_Region_3_EQI_Air+SM+PA+OB","0.00","2.65(-1.11,6.38)","2.86(-0.81,6.48)","4.24(0.35,8.01)","2.71(-1.48,6.85)","0.1689","0.1331","0.0323","0.1893","1.0003","1.0001","1.0001","1.0001",2909,2661,2512,2360,3600,3475,3514,3156
"G20_G30_G12.2_F01_F03","2000_2005","2021_2024",20,"Census_Region_3_EQI_Water+SM+PA+OB","0.00","0.25(-3.56,4.15)","-1.99(-5.80,1.81)","1.55(-2.42,5.68)","3.72(-0.89,7.96)","0.9088","0.3135","0.4489","0.1081","1.0010","1.0012","1.0005","1.0016",3227,3117,3251,3415,3724,3662,3873,3494
"G20_G30_G12.2_F01_F03","2000_2005","2021_2024",20,"Census_Region_3_EQI_Land+SM+PA+OB","0.00","1.13(-1.38,3.61)","2.05(-0.79,4.95)","0.68(-3.45,4.84)","0.81(-4.40,5.93)","0.3730","0.1643","0.7488","0.7684","1.0015","1.0009","1.0026","1.0001",4932,5238,6723,5917,3437,4029,3635,3683
"G20_G30_G12.2_F01_F03","2000_2005","2021_2024",20,"Census_Region_3_EQI_Built+SM+PA+OB","0.00","4.29(1.46,7.15)","5.45(2.32,8.42)","5.69(2.52,9.04)","5.83(2.22,9.43)","0.0031","0.0006","0.0019","0.0027","1.0029","1.0018","1.0020","1.0013",4132,3939,3467,3384,3372,3470,3451,3854
"G20_G30_G12.2_F01_F03","2000_2005","2021_2024",20,"Census_Region_3_EQI_Social+SM+PA+OB","0.00","0.41(-2.44,3.16)","-2.17(-5.46,1.17)","-2.19(-6.12,1.82)","-1.89(-6.65,2.67)","0.7621","0.2106","0.2881","0.4385","1.0016","1.0007","1.0006","1.0008",3662,3163,3147,2553,3443,3235,3405,3460
"G20_G30_G12.2_F01_F03","2000_2005","2006_2010",5,"Census_Region_4_EQI+SM+PA+OB","0.00","3.84(-0.65,8.45)","8.25(3.62,12.87)","12.15(7.10,17.14)","17.06(11.94,22.24)","0.1019","0.0015","0.0002","0.0002","1.0006","1.0013","1.0016","1.0007",3465,3254,2684,2405,3765,4027,3424,2998
"G20_G30_G12.2_F01_F03","2000_2005","2006_2010",5,"Census_Region_4_EQI_Air+SM+PA+OB","0.00","3.19(-1.07,7.25)","7.06(2.30,11.93)","10.52(5.90,15.07)","11.99(6.61,17.16)","0.1339","0.0031","0.0002","0.0002","1.0013","1.0025","1.0009","1.0022",4291,4226,4123,3508,3108,3606,3896,3139
"G20_G30_G12.2_F01_F03","2000_2005","2006_2010",5,"Census_Region_4_EQI_Water+SM+PA+OB","0.00","-8.29(-14.01,-2.49)","2.02(-3.55,7.78)","1.33(-4.11,6.83)","2.13(-2.84,6.87)","0.0056","0.4772","0.6292","0.3993","1.0004","1.0004","1.0011","1.0017",3219,2938,2921,2749,3372,3584,3643,3295
"G20_G30_G12.2_F01_F03","2000_2005","2006_2010",5,"Census_Region_4_EQI_Land+SM+PA+OB","0.00","1.99(-4.94,9.16)","2.78(-2.69,8.26)","2.79(-2.66,7.93)","4.36(-0.92,9.60)","0.5763","0.3343","0.2926","0.0998","0.9998","1.0008","1.0005","1.0014",4047,3159,2859,2597,3429,3005,2995,3589
"G20_G30_G12.2_F01_F03","2000_2005","2006_2010",5,"Census_Region_4_EQI_Built+SM+PA+OB","0.00","2.75(-2.17,7.77)","6.60(1.83,11.29)","7.34(2.59,11.89)","4.13(-0.60,8.77)","0.2785","0.0102","0.0023","0.0881","0.9999","1.0012","1.0008","1.0008",3810,3244,3025,2621,3501,3305,3416,3518
"G20_G30_G12.2_F01_F03","2000_2005","2006_2010",5,"Census_Region_4_EQI_Social+SM+PA+OB","0.00","1.08(-3.29,5.47)","4.98(0.68,9.33)","3.95(-0.79,8.70)","5.88(0.66,11.34)","0.6347","0.0231","0.1002","0.0281","1.0008","1.0019","1.0005","1.0015",4153,3849,3315,2849,3857,3781,3692,3548
"G20_G30_G12.2_F01_F03","2000_2005","2011_2015",10,"Census_Region_4_EQI+SM+PA+OB","0.00","2.13(-2.79,7.10)","8.80(3.76,13.73)","12.59(7.31,17.87)","18.60(13.28,24.14)","0.4072","0.0010","0.0002","0.0002","1.0005","1.0014","1.0013","1.0020",3435,3278,2686,2519,3493,2926,3172,2894
"G20_G30_G12.2_F01_F03","2000_2005","2011_2015",10,"Census_Region_4_EQI_Air+SM+PA+OB","0.00","5.47(1.40,9.65)","9.52(4.61,14.40)","13.36(8.61,17.96)","12.51(7.15,17.76)","0.0077","0.0002","0.0002","0.0002","1.0012","1.0010","1.0005","1.0003",3955,4387,3831,4015,3676,3542,3814,3652
"G20_G30_G12.2_F01_F03","2000_2005","2011_2015",10,"Census_Region_4_EQI_Water+SM+PA+OB","0.00","-9.01(-14.78,-3.17)","1.90(-4.05,7.72)","3.65(-1.92,9.34)","2.92(-2.34,8.19)","0.0048","0.5193","0.2114","0.2722","1.0004","1.0008","1.0011","1.0020",3000,2893,2897,2536,3627,3300,3562,3304
"G20_G30_G12.2_F01_F03","2000_2005","2011_2015",10,"Census_Region_4_EQI_Land+SM+PA+OB","0.00","2.65(-4.65,9.58)","1.96(-3.78,7.67)","0.56(-4.84,6.11)","4.37(-1.11,9.92)","0.4576","0.5072","0.8434","0.1202","1.0013","1.0005","1.0025","1.0020",3625,2813,2569,2506,3410,3042,2862,2971
"G20_G30_G12.2_F01_F03","2000_2005","2011_2015",10,"Census_Region_4_EQI_Built+SM+PA+OB","0.00","1.36(-3.91,6.68)","3.55(-1.36,8.49)","6.37(1.65,11.21)","4.72(-0.10,9.54)","0.6067","0.1639","0.0102","0.0569","1.0021","0.9999","1.0017","1.0007",4101,3432,3343,3061,3704,3641,3861,3475
"G20_G30_G12.2_F01_F03","2000_2005","2011_2015",10,"Census_Region_4_EQI_Social+SM+PA+OB","0.00","-0.89(-5.29,3.59)","6.55(2.02,11.00)","4.80(-0.19,9.74)","6.78(1.28,12.20)","0.6942","0.0048","0.0589","0.0231","1.0007","1.0006","1.0011","1.0007",3588,2965,3203,2828,3552,3518,3488,3224
"G20_G30_G12.2_F01_F03","2000_2005","2016_2020",15,"Census_Region_4_EQI+SM+PA+OB","0.00","1.63(-3.19,6.36)","6.10(1.35,10.80)","11.61(6.38,16.82)","17.02(11.94,22.16)","0.5118","0.0148","0.0002","0.0002","1.0004","1.0006","1.0023","1.0011",3805,3270,2938,2651,3768,3579,3471,3183
"G20_G30_G12.2_F01_F03","2000_2005","2016_2020",15,"Census_Region_4_EQI_Air+SM+PA+OB","0.00","5.10(0.94,9.16)","8.02(3.36,12.62)","13.55(8.85,18.28)","12.13(6.90,17.33)","0.0156","0.0006","0.0002","0.0002","0.9999","1.0003","1.0011","1.0009",4568,4110,3807,3675,3941,3903,3648,3115
"G20_G30_G12.2_F01_F03","2000_2005","2016_2020",15,"Census_Region_4_EQI_Water+SM+PA+OB","0.00","-6.12(-12.37,-0.17)","4.80(-1.07,10.61)","-0.55(-6.30,4.99)","1.07(-4.20,6.31)","0.0435","0.1069","0.8638","0.6851","1.0006","1.0004","1.0018","1.0020",3036,2539,2470,2375,3471,3449,3253,3385
"G20_G30_G12.2_F01_F03","2000_2005","2016_2020",15,"Census_Region_4_EQI_Land+SM+PA+OB","0.00","1.74(-5.46,8.66)","1.79(-4.00,7.59)","0.77(-4.70,6.14)","4.50(-0.81,9.72)","0.6280","0.5376","0.7846","0.1010","1.0002","1.0020","1.0013","1.0020",3879,2868,2591,2556,3800,3509,3405,3132
"G20_G30_G12.2_F01_F03","2000_2005","2016_2020",15,"Census_Region_4_EQI_Built+SM+PA+OB","0.00","1.43(-3.56,6.41)","4.80(-0.18,9.68)","5.20(0.69,9.77)","6.15(1.37,10.99)","0.5872","0.0585","0.0240","0.0123","1.0006","1.0006","1.0018","1.0021",3803,3328,3099,2679,3567,3714,3710,3325
"G20_G30_G12.2_F01_F03","2000_2005","2016_2020",15,"Census_Region_4_EQI_Social+SM+PA+OB","0.00","-0.49(-5.04,4.14)","6.41(1.87,10.95)","6.33(1.25,11.32)","6.51(0.89,12.13)","0.8263","0.0073","0.0119","0.0227","1.0007","1.0013","1.0022","1.0010",3738,3140,3084,2680,3779,2911,3451,3221
"G20_G30_G12.2_F01_F03","2000_2005","2021_2024",20,"Census_Region_4_EQI+SM+PA+OB","0.00","-0.83(-6.13,4.50)","4.47(-0.73,9.74)","10.12(4.55,15.65)","13.19(7.65,18.92)","0.7746","0.0969","0.0006","0.0002","0.9997","1.0006","1.0000","1.0014",4036,3409,3384,2767,3768,3486,3826,3025
"G20_G30_G12.2_F01_F03","2000_2005","2021_2024",20,"Census_Region_4_EQI_Air+SM+PA+OB","0.00","3.84(-0.83,8.53)","8.12(2.78,13.45)","12.38(7.04,17.55)","11.84(5.94,17.74)","0.1089","0.0035","0.0002","0.0002","1.0008","1.0030","1.0002","1.0005",4447,4143,3519,4052,3810,3655,3588,3316
"G20_G30_G12.2_F01_F03","2000_2005","2021_2024",20,"Census_Region_4_EQI_Water+SM+PA+OB","0.00","-7.41(-13.88,-1.01)","1.67(-4.68,7.89)","1.91(-4.23,8.06)","1.84(-3.62,7.41)","0.0231","0.6030","0.5347","0.5064","1.0015","1.0010","1.0000","1.0017",3325,3069,3204,2513,3933,3540,3447,2971
"G20_G30_G12.2_F01_F03","2000_2005","2021_2024",20,"Census_Region_4_EQI_Land+SM+PA+OB","0.00","-0.83(-8.39,6.97)","4.28(-1.86,10.53)","0.17(-5.60,5.82)","2.62(-3.18,8.51)","0.8280","0.1681","0.9438","0.3685","0.9996","1.0013","1.0018","1.0011",4660,3352,2775,2742,3587,3586,3451,3523
"G20_G30_G12.2_F01_F03","2000_2005","2021_2024",20,"Census_Region_4_EQI_Built+SM+PA+OB","0.00","2.18(-3.22,7.59)","3.96(-1.53,9.28)","4.36(-0.75,9.63)","2.87(-2.22,8.12)","0.4185","0.1610","0.0919","0.2806","1.0013","1.0013","1.0013","1.0022",4185,4053,3465,3155,3639,3930,3149,3375
"G20_G30_G12.2_F01_F03","2000_2005","2021_2024",20,"Census_Region_4_EQI_Social+SM+PA+OB","0.00","2.14(-2.78,7.05)","5.28(0.39,10.30)","4.97(-0.27,10.32)","4.14(-1.84,10.18)","0.4051","0.0319","0.0669","0.1773","1.0010","1.0009","1.0006","1.0014",4276,3662,3489,2987,3791,3319,3470,3164
"G20_G30_G12.2_F01_F03","2000_2005","2006_2010",5,"koppen_major_B_EQI+SM+PA+OB","0.00","3.50(-1.46,8.62)","6.53(1.33,11.85)","6.99(0.81,13.03)","8.80(2.11,15.80)","0.1656","0.0123","0.0302","0.0098","1.0022","1.0016","1.0015","1.0004",4896,4785,4090,4179,3696,3703,3681,3604
"G20_G30_G12.2_F01_F03","2000_2005","2006_2010",5,"koppen_major_B_EQI_Air+SM+PA+OB","0.00","0.13(-5.10,5.33)","3.94(-2.11,9.82)","5.45(-1.05,11.81)","4.42(-3.45,12.19)","0.9629","0.2118","0.0910","0.2593","1.0019","0.9995","1.0007","1.0019",4620,4456,4647,5296,3285,3603,3755,3874
"G20_G30_G12.2_F01_F03","2000_2005","2006_2010",5,"koppen_major_B_EQI_Water+SM+PA+OB","0.00","-1.59(-7.97,4.97)","-0.28(-6.54,5.94)","6.14(0.00,12.05)","4.78(-1.13,10.63)","0.6067","0.9342","0.0502","0.1094","1.0004","1.0011","1.0007","1.0009",3753,3768,3374,2935,3290,3860,3589,3127
"G20_G30_G12.2_F01_F03","2000_2005","2006_2010",5,"koppen_major_B_EQI_Land+SM+PA+OB","0.00","3.41(-2.73,9.76)","1.14(-4.57,6.86)","2.18(-3.86,8.02)","3.44(-2.83,9.59)","0.2851","0.7076","0.4809","0.2810","1.0001","1.0015","1.0006","1.0003",3318,3264,2642,3043,3865,3656,3404,3286
"G20_G30_G12.2_F01_F03","2000_2005","2006_2010",5,"koppen_major_B_EQI_Built+SM+PA+OB","0.00","1.61(-3.85,7.14)","4.75(-0.91,10.24)","4.36(-1.19,9.97)","2.73(-3.36,8.70)","0.5601","0.1060","0.1310","0.3697","1.0015","1.0005","1.0004","1.0018",3965,4171,4360,3662,3503,3431,3766,3388
"G20_G30_G12.2_F01_F03","2000_2005","2006_2010",5,"koppen_major_B_EQI_Social+SM+PA+OB","0.00","-1.03(-6.33,4.34)","0.10(-5.53,5.76)","0.02(-6.19,6.36)","1.91(-5.55,9.22)","0.7113","0.9783","0.9875","0.6155","1.0013","1.0022","1.0009","1.0006",3846,3613,3827,4165,3674,3629,3779,3485
"G20_G30_G12.2_F01_F03","2000_2005","2011_2015",10,"koppen_major_B_EQI+SM+PA+OB","0.00","4.21(-1.03,9.52)","7.33(1.93,12.87)","8.82(2.48,14.97)","9.71(2.90,16.40)","0.1214","0.0131","0.0044","0.0019","1.0004","1.0002","1.0015","1.0014",3671,4222,4041,3993,3279,3074,3697,3671
"G20_G30_G12.2_F01_F03","2000_2005","2011_2015",10,"koppen_major_B_EQI_Air+SM+PA+OB","0.00","0.37(-5.04,5.66)","4.89(-1.23,10.89)","4.68(-1.72,11.14)","3.39(-4.67,11.54)","0.8888","0.1127","0.1518","0.4151","1.0008","1.0016","1.0005","0.9995",4475,4432,3893,4841,3613,3385,3720,3346
"G20_G30_G12.2_F01_F03","2000_2005","2011_2015",10,"koppen_major_B_EQI_Water+SM+PA+OB","0.00","-4.85(-11.14,1.77)","0.92(-5.29,7.31)","7.31(1.29,13.39)","5.23(-0.68,11.35)","0.1535","0.7850","0.0156","0.0831","1.0016","1.0011","1.0019","1.0003",3603,3540,2756,2994,3670,3561,3330,3113
"G20_G30_G12.2_F01_F03","2000_2005","2011_2015",10,"koppen_major_B_EQI_Land+SM+PA+OB","0.00","3.18(-3.02,9.38)","-0.43(-5.98,5.37)","1.16(-5.10,7.20)","5.21(-1.19,11.82)","0.3147","0.8713","0.7080","0.1110","1.0023","1.0000","1.0014","1.0017",3441,3160,3117,2784,3497,3750,3476,3307
"G20_G30_G12.2_F01_F03","2000_2005","2011_2015",10,"koppen_major_B_EQI_Built+SM+PA+OB","0.00","4.11(-1.50,9.70)","4.09(-1.65,9.84)","2.88(-2.83,8.61)","5.14(-1.09,11.17)","0.1464","0.1706","0.3235","0.1064","0.9999","1.0013","1.0019","1.0007",3999,4162,3929,3618,3287,3892,3507,2850
"G20_G30_G12.2_F01_F03","2000_2005","2011_2015",10,"koppen_major_B_EQI_Social+SM+PA+OB","0.00","-1.84(-7.16,3.58)","1.92(-3.72,7.47)","1.63(-4.36,7.67)","3.21(-4.25,10.69)","0.4955","0.4918","0.6055","0.4110","1.0011","1.0008","1.0013","1.0016",4348,3830,3578,4209,3727,3461,3626,4038
"G20_G30_G12.2_F01_F03","2000_2005","2016_2020",15,"koppen_major_B_EQI+SM+PA+OB","0.00","4.64(-0.44,9.87)","6.73(1.39,12.10)","8.24(2.18,14.48)","11.65(4.74,18.59)","0.0769","0.0165","0.0098","0.0010","1.0014","0.9998","1.0001","0.9998",4793,4445,3736,3953,3520,3769,3700,3562
"G20_G30_G12.2_F01_F03","2000_2005","2016_2020",15,"koppen_major_B_EQI_Air+SM+PA+OB","0.00","4.99(-0.12,10.18)","4.79(-0.93,10.62)","5.86(-0.53,11.94)","2.47(-5.58,10.43)","0.0569","0.1023","0.0735","0.5384","1.0003","1.0000","1.0018","1.0014",4880,4570,4601,4692,3862,3433,3834,3623
"G20_G30_G12.2_F01_F03","2000_2005","2016_2020",15,"koppen_major_B_EQI_Water+SM+PA+OB","0.00","-2.84(-9.30,3.72)","2.88(-3.42,9.07)","5.08(-0.85,10.81)","5.25(-0.77,11.32)","0.3885","0.3689","0.0914","0.0848","1.0005","1.0013","1.0007","1.0010",3305,3300,3287,3193,2991,3472,3633,3125
"G20_G30_G12.2_F01_F03","2000_2005","2016_2020",15,"koppen_major_B_EQI_Land+SM+PA+OB","0.00","2.53(-3.61,8.44)","-0.11(-5.85,5.58)","2.33(-3.78,8.34)","4.59(-1.73,11.16)","0.4097","0.9808","0.4464","0.1585","1.0038","1.0013","1.0005","1.0000",3640,3177,3344,3326,3622,3106,2843,3435
"G20_G30_G12.2_F01_F03","2000_2005","2016_2020",15,"koppen_major_B_EQI_Built+SM+PA+OB","0.00","3.88(-1.61,9.42)","6.52(0.85,12.07)","4.25(-1.28,9.90)","6.78(0.69,12.87)","0.1643","0.0227","0.1368","0.0285","1.0012","1.0004","1.0014","1.0002",4279,4090,3720,3900,4048,3433,3590,3529
"G20_G30_G12.2_F01_F03","2000_2005","2016_2020",15,"koppen_major_B_EQI_Social+SM+PA+OB","0.00","-2.88(-8.21,2.59)","1.24(-4.18,6.89)","3.70(-2.14,9.95)","4.33(-2.93,11.59)","0.2993","0.6805","0.2272","0.2481","1.0008","1.0016","1.0010","1.0007",4124,3782,3423,3495,3866,3687,3721,3329
"G20_G30_G12.2_F01_F03","2000_2005","2021_2024",20,"koppen_major_B_EQI+SM+PA+OB","0.00","2.55(-3.26,8.02)","5.46(-0.39,11.20)","7.54(1.12,13.82)","9.04(1.58,16.32)","0.3730","0.0652","0.0219","0.0177","1.0013","1.0014","1.0012","1.0004",5109,4418,4220,4682,3559,3456,3688,3813
"G20_G30_G12.2_F01_F03","2000_2005","2021_2024",20,"koppen_major_B_EQI_Air+SM+PA+OB","0.00","1.18(-4.41,6.92)","1.78(-4.54,8.16)","3.99(-2.68,10.84)","1.14(-6.82,9.17)","0.6896","0.5726","0.2443","0.7859","1.0010","1.0018","1.0015","1.0006",5175,5605,5546,5736,3837,3695,3618,3702
"G20_G30_G12.2_F01_F03","2000_2005","2021_2024",20,"koppen_major_B_EQI_Water+SM+PA+OB","0.00","-7.49(-14.21,-0.37)","4.38(-2.40,10.97)","5.80(-0.47,12.21)","2.98(-3.39,9.39)","0.0390","0.2093","0.0769","0.3518","1.0009","1.0018","1.0027","1.0006",4540,4307,3989,3659,3110,3657,3603,3173
"G20_G30_G12.2_F01_F03","2000_2005","2021_2024",20,"koppen_major_B_EQI_Land+SM+PA+OB","0.00","1.06(-5.62,7.54)","3.57(-2.67,9.76)","1.40(-4.90,7.49)","4.91(-2.01,11.89)","0.7338","0.2589","0.6530","0.1602","1.0015","1.0017","1.0011","1.0016",4507,3904,3273,3806,4007,3542,3418,3898
"G20_G30_G12.2_F01_F03","2000_2005","2021_2024",20,"koppen_major_B_EQI_Built+SM+PA+OB","0.00","4.90(-1.02,10.88)","4.32(-1.85,10.49)","3.93(-2.02,9.98)","6.99(0.74,13.52)","0.0981","0.1718","0.2047","0.0302","1.0013","1.0003","1.0000","1.0004",4915,4937,4808,4437,3853,3983,3868,3480
"G20_G30_G12.2_F01_F03","2000_2005","2021_2024",20,"koppen_major_B_EQI_Social+SM+PA+OB","0.00","-2.40(-8.17,3.45)","2.63(-3.07,8.54)","3.19(-3.30,9.58)","4.37(-3.00,11.59)","0.4097","0.3735","0.3239","0.2435","1.0016","1.0003","1.0000","1.0003",5183,4451,5076,4881,3833,3604,4161,4010
"G20_G30_G12.2_F01_F03","2000_2005","2006_2010",5,"koppen_major_C_EQI+SM+PA+OB","0.00","4.28(2.01,6.56)","8.19(5.72,10.61)","10.84(8.02,13.57)","14.12(10.71,17.51)","0.0002","0.0002","0.0002","0.0002","1.0009","1.0004","1.0006","0.9999",3586,2981,2863,2601,3749,3740,3370,3357
"G20_G30_G12.2_F01_F03","2000_2005","2006_2010",5,"koppen_major_C_EQI_Air+SM+PA+OB","0.00","3.34(0.30,6.44)","6.69(3.71,9.66)","10.90(7.80,14.05)","12.85(9.58,16.24)","0.0319","0.0002","0.0002","0.0002","1.0015","1.0029","1.0026","1.0027",2648,2198,2195,2005,3656,3277,3180,2976
"G20_G30_G12.2_F01_F03","2000_2005","2006_2010",5,"koppen_major_C_EQI_Water+SM+PA+OB","0.00","0.32(-2.88,3.53)","0.45(-2.85,3.69)","-0.36(-3.86,3.16)","0.28(-3.49,3.94)","0.8513","0.7963","0.8292","0.8625","1.0004","1.0010","1.0006","1.0010",2284,2070,2166,2196,3238,3035,3052,2974
"G20_G30_G12.2_F01_F03","2000_2005","2006_2010",5,"koppen_major_C_EQI_Land+SM+PA+OB","0.00","0.97(-1.16,3.00)","2.02(-0.37,4.27)","-0.62(-3.49,2.26)","1.90(-1.45,5.27)","0.3585","0.0964","0.6797","0.2735","1.0004","0.9999","1.0007","1.0002",4204,4092,3924,3709,3944,3243,3786,3791
"G20_G30_G12.2_F01_F03","2000_2005","2006_2010",5,"koppen_major_C_EQI_Built+SM+PA+OB","0.00","1.50(-0.84,3.79)","2.88(0.50,5.21)","2.97(0.47,5.53)","1.82(-1.00,4.68)","0.1873","0.0185","0.0227","0.2135","1.0009","1.0009","1.0003","1.0008",3666,3116,2890,2929,3082,3762,3458,3650
"G20_G30_G12.2_F01_F03","2000_2005","2006_2010",5,"koppen_major_C_EQI_Social+SM+PA+OB","0.00","4.27(2.09,6.47)","3.44(0.80,6.08)","5.44(2.36,8.43)","8.63(5.13,12.11)","0.0002","0.0119","0.0002","0.0002","1.0014","1.0013","1.0014","1.0024",3010,2560,2432,2079,2785,3068,2981,2990
"G20_G30_G12.2_F01_F03","2000_2005","2011_2015",10,"koppen_major_C_EQI+SM+PA+OB","0.00","4.68(2.31,7.00)","7.79(5.31,10.21)","11.11(8.18,13.87)","15.09(11.58,18.47)","0.0002","0.0002","0.0002","0.0002","1.0006","0.9999","1.0006","1.0011",3516,2920,2618,2489,3229,2928,2856,3218
"G20_G30_G12.2_F01_F03","2000_2005","2011_2015",10,"koppen_major_C_EQI_Air+SM+PA+OB","0.00","3.17(0.04,6.47)","7.85(4.78,11.08)","12.12(8.84,15.46)","13.94(10.42,17.52)","0.0473","0.0002","0.0002","0.0002","1.0030","1.0027","1.0043","1.0036",2062,1980,1842,1686,3272,2862,2792,2818
"G20_G30_G12.2_F01_F03","2000_2005","2011_2015",10,"koppen_major_C_EQI_Water+SM+PA+OB","0.00","0.86(-2.36,4.08)","-1.49(-4.84,1.88)","0.78(-2.74,4.18)","0.83(-2.89,4.55)","0.6151","0.3910","0.6601","0.6605","1.0010","1.0023","1.0016","1.0012",2048,1908,2150,1930,3495,2635,3284,3305
"G20_G30_G12.2_F01_F03","2000_2005","2011_2015",10,"koppen_major_C_EQI_Land+SM+PA+OB","0.00","0.14(-2.01,2.19)","1.94(-0.37,4.29)","-0.27(-3.13,2.57)","0.68(-2.75,4.11)","0.8817","0.1077","0.8550","0.6967","1.0009","1.0014","1.0018","1.0013",3946,3275,3041,2933,3478,3650,4042,3888
"G20_G30_G12.2_F01_F03","2000_2005","2011_2015",10,"koppen_major_C_EQI_Built+SM+PA+OB","0.00","2.95(0.68,5.25)","3.58(1.19,5.94)","2.93(0.39,5.43)","2.05(-0.80,4.93)","0.0102","0.0027","0.0206","0.1731","1.0006","1.0003","1.0010","1.0011",3417,3228,2884,2785,3483,3438,3377,3224
"G20_G30_G12.2_F01_F03","2000_2005","2011_2015",10,"koppen_major_C_EQI_Social+SM+PA+OB","0.00","2.37(0.11,4.59)","2.09(-0.55,4.72)","3.71(0.71,6.62)","5.48(1.96,9.09)","0.0398","0.1298","0.0160","0.0015","1.0003","1.0008","1.0002","1.0008",3396,2883,2667,2489,3462,3401,3457,3192
"G20_G30_G12.2_F01_F03","2000_2005","2016_2020",15,"koppen_major_C_EQI+SM+PA+OB","0.00","4.24(1.92,6.64)","6.67(4.20,9.28)","9.20(6.26,12.04)","12.40(8.87,15.93)","0.0010","0.0002","0.0002","0.0002","0.9994","1.0000","1.0005","1.0006",3558,2866,2735,2653,3295,3302,3068,3436
"G20_G30_G12.2_F01_F03","2000_2005","2016_2020",15,"koppen_major_C_EQI_Air+SM+PA+OB","0.00","1.26(-1.94,4.52)","4.78(1.44,7.97)","8.15(4.69,11.53)","9.33(5.72,13.03)","0.4547","0.0065","0.0002","0.0002","1.0008","1.0013","1.0015","1.0013",2463,2141,2067,2041,3133,3048,3008,2677
"G20_G30_G12.2_F01_F03","2000_2005","2016_2020",15,"koppen_major_C_EQI_Water+SM+PA+OB","0.00","-0.79(-4.05,2.40)","-3.47(-6.88,-0.21)","-1.20(-4.76,2.23)","-0.34(-4.04,3.20)","0.6426","0.0344","0.5097","0.8646","1.0009","1.0022","1.0006","1.0011",2533,2659,2774,2779,3242,3193,3149,3303
"G20_G30_G12.2_F01_F03","2000_2005","2016_2020",15,"koppen_major_C_EQI_Land+SM+PA+OB","0.00","0.13(-2.03,2.26)","1.28(-1.13,3.71)","0.37(-2.65,3.32)","2.96(-0.48,6.49)","0.8988","0.2985","0.8038","0.0998","1.0017","1.0006","0.9999","1.0018",4182,3569,3682,4068,3611,3483,3567,4026
"G20_G30_G12.2_F01_F03","2000_2005","2016_2020",15,"koppen_major_C_EQI_Built+SM+PA+OB","0.00","3.50(1.13,5.85)","3.63(1.18,6.12)","4.14(1.62,6.81)","4.83(1.76,7.81)","0.0035","0.0056","0.0010","0.0015","1.0004","1.0007","1.0007","1.0008",3778,3480,3117,2976,3932,3388,3655,3503
"G20_G30_G12.2_F01_F03","2000_2005","2016_2020",15,"koppen_major_C_EQI_Social+SM+PA+OB","0.00","2.54(0.16,4.88)","0.31(-2.41,3.06)","1.38(-1.84,4.51)","2.80(-1.03,6.51)","0.0369","0.8209","0.4051","0.1510","1.0005","1.0007","1.0010","1.0017",3346,2800,2794,2335,3666,3793,3508,3328
"G20_G30_G12.2_F01_F03","2000_2005","2021_2024",20,"koppen_major_C_EQI+SM+PA+OB","0.00","3.58(0.96,6.25)","2.79(0.11,5.47)","5.13(2.04,8.14)","5.00(1.20,8.68)","0.0085","0.0427","0.0015","0.0127","1.0019","1.0020","1.0035","1.0027",2999,2745,2543,2274,3077,3560,2998,2642
"G20_G30_G12.2_F01_F03","2000_2005","2021_2024",20,"koppen_major_C_EQI_Air+SM+PA+OB","0.00","4.08(0.55,7.45)","5.35(1.81,8.82)","7.83(4.18,11.30)","6.53(2.65,10.21)","0.0248","0.0015","0.0002","0.0010","1.0015","1.0010","1.0010","1.0009",2722,2284,2334,2459,3627,3213,3338,3222
"G20_G30_G12.2_F01_F03","2000_2005","2021_2024",20,"koppen_major_C_EQI_Water+SM+PA+OB","0.00","0.02(-3.46,3.52)","-3.53(-7.11,0.19)","-2.28(-5.98,1.51)","1.24(-2.68,5.29)","0.9958","0.0606","0.2235","0.5422","1.0006","1.0012","1.0016","1.0016",2591,2394,2664,2520,3329,3708,3840,3363
"G20_G30_G12.2_F01_F03","2000_2005","2021_2024",20,"koppen_major_C_EQI_Land+SM+PA+OB","0.00","0.69(-1.61,2.93)","1.30(-1.27,3.94)","1.84(-1.35,4.95)","2.07(-1.72,5.77)","0.5509","0.3351","0.2664","0.2710","0.9999","1.0014","1.0011","1.0004",4484,3976,3478,3267,3479,3656,2997,3658
"G20_G30_G12.2_F01_F03","2000_2005","2021_2024",20,"koppen_major_C_EQI_Built+SM+PA+OB","0.00","3.55(0.99,6.13)","4.12(1.47,6.67)","3.92(1.02,6.88)","3.95(0.67,7.16)","0.0065","0.0027","0.0081","0.0181","1.0005","1.0022","1.0009","1.0021",3765,3163,2931,2676,3643,3528,3326,3193
"G20_G30_G12.2_F01_F03","2000_2005","2021_2024",20,"koppen_major_C_EQI_Social+SM+PA+OB","0.00","0.59(-1.95,3.08)","-2.88(-5.79,0.02)","-2.63(-5.92,0.69)","-2.12(-6.24,1.81)","0.6451","0.0531","0.1202","0.3051","1.0010","1.0015","1.0014","1.0012",3256,2587,2389,2376,3778,3492,3512,3010
"G20_G30_G12.2_F01_F03","2000_2005","2006_2010",5,"koppen_major_D_EQI+SM+PA+OB","0.00","6.44(2.30,10.66)","6.57(2.52,10.43)","10.63(6.86,14.31)","14.39(10.35,18.39)","0.0010","0.0015","0.0002","0.0002","1.0007","1.0010","1.0020","1.0018",3461,2839,2387,2247,3931,3653,3267,2520
"G20_G30_G12.2_F01_F03","2000_2005","2006_2010",5,"koppen_major_D_EQI_Air+SM+PA+OB","0.00","3.18(0.05,6.35)","4.88(1.61,8.30)","9.04(5.68,12.45)","6.74(3.03,10.43)","0.0477","0.0060","0.0002","0.0010","1.0008","1.0021","1.0027","1.0026",3140,2671,2393,2221,3419,3592,3282,3465
"G20_G30_G12.2_F01_F03","2000_2005","2006_2010",5,"koppen_major_D_EQI_Water+SM+PA+OB","0.00","-2.17(-5.78,1.47)","0.41(-3.25,4.14)","2.68(-0.83,6.09)","2.02(-1.90,5.92)","0.2464","0.8259","0.1452","0.3131","0.9999","0.9995","1.0010","1.0004",2780,2601,2488,2641,3531,3393,3564,3159
"G20_G30_G12.2_F01_F03","2000_2005","2006_2010",5,"koppen_major_D_EQI_Land+SM+PA+OB","0.00","2.05(-2.58,6.74)","3.15(-1.13,7.47)","3.43(-0.83,7.63)","3.20(-1.06,7.45)","0.3793","0.1435","0.1106","0.1310","1.0005","1.0013","1.0005","1.0011",2742,2056,2010,2022,3238,2892,2799,3065
"G20_G30_G12.2_F01_F03","2000_2005","2006_2010",5,"koppen_major_D_EQI_Built+SM+PA+OB","0.00","3.60(0.11,7.23)","1.40(-2.00,4.80)","2.98(-0.40,6.39)","0.61(-2.96,4.23)","0.0460","0.4276","0.0852","0.7359","1.0018","1.0014","1.0022","1.0016",3369,2818,2492,2486,3227,3723,2975,3128
"G20_G30_G12.2_F01_F03","2000_2005","2006_2010",5,"koppen_major_D_EQI_Social+SM+PA+OB","0.00","-0.85(-5.47,3.65)","3.98(-0.18,8.05)","3.19(-1.04,7.24)","5.73(1.15,10.14)","0.7338","0.0652","0.1368","0.0160","1.0026","1.0027","1.0046","1.0048",2903,2243,1975,1714,3677,3077,3053,2583
"G20_G30_G12.2_F01_F03","2000_2005","2011_2015",10,"koppen_major_D_EQI+SM+PA+OB","0.00","7.82(3.50,12.30)","8.96(4.60,12.96)","13.41(9.19,17.29)","19.65(15.31,23.89)","0.0006","0.0002","0.0002","0.0002","1.0005","1.0009","1.0023","1.0023",3442,2735,2231,2021,3209,3590,2591,2566
"G20_G30_G12.2_F01_F03","2000_2005","2011_2015",10,"koppen_major_D_EQI_Air+SM+PA+OB","0.00","6.23(2.80,9.69)","8.74(5.12,12.34)","11.08(7.18,14.96)","10.46(6.45,14.45)","0.0010","0.0002","0.0002","0.0002","1.0011","1.0030","1.0010","1.0008",3902,3178,2914,2713,3519,3419,3500,3608
"G20_G30_G12.2_F01_F03","2000_2005","2011_2015",10,"koppen_major_D_EQI_Water+SM+PA+OB","0.00","-2.69(-6.51,1.09)","0.63(-3.44,4.55)","1.94(-1.85,5.82)","2.79(-1.54,7.13)","0.1693","0.7430","0.3076","0.2056","1.0019","0.9999","1.0003","1.0003",3162,2600,2378,2494,3806,3202,3358,3148
"G20_G30_G12.2_F01_F03","2000_2005","2011_2015",10,"koppen_major_D_EQI_Land+SM+PA+OB","0.00","0.60(-4.18,5.44)","3.27(-1.11,7.72)","2.85(-1.49,7.27)","4.43(0.02,8.74)","0.7988","0.1527","0.2077","0.0498","1.0017","1.0006","1.0005","1.0007",2656,2138,1988,2002,3314,3034,3159,3423
"G20_G30_G12.2_F01_F03","2000_2005","2011_2015",10,"koppen_major_D_EQI_Built+SM+PA+OB","0.00","3.32(-0.46,7.13)","2.53(-1.01,6.18)","4.63(1.12,8.27)","1.69(-1.98,5.53)","0.0827","0.1552","0.0094","0.3880","1.0004","1.0014","1.0012","1.0012",3441,2972,2795,2638,3554,3430,3422,3358
"G20_G30_G12.2_F01_F03","2000_2005","2011_2015",10,"koppen_major_D_EQI_Social+SM+PA+OB","0.00","-2.65(-7.44,2.04)","4.04(-0.21,8.33)","5.23(0.99,9.41)","8.71(4.00,13.30)","0.2789","0.0623","0.0173","0.0002","1.0016","1.0026","1.0023","1.0043",2884,2554,2145,2110,2841,2599,2447,2474
"G20_G30_G12.2_F01_F03","2000_2005","2016_2020",15,"koppen_major_D_EQI+SM+PA+OB","0.00","5.36(0.82,9.77)","6.03(1.76,10.41)","12.55(8.29,16.79)","18.21(13.74,22.72)","0.0240","0.0060","0.0002","0.0002","1.0004","0.9994","1.0003","0.9997",3916,3312,2774,2551,3948,3533,3245,3084
"G20_G30_G12.2_F01_F03","2000_2005","2016_2020",15,"koppen_major_D_EQI_Air+SM+PA+OB","0.00","4.92(1.47,8.28)","8.29(4.64,11.89)","12.70(8.88,16.50)","12.17(8.14,16.15)","0.0035","0.0002","0.0002","0.0002","1.0004","1.0008","1.0012","1.0007",3000,2309,2226,1929,3512,2969,3040,3195
"G20_G30_G12.2_F01_F03","2000_2005","2016_2020",15,"koppen_major_D_EQI_Water+SM+PA+OB","0.00","-4.25(-8.16,-0.25)","1.17(-2.97,5.16)","-0.41(-4.36,3.55)","1.78(-2.49,6.08)","0.0360","0.5588","0.8371","0.4176","1.0004","1.0014","1.0014","1.0013",3014,2930,2616,2554,3393,3783,3665,3439
"G20_G30_G12.2_F01_F03","2000_2005","2016_2020",15,"koppen_major_D_EQI_Land+SM+PA+OB","0.00","2.47(-2.19,7.21)","3.91(-0.40,8.32)","3.63(-0.72,7.91)","3.83(-0.51,8.25)","0.3126","0.0760","0.1031","0.0748","1.0007","1.0006","1.0010","1.0014",2769,2387,2083,2157,3136,3558,3175,3437
"G20_G30_G12.2_F01_F03","2000_2005","2016_2020",15,"koppen_major_D_EQI_Built+SM+PA+OB","0.00","3.46(-0.34,7.32)","3.46(-0.16,7.10)","3.25(-0.35,6.88)","1.58(-2.10,5.29)","0.0723","0.0627","0.0794","0.4222","1.0006","1.0009","1.0016","1.0028",2668,2393,2241,2161,3294,2711,3004,3174
"G20_G30_G12.2_F01_F03","2000_2005","2016_2020",15,"koppen_major_D_EQI_Social+SM+PA+OB","0.00","-2.57(-7.39,2.03)","6.55(2.29,10.81)","5.73(1.45,9.81)","9.18(4.52,13.84)","0.2831","0.0023","0.0081","0.0002","1.0015","1.0021","1.0031","1.0027",3053,2437,2127,2065,2887,2639,2835,2932
"G20_G30_G12.2_F01_F03","2000_2005","2021_2024",20,"koppen_major_D_EQI+SM+PA+OB","0.00","7.58(2.64,12.43)","7.46(2.79,11.82)","11.66(7.11,16.14)","14.61(9.77,19.44)","0.0023","0.0019","0.0002","0.0002","1.0001","1.0010","1.0013","1.0023",2928,2489,2059,1936,3289,2891,2602,2652
"G20_G30_G12.2_F01_F03","2000_2005","2021_2024",20,"koppen_major_D_EQI_Air+SM+PA+OB","0.00","5.48(1.58,9.34)","7.94(3.94,12.10)","11.25(7.17,15.40)","8.34(3.73,12.82)","0.0056","0.0002","0.0002","0.0006","1.0007","1.0025","1.0013","1.0008",4485,3796,3077,3029,3656,3624,3354,3720
"G20_G30_G12.2_F01_F03","2000_2005","2021_2024",20,"koppen_major_D_EQI_Water+SM+PA+OB","0.00","-2.38(-6.86,2.05)","-0.18(-4.70,4.36)","1.03(-3.32,5.45)","0.18(-4.62,4.98)","0.2918","0.9438","0.6413","0.9446","1.0012","1.0011","1.0018","1.0013",3095,2674,2555,2846,3566,3312,3266,3583
"G20_G30_G12.2_F01_F03","2000_2005","2021_2024",20,"koppen_major_D_EQI_Land+SM+PA+OB","0.00","0.43(-4.76,5.56)","1.51(-3.36,6.20)","3.60(-1.16,8.09)","3.38(-1.24,7.90)","0.8842","0.5159","0.1410","0.1531","1.0033","1.0018","1.0023","1.0025",3471,2780,2443,2510,3922,3556,3013,3490
"G20_G30_G12.2_F01_F03","2000_2005","2021_2024",20,"koppen_major_D_EQI_Built+SM+PA+OB","0.00","4.92(0.55,9.26)","5.97(2.06,9.87)","5.38(1.40,9.24)","0.78(-3.44,4.93)","0.0260","0.0035","0.0048","0.7076","1.0002","1.0019","1.0016","1.0006",3936,3115,3018,3117,3564,3233,3914,3224
"G20_G30_G12.2_F01_F03","2000_2005","2021_2024",20,"koppen_major_D_EQI_Social+SM+PA+OB","0.00","0.83(-4.44,5.95)","4.54(-0.08,9.16)","5.34(0.79,9.78)","5.66(0.57,10.78)","0.7459","0.0556","0.0194","0.0290","1.0011","1.0013","1.0020","1.0026",3623,2640,2427,2461,3703,3489,3170,3291
"G20_G30_G12.2_F01_F03","2000_2005","2006_2010",5,"Economic_type_1_EQI+SM+PA+OB","0.00","7.23(2.62,11.75)","6.92(1.57,12.26)","7.53(0.64,14.37)","4.70(-4.39,13.94)","0.0019","0.0119","0.0302","0.3118","1.0002","1.0010","1.0008","1.0022",6227,6484,7206,8109,4058,3757,3780,3592
"G20_G30_G12.2_F01_F03","2000_2005","2006_2010",5,"Economic_type_1_EQI_Air+SM+PA+OB","0.00","2.87(-2.09,7.85)","6.55(-0.03,13.34)","1.36(-6.26,9.18)","0.10(-9.64,9.83)","0.2543","0.0523","0.7355","0.9992","1.0027","1.0009","1.0011","1.0028",5874,6192,6980,6430,3927,3789,3657,3239
"G20_G30_G12.2_F01_F03","2000_2005","2006_2010",5,"Economic_type_1_EQI_Water+SM+PA+OB","0.00","0.08(-5.01,5.17)","3.60(-1.99,9.36)","4.43(-1.05,9.93)","2.35(-3.74,8.48)","0.9717","0.2081","0.1139","0.4518","1.0002","1.0014","1.0005","1.0006",5206,5516,4712,6085,3565,3710,3604,3979
"G20_G30_G12.2_F01_F03","2000_2005","2006_2010",5,"Economic_type_1_EQI_Land+SM+PA+OB","0.00","-0.03(-6.33,6.30)","2.34(-3.28,7.89)","2.54(-3.18,8.34)","4.93(-0.82,10.61)","0.9942","0.3989","0.3855","0.0914","1.0018","1.0004","1.0014","1.0019",4951,5961,4620,4149,3823,3993,3787,3711
"G20_G30_G12.2_F01_F03","2000_2005","2006_2010",5,"Economic_type_1_EQI_Built+SM+PA+OB","0.00","2.88(-1.94,7.63)","3.36(-2.26,8.84)","0.74(-5.11,6.56)","-2.42(-9.90,5.37)","0.2431","0.2568","0.8000","0.5322","1.0015","1.0003","1.0007","1.0021",6287,6263,6096,6725,3839,3587,3838,3752
"G20_G30_G12.2_F01_F03","2000_2005","2006_2010",5,"Economic_type_1_EQI_Social+SM+PA+OB","0.00","0.52(-4.52,5.74)","3.30(-2.09,8.72)","3.88(-1.85,9.58)","8.92(1.99,15.76)","0.8313","0.2210","0.1893","0.0110","1.0003","1.0008","1.0008","1.0002",5555,4984,5348,5692,3973,3384,3591,4008
"G20_G30_G12.2_F01_F03","2000_2005","2011_2015",10,"Economic_type_1_EQI+SM+PA+OB","0.00","7.96(3.19,12.93)","10.34(4.39,16.04)","7.80(0.79,14.98)","2.87(-6.22,12.24)","0.0023","0.0002","0.0302","0.5422","1.0027","1.0012","0.9998","1.0025",8442,8435,9223,8981,3310,3599,3500,3143
"G20_G30_G12.2_F01_F03","2000_2005","2011_2015",10,"Economic_type_1_EQI_Air+SM+PA+OB","0.00","5.06(-0.49,10.65)","7.70(0.48,14.98)","3.97(-3.79,11.98)","0.06(-9.88,9.70)","0.0723","0.0356","0.3314","0.9833","1.0006","1.0013","1.0002","1.0005",7349,7176,9186,9342,3860,3435,3179,3641
"G20_G30_G12.2_F01_F03","2000_2005","2011_2015",10,"Economic_type_1_EQI_Water+SM+PA+OB","0.00","-1.78(-7.07,3.42)","3.36(-2.80,9.45)","5.83(-0.12,11.64)","2.96(-3.47,9.48)","0.5193","0.2743","0.0552","0.3830","1.0017","1.0008","1.0004","1.0016",6143,6085,6378,6709,3749,3728,4064,4243
"G20_G30_G12.2_F01_F03","2000_2005","2011_2015",10,"Economic_type_1_EQI_Land+SM+PA+OB","0.00","-1.91(-8.49,4.55)","-1.21(-6.78,4.43)","2.09(-3.85,8.13)","7.15(0.88,13.49)","0.5780","0.6797","0.5022","0.0273","1.0008","1.0009","1.0027","1.0003",6968,6402,5141,4646,3734,4320,4098,3522
"G20_G30_G12.2_F01_F03","2000_2005","2011_2015",10,"Economic_type_1_EQI_Built+SM+PA+OB","0.00","3.93(-1.24,8.86)","4.30(-1.46,10.04)","0.75(-5.41,6.89)","-2.48(-10.15,5.31)","0.1289","0.1435","0.8017","0.5238","1.0016","1.0016","1.0020","1.0015",7764,7506,8157,8009,3810,3617,3277,3781
"G20_G30_G12.2_F01_F03","2000_2005","2011_2015",10,"Economic_type_1_EQI_Social+SM+PA+OB","0.00","-2.99(-8.36,2.24)","1.42(-4.57,7.13)","7.54(1.35,13.70)","7.89(0.36,15.24)","0.2781","0.6247","0.0127","0.0423","1.0000","1.0000","1.0008","1.0027",6026,6252,5621,5862,4067,4102,3609,3854
"G20_G30_G12.2_F01_F03","2000_2005","2016_2020",15,"Economic_type_1_EQI+SM+PA+OB","0.00","8.19(3.03,13.05)","9.91(3.91,15.81)","7.88(0.59,15.25)","1.85(-7.04,10.96)","0.0027","0.0010","0.0344","0.6976","1.0000","1.0013","1.0036","1.0003",5776,6197,6074,7298,3635,3765,3636,3581
"G20_G30_G12.2_F01_F03","2000_2005","2016_2020",15,"Economic_type_1_EQI_Air+SM+PA+OB","0.00","5.56(-0.15,11.25)","9.28(1.98,16.63)","1.85(-6.43,9.91)","-0.01(-10.30,9.96)","0.0569","0.0110","0.6488","0.9879","1.0012","1.0010","0.9998","1.0022",6957,7249,7068,8905,3739,3696,3471,2941
"G20_G30_G12.2_F01_F03","2000_2005","2016_2020",15,"Economic_type_1_EQI_Water+SM+PA+OB","0.00","-0.79(-6.21,4.68)","3.22(-2.95,9.27)","4.21(-1.80,10.29)","3.53(-3.11,10.19)","0.7771","0.2956","0.1652","0.3264","1.0008","1.0006","1.0002","1.0004",4398,6419,6068,7208,3884,3929,3851,3603
"G20_G30_G12.2_F01_F03","2000_2005","2016_2020",15,"Economic_type_1_EQI_Land+SM+PA+OB","0.00","2.72(-4.02,9.39)","-1.09(-7.11,4.65)","1.22(-4.80,7.14)","4.02(-2.17,10.28)","0.4230","0.7188","0.6892","0.1993","1.0001","1.0002","1.0025","1.0016",4521,6676,5256,4124,3467,3273,3951,3362
"G20_G30_G12.2_F01_F03","2000_2005","2016_2020",15,"Economic_type_1_EQI_Built+SM+PA+OB","0.00","5.64(0.64,10.55)","5.93(0.00,11.67)","-0.71(-7.06,5.85)","-1.39(-9.45,6.44)","0.0277","0.0502","0.8284","0.7321","1.0003","1.0018","1.0028","1.0011",7694,7435,7154,8138,3602,4169,3441,3180
"G20_G30_G12.2_F01_F03","2000_2005","2016_2020",15,"Economic_type_1_EQI_Social+SM+PA+OB","0.00","-0.87(-6.34,4.68)","4.26(-1.83,10.23)","8.01(1.92,14.02)","8.09(0.80,15.28)","0.7492","0.1727","0.0081","0.0302","1.0017","1.0024","1.0007","0.9999",6439,5793,6154,5932,3999,4403,4185,4096
"G20_G30_G12.2_F01_F03","2000_2005","2021_2024",20,"Economic_type_1_EQI+SM+PA+OB","0.00","8.05(2.54,13.49)","9.61(2.93,16.15)","6.63(-1.10,14.33)","1.46(-8.16,11.29)","0.0044","0.0056","0.0885","0.7621","1.0009","1.0015","1.0025","1.0014",5983,6145,6463,6975,3894,3716,3543,3034
"G20_G30_G12.2_F01_F03","2000_2005","2021_2024",20,"Economic_type_1_EQI_Air+SM+PA+OB","0.00","3.06(-2.71,9.04)","5.26(-2.51,12.64)","-0.53(-9.08,7.80)","0.09(-10.00,10.17)","0.3035","0.1698","0.9100","0.9838","1.0024","1.0015","1.0029","1.0014",8369,7911,8281,8813,3588,3373,3262,3268
"G20_G30_G12.2_F01_F03","2000_2005","2021_2024",20,"Economic_type_1_EQI_Water+SM+PA+OB","0.00","-2.96(-8.76,2.73)","2.02(-4.30,8.20)","5.43(-0.84,11.62)","3.20(-3.56,10.27)","0.3285","0.5288","0.0873","0.3839","1.0013","0.9998","1.0001","1.0007",6886,5978,5472,6301,4169,3590,3113,3475
"G20_G30_G12.2_F01_F03","2000_2005","2021_2024",20,"Economic_type_1_EQI_Land+SM+PA+OB","0.00","1.41(-5.59,8.33)","1.50(-4.54,7.51)","4.81(-1.41,10.97)","4.33(-1.97,10.42)","0.6884","0.6317","0.1331","0.1814","0.9999","1.0002","1.0004","1.0017",7978,7293,5687,5296,4006,3688,3915,3812
"G20_G30_G12.2_F01_F03","2000_2005","2021_2024",20,"Economic_type_1_EQI_Built+SM+PA+OB","0.00","6.60(1.24,12.01)","4.52(-1.82,10.82)","-0.07(-7.03,6.83)","-0.51(-8.41,7.68)","0.0160","0.1643","0.9788","0.8875","1.0006","1.0008","1.0004","1.0005",7730,7397,7313,7557,3744,3959,3380,3342
"G20_G30_G12.2_F01_F03","2000_2005","2021_2024",20,"Economic_type_1_EQI_Social+SM+PA+OB","0.00","1.22(-4.97,7.41)","1.86(-4.40,8.13)","5.09(-1.61,11.55)","10.07(2.13,18.01)","0.7030","0.5538","0.1298","0.0098","1.0005","1.0015","1.0010","1.0007",6659,6206,6168,6549,3683,3957,4159,3296
"G20_G30_G12.2_F01_F03","2000_2005","2006_2010",5,"Economic_type_2_EQI+SM+PA+OB","0.00","2.53(-3.71,8.84)","1.58(-5.17,8.52)","4.33(-3.38,12.10)","-2.07(-11.14,7.02)","0.4422","0.6551","0.2752","0.6459","1.0000","1.0002","1.0004","1.0008",6394,5895,5924,7880,3734,3787,3480,3639
"G20_G30_G12.2_F01_F03","2000_2005","2006_2010",5,"Economic_type_2_EQI_Air+SM+PA+OB","0.00","1.25(-5.45,7.96)","-1.59(-8.37,5.04)","6.97(-0.09,14.05)","3.04(-5.83,11.72)","0.7151","0.6451","0.0535","0.4964","1.0015","0.9999","1.0025","1.0002",5429,4666,5055,6447,3458,3559,4272,3201
"G20_G30_G12.2_F01_F03","2000_2005","2006_2010",5,"Economic_type_2_EQI_Water+SM+PA+OB","0.00","0.86(-6.13,7.83)","-3.53(-11.17,4.17)","3.16(-3.80,10.07)","2.56(-4.26,9.43)","0.8084","0.3664","0.3760","0.4643","1.0004","1.0002","1.0007","1.0009",5019,5605,4674,4344,3942,3536,3634,3201
"G20_G30_G12.2_F01_F03","2000_2005","2006_2010",5,"Economic_type_2_EQI_Land+SM+PA+OB","0.00","4.83(-1.49,11.29)","0.45(-6.50,7.36)","-2.05(-9.50,5.36)","-0.53(-8.77,7.53)","0.1456","0.9000","0.5980","0.8979","1.0011","0.9999","0.9998","1.0025",5504,5357,5645,5767,3902,4005,3980,3143
"G20_G30_G12.2_F01_F03","2000_2005","2006_2010",5,"Economic_type_2_EQI_Built+SM+PA+OB","0.00","-2.13(-9.03,4.60)","-0.84(-7.62,5.97)","3.60(-3.18,10.56)","0.44(-7.04,7.91)","0.5501","0.7896","0.3114","0.9109","1.0014","0.9999","1.0019","1.0009",5812,5782,5995,5164,3933,3780,4207,3909
"G20_G30_G12.2_F01_F03","2000_2005","2006_2010",5,"Economic_type_2_EQI_Social+SM+PA+OB","0.00","2.20(-4.76,8.95)","-5.49(-12.72,1.69)","-0.60(-8.76,7.39)","-1.52(-11.17,7.59)","0.5376","0.1343","0.8717","0.7492","1.0015","1.0014","0.9998","1.0022",4896,5370,6025,6145,3613,3745,3499,3309
"G20_G30_G12.2_F01_F03","2000_2005","2011_2015",10,"Economic_type_2_EQI+SM+PA+OB","0.00","3.93(-2.75,10.49)","6.25(-0.93,13.49)","5.63(-2.27,13.74)","2.00(-6.85,11.20)","0.2377","0.0927","0.1764","0.6842","1.0012","0.9999","1.0024","1.0022",7867,5789,6589,7645,3876,3858,3691,3603
"G20_G30_G12.2_F01_F03","2000_2005","2011_2015",10,"Economic_type_2_EQI_Air+SM+PA+OB","0.00","-0.11(-7.09,6.81)","4.93(-2.14,12.12)","6.94(-0.45,14.48)","3.61(-5.65,12.51)","0.9646","0.1748","0.0727","0.4422","1.0006","1.0020","1.0014","1.0027",6190,5827,6119,6727,3588,3649,3892,3576
"G20_G30_G12.2_F01_F03","2000_2005","2011_2015",10,"Economic_type_2_EQI_Water+SM+PA+OB","0.00","0.72(-6.12,7.64)","0.60(-6.97,8.10)","1.68(-5.92,9.03)","1.26(-5.93,8.31)","0.8504","0.8746","0.6438","0.7276","0.9998","1.0003","1.0022","1.0000",5229,6445,5686,4882,3866,3941,3446,3861
"G20_G30_G12.2_F01_F03","2000_2005","2011_2015",10,"Economic_type_2_EQI_Land+SM+PA+OB","0.00","3.36(-3.57,10.48)","2.34(-4.89,9.52)","-2.50(-10.21,5.19)","-1.08(-9.40,7.52)","0.3485","0.5201","0.5114","0.7980","1.0012","1.0006","1.0023","1.0003",6379,5502,5572,5681,3893,3560,3881,3757
"G20_G30_G12.2_F01_F03","2000_2005","2011_2015",10,"Economic_type_2_EQI_Built+SM+PA+OB","0.00","-1.09(-8.08,5.95)","1.89(-4.98,8.80)","2.86(-4.56,10.20)","4.60(-3.30,12.18)","0.7700","0.6109","0.4484","0.2310","1.0011","1.0001","1.0006","1.0015",5894,6240,6400,5440,3365,3945,3895,3588
"G20_G30_G12.2_F01_F03","2000_2005","2011_2015",10,"Economic_type_2_EQI_Social+SM+PA+OB","0.00","2.97(-3.92,9.72)","-0.07(-7.77,7.40)","1.22(-6.93,9.72)","1.65(-7.52,10.98)","0.3926","0.9788","0.7784","0.7251","1.0013","1.0001","1.0014","1.0007",5971,5636,5448,6677,3841,3743,3178,3572
"G20_G30_G12.2_F01_F03","2000_2005","2016_2020",15,"Economic_type_2_EQI+SM+PA+OB","0.00","5.83(-0.03,11.83)","5.14(-1.61,11.85)","7.88(-0.18,15.81)","3.66(-5.10,12.55)","0.0514","0.1318","0.0556","0.4172","1.0006","1.0036","1.0026","1.0005",5861,5472,5405,7474,3327,3551,3456,3210
"G20_G30_G12.2_F01_F03","2000_2005","2016_2020",15,"Economic_type_2_EQI_Air+SM+PA+OB","0.00","3.68(-2.71,10.44)","7.35(0.61,14.00)","7.53(0.50,14.38)","4.87(-4.00,13.64)","0.2822","0.0327","0.0356","0.2747","1.0024","1.0010","1.0033","1.0003",5739,5077,6202,6512,3449,3419,4069,3266
"G20_G30_G12.2_F01_F03","2000_2005","2016_2020",15,"Economic_type_2_EQI_Water+SM+PA+OB","0.00","2.00(-4.61,8.65)","1.42(-6.14,9.25)","1.45(-5.50,8.17)","2.21(-4.48,8.77)","0.5538","0.7071","0.6730","0.5101","1.0007","1.0011","1.0008","0.9998",5752,5913,5541,4503,3918,3915,3602,3756
"G20_G30_G12.2_F01_F03","2000_2005","2016_2020",15,"Economic_type_2_EQI_Land+SM+PA+OB","0.00","2.71(-3.75,9.16)","1.09(-5.31,7.48)","-1.10(-8.66,6.35)","-2.26(-10.48,5.95)","0.4185","0.7496","0.7742","0.5788","1.0013","0.9999","1.0003","1.0001",5551,4666,5106,6031,3290,3848,3975,3815
"G20_G30_G12.2_F01_F03","2000_2005","2016_2020",15,"Economic_type_2_EQI_Built+SM+PA+OB","0.00","-0.76(-7.58,6.14)","2.58(-3.93,9.00)","5.03(-1.90,11.86)","5.30(-2.21,12.87)","0.8209","0.4330","0.1677","0.1681","0.9998","1.0014","1.0001","1.0011",5215,4806,5632,5275,3635,3815,3913,3960
"G20_G30_G12.2_F01_F03","2000_2005","2016_2020",15,"Economic_type_2_EQI_Social+SM+PA+OB","0.00","0.37(-6.25,6.95)","0.34(-6.50,7.35)","2.31(-5.38,10.30)","0.57(-8.33,9.58)","0.8996","0.9192","0.5530","0.9054","1.0007","1.0001","1.0018","1.0020",6071,5366,5790,6319,3457,3604,3952,3605
"G20_G30_G12.2_F01_F03","2000_2005","2021_2024",20,"Economic_type_2_EQI+SM+PA+OB","0.00","4.36(-2.28,10.95)","4.81(-2.50,12.17)","6.82(-1.10,14.85)","2.84(-6.37,11.67)","0.2102","0.2018","0.0944","0.5222","1.0011","1.0018","1.0016","1.0012",6324,6139,6807,8031,3909,3594,3746,3344
"G20_G30_G12.2_F01_F03","2000_2005","2021_2024",20,"Economic_type_2_EQI_Air+SM+PA+OB","0.00","6.17(-1.20,13.63)","5.21(-2.06,12.37)","7.15(-0.64,14.64)","5.01(-4.05,14.19)","0.1031","0.1456","0.0752","0.2814","1.0015","1.0020","1.0006","1.0021",4904,4728,5277,5354,3519,3274,3375,3330
"G20_G30_G12.2_F01_F03","2000_2005","2021_2024",20,"Economic_type_2_EQI_Water+SM+PA+OB","0.00","1.52(-5.58,8.65)","1.27(-6.72,9.43)","0.54(-6.83,8.11)","1.61(-5.80,8.94)","0.6722","0.7501","0.8821","0.6459","1.0005","1.0009","1.0015","1.0004",4636,5134,5179,4314,3656,3910,3628,3113
"G20_G30_G12.2_F01_F03","2000_2005","2021_2024",20,"Economic_type_2_EQI_Land+SM+PA+OB","0.00","4.49(-2.66,11.57)","3.12(-4.10,10.60)","-1.63(-9.36,6.05)","-0.95(-9.31,7.44)","0.2102","0.4122","0.6709","0.8246","1.0013","1.0008","1.0016","1.0004",4137,4912,4547,5085,3409,3840,3756,3402
"G20_G30_G12.2_F01_F03","2000_2005","2021_2024",20,"Economic_type_2_EQI_Built+SM+PA+OB","0.00","0.11(-7.24,7.44)","3.10(-3.73,10.19)","3.82(-3.67,11.13)","4.24(-3.45,12.05)","0.9792","0.3901","0.3014","0.2681","1.0006","1.0012","1.0001","1.0027",4997,5045,5413,4968,3559,3779,3663,3182
"G20_G30_G12.2_F01_F03","2000_2005","2021_2024",20,"Economic_type_2_EQI_Social+SM+PA+OB","0.00","0.52(-6.42,7.31)","-1.10(-8.53,6.45)","2.27(-6.16,10.53)","0.91(-8.35,10.31)","0.8871","0.7517","0.6005","0.8529","1.0004","1.0017","1.0018","1.0020",5131,4699,5563,6752,3791,3733,3541,3896
"G20_G30_G12.2_F01_F03","2000_2005","2006_2010",5,"Economic_type_3_EQI+SM+PA+OB","0.00","2.04(-1.59,5.62)","3.15(-0.46,6.69)","3.75(0.10,7.38)","7.72(3.43,11.74)","0.2685","0.0873","0.0473","0.0006","1.0002","1.0001","1.0008","1.0008",3330,2577,2357,2361,3625,3115,3411,3270
"G20_G30_G12.2_F01_F03","2000_2005","2006_2010",5,"Economic_type_3_EQI_Air+SM+PA+OB","0.00","-3.68(-8.24,0.85)","0.82(-3.42,5.12)","5.26(0.78,9.55)","6.12(1.55,10.66)","0.1135","0.7317","0.0169","0.0106","1.0023","1.0024","1.0020","1.0029",2073,1978,1815,1855,3101,2582,2930,2888
"G20_G30_G12.2_F01_F03","2000_2005","2006_2010",5,"Economic_type_3_EQI_Water+SM+PA+OB","0.00","-0.42(-4.66,3.75)","-1.65(-5.79,2.23)","-1.85(-6.00,2.25)","-1.40(-5.83,3.12)","0.8617","0.4268","0.3668","0.5359","1.0032","1.0040","1.0037","1.0032",1888,1763,1867,2068,2678,2878,3182,3294
"G20_G30_G12.2_F01_F03","2000_2005","2006_2010",5,"Economic_type_3_EQI_Land+SM+PA+OB","0.00","-1.23(-4.11,1.64)","-0.58(-3.66,2.54)","0.56(-2.92,4.03)","0.22(-3.63,4.16)","0.4139","0.7201","0.7705","0.9167","1.0009","0.9997","1.0011","1.0001",3499,2843,2572,2830,4071,3270,3499,3428
"G20_G30_G12.2_F01_F03","2000_2005","2006_2010",5,"Economic_type_3_EQI_Built+SM+PA+OB","0.00","0.87(-2.07,3.83)","2.24(-0.75,5.20)","2.29(-0.89,5.37)","1.72(-2.03,5.56)","0.5568","0.1456","0.1598","0.3889","1.0000","1.0009","1.0004","0.9998",3612,2949,2792,3216,3130,3405,3320,3684
"G20_G30_G12.2_F01_F03","2000_2005","2006_2010",5,"Economic_type_3_EQI_Social+SM+PA+OB","0.00","0.81(-2.51,4.14)","0.92(-2.68,4.50)","-0.68(-4.55,3.45)","1.45(-3.31,6.41)","0.6484","0.6209","0.7317","0.5509","1.0006","1.0008","1.0005","1.0007",3062,2355,1951,1759,3727,3165,3116,2737
"G20_G30_G12.2_F01_F03","2000_2005","2011_2015",10,"Economic_type_3_EQI+SM+PA+OB","0.00","1.64(-1.83,5.18)","2.78(-0.75,6.38)","3.88(0.14,7.41)","8.82(4.58,13.13)","0.3601","0.1206","0.0402","0.0002","1.0009","1.0002","1.0005","1.0005",3376,2708,2422,2304,3886,3773,3456,3127
"G20_G30_G12.2_F01_F03","2000_2005","2011_2015",10,"Economic_type_3_EQI_Air+SM+PA+OB","0.00","-1.91(-6.62,2.66)","3.17(-1.26,7.49)","6.03(1.52,10.48)","8.08(3.36,12.65)","0.4185","0.1589","0.0106","0.0002","1.0010","1.0008","1.0012","1.0010",2442,2168,2106,2238,3286,3052,2940,3012
"G20_G30_G12.2_F01_F03","2000_2005","2011_2015",10,"Economic_type_3_EQI_Water+SM+PA+OB","0.00","-1.24(-5.35,2.72)","-3.46(-7.49,0.65)","-2.36(-6.46,1.75)","-0.03(-4.48,4.39)","0.5672","0.0977","0.2660","0.9900","1.0022","1.0017","1.0030","1.0011",1843,1741,1961,2230,3176,3118,3095,3345
"G20_G30_G12.2_F01_F03","2000_2005","2011_2015",10,"Economic_type_3_EQI_Land+SM+PA+OB","0.00","-0.40(-3.47,2.58)","-1.06(-4.33,2.17)","-0.42(-4.05,3.23)","-3.63(-7.47,0.28)","0.7913","0.5363","0.8175","0.0660","1.0005","1.0012","1.0032","1.0015",2945,2836,2376,2465,2837,3817,3346,3235
"G20_G30_G12.2_F01_F03","2000_2005","2011_2015",10,"Economic_type_3_EQI_Built+SM+PA+OB","0.00","0.57(-2.47,3.66)","0.86(-2.23,3.83)","2.66(-0.56,5.75)","2.38(-1.57,6.19)","0.7167","0.5613","0.1114","0.2414","1.0013","1.0016","1.0014","1.0008",3025,2770,2811,3046,3372,3659,3517,3380
"G20_G30_G12.2_F01_F03","2000_2005","2011_2015",10,"Economic_type_3_EQI_Social+SM+PA+OB","0.00","-0.02(-3.35,3.26)","0.76(-2.84,4.34)","-0.20(-4.21,3.60)","3.63(-1.08,8.34)","0.9896","0.6680","0.9300","0.1185","1.0005","1.0017","1.0026","1.0024",3268,2320,2143,2155,3564,2996,3205,3042
"G20_G30_G12.2_F01_F03","2000_2005","2016_2020",15,"Economic_type_3_EQI+SM+PA+OB","0.00","2.36(-1.55,6.16)","1.52(-2.34,5.29)","3.58(-0.39,7.54)","8.75(4.23,13.17)","0.2318","0.4297","0.0748","0.0002","1.0005","1.0028","1.0027","1.0027",3745,2833,2202,2526,3647,3525,3418,3242
"G20_G30_G12.2_F01_F03","2000_2005","2016_2020",15,"Economic_type_3_EQI_Air+SM+PA+OB","0.00","-1.10(-5.87,3.55)","3.35(-1.24,7.82)","6.74(2.08,11.24)","7.33(2.62,12.04)","0.6505","0.1493","0.0048","0.0023","1.0013","1.0025","1.0023","1.0025",2083,1848,1685,1746,2584,2387,2543,2496
"G20_G30_G12.2_F01_F03","2000_2005","2016_2020",15,"Economic_type_3_EQI_Water+SM+PA+OB","0.00","-4.20(-8.53,0.05)","-4.69(-8.98,-0.39)","-4.76(-8.98,-0.59)","-2.13(-6.83,2.46)","0.0527","0.0285","0.0265","0.3743","1.0003","1.0003","1.0025","1.0011",2188,1997,2085,2156,3236,2606,3121,3186
"G20_G30_G12.2_F01_F03","2000_2005","2016_2020",15,"Economic_type_3_EQI_Land+SM+PA+OB","0.00","-0.23(-3.49,3.08)","-0.13(-3.59,3.29)","1.46(-2.42,5.36)","-1.21(-5.31,3.00)","0.8771","0.9542","0.4626","0.5551","1.0016","1.0021","1.0024","1.0035",3205,2610,2394,2391,2862,3246,2958,3111
"G20_G30_G12.2_F01_F03","2000_2005","2016_2020",15,"Economic_type_3_EQI_Built+SM+PA+OB","0.00","2.95(-0.27,6.09)","3.20(-0.07,6.40)","3.47(0.05,6.85)","6.03(1.89,10.15)","0.0744","0.0544","0.0456","0.0056","1.0005","1.0013","1.0006","1.0012",3373,3026,2753,3085,3249,3263,3229,3389
"G20_G30_G12.2_F01_F03","2000_2005","2016_2020",15,"Economic_type_3_EQI_Social+SM+PA+OB","0.00","1.72(-1.71,5.09)","-1.67(-5.60,2.09)","-2.14(-6.38,1.97)","2.50(-2.31,7.50)","0.3206","0.3926","0.2976","0.3147","0.9999","1.0007","1.0001","1.0013",2838,2079,1784,1757,3155,3353,2971,2902
"G20_G30_G12.2_F01_F03","2000_2005","2021_2024",20,"Economic_type_3_EQI+SM+PA+OB","0.00","0.30(-3.48,4.15)","-0.96(-4.65,2.87)","0.82(-3.03,4.75)","2.32(-2.16,6.78)","0.8659","0.6038","0.6855","0.3031","1.0000","1.0010","1.0014","1.0010",3310,2893,2340,2461,3190,3049,3569,3248
"G20_G30_G12.2_F01_F03","2000_2005","2021_2024",20,"Economic_type_3_EQI_Air+SM+PA+OB","0.00","1.80(-2.98,6.87)","4.58(0.08,9.02)","7.21(2.48,11.64)","5.15(0.22,9.83)","0.4593","0.0473","0.0006","0.0435","1.0027","1.0020","1.0020","1.0024",2615,2229,2114,2214,3357,3320,3254,3058
"G20_G30_G12.2_F01_F03","2000_2005","2021_2024",20,"Economic_type_3_EQI_Water+SM+PA+OB","0.00","-1.99(-6.22,2.29)","-5.30(-9.58,-0.97)","-3.62(-8.09,0.66)","-2.51(-7.31,2.17)","0.3714","0.0185","0.0994","0.3135","1.0026","1.0032","1.0028","1.0020",2352,2240,2163,2432,3324,3317,3484,3124
"G20_G30_G12.2_F01_F03","2000_2005","2021_2024",20,"Economic_type_3_EQI_Land+SM+PA+OB","0.00","-0.11(-3.42,3.26)","-1.61(-4.99,1.80)","-0.35(-4.15,3.37)","-3.79(-7.91,0.26)","0.9421","0.3506","0.8634","0.0685","1.0011","1.0001","1.0005","1.0005",3748,2864,2707,2828,3787,3437,3692,3776
"G20_G30_G12.2_F01_F03","2000_2005","2021_2024",20,"Economic_type_3_EQI_Built+SM+PA+OB","0.00","2.60(-0.61,5.81)","4.69(1.53,8.04)","3.16(-0.17,6.51)","3.62(-0.44,7.86)","0.1110","0.0056","0.0631","0.0860","1.0006","1.0013","1.0002","1.0003",4052,3482,3115,3725,3722,4042,3782,3867
"G20_G30_G12.2_F01_F03","2000_2005","2021_2024",20,"Economic_type_3_EQI_Social+SM+PA+OB","0.00","-1.44(-4.90,2.15)","-0.87(-4.84,3.05)","-3.43(-7.61,0.78)","-0.85(-5.81,4.01)","0.4218","0.6651","0.1094","0.7438","1.0015","1.0034","1.0028","1.0028",3662,2554,2214,2147,3464,3045,3091,3349
"G20_G30_G12.2_F01_F03","2000_2005","2006_2010",5,"Economic_type_4_EQI+SM+PA+OB","0.00","5.52(0.99,9.92)","7.85(3.53,12.27)","7.22(2.37,12.08)","8.87(3.52,14.21)","0.0227","0.0002","0.0031","0.0015","1.0010","1.0016","1.0014","1.0023",3972,3051,3077,2704,3784,3914,3895,3703
"G20_G30_G12.2_F01_F03","2000_2005","2006_2010",5,"Economic_type_4_EQI_Air+SM+PA+OB","0.00","4.37(-0.54,9.16)","5.47(0.98,10.00)","9.35(4.80,13.84)","10.25(5.31,14.94)","0.0777","0.0194","0.0002","0.0002","1.0010","1.0018","1.0007","1.0018",3549,3240,2740,2454,3548,3716,3084,3124
"G20_G30_G12.2_F01_F03","2000_2005","2006_2010",5,"Economic_type_4_EQI_Water+SM+PA+OB","0.00","-2.05(-6.51,2.35)","-0.95(-5.53,3.64)","-0.07(-4.84,4.67)","1.36(-3.00,5.91)","0.3760","0.6821","0.9896","0.5405","1.0013","1.0025","1.0013","1.0011",3161,3144,2829,2876,3193,3356,3497,3293
"G20_G30_G12.2_F01_F03","2000_2005","2006_2010",5,"Economic_type_4_EQI_Land+SM+PA+OB","0.00","-0.84(-5.00,3.29)","3.95(-0.66,8.24)","-2.49(-7.32,2.09)","0.15(-5.15,5.45)","0.6926","0.0881","0.3101","0.9488","1.0003","1.0012","1.0039","1.0023",3430,2431,2035,2364,3108,3115,2575,3142
"G20_G30_G12.2_F01_F03","2000_2005","2006_2010",5,"Economic_type_4_EQI_Built+SM+PA+OB","0.00","-0.12(-4.81,4.52)","-1.99(-6.61,2.63)","1.10(-3.67,5.87)","-0.68(-5.52,4.28)","0.9700","0.4064","0.6463","0.7809","1.0009","1.0012","1.0018","1.0006",3132,2925,2492,2483,3458,3440,3044,3638
"G20_G30_G12.2_F01_F03","2000_2005","2006_2010",5,"Economic_type_4_EQI_Social+SM+PA+OB","0.00","4.24(0.18,8.23)","4.67(0.22,9.14)","3.85(-1.16,8.71)","3.83(-1.23,8.86)","0.0398","0.0377","0.1306","0.1531","1.0000","1.0010","1.0003","1.0006",2983,3103,2814,2478,2858,3470,3402,3305
"G20_G30_G12.2_F01_F03","2000_2005","2011_2015",10,"Economic_type_4_EQI+SM+PA+OB","0.00","5.08(0.40,9.71)","8.81(4.29,13.21)","7.93(2.92,12.77)","11.36(5.80,16.75)","0.0319","0.0002","0.0019","0.0006","1.0009","1.0010","1.0006","1.0005",3499,3145,2946,2879,3409,3274,3421,3184
"G20_G30_G12.2_F01_F03","2000_2005","2011_2015",10,"Economic_type_4_EQI_Air+SM+PA+OB","0.00","7.25(2.42,12.28)","6.18(1.63,10.83)","10.57(5.90,15.01)","13.65(8.67,18.57)","0.0052","0.0098","0.0002","0.0002","1.0024","1.0009","1.0005","1.0010",4414,3224,2838,2657,3628,3775,3027,3324
"G20_G30_G12.2_F01_F03","2000_2005","2011_2015",10,"Economic_type_4_EQI_Water+SM+PA+OB","0.00","-0.79(-5.82,4.32)","1.12(-3.68,6.01)","-2.31(-7.48,2.73)","1.05(-3.83,5.84)","0.7509","0.6517","0.3676","0.6730","1.0008","1.0009","1.0006","1.0010",3763,4079,3470,3017,3682,3432,3258,3405
"G20_G30_G12.2_F01_F03","2000_2005","2011_2015",10,"Economic_type_4_EQI_Land+SM+PA+OB","0.00","-0.37(-4.79,3.95)","1.16(-3.36,5.79)","-2.95(-7.91,1.92)","-0.75(-6.27,5.02)","0.8663","0.6342","0.2385","0.7867","0.9998","1.0000","1.0012","1.0007",4672,4066,3973,3851,4159,3173,3840,3719
"G20_G30_G12.2_F01_F03","2000_2005","2011_2015",10,"Economic_type_4_EQI_Built+SM+PA+OB","0.00","3.01(-1.65,7.69)","2.86(-1.68,7.49)","4.30(-0.38,9.10)","3.95(-0.82,8.79)","0.2139","0.2231","0.0702","0.1114","1.0006","0.9999","1.0003","1.0006",4153,3620,3264,3052,4100,3537,3501,3453
"G20_G30_G12.2_F01_F03","2000_2005","2011_2015",10,"Economic_type_4_EQI_Social+SM+PA+OB","0.00","3.22(-0.95,7.34)","4.89(0.14,9.38)","3.14(-1.96,8.08)","4.03(-1.16,9.22)","0.1335","0.0414","0.2122","0.1323","1.0021","1.0016","1.0014","1.0014",4195,3845,3867,3725,3390,3798,3459,3872
"G20_G30_G12.2_F01_F03","2000_2005","2016_2020",15,"Economic_type_4_EQI+SM+PA+OB","0.00","0.94(-3.64,5.40)","5.87(1.65,10.05)","4.57(-0.19,9.30)","9.82(4.68,15.15)","0.6747","0.0065","0.0594","0.0002","1.0028","1.0009","1.0033","1.0015",3343,2851,2852,2548,3569,3362,3327,2993
"G20_G30_G12.2_F01_F03","2000_2005","2016_2020",15,"Economic_type_4_EQI_Air+SM+PA+OB","0.00","6.72(1.77,11.54)","4.13(-0.62,8.70)","7.67(3.12,12.24)","11.09(6.38,15.91)","0.0073","0.0848","0.0019","0.0002","1.0006","1.0013","1.0008","1.0015",4258,3699,3056,2720,3880,3199,3167,3347
"G20_G30_G12.2_F01_F03","2000_2005","2016_2020",15,"Economic_type_4_EQI_Water+SM+PA+OB","0.00","0.21(-4.72,5.15)","-1.19(-5.77,3.56)","-1.07(-5.86,4.01)","1.55(-3.12,6.24)","0.9300","0.6384","0.6738","0.5180","1.0011","1.0006","1.0016","1.0011",3507,3529,3834,3157,3263,3471,3657,3550
"G20_G30_G12.2_F01_F03","2000_2005","2016_2020",15,"Economic_type_4_EQI_Land+SM+PA+OB","0.00","-0.22(-4.35,4.05)","0.34(-3.89,4.59)","-2.87(-7.63,1.81)","-0.49(-5.81,4.64)","0.9013","0.8838","0.2410","0.8496","1.0001","1.0016","1.0005","1.0017",4457,3513,2855,2829,3480,3628,2852,3305
"G20_G30_G12.2_F01_F03","2000_2005","2016_2020",15,"Economic_type_4_EQI_Built+SM+PA+OB","0.00","1.18(-3.53,5.79)","2.49(-2.05,7.01)","5.65(0.72,10.42)","4.72(-0.14,9.49)","0.6092","0.2918","0.0273","0.0585","0.9998","0.9999","0.9996","1.0011",3580,3392,3072,2938,3797,3516,3242,3335
"G20_G30_G12.2_F01_F03","2000_2005","2016_2020",15,"Economic_type_4_EQI_Social+SM+PA+OB","0.00","2.12(-1.91,6.09)","1.31(-3.29,6.11)","2.02(-3.06,6.89)","1.21(-3.84,6.38)","0.2889","0.5859","0.4105","0.6463","1.0009","1.0021","1.0013","1.0009",3722,3395,3813,3450,3598,3770,3515,3390
"G20_G30_G12.2_F01_F03","2000_2005","2021_2024",20,"Economic_type_4_EQI+SM+PA+OB","0.00","2.01(-3.27,7.11)","4.19(-0.79,8.94)","2.61(-2.78,7.99)","4.67(-1.12,10.49)","0.4401","0.0969","0.3360","0.1181","1.0005","1.0010","1.0009","1.0015",4131,3222,3252,2764,3278,3389,3550,3360
"G20_G30_G12.2_F01_F03","2000_2005","2021_2024",20,"Economic_type_4_EQI_Air+SM+PA+OB","0.00","4.94(-0.70,10.35)","4.37(-0.67,9.45)","7.07(1.94,12.04)","6.71(1.35,12.05)","0.0781","0.0935","0.0073","0.0110","1.0014","1.0019","1.0010","1.0005",2844,3628,2958,2483,3229,3512,3499,2949
"G20_G30_G12.2_F01_F03","2000_2005","2021_2024",20,"Economic_type_4_EQI_Water+SM+PA+OB","0.00","-2.52(-7.80,2.64)","-1.15(-6.30,3.92)","-3.70(-9.11,1.73)","-0.34(-5.18,4.55)","0.3497","0.6492","0.1777","0.8804","1.0022","1.0010","1.0006","1.0003",3927,3872,3090,3969,3640,3640,3206,3859
"G20_G30_G12.2_F01_F03","2000_2005","2021_2024",20,"Economic_type_4_EQI_Land+SM+PA+OB","0.00","-0.45(-5.15,4.31)","0.08(-4.70,4.88)","-2.83(-7.88,2.46)","-0.76(-6.41,4.97)","0.8417","0.9725","0.2931","0.7963","1.0011","1.0009","1.0013","1.0021",4317,4368,3837,3401,3707,3466,3233,3593
"G20_G30_G12.2_F01_F03","2000_2005","2021_2024",20,"Economic_type_4_EQI_Built+SM+PA+OB","0.00","1.66(-3.58,7.02)","1.29(-3.76,6.46)","7.62(2.32,12.74)","3.57(-1.94,8.91)","0.5484","0.6255","0.0060","0.1893","1.0006","1.0014","1.0010","1.0014",3757,3396,3228,2890,3744,3773,3295,3235
"G20_G30_G12.2_F01_F03","2000_2005","2021_2024",20,"Economic_type_4_EQI_Social+SM+PA+OB","0.00","2.56(-1.99,7.29)","-0.32(-5.50,4.89)","2.63(-2.96,8.12)","-2.57(-8.60,3.35)","0.2764","0.8771","0.3556","0.4005","1.0020","1.0011","1.0011","1.0016",3111,3398,3612,2739,3741,3864,3735,3073
"G20_G30_G12.2_F01_F03","2000_2005","2006_2010",5,"Economic_type_5_EQI+SM+PA+OB","0.00","-0.94(-6.91,5.01)","-0.62(-6.39,5.05)","7.00(1.48,12.48)","9.89(4.19,15.57)","0.7613","0.8188","0.0160","0.0006","0.9999","1.0011","1.0014","1.0007",3764,3011,2941,2251,4024,3417,3334,2897
"G20_G30_G12.2_F01_F03","2000_2005","2006_2010",5,"Economic_type_5_EQI_Air+SM+PA+OB","0.00","2.62(-2.81,8.32)","6.25(0.53,11.62)","8.81(3.65,14.04)","9.04(4.21,14.03)","0.3572","0.0340","0.0010","0.0006","1.0016","1.0006","1.0008","1.0014",4894,4362,4040,4005,3650,3570,4117,3874
"G20_G30_G12.2_F01_F03","2000_2005","2006_2010",5,"Economic_type_5_EQI_Water+SM+PA+OB","0.00","-0.57(-5.78,4.76)","1.55(-3.72,6.72)","4.32(-0.47,9.10)","2.87(-2.23,7.76)","0.8325","0.5426","0.0769","0.2572","1.0001","1.0006","1.0001","1.0006",5553,4597,4807,3995,4176,3846,4296,3706
"G20_G30_G12.2_F01_F03","2000_2005","2006_2010",5,"Economic_type_5_EQI_Land+SM+PA+OB","0.00","1.09(-3.57,5.90)","2.07(-2.64,6.70)","1.57(-3.33,6.61)","-1.62(-6.64,3.27)","0.6680","0.3764","0.5351","0.5109","1.0010","1.0017","1.0005","0.9997",4547,4519,4596,4182,3685,4066,4015,4014
"G20_G30_G12.2_F01_F03","2000_2005","2006_2010",5,"Economic_type_5_EQI_Built+SM+PA+OB","0.00","-2.27(-8.98,4.76)","2.48(-3.53,8.48)","1.99(-3.24,7.44)","1.45(-3.70,6.64)","0.5147","0.4264","0.4776","0.6113","1.0004","1.0003","1.0001","1.0010",6049,4709,4407,4223,4012,4106,3652,3980
"G20_G30_G12.2_F01_F03","2000_2005","2006_2010",5,"Economic_type_5_EQI_Social+SM+PA+OB","0.00","-1.23(-7.14,4.73)","2.67(-2.39,7.60)","4.47(-0.55,9.48)","6.46(0.95,11.76)","0.6776","0.2935","0.0802","0.0198","1.0011","1.0016","0.9996","0.9998",5059,4502,3689,3526,3757,3539,3622,3448
"G20_G30_G12.2_F01_F03","2000_2005","2011_2015",10,"Economic_type_5_EQI+SM+PA+OB","0.00","-4.16(-10.52,2.02)","-2.23(-8.07,3.27)","6.61(0.91,12.08)","11.87(6.08,17.52)","0.1910","0.4168","0.0235","0.0002","1.0008","1.0013","1.0027","1.0029",3476,2865,2462,2077,3725,3776,3059,2835
"G20_G30_G12.2_F01_F03","2000_2005","2011_2015",10,"Economic_type_5_EQI_Air+SM+PA+OB","0.00","3.22(-2.20,8.80)","5.20(-0.34,10.73)","11.06(5.81,16.20)","11.35(6.51,16.56)","0.2618","0.0669","0.0002","0.0002","1.0005","0.9996","1.0000","1.0011",5139,5125,4094,3905,3754,4333,3448,3180
"G20_G30_G12.2_F01_F03","2000_2005","2011_2015",10,"Economic_type_5_EQI_Water+SM+PA+OB","0.00","-1.95(-7.39,3.56)","2.87(-2.27,8.01)","6.55(1.67,11.49)","4.63(-0.41,9.70)","0.4834","0.2722","0.0106","0.0735","1.0000","0.9995","1.0000","1.0024",5222,5209,4511,4186,3732,4475,3649,3951
"G20_G30_G12.2_F01_F03","2000_2005","2011_2015",10,"Economic_type_5_EQI_Land+SM+PA+OB","0.00","1.54(-3.42,6.36)","3.24(-1.64,8.38)","1.34(-3.75,6.49)","-1.69(-6.57,2.91)","0.5276","0.1998","0.6067","0.5230","1.0002","0.9994","1.0011","1.0001",4975,4402,4189,4196,4029,3562,3450,3856
"G20_G30_G12.2_F01_F03","2000_2005","2011_2015",10,"Economic_type_5_EQI_Built+SM+PA+OB","0.00","1.42(-5.38,8.34)","2.05(-4.09,8.34)","0.95(-4.60,6.52)","0.56(-4.93,6.21)","0.6946","0.5213","0.7438","0.8467","1.0004","1.0010","1.0009","1.0008",5952,4795,4332,4177,3838,4006,3542,3604
"G20_G30_G12.2_F01_F03","2000_2005","2011_2015",10,"Economic_type_5_EQI_Social+SM+PA+OB","0.00","-0.94(-6.71,4.89)","1.91(-3.12,6.97)","3.76(-1.42,8.77)","8.45(3.06,14.11)","0.7638","0.4793","0.1539","0.0023","0.9999","1.0006","1.0007","1.0002",6029,5086,4213,4017,4285,4117,3510,3933
"G20_G30_G12.2_F01_F03","2000_2005","2016_2020",15,"Economic_type_5_EQI+SM+PA+OB","0.00","-6.48(-12.79,-0.18)","-4.47(-10.00,0.90)","1.86(-3.47,7.40)","9.94(4.36,15.43)","0.0414","0.1177","0.5184","0.0010","1.0009","1.0017","1.0014","1.0012",3536,3243,2742,2387,3193,3719,3622,3154
"G20_G30_G12.2_F01_F03","2000_2005","2016_2020",15,"Economic_type_5_EQI_Air+SM+PA+OB","0.00","1.77(-3.75,7.28)","1.85(-3.59,7.35)","9.23(4.12,14.37)","11.21(6.31,16.10)","0.5164","0.5030","0.0010","0.0002","1.0008","1.0007","1.0018","1.0016",5293,4959,3885,4043,3856,3904,3529,3886
"G20_G30_G12.2_F01_F03","2000_2005","2016_2020",15,"Economic_type_5_EQI_Water+SM+PA+OB","0.00","-1.28(-6.90,4.20)","2.75(-2.58,8.00)","4.83(-0.26,9.97)","3.64(-1.65,8.78)","0.6472","0.2989","0.0660","0.1756","1.0015","1.0008","1.0002","0.9999",5577,4751,4416,4406,3767,3712,3111,3379
"G20_G30_G12.2_F01_F03","2000_2005","2016_2020",15,"Economic_type_5_EQI_Land+SM+PA+OB","0.00","3.28(-1.65,8.25)","4.00(-0.94,8.99)","1.45(-3.63,6.57)","0.29(-4.72,5.22)","0.1918","0.1227","0.5784","0.9067","1.0010","1.0025","1.0010","1.0007",5468,4753,4752,4379,3526,3881,4009,4004
"G20_G30_G12.2_F01_F03","2000_2005","2016_2020",15,"Economic_type_5_EQI_Built+SM+PA+OB","0.00","1.57(-5.22,8.47)","0.34(-5.74,6.26)","0.11(-5.49,5.56)","1.96(-3.61,7.34)","0.6576","0.9075","0.9563","0.4776","1.0000","1.0010","1.0006","1.0017",5336,3725,3114,3253,3424,3880,3415,3872
"G20_G30_G12.2_F01_F03","2000_2005","2016_2020",15,"Economic_type_5_EQI_Social+SM+PA+OB","0.00","0.42(-5.56,6.34)","1.24(-3.69,6.18)","1.14(-3.97,6.11)","4.86(-0.40,10.19)","0.8896","0.6305","0.6613","0.0706","0.9998","1.0007","1.0008","1.0012",6099,4044,4063,3914,4034,3645,3882,4073
"G20_G30_G12.2_F01_F03","2000_2005","2021_2024",20,"Economic_type_5_EQI+SM+PA+OB","0.00","-4.17(-10.74,2.25)","-4.99(-11.01,1.11)","2.34(-3.59,8.20)","7.26(1.16,13.21)","0.2085","0.1023","0.4260","0.0219","1.0021","1.0010","1.0007","1.0012",4469,4024,3150,3050,3923,3960,3376,3122
"G20_G30_G12.2_F01_F03","2000_2005","2021_2024",20,"Economic_type_5_EQI_Air+SM+PA+OB","0.00","3.38(-2.51,9.29)","5.11(-0.78,10.85)","8.47(3.07,13.81)","8.95(3.61,14.27)","0.2664","0.0852","0.0027","0.0023","1.0011","1.0019","1.0009","1.0003",4798,4464,3765,3431,3639,3638,3613,3560
"G20_G30_G12.2_F01_F03","2000_2005","2021_2024",20,"Economic_type_5_EQI_Water+SM+PA+OB","0.00","-2.83(-8.75,3.24)","1.52(-4.03,7.13)","4.29(-1.24,9.97)","3.73(-1.96,9.52)","0.3526","0.6101","0.1264","0.2043","1.0003","1.0008","1.0015","0.9999",4861,3964,4300,3783,3807,3738,3866,3862
"G20_G30_G12.2_F01_F03","2000_2005","2021_2024",20,"Economic_type_5_EQI_Land+SM+PA+OB","0.00","-0.12(-5.26,5.01)","3.73(-1.65,9.07)","1.81(-3.55,7.31)","-0.39(-5.80,5.02)","0.9629","0.1814","0.5230","0.8909","1.0004","1.0005","1.0003","1.0001",4840,4684,4230,4440,3713,3747,3982,3835
"G20_G30_G12.2_F01_F03","2000_2005","2021_2024",20,"Economic_type_5_EQI_Built+SM+PA+OB","0.00","3.56(-3.33,10.73)","0.72(-5.56,7.09)","-0.02(-5.75,5.69)","-0.20(-5.80,5.39)","0.3276","0.8163","0.9967","0.9571","1.0005","1.0011","1.0003","1.0006",5032,4742,4041,3637,3596,3905,3367,3549
"G20_G30_G12.2_F01_F03","2000_2005","2021_2024",20,"Economic_type_5_EQI_Social+SM+PA+OB","0.00","1.64(-4.82,8.09)","1.59(-4.01,7.03)","2.00(-3.52,7.48)","4.36(-1.58,10.26)","0.6142","0.5697","0.4726","0.1493","1.0009","1.0021","1.0016","1.0017",5180,4290,3779,3644,3968,3846,3565,3702
"G20_G30_G12.2_F01_F03","2000_2005","2006_2010",5,"Economic_type_6_EQI+SM+PA+OB","0.00","1.50(-1.77,4.60)","6.16(2.87,9.39)","8.45(4.82,11.91)","11.92(7.86,15.94)","0.3547","0.0002","0.0002","0.0002","0.9995","1.0001","1.0004","1.0011",4743,3874,3448,3426,4064,3892,3578,3896
"G20_G30_G12.2_F01_F03","2000_2005","2006_2010",5,"Economic_type_6_EQI_Air+SM+PA+OB","0.00","0.57(-2.63,3.78)","4.80(1.48,8.11)","11.07(7.53,14.44)","10.93(7.26,14.54)","0.7230","0.0052","0.0002","0.0002","1.0004","1.0009","0.9999","1.0002",3404,3083,3064,3096,3888,3547,3603,3719
"G20_G30_G12.2_F01_F03","2000_2005","2006_2010",5,"Economic_type_6_EQI_Water+SM+PA+OB","0.00","1.33(-2.22,4.93)","1.47(-2.04,4.90)","0.97(-2.67,4.58)","0.64(-3.01,4.31)","0.4780","0.4243","0.5859","0.7146","1.0007","1.0015","1.0012","1.0011",3116,2821,2891,2892,3769,3418,3383,3507
"G20_G30_G12.2_F01_F03","2000_2005","2006_2010",5,"Economic_type_6_EQI_Land+SM+PA+OB","0.00","0.48(-2.60,3.44)","-2.96(-6.28,0.42)","-4.28(-7.77,-0.65)","-3.57(-7.26,0.16)","0.7409","0.0814","0.0202","0.0614","1.0004","1.0010","1.0033","1.0028",4095,2732,2686,2603,3840,3481,3513,3068
"G20_G30_G12.2_F01_F03","2000_2005","2006_2010",5,"Economic_type_6_EQI_Built+SM+PA+OB","0.00","2.71(-0.39,5.90)","2.84(-0.20,5.89)","2.17(-1.10,5.49)","-1.21(-4.69,2.35)","0.0860","0.0689","0.2018","0.4764","1.0006","1.0004","1.0004","1.0015",4214,3630,3613,3442,3849,3385,3636,3612
"G20_G30_G12.2_F01_F03","2000_2005","2006_2010",5,"Economic_type_6_EQI_Social+SM+PA+OB","0.00","4.87(1.61,8.03)","3.35(-0.03,6.66)","5.85(2.14,9.56)","7.09(2.92,11.31)","0.0035","0.0531","0.0027","0.0010","1.0003","0.9999","0.9999","1.0002",3915,2995,2438,2368,3657,3546,3555,3050
"G20_G30_G12.2_F01_F03","2000_2005","2011_2015",10,"Economic_type_6_EQI+SM+PA+OB","0.00","2.16(-1.16,5.55)","4.55(1.01,8.11)","9.13(5.39,13.02)","14.89(10.69,19.24)","0.2131","0.0102","0.0002","0.0002","1.0004","1.0008","1.0006","1.0012",4386,3599,3194,3087,3854,3812,3977,3673
"G20_G30_G12.2_F01_F03","2000_2005","2011_2015",10,"Economic_type_6_EQI_Air+SM+PA+OB","0.00","1.59(-1.61,4.91)","8.40(5.00,11.83)","13.74(10.11,17.30)","13.20(9.12,17.18)","0.3581","0.0002","0.0002","0.0002","1.0014","1.0016","1.0027","1.0023",3780,3338,3339,3234,4006,3982,3978,4071
"G20_G30_G12.2_F01_F03","2000_2005","2011_2015",10,"Economic_type_6_EQI_Water+SM+PA+OB","0.00","1.67(-2.31,5.69)","0.50(-3.41,4.42)","3.11(-0.73,7.13)","0.72(-3.44,4.97)","0.4043","0.7930","0.1085","0.7284","1.0014","1.0020","1.0026","1.0018",3285,2810,2760,2731,3745,3692,3677,3415
"G20_G30_G12.2_F01_F03","2000_2005","2011_2015",10,"Economic_type_6_EQI_Land+SM+PA+OB","0.00","-0.88(-4.04,2.31)","-1.01(-4.39,2.52)","-4.48(-8.28,-0.68)","0.03(-3.96,4.09)","0.6022","0.5534","0.0223","0.9950","1.0008","1.0006","1.0005","1.0003",4214,3132,3207,3078,4190,3835,3061,3379
"G20_G30_G12.2_F01_F03","2000_2005","2011_2015",10,"Economic_type_6_EQI_Built+SM+PA+OB","0.00","2.96(-0.25,6.13)","2.56(-0.69,5.76)","2.09(-1.35,5.48)","-1.12(-4.63,2.57)","0.0727","0.1218","0.2214","0.5293","0.9999","1.0005","1.0007","1.0000",4100,3345,3144,3309,3852,3642,3478,3948
"G20_G30_G12.2_F01_F03","2000_2005","2011_2015",10,"Economic_type_6_EQI_Social+SM+PA+OB","0.00","1.96(-1.30,5.11)","2.26(-1.23,5.77)","4.32(0.46,8.08)","5.22(0.63,9.65)","0.2247","0.2010","0.0260","0.0298","1.0001","1.0016","1.0021","1.0038",4112,3041,2705,2423,3582,3557,3297,3225
"G20_G30_G12.2_F01_F03","2000_2005","2016_2020",15,"Economic_type_6_EQI+SM+PA+OB","0.00","2.74(-0.72,6.15)","4.41(0.90,8.04)","10.02(6.30,13.80)","13.79(9.45,18.25)","0.1202","0.0106","0.0002","0.0002","1.0006","1.0005","1.0014","1.0013",4538,3567,3329,2999,3746,3515,3313,3356
"G20_G30_G12.2_F01_F03","2000_2005","2016_2020",15,"Economic_type_6_EQI_Air+SM+PA+OB","0.00","1.20(-2.17,4.64)","6.56(3.18,10.12)","11.59(8.02,15.21)","9.76(5.70,13.76)","0.4951","0.0006","0.0002","0.0002","1.0020","1.0047","1.0035","1.0024",3295,2932,3085,3032,4043,3766,3841,3924
"G20_G30_G12.2_F01_F03","2000_2005","2016_2020",15,"Economic_type_6_EQI_Water+SM+PA+OB","0.00","0.48(-3.43,4.42)","-0.29(-4.20,3.65)","1.44(-2.56,5.49)","0.87(-3.19,4.94)","0.8055","0.8929","0.4826","0.6709","1.0011","1.0013","1.0012","1.0021",3510,3042,2673,2937,4068,3665,3520,3418
"G20_G30_G12.2_F01_F03","2000_2005","2016_2020",15,"Economic_type_6_EQI_Land+SM+PA+OB","0.00","-0.36(-3.60,3.00)","-0.25(-3.71,3.21)","-1.07(-4.79,2.74)","1.67(-2.30,5.70)","0.8213","0.8859","0.5622","0.4189","1.0046","1.0012","1.0023","1.0017",4162,3194,2671,2652,3625,4042,3535,3543
"G20_G30_G12.2_F01_F03","2000_2005","2016_2020",15,"Economic_type_6_EQI_Built+SM+PA+OB","0.00","1.14(-2.23,4.51)","1.74(-1.56,5.09)","2.15(-1.36,5.71)","-0.56(-4.16,3.21)","0.4984","0.3106","0.2181","0.7526","1.0032","1.0023","1.0007","1.0015",3922,3888,3627,3578,3337,3742,3291,3648
"G20_G30_G12.2_F01_F03","2000_2005","2016_2020",15,"Economic_type_6_EQI_Social+SM+PA+OB","0.00","-0.69(-3.90,2.53)","1.92(-1.48,5.47)","2.83(-1.09,6.67)","5.23(0.89,9.79)","0.6734","0.2781","0.1602","0.0173","1.0012","1.0014","1.0032","1.0026",3723,3245,2002,2478,3590,3377,3524,3422
"G20_G30_G12.2_F01_F03","2000_2005","2021_2024",20,"Economic_type_6_EQI+SM+PA+OB","0.00","2.55(-1.12,6.27)","2.34(-1.54,6.20)","7.35(3.38,11.28)","9.69(5.21,14.18)","0.1735","0.2202","0.0002","0.0002","1.0022","1.0008","1.0009","1.0004",4507,3884,3383,3277,3975,4172,3735,3821
"G20_G30_G12.2_F01_F03","2000_2005","2021_2024",20,"Economic_type_6_EQI_Air+SM+PA+OB","0.00","1.60(-2.15,5.32)","4.46(0.56,8.45)","8.17(4.20,12.10)","5.13(0.83,9.39)","0.4235","0.0265","0.0006","0.0202","1.0003","1.0006","1.0003","1.0001",4137,3912,3669,3660,4030,3812,3705,3771
"G20_G30_G12.2_F01_F03","2000_2005","2021_2024",20,"Economic_type_6_EQI_Water+SM+PA+OB","0.00","0.00(-4.49,4.32)","-1.21(-5.59,3.18)","0.71(-3.72,5.07)","0.84(-3.82,5.29)","0.9904","0.5993","0.7501","0.7038","1.0003","1.0004","1.0006","1.0003",3778,3598,3566,3798,3520,3849,3374,3521
"G20_G30_G12.2_F01_F03","2000_2005","2021_2024",20,"Economic_type_6_EQI_Land+SM+PA+OB","0.00","0.33(-3.34,4.09)","0.55(-3.57,4.43)","0.22(-3.90,4.39)","2.00(-2.54,6.52)","0.8504","0.7984","0.9317","0.3843","1.0007","0.9999","1.0008","1.0005",5212,4592,4045,4341,4064,3452,4012,3698
"G20_G30_G12.2_F01_F03","2000_2005","2021_2024",20,"Economic_type_6_EQI_Built+SM+PA+OB","0.00","2.87(-0.88,6.54)","3.47(-0.20,7.16)","4.22(0.34,8.15)","1.59(-2.44,5.74)","0.1385","0.0652","0.0360","0.4368","1.0015","1.0008","1.0003","1.0006",4531,4226,3991,3873,3733,4163,3582,3958
"G20_G30_G12.2_F01_F03","2000_2005","2021_2024",20,"Economic_type_6_EQI_Social+SM+PA+OB","0.00","-0.71(-4.34,3.05)","-2.46(-6.37,1.54)","0.07(-4.30,4.47)","1.28(-3.70,6.19)","0.7005","0.2189","0.9658","0.5918","1.0002","1.0010","1.0013","1.0003",3961,3896,3341,2911,3495,3712,3643,3839
"G20_G30_G12.2_F01_F03","2000_2005","2006_2010",5,"Homeownership_tertile_1_EQI+SM+PA+OB","0.00","8.02(4.59,11.50)","11.93(8.48,15.43)","14.46(10.86,18.04)","19.76(15.86,23.60)","0.0002","0.0002","0.0002","0.0002","0.9996","1.0003","1.0003","1.0004",3718,3537,3006,2850,3698,3564,3465,3690
"G20_G30_G12.2_F01_F03","2000_2005","2006_2010",5,"Homeownership_tertile_1_EQI_Air+SM+PA+OB","0.00","8.03(4.40,11.75)","9.74(6.11,13.39)","13.96(10.52,17.33)","14.76(11.00,18.44)","0.0002","0.0002","0.0002","0.0002","1.0012","1.0014","1.0023","1.0028",3616,3344,2986,2771,3600,3000,3529,3118
"G20_G30_G12.2_F01_F03","2000_2005","2006_2010",5,"Homeownership_tertile_1_EQI_Water+SM+PA+OB","0.00","-2.71(-6.48,1.07)","3.77(-0.07,7.67)","2.24(-1.41,6.02)","3.52(-0.21,7.41)","0.1660","0.0556","0.2452","0.0677","1.0010","1.0006","1.0014","1.0006",3584,2740,3045,2800,3818,3284,3730,3330
"G20_G30_G12.2_F01_F03","2000_2005","2006_2010",5,"Homeownership_tertile_1_EQI_Land+SM+PA+OB","0.00","2.81(-0.19,5.78)","3.51(0.39,6.64)","-0.69(-4.14,2.95)","2.26(-1.47,5.98)","0.0685","0.0281","0.6921","0.2356","1.0000","1.0007","1.0002","0.9999",5282,3993,3374,3290,4264,3896,3608,3598
"G20_G30_G12.2_F01_F03","2000_2005","2006_2010",5,"Homeownership_tertile_1_EQI_Built+SM+PA+OB","0.00","2.69(-1.32,6.62)","7.29(3.59,10.92)","7.85(4.22,11.51)","7.23(3.55,10.94)","0.1868","0.0002","0.0002","0.0002","1.0011","1.0016","1.0021","1.0027",4743,3589,3469,3477,3817,3981,3637,3618
"G20_G30_G12.2_F01_F03","2000_2005","2006_2010",5,"Homeownership_tertile_1_EQI_Social+SM+PA+OB","0.00","2.22(-0.69,5.05)","2.99(-0.26,6.25)","5.38(1.84,8.93)","6.27(2.11,10.39)","0.1348","0.0735","0.0019","0.0027","1.0001","1.0008","1.0015","1.0012",4294,3652,3087,3236,3869,3913,3513,3707
"G20_G30_G12.2_F01_F03","2000_2005","2011_2015",10,"Homeownership_tertile_1_EQI+SM+PA+OB","0.00","11.75(8.09,15.34)","15.49(11.95,19.09)","18.51(14.66,22.22)","24.43(20.21,28.54)","0.0002","0.0002","0.0002","0.0002","1.0007","1.0001","0.9999","1.0011",4075,3185,2657,2434,3789,3831,3234,2933
"G20_G30_G12.2_F01_F03","2000_2005","2011_2015",10,"Homeownership_tertile_1_EQI_Air+SM+PA+OB","0.00","11.30(7.56,15.12)","13.60(9.83,17.26)","18.33(14.55,21.86)","18.76(14.77,22.62)","0.0002","0.0002","0.0002","0.0002","1.0003","1.0010","1.0013","1.0007",3747,3421,3152,2795,3817,3601,3498,3153
"G20_G30_G12.2_F01_F03","2000_2005","2011_2015",10,"Homeownership_tertile_1_EQI_Water+SM+PA+OB","0.00","-0.37(-4.28,3.55)","3.90(0.12,7.71)","4.44(0.76,8.24)","4.74(0.95,8.65)","0.8496","0.0464","0.0219","0.0206","1.0032","1.0041","1.0049","1.0037",2945,2530,2393,2415,4036,2927,3244,3471
"G20_G30_G12.2_F01_F03","2000_2005","2011_2015",10,"Homeownership_tertile_1_EQI_Land+SM+PA+OB","0.00","1.08(-2.04,4.20)","2.42(-0.83,5.73)","0.33(-3.25,3.99)","2.94(-0.85,6.64)","0.4997","0.1460","0.8642","0.1235","1.0004","1.0010","1.0017","1.0008",4620,3537,3158,2934,3302,3481,3718,3271
"G20_G30_G12.2_F01_F03","2000_2005","2011_2015",10,"Homeownership_tertile_1_EQI_Built+SM+PA+OB","0.00","8.17(4.12,12.19)","11.36(7.40,15.26)","12.99(9.22,16.80)","13.60(9.83,17.38)","0.0002","0.0002","0.0002","0.0002","1.0003","1.0010","1.0002","1.0016",3893,3030,2845,2583,3651,3407,3735,3431
"G20_G30_G12.2_F01_F03","2000_2005","2011_2015",10,"Homeownership_tertile_1_EQI_Social+SM+PA+OB","0.00","4.10(1.17,7.10)","5.05(1.85,8.38)","5.97(2.28,9.65)","7.74(3.63,11.93)","0.0073","0.0006","0.0010","0.0002","1.0002","1.0008","0.9997","1.0004",3600,2957,2801,2615,3503,2831,3000,3173
"G20_G30_G12.2_F01_F03","2000_2005","2016_2020",15,"Homeownership_tertile_1_EQI+SM+PA+OB","0.00","9.13(5.45,12.79)","11.92(8.34,15.52)","13.63(9.83,17.52)","19.12(14.97,23.30)","0.0002","0.0002","0.0002","0.0002","1.0024","1.0010","1.0018","1.0004",2893,2670,2160,2059,3563,3226,3213,2745
"G20_G30_G12.2_F01_F03","2000_2005","2016_2020",15,"Homeownership_tertile_1_EQI_Air+SM+PA+OB","0.00","9.13(5.19,12.96)","12.90(8.86,16.82)","14.98(11.18,18.67)","13.47(9.23,17.47)","0.0002","0.0002","0.0002","0.0002","1.0017","1.0007","1.0005","1.0001",3677,2912,2625,2316,3843,3645,3436,2840
"G20_G30_G12.2_F01_F03","2000_2005","2016_2020",15,"Homeownership_tertile_1_EQI_Water+SM+PA+OB","0.00","-4.26(-8.23,-0.37)","1.93(-2.10,6.07)","1.77(-2.20,5.77)","5.01(0.90,9.10)","0.0344","0.3435","0.3980","0.0181","1.0015","1.0012","1.0020","1.0032",2899,2635,2727,2824,3549,3314,3270,3347
"G20_G30_G12.2_F01_F03","2000_2005","2016_2020",15,"Homeownership_tertile_1_EQI_Land+SM+PA+OB","0.00","1.09(-2.23,4.44)","2.44(-0.88,5.93)","0.14(-3.45,3.91)","3.34(-0.49,7.24)","0.5197","0.1556","0.9550","0.0873","1.0022","1.0004","1.0010","1.0005",4520,3731,3309,3221,3562,3460,3409,3194
"G20_G30_G12.2_F01_F03","2000_2005","2016_2020",15,"Homeownership_tertile_1_EQI_Built+SM+PA+OB","0.00","4.97(0.72,9.33)","7.55(3.57,11.63)","8.70(4.65,12.61)","9.34(5.60,13.26)","0.0215","0.0002","0.0002","0.0002","1.0006","1.0011","1.0009","1.0008",4140,2968,2659,2707,4093,3607,3453,3439
"G20_G30_G12.2_F01_F03","2000_2005","2016_2020",15,"Homeownership_tertile_1_EQI_Social+SM+PA+OB","0.00","2.92(-0.31,6.15)","4.62(1.10,8.11)","5.29(1.37,9.03)","6.55(2.01,11.01)","0.0760","0.0098","0.0081","0.0040","1.0006","1.0015","1.0009","1.0008",4179,3764,3347,3200,3174,3622,3956,3920
"G20_G30_G12.2_F01_F03","2000_2005","2021_2024",20,"Homeownership_tertile_1_EQI+SM+PA+OB","0.00","9.04(5.00,13.04)","8.37(4.32,12.43)","11.90(7.80,16.01)","13.03(8.60,17.54)","0.0002","0.0002","0.0002","0.0002","1.0013","1.0011","1.0019","1.0012",4203,3865,3244,3292,3613,3639,3715,3521
"G20_G30_G12.2_F01_F03","2000_2005","2021_2024",20,"Homeownership_tertile_1_EQI_Air+SM+PA+OB","0.00","8.67(4.31,13.08)","11.76(7.63,15.98)","13.17(9.04,17.40)","9.05(4.76,13.32)","0.0002","0.0002","0.0002","0.0002","1.0002","0.9999","1.0010","1.0004",4343,3670,3431,2992,3946,4091,3268,2837
"G20_G30_G12.2_F01_F03","2000_2005","2021_2024",20,"Homeownership_tertile_1_EQI_Water+SM+PA+OB","0.00","-2.66(-6.94,1.70)","2.94(-1.31,7.30)","1.38(-2.84,5.60)","4.77(0.49,9.13)","0.2385","0.1831","0.5168","0.0294","1.0003","1.0008","0.9999","1.0002",3922,3511,3755,3391,3538,3534,3732,3283
"G20_G30_G12.2_F01_F03","2000_2005","2021_2024",20,"Homeownership_tertile_1_EQI_Land+SM+PA+OB","0.00","0.07(-3.44,3.63)","1.46(-2.29,5.09)","2.03(-1.90,5.95)","1.86(-2.39,6.05)","0.9783","0.4347","0.3206","0.3764","0.9998","1.0024","1.0007","1.0002",4566,4417,4110,3908,3921,3974,4028,4072
"G20_G30_G12.2_F01_F03","2000_2005","2021_2024",20,"Homeownership_tertile_1_EQI_Built+SM+PA+OB","0.00","6.14(1.49,10.74)","8.85(4.55,13.07)","9.31(5.10,13.51)","9.27(5.15,13.37)","0.0081","0.0002","0.0002","0.0002","1.0013","1.0009","1.0004","1.0001",4720,4023,3597,3707,3811,3954,3823,3608
"G20_G30_G12.2_F01_F03","2000_2005","2021_2024",20,"Homeownership_tertile_1_EQI_Social+SM+PA+OB","0.00","1.16(-2.24,4.59)","0.68(-3.04,4.44)","2.63(-1.47,6.88)","4.35(-0.29,9.16)","0.5230","0.7209","0.2139","0.0673","1.0003","1.0015","1.0005","1.0018",4387,3846,3300,3130,3492,4003,3464,3524
"G20_G30_G12.2_F01_F03","2000_2005","2006_2010",5,"Homeownership_tertile_2_EQI+SM+PA+OB","0.00","3.43(0.16,6.80)","7.66(4.28,11.13)","9.10(5.42,12.83)","12.37(8.14,16.60)","0.0369","0.0006","0.0002","0.0002","1.0026","1.0009","1.0021","1.0010",4294,3221,2788,2546,3813,3693,3297,3362
"G20_G30_G12.2_F01_F03","2000_2005","2006_2010",5,"Homeownership_tertile_2_EQI_Air+SM+PA+OB","0.00","2.39(-0.87,5.66)","6.68(3.17,10.11)","11.27(7.65,14.87)","11.45(7.32,15.52)","0.1618","0.0002","0.0002","0.0002","1.0004","1.0000","1.0006","1.0001",3357,3023,2758,2763,3484,3343,3102,3353
"G20_G30_G12.2_F01_F03","2000_2005","2006_2010",5,"Homeownership_tertile_2_EQI_Water+SM+PA+OB","0.00","-0.54(-4.64,3.54)","1.58(-2.37,5.54)","1.47(-2.50,5.36)","1.79(-2.56,6.11)","0.8034","0.4505","0.4643","0.4105","1.0007","1.0007","1.0010","1.0018",2493,2666,2470,2462,3405,3532,2776,3044
"G20_G30_G12.2_F01_F03","2000_2005","2006_2010",5,"Homeownership_tertile_2_EQI_Land+SM+PA+OB","0.00","-0.28(-3.46,2.85)","0.57(-2.80,3.89)","1.12(-2.59,4.75)","-0.04(-3.97,3.87)","0.8638","0.7196","0.5438","0.9783","1.0019","1.0017","1.0005","1.0022",4041,3320,3216,3297,3356,3317,3375,3502
"G20_G30_G12.2_F01_F03","2000_2005","2006_2010",5,"Homeownership_tertile_2_EQI_Built+SM+PA+OB","0.00","3.46(0.27,6.55)","1.79(-1.39,4.87)","3.11(-0.12,6.34)","-1.15(-4.85,2.57)","0.0352","0.2743","0.0639","0.5597","1.0030","1.0018","1.0009","1.0012",4079,3404,3480,3472,4067,3665,4080,3418
"G20_G30_G12.2_F01_F03","2000_2005","2006_2010",5,"Homeownership_tertile_2_EQI_Social+SM+PA+OB","0.00","4.09(0.85,7.51)","3.53(0.01,7.02)","2.61(-1.21,6.46)","4.06(-0.45,8.67)","0.0131","0.0498","0.1864","0.0781","1.0002","1.0005","1.0018","1.0029",3580,2926,2558,2271,3566,3437,3008,3263
"G20_G30_G12.2_F01_F03","2000_2005","2011_2015",10,"Homeownership_tertile_2_EQI+SM+PA+OB","0.00","6.37(2.94,9.80)","6.69(3.32,10.11)","8.77(4.93,12.54)","13.15(8.84,17.57)","0.0002","0.0006","0.0002","0.0002","1.0005","1.0012","1.0018","1.0014",5005,3796,3356,3281,3841,4083,3983,3098
"G20_G30_G12.2_F01_F03","2000_2005","2011_2015",10,"Homeownership_tertile_2_EQI_Air+SM+PA+OB","0.00","3.63(0.04,7.17)","9.46(5.77,13.10)","9.45(5.46,13.41)","10.41(6.13,14.75)","0.0477","0.0002","0.0002","0.0002","1.0001","1.0003","1.0006","1.0015",3651,2847,2886,2511,3689,3616,3641,3272
"G20_G30_G12.2_F01_F03","2000_2005","2011_2015",10,"Homeownership_tertile_2_EQI_Water+SM+PA+OB","0.00","-1.14(-5.37,3.17)","-1.16(-5.41,2.98)","1.52(-2.69,5.64)","0.57(-3.81,5.08)","0.5855","0.5793","0.4793","0.7975","1.0013","1.0009","1.0004","1.0006",2569,2612,2635,2936,3341,3644,3634,3684
"G20_G30_G12.2_F01_F03","2000_2005","2011_2015",10,"Homeownership_tertile_2_EQI_Land+SM+PA+OB","0.00","2.09(-1.14,5.48)","2.29(-1.17,5.70)","2.27(-1.53,6.10)","0.89(-3.23,4.96)","0.2222","0.2081","0.2314","0.6563","1.0010","1.0004","0.9999","1.0001",4524,3469,3068,2879,3636,3251,3674,3225
"G20_G30_G12.2_F01_F03","2000_2005","2011_2015",10,"Homeownership_tertile_2_EQI_Built+SM+PA+OB","0.00","2.83(-0.37,6.08)","1.91(-1.26,5.08)","0.58(-2.96,4.05)","-2.81(-6.64,1.18)","0.0844","0.2472","0.7596","0.1693","1.0005","1.0005","1.0005","0.9996",3833,3069,3136,3495,4066,3747,2977,3748
"G20_G30_G12.2_F01_F03","2000_2005","2011_2015",10,"Homeownership_tertile_2_EQI_Social+SM+PA+OB","0.00","0.71(-2.72,4.05)","2.77(-1.00,6.36)","3.52(-0.38,7.47)","7.91(3.12,12.52)","0.6867","0.1389","0.0739","0.0019","1.0009","1.0003","1.0013","1.0009",4083,3088,2761,2707,3978,3790,3763,3456
"G20_G30_G12.2_F01_F03","2000_2005","2016_2020",15,"Homeownership_tertile_2_EQI+SM+PA+OB","0.00","6.22(2.90,9.53)","7.30(3.81,10.75)","9.00(5.11,12.68)","13.67(9.31,17.94)","0.0006","0.0002","0.0002","0.0002","1.0011","1.0006","1.0014","1.0004",3861,2878,2292,2120,3886,3590,2872,3370
"G20_G30_G12.2_F01_F03","2000_2005","2016_2020",15,"Homeownership_tertile_2_EQI_Air+SM+PA+OB","0.00","3.12(-0.28,6.54)","5.64(2.15,9.20)","8.60(4.95,12.28)","9.01(4.86,13.09)","0.0706","0.0006","0.0002","0.0002","1.0008","1.0014","1.0017","1.0021",4062,3439,2917,2480,4016,3617,3450,3431
"G20_G30_G12.2_F01_F03","2000_2005","2016_2020",15,"Homeownership_tertile_2_EQI_Water+SM+PA+OB","0.00","0.75(-3.42,4.93)","0.16(-4.05,4.24)","0.60(-3.63,4.79)","0.92(-3.52,5.27)","0.7280","0.9204","0.7780","0.6734","1.0019","1.0005","1.0002","1.0016",2949,2542,2600,2544,3409,3155,3610,3407
"G20_G30_G12.2_F01_F03","2000_2005","2016_2020",15,"Homeownership_tertile_2_EQI_Land+SM+PA+OB","0.00","2.89(-0.37,6.15)","1.98(-1.53,5.50)","2.71(-1.29,6.50)","0.68(-3.28,4.63)","0.0839","0.2697","0.1693","0.7530","1.0016","1.0001","1.0007","1.0003",4477,3900,3097,3092,3674,3979,3568,3788
"G20_G30_G12.2_F01_F03","2000_2005","2016_2020",15,"Homeownership_tertile_2_EQI_Built+SM+PA+OB","0.00","3.27(-0.01,6.43)","2.79(-0.44,6.05)","2.56(-0.98,6.00)","1.61(-2.41,5.57)","0.0506","0.0944","0.1527","0.4235","1.0003","1.0010","1.0009","1.0008",4543,3822,3555,3824,4003,3849,3571,3975
"G20_G30_G12.2_F01_F03","2000_2005","2016_2020",15,"Homeownership_tertile_2_EQI_Social+SM+PA+OB","0.00","0.79(-2.52,4.03)","2.30(-1.35,5.84)","2.44(-1.46,6.38)","7.93(3.19,12.61)","0.6363","0.2147","0.2164","0.0010","1.0030","1.0008","0.9997","1.0002",4653,3394,2918,2605,3880,3749,3264,3129
"G20_G30_G12.2_F01_F03","2000_2005","2021_2024",20,"Homeownership_tertile_2_EQI+SM+PA+OB","0.00","3.78(0.27,7.46)","3.52(-0.17,7.29)","5.66(1.66,9.66)","6.17(1.37,10.72)","0.0381","0.0673","0.0048","0.0106","1.0000","1.0003","1.0004","1.0006",4526,3464,3000,2949,3789,3577,3567,3414
"G20_G30_G12.2_F01_F03","2000_2005","2021_2024",20,"Homeownership_tertile_2_EQI_Air+SM+PA+OB","0.00","5.42(1.61,9.27)","5.54(1.66,9.41)","7.13(3.01,11.18)","2.87(-1.70,7.30)","0.0056","0.0065","0.0006","0.2010","1.0015","1.0004","1.0014","1.0014",3700,3313,2854,2562,3851,3606,3031,3173
"G20_G30_G12.2_F01_F03","2000_2005","2021_2024",20,"Homeownership_tertile_2_EQI_Water+SM+PA+OB","0.00","-0.79(-5.32,3.73)","-2.44(-6.85,2.00)","0.63(-3.81,5.10)","0.02(-4.67,4.84)","0.7292","0.2897","0.7967","0.9913","1.0023","1.0037","1.0024","1.0014",2924,2503,2787,2908,3551,3401,3780,3628
"G20_G30_G12.2_F01_F03","2000_2005","2021_2024",20,"Homeownership_tertile_2_EQI_Land+SM+PA+OB","0.00","2.84(-0.86,6.55)","2.60(-1.39,6.40)","3.57(-0.74,7.79)","1.11(-3.46,5.52)","0.1318","0.1968","0.0931","0.6238","1.0032","1.0007","1.0011","1.0024",4129,3523,2869,2977,4036,3307,3646,3461
"G20_G30_G12.2_F01_F03","2000_2005","2021_2024",20,"Homeownership_tertile_2_EQI_Built+SM+PA+OB","0.00","2.61(-0.87,6.07)","2.75(-0.82,6.40)","1.82(-1.88,5.68)","-0.57(-4.96,3.68)","0.1402","0.1256","0.3426","0.7984","1.0001","0.9999","1.0007","1.0006",3942,3452,3334,3454,3944,3515,3682,3823
"G20_G30_G12.2_F01_F03","2000_2005","2021_2024",20,"Homeownership_tertile_2_EQI_Social+SM+PA+OB","0.00","2.95(-0.68,6.48)","2.89(-1.03,6.71)","2.47(-1.82,6.46)","4.93(-0.02,9.80)","0.1135","0.1385","0.2627","0.0510","1.0025","1.0014","1.0001","1.0006",4358,3235,2856,2658,3490,3498,3592,3387
"G20_G30_G12.2_F01_F03","2000_2005","2006_2010",5,"Homeownership_tertile_3_EQI+SM+PA+OB","0.00","2.89(-0.20,6.08)","3.52(0.07,6.93)","8.09(4.57,11.67)","10.00(5.78,14.25)","0.0677","0.0452","0.0002","0.0002","1.0000","1.0001","0.9999","1.0007",4579,3526,3043,2994,4040,3291,3686,3441
"G20_G30_G12.2_F01_F03","2000_2005","2006_2010",5,"Homeownership_tertile_3_EQI_Air+SM+PA+OB","0.00","1.69(-1.46,4.89)","3.96(0.67,7.37)","7.48(3.77,11.06)","5.43(1.27,9.52)","0.2976","0.0227","0.0002","0.0077","1.0015","1.0012","1.0025","1.0011",3892,3418,3180,3627,3833,3439,3650,3752
"G20_G30_G12.2_F01_F03","2000_2005","2006_2010",5,"Homeownership_tertile_3_EQI_Water+SM+PA+OB","0.00","4.10(0.50,7.57)","-0.82(-4.41,2.82)","3.45(-0.26,7.29)","3.08(-0.94,7.03)","0.0269","0.6484","0.0731","0.1310","1.0000","1.0006","1.0006","1.0012",3468,3455,3552,3534,3965,3436,4054,3560
"G20_G30_G12.2_F01_F03","2000_2005","2006_2010",5,"Homeownership_tertile_3_EQI_Land+SM+PA+OB","0.00","-0.44(-3.70,2.71)","-2.70(-6.16,0.85)","-2.63(-6.31,1.09)","-3.10(-7.11,0.89)","0.7855","0.1323","0.1685","0.1293","1.0017","1.0007","1.0011","0.9999",4030,3488,3132,3446,3659,3664,3324,3663
"G20_G30_G12.2_F01_F03","2000_2005","2006_2010",5,"Homeownership_tertile_3_EQI_Built+SM+PA+OB","0.00","0.85(-2.02,3.76)","1.64(-1.44,4.73)","0.01(-3.25,3.32)","-4.30(-8.67,0.01)","0.5501","0.3022","0.9963","0.0514","1.0003","1.0001","1.0010","1.0008",5518,4648,4396,4766,3899,4011,3925,3678
"G20_G30_G12.2_F01_F03","2000_2005","2006_2010",5,"Homeownership_tertile_3_EQI_Social+SM+PA+OB","0.00","3.61(0.26,6.90)","3.26(-0.48,7.00)","3.42(-0.48,7.23)","10.65(6.02,15.21)","0.0398","0.0902","0.0910","0.0002","1.0010","1.0007","1.0012","1.0024",3997,3197,2900,2702,3406,3496,3328,2982
"G20_G30_G12.2_F01_F03","2000_2005","2011_2015",10,"Homeownership_tertile_3_EQI+SM+PA+OB","0.00","0.06(-3.19,3.35)","4.05(0.56,7.48)","9.77(6.12,13.48)","15.52(11.10,19.96)","0.9613","0.0215","0.0002","0.0002","1.0016","1.0005","1.0022","1.0003",4526,3619,3278,3035,3949,3924,4009,3392
"G20_G30_G12.2_F01_F03","2000_2005","2011_2015",10,"Homeownership_tertile_3_EQI_Air+SM+PA+OB","0.00","2.34(-1.01,5.60)","6.56(2.98,10.00)","11.52(7.67,15.45)","10.90(6.43,15.52)","0.1677","0.0010","0.0002","0.0002","1.0003","1.0008","1.0013","1.0007",3841,3182,3080,3517,4067,3686,3636,3751
"G20_G30_G12.2_F01_F03","2000_2005","2011_2015",10,"Homeownership_tertile_3_EQI_Water+SM+PA+OB","0.00","1.99(-1.81,5.81)","0.35(-3.44,4.15)","3.02(-0.84,6.77)","4.80(0.46,9.10)","0.2851","0.8579","0.1256","0.0340","1.0015","1.0007","1.0006","1.0007",3400,3351,3061,3105,3488,3551,3592,3637
"G20_G30_G12.2_F01_F03","2000_2005","2011_2015",10,"Homeownership_tertile_3_EQI_Land+SM+PA+OB","0.00","-2.41(-5.73,0.75)","-0.91(-4.36,2.50)","-1.83(-5.87,2.16)","-1.22(-5.47,2.94)","0.1460","0.6288","0.3547","0.5659","1.0005","1.0000","1.0000","1.0002",3719,3015,2850,2880,3643,3855,3471,3776
"G20_G30_G12.2_F01_F03","2000_2005","2011_2015",10,"Homeownership_tertile_3_EQI_Built+SM+PA+OB","0.00","2.27(-0.52,5.01)","1.32(-1.78,4.44)","1.30(-2.12,4.75)","-2.76(-6.98,1.43)","0.1110","0.4026","0.4593","0.1902","1.0002","1.0006","1.0013","1.0024",4849,4125,4656,4455,3411,3944,3917,3738
"G20_G30_G12.2_F01_F03","2000_2005","2011_2015",10,"Homeownership_tertile_3_EQI_Social+SM+PA+OB","0.00","-0.86(-4.28,2.70)","0.58(-3.11,4.30)","2.82(-1.06,6.84)","7.46(2.89,12.20)","0.6238","0.7709","0.1585","0.0015","1.0007","1.0030","1.0025","1.0043",3690,2943,2447,2164,3736,3782,3437,2978
"G20_G30_G12.2_F01_F03","2000_2005","2016_2020",15,"Homeownership_tertile_3_EQI+SM+PA+OB","0.00","-0.15(-3.28,2.95)","0.94(-2.47,4.18)","8.31(4.59,11.98)","12.21(7.57,16.82)","0.9175","0.5651","0.0002","0.0002","1.0004","1.0008","1.0003","1.0000",5179,3978,3537,3167,4045,3948,3920,3501
"G20_G30_G12.2_F01_F03","2000_2005","2016_2020",15,"Homeownership_tertile_3_EQI_Air+SM+PA+OB","0.00","3.09(-0.08,6.35)","5.85(2.47,9.36)","9.36(5.39,13.26)","8.89(4.41,13.29)","0.0539","0.0006","0.0002","0.0002","1.0012","1.0009","1.0017","1.0015",3841,3150,2968,3118,3437,3645,3761,3678
"G20_G30_G12.2_F01_F03","2000_2005","2016_2020",15,"Homeownership_tertile_3_EQI_Water+SM+PA+OB","0.00","2.22(-1.68,6.02)","-1.67(-5.62,2.30)","2.45(-1.49,6.42)","2.96(-1.28,7.30)","0.2727","0.4205","0.2277","0.1960","1.0014","1.0019","1.0006","1.0019",3007,2936,2960,2818,3468,3599,3813,3429
"G20_G30_G12.2_F01_F03","2000_2005","2016_2020",15,"Homeownership_tertile_3_EQI_Land+SM+PA+OB","0.00","-0.05(-3.35,3.04)","1.22(-2.20,4.71)","2.58(-1.30,6.43)","1.24(-2.93,5.39)","0.9875","0.4889","0.1898","0.5622","1.0009","1.0023","1.0012","1.0010",4399,3219,2961,2996,3931,3120,3578,3562
"G20_G30_G12.2_F01_F03","2000_2005","2016_2020",15,"Homeownership_tertile_3_EQI_Built+SM+PA+OB","0.00","2.87(-0.00,5.72)","2.15(-0.92,5.24)","0.58(-2.94,3.96)","-1.03(-5.16,3.18)","0.0506","0.1777","0.7309","0.6247","1.0002","1.0010","1.0000","1.0009",5053,4370,4264,4501,3342,3755,3943,3733
"G20_G30_G12.2_F01_F03","2000_2005","2016_2020",15,"Homeownership_tertile_3_EQI_Social+SM+PA+OB","0.00","0.43(-2.98,3.84)","0.41(-3.16,4.00)","2.28(-1.61,6.22)","6.32(1.91,10.96)","0.8159","0.8184","0.2464","0.0081","1.0005","1.0023","1.0004","1.0006",4231,3233,2918,2567,3888,3568,3307,3245
"G20_G30_G12.2_F01_F03","2000_2005","2021_2024",20,"Homeownership_tertile_3_EQI+SM+PA+OB","0.00","0.96(-2.68,4.76)","1.61(-2.06,5.43)","5.45(1.39,9.49)","8.94(4.01,13.78)","0.5997","0.3935","0.0073","0.0010","1.0009","0.9999","1.0004","0.9996",5027,4045,3869,3758,3652,3869,3966,3806
"G20_G30_G12.2_F01_F03","2000_2005","2021_2024",20,"Homeownership_tertile_3_EQI_Air+SM+PA+OB","0.00","3.55(-0.10,7.10)","3.66(-0.03,7.28)","4.55(0.40,8.58)","4.02(-0.79,8.87)","0.0552","0.0535","0.0310","0.1064","1.0013","1.0017","1.0008","1.0004",4394,3254,3208,3524,3852,3539,3756,4042
"G20_G30_G12.2_F01_F03","2000_2005","2021_2024",20,"Homeownership_tertile_3_EQI_Water+SM+PA+OB","0.00","1.12(-3.14,5.20)","-1.56(-5.96,2.59)","3.10(-1.24,7.45)","2.45(-2.33,7.19)","0.5851","0.4855","0.1714","0.3160","1.0005","1.0005","1.0007","1.0015",3764,3538,3638,3874,3842,3686,3526,3776
"G20_G30_G12.2_F01_F03","2000_2005","2021_2024",20,"Homeownership_tertile_3_EQI_Land+SM+PA+OB","0.00","1.69(-1.89,5.20)","3.48(-0.37,7.26)","3.08(-1.17,7.37)","3.38(-1.16,7.86)","0.3376","0.0714","0.1589","0.1360","1.0003","1.0008","1.0020","1.0005",4622,4221,3647,3848,3858,4102,3920,3601
"G20_G30_G12.2_F01_F03","2000_2005","2021_2024",20,"Homeownership_tertile_3_EQI_Built+SM+PA+OB","0.00","5.06(1.93,8.19)","2.93(-0.66,6.49)","2.02(-1.83,5.80)","-1.97(-6.71,2.70)","0.0019","0.1089","0.2985","0.4218","1.0005","1.0015","1.0008","1.0014",5343,4520,4798,4683,3546,3564,3934,3747
"G20_G30_G12.2_F01_F03","2000_2005","2021_2024",20,"Homeownership_tertile_3_EQI_Social+SM+PA+OB","0.00","-1.14(-4.86,2.48)","-1.25(-5.12,2.73)","0.31(-3.68,4.46)","4.08(-0.69,9.00)","0.5680","0.5413","0.8979","0.0973","1.0017","0.9996","1.0002","0.9996",4512,3985,3483,3250,3974,4046,3748,3347
