ICD_Code,EQI_Period,AAMR_Period,Lag,Model,Q1,Q2,Q3,Q4,Q5,Q2_p,Q3_p,Q4_p,Q5_p,Q2_rhat,Q3_rhat,Q4_rhat,Q5_rhat,Q2_ess_bulk,Q3_ess_bulk,Q4_ess_bulk,Q5_ess_bulk,Q2_ess_tail,Q3_ess_tail,Q4_ess_tail,Q5_ess_tail
X60_X84_Y87.0,2000_2005,2006_2010,5,Census_Region_1_EQI+SM+PA+OB,0.00,"0.46(-2.22,3.19)","0.41(-1.97,3.13)","-0.59(-2.88,2.04)","-1.26(-3.62,1.40)",0.7526,0.7961,0.6336,0.3217,1.0015,1.0016,1.0011,1.0015,1687,1466,1521,1498,2049,2046,1913,2004
"X60_X84_Y87.0","2000_2005","2006_2010",5,"Census_Region_1_EQI_Air+SM+PA+OB","0.00","-0.71(-5.65,4.05)","-2.26(-7.15,2.44)","-3.08(-7.88,1.58)","-4.90(-9.59,-0.34)","0.7861","0.3382","0.1862","0.0392","1.0015","1.0017","1.0016","1.0019",2286,2209,2221,2183,2193,2229,2193,2274
"X60_X84_Y87.0","2000_2005","2006_2010",5,"Census_Region_1_EQI_Water+SM+PA+OB","0.00","0.86(-0.20,1.89)","0.65(-0.55,1.89)","0.67(-0.26,1.59)","0.84(-0.18,1.85)","0.1152","0.3062","0.1642","0.1047","0.9997","1.0009","0.9997","1.0004",4283,3552,3470,3571,2843,3014,3276,2871
"X60_X84_Y87.0","2000_2005","2006_2010",5,"Census_Region_1_EQI_Land+SM+PA+OB","0.00","0.56(-1.22,2.26)","0.19(-1.55,1.87)","0.62(-1.13,2.32)","0.32(-1.50,2.07)","0.5221","0.8230","0.4811","0.7111","1.0035","1.0048","1.0044","1.0037",2566,2378,2363,2495,2534,2326,2230,2322
"X60_X84_Y87.0","2000_2005","2006_2010",5,"Census_Region_1_EQI_Built+SM+PA+OB","0.00","2.28(-0.22,5.06)","1.97(-0.25,4.62)","2.08(-0.28,4.84)","2.20(-0.10,4.90)","0.0777","0.0947","0.0837","0.0677","1.0021","1.0003","1.0006","1.0008",2530,2386,2437,2357,2411,2188,2373,2071
"X60_X84_Y87.0","2000_2005","2006_2010",5,"Census_Region_1_EQI_Social+SM+PA+OB","0.00","1.05(-0.48,2.50)","1.18(-0.07,2.37)","1.39(0.11,2.65)","1.11(-0.14,2.37)","0.1802","0.0617","0.0337","0.0877","1.0000","1.0000","1.0004","1.0028",2868,2759,2565,2610,2905,2964,2643,2839
"X60_X84_Y87.0","2000_2005","2011_2015",10,"Census_Region_1_EQI+SM+PA+OB","0.00","-2.54(-5.73,0.92)","-0.07(-3.01,3.28)","-0.97(-3.79,2.25)","-1.56(-4.49,1.67)","0.1352","0.9360","0.4856","0.3107","1.0010","1.0009","1.0009","1.0013",1703,1524,1464,1472,2127,1943,1972,2056
"X60_X84_Y87.0","2000_2005","2011_2015",10,"Census_Region_1_EQI_Air+SM+PA+OB","0.00","-0.33(-4.18,3.74)","-0.30(-3.88,3.63)","-1.23(-5.01,2.80)","-3.15(-6.99,0.84)","0.8545","0.8445","0.5551","0.1177","1.0013","1.0005","1.0002","1.0013",2056,2218,2044,2016,2497,2564,2507,2593
"X60_X84_Y87.0","2000_2005","2011_2015",10,"Census_Region_1_EQI_Water+SM+PA+OB","0.00","0.35(-1.01,1.74)","0.14(-1.29,1.61)","1.01(-0.18,2.21)","1.02(-0.28,2.37)","0.6166","0.8555","0.0962","0.1377","1.0004","1.0003","1.0005","0.9999",4183,3727,3538,3557,2966,3391,3051,2861
"X60_X84_Y87.0","2000_2005","2011_2015",10,"Census_Region_1_EQI_Land+SM+PA+OB","0.00","-0.64(-3.06,1.69)","-0.53(-2.77,1.64)","-0.17(-2.50,1.99)","-0.45(-2.82,1.77)","0.6051","0.6566","0.8900","0.6976","1.0019","1.0021","1.0022","1.0021",2470,2345,2359,2356,2954,2749,2656,2803
"X60_X84_Y87.0","2000_2005","2011_2015",10,"Census_Region_1_EQI_Built+SM+PA+OB","0.00","-1.11(-3.74,1.62)","-1.48(-3.80,1.05)","-0.32(-2.62,2.15)","-0.65(-3.03,1.83)","0.4051","0.2242","0.7761","0.5941","1.0009","1.0022","1.0010","1.0013",2695,2401,2399,2386,2784,2601,2528,2490
"X60_X84_Y87.0","2000_2005","2011_2015",10,"Census_Region_1_EQI_Social+SM+PA+OB","0.00","-0.04(-1.97,1.85)","1.78(0.06,3.52)","2.30(0.62,4.08)","1.96(0.24,3.76)","0.9660","0.0477","0.0067","0.0262","1.0009","1.0008","1.0032","1.0031",2560,2695,2553,2616,3220,2689,2658,2612
"X60_X84_Y87.0","2000_2005","2016_2020",15,"Census_Region_1_EQI+SM+PA+OB","0.00","-1.18(-4.83,2.72)","-0.14(-3.24,3.32)","-0.99(-3.98,2.56)","-1.87(-4.96,1.65)","0.5346","0.8995","0.5346","0.2632","1.0012","1.0032","1.0016","1.0019",1797,1468,1458,1425,2126,1801,1570,1607
"X60_X84_Y87.0","2000_2005","2016_2020",15,"Census_Region_1_EQI_Air+SM+PA+OB","0.00","-0.59(-5.45,4.44)","-1.23(-5.89,3.65)","-2.82(-7.34,1.94)","-4.68(-9.20,-0.10)","0.8170","0.6296","0.2417","0.0467","1.0009","1.0002","1.0003","1.0002",2192,2125,2109,2119,2376,2116,2587,2243
"X60_X84_Y87.0","2000_2005","2016_2020",15,"Census_Region_1_EQI_Water+SM+PA+OB","0.00","0.58(-1.11,2.37)","-0.36(-2.31,1.59)","0.97(-0.48,2.51)","1.55(-0.02,3.07)","0.5186","0.7201","0.1987","0.0517","0.9999","1.0002","1.0005","1.0012",4150,3732,2608,2827,3130,3057,2872,2970
"X60_X84_Y87.0","2000_2005","2016_2020",15,"Census_Region_1_EQI_Land+SM+PA+OB","0.00","-1.14(-3.92,1.64)","-0.75(-3.33,1.83)","-0.35(-2.95,2.29)","-0.87(-3.54,1.81)","0.4216","0.5741","0.7931","0.5171","1.0003","0.9999","1.0001","0.9999",2311,2168,2135,2154,2442,2436,2417,2275
"X60_X84_Y87.0","2000_2005","2016_2020",15,"Census_Region_1_EQI_Built+SM+PA+OB","0.00","0.86(-1.90,3.73)","1.19(-1.17,3.50)","1.85(-0.49,4.14)","1.53(-0.80,3.84)","0.5356","0.3352","0.1172","0.2002","1.0023","1.0013","1.0009","1.0011",3149,2592,2496,2485,3199,2675,2656,2359
"X60_X84_Y87.0","2000_2005","2016_2020",15,"Census_Region_1_EQI_Social+SM+PA+OB","0.00","0.91(-1.41,3.31)","2.74(0.66,4.81)","2.65(0.52,4.74)","2.08(-0.16,4.30)","0.4496","0.0072","0.0152","0.0667","1.0010","1.0015","1.0010","1.0025",2762,2641,2559,2494,1936,2515,2553,2441
"X60_X84_Y87.0","2000_2005","2021_2024",20,"Census_Region_1_EQI+SM+PA+OB","0.00","-3.69(-7.55,0.50)","-1.78(-5.15,2.26)","-1.98(-5.29,1.89)","-3.66(-7.07,0.25)","0.0837","0.3352","0.2817","0.0667","1.0010","1.0018","1.0017","1.0016",2227,1925,1966,1963,2397,2326,2091,1939
"X60_X84_Y87.0","2000_2005","2021_2024",20,"Census_Region_1_EQI_Air+SM+PA+OB","0.00","-0.61(-5.31,3.82)","-1.05(-5.89,3.42)","-3.03(-7.71,1.51)","-5.00(-9.57,-0.51)","0.7841","0.6541","0.1877","0.0337","1.0002","1.0018","1.0017","1.0009",2646,2333,2477,2382,2792,2402,2470,2363
"X60_X84_Y87.0","2000_2005","2021_2024",20,"Census_Region_1_EQI_Water+SM+PA+OB","0.00","0.29(-1.53,2.08)","1.54(-0.53,3.54)","1.81(0.17,3.48)","2.27(0.39,4.17)","0.7516","0.1472","0.0282","0.0187","1.0024","0.9998","1.0016","0.9999",3923,3396,3672,3798,3084,3141,2932,3395
"X60_X84_Y87.0","2000_2005","2021_2024",20,"Census_Region_1_EQI_Land+SM+PA+OB","0.00","-0.74(-3.79,2.18)","-1.45(-4.23,1.24)","-0.90(-3.68,1.75)","-1.36(-4.18,1.36)","0.6261","0.2957","0.5226","0.3267","1.0027","1.0024","1.0030","1.0026",2390,2211,2236,2387,2597,2522,2592,2390
"X60_X84_Y87.0","2000_2005","2021_2024",20,"Census_Region_1_EQI_Built+SM+PA+OB","0.00","2.20(-1.06,5.57)","0.48(-2.45,3.48)","2.15(-0.74,5.20)","1.72(-1.18,4.76)","0.2142","0.7571","0.1612","0.2552","1.0011","1.0005","1.0010","1.0005",2560,2208,2112,2119,2812,2405,2429,2382
"X60_X84_Y87.0","2000_2005","2021_2024",20,"Census_Region_1_EQI_Social+SM+PA+OB","0.00","1.47(-1.09,4.03)","2.09(-0.24,4.41)","2.08(-0.19,4.33)","1.72(-0.61,4.10)","0.2552","0.0807","0.0747","0.1592","1.0002","1.0003","1.0004","1.0004",2796,2567,2395,2435,3016,2696,2446,2211
"X60_X84_Y87.0","2000_2005","2006_2010",5,"Census_Region_2_EQI+SM+PA+OB","0.00","1.35(0.36,2.36)","4.47(3.39,5.54)","6.11(5.04,7.18)","6.24(5.05,7.38)","0.0052","0.0002","0.0002","0.0002","1.0008","1.0012","1.0015","1.0034",2289,1781,1579,1496,2520,2733,2172,2288
"X60_X84_Y87.0","2000_2005","2006_2010",5,"Census_Region_2_EQI_Air+SM+PA+OB","0.00","4.05(3.12,4.98)","5.46(4.44,6.47)","6.15(5.05,7.24)","5.48(4.28,6.65)","0.0002","0.0002","0.0002","0.0002","1.0021","1.0011","1.0014","1.0017",2855,2742,2308,2403,3190,2894,2555,2909
"X60_X84_Y87.0","2000_2005","2006_2010",5,"Census_Region_2_EQI_Water+SM+PA+OB","0.00","0.08(-0.95,1.13)","0.50(-0.67,1.65)","0.30(-0.79,1.37)","0.40(-0.89,1.76)","0.8850","0.3932","0.5666","0.5536","1.0003","1.0010","1.0006","1.0011",2551,2220,2636,2453,3057,2797,3118,2880
"X60_X84_Y87.0","2000_2005","2006_2010",5,"Census_Region_2_EQI_Land+SM+PA+OB","0.00","-0.22(-1.69,1.27)","-0.08(-1.47,1.33)","0.38(-1.01,1.84)","-0.28(-1.71,1.21)","0.7561","0.8940","0.5916","0.7006","1.0013","1.0014","1.0024","1.0009",2569,2443,2397,2311,2634,2567,2701,2540
"X60_X84_Y87.0","2000_2005","2006_2010",5,"Census_Region_2_EQI_Built+SM+PA+OB","0.00","0.36(-0.49,1.22)","0.97(0.10,1.86)","1.20(0.31,2.14)","2.11(1.13,3.13)","0.4121","0.0297","0.0082","0.0002","1.0002","1.0008","1.0005","1.0001",2983,2902,2649,2575,2870,3228,2820,2938
"X60_X84_Y87.0","2000_2005","2006_2010",5,"Census_Region_2_EQI_Social+SM+PA+OB","0.00","-2.44(-3.90,-1.02)","-2.52(-3.90,-1.17)","-2.08(-3.56,-0.64)","-1.87(-3.53,-0.26)","0.0017","0.0007","0.0057","0.0242","1.0014","1.0014","1.0015","1.0018",2376,2157,2065,2069,3054,2582,2428,2565
"X60_X84_Y87.0","2000_2005","2011_2015",10,"Census_Region_2_EQI+SM+PA+OB","0.00","2.24(1.09,3.40)","4.17(3.03,5.26)","6.18(4.99,7.35)","6.50(5.19,7.74)","0.0002","0.0002","0.0002","0.0002","1.0022","1.0022","1.0026","1.0021",2178,1822,1643,1615,2556,2661,2370,2247
"X60_X84_Y87.0","2000_2005","2011_2015",10,"Census_Region_2_EQI_Air+SM+PA+OB","0.00","4.59(3.58,5.57)","6.31(5.24,7.38)","6.97(5.84,8.13)","6.23(5.01,7.47)","0.0002","0.0002","0.0002","0.0002","1.0002","1.0025","1.0014","1.0010",2508,2111,1993,1732,2752,2811,2682,2535
"X60_X84_Y87.0","2000_2005","2011_2015",10,"Census_Region_2_EQI_Water+SM+PA+OB","0.00","0.63(-0.57,1.83)","1.29(-0.11,2.64)","1.75(0.49,2.97)","1.35(-0.13,2.85)","0.2922","0.0702","0.0092","0.0737","1.0023","1.0023","1.0029","1.0015",1890,1673,1703,1619,2612,2390,2389,2186
"X60_X84_Y87.0","2000_2005","2011_2015",10,"Census_Region_2_EQI_Land+SM+PA+OB","0.00","0.86(-0.66,2.33)","1.05(-0.36,2.48)","0.07(-1.42,1.51)","0.62(-0.91,2.10)","0.2647","0.1422","0.9265","0.4176","1.0004","1.0008","1.0010","1.0017",2581,2111,2163,2225,2742,2341,2667,2450
"X60_X84_Y87.0","2000_2005","2011_2015",10,"Census_Region_2_EQI_Built+SM+PA+OB","0.00","0.03(-0.92,0.98)","0.82(-0.16,1.78)","1.12(0.13,2.11)","1.89(0.84,2.93)","0.9530","0.0992","0.0327","0.0017","1.0007","1.0001","1.0004","1.0005",3133,2889,2424,2536,2840,2923,2461,2464
"X60_X84_Y87.0","2000_2005","2011_2015",10,"Census_Region_2_EQI_Social+SM+PA+OB","0.00","-0.30(-1.71,1.12)","-0.79(-2.14,0.60)","-0.96(-2.38,0.50)","-0.94(-2.57,0.72)","0.6821","0.2772","0.1882","0.2632","1.0001","1.0008","1.0000","1.0010",2525,2254,2164,2111,2798,2515,2535,2439
"X60_X84_Y87.0","2000_2005","2016_2020",15,"Census_Region_2_EQI+SM+PA+OB","0.00","3.46(2.08,4.82)","5.96(4.60,7.33)","7.61(6.19,8.98)","8.64(7.12,10.15)","0.0002","0.0002","0.0002","0.0002","1.0005","1.0009","1.0017","1.0036",2179,1854,1628,1686,3014,2474,2651,2467
"X60_X84_Y87.0","2000_2005","2016_2020",15,"Census_Region_2_EQI_Air+SM+PA+OB","0.00","3.38(2.18,4.58)","5.31(3.95,6.66)","6.30(4.82,7.81)","5.42(3.75,7.09)","0.0002","0.0002","0.0002","0.0002","1.0007","1.0010","1.0014","1.0017",2681,2394,2167,2087,3062,2668,2523,2582
"X60_X84_Y87.0","2000_2005","2016_2020",15,"Census_Region_2_EQI_Water+SM+PA+OB","0.00","2.29(0.73,3.79)","2.41(0.75,4.08)","2.79(1.22,4.36)","2.27(0.41,4.10)","0.0087","0.0092","0.0007","0.0197","1.0025","1.0023","1.0004","0.9999",2264,2035,2187,2192,2791,2188,2441,2584
"X60_X84_Y87.0","2000_2005","2016_2020",15,"Census_Region_2_EQI_Land+SM+PA+OB","0.00","-0.10(-1.99,1.78)","-0.13(-1.94,1.61)","-0.48(-2.35,1.33)","-0.93(-2.82,0.93)","0.9245","0.8970","0.5941","0.3352","1.0019","1.0007","1.0009","1.0011",2506,2045,2041,2008,2793,2512,2505,2494
"X60_X84_Y87.0","2000_2005","2016_2020",15,"Census_Region_2_EQI_Built+SM+PA+OB","0.00","2.01(0.84,3.22)","2.75(1.57,3.91)","3.51(2.26,4.68)","4.63(3.29,5.88)","0.0007","0.0002","0.0002","0.0002","1.0003","1.0003","1.0012","1.0004",2870,2616,2633,2279,2776,3065,2754,3014
"X60_X84_Y87.0","2000_2005","2016_2020",15,"Census_Region_2_EQI_Social+SM+PA+OB","0.00","-1.95(-3.75,-0.06)","-1.94(-3.70,-0.12)","-1.27(-3.10,0.60)","-0.68(-2.72,1.44)","0.0422","0.0342","0.1797","0.5176","1.0003","1.0012","1.0002","1.0004",2245,1848,1855,1819,2445,2312,2257,2272
"X60_X84_Y87.0","2000_2005","2021_2024",20,"Census_Region_2_EQI+SM+PA+OB","0.00","1.24(-0.38,2.88)","5.37(3.70,7.03)","7.35(5.58,9.08)","7.92(6.04,9.81)","0.1307","0.0002","0.0002","0.0002","1.0026","1.0038","1.0082","1.0084",2061,1744,1296,1335,2525,2407,2042,1812
"X60_X84_Y87.0","2000_2005","2021_2024",20,"Census_Region_2_EQI_Air+SM+PA+OB","0.00","5.82(4.48,7.20)","7.50(5.97,9.01)","9.06(7.40,10.71)","7.82(5.99,9.64)","0.0002","0.0002","0.0002","0.0002","1.0006","1.0016","1.0013","1.0011",2691,2600,1921,1904,2822,2891,2539,2002
"X60_X84_Y87.0","2000_2005","2021_2024",20,"Census_Region_2_EQI_Water+SM+PA+OB","0.00","0.70(-0.94,2.31)","1.80(-0.11,3.54)","2.52(0.72,4.29)","2.80(0.69,4.78)","0.4046","0.0662","0.0077","0.0092","1.0006","1.0006","0.9999","1.0007",2347,2172,2216,2290,2961,1883,2649,2652
"X60_X84_Y87.0","2000_2005","2021_2024",20,"Census_Region_2_EQI_Land+SM+PA+OB","0.00","-1.50(-3.73,0.67)","-2.03(-4.08,0.02)","-3.12(-5.20,-0.99)","-3.05(-5.20,-0.89)","0.1802","0.0542","0.0037","0.0047","1.0018","1.0022","1.0008","1.0026",2419,2030,2040,2057,2780,2515,2277,2671
"X60_X84_Y87.0","2000_2005","2021_2024",20,"Census_Region_2_EQI_Built+SM+PA+OB","0.00","0.97(-0.38,2.37)","1.60(0.21,3.00)","2.54(1.06,3.94)","3.86(2.33,5.42)","0.1702","0.0197","0.0012","0.0002","1.0021","1.0012","1.0016","1.0039",2909,2307,2348,2404,3097,2508,3056,2805
"X60_X84_Y87.0","2000_2005","2021_2024",20,"Census_Region_2_EQI_Social+SM+PA+OB","0.00","-4.43(-6.51,-2.39)","-4.36(-6.43,-2.33)","-3.64(-5.75,-1.58)","-4.05(-6.36,-1.69)","0.0002","0.0002","0.0002","0.0002","1.0016","1.0027","1.0028","1.0028",2547,2207,2159,2082,2802,2691,2585,2584
"X60_X84_Y87.0","2000_2005","2006_2010",5,"Census_Region_3_EQI+SM+PA+OB","0.00","2.84(2.13,3.53)","3.68(2.90,4.48)","3.76(2.83,4.67)","3.85(2.66,4.97)","0.0002","0.0002","0.0002","0.0002","1.0027","1.0021","1.0046","1.0027",2360,2096,1762,1742,2908,2383,2320,2414
"X60_X84_Y87.0","2000_2005","2006_2010",5,"Census_Region_3_EQI_Air+SM+PA+OB","0.00","4.61(3.65,5.50)","6.21(5.21,7.14)","5.85(4.79,6.82)","4.93(3.79,6.00)","0.0002","0.0002","0.0002","0.0002","1.0003","1.0013","1.0010","1.0014",2174,1787,1525,1589,2723,2352,1929,2041
"X60_X84_Y87.0","2000_2005","2006_2010",5,"Census_Region_3_EQI_Water+SM+PA+OB","0.00","0.91(0.00,1.87)","1.50(0.54,2.47)","1.38(0.37,2.40)","1.74(0.55,2.96)","0.0502","0.0027","0.0092","0.0052","1.0026","1.0030","1.0026","1.0026",1963,1841,1826,1900,2955,2740,2823,2796
"X60_X84_Y87.0","2000_2005","2006_2010",5,"Census_Region_3_EQI_Land+SM+PA+OB","0.00","-0.08(-0.64,0.45)","-0.23(-0.88,0.42)","-1.40(-2.34,-0.45)","-0.87(-2.24,0.47)","0.7706","0.4761","0.0032","0.1932","1.0002","0.9999","1.0003","0.9998",3755,3853,4033,3893,3139,2761,3267,2992
"X60_X84_Y87.0","2000_2005","2006_2010",5,"Census_Region_3_EQI_Built+SM+PA+OB","0.00","0.99(0.31,1.68)","1.50(0.74,2.25)","1.74(0.95,2.54)","1.48(0.58,2.39)","0.0057","0.0002","0.0002","0.0017","1.0004","1.0009","1.0006","1.0012",2649,2181,2022,1836,2736,2832,2522,2476
"X60_X84_Y87.0","2000_2005","2006_2010",5,"Census_Region_3_EQI_Social+SM+PA+OB","0.00","-0.13(-0.82,0.54)","0.35(-0.47,1.18)","0.74(-0.20,1.74)","0.80(-0.38,1.96)","0.6871","0.4021","0.1322","0.1932","1.0010","1.0032","1.0030","1.0063",2706,2259,2078,1994,2645,2595,2476,2649
"X60_X84_Y87.0","2000_2005","2011_2015",10,"Census_Region_3_EQI+SM+PA+OB","0.00","3.02(2.23,3.80)","3.62(2.75,4.46)","3.35(2.36,4.31)","3.09(1.85,4.34)","0.0002","0.0002","0.0002","0.0002","1.0006","1.0009","1.0024","1.0020",2197,1883,1642,1563,2651,2726,2581,2068
"X60_X84_Y87.0","2000_2005","2011_2015",10,"Census_Region_3_EQI_Air+SM+PA+OB","0.00","5.14(4.09,6.19)","7.25(6.20,8.33)","6.46(5.35,7.55)","5.12(3.92,6.31)","0.0002","0.0002","0.0002","0.0002","0.9997","1.0010","1.0016","1.0011",2074,1716,1566,1589,2358,2211,2216,2128
"X60_X84_Y87.0","2000_2005","2011_2015",10,"Census_Region_3_EQI_Water+SM+PA+OB","0.00","0.61(-0.43,1.67)","1.58(0.52,2.69)","1.80(0.67,2.94)","2.63(1.35,3.92)","0.2597","0.0042","0.0017","0.0002","1.0006","1.0006","1.0010","1.0002",1828,1856,1765,1958,2361,2475,2457,2617
"X60_X84_Y87.0","2000_2005","2011_2015",10,"Census_Region_3_EQI_Land+SM+PA+OB","0.00","0.07(-0.53,0.65)","-0.38(-1.09,0.31)","-1.37(-2.37,-0.34)","-0.46(-1.89,0.96)","0.8060","0.2977","0.0067","0.5141","1.0001","1.0002","1.0000","1.0013",3365,3416,4156,3383,3309,2917,2915,3091
"X60_X84_Y87.0","2000_2005","2011_2015",10,"Census_Region_3_EQI_Built+SM+PA+OB","0.00","1.38(0.65,2.09)","1.01(0.20,1.84)","1.29(0.49,2.15)","0.39(-0.54,1.33)","0.0002","0.0112","0.0042","0.4051","1.0002","1.0004","1.0007","1.0007",2652,2237,2205,2047,2909,2657,2776,2565
"X60_X84_Y87.0","2000_2005","2011_2015",10,"Census_Region_3_EQI_Social+SM+PA+OB","0.00","0.33(-0.37,1.06)","0.93(0.04,1.82)","1.07(0.04,2.10)","1.30(0.07,2.50)","0.3777","0.0407","0.0437","0.0442","1.0016","1.0020","1.0015","1.0021",2273,1942,2034,1691,2778,2622,2644,2493
"X60_X84_Y87.0","2000_2005","2016_2020",15,"Census_Region_3_EQI+SM+PA+OB","0.00","3.61(2.76,4.46)","4.31(3.40,5.24)","4.30(3.24,5.37)","3.70(2.37,5.05)","0.0002","0.0002","0.0002","0.0002","1.0022","1.0029","1.0023","1.0022",1862,1648,1448,1523,2409,2237,2280,2040
"X60_X84_Y87.0","2000_2005","2016_2020",15,"Census_Region_3_EQI_Air+SM+PA+OB","0.00","4.69(3.47,5.91)","6.43(5.20,7.67)","5.91(4.64,7.18)","4.58(3.21,6.01)","0.0002","0.0002","0.0002","0.0002","1.0016","1.0027","1.0028","1.0025",1792,1382,1201,1213,2434,1830,1692,1690
"X60_X84_Y87.0","2000_2005","2016_2020",15,"Census_Region_3_EQI_Water+SM+PA+OB","0.00","2.27(1.13,3.43)","2.27(1.06,3.43)","3.09(1.81,4.37)","2.39(0.99,3.79)","0.0002","0.0002","0.0002","0.0007","1.0011","0.9996","1.0002","1.0009",1869,1851,1923,1959,2583,2600,2433,2582
"X60_X84_Y87.0","2000_2005","2016_2020",15,"Census_Region_3_EQI_Land+SM+PA+OB","0.00","-0.17(-0.84,0.49)","0.13(-0.63,0.94)","-1.69(-2.81,-0.54)","-1.36(-2.89,0.12)","0.6476","0.7646","0.0057","0.0752","1.0013","1.0019","1.0006","1.0000",2766,2997,3279,3314,2538,2860,2466,2991
"X60_X84_Y87.0","2000_2005","2016_2020",15,"Census_Region_3_EQI_Built+SM+PA+OB","0.00","1.95(1.11,2.74)","2.30(1.41,3.19)","2.30(1.37,3.21)","1.86(0.85,2.91)","0.0002","0.0002","0.0002","0.0012","1.0005","1.0015","1.0018","1.0007",2725,2331,2054,2004,2787,2868,2757,2758
"X60_X84_Y87.0","2000_2005","2016_2020",15,"Census_Region_3_EQI_Social+SM+PA+OB","0.00","0.62(-0.21,1.48)","1.61(0.56,2.65)","1.40(0.20,2.59)","1.34(-0.06,2.81)","0.1502","0.0022","0.0227","0.0597","1.0041","1.0047","1.0061","1.0054",1924,1626,1530,1455,2182,2075,2094,2321
"X60_X84_Y87.0","2000_2005","2021_2024",20,"Census_Region_3_EQI+SM+PA+OB","0.00","4.26(3.18,5.30)","5.12(3.93,6.30)","5.27(3.90,6.60)","4.66(2.92,6.46)","0.0002","0.0002","0.0002","0.0002","1.0003","1.0001","1.0005","1.0012",2118,1830,1594,1647,2718,2425,2385,2405
"X60_X84_Y87.0","2000_2005","2021_2024",20,"Census_Region_3_EQI_Air+SM+PA+OB","0.00","8.22(6.76,9.63)","8.71(7.29,10.10)","7.72(6.22,9.18)","6.79(5.14,8.36)","0.0002","0.0002","0.0002","0.0002","1.0013","1.0012","1.0006","1.0005",2320,2003,1731,1740,2806,2661,2645,2182
"X60_X84_Y87.0","2000_2005","2021_2024",20,"Census_Region_3_EQI_Water+SM+PA+OB","0.00","2.64(1.27,4.08)","3.35(1.86,4.87)","4.08(2.49,5.71)","3.71(1.93,5.52)","0.0002","0.0002","0.0002","0.0002","1.0010","1.0027","1.0014","1.0027",2143,1881,1929,1897,2642,2569,2251,2629
"X60_X84_Y87.0","2000_2005","2021_2024",20,"Census_Region_3_EQI_Land+SM+PA+OB","0.00","-0.62(-1.47,0.26)","-0.90(-1.90,0.14)","-2.47(-3.91,-1.03)","-2.08(-4.08,-0.09)","0.1627","0.0902","0.0017","0.0422","1.0012","1.0010","1.0001","1.0005",3484,3522,3914,3602,2956,3056,2919,2860
"X60_X84_Y87.0","2000_2005","2021_2024",20,"Census_Region_3_EQI_Built+SM+PA+OB","0.00","2.30(1.33,3.25)","2.99(1.87,4.11)","2.89(1.75,4.08)","2.63(1.34,3.90)","0.0002","0.0002","0.0002","0.0002","0.9999","1.0010","1.0008","1.0007",3194,2839,2519,2575,2990,3209,2969,2881
"X60_X84_Y87.0","2000_2005","2021_2024",20,"Census_Region_3_EQI_Social+SM+PA+OB","0.00","0.90(-0.14,1.94)","0.43(-0.78,1.67)","0.73(-0.76,2.16)","0.45(-1.30,2.17)","0.0862","0.4981","0.3277","0.6071","1.0004","1.0000","0.9998","1.0005",2417,1990,2101,1930,2748,2816,3091,2728
"X60_X84_Y87.0","2000_2005","2006_2010",5,"Census_Region_4_EQI+SM+PA+OB","0.00","4.02(1.51,6.44)","6.43(4.04,8.78)","7.85(5.28,10.42)","7.68(5.15,10.20)","0.0012","0.0002","0.0002","0.0002","1.0013","1.0044","1.0019","1.0014",2858,2450,2269,2051,2814,2939,2929,2642
"X60_X84_Y87.0","2000_2005","2006_2010",5,"Census_Region_4_EQI_Air+SM+PA+OB","0.00","3.57(1.64,5.58)","2.67(0.43,4.95)","0.85(-1.34,3.01)","0.01(-2.46,2.49)","0.0012","0.0242","0.4386","0.9925","1.0013","1.0005","1.0005","1.0020",3215,3467,3027,3176,3061,3167,2899,3260
"X60_X84_Y87.0","2000_2005","2006_2010",5,"Census_Region_4_EQI_Water+SM+PA+OB","0.00","-2.98(-6.69,0.67)","2.71(-0.78,6.29)","3.42(-0.05,7.04)","2.40(-0.70,5.57)","0.1072","0.1367","0.0517","0.1377","1.0012","1.0004","1.0019","1.0015",1802,1805,1742,1675,2111,2214,2028,2144
"X60_X84_Y87.0","2000_2005","2006_2010",5,"Census_Region_4_EQI_Land+SM+PA+OB","0.00","-1.56(-5.80,2.52)","1.46(-1.98,4.93)","0.55(-2.69,3.91)","1.34(-1.98,4.79)","0.4741","0.3987","0.7426","0.4346","1.0006","1.0019","1.0024","1.0014",2345,1694,1777,1781,2831,2259,2538,2131
"X60_X84_Y87.0","2000_2005","2006_2010",5,"Census_Region_4_EQI_Built+SM+PA+OB","0.00","1.87(-0.68,4.42)","2.53(0.07,5.08)","5.46(2.94,7.97)","5.04(2.50,7.56)","0.1557","0.0427","0.0002","0.0007","1.0003","1.0017","1.0004","1.0007",2532,2521,2039,1938,3127,2892,2499,2659
"X60_X84_Y87.0","2000_2005","2006_2010",5,"Census_Region_4_EQI_Social+SM+PA+OB","0.00","-0.26(-2.48,1.93)","-1.62(-3.89,0.67)","0.08(-2.46,2.75)","0.47(-2.40,3.51)","0.8110","0.1647","0.9535","0.7551","1.0000","1.0005","1.0002","1.0009",2837,2226,2328,2193,2858,2640,2921,2550
"X60_X84_Y87.0","2000_2005","2011_2015",10,"Census_Region_4_EQI+SM+PA+OB","0.00","4.19(1.82,6.50)","8.03(5.54,10.43)","9.37(6.78,12.08)","9.06(6.39,11.64)","0.0017","0.0002","0.0002","0.0002","1.0007","1.0005","1.0006","1.0013",2670,2298,2260,2089,2629,2594,2967,2699
"X60_X84_Y87.0","2000_2005","2011_2015",10,"Census_Region_4_EQI_Air+SM+PA+OB","0.00","4.46(2.49,6.41)","3.86(1.50,6.08)","1.12(-1.00,3.30)","0.86(-1.65,3.33)","0.0002","0.0022","0.3107","0.4911","1.0004","1.0007","1.0001","1.0001",4022,4160,3230,3232,3129,3385,2632,3262
"X60_X84_Y87.0","2000_2005","2011_2015",10,"Census_Region_4_EQI_Water+SM+PA+OB","0.00","-2.17(-6.08,1.70)","3.05(-1.03,6.82)","2.09(-1.92,5.92)","1.65(-2.22,5.32)","0.2757","0.1182","0.3007","0.3897","1.0004","1.0010","1.0007","1.0010",1825,1917,1832,1778,2091,2466,2174,1935
"X60_X84_Y87.0","2000_2005","2011_2015",10,"Census_Region_4_EQI_Land+SM+PA+OB","0.00","2.09(-2.95,6.73)","2.53(-1.66,6.56)","2.08(-1.91,6.11)","2.05(-2.06,5.99)","0.4046","0.2142","0.2932","0.2987","1.0030","1.0023","1.0019","1.0021",2247,1882,1863,1864,2933,2238,2372,2368
"X60_X84_Y87.0","2000_2005","2011_2015",10,"Census_Region_4_EQI_Built+SM+PA+OB","0.00","4.07(1.64,6.44)","5.47(3.04,7.83)","7.15(4.70,9.40)","7.92(5.47,10.23)","0.0022","0.0002","0.0002","0.0002","1.0014","1.0005","1.0008","1.0011",3283,3051,2884,2530,3045,3054,3319,2656
"X60_X84_Y87.0","2000_2005","2011_2015",10,"Census_Region_4_EQI_Social+SM+PA+OB","0.00","-1.26(-3.44,0.84)","-0.37(-2.55,1.79)","1.10(-1.37,3.51)","1.44(-1.33,4.31)","0.2437","0.7346","0.3872","0.3152","1.0011","1.0013","1.0007","1.0009",3436,2815,2656,2539,3295,3115,3170,2792
"X60_X84_Y87.0","2000_2005","2016_2020",15,"Census_Region_4_EQI+SM+PA+OB","0.00","4.74(2.08,7.35)","7.24(4.63,9.89)","9.36(6.51,12.17)","8.91(5.89,11.75)","0.0007","0.0002","0.0002","0.0002","0.9999","1.0002","1.0013","1.0002",2578,2364,2113,2026,2643,2610,2495,2407
"X60_X84_Y87.0","2000_2005","2016_2020",15,"Census_Region_4_EQI_Air+SM+PA+OB","0.00","3.61(1.36,5.75)","4.62(2.11,7.13)","1.96(-0.41,4.35)","0.89(-2.00,3.69)","0.0027","0.0002","0.1072","0.5406","1.0004","1.0005","1.0014","1.0007",4301,3825,3563,3031,3230,2912,3394,2825
"X60_X84_Y87.0","2000_2005","2016_2020",15,"Census_Region_4_EQI_Water+SM+PA+OB","0.00","-5.18(-9.33,-0.87)","0.39(-3.65,4.45)","1.64(-2.39,5.71)","0.94(-3.08,4.86)","0.0167","0.8495","0.4351","0.6256","1.0018","1.0026","1.0019","1.0023",1888,2063,2034,1915,2714,2577,2538,2267
"X60_X84_Y87.0","2000_2005","2016_2020",15,"Census_Region_4_EQI_Land+SM+PA+OB","0.00","2.04(-2.94,6.79)","2.56(-1.67,6.35)","0.61(-3.48,4.27)","0.05(-4.13,3.81)","0.4036","0.2197","0.7386","0.9500","1.0000","1.0000","0.9999","1.0006",2404,1918,1751,1823,2802,2411,2250,2195
"X60_X84_Y87.0","2000_2005","2016_2020",15,"Census_Region_4_EQI_Built+SM+PA+OB","0.00","3.27(0.49,5.95)","5.33(2.54,8.00)","7.34(4.63,9.91)","6.46(3.76,9.17)","0.0192","0.0002","0.0002","0.0002","1.0035","1.0029","1.0049","1.0033",2682,2581,2105,2037,2997,2661,2585,2402
"X60_X84_Y87.0","2000_2005","2016_2020",15,"Census_Region_4_EQI_Social+SM+PA+OB","0.00","-0.97(-3.25,1.37)","-0.64(-3.14,1.82)","0.88(-1.97,3.69)","-0.46(-3.59,2.73)","0.4041","0.6071","0.5576","0.7736","1.0000","1.0017","1.0023","0.9999",3054,2463,2524,2387,3182,2855,2815,3118
"X60_X84_Y87.0","2000_2005","2021_2024",20,"Census_Region_4_EQI+SM+PA+OB","0.00","5.71(2.66,8.82)","9.72(6.55,12.87)","11.00(7.49,14.38)","10.47(7.07,13.93)","0.0007","0.0002","0.0002","0.0002","1.0002","1.0018","1.0002","1.0007",2053,1961,1757,1701,2883,2677,2346,2336
"X60_X84_Y87.0","2000_2005","2021_2024",20,"Census_Region_4_EQI_Air+SM+PA+OB","0.00","4.71(1.90,7.56)","4.64(1.51,7.78)","1.00(-2.02,3.98)","0.61(-2.78,4.17)","0.0007","0.0037","0.5111","0.7381","1.0005","1.0006","1.0011","1.0006",3813,3816,3200,3367,2892,2863,2981,3247
"X60_X84_Y87.0","2000_2005","2021_2024",20,"Census_Region_4_EQI_Water+SM+PA+OB","0.00","-5.36(-10.03,-0.61)","1.99(-2.63,6.66)","0.04(-4.59,4.74)","1.83(-2.53,6.17)","0.0312","0.4026","0.9840","0.4016","1.0007","1.0007","1.0007","1.0004",1870,1865,1952,1780,2565,2494,2551,2508
"X60_X84_Y87.0","2000_2005","2021_2024",20,"Census_Region_4_EQI_Land+SM+PA+OB","0.00","0.76(-4.56,6.10)","6.21(1.72,10.75)","1.60(-2.66,5.80)","1.32(-2.99,5.54)","0.7896","0.0107","0.4611","0.5501","1.0006","1.0006","1.0010","1.0012",2583,2080,1676,1949,2982,2166,2758,2538
"X60_X84_Y87.0","2000_2005","2021_2024",20,"Census_Region_4_EQI_Built+SM+PA+OB","0.00","3.55(0.15,6.78)","5.76(2.35,9.14)","7.71(4.46,11.00)","7.91(4.50,11.29)","0.0377","0.0002","0.0002","0.0002","1.0007","0.9998","1.0009","1.0006",3115,2736,2493,2363,2941,2983,2745,2534
"X60_X84_Y87.0","2000_2005","2021_2024",20,"Census_Region_4_EQI_Social+SM+PA+OB","0.00","-0.84(-3.79,2.06)","-1.99(-5.00,0.86)","1.02(-2.41,4.56)","1.00(-2.92,4.80)","0.5741","0.1867","0.5546","0.5961","1.0010","1.0008","1.0021","1.0026",3113,2803,2535,2328,2969,2948,2994,2655
"X60_X84_Y87.0","2000_2005","2006_2010",5,"koppen_major_B_EQI+SM+PA+OB","0.00","3.80(2.00,5.60)","6.92(4.89,8.93)","8.03(5.62,10.37)","8.81(6.09,11.48)","0.0002","0.0002","0.0002","0.0002","1.0009","1.0001","1.0004","1.0001",4085,3379,3128,2888,3069,2756,3258,2962
"X60_X84_Y87.0","2000_2005","2006_2010",5,"koppen_major_B_EQI_Air+SM+PA+OB","0.00","3.63(1.52,5.71)","3.54(1.16,5.95)","1.39(-1.01,3.79)","0.24(-3.26,3.79)","0.0012","0.0042","0.2767","0.8935","1.0003","1.0015","1.0021","1.0015",2873,2768,2567,3284,3045,2735,2919,2824
"X60_X84_Y87.0","2000_2005","2006_2010",5,"koppen_major_B_EQI_Water+SM+PA+OB","0.00","0.35(-2.48,3.32)","3.41(0.39,6.35)","4.79(1.79,7.60)","3.99(0.98,6.98)","0.8110","0.0292","0.0027","0.0067","1.0016","1.0023","1.0012","1.0030",1654,1701,1703,1557,2929,2494,2457,2479
"X60_X84_Y87.0","2000_2005","2006_2010",5,"koppen_major_B_EQI_Land+SM+PA+OB","0.00","-0.54(-3.18,2.09)","0.18(-2.45,2.87)","1.14(-1.74,4.07)","2.13(-1.16,5.31)","0.6876","0.9075","0.4521","0.1882","1.0005","1.0013","1.0011","1.0008",2091,1756,1839,1906,2744,2562,2386,2525
"X60_X84_Y87.0","2000_2005","2006_2010",5,"koppen_major_B_EQI_Built+SM+PA+OB","0.00","1.46(-0.43,3.31)","2.14(-0.07,4.35)","3.69(1.55,5.80)","5.41(2.85,7.81)","0.1377","0.0567","0.0012","0.0002","1.0031","1.0042","1.0031","1.0034",2913,2307,2458,2338,3178,2643,2789,2437
"X60_X84_Y87.0","2000_2005","2006_2010",5,"koppen_major_B_EQI_Social+SM+PA+OB","0.00","0.29(-1.71,2.25)","-1.34(-3.48,0.85)","-0.67(-3.21,1.83)","0.01(-3.15,3.21)","0.7501","0.2267","0.6041","0.9990","1.0015","1.0016","1.0017","1.0014",2738,2135,2252,2435,2756,3093,3035,2732
"X60_X84_Y87.0","2000_2005","2011_2015",10,"koppen_major_B_EQI+SM+PA+OB","0.00","4.40(2.25,6.61)","7.46(5.22,9.73)","10.25(7.49,13.03)","10.21(7.04,13.37)","0.0007","0.0002","0.0002","0.0002","1.0006","1.0007","0.9998","1.0005",3385,3361,2808,2866,2790,2765,2902,2820
"X60_X84_Y87.0","2000_2005","2011_2015",10,"koppen_major_B_EQI_Air+SM+PA+OB","0.00","5.32(3.04,7.57)","5.22(2.64,7.89)","2.11(-0.60,4.80)","0.22(-3.78,4.21)","0.0002","0.0002","0.1252","0.9030","1.0019","0.9997","1.0015","1.0018",3568,3330,2885,4267,3245,3157,2715,2886
"X60_X84_Y87.0","2000_2005","2011_2015",10,"koppen_major_B_EQI_Water+SM+PA+OB","0.00","0.56(-2.77,3.87)","3.69(0.30,6.94)","3.86(0.47,7.08)","4.33(1.11,7.47)","0.7476","0.0332","0.0247","0.0117","1.0011","1.0003","1.0011","1.0016",2134,1956,1918,1918,2315,2718,2357,2216
"X60_X84_Y87.0","2000_2005","2011_2015",10,"koppen_major_B_EQI_Land+SM+PA+OB","0.00","-0.62(-3.69,2.43)","-0.51(-3.61,2.55)","-1.40(-4.71,1.84)","-1.32(-4.96,2.33)","0.6986","0.7576","0.4091","0.4816","1.0028","1.0036","1.0028","1.0023",1885,1542,1578,1615,2571,2312,2400,2674
"X60_X84_Y87.0","2000_2005","2011_2015",10,"koppen_major_B_EQI_Built+SM+PA+OB","0.00","2.65(0.42,4.88)","3.68(1.06,6.28)","2.76(0.47,5.04)","5.60(2.79,8.34)","0.0177","0.0042","0.0157","0.0007","1.0003","1.0004","1.0011","1.0001",3150,2625,2746,2132,3099,3161,2904,2724
"X60_X84_Y87.0","2000_2005","2011_2015",10,"koppen_major_B_EQI_Social+SM+PA+OB","0.00","-1.34(-3.51,0.77)","0.38(-2.04,2.89)","-0.27(-2.98,2.42)","1.68(-2.00,5.42)","0.2282","0.7691","0.8535","0.3712","1.0006","1.0011","1.0005","1.0006",3091,2654,2441,2383,2887,3393,3187,2908
"X60_X84_Y87.0","2000_2005","2016_2020",15,"koppen_major_B_EQI+SM+PA+OB","0.00","5.67(3.36,8.07)","8.08(5.66,10.53)","10.44(7.41,13.47)","10.99(7.49,14.52)","0.0002","0.0002","0.0002","0.0002","1.0001","1.0002","1.0057","1.0002",3345,2790,2774,2935,2938,3011,2885,2558
"X60_X84_Y87.0","2000_2005","2016_2020",15,"koppen_major_B_EQI_Air+SM+PA+OB","0.00","3.85(1.26,6.38)","3.45(0.57,6.28)","0.92(-2.35,4.01)","-1.21(-5.59,3.21)","0.0027","0.0212","0.5731","0.5706","0.9999","1.0001","1.0015","1.0005",4079,4206,3751,4720,3191,3071,3045,3217
"X60_X84_Y87.0","2000_2005","2016_2020",15,"koppen_major_B_EQI_Water+SM+PA+OB","0.00","0.20(-3.27,3.66)","3.97(0.44,7.47)","6.00(2.54,9.55)","5.54(2.17,8.90)","0.9100","0.0237","0.0002","0.0027","1.0015","1.0020","1.0024","1.0027",2453,2317,2159,2083,3143,3117,2937,2975
"X60_X84_Y87.0","2000_2005","2016_2020",15,"koppen_major_B_EQI_Land+SM+PA+OB","0.00","-0.49(-3.92,3.07)","1.28(-1.95,4.66)","-1.11(-4.78,2.43)","-1.31(-5.13,2.67)","0.7911","0.4626","0.5461","0.5111","1.0016","1.0004","1.0008","1.0006",2541,2209,2110,2319,2942,2923,2512,2996
"X60_X84_Y87.0","2000_2005","2016_2020",15,"koppen_major_B_EQI_Built+SM+PA+OB","0.00","2.19(-0.19,4.58)","5.27(2.43,8.06)","5.73(3.06,8.44)","8.69(5.46,11.96)","0.0707","0.0002","0.0002","0.0002","1.0005","1.0021","1.0015","1.0011",3825,3653,3471,2880,3390,2876,3008,2934
"X60_X84_Y87.0","2000_2005","2016_2020",15,"koppen_major_B_EQI_Social+SM+PA+OB","0.00","-0.60(-3.15,1.87)","-1.28(-4.14,1.52)","-0.69(-3.85,2.39)","-0.22(-4.23,3.94)","0.6396","0.3607","0.6911","0.9100","1.0006","1.0003","1.0001","1.0003",3583,3213,3180,3283,3206,3329,3245,3048
"X60_X84_Y87.0","2000_2005","2021_2024",20,"koppen_major_B_EQI+SM+PA+OB","0.00","3.33(0.71,5.91)","9.68(6.62,12.73)","12.46(8.91,15.91)","12.72(8.59,16.70)","0.0122","0.0002","0.0002","0.0002","1.0019","1.0036","1.0013","1.0017",3059,2941,2547,2345,2901,2414,2435,2387
"X60_X84_Y87.0","2000_2005","2021_2024",20,"koppen_major_B_EQI_Air+SM+PA+OB","0.00","8.21(5.27,11.01)","8.54(5.14,11.89)","3.35(-0.40,6.92)","1.20(-3.69,6.04)","0.0002","0.0002","0.0727","0.6176","1.0005","1.0008","1.0003","1.0000",3503,3280,2949,3996,2678,2877,2673,3246
"X60_X84_Y87.0","2000_2005","2021_2024",20,"koppen_major_B_EQI_Water+SM+PA+OB","0.00","0.30(-3.47,4.15)","3.50(-0.43,7.39)","3.26(-0.45,6.88)","4.68(0.70,8.68)","0.8735","0.0867","0.0772","0.0222","1.0004","1.0008","1.0006","1.0006",2079,2026,2073,2167,2879,2751,2734,2904
"X60_X84_Y87.0","2000_2005","2021_2024",20,"koppen_major_B_EQI_Land+SM+PA+OB","0.00","0.14(-3.45,3.70)","1.08(-2.46,4.52)","-1.99(-5.73,1.74)","-1.30(-5.37,2.87)","0.9390","0.5401","0.2987","0.5386","1.0001","1.0004","1.0014","1.0003",2871,2436,2338,2322,2791,2957,2739,2942
"X60_X84_Y87.0","2000_2005","2021_2024",20,"koppen_major_B_EQI_Built+SM+PA+OB","0.00","0.69(-1.82,3.29)","3.84(0.84,6.98)","3.89(0.93,6.93)","8.56(4.86,12.12)","0.6006","0.0157","0.0097","0.0002","1.0014","1.0008","1.0008","1.0004",3240,3163,3077,2628,2817,2971,3141,3220
"X60_X84_Y87.0","2000_2005","2021_2024",20,"koppen_major_B_EQI_Social+SM+PA+OB","0.00","-0.99(-3.72,1.77)","-1.38(-4.47,1.58)","0.19(-3.31,3.67)","2.04(-2.38,6.47)","0.4761","0.3582","0.9190","0.3777","1.0015","1.0001","1.0000","1.0001",2894,2346,2464,2575,3212,2735,3078,2615
"X60_X84_Y87.0","2000_2005","2006_2010",5,"koppen_major_C_EQI+SM+PA+OB","0.00","1.93(1.24,2.62)","2.99(2.25,3.71)","3.15(2.33,3.99)","2.63(1.62,3.62)","0.0002","0.0002","0.0002","0.0002","1.0011","1.0027","1.0025","1.0022",2067,1918,1573,1637,2887,2745,2471,2411
"X60_X84_Y87.0","2000_2005","2006_2010",5,"koppen_major_C_EQI_Air+SM+PA+OB","0.00","4.07(3.12,5.02)","5.38(4.38,6.34)","5.08(4.09,6.10)","4.13(3.10,5.15)","0.0002","0.0002","0.0002","0.0002","1.0012","1.0009","1.0013","1.0015",1846,1656,1495,1401,2029,2393,2059,2236
"X60_X84_Y87.0","2000_2005","2006_2010",5,"koppen_major_C_EQI_Water+SM+PA+OB","0.00","0.86(-0.09,1.75)","1.08(0.14,1.99)","0.89(-0.12,1.86)","1.19(0.13,2.22)","0.0792","0.0222","0.0867","0.0272","1.0017","1.0021","1.0018","1.0022",1702,1602,1658,1674,2491,2355,2551,2206
"X60_X84_Y87.0","2000_2005","2006_2010",5,"koppen_major_C_EQI_Land+SM+PA+OB","0.00","0.01(-0.55,0.60)","-0.38(-1.03,0.28)","-0.24(-1.03,0.56)","-0.31(-1.24,0.61)","0.9660","0.2607","0.5561","0.5256","1.0003","1.0007","1.0007","1.0012",3219,2521,2556,2559,2984,3060,2575,2715
"X60_X84_Y87.0","2000_2005","2006_2010",5,"koppen_major_C_EQI_Built+SM+PA+OB","0.00","0.94(0.29,1.60)","1.41(0.71,2.11)","1.78(1.02,2.50)","1.47(0.67,2.27)","0.0027","0.0002","0.0002","0.0002","1.0014","1.0006","1.0021","1.0017",2413,2142,2003,1832,2701,2683,2782,2773
"X60_X84_Y87.0","2000_2005","2006_2010",5,"koppen_major_C_EQI_Social+SM+PA+OB","0.00","-0.38(-1.06,0.27)","-0.54(-1.30,0.23)","-0.26(-1.11,0.64)","-0.54(-1.57,0.50)","0.2537","0.1647","0.5681","0.3012","1.0003","1.0003","1.0006","1.0005",2545,2005,1874,1790,3004,2752,2410,2437
"X60_X84_Y87.0","2000_2005","2011_2015",10,"koppen_major_C_EQI+SM+PA+OB","0.00","1.54(0.78,2.31)","2.62(1.80,3.42)","2.44(1.56,3.35)","1.92(0.86,2.99)","0.0002","0.0002","0.0002","0.0002","1.0016","1.0025","1.0045","1.0038",1598,1250,1065,999,2346,2029,1942,1941
"X60_X84_Y87.0","2000_2005","2011_2015",10,"koppen_major_C_EQI_Air+SM+PA+OB","0.00","4.24(3.16,5.31)","5.84(4.72,6.92)","5.08(3.96,6.20)","3.84(2.63,5.04)","0.0002","0.0002","0.0002","0.0002","1.0024","1.0037","1.0050","1.0049",1802,1573,1467,1424,2806,2400,2492,2331
"X60_X84_Y87.0","2000_2005","2011_2015",10,"koppen_major_C_EQI_Water+SM+PA+OB","0.00","0.24(-0.73,1.24)","1.06(0.05,2.03)","1.08(0.03,2.15)","1.28(0.16,2.36)","0.6241","0.0407","0.0432","0.0272","1.0006","1.0021","1.0019","1.0007",1743,1385,1616,1711,2912,2600,2657,2446
"X60_X84_Y87.0","2000_2005","2011_2015",10,"koppen_major_C_EQI_Land+SM+PA+OB","0.00","0.16(-0.46,0.76)","-0.11(-0.81,0.56)","-0.27(-1.09,0.56)","-0.25(-1.27,0.72)","0.6096","0.7616","0.5141","0.6251","0.9999","1.0002","1.0011","1.0012",3364,3036,2538,2373,3181,3017,2792,2661
"X60_X84_Y87.0","2000_2005","2011_2015",10,"koppen_major_C_EQI_Built+SM+PA+OB","0.00","1.15(0.43,1.91)","0.96(0.19,1.72)","1.80(1.02,2.60)","1.00(0.13,1.87)","0.0012","0.0142","0.0002","0.0277","1.0007","1.0004","1.0004","1.0012",2779,2429,2359,2357,2911,2855,2657,2897
"X60_X84_Y87.0","2000_2005","2011_2015",10,"koppen_major_C_EQI_Social+SM+PA+OB","0.00","0.19(-0.51,0.90)","0.17(-0.66,1.04)","0.45(-0.49,1.41)","0.24(-0.85,1.41)","0.6156","0.6976","0.3637","0.6706","1.0013","1.0015","1.0014","1.0020",2124,1896,1696,1625,3018,2747,2456,2483
"X60_X84_Y87.0","2000_2005","2016_2020",15,"koppen_major_C_EQI+SM+PA+OB","0.00","2.22(1.35,3.06)","3.20(2.33,4.06)","2.98(1.97,3.95)","2.18(1.00,3.36)","0.0002","0.0002","0.0002","0.0007","1.0017","1.0027","1.0029","1.0023",1999,1719,1587,1513,2901,2402,2371,2281
"X60_X84_Y87.0","2000_2005","2016_2020",15,"koppen_major_C_EQI_Air+SM+PA+OB","0.00","4.88(3.72,6.06)","6.54(5.37,7.71)","6.02(4.79,7.23)","4.83(3.55,6.09)","0.0002","0.0002","0.0002","0.0002","1.0000","1.0003","1.0007","1.0005",2065,1993,1715,1740,2780,2596,2506,2640
"X60_X84_Y87.0","2000_2005","2016_2020",15,"koppen_major_C_EQI_Water+SM+PA+OB","0.00","1.76(0.62,2.88)","1.53(0.40,2.64)","1.96(0.78,3.11)","1.23(0.00,2.44)","0.0027","0.0112","0.0007","0.0502","1.0012","1.0004","1.0005","1.0010",1496,1425,1584,1649,2203,2248,2031,2053
"X60_X84_Y87.0","2000_2005","2016_2020",15,"koppen_major_C_EQI_Land+SM+PA+OB","0.00","0.01(-0.64,0.65)","0.03(-0.71,0.78)","-0.05(-0.93,0.85)","-0.90(-1.97,0.22)","0.9905","0.9620","0.9265","0.1052","1.0002","1.0006","1.0006","1.0007",3321,2976,2483,2511,2908,3165,2881,2945
"X60_X84_Y87.0","2000_2005","2016_2020",15,"koppen_major_C_EQI_Built+SM+PA+OB","0.00","1.62(0.84,2.38)","1.68(0.84,2.50)","2.01(1.16,2.89)","1.01(0.04,1.99)","0.0002","0.0002","0.0002","0.0407","1.0009","1.0008","1.0007","1.0006",2451,2264,2070,2024,3038,2676,2517,2464
"X60_X84_Y87.0","2000_2005","2016_2020",15,"koppen_major_C_EQI_Social+SM+PA+OB","0.00","0.56(-0.21,1.31)","1.10(0.19,1.99)","0.95(-0.08,1.99)","0.57(-0.62,1.72)","0.1617","0.0162","0.0697","0.3457","1.0007","1.0021","1.0017","1.0016",2485,1970,1869,1805,2918,2673,2597,2812
"X60_X84_Y87.0","2000_2005","2021_2024",20,"koppen_major_C_EQI+SM+PA+OB","0.00","2.88(1.78,3.92)","3.85(2.68,4.97)","3.70(2.44,4.95)","2.78(1.28,4.31)","0.0002","0.0002","0.0002","0.0007","1.0014","1.0005","1.0016","1.0025",1621,1321,1185,1094,2420,2097,1939,1925
"X60_X84_Y87.0","2000_2005","2021_2024",20,"koppen_major_C_EQI_Air+SM+PA+OB","0.00","6.17(4.69,7.58)","6.36(4.90,7.73)","5.62(4.14,7.06)","4.39(2.76,5.94)","0.0002","0.0002","0.0002","0.0002","1.0025","1.0006","1.0015","1.0008",2093,1754,1550,1515,2465,2315,2216,2050
"X60_X84_Y87.0","2000_2005","2021_2024",20,"koppen_major_C_EQI_Water+SM+PA+OB","0.00","1.41(0.03,2.78)","2.63(1.22,4.05)","3.07(1.58,4.51)","2.61(1.08,4.17)","0.0462","0.0002","0.0002","0.0002","1.0011","1.0016","1.0027","1.0015",1935,1584,1714,1749,2637,2038,2587,2522
"X60_X84_Y87.0","2000_2005","2021_2024",20,"koppen_major_C_EQI_Land+SM+PA+OB","0.00","-0.42(-1.26,0.43)","-0.56(-1.52,0.41)","-0.88(-2.03,0.28)","-1.51(-2.84,-0.18)","0.3312","0.2582","0.1342","0.0252","1.0000","1.0009","1.0000","1.0006",3024,2781,2483,2437,3266,2935,3113,3112
"X60_X84_Y87.0","2000_2005","2021_2024",20,"koppen_major_C_EQI_Built+SM+PA+OB","0.00","2.37(1.40,3.33)","2.75(1.77,3.79)","3.15(2.08,4.25)","2.56(1.36,3.76)","0.0002","0.0002","0.0002","0.0002","1.0001","1.0008","1.0006","1.0002",2359,1996,2013,1944,2444,2769,2728,2268
"X60_X84_Y87.0","2000_2005","2021_2024",20,"koppen_major_C_EQI_Social+SM+PA+OB","0.00","0.85(-0.15,1.82)","-0.05(-1.19,1.05)","0.48(-0.88,1.75)","-0.44(-1.99,1.07)","0.0922","0.9450","0.4661","0.5656","1.0015","1.0022","1.0024","1.0023",2243,1966,1911,1620,2943,2611,2046,2021
"X60_X84_Y87.0","2000_2005","2006_2010",5,"koppen_major_D_EQI+SM+PA+OB","0.00","2.19(0.96,3.46)","4.23(2.95,5.50)","5.88(4.58,7.18)","6.06(4.64,7.42)","0.0012","0.0002","0.0002","0.0002","1.0045","1.0045","1.0059","1.0058",1607,1450,1221,1204,2659,2307,2084,1846
"X60_X84_Y87.0","2000_2005","2006_2010",5,"koppen_major_D_EQI_Air+SM+PA+OB","0.00","2.73(1.69,3.84)","3.66(2.51,4.81)","3.87(2.69,5.16)","2.30(0.97,3.67)","0.0002","0.0002","0.0002","0.0022","0.9999","1.0002","1.0007","1.0010",2497,2311,1852,1714,3004,2816,2621,2600
"X60_X84_Y87.0","2000_2005","2006_2010",5,"koppen_major_D_EQI_Water+SM+PA+OB","0.00","-0.23(-1.46,0.99)","0.26(-1.09,1.62)","0.42(-0.90,1.70)","0.97(-0.51,2.41)","0.7096","0.7106","0.5106","0.1932","1.0001","1.0005","1.0009","0.9998",2378,2143,2331,2205,2804,2786,2813,2772
"X60_X84_Y87.0","2000_2005","2006_2010",5,"koppen_major_D_EQI_Land+SM+PA+OB","0.00","-0.21(-1.94,1.57)","0.68(-0.99,2.50)","0.41(-1.24,2.21)","0.23(-1.48,2.08)","0.8040","0.4371","0.6366","0.8060","1.0027","1.0044","1.0038","1.0043",2084,1584,1552,1535,2582,2206,2021,2240
"X60_X84_Y87.0","2000_2005","2006_2010",5,"koppen_major_D_EQI_Built+SM+PA+OB","0.00","0.68(-0.39,1.79)","1.46(0.36,2.56)","2.33(1.24,3.44)","2.59(1.47,3.72)","0.2312","0.0047","0.0002","0.0002","1.0011","1.0007","1.0008","1.0013",2358,2126,2113,2219,3088,2966,2781,2747
"X60_X84_Y87.0","2000_2005","2006_2010",5,"koppen_major_D_EQI_Social+SM+PA+OB","0.00","-2.44(-4.12,-0.70)","-1.63(-3.29,0.05)","-1.06(-2.81,0.66)","-0.64(-2.59,1.30)","0.0057","0.0577","0.2207","0.5141","1.0015","1.0010","1.0015","1.0010",1634,1561,1470,1478,2627,2459,2349,1917
"X60_X84_Y87.0","2000_2005","2011_2015",10,"koppen_major_D_EQI+SM+PA+OB","0.00","2.51(0.93,4.08)","3.98(2.42,5.55)","5.74(4.19,7.37)","6.30(4.65,8.00)","0.0027","0.0002","0.0002","0.0002","1.0002","1.0021","1.0047","1.0028",1825,1675,1392,1411,2781,2006,1825,1730
"X60_X84_Y87.0","2000_2005","2011_2015",10,"koppen_major_D_EQI_Air+SM+PA+OB","0.00","2.04(0.72,3.31)","3.95(2.51,5.35)","3.77(2.28,5.17)","2.49(0.88,4.05)","0.0032","0.0002","0.0002","0.0032","1.0002","1.0016","1.0006","1.0009",1503,1453,1211,1416,2065,2056,1960,1902
"X60_X84_Y87.0","2000_2005","2011_2015",10,"koppen_major_D_EQI_Water+SM+PA+OB","0.00","0.42(-0.92,1.78)","1.94(0.50,3.46)","2.75(1.39,4.16)","2.92(1.35,4.53)","0.5636","0.0077","0.0002","0.0012","1.0020","1.0027","1.0033","1.0021",1932,1740,1973,1857,2454,2666,2733,2466
"X60_X84_Y87.0","2000_2005","2011_2015",10,"koppen_major_D_EQI_Land+SM+PA+OB","0.00","0.19(-1.69,2.11)","0.68(-1.15,2.64)","-0.24(-2.14,1.68)","0.74(-1.16,2.73)","0.8525","0.4936","0.8090","0.4471","1.0009","1.0019","1.0018","1.0021",1965,1362,1337,1372,2723,2231,2274,2005
"X60_X84_Y87.0","2000_2005","2011_2015",10,"koppen_major_D_EQI_Built+SM+PA+OB","0.00","0.50(-0.85,1.89)","0.99(-0.22,2.29)","1.88(0.65,3.14)","2.38(1.11,3.71)","0.4916","0.1117","0.0052","0.0012","1.0006","1.0007","1.0012","1.0009",1459,1971,2037,2077,2471,2827,2536,2706
"X60_X84_Y87.0","2000_2005","2011_2015",10,"koppen_major_D_EQI_Social+SM+PA+OB","0.00","-0.54(-2.69,1.47)","-0.26(-2.30,1.70)","-0.07(-2.21,1.96)","0.13(-2.11,2.25)","0.6076","0.8265","0.9475","0.9010","1.0012","1.0010","1.0003","1.0005",923,866,912,1162,1832,1736,1711,1904
"X60_X84_Y87.0","2000_2005","2016_2020",15,"koppen_major_D_EQI+SM+PA+OB","0.00","2.70(1.07,4.35)","4.84(3.16,6.52)","6.52(4.79,8.23)","7.23(5.33,9.00)","0.0022","0.0002","0.0002","0.0002","1.0012","1.0012","1.0027","1.0025",1808,1488,1204,1197,2328,2113,1950,1775
"X60_X84_Y87.0","2000_2005","2016_2020",15,"koppen_major_D_EQI_Air+SM+PA+OB","0.00","1.15(-0.20,2.51)","3.28(1.77,4.75)","3.50(1.94,5.07)","1.76(0.08,3.43)","0.0922","0.0002","0.0002","0.0427","1.0022","1.0016","1.0027","1.0027",2309,2136,1960,1788,2696,2518,2387,1886
"X60_X84_Y87.0","2000_2005","2016_2020",15,"koppen_major_D_EQI_Water+SM+PA+OB","0.00","1.21(-0.39,2.76)","1.99(0.23,3.72)","3.13(1.41,4.82)","3.16(1.26,5.03)","0.1342","0.0257","0.0002","0.0007","1.0017","1.0017","1.0019","1.0017",2049,1717,1807,1806,2751,2635,2408,2564
"X60_X84_Y87.0","2000_2005","2016_2020",15,"koppen_major_D_EQI_Land+SM+PA+OB","0.00","-0.23(-2.42,1.92)","-0.41(-2.41,1.64)","-1.34(-3.44,0.80)","-1.06(-3.15,1.05)","0.8450","0.7026","0.1982","0.3267","1.0005","1.0021","1.0009","1.0008",1998,1746,1653,1672,2501,2467,2234,2248
"X60_X84_Y87.0","2000_2005","2016_2020",15,"koppen_major_D_EQI_Built+SM+PA+OB","0.00","2.38(1.01,3.76)","2.87(1.53,4.23)","4.22(2.87,5.57)","4.59(3.23,6.01)","0.0017","0.0002","0.0002","0.0002","1.0017","1.0017","1.0020","1.0023",3054,2411,2302,2366,3239,2776,3012,2701
"X60_X84_Y87.0","2000_2005","2016_2020",15,"koppen_major_D_EQI_Social+SM+PA+OB","0.00","-3.68(-5.84,-1.59)","-2.45(-4.52,-0.46)","-1.76(-3.96,0.31)","-1.49(-3.91,0.81)","0.0007","0.0177","0.0962","0.1937","1.0004","1.0009","1.0007","1.0011",2162,1680,1637,1582,2828,2381,2228,2212
"X60_X84_Y87.0","2000_2005","2021_2024",20,"koppen_major_D_EQI+SM+PA+OB","0.00","2.41(0.28,4.57)","5.24(3.08,7.29)","7.44(5.28,9.46)","7.31(5.04,9.54)","0.0232","0.0002","0.0002","0.0002","1.0005","1.0018","1.0007","1.0018",1247,1024,956,978,2322,2104,2001,1747
"X60_X84_Y87.0","2000_2005","2021_2024",20,"koppen_major_D_EQI_Air+SM+PA+OB","0.00","3.37(1.69,5.01)","5.28(3.39,7.08)","5.65(3.72,7.60)","3.68(1.42,5.81)","0.0002","0.0002","0.0002","0.0007","1.0009","1.0002","1.0002","1.0000",2374,2153,1846,1758,2802,2779,2402,2466
"X60_X84_Y87.0","2000_2005","2021_2024",20,"koppen_major_D_EQI_Water+SM+PA+OB","0.00","0.59(-1.40,2.53)","1.70(-0.41,3.81)","3.36(1.35,5.34)","3.91(1.66,6.12)","0.5456","0.1167","0.0012","0.0017","1.0011","1.0000","1.0001","1.0004",2131,1984,1842,1957,2807,2271,2294,2497
"X60_X84_Y87.0","2000_2005","2021_2024",20,"koppen_major_D_EQI_Land+SM+PA+OB","0.00","-2.74(-5.31,-0.02)","-2.12(-4.65,0.44)","-3.86(-6.36,-1.33)","-3.46(-6.00,-0.74)","0.0477","0.1042","0.0037","0.0137","1.0003","1.0021","1.0013","1.0025",2000,1752,1678,1626,3050,2496,2232,2224
"X60_X84_Y87.0","2000_2005","2021_2024",20,"koppen_major_D_EQI_Built+SM+PA+OB","0.00","1.48(-0.29,3.28)","1.98(0.26,3.65)","3.85(2.15,5.56)","3.82(2.08,5.52)","0.0947","0.0187","0.0002","0.0002","1.0004","0.9998","1.0007","0.9995",2534,2132,2056,2087,2642,2857,2789,2857
"X60_X84_Y87.0","2000_2005","2021_2024",20,"koppen_major_D_EQI_Social+SM+PA+OB","0.00","-3.44(-6.12,-0.84)","-2.74(-5.47,-0.22)","-1.85(-4.57,0.84)","-2.20(-5.25,0.67)","0.0117","0.0357","0.1567","0.1427","1.0013","1.0017","1.0019","1.0024",1914,1684,1549,1528,2648,2343,2168,2215
"X60_X84_Y87.0","2000_2005","2006_2010",5,"doe_zone_2_EQI+SM+PA+OB","0.00","2.98(1.69,4.26)","3.08(1.51,4.67)","3.44(1.46,5.38)","3.82(1.33,6.23)","0.0002","0.0002","0.0007","0.0032","1.0018","1.0012","1.0019","1.0017",2000,1795,1765,1997,2732,2374,2277,2276
"X60_X84_Y87.0","2000_2005","2006_2010",5,"doe_zone_2_EQI_Air+SM+PA+OB","0.00","1.33(-1.09,3.67)","2.37(-0.26,4.81)","2.66(0.09,5.08)","1.81(-0.92,4.30)","0.2877","0.0767","0.0442","0.1812","1.0012","1.0008","1.0005","1.0001",1811,1649,1533,1590,2671,2315,2019,2408
"X60_X84_Y87.0","2000_2005","2006_2010",5,"doe_zone_2_EQI_Water+SM+PA+OB","0.00","-3.02(-5.83,-0.45)","0.20(-2.69,2.78)","0.87(-1.95,3.51)","1.22(-2.11,4.40)","0.0187","0.8530","0.5016","0.4571","1.0022","1.0029","1.0019","1.0005",1878,1826,1929,2424,2221,1897,2118,2544
"X60_X84_Y87.0","2000_2005","2006_2010",5,"doe_zone_2_EQI_Land+SM+PA+OB","0.00","-1.00(-2.32,0.39)","-0.72(-2.23,0.78)","-0.75(-3.27,1.73)","-0.08(-3.84,3.40)","0.1567","0.3397","0.5641","0.9870","1.0017","1.0003","1.0009","1.0009",3812,3418,3646,3500,2919,2997,3276,2822
"X60_X84_Y87.0","2000_2005","2006_2010",5,"doe_zone_2_EQI_Built+SM+PA+OB","0.00","1.45(-0.19,3.10)","1.78(0.16,3.40)","2.10(0.50,3.69)","2.13(0.29,3.89)","0.0897","0.0327","0.0107","0.0232","1.0010","1.0015","1.0012","1.0013",2666,2257,2175,2129,2981,2821,2527,2725
"X60_X84_Y87.0","2000_2005","2006_2010",5,"doe_zone_2_EQI_Social+SM+PA+OB","0.00","-0.45(-1.76,0.86)","0.46(-1.18,2.12)","1.09(-0.89,3.04)","0.80(-1.47,3.14)","0.5146","0.5931","0.2642","0.5041","1.0011","1.0013","1.0009","1.0004",2314,1922,1886,1796,2507,2552,2495,2392
"X60_X84_Y87.0","2000_2005","2011_2015",10,"doe_zone_2_EQI+SM+PA+OB","0.00","1.99(0.64,3.30)","2.02(0.51,3.59)","1.24(-0.55,3.02)","1.55(-0.76,3.80)","0.0027","0.0102","0.1757","0.1832","0.9998","0.9999","1.0007","0.9994",2257,1940,1868,2123,2945,2762,2692,2881
"X60_X84_Y87.0","2000_2005","2011_2015",10,"doe_zone_2_EQI_Air+SM+PA+OB","0.00","3.50(1.33,5.57)","5.34(3.17,7.40)","4.38(2.25,6.40)","3.27(0.95,5.45)","0.0017","0.0002","0.0002","0.0062","1.0009","1.0003","1.0004","1.0001",2193,1973,1876,1890,2561,2623,2411,2332
"X60_X84_Y87.0","2000_2005","2011_2015",10,"doe_zone_2_EQI_Water+SM+PA+OB","0.00","0.02(-2.51,2.27)","1.07(-1.31,3.24)","1.71(-0.74,3.89)","1.51(-1.39,4.25)","0.9635","0.3197","0.1487","0.2707","0.9996","1.0001","1.0004","1.0001",2165,1764,1831,2131,2220,2101,2170,2110
"X60_X84_Y87.0","2000_2005","2011_2015",10,"doe_zone_2_EQI_Land+SM+PA+OB","0.00","-0.07(-1.31,1.13)","-0.04(-1.35,1.30)","-0.24(-2.47,1.90)","-0.83(-4.35,2.46)","0.9045","0.9495","0.8460","0.6386","1.0013","1.0008","1.0000","1.0001",4070,3455,3294,3056,2623,2873,3000,3202
"X60_X84_Y87.0","2000_2005","2011_2015",10,"doe_zone_2_EQI_Built+SM+PA+OB","0.00","1.05(-0.54,2.64)","0.37(-1.25,1.99)","0.88(-0.70,2.46)","0.16(-1.68,1.94)","0.2027","0.6506","0.2707","0.8660","1.0024","1.0023","1.0023","1.0014",2961,2548,2321,2317,3073,2855,2688,2974
"X60_X84_Y87.0","2000_2005","2011_2015",10,"doe_zone_2_EQI_Social+SM+PA+OB","0.00","0.21(-1.04,1.51)","1.54(-0.06,3.11)","1.36(-0.38,3.05)","2.08(-0.05,4.28)","0.7656","0.0597","0.1177","0.0547","1.0007","1.0004","0.9997","1.0003",2563,2266,2242,2178,2892,2837,2591,2456
"X60_X84_Y87.0","2000_2005","2016_2020",15,"doe_zone_2_EQI+SM+PA+OB","0.00","3.58(1.88,5.25)","2.78(0.81,4.70)","1.54(-0.81,3.95)","2.11(-0.99,5.11)","0.0002","0.0052","0.2142","0.1677","1.0001","1.0005","1.0014","1.0005",2569,2295,2195,2293,2800,2796,2400,2901
"X60_X84_Y87.0","2000_2005","2016_2020",15,"doe_zone_2_EQI_Air+SM+PA+OB","0.00","3.31(0.72,5.82)","5.77(3.15,8.44)","4.06(1.36,6.79)","2.97(0.16,5.91)","0.0117","0.0007","0.0022","0.0397","1.0002","1.0006","1.0008","1.0001",1811,1710,1553,1335,2520,2554,2379,2526
"X60_X84_Y87.0","2000_2005","2016_2020",15,"doe_zone_2_EQI_Water+SM+PA+OB","0.00","0.13(-2.73,3.07)","0.76(-2.38,3.36)","2.04(-1.18,4.83)","1.45(-2.25,4.90)","0.9220","0.5491","0.1827","0.4226","1.0007","1.0011","1.0015","1.0011",2791,1709,1731,2502,2492,2059,1974,2264
"X60_X84_Y87.0","2000_2005","2016_2020",15,"doe_zone_2_EQI_Land+SM+PA+OB","0.00","-0.17(-1.91,1.55)","0.06(-1.85,1.97)","-0.34(-3.36,2.69)","-2.72(-7.05,1.44)","0.8480","0.9450","0.8270","0.2117","1.0015","1.0011","1.0016","1.0002",4022,3794,3569,3719,3070,3285,2951,3341
"X60_X84_Y87.0","2000_2005","2016_2020",15,"doe_zone_2_EQI_Built+SM+PA+OB","0.00","1.69(-0.31,3.67)","2.31(0.35,4.20)","2.05(-0.01,4.00)","1.35(-1.01,3.61)","0.1112","0.0252","0.0522","0.2512","1.0000","1.0003","1.0002","1.0013",2803,2322,2101,2165,2932,2730,2830,2657
"X60_X84_Y87.0","2000_2005","2016_2020",15,"doe_zone_2_EQI_Social+SM+PA+OB","0.00","0.60(-1.05,2.28)","1.75(-0.24,3.75)","1.09(-1.23,3.43)","2.79(-0.00,5.78)","0.4856","0.0882","0.3682","0.0507","1.0015","1.0000","1.0003","1.0001",2512,2037,1830,1858,2827,2627,2199,2216
"X60_X84_Y87.0","2000_2005","2021_2024",20,"doe_zone_2_EQI+SM+PA+OB","0.00","4.18(2.03,6.19)","2.46(0.00,4.89)","2.44(-0.60,5.43)","1.79(-2.09,5.63)","0.0002","0.0502","0.1187","0.3602","1.0001","1.0003","1.0005","1.0000",2659,2249,2409,2599,2637,2644,2760,2795
"X60_X84_Y87.0","2000_2005","2021_2024",20,"doe_zone_2_EQI_Air+SM+PA+OB","0.00","4.99(1.93,7.98)","6.42(3.39,9.48)","4.28(1.21,7.32)","3.06(-0.22,6.34)","0.0007","0.0002","0.0067","0.0682","1.0007","1.0003","1.0004","1.0004",2696,1920,2135,2181,3146,3089,2562,2931
"X60_X84_Y87.0","2000_2005","2021_2024",20,"doe_zone_2_EQI_Water+SM+PA+OB","0.00","-2.64(-5.73,0.64)","1.42(-2.10,4.49)","4.35(0.69,7.60)","1.43(-2.61,5.34)","0.1162","0.3677","0.0182","0.4701","1.0008","1.0023","1.0043","1.0024",3372,2295,2720,3876,3302,2104,2528,3427
"X60_X84_Y87.0","2000_2005","2021_2024",20,"doe_zone_2_EQI_Land+SM+PA+OB","0.00","-0.94(-3.11,1.14)","-2.10(-4.47,0.31)","0.04(-3.89,3.78)","-0.89(-6.08,4.25)","0.3902","0.0887","0.9830","0.7451","1.0008","1.0009","0.9999","0.9998",4440,4790,4210,4722,3295,2924,2853,2981
"X60_X84_Y87.0","2000_2005","2021_2024",20,"doe_zone_2_EQI_Built+SM+PA+OB","0.00","3.28(0.87,5.74)","2.72(0.33,5.22)","2.93(0.49,5.33)","1.66(-1.17,4.59)","0.0087","0.0237","0.0217","0.2602","1.0001","1.0011","1.0036","1.0001",3589,2812,2869,2805,3111,3112,2832,3225
"X60_X84_Y87.0","2000_2005","2021_2024",20,"doe_zone_2_EQI_Social+SM+PA+OB","0.00","1.90(-0.28,4.06)","0.61(-2.02,3.09)","0.10(-2.99,3.00)","0.53(-3.03,4.05)","0.0912","0.6411","0.9265","0.7766","1.0003","1.0007","1.0004","1.0010",3313,2321,2092,2253,3139,2705,2629,2712
"X60_X84_Y87.0","2000_2005","2006_2010",5,"doe_zone_3_EQI+SM+PA+OB","0.00","2.28(1.38,3.26)","3.44(2.41,4.48)","3.82(2.62,4.98)","3.21(1.54,4.86)","0.0002","0.0002","0.0002","0.0002","1.0012","1.0012","1.0024","1.0005",2354,2116,2018,1998,2927,2540,2377,2683
"X60_X84_Y87.0","2000_2005","2006_2010",5,"doe_zone_3_EQI_Air+SM+PA+OB","0.00","4.49(3.33,5.62)","6.77(5.49,8.02)","5.57(4.26,6.82)","4.95(3.58,6.34)","0.0002","0.0002","0.0002","0.0002","1.0004","1.0015","1.0021","1.0016",2434,1848,1654,1795,2940,2273,2255,2021
"X60_X84_Y87.0","2000_2005","2006_2010",5,"doe_zone_3_EQI_Water+SM+PA+OB","0.00","0.84(-0.67,2.29)","1.65(0.10,3.20)","1.63(0.10,3.17)","1.34(-0.40,3.08)","0.2772","0.0362","0.0347","0.1302","1.0033","1.0033","1.0026","1.0025",1935,1830,1700,2062,2671,2604,2597,2632
"X60_X84_Y87.0","2000_2005","2006_2010",5,"doe_zone_3_EQI_Land+SM+PA+OB","0.00","0.08(-0.62,0.78)","0.36(-0.51,1.28)","-0.07(-1.59,1.40)","-1.35(-3.92,1.01)","0.8025","0.4321","0.9230","0.2792","1.0003","0.9995","1.0011","1.0010",4217,4613,3223,1956,3399,3376,3122,2574
"X60_X84_Y87.0","2000_2005","2006_2010",5,"doe_zone_3_EQI_Built+SM+PA+OB","0.00","1.60(0.63,2.46)","1.76(0.72,2.76)","2.26(1.22,3.28)","1.72(0.52,2.90)","0.0007","0.0002","0.0007","0.0047","1.0015","1.0016","1.0018","1.0017",2729,2425,2331,2315,2786,2833,2558,2878
"X60_X84_Y87.0","2000_2005","2006_2010",5,"doe_zone_3_EQI_Social+SM+PA+OB","0.00","-0.24(-1.05,0.63)","-0.27(-1.31,0.78)","0.20(-1.19,1.58)","-0.91(-2.43,0.61)","0.5736","0.6056","0.7671","0.2362","1.0009","1.0023","1.0017","1.0016",2629,2157,1897,1572,2762,3057,2534,2417
"X60_X84_Y87.0","2000_2005","2011_2015",10,"doe_zone_3_EQI+SM+PA+OB","0.00","2.99(1.94,4.02)","3.73(2.63,4.84)","3.89(2.58,5.18)","2.18(0.32,3.91)","0.0002","0.0002","0.0002","0.0177","1.0010","1.0019","1.0005","1.0024",2473,1956,1704,1602,2893,2457,2233,2111
"X60_X84_Y87.0","2000_2005","2011_2015",10,"doe_zone_3_EQI_Air+SM+PA+OB","0.00","4.81(3.50,6.14)","6.85(5.53,8.16)","5.73(4.34,7.08)","4.50(2.99,5.97)","0.0002","0.0002","0.0002","0.0002","1.0017","1.0008","1.0008","1.0008",2621,2133,1967,1835,2784,2452,2291,2589
"X60_X84_Y87.0","2000_2005","2011_2015",10,"doe_zone_3_EQI_Water+SM+PA+OB","0.00","-0.09(-1.81,1.52)","1.45(-0.24,3.14)","1.79(0.02,3.45)","1.15(-0.89,3.05)","0.9340","0.0927","0.0452","0.2442","1.0004","1.0027","1.0013","1.0011",2063,1902,1839,2144,2032,2132,2151,2393
"X60_X84_Y87.0","2000_2005","2011_2015",10,"doe_zone_3_EQI_Land+SM+PA+OB","0.00","-0.48(-1.26,0.32)","0.31(-0.72,1.32)","-0.60(-2.30,1.11)","-0.69(-3.39,1.94)","0.2227","0.5471","0.4726","0.6116","1.0017","1.0006","1.0013","1.0015",3794,4021,3239,2282,3065,3314,3183,2686
"X60_X84_Y87.0","2000_2005","2011_2015",10,"doe_zone_3_EQI_Built+SM+PA+OB","0.00","1.52(0.48,2.54)","1.60(0.49,2.77)","1.87(0.67,3.02)","0.88(-0.41,2.15)","0.0042","0.0042","0.0037","0.1792","1.0010","1.0012","1.0010","1.0014",2535,2256,2342,2190,2907,2602,2793,2534
"X60_X84_Y87.0","2000_2005","2011_2015",10,"doe_zone_3_EQI_Social+SM+PA+OB","0.00","0.51(-0.44,1.46)","0.72(-0.48,1.93)","0.36(-1.12,1.82)","-0.89(-2.51,0.73)","0.2992","0.2372","0.6416","0.2992","1.0008","1.0017","1.0014","1.0010",2654,2443,2281,2159,2761,3187,2961,2869
"X60_X84_Y87.0","2000_2005","2016_2020",15,"doe_zone_3_EQI+SM+PA+OB","0.00","3.20(2.01,4.33)","3.99(2.77,5.16)","4.40(3.00,5.85)","2.22(0.26,4.12)","0.0002","0.0002","0.0002","0.0277","1.0013","1.0021","1.0041","1.0042",2793,2526,1964,1960,2837,2862,2503,2289
"X60_X84_Y87.0","2000_2005","2016_2020",15,"doe_zone_3_EQI_Air+SM+PA+OB","0.00","4.41(2.87,5.94)","5.86(4.27,7.36)","4.99(3.34,6.59)","3.55(1.71,5.31)","0.0002","0.0002","0.0002","0.0002","1.0040","1.0016","1.0046","1.0026",2416,2063,1814,1803,2981,2611,2315,2472
"X60_X84_Y87.0","2000_2005","2016_2020",15,"doe_zone_3_EQI_Water+SM+PA+OB","0.00","1.77(0.02,3.52)","2.44(0.56,4.32)","3.86(1.96,5.79)","2.11(-0.01,4.14)","0.0472","0.0097","0.0002","0.0517","1.0006","1.0026","1.0025","1.0005",2015,1820,1898,2041,2425,2419,2565,2678
"X60_X84_Y87.0","2000_2005","2016_2020",15,"doe_zone_3_EQI_Land+SM+PA+OB","0.00","-0.71(-1.61,0.19)","0.88(-0.30,2.05)","-0.89(-2.62,0.85)","-2.13(-5.19,0.83)","0.1322","0.1492","0.3202","0.1457","1.0011","1.0009","1.0000","0.9998",4102,3699,3432,2770,3076,2990,2990,3047
"X60_X84_Y87.0","2000_2005","2016_2020",15,"doe_zone_3_EQI_Built+SM+PA+OB","0.00","2.28(1.10,3.41)","2.70(1.48,3.95)","2.82(1.51,4.13)","2.07(0.64,3.48)","0.0007","0.0002","0.0002","0.0027","1.0004","1.0010","1.0019","1.0003",2457,2140,2192,2112,2836,2433,2683,2400
"X60_X84_Y87.0","2000_2005","2016_2020",15,"doe_zone_3_EQI_Social+SM+PA+OB","0.00","0.99(-0.04,2.07)","1.21(-0.14,2.58)","1.41(-0.24,3.04)","-0.05(-1.91,1.76)","0.0622","0.0817","0.0957","0.9620","1.0021","1.0015","1.0016","1.0021",2502,2309,2202,1991,3252,2202,2555,2510
"X60_X84_Y87.0","2000_2005","2021_2024",20,"doe_zone_3_EQI+SM+PA+OB","0.00","4.15(2.61,5.69)","5.22(3.58,6.85)","5.91(3.95,7.77)","4.27(1.73,6.87)","0.0002","0.0002","0.0002","0.0007","0.9999","1.0006","1.0007","1.0010",3203,3078,2314,2279,3229,3037,2895,2687
"X60_X84_Y87.0","2000_2005","2021_2024",20,"doe_zone_3_EQI_Air+SM+PA+OB","0.00","8.52(6.69,10.31)","9.35(7.53,11.17)","7.84(5.96,9.68)","7.00(4.92,9.02)","0.0002","0.0002","0.0002","0.0002","1.0008","1.0005","1.0010","1.0006",2267,1756,1592,1478,2784,2470,2371,2209
"X60_X84_Y87.0","2000_2005","2021_2024",20,"doe_zone_3_EQI_Water+SM+PA+OB","0.00","1.43(-0.63,3.54)","2.10(-0.08,4.20)","2.75(0.55,4.90)","1.71(-0.83,4.34)","0.1852","0.0612","0.0122","0.1892","1.0006","1.0005","1.0010","1.0001",2009,1966,1924,1983,2642,2729,2886,2878
"X60_X84_Y87.0","2000_2005","2021_2024",20,"doe_zone_3_EQI_Land+SM+PA+OB","0.00","-0.58(-1.71,0.56)","0.08(-1.42,1.59)","-1.17(-3.40,1.28)","-1.77(-5.13,1.58)","0.3182","0.9340","0.3112","0.2897","1.0017","1.0021","1.0012","0.9999",3941,4108,3655,2597,3122,2938,2984,2828
"X60_X84_Y87.0","2000_2005","2021_2024",20,"doe_zone_3_EQI_Built+SM+PA+OB","0.00","2.34(0.93,3.77)","3.46(1.95,5.01)","4.09(2.53,5.65)","3.62(1.85,5.35)","0.0002","0.0002","0.0002","0.0002","1.0010","1.0008","1.0009","1.0007",2808,2411,2277,2445,2762,2222,2808,2897
"X60_X84_Y87.0","2000_2005","2021_2024",20,"doe_zone_3_EQI_Social+SM+PA+OB","0.00","0.44(-0.88,1.78)","-0.54(-2.18,1.09)","0.15(-1.89,2.20)","-0.79(-3.03,1.52)","0.5166","0.4971","0.8835","0.4921","1.0000","1.0003","1.0010","1.0004",2621,2219,2237,1924,2967,2663,3005,2744
"X60_X84_Y87.0","2000_2005","2006_2010",5,"doe_zone_4_EQI+SM+PA+OB","0.00","1.97(0.79,3.19)","3.99(2.74,5.19)","3.83(2.58,5.13)","3.56(2.05,5.06)","0.0017","0.0002","0.0002","0.0002","1.0012","1.0027","1.0025","1.0020",2021,1477,1449,1488,2535,2223,2214,2330
"X60_X84_Y87.0","2000_2005","2006_2010",5,"doe_zone_4_EQI_Air+SM+PA+OB","0.00","5.28(3.75,6.80)","5.43(3.84,6.94)","5.75(4.16,7.28)","4.21(2.52,5.88)","0.0002","0.0002","0.0002","0.0002","1.0005","1.0010","1.0016","1.0010",2040,1853,1561,1441,2589,2464,2327,2309
"X60_X84_Y87.0","2000_2005","2006_2010",5,"doe_zone_4_EQI_Water+SM+PA+OB","0.00","0.70(-0.50,1.87)","1.34(0.12,2.56)","1.14(-0.09,2.39)","2.28(0.90,3.67)","0.2482","0.0292","0.0737","0.0007","1.0010","1.0005","1.0006","1.0012",2215,2546,2094,2218,2692,2675,2571,2816
"X60_X84_Y87.0","2000_2005","2006_2010",5,"doe_zone_4_EQI_Land+SM+PA+OB","0.00","-0.17(-1.27,0.94)","-0.74(-1.87,0.44)","0.01(-1.21,1.28)","0.30(-1.07,1.69)","0.7536","0.2022","0.9900","0.6756","1.0012","1.0016","1.0012","1.0010",2191,2093,2241,2235,2424,2546,2761,2709
"X60_X84_Y87.0","2000_2005","2006_2010",5,"doe_zone_4_EQI_Built+SM+PA+OB","0.00","-0.30(-1.29,0.67)","0.64(-0.40,1.68)","0.77(-0.33,1.84)","0.91(-0.28,2.09)","0.5636","0.2187","0.1877","0.1387","1.0031","1.0024","1.0016","1.0011",2731,2680,2208,2137,2907,3218,2984,2735
"X60_X84_Y87.0","2000_2005","2006_2010",5,"doe_zone_4_EQI_Social+SM+PA+OB","0.00","-0.77(-1.89,0.35)","-1.12(-2.35,0.07)","-0.82(-2.16,0.48)","-0.30(-1.95,1.27)","0.1802","0.0652","0.2262","0.7221","1.0002","1.0018","1.0012","1.0009",2230,1984,1729,1792,2777,2351,2537,2609
"X60_X84_Y87.0","2000_2005","2011_2015",10,"doe_zone_4_EQI+SM+PA+OB","0.00","2.50(1.07,3.85)","4.30(2.93,5.57)","4.13(2.68,5.50)","3.83(2.15,5.44)","0.0002","0.0002","0.0002","0.0002","1.0016","1.0017","1.0014","1.0014",1637,1411,1250,1132,2421,1862,1704,1828
"X60_X84_Y87.0","2000_2005","2011_2015",10,"doe_zone_4_EQI_Air+SM+PA+OB","0.00","5.77(4.08,7.38)","6.24(4.49,7.87)","6.26(4.42,8.01)","4.15(2.20,5.98)","0.0002","0.0002","0.0002","0.0002","1.0014","1.0012","1.0012","1.0023",2014,1653,1519,1507,2686,2352,2378,2338
"X60_X84_Y87.0","2000_2005","2011_2015",10,"doe_zone_4_EQI_Water+SM+PA+OB","0.00","0.45(-0.83,1.77)","1.07(-0.30,2.43)","2.00(0.61,3.42)","3.11(1.57,4.58)","0.5066","0.1232","0.0052","0.0002","1.0017","1.0023","1.0012","1.0017",2068,2072,1924,1674,2612,2712,2271,2410
"X60_X84_Y87.0","2000_2005","2011_2015",10,"doe_zone_4_EQI_Land+SM+PA+OB","0.00","1.30(0.13,2.45)","0.23(-0.97,1.44)","0.75(-0.56,2.09)","1.22(-0.32,2.70)","0.0302","0.7011","0.2567","0.1082","1.0002","1.0018","1.0013","1.0010",2500,2196,2286,2317,2603,2511,2764,2858
"X60_X84_Y87.0","2000_2005","2011_2015",10,"doe_zone_4_EQI_Built+SM+PA+OB","0.00","0.94(-0.16,2.02)","0.48(-0.64,1.62)","1.86(0.65,3.06)","1.04(-0.21,2.33)","0.0897","0.3927","0.0022","0.1167","1.0004","1.0006","1.0010","1.0009",2905,2506,2241,2087,2812,2663,2696,2451
"X60_X84_Y87.0","2000_2005","2011_2015",10,"doe_zone_4_EQI_Social+SM+PA+OB","0.00","-0.81(-2.08,0.44)","-0.48(-1.83,0.92)","-0.16(-1.66,1.38)","0.36(-1.42,2.08)","0.2212","0.4996","0.8380","0.6821","1.0003","1.0005","1.0000","1.0008",2510,1871,1896,1709,2769,2060,2561,2336
"X60_X84_Y87.0","2000_2005","2016_2020",15,"doe_zone_4_EQI+SM+PA+OB","0.00","4.23(2.74,5.65)","6.67(5.28,8.08)","6.07(4.57,7.62)","6.05(4.27,7.81)","0.0002","0.0002","0.0002","0.0002","1.0008","1.0012","1.0019","1.0028",1950,1533,1325,1242,2771,2404,2436,2293
"X60_X84_Y87.0","2000_2005","2016_2020",15,"doe_zone_4_EQI_Air+SM+PA+OB","0.00","5.45(3.61,7.17)","6.93(5.06,8.72)","7.30(5.35,9.15)","5.43(3.34,7.49)","0.0002","0.0002","0.0002","0.0002","1.0008","1.0011","1.0008","1.0004",2015,1676,1553,1447,2652,2522,2315,2007
"X60_X84_Y87.0","2000_2005","2016_2020",15,"doe_zone_4_EQI_Water+SM+PA+OB","0.00","1.84(0.31,3.36)","1.62(0.03,3.15)","2.98(1.38,4.59)","1.44(-0.20,3.12)","0.0167","0.0437","0.0012","0.0847","1.0014","1.0014","1.0015","1.0021",2378,2302,2124,2205,2437,2689,2699,2773
"X60_X84_Y87.0","2000_2005","2016_2020",15,"doe_zone_4_EQI_Land+SM+PA+OB","0.00","0.32(-0.99,1.63)","0.45(-0.91,1.79)","0.90(-0.62,2.42)","0.14(-1.49,1.80)","0.6401","0.5211","0.2462","0.8665","1.0015","1.0003","1.0006","1.0019",2104,1863,1959,2052,2879,2548,2652,2963
"X60_X84_Y87.0","2000_2005","2016_2020",15,"doe_zone_4_EQI_Built+SM+PA+OB","0.00","1.91(0.69,3.11)","2.30(1.02,3.48)","2.73(1.44,4.01)","2.54(1.10,3.97)","0.0032","0.0002","0.0002","0.0012","1.0002","1.0005","1.0009","1.0013",2981,2048,2049,2091,2769,2579,2623,2500
"X60_X84_Y87.0","2000_2005","2016_2020",15,"doe_zone_4_EQI_Social+SM+PA+OB","0.00","-0.85(-2.26,0.54)","-0.70(-2.23,0.83)","-0.34(-2.02,1.35)","-0.65(-2.63,1.35)","0.2472","0.3702","0.6851","0.5096","1.0008","1.0015","1.0028","1.0016",2327,2026,1839,1754,2876,2566,2599,2209
"X60_X84_Y87.0","2000_2005","2021_2024",20,"doe_zone_4_EQI+SM+PA+OB","0.00","3.40(1.63,5.16)","6.41(4.68,8.10)","5.88(4.04,7.68)","5.15(3.09,7.36)","0.0007","0.0002","0.0002","0.0002","1.0007","1.0010","1.0017","1.0013",1983,1604,1357,1292,2723,2364,2226,2011
"X60_X84_Y87.0","2000_2005","2021_2024",20,"doe_zone_4_EQI_Air+SM+PA+OB","0.00","8.28(6.05,10.48)","6.99(4.79,9.19)","7.56(5.16,9.90)","6.05(3.54,8.59)","0.0002","0.0002","0.0002","0.0002","1.0009","1.0016","1.0007","1.0015",1879,1600,1441,1324,2152,2193,1825,1979
"X60_X84_Y87.0","2000_2005","2021_2024",20,"doe_zone_4_EQI_Water+SM+PA+OB","0.00","2.40(0.77,4.06)","3.30(1.53,5.07)","4.26(2.44,6.08)","3.78(1.76,5.67)","0.0037","0.0002","0.0002","0.0002","1.0018","1.0010","1.0017","1.0008",1916,1869,1814,1829,2540,2548,2470,2578
"X60_X84_Y87.0","2000_2005","2021_2024",20,"doe_zone_4_EQI_Land+SM+PA+OB","0.00","0.20(-1.45,1.82)","0.10(-1.53,1.79)","-0.15(-2.01,1.68)","-0.14(-2.13,1.83)","0.8075","0.8960","0.8730","0.8905","1.0025","1.0028","1.0033","1.0021",2106,1911,1767,1981,2681,2804,2804,2675
"X60_X84_Y87.0","2000_2005","2021_2024",20,"doe_zone_4_EQI_Built+SM+PA+OB","0.00","1.36(-0.05,2.82)","2.56(1.04,4.02)","2.58(1.00,4.15)","2.57(0.80,4.27)","0.0572","0.0012","0.0022","0.0042","1.0010","1.0016","1.0023","1.0016",2270,2071,1769,1742,2635,2705,2393,2251
"X60_X84_Y87.0","2000_2005","2021_2024",20,"doe_zone_4_EQI_Social+SM+PA+OB","0.00","0.17(-1.47,1.81)","-0.84(-2.62,0.86)","-0.59(-2.52,1.27)","-1.74(-3.98,0.46)","0.8490","0.3492","0.5496","0.1252","1.0010","1.0018","1.0022","1.0031",2387,1875,1659,1414,2552,2636,2411,2015
"X60_X84_Y87.0","2000_2005","2006_2010",5,"doe_zone_5_EQI+SM+PA+OB","0.00","2.10(0.88,3.35)","4.75(3.44,6.12)","5.97(4.62,7.40)","5.61(4.21,7.03)","0.0002","0.0002","0.0002","0.0002","1.0010","1.0005","1.0005","1.0003",1949,1668,1377,1348,2659,2274,1881,2174
"X60_X84_Y87.0","2000_2005","2006_2010",5,"doe_zone_5_EQI_Air+SM+PA+OB","0.00","2.35(1.09,3.65)","3.71(2.31,5.06)","3.77(2.39,5.15)","2.64(1.11,4.14)","0.0007","0.0002","0.0002","0.0017","1.0013","1.0002","1.0007","1.0004",3038,2477,1985,1966,3038,2972,2727,2536
"X60_X84_Y87.0","2000_2005","2006_2010",5,"doe_zone_5_EQI_Water+SM+PA+OB","0.00","-0.79(-2.53,0.90)","0.37(-1.25,1.96)","0.84(-0.76,2.38)","0.85(-0.74,2.45)","0.3487","0.6361","0.2812","0.2937","1.0001","1.0001","1.0008","1.0009",2221,2157,2127,2012,2798,2764,2650,2581
"X60_X84_Y87.0","2000_2005","2006_2010",5,"doe_zone_5_EQI_Land+SM+PA+OB","0.00","-0.76(-2.68,1.23)","0.99(-0.84,2.84)","0.97(-0.83,2.82)","1.10(-0.76,3.03)","0.4576","0.2982","0.3082","0.2477","1.0017","1.0033","1.0028","1.0029",1946,1623,1602,1708,2926,2458,2550,2568
"X60_X84_Y87.0","2000_2005","2006_2010",5,"doe_zone_5_EQI_Built+SM+PA+OB","0.00","0.69(-0.40,1.78)","1.16(0.02,2.33)","1.97(0.87,3.10)","2.54(1.28,3.79)","0.2297","0.0447","0.0002","0.0002","1.0005","1.0011","1.0012","1.0016",2736,2544,2402,2303,2729,2805,2415,2572
"X60_X84_Y87.0","2000_2005","2006_2010",5,"doe_zone_5_EQI_Social+SM+PA+OB","0.00","-1.79(-3.69,0.14)","-3.06(-4.91,-1.18)","-3.09(-4.98,-1.07)","-3.31(-5.41,-1.13)","0.0752","0.0027","0.0032","0.0027","0.9999","1.0010","1.0015","1.0020",1948,1709,1659,1627,2425,2192,2076,2055
"X60_X84_Y87.0","2000_2005","2011_2015",10,"doe_zone_5_EQI+SM+PA+OB","0.00","2.34(0.96,3.75)","5.15(3.71,6.56)","7.25(5.76,8.72)","6.77(5.25,8.31)","0.0007","0.0002","0.0002","0.0002","0.9999","1.0017","1.0029","1.0034",1773,1475,1184,1204,2398,2248,2000,1953
"X60_X84_Y87.0","2000_2005","2011_2015",10,"doe_zone_5_EQI_Air+SM+PA+OB","0.00","2.85(1.37,4.31)","4.53(3.03,6.07)","2.86(1.32,4.36)","1.87(0.18,3.55)","0.0002","0.0002","0.0002","0.0327","1.0016","1.0009","1.0002","1.0001",3226,2425,2225,2067,2485,2815,2290,2333
"X60_X84_Y87.0","2000_2005","2011_2015",10,"doe_zone_5_EQI_Water+SM+PA+OB","0.00","-0.81(-2.70,1.03)","0.70(-1.12,2.48)","1.37(-0.40,3.08)","1.05(-0.82,2.87)","0.3877","0.4231","0.1247","0.2552","1.0004","1.0016","1.0021","1.0015",1737,1517,1692,1557,2402,1768,2403,1819
"X60_X84_Y87.0","2000_2005","2011_2015",10,"doe_zone_5_EQI_Land+SM+PA+OB","0.00","-0.13(-2.26,2.05)","0.99(-0.98,2.99)","0.11(-1.83,2.08)","0.43(-1.58,2.47)","0.9085","0.3242","0.9240","0.6941","1.0017","1.0015","1.0015","1.0019",1969,1887,1784,1795,2240,2266,2217,1842
"X60_X84_Y87.0","2000_2005","2011_2015",10,"doe_zone_5_EQI_Built+SM+PA+OB","0.00","1.44(0.25,2.62)","2.57(1.29,3.83)","3.50(2.27,4.71)","3.49(2.14,4.83)","0.0182","0.0002","0.0002","0.0002","1.0004","1.0004","1.0005","1.0002",2796,2655,2373,2553,2892,2946,2780,2898
"X60_X84_Y87.0","2000_2005","2011_2015",10,"doe_zone_5_EQI_Social+SM+PA+OB","0.00","-0.97(-3.10,1.18)","-1.48(-3.52,0.57)","-1.43(-3.57,0.66)","-1.03(-3.33,1.23)","0.3642","0.1582","0.1907","0.3767","1.0010","1.0012","1.0020","1.0026",1855,1570,1553,1483,2294,2227,2567,2008
"X60_X84_Y87.0","2000_2005","2016_2020",15,"doe_zone_5_EQI+SM+PA+OB","0.00","3.73(1.96,5.51)","5.77(4.08,7.50)","7.75(6.00,9.51)","7.75(5.97,9.57)","0.0002","0.0002","0.0002","0.0002","1.0022","1.0038","1.0059","1.0039",2121,1699,1409,1371,3018,2622,2084,2114
"X60_X84_Y87.0","2000_2005","2016_2020",15,"doe_zone_5_EQI_Air+SM+PA+OB","0.00","2.48(0.82,4.13)","4.24(2.55,6.00)","3.83(2.10,5.59)","2.16(0.26,4.09)","0.0017","0.0002","0.0002","0.0227","0.9999","1.0000","1.0005","1.0003",3269,2553,2170,2001,2945,2966,2965,2623
"X60_X84_Y87.0","2000_2005","2016_2020",15,"doe_zone_5_EQI_Water+SM+PA+OB","0.00","-1.09(-3.33,1.08)","-0.21(-2.38,1.89)","1.10(-1.00,3.09)","0.92(-1.21,3.12)","0.3292","0.8505","0.3027","0.3977","1.0020","1.0027","1.0019","1.0021",1942,1730,1804,1762,2601,2597,2202,2579
"X60_X84_Y87.0","2000_2005","2016_2020",15,"doe_zone_5_EQI_Land+SM+PA+OB","0.00","0.54(-2.03,2.91)","0.74(-1.58,3.03)","-0.24(-2.50,1.99)","-0.01(-2.37,2.31)","0.6636","0.5271","0.8295","0.9985","1.0007","1.0009","1.0015","1.0009",2197,2012,2036,1959,2923,2763,2698,2421
"X60_X84_Y87.0","2000_2005","2016_2020",15,"doe_zone_5_EQI_Built+SM+PA+OB","0.00","1.65(0.22,3.07)","2.91(1.45,4.38)","4.37(2.91,5.83)","4.10(2.49,5.70)","0.0257","0.0002","0.0002","0.0002","0.9997","1.0005","1.0005","0.9996",2862,2469,2315,2228,3092,2958,2538,2657
"X60_X84_Y87.0","2000_2005","2016_2020",15,"doe_zone_5_EQI_Social+SM+PA+OB","0.00","0.02(-2.31,2.18)","-0.13(-2.37,1.95)","-0.07(-2.38,2.10)","0.46(-1.96,2.84)","0.9865","0.9040","0.9660","0.7211","1.0001","1.0013","1.0013","1.0009",2335,1981,1910,1900,2817,2261,2423,2328
"X60_X84_Y87.0","2000_2005","2021_2024",20,"doe_zone_5_EQI+SM+PA+OB","0.00","1.19(-0.66,3.09)","4.99(3.09,7.05)","6.58(4.56,8.63)","6.69(4.63,8.81)","0.2162","0.0002","0.0002","0.0002","1.0014","1.0026","1.0039","1.0033",1909,1721,1375,1386,2549,2259,2143,2217
"X60_X84_Y87.0","2000_2005","2021_2024",20,"doe_zone_5_EQI_Air+SM+PA+OB","0.00","1.74(-0.06,3.45)","5.06(3.10,7.05)","4.10(2.13,6.10)","2.51(0.30,4.68)","0.0577","0.0002","0.0002","0.0277","1.0019","1.0015","1.0006","1.0020",3238,2638,2222,2091,3321,2511,2664,1987
"X60_X84_Y87.0","2000_2005","2021_2024",20,"doe_zone_5_EQI_Water+SM+PA+OB","0.00","-1.99(-4.53,0.61)","-0.44(-2.81,2.02)","0.33(-2.05,2.71)","1.11(-1.36,3.69)","0.1262","0.7236","0.7981","0.3762","1.0013","1.0007","1.0012","1.0002",1884,1711,1688,1711,2799,2461,2137,2450
"X60_X84_Y87.0","2000_2005","2021_2024",20,"doe_zone_5_EQI_Land+SM+PA+OB","0.00","-2.41(-5.30,0.45)","-0.97(-3.74,1.72)","-2.07(-4.79,0.63)","-2.10(-4.85,0.58)","0.0982","0.4651","0.1217","0.1267","1.0036","1.0014","1.0019","1.0013",2106,2089,1970,1904,2368,2376,2165,2091
"X60_X84_Y87.0","2000_2005","2021_2024",20,"doe_zone_5_EQI_Built+SM+PA+OB","0.00","1.00(-0.61,2.64)","1.89(0.26,3.52)","4.09(2.35,5.71)","3.41(1.57,5.17)","0.2087","0.0247","0.0002","0.0002","1.0004","1.0009","1.0003","1.0006",2519,2303,2117,2167,2651,2698,2494,2445
"X60_X84_Y87.0","2000_2005","2021_2024",20,"doe_zone_5_EQI_Social+SM+PA+OB","0.00","-3.81(-6.50,-1.07)","-5.44(-7.99,-2.70)","-4.83(-7.48,-2.16)","-3.97(-6.90,-1.05)","0.0077","0.0002","0.0007","0.0092","1.0010","1.0009","1.0007","1.0007",1787,1595,1434,1542,2662,2438,2328,2266
"X60_X84_Y87.0","2000_2005","2006_2010",5,"doe_zone_6_EQI+SM+PA+OB","0.00","4.19(2.40,5.95)","6.76(4.80,8.66)","7.92(5.96,9.89)","9.51(7.35,11.68)","0.0002","0.0002","0.0002","0.0002","1.0009","1.0014","1.0027","1.0018",2099,1398,1271,1248,2649,2575,2059,2215
"X60_X84_Y87.0","2000_2005","2006_2010",5,"doe_zone_6_EQI_Air+SM+PA+OB","0.00","3.43(1.83,5.04)","3.53(1.79,5.28)","4.22(2.21,6.26)","2.42(0.13,4.73)","0.0002","0.0002","0.0002","0.0402","0.9999","1.0004","1.0009","1.0014",2364,1919,1896,2087,2953,2580,2816,2709
"X60_X84_Y87.0","2000_2005","2006_2010",5,"doe_zone_6_EQI_Water+SM+PA+OB","0.00","-0.29(-2.07,1.48)","-0.67(-2.82,1.47)","-0.09(-2.15,1.92)","1.40(-0.88,3.63)","0.7751","0.5591","0.9320","0.2322","1.0014","1.0005","0.9998","1.0026",2195,2030,2016,2015,2954,3096,2775,2875
"X60_X84_Y87.0","2000_2005","2006_2010",5,"doe_zone_6_EQI_Land+SM+PA+OB","0.00","-0.02(-2.85,2.83)","0.83(-2.04,3.74)","1.27(-1.73,4.29)","0.84(-2.11,3.88)","0.9775","0.5746","0.4071","0.5901","1.0014","1.0013","1.0014","1.0015",2190,1754,1749,1741,2799,2335,2156,2194
"X60_X84_Y87.0","2000_2005","2006_2010",5,"doe_zone_6_EQI_Built+SM+PA+OB","0.00","3.00(1.09,4.78)","3.91(2.12,5.66)","4.89(3.00,6.68)","5.10(3.23,6.89)","0.0012","0.0002","0.0002","0.0002","1.0013","1.0004","0.9998","1.0014",2550,2179,2063,1944,2875,2599,2970,2701
"X60_X84_Y87.0","2000_2005","2006_2010",5,"doe_zone_6_EQI_Social+SM+PA+OB","0.00","0.64(-1.43,2.68)","-0.80(-2.89,1.24)","0.51(-1.74,2.83)","1.52(-1.15,4.13)","0.5561","0.4511","0.6616","0.2567","1.0016","1.0015","1.0016","1.0014",1890,1660,1560,1598,2731,2176,2342,2510
"X60_X84_Y87.0","2000_2005","2011_2015",10,"doe_zone_6_EQI+SM+PA+OB","0.00","4.36(2.44,6.22)","7.06(5.06,9.04)","7.23(5.17,9.30)","9.72(7.49,12.00)","0.0002","0.0002","0.0002","0.0002","1.0018","1.0028","1.0027","1.0017",2068,1516,1368,1279,2612,2195,1927,2151
"X60_X84_Y87.0","2000_2005","2011_2015",10,"doe_zone_6_EQI_Air+SM+PA+OB","0.00","3.07(1.22,4.88)","4.23(2.21,6.22)","5.13(2.84,7.36)","4.37(1.75,6.90)","0.0002","0.0002","0.0002","0.0012","1.0013","1.0011","1.0014","1.0031",2266,1877,2187,1978,2662,2457,2718,2570
"X60_X84_Y87.0","2000_2005","2011_2015",10,"doe_zone_6_EQI_Water+SM+PA+OB","0.00","0.88(-1.17,2.91)","1.24(-1.25,3.69)","0.79(-1.43,3.04)","2.70(0.17,5.26)","0.3987","0.3137","0.4941","0.0372","1.0006","1.0006","1.0005","1.0013",2140,2088,2038,1970,3056,2969,2664,2649
"X60_X84_Y87.0","2000_2005","2011_2015",10,"doe_zone_6_EQI_Land+SM+PA+OB","0.00","-0.94(-3.74,1.88)","-0.31(-3.31,2.68)","-0.61(-3.60,2.38)","0.67(-2.30,3.65)","0.5311","0.8390","0.6991","0.6746","1.0004","1.0012","1.0005","1.0001",1860,1612,1608,1659,2659,2074,2284,2111
"X60_X84_Y87.0","2000_2005","2011_2015",10,"doe_zone_6_EQI_Built+SM+PA+OB","0.00","1.79(-0.38,3.88)","3.19(1.19,5.15)","2.78(0.76,4.89)","3.90(1.82,6.01)","0.0997","0.0017","0.0092","0.0007","1.0006","1.0006","1.0003","1.0012",2485,2065,1943,1945,3056,2595,2624,2522
"X60_X84_Y87.0","2000_2005","2011_2015",10,"doe_zone_6_EQI_Social+SM+PA+OB","0.00","0.74(-1.52,3.05)","0.25(-2.05,2.55)","1.01(-1.55,3.56)","0.77(-2.10,3.69)","0.5361","0.8410","0.4476","0.6121","1.0022","1.0011","1.0011","1.0009",1849,1927,1765,1780,2519,2304,2357,2020
"X60_X84_Y87.0","2000_2005","2016_2020",15,"doe_zone_6_EQI+SM+PA+OB","0.00","3.57(1.37,5.82)","6.45(4.10,8.84)","8.64(6.29,11.01)","11.34(8.77,13.94)","0.0017","0.0002","0.0002","0.0002","1.0004","1.0016","1.0018","1.0014",2012,1651,1546,1448,2628,2122,1977,2386
"X60_X84_Y87.0","2000_2005","2016_2020",15,"doe_zone_6_EQI_Air+SM+PA+OB","0.00","3.12(1.18,5.01)","4.72(2.63,6.76)","4.93(2.53,7.36)","4.58(1.84,7.23)","0.0022","0.0002","0.0002","0.0012","1.0006","1.0011","1.0026","1.0015",2569,2446,2275,2375,3096,2807,2748,2915
"X60_X84_Y87.0","2000_2005","2016_2020",15,"doe_zone_6_EQI_Water+SM+PA+OB","0.00","2.74(0.60,4.87)","3.43(0.86,6.09)","3.01(0.56,5.44)","5.51(2.83,8.18)","0.0152","0.0092","0.0142","0.0002","1.0029","1.0026","1.0026","1.0020",2357,2151,2179,2177,2990,2618,2481,2729
"X60_X84_Y87.0","2000_2005","2016_2020",15,"doe_zone_6_EQI_Land+SM+PA+OB","0.00","-1.60(-4.71,1.64)","-0.80(-4.15,2.59)","-0.71(-3.97,2.67)","-0.60(-4.00,2.78)","0.3272","0.6331","0.6686","0.7281","1.0017","1.0021","1.0021","1.0027",2313,1747,1755,1697,2711,2333,2328,2182
"X60_X84_Y87.0","2000_2005","2016_2020",15,"doe_zone_6_EQI_Built+SM+PA+OB","0.00","1.91(-0.29,4.15)","3.36(1.15,5.54)","4.94(2.65,7.30)","5.18(2.85,7.47)","0.0962","0.0027","0.0002","0.0002","1.0010","1.0005","1.0008","1.0005",2658,2237,2320,2145,2964,2941,2854,2697
"X60_X84_Y87.0","2000_2005","2016_2020",15,"doe_zone_6_EQI_Social+SM+PA+OB","0.00","-1.61(-4.11,0.94)","-2.48(-4.94,0.06)","-0.93(-3.74,1.82)","-1.33(-4.48,1.88)","0.2142","0.0592","0.5236","0.4086","1.0002","1.0005","0.9997","1.0006",2333,2186,2020,2074,2915,2692,2479,2479
"X60_X84_Y87.0","2000_2005","2021_2024",20,"doe_zone_6_EQI+SM+PA+OB","0.00","4.24(1.62,6.98)","9.12(6.16,12.06)","11.19(8.31,13.97)","12.57(9.34,15.85)","0.0012","0.0002","0.0002","0.0002","1.0008","1.0008","1.0022","1.0031",2910,1822,1502,1483,2499,2371,2259,2173
"X60_X84_Y87.0","2000_2005","2021_2024",20,"doe_zone_6_EQI_Air+SM+PA+OB","0.00","6.35(3.75,8.81)","6.88(4.19,9.47)","6.09(3.00,9.06)","4.66(1.29,7.99)","0.0002","0.0002","0.0002","0.0082","1.0021","1.0032","1.0030","1.0030",2001,1782,1769,1933,2713,2692,2443,2479
"X60_X84_Y87.0","2000_2005","2021_2024",20,"doe_zone_6_EQI_Water+SM+PA+OB","0.00","1.71(-1.01,4.34)","4.33(1.09,7.49)","2.42(-0.59,5.38)","6.42(2.98,9.69)","0.1962","0.0042","0.1132","0.0002","1.0011","1.0009","1.0014","1.0013",2030,1832,1915,1568,2830,2593,2573,2352
"X60_X84_Y87.0","2000_2005","2021_2024",20,"doe_zone_6_EQI_Land+SM+PA+OB","0.00","-3.68(-7.40,0.05)","-1.01(-4.70,2.61)","-2.81(-6.60,0.97)","-1.88(-5.64,1.76)","0.0542","0.5921","0.1442","0.3527","1.0014","1.0015","1.0015","1.0018",2069,1680,1615,1646,2473,2256,2302,2281
"X60_X84_Y87.0","2000_2005","2021_2024",20,"doe_zone_6_EQI_Built+SM+PA+OB","0.00","2.30(-0.39,5.00)","3.45(0.82,6.04)","4.42(1.78,7.00)","5.87(3.16,8.59)","0.0897","0.0097","0.0002","0.0002","1.0002","1.0000","1.0005","1.0008",2637,2076,2003,1974,2804,2663,2742,2275
"X60_X84_Y87.0","2000_2005","2021_2024",20,"doe_zone_6_EQI_Social+SM+PA+OB","0.00","-0.73(-3.75,2.20)","-1.59(-4.61,1.37)","0.50(-2.84,3.83)","-0.06(-3.74,3.62)","0.6471","0.3052","0.7541","0.9785","1.0013","1.0010","1.0007","1.0010",2088,1834,1627,1692,2800,2660,2551,2326
"X60_X84_Y87.0","2000_2005","2006_2010",5,"doe_zone_7_EQI+SM+PA+OB","0.00","-0.47(-3.74,2.86)","3.65(0.48,6.86)","4.68(1.35,7.91)","3.75(-1.57,8.88)","0.7971","0.0267","0.0052","0.1527","1.0011","1.0004","1.0009","1.0016",3217,2638,2378,2626,2977,2592,2194,2638
"X60_X84_Y87.0","2000_2005","2006_2010",5,"doe_zone_7_EQI_Air+SM+PA+OB","0.00","2.42(-0.58,5.50)","2.88(-0.92,6.66)","2.89(-1.45,7.26)","0.09(-9.65,10.24)","0.1137","0.1492","0.1932","0.9820","0.9998","1.0017","1.0032","1.0012",4109,5210,5437,6100,3187,3280,3184,2733
"X60_X84_Y87.0","2000_2005","2006_2010",5,"doe_zone_7_EQI_Water+SM+PA+OB","0.00","0.73(-2.74,4.05)","3.48(-0.54,7.50)","3.48(-0.77,7.51)","3.21(-1.42,8.17)","0.6596","0.0967","0.1057","0.1842","0.9999","1.0003","1.0009","1.0013",2386,2643,2369,1910,2732,2906,2762,2724
"X60_X84_Y87.0","2000_2005","2006_2010",5,"doe_zone_7_EQI_Land+SM+PA+OB","0.00","2.49(-2.03,6.78)","0.43(-3.54,4.25)","-0.72(-4.47,2.89)","-0.72(-4.63,3.05)","0.2632","0.8245","0.6941","0.7111","1.0009","1.0011","1.0017","1.0006",2827,2517,2323,2509,3079,2523,2581,2280
"X60_X84_Y87.0","2000_2005","2006_2010",5,"doe_zone_7_EQI_Built+SM+PA+OB","0.00","0.89(-2.72,4.53)","3.41(-0.57,7.38)","4.36(0.75,8.08)","3.26(-0.32,6.87)","0.6376","0.0847","0.0182","0.0752","1.0011","1.0005","1.0011","1.0008",3709,3131,2976,2502,2626,3176,3108,3083
"X60_X84_Y87.0","2000_2005","2006_2010",5,"doe_zone_7_EQI_Social+SM+PA+OB","0.00","-1.43(-5.02,2.21)","1.43(-2.12,5.07)","2.17(-1.95,6.46)","4.88(-0.10,9.82)","0.4426","0.4391","0.3232","0.0567","1.0006","1.0008","1.0008","1.0004",2097,2083,2035,2239,3133,2553,2616,2651
"X60_X84_Y87.0","2000_2005","2011_2015",10,"doe_zone_7_EQI+SM+PA+OB","0.00","0.16(-3.59,4.04)","2.08(-1.54,5.55)","5.31(1.54,8.89)","2.21(-3.50,7.59)","0.9415","0.2302","0.0077","0.4241","1.0003","1.0002","1.0001","1.0002",3254,2805,2570,2784,2744,2873,2300,2195
"X60_X84_Y87.0","2000_2005","2011_2015",10,"doe_zone_7_EQI_Air+SM+PA+OB","0.00","0.92(-2.30,4.10)","1.82(-2.37,6.10)","2.66(-2.01,7.39)","-0.06(-9.13,9.45)","0.5631","0.3837","0.2712","0.9925","1.0013","0.9995","1.0009","1.0020",4000,4904,5062,5409,2324,3111,2892,2458
"X60_X84_Y87.0","2000_2005","2011_2015",10,"doe_zone_7_EQI_Water+SM+PA+OB","0.00","-2.50(-6.41,1.30)","0.87(-3.56,5.29)","4.85(0.40,9.42)","0.24(-4.44,5.08)","0.2097","0.7041","0.0367","0.9225","1.0002","1.0023","1.0001","1.0000",2317,2471,2593,2653,2425,3040,2948,3062
"X60_X84_Y87.0","2000_2005","2011_2015",10,"doe_zone_7_EQI_Land+SM+PA+OB","0.00","1.21(-3.31,5.61)","1.60(-2.52,5.87)","-0.29(-4.20,3.61)","1.19(-2.85,5.39)","0.5946","0.4536","0.8845","0.5601","1.0009","1.0006","1.0019","1.0012",3478,3133,2972,2814,3361,2842,3205,2722
"X60_X84_Y87.0","2000_2005","2011_2015",10,"doe_zone_7_EQI_Built+SM+PA+OB","0.00","-0.39(-4.71,3.96)","1.56(-2.44,5.68)","2.95(-0.91,6.89)","5.47(1.45,9.46)","0.8615","0.4586","0.1442","0.0077","0.9998","1.0005","1.0004","1.0007",3667,3246,3137,2759,3017,3067,2862,2762
"X60_X84_Y87.0","2000_2005","2011_2015",10,"doe_zone_7_EQI_Social+SM+PA+OB","0.00","-0.09(-4.07,3.77)","3.43(-0.51,7.18)","2.58(-1.83,6.79)","3.75(-1.48,8.94)","0.9675","0.0857","0.2562","0.1507","1.0000","1.0012","0.9998","1.0006",2786,2412,2618,2665,2891,2704,2714,2571
"X60_X84_Y87.0","2000_2005","2016_2020",15,"doe_zone_7_EQI+SM+PA+OB","0.00","0.49(-3.35,4.38)","5.45(1.53,9.38)","6.24(2.38,10.03)","2.82(-3.28,8.68)","0.8085","0.0097","0.0022","0.3437","1.0006","1.0000","1.0027","1.0000",3552,3418,3008,3286,3129,2808,2837,2853
"X60_X84_Y87.0","2000_2005","2016_2020",15,"doe_zone_7_EQI_Air+SM+PA+OB","0.00","-0.13(-3.53,3.38)","1.74(-2.65,6.35)","3.26(-1.59,8.04)","0.00(-10.06,10.00)","0.9415","0.4316","0.1872","0.9960","1.0000","1.0016","1.0011","1.0041",4293,4761,5072,5395,3028,2929,3296,2653
"X60_X84_Y87.0","2000_2005","2016_2020",15,"doe_zone_7_EQI_Water+SM+PA+OB","0.00","-0.62(-4.66,3.42)","2.09(-2.42,6.70)","4.25(-0.37,8.79)","3.55(-1.32,8.28)","0.7596","0.3667","0.0727","0.1522","1.0009","1.0017","1.0009","1.0016",3032,3098,2887,3354,2923,2959,2903,3095
"X60_X84_Y87.0","2000_2005","2016_2020",15,"doe_zone_7_EQI_Land+SM+PA+OB","0.00","2.41(-2.44,7.26)","2.81(-1.52,7.16)","0.69(-3.48,4.78)","0.82(-3.47,4.97)","0.3342","0.1962","0.7581","0.6831","1.0010","0.9999","0.9999","0.9997",3335,2853,2899,2781,3006,2559,2791,2778
"X60_X84_Y87.0","2000_2005","2016_2020",15,"doe_zone_7_EQI_Built+SM+PA+OB","0.00","0.29(-4.24,4.76)","4.96(0.38,9.32)","4.34(0.31,8.41)","6.04(1.79,10.28)","0.8930","0.0317","0.0362","0.0082","1.0045","1.0015","1.0004","1.0003",3756,3377,3215,2755,3290,2940,3609,2976
"X60_X84_Y87.0","2000_2005","2016_2020",15,"doe_zone_7_EQI_Social+SM+PA+OB","0.00","-0.40(-4.25,3.79)","3.87(-0.14,7.95)","2.97(-1.66,7.65)","6.93(1.34,12.47)","0.8455","0.0582","0.2022","0.0127","1.0018","1.0013","1.0003","1.0025",3200,2921,2897,2974,3264,2859,3128,2772
"X60_X84_Y87.0","2000_2005","2021_2024",20,"doe_zone_7_EQI+SM+PA+OB","0.00","-1.72(-6.70,3.18)","4.68(0.02,9.19)","6.48(1.73,11.27)","2.67(-4.37,9.47)","0.4986","0.0502","0.0097","0.4481","1.0012","1.0005","1.0012","1.0010",3774,3083,2740,2748,2915,3080,3069,2659
"X60_X84_Y87.0","2000_2005","2021_2024",20,"doe_zone_7_EQI_Air+SM+PA+OB","0.00","1.72(-2.66,6.04)","1.39(-4.35,7.08)","4.39(-1.69,10.60)","0.06(-9.68,10.22)","0.4241","0.6301","0.1782","0.9940","1.0002","1.0008","1.0019","1.0006",3830,4025,4068,4936,2905,3172,2775,3032
"X60_X84_Y87.0","2000_2005","2021_2024",20,"doe_zone_7_EQI_Water+SM+PA+OB","0.00","-2.36(-7.12,2.22)","2.20(-3.21,7.46)","6.54(0.90,12.05)","2.83(-2.94,8.39)","0.3332","0.4281","0.0242","0.3282","1.0000","1.0003","1.0001","1.0009",2459,2609,2580,2530,3036,3080,3163,2646
"X60_X84_Y87.0","2000_2005","2021_2024",20,"doe_zone_7_EQI_Land+SM+PA+OB","0.00","4.38(-1.15,10.12)","3.81(-1.42,9.03)","1.83(-3.05,6.76)","0.79(-4.28,5.85)","0.1187","0.1452","0.4666","0.7461","1.0021","1.0008","1.0028","1.0014",3016,3061,3091,2762,3171,2878,2996,2629
"X60_X84_Y87.0","2000_2005","2021_2024",20,"doe_zone_7_EQI_Built+SM+PA+OB","0.00","3.18(-2.82,9.02)","1.10(-4.17,6.37)","2.00(-3.02,7.33)","3.80(-1.20,8.84)","0.3037","0.6766","0.4366","0.1432","1.0000","1.0009","1.0017","1.0035",3710,2820,2732,2029,2870,2926,2825,2577
"X60_X84_Y87.0","2000_2005","2021_2024",20,"doe_zone_7_EQI_Social+SM+PA+OB","0.00","-1.16(-5.90,3.61)","2.57(-2.19,7.21)","4.70(-1.07,10.18)","4.40(-1.90,10.68)","0.6376","0.2972","0.1102","0.1712","1.0024","1.0003","1.0006","1.0004",2823,2836,2670,2039,2936,2841,2813,2568
"X60_X84_Y87.0","2000_2005","2006_2010",5,"Economic_type_1_EQI+SM+PA+OB","0.00","1.70(0.69,2.75)","3.97(2.37,5.53)","5.96(3.79,8.18)","2.69(-1.99,7.54)","0.0032","0.0002","0.0002","0.2732","1.0000","1.0007","1.0005","1.0018",3167,3456,3105,3804,2845,2635,2989,2868
"X60_X84_Y87.0","2000_2005","2006_2010",5,"Economic_type_1_EQI_Air+SM+PA+OB","0.00","3.03(1.52,4.52)","6.22(4.00,8.52)","6.69(3.64,9.93)","0.13(-9.69,9.83)","0.0002","0.0002","0.0002","0.9805","1.0006","1.0009","1.0013","1.0008",3197,3723,5210,5028,3032,3240,3330,2836
"X60_X84_Y87.0","2000_2005","2006_2010",5,"Economic_type_1_EQI_Water+SM+PA+OB","0.00","0.32(-0.96,1.61)","1.50(-0.06,3.14)","1.09(-0.43,2.59)","0.27(-1.52,2.15)","0.6501","0.0627","0.1607","0.7861","1.0015","1.0018","1.0006","1.0007",2450,2424,2464,2715,2926,2731,3300,2970
"X60_X84_Y87.0","2000_2005","2006_2010",5,"Economic_type_1_EQI_Land+SM+PA+OB","0.00","-1.66(-3.34,0.01)","-0.07(-1.66,1.51)","-0.22(-1.84,1.45)","0.44(-1.27,2.17)","0.0522","0.9430","0.7811","0.6331","1.0001","1.0000","0.9998","1.0010",2421,2037,1804,1876,3120,2577,2300,1920
"X60_X84_Y87.0","2000_2005","2006_2010",5,"Economic_type_1_EQI_Built+SM+PA+OB","0.00","1.02(-0.04,2.07)","1.48(0.12,2.82)","2.30(0.80,3.88)","2.08(-0.29,4.52)","0.0592","0.0312","0.0037","0.0797","1.0010","1.0006","1.0009","1.0004",4177,4308,5408,5304,2602,3331,3037,2941
"X60_X84_Y87.0","2000_2005","2006_2010",5,"Economic_type_1_EQI_Social+SM+PA+OB","0.00","0.05(-1.26,1.37)","-0.73(-2.23,0.85)","-0.02(-1.75,1.72)","0.12(-2.11,2.47)","0.9360","0.3317","0.9780","0.9230","1.0009","1.0013","1.0013","1.0011",2090,1875,1574,2048,2737,2549,2442,2637
"X60_X84_Y87.0","2000_2005","2011_2015",10,"Economic_type_1_EQI+SM+PA+OB","0.00","3.19(1.93,4.56)","3.73(2.03,5.42)","7.60(4.80,10.37)","3.29(-2.11,8.91)","0.0002","0.0002","0.0002","0.2562","1.0006","1.0000","1.0011","0.9998",3347,3562,3367,3847,2969,2856,3077,3089
"X60_X84_Y87.0","2000_2005","2011_2015",10,"Economic_type_1_EQI_Air+SM+PA+OB","0.00","3.70(2.00,5.41)","6.63(3.90,9.39)","5.26(2.00,8.49)","0.05(-9.42,9.47)","0.0002","0.0002","0.0037","0.9915","0.9998","1.0001","1.0003","1.0022",3724,4415,4730,6340,3067,3533,2968,3002
"X60_X84_Y87.0","2000_2005","2011_2015",10,"Economic_type_1_EQI_Water+SM+PA+OB","0.00","0.96(-0.63,2.62)","1.99(0.05,3.98)","2.58(0.78,4.57)","1.31(-0.91,3.53)","0.2442","0.0467","0.0077","0.2412","1.0014","1.0011","1.0025","1.0006",1996,2218,2131,2231,2705,2336,2639,2793
"X60_X84_Y87.0","2000_2005","2011_2015",10,"Economic_type_1_EQI_Land+SM+PA+OB","0.00","-1.04(-3.06,0.99)","-0.34(-2.20,1.57)","-0.43(-2.39,1.58)","1.15(-0.87,3.27)","0.3022","0.7161","0.6586","0.2817","1.0004","1.0006","1.0016","1.0014",2935,2315,2168,2150,2841,3070,3223,3000
"X60_X84_Y87.0","2000_2005","2011_2015",10,"Economic_type_1_EQI_Built+SM+PA+OB","0.00","0.93(-0.37,2.22)","1.97(0.36,3.60)","2.26(0.59,3.91)","2.09(-0.70,4.89)","0.1592","0.0162","0.0077","0.1407","0.9999","1.0004","1.0007","1.0017",4325,4408,4608,6337,2948,3249,3147,2962
"X60_X84_Y87.0","2000_2005","2011_2015",10,"Economic_type_1_EQI_Social+SM+PA+OB","0.00","0.17(-1.31,1.71)","-0.14(-1.95,1.63)","0.74(-1.22,2.62)","1.21(-1.46,3.89)","0.8440","0.8635","0.4561","0.3952","1.0026","1.0019","1.0021","1.0007",2230,1920,2511,2783,2646,2532,2980,2800
"X60_X84_Y87.0","2000_2005","2016_2020",15,"Economic_type_1_EQI+SM+PA+OB","0.00","4.28(2.79,5.77)","4.91(2.95,6.91)","6.63(3.56,9.60)","4.82(-1.30,11.19)","0.0002","0.0002","0.0002","0.1372","1.0014","1.0025","0.9999","1.0001",5056,5040,5110,6286,2690,3160,3098,2872
"X60_X84_Y87.0","2000_2005","2016_2020",15,"Economic_type_1_EQI_Air+SM+PA+OB","0.00","2.16(0.21,4.10)","3.89(1.03,6.87)","3.58(-0.11,7.37)","0.04(-9.68,10.12)","0.0332","0.0112","0.0607","0.9990","1.0022","1.0026","1.0006","1.0004",2622,2694,3647,5389,2995,2302,3187,3091
"X60_X84_Y87.0","2000_2005","2016_2020",15,"Economic_type_1_EQI_Water+SM+PA+OB","0.00","1.68(-0.31,3.73)","3.25(0.82,5.67)","4.24(1.72,6.85)","2.18(-0.52,4.85)","0.1032","0.0092","0.0002","0.1172","1.0005","1.0002","1.0004","1.0003",1759,1574,1282,1740,2179,2430,2296,2420
"X60_X84_Y87.0","2000_2005","2016_2020",15,"Economic_type_1_EQI_Land+SM+PA+OB","0.00","0.52(-2.01,2.96)","-0.43(-2.68,1.79)","-0.33(-2.76,2.10)","-0.12(-2.62,2.45)","0.6856","0.7101","0.7846","0.9205","1.0006","1.0019","1.0014","1.0015",2310,1832,1574,1641,2653,2676,2546,2607
"X60_X84_Y87.0","2000_2005","2016_2020",15,"Economic_type_1_EQI_Built+SM+PA+OB","0.00","2.25(0.71,3.84)","2.72(0.74,4.59)","4.71(2.47,6.96)","6.62(2.68,10.96)","0.0052","0.0047","0.0002","0.0012","1.0011","1.0004","1.0016","1.0029",3880,4173,4657,4625,3075,3388,3007,2837
"X60_X84_Y87.0","2000_2005","2016_2020",15,"Economic_type_1_EQI_Social+SM+PA+OB","0.00","-0.67(-2.48,1.25)","-0.61(-2.82,1.60)","1.74(-0.69,4.16)","2.49(-0.71,5.55)","0.4996","0.5771","0.1652","0.1277","1.0016","1.0010","1.0019","1.0012",1829,1770,1738,1986,2828,2577,2553,2549
"X60_X84_Y87.0","2000_2005","2021_2024",20,"Economic_type_1_EQI+SM+PA+OB","0.00","2.96(1.26,4.71)","6.14(3.56,8.69)","6.11(2.79,9.43)","1.69(-4.81,8.44)","0.0017","0.0002","0.0002","0.6181","1.0017","1.0006","1.0003","1.0022",5463,5204,4719,5925,3330,2852,3213,3048
"X60_X84_Y87.0","2000_2005","2021_2024",20,"Economic_type_1_EQI_Air+SM+PA+OB","0.00","1.92(-0.42,4.19)","6.03(2.60,9.55)","2.54(-1.89,6.99)","-0.03(-9.82,9.71)","0.1122","0.0017","0.2617","0.9875","1.0008","1.0008","0.9999","1.0001",3619,3772,4238,5902,2926,2457,3057,3201
"X60_X84_Y87.0","2000_2005","2021_2024",20,"Economic_type_1_EQI_Water+SM+PA+OB","0.00","-0.27(-2.60,2.00)","1.49(-1.38,4.25)","3.01(0.26,5.80)","2.48(-0.62,5.65)","0.8295","0.3027","0.0327","0.1177","0.9999","1.0021","1.0010","1.0019",2610,2474,2404,2633,2786,2755,2641,2607
"X60_X84_Y87.0","2000_2005","2021_2024",20,"Economic_type_1_EQI_Land+SM+PA+OB","0.00","-2.48(-5.33,0.38)","-0.75(-3.32,1.90)","-2.19(-4.93,0.56)","-1.38(-4.29,1.51)","0.0917","0.5806","0.1197","0.3297","1.0009","1.0008","1.0019","1.0010",2846,2508,1663,1673,3016,2763,2594,2818
"X60_X84_Y87.0","2000_2005","2021_2024",20,"Economic_type_1_EQI_Built+SM+PA+OB","0.00","1.30(-0.58,3.16)","2.25(-0.10,4.64)","3.80(1.11,6.48)","2.54(-1.42,6.71)","0.1527","0.0597","0.0022","0.2232","1.0009","1.0012","1.0011","1.0010",4547,4059,4505,5861,2903,2604,3137,2967
"X60_X84_Y87.0","2000_2005","2021_2024",20,"Economic_type_1_EQI_Social+SM+PA+OB","0.00","-0.59(-2.79,1.62)","-0.87(-3.41,1.56)","0.90(-1.84,3.52)","3.55(-0.17,7.36)","0.5891","0.4896","0.5281","0.0622","1.0004","1.0001","0.9994","1.0005",2365,2102,2004,2601,3003,2979,3011,2282
"X60_X84_Y87.0","2000_2005","2006_2010",5,"Economic_type_2_EQI+SM+PA+OB","0.00","2.05(-0.56,4.60)","3.31(-0.23,6.81)","2.66(-1.70,6.66)","4.58(-1.60,11.01)","0.1182","0.0677","0.2147","0.1672","1.0002","1.0019","1.0008","1.0001",3258,2157,2203,3868,2968,2795,2772,3115
"X60_X84_Y87.0","2000_2005","2006_2010",5,"Economic_type_2_EQI_Air+SM+PA+OB","0.00","0.04(-3.35,3.39)","1.29(-2.37,4.96)","-0.50(-4.50,3.51)","-0.54(-6.68,5.60)","0.9815","0.4936","0.8040","0.8660","1.0010","1.0009","1.0003","1.0009",1732,2261,2175,2888,3192,3004,2678,3146
"X60_X84_Y87.0","2000_2005","2006_2010",5,"Economic_type_2_EQI_Water+SM+PA+OB","0.00","0.69(-3.35,4.71)","3.08(-1.46,7.61)","2.32(-1.64,6.34)","2.16(-2.21,6.38)","0.7451","0.1757","0.2717","0.3162","1.0011","1.0002","1.0011","1.0004",2452,2804,2484,2661,2868,3087,2848,2991
"X60_X84_Y87.0","2000_2005","2006_2010",5,"Economic_type_2_EQI_Land+SM+PA+OB","0.00","0.15(-2.86,3.08)","-1.31(-4.72,2.20)","2.72(-1.62,6.88)","2.02(-3.78,7.87)","0.8985","0.4426","0.2067","0.5081","1.0005","1.0004","1.0011","1.0007",4150,2822,3500,3817,3083,3090,2562,3431
"X60_X84_Y87.0","2000_2005","2006_2010",5,"Economic_type_2_EQI_Built+SM+PA+OB","0.00","-0.51(-3.79,2.70)","-0.80(-4.10,2.54)","0.97(-2.45,4.33)","4.29(0.30,8.21)","0.7786","0.6346","0.5766","0.0387","1.0010","1.0000","1.0003","1.0011",3770,3302,2823,3326,3212,3057,3143,2640
"X60_X84_Y87.0","2000_2005","2006_2010",5,"Economic_type_2_EQI_Social+SM+PA+OB","0.00","1.20(-1.85,4.21)","-1.75(-5.50,1.90)","0.35(-4.18,5.13)","-0.01(-6.60,6.31)","0.4311","0.3482","0.8810","0.9850","1.0006","1.0014","1.0008","1.0000",4394,2393,3318,4780,2864,2511,3450,3211
"X60_X84_Y87.0","2000_2005","2011_2015",10,"Economic_type_2_EQI+SM+PA+OB","0.00","2.75(-0.01,5.45)","5.42(1.66,9.04)","1.68(-3.16,6.31)","5.30(-1.18,11.89)","0.0512","0.0047","0.4726","0.1107","1.0007","1.0006","1.0013","1.0003",3884,3125,3119,3567,3553,3275,2967,3091
"X60_X84_Y87.0","2000_2005","2011_2015",10,"Economic_type_2_EQI_Air+SM+PA+OB","0.00","4.58(1.27,7.85)","4.32(0.55,8.03)","2.66(-1.45,6.66)","2.33(-3.62,8.36)","0.0082","0.0232","0.1937","0.4511","1.0008","0.9999","0.9999","1.0007",3548,2975,2659,3956,2965,3332,2997,3307
"X60_X84_Y87.0","2000_2005","2011_2015",10,"Economic_type_2_EQI_Water+SM+PA+OB","0.00","1.07(-3.32,5.39)","0.67(-3.88,5.03)","2.47(-1.97,6.82)","4.42(-0.15,8.93)","0.6116","0.7591","0.2572","0.0592","1.0004","1.0009","1.0006","1.0006",2493,2971,2437,2482,3247,3211,2943,3166
"X60_X84_Y87.0","2000_2005","2011_2015",10,"Economic_type_2_EQI_Land+SM+PA+OB","0.00","-0.36(-3.47,2.69)","-0.86(-4.35,2.78)","1.88(-2.48,6.17)","1.51(-4.44,7.53)","0.8090","0.6251","0.3932","0.6316","1.0001","1.0004","1.0001","1.0015",4655,3564,3655,4281,3092,3292,3443,3185
"X60_X84_Y87.0","2000_2005","2011_2015",10,"Economic_type_2_EQI_Built+SM+PA+OB","0.00","-0.51(-3.76,2.90)","-0.40(-4.00,3.32)","0.31(-3.09,3.71)","3.26(-0.66,7.43)","0.7496","0.8085","0.8605","0.1117","1.0007","1.0008","1.0004","1.0005",4086,3561,3616,3379,3255,3116,3137,2922
"X60_X84_Y87.0","2000_2005","2011_2015",10,"Economic_type_2_EQI_Social+SM+PA+OB","0.00","1.25(-2.01,4.56)","-0.24(-3.95,3.55)","-0.24(-5.62,5.14)","-1.45(-8.09,5.44)","0.4651","0.9090","0.9290","0.6701","1.0007","1.0004","1.0008","1.0002",4217,3048,3999,4364,2893,3058,3010,3295
"X60_X84_Y87.0","2000_2005","2016_2020",15,"Economic_type_2_EQI+SM+PA+OB","0.00","3.56(0.13,6.87)","3.89(-0.46,8.26)","2.09(-3.27,7.19)","5.64(-1.54,12.91)","0.0437","0.0742","0.4141","0.1172","1.0004","1.0010","1.0017","1.0009",3078,2806,1653,3431,3100,2837,2069,2599
"X60_X84_Y87.0","2000_2005","2016_2020",15,"Economic_type_2_EQI_Air+SM+PA+OB","0.00","-0.68(-4.57,3.25)","2.63(-1.65,6.80)","0.92(-3.75,5.63)","0.87(-6.25,7.81)","0.7341","0.2227","0.6896","0.7931","0.9995","1.0008","1.0012","1.0011",4101,3981,3542,5691,2705,3266,2888,3201
"X60_X84_Y87.0","2000_2005","2016_2020",15,"Economic_type_2_EQI_Water+SM+PA+OB","0.00","0.13(-4.45,4.56)","2.32(-2.89,7.41)","2.65(-2.19,7.52)","2.82(-2.08,7.38)","0.9215","0.3682","0.2957","0.2452","1.0005","0.9997","1.0000","1.0025",3839,3905,2752,3406,3243,3116,2749,2912
"X60_X84_Y87.0","2000_2005","2016_2020",15,"Economic_type_2_EQI_Land+SM+PA+OB","0.00","-0.22(-3.98,3.58)","-0.16(-4.44,4.22)","1.03(-3.98,5.94)","2.12(-4.05,8.14)","0.8870","0.9615","0.6711","0.4986","0.9998","1.0001","1.0001","1.0002",4402,3180,3354,4654,3356,3211,3201,2980
"X60_X84_Y87.0","2000_2005","2016_2020",15,"Economic_type_2_EQI_Built+SM+PA+OB","0.00","1.03(-3.16,5.34)","2.56(-1.68,6.74)","2.33(-2.19,6.60)","4.22(-0.80,9.21)","0.6286","0.2402","0.2887","0.1107","0.9999","1.0021","1.0016","1.0003",4078,3217,3461,4259,3140,3330,3080,3326
"X60_X84_Y87.0","2000_2005","2016_2020",15,"Economic_type_2_EQI_Social+SM+PA+OB","0.00","4.69(0.67,8.70)","-0.25(-4.80,4.14)","2.60(-3.10,8.72)","1.02(-6.25,8.18)","0.0212","0.9080","0.3722","0.7786","1.0020","1.0004","1.0003","1.0009",5036,3359,4656,5266,3468,2655,3056,3192
"X60_X84_Y87.0","2000_2005","2021_2024",20,"Economic_type_2_EQI+SM+PA+OB","0.00","1.88(-1.80,5.38)","3.13(-1.67,7.72)","2.14(-3.62,7.83)","5.99(-1.56,13.74)","0.3067","0.1927","0.4731","0.1277","1.0001","1.0020","1.0012","1.0011",4157,3546,2501,4825,2908,2561,2971,3083
"X60_X84_Y87.0","2000_2005","2021_2024",20,"Economic_type_2_EQI_Air+SM+PA+OB","0.00","1.79(-2.71,6.18)","1.45(-3.34,6.22)","0.48(-4.87,6.01)","-0.34(-7.54,6.64)","0.4406","0.5421","0.8625","0.9190","1.0011","1.0015","1.0008","1.0001",2649,2810,1742,2524,2770,2844,2802,3046
"X60_X84_Y87.0","2000_2005","2021_2024",20,"Economic_type_2_EQI_Water+SM+PA+OB","0.00","0.24(-4.84,5.19)","3.37(-2.25,8.74)","2.60(-2.48,7.74)","2.14(-3.28,7.58)","0.9190","0.2327","0.3067","0.4441","1.0002","1.0007","1.0002","1.0000",2769,3112,2357,2835,2770,3060,2681,3111
"X60_X84_Y87.0","2000_2005","2021_2024",20,"Economic_type_2_EQI_Land+SM+PA+OB","0.00","-1.88(-5.85,2.06)","-0.21(-5.18,4.69)","2.59(-3.06,8.19)","-3.82(-10.27,2.74)","0.3607","0.9440","0.3677","0.2542","1.0010","1.0010","1.0016","1.0007",3678,2640,4020,4338,3234,2528,3272,3266
"X60_X84_Y87.0","2000_2005","2021_2024",20,"Economic_type_2_EQI_Built+SM+PA+OB","0.00","-3.19(-7.19,1.09)","1.80(-2.68,6.23)","2.22(-2.06,6.60)","3.99(-1.53,9.50)","0.1382","0.4286","0.3162","0.1517","1.0012","1.0020","1.0010","1.0018",4276,3917,3562,3204,3437,3283,2703,3140
"X60_X84_Y87.0","2000_2005","2021_2024",20,"Economic_type_2_EQI_Social+SM+PA+OB","0.00","0.58(-3.37,4.59)","-2.80(-7.46,1.97)","-1.64(-7.66,4.50)","2.43(-5.58,10.48)","0.7821","0.2412","0.5956","0.5691","1.0002","1.0012","1.0018","1.0010",3606,2614,4158,5932,3073,2553,3204,2928
"X60_X84_Y87.0","2000_2005","2006_2010",5,"Economic_type_3_EQI+SM+PA+OB","0.00","1.67(0.54,2.83)","2.33(1.12,3.51)","2.27(0.97,3.50)","1.75(0.29,3.10)","0.0082","0.0002","0.0002","0.0162","1.0005","1.0013","1.0013","1.0020",2283,1708,1660,1575,2800,2207,2338,2307
"X60_X84_Y87.0","2000_2005","2006_2010",5,"Economic_type_3_EQI_Air+SM+PA+OB","0.00","4.69(3.01,6.25)","5.66(3.97,7.23)","5.90(4.21,7.52)","5.25(3.55,6.93)","0.0002","0.0002","0.0002","0.0002","1.0015","1.0017","1.0012","1.0011",1664,1466,1493,1515,2447,2177,2185,2061
"X60_X84_Y87.0","2000_2005","2006_2010",5,"Economic_type_3_EQI_Water+SM+PA+OB","0.00","1.31(0.02,2.62)","1.36(0.09,2.63)","0.73(-0.56,1.99)","0.79(-0.65,2.21)","0.0477","0.0347","0.2662","0.2617","1.0018","1.0009","1.0014","1.0019",1832,1860,1664,1744,2528,2718,2156,2532
"X60_X84_Y87.0","2000_2005","2006_2010",5,"Economic_type_3_EQI_Land+SM+PA+OB","0.00","0.47(-0.43,1.37)","0.40(-0.59,1.32)","0.11(-0.96,1.16)","0.15(-1.05,1.33)","0.3052","0.4211","0.8310","0.7886","1.0009","1.0022","1.0026","1.0035",2769,2177,1981,1915,2744,3067,2728,2761
"X60_X84_Y87.0","2000_2005","2006_2010",5,"Economic_type_3_EQI_Built+SM+PA+OB","0.00","0.31(-0.57,1.19)","0.40(-0.51,1.32)","0.70(-0.24,1.64)","0.04(-1.10,1.18)","0.4951","0.4011","0.1477","0.9515","1.0016","1.0007","1.0010","1.0006",3071,2498,2386,2540,3299,3238,3040,3043
"X60_X84_Y87.0","2000_2005","2006_2010",5,"Economic_type_3_EQI_Social+SM+PA+OB","0.00","0.34(-0.77,1.45)","0.02(-1.17,1.25)","-0.32(-1.67,1.00)","-1.04(-2.58,0.51)","0.5356","0.9695","0.6426","0.1962","1.0006","1.0021","1.0031","1.0041",2595,1989,1721,1656,2989,2432,2171,2303
"X60_X84_Y87.0","2000_2005","2011_2015",10,"Economic_type_3_EQI+SM+PA+OB","0.00","2.23(0.96,3.54)","1.85(0.59,3.14)","1.78(0.43,3.15)","1.93(0.43,3.44)","0.0002","0.0027","0.0112","0.0087","1.0005","1.0014","1.0007","1.0011",2098,1755,1630,1643,2546,2109,2098,2249
"X60_X84_Y87.0","2000_2005","2011_2015",10,"Economic_type_3_EQI_Air+SM+PA+OB","0.00","1.79(-0.56,3.86)","4.12(1.84,6.21)","4.40(2.11,6.50)","3.18(0.83,5.29)","0.1337","0.0007","0.0007","0.0087","1.0025","1.0028","1.0031","1.0037",1208,1199,1210,1178,1708,2151,1998,2061
"X60_X84_Y87.0","2000_2005","2011_2015",10,"Economic_type_3_EQI_Water+SM+PA+OB","0.00","0.54(-0.82,1.91)","1.23(-0.11,2.61)","1.25(-0.15,2.64)","1.73(0.22,3.27)","0.4406","0.0742","0.0817","0.0262","1.0008","1.0013","1.0008","1.0013",1407,1468,1517,1538,2070,2031,2214,2408
"X60_X84_Y87.0","2000_2005","2011_2015",10,"Economic_type_3_EQI_Land+SM+PA+OB","0.00","0.18(-0.74,1.11)","0.07(-0.93,1.05)","0.18(-0.92,1.29)","0.00(-1.17,1.19)","0.6946","0.8805","0.7461","0.9855","1.0006","0.9999","1.0025","1.0018",2743,2303,2115,2272,2746,3125,2542,2737
"X60_X84_Y87.0","2000_2005","2011_2015",10,"Economic_type_3_EQI_Built+SM+PA+OB","0.00","-0.11(-1.02,0.83)","-0.54(-1.48,0.44)","0.25(-0.74,1.23)","-1.75(-2.92,-0.58)","0.8215","0.2622","0.6266","0.0052","1.0003","1.0007","1.0014","1.0011",2518,2082,2029,2156,2857,2699,2529,2710
"X60_X84_Y87.0","2000_2005","2011_2015",10,"Economic_type_3_EQI_Social+SM+PA+OB","0.00","-0.04(-1.17,1.09)","0.42(-0.85,1.67)","0.23(-1.15,1.57)","-0.34(-1.94,1.28)","0.9340","0.5261","0.7346","0.6956","1.0044","1.0058","1.0060","1.0055",2497,1923,1846,1735,3270,2967,2768,2462
"X60_X84_Y87.0","2000_2005","2016_2020",15,"Economic_type_3_EQI+SM+PA+OB","0.00","1.61(0.45,2.79)","1.51(0.28,2.75)","2.32(1.01,3.61)","1.64(0.16,3.08)","0.0092","0.0232","0.0017","0.0312","1.0003","1.0008","1.0005","1.0003",1825,1603,1423,1423,2224,2302,2008,1988
"X60_X84_Y87.0","2000_2005","2016_2020",15,"Economic_type_3_EQI_Air+SM+PA+OB","0.00","1.22(-0.99,3.34)","2.85(0.65,4.92)","3.83(1.60,5.98)","2.84(0.54,5.02)","0.2817","0.0137","0.0022","0.0202","1.0010","1.0021","1.0020","1.0022",1709,1579,1577,1594,2052,1834,2023,2009
"X60_X84_Y87.0","2000_2005","2016_2020",15,"Economic_type_3_EQI_Water+SM+PA+OB","0.00","0.78(-0.64,2.25)","0.83(-0.53,2.19)","0.36(-1.00,1.75)","0.44(-1.04,1.88)","0.2917","0.2317","0.6071","0.5626","1.0001","1.0007","1.0006","0.9999",1604,1632,1582,1708,2738,2343,2328,2534
"X60_X84_Y87.0","2000_2005","2016_2020",15,"Economic_type_3_EQI_Land+SM+PA+OB","0.00","-0.66(-1.57,0.24)","-0.10(-1.08,0.88)","-0.33(-1.45,0.80)","-0.77(-1.98,0.41)","0.1582","0.8400","0.5631","0.2117","1.0010","1.0009","1.0016","1.0017",2780,2106,1913,2141,2804,3015,2239,2810
"X60_X84_Y87.0","2000_2005","2016_2020",15,"Economic_type_3_EQI_Built+SM+PA+OB","0.00","0.30(-0.64,1.22)","1.11(0.12,2.10)","1.30(0.26,2.32)","0.81(-0.43,2.03)","0.5371","0.0267","0.0177","0.2137","1.0003","1.0009","1.0010","1.0001",2599,2193,1979,2363,2989,3005,2496,2853
"X60_X84_Y87.0","2000_2005","2016_2020",15,"Economic_type_3_EQI_Social+SM+PA+OB","0.00","1.27(0.19,2.40)","1.19(-0.06,2.41)","0.27(-1.05,1.53)","-0.55(-2.09,0.97)","0.0222","0.0627","0.6991","0.4866","1.0003","1.0005","1.0015","1.0014",2331,1702,1619,1651,2977,2558,2447,2324
"X60_X84_Y87.0","2000_2005","2021_2024",20,"Economic_type_3_EQI+SM+PA+OB","0.00","0.23(-1.47,1.94)","2.79(1.05,4.57)","2.73(0.91,4.55)","2.06(0.05,4.08)","0.7941","0.0027","0.0032","0.0477","1.0009","1.0018","1.0020","1.0010",1707,1424,1202,1299,2489,2289,2073,1986
"X60_X84_Y87.0","2000_2005","2021_2024",20,"Economic_type_3_EQI_Air+SM+PA+OB","0.00","4.53(2.30,6.75)","6.06(3.84,8.10)","6.13(3.93,8.28)","5.01(2.71,7.26)","0.0002","0.0002","0.0002","0.0002","1.0024","1.0025","1.0034","1.0033",1859,1661,1520,1436,2402,2403,2037,2131
"X60_X84_Y87.0","2000_2005","2021_2024",20,"Economic_type_3_EQI_Water+SM+PA+OB","0.00","3.05(1.21,4.89)","4.12(2.13,6.02)","3.56(1.56,5.46)","3.75(1.58,5.95)","0.0017","0.0002","0.0007","0.0007","1.0002","1.0011","1.0017","1.0018",1565,1395,1420,1517,2482,2176,1714,2046
"X60_X84_Y87.0","2000_2005","2021_2024",20,"Economic_type_3_EQI_Land+SM+PA+OB","0.00","-0.39(-1.76,0.94)","-0.52(-1.98,0.91)","-1.45(-3.02,0.18)","-0.95(-2.70,0.83)","0.5736","0.4836","0.0792","0.2952","1.0024","1.0031","1.0035","1.0038",2196,1833,1776,1857,2876,2513,2469,2354
"X60_X84_Y87.0","2000_2005","2021_2024",20,"Economic_type_3_EQI_Built+SM+PA+OB","0.00","1.40(0.07,2.73)","1.64(0.32,2.97)","2.23(0.79,3.54)","0.66(-0.95,2.28)","0.0387","0.0197","0.0017","0.4316","1.0004","0.9999","1.0032","0.9998",3018,2345,2253,2092,2920,2753,2520,3182
"X60_X84_Y87.0","2000_2005","2021_2024",20,"Economic_type_3_EQI_Social+SM+PA+OB","0.00","0.70(-0.82,2.24)","0.28(-1.48,2.05)","0.39(-1.54,2.24)","-1.27(-3.56,0.91)","0.3842","0.7681","0.6906","0.2647","1.0019","1.0023","1.0015","1.0023",2207,1699,1587,1498,2309,2340,1990,2037
"X60_X84_Y87.0","2000_2005","2006_2010",5,"Economic_type_4_EQI+SM+PA+OB","0.00","0.40(-1.43,2.28)","0.23(-1.63,1.99)","-0.62(-2.68,1.42)","-0.73(-3.04,1.52)","0.6676","0.8130","0.5826","0.5451","1.0013","0.9998","1.0001","0.9998",2440,1996,1644,1609,2621,2592,2496,2083
"X60_X84_Y87.0","2000_2005","2006_2010",5,"Economic_type_4_EQI_Air+SM+PA+OB","0.00","-0.36(-2.48,1.69)","-0.50(-2.55,1.58)","-0.68(-2.68,1.28)","-1.66(-3.83,0.44)","0.7371","0.6166","0.5041","0.1237","1.0001","1.0006","1.0004","0.9999",1805,1534,1436,1290,2664,2536,2452,2187
"X60_X84_Y87.0","2000_2005","2006_2010",5,"Economic_type_4_EQI_Water+SM+PA+OB","0.00","-0.34(-2.17,1.41)","1.42(-0.42,3.23)","1.27(-0.55,3.04)","0.78(-1.00,2.43)","0.7161","0.1247","0.1757","0.3642","1.0015","1.0003","1.0005","1.0008",1768,2141,2201,2137,2560,2647,2463,2760
"X60_X84_Y87.0","2000_2005","2006_2010",5,"Economic_type_4_EQI_Land+SM+PA+OB","0.00","-1.71(-3.28,-0.16)","-0.02(-1.63,1.58)","-0.40(-2.05,1.29)","1.13(-0.90,3.13)","0.0252","0.9815","0.6476","0.2612","1.0004","1.0007","1.0005","1.0006",2521,2367,2184,2110,2888,3165,2766,2532
"X60_X84_Y87.0","2000_2005","2006_2010",5,"Economic_type_4_EQI_Built+SM+PA+OB","0.00","-1.11(-3.15,0.89)","-1.29(-3.31,0.75)","-0.99(-3.03,1.01)","-2.01(-4.16,0.15)","0.2892","0.2032","0.3662","0.0672","1.0004","1.0028","1.0023","1.0008",1784,1548,1484,1341,2515,2260,2265,2407
"X60_X84_Y87.0","2000_2005","2006_2010",5,"Economic_type_4_EQI_Social+SM+PA+OB","0.00","-1.86(-3.51,-0.28)","-1.76(-3.60,-0.01)","-1.48(-3.53,0.52)","-1.94(-4.17,0.24)","0.0202","0.0487","0.1542","0.0802","1.0006","1.0008","1.0016","1.0014",1789,1582,1522,1455,2543,2511,1923,2007
"X60_X84_Y87.0","2000_2005","2011_2015",10,"Economic_type_4_EQI+SM+PA+OB","0.00","-0.48(-2.41,1.49)","1.05(-0.83,2.97)","0.03(-2.15,2.25)","-0.21(-2.65,2.26)","0.6281","0.2877","0.9875","0.8760","1.0010","1.0014","1.0013","1.0006",2044,1577,1331,1337,3053,2500,2362,2046
"X60_X84_Y87.0","2000_2005","2011_2015",10,"Economic_type_4_EQI_Air+SM+PA+OB","0.00","0.33(-1.80,2.50)","1.27(-0.77,3.37)","1.82(-0.38,4.06)","1.54(-0.97,4.06)","0.7396","0.2332","0.1027","0.2197","1.0026","1.0024","1.0035","1.0053",2292,1692,1366,881,2668,2504,1893,1763
"X60_X84_Y87.0","2000_2005","2011_2015",10,"Economic_type_4_EQI_Water+SM+PA+OB","0.00","1.97(-0.11,4.13)","2.71(0.60,4.83)","3.49(1.29,5.77)","3.39(1.36,5.49)","0.0672","0.0142","0.0037","0.0017","1.0010","1.0024","1.0025","1.0009",1698,1395,1467,1640,2037,2188,2185,2791
"X60_X84_Y87.0","2000_2005","2011_2015",10,"Economic_type_4_EQI_Land+SM+PA+OB","0.00","0.45(-1.22,2.17)","0.77(-0.99,2.51)","-0.80(-2.67,1.10)","-1.09(-3.43,1.19)","0.5926","0.3907","0.4086","0.3452","1.0005","1.0002","1.0006","1.0002",2510,2067,1872,1701,2679,2522,2386,2506
"X60_X84_Y87.0","2000_2005","2011_2015",10,"Economic_type_4_EQI_Built+SM+PA+OB","0.00","-0.47(-2.51,1.54)","-0.95(-2.96,1.11)","-0.74(-2.90,1.37)","-1.18(-3.37,0.95)","0.6581","0.3507","0.4986","0.2977","1.0007","1.0008","1.0026","1.0031",2169,1995,1728,1669,2458,3019,2757,2456
"X60_X84_Y87.0","2000_2005","2011_2015",10,"Economic_type_4_EQI_Social+SM+PA+OB","0.00","-0.81(-2.57,0.88)","-0.52(-2.52,1.47)","-1.29(-3.43,0.82)","-1.36(-3.65,0.84)","0.3552","0.6306","0.2347","0.2412","1.0009","1.0002","1.0005","1.0012",2038,1887,1919,1770,2500,2619,2250,2279
"X60_X84_Y87.0","2000_2005","2016_2020",15,"Economic_type_4_EQI+SM+PA+OB","0.00","0.44(-1.64,2.50)","1.97(-0.04,3.99)","0.75(-1.62,3.01)","1.61(-1.02,4.17)","0.6811","0.0542","0.5086","0.2212","1.0012","1.0030","1.0038","1.0028",2391,1785,1567,1534,3010,2693,2335,2299
"X60_X84_Y87.0","2000_2005","2016_2020",15,"Economic_type_4_EQI_Air+SM+PA+OB","0.00","0.22(-1.97,2.36)","2.06(-0.06,4.17)","1.21(-0.98,3.33)","0.28(-2.18,2.64)","0.8320","0.0572","0.2662","0.8215","1.0003","1.0011","1.0019","1.0031",2223,1895,1342,1171,2844,2708,2675,2269
"X60_X84_Y87.0","2000_2005","2016_2020",15,"Economic_type_4_EQI_Water+SM+PA+OB","0.00","1.54(-0.62,3.62)","0.61(-1.52,2.74)","3.60(1.33,5.88)","3.33(1.12,5.53)","0.1712","0.5826","0.0032","0.0022","1.0013","1.0021","1.0018","1.0008",2151,1776,1722,1680,2999,2972,3003,2517
"X60_X84_Y87.0","2000_2005","2016_2020",15,"Economic_type_4_EQI_Land+SM+PA+OB","0.00","-0.81(-2.51,0.82)","1.25(-0.49,2.97)","-0.44(-2.35,1.44)","-0.11(-2.41,2.25)","0.3482","0.1662","0.6306","0.9245","1.0004","1.0003","1.0018","1.0014",2842,2484,2140,1987,2991,2819,2518,2553
"X60_X84_Y87.0","2000_2005","2016_2020",15,"Economic_type_4_EQI_Built+SM+PA+OB","0.00","0.86(-1.13,2.96)","0.67(-1.42,2.80)","0.74(-1.44,2.93)","0.19(-2.05,2.45)","0.4176","0.5376","0.5156","0.8665","1.0019","1.0007","1.0014","1.0016",2331,1916,1680,1608,3125,2856,2164,2349
"X60_X84_Y87.0","2000_2005","2016_2020",15,"Economic_type_4_EQI_Social+SM+PA+OB","0.00","-0.67(-2.38,1.07)","0.19(-1.73,2.13)","0.68(-1.44,2.77)","0.09(-2.24,2.35)","0.4376","0.8555","0.5346","0.9380","1.0013","1.0009","1.0006","1.0011",2302,2073,2056,1911,2819,2731,2670,2323
"X60_X84_Y87.0","2000_2005","2021_2024",20,"Economic_type_4_EQI+SM+PA+OB","0.00","3.22(0.38,6.07)","3.83(1.05,6.66)","2.98(-0.20,6.27)","3.02(-0.62,6.77)","0.0297","0.0037","0.0632","0.1097","1.0008","1.0025","1.0045","1.0033",3052,1586,1492,1418,3196,2549,2272,2453
"X60_X84_Y87.0","2000_2005","2021_2024",20,"Economic_type_4_EQI_Air+SM+PA+OB","0.00","2.12(-0.98,5.15)","3.51(0.41,6.46)","2.28(-0.88,5.34)","0.72(-2.75,4.21)","0.1897","0.0292","0.1382","0.6871","0.9998","1.0011","1.0006","1.0014",3734,2672,1938,1821,3236,3067,2920,2847
"X60_X84_Y87.0","2000_2005","2021_2024",20,"Economic_type_4_EQI_Water+SM+PA+OB","0.00","0.67(-2.38,3.76)","1.75(-1.30,4.71)","4.04(0.95,7.27)","2.63(-0.40,5.53)","0.6466","0.2682","0.0107","0.0872","1.0010","1.0013","1.0005","1.0003",3267,2836,2822,3006,3013,3219,3390,2862
"X60_X84_Y87.0","2000_2005","2021_2024",20,"Economic_type_4_EQI_Land+SM+PA+OB","0.00","-0.74(-3.17,1.79)","0.98(-1.68,3.65)","-1.82(-4.70,0.90)","-0.27(-3.54,3.03)","0.5586","0.4801","0.1997","0.8780","1.0019","0.9997","1.0003","1.0004",4175,3770,3511,3581,3123,3218,3250,3171
"X60_X84_Y87.0","2000_2005","2021_2024",20,"Economic_type_4_EQI_Built+SM+PA+OB","0.00","1.38(-1.50,4.16)","1.66(-1.24,4.61)","2.67(-0.30,5.66)","1.92(-1.17,4.99)","0.3397","0.2572","0.0737","0.2307","1.0013","1.0002","1.0011","1.0008",3478,3286,2724,2708,3557,3290,3225,3038
"X60_X84_Y87.0","2000_2005","2021_2024",20,"Economic_type_4_EQI_Social+SM+PA+OB","0.00","-0.36(-2.89,2.25)","-1.00(-3.76,1.86)","0.21(-2.81,3.29)","-1.90(-5.25,1.34)","0.7786","0.4846","0.9030","0.2632","1.0012","1.0011","1.0013","1.0005",3537,2687,3285,2893,3329,3098,3424,3032
"X60_X84_Y87.0","2000_2005","2006_2010",5,"Economic_type_5_EQI+SM+PA+OB","0.00","3.84(0.96,6.79)","4.07(1.37,6.88)","4.09(1.31,6.94)","3.19(0.34,6.04)","0.0067","0.0052","0.0027","0.0257","1.0016","1.0014","1.0006","1.0011",1426,1297,1332,1251,2225,2157,2196,1944
"X60_X84_Y87.0","2000_2005","2006_2010",5,"Economic_type_5_EQI_Air+SM+PA+OB","0.00","5.54(3.49,7.58)","5.67(3.68,7.70)","3.81(2.01,5.65)","1.63(-0.24,3.47)","0.0002","0.0002","0.0002","0.0837","1.0024","1.0015","1.0025","1.0026",2114,1951,1821,1685,2228,2254,2396,2363
"X60_X84_Y87.0","2000_2005","2006_2010",5,"Economic_type_5_EQI_Water+SM+PA+OB","0.00","-0.40(-2.11,1.31)","0.58(-1.03,2.15)","2.21(0.68,3.69)","2.65(1.05,4.23)","0.6521","0.4751","0.0052","0.0012","1.0026","1.0038","1.0031","1.0037",2053,1923,1861,1881,2627,2335,2409,1996
"X60_X84_Y87.0","2000_2005","2006_2010",5,"Economic_type_5_EQI_Land+SM+PA+OB","0.00","-0.11(-1.61,1.39)","-0.57(-2.13,1.07)","0.12(-1.55,1.74)","0.07(-1.53,1.64)","0.8760","0.4706","0.8795","0.9340","0.9997","1.0003","1.0014","1.0011",2076,1883,1681,1542,2759,2739,2362,1999
"X60_X84_Y87.0","2000_2005","2006_2010",5,"Economic_type_5_EQI_Built+SM+PA+OB","0.00","2.13(-0.89,5.31)","2.70(-0.19,5.55)","3.98(1.39,6.68)","3.86(1.24,6.52)","0.1887","0.0687","0.0022","0.0057","1.0002","1.0000","1.0000","1.0004",2370,1906,1871,1858,3118,2623,2292,2242
"X60_X84_Y87.0","2000_2005","2006_2010",5,"Economic_type_5_EQI_Social+SM+PA+OB","0.00","-2.40(-4.42,-0.21)","-1.40(-3.13,0.58)","-1.62(-3.41,0.29)","-1.63(-3.63,0.38)","0.0302","0.1412","0.0967","0.1182","1.0019","1.0017","1.0016","1.0016",1803,1605,1503,1462,1729,1723,1704,1580
"X60_X84_Y87.0","2000_2005","2011_2015",10,"Economic_type_5_EQI+SM+PA+OB","0.00","3.37(0.38,6.32)","3.54(0.63,6.51)","4.47(1.51,7.33)","2.94(0.03,5.91)","0.0312","0.0157","0.0032","0.0467","1.0027","1.0023","1.0017","1.0016",1488,1279,1249,1182,2334,2421,1992,2101
"X60_X84_Y87.0","2000_2005","2011_2015",10,"Economic_type_5_EQI_Air+SM+PA+OB","0.00","4.46(2.32,6.66)","6.44(4.30,8.58)","3.79(1.84,5.77)","1.19(-0.73,3.13)","0.0002","0.0002","0.0002","0.2382","1.0023","1.0016","1.0016","1.0006",2673,2403,2140,2074,2926,3035,2542,2368
"X60_X84_Y87.0","2000_2005","2011_2015",10,"Economic_type_5_EQI_Water+SM+PA+OB","0.00","-0.24(-2.14,1.67)","0.91(-1.02,2.81)","2.78(1.09,4.41)","2.86(1.13,4.63)","0.8125","0.3342","0.0007","0.0027","1.0009","1.0011","1.0001","1.0018",2298,2159,2211,2162,2569,2497,2668,2310
"X60_X84_Y87.0","2000_2005","2011_2015",10,"Economic_type_5_EQI_Land+SM+PA+OB","0.00","-0.19(-1.87,1.57)","-0.59(-2.44,1.27)","-0.08(-2.00,1.84)","0.76(-1.16,2.69)","0.8300","0.5446","0.9320","0.4406","1.0023","1.0040","1.0027","1.0035",2230,1763,1692,1526,2895,2363,2492,2246
"X60_X84_Y87.0","2000_2005","2011_2015",10,"Economic_type_5_EQI_Built+SM+PA+OB","0.00","1.22(-2.23,4.63)","0.47(-2.65,3.66)","1.62(-1.37,4.59)","1.20(-1.72,4.17)","0.4826","0.7941","0.2927","0.4146","1.0012","1.0015","1.0024","1.0018",2249,2180,1811,1720,3012,2837,2600,2584
"X60_X84_Y87.0","2000_2005","2011_2015",10,"Economic_type_5_EQI_Social+SM+PA+OB","0.00","-1.10(-3.37,1.30)","0.66(-1.32,2.69)","0.91(-1.07,3.01)","0.68(-1.50,2.91)","0.3257","0.5031","0.3747","0.5281","1.0003","1.0015","1.0014","1.0013",2460,2061,1882,1821,2967,2642,2455,2374
"X60_X84_Y87.0","2000_2005","2016_2020",15,"Economic_type_5_EQI+SM+PA+OB","0.00","2.22(-1.17,5.54)","3.58(0.37,6.80)","4.86(1.60,8.11)","3.19(-0.06,6.41)","0.1827","0.0342","0.0042","0.0552","1.0018","1.0024","1.0017","1.0020",1461,1269,1275,1266,2051,1812,1771,1861
"X60_X84_Y87.0","2000_2005","2016_2020",15,"Economic_type_5_EQI_Air+SM+PA+OB","0.00","6.95(4.60,9.29)","8.11(5.84,10.43)","5.37(3.31,7.50)","3.03(0.90,5.17)","0.0002","0.0002","0.0002","0.0037","1.0005","1.0020","1.0023","1.0015",2118,1917,1657,1713,2758,2812,2548,2447
"X60_X84_Y87.0","2000_2005","2016_2020",15,"Economic_type_5_EQI_Water+SM+PA+OB","0.00","-0.26(-2.22,1.77)","1.33(-0.52,3.19)","3.17(1.35,5.01)","3.13(1.21,5.10)","0.7986","0.1777","0.0007","0.0012","1.0016","1.0014","1.0026","1.0028",2543,2050,2099,2005,2509,2794,2676,2748
"X60_X84_Y87.0","2000_2005","2016_2020",15,"Economic_type_5_EQI_Land+SM+PA+OB","0.00","-0.13(-1.86,1.59)","-0.73(-2.58,1.04)","-0.84(-2.74,1.07)","-0.23(-2.08,1.66)","0.8965","0.4386","0.3847","0.8145","1.0004","1.0006","1.0017","1.0024",2275,1826,1704,1812,2773,2622,2663,2381
"X60_X84_Y87.0","2000_2005","2016_2020",15,"Economic_type_5_EQI_Built+SM+PA+OB","0.00","1.01(-2.66,4.69)","0.46(-2.80,3.74)","1.50(-1.58,4.70)","1.37(-1.73,4.48)","0.5721","0.7741","0.3412","0.3757","1.0002","0.9998","1.0006","1.0006",2236,2063,1939,1940,2624,2582,2565,2666
"X60_X84_Y87.0","2000_2005","2016_2020",15,"Economic_type_5_EQI_Social+SM+PA+OB","0.00","-0.88(-3.26,1.52)","1.32(-0.75,3.45)","1.47(-0.65,3.65)","0.87(-1.37,3.20)","0.4716","0.2272","0.1787","0.4646","1.0002","1.0013","1.0006","1.0027",2018,1656,1594,1570,2497,2610,2329,2361
"X60_X84_Y87.0","2000_2005","2021_2024",20,"Economic_type_5_EQI+SM+PA+OB","0.00","1.84(-1.92,5.73)","1.64(-2.04,5.42)","3.30(-0.42,7.15)","0.34(-3.42,4.09)","0.3677","0.3967","0.0857","0.8435","1.0018","1.0040","1.0034","1.0045",1419,1208,1187,1122,2197,1749,1905,1583
"X60_X84_Y87.0","2000_2005","2021_2024",20,"Economic_type_5_EQI_Air+SM+PA+OB","0.00","5.23(2.50,8.13)","6.60(3.73,9.41)","2.36(-0.23,4.99)","-0.69(-3.34,1.90)","0.0002","0.0002","0.0797","0.6156","1.0013","1.0019","1.0003","0.9998",1957,1803,1653,1581,2684,2596,2279,2244
"X60_X84_Y87.0","2000_2005","2021_2024",20,"Economic_type_5_EQI_Water+SM+PA+OB","0.00","-1.74(-4.13,0.67)","0.42(-1.87,2.78)","2.23(0.07,4.32)","1.81(-0.43,4.12)","0.1592","0.7151","0.0447","0.1177","0.9999","0.9998","1.0002","1.0004",1942,1611,1668,1499,2782,2386,2175,2296
"X60_X84_Y87.0","2000_2005","2021_2024",20,"Economic_type_5_EQI_Land+SM+PA+OB","0.00","-1.49(-3.43,0.54)","-0.56(-2.75,1.71)","-0.38(-2.69,1.98)","-0.99(-3.28,1.44)","0.1492","0.6036","0.7471","0.4046","1.0013","1.0003","1.0014","1.0013",1961,1728,1618,1621,2560,2179,2249,2254
"X60_X84_Y87.0","2000_2005","2021_2024",20,"Economic_type_5_EQI_Built+SM+PA+OB","0.00","2.23(-1.56,5.79)","1.99(-1.48,5.40)","3.38(0.20,6.39)","2.99(-0.23,6.02)","0.2487","0.2642","0.0372","0.0692","1.0014","1.0003","1.0014","1.0014",1942,1587,1682,1517,2672,2399,2148,2307
"X60_X84_Y87.0","2000_2005","2021_2024",20,"Economic_type_5_EQI_Social+SM+PA+OB","0.00","-2.04(-4.78,0.69)","1.30(-1.16,3.75)","1.24(-1.23,3.87)","0.24(-2.37,3.00)","0.1452","0.3112","0.3322","0.8720","1.0015","1.0017","1.0005","1.0009",2091,1957,1701,1618,2678,2405,2077,1912
"X60_X84_Y87.0","2000_2005","2006_2010",5,"Economic_type_6_EQI+SM+PA+OB","0.00","1.06(-0.11,2.23)","1.78(0.54,3.03)","2.47(1.12,3.87)","2.19(0.62,3.73)","0.0717","0.0042","0.0007","0.0062","1.0004","1.0009","1.0011","1.0014",2195,1908,1637,1506,2593,2378,2315,2562
"X60_X84_Y87.0","2000_2005","2006_2010",5,"Economic_type_6_EQI_Air+SM+PA+OB","0.00","1.72(0.50,2.92)","2.62(1.32,3.87)","2.53(1.21,3.77)","1.20(-0.24,2.54)","0.0037","0.0002","0.0002","0.1032","1.0006","1.0015","1.0016","1.0034",2546,2238,2243,2092,2679,2569,2361,2777
"X60_X84_Y87.0","2000_2005","2006_2010",5,"Economic_type_6_EQI_Water+SM+PA+OB","0.00","-0.67(-2.10,0.75)","0.55(-0.90,1.98)","0.73(-0.69,2.16)","1.00(-0.45,2.44)","0.3797","0.4561","0.3197","0.1712","1.0004","1.0013","1.0003","1.0014",2296,2193,2235,2201,2692,2629,2209,2610
"X60_X84_Y87.0","2000_2005","2006_2010",5,"Economic_type_6_EQI_Land+SM+PA+OB","0.00","0.26(-0.80,1.32)","-0.44(-1.61,0.73)","0.37(-0.92,1.63)","-0.82(-2.22,0.56)","0.6321","0.4651","0.5826","0.2357","1.0009","1.0003","1.0008","1.0004",2657,2429,2364,2290,2789,2892,2792,2680
"X60_X84_Y87.0","2000_2005","2006_2010",5,"Economic_type_6_EQI_Built+SM+PA+OB","0.00","0.16(-0.93,1.26)","1.05(-0.09,2.17)","1.52(0.33,2.73)","1.57(0.29,2.83)","0.7601","0.0657","0.0127","0.0182","1.0014","1.0018","1.0014","1.0010",3191,2647,2627,2444,3203,2987,3033,3007
"X60_X84_Y87.0","2000_2005","2006_2010",5,"Economic_type_6_EQI_Social+SM+PA+OB","0.00","-1.08(-2.17,-0.01)","-1.47(-2.73,-0.26)","-0.86(-2.27,0.53)","-0.71(-2.39,1.00)","0.0477","0.0192","0.2402","0.4201","1.0014","1.0005","1.0016","1.0019",2470,2383,2026,1741,3212,2796,2768,2488
"X60_X84_Y87.0","2000_2005","2011_2015",10,"Economic_type_6_EQI+SM+PA+OB","0.00","0.22(-1.17,1.60)","0.93(-0.54,2.42)","1.88(0.24,3.53)","1.37(-0.46,3.20)","0.7546","0.1997","0.0197","0.1467","1.0023","1.0030","1.0031","1.0038",1506,1338,1197,1140,2143,2110,1618,1994
"X60_X84_Y87.0","2000_2005","2011_2015",10,"Economic_type_6_EQI_Air+SM+PA+OB","0.00","2.40(0.95,3.76)","3.54(2.08,4.96)","2.34(0.87,3.81)","1.00(-0.62,2.55)","0.0007","0.0002","0.0022","0.2087","1.0012","1.0010","1.0011","1.0008",2474,2201,1956,1961,2867,2866,2593,2514
"X60_X84_Y87.0","2000_2005","2011_2015",10,"Economic_type_6_EQI_Water+SM+PA+OB","0.00","-2.43(-4.05,-0.80)","0.47(-1.12,2.10)","-0.00(-1.63,1.58)","0.63(-1.09,2.27)","0.0032","0.5591","0.9925","0.4516","1.0013","1.0015","1.0035","1.0021",1994,2005,1771,1901,2739,2838,2806,2653
"X60_X84_Y87.0","2000_2005","2011_2015",10,"Economic_type_6_EQI_Land+SM+PA+OB","0.00","0.37(-0.77,1.50)","0.37(-0.91,1.58)","-0.77(-2.20,0.58)","-1.23(-2.67,0.16)","0.5381","0.5466","0.2672","0.0902","1.0003","1.0007","1.0004","1.0007",3242,2457,2039,1905,3153,2943,2530,2826
"X60_X84_Y87.0","2000_2005","2011_2015",10,"Economic_type_6_EQI_Built+SM+PA+OB","0.00","1.80(0.60,3.01)","2.14(0.87,3.39)","2.65(1.37,3.89)","3.32(1.97,4.66)","0.0042","0.0007","0.0002","0.0002","1.0016","1.0016","1.0016","1.0021",2245,2205,2220,2024,2994,2620,2960,3042
"X60_X84_Y87.0","2000_2005","2011_2015",10,"Economic_type_6_EQI_Social+SM+PA+OB","0.00","-0.57(-1.82,0.66)","-1.02(-2.38,0.40)","-0.48(-2.05,1.09)","0.07(-1.75,1.91)","0.3807","0.1522","0.5431","0.9465","1.0000","1.0005","0.9997","0.9997",2485,2282,2032,1980,3019,2814,2580,2313
"X60_X84_Y87.0","2000_2005","2016_2020",15,"Economic_type_6_EQI+SM+PA+OB","0.00","1.62(0.18,3.06)","2.23(0.76,3.74)","2.45(0.84,4.09)","1.69(-0.19,3.51)","0.0277","0.0032","0.0027","0.0772","1.0026","1.0010","1.0008","1.0009",1799,1663,1436,1349,2655,2735,2375,2430
"X60_X84_Y87.0","2000_2005","2016_2020",15,"Economic_type_6_EQI_Air+SM+PA+OB","0.00","2.03(0.51,3.50)","2.96(1.36,4.51)","2.39(0.75,4.00)","0.56(-1.21,2.31)","0.0042","0.0002","0.0042","0.5286","1.0005","1.0005","1.0011","1.0008",1573,1583,1425,1339,2343,2150,2596,2133
"X60_X84_Y87.0","2000_2005","2016_2020",15,"Economic_type_6_EQI_Water+SM+PA+OB","0.00","0.36(-1.34,2.11)","1.05(-0.67,2.85)","0.90(-0.84,2.71)","1.26(-0.55,3.12)","0.6986","0.2517","0.3132","0.1752","1.0008","1.0015","1.0014","1.0010",1581,1370,1426,1483,2181,2268,2144,2469
"X60_X84_Y87.0","2000_2005","2016_2020",15,"Economic_type_6_EQI_Land+SM+PA+OB","0.00","-0.30(-1.57,0.98)","0.49(-0.88,1.90)","-0.21(-1.76,1.34)","-1.52(-3.17,0.15)","0.6416","0.4801","0.7851","0.0722","0.9999","0.9998","0.9995","0.9998",2397,1913,1835,1792,2710,2607,2852,2617
"X60_X84_Y87.0","2000_2005","2016_2020",15,"Economic_type_6_EQI_Built+SM+PA+OB","0.00","1.63(0.25,2.98)","1.94(0.53,3.31)","3.04(1.57,4.49)","2.47(0.86,3.96)","0.0187","0.0092","0.0002","0.0022","1.0009","1.0006","1.0003","1.0008",1874,1788,1907,1502,2711,2451,2427,2136
"X60_X84_Y87.0","2000_2005","2016_2020",15,"Economic_type_6_EQI_Social+SM+PA+OB","0.00","-1.23(-2.58,0.13)","-1.66(-3.17,-0.15)","-1.66(-3.40,0.11)","-1.57(-3.55,0.44)","0.0682","0.0297","0.0692","0.1232","1.0007","1.0011","1.0004","1.0007",1965,1688,1458,1346,2429,1976,1949,2010
"X60_X84_Y87.0","2000_2005","2021_2024",20,"Economic_type_6_EQI+SM+PA+OB","0.00","1.93(0.11,3.71)","1.71(0.01,3.51)","2.92(1.00,4.83)","1.66(-0.65,4.02)","0.0372","0.0492","0.0027","0.1622","1.0017","1.0020","1.0021","1.0022",2198,1896,1702,1541,2722,2619,2520,2078
"X60_X84_Y87.0","2000_2005","2021_2024",20,"Economic_type_6_EQI_Air+SM+PA+OB","0.00","4.55(2.75,6.38)","3.23(1.37,5.02)","3.20(1.34,5.05)","1.43(-0.62,3.43)","0.0002","0.0012","0.0017","0.1697","1.0014","1.0015","1.0019","1.0033",1428,1281,1221,1215,2201,2216,2227,1916
"X60_X84_Y87.0","2000_2005","2021_2024",20,"Economic_type_6_EQI_Water+SM+PA+OB","0.00","0.29(-1.76,2.37)","1.33(-0.75,3.37)","1.36(-0.74,3.42)","2.01(-0.11,4.21)","0.7826","0.2257","0.2082","0.0702","1.0035","1.0022","1.0019","1.0021",1352,1311,1498,1393,2620,2080,2609,2375
"X60_X84_Y87.0","2000_2005","2021_2024",20,"Economic_type_6_EQI_Land+SM+PA+OB","0.00","-0.27(-1.81,1.27)","-0.07(-1.77,1.60)","-0.94(-2.86,0.97)","-1.43(-3.49,0.58)","0.7326","0.9300","0.3372","0.1607","1.0023","1.0037","1.0016","1.0044",2771,1806,1670,1466,2959,3242,2860,2347
"X60_X84_Y87.0","2000_2005","2021_2024",20,"Economic_type_6_EQI_Built+SM+PA+OB","0.00","1.16(-0.49,2.79)","1.98(0.26,3.58)","3.28(1.50,5.07)","2.77(0.99,4.60)","0.1662","0.0222","0.0007","0.0032","1.0000","1.0013","0.9999","1.0005",1895,1811,1697,1579,2596,2792,2214,2552
"X60_X84_Y87.0","2000_2005","2021_2024",20,"Economic_type_6_EQI_Social+SM+PA+OB","0.00","-0.69(-2.36,1.01)","-2.81(-4.65,-1.00)","-1.89(-3.91,0.15)","-2.81(-5.17,-0.45)","0.4316","0.0022","0.0732","0.0212","1.0027","1.0038","1.0049","1.0036",2062,1549,1293,1172,2630,2517,2313,2036
"X60_X84_Y87.0","2000_2005","2006_2010",5,"Homeownership_tertile_1_EQI+SM+PA+OB","0.00","3.74(2.66,4.81)","4.81(3.77,5.86)","5.33(4.23,6.45)","5.14(3.91,6.39)","0.0002","0.0002","0.0002","0.0002","1.0008","1.0013","1.0005","1.0009",2668,2381,2130,2029,2895,2568,2360,2363
"X60_X84_Y87.0","2000_2005","2006_2010",5,"Homeownership_tertile_1_EQI_Air+SM+PA+OB","0.00","3.54(2.30,4.75)","4.46(3.21,5.65)","3.65(2.45,4.83)","2.87(1.59,4.16)","0.0002","0.0002","0.0002","0.0002","1.0006","1.0012","1.0022","1.0022",2247,1888,1550,1527,2589,2592,2347,2274
"X60_X84_Y87.0","2000_2005","2006_2010",5,"Homeownership_tertile_1_EQI_Water+SM+PA+OB","0.00","0.23(-0.92,1.43)","1.57(0.34,2.87)","1.25(0.05,2.44)","1.87(0.68,3.08)","0.6946","0.0112","0.0412","0.0042","1.0014","1.0015","1.0006","1.0020",1855,1532,1465,1543,2374,2132,2217,2046
"X60_X84_Y87.0","2000_2005","2006_2010",5,"Homeownership_tertile_1_EQI_Land+SM+PA+OB","0.00","0.22(-0.66,1.08)","0.37(-0.55,1.32)","0.61(-0.45,1.66)","0.24(-0.90,1.33)","0.6161","0.4396","0.2667","0.6751","1.0009","1.0002","1.0004","1.0004",3179,2508,2109,2021,3065,2923,2748,2563
"X60_X84_Y87.0","2000_2005","2006_2010",5,"Homeownership_tertile_1_EQI_Built+SM+PA+OB","0.00","2.96(1.73,4.17)","3.62(2.39,4.79)","3.97(2.81,5.11)","4.05(2.89,5.22)","0.0002","0.0002","0.0002","0.0002","1.0008","1.0021","1.0002","1.0004",2170,1781,1624,1517,2859,2622,2357,2245
"X60_X84_Y87.0","2000_2005","2006_2010",5,"Homeownership_tertile_1_EQI_Social+SM+PA+OB","0.00","-0.40(-1.23,0.47)","-0.53(-1.53,0.46)","-0.31(-1.40,0.82)","-0.63(-1.92,0.67)","0.3662","0.2887","0.5721","0.3372","1.0009","1.0007","1.0004","1.0001",2903,2454,2394,2308,2848,2861,2158,2929
"X60_X84_Y87.0","2000_2005","2011_2015",10,"Homeownership_tertile_1_EQI+SM+PA+OB","0.00","3.80(2.55,4.94)","5.14(3.94,6.30)","5.46(4.20,6.70)","4.96(3.56,6.27)","0.0002","0.0002","0.0002","0.0002","1.0007","1.0008","1.0015","1.0021",1916,1567,1347,1269,2778,2336,1940,2184
"X60_X84_Y87.0","2000_2005","2011_2015",10,"Homeownership_tertile_1_EQI_Air+SM+PA+OB","0.00","4.94(3.65,6.25)","5.86(4.54,7.14)","4.23(2.98,5.47)","2.84(1.50,4.17)","0.0002","0.0002","0.0002","0.0002","1.0016","1.0024","1.0030","1.0026",2238,1578,1351,1247,3064,2606,2481,2209
"X60_X84_Y87.0","2000_2005","2011_2015",10,"Homeownership_tertile_1_EQI_Water+SM+PA+OB","0.00","0.15(-1.12,1.45)","2.19(0.89,3.50)","2.22(0.90,3.49)","2.34(1.04,3.65)","0.8285","0.0022","0.0017","0.0007","1.0010","1.0025","1.0011","1.0017",1630,1445,1483,1470,2364,2583,2207,2271
"X60_X84_Y87.0","2000_2005","2011_2015",10,"Homeownership_tertile_1_EQI_Land+SM+PA+OB","0.00","0.22(-0.73,1.16)","0.22(-0.75,1.17)","-0.76(-1.90,0.35)","-0.47(-1.64,0.65)","0.6301","0.6661","0.1727","0.4161","0.9995","1.0001","1.0015","1.0009",2582,2291,1744,1677,2754,3064,2536,2359
"X60_X84_Y87.0","2000_2005","2011_2015",10,"Homeownership_tertile_1_EQI_Built+SM+PA+OB","0.00","1.98(0.68,3.28)","3.41(2.14,4.68)","4.08(2.83,5.31)","4.06(2.81,5.27)","0.0032","0.0002","0.0002","0.0002","1.0012","1.0021","1.0021","1.0014",2037,1682,1494,1521,2806,2514,2275,2102
"X60_X84_Y87.0","2000_2005","2011_2015",10,"Homeownership_tertile_1_EQI_Social+SM+PA+OB","0.00","0.56(-0.37,1.51)","0.40(-0.65,1.46)","0.84(-0.34,2.04)","0.48(-0.89,1.87)","0.2362","0.4581","0.1697","0.4931","0.9998","0.9998","1.0009","1.0015",2170,1948,1773,1599,2923,2406,2198,2442
"X60_X84_Y87.0","2000_2005","2016_2020",15,"Homeownership_tertile_1_EQI+SM+PA+OB","0.00","4.35(3.02,5.71)","5.41(4.08,6.74)","5.48(4.10,6.89)","5.20(3.62,6.78)","0.0002","0.0002","0.0002","0.0002","1.0016","1.0007","1.0012","1.0010",2422,1958,1652,1463,2825,2424,2685,2061
"X60_X84_Y87.0","2000_2005","2016_2020",15,"Homeownership_tertile_1_EQI_Air+SM+PA+OB","0.00","4.11(2.58,5.65)","4.75(3.25,6.25)","3.71(2.23,5.19)","2.20(0.59,3.83)","0.0002","0.0002","0.0002","0.0057","1.0010","1.0011","1.0014","1.0017",1858,1564,1280,1259,2873,2686,2400,2159
"X60_X84_Y87.0","2000_2005","2016_2020",15,"Homeownership_tertile_1_EQI_Water+SM+PA+OB","0.00","1.45(-0.06,2.97)","1.83(0.32,3.45)","2.74(1.19,4.26)","3.42(1.86,5.01)","0.0582","0.0182","0.0017","0.0002","1.0007","1.0004","1.0000","1.0013",1766,1542,1592,1523,2121,2539,2105,2192
"X60_X84_Y87.0","2000_2005","2016_2020",15,"Homeownership_tertile_1_EQI_Land+SM+PA+OB","0.00","-0.16(-1.34,1.03)","0.54(-0.72,1.80)","-0.32(-1.73,1.03)","-0.91(-2.45,0.55)","0.7851","0.4026","0.6701","0.2327","1.0021","1.0006","1.0012","1.0007",2417,1817,1765,1661,2888,2451,2017,2105
"X60_X84_Y87.0","2000_2005","2016_2020",15,"Homeownership_tertile_1_EQI_Built+SM+PA+OB","0.00","4.73(3.09,6.29)","5.63(4.01,7.20)","5.94(4.44,7.47)","6.14(4.64,7.68)","0.0002","0.0002","0.0002","0.0002","1.0019","1.0033","1.0027","1.0024",1760,1424,1390,1391,2605,2408,2079,2040
"X60_X84_Y87.0","2000_2005","2016_2020",15,"Homeownership_tertile_1_EQI_Social+SM+PA+OB","0.00","0.30(-0.88,1.48)","0.55(-0.79,1.82)","0.39(-1.09,1.84)","0.02(-1.70,1.65)","0.6291","0.4071","0.6021","0.9885","1.0004","0.9998","1.0001","1.0006",2112,1707,1602,1608,2681,2076,2152,2458
"X60_X84_Y87.0","2000_2005","2021_2024",20,"Homeownership_tertile_1_EQI+SM+PA+OB","0.00","4.26(2.65,5.94)","7.13(5.49,8.77)","6.99(5.27,8.69)","6.56(4.67,8.47)","0.0002","0.0002","0.0002","0.0002","1.0010","1.0018","1.0027","1.0033",2143,2029,1574,1396,2851,2790,2320,1749
"X60_X84_Y87.0","2000_2005","2021_2024",20,"Homeownership_tertile_1_EQI_Air+SM+PA+OB","0.00","6.55(4.80,8.31)","7.59(5.75,9.38)","6.28(4.48,8.00)","4.89(2.95,6.75)","0.0002","0.0002","0.0002","0.0002","1.0010","1.0020","1.0026","1.0023",1708,1444,1109,1218,2682,2285,2270,2004
"X60_X84_Y87.0","2000_2005","2021_2024",20,"Homeownership_tertile_1_EQI_Water+SM+PA+OB","0.00","1.46(-0.36,3.22)","2.62(0.85,4.41)","3.31(1.53,5.05)","3.33(1.52,5.13)","0.1207","0.0062","0.0002","0.0017","1.0025","1.0032","1.0040","1.0042",1240,1008,1103,900,2092,2086,2322,1745
"X60_X84_Y87.0","2000_2005","2021_2024",20,"Homeownership_tertile_1_EQI_Land+SM+PA+OB","0.00","0.65(-0.64,1.93)","0.72(-0.66,2.12)","-0.87(-2.41,0.68)","-1.12(-2.76,0.52)","0.3162","0.3092","0.2732","0.1887","1.0009","1.0009","1.0019","1.0020",2255,1842,1592,1543,2652,2519,2172,2315
"X60_X84_Y87.0","2000_2005","2021_2024",20,"Homeownership_tertile_1_EQI_Built+SM+PA+OB","0.00","3.09(1.21,4.99)","5.08(3.16,6.87)","5.64(3.77,7.38)","5.85(4.02,7.60)","0.0012","0.0002","0.0002","0.0002","1.0021","1.0041","1.0036","1.0044",1670,1327,1259,1247,2364,1643,1794,1731
"X60_X84_Y87.0","2000_2005","2021_2024",20,"Homeownership_tertile_1_EQI_Social+SM+PA+OB","0.00","-0.07(-1.43,1.32)","-0.87(-2.39,0.59)","-0.22(-2.00,1.42)","-1.12(-3.09,0.78)","0.9270","0.2612","0.8165","0.2572","1.0021","1.0034","1.0032","1.0030",1465,1306,1195,1219,2355,2424,2158,1912
"X60_X84_Y87.0","2000_2005","2006_2010",5,"Homeownership_tertile_2_EQI+SM+PA+OB","0.00","2.03(0.96,3.04)","3.99(2.85,5.09)","4.55(3.27,5.77)","4.69(3.27,6.08)","0.0007","0.0002","0.0002","0.0002","0.9996","1.0017","1.0012","1.0022",2907,2235,1987,1830,3083,2883,2586,1943
"X60_X84_Y87.0","2000_2005","2006_2010",5,"Homeownership_tertile_2_EQI_Air+SM+PA+OB","0.00","3.00(1.88,4.10)","4.59(3.37,5.80)","4.77(3.44,6.10)","3.67(2.16,5.12)","0.0002","0.0002","0.0002","0.0002","1.0004","1.0028","1.0032","1.0027",2280,1935,1697,1692,3229,2564,2294,2195
"X60_X84_Y87.0","2000_2005","2006_2010",5,"Homeownership_tertile_2_EQI_Water+SM+PA+OB","0.00","0.49(-1.00,1.93)","0.84(-0.66,2.33)","1.08(-0.44,2.52)","1.34(-0.37,2.93)","0.5071","0.2502","0.1557","0.1142","1.0023","1.0017","1.0029","1.0020",1674,1769,1727,1776,2213,2356,2452,2021
"X60_X84_Y87.0","2000_2005","2006_2010",5,"Homeownership_tertile_2_EQI_Land+SM+PA+OB","0.00","-0.07(-1.10,0.97)","0.36(-0.76,1.47)","0.03(-1.24,1.28)","0.06(-1.28,1.42)","0.8990","0.5356","0.9920","0.9315","1.0004","1.0023","1.0015","1.0019",3312,2351,2271,2372,3247,2742,2562,2669
"X60_X84_Y87.0","2000_2005","2006_2010",5,"Homeownership_tertile_2_EQI_Built+SM+PA+OB","0.00","0.88(-0.12,1.88)","1.63(0.57,2.65)","2.43(1.35,3.53)","3.10(1.87,4.34)","0.0782","0.0037","0.0002","0.0002","1.0007","1.0010","1.0030","1.0023",2797,2356,2048,2407,3162,3008,3080,2873
"X60_X84_Y87.0","2000_2005","2006_2010",5,"Homeownership_tertile_2_EQI_Social+SM+PA+OB","0.00","-0.08(-1.22,1.06)","0.14(-1.13,1.45)","-0.53(-1.95,0.90)","-0.61(-2.31,1.13)","0.8890","0.8430","0.4781","0.4931","1.0006","1.0006","1.0002","1.0005",2426,2162,1948,1895,2766,2679,2237,2247
"X60_X84_Y87.0","2000_2005","2011_2015",10,"Homeownership_tertile_2_EQI+SM+PA+OB","0.00","3.37(2.18,4.49)","4.43(3.24,5.60)","4.81(3.45,6.15)","5.63(4.11,7.20)","0.0002","0.0002","0.0002","0.0002","1.0009","1.0007","1.0008","1.0009",3381,2205,1914,1759,2781,3008,2713,2361
"X60_X84_Y87.0","2000_2005","2011_2015",10,"Homeownership_tertile_2_EQI_Air+SM+PA+OB","0.00","4.42(3.12,5.67)","5.18(3.80,6.51)","4.94(3.47,6.38)","4.07(2.46,5.67)","0.0002","0.0002","0.0002","0.0002","1.0013","1.0029","1.0024","1.0031",2497,2001,1779,1724,2962,2628,2351,2450
"X60_X84_Y87.0","2000_2005","2011_2015",10,"Homeownership_tertile_2_EQI_Water+SM+PA+OB","0.00","0.70(-0.90,2.25)","1.95(0.31,3.58)","1.68(0.07,3.24)","2.77(1.03,4.48)","0.3802","0.0157","0.0427","0.0017","1.0009","1.0013","1.0013","1.0027",1481,1553,1503,1536,2344,2202,2249,2167
"X60_X84_Y87.0","2000_2005","2011_2015",10,"Homeownership_tertile_2_EQI_Land+SM+PA+OB","0.00","-0.06(-1.19,1.07)","-0.41(-1.62,0.81)","-0.03(-1.41,1.28)","-0.24(-1.68,1.23)","0.9095","0.5146","0.9660","0.7571","1.0005","1.0008","1.0019","1.0015",2473,1909,1791,1769,3195,2483,2403,2668
"X60_X84_Y87.0","2000_2005","2011_2015",10,"Homeownership_tertile_2_EQI_Built+SM+PA+OB","0.00","1.15(0.05,2.27)","1.45(0.33,2.59)","2.41(1.26,3.59)","2.22(0.89,3.53)","0.0407","0.0117","0.0002","0.0007","1.0014","1.0020","1.0017","1.0019",2437,2172,2057,2072,2848,2486,2297,2488
"X60_X84_Y87.0","2000_2005","2011_2015",10,"Homeownership_tertile_2_EQI_Social+SM+PA+OB","0.00","-0.84(-2.03,0.33)","-0.05(-1.43,1.37)","-0.71(-2.22,0.81)","-0.83(-2.68,1.02)","0.1592","0.9540","0.3632","0.3702","0.9997","1.0006","1.0004","0.9998",2070,1666,1493,1464,2840,2448,2130,2337
"X60_X84_Y87.0","2000_2005","2016_2020",15,"Homeownership_tertile_2_EQI+SM+PA+OB","0.00","2.55(1.30,3.79)","5.04(3.69,6.38)","5.37(3.84,6.85)","6.29(4.52,8.04)","0.0002","0.0002","0.0002","0.0002","1.0007","1.0020","1.0027","1.0036",2450,1472,1322,1137,2467,2256,1614,1758
"X60_X84_Y87.0","2000_2005","2016_2020",15,"Homeownership_tertile_2_EQI_Air+SM+PA+OB","0.00","2.53(1.12,3.87)","4.42(2.95,5.83)","4.59(3.03,6.11)","3.38(1.63,5.11)","0.0007","0.0002","0.0002","0.0002","1.0003","1.0008","1.0008","1.0012",2262,1832,1758,1619,2981,2543,2340,2268
"X60_X84_Y87.0","2000_2005","2016_2020",15,"Homeownership_tertile_2_EQI_Water+SM+PA+OB","0.00","1.12(-0.58,2.77)","1.85(0.14,3.54)","2.53(0.75,4.22)","2.84(1.01,4.62)","0.1967","0.0362","0.0042","0.0027","1.0006","1.0017","1.0019","1.0011",1659,1453,1360,1402,2404,2125,2283,1977
"X60_X84_Y87.0","2000_2005","2016_2020",15,"Homeownership_tertile_2_EQI_Land+SM+PA+OB","0.00","0.67(-0.54,1.89)","1.17(-0.21,2.55)","-0.18(-1.74,1.34)","-0.02(-1.56,1.51)","0.2677","0.0977","0.8175","0.9885","1.0027","1.0029","1.0015","1.0018",2421,1996,1882,1769,2853,2661,2487,2447
"X60_X84_Y87.0","2000_2005","2016_2020",15,"Homeownership_tertile_2_EQI_Built+SM+PA+OB","0.00","1.54(0.38,2.74)","1.83(0.59,3.01)","3.33(2.00,4.65)","3.30(1.76,4.78)","0.0112","0.0037","0.0002","0.0002","1.0008","1.0017","1.0006","1.0022",2686,2568,2321,2180,2548,2956,2927,2610
"X60_X84_Y87.0","2000_2005","2016_2020",15,"Homeownership_tertile_2_EQI_Social+SM+PA+OB","0.00","-1.83(-3.14,-0.53)","-1.86(-3.36,-0.46)","-1.29(-2.92,0.30)","-1.26(-3.27,0.65)","0.0072","0.0062","0.1047","0.2117","1.0023","1.0008","1.0018","1.0005",2476,2057,1943,1850,2946,2577,2292,2621
"X60_X84_Y87.0","2000_2005","2021_2024",20,"Homeownership_tertile_2_EQI+SM+PA+OB","0.00","3.14(1.58,4.73)","4.83(3.12,6.52)","5.36(3.49,7.28)","6.22(4.01,8.41)","0.0002","0.0002","0.0002","0.0002","1.0023","1.0031","1.0041","1.0046",2158,1575,1342,1169,2763,2362,2215,1969
"X60_X84_Y87.0","2000_2005","2021_2024",20,"Homeownership_tertile_2_EQI_Air+SM+PA+OB","0.00","5.59(3.96,7.26)","5.67(3.87,7.48)","5.18(3.17,7.07)","4.35(2.14,6.51)","0.0002","0.0002","0.0002","0.0002","1.0027","1.0023","1.0029","1.0023",1732,1345,1106,1108,2356,2316,2121,2031
"X60_X84_Y87.0","2000_2005","2021_2024",20,"Homeownership_tertile_2_EQI_Water+SM+PA+OB","0.00","-0.58(-2.61,1.45)","1.28(-0.86,3.43)","1.31(-0.90,3.45)","2.91(0.58,5.14)","0.5616","0.2377","0.2242","0.0122","1.0032","1.0029","1.0039","1.0048",1506,1343,1329,1357,2049,2174,1787,1870
"X60_X84_Y87.0","2000_2005","2021_2024",20,"Homeownership_tertile_2_EQI_Land+SM+PA+OB","0.00","-1.36(-2.88,0.17)","-1.19(-2.85,0.54)","-2.37(-4.15,-0.55)","-2.58(-4.51,-0.65)","0.0897","0.1677","0.0127","0.0097","1.0010","1.0018","1.0025","1.0033",1794,1305,1303,1386,2685,2479,2338,2238
"X60_X84_Y87.0","2000_2005","2021_2024",20,"Homeownership_tertile_2_EQI_Built+SM+PA+OB","0.00","2.21(0.79,3.70)","3.21(1.67,4.70)","4.79(3.19,6.44)","4.40(2.54,6.27)","0.0022","0.0002","0.0002","0.0002","1.0020","1.0025","1.0019","1.0018",1924,1694,1656,1800,2604,2316,2445,2330
"X60_X84_Y87.0","2000_2005","2021_2024",20,"Homeownership_tertile_2_EQI_Social+SM+PA+OB","0.00","-0.58(-2.20,1.08)","-1.86(-3.74,-0.02)","-0.64(-2.71,1.38)","-1.17(-3.62,1.28)","0.4786","0.0472","0.5291","0.3492","1.0002","1.0009","1.0004","1.0008",1872,1550,1292,1311,2718,2192,2230,2092
"X60_X84_Y87.0","2000_2005","2006_2010",5,"Homeownership_tertile_3_EQI+SM+PA+OB","0.00","2.26(1.33,3.20)","4.26(3.18,5.32)","5.32(4.10,6.47)","5.84(4.42,7.28)","0.0002","0.0002","0.0002","0.0002","1.0018","1.0010","1.0027","1.0009",2653,1890,1776,1578,2832,2519,2290,1998
"X60_X84_Y87.0","2000_2005","2006_2010",5,"Homeownership_tertile_3_EQI_Air+SM+PA+OB","0.00","4.59(3.58,5.63)","5.23(4.14,6.29)","5.03(3.80,6.26)","3.78(2.44,5.14)","0.0002","0.0002","0.0002","0.0002","0.9997","0.9998","1.0003","1.0007",2997,2239,2109,2117,3051,2913,2823,2801
"X60_X84_Y87.0","2000_2005","2006_2010",5,"Homeownership_tertile_3_EQI_Water+SM+PA+OB","0.00","-0.04(-1.12,1.09)","0.73(-0.44,1.92)","0.81(-0.37,2.02)","1.61(0.33,2.89)","0.9370","0.2307","0.1927","0.0137","1.0013","1.0006","1.0004","1.0004",2337,2249,2357,2221,2655,2658,3105,2479
"X60_X84_Y87.0","2000_2005","2006_2010",5,"Homeownership_tertile_3_EQI_Land+SM+PA+OB","0.00","-1.44(-2.47,-0.43)","-1.63(-2.75,-0.52)","-1.65(-2.88,-0.43)","-1.65(-2.92,-0.35)","0.0017","0.0042","0.0082","0.0117","1.0011","1.0005","1.0035","1.0018",2605,2319,2119,2122,2871,3038,2766,2771
"X60_X84_Y87.0","2000_2005","2006_2010",5,"Homeownership_tertile_3_EQI_Built+SM+PA+OB","0.00","0.79(0.03,1.56)","1.33(0.47,2.18)","2.21(1.25,3.17)","1.26(-0.01,2.54)","0.0412","0.0032","0.0002","0.0507","0.9997","1.0007","1.0003","1.0000",4236,3519,3609,3773,3436,3210,3370,3418
"X60_X84_Y87.0","2000_2005","2006_2010",5,"Homeownership_tertile_3_EQI_Social+SM+PA+OB","0.00","-0.58(-1.69,0.53)","-1.26(-2.44,-0.05)","0.22(-1.06,1.51)","-0.00(-1.56,1.55)","0.3082","0.0447","0.7256","0.9935","0.9994","0.9996","1.0006","0.9999",3194,2270,2097,1967,3093,2771,2475,2345
"X60_X84_Y87.0","2000_2005","2011_2015",10,"Homeownership_tertile_3_EQI+SM+PA+OB","0.00","2.47(1.35,3.56)","3.98(2.82,5.19)","5.53(4.25,6.83)","6.06(4.46,7.60)","0.0002","0.0002","0.0002","0.0002","1.0003","1.0025","1.0015","1.0033",2231,1827,1677,1610,2591,2672,2484,2292
"X60_X84_Y87.0","2000_2005","2011_2015",10,"Homeownership_tertile_3_EQI_Air+SM+PA+OB","0.00","3.56(2.41,4.67)","5.78(4.51,7.04)","5.56(4.12,6.99)","4.30(2.66,5.85)","0.0002","0.0002","0.0002","0.0002","1.0010","1.0024","1.0018","1.0020",2234,1774,1586,1690,2538,2477,2253,2500
"X60_X84_Y87.0","2000_2005","2011_2015",10,"Homeownership_tertile_3_EQI_Water+SM+PA+OB","0.00","-0.06(-1.37,1.20)","0.98(-0.39,2.34)","1.65(0.25,3.05)","2.05(0.46,3.58)","0.9365","0.1672","0.0197","0.0122","1.0029","1.0019","1.0031","1.0030",1642,1675,1267,1770,2512,2296,2069,2650
"X60_X84_Y87.0","2000_2005","2011_2015",10,"Homeownership_tertile_3_EQI_Land+SM+PA+OB","0.00","-0.56(-1.65,0.57)","-0.40(-1.61,0.83)","-1.49(-2.86,-0.10)","-0.99(-2.49,0.43)","0.3212","0.4996","0.0392","0.1782","1.0003","1.0007","1.0016","1.0008",2170,2002,1740,1775,2112,2450,2482,2306
"X60_X84_Y87.0","2000_2005","2011_2015",10,"Homeownership_tertile_3_EQI_Built+SM+PA+OB","0.00","1.29(0.42,2.16)","1.44(0.44,2.47)","1.50(0.42,2.61)","0.95(-0.42,2.33)","0.0047","0.0067","0.0077","0.1822","1.0020","1.0015","1.0006","1.0002",2724,2516,2264,2362,2966,2574,2991,2848
"X60_X84_Y87.0","2000_2005","2011_2015",10,"Homeownership_tertile_3_EQI_Social+SM+PA+OB","0.00","-0.33(-1.64,0.96)","-0.18(-1.61,1.20)","0.38(-1.15,1.83)","0.54(-1.33,2.30)","0.6186","0.8065","0.6216","0.5566","1.0021","1.0028","1.0036","1.0038",1980,1620,1504,1410,2693,2619,2737,2078
"X60_X84_Y87.0","2000_2005","2016_2020",15,"Homeownership_tertile_3_EQI+SM+PA+OB","0.00","4.16(2.95,5.37)","4.89(3.63,6.19)","6.03(4.60,7.48)","5.84(4.22,7.60)","0.0002","0.0002","0.0002","0.0002","1.0016","1.0018","1.0030","1.0042",2004,1482,1377,1328,2579,2113,1997,1912
"X60_X84_Y87.0","2000_2005","2016_2020",15,"Homeownership_tertile_3_EQI_Air+SM+PA+OB","0.00","3.73(2.52,4.93)","5.07(3.69,6.42)","4.17(2.63,5.68)","2.82(1.07,4.59)","0.0002","0.0002","0.0002","0.0037","1.0017","1.0005","1.0007","1.0012",2343,1960,1743,1775,2727,2621,2751,2739
"X60_X84_Y87.0","2000_2005","2016_2020",15,"Homeownership_tertile_3_EQI_Water+SM+PA+OB","0.00","0.34(-1.10,1.77)","1.71(0.08,3.33)","2.30(0.70,3.90)","1.23(-0.53,2.93)","0.6551","0.0412","0.0067","0.1682","1.0019","1.0017","1.0027","1.0017",1737,1636,1705,1780,2498,2172,2443,1953
"X60_X84_Y87.0","2000_2005","2016_2020",15,"Homeownership_tertile_3_EQI_Land+SM+PA+OB","0.00","-1.45(-2.68,-0.25)","-1.27(-2.61,0.05)","-1.30(-2.78,0.18)","-2.00(-3.53,-0.47)","0.0162","0.0622","0.0837","0.0097","1.0000","1.0008","1.0017","1.0027",2404,1882,1740,1796,2656,2591,2521,2491
"X60_X84_Y87.0","2000_2005","2016_2020",15,"Homeownership_tertile_3_EQI_Built+SM+PA+OB","0.00","1.43(0.44,2.42)","2.34(1.24,3.42)","2.69(1.46,3.94)","1.28(-0.32,2.79)","0.0052","0.0002","0.0002","0.1057","1.0005","1.0021","1.0003","1.0004",3079,2487,2342,2568,3087,2844,2633,2646
"X60_X84_Y87.0","2000_2005","2016_2020",15,"Homeownership_tertile_3_EQI_Social+SM+PA+OB","0.00","0.32(-0.98,1.65)","1.18(-0.27,2.63)","1.67(0.10,3.25)","1.48(-0.42,3.35)","0.6506","0.1177","0.0352","0.1267","1.0015","1.0032","1.0035","1.0037",1902,1754,1572,1478,2966,2629,2430,2403
"X60_X84_Y87.0","2000_2005","2021_2024",20,"Homeownership_tertile_3_EQI+SM+PA+OB","0.00","4.02(2.54,5.43)","5.75(4.22,7.28)","7.39(5.64,9.10)","6.65(4.47,8.82)","0.0002","0.0002","0.0002","0.0002","1.0001","1.0009","1.0009","1.0019",2550,1704,1646,1371,2592,2705,2453,2182
"X60_X84_Y87.0","2000_2005","2021_2024",20,"Homeownership_tertile_3_EQI_Air+SM+PA+OB","0.00","4.95(3.36,6.59)","5.26(3.57,7.02)","4.38(2.38,6.33)","2.78(0.42,5.12)","0.0002","0.0002","0.0002","0.0242","1.0013","1.0011","1.0026","1.0014",1989,1596,1514,1537,2657,2283,2025,2233
"X60_X84_Y87.0","2000_2005","2021_2024",20,"Homeownership_tertile_3_EQI_Water+SM+PA+OB","0.00","0.75(-1.08,2.54)","2.67(0.79,4.61)","3.23(1.26,5.24)","3.76(1.58,5.98)","0.4161","0.0057","0.0012","0.0012","1.0025","1.0022","1.0021","1.0035",1626,1406,1481,1424,2585,2303,2321,2001
"X60_X84_Y87.0","2000_2005","2021_2024",20,"Homeownership_tertile_3_EQI_Land+SM+PA+OB","0.00","-2.42(-3.86,-0.96)","-1.97(-3.58,-0.34)","-2.49(-4.32,-0.62)","-2.61(-4.64,-0.67)","0.0002","0.0167","0.0107","0.0087","1.0014","1.0023","1.0013","1.0019",2355,2037,1576,1611,2517,2367,1556,2185
"X60_X84_Y87.0","2000_2005","2021_2024",20,"Homeownership_tertile_3_EQI_Built+SM+PA+OB","0.00","1.79(0.56,3.00)","2.60(1.09,4.02)","3.00(1.46,4.53)","3.89(1.82,5.94)","0.0022","0.0012","0.0002","0.0002","1.0001","0.9993","1.0001","0.9993",2805,2581,2235,2599,3109,2888,2708,2771
"X60_X84_Y87.0","2000_2005","2021_2024",20,"Homeownership_tertile_3_EQI_Social+SM+PA+OB","0.00","0.42(-1.20,2.09)","0.96(-0.86,2.86)","1.54(-0.35,3.52)","2.04(-0.32,4.36)","0.6096","0.2872","0.1062","0.0877","1.0011","1.0024","1.0016","1.0017",2193,1789,1605,1452,2576,2064,1976,1708
