ICD_Code,EQI_Period,AAMR_Period,Lag,Model,Q1,Q2,Q3,Q4,Q5,Q2_p,Q3_p,Q4_p,Q5_p,Q2_rhat,Q3_rhat,Q4_rhat,Q5_rhat,Q2_ess_bulk,Q3_ess_bulk,Q4_ess_bulk,Q5_ess_bulk,Q2_ess_tail,Q3_ess_tail,Q4_ess_tail,Q5_ess_tail
X60_X84_Y87.0,2000_2005,2006_2010,5,Census_Region_1_EQI+SM+PA+OB,0.00,"0.41(-2.21,3.37)","0.36(-2.04,3.08)","-0.63(-2.93,1.97)","-1.29(-3.71,1.33)",0.7917,0.8109,0.5980,0.3101,1.0006,1.0009,1.0007,1.0008,1909,1776,1727,1739,2208,2311,2125,2165
"X60_X84_Y87.0","2000_2005","2006_2010",5,"Census_Region_1_EQI_Air+SM+PA+OB","0.00","-0.78(-5.50,3.86)","-2.35(-6.96,2.17)","-3.16(-7.87,1.39)","-4.98(-9.59,-0.47)","0.7546","0.3297","0.1935","0.0281","1.0013","1.0008","1.0007","1.0012",2804,2733,2788,2739,3325,3301,3353,3233
"X60_X84_Y87.0","2000_2005","2006_2010",5,"Census_Region_1_EQI_Water+SM+PA+OB","0.00","0.87(-0.18,1.92)","0.67(-0.58,1.96)","0.68(-0.26,1.60)","0.84(-0.18,1.89)","0.1085","0.2981","0.1656","0.1131","0.9999","1.0014","1.0013","0.9994",4911,3714,3816,4016,3833,3445,3725,3475
"X60_X84_Y87.0","2000_2005","2006_2010",5,"Census_Region_1_EQI_Land+SM+PA+OB","0.00","0.54(-1.25,2.23)","0.15(-1.52,1.81)","0.59(-1.15,2.26)","0.28(-1.47,2.01)","0.5368","0.8550","0.5068","0.7442","1.0018","1.0010","1.0011","1.0010",2735,2354,2366,2340,3356,3024,3087,3177
"X60_X84_Y87.0","2000_2005","2006_2010",5,"Census_Region_1_EQI_Built+SM+PA+OB","0.00","2.33(-0.23,5.09)","2.02(-0.27,4.57)","2.11(-0.30,4.78)","2.23(-0.17,4.89)","0.0756","0.0881","0.0844","0.0706","1.0021","1.0014","1.0011","1.0012",2944,2783,2819,2826,2948,2658,2688,2611
"X60_X84_Y87.0","2000_2005","2006_2010",5,"Census_Region_1_EQI_Social+SM+PA+OB","0.00","1.05(-0.45,2.52)","1.17(-0.07,2.41)","1.39(0.10,2.65)","1.11(-0.18,2.41)","0.1714","0.0631","0.0340","0.0948","1.0011","1.0002","0.9997","1.0001",3380,3424,3441,3225,3504,3450,3371,3083
"X60_X84_Y87.0","2000_2005","2011_2015",10,"Census_Region_1_EQI+SM+PA+OB","0.00","-2.55(-5.73,1.00)","-0.05(-3.00,3.27)","-0.97(-3.71,2.28)","-1.56(-4.38,1.69)","0.1468","0.9354","0.5139","0.3147","1.0030","1.0040","1.0037","1.0037",2175,1982,1982,1968,2424,2413,2383,2164
"X60_X84_Y87.0","2000_2005","2011_2015",10,"Census_Region_1_EQI_Air+SM+PA+OB","0.00","-0.36(-4.02,3.71)","-0.31(-3.87,3.74)","-1.24(-4.94,2.82)","-3.16(-6.86,0.87)","0.8205","0.8454","0.5184","0.1231","1.0018","1.0021","1.0019","1.0018",2724,2631,2649,2646,3253,3312,3192,3120
"X60_X84_Y87.0","2000_2005","2011_2015",10,"Census_Region_1_EQI_Water+SM+PA+OB","0.00","0.34(-0.96,1.69)","0.11(-1.30,1.54)","1.00(-0.17,2.17)","1.02(-0.26,2.29)","0.6080","0.8821","0.0931","0.1235","1.0005","0.9999","0.9996","1.0002",4917,4255,4218,4231,3850,4074,3835,3573
"X60_X84_Y87.0","2000_2005","2011_2015",10,"Census_Region_1_EQI_Land+SM+PA+OB","0.00","-0.64(-3.02,1.70)","-0.53(-2.72,1.62)","-0.16(-2.38,2.06)","-0.44(-2.69,1.81)","0.5980","0.6322","0.8846","0.6921","1.0017","1.0004","1.0014","1.0014",3132,2898,2861,2888,3343,3047,3033,3013
"X60_X84_Y87.0","2000_2005","2011_2015",10,"Census_Region_1_EQI_Built+SM+PA+OB","0.00","-1.11(-3.71,1.61)","-1.48(-3.78,0.95)","-0.31(-2.66,2.12)","-0.63(-3.01,1.86)","0.3980","0.2289","0.7892","0.6038","1.0015","1.0009","1.0011","1.0014",3009,2747,2712,2698,3403,3209,3259,3168
"X60_X84_Y87.0","2000_2005","2011_2015",10,"Census_Region_1_EQI_Social+SM+PA+OB","0.00","-0.04(-1.95,1.78)","1.78(0.03,3.45)","2.28(0.56,4.00)","1.94(0.16,3.73)","0.9888","0.0452","0.0065","0.0352","1.0006","1.0012","1.0017","1.0017",3060,3008,2888,2810,3786,3730,3523,3325
"X60_X84_Y87.0","2000_2005","2016_2020",15,"Census_Region_1_EQI+SM+PA+OB","0.00","-1.20(-4.93,2.90)","-0.15(-3.34,3.46)","-0.99(-4.03,2.55)","-1.85(-5.00,1.75)","0.5447","0.8996","0.5447","0.2656","1.0009","1.0008","1.0011","1.0009",2236,1762,1804,1684,2704,1954,2124,2250
"X60_X84_Y87.0","2000_2005","2016_2020",15,"Census_Region_1_EQI_Air+SM+PA+OB","0.00","-0.72(-5.50,4.26)","-1.32(-6.02,3.53)","-2.92(-7.50,1.87)","-4.78(-9.32,-0.11)","0.7784","0.5955","0.2347","0.0439","1.0028","1.0028","1.0048","1.0040",2361,2515,2385,2359,2701,2921,2722,2965
"X60_X84_Y87.0","2000_2005","2016_2020",15,"Census_Region_1_EQI_Water+SM+PA+OB","0.00","0.58(-1.18,2.34)","-0.39(-2.41,1.63)","0.94(-0.54,2.48)","1.53(-0.12,3.17)","0.5397","0.7030","0.2372","0.0694","0.9999","1.0010","1.0001","1.0004",5102,4172,4131,4201,3594,3397,3558,3993
"X60_X84_Y87.0","2000_2005","2016_2020",15,"Census_Region_1_EQI_Land+SM+PA+OB","0.00","-1.17(-4.03,1.74)","-0.80(-3.51,1.94)","-0.40(-3.11,2.34)","-0.92(-3.68,1.92)","0.4285","0.5601","0.7613","0.5151","1.0014","1.0011","1.0014","1.0017",3084,2728,2904,2759,3317,3057,3335,3091
"X60_X84_Y87.0","2000_2005","2016_2020",15,"Census_Region_1_EQI_Built+SM+PA+OB","0.00","0.85(-2.04,3.71)","1.17(-1.29,3.51)","1.85(-0.55,4.16)","1.52(-0.97,3.87)","0.5593","0.3397","0.1264","0.2077","1.0010","1.0011","1.0017","1.0013",3853,3040,2991,3088,3601,3097,2886,2931
"X60_X84_Y87.0","2000_2005","2016_2020",15,"Census_Region_1_EQI_Social+SM+PA+OB","0.00","0.90(-1.44,3.26)","2.74(0.60,4.87)","2.64(0.43,4.73)","2.07(-0.17,4.31)","0.4497","0.0110","0.0173","0.0664","1.0021","1.0021","1.0029","1.0020",2969,2583,2489,2497,3094,3248,3038,3289
"X60_X84_Y87.0","2000_2005","2021_2024",20,"Census_Region_1_EQI+SM+PA+OB","0.00","-3.65(-7.70,0.69)","-1.78(-5.54,2.34)","-1.96(-5.65,1.95)","-3.64(-7.35,0.34)","0.0939","0.3826","0.3318","0.0748","1.0014","1.0019","1.0020","1.0024",2173,1916,1890,1908,2398,1994,1854,2210
"X60_X84_Y87.0","2000_2005","2021_2024",20,"Census_Region_1_EQI_Air+SM+PA+OB","0.00","-0.66(-5.47,3.84)","-1.07(-5.79,3.52)","-3.08(-7.80,1.48)","-5.03(-9.67,-0.55)","0.8055","0.6709","0.1839","0.0277","1.0013","1.0023","1.0006","1.0009",3248,3148,3018,3101,2881,3141,3055,2723
"X60_X84_Y87.0","2000_2005","2021_2024",20,"Census_Region_1_EQI_Water+SM+PA+OB","0.00","0.31(-1.44,2.14)","1.53(-0.53,3.56)","1.81(0.22,3.47)","2.29(0.43,4.16)","0.7371","0.1343","0.0269","0.0190","1.0003","1.0008","1.0008","1.0026",4995,5225,4363,4563,3826,3567,3760,3581
"X60_X84_Y87.0","2000_2005","2021_2024",20,"Census_Region_1_EQI_Land+SM+PA+OB","0.00","-0.74(-3.77,2.14)","-1.47(-4.31,1.23)","-0.90(-3.83,1.74)","-1.39(-4.27,1.30)","0.6259","0.2901","0.5280","0.3268","1.0010","1.0013","1.0008","1.0008",3065,2846,2852,2774,3265,2859,3089,2909
"X60_X84_Y87.0","2000_2005","2021_2024",20,"Census_Region_1_EQI_Built+SM+PA+OB","0.00","2.20(-1.24,5.74)","0.44(-2.60,3.52)","2.13(-0.91,5.19)","1.69(-1.38,4.80)","0.2177","0.7784","0.1643","0.2868","1.0007","1.0008","1.0009","1.0008",3110,2812,2769,2830,3499,2700,2427,2544
"X60_X84_Y87.0","2000_2005","2021_2024",20,"Census_Region_1_EQI_Social+SM+PA+OB","0.00","1.41(-1.12,3.90)","2.07(-0.25,4.31)","2.04(-0.21,4.24)","1.69(-0.69,4.05)","0.2839","0.0777","0.0744","0.1618","1.0000","1.0006","1.0014","1.0008",3502,3020,3031,3110,3563,3101,3245,3062
"X60_X84_Y87.0","2000_2005","2006_2010",5,"Census_Region_2_EQI+SM+PA+OB","0.00","1.35(0.31,2.36)","4.47(3.41,5.53)","6.11(5.05,7.16)","6.23(5.09,7.41)","0.0106","0.0002","0.0002","0.0002","1.0026","1.0016","1.0026","1.0021",2514,2130,1753,1822,2854,2847,2597,2625
"X60_X84_Y87.0","2000_2005","2006_2010",5,"Census_Region_2_EQI_Air+SM+PA+OB","0.00","4.04(3.07,4.99)","5.46(4.41,6.49)","6.15(5.03,7.24)","5.48(4.21,6.67)","0.0002","0.0002","0.0002","0.0002","1.0006","1.0015","1.0016","1.0021",3099,2853,2639,2593,2949,3316,3028,2956
"X60_X84_Y87.0","2000_2005","2006_2010",5,"Census_Region_2_EQI_Water+SM+PA+OB","0.00","0.10(-0.93,1.19)","0.51(-0.66,1.74)","0.31(-0.70,1.39)","0.42(-0.89,1.76)","0.8588","0.3876","0.5622","0.5359","1.0023","1.0035","1.0021","1.0014",2636,2576,2782,2576,3162,3225,3226,3187
"X60_X84_Y87.0","2000_2005","2006_2010",5,"Census_Region_2_EQI_Land+SM+PA+OB","0.00","-0.21(-1.70,1.27)","-0.06(-1.51,1.37)","0.40(-1.09,1.87)","-0.26(-1.78,1.21)","0.7900","0.9308","0.5834","0.7259","1.0007","1.0015","1.0017","1.0013",2762,2478,2410,2411,3251,3176,2714,3012
"X60_X84_Y87.0","2000_2005","2006_2010",5,"Census_Region_2_EQI_Built+SM+PA+OB","0.00","0.38(-0.48,1.25)","1.00(0.13,1.89)","1.22(0.30,2.14)","2.12(1.10,3.14)","0.3989","0.0240","0.0085","0.0002","1.0006","1.0010","1.0001","1.0001",3626,3367,3102,3202,3572,3663,3509,3708
"X60_X84_Y87.0","2000_2005","2006_2010",5,"Census_Region_2_EQI_Social+SM+PA+OB","0.00","-2.46(-3.93,-1.04)","-2.54(-3.97,-1.18)","-2.09(-3.58,-0.69)","-1.90(-3.55,-0.30)","0.0006","0.0006","0.0048","0.0210","1.0020","1.0023","1.0032","1.0034",2679,2446,2258,2268,3389,3071,2968,2937
"X60_X84_Y87.0","2000_2005","2011_2015",10,"Census_Region_2_EQI+SM+PA+OB","0.00","2.31(1.18,3.49)","4.23(3.12,5.37)","6.24(5.11,7.40)","6.57(5.34,7.80)","0.0002","0.0002","0.0002","0.0002","1.0023","1.0033","1.0037","1.0034",2854,2393,2121,1927,3092,3077,2792,2727
"X60_X84_Y87.0","2000_2005","2011_2015",10,"Census_Region_2_EQI_Air+SM+PA+OB","0.00","4.62(3.62,5.60)","6.36(5.27,7.41)","7.00(5.83,8.15)","6.27(5.02,7.56)","0.0002","0.0002","0.0002","0.0002","1.0012","1.0015","1.0002","1.0008",3125,3089,2594,2444,3522,3397,3320,3035
"X60_X84_Y87.0","2000_2005","2011_2015",10,"Census_Region_2_EQI_Water+SM+PA+OB","0.00","0.62(-0.59,1.84)","1.25(-0.11,2.61)","1.73(0.52,2.98)","1.31(-0.21,2.81)","0.3110","0.0714","0.0044","0.0848","1.0007","1.0009","1.0004","1.0008",2513,2171,2217,2129,3013,3264,2511,3159
"X60_X84_Y87.0","2000_2005","2011_2015",10,"Census_Region_2_EQI_Land+SM+PA+OB","0.00","0.87(-0.72,2.40)","1.05(-0.44,2.57)","0.08(-1.44,1.59)","0.64(-0.90,2.19)","0.2447","0.1502","0.9271","0.4276","1.0032","1.0018","1.0043","1.0045",2687,2374,2236,2289,3168,2982,2721,2722
"X60_X84_Y87.0","2000_2005","2011_2015",10,"Census_Region_2_EQI_Built+SM+PA+OB","0.00","0.02(-0.89,0.94)","0.80(-0.17,1.75)","1.11(0.16,2.06)","1.87(0.82,2.91)","0.9767","0.1023","0.0260","0.0002","1.0008","1.0005","1.0003","1.0006",3672,3071,2826,2804,3912,3699,3495,3633
"X60_X84_Y87.0","2000_2005","2011_2015",10,"Census_Region_2_EQI_Social+SM+PA+OB","0.00","-0.30(-1.79,1.17)","-0.80(-2.19,0.59)","-0.98(-2.48,0.48)","-0.96(-2.61,0.70)","0.6963","0.2681","0.2018","0.2631","1.0011","1.0018","1.0008","1.0011",2651,2198,2045,2247,3130,3157,2819,3030
"X60_X84_Y87.0","2000_2005","2016_2020",15,"Census_Region_2_EQI+SM+PA+OB","0.00","3.47(2.11,4.92)","5.97(4.60,7.38)","7.62(6.24,9.03)","8.66(7.14,10.18)","0.0002","0.0002","0.0002","0.0002","1.0006","1.0008","1.0011","1.0017",2883,2394,2084,1967,3385,3365,2966,2913
"X60_X84_Y87.0","2000_2005","2016_2020",15,"Census_Region_2_EQI_Air+SM+PA+OB","0.00","3.38(2.14,4.61)","5.33(3.96,6.67)","6.32(4.86,7.77)","5.45(3.79,7.04)","0.0002","0.0002","0.0002","0.0002","1.0012","1.0007","1.0010","1.0023",3193,2798,2532,2307,3464,3598,3456,3120
"X60_X84_Y87.0","2000_2005","2016_2020",15,"Census_Region_2_EQI_Water+SM+PA+OB","0.00","2.29(0.70,3.86)","2.40(0.65,4.07)","2.79(1.22,4.38)","2.26(0.49,4.14)","0.0060","0.0060","0.0006","0.0140","1.0025","1.0019","1.0018","1.0016",2339,2169,2421,2181,3356,3104,3398,3259
"X60_X84_Y87.0","2000_2005","2016_2020",15,"Census_Region_2_EQI_Land+SM+PA+OB","0.00","-0.08(-1.98,1.74)","-0.13(-1.94,1.67)","-0.47(-2.30,1.38)","-0.92(-2.86,0.94)","0.9292","0.8813","0.6230","0.3368","1.0024","1.0029","1.0029","1.0027",2515,2362,2402,2389,3694,3116,3297,3086
"X60_X84_Y87.0","2000_2005","2016_2020",15,"Census_Region_2_EQI_Built+SM+PA+OB","0.00","2.01(0.85,3.21)","2.77(1.64,3.92)","3.51(2.36,4.68)","4.63(3.33,6.00)","0.0002","0.0002","0.0002","0.0002","1.0015","1.0015","1.0021","1.0018",3662,3237,3100,3080,3789,3439,3303,3556
"X60_X84_Y87.0","2000_2005","2016_2020",15,"Census_Region_2_EQI_Social+SM+PA+OB","0.00","-1.95(-3.76,-0.16)","-1.96(-3.65,-0.26)","-1.27(-3.07,0.51)","-0.69(-2.75,1.35)","0.0352","0.0285","0.1723","0.5197","1.0010","1.0011","1.0026","1.0028",2565,2055,2103,1967,3112,2832,2809,2839
"X60_X84_Y87.0","2000_2005","2021_2024",20,"Census_Region_2_EQI+SM+PA+OB","0.00","1.24(-0.35,2.83)","5.36(3.74,6.98)","7.34(5.73,9.00)","7.90(6.10,9.77)","0.1302","0.0002","0.0002","0.0002","1.0017","1.0018","1.0018","1.0013",2640,2054,1887,1894,3213,2928,2740,2858
"X60_X84_Y87.0","2000_2005","2021_2024",20,"Census_Region_2_EQI_Air+SM+PA+OB","0.00","5.80(4.37,7.15)","7.53(6.01,9.03)","9.06(7.37,10.73)","7.83(6.00,9.65)","0.0002","0.0002","0.0002","0.0002","1.0010","1.0001","1.0003","1.0006",3582,3135,2936,2673,3544,3612,3572,3442
"X60_X84_Y87.0","2000_2005","2021_2024",20,"Census_Region_2_EQI_Water+SM+PA+OB","0.00","0.72(-0.93,2.37)","1.84(-0.04,3.68)","2.56(0.84,4.30)","2.84(0.81,4.90)","0.3914","0.0552","0.0052","0.0060","1.0026","1.0033","1.0018","1.0018",2847,2453,2701,2639,3453,2696,3042,3176
"X60_X84_Y87.0","2000_2005","2021_2024",20,"Census_Region_2_EQI_Land+SM+PA+OB","0.00","-1.54(-3.67,0.57)","-2.08(-4.10,0.01)","-3.17(-5.26,-1.00)","-3.10(-5.22,-0.93)","0.1681","0.0506","0.0056","0.0069","1.0028","1.0025","1.0041","1.0038",2826,2454,2054,2119,3498,2945,3029,2620
"X60_X84_Y87.0","2000_2005","2021_2024",20,"Census_Region_2_EQI_Built+SM+PA+OB","0.00","0.94(-0.40,2.26)","1.59(0.26,2.91)","2.54(1.11,3.95)","3.84(2.37,5.40)","0.1631","0.0231","0.0006","0.0002","1.0013","1.0009","1.0021","1.0000",3730,3229,2964,3060,3580,3744,3025,3708
"X60_X84_Y87.0","2000_2005","2021_2024",20,"Census_Region_2_EQI_Social+SM+PA+OB","0.00","-4.43(-6.55,-2.34)","-4.34(-6.45,-2.31)","-3.61(-5.79,-1.51)","-4.03(-6.44,-1.63)","0.0002","0.0002","0.0019","0.0015","1.0015","1.0023","1.0012","1.0007",2877,2543,2383,2479,3077,3120,2918,3048
"X60_X84_Y87.0","2000_2005","2006_2010",5,"Census_Region_3_EQI+SM+PA+OB","0.00","2.84(2.14,3.54)","3.68(2.91,4.48)","3.76(2.87,4.65)","3.85(2.71,4.99)","0.0002","0.0002","0.0002","0.0002","1.0005","1.0025","1.0016","1.0010",3399,2810,2412,2517,3240,3567,2993,3340
"X60_X84_Y87.0","2000_2005","2006_2010",5,"Census_Region_3_EQI_Air+SM+PA+OB","0.00","4.59(3.64,5.51)","6.19(5.24,7.12)","5.83(4.85,6.82)","4.91(3.80,5.97)","0.0002","0.0002","0.0002","0.0002","1.0020","1.0006","1.0015","1.0015",2749,2218,2003,2014,3421,2926,2731,2873
"X60_X84_Y87.0","2000_2005","2006_2010",5,"Census_Region_3_EQI_Water+SM+PA+OB","0.00","0.90(-0.05,1.85)","1.49(0.53,2.48)","1.38(0.32,2.44)","1.73(0.55,2.94)","0.0631","0.0035","0.0106","0.0052","1.0008","1.0006","1.0017","1.0013",2274,2430,2250,2296,3262,3035,2964,2760
"X60_X84_Y87.0","2000_2005","2006_2010",5,"Census_Region_3_EQI_Land+SM+PA+OB","0.00","-0.09(-0.63,0.45)","-0.24(-0.85,0.39)","-1.41(-2.34,-0.46)","-0.89(-2.22,0.41)","0.7442","0.4514","0.0048","0.1843","1.0011","1.0010","1.0021","1.0010",3974,4262,4364,4155,3299,3867,3119,3398
"X60_X84_Y87.0","2000_2005","2006_2010",5,"Census_Region_3_EQI_Built+SM+PA+OB","0.00","1.00(0.31,1.67)","1.51(0.75,2.26)","1.74(0.96,2.52)","1.49(0.62,2.38)","0.0052","0.0002","0.0002","0.0023","1.0014","1.0017","1.0018","1.0023",3186,2828,2478,2577,3730,3490,3147,3103
"X60_X84_Y87.0","2000_2005","2006_2010",5,"Census_Region_3_EQI_Social+SM+PA+OB","0.00","-0.13(-0.79,0.51)","0.35(-0.45,1.16)","0.74(-0.23,1.69)","0.78(-0.36,1.94)","0.6871","0.3968","0.1277","0.1727","1.0000","1.0004","1.0008","1.0008",3074,2659,2621,2539,3406,3027,2644,2960
"X60_X84_Y87.0","2000_2005","2011_2015",10,"Census_Region_3_EQI+SM+PA+OB","0.00","3.03(2.25,3.81)","3.63(2.75,4.49)","3.36(2.36,4.33)","3.09(1.86,4.30)","0.0002","0.0002","0.0002","0.0002","1.0012","0.9995","1.0002","1.0006",2891,2255,2252,2085,2928,3031,3243,3216
"X60_X84_Y87.0","2000_2005","2011_2015",10,"Census_Region_3_EQI_Air+SM+PA+OB","0.00","5.14(4.08,6.18)","7.25(6.20,8.30)","6.46(5.35,7.54)","5.11(3.90,6.27)","0.0002","0.0002","0.0002","0.0002","1.0001","1.0009","1.0009","1.0010",2795,2303,2132,2170,3727,3184,3070,2955
"X60_X84_Y87.0","2000_2005","2011_2015",10,"Census_Region_3_EQI_Water+SM+PA+OB","0.00","0.62(-0.45,1.66)","1.59(0.47,2.66)","1.81(0.65,2.96)","2.62(1.31,3.95)","0.2585","0.0040","0.0056","0.0002","1.0023","1.0039","1.0040","1.0031",2297,2251,2166,2052,3058,3309,3108,2802
"X60_X84_Y87.0","2000_2005","2011_2015",10,"Census_Region_3_EQI_Land+SM+PA+OB","0.00","0.05(-0.54,0.63)","-0.40(-1.10,0.30)","-1.39(-2.44,-0.38)","-0.49(-1.97,0.95)","0.8380","0.2652","0.0052","0.5164","0.9999","1.0004","1.0003","1.0007",3549,3646,4092,4009,3377,3371,3761,3253
"X60_X84_Y87.0","2000_2005","2011_2015",10,"Census_Region_3_EQI_Built+SM+PA+OB","0.00","1.37(0.62,2.12)","1.01(0.24,1.78)","1.29(0.47,2.14)","0.39(-0.57,1.30)","0.0006","0.0119","0.0019","0.3997","1.0009","1.0009","1.0006","1.0012",3629,3071,2890,2854,3451,3505,3309,3104
"X60_X84_Y87.0","2000_2005","2011_2015",10,"Census_Region_3_EQI_Social+SM+PA+OB","0.00","0.34(-0.38,1.07)","0.94(0.06,1.81)","1.10(0.10,2.10)","1.33(0.10,2.53)","0.3705","0.0406","0.0310","0.0306","1.0007","1.0021","1.0019","1.0021",3190,2772,2605,2311,3363,3151,3601,3384
"X60_X84_Y87.0","2000_2005","2016_2020",15,"Census_Region_3_EQI+SM+PA+OB","0.00","3.58(2.74,4.42)","4.28(3.38,5.21)","4.25(3.19,5.31)","3.63(2.34,4.97)","0.0002","0.0002","0.0002","0.0002","1.0011","1.0008","1.0013","1.0010",2608,2199,1927,1957,3137,3268,2757,2886
"X60_X84_Y87.0","2000_2005","2016_2020",15,"Census_Region_3_EQI_Air+SM+PA+OB","0.00","4.65(3.49,5.82)","6.38(5.18,7.59)","5.86(4.63,7.06)","4.52(3.17,5.87)","0.0002","0.0002","0.0002","0.0002","1.0022","1.0028","1.0030","1.0032",2526,2073,1891,1768,3138,2653,2642,2391
"X60_X84_Y87.0","2000_2005","2016_2020",15,"Census_Region_3_EQI_Water+SM+PA+OB","0.00","2.28(1.14,3.41)","2.27(1.12,3.41)","3.10(1.84,4.36)","2.39(1.01,3.75)","0.0006","0.0002","0.0002","0.0006","1.0015","1.0021","1.0017","1.0008",2252,2133,2210,2308,3004,3172,3370,3491
"X60_X84_Y87.0","2000_2005","2016_2020",15,"Census_Region_3_EQI_Land+SM+PA+OB","0.00","-0.18(-0.81,0.48)","0.12(-0.66,0.92)","-1.69(-2.80,-0.57)","-1.39(-2.93,0.14)","0.5972","0.7842","0.0031","0.0752","1.0013","1.0012","1.0007","1.0011",4210,3722,4064,3958,3702,3499,3815,3663
"X60_X84_Y87.0","2000_2005","2016_2020",15,"Census_Region_3_EQI_Built+SM+PA+OB","0.00","1.96(1.15,2.79)","2.32(1.46,3.19)","2.31(1.40,3.28)","1.90(0.85,2.97)","0.0002","0.0002","0.0002","0.0002","1.0007","1.0013","1.0011","1.0018",3367,2790,2859,2660,3501,3273,2943,3207
"X60_X84_Y87.0","2000_2005","2016_2020",15,"Census_Region_3_EQI_Social+SM+PA+OB","0.00","0.63(-0.20,1.47)","1.64(0.62,2.66)","1.42(0.23,2.60)","1.38(-0.00,2.79)","0.1306","0.0019","0.0194","0.0506","1.0015","1.0009","1.0024","1.0026",2636,2516,2242,2118,3465,3061,3036,2968
"X60_X84_Y87.0","2000_2005","2021_2024",20,"Census_Region_3_EQI+SM+PA+OB","0.00","4.24(3.13,5.33)","5.09(3.91,6.24)","5.25(3.85,6.61)","4.65(2.88,6.41)","0.0002","0.0002","0.0002","0.0002","1.0010","1.0018","1.0031","1.0024",2903,2432,2020,1981,3111,3352,2875,3125
"X60_X84_Y87.0","2000_2005","2021_2024",20,"Census_Region_3_EQI_Air+SM+PA+OB","0.00","8.23(6.74,9.70)","8.74(7.33,10.13)","7.74(6.21,9.21)","6.81(5.13,8.45)","0.0002","0.0002","0.0002","0.0002","1.0011","1.0017","1.0017","1.0030",2268,1878,1723,1651,3063,2642,2551,2679
"X60_X84_Y87.0","2000_2005","2021_2024",20,"Census_Region_3_EQI_Water+SM+PA+OB","0.00","2.66(1.19,4.15)","3.35(1.87,4.82)","4.08(2.47,5.72)","3.70(1.94,5.51)","0.0002","0.0002","0.0002","0.0002","1.0019","1.0015","1.0009","1.0005",1998,1904,1986,2171,3042,2790,3040,3388
"X60_X84_Y87.0","2000_2005","2021_2024",20,"Census_Region_3_EQI_Land+SM+PA+OB","0.00","-0.62(-1.44,0.23)","-0.91(-1.89,0.10)","-2.48(-3.94,-1.02)","-2.09(-4.05,-0.07)","0.1439","0.0760","0.0010","0.0423","1.0005","1.0008","0.9996","1.0004",3770,3667,3888,3913,3419,3512,3893,3508
"X60_X84_Y87.0","2000_2005","2021_2024",20,"Census_Region_3_EQI_Built+SM+PA+OB","0.00","2.30(1.25,3.29)","2.99(1.85,4.11)","2.88(1.71,4.04)","2.61(1.31,3.88)","0.0002","0.0002","0.0002","0.0010","1.0009","1.0003","0.9999","1.0018",3136,2771,2419,2418,3114,3416,3068,3119
"X60_X84_Y87.0","2000_2005","2021_2024",20,"Census_Region_3_EQI_Social+SM+PA+OB","0.00","0.89(-0.13,1.89)","0.43(-0.79,1.64)","0.73(-0.73,2.12)","0.41(-1.29,2.15)","0.0914","0.4947","0.3335","0.6413","1.0010","1.0016","1.0022","1.0016",2585,2121,2202,1882,3205,2928,3151,3101
"X60_X84_Y87.0","2000_2005","2006_2010",5,"Census_Region_4_EQI+SM+PA+OB","0.00","4.03(1.75,6.40)","6.47(4.07,8.86)","7.87(5.30,10.45)","7.69(5.05,10.22)","0.0006","0.0002","0.0002","0.0002","1.0005","1.0007","1.0016","1.0015",2887,2746,2379,2252,3673,3270,3397,3060
"X60_X84_Y87.0","2000_2005","2006_2010",5,"Census_Region_4_EQI_Air+SM+PA+OB","0.00","3.54(1.50,5.59)","2.65(0.31,5.00)","0.83(-1.51,3.03)","-0.03(-2.52,2.52)","0.0002","0.0244","0.4647","0.9733","1.0000","1.0002","1.0012","1.0009",4052,4284,3812,3559,3505,3342,3409,3678
"X60_X84_Y87.0","2000_2005","2006_2010",5,"Census_Region_4_EQI_Water+SM+PA+OB","0.00","-3.03(-6.53,0.43)","2.69(-0.78,6.19)","3.38(-0.06,6.95)","2.37(-0.76,5.56)","0.0902","0.1277","0.0552","0.1393","1.0023","1.0028","1.0026","1.0023",2382,2224,2447,2312,3117,3264,3061,2893
"X60_X84_Y87.0","2000_2005","2006_2010",5,"Census_Region_4_EQI_Land+SM+PA+OB","0.00","-1.52(-5.77,2.71)","1.51(-1.90,5.04)","0.59(-2.79,4.04)","1.41(-2.03,4.83)","0.4905","0.3930","0.7267","0.4230","1.0005","1.0015","1.0021","1.0019",2716,2094,1984,2007,3368,2774,2514,2565
"X60_X84_Y87.0","2000_2005","2006_2010",5,"Census_Region_4_EQI_Built+SM+PA+OB","0.00","1.82(-0.69,4.35)","2.50(-0.00,4.96)","5.41(2.96,7.85)","4.99(2.52,7.52)","0.1531","0.0506","0.0002","0.0002","1.0009","1.0008","1.0005","1.0002",3438,3209,3257,3043,3683,3476,3592,3582
"X60_X84_Y87.0","2000_2005","2006_2010",5,"Census_Region_4_EQI_Social+SM+PA+OB","0.00","-0.28(-2.49,2.01)","-1.63(-3.82,0.60)","0.08(-2.43,2.62)","0.48(-2.41,3.33)","0.7875","0.1568","0.9525","0.7351","1.0011","1.0019","1.0010","1.0016",3683,3042,2706,2710,3388,3653,3466,3384
"X60_X84_Y87.0","2000_2005","2011_2015",10,"Census_Region_4_EQI+SM+PA+OB","0.00","4.18(1.80,6.58)","8.02(5.53,10.48)","9.30(6.64,11.82)","9.03(6.35,11.67)","0.0002","0.0002","0.0002","0.0002","1.0013","1.0028","1.0043","1.0047",2422,2075,1896,1705,3133,2890,2886,2527
"X60_X84_Y87.0","2000_2005","2011_2015",10,"Census_Region_4_EQI_Air+SM+PA+OB","0.00","4.49(2.45,6.49)","3.88(1.49,6.22)","1.15(-1.03,3.27)","0.90(-1.82,3.50)","0.0002","0.0019","0.2897","0.5009","1.0006","1.0000","0.9999","1.0007",4823,4540,4130,3843,3661,3787,3854,3525
"X60_X84_Y87.0","2000_2005","2011_2015",10,"Census_Region_4_EQI_Water+SM+PA+OB","0.00","-2.10(-6.04,1.89)","3.12(-0.82,7.10)","2.13(-1.88,6.03)","1.68(-2.14,5.48)","0.2931","0.1139","0.2964","0.3701","1.0006","1.0008","1.0009","1.0005",2423,2272,2320,2246,3096,2850,3106,2760
"X60_X84_Y87.0","2000_2005","2011_2015",10,"Census_Region_4_EQI_Land+SM+PA+OB","0.00","2.08(-2.80,6.84)","2.57(-1.48,6.38)","2.11(-1.84,5.89)","2.04(-1.97,5.88)","0.4026","0.2139","0.2897","0.3014","1.0007","1.0003","1.0007","1.0009",3222,2530,2391,2461,3669,3234,2864,2893
"X60_X84_Y87.0","2000_2005","2011_2015",10,"Census_Region_4_EQI_Built+SM+PA+OB","0.00","4.06(1.69,6.38)","5.45(3.04,7.81)","7.14(4.82,9.42)","7.92(5.53,10.21)","0.0015","0.0002","0.0002","0.0002","1.0004","0.9999","0.9996","1.0006",4113,3953,3765,3513,3813,3915,3790,3911
"X60_X84_Y87.0","2000_2005","2011_2015",10,"Census_Region_4_EQI_Social+SM+PA+OB","0.00","-1.29(-3.36,0.79)","-0.39(-2.60,1.80)","1.08(-1.40,3.55)","1.43(-1.33,4.27)","0.2310","0.7409","0.3822","0.3276","1.0001","1.0014","1.0007","1.0007",3906,3652,3269,3122,3788,3867,3731,3116
"X60_X84_Y87.0","2000_2005","2016_2020",15,"Census_Region_4_EQI+SM+PA+OB","0.00","4.71(2.08,7.25)","7.22(4.56,9.76)","9.36(6.42,12.20)","8.90(6.00,11.70)","0.0006","0.0002","0.0002","0.0002","1.0022","1.0020","1.0015","1.0012",2853,2308,2053,1908,3154,3311,3271,2714
"X60_X84_Y87.0","2000_2005","2016_2020",15,"Census_Region_4_EQI_Air+SM+PA+OB","0.00","3.58(1.38,5.80)","4.60(2.04,7.12)","1.91(-0.56,4.36)","0.88(-1.96,3.75)","0.0019","0.0015","0.1343","0.5451","1.0007","1.0009","1.0004","1.0015",4252,4697,3553,3813,3844,3920,3598,3437
"X60_X84_Y87.0","2000_2005","2016_2020",15,"Census_Region_4_EQI_Water+SM+PA+OB","0.00","-5.23(-9.65,-0.98)","0.35(-3.93,4.44)","1.64(-2.63,5.65)","0.94(-3.18,4.79)","0.0177","0.8659","0.4409","0.6272","1.0017","1.0020","1.0024","1.0027",2059,1899,1927,1887,2722,2791,3185,2709
"X60_X84_Y87.0","2000_2005","2016_2020",15,"Census_Region_4_EQI_Land+SM+PA+OB","0.00","2.13(-2.72,6.94)","2.62(-1.48,6.66)","0.67(-3.33,4.54)","0.12(-3.91,4.03)","0.3935","0.2027","0.7351","0.9463","1.0006","1.0018","1.0024","1.0026",2857,2327,2082,2207,3559,2964,2298,2454
"X60_X84_Y87.0","2000_2005","2016_2020",15,"Census_Region_4_EQI_Built+SM+PA+OB","0.00","3.27(0.58,5.95)","5.28(2.47,7.92)","7.31(4.65,9.99)","6.45(3.72,9.22)","0.0173","0.0002","0.0002","0.0002","1.0003","1.0008","0.9999","1.0005",3780,3563,3022,2863,3574,3896,3137,3334
"X60_X84_Y87.0","2000_2005","2016_2020",15,"Census_Region_4_EQI_Social+SM+PA+OB","0.00","-0.95(-3.22,1.41)","-0.62(-3.13,1.83)","0.88(-1.88,3.64)","-0.45(-3.60,2.63)","0.4176","0.6092","0.5305","0.7888","1.0002","1.0011","1.0031","1.0010",3835,3167,2966,2808,3917,3776,3655,3485
"X60_X84_Y87.0","2000_2005","2021_2024",20,"Census_Region_4_EQI+SM+PA+OB","0.00","5.76(2.66,8.82)","9.76(6.47,12.85)","11.06(7.64,14.51)","10.57(7.07,14.01)","0.0002","0.0002","0.0002","0.0002","0.9999","1.0000","1.0009","1.0008",2623,2480,2270,2024,3365,2889,2938,2418
"X60_X84_Y87.0","2000_2005","2021_2024",20,"Census_Region_4_EQI_Air+SM+PA+OB","0.00","4.64(1.89,7.44)","4.58(1.34,7.70)","0.94(-2.07,3.98)","0.56(-2.89,4.03)","0.0006","0.0069","0.5334","0.7605","1.0018","1.0007","1.0007","1.0010",4628,4597,4169,3914,3591,3912,3754,3807
"X60_X84_Y87.0","2000_2005","2021_2024",20,"Census_Region_4_EQI_Water+SM+PA+OB","0.00","-5.35(-10.04,-0.55)","1.98(-2.70,6.68)","0.05(-4.68,4.78)","1.84(-2.70,6.42)","0.0290","0.4151","0.9683","0.4093","1.0015","1.0017","1.0017","1.0021",2523,2567,2496,2458,3242,3048,3123,2987
"X60_X84_Y87.0","2000_2005","2021_2024",20,"Census_Region_4_EQI_Land+SM+PA+OB","0.00","0.71(-4.69,6.15)","6.14(1.57,10.67)","1.54(-2.70,5.86)","1.28(-3.03,5.66)","0.8100","0.0065","0.4755","0.5688","1.0012","1.0007","1.0013","1.0013",3050,2813,2308,2461,3389,3147,2685,2803
"X60_X84_Y87.0","2000_2005","2021_2024",20,"Census_Region_4_EQI_Built+SM+PA+OB","0.00","3.57(0.32,6.75)","5.78(2.48,9.10)","7.75(4.51,10.95)","7.96(4.55,11.32)","0.0327","0.0006","0.0002","0.0002","1.0001","1.0004","1.0005","1.0007",4046,3737,3529,3222,3902,3663,3743,2928
"X60_X84_Y87.0","2000_2005","2021_2024",20,"Census_Region_4_EQI_Social+SM+PA+OB","0.00","-0.86(-3.85,2.14)","-1.99(-4.89,0.90)","1.06(-2.24,4.42)","1.02(-2.83,4.83)","0.5855","0.1768","0.5501","0.6017","0.9998","1.0015","1.0003","1.0011",3792,2967,3152,2886,3485,3514,3398,3171
"X60_X84_Y87.0","2000_2005","2006_2010",5,"koppen_major_B_EQI+SM+PA+OB","0.00","3.78(1.95,5.63)","6.88(4.79,8.95)","7.99(5.64,10.35)","8.76(5.91,11.55)","0.0002","0.0002","0.0002","0.0002","1.0004","1.0000","1.0008","1.0004",4802,4046,3754,3842,3718,3905,3445,3617
"X60_X84_Y87.0","2000_2005","2006_2010",5,"koppen_major_B_EQI_Air+SM+PA+OB","0.00","3.65(1.63,5.68)","3.56(1.17,5.89)","1.40(-1.03,3.84)","0.26(-3.17,3.83)","0.0002","0.0023","0.2664","0.8959","1.0006","1.0005","1.0023","1.0013",3623,3716,3405,4503,3636,3393,3592,3976
"X60_X84_Y87.0","2000_2005","2006_2010",5,"koppen_major_B_EQI_Water+SM+PA+OB","0.00","0.39(-2.48,3.26)","3.45(0.39,6.44)","4.82(1.84,7.78)","4.05(1.01,6.96)","0.7950","0.0260","0.0006","0.0060","1.0002","1.0006","1.0004","1.0007",2397,2168,2213,2104,3066,3078,3218,2833
"X60_X84_Y87.0","2000_2005","2006_2010",5,"koppen_major_B_EQI_Land+SM+PA+OB","0.00","-0.58(-3.20,1.95)","0.14(-2.52,2.76)","1.09(-1.74,3.85)","2.08(-1.13,5.24)","0.6601","0.9159","0.4459","0.1981","1.0011","1.0019","1.0017","1.0016",2843,2542,2369,2559,3750,3345,3455,3635
"X60_X84_Y87.0","2000_2005","2006_2010",5,"koppen_major_B_EQI_Built+SM+PA+OB","0.00","1.46(-0.35,3.39)","2.13(-0.16,4.43)","3.71(1.62,5.90)","5.41(2.96,7.90)","0.1214","0.0669","0.0006","0.0002","1.0009","1.0016","1.0014","1.0020",3651,3282,3290,3036,3742,3491,3728,3623
"X60_X84_Y87.0","2000_2005","2006_2010",5,"koppen_major_B_EQI_Social+SM+PA+OB","0.00","0.28(-1.69,2.25)","-1.36(-3.44,0.74)","-0.68(-3.21,1.81)","-0.05(-3.25,3.22)","0.7784","0.2035","0.5951","0.9708","1.0011","1.0018","1.0008","1.0004",3936,3119,3277,3481,3560,3410,3194,3900
"X60_X84_Y87.0","2000_2005","2011_2015",10,"koppen_major_B_EQI+SM+PA+OB","0.00","4.37(2.25,6.42)","7.42(5.23,9.62)","10.23(7.46,12.89)","10.18(7.00,13.37)","0.0002","0.0002","0.0002","0.0002","1.0014","1.0003","1.0008","1.0011",4299,3618,3170,3120,3355,3514,3724,3510
"X60_X84_Y87.0","2000_2005","2011_2015",10,"koppen_major_B_EQI_Air+SM+PA+OB","0.00","5.31(3.09,7.56)","5.20(2.54,7.73)","2.08(-0.65,4.76)","0.22(-3.82,4.37)","0.0002","0.0002","0.1377","0.9121","1.0012","1.0013","1.0011","0.9997",4199,3958,3856,5661,3864,3512,3947,3661
"X60_X84_Y87.0","2000_2005","2011_2015",10,"koppen_major_B_EQI_Water+SM+PA+OB","0.00","0.58(-2.76,4.03)","3.74(0.27,7.11)","3.87(0.52,7.02)","4.34(0.92,7.62)","0.7442","0.0352","0.0256","0.0098","1.0010","0.9999","1.0007","1.0002",2389,2233,2178,2383,2932,2858,2974,3158
"X60_X84_Y87.0","2000_2005","2011_2015",10,"koppen_major_B_EQI_Land+SM+PA+OB","0.00","-0.63(-3.71,2.47)","-0.49(-3.53,2.50)","-1.39(-4.60,1.90)","-1.32(-4.83,2.32)","0.6976","0.7584","0.4110","0.4726","1.0011","1.0014","1.0011","1.0021",2922,2561,2537,2392,3349,3671,3210,3290
"X60_X84_Y87.0","2000_2005","2011_2015",10,"koppen_major_B_EQI_Built+SM+PA+OB","0.00","2.67(0.52,4.89)","3.69(1.09,6.24)","2.77(0.53,5.04)","5.62(2.85,8.43)","0.0144","0.0065","0.0148","0.0002","1.0005","1.0002","1.0000","1.0011",4347,3753,3954,3315,4059,4034,3580,3213
"X60_X84_Y87.0","2000_2005","2011_2015",10,"koppen_major_B_EQI_Social+SM+PA+OB","0.00","-1.38(-3.51,0.81)","0.37(-2.16,2.89)","-0.30(-2.97,2.51)","1.64(-1.99,5.37)","0.2122","0.7746","0.8242","0.3793","1.0003","1.0003","1.0001","1.0012",3419,2906,3253,3464,3740,2989,3749,3707
"X60_X84_Y87.0","2000_2005","2016_2020",15,"koppen_major_B_EQI+SM+PA+OB","0.00","5.67(3.24,7.96)","8.04(5.58,10.47)","10.39(7.25,13.41)","10.91(7.34,14.52)","0.0002","0.0002","0.0002","0.0002","1.0001","0.9997","1.0008","0.9999",4314,3682,3293,3295,3812,3786,3603,3638
"X60_X84_Y87.0","2000_2005","2016_2020",15,"koppen_major_B_EQI_Air+SM+PA+OB","0.00","3.90(1.37,6.43)","3.48(0.55,6.36)","0.99(-2.04,4.12)","-1.17(-5.60,3.33)","0.0044","0.0240","0.5288","0.6088","1.0003","1.0008","1.0002","1.0008",5264,5131,3928,5870,3833,3345,3909,3710
"X60_X84_Y87.0","2000_2005","2016_2020",15,"koppen_major_B_EQI_Water+SM+PA+OB","0.00","0.18(-3.53,3.83)","3.91(0.26,7.59)","5.96(2.43,9.63)","5.49(1.87,9.11)","0.9283","0.0348","0.0031","0.0044","1.0018","1.0008","1.0019","1.0015",2440,2313,2218,2450,3278,3309,3443,3109
"X60_X84_Y87.0","2000_2005","2016_2020",15,"koppen_major_B_EQI_Land+SM+PA+OB","0.00","-0.53(-3.83,2.94)","1.27(-2.10,4.63)","-1.16(-4.76,2.52)","-1.31(-5.16,2.61)","0.7455","0.4580","0.5280","0.5080","1.0007","1.0011","1.0008","1.0005",3142,2933,2784,2928,3599,3181,3327,3645
"X60_X84_Y87.0","2000_2005","2016_2020",15,"koppen_major_B_EQI_Built+SM+PA+OB","0.00","2.16(-0.31,4.56)","5.24(2.34,8.14)","5.69(2.94,8.45)","8.60(5.31,11.78)","0.0860","0.0006","0.0002","0.0002","1.0010","1.0003","1.0004","1.0019",4605,3487,3902,3500,3606,3453,3562,3810
"X60_X84_Y87.0","2000_2005","2016_2020",15,"koppen_major_B_EQI_Social+SM+PA+OB","0.00","-0.60(-3.01,1.75)","-1.26(-3.96,1.50)","-0.67(-3.87,2.53)","-0.25(-4.23,3.62)","0.6476","0.3630","0.6896","0.8992","1.0011","1.0010","1.0014","1.0014",3905,3047,3306,3764,3731,3879,2550,3880
"X60_X84_Y87.0","2000_2005","2021_2024",20,"koppen_major_B_EQI+SM+PA+OB","0.00","3.30(0.65,5.91)","9.66(6.66,12.66)","12.41(8.95,15.83)","12.67(8.50,16.61)","0.0131","0.0002","0.0002","0.0002","1.0003","1.0000","1.0023","1.0010",3399,3143,2858,2395,3059,3119,3371,3057
"X60_X84_Y87.0","2000_2005","2021_2024",20,"koppen_major_B_EQI_Air+SM+PA+OB","0.00","8.18(5.32,11.08)","8.51(5.18,11.65)","3.33(-0.22,6.85)","1.18(-3.85,6.28)","0.0002","0.0002","0.0623","0.6459","1.0000","1.0002","1.0004","1.0012",4474,4388,4179,5588,3630,4023,3622,3632
"X60_X84_Y87.0","2000_2005","2021_2024",20,"koppen_major_B_EQI_Water+SM+PA+OB","0.00","0.38(-3.54,4.20)","3.59(-0.34,7.56)","3.31(-0.59,7.10)","4.77(0.77,8.71)","0.8375","0.0727","0.1006","0.0198","1.0015","1.0026","1.0033","1.0025",2301,2296,2089,2058,3604,3235,3310,3022
"X60_X84_Y87.0","2000_2005","2021_2024",20,"koppen_major_B_EQI_Land+SM+PA+OB","0.00","0.10(-3.70,3.66)","1.07(-2.57,4.62)","-2.04(-6.07,1.92)","-1.34(-5.66,2.83)","0.9421","0.5572","0.3156","0.5468","1.0017","1.0004","1.0005","1.0000",2932,2485,2418,2444,3659,3279,2920,3468
"X60_X84_Y87.0","2000_2005","2021_2024",20,"koppen_major_B_EQI_Built+SM+PA+OB","0.00","0.71(-1.81,3.30)","3.89(0.77,6.96)","3.91(0.94,6.93)","8.59(4.94,12.12)","0.5809","0.0156","0.0106","0.0002","0.9996","1.0007","1.0009","1.0013",3882,3642,3530,3337,3309,3629,3543,3739
"X60_X84_Y87.0","2000_2005","2021_2024",20,"koppen_major_B_EQI_Social+SM+PA+OB","0.00","-0.97(-3.70,1.81)","-1.36(-4.35,1.80)","0.24(-3.26,3.80)","2.05(-2.47,6.58)","0.4926","0.3685","0.9009","0.3772","1.0013","1.0008","1.0014","1.0010",3931,3002,3244,3420,3736,3313,3391,3604
"X60_X84_Y87.0","2000_2005","2006_2010",5,"koppen_major_C_EQI+SM+PA+OB","0.00","1.95(1.23,2.66)","3.01(2.28,3.75)","3.18(2.32,4.00)","2.66(1.61,3.67)","0.0002","0.0002","0.0002","0.0002","1.0007","1.0014","1.0015","1.0017",3151,2377,2191,2558,2963,2940,2705,3236
"X60_X84_Y87.0","2000_2005","2006_2010",5,"koppen_major_C_EQI_Air+SM+PA+OB","0.00","4.07(3.13,4.99)","5.38(4.45,6.33)","5.09(4.09,6.04)","4.14(3.06,5.18)","0.0002","0.0002","0.0002","0.0002","1.0008","1.0036","1.0021","1.0037",2503,2038,1875,1780,3185,2948,2691,2880
"X60_X84_Y87.0","2000_2005","2006_2010",5,"koppen_major_C_EQI_Water+SM+PA+OB","0.00","0.85(-0.13,1.80)","1.07(0.07,1.99)","0.89(-0.13,1.86)","1.18(0.10,2.22)","0.0873","0.0344","0.0898","0.0290","1.0004","1.0018","1.0007","1.0009",2223,2117,2077,2191,2452,2825,2617,2388
"X60_X84_Y87.0","2000_2005","2006_2010",5,"koppen_major_C_EQI_Land+SM+PA+OB","0.00","0.02(-0.56,0.59)","-0.37(-1.02,0.27)","-0.24(-1.01,0.55)","-0.32(-1.20,0.55)","0.9504","0.2477","0.5326","0.4822","1.0002","1.0012","1.0008","1.0014",3875,3239,3271,2849,3779,3769,3440,3365
"X60_X84_Y87.0","2000_2005","2006_2010",5,"koppen_major_C_EQI_Built+SM+PA+OB","0.00","0.93(0.26,1.61)","1.40(0.69,2.10)","1.77(1.01,2.53)","1.46(0.58,2.30)","0.0098","0.0006","0.0002","0.0019","1.0020","1.0026","1.0026","1.0025",2894,2377,2100,2103,3753,2837,2791,3343
"X60_X84_Y87.0","2000_2005","2006_2010",5,"koppen_major_C_EQI_Social+SM+PA+OB","0.00","-0.39(-1.05,0.30)","-0.56(-1.35,0.24)","-0.28(-1.16,0.63)","-0.56(-1.61,0.52)","0.2568","0.1731","0.5280","0.2843","1.0014","1.0023","1.0030","1.0038",2557,2291,2150,1901,3144,3378,3162,3360
"X60_X84_Y87.0","2000_2005","2011_2015",10,"koppen_major_C_EQI+SM+PA+OB","0.00","1.54(0.77,2.31)","2.62(1.81,3.45)","2.44(1.54,3.37)","1.92(0.83,3.05)","0.0002","0.0002","0.0002","0.0010","1.0018","1.0012","1.0006","1.0018",2911,2544,2493,2335,3129,3537,2739,2755
"X60_X84_Y87.0","2000_2005","2011_2015",10,"koppen_major_C_EQI_Air+SM+PA+OB","0.00","4.24(3.21,5.28)","5.83(4.76,6.88)","5.08(3.99,6.11)","3.82(2.69,4.93)","0.0002","0.0002","0.0002","0.0002","1.0036","1.0031","1.0056","1.0054",2299,2119,1852,1765,3408,2825,2505,2853
"X60_X84_Y87.0","2000_2005","2011_2015",10,"koppen_major_C_EQI_Water+SM+PA+OB","0.00","0.24(-0.75,1.28)","1.07(0.04,2.14)","1.09(-0.01,2.15)","1.29(0.22,2.42)","0.6442","0.0410","0.0514","0.0202","1.0018","1.0014","1.0013","1.0015",2260,1988,2141,2230,2989,2793,2729,2482
"X60_X84_Y87.0","2000_2005","2011_2015",10,"koppen_major_C_EQI_Land+SM+PA+OB","0.00","0.16(-0.46,0.75)","-0.12(-0.81,0.57)","-0.27(-1.10,0.56)","-0.25(-1.24,0.73)","0.6217","0.7459","0.5009","0.6342","1.0019","1.0011","1.0001","1.0022",3864,3428,2868,2833,3684,3807,3578,3557
"X60_X84_Y87.0","2000_2005","2011_2015",10,"koppen_major_C_EQI_Built+SM+PA+OB","0.00","1.16(0.43,1.88)","0.96(0.21,1.71)","1.82(1.03,2.60)","1.01(0.16,1.86)","0.0027","0.0106","0.0002","0.0223","1.0002","1.0007","1.0014","1.0009",3227,2668,2498,2275,3716,3567,3457,3658
"X60_X84_Y87.0","2000_2005","2011_2015",10,"koppen_major_C_EQI_Social+SM+PA+OB","0.00","0.19(-0.50,0.91)","0.17(-0.66,1.02)","0.46(-0.47,1.40)","0.25(-0.86,1.37)","0.6151","0.6996","0.3385","0.6655","1.0017","1.0033","1.0023","1.0028",2888,2362,2280,2151,3416,3369,2667,3233
"X60_X84_Y87.0","2000_2005","2016_2020",15,"koppen_major_C_EQI+SM+PA+OB","0.00","2.23(1.37,3.08)","3.21(2.30,4.05)","3.00(1.97,3.96)","2.20(1.00,3.36)","0.0002","0.0002","0.0002","0.0002","1.0028","1.0023","1.0036","1.0029",2335,1869,1632,1575,3055,2312,2451,2578
"X60_X84_Y87.0","2000_2005","2016_2020",15,"koppen_major_C_EQI_Air+SM+PA+OB","0.00","4.88(3.73,6.03)","6.54(5.35,7.66)","6.01(4.78,7.19)","4.82(3.53,6.11)","0.0002","0.0002","0.0002","0.0002","1.0039","1.0040","1.0051","1.0058",2277,2092,1960,1914,3317,2741,3053,3048
"X60_X84_Y87.0","2000_2005","2016_2020",15,"koppen_major_C_EQI_Water+SM+PA+OB","0.00","1.80(0.65,2.91)","1.57(0.41,2.72)","1.99(0.76,3.16)","1.27(0.00,2.55)","0.0019","0.0090","0.0010","0.0502","1.0019","1.0018","1.0020","1.0017",2058,1836,1810,1857,2713,3000,2621,3267
"X60_X84_Y87.0","2000_2005","2016_2020",15,"koppen_major_C_EQI_Land+SM+PA+OB","0.00","0.01(-0.64,0.68)","0.03(-0.71,0.78)","-0.05(-0.94,0.85)","-0.90(-1.95,0.17)","0.9783","0.9300","0.9142","0.1048","1.0028","1.0005","1.0010","1.0009",3889,3290,3233,3392,3432,3424,3590,3413
"X60_X84_Y87.0","2000_2005","2016_2020",15,"koppen_major_C_EQI_Built+SM+PA+OB","0.00","1.61(0.81,2.43)","1.67(0.85,2.49)","1.99(1.12,2.87)","1.00(0.03,1.97)","0.0002","0.0006","0.0002","0.0452","1.0010","1.0022","1.0025","1.0031",3334,2881,2706,2500,3179,3564,3365,3171
"X60_X84_Y87.0","2000_2005","2016_2020",15,"koppen_major_C_EQI_Social+SM+PA+OB","0.00","0.57(-0.20,1.36)","1.11(0.17,2.00)","0.96(-0.06,1.97)","0.58(-0.59,1.78)","0.1548","0.0165","0.0681","0.3551","1.0011","1.0018","1.0013","1.0019",2610,2080,1913,1863,3495,3390,2677,2873
"X60_X84_Y87.0","2000_2005","2021_2024",20,"koppen_major_C_EQI+SM+PA+OB","0.00","2.90(1.84,3.95)","3.86(2.76,4.95)","3.73(2.50,4.93)","2.82(1.31,4.27)","0.0002","0.0002","0.0002","0.0002","1.0009","1.0022","1.0029","1.0033",1876,1666,1400,1403,2940,2791,2522,2458
"X60_X84_Y87.0","2000_2005","2021_2024",20,"koppen_major_C_EQI_Air+SM+PA+OB","0.00","6.17(4.72,7.60)","6.38(5.00,7.81)","5.62(4.17,7.07)","4.39(2.83,5.95)","0.0002","0.0002","0.0002","0.0002","1.0018","1.0021","1.0033","1.0022",2323,1937,1743,1756,3016,2910,2835,2782
"X60_X84_Y87.0","2000_2005","2021_2024",20,"koppen_major_C_EQI_Water+SM+PA+OB","0.00","1.39(0.05,2.70)","2.59(1.21,4.03)","3.04(1.56,4.50)","2.57(0.99,4.09)","0.0381","0.0002","0.0002","0.0015","1.0023","1.0023","1.0028","1.0016",2310,2145,2098,2022,3233,3088,2930,2753
"X60_X84_Y87.0","2000_2005","2021_2024",20,"koppen_major_C_EQI_Land+SM+PA+OB","0.00","-0.42(-1.27,0.41)","-0.57(-1.56,0.39)","-0.87(-2.03,0.25)","-1.53(-2.89,-0.21)","0.3293","0.2506","0.1310","0.0219","1.0004","1.0011","1.0011","1.0010",3890,3161,3056,2547,3442,3273,3817,2859
"X60_X84_Y87.0","2000_2005","2021_2024",20,"koppen_major_C_EQI_Built+SM+PA+OB","0.00","2.39(1.44,3.36)","2.76(1.76,3.77)","3.17(2.10,4.23)","2.57(1.40,3.76)","0.0002","0.0002","0.0002","0.0002","1.0005","1.0013","1.0013","1.0009",3110,2889,2569,2602,3498,3544,3150,3015
"X60_X84_Y87.0","2000_2005","2021_2024",20,"koppen_major_C_EQI_Social+SM+PA+OB","0.00","0.87(-0.11,1.87)","-0.02(-1.15,1.11)","0.51(-0.78,1.82)","-0.42(-1.93,1.09)","0.0889","0.9704","0.4393","0.5793","1.0004","1.0012","1.0010","1.0020",2743,2429,2172,1984,3407,3248,2893,2851
"X60_X84_Y87.0","2000_2005","2006_2010",5,"koppen_major_D_EQI+SM+PA+OB","0.00","2.20(0.96,3.49)","4.25(2.93,5.58)","5.90(4.58,7.24)","6.09(4.69,7.54)","0.0010","0.0002","0.0002","0.0002","1.0014","1.0027","1.0036","1.0036",2049,1725,1551,1465,2421,2525,2339,2263
"X60_X84_Y87.0","2000_2005","2006_2010",5,"koppen_major_D_EQI_Air+SM+PA+OB","0.00","2.73(1.67,3.80)","3.67(2.56,4.85)","3.86(2.63,5.08)","2.29(0.95,3.66)","0.0002","0.0002","0.0002","0.0002","1.0028","1.0005","1.0011","1.0008",3120,2851,2586,2405,3910,3474,3187,3059
"X60_X84_Y87.0","2000_2005","2006_2010",5,"koppen_major_D_EQI_Water+SM+PA+OB","0.00","-0.24(-1.45,0.98)","0.28(-1.09,1.64)","0.43(-0.85,1.71)","0.97(-0.46,2.40)","0.6971","0.6930","0.5105","0.1877","1.0012","1.0009","1.0006","1.0006",2516,2169,2146,2213,3451,2789,2980,3105
"X60_X84_Y87.0","2000_2005","2006_2010",5,"koppen_major_D_EQI_Land+SM+PA+OB","0.00","-0.24(-2.03,1.47)","0.64(-1.08,2.28)","0.38(-1.36,2.05)","0.18(-1.57,1.85)","0.8038","0.4676","0.6651","0.8396","1.0014","1.0016","1.0027","1.0020",2362,2128,2127,2070,3207,2828,2825,2917
"X60_X84_Y87.0","2000_2005","2006_2010",5,"koppen_major_D_EQI_Built+SM+PA+OB","0.00","0.68(-0.45,1.79)","1.44(0.38,2.50)","2.33(1.24,3.44)","2.58(1.44,3.72)","0.2385","0.0102","0.0002","0.0002","1.0003","1.0009","1.0012","1.0012",3236,2731,2709,2678,3921,4004,3351,3283
"X60_X84_Y87.0","2000_2005","2006_2010",5,"koppen_major_D_EQI_Social+SM+PA+OB","0.00","-2.42(-4.18,-0.73)","-1.62(-3.26,0.02)","-1.05(-2.72,0.63)","-0.62(-2.49,1.26)","0.0073","0.0523","0.2164","0.5068","1.0009","1.0001","1.0006","1.0004",2302,2144,1845,1914,3176,3322,2638,2588
"X60_X84_Y87.0","2000_2005","2011_2015",10,"koppen_major_D_EQI+SM+PA+OB","0.00","2.54(0.99,4.10)","4.00(2.56,5.47)","5.79(4.23,7.32)","6.34(4.73,7.94)","0.0010","0.0002","0.0002","0.0002","1.0007","1.0012","1.0015","1.0018",2644,2012,1790,1733,3085,3249,2374,2370
"X60_X84_Y87.0","2000_2005","2011_2015",10,"koppen_major_D_EQI_Air+SM+PA+OB","0.00","2.07(0.77,3.34)","3.98(2.50,5.37)","3.81(2.35,5.29)","2.52(0.91,4.07)","0.0006","0.0002","0.0002","0.0040","1.0012","1.0024","1.0032","1.0032",1845,1855,1674,1886,3157,2482,2717,2979
"X60_X84_Y87.0","2000_2005","2011_2015",10,"koppen_major_D_EQI_Water+SM+PA+OB","0.00","0.41(-0.96,1.83)","1.94(0.42,3.50)","2.75(1.29,4.23)","2.92(1.30,4.60)","0.5730","0.0081","0.0006","0.0010","1.0019","1.0009","1.0017","1.0018",2088,2049,2212,2113,3198,2656,2929,3219
"X60_X84_Y87.0","2000_2005","2011_2015",10,"koppen_major_D_EQI_Land+SM+PA+OB","0.00","0.22(-1.75,2.22)","0.71(-1.20,2.64)","-0.21(-2.15,1.76)","0.76(-1.19,2.81)","0.8259","0.4801","0.8221","0.4459","1.0009","1.0004","1.0012","1.0014",2340,1990,2013,2015,2945,2650,2489,2645
"X60_X84_Y87.0","2000_2005","2011_2015",10,"koppen_major_D_EQI_Built+SM+PA+OB","0.00","0.48(-0.85,1.85)","0.97(-0.27,2.20)","1.86(0.60,3.11)","2.38(1.08,3.67)","0.4759","0.1177","0.0048","0.0006","1.0011","1.0012","1.0012","1.0009",2164,2578,2629,2624,3003,3440,3160,2810
"X60_X84_Y87.0","2000_2005","2011_2015",10,"koppen_major_D_EQI_Social+SM+PA+OB","0.00","-0.56(-2.69,1.43)","-0.29(-2.35,1.64)","-0.11(-2.24,1.82)","0.08(-2.22,2.16)","0.6017","0.7884","0.9258","0.9263","1.0009","1.0009","1.0016","1.0017",1553,1388,1394,1583,2944,2628,2400,2447
"X60_X84_Y87.0","2000_2005","2016_2020",15,"koppen_major_D_EQI+SM+PA+OB","0.00","2.71(1.03,4.35)","4.83(3.15,6.51)","6.50(4.82,8.08)","7.21(5.44,9.01)","0.0019","0.0002","0.0002","0.0002","1.0008","1.0000","1.0007","1.0009",2482,1946,1755,1616,3253,3125,2929,2626
"X60_X84_Y87.0","2000_2005","2016_2020",15,"koppen_major_D_EQI_Air+SM+PA+OB","0.00","1.14(-0.20,2.45)","3.26(1.77,4.79)","3.49(1.91,5.03)","1.73(0.02,3.49)","0.0989","0.0002","0.0002","0.0464","1.0015","1.0020","1.0031","1.0021",3320,2851,2353,2255,3716,3101,3111,3237
"X60_X84_Y87.0","2000_2005","2016_2020",15,"koppen_major_D_EQI_Water+SM+PA+OB","0.00","1.22(-0.34,2.73)","1.99(0.24,3.68)","3.13(1.48,4.77)","3.16(1.34,4.99)","0.1210","0.0285","0.0006","0.0006","1.0021","1.0020","1.0023","1.0024",2559,2433,2462,2698,3449,2907,2968,3479
"X60_X84_Y87.0","2000_2005","2016_2020",15,"koppen_major_D_EQI_Land+SM+PA+OB","0.00","-0.18(-2.32,1.96)","-0.36(-2.51,1.74)","-1.28(-3.50,0.87)","-0.99(-3.25,1.12)","0.8721","0.7592","0.2460","0.3780","1.0013","1.0015","1.0024","1.0035",2505,2201,2125,2153,3401,2963,2911,2835
"X60_X84_Y87.0","2000_2005","2016_2020",15,"koppen_major_D_EQI_Built+SM+PA+OB","0.00","2.36(0.93,3.76)","2.85(1.47,4.18)","4.20(2.77,5.57)","4.57(3.15,6.00)","0.0023","0.0006","0.0002","0.0002","1.0004","1.0030","1.0010","1.0012",3404,2804,2636,2779,3864,2983,3340,3436
"X60_X84_Y87.0","2000_2005","2016_2020",15,"koppen_major_D_EQI_Social+SM+PA+OB","0.00","-3.62(-5.65,-1.59)","-2.40(-4.42,-0.41)","-1.72(-3.78,0.36)","-1.45(-3.75,0.82)","0.0006","0.0165","0.0994","0.2222","1.0022","1.0036","1.0027","1.0028",2250,1992,1874,1954,3442,3173,2851,2551
"X60_X84_Y87.0","2000_2005","2021_2024",20,"koppen_major_D_EQI+SM+PA+OB","0.00","2.42(0.34,4.47)","5.22(3.16,7.29)","7.40(5.35,9.46)","7.27(5.06,9.48)","0.0227","0.0002","0.0002","0.0002","1.0014","1.0019","1.0032","1.0027",2284,1896,1564,1433,3094,2714,2451,2229
"X60_X84_Y87.0","2000_2005","2021_2024",20,"koppen_major_D_EQI_Air+SM+PA+OB","0.00","3.36(1.68,5.03)","5.28(3.42,7.15)","5.64(3.79,7.54)","3.67(1.56,5.81)","0.0002","0.0002","0.0002","0.0002","1.0007","1.0014","1.0016","1.0019",3290,2832,2549,2358,2994,3415,3040,3047
"X60_X84_Y87.0","2000_2005","2021_2024",20,"koppen_major_D_EQI_Water+SM+PA+OB","0.00","0.63(-1.25,2.51)","1.76(-0.26,3.79)","3.41(1.40,5.43)","3.95(1.68,6.14)","0.5122","0.0919","0.0015","0.0002","1.0017","1.0026","1.0029","1.0025",2679,2546,2545,2547,3320,3224,2925,3321
"X60_X84_Y87.0","2000_2005","2021_2024",20,"koppen_major_D_EQI_Land+SM+PA+OB","0.00","-2.79(-5.38,-0.15)","-2.18(-4.59,0.38)","-3.90(-6.46,-1.35)","-3.52(-6.11,-0.93)","0.0381","0.0948","0.0060","0.0073","1.0008","1.0016","1.0030","1.0021",2552,2312,2238,2208,3301,2757,2941,2547
"X60_X84_Y87.0","2000_2005","2021_2024",20,"koppen_major_D_EQI_Built+SM+PA+OB","0.00","1.47(-0.28,3.19)","1.98(0.25,3.68)","3.84(2.09,5.55)","3.81(2.01,5.59)","0.1044","0.0248","0.0002","0.0006","1.0010","1.0006","1.0008","1.0005",2984,2764,2570,2697,3606,3245,3167,2798
"X60_X84_Y87.0","2000_2005","2021_2024",20,"koppen_major_D_EQI_Social+SM+PA+OB","0.00","-3.42(-6.05,-0.72)","-2.69(-5.24,-0.19)","-1.80(-4.50,0.72)","-2.14(-5.06,0.68)","0.0110","0.0335","0.1773","0.1327","1.0022","1.0022","1.0034","1.0030",2542,2378,2258,2254,3198,2954,2792,2849
"X60_X84_Y87.0","2000_2005","2006_2010",5,"Economic_type_1_EQI+SM+PA+OB","0.00","1.67(0.60,2.75)","3.92(2.40,5.41)","5.92(3.65,8.23)","2.65(-2.17,7.42)","0.0023","0.0002","0.0002","0.2568","1.0007","1.0009","1.0008","1.0003",4019,4181,4436,5214,3343,3297,3862,3862
"X60_X84_Y87.0","2000_2005","2006_2010",5,"Economic_type_1_EQI_Air+SM+PA+OB","0.00","3.02(1.52,4.52)","6.24(4.02,8.46)","6.70(3.47,9.88)","0.09(-9.99,9.88)","0.0002","0.0002","0.0002","0.9925","1.0018","1.0017","1.0001","1.0011",3300,4001,4515,5875,3849,3468,3903,3730
"X60_X84_Y87.0","2000_2005","2006_2010",5,"Economic_type_1_EQI_Water+SM+PA+OB","0.00","0.33(-0.98,1.68)","1.51(-0.09,3.13)","1.11(-0.43,2.73)","0.27(-1.53,2.23)","0.6234","0.0694","0.1648","0.7813","1.0005","1.0012","1.0006","1.0009",2652,2544,2524,2764,2992,3016,3295,2674
"X60_X84_Y87.0","2000_2005","2006_2010",5,"Economic_type_1_EQI_Land+SM+PA+OB","0.00","-1.68(-3.39,-0.03)","-0.08(-1.65,1.54)","-0.23(-1.92,1.38)","0.41(-1.31,2.14)","0.0469","0.9242","0.7775","0.6534","1.0020","1.0026","1.0039","1.0039",2619,2542,2298,2304,3196,3508,2530,2625
"X60_X84_Y87.0","2000_2005","2006_2010",5,"Economic_type_1_EQI_Built+SM+PA+OB","0.00","1.05(-0.01,2.17)","1.49(0.10,2.89)","2.29(0.78,3.84)","2.08(-0.29,4.56)","0.0523","0.0377","0.0031","0.0860","1.0001","1.0014","1.0013","1.0005",4235,4486,5273,5364,3496,3863,3403,3346
"X60_X84_Y87.0","2000_2005","2006_2010",5,"Economic_type_1_EQI_Social+SM+PA+OB","0.00","0.04(-1.27,1.33)","-0.74(-2.28,0.78)","-0.04(-1.75,1.67)","0.10(-2.12,2.40)","0.9442","0.3268","0.9554","0.9392","1.0001","1.0011","1.0026","1.0001",3009,2680,2478,2807,3353,3226,3223,3447
"X60_X84_Y87.0","2000_2005","2011_2015",10,"Economic_type_1_EQI+SM+PA+OB","0.00","3.21(1.91,4.52)","3.76(2.15,5.41)","7.63(4.77,10.48)","3.36(-2.25,8.69)","0.0002","0.0002","0.0002","0.2343","1.0007","1.0002","0.9998","1.0031",4236,4478,4720,5083,3494,3433,3644,3548
"X60_X84_Y87.0","2000_2005","2011_2015",10,"Economic_type_1_EQI_Air+SM+PA+OB","0.00","3.73(1.98,5.37)","6.64(3.98,9.36)","5.26(2.06,8.43)","-0.10(-10.36,9.92)","0.0002","0.0002","0.0010","0.9975","1.0015","1.0021","1.0014","1.0012",3368,3629,4365,6097,3888,3674,3768,3581
"X60_X84_Y87.0","2000_2005","2011_2015",10,"Economic_type_1_EQI_Water+SM+PA+OB","0.00","0.98(-0.74,2.56)","2.02(0.12,3.99)","2.61(0.73,4.48)","1.34(-0.89,3.55)","0.2427","0.0377","0.0081","0.2297","1.0026","1.0038","1.0013","1.0012",2276,2073,2226,2514,3317,3118,2854,3354
"X60_X84_Y87.0","2000_2005","2011_2015",10,"Economic_type_1_EQI_Land+SM+PA+OB","0.00","-1.04(-3.05,0.96)","-0.34(-2.22,1.48)","-0.44(-2.43,1.54)","1.11(-0.96,3.21)","0.3097","0.7359","0.6680","0.2964","1.0018","1.0019","1.0017","1.0017",2734,2290,2027,1958,3283,3185,2846,3036
"X60_X84_Y87.0","2000_2005","2011_2015",10,"Economic_type_1_EQI_Built+SM+PA+OB","0.00","0.94(-0.37,2.24)","1.94(0.28,3.60)","2.29(0.53,4.08)","2.11(-0.66,5.00)","0.1598","0.0210","0.0094","0.1452","1.0011","1.0002","1.0003","1.0034",4107,4444,4435,5814,3689,3875,3735,3462
"X60_X84_Y87.0","2000_2005","2011_2015",10,"Economic_type_1_EQI_Social+SM+PA+OB","0.00","0.22(-1.35,1.85)","-0.07(-1.85,1.71)","0.81(-1.14,2.72)","1.32(-1.32,3.98)","0.7555","0.9346","0.4105","0.3397","1.0008","1.0001","1.0003","1.0001",2847,2160,2387,2607,3446,3374,3291,3228
"X60_X84_Y87.0","2000_2005","2016_2020",15,"Economic_type_1_EQI+SM+PA+OB","0.00","4.28(2.78,5.83)","4.89(2.94,6.92)","6.62(3.62,9.57)","4.83(-1.37,10.92)","0.0002","0.0002","0.0002","0.1160","1.0005","1.0015","0.9999","1.0014",6744,5806,5828,7849,3565,4097,4193,3802
"X60_X84_Y87.0","2000_2005","2016_2020",15,"Economic_type_1_EQI_Air+SM+PA+OB","0.00","2.14(0.19,4.11)","3.83(1.03,6.69)","3.55(-0.35,7.37)","0.06(-9.49,9.96)","0.0348","0.0094","0.0744","0.9975","1.0001","1.0005","1.0011","1.0004",3441,4063,4702,6128,3856,3782,4093,3585
"X60_X84_Y87.0","2000_2005","2016_2020",15,"Economic_type_1_EQI_Water+SM+PA+OB","0.00","1.61(-0.28,3.59)","3.18(0.81,5.58)","4.16(1.73,6.69)","2.10(-0.51,4.86)","0.0989","0.0077","0.0010","0.1227","1.0017","1.0015","1.0016","1.0006",2192,2305,1818,2492,2969,3185,3122,3348
"X60_X84_Y87.0","2000_2005","2016_2020",15,"Economic_type_1_EQI_Land+SM+PA+OB","0.00","0.50(-1.94,3.06)","-0.42(-2.69,1.81)","-0.33(-2.72,2.01)","-0.11(-2.59,2.40)","0.6913","0.7084","0.7634","0.9321","1.0001","1.0003","1.0013","1.0019",3298,2445,2079,2231,3565,3178,3284,3283
"X60_X84_Y87.0","2000_2005","2016_2020",15,"Economic_type_1_EQI_Built+SM+PA+OB","0.00","2.26(0.72,3.78)","2.73(0.83,4.61)","4.73(2.47,6.98)","6.64(2.65,10.88)","0.0031","0.0056","0.0002","0.0006","1.0002","1.0002","1.0017","1.0001",4743,4365,4664,5531,3709,4155,3512,2990
"X60_X84_Y87.0","2000_2005","2016_2020",15,"Economic_type_1_EQI_Social+SM+PA+OB","0.00","-0.68(-2.55,1.18)","-0.65(-2.76,1.50)","1.69(-0.64,4.07)","2.44(-0.70,5.62)","0.4718","0.5280","0.1581","0.1318","1.0012","1.0040","1.0044","1.0042",2630,2426,1987,2199,3458,2735,2474,3300
"X60_X84_Y87.0","2000_2005","2021_2024",20,"Economic_type_1_EQI+SM+PA+OB","0.00","2.99(1.26,4.71)","6.16(3.74,8.68)","6.15(2.75,9.61)","1.75(-4.93,8.31)","0.0015","0.0002","0.0002","0.5909","1.0018","1.0007","1.0015","1.0017",7103,6245,7232,7796,4046,3624,4159,3419
"X60_X84_Y87.0","2000_2005","2021_2024",20,"Economic_type_1_EQI_Air+SM+PA+OB","0.00","1.90(-0.52,4.17)","6.00(2.42,9.62)","2.54(-1.81,6.85)","0.02(-10.10,10.21)","0.1106","0.0010","0.2593","0.9925","1.0002","1.0008","1.0023","1.0038",5092,6152,6774,9697,3732,3296,3894,2980
"X60_X84_Y87.0","2000_2005","2021_2024",20,"Economic_type_1_EQI_Water+SM+PA+OB","0.00","-0.29(-2.62,2.05)","1.48(-1.26,4.26)","3.00(0.28,5.77)","2.50(-0.67,5.71)","0.8155","0.3035","0.0335","0.1139","1.0002","1.0008","1.0010","1.0000",2797,2635,2808,3309,3532,3643,3621,3732
"X60_X84_Y87.0","2000_2005","2021_2024",20,"Economic_type_1_EQI_Land+SM+PA+OB","0.00","-2.52(-5.37,0.38)","-0.75(-3.40,1.95)","-2.18(-5.00,0.64)","-1.41(-4.23,1.48)","0.0894","0.5655","0.1289","0.3443","1.0004","1.0003","1.0000","0.9999",3861,3177,2304,2540,3384,3574,3270,3319
"X60_X84_Y87.0","2000_2005","2021_2024",20,"Economic_type_1_EQI_Built+SM+PA+OB","0.00","1.27(-0.51,3.04)","2.24(-0.10,4.63)","3.79(1.14,6.44)","2.50(-1.39,6.62)","0.1560","0.0619","0.0060","0.2281","1.0002","1.0007","1.0019","1.0012",6192,5872,6881,7505,3293,3816,3918,3756
"X60_X84_Y87.0","2000_2005","2021_2024",20,"Economic_type_1_EQI_Social+SM+PA+OB","0.00","-0.61(-2.81,1.65)","-0.85(-3.32,1.69)","0.90(-1.91,3.62)","3.58(-0.21,7.25)","0.5938","0.5026","0.5218","0.0660","1.0007","1.0013","1.0001","1.0002",3320,3075,3093,3471,3690,3688,3410,3982
"X60_X84_Y87.0","2000_2005","2006_2010",5,"Economic_type_2_EQI+SM+PA+OB","0.00","2.05(-0.50,4.54)","3.33(-0.22,6.81)","2.66(-1.57,6.81)","4.57(-1.69,10.74)","0.1094","0.0673","0.2106","0.1418","1.0004","1.0010","0.9999","1.0005",5008,3676,3284,5124,4019,4084,3545,3417
"X60_X84_Y87.0","2000_2005","2006_2010",5,"Economic_type_2_EQI_Air+SM+PA+OB","0.00","0.03(-3.32,3.28)","1.25(-2.35,4.87)","-0.52(-4.52,3.40)","-0.56(-6.51,5.53)","0.9779","0.4897","0.8084","0.8592","1.0012","1.0002","0.9997","1.0000",2497,2999,2339,4059,3710,3530,3543,4101
"X60_X84_Y87.0","2000_2005","2006_2010",5,"Economic_type_2_EQI_Water+SM+PA+OB","0.00","0.67(-3.29,4.65)","3.10(-1.33,7.66)","2.31(-1.96,6.61)","2.06(-2.33,6.38)","0.7538","0.1756","0.2835","0.3539","1.0032","1.0015","1.0027","1.0017",2637,3108,2464,2709,3174,3664,3052,3091
"X60_X84_Y87.0","2000_2005","2006_2010",5,"Economic_type_2_EQI_Land+SM+PA+OB","0.00","0.16(-2.88,3.18)","-1.31(-4.72,2.23)","2.74(-1.26,6.77)","2.09(-3.68,8.07)","0.9067","0.4376","0.1898","0.4918","1.0005","1.0000","1.0012","1.0018",3788,2850,3798,4099,3705,3228,3530,3296
"X60_X84_Y87.0","2000_2005","2006_2010",5,"Economic_type_2_EQI_Built+SM+PA+OB","0.00","-0.50(-3.78,2.82)","-0.82(-4.26,2.53)","0.97(-2.44,4.48)","4.33(0.33,8.14)","0.7409","0.6434","0.5709","0.0365","1.0023","1.0007","1.0003","1.0011",3464,3120,3251,2970,4085,3679,3573,3265
"X60_X84_Y87.0","2000_2005","2006_2010",5,"Economic_type_2_EQI_Social+SM+PA+OB","0.00","1.20(-1.81,4.18)","-1.78(-5.44,1.72)","0.30(-4.51,5.02)","-0.07(-6.60,6.65)","0.4497","0.3376","0.9113","0.9992","1.0006","1.0034","1.0010","1.0018",4473,2503,3439,4102,4105,2667,3407,3577
"X60_X84_Y87.0","2000_2005","2011_2015",10,"Economic_type_2_EQI+SM+PA+OB","0.00","2.74(-0.07,5.48)","5.40(1.66,9.18)","1.61(-3.15,6.06)","5.22(-1.51,12.00)","0.0581","0.0060","0.4747","0.1335","1.0001","1.0003","0.9996","1.0010",4297,3451,3143,4118,3101,3197,3534,3818
"X60_X84_Y87.0","2000_2005","2011_2015",10,"Economic_type_2_EQI_Air+SM+PA+OB","0.00","4.59(1.14,7.98)","4.28(0.65,7.89)","2.58(-1.62,6.69)","2.21(-4.01,8.25)","0.0119","0.0260","0.2106","0.4893","1.0000","1.0007","1.0010","1.0006",4488,3875,3432,4554,4257,3691,3590,4008
"X60_X84_Y87.0","2000_2005","2011_2015",10,"Economic_type_2_EQI_Water+SM+PA+OB","0.00","1.08(-3.23,5.40)","0.61(-4.01,5.11)","2.45(-1.98,6.74)","4.45(-0.20,9.08)","0.6142","0.7846","0.2752","0.0594","1.0005","1.0001","1.0005","1.0011",3124,3891,2783,3613,3181,3908,3284,3571
"X60_X84_Y87.0","2000_2005","2011_2015",10,"Economic_type_2_EQI_Land+SM+PA+OB","0.00","-0.31(-3.36,2.84)","-0.87(-4.44,2.74)","1.93(-2.38,6.30)","1.56(-4.26,7.56)","0.8475","0.6313","0.3855","0.6084","1.0008","0.9996","1.0005","1.0005",5610,4899,4589,5241,3922,4002,4204,3807
"X60_X84_Y87.0","2000_2005","2011_2015",10,"Economic_type_2_EQI_Built+SM+PA+OB","0.00","-0.44(-3.84,3.03)","-0.37(-3.81,3.29)","0.36(-3.19,3.95)","3.34(-0.77,7.43)","0.7955","0.8209","0.8400","0.1031","1.0007","1.0006","1.0001","1.0005",4765,4234,4471,4707,4121,4014,4254,3816
"X60_X84_Y87.0","2000_2005","2011_2015",10,"Economic_type_2_EQI_Social+SM+PA+OB","0.00","1.32(-1.84,4.64)","-0.18(-4.06,3.44)","-0.18(-5.49,5.18)","-1.34(-7.96,5.63)","0.4239","0.9200","0.9533","0.6967","0.9998","1.0002","1.0008","1.0017",4778,3757,4947,5312,3976,3740,3655,3944
"X60_X84_Y87.0","2000_2005","2016_2020",15,"Economic_type_2_EQI+SM+PA+OB","0.00","3.59(0.01,7.04)","3.92(-0.35,8.31)","2.12(-3.11,7.25)","5.66(-1.24,12.77)","0.0489","0.0744","0.4214","0.1164","1.0009","1.0005","1.0008","0.9997",4360,3683,2985,3958,3512,3925,3694,3270
"X60_X84_Y87.0","2000_2005","2016_2020",15,"Economic_type_2_EQI_Air+SM+PA+OB","0.00","-0.72(-4.70,3.29)","2.51(-1.75,6.71)","1.01(-3.56,5.64)","0.92(-6.08,8.07)","0.7188","0.2589","0.6755","0.8121","1.0009","1.0006","0.9999","1.0022",4966,4652,3894,5417,3724,3780,3655,3857
"X60_X84_Y87.0","2000_2005","2016_2020",15,"Economic_type_2_EQI_Water+SM+PA+OB","0.00","0.22(-4.28,4.58)","2.42(-2.62,7.65)","2.77(-2.25,7.63)","2.92(-1.97,7.57)","0.9325","0.3647","0.2593","0.2247","1.0011","1.0002","1.0011","1.0013",3732,4523,3219,3614,3529,3659,3513,3623
"X60_X84_Y87.0","2000_2005","2016_2020",15,"Economic_type_2_EQI_Land+SM+PA+OB","0.00","-0.30(-4.09,3.45)","-0.29(-4.76,4.15)","1.04(-3.82,6.07)","1.95(-4.28,7.99)","0.8671","0.9071","0.6938","0.5322","1.0003","1.0005","1.0012","1.0008",5352,3110,4594,5142,3694,3386,3436,4324
"X60_X84_Y87.0","2000_2005","2016_2020",15,"Economic_type_2_EQI_Built+SM+PA+OB","0.00","1.00(-3.06,5.15)","2.57(-1.62,6.73)","2.32(-2.00,6.55)","4.26(-0.77,9.17)","0.6442","0.2268","0.2868","0.0948","1.0009","1.0014","1.0004","1.0001",4735,3923,4140,3999,3826,3604,3819,3759
"X60_X84_Y87.0","2000_2005","2016_2020",15,"Economic_type_2_EQI_Social+SM+PA+OB","0.00","4.75(0.80,8.75)","-0.22(-4.80,4.50)","2.59(-3.24,8.24)","1.04(-6.03,8.38)","0.0198","0.9134","0.3918","0.7696","1.0016","1.0001","0.9998","1.0018",5260,3801,4960,4966,3851,3592,3748,3693
"X60_X84_Y87.0","2000_2005","2021_2024",20,"Economic_type_2_EQI+SM+PA+OB","0.00","1.91(-1.76,5.51)","3.16(-1.60,7.83)","2.34(-3.81,8.15)","6.09(-1.43,13.76)","0.3010","0.2060","0.4189","0.1148","1.0010","1.0010","1.0012","1.0013",5261,3162,2838,5064,2919,3538,3517,3387
"X60_X84_Y87.0","2000_2005","2021_2024",20,"Economic_type_2_EQI_Air+SM+PA+OB","0.00","1.72(-2.85,6.28)","1.39(-3.35,6.20)","0.48(-4.84,5.98)","-0.36(-7.57,7.07)","0.4539","0.5630","0.8709","0.9246","1.0016","1.0018","1.0022","1.0023",3218,3196,2363,4266,3568,3812,3338,3847
"X60_X84_Y87.0","2000_2005","2021_2024",20,"Economic_type_2_EQI_Water+SM+PA+OB","0.00","0.20(-4.65,5.27)","3.35(-2.19,8.83)","2.63(-2.68,7.86)","2.08(-3.40,7.62)","0.9433","0.2331","0.3310","0.4622","1.0002","1.0010","1.0017","1.0002",2955,3800,2763,3293,3514,3574,3200,3886
"X60_X84_Y87.0","2000_2005","2021_2024",20,"Economic_type_2_EQI_Land+SM+PA+OB","0.00","-1.92(-6.03,2.08)","-0.26(-5.14,4.73)","2.60(-2.95,8.17)","-3.92(-10.52,2.96)","0.3614","0.9088","0.3597","0.2452","0.9994","1.0015","1.0003","1.0020",4502,2911,4500,4299,4046,3880,3812,3409
"X60_X84_Y87.0","2000_2005","2021_2024",20,"Economic_type_2_EQI_Built+SM+PA+OB","0.00","-3.23(-7.43,1.05)","1.87(-2.66,6.23)","2.23(-2.00,6.64)","4.06(-1.41,9.35)","0.1373","0.3980","0.3218","0.1418","1.0004","1.0004","1.0002","1.0038",5315,4801,4017,4358,3773,4000,3544,3867
"X60_X84_Y87.0","2000_2005","2021_2024",20,"Economic_type_2_EQI_Social+SM+PA+OB","0.00","0.54(-3.53,4.66)","-2.81(-7.49,2.05)","-1.51(-7.40,4.62)","2.53(-5.25,10.39)","0.8021","0.2581","0.6230","0.5301","1.0001","1.0016","1.0008","1.0008",5830,3656,5466,6011,3632,3806,3690,3918
"X60_X84_Y87.0","2000_2005","2006_2010",5,"Economic_type_3_EQI+SM+PA+OB","0.00","1.69(0.50,2.85)","2.36(1.13,3.54)","2.30(1.05,3.51)","1.78(0.33,3.15)","0.0069","0.0002","0.0006","0.0144","1.0006","1.0010","1.0010","1.0005",2306,1918,1837,1943,2996,2759,2509,2778
"X60_X84_Y87.0","2000_2005","2006_2010",5,"Economic_type_3_EQI_Air+SM+PA+OB","0.00","4.69(3.04,6.27)","5.68(4.09,7.24)","5.93(4.28,7.50)","5.28(3.61,6.93)","0.0002","0.0002","0.0002","0.0002","1.0014","1.0017","1.0021","1.0020",2513,2182,2085,2212,3409,2945,2996,3100
"X60_X84_Y87.0","2000_2005","2006_2010",5,"Economic_type_3_EQI_Water+SM+PA+OB","0.00","1.30(-0.00,2.56)","1.36(0.06,2.60)","0.72(-0.54,1.96)","0.78(-0.60,2.14)","0.0514","0.0427","0.2781","0.2727","1.0013","1.0014","1.0014","1.0020",2129,2072,2052,2209,2547,2884,2972,2808
"X60_X84_Y87.0","2000_2005","2006_2010",5,"Economic_type_3_EQI_Land+SM+PA+OB","0.00","0.48(-0.45,1.43)","0.40(-0.61,1.41)","0.10(-0.99,1.22)","0.15(-1.00,1.36)","0.3081","0.4347","0.8521","0.8067","1.0015","1.0015","1.0009","1.0019",3110,2402,2415,2476,3508,3080,2967,3455
"X60_X84_Y87.0","2000_2005","2006_2010",5,"Economic_type_3_EQI_Built+SM+PA+OB","0.00","0.31(-0.63,1.24)","0.39(-0.55,1.34)","0.70(-0.25,1.68)","0.03(-1.13,1.19)","0.5039","0.4097","0.1677","0.9654","1.0013","1.0009","1.0004","1.0004",3571,2953,2903,3116,3614,2642,2724,3531
"X60_X84_Y87.0","2000_2005","2006_2010",5,"Economic_type_3_EQI_Social+SM+PA+OB","0.00","0.36(-0.73,1.43)","0.02(-1.19,1.21)","-0.32(-1.61,1.01)","-1.02(-2.53,0.56)","0.5118","0.9638","0.6484","0.2106","1.0015","1.0019","1.0023","1.0018",2670,2174,2030,2047,3787,3016,3001,2909
"X60_X84_Y87.0","2000_2005","2011_2015",10,"Economic_type_3_EQI+SM+PA+OB","0.00","2.26(0.95,3.59)","1.86(0.58,3.15)","1.78(0.40,3.12)","1.94(0.41,3.53)","0.0006","0.0065","0.0077","0.0115","1.0003","1.0014","1.0011","1.0024",2541,1910,1836,1749,3121,3067,2575,2660
"X60_X84_Y87.0","2000_2005","2011_2015",10,"Economic_type_3_EQI_Air+SM+PA+OB","0.00","1.81(-0.46,4.00)","4.16(1.87,6.36)","4.43(2.12,6.67)","3.21(0.85,5.50)","0.1235","0.0002","0.0006","0.0081","1.0029","1.0030","1.0029","1.0031",1612,1541,1502,1483,2537,2271,2221,2159
"X60_X84_Y87.0","2000_2005","2011_2015",10,"Economic_type_3_EQI_Water+SM+PA+OB","0.00","0.56(-0.83,1.93)","1.26(-0.12,2.63)","1.25(-0.12,2.59)","1.75(0.25,3.25)","0.4235","0.0731","0.0744","0.0223","1.0031","1.0028","1.0032","1.0037",1815,1804,1710,1823,2724,3003,2502,2220
"X60_X84_Y87.0","2000_2005","2011_2015",10,"Economic_type_3_EQI_Land+SM+PA+OB","0.00","0.19(-0.77,1.14)","0.09(-0.93,1.09)","0.20(-0.97,1.27)","0.02(-1.16,1.21)","0.6826","0.8679","0.7259","0.9671","1.0023","1.0026","1.0035","1.0037",2825,2415,2263,2290,3282,3477,3350,3432
"X60_X84_Y87.0","2000_2005","2011_2015",10,"Economic_type_3_EQI_Built+SM+PA+OB","0.00","-0.09(-1.02,0.82)","-0.54(-1.49,0.41)","0.26(-0.72,1.25)","-1.75(-2.94,-0.56)","0.8471","0.2685","0.6059","0.0040","1.0006","1.0005","1.0013","1.0015",2845,2359,2346,2695,3396,2857,2992,2938
"X60_X84_Y87.0","2000_2005","2011_2015",10,"Economic_type_3_EQI_Social+SM+PA+OB","0.00","-0.04(-1.19,1.13)","0.41(-0.85,1.71)","0.21(-1.16,1.59)","-0.35(-1.98,1.32)","0.9463","0.5288","0.7825","0.6717","1.0007","1.0021","1.0023","1.0020",2890,1885,1800,1775,3382,2995,2835,2954
"X60_X84_Y87.0","2000_2005","2016_2020",15,"Economic_type_3_EQI+SM+PA+OB","0.00","1.64(0.41,2.81)","1.54(0.28,2.85)","2.35(1.07,3.68)","1.68(0.24,3.12)","0.0065","0.0156","0.0002","0.0248","1.0006","1.0010","1.0013","1.0006",2381,1981,1648,1687,3561,2576,2654,2487
"X60_X84_Y87.0","2000_2005","2016_2020",15,"Economic_type_3_EQI_Air+SM+PA+OB","0.00","1.25(-0.93,3.34)","2.87(0.75,4.96)","3.85(1.70,5.94)","2.86(0.64,4.98)","0.2502","0.0060","0.0002","0.0110","1.0030","1.0030","1.0030","1.0033",1904,1850,1816,1802,2451,2454,2534,2490
"X60_X84_Y87.0","2000_2005","2016_2020",15,"Economic_type_3_EQI_Water+SM+PA+OB","0.00","0.78(-0.66,2.24)","0.83(-0.51,2.19)","0.38(-0.97,1.80)","0.45(-1.04,1.96)","0.2906","0.2352","0.5934","0.5563","1.0019","1.0022","1.0010","1.0010",2011,1849,1890,1845,3403,2872,3085,2892
"X60_X84_Y87.0","2000_2005","2016_2020",15,"Economic_type_3_EQI_Land+SM+PA+OB","0.00","-0.69(-1.61,0.23)","-0.11(-1.12,0.90)","-0.36(-1.46,0.79)","-0.78(-2.00,0.46)","0.1527","0.8280","0.5268","0.1939","1.0010","1.0004","1.0011","1.0031",3266,2543,2315,2420,3471,3095,3426,2982
"X60_X84_Y87.0","2000_2005","2016_2020",15,"Economic_type_3_EQI_Built+SM+PA+OB","0.00","0.31(-0.61,1.28)","1.13(0.14,2.11)","1.31(0.30,2.32)","0.82(-0.44,2.09)","0.5363","0.0252","0.0102","0.2056","1.0001","1.0007","1.0017","1.0011",2898,2714,2796,3141,3378,3014,3369,3586
"X60_X84_Y87.0","2000_2005","2016_2020",15,"Economic_type_3_EQI_Social+SM+PA+OB","0.00","1.29(0.17,2.39)","1.20(-0.05,2.48)","0.27(-1.11,1.68)","-0.54(-2.14,1.10)","0.0256","0.0614","0.6938","0.5193","1.0018","1.0020","1.0016","1.0018",2693,2085,2006,1919,3323,2779,2929,2818
"X60_X84_Y87.0","2000_2005","2021_2024",20,"Economic_type_3_EQI+SM+PA+OB","0.00","0.22(-1.49,1.95)","2.78(1.05,4.53)","2.72(0.87,4.57)","2.05(-0.02,4.09)","0.8109","0.0031","0.0031","0.0531","1.0022","1.0022","1.0031","1.0037",1621,1540,1360,1327,2441,2609,2091,2161
"X60_X84_Y87.0","2000_2005","2021_2024",20,"Economic_type_3_EQI_Air+SM+PA+OB","0.00","4.52(2.26,6.68)","6.02(3.93,8.15)","6.11(3.98,8.22)","4.99(2.76,7.20)","0.0006","0.0002","0.0002","0.0002","1.0012","1.0009","1.0014","1.0016",2308,2080,1892,1895,3375,2880,2779,3007
"X60_X84_Y87.0","2000_2005","2021_2024",20,"Economic_type_3_EQI_Water+SM+PA+OB","0.00","3.08(1.18,4.93)","4.15(2.27,6.00)","3.60(1.76,5.43)","3.81(1.65,5.84)","0.0023","0.0002","0.0010","0.0010","1.0005","1.0009","1.0007","1.0006",1969,1931,1863,1962,3119,2788,2653,3081
"X60_X84_Y87.0","2000_2005","2021_2024",20,"Economic_type_3_EQI_Land+SM+PA+OB","0.00","-0.37(-1.70,0.97)","-0.50(-1.98,0.97)","-1.44(-3.06,0.20)","-0.93(-2.68,0.83)","0.5859","0.4939","0.0806","0.3118","1.0024","1.0029","1.0032","1.0017",2609,2608,2398,2406,3325,3459,2702,3152
"X60_X84_Y87.0","2000_2005","2021_2024",20,"Economic_type_3_EQI_Built+SM+PA+OB","0.00","1.41(0.09,2.73)","1.64(0.30,2.95)","2.23(0.82,3.61)","0.68(-1.00,2.38)","0.0360","0.0185","0.0019","0.4372","1.0009","1.0007","1.0010","1.0031",2790,2690,2503,2809,3430,3086,3073,3069
"X60_X84_Y87.0","2000_2005","2021_2024",20,"Economic_type_3_EQI_Social+SM+PA+OB","0.00","0.70(-0.81,2.24)","0.28(-1.56,2.00)","0.38(-1.59,2.29)","-1.28(-3.53,0.99)","0.3572","0.7526","0.7042","0.2627","1.0004","1.0006","1.0026","1.0026",2611,2052,1836,1861,3619,3121,2756,2560
"X60_X84_Y87.0","2000_2005","2006_2010",5,"Economic_type_4_EQI+SM+PA+OB","0.00","0.42(-1.44,2.32)","0.28(-1.55,2.07)","-0.57(-2.70,1.54)","-0.68(-2.99,1.63)","0.6609","0.7563","0.5922","0.5438","1.0005","1.0022","1.0036","1.0033",2550,1699,1523,1408,3803,2579,2901,2951
"X60_X84_Y87.0","2000_2005","2006_2010",5,"Economic_type_4_EQI_Air+SM+PA+OB","0.00","-0.38(-2.37,1.67)","-0.55(-2.58,1.45)","-0.72(-2.66,1.20)","-1.71(-3.82,0.36)","0.7034","0.5988","0.4814","0.1094","1.0012","1.0033","1.0024","1.0029",2750,1992,1976,1801,3582,3010,2790,2745
"X60_X84_Y87.0","2000_2005","2006_2010",5,"Economic_type_4_EQI_Water+SM+PA+OB","0.00","-0.36(-2.15,1.37)","1.43(-0.35,3.20)","1.25(-0.54,3.10)","0.79(-0.85,2.45)","0.6967","0.1164","0.1702","0.3322","1.0010","1.0010","1.0014","1.0016",2432,2486,2332,2364,3472,3341,3154,2806
"X60_X84_Y87.0","2000_2005","2006_2010",5,"Economic_type_4_EQI_Land+SM+PA+OB","0.00","-1.71(-3.27,-0.19)","-0.03(-1.61,1.53)","-0.40(-2.06,1.27)","1.14(-0.74,3.08)","0.0285","0.9638","0.6334","0.2456","1.0008","1.0007","1.0010","1.0007",3324,2881,2681,3051,3662,3516,3145,3765
"X60_X84_Y87.0","2000_2005","2006_2010",5,"Economic_type_4_EQI_Built+SM+PA+OB","0.00","-0.99(-2.98,1.03)","-1.21(-3.13,0.74)","-0.89(-2.95,1.18)","-1.90(-3.98,0.20)","0.3181","0.2268","0.3964","0.0731","1.0017","1.0034","1.0035","1.0025",2409,2065,2061,1772,3127,2948,2976,2874
"X60_X84_Y87.0","2000_2005","2006_2010",5,"Economic_type_4_EQI_Social+SM+PA+OB","0.00","-1.82(-3.40,-0.22)","-1.74(-3.56,0.05)","-1.43(-3.41,0.56)","-1.89(-4.01,0.23)","0.0265","0.0577","0.1581","0.0789","1.0011","1.0026","1.0021","1.0029",2633,2257,2345,1912,3518,3244,3586,3065
"X60_X84_Y87.0","2000_2005","2011_2015",10,"Economic_type_4_EQI+SM+PA+OB","0.00","-0.45(-2.41,1.45)","1.06(-0.82,2.94)","0.05(-2.14,2.24)","-0.16(-2.59,2.32)","0.6530","0.2868","0.9621","0.9013","1.0020","1.0026","1.0016","1.0014",2693,2251,2019,2027,3357,2900,2849,2870
"X60_X84_Y87.0","2000_2005","2011_2015",10,"Economic_type_4_EQI_Air+SM+PA+OB","0.00","0.35(-1.75,2.44)","1.30(-0.81,3.35)","1.84(-0.41,3.99)","1.58(-1.00,4.08)","0.7409","0.2231","0.1031","0.2260","1.0021","1.0020","1.0038","1.0029",2454,1889,1555,1339,3226,2804,2176,2573
"X60_X84_Y87.0","2000_2005","2011_2015",10,"Economic_type_4_EQI_Water+SM+PA+OB","0.00","1.99(-0.10,4.10)","2.74(0.72,4.86)","3.52(1.26,5.79)","3.43(1.36,5.54)","0.0606","0.0065","0.0010","0.0019","1.0022","1.0021","1.0011","1.0017",2198,1827,2008,1890,2960,2589,3128,2747
"X60_X84_Y87.0","2000_2005","2011_2015",10,"Economic_type_4_EQI_Land+SM+PA+OB","0.00","0.48(-1.21,2.10)","0.77(-1.04,2.51)","-0.77(-2.66,1.12)","-1.07(-3.40,1.23)","0.5726","0.3935","0.4126","0.3672","1.0005","1.0002","1.0013","1.0007",3008,2601,2439,2165,3385,3277,3136,3162
"X60_X84_Y87.0","2000_2005","2011_2015",10,"Economic_type_4_EQI_Built+SM+PA+OB","0.00","-0.47(-2.49,1.51)","-0.95(-2.97,1.06)","-0.75(-2.86,1.38)","-1.17(-3.32,1.05)","0.6517","0.3493","0.4776","0.2818","1.0010","1.0026","1.0019","1.0025",2722,2438,2254,2172,3045,3260,2827,3193
"X60_X84_Y87.0","2000_2005","2011_2015",10,"Economic_type_4_EQI_Social+SM+PA+OB","0.00","-0.78(-2.43,0.85)","-0.49(-2.45,1.42)","-1.25(-3.35,0.84)","-1.28(-3.55,1.05)","0.3664","0.6301","0.2627","0.2668","1.0010","1.0013","1.0007","1.0003",2367,2037,2471,2215,2643,3144,3301,3236
"X60_X84_Y87.0","2000_2005","2016_2020",15,"Economic_type_4_EQI+SM+PA+OB","0.00","0.50(-1.53,2.61)","2.01(0.06,3.96)","0.79(-1.39,3.02)","1.65(-0.83,4.22)","0.6384","0.0448","0.4976","0.2072","1.0013","1.0017","1.0025","1.0028",2453,1846,1754,1635,3206,3088,2928,2416
"X60_X84_Y87.0","2000_2005","2016_2020",15,"Economic_type_4_EQI_Air+SM+PA+OB","0.00","0.19(-1.97,2.40)","2.01(0.01,4.13)","1.17(-0.96,3.35)","0.22(-2.25,2.64)","0.8809","0.0502","0.2818","0.8592","1.0017","1.0033","1.0050","1.0076",2664,2174,1551,1289,3356,2918,2050,2444
"X60_X84_Y87.0","2000_2005","2016_2020",15,"Economic_type_4_EQI_Water+SM+PA+OB","0.00","1.53(-0.71,3.73)","0.60(-1.52,2.77)","3.59(1.33,5.77)","3.33(1.12,5.42)","0.1714","0.5843","0.0027","0.0035","1.0021","1.0009","1.0033","1.0017",1984,1681,1744,1953,2654,3079,2975,3378
"X60_X84_Y87.0","2000_2005","2016_2020",15,"Economic_type_4_EQI_Land+SM+PA+OB","0.00","-0.87(-2.58,0.78)","1.21(-0.57,3.01)","-0.48(-2.33,1.46)","-0.16(-2.41,2.20)","0.3193","0.1927","0.6297","0.8875","1.0006","1.0033","1.0020","1.0011",2762,2411,2116,1962,3499,3705,3061,2763
"X60_X84_Y87.0","2000_2005","2016_2020",15,"Economic_type_4_EQI_Built+SM+PA+OB","0.00","0.90(-1.20,3.06)","0.70(-1.42,2.86)","0.79(-1.45,3.05)","0.23(-2.07,2.52)","0.4005","0.5122","0.4722","0.8300","1.0017","1.0028","1.0046","1.0035",2171,2037,1739,1747,3101,3095,2698,2418
"X60_X84_Y87.0","2000_2005","2016_2020",15,"Economic_type_4_EQI_Social+SM+PA+OB","0.00","-0.67(-2.37,1.07)","0.19(-1.85,2.18)","0.70(-1.51,2.85)","0.12(-2.28,2.51)","0.4522","0.8496","0.5380","0.9138","1.0014","1.0026","1.0022","1.0029",1818,1680,1681,1638,2840,2666,2887,3166
"X60_X84_Y87.0","2000_2005","2021_2024",20,"Economic_type_4_EQI+SM+PA+OB","0.00","3.25(0.36,5.93)","3.82(1.09,6.52)","2.95(-0.29,5.97)","2.97(-0.63,6.57)","0.0315","0.0090","0.0685","0.1019","1.0000","1.0006","1.0002","1.0004",5567,3949,3187,2937,3885,4381,4175,3850
"X60_X84_Y87.0","2000_2005","2021_2024",20,"Economic_type_4_EQI_Air+SM+PA+OB","0.00","2.13(-1.01,5.20)","3.53(0.45,6.60)","2.25(-0.76,5.35)","0.70(-2.80,4.20)","0.1902","0.0256","0.1527","0.6980","1.0010","1.0030","1.0059","1.0040",3806,2857,2106,1957,3867,3470,3114,2985
"X60_X84_Y87.0","2000_2005","2021_2024",20,"Economic_type_4_EQI_Water+SM+PA+OB","0.00","0.68(-2.39,3.83)","1.75(-1.20,4.79)","4.06(0.86,7.35)","2.65(-0.33,5.65)","0.6722","0.2668","0.0123","0.0806","1.0029","1.0014","1.0000","1.0007",3997,3293,3200,3382,3444,3586,3512,3863
"X60_X84_Y87.0","2000_2005","2021_2024",20,"Economic_type_4_EQI_Land+SM+PA+OB","0.00","-0.71(-3.29,1.79)","1.01(-1.62,3.62)","-1.83(-4.54,1.00)","-0.25(-3.57,2.92)","0.5801","0.4597","0.2056","0.8896","1.0005","1.0006","1.0020","1.0012",4719,4464,4251,4211,3986,3847,3863,3980
"X60_X84_Y87.0","2000_2005","2021_2024",20,"Economic_type_4_EQI_Built+SM+PA+OB","0.00","1.42(-1.55,4.36)","1.74(-1.22,4.59)","2.76(-0.22,5.78)","1.99(-1.18,5.03)","0.3347","0.2339","0.0677","0.2077","1.0001","1.0001","1.0004","1.0011",4042,3489,3086,3016,3804,3668,3545,3375
"X60_X84_Y87.0","2000_2005","2021_2024",20,"Economic_type_4_EQI_Social+SM+PA+OB","0.00","-0.32(-2.79,2.19)","-0.94(-3.90,2.05)","0.22(-2.98,3.49)","-1.85(-5.24,1.58)","0.8034","0.5193","0.9004","0.2864","1.0018","1.0000","1.0002","0.9997",3892,3359,3381,3022,4078,3641,3628,3366
"X60_X84_Y87.0","2000_2005","2006_2010",5,"Economic_type_5_EQI+SM+PA+OB","0.00","3.80(0.95,6.68)","4.03(1.29,6.80)","4.07(1.25,6.83)","3.17(0.37,5.86)","0.0094","0.0048","0.0052","0.0277","1.0031","1.0028","1.0036","1.0038",1431,1287,1276,1261,2847,2626,2458,2217
"X60_X84_Y87.0","2000_2005","2006_2010",5,"Economic_type_5_EQI_Air+SM+PA+OB","0.00","5.49(3.38,7.59)","5.62(3.55,7.60)","3.77(1.87,5.67)","1.58(-0.37,3.44)","0.0002","0.0002","0.0002","0.1069","1.0016","1.0013","1.0023","1.0021",3123,2765,2380,2385,3355,3268,2778,3066
"X60_X84_Y87.0","2000_2005","2006_2010",5,"Economic_type_5_EQI_Water+SM+PA+OB","0.00","-0.46(-2.20,1.25)","0.51(-1.05,2.08)","2.16(0.65,3.70)","2.60(1.02,4.17)","0.5997","0.5380","0.0056","0.0027","1.0006","1.0015","1.0008","0.9994",3533,3359,3138,2877,3381,3935,3508,3019
"X60_X84_Y87.0","2000_2005","2006_2010",5,"Economic_type_5_EQI_Land+SM+PA+OB","0.00","-0.11(-1.60,1.42)","-0.57(-2.12,1.01)","0.14(-1.49,1.81)","0.08(-1.57,1.75)","0.8804","0.4809","0.8784","0.9517","1.0024","1.0022","1.0023","1.0027",3133,2911,2664,2609,3658,3081,3106,3265
"X60_X84_Y87.0","2000_2005","2006_2010",5,"Economic_type_5_EQI_Built+SM+PA+OB","0.00","2.15(-0.99,5.34)","2.72(-0.03,5.56)","4.00(1.43,6.57)","3.87(1.26,6.46)","0.1902","0.0531","0.0027","0.0027","1.0003","1.0010","1.0010","1.0012",2905,2504,2480,2515,3794,3607,3285,3183
"X60_X84_Y87.0","2000_2005","2006_2010",5,"Economic_type_5_EQI_Social+SM+PA+OB","0.00","-2.41(-4.52,-0.23)","-1.38(-3.20,0.55)","-1.60(-3.45,0.36)","-1.62(-3.60,0.46)","0.0302","0.1452","0.1089","0.1181","1.0012","1.0032","1.0020","1.0029",2842,2515,2500,2404,3531,2924,2765,2532
"X60_X84_Y87.0","2000_2005","2011_2015",10,"Economic_type_5_EQI+SM+PA+OB","0.00","3.42(0.40,6.45)","3.57(0.57,6.52)","4.54(1.59,7.53)","2.99(-0.01,5.97)","0.0277","0.0185","0.0052","0.0519","1.0041","1.0039","1.0038","1.0045",2050,1840,1783,1757,2872,2527,2463,2465
"X60_X84_Y87.0","2000_2005","2011_2015",10,"Economic_type_5_EQI_Air+SM+PA+OB","0.00","4.49(2.39,6.68)","6.46(4.29,8.65)","3.80(1.80,5.81)","1.20(-0.80,3.17)","0.0002","0.0002","0.0002","0.2364","1.0016","1.0027","1.0025","1.0025",2470,2095,2268,2157,2876,3090,3077,2695
"X60_X84_Y87.0","2000_2005","2011_2015",10,"Economic_type_5_EQI_Water+SM+PA+OB","0.00","-0.27(-2.24,1.66)","0.90(-0.98,2.76)","2.76(1.03,4.53)","2.87(1.06,4.68)","0.7867","0.3593","0.0010","0.0023","1.0009","1.0022","1.0011","1.0016",2516,2227,2166,2175,3441,3118,3245,2692
"X60_X84_Y87.0","2000_2005","2011_2015",10,"Economic_type_5_EQI_Land+SM+PA+OB","0.00","-0.18(-1.86,1.47)","-0.61(-2.36,1.08)","-0.05(-1.91,1.77)","0.78(-1.05,2.58)","0.8442","0.4959","0.9658","0.4055","1.0010","1.0006","1.0015","1.0010",2707,2186,2162,2121,3584,3214,3139,2976
"X60_X84_Y87.0","2000_2005","2011_2015",10,"Economic_type_5_EQI_Built+SM+PA+OB","0.00","1.25(-2.18,4.62)","0.50(-2.58,3.61)","1.64(-1.26,4.56)","1.21(-1.64,4.21)","0.4489","0.7642","0.2656","0.4130","1.0013","1.0013","1.0023","1.0021",2499,2180,2050,2026,2981,2858,2536,2927
"X60_X84_Y87.0","2000_2005","2011_2015",10,"Economic_type_5_EQI_Social+SM+PA+OB","0.00","-1.07(-3.44,1.31)","0.68(-1.36,2.73)","0.93(-1.25,3.02)","0.70(-1.66,2.93)","0.3801","0.5109","0.3751","0.5488","1.0018","1.0026","1.0037","1.0045",2556,2448,2249,2055,3455,3145,2810,2740
"X60_X84_Y87.0","2000_2005","2016_2020",15,"Economic_type_5_EQI+SM+PA+OB","0.00","2.17(-0.99,5.35)","3.57(0.39,6.68)","4.85(1.70,8.08)","3.19(0.03,6.27)","0.1881","0.0290","0.0015","0.0485","1.0011","1.0022","1.0024","1.0020",2406,2285,2120,2080,3486,3054,2866,3158
"X60_X84_Y87.0","2000_2005","2016_2020",15,"Economic_type_5_EQI_Air+SM+PA+OB","0.00","6.98(4.60,9.21)","8.14(5.84,10.35)","5.42(3.29,7.47)","3.08(0.90,5.18)","0.0002","0.0002","0.0002","0.0065","1.0011","1.0020","1.0020","1.0023",2709,2392,2082,2089,3278,3068,2971,2862
"X60_X84_Y87.0","2000_2005","2016_2020",15,"Economic_type_5_EQI_Water+SM+PA+OB","0.00","-0.25(-2.23,1.80)","1.33(-0.58,3.31)","3.19(1.39,5.00)","3.15(1.22,5.01)","0.8113","0.1760","0.0010","0.0015","1.0007","1.0005","1.0030","1.0011",2688,2377,2658,2104,3734,3267,2908,2299
"X60_X84_Y87.0","2000_2005","2016_2020",15,"Economic_type_5_EQI_Land+SM+PA+OB","0.00","-0.12(-1.94,1.62)","-0.72(-2.58,1.13)","-0.82(-2.78,1.14)","-0.21(-2.18,1.74)","0.8938","0.4430","0.4043","0.8338","1.0004","1.0000","1.0007","1.0006",2740,2377,2078,2099,3497,3266,2908,3094
"X60_X84_Y87.0","2000_2005","2016_2020",15,"Economic_type_5_EQI_Built+SM+PA+OB","0.00","1.00(-2.55,4.43)","0.45(-2.80,3.71)","1.50(-1.51,4.54)","1.36(-1.66,4.41)","0.5697","0.7805","0.3381","0.3776","1.0007","1.0008","1.0008","1.0013",2890,2262,2349,2313,3563,3100,3281,3264
"X60_X84_Y87.0","2000_2005","2016_2020",15,"Economic_type_5_EQI_Social+SM+PA+OB","0.00","-0.86(-3.31,1.52)","1.31(-0.89,3.46)","1.48(-0.74,3.67)","0.89(-1.50,3.26)","0.5005","0.2314","0.1918","0.4459","1.0007","1.0004","1.0004","1.0003",2777,2401,2268,2214,3050,2995,2821,2783
"X60_X84_Y87.0","2000_2005","2021_2024",20,"Economic_type_5_EQI+SM+PA+OB","0.00","1.99(-1.89,5.74)","1.80(-1.92,5.57)","3.44(-0.35,7.27)","0.53(-3.34,4.41)","0.3118","0.3618","0.0731","0.7896","1.0024","1.0040","1.0037","1.0031",1847,1657,1670,1565,2799,2562,2417,2360
"X60_X84_Y87.0","2000_2005","2021_2024",20,"Economic_type_5_EQI_Air+SM+PA+OB","0.00","5.26(2.44,8.01)","6.62(3.89,9.28)","2.37(-0.09,4.81)","-0.68(-3.19,1.79)","0.0015","0.0002","0.0594","0.5901","1.0016","1.0021","1.0022","1.0027",2555,2034,1888,1848,3695,3241,2718,2524
"X60_X84_Y87.0","2000_2005","2021_2024",20,"Economic_type_5_EQI_Water+SM+PA+OB","0.00","-1.74(-4.03,0.62)","0.41(-1.88,2.69)","2.22(0.10,4.31)","1.79(-0.52,4.06)","0.1518","0.7380","0.0414","0.1335","1.0014","1.0010","1.0011","1.0022",2121,2034,2042,1943,2994,2817,2962,2667
"X60_X84_Y87.0","2000_2005","2021_2024",20,"Economic_type_5_EQI_Land+SM+PA+OB","0.00","-1.52(-3.42,0.47)","-0.60(-2.71,1.55)","-0.42(-2.73,1.94)","-1.05(-3.28,1.24)","0.1389","0.5668","0.7117","0.3876","1.0013","1.0014","1.0008","1.0010",2566,2112,1939,1866,3044,2639,2645,2439
"X60_X84_Y87.0","2000_2005","2021_2024",20,"Economic_type_5_EQI_Built+SM+PA+OB","0.00","2.28(-1.61,6.06)","2.03(-1.43,5.38)","3.40(0.19,6.62)","3.01(-0.20,6.29)","0.2397","0.2556","0.0385","0.0673","1.0006","1.0005","1.0015","1.0009",2508,2098,1997,1995,3403,3105,2805,2342
"X60_X84_Y87.0","2000_2005","2021_2024",20,"Economic_type_5_EQI_Social+SM+PA+OB","0.00","-2.04(-4.81,0.72)","1.29(-1.19,3.72)","1.22(-1.28,3.69)","0.24(-2.42,2.88)","0.1502","0.2960","0.3331","0.8604","1.0019","1.0030","1.0031","1.0037",2381,2114,1987,1882,3039,2700,2574,2785
"X60_X84_Y87.0","2000_2005","2006_2010",5,"Economic_type_6_EQI+SM+PA+OB","0.00","1.05(-0.15,2.29)","1.77(0.53,3.00)","2.45(1.08,3.75)","2.16(0.60,3.65)","0.0819","0.0052","0.0006","0.0060","1.0016","1.0027","1.0053","1.0068",2844,2280,1875,1814,3542,3047,2549,2609
"X60_X84_Y87.0","2000_2005","2006_2010",5,"Economic_type_6_EQI_Air+SM+PA+OB","0.00","1.73(0.49,2.91)","2.64(1.40,3.89)","2.55(1.28,3.84)","1.21(-0.18,2.59)","0.0052","0.0002","0.0002","0.0877","1.0050","1.0059","1.0078","1.0073",2272,1824,1798,1785,3288,2996,2698,2676
"X60_X84_Y87.0","2000_2005","2006_2010",5,"Economic_type_6_EQI_Water+SM+PA+OB","0.00","-0.66(-2.11,0.76)","0.56(-0.90,2.04)","0.73(-0.67,2.15)","0.99(-0.48,2.49)","0.3510","0.4326","0.3106","0.1814","1.0030","1.0043","1.0030","1.0021",2089,1929,1990,1955,2683,2513,2445,2496
"X60_X84_Y87.0","2000_2005","2006_2010",5,"Economic_type_6_EQI_Land+SM+PA+OB","0.00","0.27(-0.77,1.29)","-0.45(-1.59,0.71)","0.35(-0.93,1.67)","-0.84(-2.20,0.51)","0.6142","0.4293","0.5880","0.2227","1.0006","1.0007","1.0018","1.0014",3335,2525,2473,2447,3828,3346,3074,2877
"X60_X84_Y87.0","2000_2005","2006_2010",5,"Economic_type_6_EQI_Built+SM+PA+OB","0.00","0.17(-0.95,1.24)","1.08(-0.04,2.17)","1.54(0.32,2.75)","1.58(0.32,2.86)","0.7600","0.0598","0.0115","0.0127","1.0002","1.0012","1.0006","1.0014",2753,2392,2432,2244,3868,3171,2921,2950
"X60_X84_Y87.0","2000_2005","2006_2010",5,"Economic_type_6_EQI_Social+SM+PA+OB","0.00","-1.07(-2.21,0.06)","-1.45(-2.75,-0.19)","-0.84(-2.28,0.62)","-0.70(-2.49,1.07)","0.0648","0.0256","0.2635","0.4401","1.0014","1.0019","1.0026","1.0017",2454,2202,1851,1552,3590,3253,2505,2412
"X60_X84_Y87.0","2000_2005","2011_2015",10,"Economic_type_6_EQI+SM+PA+OB","0.00","0.18(-1.16,1.56)","0.86(-0.50,2.28)","1.78(0.34,3.29)","1.27(-0.46,2.96)","0.8063","0.2135","0.0169","0.1506","1.0019","1.0026","1.0046","1.0048",2523,1923,1755,1609,3058,2839,2616,2790
"X60_X84_Y87.0","2000_2005","2011_2015",10,"Economic_type_6_EQI_Air+SM+PA+OB","0.00","2.39(1.00,3.72)","3.52(2.03,4.88)","2.33(0.87,3.78)","1.00(-0.60,2.56)","0.0015","0.0002","0.0031","0.2139","1.0007","1.0015","1.0012","1.0013",2024,1899,1912,1870,3193,2938,2986,2699
"X60_X84_Y87.0","2000_2005","2011_2015",10,"Economic_type_6_EQI_Water+SM+PA+OB","0.00","-2.40(-3.95,-0.84)","0.49(-1.08,2.07)","0.03(-1.55,1.58)","0.64(-1.00,2.30)","0.0031","0.5397","0.9779","0.4430","1.0003","1.0005","1.0004","1.0006",1982,1990,1963,1976,2640,2831,2986,3057
"X60_X84_Y87.0","2000_2005","2011_2015",10,"Economic_type_6_EQI_Land+SM+PA+OB","0.00","0.33(-0.80,1.46)","0.35(-0.88,1.62)","-0.81(-2.22,0.58)","-1.26(-2.74,0.22)","0.5638","0.5768","0.2718","0.0969","1.0017","1.0011","1.0018","1.0013",2921,2321,2123,2028,3638,3068,2981,2960
"X60_X84_Y87.0","2000_2005","2011_2015",10,"Economic_type_6_EQI_Built+SM+PA+OB","0.00","1.78(0.54,2.97)","2.13(0.89,3.29)","2.64(1.30,3.91)","3.31(1.91,4.62)","0.0048","0.0019","0.0002","0.0002","1.0016","1.0017","1.0024","1.0018",2660,2286,2396,2232,3396,2860,2584,2935
"X60_X84_Y87.0","2000_2005","2011_2015",10,"Economic_type_6_EQI_Social+SM+PA+OB","0.00","-0.60(-1.82,0.57)","-1.05(-2.39,0.26)","-0.50(-2.03,0.99)","0.04(-1.70,1.79)","0.3331","0.1202","0.5089","0.9479","1.0016","1.0013","1.0017","1.0026",2450,2259,1908,1789,3427,3428,3168,3008
"X60_X84_Y87.0","2000_2005","2016_2020",15,"Economic_type_6_EQI+SM+PA+OB","0.00","1.58(0.15,2.98)","2.19(0.75,3.68)","2.40(0.80,4.02)","1.63(-0.25,3.47)","0.0335","0.0035","0.0031","0.0839","1.0019","1.0012","1.0011","1.0012",2650,2237,1996,1790,3564,2728,2638,2466
"X60_X84_Y87.0","2000_2005","2016_2020",15,"Economic_type_6_EQI_Air+SM+PA+OB","0.00","2.01(0.50,3.51)","2.95(1.41,4.47)","2.37(0.74,3.98)","0.54(-1.16,2.26)","0.0081","0.0006","0.0035","0.5472","1.0045","1.0044","1.0076","1.0064",2037,1734,1598,1549,2942,3332,2749,2793
"X60_X84_Y87.0","2000_2005","2016_2020",15,"Economic_type_6_EQI_Water+SM+PA+OB","0.00","0.39(-1.38,2.14)","1.07(-0.75,2.83)","0.91(-0.89,2.65)","1.28(-0.56,3.06)","0.6617","0.2318","0.3176","0.1660","1.0002","1.0015","1.0030","1.0009",1954,1807,1820,1819,2934,3112,2835,2544
"X60_X84_Y87.0","2000_2005","2016_2020",15,"Economic_type_6_EQI_Land+SM+PA+OB","0.00","-0.29(-1.57,0.98)","0.50(-0.95,1.94)","-0.21(-1.74,1.46)","-1.52(-3.22,0.16)","0.6684","0.4905","0.7742","0.0744","1.0021","1.0032","1.0017","1.0016",2822,2310,2059,2293,3404,2745,1949,2412
"X60_X84_Y87.0","2000_2005","2016_2020",15,"Economic_type_6_EQI_Built+SM+PA+OB","0.00","1.66(0.31,2.98)","1.98(0.65,3.33)","3.07(1.71,4.45)","2.51(1.04,3.99)","0.0144","0.0040","0.0002","0.0015","1.0015","1.0025","1.0030","1.0033",2989,2701,2597,2357,3468,3375,3431,3025
"X60_X84_Y87.0","2000_2005","2016_2020",15,"Economic_type_6_EQI_Social+SM+PA+OB","0.00","-1.20(-2.60,0.14)","-1.63(-3.17,-0.13)","-1.62(-3.35,0.06)","-1.54(-3.56,0.47)","0.0831","0.0356","0.0631","0.1427","0.9999","1.0014","1.0021","1.0033",3018,2347,1947,1749,3797,3657,2990,2514
"X60_X84_Y87.0","2000_2005","2021_2024",20,"Economic_type_6_EQI+SM+PA+OB","0.00","1.93(0.06,3.73)","1.69(-0.10,3.49)","2.91(0.97,4.89)","1.65(-0.64,3.96)","0.0427","0.0623","0.0027","0.1535","1.0019","1.0021","1.0009","1.0013",2494,2053,1835,1632,3116,2998,3059,2914
"X60_X84_Y87.0","2000_2005","2021_2024",20,"Economic_type_6_EQI_Air+SM+PA+OB","0.00","4.57(2.75,6.38)","3.25(1.40,5.09)","3.23(1.34,5.07)","1.45(-0.59,3.45)","0.0002","0.0006","0.0015","0.1556","1.0013","1.0009","1.0004","1.0011",2345,2032,1899,1625,3022,2572,2921,2952
"X60_X84_Y87.0","2000_2005","2021_2024",20,"Economic_type_6_EQI_Water+SM+PA+OB","0.00","0.30(-1.87,2.37)","1.33(-0.87,3.43)","1.36(-0.79,3.50)","2.04(-0.13,4.19)","0.7663","0.2202","0.2127","0.0656","1.0031","1.0044","1.0055","1.0031",1765,1448,1625,1485,2612,2449,2459,2594
"X60_X84_Y87.0","2000_2005","2021_2024",20,"Economic_type_6_EQI_Land+SM+PA+OB","0.00","-0.27(-1.79,1.25)","-0.06(-1.77,1.67)","-0.90(-2.79,0.98)","-1.41(-3.39,0.56)","0.7342","0.9363","0.3622","0.1689","1.0018","1.0016","1.0013","1.0019",2437,2012,1859,1819,3043,2467,3088,2916
"X60_X84_Y87.0","2000_2005","2021_2024",20,"Economic_type_6_EQI_Built+SM+PA+OB","0.00","1.17(-0.48,2.84)","1.97(0.30,3.65)","3.28(1.53,5.06)","2.75(0.94,4.58)","0.1673","0.0227","0.0002","0.0031","1.0001","1.0011","1.0012","1.0006",2515,2344,2289,2270,3068,3140,3450,3289
"X60_X84_Y87.0","2000_2005","2021_2024",20,"Economic_type_6_EQI_Social+SM+PA+OB","0.00","-0.68(-2.32,1.00)","-2.80(-4.56,-0.94)","-1.89(-3.93,0.27)","-2.81(-5.27,-0.33)","0.4372","0.0040","0.0852","0.0269","1.0009","1.0008","1.0017","1.0013",2370,1957,1621,1461,3136,3282,2824,2485
"X60_X84_Y87.0","2000_2005","2006_2010",5,"Homeownership_tertile_1_EQI+SM+PA+OB","0.00","3.74(2.67,4.83)","4.82(3.75,5.90)","5.34(4.18,6.45)","5.14(3.90,6.40)","0.0002","0.0002","0.0002","0.0002","1.0013","1.0010","1.0017","1.0011",2935,2397,2180,2016,3461,3040,3281,2755
"X60_X84_Y87.0","2000_2005","2006_2010",5,"Homeownership_tertile_1_EQI_Air+SM+PA+OB","0.00","3.53(2.34,4.73)","4.45(3.22,5.64)","3.65(2.48,4.82)","2.87(1.60,4.08)","0.0002","0.0002","0.0002","0.0002","1.0004","1.0007","1.0013","1.0018",2638,2315,2139,1903,3202,3018,3127,3165
"X60_X84_Y87.0","2000_2005","2006_2010",5,"Homeownership_tertile_1_EQI_Water+SM+PA+OB","0.00","0.25(-0.96,1.46)","1.59(0.32,2.86)","1.28(0.03,2.53)","1.90(0.61,3.13)","0.6797","0.0135","0.0448","0.0023","1.0029","1.0038","1.0052","1.0039",2276,1869,1872,1969,3227,2720,2741,2681
"X60_X84_Y87.0","2000_2005","2006_2010",5,"Homeownership_tertile_1_EQI_Land+SM+PA+OB","0.00","0.22(-0.67,1.11)","0.35(-0.59,1.27)","0.58(-0.49,1.68)","0.22(-0.90,1.33)","0.6397","0.4730","0.2910","0.7005","1.0009","1.0004","1.0011","1.0008",3657,2937,2776,2565,3372,3563,3322,3336
"X60_X84_Y87.0","2000_2005","2006_2010",5,"Homeownership_tertile_1_EQI_Built+SM+PA+OB","0.00","2.97(1.72,4.23)","3.63(2.39,4.88)","3.98(2.82,5.14)","4.06(2.89,5.25)","0.0002","0.0002","0.0002","0.0002","1.0024","1.0049","1.0061","1.0050",2962,2051,1964,2024,3689,3012,3022,2957
"X60_X84_Y87.0","2000_2005","2006_2010",5,"Homeownership_tertile_1_EQI_Social+SM+PA+OB","0.00","-0.39(-1.29,0.50)","-0.51(-1.53,0.47)","-0.28(-1.42,0.88)","-0.61(-1.89,0.72)","0.3918","0.3235","0.6305","0.3680","1.0007","1.0019","1.0017","1.0021",2899,2522,2332,2321,3194,3080,2621,2907
"X60_X84_Y87.0","2000_2005","2011_2015",10,"Homeownership_tertile_1_EQI+SM+PA+OB","0.00","3.80(2.60,4.99)","5.14(3.91,6.33)","5.47(4.16,6.69)","4.97(3.57,6.32)","0.0002","0.0002","0.0002","0.0002","1.0024","1.0032","1.0060","1.0060",2524,1873,1550,1497,2738,2564,2677,2885
"X60_X84_Y87.0","2000_2005","2011_2015",10,"Homeownership_tertile_1_EQI_Air+SM+PA+OB","0.00","4.95(3.65,6.22)","5.86(4.57,7.17)","4.23(3.00,5.47)","2.83(1.50,4.14)","0.0002","0.0002","0.0002","0.0002","1.0019","1.0019","1.0027","1.0032",2588,2414,1856,1726,3518,3459,2740,2734
"X60_X84_Y87.0","2000_2005","2011_2015",10,"Homeownership_tertile_1_EQI_Water+SM+PA+OB","0.00","0.16(-1.08,1.39)","2.19(0.93,3.46)","2.23(0.95,3.46)","2.35(1.05,3.69)","0.8155","0.0006","0.0010","0.0010","1.0016","1.0017","1.0023","1.0027",2054,1933,1836,1748,2925,2392,2916,2730
"X60_X84_Y87.0","2000_2005","2011_2015",10,"Homeownership_tertile_1_EQI_Land+SM+PA+OB","0.00","0.21(-0.73,1.17)","0.22(-0.73,1.22)","-0.77(-1.88,0.35)","-0.49(-1.65,0.67)","0.6626","0.6626","0.1773","0.4151","1.0004","1.0017","1.0013","1.0029",3021,2547,1941,2154,3537,3146,3301,3221
"X60_X84_Y87.0","2000_2005","2011_2015",10,"Homeownership_tertile_1_EQI_Built+SM+PA+OB","0.00","2.01(0.69,3.34)","3.44(2.13,4.75)","4.09(2.79,5.37)","4.07(2.75,5.40)","0.0040","0.0002","0.0002","0.0002","1.0020","1.0021","1.0017","1.0010",3021,2347,2148,2102,3541,3028,2871,2702
"X60_X84_Y87.0","2000_2005","2011_2015",10,"Homeownership_tertile_1_EQI_Social+SM+PA+OB","0.00","0.58(-0.41,1.51)","0.42(-0.61,1.45)","0.87(-0.35,2.08)","0.51(-0.90,1.88)","0.2510","0.4393","0.1493","0.4630","1.0014","1.0013","1.0012","1.0010",2701,2309,2067,2247,3674,3225,3143,2910
"X60_X84_Y87.0","2000_2005","2016_2020",15,"Homeownership_tertile_1_EQI+SM+PA+OB","0.00","4.37(3.00,5.71)","5.43(4.10,6.75)","5.51(4.08,6.95)","5.22(3.63,6.81)","0.0002","0.0002","0.0002","0.0002","1.0018","1.0027","1.0026","1.0020",3239,2627,2165,1938,3640,3585,3204,3065
"X60_X84_Y87.0","2000_2005","2016_2020",15,"Homeownership_tertile_1_EQI_Air+SM+PA+OB","0.00","4.11(2.50,5.70)","4.77(3.24,6.30)","3.72(2.23,5.21)","2.21(0.59,3.82)","0.0002","0.0002","0.0002","0.0060","1.0002","1.0011","1.0002","1.0005",2813,2366,2151,1962,3147,3265,2864,2857
"X60_X84_Y87.0","2000_2005","2016_2020",15,"Homeownership_tertile_1_EQI_Water+SM+PA+OB","0.00","1.45(-0.14,3.02)","1.83(0.24,3.42)","2.73(1.09,4.32)","3.43(1.80,5.06)","0.0694","0.0215","0.0015","0.0002","1.0011","1.0018","1.0011","1.0014",2390,2217,2263,2133,3340,2753,2733,2706
"X60_X84_Y87.0","2000_2005","2016_2020",15,"Homeownership_tertile_1_EQI_Land+SM+PA+OB","0.00","-0.19(-1.34,0.98)","0.51(-0.68,1.75)","-0.37(-1.72,0.94)","-0.95(-2.41,0.46)","0.7471","0.4218","0.5988","0.1923","1.0013","1.0019","1.0015","1.0012",3759,3029,2796,2618,3891,3384,3161,3080
"X60_X84_Y87.0","2000_2005","2016_2020",15,"Homeownership_tertile_1_EQI_Built+SM+PA+OB","0.00","4.76(3.14,6.36)","5.66(4.08,7.21)","5.96(4.49,7.49)","6.15(4.62,7.69)","0.0002","0.0002","0.0002","0.0002","1.0016","1.0015","1.0008","1.0014",3152,2522,2363,2400,3556,3484,3077,3418
"X60_X84_Y87.0","2000_2005","2016_2020",15,"Homeownership_tertile_1_EQI_Social+SM+PA+OB","0.00","0.31(-0.87,1.45)","0.55(-0.78,1.87)","0.40(-1.06,1.85)","0.05(-1.61,1.72)","0.5909","0.3993","0.5701","0.9688","1.0013","1.0024","1.0010","1.0020",3397,2963,2641,2742,3232,3880,3555,3398
"X60_X84_Y87.0","2000_2005","2021_2024",20,"Homeownership_tertile_1_EQI+SM+PA+OB","0.00","4.26(2.63,5.90)","7.09(5.37,8.72)","6.97(5.17,8.67)","6.55(4.51,8.46)","0.0002","0.0002","0.0002","0.0002","1.0023","1.0038","1.0044","1.0044",2105,1815,1646,1465,2817,2531,2657,2350
"X60_X84_Y87.0","2000_2005","2021_2024",20,"Homeownership_tertile_1_EQI_Air+SM+PA+OB","0.00","6.51(4.67,8.27)","7.56(5.77,9.30)","6.26(4.57,7.90)","4.88(2.95,6.67)","0.0002","0.0002","0.0002","0.0002","1.0011","1.0010","1.0019","1.0023",2319,1993,1679,1596,3350,2897,2846,2542
"X60_X84_Y87.0","2000_2005","2021_2024",20,"Homeownership_tertile_1_EQI_Water+SM+PA+OB","0.00","1.42(-0.39,3.14)","2.61(0.78,4.37)","3.28(1.50,5.06)","3.31(1.45,5.13)","0.1243","0.0031","0.0002","0.0002","1.0034","1.0029","1.0026","1.0035",1654,1559,1499,1495,2691,2586,2482,2390
"X60_X84_Y87.0","2000_2005","2021_2024",20,"Homeownership_tertile_1_EQI_Land+SM+PA+OB","0.00","0.65(-0.66,1.93)","0.74(-0.69,2.11)","-0.86(-2.38,0.77)","-1.09(-2.70,0.55)","0.3389","0.3018","0.2706","0.2085","1.0007","1.0013","1.0015","1.0012",2866,2237,1972,1951,3675,3507,3025,3016
"X60_X84_Y87.0","2000_2005","2021_2024",20,"Homeownership_tertile_1_EQI_Built+SM+PA+OB","0.00","3.06(1.14,4.91)","5.04(3.26,6.83)","5.60(3.83,7.37)","5.82(4.09,7.59)","0.0010","0.0002","0.0002","0.0002","1.0018","1.0028","1.0036","1.0041",1953,1638,1534,1547,3327,2706,2870,2741
"X60_X84_Y87.0","2000_2005","2021_2024",20,"Homeownership_tertile_1_EQI_Social+SM+PA+OB","0.00","-0.09(-1.41,1.27)","-0.91(-2.37,0.54)","-0.28(-1.92,1.39)","-1.19(-3.06,0.66)","0.8904","0.2272","0.7276","0.2060","1.0016","1.0010","1.0009","1.0010",2303,2061,1799,1826,3090,3121,2646,2615
"X60_X84_Y87.0","2000_2005","2006_2010",5,"Homeownership_tertile_2_EQI+SM+PA+OB","0.00","2.03(0.99,3.07)","4.00(2.92,5.13)","4.56(3.32,5.82)","4.69(3.30,6.10)","0.0002","0.0002","0.0002","0.0002","1.0013","1.0023","1.0027","1.0018",2794,2110,1650,1500,3101,2569,2320,2302
"X60_X84_Y87.0","2000_2005","2006_2010",5,"Homeownership_tertile_2_EQI_Air+SM+PA+OB","0.00","3.01(1.90,4.11)","4.58(3.40,5.76)","4.76(3.50,6.02)","3.66(2.19,5.14)","0.0002","0.0002","0.0002","0.0002","1.0009","1.0013","1.0012","1.0010",2805,2273,1942,2007,3296,3382,2883,3060
"X60_X84_Y87.0","2000_2005","2006_2010",5,"Homeownership_tertile_2_EQI_Water+SM+PA+OB","0.00","0.52(-0.97,2.00)","0.87(-0.59,2.33)","1.10(-0.38,2.62)","1.36(-0.27,3.01)","0.4822","0.2418","0.1443","0.1052","1.0024","1.0023","1.0022","1.0024",2025,1977,1963,2014,2935,2896,2548,2960
"X60_X84_Y87.0","2000_2005","2006_2010",5,"Homeownership_tertile_2_EQI_Land+SM+PA+OB","0.00","-0.07(-1.10,0.99)","0.37(-0.74,1.45)","0.05(-1.20,1.35)","0.07(-1.30,1.41)","0.9034","0.5151","0.9500","0.9200","1.0022","1.0018","1.0014","1.0012",3246,2634,2245,2443,3571,3417,3221,3518
"X60_X84_Y87.0","2000_2005","2006_2010",5,"Homeownership_tertile_2_EQI_Built+SM+PA+OB","0.00","0.88(-0.11,1.84)","1.64(0.59,2.64)","2.44(1.35,3.51)","3.11(1.90,4.33)","0.0864","0.0027","0.0002","0.0002","1.0004","1.0019","1.0015","1.0007",2979,2665,2743,2867,3583,3317,3705,3591
"X60_X84_Y87.0","2000_2005","2006_2010",5,"Homeownership_tertile_2_EQI_Social+SM+PA+OB","0.00","-0.04(-1.19,1.08)","0.17(-1.14,1.44)","-0.49(-1.90,0.90)","-0.58(-2.33,1.09)","0.9483","0.7863","0.5089","0.5143","1.0007","1.0008","1.0015","1.0017",2642,2331,2132,2086,3633,3179,3280,3069
"X60_X84_Y87.0","2000_2005","2011_2015",10,"Homeownership_tertile_2_EQI+SM+PA+OB","0.00","3.38(2.23,4.50)","4.42(3.21,5.60)","4.84(3.46,6.17)","5.64(4.06,7.15)","0.0002","0.0002","0.0002","0.0002","1.0010","1.0015","1.0024","1.0026",2498,1848,1578,1553,2902,2928,2602,2145
"X60_X84_Y87.0","2000_2005","2011_2015",10,"Homeownership_tertile_2_EQI_Air+SM+PA+OB","0.00","4.41(3.08,5.68)","5.17(3.82,6.56)","4.93(3.44,6.39)","4.06(2.43,5.72)","0.0002","0.0002","0.0002","0.0002","1.0044","1.0041","1.0051","1.0035",2010,1836,1613,1701,3225,3081,2962,3015
"X60_X84_Y87.0","2000_2005","2011_2015",10,"Homeownership_tertile_2_EQI_Water+SM+PA+OB","0.00","0.72(-0.78,2.24)","1.96(0.39,3.55)","1.71(0.12,3.28)","2.78(1.12,4.42)","0.3581","0.0131","0.0352","0.0015","1.0033","1.0021","1.0043","1.0044",1960,1906,1918,1839,2629,2827,2905,2471
"X60_X84_Y87.0","2000_2005","2011_2015",10,"Homeownership_tertile_2_EQI_Land+SM+PA+OB","0.00","-0.04(-1.17,1.05)","-0.38(-1.62,0.84)","-0.01(-1.35,1.34)","-0.21(-1.67,1.27)","0.9379","0.5455","0.9858","0.7825","1.0022","1.0025","1.0021","1.0024",2965,2300,2167,2130,3243,3396,3191,3391
"X60_X84_Y87.0","2000_2005","2011_2015",10,"Homeownership_tertile_2_EQI_Built+SM+PA+OB","0.00","1.14(0.05,2.25)","1.44(0.33,2.52)","2.40(1.24,3.54)","2.21(0.91,3.52)","0.0414","0.0119","0.0002","0.0010","1.0007","0.9999","1.0014","1.0015",3318,2854,2912,3066,3629,3481,3140,3537
"X60_X84_Y87.0","2000_2005","2011_2015",10,"Homeownership_tertile_2_EQI_Social+SM+PA+OB","0.00","-0.86(-2.06,0.36)","-0.06(-1.42,1.33)","-0.72(-2.20,0.81)","-0.84(-2.67,1.01)","0.1606","0.9329","0.3447","0.3714","1.0034","1.0039","1.0048","1.0071",3026,2447,2252,1991,3422,3365,3327,2583
"X60_X84_Y87.0","2000_2005","2016_2020",15,"Homeownership_tertile_2_EQI+SM+PA+OB","0.00","2.49(1.27,3.77)","4.99(3.68,6.32)","5.31(3.82,6.85)","6.23(4.57,8.01)","0.0002","0.0002","0.0002","0.0002","1.0007","1.0012","1.0029","1.0023",2269,1544,1352,1219,3613,2374,2233,1869
"X60_X84_Y87.0","2000_2005","2016_2020",15,"Homeownership_tertile_2_EQI_Air+SM+PA+OB","0.00","2.52(1.13,3.91)","4.41(2.99,5.79)","4.57(3.01,6.07)","3.37(1.63,5.05)","0.0002","0.0002","0.0002","0.0002","1.0009","1.0009","1.0020","1.0021",2620,2076,1898,1792,3550,3128,3111,3101
"X60_X84_Y87.0","2000_2005","2016_2020",15,"Homeownership_tertile_2_EQI_Water+SM+PA+OB","0.00","1.12(-0.58,2.78)","1.86(0.10,3.62)","2.55(0.76,4.31)","2.86(1.02,4.71)","0.1952","0.0352","0.0052","0.0035","1.0029","1.0029","1.0021","1.0020",1907,1790,1878,1822,2821,2302,2735,2687
"X60_X84_Y87.0","2000_2005","2016_2020",15,"Homeownership_tertile_2_EQI_Land+SM+PA+OB","0.00","0.68(-0.54,1.92)","1.17(-0.14,2.49)","-0.17(-1.62,1.30)","-0.02(-1.57,1.53)","0.2722","0.0906","0.8371","0.9954","1.0024","1.0024","1.0034","1.0033",3289,2818,2392,2367,3926,3443,3099,3165
"X60_X84_Y87.0","2000_2005","2016_2020",15,"Homeownership_tertile_2_EQI_Built+SM+PA+OB","0.00","1.55(0.41,2.72)","1.86(0.61,3.11)","3.36(2.03,4.69)","3.32(1.79,4.84)","0.0094","0.0035","0.0002","0.0002","1.0021","1.0031","1.0041","1.0041",2767,2336,2269,2221,3855,2993,2989,3272
"X60_X84_Y87.0","2000_2005","2016_2020",15,"Homeownership_tertile_2_EQI_Social+SM+PA+OB","0.00","-1.82(-3.09,-0.58)","-1.84(-3.34,-0.42)","-1.29(-2.94,0.31)","-1.23(-3.28,0.76)","0.0060","0.0110","0.1214","0.2193","1.0007","1.0007","1.0009","1.0012",3181,2623,2288,2003,3145,3653,3325,3248
"X60_X84_Y87.0","2000_2005","2021_2024",20,"Homeownership_tertile_2_EQI+SM+PA+OB","0.00","3.11(1.58,4.64)","4.83(3.13,6.57)","5.37(3.46,7.31)","6.20(4.07,8.32)","0.0002","0.0002","0.0002","0.0002","1.0012","1.0010","1.0012","1.0019",2731,2122,1700,1651,3540,2852,2781,2858
"X60_X84_Y87.0","2000_2005","2021_2024",20,"Homeownership_tertile_2_EQI_Air+SM+PA+OB","0.00","5.60(3.92,7.28)","5.69(3.87,7.45)","5.18(3.26,7.05)","4.34(2.24,6.51)","0.0002","0.0002","0.0002","0.0002","1.0017","1.0037","1.0041","1.0038",2247,1833,1548,1487,2975,2946,2628,2324
"X60_X84_Y87.0","2000_2005","2021_2024",20,"Homeownership_tertile_2_EQI_Water+SM+PA+OB","0.00","-0.59(-2.55,1.40)","1.27(-0.87,3.48)","1.31(-0.90,3.49)","2.89(0.65,5.18)","0.5618","0.2414","0.2397","0.0144","1.0025","1.0031","1.0019","1.0010",1731,1621,1581,1643,2585,2361,2470,2738
"X60_X84_Y87.0","2000_2005","2021_2024",20,"Homeownership_tertile_2_EQI_Land+SM+PA+OB","0.00","-1.36(-2.96,0.19)","-1.17(-2.93,0.50)","-2.36(-4.24,-0.55)","-2.57(-4.53,-0.56)","0.0873","0.1706","0.0106","0.0098","1.0014","1.0015","1.0019","1.0031",2494,1891,1765,1603,3494,3325,2931,2645
"X60_X84_Y87.0","2000_2005","2021_2024",20,"Homeownership_tertile_2_EQI_Built+SM+PA+OB","0.00","2.23(0.83,3.71)","3.23(1.74,4.80)","4.81(3.19,6.42)","4.43(2.64,6.18)","0.0019","0.0002","0.0002","0.0002","1.0017","1.0012","1.0011","1.0010",2726,2466,2255,2434,3041,3047,2716,3368
"X60_X84_Y87.0","2000_2005","2021_2024",20,"Homeownership_tertile_2_EQI_Social+SM+PA+OB","0.00","-0.56(-2.20,1.07)","-1.83(-3.58,-0.01)","-0.60(-2.65,1.52)","-1.14(-3.58,1.37)","0.4993","0.0498","0.5605","0.3701","1.0016","1.0031","1.0037","1.0048",1757,1462,1271,1206,2802,2545,2164,2257
"X60_X84_Y87.0","2000_2005","2006_2010",5,"Homeownership_tertile_3_EQI+SM+PA+OB","0.00","2.26(1.34,3.17)","4.26(3.20,5.34)","5.34(4.16,6.50)","5.85(4.51,7.22)","0.0002","0.0002","0.0002","0.0002","1.0006","1.0007","1.0000","1.0011",3593,2782,2496,2255,3778,3251,2933,3363
"X60_X84_Y87.0","2000_2005","2006_2010",5,"Homeownership_tertile_3_EQI_Air+SM+PA+OB","0.00","4.61(3.56,5.64)","5.25(4.18,6.30)","5.07(3.83,6.32)","3.82(2.41,5.20)","0.0002","0.0002","0.0002","0.0002","0.9999","1.0008","1.0003","1.0016",3239,2510,2249,2365,4018,3203,3222,3560
"X60_X84_Y87.0","2000_2005","2006_2010",5,"Homeownership_tertile_3_EQI_Water+SM+PA+OB","0.00","-0.02(-1.14,1.04)","0.76(-0.41,1.99)","0.85(-0.35,2.03)","1.62(0.34,2.94)","0.9904","0.2006","0.1698","0.0177","1.0001","1.0011","1.0015","1.0009",2839,2450,2729,2526,3325,3109,3533,3344
"X60_X84_Y87.0","2000_2005","2006_2010",5,"Homeownership_tertile_3_EQI_Land+SM+PA+OB","0.00","-1.44(-2.42,-0.45)","-1.63(-2.73,-0.51)","-1.65(-2.86,-0.43)","-1.65(-2.96,-0.33)","0.0069","0.0056","0.0073","0.0123","1.0005","1.0012","1.0009","1.0010",3379,3003,2768,2768,3538,3435,3133,3213
"X60_X84_Y87.0","2000_2005","2006_2010",5,"Homeownership_tertile_3_EQI_Built+SM+PA+OB","0.00","0.77(0.02,1.51)","1.31(0.44,2.16)","2.19(1.26,3.11)","1.25(-0.02,2.55)","0.0419","0.0027","0.0002","0.0560","1.0001","1.0004","1.0003","1.0039",4580,3952,4112,4488,3459,3733,4460,3948
"X60_X84_Y87.0","2000_2005","2006_2010",5,"Homeownership_tertile_3_EQI_Social+SM+PA+OB","0.00","-0.57(-1.61,0.48)","-1.26(-2.46,-0.10)","0.21(-1.03,1.49)","0.01(-1.57,1.55)","0.3006","0.0373","0.7426","0.9863","1.0018","1.0016","1.0015","1.0018",2900,2608,2088,1986,3211,2901,2759,2640
"X60_X84_Y87.0","2000_2005","2011_2015",10,"Homeownership_tertile_3_EQI+SM+PA+OB","0.00","2.48(1.34,3.62)","3.99(2.79,5.19)","5.54(4.21,6.87)","6.07(4.50,7.63)","0.0002","0.0002","0.0002","0.0002","1.0032","1.0008","1.0013","1.0013",2783,2209,1947,1895,2729,2597,2824,2938
"X60_X84_Y87.0","2000_2005","2011_2015",10,"Homeownership_tertile_3_EQI_Air+SM+PA+OB","0.00","3.56(2.40,4.67)","5.78(4.51,7.04)","5.55(4.10,6.93)","4.30(2.64,5.89)","0.0002","0.0002","0.0002","0.0002","1.0001","1.0004","1.0003","1.0000",2688,2250,2106,2163,3788,3515,2728,2877
"X60_X84_Y87.0","2000_2005","2011_2015",10,"Homeownership_tertile_3_EQI_Water+SM+PA+OB","0.00","-0.04(-1.31,1.23)","0.99(-0.37,2.35)","1.66(0.24,3.06)","2.05(0.48,3.61)","0.9563","0.1568","0.0219","0.0106","1.0013","1.0007","1.0010","1.0013",2464,2331,2362,2482,3410,3167,3039,3085
"X60_X84_Y87.0","2000_2005","2011_2015",10,"Homeownership_tertile_3_EQI_Land+SM+PA+OB","0.00","-0.55(-1.68,0.53)","-0.40(-1.61,0.83)","-1.48(-2.83,-0.09)","-0.97(-2.43,0.45)","0.3326","0.5097","0.0394","0.1935","1.0001","1.0006","1.0013","1.0011",3146,2840,2482,2533,3614,3475,3070,3266
"X60_X84_Y87.0","2000_2005","2011_2015",10,"Homeownership_tertile_3_EQI_Built+SM+PA+OB","0.00","1.31(0.44,2.22)","1.44(0.39,2.45)","1.52(0.39,2.65)","0.98(-0.44,2.39)","0.0015","0.0073","0.0060","0.1710","1.0010","1.0017","1.0016","1.0021",3956,3071,3436,3556,4022,3926,3519,3612
"X60_X84_Y87.0","2000_2005","2011_2015",10,"Homeownership_tertile_3_EQI_Social+SM+PA+OB","0.00","-0.35(-1.61,0.93)","-0.20(-1.62,1.19)","0.38(-1.10,1.87)","0.51(-1.27,2.33)","0.5947","0.7821","0.6126","0.5943","1.0017","1.0018","1.0027","1.0029",2439,2183,2001,2062,3172,3564,3454,2912
"X60_X84_Y87.0","2000_2005","2016_2020",15,"Homeownership_tertile_3_EQI+SM+PA+OB","0.00","4.19(3.02,5.36)","4.94(3.64,6.19)","6.09(4.70,7.45)","5.90(4.19,7.58)","0.0002","0.0002","0.0002","0.0002","1.0004","1.0022","1.0009","1.0019",2371,1981,1786,1696,2948,2649,2643,2664
"X60_X84_Y87.0","2000_2005","2016_2020",15,"Homeownership_tertile_3_EQI_Air+SM+PA+OB","0.00","3.76(2.47,5.04)","5.07(3.69,6.41)","4.19(2.58,5.72)","2.83(1.02,4.57)","0.0002","0.0002","0.0002","0.0035","1.0025","1.0027","1.0033","1.0022",2825,2422,2106,2210,3288,2811,2616,2532
"X60_X84_Y87.0","2000_2005","2016_2020",15,"Homeownership_tertile_3_EQI_Water+SM+PA+OB","0.00","0.34(-1.11,1.78)","1.70(0.05,3.31)","2.29(0.66,3.88)","1.21(-0.47,2.91)","0.6426","0.0427","0.0090","0.1627","1.0012","1.0018","1.0016","1.0007",2192,1990,2122,2029,2925,2927,3031,2431
"X60_X84_Y87.0","2000_2005","2016_2020",15,"Homeownership_tertile_3_EQI_Land+SM+PA+OB","0.00","-1.45(-2.60,-0.26)","-1.26(-2.52,0.02)","-1.28(-2.72,0.17)","-1.98(-3.50,-0.47)","0.0140","0.0552","0.0777","0.0131","0.9999","1.0005","1.0013","1.0017",3387,2451,2240,2443,3522,3418,3444,3389
"X60_X84_Y87.0","2000_2005","2016_2020",15,"Homeownership_tertile_3_EQI_Built+SM+PA+OB","0.00","1.43(0.41,2.43)","2.35(1.21,3.46)","2.68(1.44,3.94)","1.28(-0.23,2.74)","0.0065","0.0002","0.0002","0.0964","1.0013","1.0001","1.0008","1.0015",3586,3512,3224,3151,3544,3640,3575,3400
"X60_X84_Y87.0","2000_2005","2016_2020",15,"Homeownership_tertile_3_EQI_Social+SM+PA+OB","0.00","0.33(-1.03,1.66)","1.17(-0.31,2.62)","1.67(0.09,3.25)","1.48(-0.39,3.37)","0.6330","0.1198","0.0323","0.1289","1.0020","1.0044","1.0052","1.0053",2944,2064,2057,1915,3898,3416,3030,3021
"X60_X84_Y87.0","2000_2005","2021_2024",20,"Homeownership_tertile_3_EQI+SM+PA+OB","0.00","4.02(2.54,5.47)","5.75(4.22,7.29)","7.37(5.60,9.07)","6.65(4.46,8.78)","0.0002","0.0002","0.0002","0.0002","1.0016","1.0006","1.0019","1.0009",2827,2071,1854,1665,3295,2978,2847,2572
"X60_X84_Y87.0","2000_2005","2021_2024",20,"Homeownership_tertile_3_EQI_Air+SM+PA+OB","0.00","4.93(3.28,6.52)","5.24(3.52,6.91)","4.35(2.31,6.28)","2.73(0.44,4.94)","0.0002","0.0002","0.0002","0.0190","1.0049","1.0059","1.0056","1.0042",2023,1668,1521,1720,3258,2712,2651,3077
"X60_X84_Y87.0","2000_2005","2021_2024",20,"Homeownership_tertile_3_EQI_Water+SM+PA+OB","0.00","0.75(-1.03,2.59)","2.67(0.76,4.62)","3.22(1.26,5.22)","3.76(1.59,5.98)","0.4297","0.0023","0.0006","0.0010","1.0016","1.0025","1.0025","1.0012",1751,1617,1690,1633,2553,2537,2682,2880
"X60_X84_Y87.0","2000_2005","2021_2024",20,"Homeownership_tertile_3_EQI_Land+SM+PA+OB","0.00","-2.38(-3.91,-0.89)","-1.93(-3.62,-0.23)","-2.42(-4.32,-0.51)","-2.53(-4.57,-0.51)","0.0010","0.0235","0.0090","0.0152","1.0010","1.0013","1.0008","1.0008",2380,2176,1907,1977,2953,2602,2522,2668
"X60_X84_Y87.0","2000_2005","2021_2024",20,"Homeownership_tertile_3_EQI_Built+SM+PA+OB","0.00","1.79(0.52,3.06)","2.59(1.17,3.97)","3.00(1.43,4.57)","3.89(1.84,6.01)","0.0060","0.0002","0.0002","0.0002","1.0005","1.0011","1.0006","1.0009",3057,2616,2630,2730,3096,3360,3083,3064
"X60_X84_Y87.0","2000_2005","2021_2024",20,"Homeownership_tertile_3_EQI_Social+SM+PA+OB","0.00","0.43(-1.26,2.12)","0.97(-0.87,2.76)","1.58(-0.34,3.52)","2.06(-0.30,4.42)","0.6126","0.3081","0.1135","0.0869","1.0012","1.0017","1.0013","1.0020",2089,1840,1643,1478,2949,2695,2550,2471
