ICD_Code,EQI_Period,AAMR_Period,Lag,Model,Quintile,MRR_mean,MRR_lower,MRR_upper,pct_diff,p
G20_G30_G12.2_F01_F03,2000_2005,2006_2010,5,Typology_Farming_EQI,Q1,1,1,1,0,NA
G20_G30_G12.2_F01_F03,2000_2005,2006_2010,5,Typology_Farming_EQI,Q2,1.179,1.072,1.2916,17.9021,0.0012
G20_G30_G12.2_F01_F03,2000_2005,2006_2010,5,Typology_Farming_EQI,Q3,1.1813,1.062,1.3106,18.1343,0.0057
G20_G30_G12.2_F01_F03,2000_2005,2006_2010,5,Typology_Farming_EQI,Q4,1.1912,1.0493,1.3412,19.1204,0.0052
G20_G30_G12.2_F01_F03,2000_2005,2006_2010,5,Typology_Farming_EQI,Q5,1.1017,0.9044,1.2995,10.1738,0.3202
"G20_G30_G12.2_F01_F03","2000_2005","2006_2010",5,"Typology_Farming_EQI_Air","Q1",0.8959,0.757,1.0481,-10.4126,"0.1742"
"G20_G30_G12.2_F01_F03","2000_2005","2006_2010",5,"Typology_Farming_EQI_Air","Q2",1.0043,0.8468,1.1637,0.4261,"0.9725"
"G20_G30_G12.2_F01_F03","2000_2005","2006_2010",5,"Typology_Farming_EQI_Air","Q3",1.0809,0.8819,1.2926,8.0902,"0.4216"
"G20_G30_G12.2_F01_F03","2000_2005","2006_2010",5,"Typology_Farming_EQI_Air","Q4",0.9468,0.7326,1.1617,-5.3245,"0.6226"
"G20_G30_G12.2_F01_F03","2000_2005","2006_2010",5,"Typology_Farming_EQI_Air","Q5",0.8962,0.6478,1.1506,-10.3756,"0.4171"
"G20_G30_G12.2_F01_F03","2000_2005","2006_2010",5,"Typology_Farming_EQI_Water","Q1",0.8959,0.757,1.0481,-10.4126,"0.1742"
"G20_G30_G12.2_F01_F03","2000_2005","2006_2010",5,"Typology_Farming_EQI_Water","Q2",0.8704,0.7257,1.0234,-12.9564,"0.1047"
"G20_G30_G12.2_F01_F03","2000_2005","2006_2010",5,"Typology_Farming_EQI_Water","Q3",0.94,0.7697,1.111,-5.999,"0.5026"
"G20_G30_G12.2_F01_F03","2000_2005","2006_2010",5,"Typology_Farming_EQI_Water","Q4",1.0091,0.8443,1.1854,0.906,"0.9275"
"G20_G30_G12.2_F01_F03","2000_2005","2006_2010",5,"Typology_Farming_EQI_Water","Q5",0.9657,0.7849,1.1556,-3.4337,"0.7061"
"G20_G30_G12.2_F01_F03","2000_2005","2006_2010",5,"Typology_Farming_EQI_Land","Q1",0.8959,0.757,1.0481,-10.4126,"0.1742"
"G20_G30_G12.2_F01_F03","2000_2005","2006_2010",5,"Typology_Farming_EQI_Land","Q2",0.8838,0.7091,1.0649,-11.6221,"0.1992"
"G20_G30_G12.2_F01_F03","2000_2005","2006_2010",5,"Typology_Farming_EQI_Land","Q3",0.9261,0.7718,1.0906,-7.3912,"0.3632"
"G20_G30_G12.2_F01_F03","2000_2005","2006_2010",5,"Typology_Farming_EQI_Land","Q4",0.9352,0.7875,1.0909,-6.478,"0.4036"
"G20_G30_G12.2_F01_F03","2000_2005","2006_2010",5,"Typology_Farming_EQI_Land","Q5",1.0123,0.8505,1.1787,1.2257,"0.8950"
"G20_G30_G12.2_F01_F03","2000_2005","2006_2010",5,"Typology_Farming_EQI_Built","Q1",0.8959,0.757,1.0481,-10.4126,"0.1742"
"G20_G30_G12.2_F01_F03","2000_2005","2006_2010",5,"Typology_Farming_EQI_Built","Q2",0.9599,0.7979,1.1241,-4.0133,"0.6331"
"G20_G30_G12.2_F01_F03","2000_2005","2006_2010",5,"Typology_Farming_EQI_Built","Q3",0.981,0.8107,1.164,-1.9035,"0.8205"
"G20_G30_G12.2_F01_F03","2000_2005","2006_2010",5,"Typology_Farming_EQI_Built","Q4",0.933,0.7601,1.1175,-6.7029,"0.4686"
"G20_G30_G12.2_F01_F03","2000_2005","2006_2010",5,"Typology_Farming_EQI_Built","Q5",0.8534,0.6382,1.0796,-14.6572,"0.1877"
"G20_G30_G12.2_F01_F03","2000_2005","2006_2010",5,"Typology_Farming_EQI_Social","Q1",0.8959,0.757,1.0481,-10.4126,"0.1742"
"G20_G30_G12.2_F01_F03","2000_2005","2006_2010",5,"Typology_Farming_EQI_Social","Q2",0.9296,0.7795,1.0894,-7.0383,"0.3747"
"G20_G30_G12.2_F01_F03","2000_2005","2006_2010",5,"Typology_Farming_EQI_Social","Q3",0.9609,0.7985,1.1336,-3.9124,"0.6366"
"G20_G30_G12.2_F01_F03","2000_2005","2006_2010",5,"Typology_Farming_EQI_Social","Q4",0.9674,0.803,1.1364,-3.2619,"0.6896"
"G20_G30_G12.2_F01_F03","2000_2005","2006_2010",5,"Typology_Farming_EQI_Social","Q5",1.083,0.8832,1.293,8.3011,"0.4361"
"G20_G30_G12.2_F01_F03","2000_2005","2011_2015",10,"Typology_Farming_EQI","Q1",1.1805,1.0639,1.3064,18.0503,"0.0022"
"G20_G30_G12.2_F01_F03","2000_2005","2011_2015",10,"Typology_Farming_EQI","Q2",1.3787,1.2391,1.5277,37.8745,"0.0002"
"G20_G30_G12.2_F01_F03","2000_2005","2011_2015",10,"Typology_Farming_EQI","Q3",1.4336,1.2713,1.6025,43.3647,"0.0002"
"G20_G30_G12.2_F01_F03","2000_2005","2011_2015",10,"Typology_Farming_EQI","Q4",1.3865,1.1983,1.5787,38.6464,"0.0002"
"G20_G30_G12.2_F01_F03","2000_2005","2011_2015",10,"Typology_Farming_EQI","Q5",1.2522,1.0221,1.4861,25.2238,"0.0312"
"G20_G30_G12.2_F01_F03","2000_2005","2011_2015",10,"Typology_Farming_EQI_Air","Q1",1.0799,0.9183,1.2503,7.9949,"0.3427"
"G20_G30_G12.2_F01_F03","2000_2005","2011_2015",10,"Typology_Farming_EQI_Air","Q2",1.1999,1.0209,1.3861,19.9869,"0.0277"
"G20_G30_G12.2_F01_F03","2000_2005","2011_2015",10,"Typology_Farming_EQI_Air","Q3",1.2662,1.0597,1.4855,26.6204,"0.0137"
"G20_G30_G12.2_F01_F03","2000_2005","2011_2015",10,"Typology_Farming_EQI_Air","Q4",1.1775,0.9475,1.4142,17.7539,"0.1352"
"G20_G30_G12.2_F01_F03","2000_2005","2011_2015",10,"Typology_Farming_EQI_Air","Q5",1.0792,0.8119,1.3548,7.925,"0.5716"
"G20_G30_G12.2_F01_F03","2000_2005","2011_2015",10,"Typology_Farming_EQI_Water","Q1",1.0799,0.9183,1.2503,7.9949,"0.3427"
"G20_G30_G12.2_F01_F03","2000_2005","2011_2015",10,"Typology_Farming_EQI_Water","Q2",1.034,0.8662,1.2061,3.4036,"0.6906"
"G20_G30_G12.2_F01_F03","2000_2005","2011_2015",10,"Typology_Farming_EQI_Water","Q3",1.1577,0.9666,1.3547,15.7679,"0.1082"
"G20_G30_G12.2_F01_F03","2000_2005","2011_2015",10,"Typology_Farming_EQI_Water","Q4",1.2232,1.0354,1.422,22.3181,"0.0162"
"G20_G30_G12.2_F01_F03","2000_2005","2011_2015",10,"Typology_Farming_EQI_Water","Q5",1.153,0.9565,1.3619,15.2954,"0.1307"
"G20_G30_G12.2_F01_F03","2000_2005","2011_2015",10,"Typology_Farming_EQI_Land","Q1",1.0799,0.9183,1.2503,7.9949,"0.3427"
"G20_G30_G12.2_F01_F03","2000_2005","2011_2015",10,"Typology_Farming_EQI_Land","Q2",1.0482,0.8583,1.2467,4.8161,"0.6406"
"G20_G30_G12.2_F01_F03","2000_2005","2011_2015",10,"Typology_Farming_EQI_Land","Q3",1.0416,0.8789,1.2178,4.1643,"0.6476"
"G20_G30_G12.2_F01_F03","2000_2005","2011_2015",10,"Typology_Farming_EQI_Land","Q4",1.121,0.953,1.2998,12.1046,"0.1547"
"G20_G30_G12.2_F01_F03","2000_2005","2011_2015",10,"Typology_Farming_EQI_Land","Q5",1.2531,1.0674,1.4416,25.3063,"0.0037"
"G20_G30_G12.2_F01_F03","2000_2005","2011_2015",10,"Typology_Farming_EQI_Built","Q1",1.0799,0.9183,1.2503,7.9949,"0.3427"
"G20_G30_G12.2_F01_F03","2000_2005","2011_2015",10,"Typology_Farming_EQI_Built","Q2",1.1622,0.9796,1.3578,16.2248,"0.0857"
"G20_G30_G12.2_F01_F03","2000_2005","2011_2015",10,"Typology_Farming_EQI_Built","Q3",1.1894,0.9935,1.3983,18.9354,"0.0582"
"G20_G30_G12.2_F01_F03","2000_2005","2011_2015",10,"Typology_Farming_EQI_Built","Q4",1.1067,0.9056,1.3183,10.6663,"0.3097"
"G20_G30_G12.2_F01_F03","2000_2005","2011_2015",10,"Typology_Farming_EQI_Built","Q5",1.0308,0.8084,1.2643,3.0756,"0.8045"
"G20_G30_G12.2_F01_F03","2000_2005","2011_2015",10,"Typology_Farming_EQI_Social","Q1",1.0799,0.9183,1.2503,7.9949,"0.3427"
"G20_G30_G12.2_F01_F03","2000_2005","2011_2015",10,"Typology_Farming_EQI_Social","Q2",1.0283,0.8602,1.2078,2.8349,"0.7516"
"G20_G30_G12.2_F01_F03","2000_2005","2011_2015",10,"Typology_Farming_EQI_Social","Q3",1.1196,0.9379,1.3054,11.9616,"0.1922"
"G20_G30_G12.2_F01_F03","2000_2005","2011_2015",10,"Typology_Farming_EQI_Social","Q4",1.2467,1.0578,1.4521,24.6723,"0.0117"
"G20_G30_G12.2_F01_F03","2000_2005","2011_2015",10,"Typology_Farming_EQI_Social","Q5",1.2684,1.0459,1.503,26.839,"0.0172"
"G20_G30_G12.2_F01_F03","2000_2005","2016_2020",15,"Typology_Farming_EQI","Q1",1.2399,1.1243,1.3635,23.9942,"0.0002"
"G20_G30_G12.2_F01_F03","2000_2005","2016_2020",15,"Typology_Farming_EQI","Q2",1.431,1.2867,1.5847,43.103,"0.0002"
"G20_G30_G12.2_F01_F03","2000_2005","2016_2020",15,"Typology_Farming_EQI","Q3",1.4867,1.3251,1.6653,48.6684,"0.0002"
"G20_G30_G12.2_F01_F03","2000_2005","2016_2020",15,"Typology_Farming_EQI","Q4",1.4428,1.2533,1.6399,44.2835,"0.0002"
"G20_G30_G12.2_F01_F03","2000_2005","2016_2020",15,"Typology_Farming_EQI","Q5",1.2811,1.0572,1.5146,28.1105,"0.0172"
"G20_G30_G12.2_F01_F03","2000_2005","2016_2020",15,"Typology_Farming_EQI_Air","Q1",1.1215,0.9647,1.2977,12.1453,"0.1437"
"G20_G30_G12.2_F01_F03","2000_2005","2016_2020",15,"Typology_Farming_EQI_Air","Q2",1.2561,1.0803,1.4463,25.6089,"0.0032"
"G20_G30_G12.2_F01_F03","2000_2005","2016_2020",15,"Typology_Farming_EQI_Air","Q3",1.3315,1.1141,1.5505,33.1536,"0.0017"
"G20_G30_G12.2_F01_F03","2000_2005","2016_2020",15,"Typology_Farming_EQI_Air","Q4",1.1733,0.9414,1.4181,17.3275,"0.1397"
"G20_G30_G12.2_F01_F03","2000_2005","2016_2020",15,"Typology_Farming_EQI_Air","Q5",1.1216,0.8529,1.3971,12.164,"0.3712"
"G20_G30_G12.2_F01_F03","2000_2005","2016_2020",15,"Typology_Farming_EQI_Water","Q1",1.1215,0.9647,1.2977,12.1453,"0.1437"
"G20_G30_G12.2_F01_F03","2000_2005","2016_2020",15,"Typology_Farming_EQI_Water","Q2",1.104,0.9309,1.279,10.4013,"0.2212"
"G20_G30_G12.2_F01_F03","2000_2005","2016_2020",15,"Typology_Farming_EQI_Water","Q3",1.1661,0.9784,1.3598,16.6052,"0.0852"
"G20_G30_G12.2_F01_F03","2000_2005","2016_2020",15,"Typology_Farming_EQI_Water","Q4",1.1922,1.0152,1.3751,19.2232,"0.0287"
"G20_G30_G12.2_F01_F03","2000_2005","2016_2020",15,"Typology_Farming_EQI_Water","Q5",1.2127,1.0135,1.4223,21.2689,"0.0372"
"G20_G30_G12.2_F01_F03","2000_2005","2016_2020",15,"Typology_Farming_EQI_Land","Q1",1.1215,0.9647,1.2977,12.1453,"0.1437"
"G20_G30_G12.2_F01_F03","2000_2005","2016_2020",15,"Typology_Farming_EQI_Land","Q2",1.1658,0.9687,1.3696,16.5841,"0.1047"
"G20_G30_G12.2_F01_F03","2000_2005","2016_2020",15,"Typology_Farming_EQI_Land","Q3",1.0927,0.9163,1.2754,9.2705,"0.3047"
"G20_G30_G12.2_F01_F03","2000_2005","2016_2020",15,"Typology_Farming_EQI_Land","Q4",1.1488,0.9802,1.3314,14.8773,"0.0782"
"G20_G30_G12.2_F01_F03","2000_2005","2016_2020",15,"Typology_Farming_EQI_Land","Q5",1.2554,1.0764,1.4527,25.5401,"0.0087"
"G20_G30_G12.2_F01_F03","2000_2005","2016_2020",15,"Typology_Farming_EQI_Built","Q1",1.1215,0.9647,1.2977,12.1453,"0.1437"
"G20_G30_G12.2_F01_F03","2000_2005","2016_2020",15,"Typology_Farming_EQI_Built","Q2",1.2445,1.0648,1.4368,24.4496,"0.0072"
"G20_G30_G12.2_F01_F03","2000_2005","2016_2020",15,"Typology_Farming_EQI_Built","Q3",1.2651,1.0721,1.4701,26.51,"0.0057"
"G20_G30_G12.2_F01_F03","2000_2005","2016_2020",15,"Typology_Farming_EQI_Built","Q4",1.1187,0.9131,1.3336,11.8705,"0.2462"
"G20_G30_G12.2_F01_F03","2000_2005","2016_2020",15,"Typology_Farming_EQI_Built","Q5",1.096,0.8632,1.3344,9.599,"0.4231"
"G20_G30_G12.2_F01_F03","2000_2005","2016_2020",15,"Typology_Farming_EQI_Social","Q1",1.1215,0.9647,1.2977,12.1453,"0.1437"
"G20_G30_G12.2_F01_F03","2000_2005","2016_2020",15,"Typology_Farming_EQI_Social","Q2",1.0834,0.9123,1.2627,8.3441,"0.3497"
"G20_G30_G12.2_F01_F03","2000_2005","2016_2020",15,"Typology_Farming_EQI_Social","Q3",1.1892,1.0095,1.3874,18.919,"0.0362"
"G20_G30_G12.2_F01_F03","2000_2005","2016_2020",15,"Typology_Farming_EQI_Social","Q4",1.304,1.1154,1.5079,30.3974,"0.0022"
"G20_G30_G12.2_F01_F03","2000_2005","2016_2020",15,"Typology_Farming_EQI_Social","Q5",1.3013,1.0873,1.5302,30.1267,"0.0072"
"G20_G30_G12.2_F01_F03","2006_2010","2011_2015",5,"Typology_Farming_EQI","Q1",1,1,1,0,NA
"G20_G30_G12.2_F01_F03","2006_2010","2011_2015",5,"Typology_Farming_EQI","Q2",1.0564,0.9619,1.1512,5.6431,"0.2612"
"G20_G30_G12.2_F01_F03","2006_2010","2011_2015",5,"Typology_Farming_EQI","Q3",1.0437,0.9326,1.1596,4.3671,"0.4536"
"G20_G30_G12.2_F01_F03","2006_2010","2011_2015",5,"Typology_Farming_EQI","Q4",1.0674,0.9473,1.1893,6.735,"0.2807"
"G20_G30_G12.2_F01_F03","2006_2010","2011_2015",5,"Typology_Farming_EQI","Q5",1.0372,0.9107,1.1696,3.7212,"0.5611"
"G20_G30_G12.2_F01_F03","2006_2010","2011_2015",5,"Typology_Farming_EQI_Air","Q1",0.9016,0.7411,1.0675,-9.8425,"0.2332"
"G20_G30_G12.2_F01_F03","2006_2010","2011_2015",5,"Typology_Farming_EQI_Air","Q2",0.9328,0.7683,1.1087,-6.7216,"0.4261"
"G20_G30_G12.2_F01_F03","2006_2010","2011_2015",5,"Typology_Farming_EQI_Air","Q3",0.9972,0.8188,1.1821,-0.2844,"0.9730"
"G20_G30_G12.2_F01_F03","2006_2010","2011_2015",5,"Typology_Farming_EQI_Air","Q4",0.9561,0.7778,1.1481,-4.3852,"0.6356"
"G20_G30_G12.2_F01_F03","2006_2010","2011_2015",5,"Typology_Farming_EQI_Air","Q5",0.943,0.7464,1.1396,-5.701,"0.5586"
"G20_G30_G12.2_F01_F03","2006_2010","2011_2015",5,"Typology_Farming_EQI_Water","Q1",0.9016,0.7411,1.0675,-9.8425,"0.2332"
"G20_G30_G12.2_F01_F03","2006_2010","2011_2015",5,"Typology_Farming_EQI_Water","Q2",0.8014,0.6434,0.9661,-19.8602,"0.0187"
"G20_G30_G12.2_F01_F03","2006_2010","2011_2015",5,"Typology_Farming_EQI_Water","Q3",0.9018,0.7381,1.0745,-9.8168,"0.2612"
"G20_G30_G12.2_F01_F03","2006_2010","2011_2015",5,"Typology_Farming_EQI_Water","Q4",0.9709,0.8037,1.1461,-2.9103,"0.7311"
"G20_G30_G12.2_F01_F03","2006_2010","2011_2015",5,"Typology_Farming_EQI_Water","Q5",0.9904,0.8132,1.1704,-0.9581,"0.9140"
"G20_G30_G12.2_F01_F03","2006_2010","2011_2015",5,"Typology_Farming_EQI_Land","Q1",0.9016,0.7411,1.0675,-9.8425,"0.2332"
"G20_G30_G12.2_F01_F03","2006_2010","2011_2015",5,"Typology_Farming_EQI_Land","Q2",0.9403,0.7709,1.1154,-5.9695,"0.4961"
"G20_G30_G12.2_F01_F03","2006_2010","2011_2015",5,"Typology_Farming_EQI_Land","Q3",0.9701,0.7998,1.1436,-2.9928,"0.7231"
"G20_G30_G12.2_F01_F03","2006_2010","2011_2015",5,"Typology_Farming_EQI_Land","Q4",1.0617,0.9031,1.2348,6.1708,"0.4711"
"G20_G30_G12.2_F01_F03","2006_2010","2011_2015",5,"Typology_Farming_EQI_Land","Q5",1.1215,0.9611,1.2868,12.1459,"0.1332"
"G20_G30_G12.2_F01_F03","2006_2010","2011_2015",5,"Typology_Farming_EQI_Built","Q1",0.9016,0.7411,1.0675,-9.8425,"0.2332"
"G20_G30_G12.2_F01_F03","2006_2010","2011_2015",5,"Typology_Farming_EQI_Built","Q2",0.9281,0.7597,1.1044,-7.1884,"0.4076"
"G20_G30_G12.2_F01_F03","2006_2010","2011_2015",5,"Typology_Farming_EQI_Built","Q3",0.9236,0.7446,1.1083,-7.6434,"0.4131"
"G20_G30_G12.2_F01_F03","2006_2010","2011_2015",5,"Typology_Farming_EQI_Built","Q4",0.9186,0.7346,1.1086,-8.1355,"0.3882"
"G20_G30_G12.2_F01_F03","2006_2010","2011_2015",5,"Typology_Farming_EQI_Built","Q5",0.8022,0.6361,0.9805,-19.7802,"0.0282"
"G20_G30_G12.2_F01_F03","2006_2010","2011_2015",5,"Typology_Farming_EQI_Social","Q1",0.9016,0.7411,1.0675,-9.8425,"0.2332"
"G20_G30_G12.2_F01_F03","2006_2010","2011_2015",5,"Typology_Farming_EQI_Social","Q2",0.9743,0.7874,1.1648,-2.5673,"0.7941"
"G20_G30_G12.2_F01_F03","2006_2010","2011_2015",5,"Typology_Farming_EQI_Social","Q3",0.9105,0.7518,1.0751,-8.9467,"0.2877"
"G20_G30_G12.2_F01_F03","2006_2010","2011_2015",5,"Typology_Farming_EQI_Social","Q4",0.9317,0.7887,1.0862,-6.828,"0.3727"
"G20_G30_G12.2_F01_F03","2006_2010","2011_2015",5,"Typology_Farming_EQI_Social","Q5",0.8249,0.691,0.9699,-17.5067,"0.0162"
"G20_G30_G12.2_F01_F03","2006_2010","2016_2020",10,"Typology_Farming_EQI","Q1",1.0548,0.961,1.1579,5.479,"0.2657"
"G20_G30_G12.2_F01_F03","2006_2010","2016_2020",10,"Typology_Farming_EQI","Q2",1.073,0.9615,1.1934,7.2999,"0.2237"
"G20_G30_G12.2_F01_F03","2006_2010","2016_2020",10,"Typology_Farming_EQI","Q3",1.1099,0.9748,1.2547,10.9911,"0.1047"
"G20_G30_G12.2_F01_F03","2006_2010","2016_2020",10,"Typology_Farming_EQI","Q4",1.1412,1.0057,1.2838,14.1229,"0.0427"
"G20_G30_G12.2_F01_F03","2006_2010","2016_2020",10,"Typology_Farming_EQI","Q5",1.0806,0.9385,1.2368,8.062,"0.2947"
"G20_G30_G12.2_F01_F03","2006_2010","2016_2020",10,"Typology_Farming_EQI_Air","Q1",0.9627,0.795,1.1294,-3.734,"0.6546"
"G20_G30_G12.2_F01_F03","2006_2010","2016_2020",10,"Typology_Farming_EQI_Air","Q2",0.9972,0.8269,1.1734,-0.2759,"0.9605"
"G20_G30_G12.2_F01_F03","2006_2010","2016_2020",10,"Typology_Farming_EQI_Air","Q3",1.0104,0.83,1.1959,1.0443,"0.9280"
"G20_G30_G12.2_F01_F03","2006_2010","2016_2020",10,"Typology_Farming_EQI_Air","Q4",1.0679,0.8739,1.2571,6.7905,"0.4956"
"G20_G30_G12.2_F01_F03","2006_2010","2016_2020",10,"Typology_Farming_EQI_Air","Q5",0.9731,0.7766,1.1756,-2.6904,"0.7826"
"G20_G30_G12.2_F01_F03","2006_2010","2016_2020",10,"Typology_Farming_EQI_Water","Q1",0.9627,0.795,1.1294,-3.734,"0.6546"
"G20_G30_G12.2_F01_F03","2006_2010","2016_2020",10,"Typology_Farming_EQI_Water","Q2",0.8938,0.7305,1.0555,-10.6195,"0.2187"
"G20_G30_G12.2_F01_F03","2006_2010","2016_2020",10,"Typology_Farming_EQI_Water","Q3",0.961,0.7926,1.1345,-3.8962,"0.6511"
"G20_G30_G12.2_F01_F03","2006_2010","2016_2020",10,"Typology_Farming_EQI_Water","Q4",0.9775,0.8102,1.155,-2.2517,"0.7821"
"G20_G30_G12.2_F01_F03","2006_2010","2016_2020",10,"Typology_Farming_EQI_Water","Q5",1.0685,0.8903,1.2515,6.8489,"0.4606"
"G20_G30_G12.2_F01_F03","2006_2010","2016_2020",10,"Typology_Farming_EQI_Land","Q1",0.9627,0.795,1.1294,-3.734,"0.6546"
"G20_G30_G12.2_F01_F03","2006_2010","2016_2020",10,"Typology_Farming_EQI_Land","Q2",1.0182,0.8395,1.203,1.824,"0.8685"
"G20_G30_G12.2_F01_F03","2006_2010","2016_2020",10,"Typology_Farming_EQI_Land","Q3",0.9886,0.8189,1.1621,-1.144,"0.8930"
"G20_G30_G12.2_F01_F03","2006_2010","2016_2020",10,"Typology_Farming_EQI_Land","Q4",1.1093,0.9356,1.2854,10.9288,"0.2207"
"G20_G30_G12.2_F01_F03","2006_2010","2016_2020",10,"Typology_Farming_EQI_Land","Q5",1.1929,1.0224,1.3642,19.294,"0.0237"
"G20_G30_G12.2_F01_F03","2006_2010","2016_2020",10,"Typology_Farming_EQI_Built","Q1",0.9627,0.795,1.1294,-3.734,"0.6546"
"G20_G30_G12.2_F01_F03","2006_2010","2016_2020",10,"Typology_Farming_EQI_Built","Q2",0.9703,0.7951,1.1527,-2.9695,"0.7366"
"G20_G30_G12.2_F01_F03","2006_2010","2016_2020",10,"Typology_Farming_EQI_Built","Q3",1.0018,0.8128,1.1886,0.1811,"0.9865"
"G20_G30_G12.2_F01_F03","2006_2010","2016_2020",10,"Typology_Farming_EQI_Built","Q4",0.9609,0.7719,1.1465,-3.9057,"0.6861"
"G20_G30_G12.2_F01_F03","2006_2010","2016_2020",10,"Typology_Farming_EQI_Built","Q5",0.8848,0.7099,1.0603,-11.5223,"0.2102"
"G20_G30_G12.2_F01_F03","2006_2010","2016_2020",10,"Typology_Farming_EQI_Social","Q1",0.9627,0.795,1.1294,-3.734,"0.6546"
"G20_G30_G12.2_F01_F03","2006_2010","2016_2020",10,"Typology_Farming_EQI_Social","Q2",1.0225,0.8277,1.2208,2.2461,"0.8265"
"G20_G30_G12.2_F01_F03","2006_2010","2016_2020",10,"Typology_Farming_EQI_Social","Q3",1.0497,0.8803,1.2139,4.9712,"0.5576"
"G20_G30_G12.2_F01_F03","2006_2010","2016_2020",10,"Typology_Farming_EQI_Social","Q4",1.0012,0.8498,1.1604,0.1193,"0.9990"
"G20_G30_G12.2_F01_F03","2006_2010","2016_2020",10,"Typology_Farming_EQI_Social","Q5",0.8153,0.6796,0.9565,-18.472,"0.0122"
"G20_G30_G12.2_F01_F03","2000_2005","2006_2010",5,"Typology_Mining_EQI","Q1",1,1,1,0,NA
"G20_G30_G12.2_F01_F03","2000_2005","2006_2010",5,"Typology_Mining_EQI","Q2",1.0696,0.956,1.1869,6.9591,"0.2477"
"G20_G30_G12.2_F01_F03","2000_2005","2006_2010",5,"Typology_Mining_EQI","Q3",1.0894,0.9644,1.2169,8.9425,"0.1557"
"G20_G30_G12.2_F01_F03","2000_2005","2006_2010",5,"Typology_Mining_EQI","Q4",1.1343,0.999,1.2812,13.4348,"0.0522"
"G20_G30_G12.2_F01_F03","2000_2005","2006_2010",5,"Typology_Mining_EQI","Q5",0.9932,0.8374,1.1507,-0.6804,"0.9265"
"G20_G30_G12.2_F01_F03","2000_2005","2006_2010",5,"Typology_Mining_EQI_Air","Q1",0.924,0.7645,1.0874,-7.5971,"0.3512"
"G20_G30_G12.2_F01_F03","2000_2005","2006_2010",5,"Typology_Mining_EQI_Air","Q2",0.9608,0.7782,1.1434,-3.9197,"0.6701"
"G20_G30_G12.2_F01_F03","2000_2005","2006_2010",5,"Typology_Mining_EQI_Air","Q3",0.8613,0.702,1.0304,-13.8667,"0.1057"
"G20_G30_G12.2_F01_F03","2000_2005","2006_2010",5,"Typology_Mining_EQI_Air","Q4",1.0236,0.8443,1.2104,2.3598,"0.8015"
"G20_G30_G12.2_F01_F03","2000_2005","2006_2010",5,"Typology_Mining_EQI_Air","Q5",0.9787,0.76,1.2075,-2.1253,"0.8315"
"G20_G30_G12.2_F01_F03","2000_2005","2006_2010",5,"Typology_Mining_EQI_Water","Q1",0.924,0.7645,1.0874,-7.5971,"0.3512"
"G20_G30_G12.2_F01_F03","2000_2005","2006_2010",5,"Typology_Mining_EQI_Water","Q2",0.9411,0.7787,1.1148,-5.8904,"0.4871"
"G20_G30_G12.2_F01_F03","2000_2005","2006_2010",5,"Typology_Mining_EQI_Water","Q3",0.901,0.7117,1.0956,-9.9028,"0.2987"
"G20_G30_G12.2_F01_F03","2000_2005","2006_2010",5,"Typology_Mining_EQI_Water","Q4",1.0367,0.8573,1.2282,3.6682,"0.7181"
"G20_G30_G12.2_F01_F03","2000_2005","2006_2010",5,"Typology_Mining_EQI_Water","Q5",0.9838,0.8184,1.1533,-1.6216,"0.8335"
"G20_G30_G12.2_F01_F03","2000_2005","2006_2010",5,"Typology_Mining_EQI_Land","Q1",0.924,0.7645,1.0874,-7.5971,"0.3512"
"G20_G30_G12.2_F01_F03","2000_2005","2006_2010",5,"Typology_Mining_EQI_Land","Q2",1.0295,0.8627,1.2125,2.9531,"0.7581"
"G20_G30_G12.2_F01_F03","2000_2005","2006_2010",5,"Typology_Mining_EQI_Land","Q3",0.9824,0.8014,1.1767,-1.7614,"0.8295"
"G20_G30_G12.2_F01_F03","2000_2005","2006_2010",5,"Typology_Mining_EQI_Land","Q4",0.9315,0.7481,1.1184,-6.8519,"0.4586"
"G20_G30_G12.2_F01_F03","2000_2005","2006_2010",5,"Typology_Mining_EQI_Land","Q5",0.9596,0.7529,1.1777,-4.0374,"0.6986"
"G20_G30_G12.2_F01_F03","2000_2005","2006_2010",5,"Typology_Mining_EQI_Built","Q1",0.924,0.7645,1.0874,-7.5971,"0.3512"
"G20_G30_G12.2_F01_F03","2000_2005","2006_2010",5,"Typology_Mining_EQI_Built","Q2",0.9219,0.7517,1.099,-7.8104,"0.3962"
"G20_G30_G12.2_F01_F03","2000_2005","2006_2010",5,"Typology_Mining_EQI_Built","Q3",0.9403,0.7564,1.1248,-5.9734,"0.5226"
"G20_G30_G12.2_F01_F03","2000_2005","2006_2010",5,"Typology_Mining_EQI_Built","Q4",1.0252,0.8371,1.2126,2.5203,"0.7956"
"G20_G30_G12.2_F01_F03","2000_2005","2006_2010",5,"Typology_Mining_EQI_Built","Q5",0.9963,0.8008,1.1994,-0.3745,"0.9690"
"G20_G30_G12.2_F01_F03","2000_2005","2006_2010",5,"Typology_Mining_EQI_Social","Q1",0.924,0.7645,1.0874,-7.5971,"0.3512"
"G20_G30_G12.2_F01_F03","2000_2005","2006_2010",5,"Typology_Mining_EQI_Social","Q2",0.9894,0.8083,1.1824,-1.0592,"0.8975"
"G20_G30_G12.2_F01_F03","2000_2005","2006_2010",5,"Typology_Mining_EQI_Social","Q3",0.8937,0.7182,1.0777,-10.6349,"0.2497"
"G20_G30_G12.2_F01_F03","2000_2005","2006_2010",5,"Typology_Mining_EQI_Social","Q4",0.9677,0.7636,1.1747,-3.225,"0.7571"
"G20_G30_G12.2_F01_F03","2000_2005","2006_2010",5,"Typology_Mining_EQI_Social","Q5",0.9342,0.7126,1.167,-6.5758,"0.5416"
"G20_G30_G12.2_F01_F03","2000_2005","2011_2015",10,"Typology_Mining_EQI","Q1",1.1432,1.0057,1.2898,14.323,"0.0417"
"G20_G30_G12.2_F01_F03","2000_2005","2011_2015",10,"Typology_Mining_EQI","Q2",1.2427,1.0892,1.4057,24.2686,"0.0017"
"G20_G30_G12.2_F01_F03","2000_2005","2011_2015",10,"Typology_Mining_EQI","Q3",1.2809,1.115,1.4648,28.0934,"0.0002"
"G20_G30_G12.2_F01_F03","2000_2005","2011_2015",10,"Typology_Mining_EQI","Q4",1.2599,1.0709,1.4561,25.9935,"0.0047"
"G20_G30_G12.2_F01_F03","2000_2005","2011_2015",10,"Typology_Mining_EQI","Q5",1.1769,0.9711,1.3984,17.6926,"0.1022"
"G20_G30_G12.2_F01_F03","2000_2005","2011_2015",10,"Typology_Mining_EQI_Air","Q1",1.0368,0.8775,1.2037,3.6821,"0.6681"
"G20_G30_G12.2_F01_F03","2000_2005","2011_2015",10,"Typology_Mining_EQI_Air","Q2",1.0563,0.879,1.2458,5.6273,"0.5696"
"G20_G30_G12.2_F01_F03","2000_2005","2011_2015",10,"Typology_Mining_EQI_Air","Q3",1.1061,0.9331,1.289,10.6082,"0.2382"
"G20_G30_G12.2_F01_F03","2000_2005","2011_2015",10,"Typology_Mining_EQI_Air","Q4",1.1405,0.9496,1.3418,14.0451,"0.1592"
"G20_G30_G12.2_F01_F03","2000_2005","2011_2015",10,"Typology_Mining_EQI_Air","Q5",1.0963,0.8751,1.3288,9.6273,"0.3992"
"G20_G30_G12.2_F01_F03","2000_2005","2011_2015",10,"Typology_Mining_EQI_Water","Q1",1.0368,0.8775,1.2037,3.6821,"0.6681"
"G20_G30_G12.2_F01_F03","2000_2005","2011_2015",10,"Typology_Mining_EQI_Water","Q2",1.0517,0.887,1.2336,5.1714,"0.5706"
"G20_G30_G12.2_F01_F03","2000_2005","2011_2015",10,"Typology_Mining_EQI_Water","Q3",1.093,0.8929,1.3107,9.2982,"0.3717"
"G20_G30_G12.2_F01_F03","2000_2005","2011_2015",10,"Typology_Mining_EQI_Water","Q4",1.1195,0.9307,1.3214,11.946,"0.2162"
"G20_G30_G12.2_F01_F03","2000_2005","2011_2015",10,"Typology_Mining_EQI_Water","Q5",1.0617,0.8948,1.241,6.1687,"0.4926"
"G20_G30_G12.2_F01_F03","2000_2005","2011_2015",10,"Typology_Mining_EQI_Land","Q1",1.0368,0.8775,1.2037,3.6821,"0.6681"
"G20_G30_G12.2_F01_F03","2000_2005","2011_2015",10,"Typology_Mining_EQI_Land","Q2",1.1417,0.9606,1.3347,14.1719,"0.1247"
"G20_G30_G12.2_F01_F03","2000_2005","2011_2015",10,"Typology_Mining_EQI_Land","Q3",1.1199,0.9285,1.3263,11.9921,"0.2262"
"G20_G30_G12.2_F01_F03","2000_2005","2011_2015",10,"Typology_Mining_EQI_Land","Q4",1.0134,0.8219,1.2159,1.3377,"0.9035"
"G20_G30_G12.2_F01_F03","2000_2005","2011_2015",10,"Typology_Mining_EQI_Land","Q5",1.0424,0.8325,1.261,4.2421,"0.7021"
"G20_G30_G12.2_F01_F03","2000_2005","2011_2015",10,"Typology_Mining_EQI_Built","Q1",1.0368,0.8775,1.2037,3.6821,"0.6681"
"G20_G30_G12.2_F01_F03","2000_2005","2011_2015",10,"Typology_Mining_EQI_Built","Q2",1.056,0.8765,1.2442,5.5964,"0.5771"
"G20_G30_G12.2_F01_F03","2000_2005","2011_2015",10,"Typology_Mining_EQI_Built","Q3",1.0923,0.9052,1.2886,9.2336,"0.3417"
"G20_G30_G12.2_F01_F03","2000_2005","2011_2015",10,"Typology_Mining_EQI_Built","Q4",1.1393,0.9463,1.344,13.929,"0.1662"
"G20_G30_G12.2_F01_F03","2000_2005","2011_2015",10,"Typology_Mining_EQI_Built","Q5",1.1455,0.943,1.3596,14.551,"0.1687"
"G20_G30_G12.2_F01_F03","2000_2005","2011_2015",10,"Typology_Mining_EQI_Social","Q1",1.0368,0.8775,1.2037,3.6821,"0.6681"
"G20_G30_G12.2_F01_F03","2000_2005","2011_2015",10,"Typology_Mining_EQI_Social","Q2",1.1029,0.9203,1.2957,10.2887,"0.2872"
"G20_G30_G12.2_F01_F03","2000_2005","2011_2015",10,"Typology_Mining_EQI_Social","Q3",1.0637,0.8828,1.2625,6.3661,"0.5186"
"G20_G30_G12.2_F01_F03","2000_2005","2011_2015",10,"Typology_Mining_EQI_Social","Q4",1.0744,0.865,1.303,7.4436,"0.5066"
"G20_G30_G12.2_F01_F03","2000_2005","2011_2015",10,"Typology_Mining_EQI_Social","Q5",1.0784,0.8557,1.3079,7.8387,"0.5041"
"G20_G30_G12.2_F01_F03","2000_2005","2016_2020",15,"Typology_Mining_EQI","Q1",1.1696,1.04,1.3131,16.958,"0.0087"
"G20_G30_G12.2_F01_F03","2000_2005","2016_2020",15,"Typology_Mining_EQI","Q2",1.2976,1.1453,1.4617,29.7591,"0.0002"
"G20_G30_G12.2_F01_F03","2000_2005","2016_2020",15,"Typology_Mining_EQI","Q3",1.2822,1.1263,1.4571,28.2242,"0.0007"
"G20_G30_G12.2_F01_F03","2000_2005","2016_2020",15,"Typology_Mining_EQI","Q4",1.3123,1.1313,1.4937,31.2257,"0.0002"
"G20_G30_G12.2_F01_F03","2000_2005","2016_2020",15,"Typology_Mining_EQI","Q5",1.2282,1.0363,1.4319,22.824,"0.0212"
"G20_G30_G12.2_F01_F03","2000_2005","2016_2020",15,"Typology_Mining_EQI_Air","Q1",1.041,0.8859,1.2045,4.0987,"0.6296"
"G20_G30_G12.2_F01_F03","2000_2005","2016_2020",15,"Typology_Mining_EQI_Air","Q2",1.1203,0.9423,1.3027,12.0276,"0.1802"
"G20_G30_G12.2_F01_F03","2000_2005","2016_2020",15,"Typology_Mining_EQI_Air","Q3",1.1566,0.9867,1.3333,15.6619,"0.0727"
"G20_G30_G12.2_F01_F03","2000_2005","2016_2020",15,"Typology_Mining_EQI_Air","Q4",1.1573,0.973,1.3546,15.7301,"0.0892"
"G20_G30_G12.2_F01_F03","2000_2005","2016_2020",15,"Typology_Mining_EQI_Air","Q5",1.1227,0.9092,1.3511,12.2657,"0.2667"
"G20_G30_G12.2_F01_F03","2000_2005","2016_2020",15,"Typology_Mining_EQI_Water","Q1",1.041,0.8859,1.2045,4.0987,"0.6296"
"G20_G30_G12.2_F01_F03","2000_2005","2016_2020",15,"Typology_Mining_EQI_Water","Q2",1.0877,0.9293,1.2601,8.7679,"0.2942"
"G20_G30_G12.2_F01_F03","2000_2005","2016_2020",15,"Typology_Mining_EQI_Water","Q3",1.1076,0.9179,1.3081,10.7642,"0.2927"
"G20_G30_G12.2_F01_F03","2000_2005","2016_2020",15,"Typology_Mining_EQI_Water","Q4",1.114,0.9319,1.3045,11.4016,"0.2422"
"G20_G30_G12.2_F01_F03","2000_2005","2016_2020",15,"Typology_Mining_EQI_Water","Q5",1.0865,0.9205,1.2668,8.649,"0.3062"
"G20_G30_G12.2_F01_F03","2000_2005","2016_2020",15,"Typology_Mining_EQI_Land","Q1",1.041,0.8859,1.2045,4.0987,"0.6296"
"G20_G30_G12.2_F01_F03","2000_2005","2016_2020",15,"Typology_Mining_EQI_Land","Q2",1.1283,0.9609,1.314,12.8312,"0.1562"
"G20_G30_G12.2_F01_F03","2000_2005","2016_2020",15,"Typology_Mining_EQI_Land","Q3",1.093,0.9129,1.2879,9.2982,"0.3382"
"G20_G30_G12.2_F01_F03","2000_2005","2016_2020",15,"Typology_Mining_EQI_Land","Q4",1.0377,0.86,1.2282,3.7655,"0.7151"
"G20_G30_G12.2_F01_F03","2000_2005","2016_2020",15,"Typology_Mining_EQI_Land","Q5",1.0254,0.8205,1.2466,2.54,"0.8210"
"G20_G30_G12.2_F01_F03","2000_2005","2016_2020",15,"Typology_Mining_EQI_Built","Q1",1.041,0.8859,1.2045,4.0987,"0.6296"
"G20_G30_G12.2_F01_F03","2000_2005","2016_2020",15,"Typology_Mining_EQI_Built","Q2",1.0629,0.8885,1.254,6.2875,"0.5031"
"G20_G30_G12.2_F01_F03","2000_2005","2016_2020",15,"Typology_Mining_EQI_Built","Q3",1.1088,0.9277,1.2999,10.8849,"0.2452"
"G20_G30_G12.2_F01_F03","2000_2005","2016_2020",15,"Typology_Mining_EQI_Built","Q4",1.1771,0.9939,1.3728,17.7132,"0.0607"
"G20_G30_G12.2_F01_F03","2000_2005","2016_2020",15,"Typology_Mining_EQI_Built","Q5",1.1529,0.9621,1.3489,15.2905,"0.1227"
"G20_G30_G12.2_F01_F03","2000_2005","2016_2020",15,"Typology_Mining_EQI_Social","Q1",1.041,0.8859,1.2045,4.0987,"0.6296"
"G20_G30_G12.2_F01_F03","2000_2005","2016_2020",15,"Typology_Mining_EQI_Social","Q2",1.0602,0.8821,1.2544,6.0211,"0.5221"
"G20_G30_G12.2_F01_F03","2000_2005","2016_2020",15,"Typology_Mining_EQI_Social","Q3",1.0634,0.8815,1.2493,6.3389,"0.5021"
"G20_G30_G12.2_F01_F03","2000_2005","2016_2020",15,"Typology_Mining_EQI_Social","Q4",1.0921,0.8902,1.3068,9.207,"0.3892"
"G20_G30_G12.2_F01_F03","2000_2005","2016_2020",15,"Typology_Mining_EQI_Social","Q5",1.0621,0.8485,1.2882,6.21,"0.5916"
"G20_G30_G12.2_F01_F03","2006_2010","2011_2015",5,"Typology_Mining_EQI","Q1",1,1,1,0,NA
"G20_G30_G12.2_F01_F03","2006_2010","2011_2015",5,"Typology_Mining_EQI","Q2",1.0524,0.9507,1.1599,5.2422,"0.3432"
"G20_G30_G12.2_F01_F03","2006_2010","2011_2015",5,"Typology_Mining_EQI","Q3",1.0547,0.9493,1.1626,5.4702,"0.3157"
"G20_G30_G12.2_F01_F03","2006_2010","2011_2015",5,"Typology_Mining_EQI","Q4",1.0283,0.9099,1.1473,2.8321,"0.6526"
"G20_G30_G12.2_F01_F03","2006_2010","2011_2015",5,"Typology_Mining_EQI","Q5",1.0052,0.8879,1.1263,0.5233,"0.9340"
"G20_G30_G12.2_F01_F03","2006_2010","2011_2015",5,"Typology_Mining_EQI_Air","Q1",0.9266,0.7823,1.084,-7.3402,"0.3392"
"G20_G30_G12.2_F01_F03","2006_2010","2011_2015",5,"Typology_Mining_EQI_Air","Q2",0.9325,0.7655,1.1049,-6.7494,"0.4406"
"G20_G30_G12.2_F01_F03","2006_2010","2011_2015",5,"Typology_Mining_EQI_Air","Q3",0.9297,0.7557,1.1169,-7.0292,"0.4381"
"G20_G30_G12.2_F01_F03","2006_2010","2011_2015",5,"Typology_Mining_EQI_Air","Q4",0.9748,0.8138,1.1489,-2.5211,"0.7741"
"G20_G30_G12.2_F01_F03","2006_2010","2011_2015",5,"Typology_Mining_EQI_Air","Q5",0.9623,0.7899,1.1451,-3.7689,"0.6681"
"G20_G30_G12.2_F01_F03","2006_2010","2011_2015",5,"Typology_Mining_EQI_Water","Q1",0.9266,0.7823,1.084,-7.3402,"0.3392"
"G20_G30_G12.2_F01_F03","2006_2010","2011_2015",5,"Typology_Mining_EQI_Water","Q2",0.9246,0.763,1.0948,-7.5407,"0.3557"
"G20_G30_G12.2_F01_F03","2006_2010","2011_2015",5,"Typology_Mining_EQI_Water","Q3",0.97,0.7892,1.1539,-3.0031,"0.7491"
"G20_G30_G12.2_F01_F03","2006_2010","2011_2015",5,"Typology_Mining_EQI_Water","Q4",0.9954,0.8298,1.1689,-0.4626,"0.9490"
"G20_G30_G12.2_F01_F03","2006_2010","2011_2015",5,"Typology_Mining_EQI_Water","Q5",0.9547,0.8042,1.118,-4.5282,"0.5636"
"G20_G30_G12.2_F01_F03","2006_2010","2011_2015",5,"Typology_Mining_EQI_Land","Q1",0.9266,0.7823,1.084,-7.3402,"0.3392"
"G20_G30_G12.2_F01_F03","2006_2010","2011_2015",5,"Typology_Mining_EQI_Land","Q2",1.0343,0.8634,1.217,3.4329,"0.7186"
"G20_G30_G12.2_F01_F03","2006_2010","2011_2015",5,"Typology_Mining_EQI_Land","Q3",1.0349,0.8551,1.2271,3.4938,"0.7171"
"G20_G30_G12.2_F01_F03","2006_2010","2011_2015",5,"Typology_Mining_EQI_Land","Q4",0.9696,0.787,1.1674,-3.0411,"0.7381"
"G20_G30_G12.2_F01_F03","2006_2010","2011_2015",5,"Typology_Mining_EQI_Land","Q5",0.9617,0.7646,1.1728,-3.827,"0.6916"
"G20_G30_G12.2_F01_F03","2006_2010","2011_2015",5,"Typology_Mining_EQI_Built","Q1",0.9266,0.7823,1.084,-7.3402,"0.3392"
"G20_G30_G12.2_F01_F03","2006_2010","2011_2015",5,"Typology_Mining_EQI_Built","Q2",0.9637,0.802,1.134,-3.6268,"0.6671"
"G20_G30_G12.2_F01_F03","2006_2010","2011_2015",5,"Typology_Mining_EQI_Built","Q3",0.931,0.7678,1.1088,-6.9034,"0.4216"
"G20_G30_G12.2_F01_F03","2006_2010","2011_2015",5,"Typology_Mining_EQI_Built","Q4",1.0058,0.8428,1.1797,0.5773,"0.9610"
"G20_G30_G12.2_F01_F03","2006_2010","2011_2015",5,"Typology_Mining_EQI_Built","Q5",0.9126,0.7502,1.0835,-8.7393,"0.3102"
"G20_G30_G12.2_F01_F03","2006_2010","2011_2015",5,"Typology_Mining_EQI_Social","Q1",0.9266,0.7823,1.084,-7.3402,"0.3392"
"G20_G30_G12.2_F01_F03","2006_2010","2011_2015",5,"Typology_Mining_EQI_Social","Q2",0.9973,0.816,1.1897,-0.2718,"0.9725"
"G20_G30_G12.2_F01_F03","2006_2010","2011_2015",5,"Typology_Mining_EQI_Social","Q3",0.9608,0.7975,1.1306,-3.9164,"0.6461"
"G20_G30_G12.2_F01_F03","2006_2010","2011_2015",5,"Typology_Mining_EQI_Social","Q4",0.9609,0.8029,1.1294,-3.9059,"0.6376"
"G20_G30_G12.2_F01_F03","2006_2010","2011_2015",5,"Typology_Mining_EQI_Social","Q5",0.8691,0.7276,1.0275,-13.0907,"0.0962"
"G20_G30_G12.2_F01_F03","2006_2010","2016_2020",10,"Typology_Mining_EQI","Q1",1.0338,0.9233,1.1528,3.3786,"0.5686"
"G20_G30_G12.2_F01_F03","2006_2010","2016_2020",10,"Typology_Mining_EQI","Q2",1.07,0.9412,1.2087,7.0028,"0.3067"
"G20_G30_G12.2_F01_F03","2006_2010","2016_2020",10,"Typology_Mining_EQI","Q3",1.0748,0.9426,1.2127,7.4834,"0.2772"
"G20_G30_G12.2_F01_F03","2006_2010","2016_2020",10,"Typology_Mining_EQI","Q4",1.0904,0.946,1.2524,9.0421,"0.2337"
"G20_G30_G12.2_F01_F03","2006_2010","2016_2020",10,"Typology_Mining_EQI","Q5",1.0277,0.893,1.1813,2.7662,"0.7276"
"G20_G30_G12.2_F01_F03","2006_2010","2016_2020",10,"Typology_Mining_EQI_Air","Q1",0.9731,0.8253,1.1299,-2.6899,"0.6991"
"G20_G30_G12.2_F01_F03","2006_2010","2016_2020",10,"Typology_Mining_EQI_Air","Q2",0.9282,0.7673,1.1016,-7.1832,"0.3902"
"G20_G30_G12.2_F01_F03","2006_2010","2016_2020",10,"Typology_Mining_EQI_Air","Q3",1.0186,0.8557,1.1926,1.8632,"0.8440"
"G20_G30_G12.2_F01_F03","2006_2010","2016_2020",10,"Typology_Mining_EQI_Air","Q4",1.0273,0.8588,1.1983,2.7293,"0.7591"
"G20_G30_G12.2_F01_F03","2006_2010","2016_2020",10,"Typology_Mining_EQI_Air","Q5",0.9949,0.8268,1.1726,-0.5082,"0.9475"
"G20_G30_G12.2_F01_F03","2006_2010","2016_2020",10,"Typology_Mining_EQI_Water","Q1",0.9731,0.8253,1.1299,-2.6899,"0.6991"
"G20_G30_G12.2_F01_F03","2006_2010","2016_2020",10,"Typology_Mining_EQI_Water","Q2",0.9591,0.8042,1.1275,-4.0852,"0.6031"
"G20_G30_G12.2_F01_F03","2006_2010","2016_2020",10,"Typology_Mining_EQI_Water","Q3",0.9965,0.8246,1.1804,-0.35,"0.9565"
"G20_G30_G12.2_F01_F03","2006_2010","2016_2020",10,"Typology_Mining_EQI_Water","Q4",1.0496,0.8845,1.2196,4.9566,"0.5746"
"G20_G30_G12.2_F01_F03","2006_2010","2016_2020",10,"Typology_Mining_EQI_Water","Q5",1.0011,0.8509,1.1582,0.1056,"0.9930"
"G20_G30_G12.2_F01_F03","2006_2010","2016_2020",10,"Typology_Mining_EQI_Land","Q1",0.9731,0.8253,1.1299,-2.6899,"0.6991"
"G20_G30_G12.2_F01_F03","2006_2010","2016_2020",10,"Typology_Mining_EQI_Land","Q2",1.0465,0.8797,1.2289,4.6518,"0.6091"
"G20_G30_G12.2_F01_F03","2006_2010","2016_2020",10,"Typology_Mining_EQI_Land","Q3",1.0942,0.9212,1.2759,9.419,"0.2902"
"G20_G30_G12.2_F01_F03","2006_2010","2016_2020",10,"Typology_Mining_EQI_Land","Q4",1.0211,0.8429,1.2137,2.1092,"0.8595"
"G20_G30_G12.2_F01_F03","2006_2010","2016_2020",10,"Typology_Mining_EQI_Land","Q5",1.0649,0.8717,1.2786,6.4882,"0.5401"
"G20_G30_G12.2_F01_F03","2006_2010","2016_2020",10,"Typology_Mining_EQI_Built","Q1",0.9731,0.8253,1.1299,-2.6899,"0.6991"
"G20_G30_G12.2_F01_F03","2006_2010","2016_2020",10,"Typology_Mining_EQI_Built","Q2",1.001,0.8421,1.1714,0.0985,"0.9920"
"G20_G30_G12.2_F01_F03","2006_2010","2016_2020",10,"Typology_Mining_EQI_Built","Q3",1.0087,0.8482,1.1788,0.8712,"0.9285"
"G20_G30_G12.2_F01_F03","2006_2010","2016_2020",10,"Typology_Mining_EQI_Built","Q4",1.0305,0.8716,1.1966,3.0451,"0.7261"
"G20_G30_G12.2_F01_F03","2006_2010","2016_2020",10,"Typology_Mining_EQI_Built","Q5",0.9462,0.7922,1.1077,-5.3781,"0.4916"
"G20_G30_G12.2_F01_F03","2006_2010","2016_2020",10,"Typology_Mining_EQI_Social","Q1",0.9731,0.8253,1.1299,-2.6899,"0.6991"
"G20_G30_G12.2_F01_F03","2006_2010","2016_2020",10,"Typology_Mining_EQI_Social","Q2",1.061,0.889,1.2486,6.0977,"0.5151"
"G20_G30_G12.2_F01_F03","2006_2010","2016_2020",10,"Typology_Mining_EQI_Social","Q3",0.9812,0.8298,1.1444,-1.8787,"0.8010"
"G20_G30_G12.2_F01_F03","2006_2010","2016_2020",10,"Typology_Mining_EQI_Social","Q4",1.0083,0.8609,1.1698,0.8326,"0.9385"
"G20_G30_G12.2_F01_F03","2006_2010","2016_2020",10,"Typology_Mining_EQI_Social","Q5",0.9122,0.7719,1.0612,-8.7763,"0.2282"
"G20_G30_G12.2_F01_F03","2000_2005","2006_2010",5,"Typology_Manufacturing_EQI","Q1",1,1,1,0,NA
"G20_G30_G12.2_F01_F03","2000_2005","2006_2010",5,"Typology_Manufacturing_EQI","Q2",1.0837,1.0146,1.1595,8.3744,"0.0162"
"G20_G30_G12.2_F01_F03","2000_2005","2006_2010",5,"Typology_Manufacturing_EQI","Q3",1.1492,1.0778,1.2267,14.918,"0.0002"
"G20_G30_G12.2_F01_F03","2000_2005","2006_2010",5,"Typology_Manufacturing_EQI","Q4",1.2169,1.144,1.2974,21.6929,"0.0002"
"G20_G30_G12.2_F01_F03","2000_2005","2006_2010",5,"Typology_Manufacturing_EQI","Q5",1.3568,1.2661,1.4526,35.6757,"0.0002"
"G20_G30_G12.2_F01_F03","2000_2005","2006_2010",5,"Typology_Manufacturing_EQI_Air","Q1",0.9131,0.7741,1.0603,-8.6908,"0.2352"
"G20_G30_G12.2_F01_F03","2000_2005","2006_2010",5,"Typology_Manufacturing_EQI_Air","Q2",0.8901,0.7574,1.0304,-10.9936,"0.1162"
"G20_G30_G12.2_F01_F03","2000_2005","2006_2010",5,"Typology_Manufacturing_EQI_Air","Q3",0.9688,0.8304,1.1071,-3.1239,"0.6641"
"G20_G30_G12.2_F01_F03","2000_2005","2006_2010",5,"Typology_Manufacturing_EQI_Air","Q4",1.0579,0.9139,1.2112,5.7941,"0.4421"
"G20_G30_G12.2_F01_F03","2000_2005","2006_2010",5,"Typology_Manufacturing_EQI_Air","Q5",1.0953,0.946,1.2533,9.5257,"0.2242"
"G20_G30_G12.2_F01_F03","2000_2005","2006_2010",5,"Typology_Manufacturing_EQI_Water","Q1",0.9131,0.7741,1.0603,-8.6908,"0.2352"
"G20_G30_G12.2_F01_F03","2000_2005","2006_2010",5,"Typology_Manufacturing_EQI_Water","Q2",0.9348,0.7915,1.0897,-6.5152,"0.3797"
"G20_G30_G12.2_F01_F03","2000_2005","2006_2010",5,"Typology_Manufacturing_EQI_Water","Q3",0.9197,0.7736,1.0654,-8.0341,"0.2752"
"G20_G30_G12.2_F01_F03","2000_2005","2006_2010",5,"Typology_Manufacturing_EQI_Water","Q4",0.9147,0.769,1.069,-8.5324,"0.2457"
"G20_G30_G12.2_F01_F03","2000_2005","2006_2010",5,"Typology_Manufacturing_EQI_Water","Q5",0.9461,0.7972,1.103,-5.3943,"0.4856"
"G20_G30_G12.2_F01_F03","2000_2005","2006_2010",5,"Typology_Manufacturing_EQI_Land","Q1",0.9131,0.7741,1.0603,-8.6908,"0.2352"
"G20_G30_G12.2_F01_F03","2000_2005","2006_2010",5,"Typology_Manufacturing_EQI_Land","Q2",0.9108,0.7637,1.0593,-8.923,"0.2307"
"G20_G30_G12.2_F01_F03","2000_2005","2006_2010",5,"Typology_Manufacturing_EQI_Land","Q3",0.9287,0.785,1.0799,-7.1275,"0.3427"
"G20_G30_G12.2_F01_F03","2000_2005","2006_2010",5,"Typology_Manufacturing_EQI_Land","Q4",0.95,0.7962,1.1056,-4.9976,"0.5126"
"G20_G30_G12.2_F01_F03","2000_2005","2006_2010",5,"Typology_Manufacturing_EQI_Land","Q5",0.9415,0.7896,1.1023,-5.8468,"0.4471"
"G20_G30_G12.2_F01_F03","2000_2005","2006_2010",5,"Typology_Manufacturing_EQI_Built","Q1",0.9131,0.7741,1.0603,-8.6908,"0.2352"
"G20_G30_G12.2_F01_F03","2000_2005","2006_2010",5,"Typology_Manufacturing_EQI_Built","Q2",0.9395,0.7917,1.0926,-6.0494,"0.4116"
"G20_G30_G12.2_F01_F03","2000_2005","2006_2010",5,"Typology_Manufacturing_EQI_Built","Q3",0.989,0.837,1.1448,-1.1038,"0.8850"
"G20_G30_G12.2_F01_F03","2000_2005","2006_2010",5,"Typology_Manufacturing_EQI_Built","Q4",0.999,0.8492,1.1554,-0.1046,"0.9690"
"G20_G30_G12.2_F01_F03","2000_2005","2006_2010",5,"Typology_Manufacturing_EQI_Built","Q5",1.0139,0.8591,1.176,1.3885,"0.8755"
"G20_G30_G12.2_F01_F03","2000_2005","2006_2010",5,"Typology_Manufacturing_EQI_Social","Q1",0.9131,0.7741,1.0603,-8.6908,"0.2352"
"G20_G30_G12.2_F01_F03","2000_2005","2006_2010",5,"Typology_Manufacturing_EQI_Social","Q2",0.973,0.8228,1.1257,-2.6962,"0.7176"
"G20_G30_G12.2_F01_F03","2000_2005","2006_2010",5,"Typology_Manufacturing_EQI_Social","Q3",1.0057,0.8554,1.1611,0.5656,"0.9655"
"G20_G30_G12.2_F01_F03","2000_2005","2006_2010",5,"Typology_Manufacturing_EQI_Social","Q4",1.0128,0.8579,1.1757,1.2751,"0.9020"
"G20_G30_G12.2_F01_F03","2000_2005","2006_2010",5,"Typology_Manufacturing_EQI_Social","Q5",1.1243,0.9587,1.3018,12.4288,"0.1417"
"G20_G30_G12.2_F01_F03","2000_2005","2011_2015",10,"Typology_Manufacturing_EQI","Q1",1.1962,1.0556,1.3485,19.6173,"0.0082"
"G20_G30_G12.2_F01_F03","2000_2005","2011_2015",10,"Typology_Manufacturing_EQI","Q2",1.2728,1.1235,1.429,27.2787,"0.0002"
"G20_G30_G12.2_F01_F03","2000_2005","2011_2015",10,"Typology_Manufacturing_EQI","Q3",1.3359,1.1877,1.4947,33.5859,"0.0002"
"G20_G30_G12.2_F01_F03","2000_2005","2011_2015",10,"Typology_Manufacturing_EQI","Q4",1.4123,1.2576,1.577,41.2292,"0.0002"
"G20_G30_G12.2_F01_F03","2000_2005","2011_2015",10,"Typology_Manufacturing_EQI","Q5",1.5661,1.3994,1.7525,56.6089,"0.0002"
"G20_G30_G12.2_F01_F03","2000_2005","2011_2015",10,"Typology_Manufacturing_EQI_Air","Q1",1.117,0.9592,1.2841,11.703,"0.1492"
"G20_G30_G12.2_F01_F03","2000_2005","2011_2015",10,"Typology_Manufacturing_EQI_Air","Q2",1.1199,0.9631,1.284,11.9885,"0.1352"
"G20_G30_G12.2_F01_F03","2000_2005","2011_2015",10,"Typology_Manufacturing_EQI_Air","Q3",1.2148,1.0556,1.3864,21.4791,"0.0077"
"G20_G30_G12.2_F01_F03","2000_2005","2011_2015",10,"Typology_Manufacturing_EQI_Air","Q4",1.2748,1.1124,1.4493,27.4844,"0.0012"
"G20_G30_G12.2_F01_F03","2000_2005","2011_2015",10,"Typology_Manufacturing_EQI_Air","Q5",1.3357,1.1693,1.5189,33.5699,"0.0002"
"G20_G30_G12.2_F01_F03","2000_2005","2011_2015",10,"Typology_Manufacturing_EQI_Water","Q1",1.117,0.9592,1.2841,11.703,"0.1492"
"G20_G30_G12.2_F01_F03","2000_2005","2011_2015",10,"Typology_Manufacturing_EQI_Water","Q2",1.1221,0.9616,1.2939,12.212,"0.1397"
"G20_G30_G12.2_F01_F03","2000_2005","2011_2015",10,"Typology_Manufacturing_EQI_Water","Q3",1.088,0.9348,1.2555,8.802,"0.2822"
"G20_G30_G12.2_F01_F03","2000_2005","2011_2015",10,"Typology_Manufacturing_EQI_Water","Q4",1.1076,0.9478,1.2775,10.7587,"0.1957"
"G20_G30_G12.2_F01_F03","2000_2005","2011_2015",10,"Typology_Manufacturing_EQI_Water","Q5",1.1786,1.0069,1.3534,17.8563,"0.0427"
"G20_G30_G12.2_F01_F03","2000_2005","2011_2015",10,"Typology_Manufacturing_EQI_Land","Q1",1.117,0.9592,1.2841,11.703,"0.1492"
"G20_G30_G12.2_F01_F03","2000_2005","2011_2015",10,"Typology_Manufacturing_EQI_Land","Q2",1.1323,0.9679,1.3057,13.2308,"0.1152"
"G20_G30_G12.2_F01_F03","2000_2005","2011_2015",10,"Typology_Manufacturing_EQI_Land","Q3",1.1268,0.9612,1.2975,12.6842,"0.1242"
"G20_G30_G12.2_F01_F03","2000_2005","2011_2015",10,"Typology_Manufacturing_EQI_Land","Q4",1.1363,0.9714,1.3154,13.6319,"0.1082"
"G20_G30_G12.2_F01_F03","2000_2005","2011_2015",10,"Typology_Manufacturing_EQI_Land","Q5",1.0657,0.9031,1.2447,6.5651,"0.4451"
"G20_G30_G12.2_F01_F03","2000_2005","2011_2015",10,"Typology_Manufacturing_EQI_Built","Q1",1.117,0.9592,1.2841,11.703,"0.1492"
"G20_G30_G12.2_F01_F03","2000_2005","2011_2015",10,"Typology_Manufacturing_EQI_Built","Q2",1.1414,0.9825,1.3165,14.1447,"0.0897"
"G20_G30_G12.2_F01_F03","2000_2005","2011_2015",10,"Typology_Manufacturing_EQI_Built","Q3",1.1637,1.0013,1.3381,16.3709,"0.0482"
"G20_G30_G12.2_F01_F03","2000_2005","2011_2015",10,"Typology_Manufacturing_EQI_Built","Q4",1.2043,1.0404,1.3808,20.4253,"0.0132"
"G20_G30_G12.2_F01_F03","2000_2005","2011_2015",10,"Typology_Manufacturing_EQI_Built","Q5",1.2253,1.0549,1.4077,22.5307,"0.0072"
"G20_G30_G12.2_F01_F03","2000_2005","2011_2015",10,"Typology_Manufacturing_EQI_Social","Q1",1.117,0.9592,1.2841,11.703,"0.1492"
"G20_G30_G12.2_F01_F03","2000_2005","2011_2015",10,"Typology_Manufacturing_EQI_Social","Q2",1.1641,1.0022,1.3364,16.4094,"0.0482"
"G20_G30_G12.2_F01_F03","2000_2005","2011_2015",10,"Typology_Manufacturing_EQI_Social","Q3",1.2069,1.034,1.3908,20.6855,"0.0157"
"G20_G30_G12.2_F01_F03","2000_2005","2011_2015",10,"Typology_Manufacturing_EQI_Social","Q4",1.2201,1.0445,1.4049,22.0072,"0.0142"
"G20_G30_G12.2_F01_F03","2000_2005","2011_2015",10,"Typology_Manufacturing_EQI_Social","Q5",1.3582,1.1694,1.5577,35.8185,"0.0002"
"G20_G30_G12.2_F01_F03","2000_2005","2016_2020",15,"Typology_Manufacturing_EQI","Q1",1.2742,1.1249,1.4334,27.4224,"0.0007"
"G20_G30_G12.2_F01_F03","2000_2005","2016_2020",15,"Typology_Manufacturing_EQI","Q2",1.3656,1.2073,1.5374,36.563,"0.0002"
"G20_G30_G12.2_F01_F03","2000_2005","2016_2020",15,"Typology_Manufacturing_EQI","Q3",1.3807,1.2223,1.5566,38.0732,"0.0002"
"G20_G30_G12.2_F01_F03","2000_2005","2016_2020",15,"Typology_Manufacturing_EQI","Q4",1.4645,1.3041,1.6402,46.4542,"0.0002"
"G20_G30_G12.2_F01_F03","2000_2005","2016_2020",15,"Typology_Manufacturing_EQI","Q5",1.6182,1.4479,1.8078,61.8246,"0.0002"
"G20_G30_G12.2_F01_F03","2000_2005","2016_2020",15,"Typology_Manufacturing_EQI_Air","Q1",1.1776,1.0242,1.3485,17.7553,"0.0217"
"G20_G30_G12.2_F01_F03","2000_2005","2016_2020",15,"Typology_Manufacturing_EQI_Air","Q2",1.2134,1.0646,1.3856,21.3397,"0.0062"
"G20_G30_G12.2_F01_F03","2000_2005","2016_2020",15,"Typology_Manufacturing_EQI_Air","Q3",1.2925,1.137,1.4742,29.253,"0.0002"
"G20_G30_G12.2_F01_F03","2000_2005","2016_2020",15,"Typology_Manufacturing_EQI_Air","Q4",1.3579,1.1968,1.5385,35.7861,"0.0002"
"G20_G30_G12.2_F01_F03","2000_2005","2016_2020",15,"Typology_Manufacturing_EQI_Air","Q5",1.3842,1.2162,1.5715,38.4231,"0.0002"
"G20_G30_G12.2_F01_F03","2000_2005","2016_2020",15,"Typology_Manufacturing_EQI_Water","Q1",1.1776,1.0242,1.3485,17.7553,"0.0217"
"G20_G30_G12.2_F01_F03","2000_2005","2016_2020",15,"Typology_Manufacturing_EQI_Water","Q2",1.136,0.9732,1.3074,13.6014,"0.0997"
"G20_G30_G12.2_F01_F03","2000_2005","2016_2020",15,"Typology_Manufacturing_EQI_Water","Q3",1.1316,0.9671,1.3043,13.1587,"0.1132"
"G20_G30_G12.2_F01_F03","2000_2005","2016_2020",15,"Typology_Manufacturing_EQI_Water","Q4",1.1308,0.9717,1.3036,13.0778,"0.1132"
"G20_G30_G12.2_F01_F03","2000_2005","2016_2020",15,"Typology_Manufacturing_EQI_Water","Q5",1.2004,1.0341,1.384,20.0408,"0.0177"
"G20_G30_G12.2_F01_F03","2000_2005","2016_2020",15,"Typology_Manufacturing_EQI_Land","Q1",1.1776,1.0242,1.3485,17.7553,"0.0217"
"G20_G30_G12.2_F01_F03","2000_2005","2016_2020",15,"Typology_Manufacturing_EQI_Land","Q2",1.1953,1.0355,1.3745,19.5318,"0.0167"
"G20_G30_G12.2_F01_F03","2000_2005","2016_2020",15,"Typology_Manufacturing_EQI_Land","Q3",1.2052,1.0432,1.3766,20.5244,"0.0102"
"G20_G30_G12.2_F01_F03","2000_2005","2016_2020",15,"Typology_Manufacturing_EQI_Land","Q4",1.2357,1.0711,1.415,23.5716,"0.0032"
"G20_G30_G12.2_F01_F03","2000_2005","2016_2020",15,"Typology_Manufacturing_EQI_Land","Q5",1.1809,1.018,1.3635,18.0858,"0.0272"
"G20_G30_G12.2_F01_F03","2000_2005","2016_2020",15,"Typology_Manufacturing_EQI_Built","Q1",1.1776,1.0242,1.3485,17.7553,"0.0217"
"G20_G30_G12.2_F01_F03","2000_2005","2016_2020",15,"Typology_Manufacturing_EQI_Built","Q2",1.2498,1.0887,1.4314,24.9788,"0.0037"
"G20_G30_G12.2_F01_F03","2000_2005","2016_2020",15,"Typology_Manufacturing_EQI_Built","Q3",1.2753,1.1136,1.4691,27.5335,"0.0012"
"G20_G30_G12.2_F01_F03","2000_2005","2016_2020",15,"Typology_Manufacturing_EQI_Built","Q4",1.2855,1.1222,1.4702,28.5526,"0.0007"
"G20_G30_G12.2_F01_F03","2000_2005","2016_2020",15,"Typology_Manufacturing_EQI_Built","Q5",1.3534,1.1863,1.5492,35.3372,"0.0002"
"G20_G30_G12.2_F01_F03","2000_2005","2016_2020",15,"Typology_Manufacturing_EQI_Social","Q1",1.1776,1.0242,1.3485,17.7553,"0.0217"
"G20_G30_G12.2_F01_F03","2000_2005","2016_2020",15,"Typology_Manufacturing_EQI_Social","Q2",1.2462,1.0787,1.4285,24.617,"0.0017"
"G20_G30_G12.2_F01_F03","2000_2005","2016_2020",15,"Typology_Manufacturing_EQI_Social","Q3",1.1998,1.036,1.3912,19.982,"0.0162"
"G20_G30_G12.2_F01_F03","2000_2005","2016_2020",15,"Typology_Manufacturing_EQI_Social","Q4",1.2227,1.0548,1.4098,22.2734,"0.0092"
"G20_G30_G12.2_F01_F03","2000_2005","2016_2020",15,"Typology_Manufacturing_EQI_Social","Q5",1.3691,1.1886,1.5698,36.9083,"0.0002"
"G20_G30_G12.2_F01_F03","2006_2010","2011_2015",5,"Typology_Manufacturing_EQI","Q1",1,1,1,0,NA
"G20_G30_G12.2_F01_F03","2006_2010","2011_2015",5,"Typology_Manufacturing_EQI","Q2",1.0393,0.9719,1.1089,3.9305,"0.2492"
"G20_G30_G12.2_F01_F03","2006_2010","2011_2015",5,"Typology_Manufacturing_EQI","Q3",1.1247,1.06,1.1957,12.4743,"0.0007"
"G20_G30_G12.2_F01_F03","2006_2010","2011_2015",5,"Typology_Manufacturing_EQI","Q4",1.1149,1.05,1.1839,11.4893,"0.0002"
"G20_G30_G12.2_F01_F03","2006_2010","2011_2015",5,"Typology_Manufacturing_EQI","Q5",1.132,1.0652,1.2015,13.2042,"0.0002"
"G20_G30_G12.2_F01_F03","2006_2010","2011_2015",5,"Typology_Manufacturing_EQI_Air","Q1",1.1188,0.9714,1.2793,11.8813,"0.1122"
"G20_G30_G12.2_F01_F03","2006_2010","2011_2015",5,"Typology_Manufacturing_EQI_Air","Q2",1.1727,1.0222,1.3414,17.2747,"0.0222"
"G20_G30_G12.2_F01_F03","2006_2010","2011_2015",5,"Typology_Manufacturing_EQI_Air","Q3",1.1895,1.0417,1.3632,18.9497,"0.0112"
"G20_G30_G12.2_F01_F03","2006_2010","2011_2015",5,"Typology_Manufacturing_EQI_Air","Q4",1.1588,1.0129,1.3299,15.884,"0.0327"
"G20_G30_G12.2_F01_F03","2006_2010","2011_2015",5,"Typology_Manufacturing_EQI_Air","Q5",1.1684,1.021,1.3358,16.8427,"0.0207"
"G20_G30_G12.2_F01_F03","2006_2010","2011_2015",5,"Typology_Manufacturing_EQI_Water","Q1",1.1188,0.9714,1.2793,11.8813,"0.1122"
"G20_G30_G12.2_F01_F03","2006_2010","2011_2015",5,"Typology_Manufacturing_EQI_Water","Q2",1.1157,0.9684,1.2818,11.5651,"0.1272"
"G20_G30_G12.2_F01_F03","2006_2010","2011_2015",5,"Typology_Manufacturing_EQI_Water","Q3",1.0908,0.9467,1.2568,9.0842,"0.2322"
"G20_G30_G12.2_F01_F03","2006_2010","2011_2015",5,"Typology_Manufacturing_EQI_Water","Q4",1.141,0.9926,1.309,14.1012,"0.0652"
"G20_G30_G12.2_F01_F03","2006_2010","2011_2015",5,"Typology_Manufacturing_EQI_Water","Q5",1.1664,1.0166,1.3336,16.6423,"0.0252"
"G20_G30_G12.2_F01_F03","2006_2010","2011_2015",5,"Typology_Manufacturing_EQI_Land","Q1",1.1188,0.9714,1.2793,11.8813,"0.1122"
"G20_G30_G12.2_F01_F03","2006_2010","2011_2015",5,"Typology_Manufacturing_EQI_Land","Q2",1.1433,0.9926,1.3134,14.3265,"0.0622"
"G20_G30_G12.2_F01_F03","2006_2010","2011_2015",5,"Typology_Manufacturing_EQI_Land","Q3",1.1644,1.0132,1.3327,16.4423,"0.0327"
"G20_G30_G12.2_F01_F03","2006_2010","2011_2015",5,"Typology_Manufacturing_EQI_Land","Q4",1.1424,0.9921,1.3109,14.2437,"0.0657"
"G20_G30_G12.2_F01_F03","2006_2010","2011_2015",5,"Typology_Manufacturing_EQI_Land","Q5",1.0967,0.9444,1.2647,9.6731,"0.2212"
"G20_G30_G12.2_F01_F03","2006_2010","2011_2015",5,"Typology_Manufacturing_EQI_Built","Q1",1.1188,0.9714,1.2793,11.8813,"0.1122"
"G20_G30_G12.2_F01_F03","2006_2010","2011_2015",5,"Typology_Manufacturing_EQI_Built","Q2",1.1397,0.9869,1.3047,13.9744,"0.0707"
"G20_G30_G12.2_F01_F03","2006_2010","2011_2015",5,"Typology_Manufacturing_EQI_Built","Q3",1.2151,1.0605,1.3915,21.506,"0.0037"
"G20_G30_G12.2_F01_F03","2006_2010","2011_2015",5,"Typology_Manufacturing_EQI_Built","Q4",1.2045,1.0543,1.3711,20.4508,"0.0077"
"G20_G30_G12.2_F01_F03","2006_2010","2011_2015",5,"Typology_Manufacturing_EQI_Built","Q5",1.2355,1.0811,1.409,23.5485,"0.0032"
"G20_G30_G12.2_F01_F03","2006_2010","2011_2015",5,"Typology_Manufacturing_EQI_Social","Q1",1.1188,0.9714,1.2793,11.8813,"0.1122"
"G20_G30_G12.2_F01_F03","2006_2010","2011_2015",5,"Typology_Manufacturing_EQI_Social","Q2",1.0568,0.9186,1.2128,5.681,"0.4421"
"G20_G30_G12.2_F01_F03","2006_2010","2011_2015",5,"Typology_Manufacturing_EQI_Social","Q3",0.976,0.8427,1.1233,-2.4033,"0.6986"
"G20_G30_G12.2_F01_F03","2006_2010","2011_2015",5,"Typology_Manufacturing_EQI_Social","Q4",0.9143,0.7833,1.0604,-8.5687,"0.2217"
"G20_G30_G12.2_F01_F03","2006_2010","2011_2015",5,"Typology_Manufacturing_EQI_Social","Q5",0.8308,0.7013,0.9678,-16.9236,"0.0182"
"G20_G30_G12.2_F01_F03","2006_2010","2016_2020",10,"Typology_Manufacturing_EQI","Q1",1.0859,0.942,1.246,8.5943,"0.2437"
"G20_G30_G12.2_F01_F03","2006_2010","2016_2020",10,"Typology_Manufacturing_EQI","Q2",1.124,0.9707,1.2924,12.4022,"0.1092"
"G20_G30_G12.2_F01_F03","2006_2010","2016_2020",10,"Typology_Manufacturing_EQI","Q3",1.1396,0.9872,1.2985,13.9562,"0.0717"
"G20_G30_G12.2_F01_F03","2006_2010","2016_2020",10,"Typology_Manufacturing_EQI","Q4",1.1308,0.9789,1.2954,13.0777,"0.0862"
"G20_G30_G12.2_F01_F03","2006_2010","2016_2020",10,"Typology_Manufacturing_EQI","Q5",1.1381,0.9876,1.2983,13.8077,"0.0777"
"G20_G30_G12.2_F01_F03","2006_2010","2016_2020",10,"Typology_Manufacturing_EQI_Air","Q1",1.149,0.9985,1.3193,14.8963,"0.0522"
"G20_G30_G12.2_F01_F03","2006_2010","2016_2020",10,"Typology_Manufacturing_EQI_Air","Q2",1.2511,1.0977,1.4348,25.115,"0.0022"
"G20_G30_G12.2_F01_F03","2006_2010","2016_2020",10,"Typology_Manufacturing_EQI_Air","Q3",1.2418,1.0886,1.4243,24.1838,"0.0027"
"G20_G30_G12.2_F01_F03","2006_2010","2016_2020",10,"Typology_Manufacturing_EQI_Air","Q4",1.1885,1.041,1.3622,18.8511,"0.0122"
"G20_G30_G12.2_F01_F03","2006_2010","2016_2020",10,"Typology_Manufacturing_EQI_Air","Q5",1.2201,1.0718,1.3991,22.0099,"0.0037"
"G20_G30_G12.2_F01_F03","2006_2010","2016_2020",10,"Typology_Manufacturing_EQI_Water","Q1",1.149,0.9985,1.3193,14.8963,"0.0522"
"G20_G30_G12.2_F01_F03","2006_2010","2016_2020",10,"Typology_Manufacturing_EQI_Water","Q2",1.1401,0.9854,1.3167,14.0059,"0.0762"
"G20_G30_G12.2_F01_F03","2006_2010","2016_2020",10,"Typology_Manufacturing_EQI_Water","Q3",1.0994,0.948,1.2726,9.9386,"0.2197"
"G20_G30_G12.2_F01_F03","2006_2010","2016_2020",10,"Typology_Manufacturing_EQI_Water","Q4",1.1567,1.0027,1.334,15.6745,"0.0462"
"G20_G30_G12.2_F01_F03","2006_2010","2016_2020",10,"Typology_Manufacturing_EQI_Water","Q5",1.1601,1.0034,1.3408,16.0122,"0.0467"
"G20_G30_G12.2_F01_F03","2006_2010","2016_2020",10,"Typology_Manufacturing_EQI_Land","Q1",1.149,0.9985,1.3193,14.8963,"0.0522"
"G20_G30_G12.2_F01_F03","2006_2010","2016_2020",10,"Typology_Manufacturing_EQI_Land","Q2",1.1396,0.9857,1.3151,13.9595,"0.0827"
"G20_G30_G12.2_F01_F03","2006_2010","2016_2020",10,"Typology_Manufacturing_EQI_Land","Q3",1.1494,0.9938,1.3236,14.9392,"0.0607"
"G20_G30_G12.2_F01_F03","2006_2010","2016_2020",10,"Typology_Manufacturing_EQI_Land","Q4",1.1797,1.0238,1.3574,17.9746,"0.0297"
"G20_G30_G12.2_F01_F03","2006_2010","2016_2020",10,"Typology_Manufacturing_EQI_Land","Q5",1.1739,1.0146,1.3491,17.3871,"0.0312"
"G20_G30_G12.2_F01_F03","2006_2010","2016_2020",10,"Typology_Manufacturing_EQI_Built","Q1",1.149,0.9985,1.3193,14.8963,"0.0522"
"G20_G30_G12.2_F01_F03","2006_2010","2016_2020",10,"Typology_Manufacturing_EQI_Built","Q2",1.1988,1.0449,1.3779,19.884,"0.0107"
"G20_G30_G12.2_F01_F03","2006_2010","2016_2020",10,"Typology_Manufacturing_EQI_Built","Q3",1.2403,1.0838,1.4224,24.025,"0.0017"
"G20_G30_G12.2_F01_F03","2006_2010","2016_2020",10,"Typology_Manufacturing_EQI_Built","Q4",1.2437,1.0871,1.4277,24.3691,"0.0017"
"G20_G30_G12.2_F01_F03","2006_2010","2016_2020",10,"Typology_Manufacturing_EQI_Built","Q5",1.1969,1.0481,1.3787,19.6879,"0.0092"
"G20_G30_G12.2_F01_F03","2006_2010","2016_2020",10,"Typology_Manufacturing_EQI_Social","Q1",1.149,0.9985,1.3193,14.8963,"0.0522"
"G20_G30_G12.2_F01_F03","2006_2010","2016_2020",10,"Typology_Manufacturing_EQI_Social","Q2",1.0961,0.9511,1.2625,9.6107,"0.1947"
"G20_G30_G12.2_F01_F03","2006_2010","2016_2020",10,"Typology_Manufacturing_EQI_Social","Q3",1.0243,0.8884,1.1849,2.4263,"0.7656"
"G20_G30_G12.2_F01_F03","2006_2010","2016_2020",10,"Typology_Manufacturing_EQI_Social","Q4",0.9958,0.8621,1.1498,-0.4211,"0.9185"
"G20_G30_G12.2_F01_F03","2006_2010","2016_2020",10,"Typology_Manufacturing_EQI_Social","Q5",0.9227,0.7902,1.0697,-7.7338,"0.2747"
"G20_G30_G12.2_F01_F03","2000_2005","2006_2010",5,"Typology_Government_EQI","Q1",1,1,1,0,NA
"G20_G30_G12.2_F01_F03","2000_2005","2006_2010",5,"Typology_Government_EQI","Q2",1.1646,1.0703,1.2667,16.455,"0.0007"
"G20_G30_G12.2_F01_F03","2000_2005","2006_2010",5,"Typology_Government_EQI","Q3",1.2369,1.1388,1.3394,23.687,"0.0002"
"G20_G30_G12.2_F01_F03","2000_2005","2006_2010",5,"Typology_Government_EQI","Q4",1.2762,1.173,1.3801,27.6245,"0.0002"
"G20_G30_G12.2_F01_F03","2000_2005","2006_2010",5,"Typology_Government_EQI","Q5",1.3704,1.2608,1.4845,37.0375,"0.0002"
"G20_G30_G12.2_F01_F03","2000_2005","2006_2010",5,"Typology_Government_EQI_Air","Q1",0.8344,0.7098,0.9593,-16.5631,"0.0162"
"G20_G30_G12.2_F01_F03","2000_2005","2006_2010",5,"Typology_Government_EQI_Air","Q2",0.9367,0.8094,1.0694,-6.3332,"0.3337"
"G20_G30_G12.2_F01_F03","2000_2005","2006_2010",5,"Typology_Government_EQI_Air","Q3",0.9718,0.8429,1.1115,-2.8167,"0.6811"
"G20_G30_G12.2_F01_F03","2000_2005","2006_2010",5,"Typology_Government_EQI_Air","Q4",1.0728,0.9334,1.2182,7.2838,"0.3012"
"G20_G30_G12.2_F01_F03","2000_2005","2006_2010",5,"Typology_Government_EQI_Air","Q5",1.0846,0.9446,1.2279,8.4576,"0.2387"
"G20_G30_G12.2_F01_F03","2000_2005","2006_2010",5,"Typology_Government_EQI_Water","Q1",0.8344,0.7098,0.9593,-16.5631,"0.0162"
"G20_G30_G12.2_F01_F03","2000_2005","2006_2010",5,"Typology_Government_EQI_Water","Q2",0.8102,0.6707,0.9484,-18.9758,"0.0082"
"G20_G30_G12.2_F01_F03","2000_2005","2006_2010",5,"Typology_Government_EQI_Water","Q3",0.8544,0.7226,0.9894,-14.5644,"0.0352"
"G20_G30_G12.2_F01_F03","2000_2005","2006_2010",5,"Typology_Government_EQI_Water","Q4",0.8743,0.7376,1.0143,-12.5699,"0.0832"
"G20_G30_G12.2_F01_F03","2000_2005","2006_2010",5,"Typology_Government_EQI_Water","Q5",0.8865,0.7541,1.0289,-11.3478,"0.1092"
"G20_G30_G12.2_F01_F03","2000_2005","2006_2010",5,"Typology_Government_EQI_Land","Q1",0.8344,0.7098,0.9593,-16.5631,"0.0162"
"G20_G30_G12.2_F01_F03","2000_2005","2006_2010",5,"Typology_Government_EQI_Land","Q2",0.8224,0.6878,0.9634,-17.7568,"0.0162"
"G20_G30_G12.2_F01_F03","2000_2005","2006_2010",5,"Typology_Government_EQI_Land","Q3",0.9455,0.807,1.0884,-5.4452,"0.4371"
"G20_G30_G12.2_F01_F03","2000_2005","2006_2010",5,"Typology_Government_EQI_Land","Q4",0.8277,0.6963,0.961,-17.2323,"0.0132"
"G20_G30_G12.2_F01_F03","2000_2005","2006_2010",5,"Typology_Government_EQI_Land","Q5",0.9028,0.7574,1.0498,-9.7159,"0.1977"
"G20_G30_G12.2_F01_F03","2000_2005","2006_2010",5,"Typology_Government_EQI_Built","Q1",0.8344,0.7098,0.9593,-16.5631,"0.0162"
"G20_G30_G12.2_F01_F03","2000_2005","2006_2010",5,"Typology_Government_EQI_Built","Q2",0.8813,0.7414,1.0193,-11.8742,"0.0907"
"G20_G30_G12.2_F01_F03","2000_2005","2006_2010",5,"Typology_Government_EQI_Built","Q3",0.8516,0.7135,0.9889,-14.8398,"0.0387"
"G20_G30_G12.2_F01_F03","2000_2005","2006_2010",5,"Typology_Government_EQI_Built","Q4",0.9405,0.8024,1.0892,-5.9538,"0.4081"
"G20_G30_G12.2_F01_F03","2000_2005","2006_2010",5,"Typology_Government_EQI_Built","Q5",0.9242,0.7826,1.0665,-7.5774,"0.2937"
"G20_G30_G12.2_F01_F03","2000_2005","2006_2010",5,"Typology_Government_EQI_Social","Q1",0.8344,0.7098,0.9593,-16.5631,"0.0162"
"G20_G30_G12.2_F01_F03","2000_2005","2006_2010",5,"Typology_Government_EQI_Social","Q2",0.9507,0.8176,1.0916,-4.9252,"0.4611"
"G20_G30_G12.2_F01_F03","2000_2005","2006_2010",5,"Typology_Government_EQI_Social","Q3",0.9836,0.845,1.1277,-1.6446,"0.8070"
"G20_G30_G12.2_F01_F03","2000_2005","2006_2010",5,"Typology_Government_EQI_Social","Q4",0.9704,0.8252,1.1251,-2.9551,"0.6916"
"G20_G30_G12.2_F01_F03","2000_2005","2006_2010",5,"Typology_Government_EQI_Social","Q5",1.0349,0.8882,1.1925,3.4937,"0.6476"
"G20_G30_G12.2_F01_F03","2000_2005","2011_2015",10,"Typology_Government_EQI","Q1",1.132,1.0242,1.2475,13.2009,"0.0132"
"G20_G30_G12.2_F01_F03","2000_2005","2011_2015",10,"Typology_Government_EQI","Q2",1.283,1.154,1.4216,28.3022,"0.0002"
"G20_G30_G12.2_F01_F03","2000_2005","2011_2015",10,"Typology_Government_EQI","Q3",1.3933,1.2708,1.5304,39.3325,"0.0002"
"G20_G30_G12.2_F01_F03","2000_2005","2011_2015",10,"Typology_Government_EQI","Q4",1.4276,1.2997,1.5715,42.7606,"0.0002"
"G20_G30_G12.2_F01_F03","2000_2005","2011_2015",10,"Typology_Government_EQI","Q5",1.5564,1.4189,1.7098,55.6395,"0.0002"
"G20_G30_G12.2_F01_F03","2000_2005","2011_2015",10,"Typology_Government_EQI_Air","Q1",0.9062,0.7738,1.0442,-9.3788,"0.1732"
"G20_G30_G12.2_F01_F03","2000_2005","2011_2015",10,"Typology_Government_EQI_Air","Q2",1.0709,0.9209,1.2298,7.0918,"0.3697"
"G20_G30_G12.2_F01_F03","2000_2005","2011_2015",10,"Typology_Government_EQI_Air","Q3",1.0617,0.9211,1.2167,6.1747,"0.4256"
"G20_G30_G12.2_F01_F03","2000_2005","2011_2015",10,"Typology_Government_EQI_Air","Q4",1.1772,1.0226,1.3386,17.7211,"0.0257"
"G20_G30_G12.2_F01_F03","2000_2005","2011_2015",10,"Typology_Government_EQI_Air","Q5",1.2375,1.079,1.4063,23.7466,"0.0017"
"G20_G30_G12.2_F01_F03","2000_2005","2011_2015",10,"Typology_Government_EQI_Water","Q1",0.9062,0.7738,1.0442,-9.3788,"0.1732"
"G20_G30_G12.2_F01_F03","2000_2005","2011_2015",10,"Typology_Government_EQI_Water","Q2",0.9204,0.7734,1.0751,-7.9586,"0.2992"
"G20_G30_G12.2_F01_F03","2000_2005","2011_2015",10,"Typology_Government_EQI_Water","Q3",0.9819,0.8371,1.1327,-1.808,"0.7951"
"G20_G30_G12.2_F01_F03","2000_2005","2011_2015",10,"Typology_Government_EQI_Water","Q4",0.9145,0.7737,1.0608,-8.5527,"0.2722"
"G20_G30_G12.2_F01_F03","2000_2005","2011_2015",10,"Typology_Government_EQI_Water","Q5",0.9687,0.8212,1.1176,-3.1254,"0.6631"
"G20_G30_G12.2_F01_F03","2000_2005","2011_2015",10,"Typology_Government_EQI_Land","Q1",0.9062,0.7738,1.0442,-9.3788,"0.1732"
"G20_G30_G12.2_F01_F03","2000_2005","2011_2015",10,"Typology_Government_EQI_Land","Q2",0.903,0.7595,1.0534,-9.7028,"0.1957"
"G20_G30_G12.2_F01_F03","2000_2005","2011_2015",10,"Typology_Government_EQI_Land","Q3",0.9654,0.8225,1.1165,-3.4634,"0.6251"
"G20_G30_G12.2_F01_F03","2000_2005","2011_2015",10,"Typology_Government_EQI_Land","Q4",0.8879,0.7421,1.0386,-11.2068,"0.1422"
"G20_G30_G12.2_F01_F03","2000_2005","2011_2015",10,"Typology_Government_EQI_Land","Q5",0.952,0.7928,1.1125,-4.8039,"0.5376"
"G20_G30_G12.2_F01_F03","2000_2005","2011_2015",10,"Typology_Government_EQI_Built","Q1",0.9062,0.7738,1.0442,-9.3788,"0.1732"
"G20_G30_G12.2_F01_F03","2000_2005","2011_2015",10,"Typology_Government_EQI_Built","Q2",1.0209,0.8767,1.1742,2.0947,"0.7776"
"G20_G30_G12.2_F01_F03","2000_2005","2011_2015",10,"Typology_Government_EQI_Built","Q3",0.9981,0.8602,1.1482,-0.191,"0.9525"
"G20_G30_G12.2_F01_F03","2000_2005","2011_2015",10,"Typology_Government_EQI_Built","Q4",1.0653,0.9156,1.218,6.5269,"0.3847"
"G20_G30_G12.2_F01_F03","2000_2005","2011_2015",10,"Typology_Government_EQI_Built","Q5",1.0671,0.9208,1.2257,6.7071,"0.3942"
"G20_G30_G12.2_F01_F03","2000_2005","2011_2015",10,"Typology_Government_EQI_Social","Q1",0.9062,0.7738,1.0442,-9.3788,"0.1732"
"G20_G30_G12.2_F01_F03","2000_2005","2011_2015",10,"Typology_Government_EQI_Social","Q2",1.0059,0.8685,1.1569,0.5948,"0.9440"
"G20_G30_G12.2_F01_F03","2000_2005","2011_2015",10,"Typology_Government_EQI_Social","Q3",1.0509,0.9026,1.2103,5.0945,"0.5291"
"G20_G30_G12.2_F01_F03","2000_2005","2011_2015",10,"Typology_Government_EQI_Social","Q4",1.0283,0.8748,1.1882,2.8346,"0.7391"
"G20_G30_G12.2_F01_F03","2000_2005","2011_2015",10,"Typology_Government_EQI_Social","Q5",1.1049,0.948,1.2727,10.4892,"0.1927"
"G20_G30_G12.2_F01_F03","2000_2005","2016_2020",15,"Typology_Government_EQI","Q1",1.1861,1.0745,1.3088,18.6093,"0.0012"
"G20_G30_G12.2_F01_F03","2000_2005","2016_2020",15,"Typology_Government_EQI","Q2",1.2663,1.1446,1.4023,26.6308,"0.0002"
"G20_G30_G12.2_F01_F03","2000_2005","2016_2020",15,"Typology_Government_EQI","Q3",1.395,1.2707,1.53,39.5006,"0.0002"
"G20_G30_G12.2_F01_F03","2000_2005","2016_2020",15,"Typology_Government_EQI","Q4",1.4148,1.2882,1.5577,41.4812,"0.0002"
"G20_G30_G12.2_F01_F03","2000_2005","2016_2020",15,"Typology_Government_EQI","Q5",1.5591,1.4218,1.7097,55.9063,"0.0002"
"G20_G30_G12.2_F01_F03","2000_2005","2016_2020",15,"Typology_Government_EQI_Air","Q1",0.9757,0.848,1.1146,-2.4268,"0.7061"
"G20_G30_G12.2_F01_F03","2000_2005","2016_2020",15,"Typology_Government_EQI_Air","Q2",1.143,0.9973,1.2891,14.2956,"0.0532"
"G20_G30_G12.2_F01_F03","2000_2005","2016_2020",15,"Typology_Government_EQI_Air","Q3",1.109,0.9674,1.2574,10.9042,"0.1362"
"G20_G30_G12.2_F01_F03","2000_2005","2016_2020",15,"Typology_Government_EQI_Air","Q4",1.2062,1.0554,1.368,20.6246,"0.0067"
"G20_G30_G12.2_F01_F03","2000_2005","2016_2020",15,"Typology_Government_EQI_Air","Q5",1.2764,1.1166,1.4433,27.6444,"0.0012"
"G20_G30_G12.2_F01_F03","2000_2005","2016_2020",15,"Typology_Government_EQI_Water","Q1",0.9757,0.848,1.1146,-2.4268,"0.7061"
"G20_G30_G12.2_F01_F03","2000_2005","2016_2020",15,"Typology_Government_EQI_Water","Q2",0.9998,0.8484,1.1632,-0.017,"0.9740"
"G20_G30_G12.2_F01_F03","2000_2005","2016_2020",15,"Typology_Government_EQI_Water","Q3",1.012,0.8693,1.1675,1.201,"0.8895"
"G20_G30_G12.2_F01_F03","2000_2005","2016_2020",15,"Typology_Government_EQI_Water","Q4",1.0129,0.8688,1.1636,1.2895,"0.8645"
"G20_G30_G12.2_F01_F03","2000_2005","2016_2020",15,"Typology_Government_EQI_Water","Q5",1.0561,0.9089,1.2164,5.6148,"0.4696"
"G20_G30_G12.2_F01_F03","2000_2005","2016_2020",15,"Typology_Government_EQI_Land","Q1",0.9757,0.848,1.1146,-2.4268,"0.7061"
"G20_G30_G12.2_F01_F03","2000_2005","2016_2020",15,"Typology_Government_EQI_Land","Q2",0.9847,0.8396,1.1356,-1.5322,"0.8245"
"G20_G30_G12.2_F01_F03","2000_2005","2016_2020",15,"Typology_Government_EQI_Land","Q3",1.0014,0.8612,1.1512,0.1351,"0.9940"
"G20_G30_G12.2_F01_F03","2000_2005","2016_2020",15,"Typology_Government_EQI_Land","Q4",0.9457,0.8048,1.0919,-5.4292,"0.4651"
"G20_G30_G12.2_F01_F03","2000_2005","2016_2020",15,"Typology_Government_EQI_Land","Q5",1.0176,0.8646,1.1788,1.7615,"0.8370"
"G20_G30_G12.2_F01_F03","2000_2005","2016_2020",15,"Typology_Government_EQI_Built","Q1",0.9757,0.848,1.1146,-2.4268,"0.7061"
"G20_G30_G12.2_F01_F03","2000_2005","2016_2020",15,"Typology_Government_EQI_Built","Q2",1.0798,0.9345,1.2379,7.9815,"0.3137"
"G20_G30_G12.2_F01_F03","2000_2005","2016_2020",15,"Typology_Government_EQI_Built","Q3",1.0817,0.9356,1.2397,8.1669,"0.2892"
"G20_G30_G12.2_F01_F03","2000_2005","2016_2020",15,"Typology_Government_EQI_Built","Q4",1.1741,1.0199,1.332,17.4086,"0.0247"
"G20_G30_G12.2_F01_F03","2000_2005","2016_2020",15,"Typology_Government_EQI_Built","Q5",1.1343,0.9863,1.2943,13.4262,"0.0797"
"G20_G30_G12.2_F01_F03","2000_2005","2016_2020",15,"Typology_Government_EQI_Social","Q1",0.9757,0.848,1.1146,-2.4268,"0.7061"
"G20_G30_G12.2_F01_F03","2000_2005","2016_2020",15,"Typology_Government_EQI_Social","Q2",1.0396,0.8992,1.1886,3.9639,"0.5991"
"G20_G30_G12.2_F01_F03","2000_2005","2016_2020",15,"Typology_Government_EQI_Social","Q3",1.0449,0.9018,1.1967,4.4949,"0.5661"
"G20_G30_G12.2_F01_F03","2000_2005","2016_2020",15,"Typology_Government_EQI_Social","Q4",1.0643,0.9178,1.2257,6.4304,"0.4176"
"G20_G30_G12.2_F01_F03","2000_2005","2016_2020",15,"Typology_Government_EQI_Social","Q5",1.1064,0.9545,1.2667,10.6386,"0.1872"
"G20_G30_G12.2_F01_F03","2006_2010","2011_2015",5,"Typology_Government_EQI","Q1",1,1,1,0,NA
"G20_G30_G12.2_F01_F03","2006_2010","2011_2015",5,"Typology_Government_EQI","Q2",1.132,1.0536,1.2113,13.2035,"0.0007"
"G20_G30_G12.2_F01_F03","2006_2010","2011_2015",5,"Typology_Government_EQI","Q3",1.1407,1.0575,1.2276,14.0738,"0.0007"
"G20_G30_G12.2_F01_F03","2006_2010","2011_2015",5,"Typology_Government_EQI","Q4",1.1402,1.056,1.2312,14.0219,"0.0007"
"G20_G30_G12.2_F01_F03","2006_2010","2011_2015",5,"Typology_Government_EQI","Q5",1.1801,1.0914,1.2667,18.0062,"0.0002"
"G20_G30_G12.2_F01_F03","2006_2010","2011_2015",5,"Typology_Government_EQI_Air","Q1",1.0079,0.8852,1.1359,0.7929,"0.9190"
"G20_G30_G12.2_F01_F03","2006_2010","2011_2015",5,"Typology_Government_EQI_Air","Q2",1.0645,0.9332,1.1977,6.4521,"0.3267"
"G20_G30_G12.2_F01_F03","2006_2010","2011_2015",5,"Typology_Government_EQI_Air","Q3",1.0751,0.9444,1.212,7.5112,"0.2722"
"G20_G30_G12.2_F01_F03","2006_2010","2011_2015",5,"Typology_Government_EQI_Air","Q4",1.0755,0.9451,1.2118,7.5548,"0.2587"
"G20_G30_G12.2_F01_F03","2006_2010","2011_2015",5,"Typology_Government_EQI_Air","Q5",1.1163,0.9894,1.2548,11.6252,"0.0822"
"G20_G30_G12.2_F01_F03","2006_2010","2011_2015",5,"Typology_Government_EQI_Water","Q1",1.0079,0.8852,1.1359,0.7929,"0.9190"
"G20_G30_G12.2_F01_F03","2006_2010","2011_2015",5,"Typology_Government_EQI_Water","Q2",0.9786,0.8548,1.1058,-2.1355,"0.7521"
"G20_G30_G12.2_F01_F03","2006_2010","2011_2015",5,"Typology_Government_EQI_Water","Q3",1.0744,0.9401,1.2126,7.44,"0.2737"
"G20_G30_G12.2_F01_F03","2006_2010","2011_2015",5,"Typology_Government_EQI_Water","Q4",1.0073,0.8803,1.1326,0.7258,"0.9195"
"G20_G30_G12.2_F01_F03","2006_2010","2011_2015",5,"Typology_Government_EQI_Water","Q5",1.0451,0.92,1.1738,4.5145,"0.4826"
"G20_G30_G12.2_F01_F03","2006_2010","2011_2015",5,"Typology_Government_EQI_Land","Q1",1.0079,0.8852,1.1359,0.7929,"0.9190"
"G20_G30_G12.2_F01_F03","2006_2010","2011_2015",5,"Typology_Government_EQI_Land","Q2",1.0646,0.9392,1.1963,6.4559,"0.3222"
"G20_G30_G12.2_F01_F03","2006_2010","2011_2015",5,"Typology_Government_EQI_Land","Q3",1.0797,0.9433,1.2206,7.965,"0.2462"
"G20_G30_G12.2_F01_F03","2006_2010","2011_2015",5,"Typology_Government_EQI_Land","Q4",1.1116,0.9693,1.2549,11.1613,"0.1162"
"G20_G30_G12.2_F01_F03","2006_2010","2011_2015",5,"Typology_Government_EQI_Land","Q5",1.0996,0.9551,1.2495,9.9575,"0.1762"
"G20_G30_G12.2_F01_F03","2006_2010","2011_2015",5,"Typology_Government_EQI_Built","Q1",1.0079,0.8852,1.1359,0.7929,"0.9190"
"G20_G30_G12.2_F01_F03","2006_2010","2011_2015",5,"Typology_Government_EQI_Built","Q2",1.1147,0.9886,1.2485,11.4718,"0.0747"
"G20_G30_G12.2_F01_F03","2006_2010","2011_2015",5,"Typology_Government_EQI_Built","Q3",1.1118,0.9791,1.2495,11.1814,"0.0932"
"G20_G30_G12.2_F01_F03","2006_2010","2011_2015",5,"Typology_Government_EQI_Built","Q4",1.0408,0.9146,1.1705,4.0833,"0.5296"
"G20_G30_G12.2_F01_F03","2006_2010","2011_2015",5,"Typology_Government_EQI_Built","Q5",1.0868,0.9544,1.2275,8.6827,"0.1992"
"G20_G30_G12.2_F01_F03","2006_2010","2011_2015",5,"Typology_Government_EQI_Social","Q1",1.0079,0.8852,1.1359,0.7929,"0.9190"
"G20_G30_G12.2_F01_F03","2006_2010","2011_2015",5,"Typology_Government_EQI_Social","Q2",0.9271,0.802,1.0541,-7.286,"0.2372"
"G20_G30_G12.2_F01_F03","2006_2010","2011_2015",5,"Typology_Government_EQI_Social","Q3",0.9001,0.7766,1.0288,-9.9902,"0.1277"
"G20_G30_G12.2_F01_F03","2006_2010","2011_2015",5,"Typology_Government_EQI_Social","Q4",0.8322,0.7031,0.9627,-16.7772,"0.0167"
"G20_G30_G12.2_F01_F03","2006_2010","2011_2015",5,"Typology_Government_EQI_Social","Q5",0.7871,0.6628,0.913,-21.2926,"0.0012"
"G20_G30_G12.2_F01_F03","2006_2010","2016_2020",10,"Typology_Government_EQI","Q1",1.0158,0.9306,1.1059,1.5792,"0.7426"
"G20_G30_G12.2_F01_F03","2006_2010","2016_2020",10,"Typology_Government_EQI","Q2",1.1409,1.0511,1.2393,14.0887,"0.0017"
"G20_G30_G12.2_F01_F03","2006_2010","2016_2020",10,"Typology_Government_EQI","Q3",1.1514,1.0533,1.2571,15.1352,"0.0012"
"G20_G30_G12.2_F01_F03","2006_2010","2016_2020",10,"Typology_Government_EQI","Q4",1.1423,1.039,1.2522,14.2262,"0.0062"
"G20_G30_G12.2_F01_F03","2006_2010","2016_2020",10,"Typology_Government_EQI","Q5",1.1521,1.0519,1.2634,15.2072,"0.0012"
"G20_G30_G12.2_F01_F03","2006_2010","2016_2020",10,"Typology_Government_EQI_Air","Q1",0.9914,0.8756,1.1095,-0.8561,"0.8815"
"G20_G30_G12.2_F01_F03","2006_2010","2016_2020",10,"Typology_Government_EQI_Air","Q2",1.0293,0.9096,1.1547,2.9301,"0.6641"
"G20_G30_G12.2_F01_F03","2006_2010","2016_2020",10,"Typology_Government_EQI_Air","Q3",1.0486,0.9212,1.1784,4.8579,"0.4606"
"G20_G30_G12.2_F01_F03","2006_2010","2016_2020",10,"Typology_Government_EQI_Air","Q4",1.0772,0.9517,1.2069,7.7198,"0.2337"
"G20_G30_G12.2_F01_F03","2006_2010","2016_2020",10,"Typology_Government_EQI_Air","Q5",1.084,0.9584,1.2119,8.4001,"0.1877"
"G20_G30_G12.2_F01_F03","2006_2010","2016_2020",10,"Typology_Government_EQI_Water","Q1",0.9914,0.8756,1.1095,-0.8561,"0.8815"
"G20_G30_G12.2_F01_F03","2006_2010","2016_2020",10,"Typology_Government_EQI_Water","Q2",0.9754,0.8539,1.1049,-2.4599,"0.6731"
"G20_G30_G12.2_F01_F03","2006_2010","2016_2020",10,"Typology_Government_EQI_Water","Q3",1.0289,0.9024,1.1628,2.8893,"0.6706"
"G20_G30_G12.2_F01_F03","2006_2010","2016_2020",10,"Typology_Government_EQI_Water","Q4",1.0013,0.8775,1.1279,0.1282,"0.9865"
"G20_G30_G12.2_F01_F03","2006_2010","2016_2020",10,"Typology_Government_EQI_Water","Q5",1.0596,0.9384,1.1817,5.9597,"0.3342"
"G20_G30_G12.2_F01_F03","2006_2010","2016_2020",10,"Typology_Government_EQI_Land","Q1",0.9914,0.8756,1.1095,-0.8561,"0.8815"
"G20_G30_G12.2_F01_F03","2006_2010","2016_2020",10,"Typology_Government_EQI_Land","Q2",1.0641,0.9369,1.1934,6.409,"0.3362"
"G20_G30_G12.2_F01_F03","2006_2010","2016_2020",10,"Typology_Government_EQI_Land","Q3",1.0589,0.9297,1.196,5.8945,"0.3837"
"G20_G30_G12.2_F01_F03","2006_2010","2016_2020",10,"Typology_Government_EQI_Land","Q4",1.1076,0.9732,1.2465,10.7624,"0.1242"
"G20_G30_G12.2_F01_F03","2006_2010","2016_2020",10,"Typology_Government_EQI_Land","Q5",1.0935,0.9508,1.2439,9.3473,"0.2147"
"G20_G30_G12.2_F01_F03","2006_2010","2016_2020",10,"Typology_Government_EQI_Built","Q1",0.9914,0.8756,1.1095,-0.8561,"0.8815"
"G20_G30_G12.2_F01_F03","2006_2010","2016_2020",10,"Typology_Government_EQI_Built","Q2",1.1092,0.9875,1.2346,10.9222,"0.0737"
"G20_G30_G12.2_F01_F03","2006_2010","2016_2020",10,"Typology_Government_EQI_Built","Q3",1.092,0.9706,1.2198,9.2016,"0.1422"
"G20_G30_G12.2_F01_F03","2006_2010","2016_2020",10,"Typology_Government_EQI_Built","Q4",1.0137,0.893,1.1407,1.3743,"0.8355"
"G20_G30_G12.2_F01_F03","2006_2010","2016_2020",10,"Typology_Government_EQI_Built","Q5",1.0056,0.8815,1.1394,0.5565,"0.9435"
"G20_G30_G12.2_F01_F03","2006_2010","2016_2020",10,"Typology_Government_EQI_Social","Q1",0.9914,0.8756,1.1095,-0.8561,"0.8815"
"G20_G30_G12.2_F01_F03","2006_2010","2016_2020",10,"Typology_Government_EQI_Social","Q2",0.93,0.8113,1.0572,-6.9951,"0.2652"
"G20_G30_G12.2_F01_F03","2006_2010","2016_2020",10,"Typology_Government_EQI_Social","Q3",0.9155,0.7949,1.0373,-8.454,"0.1767"
"G20_G30_G12.2_F01_F03","2006_2010","2016_2020",10,"Typology_Government_EQI_Social","Q4",0.8636,0.7389,0.9906,-13.6412,"0.0367"
"G20_G30_G12.2_F01_F03","2006_2010","2016_2020",10,"Typology_Government_EQI_Social","Q5",0.8184,0.6962,0.9461,-18.162,"0.0042"
"G20_G30_G12.2_F01_F03","2000_2005","2006_2010",5,"Typology_Services_EQI","Q1",1,1,1,0,NA
"G20_G30_G12.2_F01_F03","2000_2005","2006_2010",5,"Typology_Services_EQI","Q2",1.0103,0.8908,1.1362,1.031,"0.8875"
"G20_G30_G12.2_F01_F03","2000_2005","2006_2010",5,"Typology_Services_EQI","Q3",1.0314,0.925,1.1512,3.1399,"0.6141"
"G20_G30_G12.2_F01_F03","2000_2005","2006_2010",5,"Typology_Services_EQI","Q4",1.2242,1.1013,1.3536,22.4187,"0.0007"
"G20_G30_G12.2_F01_F03","2000_2005","2006_2010",5,"Typology_Services_EQI","Q5",1.3589,1.2412,1.4945,35.8898,"0.0002"
"G20_G30_G12.2_F01_F03","2000_2005","2006_2010",5,"Typology_Services_EQI_Air","Q1",0.7453,0.5858,0.9145,-25.47,"0.0037"
"G20_G30_G12.2_F01_F03","2000_2005","2006_2010",5,"Typology_Services_EQI_Air","Q2",0.8155,0.6417,0.9964,-18.4482,"0.0462"
"G20_G30_G12.2_F01_F03","2000_2005","2006_2010",5,"Typology_Services_EQI_Air","Q3",0.8848,0.7085,1.0745,-11.5238,"0.2117"
"G20_G30_G12.2_F01_F03","2000_2005","2006_2010",5,"Typology_Services_EQI_Air","Q4",0.9511,0.7816,1.1357,-4.8948,"0.5616"
"G20_G30_G12.2_F01_F03","2000_2005","2006_2010",5,"Typology_Services_EQI_Air","Q5",0.9668,0.7959,1.1526,-3.3227,"0.6841"
"G20_G30_G12.2_F01_F03","2000_2005","2006_2010",5,"Typology_Services_EQI_Water","Q1",0.7453,0.5858,0.9145,-25.47,"0.0037"
"G20_G30_G12.2_F01_F03","2000_2005","2006_2010",5,"Typology_Services_EQI_Water","Q2",0.7515,0.5855,0.9297,-24.848,"0.0087"
"G20_G30_G12.2_F01_F03","2000_2005","2006_2010",5,"Typology_Services_EQI_Water","Q3",0.7987,0.6267,0.9775,-20.1282,"0.0317"
"G20_G30_G12.2_F01_F03","2000_2005","2006_2010",5,"Typology_Services_EQI_Water","Q4",0.8577,0.6869,1.0411,-14.2278,"0.1307"
"G20_G30_G12.2_F01_F03","2000_2005","2006_2010",5,"Typology_Services_EQI_Water","Q5",0.8447,0.6715,1.0252,-15.5273,"0.0887"
"G20_G30_G12.2_F01_F03","2000_2005","2006_2010",5,"Typology_Services_EQI_Land","Q1",0.7453,0.5858,0.9145,-25.47,"0.0037"
"G20_G30_G12.2_F01_F03","2000_2005","2006_2010",5,"Typology_Services_EQI_Land","Q2",0.7827,0.6154,0.9543,-21.7329,"0.0147"
"G20_G30_G12.2_F01_F03","2000_2005","2006_2010",5,"Typology_Services_EQI_Land","Q3",0.814,0.6456,0.9933,-18.6038,"0.0432"
"G20_G30_G12.2_F01_F03","2000_2005","2006_2010",5,"Typology_Services_EQI_Land","Q4",0.8128,0.6414,0.994,-18.7174,"0.0447"
"G20_G30_G12.2_F01_F03","2000_2005","2006_2010",5,"Typology_Services_EQI_Land","Q5",0.7566,0.5894,0.9344,-24.3371,"0.0087"
"G20_G30_G12.2_F01_F03","2000_2005","2006_2010",5,"Typology_Services_EQI_Built","Q1",0.7453,0.5858,0.9145,-25.47,"0.0037"
"G20_G30_G12.2_F01_F03","2000_2005","2006_2010",5,"Typology_Services_EQI_Built","Q2",0.7385,0.5505,0.9312,-26.1491,"0.0097"
"G20_G30_G12.2_F01_F03","2000_2005","2006_2010",5,"Typology_Services_EQI_Built","Q3",0.8599,0.6845,1.0401,-14.0075,"0.1257"
"G20_G30_G12.2_F01_F03","2000_2005","2006_2010",5,"Typology_Services_EQI_Built","Q4",0.8401,0.6827,1.0092,-15.9928,"0.0667"
"G20_G30_G12.2_F01_F03","2000_2005","2006_2010",5,"Typology_Services_EQI_Built","Q5",0.8526,0.6922,1.02,-14.7407,"0.0832"
"G20_G30_G12.2_F01_F03","2000_2005","2006_2010",5,"Typology_Services_EQI_Social","Q1",0.7453,0.5858,0.9145,-25.47,"0.0037"
"G20_G30_G12.2_F01_F03","2000_2005","2006_2010",5,"Typology_Services_EQI_Social","Q2",0.7289,0.5556,0.9038,-27.1142,"0.0032"
"G20_G30_G12.2_F01_F03","2000_2005","2006_2010",5,"Typology_Services_EQI_Social","Q3",0.8328,0.6652,1.0142,-16.7198,"0.0657"
"G20_G30_G12.2_F01_F03","2000_2005","2006_2010",5,"Typology_Services_EQI_Social","Q4",0.8918,0.7208,1.075,-10.824,"0.2257"
"G20_G30_G12.2_F01_F03","2000_2005","2006_2010",5,"Typology_Services_EQI_Social","Q5",0.9746,0.7927,1.1689,-2.538,"0.7831"
"G20_G30_G12.2_F01_F03","2000_2005","2011_2015",10,"Typology_Services_EQI","Q1",1.1526,1.0106,1.3149,15.2603,"0.0342"
"G20_G30_G12.2_F01_F03","2000_2005","2011_2015",10,"Typology_Services_EQI","Q2",1.1016,0.947,1.275,10.1604,"0.2007"
"G20_G30_G12.2_F01_F03","2000_2005","2011_2015",10,"Typology_Services_EQI","Q3",1.1624,1.0207,1.317,16.2357,"0.0247"
"G20_G30_G12.2_F01_F03","2000_2005","2011_2015",10,"Typology_Services_EQI","Q4",1.3688,1.2109,1.5406,36.8837,"0.0002"
"G20_G30_G12.2_F01_F03","2000_2005","2011_2015",10,"Typology_Services_EQI","Q5",1.5465,1.3849,1.7291,54.65,"0.0002"
"G20_G30_G12.2_F01_F03","2000_2005","2011_2015",10,"Typology_Services_EQI_Air","Q1",0.8737,0.7097,1.05,-12.632,"0.1422"
"G20_G30_G12.2_F01_F03","2000_2005","2011_2015",10,"Typology_Services_EQI_Air","Q2",0.9481,0.771,1.1362,-5.1854,"0.5676"
"G20_G30_G12.2_F01_F03","2000_2005","2011_2015",10,"Typology_Services_EQI_Air","Q3",0.9854,0.8085,1.1713,-1.4552,"0.8635"
"G20_G30_G12.2_F01_F03","2000_2005","2011_2015",10,"Typology_Services_EQI_Air","Q4",1.1209,0.942,1.3107,12.0916,"0.1997"
"G20_G30_G12.2_F01_F03","2000_2005","2011_2015",10,"Typology_Services_EQI_Air","Q5",1.1461,0.9621,1.3385,14.6063,"0.1212"
"G20_G30_G12.2_F01_F03","2000_2005","2011_2015",10,"Typology_Services_EQI_Water","Q1",0.8737,0.7097,1.05,-12.632,"0.1422"
"G20_G30_G12.2_F01_F03","2000_2005","2011_2015",10,"Typology_Services_EQI_Water","Q2",0.8693,0.6886,1.0554,-13.0682,"0.1657"
"G20_G30_G12.2_F01_F03","2000_2005","2011_2015",10,"Typology_Services_EQI_Water","Q3",0.9533,0.7717,1.147,-4.6712,"0.6176"
"G20_G30_G12.2_F01_F03","2000_2005","2011_2015",10,"Typology_Services_EQI_Water","Q4",1.0246,0.8451,1.2236,2.4611,"0.8115"
"G20_G30_G12.2_F01_F03","2000_2005","2011_2015",10,"Typology_Services_EQI_Water","Q5",1.004,0.8183,1.2059,0.3981,"0.9960"
"G20_G30_G12.2_F01_F03","2000_2005","2011_2015",10,"Typology_Services_EQI_Land","Q1",0.8737,0.7097,1.05,-12.632,"0.1422"
"G20_G30_G12.2_F01_F03","2000_2005","2011_2015",10,"Typology_Services_EQI_Land","Q2",0.9256,0.7475,1.1123,-7.4368,"0.4076"
"G20_G30_G12.2_F01_F03","2000_2005","2011_2015",10,"Typology_Services_EQI_Land","Q3",0.9753,0.8025,1.1692,-2.4673,"0.7691"
"G20_G30_G12.2_F01_F03","2000_2005","2011_2015",10,"Typology_Services_EQI_Land","Q4",0.9412,0.7633,1.1289,-5.8832,"0.5346"
"G20_G30_G12.2_F01_F03","2000_2005","2011_2015",10,"Typology_Services_EQI_Land","Q5",0.8805,0.7038,1.0679,-11.9457,"0.2072"
"G20_G30_G12.2_F01_F03","2000_2005","2011_2015",10,"Typology_Services_EQI_Built","Q1",0.8737,0.7097,1.05,-12.632,"0.1422"
"G20_G30_G12.2_F01_F03","2000_2005","2011_2015",10,"Typology_Services_EQI_Built","Q2",0.9341,0.7336,1.1402,-6.5861,"0.5026"
"G20_G30_G12.2_F01_F03","2000_2005","2011_2015",10,"Typology_Services_EQI_Built","Q3",0.974,0.7974,1.1697,-2.5992,"0.7676"
"G20_G30_G12.2_F01_F03","2000_2005","2011_2015",10,"Typology_Services_EQI_Built","Q4",0.9318,0.7679,1.1042,-6.8217,"0.4096"
"G20_G30_G12.2_F01_F03","2000_2005","2011_2015",10,"Typology_Services_EQI_Built","Q5",0.9443,0.7778,1.1158,-5.5701,"0.5061"
"G20_G30_G12.2_F01_F03","2000_2005","2011_2015",10,"Typology_Services_EQI_Social","Q1",0.8737,0.7097,1.05,-12.632,"0.1422"
"G20_G30_G12.2_F01_F03","2000_2005","2011_2015",10,"Typology_Services_EQI_Social","Q2",0.8613,0.6812,1.0496,-13.8672,"0.1502"
"G20_G30_G12.2_F01_F03","2000_2005","2011_2015",10,"Typology_Services_EQI_Social","Q3",0.9423,0.7695,1.1228,-5.7655,"0.5276"
"G20_G30_G12.2_F01_F03","2000_2005","2011_2015",10,"Typology_Services_EQI_Social","Q4",1.0028,0.8268,1.1918,0.2791,"0.9910"
"G20_G30_G12.2_F01_F03","2000_2005","2011_2015",10,"Typology_Services_EQI_Social","Q5",1.1421,0.9561,1.344,14.2092,"0.1402"
"G20_G30_G12.2_F01_F03","2000_2005","2016_2020",15,"Typology_Services_EQI","Q1",1.2123,1.0633,1.3803,21.2284,"0.0042"
"G20_G30_G12.2_F01_F03","2000_2005","2016_2020",15,"Typology_Services_EQI","Q2",1.1186,0.9549,1.2941,11.8635,"0.1447"
"G20_G30_G12.2_F01_F03","2000_2005","2016_2020",15,"Typology_Services_EQI","Q3",1.1973,1.0469,1.3655,19.7302,"0.0087"
"G20_G30_G12.2_F01_F03","2000_2005","2016_2020",15,"Typology_Services_EQI","Q4",1.3524,1.2011,1.5242,35.2391,"0.0002"
"G20_G30_G12.2_F01_F03","2000_2005","2016_2020",15,"Typology_Services_EQI","Q5",1.5701,1.4087,1.7576,57.0129,"0.0002"
"G20_G30_G12.2_F01_F03","2000_2005","2016_2020",15,"Typology_Services_EQI_Air","Q1",0.9386,0.7675,1.1367,-6.1429,"0.4791"
"G20_G30_G12.2_F01_F03","2000_2005","2016_2020",15,"Typology_Services_EQI_Air","Q2",1.0078,0.8287,1.2111,0.7756,"0.9660"
"G20_G30_G12.2_F01_F03","2000_2005","2016_2020",15,"Typology_Services_EQI_Air","Q3",1.0041,0.8233,1.2016,0.4051,"0.9730"
"G20_G30_G12.2_F01_F03","2000_2005","2016_2020",15,"Typology_Services_EQI_Air","Q4",1.1715,0.9876,1.3709,17.1519,"0.0692"
"G20_G30_G12.2_F01_F03","2000_2005","2016_2020",15,"Typology_Services_EQI_Air","Q5",1.2317,1.0471,1.4309,23.1737,"0.0142"
"G20_G30_G12.2_F01_F03","2000_2005","2016_2020",15,"Typology_Services_EQI_Water","Q1",0.9386,0.7675,1.1367,-6.1429,"0.4791"
"G20_G30_G12.2_F01_F03","2000_2005","2016_2020",15,"Typology_Services_EQI_Water","Q2",0.9135,0.7341,1.1101,-8.6549,"0.3567"
"G20_G30_G12.2_F01_F03","2000_2005","2016_2020",15,"Typology_Services_EQI_Water","Q3",1.0218,0.8355,1.2282,2.1791,"0.8630"
"G20_G30_G12.2_F01_F03","2000_2005","2016_2020",15,"Typology_Services_EQI_Water","Q4",1.061,0.8806,1.2576,6.0996,"0.5506"
"G20_G30_G12.2_F01_F03","2000_2005","2016_2020",15,"Typology_Services_EQI_Water","Q5",1.0495,0.8611,1.2578,4.9506,"0.6296"
"G20_G30_G12.2_F01_F03","2000_2005","2016_2020",15,"Typology_Services_EQI_Land","Q1",0.9386,0.7675,1.1367,-6.1429,"0.4791"
"G20_G30_G12.2_F01_F03","2000_2005","2016_2020",15,"Typology_Services_EQI_Land","Q2",1.0264,0.847,1.2241,2.6405,"0.7981"
"G20_G30_G12.2_F01_F03","2000_2005","2016_2020",15,"Typology_Services_EQI_Land","Q3",1.0366,0.8517,1.2343,3.6609,"0.7216"
"G20_G30_G12.2_F01_F03","2000_2005","2016_2020",15,"Typology_Services_EQI_Land","Q4",1.0216,0.8402,1.2248,2.1619,"0.8280"
"G20_G30_G12.2_F01_F03","2000_2005","2016_2020",15,"Typology_Services_EQI_Land","Q5",0.9796,0.7974,1.1843,-2.0413,"0.8110"
"G20_G30_G12.2_F01_F03","2000_2005","2016_2020",15,"Typology_Services_EQI_Built","Q1",0.9386,0.7675,1.1367,-6.1429,"0.4791"
"G20_G30_G12.2_F01_F03","2000_2005","2016_2020",15,"Typology_Services_EQI_Built","Q2",0.966,0.7686,1.1862,-3.4031,"0.7246"
"G20_G30_G12.2_F01_F03","2000_2005","2016_2020",15,"Typology_Services_EQI_Built","Q3",1.0072,0.8266,1.2117,0.7217,"0.9575"
"G20_G30_G12.2_F01_F03","2000_2005","2016_2020",15,"Typology_Services_EQI_Built","Q4",0.9814,0.814,1.1654,-1.8591,"0.8145"
"G20_G30_G12.2_F01_F03","2000_2005","2016_2020",15,"Typology_Services_EQI_Built","Q5",1.0282,0.863,1.2214,2.8153,"0.7851"
"G20_G30_G12.2_F01_F03","2000_2005","2016_2020",15,"Typology_Services_EQI_Social","Q1",0.9386,0.7675,1.1367,-6.1429,"0.4791"
"G20_G30_G12.2_F01_F03","2000_2005","2016_2020",15,"Typology_Services_EQI_Social","Q2",0.9571,0.7769,1.1601,-4.2924,"0.6396"
"G20_G30_G12.2_F01_F03","2000_2005","2016_2020",15,"Typology_Services_EQI_Social","Q3",0.9606,0.7866,1.1564,-3.9439,"0.6381"
"G20_G30_G12.2_F01_F03","2000_2005","2016_2020",15,"Typology_Services_EQI_Social","Q4",1.0023,0.8215,1.2049,0.2271,"0.9965"
"G20_G30_G12.2_F01_F03","2000_2005","2016_2020",15,"Typology_Services_EQI_Social","Q5",1.1221,0.9351,1.3376,12.21,"0.2227"
"G20_G30_G12.2_F01_F03","2006_2010","2011_2015",5,"Typology_Services_EQI","Q1",1,1,1,0,NA
"G20_G30_G12.2_F01_F03","2006_2010","2011_2015",5,"Typology_Services_EQI","Q2",1.1061,1.0279,1.1913,10.6077,"0.0072"
"G20_G30_G12.2_F01_F03","2006_2010","2011_2015",5,"Typology_Services_EQI","Q3",1.167,1.0822,1.2579,16.7029,"0.0002"
"G20_G30_G12.2_F01_F03","2006_2010","2011_2015",5,"Typology_Services_EQI","Q4",1.1401,1.0576,1.2271,14.007,"0.0017"
"G20_G30_G12.2_F01_F03","2006_2010","2011_2015",5,"Typology_Services_EQI","Q5",1.1759,1.088,1.266,17.5873,"0.0002"
"G20_G30_G12.2_F01_F03","2006_2010","2011_2015",5,"Typology_Services_EQI_Air","Q1",0.8904,0.7819,1.0095,-10.9551,"0.0677"
"G20_G30_G12.2_F01_F03","2006_2010","2011_2015",5,"Typology_Services_EQI_Air","Q2",0.9572,0.8418,1.081,-4.2762,"0.4801"
"G20_G30_G12.2_F01_F03","2006_2010","2011_2015",5,"Typology_Services_EQI_Air","Q3",0.9448,0.8307,1.0712,-5.5207,"0.3672"
"G20_G30_G12.2_F01_F03","2006_2010","2011_2015",5,"Typology_Services_EQI_Air","Q4",0.9565,0.845,1.0756,-4.3527,"0.4611"
"G20_G30_G12.2_F01_F03","2006_2010","2011_2015",5,"Typology_Services_EQI_Air","Q5",0.9542,0.8372,1.0806,-4.5775,"0.4566"
"G20_G30_G12.2_F01_F03","2006_2010","2011_2015",5,"Typology_Services_EQI_Water","Q1",0.8904,0.7819,1.0095,-10.9551,"0.0677"
"G20_G30_G12.2_F01_F03","2006_2010","2011_2015",5,"Typology_Services_EQI_Water","Q2",0.8559,0.7393,0.9841,-14.4081,"0.0337"
"G20_G30_G12.2_F01_F03","2006_2010","2011_2015",5,"Typology_Services_EQI_Water","Q3",0.9314,0.8107,1.0613,-6.8627,"0.2867"
"G20_G30_G12.2_F01_F03","2006_2010","2011_2015",5,"Typology_Services_EQI_Water","Q4",1.0118,0.8967,1.1346,1.1772,"0.8830"
"G20_G30_G12.2_F01_F03","2006_2010","2011_2015",5,"Typology_Services_EQI_Water","Q5",1.0192,0.9027,1.1449,1.9234,"0.7841"
"G20_G30_G12.2_F01_F03","2006_2010","2011_2015",5,"Typology_Services_EQI_Land","Q1",0.8904,0.7819,1.0095,-10.9551,"0.0677"
"G20_G30_G12.2_F01_F03","2006_2010","2011_2015",5,"Typology_Services_EQI_Land","Q2",0.9796,0.853,1.1066,-2.0431,"0.7406"
"G20_G30_G12.2_F01_F03","2006_2010","2011_2015",5,"Typology_Services_EQI_Land","Q3",1.0069,0.8811,1.1395,0.6909,"0.9215"
"G20_G30_G12.2_F01_F03","2006_2010","2011_2015",5,"Typology_Services_EQI_Land","Q4",1.0631,0.9216,1.2113,6.3138,"0.3852"
"G20_G30_G12.2_F01_F03","2006_2010","2011_2015",5,"Typology_Services_EQI_Land","Q5",0.9145,0.7761,1.06,-8.5528,"0.2382"
"G20_G30_G12.2_F01_F03","2006_2010","2011_2015",5,"Typology_Services_EQI_Built","Q1",0.8904,0.7819,1.0095,-10.9551,"0.0677"
"G20_G30_G12.2_F01_F03","2006_2010","2011_2015",5,"Typology_Services_EQI_Built","Q2",1.0173,0.899,1.1453,1.7294,"0.7891"
"G20_G30_G12.2_F01_F03","2006_2010","2011_2015",5,"Typology_Services_EQI_Built","Q3",1.0074,0.8902,1.1378,0.7414,"0.9295"
"G20_G30_G12.2_F01_F03","2006_2010","2011_2015",5,"Typology_Services_EQI_Built","Q4",0.9824,0.8607,1.1221,-1.7639,"0.7806"
"G20_G30_G12.2_F01_F03","2006_2010","2011_2015",5,"Typology_Services_EQI_Built","Q5",0.9655,0.8361,1.1045,-3.4523,"0.6031"
"G20_G30_G12.2_F01_F03","2006_2010","2011_2015",5,"Typology_Services_EQI_Social","Q1",0.8904,0.7819,1.0095,-10.9551,"0.0677"
"G20_G30_G12.2_F01_F03","2006_2010","2011_2015",5,"Typology_Services_EQI_Social","Q2",0.8028,0.6889,0.9306,-19.7161,"0.0037"
"G20_G30_G12.2_F01_F03","2006_2010","2011_2015",5,"Typology_Services_EQI_Social","Q3",0.7641,0.6367,0.9016,-23.5899,"0.0012"
"G20_G30_G12.2_F01_F03","2006_2010","2011_2015",5,"Typology_Services_EQI_Social","Q4",0.7985,0.6396,0.964,-20.149,"0.0177"
"G20_G30_G12.2_F01_F03","2006_2010","2011_2015",5,"Typology_Services_EQI_Social","Q5",0.7003,0.5387,0.8663,-29.9733,"0.0007"
"G20_G30_G12.2_F01_F03","2006_2010","2016_2020",10,"Typology_Services_EQI","Q1",1.0339,0.9327,1.1436,3.3896,"0.5306"
"G20_G30_G12.2_F01_F03","2006_2010","2016_2020",10,"Typology_Services_EQI","Q2",1.1032,0.9968,1.2227,10.3221,"0.0617"
"G20_G30_G12.2_F01_F03","2006_2010","2016_2020",10,"Typology_Services_EQI","Q3",1.1783,1.068,1.2955,17.8337,"0.0012"
"G20_G30_G12.2_F01_F03","2006_2010","2016_2020",10,"Typology_Services_EQI","Q4",1.1432,1.0315,1.261,14.3158,"0.0062"
"G20_G30_G12.2_F01_F03","2006_2010","2016_2020",10,"Typology_Services_EQI","Q5",1.185,1.0682,1.3088,18.5049,"0.0007"
"G20_G30_G12.2_F01_F03","2006_2010","2016_2020",10,"Typology_Services_EQI_Air","Q1",0.9484,0.8336,1.065,-5.1614,"0.3857"
"G20_G30_G12.2_F01_F03","2006_2010","2016_2020",10,"Typology_Services_EQI_Air","Q2",0.98,0.8629,1.1024,-1.9998,"0.7471"
"G20_G30_G12.2_F01_F03","2006_2010","2016_2020",10,"Typology_Services_EQI_Air","Q3",0.9996,0.8831,1.1315,-0.0403,"0.9735"
"G20_G30_G12.2_F01_F03","2006_2010","2016_2020",10,"Typology_Services_EQI_Air","Q4",1.0022,0.8866,1.1297,0.2179,"0.9885"
"G20_G30_G12.2_F01_F03","2006_2010","2016_2020",10,"Typology_Services_EQI_Air","Q5",1.0454,0.9251,1.1705,4.5379,"0.4916"
"G20_G30_G12.2_F01_F03","2006_2010","2016_2020",10,"Typology_Services_EQI_Water","Q1",0.9484,0.8336,1.065,-5.1614,"0.3857"
"G20_G30_G12.2_F01_F03","2006_2010","2016_2020",10,"Typology_Services_EQI_Water","Q2",0.8765,0.7524,1.0067,-12.3527,"0.0662"
"G20_G30_G12.2_F01_F03","2006_2010","2016_2020",10,"Typology_Services_EQI_Water","Q3",0.9945,0.8668,1.1251,-0.5528,"0.9325"
"G20_G30_G12.2_F01_F03","2006_2010","2016_2020",10,"Typology_Services_EQI_Water","Q4",1.0202,0.8963,1.1515,2.02,"0.7606"
"G20_G30_G12.2_F01_F03","2006_2010","2016_2020",10,"Typology_Services_EQI_Water","Q5",1.0559,0.9291,1.186,5.5941,"0.3972"
"G20_G30_G12.2_F01_F03","2006_2010","2016_2020",10,"Typology_Services_EQI_Land","Q1",0.9484,0.8336,1.065,-5.1614,"0.3857"
"G20_G30_G12.2_F01_F03","2006_2010","2016_2020",10,"Typology_Services_EQI_Land","Q2",1.0246,0.8959,1.1577,2.4552,"0.7131"
"G20_G30_G12.2_F01_F03","2006_2010","2016_2020",10,"Typology_Services_EQI_Land","Q3",1.0725,0.9381,1.21,7.2471,"0.2992"
"G20_G30_G12.2_F01_F03","2006_2010","2016_2020",10,"Typology_Services_EQI_Land","Q4",1.1201,0.978,1.2676,12.0072,"0.1037"
"G20_G30_G12.2_F01_F03","2006_2010","2016_2020",10,"Typology_Services_EQI_Land","Q5",0.9999,0.8532,1.1493,-0.014,"0.9875"
"G20_G30_G12.2_F01_F03","2006_2010","2016_2020",10,"Typology_Services_EQI_Built","Q1",0.9484,0.8336,1.065,-5.1614,"0.3857"
"G20_G30_G12.2_F01_F03","2006_2010","2016_2020",10,"Typology_Services_EQI_Built","Q2",1.0485,0.9279,1.1778,4.852,"0.4601"
"G20_G30_G12.2_F01_F03","2006_2010","2016_2020",10,"Typology_Services_EQI_Built","Q3",1.0579,0.938,1.186,5.7903,"0.3587"
"G20_G30_G12.2_F01_F03","2006_2010","2016_2020",10,"Typology_Services_EQI_Built","Q4",0.9828,0.8552,1.1107,-1.7202,"0.7791"
"G20_G30_G12.2_F01_F03","2006_2010","2016_2020",10,"Typology_Services_EQI_Built","Q5",0.9852,0.8558,1.1292,-1.4754,"0.7966"
"G20_G30_G12.2_F01_F03","2006_2010","2016_2020",10,"Typology_Services_EQI_Social","Q1",0.9484,0.8336,1.065,-5.1614,"0.3857"
"G20_G30_G12.2_F01_F03","2006_2010","2016_2020",10,"Typology_Services_EQI_Social","Q2",0.8503,0.7297,0.9741,-14.9732,"0.0217"
"G20_G30_G12.2_F01_F03","2006_2010","2016_2020",10,"Typology_Services_EQI_Social","Q3",0.813,0.6863,0.9504,-18.6971,"0.0102"
"G20_G30_G12.2_F01_F03","2006_2010","2016_2020",10,"Typology_Services_EQI_Social","Q4",0.8918,0.7252,1.066,-10.8174,"0.2072"
"G20_G30_G12.2_F01_F03","2006_2010","2016_2020",10,"Typology_Services_EQI_Social","Q5",0.8123,0.6467,0.9792,-18.7724,"0.0287"
"G20_G30_G12.2_F01_F03","2000_2005","2006_2010",5,"Typology_Nonspecialized_EQI","Q1",1,1,1,0,NA
"G20_G30_G12.2_F01_F03","2000_2005","2006_2010",5,"Typology_Nonspecialized_EQI","Q2",1.0757,1.0133,1.1417,7.5673,"0.0177"
"G20_G30_G12.2_F01_F03","2000_2005","2006_2010",5,"Typology_Nonspecialized_EQI","Q3",1.2053,1.1344,1.2766,20.535,"0.0002"
"G20_G30_G12.2_F01_F03","2000_2005","2006_2010",5,"Typology_Nonspecialized_EQI","Q4",1.2906,1.2165,1.3707,29.0647,"0.0002"
"G20_G30_G12.2_F01_F03","2000_2005","2006_2010",5,"Typology_Nonspecialized_EQI","Q5",1.426,1.3457,1.5154,42.603,"0.0002"
"G20_G30_G12.2_F01_F03","2000_2005","2006_2010",5,"Typology_Nonspecialized_EQI_Air","Q1",0.8421,0.7433,0.9447,-15.7942,"0.0032"
"G20_G30_G12.2_F01_F03","2000_2005","2006_2010",5,"Typology_Nonspecialized_EQI_Air","Q2",0.8539,0.7585,0.953,-14.6127,"0.0042"
"G20_G30_G12.2_F01_F03","2000_2005","2006_2010",5,"Typology_Nonspecialized_EQI_Air","Q3",0.9293,0.8286,1.0321,-7.0727,"0.1757"
"G20_G30_G12.2_F01_F03","2000_2005","2006_2010",5,"Typology_Nonspecialized_EQI_Air","Q4",1.0609,0.9564,1.1714,6.0872,"0.2622"
"G20_G30_G12.2_F01_F03","2000_2005","2006_2010",5,"Typology_Nonspecialized_EQI_Air","Q5",1.078,0.9653,1.1987,7.7953,"0.1892"
"G20_G30_G12.2_F01_F03","2000_2005","2006_2010",5,"Typology_Nonspecialized_EQI_Water","Q1",0.8421,0.7433,0.9447,-15.7942,"0.0032"
"G20_G30_G12.2_F01_F03","2000_2005","2006_2010",5,"Typology_Nonspecialized_EQI_Water","Q2",0.8894,0.7878,0.9947,-11.0637,"0.0407"
"G20_G30_G12.2_F01_F03","2000_2005","2006_2010",5,"Typology_Nonspecialized_EQI_Water","Q3",0.9037,0.7993,1.0153,-9.6256,"0.0872"
"G20_G30_G12.2_F01_F03","2000_2005","2006_2010",5,"Typology_Nonspecialized_EQI_Water","Q4",0.9006,0.7942,1.0128,-9.9443,"0.0782"
"G20_G30_G12.2_F01_F03","2000_2005","2006_2010",5,"Typology_Nonspecialized_EQI_Water","Q5",0.9048,0.7997,1.0136,-9.5193,"0.0942"
"G20_G30_G12.2_F01_F03","2000_2005","2006_2010",5,"Typology_Nonspecialized_EQI_Land","Q1",0.8421,0.7433,0.9447,-15.7942,"0.0032"
"G20_G30_G12.2_F01_F03","2000_2005","2006_2010",5,"Typology_Nonspecialized_EQI_Land","Q2",0.8805,0.7777,0.9869,-11.9464,"0.0277"
"G20_G30_G12.2_F01_F03","2000_2005","2006_2010",5,"Typology_Nonspecialized_EQI_Land","Q3",0.8227,0.717,0.9311,-17.7256,"0.0017"
"G20_G30_G12.2_F01_F03","2000_2005","2006_2010",5,"Typology_Nonspecialized_EQI_Land","Q4",0.7943,0.6906,0.9023,-20.5652,"0.0012"
"G20_G30_G12.2_F01_F03","2000_2005","2006_2010",5,"Typology_Nonspecialized_EQI_Land","Q5",0.8053,0.697,0.9173,-19.4697,"0.0007"
"G20_G30_G12.2_F01_F03","2000_2005","2006_2010",5,"Typology_Nonspecialized_EQI_Built","Q1",0.8421,0.7433,0.9447,-15.7942,"0.0032"
"G20_G30_G12.2_F01_F03","2000_2005","2006_2010",5,"Typology_Nonspecialized_EQI_Built","Q2",0.9237,0.8193,1.0333,-7.6341,"0.1702"
"G20_G30_G12.2_F01_F03","2000_2005","2006_2010",5,"Typology_Nonspecialized_EQI_Built","Q3",0.932,0.8284,1.0389,-6.7968,"0.2202"
"G20_G30_G12.2_F01_F03","2000_2005","2006_2010",5,"Typology_Nonspecialized_EQI_Built","Q4",0.933,0.8279,1.0454,-6.6979,"0.2257"
"G20_G30_G12.2_F01_F03","2000_2005","2006_2010",5,"Typology_Nonspecialized_EQI_Built","Q5",0.8909,0.7857,1.001,-10.905,"0.0512"
"G20_G30_G12.2_F01_F03","2000_2005","2006_2010",5,"Typology_Nonspecialized_EQI_Social","Q1",0.8421,0.7433,0.9447,-15.7942,"0.0032"
"G20_G30_G12.2_F01_F03","2000_2005","2006_2010",5,"Typology_Nonspecialized_EQI_Social","Q2",0.9906,0.8839,1.1039,-0.9388,"0.8500"
"G20_G30_G12.2_F01_F03","2000_2005","2006_2010",5,"Typology_Nonspecialized_EQI_Social","Q3",1.0069,0.8974,1.1202,0.6904,"0.9125"
"G20_G30_G12.2_F01_F03","2000_2005","2006_2010",5,"Typology_Nonspecialized_EQI_Social","Q4",1.0816,0.9679,1.2015,8.1586,"0.1737"
"G20_G30_G12.2_F01_F03","2000_2005","2006_2010",5,"Typology_Nonspecialized_EQI_Social","Q5",1.1532,1.032,1.2799,15.3189,"0.0147"
"G20_G30_G12.2_F01_F03","2000_2005","2011_2015",10,"Typology_Nonspecialized_EQI","Q1",1.1968,1.0993,1.305,19.6793,"0.0002"
"G20_G30_G12.2_F01_F03","2000_2005","2011_2015",10,"Typology_Nonspecialized_EQI","Q2",1.2779,1.1751,1.3826,27.7927,"0.0002"
"G20_G30_G12.2_F01_F03","2000_2005","2011_2015",10,"Typology_Nonspecialized_EQI","Q3",1.3589,1.2572,1.4698,35.8902,"0.0002"
"G20_G30_G12.2_F01_F03","2000_2005","2011_2015",10,"Typology_Nonspecialized_EQI","Q4",1.4871,1.38,1.6028,48.7106,"0.0002"
"G20_G30_G12.2_F01_F03","2000_2005","2011_2015",10,"Typology_Nonspecialized_EQI","Q5",1.6656,1.5475,1.7896,66.5587,"0.0002"
"G20_G30_G12.2_F01_F03","2000_2005","2011_2015",10,"Typology_Nonspecialized_EQI_Air","Q1",1.0103,0.8987,1.1272,1.0313,"0.8705"
"G20_G30_G12.2_F01_F03","2000_2005","2011_2015",10,"Typology_Nonspecialized_EQI_Air","Q2",1.0538,0.9456,1.1735,5.3834,"0.3647"
"G20_G30_G12.2_F01_F03","2000_2005","2011_2015",10,"Typology_Nonspecialized_EQI_Air","Q3",1.1808,1.0635,1.307,18.0763,"0.0032"
"G20_G30_G12.2_F01_F03","2000_2005","2011_2015",10,"Typology_Nonspecialized_EQI_Air","Q4",1.2926,1.1734,1.4296,29.258,"0.0002"
"G20_G30_G12.2_F01_F03","2000_2005","2011_2015",10,"Typology_Nonspecialized_EQI_Air","Q5",1.3065,1.1766,1.4456,30.648,"0.0002"
"G20_G30_G12.2_F01_F03","2000_2005","2011_2015",10,"Typology_Nonspecialized_EQI_Water","Q1",1.0103,0.8987,1.1272,1.0313,"0.8705"
"G20_G30_G12.2_F01_F03","2000_2005","2011_2015",10,"Typology_Nonspecialized_EQI_Water","Q2",1.084,0.9682,1.2067,8.4045,"0.1572"
"G20_G30_G12.2_F01_F03","2000_2005","2011_2015",10,"Typology_Nonspecialized_EQI_Water","Q3",1.0584,0.9365,1.1829,5.8388,"0.3507"
"G20_G30_G12.2_F01_F03","2000_2005","2011_2015",10,"Typology_Nonspecialized_EQI_Water","Q4",1.1133,0.9899,1.2383,11.3262,"0.0697"
"G20_G30_G12.2_F01_F03","2000_2005","2011_2015",10,"Typology_Nonspecialized_EQI_Water","Q5",1.0772,0.9556,1.2083,7.7213,"0.2132"
"G20_G30_G12.2_F01_F03","2000_2005","2011_2015",10,"Typology_Nonspecialized_EQI_Land","Q1",1.0103,0.8987,1.1272,1.0313,"0.8705"
"G20_G30_G12.2_F01_F03","2000_2005","2011_2015",10,"Typology_Nonspecialized_EQI_Land","Q2",1.0267,0.9094,1.149,2.6742,"0.6796"
"G20_G30_G12.2_F01_F03","2000_2005","2011_2015",10,"Typology_Nonspecialized_EQI_Land","Q3",1.03,0.9112,1.1524,2.9958,"0.6261"
"G20_G30_G12.2_F01_F03","2000_2005","2011_2015",10,"Typology_Nonspecialized_EQI_Land","Q4",0.9527,0.8369,1.0747,-4.7306,"0.4206"
"G20_G30_G12.2_F01_F03","2000_2005","2011_2015",10,"Typology_Nonspecialized_EQI_Land","Q5",1.0458,0.9218,1.1755,4.5803,"0.4646"
"G20_G30_G12.2_F01_F03","2000_2005","2011_2015",10,"Typology_Nonspecialized_EQI_Built","Q1",1.0103,0.8987,1.1272,1.0313,"0.8705"
"G20_G30_G12.2_F01_F03","2000_2005","2011_2015",10,"Typology_Nonspecialized_EQI_Built","Q2",1.0962,0.9781,1.2198,9.6201,"0.1112"
"G20_G30_G12.2_F01_F03","2000_2005","2011_2015",10,"Typology_Nonspecialized_EQI_Built","Q3",1.092,0.9698,1.2136,9.1954,"0.1377"
"G20_G30_G12.2_F01_F03","2000_2005","2011_2015",10,"Typology_Nonspecialized_EQI_Built","Q4",1.0941,0.9731,1.2197,9.4128,"0.1267"
"G20_G30_G12.2_F01_F03","2000_2005","2011_2015",10,"Typology_Nonspecialized_EQI_Built","Q5",1.0521,0.9323,1.1754,5.2093,"0.3987"
"G20_G30_G12.2_F01_F03","2000_2005","2011_2015",10,"Typology_Nonspecialized_EQI_Social","Q1",1.0103,0.8987,1.1272,1.0313,"0.8705"
"G20_G30_G12.2_F01_F03","2000_2005","2011_2015",10,"Typology_Nonspecialized_EQI_Social","Q2",1.0953,0.9726,1.219,9.5306,"0.1227"
"G20_G30_G12.2_F01_F03","2000_2005","2011_2015",10,"Typology_Nonspecialized_EQI_Social","Q3",1.1402,1.0153,1.2687,14.0213,"0.0282"
"G20_G30_G12.2_F01_F03","2000_2005","2011_2015",10,"Typology_Nonspecialized_EQI_Social","Q4",1.2045,1.0783,1.3367,20.4489,"0.0012"
"G20_G30_G12.2_F01_F03","2000_2005","2011_2015",10,"Typology_Nonspecialized_EQI_Social","Q5",1.2686,1.1379,1.4089,26.856,"0.0002"
"G20_G30_G12.2_F01_F03","2000_2005","2016_2020",15,"Typology_Nonspecialized_EQI","Q1",1.2501,1.1522,1.3548,25.0063,"0.0002"
"G20_G30_G12.2_F01_F03","2000_2005","2016_2020",15,"Typology_Nonspecialized_EQI","Q2",1.3407,1.2393,1.4491,34.0718,"0.0002"
"G20_G30_G12.2_F01_F03","2000_2005","2016_2020",15,"Typology_Nonspecialized_EQI","Q3",1.3889,1.2878,1.5012,38.8885,"0.0002"
"G20_G30_G12.2_F01_F03","2000_2005","2016_2020",15,"Typology_Nonspecialized_EQI","Q4",1.5271,1.4177,1.6435,52.7075,"0.0002"
"G20_G30_G12.2_F01_F03","2000_2005","2016_2020",15,"Typology_Nonspecialized_EQI","Q5",1.6424,1.5272,1.7677,64.2394,"0.0002"
"G20_G30_G12.2_F01_F03","2000_2005","2016_2020",15,"Typology_Nonspecialized_EQI_Air","Q1",1.1106,0.9962,1.2327,11.0558,"0.0587"
"G20_G30_G12.2_F01_F03","2000_2005","2016_2020",15,"Typology_Nonspecialized_EQI_Air","Q2",1.1571,1.0417,1.2809,15.7088,"0.0052"
"G20_G30_G12.2_F01_F03","2000_2005","2016_2020",15,"Typology_Nonspecialized_EQI_Air","Q3",1.2531,1.1284,1.381,25.3136,"0.0002"
"G20_G30_G12.2_F01_F03","2000_2005","2016_2020",15,"Typology_Nonspecialized_EQI_Air","Q4",1.3561,1.2308,1.4876,35.6089,"0.0002"
"G20_G30_G12.2_F01_F03","2000_2005","2016_2020",15,"Typology_Nonspecialized_EQI_Air","Q5",1.3318,1.1975,1.473,33.1772,"0.0002"
"G20_G30_G12.2_F01_F03","2000_2005","2016_2020",15,"Typology_Nonspecialized_EQI_Water","Q1",1.1106,0.9962,1.2327,11.0558,"0.0587"
"G20_G30_G12.2_F01_F03","2000_2005","2016_2020",15,"Typology_Nonspecialized_EQI_Water","Q2",1.1555,1.0364,1.2829,15.5508,"0.0097"
"G20_G30_G12.2_F01_F03","2000_2005","2016_2020",15,"Typology_Nonspecialized_EQI_Water","Q3",1.1361,1.0153,1.2654,13.6114,"0.0247"
"G20_G30_G12.2_F01_F03","2000_2005","2016_2020",15,"Typology_Nonspecialized_EQI_Water","Q4",1.1712,1.052,1.302,17.1167,"0.0022"
"G20_G30_G12.2_F01_F03","2000_2005","2016_2020",15,"Typology_Nonspecialized_EQI_Water","Q5",1.1735,1.0482,1.3047,17.3544,"0.0062"
"G20_G30_G12.2_F01_F03","2000_2005","2016_2020",15,"Typology_Nonspecialized_EQI_Land","Q1",1.1106,0.9962,1.2327,11.0558,"0.0587"
"G20_G30_G12.2_F01_F03","2000_2005","2016_2020",15,"Typology_Nonspecialized_EQI_Land","Q2",1.1399,1.0189,1.2664,13.9876,"0.0267"
"G20_G30_G12.2_F01_F03","2000_2005","2016_2020",15,"Typology_Nonspecialized_EQI_Land","Q3",1.1465,1.0233,1.2744,14.6545,"0.0182"
"G20_G30_G12.2_F01_F03","2000_2005","2016_2020",15,"Typology_Nonspecialized_EQI_Land","Q4",1.1293,1.0092,1.26,12.935,"0.0382"
"G20_G30_G12.2_F01_F03","2000_2005","2016_2020",15,"Typology_Nonspecialized_EQI_Land","Q5",1.1892,1.0603,1.3263,18.9179,"0.0047"
"G20_G30_G12.2_F01_F03","2000_2005","2016_2020",15,"Typology_Nonspecialized_EQI_Built","Q1",1.1106,0.9962,1.2327,11.0558,"0.0587"
"G20_G30_G12.2_F01_F03","2000_2005","2016_2020",15,"Typology_Nonspecialized_EQI_Built","Q2",1.1654,1.0434,1.2937,16.5398,"0.0062"
"G20_G30_G12.2_F01_F03","2000_2005","2016_2020",15,"Typology_Nonspecialized_EQI_Built","Q3",1.1774,1.055,1.3095,17.7389,"0.0037"
"G20_G30_G12.2_F01_F03","2000_2005","2016_2020",15,"Typology_Nonspecialized_EQI_Built","Q4",1.1934,1.0704,1.3223,19.3352,"0.0022"
"G20_G30_G12.2_F01_F03","2000_2005","2016_2020",15,"Typology_Nonspecialized_EQI_Built","Q5",1.1465,1.0212,1.2767,14.6469,"0.0187"
"G20_G30_G12.2_F01_F03","2000_2005","2016_2020",15,"Typology_Nonspecialized_EQI_Social","Q1",1.1106,0.9962,1.2327,11.0558,"0.0587"
"G20_G30_G12.2_F01_F03","2000_2005","2016_2020",15,"Typology_Nonspecialized_EQI_Social","Q2",1.1273,1.0083,1.2535,12.728,"0.0387"
"G20_G30_G12.2_F01_F03","2000_2005","2016_2020",15,"Typology_Nonspecialized_EQI_Social","Q3",1.2002,1.0771,1.3281,20.0201,"0.0012"
"G20_G30_G12.2_F01_F03","2000_2005","2016_2020",15,"Typology_Nonspecialized_EQI_Social","Q4",1.2357,1.106,1.3712,23.5724,"0.0002"
"G20_G30_G12.2_F01_F03","2000_2005","2016_2020",15,"Typology_Nonspecialized_EQI_Social","Q5",1.3154,1.1755,1.4587,31.5378,"0.0002"
"G20_G30_G12.2_F01_F03","2006_2010","2011_2015",5,"Typology_Nonspecialized_EQI","Q1",1,1,1,0,NA
"G20_G30_G12.2_F01_F03","2006_2010","2011_2015",5,"Typology_Nonspecialized_EQI","Q2",1.0935,1.0357,1.1521,9.3536,"0.0007"
"G20_G30_G12.2_F01_F03","2006_2010","2011_2015",5,"Typology_Nonspecialized_EQI","Q3",1.1258,1.0676,1.1877,12.5753,"0.0002"
"G20_G30_G12.2_F01_F03","2006_2010","2011_2015",5,"Typology_Nonspecialized_EQI","Q4",1.1652,1.1062,1.2299,16.5234,"0.0002"
"G20_G30_G12.2_F01_F03","2006_2010","2011_2015",5,"Typology_Nonspecialized_EQI","Q5",1.2027,1.1391,1.2703,20.2743,"0.0002"
"G20_G30_G12.2_F01_F03","2006_2010","2011_2015",5,"Typology_Nonspecialized_EQI_Air","Q1",1.055,0.9532,1.1645,5.5026,"0.3052"
"G20_G30_G12.2_F01_F03","2006_2010","2011_2015",5,"Typology_Nonspecialized_EQI_Air","Q2",1.1021,0.9975,1.2154,10.2148,"0.0572"
"G20_G30_G12.2_F01_F03","2006_2010","2011_2015",5,"Typology_Nonspecialized_EQI_Air","Q3",1.0989,0.9924,1.2153,9.8856,"0.0722"
"G20_G30_G12.2_F01_F03","2006_2010","2011_2015",5,"Typology_Nonspecialized_EQI_Air","Q4",1.108,1.0008,1.2218,10.8044,"0.0497"
"G20_G30_G12.2_F01_F03","2006_2010","2011_2015",5,"Typology_Nonspecialized_EQI_Air","Q5",1.0811,0.9736,1.1953,8.1145,"0.1442"
"G20_G30_G12.2_F01_F03","2006_2010","2011_2015",5,"Typology_Nonspecialized_EQI_Water","Q1",1.055,0.9532,1.1645,5.5026,"0.3052"
"G20_G30_G12.2_F01_F03","2006_2010","2011_2015",5,"Typology_Nonspecialized_EQI_Water","Q2",1.0881,0.985,1.203,8.8094,"0.1027"
"G20_G30_G12.2_F01_F03","2006_2010","2011_2015",5,"Typology_Nonspecialized_EQI_Water","Q3",1.0661,0.964,1.1769,6.6065,"0.2047"
"G20_G30_G12.2_F01_F03","2006_2010","2011_2015",5,"Typology_Nonspecialized_EQI_Water","Q4",1.1156,1.0138,1.2277,11.5567,"0.0262"
"G20_G30_G12.2_F01_F03","2006_2010","2011_2015",5,"Typology_Nonspecialized_EQI_Water","Q5",1.0906,0.9896,1.2019,9.0611,"0.0852"
"G20_G30_G12.2_F01_F03","2006_2010","2011_2015",5,"Typology_Nonspecialized_EQI_Land","Q1",1.055,0.9532,1.1645,5.5026,"0.3052"
"G20_G30_G12.2_F01_F03","2006_2010","2011_2015",5,"Typology_Nonspecialized_EQI_Land","Q2",1.1127,1.0083,1.2256,11.2738,"0.0307"
"G20_G30_G12.2_F01_F03","2006_2010","2011_2015",5,"Typology_Nonspecialized_EQI_Land","Q3",1.1017,0.9995,1.2155,10.1652,"0.0527"
"G20_G30_G12.2_F01_F03","2006_2010","2011_2015",5,"Typology_Nonspecialized_EQI_Land","Q4",1.1497,1.042,1.2669,14.9689,"0.0037"
"G20_G30_G12.2_F01_F03","2006_2010","2011_2015",5,"Typology_Nonspecialized_EQI_Land","Q5",1.1416,1.0363,1.2583,14.1618,"0.0067"
"G20_G30_G12.2_F01_F03","2006_2010","2011_2015",5,"Typology_Nonspecialized_EQI_Built","Q1",1.055,0.9532,1.1645,5.5026,"0.3052"
"G20_G30_G12.2_F01_F03","2006_2010","2011_2015",5,"Typology_Nonspecialized_EQI_Built","Q2",1.1217,1.0155,1.2342,12.1651,"0.0232"
"G20_G30_G12.2_F01_F03","2006_2010","2011_2015",5,"Typology_Nonspecialized_EQI_Built","Q3",1.1191,1.0125,1.2309,11.9106,"0.0262"
"G20_G30_G12.2_F01_F03","2006_2010","2011_2015",5,"Typology_Nonspecialized_EQI_Built","Q4",1.1691,1.0615,1.2858,16.9138,"0.0007"
"G20_G30_G12.2_F01_F03","2006_2010","2011_2015",5,"Typology_Nonspecialized_EQI_Built","Q5",1.1776,1.071,1.2883,17.759,"0.0012"
"G20_G30_G12.2_F01_F03","2006_2010","2011_2015",5,"Typology_Nonspecialized_EQI_Social","Q1",1.055,0.9532,1.1645,5.5026,"0.3052"
"G20_G30_G12.2_F01_F03","2006_2010","2011_2015",5,"Typology_Nonspecialized_EQI_Social","Q2",1.0063,0.9119,1.1064,0.6337,"0.9280"
"G20_G30_G12.2_F01_F03","2006_2010","2011_2015",5,"Typology_Nonspecialized_EQI_Social","Q3",0.9173,0.8236,1.0161,-8.2719,"0.0952"
"G20_G30_G12.2_F01_F03","2006_2010","2011_2015",5,"Typology_Nonspecialized_EQI_Social","Q4",0.8396,0.7494,0.936,-16.0417,"0.0012"
"G20_G30_G12.2_F01_F03","2006_2010","2011_2015",5,"Typology_Nonspecialized_EQI_Social","Q5",0.7767,0.6836,0.8725,-22.3266,"0.0002"
"G20_G30_G12.2_F01_F03","2006_2010","2016_2020",10,"Typology_Nonspecialized_EQI","Q1",1.0325,0.9559,1.116,3.2475,"0.4136"
"G20_G30_G12.2_F01_F03","2006_2010","2016_2020",10,"Typology_Nonspecialized_EQI","Q2",1.1006,1.0189,1.1839,10.0588,"0.0197"
"G20_G30_G12.2_F01_F03","2006_2010","2016_2020",10,"Typology_Nonspecialized_EQI","Q3",1.1549,1.0701,1.2383,15.4906,"0.0017"
"G20_G30_G12.2_F01_F03","2006_2010","2016_2020",10,"Typology_Nonspecialized_EQI","Q4",1.1711,1.0871,1.2584,17.1063,"0.0012"
"G20_G30_G12.2_F01_F03","2006_2010","2016_2020",10,"Typology_Nonspecialized_EQI","Q5",1.204,1.1161,1.2947,20.3963,"0.0007"
"G20_G30_G12.2_F01_F03","2006_2010","2016_2020",10,"Typology_Nonspecialized_EQI_Air","Q1",1.0276,0.9301,1.1295,2.7574,"0.5891"
"G20_G30_G12.2_F01_F03","2006_2010","2016_2020",10,"Typology_Nonspecialized_EQI_Air","Q2",1.0645,0.9625,1.1698,6.4486,"0.2112"
"G20_G30_G12.2_F01_F03","2006_2010","2016_2020",10,"Typology_Nonspecialized_EQI_Air","Q3",1.0426,0.9383,1.1481,4.2646,"0.4041"
"G20_G30_G12.2_F01_F03","2006_2010","2016_2020",10,"Typology_Nonspecialized_EQI_Air","Q4",1.0879,0.9818,1.1976,8.7894,"0.1067"
"G20_G30_G12.2_F01_F03","2006_2010","2016_2020",10,"Typology_Nonspecialized_EQI_Air","Q5",1.0671,0.9604,1.1751,6.7082,"0.2217"
"G20_G30_G12.2_F01_F03","2006_2010","2016_2020",10,"Typology_Nonspecialized_EQI_Water","Q1",1.0276,0.9301,1.1295,2.7574,"0.5891"
"G20_G30_G12.2_F01_F03","2006_2010","2016_2020",10,"Typology_Nonspecialized_EQI_Water","Q2",1.0724,0.9679,1.182,7.2372,"0.1717"
"G20_G30_G12.2_F01_F03","2006_2010","2016_2020",10,"Typology_Nonspecialized_EQI_Water","Q3",1.0355,0.9343,1.1399,3.5453,"0.4946"
"G20_G30_G12.2_F01_F03","2006_2010","2016_2020",10,"Typology_Nonspecialized_EQI_Water","Q4",1.0743,0.9731,1.1787,7.4284,"0.1407"
"G20_G30_G12.2_F01_F03","2006_2010","2016_2020",10,"Typology_Nonspecialized_EQI_Water","Q5",1.0835,0.985,1.1905,8.3474,"0.1027"
"G20_G30_G12.2_F01_F03","2006_2010","2016_2020",10,"Typology_Nonspecialized_EQI_Land","Q1",1.0276,0.9301,1.1295,2.7574,"0.5891"
"G20_G30_G12.2_F01_F03","2006_2010","2016_2020",10,"Typology_Nonspecialized_EQI_Land","Q2",1.0928,0.9878,1.2014,9.2828,"0.0797"
"G20_G30_G12.2_F01_F03","2006_2010","2016_2020",10,"Typology_Nonspecialized_EQI_Land","Q3",1.0907,0.9867,1.1968,9.0659,"0.0912"
"G20_G30_G12.2_F01_F03","2006_2010","2016_2020",10,"Typology_Nonspecialized_EQI_Land","Q4",1.1664,1.0646,1.2763,16.6411,"0.0052"
"G20_G30_G12.2_F01_F03","2006_2010","2016_2020",10,"Typology_Nonspecialized_EQI_Land","Q5",1.1573,1.0508,1.2651,15.7272,"0.0057"
"G20_G30_G12.2_F01_F03","2006_2010","2016_2020",10,"Typology_Nonspecialized_EQI_Built","Q1",1.0276,0.9301,1.1295,2.7574,"0.5891"
"G20_G30_G12.2_F01_F03","2006_2010","2016_2020",10,"Typology_Nonspecialized_EQI_Built","Q2",1.1066,1.0044,1.2155,10.6641,"0.0407"
"G20_G30_G12.2_F01_F03","2006_2010","2016_2020",10,"Typology_Nonspecialized_EQI_Built","Q3",1.0896,0.9894,1.1928,8.961,"0.0787"
"G20_G30_G12.2_F01_F03","2006_2010","2016_2020",10,"Typology_Nonspecialized_EQI_Built","Q4",1.1139,1.0093,1.2206,11.3916,"0.0342"
"G20_G30_G12.2_F01_F03","2006_2010","2016_2020",10,"Typology_Nonspecialized_EQI_Built","Q5",1.1316,1.0299,1.2414,13.1617,"0.0132"
"G20_G30_G12.2_F01_F03","2006_2010","2016_2020",10,"Typology_Nonspecialized_EQI_Social","Q1",1.0276,0.9301,1.1295,2.7574,"0.5891"
"G20_G30_G12.2_F01_F03","2006_2010","2016_2020",10,"Typology_Nonspecialized_EQI_Social","Q2",0.9746,0.8839,1.0711,-2.5354,"0.5931"
"G20_G30_G12.2_F01_F03","2006_2010","2016_2020",10,"Typology_Nonspecialized_EQI_Social","Q3",0.9293,0.8382,1.0244,-7.071,"0.1342"
"G20_G30_G12.2_F01_F03","2006_2010","2016_2020",10,"Typology_Nonspecialized_EQI_Social","Q4",0.8656,0.774,0.96,-13.4422,"0.0087"
"G20_G30_G12.2_F01_F03","2006_2010","2016_2020",10,"Typology_Nonspecialized_EQI_Social","Q5",0.849,0.7581,0.9454,-15.0978,"0.0032"
