ICD_Code,EQI_Period,AAMR_Period,Lag,Model,Quintile,MRR_mean,MRR_lower,MRR_upper,pct_diff,p
G20_G30_G12.2_F01_F03,2000_2005,2006_2010,5,RUCC1_EQI,Q1,1,1,1,0,NA
G20_G30_G12.2_F01_F03,2000_2005,2006_2010,5,RUCC1_EQI,Q2,1.0314,0.9639,1.1037,3.1406,0.3727
G20_G30_G12.2_F01_F03,2000_2005,2006_2010,5,RUCC1_EQI,Q3,1.0973,1.0365,1.1658,9.7253,0.0027
G20_G30_G12.2_F01_F03,2000_2005,2006_2010,5,RUCC1_EQI,Q4,1.177,1.1111,1.2491,17.7026,0.0002
G20_G30_G12.2_F01_F03,2000_2005,2006_2010,5,RUCC1_EQI,Q5,1.2642,1.1937,1.3408,26.4218,0.0002
"G20_G30_G12.2_F01_F03","2000_2005","2006_2010",5,"RUCC1_EQI_Air","Q1",0.7895,0.6806,0.904,-21.0506,"0.0007"
"G20_G30_G12.2_F01_F03","2000_2005","2006_2010",5,"RUCC1_EQI_Air","Q2",0.8369,0.7267,0.9527,-16.3062,"0.0047"
"G20_G30_G12.2_F01_F03","2000_2005","2006_2010",5,"RUCC1_EQI_Air","Q3",0.8788,0.7742,0.984,-12.1163,"0.0257"
"G20_G30_G12.2_F01_F03","2000_2005","2006_2010",5,"RUCC1_EQI_Air","Q4",0.9197,0.815,1.0286,-8.033,"0.1357"
"G20_G30_G12.2_F01_F03","2000_2005","2006_2010",5,"RUCC1_EQI_Air","Q5",0.9458,0.8409,1.0563,-5.4227,"0.3072"
"G20_G30_G12.2_F01_F03","2000_2005","2006_2010",5,"RUCC1_EQI_Water","Q1",0.7895,0.6806,0.904,-21.0506,"0.0007"
"G20_G30_G12.2_F01_F03","2000_2005","2006_2010",5,"RUCC1_EQI_Water","Q2",0.8677,0.7507,0.9948,-13.2301,"0.0402"
"G20_G30_G12.2_F01_F03","2000_2005","2006_2010",5,"RUCC1_EQI_Water","Q3",0.8464,0.7303,0.9729,-15.3573,"0.0182"
"G20_G30_G12.2_F01_F03","2000_2005","2006_2010",5,"RUCC1_EQI_Water","Q4",0.8288,0.7142,0.9533,-17.1194,"0.0092"
"G20_G30_G12.2_F01_F03","2000_2005","2006_2010",5,"RUCC1_EQI_Water","Q5",0.8432,0.7261,0.9685,-15.6817,"0.0157"
"G20_G30_G12.2_F01_F03","2000_2005","2006_2010",5,"RUCC1_EQI_Land","Q1",0.7895,0.6806,0.904,-21.0506,"0.0007"
"G20_G30_G12.2_F01_F03","2000_2005","2006_2010",5,"RUCC1_EQI_Land","Q2",0.8306,0.7161,0.9529,-16.9413,"0.0057"
"G20_G30_G12.2_F01_F03","2000_2005","2006_2010",5,"RUCC1_EQI_Land","Q3",0.8191,0.7056,0.941,-18.0932,"0.0042"
"G20_G30_G12.2_F01_F03","2000_2005","2006_2010",5,"RUCC1_EQI_Land","Q4",0.7909,0.6775,0.9108,-20.9091,"0.0012"
"G20_G30_G12.2_F01_F03","2000_2005","2006_2010",5,"RUCC1_EQI_Land","Q5",0.8171,0.7005,0.941,-18.2896,"0.0052"
"G20_G30_G12.2_F01_F03","2000_2005","2006_2010",5,"RUCC1_EQI_Built","Q1",0.7895,0.6806,0.904,-21.0506,"0.0007"
"G20_G30_G12.2_F01_F03","2000_2005","2006_2010",5,"RUCC1_EQI_Built","Q2",0.841,0.73,0.9593,-15.9015,"0.0147"
"G20_G30_G12.2_F01_F03","2000_2005","2006_2010",5,"RUCC1_EQI_Built","Q3",0.8567,0.7385,0.9771,-14.3279,"0.0222"
"G20_G30_G12.2_F01_F03","2000_2005","2006_2010",5,"RUCC1_EQI_Built","Q4",0.857,0.7386,0.9796,-14.2962,"0.0207"
"G20_G30_G12.2_F01_F03","2000_2005","2006_2010",5,"RUCC1_EQI_Built","Q5",0.8704,0.7505,0.9933,-12.9605,"0.0382"
"G20_G30_G12.2_F01_F03","2000_2005","2006_2010",5,"RUCC1_EQI_Social","Q1",0.7895,0.6806,0.904,-21.0506,"0.0007"
"G20_G30_G12.2_F01_F03","2000_2005","2006_2010",5,"RUCC1_EQI_Social","Q2",0.847,0.7377,0.9685,-15.2959,"0.0122"
"G20_G30_G12.2_F01_F03","2000_2005","2006_2010",5,"RUCC1_EQI_Social","Q3",0.8833,0.7707,0.9995,-11.6685,"0.0487"
"G20_G30_G12.2_F01_F03","2000_2005","2006_2010",5,"RUCC1_EQI_Social","Q4",0.9254,0.813,1.0467,-7.4576,"0.2102"
"G20_G30_G12.2_F01_F03","2000_2005","2006_2010",5,"RUCC1_EQI_Social","Q5",1.0165,0.9001,1.1453,1.6549,"0.7926"
"G20_G30_G12.2_F01_F03","2000_2005","2011_2015",10,"RUCC1_EQI","Q1",1.1725,1.0751,1.2847,17.2543,"0.0002"
"G20_G30_G12.2_F01_F03","2000_2005","2011_2015",10,"RUCC1_EQI","Q2",1.1833,1.0852,1.2944,18.3325,"0.0002"
"G20_G30_G12.2_F01_F03","2000_2005","2011_2015",10,"RUCC1_EQI","Q3",1.2924,1.1884,1.4047,29.2371,"0.0002"
"G20_G30_G12.2_F01_F03","2000_2005","2011_2015",10,"RUCC1_EQI","Q4",1.3612,1.2615,1.4733,36.1236,"0.0002"
"G20_G30_G12.2_F01_F03","2000_2005","2011_2015",10,"RUCC1_EQI","Q5",1.4429,1.3398,1.5599,44.2887,"0.0002"
"G20_G30_G12.2_F01_F03","2000_2005","2011_2015",10,"RUCC1_EQI_Air","Q1",0.957,0.8405,1.074,-4.3014,"0.4646"
"G20_G30_G12.2_F01_F03","2000_2005","2011_2015",10,"RUCC1_EQI_Air","Q2",0.9829,0.8685,1.1026,-1.7109,"0.7466"
"G20_G30_G12.2_F01_F03","2000_2005","2011_2015",10,"RUCC1_EQI_Air","Q3",1.0522,0.9446,1.1641,5.2151,"0.3687"
"G20_G30_G12.2_F01_F03","2000_2005","2011_2015",10,"RUCC1_EQI_Air","Q4",1.0921,0.9825,1.2079,9.2118,"0.0997"
"G20_G30_G12.2_F01_F03","2000_2005","2011_2015",10,"RUCC1_EQI_Air","Q5",1.124,1.0107,1.2424,12.4023,"0.0322"
"G20_G30_G12.2_F01_F03","2000_2005","2011_2015",10,"RUCC1_EQI_Water","Q1",0.957,0.8405,1.074,-4.3014,"0.4646"
"G20_G30_G12.2_F01_F03","2000_2005","2011_2015",10,"RUCC1_EQI_Water","Q2",1.0209,0.8979,1.1499,2.0857,"0.7471"
"G20_G30_G12.2_F01_F03","2000_2005","2011_2015",10,"RUCC1_EQI_Water","Q3",0.9964,0.8745,1.1247,-0.3641,"0.9305"
"G20_G30_G12.2_F01_F03","2000_2005","2011_2015",10,"RUCC1_EQI_Water","Q4",1.0016,0.8756,1.1324,0.1594,"0.9925"
"G20_G30_G12.2_F01_F03","2000_2005","2011_2015",10,"RUCC1_EQI_Water","Q5",0.9894,0.8673,1.1177,-1.0632,"0.8565"
"G20_G30_G12.2_F01_F03","2000_2005","2011_2015",10,"RUCC1_EQI_Land","Q1",0.957,0.8405,1.074,-4.3014,"0.4646"
"G20_G30_G12.2_F01_F03","2000_2005","2011_2015",10,"RUCC1_EQI_Land","Q2",0.9981,0.8816,1.123,-0.1909,"0.9535"
"G20_G30_G12.2_F01_F03","2000_2005","2011_2015",10,"RUCC1_EQI_Land","Q3",1.0253,0.9081,1.1511,2.5331,"0.6896"
"G20_G30_G12.2_F01_F03","2000_2005","2011_2015",10,"RUCC1_EQI_Land","Q4",0.9891,0.8702,1.1156,-1.0928,"0.8455"
"G20_G30_G12.2_F01_F03","2000_2005","2011_2015",10,"RUCC1_EQI_Land","Q5",1.0035,0.8841,1.1307,0.3538,"0.9775"
"G20_G30_G12.2_F01_F03","2000_2005","2011_2015",10,"RUCC1_EQI_Built","Q1",0.957,0.8405,1.074,-4.3014,"0.4646"
"G20_G30_G12.2_F01_F03","2000_2005","2011_2015",10,"RUCC1_EQI_Built","Q2",1.0367,0.917,1.1633,3.6691,"0.5631"
"G20_G30_G12.2_F01_F03","2000_2005","2011_2015",10,"RUCC1_EQI_Built","Q3",1.0188,0.8986,1.1444,1.8785,"0.7706"
"G20_G30_G12.2_F01_F03","2000_2005","2011_2015",10,"RUCC1_EQI_Built","Q4",1.0244,0.8996,1.1519,2.4377,"0.7061"
"G20_G30_G12.2_F01_F03","2000_2005","2011_2015",10,"RUCC1_EQI_Built","Q5",1.0275,0.9043,1.1556,2.7511,"0.6631"
"G20_G30_G12.2_F01_F03","2000_2005","2011_2015",10,"RUCC1_EQI_Social","Q1",0.957,0.8405,1.074,-4.3014,"0.4646"
"G20_G30_G12.2_F01_F03","2000_2005","2011_2015",10,"RUCC1_EQI_Social","Q2",1.0212,0.9028,1.1446,2.1229,"0.7486"
"G20_G30_G12.2_F01_F03","2000_2005","2011_2015",10,"RUCC1_EQI_Social","Q3",1.071,0.9504,1.1982,7.1024,"0.2572"
"G20_G30_G12.2_F01_F03","2000_2005","2011_2015",10,"RUCC1_EQI_Social","Q4",1.0948,0.9717,1.2226,9.4788,"0.1332"
"G20_G30_G12.2_F01_F03","2000_2005","2011_2015",10,"RUCC1_EQI_Social","Q5",1.1783,1.0521,1.3131,17.8343,"0.0022"
"G20_G30_G12.2_F01_F03","2000_2005","2016_2020",15,"RUCC1_EQI","Q1",1.2037,1.1045,1.3086,20.375,"0.0002"
"G20_G30_G12.2_F01_F03","2000_2005","2016_2020",15,"RUCC1_EQI","Q2",1.1988,1.099,1.3048,19.8827,"0.0002"
"G20_G30_G12.2_F01_F03","2000_2005","2016_2020",15,"RUCC1_EQI","Q3",1.2944,1.1966,1.4007,29.4364,"0.0002"
"G20_G30_G12.2_F01_F03","2000_2005","2016_2020",15,"RUCC1_EQI","Q4",1.3722,1.2706,1.4808,37.2246,"0.0002"
"G20_G30_G12.2_F01_F03","2000_2005","2016_2020",15,"RUCC1_EQI","Q5",1.44,1.338,1.5492,43.9956,"0.0002"
"G20_G30_G12.2_F01_F03","2000_2005","2016_2020",15,"RUCC1_EQI_Air","Q1",1.0196,0.9052,1.1442,1.9627,"0.7796"
"G20_G30_G12.2_F01_F03","2000_2005","2016_2020",15,"RUCC1_EQI_Air","Q2",1.0434,0.9237,1.1672,4.337,"0.4876"
"G20_G30_G12.2_F01_F03","2000_2005","2016_2020",15,"RUCC1_EQI_Air","Q3",1.0801,0.9701,1.1993,8.0062,"0.1632"
"G20_G30_G12.2_F01_F03","2000_2005","2016_2020",15,"RUCC1_EQI_Air","Q4",1.1481,1.0338,1.2727,14.8071,"0.0052"
"G20_G30_G12.2_F01_F03","2000_2005","2016_2020",15,"RUCC1_EQI_Air","Q5",1.1633,1.0448,1.2861,16.33,"0.0052"
"G20_G30_G12.2_F01_F03","2000_2005","2016_2020",15,"RUCC1_EQI_Water","Q1",1.0196,0.9052,1.1442,1.9627,"0.7796"
"G20_G30_G12.2_F01_F03","2000_2005","2016_2020",15,"RUCC1_EQI_Water","Q2",1.0629,0.9419,1.1959,6.2884,"0.3357"
"G20_G30_G12.2_F01_F03","2000_2005","2016_2020",15,"RUCC1_EQI_Water","Q3",1.0573,0.939,1.191,5.7268,"0.3787"
"G20_G30_G12.2_F01_F03","2000_2005","2016_2020",15,"RUCC1_EQI_Water","Q4",1.0653,0.9467,1.1959,6.5344,"0.3207"
"G20_G30_G12.2_F01_F03","2000_2005","2016_2020",15,"RUCC1_EQI_Water","Q5",1.0811,0.9602,1.213,8.1108,"0.2117"
"G20_G30_G12.2_F01_F03","2000_2005","2016_2020",15,"RUCC1_EQI_Land","Q1",1.0196,0.9052,1.1442,1.9627,"0.7796"
"G20_G30_G12.2_F01_F03","2000_2005","2016_2020",15,"RUCC1_EQI_Land","Q2",1.0776,0.9553,1.2095,7.7629,"0.2272"
"G20_G30_G12.2_F01_F03","2000_2005","2016_2020",15,"RUCC1_EQI_Land","Q3",1.0894,0.9662,1.2204,8.9354,"0.1602"
"G20_G30_G12.2_F01_F03","2000_2005","2016_2020",15,"RUCC1_EQI_Land","Q4",1.0653,0.9411,1.1988,6.5262,"0.3257"
"G20_G30_G12.2_F01_F03","2000_2005","2016_2020",15,"RUCC1_EQI_Land","Q5",1.0842,0.9604,1.2242,8.4152,"0.2002"
"G20_G30_G12.2_F01_F03","2000_2005","2016_2020",15,"RUCC1_EQI_Built","Q1",1.0196,0.9052,1.1442,1.9627,"0.7796"
"G20_G30_G12.2_F01_F03","2000_2005","2016_2020",15,"RUCC1_EQI_Built","Q2",1.09,0.973,1.2209,8.9958,"0.1482"
"G20_G30_G12.2_F01_F03","2000_2005","2016_2020",15,"RUCC1_EQI_Built","Q3",1.0564,0.9361,1.1859,5.6448,"0.3932"
"G20_G30_G12.2_F01_F03","2000_2005","2016_2020",15,"RUCC1_EQI_Built","Q4",1.0647,0.9454,1.1955,6.465,"0.3217"
"G20_G30_G12.2_F01_F03","2000_2005","2016_2020",15,"RUCC1_EQI_Built","Q5",1.095,0.9751,1.2315,9.5023,"0.1317"
"G20_G30_G12.2_F01_F03","2000_2005","2016_2020",15,"RUCC1_EQI_Social","Q1",1.0196,0.9052,1.1442,1.9627,"0.7796"
"G20_G30_G12.2_F01_F03","2000_2005","2016_2020",15,"RUCC1_EQI_Social","Q2",1.0599,0.9424,1.186,5.9918,"0.3357"
"G20_G30_G12.2_F01_F03","2000_2005","2016_2020",15,"RUCC1_EQI_Social","Q3",1.0814,0.9646,1.2102,8.1389,"0.1937"
"G20_G30_G12.2_F01_F03","2000_2005","2016_2020",15,"RUCC1_EQI_Social","Q4",1.1106,0.9896,1.2408,11.0567,"0.0717"
"G20_G30_G12.2_F01_F03","2000_2005","2016_2020",15,"RUCC1_EQI_Social","Q5",1.1787,1.0557,1.3155,17.8664,"0.0087"
"G20_G30_G12.2_F01_F03","2006_2010","2011_2015",5,"RUCC1_EQI","Q1",1,1,1,0,NA
"G20_G30_G12.2_F01_F03","2006_2010","2011_2015",5,"RUCC1_EQI","Q2",1.0623,1.0097,1.1155,6.2264,"0.0167"
"G20_G30_G12.2_F01_F03","2006_2010","2011_2015",5,"RUCC1_EQI","Q3",1.0808,1.0301,1.1365,8.0779,"0.0017"
"G20_G30_G12.2_F01_F03","2006_2010","2011_2015",5,"RUCC1_EQI","Q4",1.099,1.0481,1.1547,9.9039,"0.0002"
"G20_G30_G12.2_F01_F03","2006_2010","2011_2015",5,"RUCC1_EQI","Q5",1.0912,1.0391,1.1455,9.123,"0.0007"
"G20_G30_G12.2_F01_F03","2006_2010","2011_2015",5,"RUCC1_EQI_Air","Q1",0.978,0.8856,1.0781,-2.1965,"0.6436"
"G20_G30_G12.2_F01_F03","2006_2010","2011_2015",5,"RUCC1_EQI_Air","Q2",1.0271,0.9339,1.1254,2.7073,"0.5986"
"G20_G30_G12.2_F01_F03","2006_2010","2011_2015",5,"RUCC1_EQI_Air","Q3",1.0138,0.9156,1.1155,1.3778,"0.8075"
"G20_G30_G12.2_F01_F03","2006_2010","2011_2015",5,"RUCC1_EQI_Air","Q4",0.9991,0.9029,1.0982,-0.0866,"0.9610"
"G20_G30_G12.2_F01_F03","2006_2010","2011_2015",5,"RUCC1_EQI_Air","Q5",1.0206,0.9254,1.1203,2.0645,"0.6851"
"G20_G30_G12.2_F01_F03","2006_2010","2011_2015",5,"RUCC1_EQI_Water","Q1",0.978,0.8856,1.0781,-2.1965,"0.6436"
"G20_G30_G12.2_F01_F03","2006_2010","2011_2015",5,"RUCC1_EQI_Water","Q2",1.0343,0.9366,1.1361,3.4265,"0.5006"
"G20_G30_G12.2_F01_F03","2006_2010","2011_2015",5,"RUCC1_EQI_Water","Q3",1.015,0.9168,1.1142,1.5005,"0.7736"
"G20_G30_G12.2_F01_F03","2006_2010","2011_2015",5,"RUCC1_EQI_Water","Q4",1.0212,0.9229,1.1255,2.1158,"0.6786"
"G20_G30_G12.2_F01_F03","2006_2010","2011_2015",5,"RUCC1_EQI_Water","Q5",1.0176,0.9224,1.1214,1.759,"0.7401"
"G20_G30_G12.2_F01_F03","2006_2010","2011_2015",5,"RUCC1_EQI_Land","Q1",0.978,0.8856,1.0781,-2.1965,"0.6436"
"G20_G30_G12.2_F01_F03","2006_2010","2011_2015",5,"RUCC1_EQI_Land","Q2",1.0085,0.9145,1.1105,0.8519,"0.8835"
"G20_G30_G12.2_F01_F03","2006_2010","2011_2015",5,"RUCC1_EQI_Land","Q3",1.0336,0.9339,1.138,3.3595,"0.5211"
"G20_G30_G12.2_F01_F03","2006_2010","2011_2015",5,"RUCC1_EQI_Land","Q4",1.0737,0.9727,1.1831,7.3663,"0.1542"
"G20_G30_G12.2_F01_F03","2006_2010","2011_2015",5,"RUCC1_EQI_Land","Q5",1.0236,0.922,1.1283,2.3564,"0.6696"
"G20_G30_G12.2_F01_F03","2006_2010","2011_2015",5,"RUCC1_EQI_Built","Q1",0.978,0.8856,1.0781,-2.1965,"0.6436"
"G20_G30_G12.2_F01_F03","2006_2010","2011_2015",5,"RUCC1_EQI_Built","Q2",1.0414,0.9498,1.1376,4.1363,"0.3997"
"G20_G30_G12.2_F01_F03","2006_2010","2011_2015",5,"RUCC1_EQI_Built","Q3",1.0377,0.9454,1.1352,3.7736,"0.4561"
"G20_G30_G12.2_F01_F03","2006_2010","2011_2015",5,"RUCC1_EQI_Built","Q4",1.0352,0.9436,1.1364,3.5159,"0.4716"
"G20_G30_G12.2_F01_F03","2006_2010","2011_2015",5,"RUCC1_EQI_Built","Q5",1.0441,0.9522,1.1454,4.4128,"0.3742"
"G20_G30_G12.2_F01_F03","2006_2010","2011_2015",5,"RUCC1_EQI_Social","Q1",0.978,0.8856,1.0781,-2.1965,"0.6436"
"G20_G30_G12.2_F01_F03","2006_2010","2011_2015",5,"RUCC1_EQI_Social","Q2",0.9043,0.8123,1.001,-9.5707,"0.0527"
"G20_G30_G12.2_F01_F03","2006_2010","2011_2015",5,"RUCC1_EQI_Social","Q3",0.8546,0.7624,0.9529,-14.5391,"0.0027"
"G20_G30_G12.2_F01_F03","2006_2010","2011_2015",5,"RUCC1_EQI_Social","Q4",0.7404,0.6469,0.8386,-25.9642,"0.0002"
"G20_G30_G12.2_F01_F03","2006_2010","2011_2015",5,"RUCC1_EQI_Social","Q5",0.8013,0.6994,0.906,-19.8678,"0.0002"
"G20_G30_G12.2_F01_F03","2006_2010","2016_2020",10,"RUCC1_EQI","Q1",1.0146,0.9313,1.1029,1.4569,"0.7646"
"G20_G30_G12.2_F01_F03","2006_2010","2016_2020",10,"RUCC1_EQI","Q2",1.0577,0.9692,1.1527,5.765,"0.2027"
"G20_G30_G12.2_F01_F03","2006_2010","2016_2020",10,"RUCC1_EQI","Q3",1.0877,1.0003,1.1801,8.7708,"0.0487"
"G20_G30_G12.2_F01_F03","2006_2010","2016_2020",10,"RUCC1_EQI","Q4",1.0781,0.9929,1.1687,7.8097,"0.0737"
"G20_G30_G12.2_F01_F03","2006_2010","2016_2020",10,"RUCC1_EQI","Q5",1.0802,0.9935,1.1679,8.0184,"0.0687"
"G20_G30_G12.2_F01_F03","2006_2010","2016_2020",10,"RUCC1_EQI_Air","Q1",0.9882,0.8917,1.0852,-1.1788,"0.8030"
"G20_G30_G12.2_F01_F03","2006_2010","2016_2020",10,"RUCC1_EQI_Air","Q2",1.033,0.9379,1.1301,3.2971,"0.5066"
"G20_G30_G12.2_F01_F03","2006_2010","2016_2020",10,"RUCC1_EQI_Air","Q3",1.0153,0.9211,1.1149,1.5338,"0.7686"
"G20_G30_G12.2_F01_F03","2006_2010","2016_2020",10,"RUCC1_EQI_Air","Q4",0.9967,0.9037,1.0941,-0.3259,"0.9420"
"G20_G30_G12.2_F01_F03","2006_2010","2016_2020",10,"RUCC1_EQI_Air","Q5",1.0284,0.9342,1.1268,2.8448,"0.5756"
"G20_G30_G12.2_F01_F03","2006_2010","2016_2020",10,"RUCC1_EQI_Water","Q1",0.9882,0.8917,1.0852,-1.1788,"0.8030"
"G20_G30_G12.2_F01_F03","2006_2010","2016_2020",10,"RUCC1_EQI_Water","Q2",1.0324,0.932,1.1337,3.238,"0.5351"
"G20_G30_G12.2_F01_F03","2006_2010","2016_2020",10,"RUCC1_EQI_Water","Q3",1.0185,0.9219,1.1207,1.8513,"0.7281"
"G20_G30_G12.2_F01_F03","2006_2010","2016_2020",10,"RUCC1_EQI_Water","Q4",1.0343,0.9355,1.1378,3.4317,"0.5066"
"G20_G30_G12.2_F01_F03","2006_2010","2016_2020",10,"RUCC1_EQI_Water","Q5",1.0311,0.9327,1.1332,3.1093,"0.5606"
"G20_G30_G12.2_F01_F03","2006_2010","2016_2020",10,"RUCC1_EQI_Land","Q1",0.9882,0.8917,1.0852,-1.1788,"0.8030"
"G20_G30_G12.2_F01_F03","2006_2010","2016_2020",10,"RUCC1_EQI_Land","Q2",1.0257,0.9244,1.1278,2.5719,"0.6176"
"G20_G30_G12.2_F01_F03","2006_2010","2016_2020",10,"RUCC1_EQI_Land","Q3",1.0566,0.957,1.1595,5.6637,"0.2782"
"G20_G30_G12.2_F01_F03","2006_2010","2016_2020",10,"RUCC1_EQI_Land","Q4",1.1139,1.0106,1.2218,11.3861,"0.0357"
"G20_G30_G12.2_F01_F03","2006_2010","2016_2020",10,"RUCC1_EQI_Land","Q5",1.0754,0.9707,1.1805,7.5368,"0.1507"
"G20_G30_G12.2_F01_F03","2006_2010","2016_2020",10,"RUCC1_EQI_Built","Q1",0.9882,0.8917,1.0852,-1.1788,"0.8030"
"G20_G30_G12.2_F01_F03","2006_2010","2016_2020",10,"RUCC1_EQI_Built","Q2",1.028,0.9356,1.1259,2.8008,"0.5646"
"G20_G30_G12.2_F01_F03","2006_2010","2016_2020",10,"RUCC1_EQI_Built","Q3",1.0299,0.9383,1.1247,2.9851,"0.5501"
"G20_G30_G12.2_F01_F03","2006_2010","2016_2020",10,"RUCC1_EQI_Built","Q4",1.0053,0.9149,1.1001,0.5338,"0.9175"
"G20_G30_G12.2_F01_F03","2006_2010","2016_2020",10,"RUCC1_EQI_Built","Q5",1.0172,0.9241,1.1137,1.7237,"0.7311"
"G20_G30_G12.2_F01_F03","2006_2010","2016_2020",10,"RUCC1_EQI_Social","Q1",0.9882,0.8917,1.0852,-1.1788,"0.8030"
"G20_G30_G12.2_F01_F03","2006_2010","2016_2020",10,"RUCC1_EQI_Social","Q2",0.9247,0.8308,1.0189,-7.5302,"0.1192"
"G20_G30_G12.2_F01_F03","2006_2010","2016_2020",10,"RUCC1_EQI_Social","Q3",0.8826,0.788,0.9798,-11.7421,"0.0167"
"G20_G30_G12.2_F01_F03","2006_2010","2016_2020",10,"RUCC1_EQI_Social","Q4",0.8128,0.7138,0.9127,-18.7191,"0.0002"
"G20_G30_G12.2_F01_F03","2006_2010","2016_2020",10,"RUCC1_EQI_Social","Q5",0.8377,0.7326,0.9425,-16.2348,"0.0032"
"G20_G30_G12.2_F01_F03","2000_2005","2006_2010",5,"RUCC2_EQI","Q1",1,1,1,0,NA
"G20_G30_G12.2_F01_F03","2000_2005","2006_2010",5,"RUCC2_EQI","Q2",0.9874,0.8924,1.0881,-1.2554,"0.7856"
"G20_G30_G12.2_F01_F03","2000_2005","2006_2010",5,"RUCC2_EQI","Q3",1.1373,1.0459,1.24,13.7293,"0.0022"
"G20_G30_G12.2_F01_F03","2000_2005","2006_2010",5,"RUCC2_EQI","Q4",1.1384,1.0455,1.2378,13.8429,"0.0007"
"G20_G30_G12.2_F01_F03","2000_2005","2006_2010",5,"RUCC2_EQI","Q5",1.1819,1.0866,1.2888,18.1927,"0.0002"
"G20_G30_G12.2_F01_F03","2000_2005","2006_2010",5,"RUCC2_EQI_Air","Q1",0.844,0.6948,1.0051,-15.6046,"0.0597"
"G20_G30_G12.2_F01_F03","2000_2005","2006_2010",5,"RUCC2_EQI_Air","Q2",0.8085,0.656,0.9685,-19.1461,"0.0217"
"G20_G30_G12.2_F01_F03","2000_2005","2006_2010",5,"RUCC2_EQI_Air","Q3",0.8525,0.7071,1.0116,-14.7499,"0.0667"
"G20_G30_G12.2_F01_F03","2000_2005","2006_2010",5,"RUCC2_EQI_Air","Q4",0.9611,0.8226,1.1155,-3.8893,"0.5936"
"G20_G30_G12.2_F01_F03","2000_2005","2006_2010",5,"RUCC2_EQI_Air","Q5",0.9331,0.7846,1.088,-6.6903,"0.4016"
"G20_G30_G12.2_F01_F03","2000_2005","2006_2010",5,"RUCC2_EQI_Water","Q1",0.844,0.6948,1.0051,-15.6046,"0.0597"
"G20_G30_G12.2_F01_F03","2000_2005","2006_2010",5,"RUCC2_EQI_Water","Q2",0.8979,0.737,1.0681,-10.2098,"0.2237"
"G20_G30_G12.2_F01_F03","2000_2005","2006_2010",5,"RUCC2_EQI_Water","Q3",0.8926,0.7275,1.0585,-10.745,"0.1987"
"G20_G30_G12.2_F01_F03","2000_2005","2006_2010",5,"RUCC2_EQI_Water","Q4",0.8708,0.7178,1.0366,-12.917,"0.1177"
"G20_G30_G12.2_F01_F03","2000_2005","2006_2010",5,"RUCC2_EQI_Water","Q5",0.9151,0.7498,1.0856,-8.4851,"0.3207"
"G20_G30_G12.2_F01_F03","2000_2005","2006_2010",5,"RUCC2_EQI_Land","Q1",0.844,0.6948,1.0051,-15.6046,"0.0597"
"G20_G30_G12.2_F01_F03","2000_2005","2006_2010",5,"RUCC2_EQI_Land","Q2",0.8992,0.7401,1.0705,-10.0846,"0.2252"
"G20_G30_G12.2_F01_F03","2000_2005","2006_2010",5,"RUCC2_EQI_Land","Q3",0.9098,0.7471,1.0868,-9.0198,"0.2782"
"G20_G30_G12.2_F01_F03","2000_2005","2006_2010",5,"RUCC2_EQI_Land","Q4",0.8598,0.7039,1.0315,-14.0191,"0.1032"
"G20_G30_G12.2_F01_F03","2000_2005","2006_2010",5,"RUCC2_EQI_Land","Q5",0.8774,0.7169,1.0466,-12.2593,"0.1462"
"G20_G30_G12.2_F01_F03","2000_2005","2006_2010",5,"RUCC2_EQI_Built","Q1",0.844,0.6948,1.0051,-15.6046,"0.0597"
"G20_G30_G12.2_F01_F03","2000_2005","2006_2010",5,"RUCC2_EQI_Built","Q2",0.8487,0.6894,1.0106,-15.1265,"0.0712"
"G20_G30_G12.2_F01_F03","2000_2005","2006_2010",5,"RUCC2_EQI_Built","Q3",0.9154,0.7744,1.0709,-8.4636,"0.2592"
"G20_G30_G12.2_F01_F03","2000_2005","2006_2010",5,"RUCC2_EQI_Built","Q4",0.9231,0.7835,1.0716,-7.6926,"0.3052"
"G20_G30_G12.2_F01_F03","2000_2005","2006_2010",5,"RUCC2_EQI_Built","Q5",0.9192,0.7759,1.0737,-8.0793,"0.3007"
"G20_G30_G12.2_F01_F03","2000_2005","2006_2010",5,"RUCC2_EQI_Social","Q1",0.844,0.6948,1.0051,-15.6046,"0.0597"
"G20_G30_G12.2_F01_F03","2000_2005","2006_2010",5,"RUCC2_EQI_Social","Q2",0.906,0.7528,1.0687,-9.4009,"0.2407"
"G20_G30_G12.2_F01_F03","2000_2005","2006_2010",5,"RUCC2_EQI_Social","Q3",0.9223,0.7703,1.0831,-7.7704,"0.3252"
"G20_G30_G12.2_F01_F03","2000_2005","2006_2010",5,"RUCC2_EQI_Social","Q4",0.9257,0.7664,1.0967,-7.4294,"0.3657"
"G20_G30_G12.2_F01_F03","2000_2005","2006_2010",5,"RUCC2_EQI_Social","Q5",0.961,0.7939,1.1387,-3.9019,"0.6461"
"G20_G30_G12.2_F01_F03","2000_2005","2011_2015",10,"RUCC2_EQI","Q1",1.1518,1.0311,1.2895,15.18,"0.0107"
"G20_G30_G12.2_F01_F03","2000_2005","2011_2015",10,"RUCC2_EQI","Q2",1.1684,1.0411,1.307,16.8433,"0.0102"
"G20_G30_G12.2_F01_F03","2000_2005","2011_2015",10,"RUCC2_EQI","Q3",1.2494,1.1356,1.3851,24.9415,"0.0002"
"G20_G30_G12.2_F01_F03","2000_2005","2011_2015",10,"RUCC2_EQI","Q4",1.3005,1.1843,1.432,30.0461,"0.0002"
"G20_G30_G12.2_F01_F03","2000_2005","2011_2015",10,"RUCC2_EQI","Q5",1.3849,1.2586,1.5274,38.4919,"0.0002"
"G20_G30_G12.2_F01_F03","2000_2005","2011_2015",10,"RUCC2_EQI_Air","Q1",0.9891,0.8298,1.1579,-1.0931,"0.8700"
"G20_G30_G12.2_F01_F03","2000_2005","2011_2015",10,"RUCC2_EQI_Air","Q2",0.9636,0.8053,1.1337,-3.6379,"0.6701"
"G20_G30_G12.2_F01_F03","2000_2005","2011_2015",10,"RUCC2_EQI_Air","Q3",0.9907,0.8378,1.156,-0.9269,"0.8925"
"G20_G30_G12.2_F01_F03","2000_2005","2011_2015",10,"RUCC2_EQI_Air","Q4",1.1414,0.9881,1.3053,14.139,"0.0727"
"G20_G30_G12.2_F01_F03","2000_2005","2011_2015",10,"RUCC2_EQI_Air","Q5",1.1694,1.0071,1.3455,16.9433,"0.0427"
"G20_G30_G12.2_F01_F03","2000_2005","2011_2015",10,"RUCC2_EQI_Water","Q1",0.9891,0.8298,1.1579,-1.0931,"0.8700"
"G20_G30_G12.2_F01_F03","2000_2005","2011_2015",10,"RUCC2_EQI_Water","Q2",0.9795,0.8065,1.1554,-2.0472,"0.8085"
"G20_G30_G12.2_F01_F03","2000_2005","2011_2015",10,"RUCC2_EQI_Water","Q3",1.0457,0.8762,1.2241,4.5686,"0.6221"
"G20_G30_G12.2_F01_F03","2000_2005","2011_2015",10,"RUCC2_EQI_Water","Q4",1.0318,0.8671,1.2089,3.1829,"0.6996"
"G20_G30_G12.2_F01_F03","2000_2005","2011_2015",10,"RUCC2_EQI_Water","Q5",1.1044,0.9226,1.2904,10.4425,"0.2317"
"G20_G30_G12.2_F01_F03","2000_2005","2011_2015",10,"RUCC2_EQI_Land","Q1",0.9891,0.8298,1.1579,-1.0931,"0.8700"
"G20_G30_G12.2_F01_F03","2000_2005","2011_2015",10,"RUCC2_EQI_Land","Q2",1.0495,0.8835,1.2235,4.9508,"0.5696"
"G20_G30_G12.2_F01_F03","2000_2005","2011_2015",10,"RUCC2_EQI_Land","Q3",1.0336,0.8665,1.2105,3.3608,"0.7031"
"G20_G30_G12.2_F01_F03","2000_2005","2011_2015",10,"RUCC2_EQI_Land","Q4",1.0031,0.8419,1.1766,0.3051,"0.9930"
"G20_G30_G12.2_F01_F03","2000_2005","2011_2015",10,"RUCC2_EQI_Land","Q5",0.9947,0.8355,1.1646,-0.5254,"0.9360"
"G20_G30_G12.2_F01_F03","2000_2005","2011_2015",10,"RUCC2_EQI_Built","Q1",0.9891,0.8298,1.1579,-1.0931,"0.8700"
"G20_G30_G12.2_F01_F03","2000_2005","2011_2015",10,"RUCC2_EQI_Built","Q2",0.9752,0.8102,1.1461,-2.4784,"0.7701"
"G20_G30_G12.2_F01_F03","2000_2005","2011_2015",10,"RUCC2_EQI_Built","Q3",1.0811,0.9272,1.2449,8.1138,"0.3182"
"G20_G30_G12.2_F01_F03","2000_2005","2011_2015",10,"RUCC2_EQI_Built","Q4",1.0621,0.9079,1.2175,6.208,"0.4226"
"G20_G30_G12.2_F01_F03","2000_2005","2011_2015",10,"RUCC2_EQI_Built","Q5",1.1044,0.9432,1.2752,10.4379,"0.2067"
"G20_G30_G12.2_F01_F03","2000_2005","2011_2015",10,"RUCC2_EQI_Social","Q1",0.9891,0.8298,1.1579,-1.0931,"0.8700"
"G20_G30_G12.2_F01_F03","2000_2005","2011_2015",10,"RUCC2_EQI_Social","Q2",0.9985,0.844,1.1683,-0.1537,"0.9660"
"G20_G30_G12.2_F01_F03","2000_2005","2011_2015",10,"RUCC2_EQI_Social","Q3",1.0352,0.8738,1.2024,3.5195,"0.6786"
"G20_G30_G12.2_F01_F03","2000_2005","2011_2015",10,"RUCC2_EQI_Social","Q4",1.0511,0.8896,1.2281,5.1086,"0.5531"
"G20_G30_G12.2_F01_F03","2000_2005","2011_2015",10,"RUCC2_EQI_Social","Q5",1.099,0.9219,1.2885,9.9047,"0.2737"
"G20_G30_G12.2_F01_F03","2000_2005","2016_2020",15,"RUCC2_EQI","Q1",1.2182,1.0842,1.3651,21.821,"0.0012"
"G20_G30_G12.2_F01_F03","2000_2005","2016_2020",15,"RUCC2_EQI","Q2",1.201,1.0612,1.3525,20.1013,"0.0017"
"G20_G30_G12.2_F01_F03","2000_2005","2016_2020",15,"RUCC2_EQI","Q3",1.2715,1.1458,1.4087,27.1501,"0.0002"
"G20_G30_G12.2_F01_F03","2000_2005","2016_2020",15,"RUCC2_EQI","Q4",1.3099,1.1859,1.4528,30.994,"0.0002"
"G20_G30_G12.2_F01_F03","2000_2005","2016_2020",15,"RUCC2_EQI","Q5",1.4269,1.2886,1.5776,42.6898,"0.0002"
"G20_G30_G12.2_F01_F03","2000_2005","2016_2020",15,"RUCC2_EQI_Air","Q1",1.0463,0.8781,1.2245,4.6343,"0.6131"
"G20_G30_G12.2_F01_F03","2000_2005","2016_2020",15,"RUCC2_EQI_Air","Q2",1.0665,0.8877,1.2496,6.649,"0.4771"
"G20_G30_G12.2_F01_F03","2000_2005","2016_2020",15,"RUCC2_EQI_Air","Q3",1.0223,0.8564,1.1941,2.2251,"0.7986"
"G20_G30_G12.2_F01_F03","2000_2005","2016_2020",15,"RUCC2_EQI_Air","Q4",1.1543,0.9914,1.3266,15.426,"0.0657"
"G20_G30_G12.2_F01_F03","2000_2005","2016_2020",15,"RUCC2_EQI_Air","Q5",1.2252,1.049,1.4134,22.5183,"0.0122"
"G20_G30_G12.2_F01_F03","2000_2005","2016_2020",15,"RUCC2_EQI_Water","Q1",1.0463,0.8781,1.2245,4.6343,"0.6131"
"G20_G30_G12.2_F01_F03","2000_2005","2016_2020",15,"RUCC2_EQI_Water","Q2",1.0272,0.8493,1.2188,2.7212,"0.7841"
"G20_G30_G12.2_F01_F03","2000_2005","2016_2020",15,"RUCC2_EQI_Water","Q3",1.0527,0.8755,1.2406,5.2708,"0.5781"
"G20_G30_G12.2_F01_F03","2000_2005","2016_2020",15,"RUCC2_EQI_Water","Q4",1.0749,0.9044,1.2515,7.488,"0.4191"
"G20_G30_G12.2_F01_F03","2000_2005","2016_2020",15,"RUCC2_EQI_Water","Q5",1.1251,0.9427,1.3159,12.5101,"0.1917"
"G20_G30_G12.2_F01_F03","2000_2005","2016_2020",15,"RUCC2_EQI_Land","Q1",1.0463,0.8781,1.2245,4.6343,"0.6131"
"G20_G30_G12.2_F01_F03","2000_2005","2016_2020",15,"RUCC2_EQI_Land","Q2",1.0851,0.9085,1.2686,8.5064,"0.3432"
"G20_G30_G12.2_F01_F03","2000_2005","2016_2020",15,"RUCC2_EQI_Land","Q3",1.0633,0.8859,1.2487,6.3281,"0.4936"
"G20_G30_G12.2_F01_F03","2000_2005","2016_2020",15,"RUCC2_EQI_Land","Q4",1.0798,0.905,1.2648,7.9773,"0.3842"
"G20_G30_G12.2_F01_F03","2000_2005","2016_2020",15,"RUCC2_EQI_Land","Q5",1.0862,0.9092,1.2723,8.62,"0.3512"
"G20_G30_G12.2_F01_F03","2000_2005","2016_2020",15,"RUCC2_EQI_Built","Q1",1.0463,0.8781,1.2245,4.6343,"0.6131"
"G20_G30_G12.2_F01_F03","2000_2005","2016_2020",15,"RUCC2_EQI_Built","Q2",1.0684,0.8918,1.2538,6.8449,"0.4731"
"G20_G30_G12.2_F01_F03","2000_2005","2016_2020",15,"RUCC2_EQI_Built","Q3",1.1577,0.9956,1.3357,15.7699,"0.0557"
"G20_G30_G12.2_F01_F03","2000_2005","2016_2020",15,"RUCC2_EQI_Built","Q4",1.127,0.9665,1.2975,12.7004,"0.1162"
"G20_G30_G12.2_F01_F03","2000_2005","2016_2020",15,"RUCC2_EQI_Built","Q5",1.1959,1.0302,1.3773,19.5895,"0.0202"
"G20_G30_G12.2_F01_F03","2000_2005","2016_2020",15,"RUCC2_EQI_Social","Q1",1.0463,0.8781,1.2245,4.6343,"0.6131"
"G20_G30_G12.2_F01_F03","2000_2005","2016_2020",15,"RUCC2_EQI_Social","Q2",1.0631,0.8913,1.2367,6.3124,"0.4701"
"G20_G30_G12.2_F01_F03","2000_2005","2016_2020",15,"RUCC2_EQI_Social","Q3",1.0938,0.9259,1.2747,9.3817,"0.2932"
"G20_G30_G12.2_F01_F03","2000_2005","2016_2020",15,"RUCC2_EQI_Social","Q4",1.0853,0.9148,1.273,8.5289,"0.3537"
"G20_G30_G12.2_F01_F03","2000_2005","2016_2020",15,"RUCC2_EQI_Social","Q5",1.1345,0.9477,1.3378,13.446,"0.1647"
"G20_G30_G12.2_F01_F03","2006_2010","2011_2015",5,"RUCC2_EQI","Q1",1,1,1,0,NA
"G20_G30_G12.2_F01_F03","2006_2010","2011_2015",5,"RUCC2_EQI","Q2",1.0219,0.9546,1.092,2.1912,"0.5466"
"G20_G30_G12.2_F01_F03","2006_2010","2011_2015",5,"RUCC2_EQI","Q3",1.0578,0.9909,1.1284,5.7786,"0.0932"
"G20_G30_G12.2_F01_F03","2006_2010","2011_2015",5,"RUCC2_EQI","Q4",1.0204,0.9484,1.0932,2.0366,"0.5801"
"G20_G30_G12.2_F01_F03","2006_2010","2011_2015",5,"RUCC2_EQI","Q5",1.0122,0.9375,1.0866,1.2199,"0.7391"
"G20_G30_G12.2_F01_F03","2006_2010","2011_2015",5,"RUCC2_EQI_Air","Q1",0.9028,0.7963,1.0155,-9.715,"0.0937"
"G20_G30_G12.2_F01_F03","2006_2010","2011_2015",5,"RUCC2_EQI_Air","Q2",0.9589,0.8467,1.0768,-4.114,"0.4666"
"G20_G30_G12.2_F01_F03","2006_2010","2011_2015",5,"RUCC2_EQI_Air","Q3",0.9113,0.8015,1.0294,-8.8686,"0.1392"
"G20_G30_G12.2_F01_F03","2006_2010","2011_2015",5,"RUCC2_EQI_Air","Q4",0.9671,0.8567,1.0878,-3.2892,"0.5696"
"G20_G30_G12.2_F01_F03","2006_2010","2011_2015",5,"RUCC2_EQI_Air","Q5",0.8843,0.7742,1.0021,-11.5738,"0.0552"
"G20_G30_G12.2_F01_F03","2006_2010","2011_2015",5,"RUCC2_EQI_Water","Q1",0.9028,0.7963,1.0155,-9.715,"0.0937"
"G20_G30_G12.2_F01_F03","2006_2010","2011_2015",5,"RUCC2_EQI_Water","Q2",0.8736,0.758,1.0004,-12.6404,"0.0507"
"G20_G30_G12.2_F01_F03","2006_2010","2011_2015",5,"RUCC2_EQI_Water","Q3",0.9336,0.8154,1.0544,-6.6433,"0.2707"
"G20_G30_G12.2_F01_F03","2006_2010","2011_2015",5,"RUCC2_EQI_Water","Q4",0.9618,0.8504,1.0798,-3.82,"0.5026"
"G20_G30_G12.2_F01_F03","2006_2010","2011_2015",5,"RUCC2_EQI_Water","Q5",0.9795,0.8666,1.1003,-2.0546,"0.7296"
"G20_G30_G12.2_F01_F03","2006_2010","2011_2015",5,"RUCC2_EQI_Land","Q1",0.9028,0.7963,1.0155,-9.715,"0.0937"
"G20_G30_G12.2_F01_F03","2006_2010","2011_2015",5,"RUCC2_EQI_Land","Q2",0.9491,0.8355,1.0697,-5.087,"0.3962"
"G20_G30_G12.2_F01_F03","2006_2010","2011_2015",5,"RUCC2_EQI_Land","Q3",0.9474,0.8265,1.0756,-5.2564,"0.4151"
"G20_G30_G12.2_F01_F03","2006_2010","2011_2015",5,"RUCC2_EQI_Land","Q4",0.9748,0.8591,1.0958,-2.5208,"0.6776"
"G20_G30_G12.2_F01_F03","2006_2010","2011_2015",5,"RUCC2_EQI_Land","Q5",0.9365,0.8186,1.054,-6.3506,"0.2977"
"G20_G30_G12.2_F01_F03","2006_2010","2011_2015",5,"RUCC2_EQI_Built","Q1",0.9028,0.7963,1.0155,-9.715,"0.0937"
"G20_G30_G12.2_F01_F03","2006_2010","2011_2015",5,"RUCC2_EQI_Built","Q2",0.967,0.8574,1.0834,-3.2991,"0.5621"
"G20_G30_G12.2_F01_F03","2006_2010","2011_2015",5,"RUCC2_EQI_Built","Q3",0.9604,0.848,1.0822,-3.9588,"0.5061"
"G20_G30_G12.2_F01_F03","2006_2010","2011_2015",5,"RUCC2_EQI_Built","Q4",0.9381,0.8211,1.0589,-6.1878,"0.3087"
"G20_G30_G12.2_F01_F03","2006_2010","2011_2015",5,"RUCC2_EQI_Built","Q5",0.9387,0.8147,1.0722,-6.1336,"0.3667"
"G20_G30_G12.2_F01_F03","2006_2010","2011_2015",5,"RUCC2_EQI_Social","Q1",0.9028,0.7963,1.0155,-9.715,"0.0937"
"G20_G30_G12.2_F01_F03","2006_2010","2011_2015",5,"RUCC2_EQI_Social","Q2",0.9329,0.8284,1.048,-6.7086,"0.2412"
"G20_G30_G12.2_F01_F03","2006_2010","2011_2015",5,"RUCC2_EQI_Social","Q3",0.8493,0.7427,0.9634,-15.0681,"0.0122"
"G20_G30_G12.2_F01_F03","2006_2010","2011_2015",5,"RUCC2_EQI_Social","Q4",0.8741,0.7568,0.9968,-12.5868,"0.0447"
"G20_G30_G12.2_F01_F03","2006_2010","2011_2015",5,"RUCC2_EQI_Social","Q5",0.7817,0.6434,0.931,-21.8342,"0.0042"
"G20_G30_G12.2_F01_F03","2006_2010","2016_2020",10,"RUCC2_EQI","Q1",1.0199,0.9283,1.1195,1.9851,"0.6931"
"G20_G30_G12.2_F01_F03","2006_2010","2016_2020",10,"RUCC2_EQI","Q2",1.0442,0.9467,1.1437,4.4151,"0.3672"
"G20_G30_G12.2_F01_F03","2006_2010","2016_2020",10,"RUCC2_EQI","Q3",1.0674,0.9709,1.1698,6.7368,"0.1632"
"G20_G30_G12.2_F01_F03","2006_2010","2016_2020",10,"RUCC2_EQI","Q4",1.0644,0.9648,1.1681,6.4407,"0.2152"
"G20_G30_G12.2_F01_F03","2006_2010","2016_2020",10,"RUCC2_EQI","Q5",1.0306,0.9304,1.1377,3.0642,"0.5751"
"G20_G30_G12.2_F01_F03","2006_2010","2016_2020",10,"RUCC2_EQI_Air","Q1",0.8969,0.776,1.0226,-10.306,"0.1032"
"G20_G30_G12.2_F01_F03","2006_2010","2016_2020",10,"RUCC2_EQI_Air","Q2",0.9438,0.8197,1.0713,-5.6241,"0.3692"
"G20_G30_G12.2_F01_F03","2006_2010","2016_2020",10,"RUCC2_EQI_Air","Q3",0.9464,0.8235,1.0718,-5.3589,"0.4141"
"G20_G30_G12.2_F01_F03","2006_2010","2016_2020",10,"RUCC2_EQI_Air","Q4",0.9976,0.8739,1.1295,-0.2437,"0.9555"
"G20_G30_G12.2_F01_F03","2006_2010","2016_2020",10,"RUCC2_EQI_Air","Q5",0.9125,0.7802,1.0479,-8.7511,"0.2052"
"G20_G30_G12.2_F01_F03","2006_2010","2016_2020",10,"RUCC2_EQI_Water","Q1",0.8969,0.776,1.0226,-10.306,"0.1032"
"G20_G30_G12.2_F01_F03","2006_2010","2016_2020",10,"RUCC2_EQI_Water","Q2",0.893,0.7638,1.0277,-10.6998,"0.1137"
"G20_G30_G12.2_F01_F03","2006_2010","2016_2020",10,"RUCC2_EQI_Water","Q3",0.934,0.8064,1.0609,-6.5988,"0.3162"
"G20_G30_G12.2_F01_F03","2006_2010","2016_2020",10,"RUCC2_EQI_Water","Q4",0.9581,0.8408,1.0839,-4.1941,"0.4806"
"G20_G30_G12.2_F01_F03","2006_2010","2016_2020",10,"RUCC2_EQI_Water","Q5",0.9843,0.8644,1.1105,-1.5692,"0.7936"
"G20_G30_G12.2_F01_F03","2006_2010","2016_2020",10,"RUCC2_EQI_Land","Q1",0.8969,0.776,1.0226,-10.306,"0.1032"
"G20_G30_G12.2_F01_F03","2006_2010","2016_2020",10,"RUCC2_EQI_Land","Q2",0.9305,0.8101,1.0556,-6.9532,"0.2747"
"G20_G30_G12.2_F01_F03","2006_2010","2016_2020",10,"RUCC2_EQI_Land","Q3",0.9349,0.809,1.0617,-6.5062,"0.3287"
"G20_G30_G12.2_F01_F03","2006_2010","2016_2020",10,"RUCC2_EQI_Land","Q4",0.9482,0.8256,1.0787,-5.183,"0.4161"
"G20_G30_G12.2_F01_F03","2006_2010","2016_2020",10,"RUCC2_EQI_Land","Q5",0.9707,0.8473,1.1002,-2.9328,"0.6381"
"G20_G30_G12.2_F01_F03","2006_2010","2016_2020",10,"RUCC2_EQI_Built","Q1",0.8969,0.776,1.0226,-10.306,"0.1032"
"G20_G30_G12.2_F01_F03","2006_2010","2016_2020",10,"RUCC2_EQI_Built","Q2",0.9671,0.8458,1.094,-3.2885,"0.5846"
"G20_G30_G12.2_F01_F03","2006_2010","2016_2020",10,"RUCC2_EQI_Built","Q3",0.9175,0.7945,1.0451,-8.2476,"0.2022"
"G20_G30_G12.2_F01_F03","2006_2010","2016_2020",10,"RUCC2_EQI_Built","Q4",0.9126,0.7919,1.0397,-8.7436,"0.1752"
"G20_G30_G12.2_F01_F03","2006_2010","2016_2020",10,"RUCC2_EQI_Built","Q5",0.9262,0.7907,1.0601,-7.3781,"0.2807"
"G20_G30_G12.2_F01_F03","2006_2010","2016_2020",10,"RUCC2_EQI_Social","Q1",0.8969,0.776,1.0226,-10.306,"0.1032"
"G20_G30_G12.2_F01_F03","2006_2010","2016_2020",10,"RUCC2_EQI_Social","Q2",0.9243,0.8037,1.0491,-7.573,"0.2377"
"G20_G30_G12.2_F01_F03","2006_2010","2016_2020",10,"RUCC2_EQI_Social","Q3",0.8833,0.7645,1.0092,-11.6718,"0.0727"
"G20_G30_G12.2_F01_F03","2006_2010","2016_2020",10,"RUCC2_EQI_Social","Q4",0.8634,0.7432,0.9966,-13.6619,"0.0442"
"G20_G30_G12.2_F01_F03","2006_2010","2016_2020",10,"RUCC2_EQI_Social","Q5",0.8594,0.7079,1.0188,-14.0619,"0.0822"
"G20_G30_G12.2_F01_F03","2000_2005","2006_2010",5,"RUCC3_EQI","Q1",1,1,1,0,NA
"G20_G30_G12.2_F01_F03","2000_2005","2006_2010",5,"RUCC3_EQI","Q2",1.1181,1.0598,1.1782,11.8117,"0.0002"
"G20_G30_G12.2_F01_F03","2000_2005","2006_2010",5,"RUCC3_EQI","Q3",1.1424,1.0776,1.2109,14.2419,"0.0002"
"G20_G30_G12.2_F01_F03","2000_2005","2006_2010",5,"RUCC3_EQI","Q4",1.1962,1.1277,1.2694,19.6182,"0.0002"
"G20_G30_G12.2_F01_F03","2000_2005","2006_2010",5,"RUCC3_EQI","Q5",1.2295,1.1398,1.3195,22.9455,"0.0002"
"G20_G30_G12.2_F01_F03","2000_2005","2006_2010",5,"RUCC3_EQI_Air","Q1",0.8836,0.7884,0.9845,-11.6376,"0.0247"
"G20_G30_G12.2_F01_F03","2000_2005","2006_2010",5,"RUCC3_EQI_Air","Q2",0.9265,0.8332,1.0284,-7.3495,"0.1472"
"G20_G30_G12.2_F01_F03","2000_2005","2006_2010",5,"RUCC3_EQI_Air","Q3",0.9478,0.8539,1.0486,-5.2191,"0.2827"
"G20_G30_G12.2_F01_F03","2000_2005","2006_2010",5,"RUCC3_EQI_Air","Q4",1.0536,0.9496,1.1642,5.3606,"0.3307"
"G20_G30_G12.2_F01_F03","2000_2005","2006_2010",5,"RUCC3_EQI_Air","Q5",1.0117,0.8716,1.1609,1.1651,"0.8790"
"G20_G30_G12.2_F01_F03","2000_2005","2006_2010",5,"RUCC3_EQI_Water","Q1",0.8836,0.7884,0.9845,-11.6376,"0.0247"
"G20_G30_G12.2_F01_F03","2000_2005","2006_2010",5,"RUCC3_EQI_Water","Q2",0.8941,0.7926,0.9977,-10.5861,"0.0452"
"G20_G30_G12.2_F01_F03","2000_2005","2006_2010",5,"RUCC3_EQI_Water","Q3",0.9207,0.8168,1.0284,-7.931,"0.1357"
"G20_G30_G12.2_F01_F03","2000_2005","2006_2010",5,"RUCC3_EQI_Water","Q4",0.9819,0.8802,1.0871,-1.812,"0.7281"
"G20_G30_G12.2_F01_F03","2000_2005","2006_2010",5,"RUCC3_EQI_Water","Q5",0.9345,0.8304,1.0438,-6.5466,"0.2307"
"G20_G30_G12.2_F01_F03","2000_2005","2006_2010",5,"RUCC3_EQI_Land","Q1",0.8836,0.7884,0.9845,-11.6376,"0.0247"
"G20_G30_G12.2_F01_F03","2000_2005","2006_2010",5,"RUCC3_EQI_Land","Q2",0.8695,0.7645,0.9762,-13.0528,"0.0172"
"G20_G30_G12.2_F01_F03","2000_2005","2006_2010",5,"RUCC3_EQI_Land","Q3",0.8697,0.7683,0.9773,-13.032,"0.0177"
"G20_G30_G12.2_F01_F03","2000_2005","2006_2010",5,"RUCC3_EQI_Land","Q4",0.8883,0.7805,0.9978,-11.1723,"0.0452"
"G20_G30_G12.2_F01_F03","2000_2005","2006_2010",5,"RUCC3_EQI_Land","Q5",0.8811,0.7701,0.9943,-11.8933,"0.0397"
"G20_G30_G12.2_F01_F03","2000_2005","2006_2010",5,"RUCC3_EQI_Built","Q1",0.8836,0.7884,0.9845,-11.6376,"0.0247"
"G20_G30_G12.2_F01_F03","2000_2005","2006_2010",5,"RUCC3_EQI_Built","Q2",0.9509,0.854,1.0532,-4.9052,"0.3412"
"G20_G30_G12.2_F01_F03","2000_2005","2006_2010",5,"RUCC3_EQI_Built","Q3",0.9718,0.8739,1.0742,-2.8204,"0.5816"
"G20_G30_G12.2_F01_F03","2000_2005","2006_2010",5,"RUCC3_EQI_Built","Q4",0.9847,0.8844,1.091,-1.5303,"0.7526"
"G20_G30_G12.2_F01_F03","2000_2005","2006_2010",5,"RUCC3_EQI_Built","Q5",0.9759,0.8679,1.086,-2.4106,"0.6706"
"G20_G30_G12.2_F01_F03","2000_2005","2006_2010",5,"RUCC3_EQI_Social","Q1",0.8836,0.7884,0.9845,-11.6376,"0.0247"
"G20_G30_G12.2_F01_F03","2000_2005","2006_2010",5,"RUCC3_EQI_Social","Q2",0.9755,0.8682,1.0864,-2.4475,"0.6466"
"G20_G30_G12.2_F01_F03","2000_2005","2006_2010",5,"RUCC3_EQI_Social","Q3",0.9803,0.8716,1.0964,-1.9671,"0.7166"
"G20_G30_G12.2_F01_F03","2000_2005","2006_2010",5,"RUCC3_EQI_Social","Q4",0.966,0.8498,1.0863,-3.3958,"0.5751"
"G20_G30_G12.2_F01_F03","2000_2005","2006_2010",5,"RUCC3_EQI_Social","Q5",0.9861,0.8598,1.1212,-1.3923,"0.8310"
"G20_G30_G12.2_F01_F03","2000_2005","2011_2015",10,"RUCC3_EQI","Q1",1.1815,1.0886,1.2753,18.1472,"0.0007"
"G20_G30_G12.2_F01_F03","2000_2005","2011_2015",10,"RUCC3_EQI","Q2",1.3313,1.2354,1.4305,33.1308,"0.0002"
"G20_G30_G12.2_F01_F03","2000_2005","2011_2015",10,"RUCC3_EQI","Q3",1.3308,1.2378,1.4278,33.0816,"0.0002"
"G20_G30_G12.2_F01_F03","2000_2005","2011_2015",10,"RUCC3_EQI","Q4",1.3847,1.2871,1.4893,38.4679,"0.0002"
"G20_G30_G12.2_F01_F03","2000_2005","2011_2015",10,"RUCC3_EQI","Q5",1.4366,1.3176,1.5585,43.6579,"0.0002"
"G20_G30_G12.2_F01_F03","2000_2005","2011_2015",10,"RUCC3_EQI_Air","Q1",1.0543,0.9432,1.168,5.4326,"0.3362"
"G20_G30_G12.2_F01_F03","2000_2005","2011_2015",10,"RUCC3_EQI_Air","Q2",1.1257,1.0115,1.2388,12.5722,"0.0262"
"G20_G30_G12.2_F01_F03","2000_2005","2011_2015",10,"RUCC3_EQI_Air","Q3",1.192,1.0743,1.3105,19.1972,"0.0007"
"G20_G30_G12.2_F01_F03","2000_2005","2011_2015",10,"RUCC3_EQI_Air","Q4",1.2719,1.1487,1.4025,27.1855,"0.0002"
"G20_G30_G12.2_F01_F03","2000_2005","2011_2015",10,"RUCC3_EQI_Air","Q5",1.2409,1.0829,1.4007,24.0892,"0.0012"
"G20_G30_G12.2_F01_F03","2000_2005","2011_2015",10,"RUCC3_EQI_Water","Q1",1.0543,0.9432,1.168,5.4326,"0.3362"
"G20_G30_G12.2_F01_F03","2000_2005","2011_2015",10,"RUCC3_EQI_Water","Q2",1.0949,0.9856,1.2132,9.488,"0.0957"
"G20_G30_G12.2_F01_F03","2000_2005","2011_2015",10,"RUCC3_EQI_Water","Q3",1.1015,0.9886,1.222,10.1462,"0.0772"
"G20_G30_G12.2_F01_F03","2000_2005","2011_2015",10,"RUCC3_EQI_Water","Q4",1.13,1.0166,1.2477,13.0034,"0.0222"
"G20_G30_G12.2_F01_F03","2000_2005","2011_2015",10,"RUCC3_EQI_Water","Q5",1.0982,0.981,1.2192,9.8206,"0.1012"
"G20_G30_G12.2_F01_F03","2000_2005","2011_2015",10,"RUCC3_EQI_Land","Q1",1.0543,0.9432,1.168,5.4326,"0.3362"
"G20_G30_G12.2_F01_F03","2000_2005","2011_2015",10,"RUCC3_EQI_Land","Q2",1.0297,0.9148,1.1453,2.972,"0.6181"
"G20_G30_G12.2_F01_F03","2000_2005","2011_2015",10,"RUCC3_EQI_Land","Q3",1.0611,0.9473,1.1797,6.1055,"0.2952"
"G20_G30_G12.2_F01_F03","2000_2005","2011_2015",10,"RUCC3_EQI_Land","Q4",1.0318,0.9174,1.1498,3.1776,"0.6131"
"G20_G30_G12.2_F01_F03","2000_2005","2011_2015",10,"RUCC3_EQI_Land","Q5",1.0427,0.9243,1.1686,4.2676,"0.5056"
"G20_G30_G12.2_F01_F03","2000_2005","2011_2015",10,"RUCC3_EQI_Built","Q1",1.0543,0.9432,1.168,5.4326,"0.3362"
"G20_G30_G12.2_F01_F03","2000_2005","2011_2015",10,"RUCC3_EQI_Built","Q2",1.1237,1.012,1.2388,12.3734,"0.0302"
"G20_G30_G12.2_F01_F03","2000_2005","2011_2015",10,"RUCC3_EQI_Built","Q3",1.1416,1.0281,1.2611,14.1633,"0.0127"
"G20_G30_G12.2_F01_F03","2000_2005","2011_2015",10,"RUCC3_EQI_Built","Q4",1.1607,1.0454,1.2804,16.0685,"0.0057"
"G20_G30_G12.2_F01_F03","2000_2005","2011_2015",10,"RUCC3_EQI_Built","Q5",1.1298,1.0097,1.2531,12.9781,"0.0367"
"G20_G30_G12.2_F01_F03","2000_2005","2011_2015",10,"RUCC3_EQI_Social","Q1",1.0543,0.9432,1.168,5.4326,"0.3362"
"G20_G30_G12.2_F01_F03","2000_2005","2011_2015",10,"RUCC3_EQI_Social","Q2",1.144,1.0303,1.268,14.3989,"0.0172"
"G20_G30_G12.2_F01_F03","2000_2005","2011_2015",10,"RUCC3_EQI_Social","Q3",1.1348,1.0169,1.2582,13.4751,"0.0307"
"G20_G30_G12.2_F01_F03","2000_2005","2011_2015",10,"RUCC3_EQI_Social","Q4",1.1293,1.0033,1.263,12.933,"0.0442"
"G20_G30_G12.2_F01_F03","2000_2005","2011_2015",10,"RUCC3_EQI_Social","Q5",1.1734,1.0342,1.3173,17.3435,"0.0122"
"G20_G30_G12.2_F01_F03","2000_2005","2016_2020",15,"RUCC3_EQI","Q1",1.2589,1.1611,1.3615,25.8903,"0.0002"
"G20_G30_G12.2_F01_F03","2000_2005","2016_2020",15,"RUCC3_EQI","Q2",1.3762,1.2784,1.4806,37.6173,"0.0002"
"G20_G30_G12.2_F01_F03","2000_2005","2016_2020",15,"RUCC3_EQI","Q3",1.3742,1.2762,1.4782,37.4227,"0.0002"
"G20_G30_G12.2_F01_F03","2000_2005","2016_2020",15,"RUCC3_EQI","Q4",1.4602,1.3584,1.5675,46.0151,"0.0002"
"G20_G30_G12.2_F01_F03","2000_2005","2016_2020",15,"RUCC3_EQI","Q5",1.4859,1.3638,1.6147,48.5947,"0.0002"
"G20_G30_G12.2_F01_F03","2000_2005","2016_2020",15,"RUCC3_EQI_Air","Q1",1.1232,1.0129,1.2483,12.3205,"0.0282"
"G20_G30_G12.2_F01_F03","2000_2005","2016_2020",15,"RUCC3_EQI_Air","Q2",1.2037,1.0918,1.3253,20.3663,"0.0002"
"G20_G30_G12.2_F01_F03","2000_2005","2016_2020",15,"RUCC3_EQI_Air","Q3",1.2513,1.1334,1.3722,25.1258,"0.0002"
"G20_G30_G12.2_F01_F03","2000_2005","2016_2020",15,"RUCC3_EQI_Air","Q4",1.3257,1.1984,1.4575,32.5689,"0.0002"
"G20_G30_G12.2_F01_F03","2000_2005","2016_2020",15,"RUCC3_EQI_Air","Q5",1.3093,1.1544,1.4759,30.9289,"0.0002"
"G20_G30_G12.2_F01_F03","2000_2005","2016_2020",15,"RUCC3_EQI_Water","Q1",1.1232,1.0129,1.2483,12.3205,"0.0282"
"G20_G30_G12.2_F01_F03","2000_2005","2016_2020",15,"RUCC3_EQI_Water","Q2",1.1598,1.0398,1.2848,15.9825,"0.0092"
"G20_G30_G12.2_F01_F03","2000_2005","2016_2020",15,"RUCC3_EQI_Water","Q3",1.1568,1.0357,1.2785,15.6769,"0.0137"
"G20_G30_G12.2_F01_F03","2000_2005","2016_2020",15,"RUCC3_EQI_Water","Q4",1.1629,1.0424,1.2857,16.2855,"0.0062"
"G20_G30_G12.2_F01_F03","2000_2005","2016_2020",15,"RUCC3_EQI_Water","Q5",1.159,1.0388,1.2877,15.9031,"0.0117"
"G20_G30_G12.2_F01_F03","2000_2005","2016_2020",15,"RUCC3_EQI_Land","Q1",1.1232,1.0129,1.2483,12.3205,"0.0282"
"G20_G30_G12.2_F01_F03","2000_2005","2016_2020",15,"RUCC3_EQI_Land","Q2",1.1389,1.0206,1.2657,13.8899,"0.0237"
"G20_G30_G12.2_F01_F03","2000_2005","2016_2020",15,"RUCC3_EQI_Land","Q3",1.1514,1.0336,1.2763,15.1353,"0.0147"
"G20_G30_G12.2_F01_F03","2000_2005","2016_2020",15,"RUCC3_EQI_Land","Q4",1.172,1.05,1.3006,17.2004,"0.0082"
"G20_G30_G12.2_F01_F03","2000_2005","2016_2020",15,"RUCC3_EQI_Land","Q5",1.1508,1.0246,1.2854,15.0764,"0.0217"
"G20_G30_G12.2_F01_F03","2000_2005","2016_2020",15,"RUCC3_EQI_Built","Q1",1.1232,1.0129,1.2483,12.3205,"0.0282"
"G20_G30_G12.2_F01_F03","2000_2005","2016_2020",15,"RUCC3_EQI_Built","Q2",1.2054,1.0864,1.33,20.5366,"0.0012"
"G20_G30_G12.2_F01_F03","2000_2005","2016_2020",15,"RUCC3_EQI_Built","Q3",1.2171,1.1008,1.3399,21.7115,"0.0007"
"G20_G30_G12.2_F01_F03","2000_2005","2016_2020",15,"RUCC3_EQI_Built","Q4",1.2451,1.1261,1.3778,24.5118,"0.0002"
"G20_G30_G12.2_F01_F03","2000_2005","2016_2020",15,"RUCC3_EQI_Built","Q5",1.1822,1.0593,1.3132,18.2236,"0.0027"
"G20_G30_G12.2_F01_F03","2000_2005","2016_2020",15,"RUCC3_EQI_Social","Q1",1.1232,1.0129,1.2483,12.3205,"0.0282"
"G20_G30_G12.2_F01_F03","2000_2005","2016_2020",15,"RUCC3_EQI_Social","Q2",1.1652,1.0485,1.2896,16.5212,"0.0067"
"G20_G30_G12.2_F01_F03","2000_2005","2016_2020",15,"RUCC3_EQI_Social","Q3",1.1463,1.0237,1.2786,14.6307,"0.0177"
"G20_G30_G12.2_F01_F03","2000_2005","2016_2020",15,"RUCC3_EQI_Social","Q4",1.1681,1.0408,1.3081,16.8063,"0.0112"
"G20_G30_G12.2_F01_F03","2000_2005","2016_2020",15,"RUCC3_EQI_Social","Q5",1.2353,1.0889,1.3942,23.5287,"0.0012"
"G20_G30_G12.2_F01_F03","2006_2010","2011_2015",5,"RUCC3_EQI","Q1",1,1,1,0,NA
"G20_G30_G12.2_F01_F03","2006_2010","2011_2015",5,"RUCC3_EQI","Q2",1.0591,1.0119,1.1094,5.9128,"0.0132"
"G20_G30_G12.2_F01_F03","2006_2010","2011_2015",5,"RUCC3_EQI","Q3",1.1149,1.064,1.1697,11.4876,"0.0002"
"G20_G30_G12.2_F01_F03","2006_2010","2011_2015",5,"RUCC3_EQI","Q4",1.076,1.0219,1.1314,7.6035,"0.0042"
"G20_G30_G12.2_F01_F03","2006_2010","2011_2015",5,"RUCC3_EQI","Q5",1.0906,1.0276,1.1543,9.0628,"0.0052"
"G20_G30_G12.2_F01_F03","2006_2010","2011_2015",5,"RUCC3_EQI_Air","Q1",0.9625,0.8634,1.0617,-3.7501,"0.4641"
"G20_G30_G12.2_F01_F03","2006_2010","2011_2015",5,"RUCC3_EQI_Air","Q2",0.9739,0.875,1.0744,-2.6059,"0.5991"
"G20_G30_G12.2_F01_F03","2006_2010","2011_2015",5,"RUCC3_EQI_Air","Q3",1.0377,0.9361,1.1453,3.7681,"0.4886"
"G20_G30_G12.2_F01_F03","2006_2010","2011_2015",5,"RUCC3_EQI_Air","Q4",1.0188,0.9166,1.1245,1.8784,"0.7361"
"G20_G30_G12.2_F01_F03","2006_2010","2011_2015",5,"RUCC3_EQI_Air","Q5",1.0301,0.928,1.1386,3.0109,"0.6031"
"G20_G30_G12.2_F01_F03","2006_2010","2011_2015",5,"RUCC3_EQI_Water","Q1",0.9625,0.8634,1.0617,-3.7501,"0.4641"
"G20_G30_G12.2_F01_F03","2006_2010","2011_2015",5,"RUCC3_EQI_Water","Q2",0.9475,0.8514,1.0464,-5.2465,"0.3067"
"G20_G30_G12.2_F01_F03","2006_2010","2011_2015",5,"RUCC3_EQI_Water","Q3",0.9826,0.8868,1.0851,-1.7364,"0.7216"
"G20_G30_G12.2_F01_F03","2006_2010","2011_2015",5,"RUCC3_EQI_Water","Q4",0.976,0.8808,1.0772,-2.4013,"0.6361"
"G20_G30_G12.2_F01_F03","2006_2010","2011_2015",5,"RUCC3_EQI_Water","Q5",0.9757,0.8796,1.0749,-2.4309,"0.6291"
"G20_G30_G12.2_F01_F03","2006_2010","2011_2015",5,"RUCC3_EQI_Land","Q1",0.9625,0.8634,1.0617,-3.7501,"0.4641"
"G20_G30_G12.2_F01_F03","2006_2010","2011_2015",5,"RUCC3_EQI_Land","Q2",1.047,0.9419,1.1565,4.6961,"0.3952"
"G20_G30_G12.2_F01_F03","2006_2010","2011_2015",5,"RUCC3_EQI_Land","Q3",1.0459,0.9427,1.1543,4.5913,"0.3997"
"G20_G30_G12.2_F01_F03","2006_2010","2011_2015",5,"RUCC3_EQI_Land","Q4",0.9877,0.8864,1.0927,-1.2263,"0.8120"
"G20_G30_G12.2_F01_F03","2006_2010","2011_2015",5,"RUCC3_EQI_Land","Q5",0.9944,0.8917,1.1006,-0.562,"0.9070"
"G20_G30_G12.2_F01_F03","2006_2010","2011_2015",5,"RUCC3_EQI_Built","Q1",0.9625,0.8634,1.0617,-3.7501,"0.4641"
"G20_G30_G12.2_F01_F03","2006_2010","2011_2015",5,"RUCC3_EQI_Built","Q2",0.9815,0.8797,1.0906,-1.8496,"0.7171"
"G20_G30_G12.2_F01_F03","2006_2010","2011_2015",5,"RUCC3_EQI_Built","Q3",1.001,0.8981,1.1036,0.0956,"0.9910"
"G20_G30_G12.2_F01_F03","2006_2010","2011_2015",5,"RUCC3_EQI_Built","Q4",0.997,0.8948,1.1023,-0.3033,"0.9400"
"G20_G30_G12.2_F01_F03","2006_2010","2011_2015",5,"RUCC3_EQI_Built","Q5",0.976,0.8654,1.0868,-2.3966,"0.6601"
"G20_G30_G12.2_F01_F03","2006_2010","2011_2015",5,"RUCC3_EQI_Social","Q1",0.9625,0.8634,1.0617,-3.7501,"0.4641"
"G20_G30_G12.2_F01_F03","2006_2010","2011_2015",5,"RUCC3_EQI_Social","Q2",1.0154,0.9188,1.1169,1.5393,"0.7581"
"G20_G30_G12.2_F01_F03","2006_2010","2011_2015",5,"RUCC3_EQI_Social","Q3",0.9807,0.8928,1.0737,-1.9292,"0.6491"
"G20_G30_G12.2_F01_F03","2006_2010","2011_2015",5,"RUCC3_EQI_Social","Q4",0.9523,0.8638,1.0442,-4.7705,"0.2882"
"G20_G30_G12.2_F01_F03","2006_2010","2011_2015",5,"RUCC3_EQI_Social","Q5",0.8863,0.7995,0.9763,-11.3738,"0.0132"
"G20_G30_G12.2_F01_F03","2006_2010","2016_2020",10,"RUCC3_EQI","Q1",1.0632,0.9919,1.1393,6.3172,"0.0877"
"G20_G30_G12.2_F01_F03","2006_2010","2016_2020",10,"RUCC3_EQI","Q2",1.1043,1.03,1.1812,10.4315,"0.0052"
"G20_G30_G12.2_F01_F03","2006_2010","2016_2020",10,"RUCC3_EQI","Q3",1.1364,1.0611,1.2181,13.6423,"0.0002"
"G20_G30_G12.2_F01_F03","2006_2010","2016_2020",10,"RUCC3_EQI","Q4",1.1294,1.0488,1.2129,12.9428,"0.0002"
"G20_G30_G12.2_F01_F03","2006_2010","2016_2020",10,"RUCC3_EQI","Q5",1.1104,1.0259,1.1975,11.0425,"0.0107"
"G20_G30_G12.2_F01_F03","2006_2010","2016_2020",10,"RUCC3_EQI_Air","Q1",1.0047,0.9049,1.1126,0.4654,"0.9535"
"G20_G30_G12.2_F01_F03","2006_2010","2016_2020",10,"RUCC3_EQI_Air","Q2",1.0146,0.9124,1.1213,1.4636,"0.7751"
"G20_G30_G12.2_F01_F03","2006_2010","2016_2020",10,"RUCC3_EQI_Air","Q3",1.0515,0.9457,1.1591,5.1494,"0.3382"
"G20_G30_G12.2_F01_F03","2006_2010","2016_2020",10,"RUCC3_EQI_Air","Q4",1.055,0.9508,1.1665,5.4995,"0.3177"
"G20_G30_G12.2_F01_F03","2006_2010","2016_2020",10,"RUCC3_EQI_Air","Q5",1.0574,0.9536,1.1687,5.7425,"0.2947"
"G20_G30_G12.2_F01_F03","2006_2010","2016_2020",10,"RUCC3_EQI_Water","Q1",1.0047,0.9049,1.1126,0.4654,"0.9535"
"G20_G30_G12.2_F01_F03","2006_2010","2016_2020",10,"RUCC3_EQI_Water","Q2",0.9985,0.8966,1.1056,-0.1463,"0.9595"
"G20_G30_G12.2_F01_F03","2006_2010","2016_2020",10,"RUCC3_EQI_Water","Q3",0.9997,0.8966,1.1085,-0.032,"0.9890"
"G20_G30_G12.2_F01_F03","2006_2010","2016_2020",10,"RUCC3_EQI_Water","Q4",1.0072,0.9064,1.1174,0.719,"0.9075"
"G20_G30_G12.2_F01_F03","2006_2010","2016_2020",10,"RUCC3_EQI_Water","Q5",0.9989,0.8994,1.1049,-0.1062,"0.9830"
"G20_G30_G12.2_F01_F03","2006_2010","2016_2020",10,"RUCC3_EQI_Land","Q1",1.0047,0.9049,1.1126,0.4654,"0.9535"
"G20_G30_G12.2_F01_F03","2006_2010","2016_2020",10,"RUCC3_EQI_Land","Q2",1.0631,0.9579,1.175,6.3112,"0.2522"
"G20_G30_G12.2_F01_F03","2006_2010","2016_2020",10,"RUCC3_EQI_Land","Q3",1.0443,0.9392,1.154,4.4327,"0.4141"
"G20_G30_G12.2_F01_F03","2006_2010","2016_2020",10,"RUCC3_EQI_Land","Q4",1.0461,0.9427,1.1563,4.6108,"0.4141"
"G20_G30_G12.2_F01_F03","2006_2010","2016_2020",10,"RUCC3_EQI_Land","Q5",1.0658,0.9589,1.1794,6.5773,"0.2372"
"G20_G30_G12.2_F01_F03","2006_2010","2016_2020",10,"RUCC3_EQI_Built","Q1",1.0047,0.9049,1.1126,0.4654,"0.9535"
"G20_G30_G12.2_F01_F03","2006_2010","2016_2020",10,"RUCC3_EQI_Built","Q2",1.0693,0.9635,1.1855,6.9291,"0.2222"
"G20_G30_G12.2_F01_F03","2006_2010","2016_2020",10,"RUCC3_EQI_Built","Q3",1.0604,0.9531,1.1745,6.0352,"0.2892"
"G20_G30_G12.2_F01_F03","2006_2010","2016_2020",10,"RUCC3_EQI_Built","Q4",1.0701,0.9636,1.185,7.0056,"0.2202"
"G20_G30_G12.2_F01_F03","2006_2010","2016_2020",10,"RUCC3_EQI_Built","Q5",0.99,0.8798,1.11,-1.0027,"0.8600"
"G20_G30_G12.2_F01_F03","2006_2010","2016_2020",10,"RUCC3_EQI_Social","Q1",1.0047,0.9049,1.1126,0.4654,"0.9535"
"G20_G30_G12.2_F01_F03","2006_2010","2016_2020",10,"RUCC3_EQI_Social","Q2",1.0616,0.9639,1.1678,6.1589,"0.2352"
"G20_G30_G12.2_F01_F03","2006_2010","2016_2020",10,"RUCC3_EQI_Social","Q3",1.0274,0.9381,1.1238,2.7422,"0.5656"
"G20_G30_G12.2_F01_F03","2006_2010","2016_2020",10,"RUCC3_EQI_Social","Q4",1.0139,0.9241,1.1097,1.3855,"0.7791"
"G20_G30_G12.2_F01_F03","2006_2010","2016_2020",10,"RUCC3_EQI_Social","Q5",0.9536,0.8624,1.0472,-4.635,"0.3047"
"G20_G30_G12.2_F01_F03","2000_2005","2006_2010",5,"RUCC4_EQI","Q1",1,1,1,0,NA
"G20_G30_G12.2_F01_F03","2000_2005","2006_2010",5,"RUCC4_EQI","Q2",1.2023,1.1077,1.2996,20.2263,"0.0002"
"G20_G30_G12.2_F01_F03","2000_2005","2006_2010",5,"RUCC4_EQI","Q3",1.2436,1.1342,1.358,24.3568,"0.0002"
"G20_G30_G12.2_F01_F03","2000_2005","2006_2010",5,"RUCC4_EQI","Q4",1.2391,1.0883,1.3977,23.9119,"0.0007"
"G20_G30_G12.2_F01_F03","2000_2005","2006_2010",5,"RUCC4_EQI","Q5",1.0565,0.8554,1.2596,5.6547,"0.5716"
"G20_G30_G12.2_F01_F03","2000_2005","2006_2010",5,"RUCC4_EQI_Air","Q1",0.8411,0.7053,0.9863,-15.8936,"0.0302"
"G20_G30_G12.2_F01_F03","2000_2005","2006_2010",5,"RUCC4_EQI_Air","Q2",0.9455,0.8024,1.0895,-5.4472,"0.4576"
"G20_G30_G12.2_F01_F03","2000_2005","2006_2010",5,"RUCC4_EQI_Air","Q3",1.0416,0.8721,1.22,4.1561,"0.6356"
"G20_G30_G12.2_F01_F03","2000_2005","2006_2010",5,"RUCC4_EQI_Air","Q4",0.952,0.7427,1.1753,-4.8049,"0.6481"
"G20_G30_G12.2_F01_F03","2000_2005","2006_2010",5,"RUCC4_EQI_Air","Q5",0.8415,0.5734,1.1038,-15.8537,"0.2372"
"G20_G30_G12.2_F01_F03","2000_2005","2006_2010",5,"RUCC4_EQI_Water","Q1",0.8411,0.7053,0.9863,-15.8936,"0.0302"
"G20_G30_G12.2_F01_F03","2000_2005","2006_2010",5,"RUCC4_EQI_Water","Q2",0.8318,0.7022,0.9716,-16.8221,"0.0227"
"G20_G30_G12.2_F01_F03","2000_2005","2006_2010",5,"RUCC4_EQI_Water","Q3",0.8483,0.7006,1.0102,-15.1718,"0.0647"
"G20_G30_G12.2_F01_F03","2000_2005","2006_2010",5,"RUCC4_EQI_Water","Q4",0.9469,0.7937,1.1059,-5.3066,"0.5101"
"G20_G30_G12.2_F01_F03","2000_2005","2006_2010",5,"RUCC4_EQI_Water","Q5",0.9274,0.769,1.0923,-7.2568,"0.3887"
"G20_G30_G12.2_F01_F03","2000_2005","2006_2010",5,"RUCC4_EQI_Land","Q1",0.8411,0.7053,0.9863,-15.8936,"0.0302"
"G20_G30_G12.2_F01_F03","2000_2005","2006_2010",5,"RUCC4_EQI_Land","Q2",0.9019,0.7526,1.0559,-9.8118,"0.2132"
"G20_G30_G12.2_F01_F03","2000_2005","2006_2010",5,"RUCC4_EQI_Land","Q3",0.9459,0.7991,1.1013,-5.4065,"0.4881"
"G20_G30_G12.2_F01_F03","2000_2005","2006_2010",5,"RUCC4_EQI_Land","Q4",0.9304,0.7852,1.0859,-6.964,"0.3647"
"G20_G30_G12.2_F01_F03","2000_2005","2006_2010",5,"RUCC4_EQI_Land","Q5",0.9422,0.7838,1.1093,-5.7767,"0.4771"
"G20_G30_G12.2_F01_F03","2000_2005","2006_2010",5,"RUCC4_EQI_Built","Q1",0.8411,0.7053,0.9863,-15.8936,"0.0302"
"G20_G30_G12.2_F01_F03","2000_2005","2006_2010",5,"RUCC4_EQI_Built","Q2",0.9028,0.7422,1.0674,-9.7178,"0.2312"
"G20_G30_G12.2_F01_F03","2000_2005","2006_2010",5,"RUCC4_EQI_Built","Q3",0.9336,0.7664,1.1094,-6.6379,"0.4366"
"G20_G30_G12.2_F01_F03","2000_2005","2006_2010",5,"RUCC4_EQI_Built","Q4",0.9426,0.7545,1.133,-5.7365,"0.5471"
"G20_G30_G12.2_F01_F03","2000_2005","2006_2010",5,"RUCC4_EQI_Built","Q5",0.8341,0.6473,1.0364,-16.5916,"0.1017"
"G20_G30_G12.2_F01_F03","2000_2005","2006_2010",5,"RUCC4_EQI_Social","Q1",0.8411,0.7053,0.9863,-15.8936,"0.0302"
"G20_G30_G12.2_F01_F03","2000_2005","2006_2010",5,"RUCC4_EQI_Social","Q2",0.9546,0.8047,1.1122,-4.5366,"0.5446"
"G20_G30_G12.2_F01_F03","2000_2005","2006_2010",5,"RUCC4_EQI_Social","Q3",0.9488,0.7902,1.1106,-5.1224,"0.5156"
"G20_G30_G12.2_F01_F03","2000_2005","2006_2010",5,"RUCC4_EQI_Social","Q4",1.0043,0.8307,1.1831,0.427,"0.9755"
"G20_G30_G12.2_F01_F03","2000_2005","2006_2010",5,"RUCC4_EQI_Social","Q5",1.0315,0.8257,1.2428,3.1486,"0.7726"
"G20_G30_G12.2_F01_F03","2000_2005","2011_2015",10,"RUCC4_EQI","Q1",1.1787,1.0605,1.3107,17.8734,"0.0017"
"G20_G30_G12.2_F01_F03","2000_2005","2011_2015",10,"RUCC4_EQI","Q2",1.375,1.237,1.5274,37.4956,"0.0002"
"G20_G30_G12.2_F01_F03","2000_2005","2011_2015",10,"RUCC4_EQI","Q3",1.4354,1.2851,1.6052,43.5419,"0.0002"
"G20_G30_G12.2_F01_F03","2000_2005","2011_2015",10,"RUCC4_EQI","Q4",1.4219,1.2301,1.6211,42.1868,"0.0002"
"G20_G30_G12.2_F01_F03","2000_2005","2011_2015",10,"RUCC4_EQI","Q5",1.2333,1.0045,1.479,23.3322,"0.0462"
"G20_G30_G12.2_F01_F03","2000_2005","2011_2015",10,"RUCC4_EQI_Air","Q1",1.0192,0.8694,1.1714,1.9207,"0.8255"
"G20_G30_G12.2_F01_F03","2000_2005","2011_2015",10,"RUCC4_EQI_Air","Q2",1.139,0.9743,1.3067,13.9008,"0.0947"
"G20_G30_G12.2_F01_F03","2000_2005","2011_2015",10,"RUCC4_EQI_Air","Q3",1.2609,1.063,1.4611,26.0863,"0.0077"
"G20_G30_G12.2_F01_F03","2000_2005","2011_2015",10,"RUCC4_EQI_Air","Q4",1.1255,0.8991,1.3572,12.5471,"0.2677"
"G20_G30_G12.2_F01_F03","2000_2005","2011_2015",10,"RUCC4_EQI_Air","Q5",1.0197,0.7579,1.2912,1.9651,"0.8970"
"G20_G30_G12.2_F01_F03","2000_2005","2011_2015",10,"RUCC4_EQI_Water","Q1",1.0192,0.8694,1.1714,1.9207,"0.8255"
"G20_G30_G12.2_F01_F03","2000_2005","2011_2015",10,"RUCC4_EQI_Water","Q2",1.0144,0.8671,1.1729,1.4402,"0.8660"
"G20_G30_G12.2_F01_F03","2000_2005","2011_2015",10,"RUCC4_EQI_Water","Q3",1.0205,0.8591,1.1906,2.0528,"0.8240"
"G20_G30_G12.2_F01_F03","2000_2005","2011_2015",10,"RUCC4_EQI_Water","Q4",1.168,0.9948,1.3424,16.7993,"0.0537"
"G20_G30_G12.2_F01_F03","2000_2005","2011_2015",10,"RUCC4_EQI_Water","Q5",1.1424,0.9656,1.332,14.2395,"0.1197"
"G20_G30_G12.2_F01_F03","2000_2005","2011_2015",10,"RUCC4_EQI_Land","Q1",1.0192,0.8694,1.1714,1.9207,"0.8255"
"G20_G30_G12.2_F01_F03","2000_2005","2011_2015",10,"RUCC4_EQI_Land","Q2",1.074,0.9114,1.2386,7.4049,"0.3917"
"G20_G30_G12.2_F01_F03","2000_2005","2011_2015",10,"RUCC4_EQI_Land","Q3",1.0287,0.8741,1.2002,2.8744,"0.7506"
"G20_G30_G12.2_F01_F03","2000_2005","2011_2015",10,"RUCC4_EQI_Land","Q4",1.0684,0.9076,1.2362,6.8374,"0.4126"
"G20_G30_G12.2_F01_F03","2000_2005","2011_2015",10,"RUCC4_EQI_Land","Q5",1.1596,0.9814,1.3455,15.9625,"0.0852"
"G20_G30_G12.2_F01_F03","2000_2005","2011_2015",10,"RUCC4_EQI_Built","Q1",1.0192,0.8694,1.1714,1.9207,"0.8255"
"G20_G30_G12.2_F01_F03","2000_2005","2011_2015",10,"RUCC4_EQI_Built","Q2",1.1111,0.9421,1.2819,11.1054,"0.2102"
"G20_G30_G12.2_F01_F03","2000_2005","2011_2015",10,"RUCC4_EQI_Built","Q3",1.1411,0.9619,1.3294,14.1112,"0.1292"
"G20_G30_G12.2_F01_F03","2000_2005","2011_2015",10,"RUCC4_EQI_Built","Q4",1.1124,0.9212,1.3134,11.2406,"0.2512"
"G20_G30_G12.2_F01_F03","2000_2005","2011_2015",10,"RUCC4_EQI_Built","Q5",1.0589,0.8636,1.257,5.8942,"0.5566"
"G20_G30_G12.2_F01_F03","2000_2005","2011_2015",10,"RUCC4_EQI_Social","Q1",1.0192,0.8694,1.1714,1.9207,"0.8255"
"G20_G30_G12.2_F01_F03","2000_2005","2011_2015",10,"RUCC4_EQI_Social","Q2",1.0674,0.9,1.2371,6.7365,"0.4146"
"G20_G30_G12.2_F01_F03","2000_2005","2011_2015",10,"RUCC4_EQI_Social","Q3",1.1259,0.9575,1.3037,12.5907,"0.1397"
"G20_G30_G12.2_F01_F03","2000_2005","2011_2015",10,"RUCC4_EQI_Social","Q4",1.2456,1.058,1.437,24.561,"0.0142"
"G20_G30_G12.2_F01_F03","2000_2005","2011_2015",10,"RUCC4_EQI_Social","Q5",1.1995,0.9851,1.4099,19.9491,"0.0657"
"G20_G30_G12.2_F01_F03","2000_2005","2016_2020",15,"RUCC4_EQI","Q1",1.2256,1.1031,1.3625,22.5574,"0.0007"
"G20_G30_G12.2_F01_F03","2000_2005","2016_2020",15,"RUCC4_EQI","Q2",1.4239,1.2858,1.5805,42.3923,"0.0002"
"G20_G30_G12.2_F01_F03","2000_2005","2016_2020",15,"RUCC4_EQI","Q3",1.4788,1.3242,1.6445,47.8785,"0.0002"
"G20_G30_G12.2_F01_F03","2000_2005","2016_2020",15,"RUCC4_EQI","Q4",1.4308,1.2457,1.6297,43.0782,"0.0002"
"G20_G30_G12.2_F01_F03","2000_2005","2016_2020",15,"RUCC4_EQI","Q5",1.2615,1.0361,1.4971,26.1466,"0.0217"
"G20_G30_G12.2_F01_F03","2000_2005","2016_2020",15,"RUCC4_EQI_Air","Q1",1.0697,0.9172,1.2315,6.9671,"0.3857"
"G20_G30_G12.2_F01_F03","2000_2005","2016_2020",15,"RUCC4_EQI_Air","Q2",1.1867,1.0187,1.3662,18.6689,"0.0292"
"G20_G30_G12.2_F01_F03","2000_2005","2016_2020",15,"RUCC4_EQI_Air","Q3",1.3011,1.1122,1.5017,30.1076,"0.0012"
"G20_G30_G12.2_F01_F03","2000_2005","2016_2020",15,"RUCC4_EQI_Air","Q4",1.1553,0.9298,1.4008,15.5349,"0.1802"
"G20_G30_G12.2_F01_F03","2000_2005","2016_2020",15,"RUCC4_EQI_Air","Q5",1.0715,0.7906,1.3552,7.1454,"0.6016"
"G20_G30_G12.2_F01_F03","2000_2005","2016_2020",15,"RUCC4_EQI_Water","Q1",1.0697,0.9172,1.2315,6.9671,"0.3857"
"G20_G30_G12.2_F01_F03","2000_2005","2016_2020",15,"RUCC4_EQI_Water","Q2",1.0628,0.9118,1.2218,6.2816,"0.4261"
"G20_G30_G12.2_F01_F03","2000_2005","2016_2020",15,"RUCC4_EQI_Water","Q3",1.1011,0.938,1.2752,10.1082,"0.2197"
"G20_G30_G12.2_F01_F03","2000_2005","2016_2020",15,"RUCC4_EQI_Water","Q4",1.1231,0.9526,1.3059,12.3101,"0.1632"
"G20_G30_G12.2_F01_F03","2000_2005","2016_2020",15,"RUCC4_EQI_Water","Q5",1.1605,0.9807,1.3492,16.0525,"0.0772"
"G20_G30_G12.2_F01_F03","2000_2005","2016_2020",15,"RUCC4_EQI_Land","Q1",1.0697,0.9172,1.2315,6.9671,"0.3857"
"G20_G30_G12.2_F01_F03","2000_2005","2016_2020",15,"RUCC4_EQI_Land","Q2",1.129,0.9663,1.3028,12.8983,"0.1157"
"G20_G30_G12.2_F01_F03","2000_2005","2016_2020",15,"RUCC4_EQI_Land","Q3",1.0839,0.9203,1.2544,8.3943,"0.3097"
"G20_G30_G12.2_F01_F03","2000_2005","2016_2020",15,"RUCC4_EQI_Land","Q4",1.1113,0.9546,1.2855,11.1292,"0.1892"
"G20_G30_G12.2_F01_F03","2000_2005","2016_2020",15,"RUCC4_EQI_Land","Q5",1.2408,1.0643,1.4332,24.0835,"0.0087"
"G20_G30_G12.2_F01_F03","2000_2005","2016_2020",15,"RUCC4_EQI_Built","Q1",1.0697,0.9172,1.2315,6.9671,"0.3857"
"G20_G30_G12.2_F01_F03","2000_2005","2016_2020",15,"RUCC4_EQI_Built","Q2",1.1323,0.9643,1.3126,13.2317,"0.1337"
"G20_G30_G12.2_F01_F03","2000_2005","2016_2020",15,"RUCC4_EQI_Built","Q3",1.191,1.0096,1.3866,19.0988,"0.0412"
"G20_G30_G12.2_F01_F03","2000_2005","2016_2020",15,"RUCC4_EQI_Built","Q4",1.15,0.9569,1.3599,15.0004,"0.1427"
"G20_G30_G12.2_F01_F03","2000_2005","2016_2020",15,"RUCC4_EQI_Built","Q5",1.1098,0.9112,1.3211,10.9781,"0.2797"
"G20_G30_G12.2_F01_F03","2000_2005","2016_2020",15,"RUCC4_EQI_Social","Q1",1.0697,0.9172,1.2315,6.9671,"0.3857"
"G20_G30_G12.2_F01_F03","2000_2005","2016_2020",15,"RUCC4_EQI_Social","Q2",1.1335,0.967,1.3118,13.352,"0.1157"
"G20_G30_G12.2_F01_F03","2000_2005","2016_2020",15,"RUCC4_EQI_Social","Q3",1.2271,1.0492,1.4154,22.7063,"0.0162"
"G20_G30_G12.2_F01_F03","2000_2005","2016_2020",15,"RUCC4_EQI_Social","Q4",1.3061,1.1195,1.5005,30.6069,"0.0012"
"G20_G30_G12.2_F01_F03","2000_2005","2016_2020",15,"RUCC4_EQI_Social","Q5",1.2257,1.0106,1.4474,22.5732,"0.0397"
"G20_G30_G12.2_F01_F03","2006_2010","2011_2015",5,"RUCC4_EQI","Q1",1,1,1,0,NA
"G20_G30_G12.2_F01_F03","2006_2010","2011_2015",5,"RUCC4_EQI","Q2",1.1043,1.0154,1.1961,10.4295,"0.0222"
"G20_G30_G12.2_F01_F03","2006_2010","2011_2015",5,"RUCC4_EQI","Q3",1.0212,0.9222,1.1222,2.1207,"0.6746"
"G20_G30_G12.2_F01_F03","2006_2010","2011_2015",5,"RUCC4_EQI","Q4",1.0474,0.9425,1.1531,4.7404,"0.3812"
"G20_G30_G12.2_F01_F03","2006_2010","2011_2015",5,"RUCC4_EQI","Q5",1.0053,0.8855,1.1235,0.5312,"0.9165"
"G20_G30_G12.2_F01_F03","2006_2010","2011_2015",5,"RUCC4_EQI_Air","Q1",0.967,0.8122,1.1217,-3.3002,"0.6776"
"G20_G30_G12.2_F01_F03","2006_2010","2011_2015",5,"RUCC4_EQI_Air","Q2",0.9988,0.8418,1.1641,-0.1221,"0.9720"
"G20_G30_G12.2_F01_F03","2006_2010","2011_2015",5,"RUCC4_EQI_Air","Q3",1.0274,0.8685,1.1892,2.7402,"0.7356"
"G20_G30_G12.2_F01_F03","2006_2010","2011_2015",5,"RUCC4_EQI_Air","Q4",1.0897,0.9248,1.2671,8.9714,"0.3017"
"G20_G30_G12.2_F01_F03","2006_2010","2011_2015",5,"RUCC4_EQI_Air","Q5",1.0521,0.8815,1.2258,5.2057,"0.5566"
"G20_G30_G12.2_F01_F03","2006_2010","2011_2015",5,"RUCC4_EQI_Water","Q1",0.967,0.8122,1.1217,-3.3002,"0.6776"
"G20_G30_G12.2_F01_F03","2006_2010","2011_2015",5,"RUCC4_EQI_Water","Q2",0.8923,0.7435,1.0466,-10.7673,"0.1737"
"G20_G30_G12.2_F01_F03","2006_2010","2011_2015",5,"RUCC4_EQI_Water","Q3",0.9143,0.758,1.0746,-8.5687,"0.2837"
"G20_G30_G12.2_F01_F03","2006_2010","2011_2015",5,"RUCC4_EQI_Water","Q4",1.0792,0.9132,1.2491,7.9214,"0.3857"
"G20_G30_G12.2_F01_F03","2006_2010","2011_2015",5,"RUCC4_EQI_Water","Q5",1.0239,0.8518,1.2053,2.3938,"0.8010"
"G20_G30_G12.2_F01_F03","2006_2010","2011_2015",5,"RUCC4_EQI_Land","Q1",0.967,0.8122,1.1217,-3.3002,"0.6776"
"G20_G30_G12.2_F01_F03","2006_2010","2011_2015",5,"RUCC4_EQI_Land","Q2",1.0343,0.868,1.2018,3.4281,"0.6976"
"G20_G30_G12.2_F01_F03","2006_2010","2011_2015",5,"RUCC4_EQI_Land","Q3",1.0213,0.8549,1.1897,2.1264,"0.8135"
"G20_G30_G12.2_F01_F03","2006_2010","2011_2015",5,"RUCC4_EQI_Land","Q4",1.1129,0.9395,1.288,11.2902,"0.1877"
"G20_G30_G12.2_F01_F03","2006_2010","2011_2015",5,"RUCC4_EQI_Land","Q5",1.1575,0.9803,1.3333,15.7542,"0.0822"
"G20_G30_G12.2_F01_F03","2006_2010","2011_2015",5,"RUCC4_EQI_Built","Q1",0.967,0.8122,1.1217,-3.3002,"0.6776"
"G20_G30_G12.2_F01_F03","2006_2010","2011_2015",5,"RUCC4_EQI_Built","Q2",0.9374,0.7733,1.1031,-6.2577,"0.4626"
"G20_G30_G12.2_F01_F03","2006_2010","2011_2015",5,"RUCC4_EQI_Built","Q3",0.9223,0.7421,1.0973,-7.7748,"0.3662"
"G20_G30_G12.2_F01_F03","2006_2010","2011_2015",5,"RUCC4_EQI_Built","Q4",1.0072,0.8387,1.1831,0.716,"0.9470"
"G20_G30_G12.2_F01_F03","2006_2010","2011_2015",5,"RUCC4_EQI_Built","Q5",0.8731,0.717,1.0337,-12.689,"0.1222"
"G20_G30_G12.2_F01_F03","2006_2010","2011_2015",5,"RUCC4_EQI_Social","Q1",0.967,0.8122,1.1217,-3.3002,"0.6776"
"G20_G30_G12.2_F01_F03","2006_2010","2011_2015",5,"RUCC4_EQI_Social","Q2",0.9874,0.8148,1.1709,-1.2632,"0.8720"
"G20_G30_G12.2_F01_F03","2006_2010","2011_2015",5,"RUCC4_EQI_Social","Q3",0.9986,0.8479,1.1525,-0.1407,"0.9615"
"G20_G30_G12.2_F01_F03","2006_2010","2011_2015",5,"RUCC4_EQI_Social","Q4",0.9958,0.8526,1.1486,-0.4193,"0.9525"
"G20_G30_G12.2_F01_F03","2006_2010","2011_2015",5,"RUCC4_EQI_Social","Q5",0.8936,0.7648,1.0311,-10.6423,"0.1237"
"G20_G30_G12.2_F01_F03","2006_2010","2016_2020",10,"RUCC4_EQI","Q1",1.0747,0.9694,1.1915,7.474,"0.1737"
"G20_G30_G12.2_F01_F03","2006_2010","2016_2020",10,"RUCC4_EQI","Q2",1.1071,0.9878,1.2339,10.7065,"0.0822"
"G20_G30_G12.2_F01_F03","2006_2010","2016_2020",10,"RUCC4_EQI","Q3",1.0962,0.9648,1.2346,9.6172,"0.1547"
"G20_G30_G12.2_F01_F03","2006_2010","2016_2020",10,"RUCC4_EQI","Q4",1.0852,0.9531,1.2218,8.5155,"0.2102"
"G20_G30_G12.2_F01_F03","2006_2010","2016_2020",10,"RUCC4_EQI","Q5",1.032,0.8956,1.1779,3.204,"0.6746"
"G20_G30_G12.2_F01_F03","2006_2010","2016_2020",10,"RUCC4_EQI_Air","Q1",1.0581,0.9027,1.2274,5.8144,"0.4956"
"G20_G30_G12.2_F01_F03","2006_2010","2016_2020",10,"RUCC4_EQI_Air","Q2",1.0714,0.9114,1.2508,7.1397,"0.4201"
"G20_G30_G12.2_F01_F03","2006_2010","2016_2020",10,"RUCC4_EQI_Air","Q3",1.103,0.9427,1.2767,10.2957,"0.2192"
"G20_G30_G12.2_F01_F03","2006_2010","2016_2020",10,"RUCC4_EQI_Air","Q4",1.1722,0.9999,1.3545,17.2206,"0.0507"
"G20_G30_G12.2_F01_F03","2006_2010","2016_2020",10,"RUCC4_EQI_Air","Q5",1.1447,0.9698,1.3305,14.466,"0.1122"
"G20_G30_G12.2_F01_F03","2006_2010","2016_2020",10,"RUCC4_EQI_Water","Q1",1.0581,0.9027,1.2274,5.8144,"0.4956"
"G20_G30_G12.2_F01_F03","2006_2010","2016_2020",10,"RUCC4_EQI_Water","Q2",0.9814,0.8289,1.1419,-1.8604,"0.8105"
"G20_G30_G12.2_F01_F03","2006_2010","2016_2020",10,"RUCC4_EQI_Water","Q3",0.9935,0.841,1.1578,-0.6545,"0.9180"
"G20_G30_G12.2_F01_F03","2006_2010","2016_2020",10,"RUCC4_EQI_Water","Q4",1.0509,0.8847,1.2325,5.0878,"0.5661"
"G20_G30_G12.2_F01_F03","2006_2010","2016_2020",10,"RUCC4_EQI_Water","Q5",1.1285,0.9544,1.3085,12.8486,"0.1577"
"G20_G30_G12.2_F01_F03","2006_2010","2016_2020",10,"RUCC4_EQI_Land","Q1",1.0581,0.9027,1.2274,5.8144,"0.4956"
"G20_G30_G12.2_F01_F03","2006_2010","2016_2020",10,"RUCC4_EQI_Land","Q2",1.1363,0.9686,1.3142,13.6305,"0.1092"
"G20_G30_G12.2_F01_F03","2006_2010","2016_2020",10,"RUCC4_EQI_Land","Q3",1.1035,0.9355,1.2843,10.3453,"0.2477"
"G20_G30_G12.2_F01_F03","2006_2010","2016_2020",10,"RUCC4_EQI_Land","Q4",1.2076,1.03,1.3906,20.7584,"0.0217"
"G20_G30_G12.2_F01_F03","2006_2010","2016_2020",10,"RUCC4_EQI_Land","Q5",1.2679,1.0888,1.4563,26.7914,"0.0022"
"G20_G30_G12.2_F01_F03","2006_2010","2016_2020",10,"RUCC4_EQI_Built","Q1",1.0581,0.9027,1.2274,5.8144,"0.4956"
"G20_G30_G12.2_F01_F03","2006_2010","2016_2020",10,"RUCC4_EQI_Built","Q2",1.0103,0.846,1.1833,1.0332,"0.9130"
"G20_G30_G12.2_F01_F03","2006_2010","2016_2020",10,"RUCC4_EQI_Built","Q3",1.0231,0.8527,1.2017,2.3078,"0.8160"
"G20_G30_G12.2_F01_F03","2006_2010","2016_2020",10,"RUCC4_EQI_Built","Q4",1.0535,0.8835,1.2392,5.3518,"0.5721"
"G20_G30_G12.2_F01_F03","2006_2010","2016_2020",10,"RUCC4_EQI_Built","Q5",0.9396,0.7756,1.1111,-6.0381,"0.4741"
"G20_G30_G12.2_F01_F03","2006_2010","2016_2020",10,"RUCC4_EQI_Social","Q1",1.0581,0.9027,1.2274,5.8144,"0.4956"
"G20_G30_G12.2_F01_F03","2006_2010","2016_2020",10,"RUCC4_EQI_Social","Q2",1.0838,0.9049,1.273,8.3801,"0.3602"
"G20_G30_G12.2_F01_F03","2006_2010","2016_2020",10,"RUCC4_EQI_Social","Q3",1.1402,0.9809,1.3114,14.0244,"0.0952"
"G20_G30_G12.2_F01_F03","2006_2010","2016_2020",10,"RUCC4_EQI_Social","Q4",1.1029,0.9587,1.26,10.2893,"0.1802"
"G20_G30_G12.2_F01_F03","2006_2010","2016_2020",10,"RUCC4_EQI_Social","Q5",0.9387,0.8033,1.08,-6.1322,"0.3797"
"G20_G30_G12.2_F01_F03","2000_2005","2006_2010",5,"RUCC1_EQI","Q1",1,1,1,0,NA
"G20_G30_G12.2_F01_F03","2000_2005","2006_2010",5,"RUCC1_EQI","Q2",1.0314,0.9639,1.1037,3.1406,"0.3727"
"G20_G30_G12.2_F01_F03","2000_2005","2006_2010",5,"RUCC1_EQI","Q3",1.0973,1.0365,1.1658,9.7253,"0.0027"
"G20_G30_G12.2_F01_F03","2000_2005","2006_2010",5,"RUCC1_EQI","Q4",1.177,1.1111,1.2491,17.7026,"0.0002"
"G20_G30_G12.2_F01_F03","2000_2005","2006_2010",5,"RUCC1_EQI","Q5",1.2642,1.1937,1.3408,26.4218,"0.0002"
"G20_G30_G12.2_F01_F03","2000_2005","2006_2010",5,"RUCC1_EQI_Air","Q1",0.7895,0.6806,0.904,-21.0506,"0.0007"
"G20_G30_G12.2_F01_F03","2000_2005","2006_2010",5,"RUCC1_EQI_Air","Q2",0.8369,0.7267,0.9527,-16.3062,"0.0047"
"G20_G30_G12.2_F01_F03","2000_2005","2006_2010",5,"RUCC1_EQI_Air","Q3",0.8788,0.7742,0.984,-12.1163,"0.0257"
"G20_G30_G12.2_F01_F03","2000_2005","2006_2010",5,"RUCC1_EQI_Air","Q4",0.9197,0.815,1.0286,-8.033,"0.1357"
"G20_G30_G12.2_F01_F03","2000_2005","2006_2010",5,"RUCC1_EQI_Air","Q5",0.9458,0.8409,1.0563,-5.4227,"0.3072"
"G20_G30_G12.2_F01_F03","2000_2005","2006_2010",5,"RUCC1_EQI_Water","Q1",0.7895,0.6806,0.904,-21.0506,"0.0007"
"G20_G30_G12.2_F01_F03","2000_2005","2006_2010",5,"RUCC1_EQI_Water","Q2",0.8677,0.7507,0.9948,-13.2301,"0.0402"
"G20_G30_G12.2_F01_F03","2000_2005","2006_2010",5,"RUCC1_EQI_Water","Q3",0.8464,0.7303,0.9729,-15.3573,"0.0182"
"G20_G30_G12.2_F01_F03","2000_2005","2006_2010",5,"RUCC1_EQI_Water","Q4",0.8288,0.7142,0.9533,-17.1194,"0.0092"
"G20_G30_G12.2_F01_F03","2000_2005","2006_2010",5,"RUCC1_EQI_Water","Q5",0.8432,0.7261,0.9685,-15.6817,"0.0157"
"G20_G30_G12.2_F01_F03","2000_2005","2006_2010",5,"RUCC1_EQI_Land","Q1",0.7895,0.6806,0.904,-21.0506,"0.0007"
"G20_G30_G12.2_F01_F03","2000_2005","2006_2010",5,"RUCC1_EQI_Land","Q2",0.8306,0.7161,0.9529,-16.9413,"0.0057"
"G20_G30_G12.2_F01_F03","2000_2005","2006_2010",5,"RUCC1_EQI_Land","Q3",0.8191,0.7056,0.941,-18.0932,"0.0042"
"G20_G30_G12.2_F01_F03","2000_2005","2006_2010",5,"RUCC1_EQI_Land","Q4",0.7909,0.6775,0.9108,-20.9091,"0.0012"
"G20_G30_G12.2_F01_F03","2000_2005","2006_2010",5,"RUCC1_EQI_Land","Q5",0.8171,0.7005,0.941,-18.2896,"0.0052"
"G20_G30_G12.2_F01_F03","2000_2005","2006_2010",5,"RUCC1_EQI_Built","Q1",0.7895,0.6806,0.904,-21.0506,"0.0007"
"G20_G30_G12.2_F01_F03","2000_2005","2006_2010",5,"RUCC1_EQI_Built","Q2",0.841,0.73,0.9593,-15.9015,"0.0147"
"G20_G30_G12.2_F01_F03","2000_2005","2006_2010",5,"RUCC1_EQI_Built","Q3",0.8567,0.7385,0.9771,-14.3279,"0.0222"
"G20_G30_G12.2_F01_F03","2000_2005","2006_2010",5,"RUCC1_EQI_Built","Q4",0.857,0.7386,0.9796,-14.2962,"0.0207"
"G20_G30_G12.2_F01_F03","2000_2005","2006_2010",5,"RUCC1_EQI_Built","Q5",0.8704,0.7505,0.9933,-12.9605,"0.0382"
"G20_G30_G12.2_F01_F03","2000_2005","2006_2010",5,"RUCC1_EQI_Social","Q1",0.7895,0.6806,0.904,-21.0506,"0.0007"
"G20_G30_G12.2_F01_F03","2000_2005","2006_2010",5,"RUCC1_EQI_Social","Q2",0.847,0.7377,0.9685,-15.2959,"0.0122"
"G20_G30_G12.2_F01_F03","2000_2005","2006_2010",5,"RUCC1_EQI_Social","Q3",0.8833,0.7707,0.9995,-11.6685,"0.0487"
"G20_G30_G12.2_F01_F03","2000_2005","2006_2010",5,"RUCC1_EQI_Social","Q4",0.9254,0.813,1.0467,-7.4576,"0.2102"
"G20_G30_G12.2_F01_F03","2000_2005","2006_2010",5,"RUCC1_EQI_Social","Q5",1.0165,0.9001,1.1453,1.6549,"0.7926"
"G20_G30_G12.2_F01_F03","2000_2005","2011_2015",10,"RUCC1_EQI","Q1",1.1725,1.0751,1.2847,17.2543,"0.0002"
"G20_G30_G12.2_F01_F03","2000_2005","2011_2015",10,"RUCC1_EQI","Q2",1.1833,1.0852,1.2944,18.3325,"0.0002"
"G20_G30_G12.2_F01_F03","2000_2005","2011_2015",10,"RUCC1_EQI","Q3",1.2924,1.1884,1.4047,29.2371,"0.0002"
"G20_G30_G12.2_F01_F03","2000_2005","2011_2015",10,"RUCC1_EQI","Q4",1.3612,1.2615,1.4733,36.1236,"0.0002"
"G20_G30_G12.2_F01_F03","2000_2005","2011_2015",10,"RUCC1_EQI","Q5",1.4429,1.3398,1.5599,44.2887,"0.0002"
"G20_G30_G12.2_F01_F03","2000_2005","2011_2015",10,"RUCC1_EQI_Air","Q1",0.957,0.8405,1.074,-4.3014,"0.4646"
"G20_G30_G12.2_F01_F03","2000_2005","2011_2015",10,"RUCC1_EQI_Air","Q2",0.9829,0.8685,1.1026,-1.7109,"0.7466"
"G20_G30_G12.2_F01_F03","2000_2005","2011_2015",10,"RUCC1_EQI_Air","Q3",1.0522,0.9446,1.1641,5.2151,"0.3687"
"G20_G30_G12.2_F01_F03","2000_2005","2011_2015",10,"RUCC1_EQI_Air","Q4",1.0921,0.9825,1.2079,9.2118,"0.0997"
"G20_G30_G12.2_F01_F03","2000_2005","2011_2015",10,"RUCC1_EQI_Air","Q5",1.124,1.0107,1.2424,12.4023,"0.0322"
"G20_G30_G12.2_F01_F03","2000_2005","2011_2015",10,"RUCC1_EQI_Water","Q1",0.957,0.8405,1.074,-4.3014,"0.4646"
"G20_G30_G12.2_F01_F03","2000_2005","2011_2015",10,"RUCC1_EQI_Water","Q2",1.0209,0.8979,1.1499,2.0857,"0.7471"
"G20_G30_G12.2_F01_F03","2000_2005","2011_2015",10,"RUCC1_EQI_Water","Q3",0.9964,0.8745,1.1247,-0.3641,"0.9305"
"G20_G30_G12.2_F01_F03","2000_2005","2011_2015",10,"RUCC1_EQI_Water","Q4",1.0016,0.8756,1.1324,0.1594,"0.9925"
"G20_G30_G12.2_F01_F03","2000_2005","2011_2015",10,"RUCC1_EQI_Water","Q5",0.9894,0.8673,1.1177,-1.0632,"0.8565"
"G20_G30_G12.2_F01_F03","2000_2005","2011_2015",10,"RUCC1_EQI_Land","Q1",0.957,0.8405,1.074,-4.3014,"0.4646"
"G20_G30_G12.2_F01_F03","2000_2005","2011_2015",10,"RUCC1_EQI_Land","Q2",0.9981,0.8816,1.123,-0.1909,"0.9535"
"G20_G30_G12.2_F01_F03","2000_2005","2011_2015",10,"RUCC1_EQI_Land","Q3",1.0253,0.9081,1.1511,2.5331,"0.6896"
"G20_G30_G12.2_F01_F03","2000_2005","2011_2015",10,"RUCC1_EQI_Land","Q4",0.9891,0.8702,1.1156,-1.0928,"0.8455"
"G20_G30_G12.2_F01_F03","2000_2005","2011_2015",10,"RUCC1_EQI_Land","Q5",1.0035,0.8841,1.1307,0.3538,"0.9775"
"G20_G30_G12.2_F01_F03","2000_2005","2011_2015",10,"RUCC1_EQI_Built","Q1",0.957,0.8405,1.074,-4.3014,"0.4646"
"G20_G30_G12.2_F01_F03","2000_2005","2011_2015",10,"RUCC1_EQI_Built","Q2",1.0367,0.917,1.1633,3.6691,"0.5631"
"G20_G30_G12.2_F01_F03","2000_2005","2011_2015",10,"RUCC1_EQI_Built","Q3",1.0188,0.8986,1.1444,1.8785,"0.7706"
"G20_G30_G12.2_F01_F03","2000_2005","2011_2015",10,"RUCC1_EQI_Built","Q4",1.0244,0.8996,1.1519,2.4377,"0.7061"
"G20_G30_G12.2_F01_F03","2000_2005","2011_2015",10,"RUCC1_EQI_Built","Q5",1.0275,0.9043,1.1556,2.7511,"0.6631"
"G20_G30_G12.2_F01_F03","2000_2005","2011_2015",10,"RUCC1_EQI_Social","Q1",0.957,0.8405,1.074,-4.3014,"0.4646"
"G20_G30_G12.2_F01_F03","2000_2005","2011_2015",10,"RUCC1_EQI_Social","Q2",1.0212,0.9028,1.1446,2.1229,"0.7486"
"G20_G30_G12.2_F01_F03","2000_2005","2011_2015",10,"RUCC1_EQI_Social","Q3",1.071,0.9504,1.1982,7.1024,"0.2572"
"G20_G30_G12.2_F01_F03","2000_2005","2011_2015",10,"RUCC1_EQI_Social","Q4",1.0948,0.9717,1.2226,9.4788,"0.1332"
"G20_G30_G12.2_F01_F03","2000_2005","2011_2015",10,"RUCC1_EQI_Social","Q5",1.1783,1.0521,1.3131,17.8343,"0.0022"
"G20_G30_G12.2_F01_F03","2000_2005","2016_2020",15,"RUCC1_EQI","Q1",1.2037,1.1045,1.3086,20.375,"0.0002"
"G20_G30_G12.2_F01_F03","2000_2005","2016_2020",15,"RUCC1_EQI","Q2",1.1988,1.099,1.3048,19.8827,"0.0002"
"G20_G30_G12.2_F01_F03","2000_2005","2016_2020",15,"RUCC1_EQI","Q3",1.2944,1.1966,1.4007,29.4364,"0.0002"
"G20_G30_G12.2_F01_F03","2000_2005","2016_2020",15,"RUCC1_EQI","Q4",1.3722,1.2706,1.4808,37.2246,"0.0002"
"G20_G30_G12.2_F01_F03","2000_2005","2016_2020",15,"RUCC1_EQI","Q5",1.44,1.338,1.5492,43.9956,"0.0002"
"G20_G30_G12.2_F01_F03","2000_2005","2016_2020",15,"RUCC1_EQI_Air","Q1",1.0196,0.9052,1.1442,1.9627,"0.7796"
"G20_G30_G12.2_F01_F03","2000_2005","2016_2020",15,"RUCC1_EQI_Air","Q2",1.0434,0.9237,1.1672,4.337,"0.4876"
"G20_G30_G12.2_F01_F03","2000_2005","2016_2020",15,"RUCC1_EQI_Air","Q3",1.0801,0.9701,1.1993,8.0062,"0.1632"
"G20_G30_G12.2_F01_F03","2000_2005","2016_2020",15,"RUCC1_EQI_Air","Q4",1.1481,1.0338,1.2727,14.8071,"0.0052"
"G20_G30_G12.2_F01_F03","2000_2005","2016_2020",15,"RUCC1_EQI_Air","Q5",1.1633,1.0448,1.2861,16.33,"0.0052"
"G20_G30_G12.2_F01_F03","2000_2005","2016_2020",15,"RUCC1_EQI_Water","Q1",1.0196,0.9052,1.1442,1.9627,"0.7796"
"G20_G30_G12.2_F01_F03","2000_2005","2016_2020",15,"RUCC1_EQI_Water","Q2",1.0629,0.9419,1.1959,6.2884,"0.3357"
"G20_G30_G12.2_F01_F03","2000_2005","2016_2020",15,"RUCC1_EQI_Water","Q3",1.0573,0.939,1.191,5.7268,"0.3787"
"G20_G30_G12.2_F01_F03","2000_2005","2016_2020",15,"RUCC1_EQI_Water","Q4",1.0653,0.9467,1.1959,6.5344,"0.3207"
"G20_G30_G12.2_F01_F03","2000_2005","2016_2020",15,"RUCC1_EQI_Water","Q5",1.0811,0.9602,1.213,8.1108,"0.2117"
"G20_G30_G12.2_F01_F03","2000_2005","2016_2020",15,"RUCC1_EQI_Land","Q1",1.0196,0.9052,1.1442,1.9627,"0.7796"
"G20_G30_G12.2_F01_F03","2000_2005","2016_2020",15,"RUCC1_EQI_Land","Q2",1.0776,0.9553,1.2095,7.7629,"0.2272"
"G20_G30_G12.2_F01_F03","2000_2005","2016_2020",15,"RUCC1_EQI_Land","Q3",1.0894,0.9662,1.2204,8.9354,"0.1602"
"G20_G30_G12.2_F01_F03","2000_2005","2016_2020",15,"RUCC1_EQI_Land","Q4",1.0653,0.9411,1.1988,6.5262,"0.3257"
"G20_G30_G12.2_F01_F03","2000_2005","2016_2020",15,"RUCC1_EQI_Land","Q5",1.0842,0.9604,1.2242,8.4152,"0.2002"
"G20_G30_G12.2_F01_F03","2000_2005","2016_2020",15,"RUCC1_EQI_Built","Q1",1.0196,0.9052,1.1442,1.9627,"0.7796"
"G20_G30_G12.2_F01_F03","2000_2005","2016_2020",15,"RUCC1_EQI_Built","Q2",1.09,0.973,1.2209,8.9958,"0.1482"
"G20_G30_G12.2_F01_F03","2000_2005","2016_2020",15,"RUCC1_EQI_Built","Q3",1.0564,0.9361,1.1859,5.6448,"0.3932"
"G20_G30_G12.2_F01_F03","2000_2005","2016_2020",15,"RUCC1_EQI_Built","Q4",1.0647,0.9454,1.1955,6.465,"0.3217"
"G20_G30_G12.2_F01_F03","2000_2005","2016_2020",15,"RUCC1_EQI_Built","Q5",1.095,0.9751,1.2315,9.5023,"0.1317"
"G20_G30_G12.2_F01_F03","2000_2005","2016_2020",15,"RUCC1_EQI_Social","Q1",1.0196,0.9052,1.1442,1.9627,"0.7796"
"G20_G30_G12.2_F01_F03","2000_2005","2016_2020",15,"RUCC1_EQI_Social","Q2",1.0599,0.9424,1.186,5.9918,"0.3357"
"G20_G30_G12.2_F01_F03","2000_2005","2016_2020",15,"RUCC1_EQI_Social","Q3",1.0814,0.9646,1.2102,8.1389,"0.1937"
"G20_G30_G12.2_F01_F03","2000_2005","2016_2020",15,"RUCC1_EQI_Social","Q4",1.1106,0.9896,1.2408,11.0567,"0.0717"
"G20_G30_G12.2_F01_F03","2000_2005","2016_2020",15,"RUCC1_EQI_Social","Q5",1.1787,1.0557,1.3155,17.8664,"0.0087"
"G20_G30_G12.2_F01_F03","2006_2010","2011_2015",5,"RUCC1_EQI","Q1",1,1,1,0,NA
"G20_G30_G12.2_F01_F03","2006_2010","2011_2015",5,"RUCC1_EQI","Q2",1.0623,1.0097,1.1155,6.2264,"0.0167"
"G20_G30_G12.2_F01_F03","2006_2010","2011_2015",5,"RUCC1_EQI","Q3",1.0808,1.0301,1.1365,8.0779,"0.0017"
"G20_G30_G12.2_F01_F03","2006_2010","2011_2015",5,"RUCC1_EQI","Q4",1.099,1.0481,1.1547,9.9039,"0.0002"
"G20_G30_G12.2_F01_F03","2006_2010","2011_2015",5,"RUCC1_EQI","Q5",1.0912,1.0391,1.1455,9.123,"0.0007"
"G20_G30_G12.2_F01_F03","2006_2010","2011_2015",5,"RUCC1_EQI_Air","Q1",0.978,0.8856,1.0781,-2.1965,"0.6436"
"G20_G30_G12.2_F01_F03","2006_2010","2011_2015",5,"RUCC1_EQI_Air","Q2",1.0271,0.9339,1.1254,2.7073,"0.5986"
"G20_G30_G12.2_F01_F03","2006_2010","2011_2015",5,"RUCC1_EQI_Air","Q3",1.0138,0.9156,1.1155,1.3778,"0.8075"
"G20_G30_G12.2_F01_F03","2006_2010","2011_2015",5,"RUCC1_EQI_Air","Q4",0.9991,0.9029,1.0982,-0.0866,"0.9610"
"G20_G30_G12.2_F01_F03","2006_2010","2011_2015",5,"RUCC1_EQI_Air","Q5",1.0206,0.9254,1.1203,2.0645,"0.6851"
"G20_G30_G12.2_F01_F03","2006_2010","2011_2015",5,"RUCC1_EQI_Water","Q1",0.978,0.8856,1.0781,-2.1965,"0.6436"
"G20_G30_G12.2_F01_F03","2006_2010","2011_2015",5,"RUCC1_EQI_Water","Q2",1.0343,0.9366,1.1361,3.4265,"0.5006"
"G20_G30_G12.2_F01_F03","2006_2010","2011_2015",5,"RUCC1_EQI_Water","Q3",1.015,0.9168,1.1142,1.5005,"0.7736"
"G20_G30_G12.2_F01_F03","2006_2010","2011_2015",5,"RUCC1_EQI_Water","Q4",1.0212,0.9229,1.1255,2.1158,"0.6786"
"G20_G30_G12.2_F01_F03","2006_2010","2011_2015",5,"RUCC1_EQI_Water","Q5",1.0176,0.9224,1.1214,1.759,"0.7401"
"G20_G30_G12.2_F01_F03","2006_2010","2011_2015",5,"RUCC1_EQI_Land","Q1",0.978,0.8856,1.0781,-2.1965,"0.6436"
"G20_G30_G12.2_F01_F03","2006_2010","2011_2015",5,"RUCC1_EQI_Land","Q2",1.0085,0.9145,1.1105,0.8519,"0.8835"
"G20_G30_G12.2_F01_F03","2006_2010","2011_2015",5,"RUCC1_EQI_Land","Q3",1.0336,0.9339,1.138,3.3595,"0.5211"
"G20_G30_G12.2_F01_F03","2006_2010","2011_2015",5,"RUCC1_EQI_Land","Q4",1.0737,0.9727,1.1831,7.3663,"0.1542"
"G20_G30_G12.2_F01_F03","2006_2010","2011_2015",5,"RUCC1_EQI_Land","Q5",1.0236,0.922,1.1283,2.3564,"0.6696"
"G20_G30_G12.2_F01_F03","2006_2010","2011_2015",5,"RUCC1_EQI_Built","Q1",0.978,0.8856,1.0781,-2.1965,"0.6436"
"G20_G30_G12.2_F01_F03","2006_2010","2011_2015",5,"RUCC1_EQI_Built","Q2",1.0414,0.9498,1.1376,4.1363,"0.3997"
"G20_G30_G12.2_F01_F03","2006_2010","2011_2015",5,"RUCC1_EQI_Built","Q3",1.0377,0.9454,1.1352,3.7736,"0.4561"
"G20_G30_G12.2_F01_F03","2006_2010","2011_2015",5,"RUCC1_EQI_Built","Q4",1.0352,0.9436,1.1364,3.5159,"0.4716"
"G20_G30_G12.2_F01_F03","2006_2010","2011_2015",5,"RUCC1_EQI_Built","Q5",1.0441,0.9522,1.1454,4.4128,"0.3742"
"G20_G30_G12.2_F01_F03","2006_2010","2011_2015",5,"RUCC1_EQI_Social","Q1",0.978,0.8856,1.0781,-2.1965,"0.6436"
"G20_G30_G12.2_F01_F03","2006_2010","2011_2015",5,"RUCC1_EQI_Social","Q2",0.9043,0.8123,1.001,-9.5707,"0.0527"
"G20_G30_G12.2_F01_F03","2006_2010","2011_2015",5,"RUCC1_EQI_Social","Q3",0.8546,0.7624,0.9529,-14.5391,"0.0027"
"G20_G30_G12.2_F01_F03","2006_2010","2011_2015",5,"RUCC1_EQI_Social","Q4",0.7404,0.6469,0.8386,-25.9642,"0.0002"
"G20_G30_G12.2_F01_F03","2006_2010","2011_2015",5,"RUCC1_EQI_Social","Q5",0.8013,0.6994,0.906,-19.8678,"0.0002"
"G20_G30_G12.2_F01_F03","2006_2010","2016_2020",10,"RUCC1_EQI","Q1",1.0146,0.9313,1.1029,1.4569,"0.7646"
"G20_G30_G12.2_F01_F03","2006_2010","2016_2020",10,"RUCC1_EQI","Q2",1.0577,0.9692,1.1527,5.765,"0.2027"
"G20_G30_G12.2_F01_F03","2006_2010","2016_2020",10,"RUCC1_EQI","Q3",1.0877,1.0003,1.1801,8.7708,"0.0487"
"G20_G30_G12.2_F01_F03","2006_2010","2016_2020",10,"RUCC1_EQI","Q4",1.0781,0.9929,1.1687,7.8097,"0.0737"
"G20_G30_G12.2_F01_F03","2006_2010","2016_2020",10,"RUCC1_EQI","Q5",1.0802,0.9935,1.1679,8.0184,"0.0687"
"G20_G30_G12.2_F01_F03","2006_2010","2016_2020",10,"RUCC1_EQI_Air","Q1",0.9882,0.8917,1.0852,-1.1788,"0.8030"
"G20_G30_G12.2_F01_F03","2006_2010","2016_2020",10,"RUCC1_EQI_Air","Q2",1.033,0.9379,1.1301,3.2971,"0.5066"
"G20_G30_G12.2_F01_F03","2006_2010","2016_2020",10,"RUCC1_EQI_Air","Q3",1.0153,0.9211,1.1149,1.5338,"0.7686"
"G20_G30_G12.2_F01_F03","2006_2010","2016_2020",10,"RUCC1_EQI_Air","Q4",0.9967,0.9037,1.0941,-0.3259,"0.9420"
"G20_G30_G12.2_F01_F03","2006_2010","2016_2020",10,"RUCC1_EQI_Air","Q5",1.0284,0.9342,1.1268,2.8448,"0.5756"
"G20_G30_G12.2_F01_F03","2006_2010","2016_2020",10,"RUCC1_EQI_Water","Q1",0.9882,0.8917,1.0852,-1.1788,"0.8030"
"G20_G30_G12.2_F01_F03","2006_2010","2016_2020",10,"RUCC1_EQI_Water","Q2",1.0324,0.932,1.1337,3.238,"0.5351"
"G20_G30_G12.2_F01_F03","2006_2010","2016_2020",10,"RUCC1_EQI_Water","Q3",1.0185,0.9219,1.1207,1.8513,"0.7281"
"G20_G30_G12.2_F01_F03","2006_2010","2016_2020",10,"RUCC1_EQI_Water","Q4",1.0343,0.9355,1.1378,3.4317,"0.5066"
"G20_G30_G12.2_F01_F03","2006_2010","2016_2020",10,"RUCC1_EQI_Water","Q5",1.0311,0.9327,1.1332,3.1093,"0.5606"
"G20_G30_G12.2_F01_F03","2006_2010","2016_2020",10,"RUCC1_EQI_Land","Q1",0.9882,0.8917,1.0852,-1.1788,"0.8030"
"G20_G30_G12.2_F01_F03","2006_2010","2016_2020",10,"RUCC1_EQI_Land","Q2",1.0257,0.9244,1.1278,2.5719,"0.6176"
"G20_G30_G12.2_F01_F03","2006_2010","2016_2020",10,"RUCC1_EQI_Land","Q3",1.0566,0.957,1.1595,5.6637,"0.2782"
"G20_G30_G12.2_F01_F03","2006_2010","2016_2020",10,"RUCC1_EQI_Land","Q4",1.1139,1.0106,1.2218,11.3861,"0.0357"
"G20_G30_G12.2_F01_F03","2006_2010","2016_2020",10,"RUCC1_EQI_Land","Q5",1.0754,0.9707,1.1805,7.5368,"0.1507"
"G20_G30_G12.2_F01_F03","2006_2010","2016_2020",10,"RUCC1_EQI_Built","Q1",0.9882,0.8917,1.0852,-1.1788,"0.8030"
"G20_G30_G12.2_F01_F03","2006_2010","2016_2020",10,"RUCC1_EQI_Built","Q2",1.028,0.9356,1.1259,2.8008,"0.5646"
"G20_G30_G12.2_F01_F03","2006_2010","2016_2020",10,"RUCC1_EQI_Built","Q3",1.0299,0.9383,1.1247,2.9851,"0.5501"
"G20_G30_G12.2_F01_F03","2006_2010","2016_2020",10,"RUCC1_EQI_Built","Q4",1.0053,0.9149,1.1001,0.5338,"0.9175"
"G20_G30_G12.2_F01_F03","2006_2010","2016_2020",10,"RUCC1_EQI_Built","Q5",1.0172,0.9241,1.1137,1.7237,"0.7311"
"G20_G30_G12.2_F01_F03","2006_2010","2016_2020",10,"RUCC1_EQI_Social","Q1",0.9882,0.8917,1.0852,-1.1788,"0.8030"
"G20_G30_G12.2_F01_F03","2006_2010","2016_2020",10,"RUCC1_EQI_Social","Q2",0.9247,0.8308,1.0189,-7.5302,"0.1192"
"G20_G30_G12.2_F01_F03","2006_2010","2016_2020",10,"RUCC1_EQI_Social","Q3",0.8826,0.788,0.9798,-11.7421,"0.0167"
"G20_G30_G12.2_F01_F03","2006_2010","2016_2020",10,"RUCC1_EQI_Social","Q4",0.8128,0.7138,0.9127,-18.7191,"0.0002"
"G20_G30_G12.2_F01_F03","2006_2010","2016_2020",10,"RUCC1_EQI_Social","Q5",0.8377,0.7326,0.9425,-16.2348,"0.0032"
"G20_G30_G12.2_F01_F03","2000_2005","2006_2010",5,"RUCC2_EQI","Q1",1,1,1,0,NA
"G20_G30_G12.2_F01_F03","2000_2005","2006_2010",5,"RUCC2_EQI","Q2",0.9874,0.8924,1.0881,-1.2554,"0.7856"
"G20_G30_G12.2_F01_F03","2000_2005","2006_2010",5,"RUCC2_EQI","Q3",1.1373,1.0459,1.24,13.7293,"0.0022"
"G20_G30_G12.2_F01_F03","2000_2005","2006_2010",5,"RUCC2_EQI","Q4",1.1384,1.0455,1.2378,13.8429,"0.0007"
"G20_G30_G12.2_F01_F03","2000_2005","2006_2010",5,"RUCC2_EQI","Q5",1.1819,1.0866,1.2888,18.1927,"0.0002"
"G20_G30_G12.2_F01_F03","2000_2005","2006_2010",5,"RUCC2_EQI_Air","Q1",0.844,0.6948,1.0051,-15.6046,"0.0597"
"G20_G30_G12.2_F01_F03","2000_2005","2006_2010",5,"RUCC2_EQI_Air","Q2",0.8085,0.656,0.9685,-19.1461,"0.0217"
"G20_G30_G12.2_F01_F03","2000_2005","2006_2010",5,"RUCC2_EQI_Air","Q3",0.8525,0.7071,1.0116,-14.7499,"0.0667"
"G20_G30_G12.2_F01_F03","2000_2005","2006_2010",5,"RUCC2_EQI_Air","Q4",0.9611,0.8226,1.1155,-3.8893,"0.5936"
"G20_G30_G12.2_F01_F03","2000_2005","2006_2010",5,"RUCC2_EQI_Air","Q5",0.9331,0.7846,1.088,-6.6903,"0.4016"
"G20_G30_G12.2_F01_F03","2000_2005","2006_2010",5,"RUCC2_EQI_Water","Q1",0.844,0.6948,1.0051,-15.6046,"0.0597"
"G20_G30_G12.2_F01_F03","2000_2005","2006_2010",5,"RUCC2_EQI_Water","Q2",0.8979,0.737,1.0681,-10.2098,"0.2237"
"G20_G30_G12.2_F01_F03","2000_2005","2006_2010",5,"RUCC2_EQI_Water","Q3",0.8926,0.7275,1.0585,-10.745,"0.1987"
"G20_G30_G12.2_F01_F03","2000_2005","2006_2010",5,"RUCC2_EQI_Water","Q4",0.8708,0.7178,1.0366,-12.917,"0.1177"
"G20_G30_G12.2_F01_F03","2000_2005","2006_2010",5,"RUCC2_EQI_Water","Q5",0.9151,0.7498,1.0856,-8.4851,"0.3207"
"G20_G30_G12.2_F01_F03","2000_2005","2006_2010",5,"RUCC2_EQI_Land","Q1",0.844,0.6948,1.0051,-15.6046,"0.0597"
"G20_G30_G12.2_F01_F03","2000_2005","2006_2010",5,"RUCC2_EQI_Land","Q2",0.8992,0.7401,1.0705,-10.0846,"0.2252"
"G20_G30_G12.2_F01_F03","2000_2005","2006_2010",5,"RUCC2_EQI_Land","Q3",0.9098,0.7471,1.0868,-9.0198,"0.2782"
"G20_G30_G12.2_F01_F03","2000_2005","2006_2010",5,"RUCC2_EQI_Land","Q4",0.8598,0.7039,1.0315,-14.0191,"0.1032"
"G20_G30_G12.2_F01_F03","2000_2005","2006_2010",5,"RUCC2_EQI_Land","Q5",0.8774,0.7169,1.0466,-12.2593,"0.1462"
"G20_G30_G12.2_F01_F03","2000_2005","2006_2010",5,"RUCC2_EQI_Built","Q1",0.844,0.6948,1.0051,-15.6046,"0.0597"
"G20_G30_G12.2_F01_F03","2000_2005","2006_2010",5,"RUCC2_EQI_Built","Q2",0.8487,0.6894,1.0106,-15.1265,"0.0712"
"G20_G30_G12.2_F01_F03","2000_2005","2006_2010",5,"RUCC2_EQI_Built","Q3",0.9154,0.7744,1.0709,-8.4636,"0.2592"
"G20_G30_G12.2_F01_F03","2000_2005","2006_2010",5,"RUCC2_EQI_Built","Q4",0.9231,0.7835,1.0716,-7.6926,"0.3052"
"G20_G30_G12.2_F01_F03","2000_2005","2006_2010",5,"RUCC2_EQI_Built","Q5",0.9192,0.7759,1.0737,-8.0793,"0.3007"
"G20_G30_G12.2_F01_F03","2000_2005","2006_2010",5,"RUCC2_EQI_Social","Q1",0.844,0.6948,1.0051,-15.6046,"0.0597"
"G20_G30_G12.2_F01_F03","2000_2005","2006_2010",5,"RUCC2_EQI_Social","Q2",0.906,0.7528,1.0687,-9.4009,"0.2407"
"G20_G30_G12.2_F01_F03","2000_2005","2006_2010",5,"RUCC2_EQI_Social","Q3",0.9223,0.7703,1.0831,-7.7704,"0.3252"
"G20_G30_G12.2_F01_F03","2000_2005","2006_2010",5,"RUCC2_EQI_Social","Q4",0.9257,0.7664,1.0967,-7.4294,"0.3657"
"G20_G30_G12.2_F01_F03","2000_2005","2006_2010",5,"RUCC2_EQI_Social","Q5",0.961,0.7939,1.1387,-3.9019,"0.6461"
"G20_G30_G12.2_F01_F03","2000_2005","2011_2015",10,"RUCC2_EQI","Q1",1.1518,1.0311,1.2895,15.18,"0.0107"
"G20_G30_G12.2_F01_F03","2000_2005","2011_2015",10,"RUCC2_EQI","Q2",1.1684,1.0411,1.307,16.8433,"0.0102"
"G20_G30_G12.2_F01_F03","2000_2005","2011_2015",10,"RUCC2_EQI","Q3",1.2494,1.1356,1.3851,24.9415,"0.0002"
"G20_G30_G12.2_F01_F03","2000_2005","2011_2015",10,"RUCC2_EQI","Q4",1.3005,1.1843,1.432,30.0461,"0.0002"
"G20_G30_G12.2_F01_F03","2000_2005","2011_2015",10,"RUCC2_EQI","Q5",1.3849,1.2586,1.5274,38.4919,"0.0002"
"G20_G30_G12.2_F01_F03","2000_2005","2011_2015",10,"RUCC2_EQI_Air","Q1",0.9891,0.8298,1.1579,-1.0931,"0.8700"
"G20_G30_G12.2_F01_F03","2000_2005","2011_2015",10,"RUCC2_EQI_Air","Q2",0.9636,0.8053,1.1337,-3.6379,"0.6701"
"G20_G30_G12.2_F01_F03","2000_2005","2011_2015",10,"RUCC2_EQI_Air","Q3",0.9907,0.8378,1.156,-0.9269,"0.8925"
"G20_G30_G12.2_F01_F03","2000_2005","2011_2015",10,"RUCC2_EQI_Air","Q4",1.1414,0.9881,1.3053,14.139,"0.0727"
"G20_G30_G12.2_F01_F03","2000_2005","2011_2015",10,"RUCC2_EQI_Air","Q5",1.1694,1.0071,1.3455,16.9433,"0.0427"
"G20_G30_G12.2_F01_F03","2000_2005","2011_2015",10,"RUCC2_EQI_Water","Q1",0.9891,0.8298,1.1579,-1.0931,"0.8700"
"G20_G30_G12.2_F01_F03","2000_2005","2011_2015",10,"RUCC2_EQI_Water","Q2",0.9795,0.8065,1.1554,-2.0472,"0.8085"
"G20_G30_G12.2_F01_F03","2000_2005","2011_2015",10,"RUCC2_EQI_Water","Q3",1.0457,0.8762,1.2241,4.5686,"0.6221"
"G20_G30_G12.2_F01_F03","2000_2005","2011_2015",10,"RUCC2_EQI_Water","Q4",1.0318,0.8671,1.2089,3.1829,"0.6996"
"G20_G30_G12.2_F01_F03","2000_2005","2011_2015",10,"RUCC2_EQI_Water","Q5",1.1044,0.9226,1.2904,10.4425,"0.2317"
"G20_G30_G12.2_F01_F03","2000_2005","2011_2015",10,"RUCC2_EQI_Land","Q1",0.9891,0.8298,1.1579,-1.0931,"0.8700"
"G20_G30_G12.2_F01_F03","2000_2005","2011_2015",10,"RUCC2_EQI_Land","Q2",1.0495,0.8835,1.2235,4.9508,"0.5696"
"G20_G30_G12.2_F01_F03","2000_2005","2011_2015",10,"RUCC2_EQI_Land","Q3",1.0336,0.8665,1.2105,3.3608,"0.7031"
"G20_G30_G12.2_F01_F03","2000_2005","2011_2015",10,"RUCC2_EQI_Land","Q4",1.0031,0.8419,1.1766,0.3051,"0.9930"
"G20_G30_G12.2_F01_F03","2000_2005","2011_2015",10,"RUCC2_EQI_Land","Q5",0.9947,0.8355,1.1646,-0.5254,"0.9360"
"G20_G30_G12.2_F01_F03","2000_2005","2011_2015",10,"RUCC2_EQI_Built","Q1",0.9891,0.8298,1.1579,-1.0931,"0.8700"
"G20_G30_G12.2_F01_F03","2000_2005","2011_2015",10,"RUCC2_EQI_Built","Q2",0.9752,0.8102,1.1461,-2.4784,"0.7701"
"G20_G30_G12.2_F01_F03","2000_2005","2011_2015",10,"RUCC2_EQI_Built","Q3",1.0811,0.9272,1.2449,8.1138,"0.3182"
"G20_G30_G12.2_F01_F03","2000_2005","2011_2015",10,"RUCC2_EQI_Built","Q4",1.0621,0.9079,1.2175,6.208,"0.4226"
"G20_G30_G12.2_F01_F03","2000_2005","2011_2015",10,"RUCC2_EQI_Built","Q5",1.1044,0.9432,1.2752,10.4379,"0.2067"
"G20_G30_G12.2_F01_F03","2000_2005","2011_2015",10,"RUCC2_EQI_Social","Q1",0.9891,0.8298,1.1579,-1.0931,"0.8700"
"G20_G30_G12.2_F01_F03","2000_2005","2011_2015",10,"RUCC2_EQI_Social","Q2",0.9985,0.844,1.1683,-0.1537,"0.9660"
"G20_G30_G12.2_F01_F03","2000_2005","2011_2015",10,"RUCC2_EQI_Social","Q3",1.0352,0.8738,1.2024,3.5195,"0.6786"
"G20_G30_G12.2_F01_F03","2000_2005","2011_2015",10,"RUCC2_EQI_Social","Q4",1.0511,0.8896,1.2281,5.1086,"0.5531"
"G20_G30_G12.2_F01_F03","2000_2005","2011_2015",10,"RUCC2_EQI_Social","Q5",1.099,0.9219,1.2885,9.9047,"0.2737"
"G20_G30_G12.2_F01_F03","2000_2005","2016_2020",15,"RUCC2_EQI","Q1",1.2182,1.0842,1.3651,21.821,"0.0012"
"G20_G30_G12.2_F01_F03","2000_2005","2016_2020",15,"RUCC2_EQI","Q2",1.201,1.0612,1.3525,20.1013,"0.0017"
"G20_G30_G12.2_F01_F03","2000_2005","2016_2020",15,"RUCC2_EQI","Q3",1.2715,1.1458,1.4087,27.1501,"0.0002"
"G20_G30_G12.2_F01_F03","2000_2005","2016_2020",15,"RUCC2_EQI","Q4",1.3099,1.1859,1.4528,30.994,"0.0002"
"G20_G30_G12.2_F01_F03","2000_2005","2016_2020",15,"RUCC2_EQI","Q5",1.4269,1.2886,1.5776,42.6898,"0.0002"
"G20_G30_G12.2_F01_F03","2000_2005","2016_2020",15,"RUCC2_EQI_Air","Q1",1.0463,0.8781,1.2245,4.6343,"0.6131"
"G20_G30_G12.2_F01_F03","2000_2005","2016_2020",15,"RUCC2_EQI_Air","Q2",1.0665,0.8877,1.2496,6.649,"0.4771"
"G20_G30_G12.2_F01_F03","2000_2005","2016_2020",15,"RUCC2_EQI_Air","Q3",1.0223,0.8564,1.1941,2.2251,"0.7986"
"G20_G30_G12.2_F01_F03","2000_2005","2016_2020",15,"RUCC2_EQI_Air","Q4",1.1543,0.9914,1.3266,15.426,"0.0657"
"G20_G30_G12.2_F01_F03","2000_2005","2016_2020",15,"RUCC2_EQI_Air","Q5",1.2252,1.049,1.4134,22.5183,"0.0122"
"G20_G30_G12.2_F01_F03","2000_2005","2016_2020",15,"RUCC2_EQI_Water","Q1",1.0463,0.8781,1.2245,4.6343,"0.6131"
"G20_G30_G12.2_F01_F03","2000_2005","2016_2020",15,"RUCC2_EQI_Water","Q2",1.0272,0.8493,1.2188,2.7212,"0.7841"
"G20_G30_G12.2_F01_F03","2000_2005","2016_2020",15,"RUCC2_EQI_Water","Q3",1.0527,0.8755,1.2406,5.2708,"0.5781"
"G20_G30_G12.2_F01_F03","2000_2005","2016_2020",15,"RUCC2_EQI_Water","Q4",1.0749,0.9044,1.2515,7.488,"0.4191"
"G20_G30_G12.2_F01_F03","2000_2005","2016_2020",15,"RUCC2_EQI_Water","Q5",1.1251,0.9427,1.3159,12.5101,"0.1917"
"G20_G30_G12.2_F01_F03","2000_2005","2016_2020",15,"RUCC2_EQI_Land","Q1",1.0463,0.8781,1.2245,4.6343,"0.6131"
"G20_G30_G12.2_F01_F03","2000_2005","2016_2020",15,"RUCC2_EQI_Land","Q2",1.0851,0.9085,1.2686,8.5064,"0.3432"
"G20_G30_G12.2_F01_F03","2000_2005","2016_2020",15,"RUCC2_EQI_Land","Q3",1.0633,0.8859,1.2487,6.3281,"0.4936"
"G20_G30_G12.2_F01_F03","2000_2005","2016_2020",15,"RUCC2_EQI_Land","Q4",1.0798,0.905,1.2648,7.9773,"0.3842"
"G20_G30_G12.2_F01_F03","2000_2005","2016_2020",15,"RUCC2_EQI_Land","Q5",1.0862,0.9092,1.2723,8.62,"0.3512"
"G20_G30_G12.2_F01_F03","2000_2005","2016_2020",15,"RUCC2_EQI_Built","Q1",1.0463,0.8781,1.2245,4.6343,"0.6131"
"G20_G30_G12.2_F01_F03","2000_2005","2016_2020",15,"RUCC2_EQI_Built","Q2",1.0684,0.8918,1.2538,6.8449,"0.4731"
"G20_G30_G12.2_F01_F03","2000_2005","2016_2020",15,"RUCC2_EQI_Built","Q3",1.1577,0.9956,1.3357,15.7699,"0.0557"
"G20_G30_G12.2_F01_F03","2000_2005","2016_2020",15,"RUCC2_EQI_Built","Q4",1.127,0.9665,1.2975,12.7004,"0.1162"
"G20_G30_G12.2_F01_F03","2000_2005","2016_2020",15,"RUCC2_EQI_Built","Q5",1.1959,1.0302,1.3773,19.5895,"0.0202"
"G20_G30_G12.2_F01_F03","2000_2005","2016_2020",15,"RUCC2_EQI_Social","Q1",1.0463,0.8781,1.2245,4.6343,"0.6131"
"G20_G30_G12.2_F01_F03","2000_2005","2016_2020",15,"RUCC2_EQI_Social","Q2",1.0631,0.8913,1.2367,6.3124,"0.4701"
"G20_G30_G12.2_F01_F03","2000_2005","2016_2020",15,"RUCC2_EQI_Social","Q3",1.0938,0.9259,1.2747,9.3817,"0.2932"
"G20_G30_G12.2_F01_F03","2000_2005","2016_2020",15,"RUCC2_EQI_Social","Q4",1.0853,0.9148,1.273,8.5289,"0.3537"
"G20_G30_G12.2_F01_F03","2000_2005","2016_2020",15,"RUCC2_EQI_Social","Q5",1.1345,0.9477,1.3378,13.446,"0.1647"
"G20_G30_G12.2_F01_F03","2006_2010","2011_2015",5,"RUCC2_EQI","Q1",1,1,1,0,NA
"G20_G30_G12.2_F01_F03","2006_2010","2011_2015",5,"RUCC2_EQI","Q2",1.0219,0.9546,1.092,2.1912,"0.5466"
"G20_G30_G12.2_F01_F03","2006_2010","2011_2015",5,"RUCC2_EQI","Q3",1.0578,0.9909,1.1284,5.7786,"0.0932"
"G20_G30_G12.2_F01_F03","2006_2010","2011_2015",5,"RUCC2_EQI","Q4",1.0204,0.9484,1.0932,2.0366,"0.5801"
"G20_G30_G12.2_F01_F03","2006_2010","2011_2015",5,"RUCC2_EQI","Q5",1.0122,0.9375,1.0866,1.2199,"0.7391"
"G20_G30_G12.2_F01_F03","2006_2010","2011_2015",5,"RUCC2_EQI_Air","Q1",0.9028,0.7963,1.0155,-9.715,"0.0937"
"G20_G30_G12.2_F01_F03","2006_2010","2011_2015",5,"RUCC2_EQI_Air","Q2",0.9589,0.8467,1.0768,-4.114,"0.4666"
"G20_G30_G12.2_F01_F03","2006_2010","2011_2015",5,"RUCC2_EQI_Air","Q3",0.9113,0.8015,1.0294,-8.8686,"0.1392"
"G20_G30_G12.2_F01_F03","2006_2010","2011_2015",5,"RUCC2_EQI_Air","Q4",0.9671,0.8567,1.0878,-3.2892,"0.5696"
"G20_G30_G12.2_F01_F03","2006_2010","2011_2015",5,"RUCC2_EQI_Air","Q5",0.8843,0.7742,1.0021,-11.5738,"0.0552"
"G20_G30_G12.2_F01_F03","2006_2010","2011_2015",5,"RUCC2_EQI_Water","Q1",0.9028,0.7963,1.0155,-9.715,"0.0937"
"G20_G30_G12.2_F01_F03","2006_2010","2011_2015",5,"RUCC2_EQI_Water","Q2",0.8736,0.758,1.0004,-12.6404,"0.0507"
"G20_G30_G12.2_F01_F03","2006_2010","2011_2015",5,"RUCC2_EQI_Water","Q3",0.9336,0.8154,1.0544,-6.6433,"0.2707"
"G20_G30_G12.2_F01_F03","2006_2010","2011_2015",5,"RUCC2_EQI_Water","Q4",0.9618,0.8504,1.0798,-3.82,"0.5026"
"G20_G30_G12.2_F01_F03","2006_2010","2011_2015",5,"RUCC2_EQI_Water","Q5",0.9795,0.8666,1.1003,-2.0546,"0.7296"
"G20_G30_G12.2_F01_F03","2006_2010","2011_2015",5,"RUCC2_EQI_Land","Q1",0.9028,0.7963,1.0155,-9.715,"0.0937"
"G20_G30_G12.2_F01_F03","2006_2010","2011_2015",5,"RUCC2_EQI_Land","Q2",0.9491,0.8355,1.0697,-5.087,"0.3962"
"G20_G30_G12.2_F01_F03","2006_2010","2011_2015",5,"RUCC2_EQI_Land","Q3",0.9474,0.8265,1.0756,-5.2564,"0.4151"
"G20_G30_G12.2_F01_F03","2006_2010","2011_2015",5,"RUCC2_EQI_Land","Q4",0.9748,0.8591,1.0958,-2.5208,"0.6776"
"G20_G30_G12.2_F01_F03","2006_2010","2011_2015",5,"RUCC2_EQI_Land","Q5",0.9365,0.8186,1.054,-6.3506,"0.2977"
"G20_G30_G12.2_F01_F03","2006_2010","2011_2015",5,"RUCC2_EQI_Built","Q1",0.9028,0.7963,1.0155,-9.715,"0.0937"
"G20_G30_G12.2_F01_F03","2006_2010","2011_2015",5,"RUCC2_EQI_Built","Q2",0.967,0.8574,1.0834,-3.2991,"0.5621"
"G20_G30_G12.2_F01_F03","2006_2010","2011_2015",5,"RUCC2_EQI_Built","Q3",0.9604,0.848,1.0822,-3.9588,"0.5061"
"G20_G30_G12.2_F01_F03","2006_2010","2011_2015",5,"RUCC2_EQI_Built","Q4",0.9381,0.8211,1.0589,-6.1878,"0.3087"
"G20_G30_G12.2_F01_F03","2006_2010","2011_2015",5,"RUCC2_EQI_Built","Q5",0.9387,0.8147,1.0722,-6.1336,"0.3667"
"G20_G30_G12.2_F01_F03","2006_2010","2011_2015",5,"RUCC2_EQI_Social","Q1",0.9028,0.7963,1.0155,-9.715,"0.0937"
"G20_G30_G12.2_F01_F03","2006_2010","2011_2015",5,"RUCC2_EQI_Social","Q2",0.9329,0.8284,1.048,-6.7086,"0.2412"
"G20_G30_G12.2_F01_F03","2006_2010","2011_2015",5,"RUCC2_EQI_Social","Q3",0.8493,0.7427,0.9634,-15.0681,"0.0122"
"G20_G30_G12.2_F01_F03","2006_2010","2011_2015",5,"RUCC2_EQI_Social","Q4",0.8741,0.7568,0.9968,-12.5868,"0.0447"
"G20_G30_G12.2_F01_F03","2006_2010","2011_2015",5,"RUCC2_EQI_Social","Q5",0.7817,0.6434,0.931,-21.8342,"0.0042"
"G20_G30_G12.2_F01_F03","2006_2010","2016_2020",10,"RUCC2_EQI","Q1",1.0199,0.9283,1.1195,1.9851,"0.6931"
"G20_G30_G12.2_F01_F03","2006_2010","2016_2020",10,"RUCC2_EQI","Q2",1.0442,0.9467,1.1437,4.4151,"0.3672"
"G20_G30_G12.2_F01_F03","2006_2010","2016_2020",10,"RUCC2_EQI","Q3",1.0674,0.9709,1.1698,6.7368,"0.1632"
"G20_G30_G12.2_F01_F03","2006_2010","2016_2020",10,"RUCC2_EQI","Q4",1.0644,0.9648,1.1681,6.4407,"0.2152"
"G20_G30_G12.2_F01_F03","2006_2010","2016_2020",10,"RUCC2_EQI","Q5",1.0306,0.9304,1.1377,3.0642,"0.5751"
"G20_G30_G12.2_F01_F03","2006_2010","2016_2020",10,"RUCC2_EQI_Air","Q1",0.8969,0.776,1.0226,-10.306,"0.1032"
"G20_G30_G12.2_F01_F03","2006_2010","2016_2020",10,"RUCC2_EQI_Air","Q2",0.9438,0.8197,1.0713,-5.6241,"0.3692"
"G20_G30_G12.2_F01_F03","2006_2010","2016_2020",10,"RUCC2_EQI_Air","Q3",0.9464,0.8235,1.0718,-5.3589,"0.4141"
"G20_G30_G12.2_F01_F03","2006_2010","2016_2020",10,"RUCC2_EQI_Air","Q4",0.9976,0.8739,1.1295,-0.2437,"0.9555"
"G20_G30_G12.2_F01_F03","2006_2010","2016_2020",10,"RUCC2_EQI_Air","Q5",0.9125,0.7802,1.0479,-8.7511,"0.2052"
"G20_G30_G12.2_F01_F03","2006_2010","2016_2020",10,"RUCC2_EQI_Water","Q1",0.8969,0.776,1.0226,-10.306,"0.1032"
"G20_G30_G12.2_F01_F03","2006_2010","2016_2020",10,"RUCC2_EQI_Water","Q2",0.893,0.7638,1.0277,-10.6998,"0.1137"
"G20_G30_G12.2_F01_F03","2006_2010","2016_2020",10,"RUCC2_EQI_Water","Q3",0.934,0.8064,1.0609,-6.5988,"0.3162"
"G20_G30_G12.2_F01_F03","2006_2010","2016_2020",10,"RUCC2_EQI_Water","Q4",0.9581,0.8408,1.0839,-4.1941,"0.4806"
"G20_G30_G12.2_F01_F03","2006_2010","2016_2020",10,"RUCC2_EQI_Water","Q5",0.9843,0.8644,1.1105,-1.5692,"0.7936"
"G20_G30_G12.2_F01_F03","2006_2010","2016_2020",10,"RUCC2_EQI_Land","Q1",0.8969,0.776,1.0226,-10.306,"0.1032"
"G20_G30_G12.2_F01_F03","2006_2010","2016_2020",10,"RUCC2_EQI_Land","Q2",0.9305,0.8101,1.0556,-6.9532,"0.2747"
"G20_G30_G12.2_F01_F03","2006_2010","2016_2020",10,"RUCC2_EQI_Land","Q3",0.9349,0.809,1.0617,-6.5062,"0.3287"
"G20_G30_G12.2_F01_F03","2006_2010","2016_2020",10,"RUCC2_EQI_Land","Q4",0.9482,0.8256,1.0787,-5.183,"0.4161"
"G20_G30_G12.2_F01_F03","2006_2010","2016_2020",10,"RUCC2_EQI_Land","Q5",0.9707,0.8473,1.1002,-2.9328,"0.6381"
"G20_G30_G12.2_F01_F03","2006_2010","2016_2020",10,"RUCC2_EQI_Built","Q1",0.8969,0.776,1.0226,-10.306,"0.1032"
"G20_G30_G12.2_F01_F03","2006_2010","2016_2020",10,"RUCC2_EQI_Built","Q2",0.9671,0.8458,1.094,-3.2885,"0.5846"
"G20_G30_G12.2_F01_F03","2006_2010","2016_2020",10,"RUCC2_EQI_Built","Q3",0.9175,0.7945,1.0451,-8.2476,"0.2022"
"G20_G30_G12.2_F01_F03","2006_2010","2016_2020",10,"RUCC2_EQI_Built","Q4",0.9126,0.7919,1.0397,-8.7436,"0.1752"
"G20_G30_G12.2_F01_F03","2006_2010","2016_2020",10,"RUCC2_EQI_Built","Q5",0.9262,0.7907,1.0601,-7.3781,"0.2807"
"G20_G30_G12.2_F01_F03","2006_2010","2016_2020",10,"RUCC2_EQI_Social","Q1",0.8969,0.776,1.0226,-10.306,"0.1032"
"G20_G30_G12.2_F01_F03","2006_2010","2016_2020",10,"RUCC2_EQI_Social","Q2",0.9243,0.8037,1.0491,-7.573,"0.2377"
"G20_G30_G12.2_F01_F03","2006_2010","2016_2020",10,"RUCC2_EQI_Social","Q3",0.8833,0.7645,1.0092,-11.6718,"0.0727"
"G20_G30_G12.2_F01_F03","2006_2010","2016_2020",10,"RUCC2_EQI_Social","Q4",0.8634,0.7432,0.9966,-13.6619,"0.0442"
"G20_G30_G12.2_F01_F03","2006_2010","2016_2020",10,"RUCC2_EQI_Social","Q5",0.8594,0.7079,1.0188,-14.0619,"0.0822"
"G20_G30_G12.2_F01_F03","2000_2005","2006_2010",5,"RUCC3_EQI","Q1",1,1,1,0,NA
"G20_G30_G12.2_F01_F03","2000_2005","2006_2010",5,"RUCC3_EQI","Q2",1.1181,1.0598,1.1782,11.8117,"0.0002"
"G20_G30_G12.2_F01_F03","2000_2005","2006_2010",5,"RUCC3_EQI","Q3",1.1424,1.0776,1.2109,14.2419,"0.0002"
"G20_G30_G12.2_F01_F03","2000_2005","2006_2010",5,"RUCC3_EQI","Q4",1.1962,1.1277,1.2694,19.6182,"0.0002"
"G20_G30_G12.2_F01_F03","2000_2005","2006_2010",5,"RUCC3_EQI","Q5",1.2295,1.1398,1.3195,22.9455,"0.0002"
"G20_G30_G12.2_F01_F03","2000_2005","2006_2010",5,"RUCC3_EQI_Air","Q1",0.8836,0.7884,0.9845,-11.6376,"0.0247"
"G20_G30_G12.2_F01_F03","2000_2005","2006_2010",5,"RUCC3_EQI_Air","Q2",0.9265,0.8332,1.0284,-7.3495,"0.1472"
"G20_G30_G12.2_F01_F03","2000_2005","2006_2010",5,"RUCC3_EQI_Air","Q3",0.9478,0.8539,1.0486,-5.2191,"0.2827"
"G20_G30_G12.2_F01_F03","2000_2005","2006_2010",5,"RUCC3_EQI_Air","Q4",1.0536,0.9496,1.1642,5.3606,"0.3307"
"G20_G30_G12.2_F01_F03","2000_2005","2006_2010",5,"RUCC3_EQI_Air","Q5",1.0117,0.8716,1.1609,1.1651,"0.8790"
"G20_G30_G12.2_F01_F03","2000_2005","2006_2010",5,"RUCC3_EQI_Water","Q1",0.8836,0.7884,0.9845,-11.6376,"0.0247"
"G20_G30_G12.2_F01_F03","2000_2005","2006_2010",5,"RUCC3_EQI_Water","Q2",0.8941,0.7926,0.9977,-10.5861,"0.0452"
"G20_G30_G12.2_F01_F03","2000_2005","2006_2010",5,"RUCC3_EQI_Water","Q3",0.9207,0.8168,1.0284,-7.931,"0.1357"
"G20_G30_G12.2_F01_F03","2000_2005","2006_2010",5,"RUCC3_EQI_Water","Q4",0.9819,0.8802,1.0871,-1.812,"0.7281"
"G20_G30_G12.2_F01_F03","2000_2005","2006_2010",5,"RUCC3_EQI_Water","Q5",0.9345,0.8304,1.0438,-6.5466,"0.2307"
"G20_G30_G12.2_F01_F03","2000_2005","2006_2010",5,"RUCC3_EQI_Land","Q1",0.8836,0.7884,0.9845,-11.6376,"0.0247"
"G20_G30_G12.2_F01_F03","2000_2005","2006_2010",5,"RUCC3_EQI_Land","Q2",0.8695,0.7645,0.9762,-13.0528,"0.0172"
"G20_G30_G12.2_F01_F03","2000_2005","2006_2010",5,"RUCC3_EQI_Land","Q3",0.8697,0.7683,0.9773,-13.032,"0.0177"
"G20_G30_G12.2_F01_F03","2000_2005","2006_2010",5,"RUCC3_EQI_Land","Q4",0.8883,0.7805,0.9978,-11.1723,"0.0452"
"G20_G30_G12.2_F01_F03","2000_2005","2006_2010",5,"RUCC3_EQI_Land","Q5",0.8811,0.7701,0.9943,-11.8933,"0.0397"
"G20_G30_G12.2_F01_F03","2000_2005","2006_2010",5,"RUCC3_EQI_Built","Q1",0.8836,0.7884,0.9845,-11.6376,"0.0247"
"G20_G30_G12.2_F01_F03","2000_2005","2006_2010",5,"RUCC3_EQI_Built","Q2",0.9509,0.854,1.0532,-4.9052,"0.3412"
"G20_G30_G12.2_F01_F03","2000_2005","2006_2010",5,"RUCC3_EQI_Built","Q3",0.9718,0.8739,1.0742,-2.8204,"0.5816"
"G20_G30_G12.2_F01_F03","2000_2005","2006_2010",5,"RUCC3_EQI_Built","Q4",0.9847,0.8844,1.091,-1.5303,"0.7526"
"G20_G30_G12.2_F01_F03","2000_2005","2006_2010",5,"RUCC3_EQI_Built","Q5",0.9759,0.8679,1.086,-2.4106,"0.6706"
"G20_G30_G12.2_F01_F03","2000_2005","2006_2010",5,"RUCC3_EQI_Social","Q1",0.8836,0.7884,0.9845,-11.6376,"0.0247"
"G20_G30_G12.2_F01_F03","2000_2005","2006_2010",5,"RUCC3_EQI_Social","Q2",0.9755,0.8682,1.0864,-2.4475,"0.6466"
"G20_G30_G12.2_F01_F03","2000_2005","2006_2010",5,"RUCC3_EQI_Social","Q3",0.9803,0.8716,1.0964,-1.9671,"0.7166"
"G20_G30_G12.2_F01_F03","2000_2005","2006_2010",5,"RUCC3_EQI_Social","Q4",0.966,0.8498,1.0863,-3.3958,"0.5751"
"G20_G30_G12.2_F01_F03","2000_2005","2006_2010",5,"RUCC3_EQI_Social","Q5",0.9861,0.8598,1.1212,-1.3923,"0.8310"
"G20_G30_G12.2_F01_F03","2000_2005","2011_2015",10,"RUCC3_EQI","Q1",1.1815,1.0886,1.2753,18.1472,"0.0007"
"G20_G30_G12.2_F01_F03","2000_2005","2011_2015",10,"RUCC3_EQI","Q2",1.3313,1.2354,1.4305,33.1308,"0.0002"
"G20_G30_G12.2_F01_F03","2000_2005","2011_2015",10,"RUCC3_EQI","Q3",1.3308,1.2378,1.4278,33.0816,"0.0002"
"G20_G30_G12.2_F01_F03","2000_2005","2011_2015",10,"RUCC3_EQI","Q4",1.3847,1.2871,1.4893,38.4679,"0.0002"
"G20_G30_G12.2_F01_F03","2000_2005","2011_2015",10,"RUCC3_EQI","Q5",1.4366,1.3176,1.5585,43.6579,"0.0002"
"G20_G30_G12.2_F01_F03","2000_2005","2011_2015",10,"RUCC3_EQI_Air","Q1",1.0543,0.9432,1.168,5.4326,"0.3362"
"G20_G30_G12.2_F01_F03","2000_2005","2011_2015",10,"RUCC3_EQI_Air","Q2",1.1257,1.0115,1.2388,12.5722,"0.0262"
"G20_G30_G12.2_F01_F03","2000_2005","2011_2015",10,"RUCC3_EQI_Air","Q3",1.192,1.0743,1.3105,19.1972,"0.0007"
"G20_G30_G12.2_F01_F03","2000_2005","2011_2015",10,"RUCC3_EQI_Air","Q4",1.2719,1.1487,1.4025,27.1855,"0.0002"
"G20_G30_G12.2_F01_F03","2000_2005","2011_2015",10,"RUCC3_EQI_Air","Q5",1.2409,1.0829,1.4007,24.0892,"0.0012"
"G20_G30_G12.2_F01_F03","2000_2005","2011_2015",10,"RUCC3_EQI_Water","Q1",1.0543,0.9432,1.168,5.4326,"0.3362"
"G20_G30_G12.2_F01_F03","2000_2005","2011_2015",10,"RUCC3_EQI_Water","Q2",1.0949,0.9856,1.2132,9.488,"0.0957"
"G20_G30_G12.2_F01_F03","2000_2005","2011_2015",10,"RUCC3_EQI_Water","Q3",1.1015,0.9886,1.222,10.1462,"0.0772"
"G20_G30_G12.2_F01_F03","2000_2005","2011_2015",10,"RUCC3_EQI_Water","Q4",1.13,1.0166,1.2477,13.0034,"0.0222"
"G20_G30_G12.2_F01_F03","2000_2005","2011_2015",10,"RUCC3_EQI_Water","Q5",1.0982,0.981,1.2192,9.8206,"0.1012"
"G20_G30_G12.2_F01_F03","2000_2005","2011_2015",10,"RUCC3_EQI_Land","Q1",1.0543,0.9432,1.168,5.4326,"0.3362"
"G20_G30_G12.2_F01_F03","2000_2005","2011_2015",10,"RUCC3_EQI_Land","Q2",1.0297,0.9148,1.1453,2.972,"0.6181"
"G20_G30_G12.2_F01_F03","2000_2005","2011_2015",10,"RUCC3_EQI_Land","Q3",1.0611,0.9473,1.1797,6.1055,"0.2952"
"G20_G30_G12.2_F01_F03","2000_2005","2011_2015",10,"RUCC3_EQI_Land","Q4",1.0318,0.9174,1.1498,3.1776,"0.6131"
"G20_G30_G12.2_F01_F03","2000_2005","2011_2015",10,"RUCC3_EQI_Land","Q5",1.0427,0.9243,1.1686,4.2676,"0.5056"
"G20_G30_G12.2_F01_F03","2000_2005","2011_2015",10,"RUCC3_EQI_Built","Q1",1.0543,0.9432,1.168,5.4326,"0.3362"
"G20_G30_G12.2_F01_F03","2000_2005","2011_2015",10,"RUCC3_EQI_Built","Q2",1.1237,1.012,1.2388,12.3734,"0.0302"
"G20_G30_G12.2_F01_F03","2000_2005","2011_2015",10,"RUCC3_EQI_Built","Q3",1.1416,1.0281,1.2611,14.1633,"0.0127"
"G20_G30_G12.2_F01_F03","2000_2005","2011_2015",10,"RUCC3_EQI_Built","Q4",1.1607,1.0454,1.2804,16.0685,"0.0057"
"G20_G30_G12.2_F01_F03","2000_2005","2011_2015",10,"RUCC3_EQI_Built","Q5",1.1298,1.0097,1.2531,12.9781,"0.0367"
"G20_G30_G12.2_F01_F03","2000_2005","2011_2015",10,"RUCC3_EQI_Social","Q1",1.0543,0.9432,1.168,5.4326,"0.3362"
"G20_G30_G12.2_F01_F03","2000_2005","2011_2015",10,"RUCC3_EQI_Social","Q2",1.144,1.0303,1.268,14.3989,"0.0172"
"G20_G30_G12.2_F01_F03","2000_2005","2011_2015",10,"RUCC3_EQI_Social","Q3",1.1348,1.0169,1.2582,13.4751,"0.0307"
"G20_G30_G12.2_F01_F03","2000_2005","2011_2015",10,"RUCC3_EQI_Social","Q4",1.1293,1.0033,1.263,12.933,"0.0442"
"G20_G30_G12.2_F01_F03","2000_2005","2011_2015",10,"RUCC3_EQI_Social","Q5",1.1734,1.0342,1.3173,17.3435,"0.0122"
"G20_G30_G12.2_F01_F03","2000_2005","2016_2020",15,"RUCC3_EQI","Q1",1.2589,1.1611,1.3615,25.8903,"0.0002"
"G20_G30_G12.2_F01_F03","2000_2005","2016_2020",15,"RUCC3_EQI","Q2",1.3762,1.2784,1.4806,37.6173,"0.0002"
"G20_G30_G12.2_F01_F03","2000_2005","2016_2020",15,"RUCC3_EQI","Q3",1.3742,1.2762,1.4782,37.4227,"0.0002"
"G20_G30_G12.2_F01_F03","2000_2005","2016_2020",15,"RUCC3_EQI","Q4",1.4602,1.3584,1.5675,46.0151,"0.0002"
"G20_G30_G12.2_F01_F03","2000_2005","2016_2020",15,"RUCC3_EQI","Q5",1.4859,1.3638,1.6147,48.5947,"0.0002"
"G20_G30_G12.2_F01_F03","2000_2005","2016_2020",15,"RUCC3_EQI_Air","Q1",1.1232,1.0129,1.2483,12.3205,"0.0282"
"G20_G30_G12.2_F01_F03","2000_2005","2016_2020",15,"RUCC3_EQI_Air","Q2",1.2037,1.0918,1.3253,20.3663,"0.0002"
"G20_G30_G12.2_F01_F03","2000_2005","2016_2020",15,"RUCC3_EQI_Air","Q3",1.2513,1.1334,1.3722,25.1258,"0.0002"
"G20_G30_G12.2_F01_F03","2000_2005","2016_2020",15,"RUCC3_EQI_Air","Q4",1.3257,1.1984,1.4575,32.5689,"0.0002"
"G20_G30_G12.2_F01_F03","2000_2005","2016_2020",15,"RUCC3_EQI_Air","Q5",1.3093,1.1544,1.4759,30.9289,"0.0002"
"G20_G30_G12.2_F01_F03","2000_2005","2016_2020",15,"RUCC3_EQI_Water","Q1",1.1232,1.0129,1.2483,12.3205,"0.0282"
"G20_G30_G12.2_F01_F03","2000_2005","2016_2020",15,"RUCC3_EQI_Water","Q2",1.1598,1.0398,1.2848,15.9825,"0.0092"
"G20_G30_G12.2_F01_F03","2000_2005","2016_2020",15,"RUCC3_EQI_Water","Q3",1.1568,1.0357,1.2785,15.6769,"0.0137"
"G20_G30_G12.2_F01_F03","2000_2005","2016_2020",15,"RUCC3_EQI_Water","Q4",1.1629,1.0424,1.2857,16.2855,"0.0062"
"G20_G30_G12.2_F01_F03","2000_2005","2016_2020",15,"RUCC3_EQI_Water","Q5",1.159,1.0388,1.2877,15.9031,"0.0117"
"G20_G30_G12.2_F01_F03","2000_2005","2016_2020",15,"RUCC3_EQI_Land","Q1",1.1232,1.0129,1.2483,12.3205,"0.0282"
"G20_G30_G12.2_F01_F03","2000_2005","2016_2020",15,"RUCC3_EQI_Land","Q2",1.1389,1.0206,1.2657,13.8899,"0.0237"
"G20_G30_G12.2_F01_F03","2000_2005","2016_2020",15,"RUCC3_EQI_Land","Q3",1.1514,1.0336,1.2763,15.1353,"0.0147"
"G20_G30_G12.2_F01_F03","2000_2005","2016_2020",15,"RUCC3_EQI_Land","Q4",1.172,1.05,1.3006,17.2004,"0.0082"
"G20_G30_G12.2_F01_F03","2000_2005","2016_2020",15,"RUCC3_EQI_Land","Q5",1.1508,1.0246,1.2854,15.0764,"0.0217"
"G20_G30_G12.2_F01_F03","2000_2005","2016_2020",15,"RUCC3_EQI_Built","Q1",1.1232,1.0129,1.2483,12.3205,"0.0282"
"G20_G30_G12.2_F01_F03","2000_2005","2016_2020",15,"RUCC3_EQI_Built","Q2",1.2054,1.0864,1.33,20.5366,"0.0012"
"G20_G30_G12.2_F01_F03","2000_2005","2016_2020",15,"RUCC3_EQI_Built","Q3",1.2171,1.1008,1.3399,21.7115,"0.0007"
"G20_G30_G12.2_F01_F03","2000_2005","2016_2020",15,"RUCC3_EQI_Built","Q4",1.2451,1.1261,1.3778,24.5118,"0.0002"
"G20_G30_G12.2_F01_F03","2000_2005","2016_2020",15,"RUCC3_EQI_Built","Q5",1.1822,1.0593,1.3132,18.2236,"0.0027"
"G20_G30_G12.2_F01_F03","2000_2005","2016_2020",15,"RUCC3_EQI_Social","Q1",1.1232,1.0129,1.2483,12.3205,"0.0282"
"G20_G30_G12.2_F01_F03","2000_2005","2016_2020",15,"RUCC3_EQI_Social","Q2",1.1652,1.0485,1.2896,16.5212,"0.0067"
"G20_G30_G12.2_F01_F03","2000_2005","2016_2020",15,"RUCC3_EQI_Social","Q3",1.1463,1.0237,1.2786,14.6307,"0.0177"
"G20_G30_G12.2_F01_F03","2000_2005","2016_2020",15,"RUCC3_EQI_Social","Q4",1.1681,1.0408,1.3081,16.8063,"0.0112"
"G20_G30_G12.2_F01_F03","2000_2005","2016_2020",15,"RUCC3_EQI_Social","Q5",1.2353,1.0889,1.3942,23.5287,"0.0012"
"G20_G30_G12.2_F01_F03","2006_2010","2011_2015",5,"RUCC3_EQI","Q1",1,1,1,0,NA
"G20_G30_G12.2_F01_F03","2006_2010","2011_2015",5,"RUCC3_EQI","Q2",1.0591,1.0119,1.1094,5.9128,"0.0132"
"G20_G30_G12.2_F01_F03","2006_2010","2011_2015",5,"RUCC3_EQI","Q3",1.1149,1.064,1.1697,11.4876,"0.0002"
"G20_G30_G12.2_F01_F03","2006_2010","2011_2015",5,"RUCC3_EQI","Q4",1.076,1.0219,1.1314,7.6035,"0.0042"
"G20_G30_G12.2_F01_F03","2006_2010","2011_2015",5,"RUCC3_EQI","Q5",1.0906,1.0276,1.1543,9.0628,"0.0052"
"G20_G30_G12.2_F01_F03","2006_2010","2011_2015",5,"RUCC3_EQI_Air","Q1",0.9625,0.8634,1.0617,-3.7501,"0.4641"
"G20_G30_G12.2_F01_F03","2006_2010","2011_2015",5,"RUCC3_EQI_Air","Q2",0.9739,0.875,1.0744,-2.6059,"0.5991"
"G20_G30_G12.2_F01_F03","2006_2010","2011_2015",5,"RUCC3_EQI_Air","Q3",1.0377,0.9361,1.1453,3.7681,"0.4886"
"G20_G30_G12.2_F01_F03","2006_2010","2011_2015",5,"RUCC3_EQI_Air","Q4",1.0188,0.9166,1.1245,1.8784,"0.7361"
"G20_G30_G12.2_F01_F03","2006_2010","2011_2015",5,"RUCC3_EQI_Air","Q5",1.0301,0.928,1.1386,3.0109,"0.6031"
"G20_G30_G12.2_F01_F03","2006_2010","2011_2015",5,"RUCC3_EQI_Water","Q1",0.9625,0.8634,1.0617,-3.7501,"0.4641"
"G20_G30_G12.2_F01_F03","2006_2010","2011_2015",5,"RUCC3_EQI_Water","Q2",0.9475,0.8514,1.0464,-5.2465,"0.3067"
"G20_G30_G12.2_F01_F03","2006_2010","2011_2015",5,"RUCC3_EQI_Water","Q3",0.9826,0.8868,1.0851,-1.7364,"0.7216"
"G20_G30_G12.2_F01_F03","2006_2010","2011_2015",5,"RUCC3_EQI_Water","Q4",0.976,0.8808,1.0772,-2.4013,"0.6361"
"G20_G30_G12.2_F01_F03","2006_2010","2011_2015",5,"RUCC3_EQI_Water","Q5",0.9757,0.8796,1.0749,-2.4309,"0.6291"
"G20_G30_G12.2_F01_F03","2006_2010","2011_2015",5,"RUCC3_EQI_Land","Q1",0.9625,0.8634,1.0617,-3.7501,"0.4641"
"G20_G30_G12.2_F01_F03","2006_2010","2011_2015",5,"RUCC3_EQI_Land","Q2",1.047,0.9419,1.1565,4.6961,"0.3952"
"G20_G30_G12.2_F01_F03","2006_2010","2011_2015",5,"RUCC3_EQI_Land","Q3",1.0459,0.9427,1.1543,4.5913,"0.3997"
"G20_G30_G12.2_F01_F03","2006_2010","2011_2015",5,"RUCC3_EQI_Land","Q4",0.9877,0.8864,1.0927,-1.2263,"0.8120"
"G20_G30_G12.2_F01_F03","2006_2010","2011_2015",5,"RUCC3_EQI_Land","Q5",0.9944,0.8917,1.1006,-0.562,"0.9070"
"G20_G30_G12.2_F01_F03","2006_2010","2011_2015",5,"RUCC3_EQI_Built","Q1",0.9625,0.8634,1.0617,-3.7501,"0.4641"
"G20_G30_G12.2_F01_F03","2006_2010","2011_2015",5,"RUCC3_EQI_Built","Q2",0.9815,0.8797,1.0906,-1.8496,"0.7171"
"G20_G30_G12.2_F01_F03","2006_2010","2011_2015",5,"RUCC3_EQI_Built","Q3",1.001,0.8981,1.1036,0.0956,"0.9910"
"G20_G30_G12.2_F01_F03","2006_2010","2011_2015",5,"RUCC3_EQI_Built","Q4",0.997,0.8948,1.1023,-0.3033,"0.9400"
"G20_G30_G12.2_F01_F03","2006_2010","2011_2015",5,"RUCC3_EQI_Built","Q5",0.976,0.8654,1.0868,-2.3966,"0.6601"
"G20_G30_G12.2_F01_F03","2006_2010","2011_2015",5,"RUCC3_EQI_Social","Q1",0.9625,0.8634,1.0617,-3.7501,"0.4641"
"G20_G30_G12.2_F01_F03","2006_2010","2011_2015",5,"RUCC3_EQI_Social","Q2",1.0154,0.9188,1.1169,1.5393,"0.7581"
"G20_G30_G12.2_F01_F03","2006_2010","2011_2015",5,"RUCC3_EQI_Social","Q3",0.9807,0.8928,1.0737,-1.9292,"0.6491"
"G20_G30_G12.2_F01_F03","2006_2010","2011_2015",5,"RUCC3_EQI_Social","Q4",0.9523,0.8638,1.0442,-4.7705,"0.2882"
"G20_G30_G12.2_F01_F03","2006_2010","2011_2015",5,"RUCC3_EQI_Social","Q5",0.8863,0.7995,0.9763,-11.3738,"0.0132"
"G20_G30_G12.2_F01_F03","2006_2010","2016_2020",10,"RUCC3_EQI","Q1",1.0632,0.9919,1.1393,6.3172,"0.0877"
"G20_G30_G12.2_F01_F03","2006_2010","2016_2020",10,"RUCC3_EQI","Q2",1.1043,1.03,1.1812,10.4315,"0.0052"
"G20_G30_G12.2_F01_F03","2006_2010","2016_2020",10,"RUCC3_EQI","Q3",1.1364,1.0611,1.2181,13.6423,"0.0002"
"G20_G30_G12.2_F01_F03","2006_2010","2016_2020",10,"RUCC3_EQI","Q4",1.1294,1.0488,1.2129,12.9428,"0.0002"
"G20_G30_G12.2_F01_F03","2006_2010","2016_2020",10,"RUCC3_EQI","Q5",1.1104,1.0259,1.1975,11.0425,"0.0107"
"G20_G30_G12.2_F01_F03","2006_2010","2016_2020",10,"RUCC3_EQI_Air","Q1",1.0047,0.9049,1.1126,0.4654,"0.9535"
"G20_G30_G12.2_F01_F03","2006_2010","2016_2020",10,"RUCC3_EQI_Air","Q2",1.0146,0.9124,1.1213,1.4636,"0.7751"
"G20_G30_G12.2_F01_F03","2006_2010","2016_2020",10,"RUCC3_EQI_Air","Q3",1.0515,0.9457,1.1591,5.1494,"0.3382"
"G20_G30_G12.2_F01_F03","2006_2010","2016_2020",10,"RUCC3_EQI_Air","Q4",1.055,0.9508,1.1665,5.4995,"0.3177"
"G20_G30_G12.2_F01_F03","2006_2010","2016_2020",10,"RUCC3_EQI_Air","Q5",1.0574,0.9536,1.1687,5.7425,"0.2947"
"G20_G30_G12.2_F01_F03","2006_2010","2016_2020",10,"RUCC3_EQI_Water","Q1",1.0047,0.9049,1.1126,0.4654,"0.9535"
"G20_G30_G12.2_F01_F03","2006_2010","2016_2020",10,"RUCC3_EQI_Water","Q2",0.9985,0.8966,1.1056,-0.1463,"0.9595"
"G20_G30_G12.2_F01_F03","2006_2010","2016_2020",10,"RUCC3_EQI_Water","Q3",0.9997,0.8966,1.1085,-0.032,"0.9890"
"G20_G30_G12.2_F01_F03","2006_2010","2016_2020",10,"RUCC3_EQI_Water","Q4",1.0072,0.9064,1.1174,0.719,"0.9075"
"G20_G30_G12.2_F01_F03","2006_2010","2016_2020",10,"RUCC3_EQI_Water","Q5",0.9989,0.8994,1.1049,-0.1062,"0.9830"
"G20_G30_G12.2_F01_F03","2006_2010","2016_2020",10,"RUCC3_EQI_Land","Q1",1.0047,0.9049,1.1126,0.4654,"0.9535"
"G20_G30_G12.2_F01_F03","2006_2010","2016_2020",10,"RUCC3_EQI_Land","Q2",1.0631,0.9579,1.175,6.3112,"0.2522"
"G20_G30_G12.2_F01_F03","2006_2010","2016_2020",10,"RUCC3_EQI_Land","Q3",1.0443,0.9392,1.154,4.4327,"0.4141"
"G20_G30_G12.2_F01_F03","2006_2010","2016_2020",10,"RUCC3_EQI_Land","Q4",1.0461,0.9427,1.1563,4.6108,"0.4141"
"G20_G30_G12.2_F01_F03","2006_2010","2016_2020",10,"RUCC3_EQI_Land","Q5",1.0658,0.9589,1.1794,6.5773,"0.2372"
"G20_G30_G12.2_F01_F03","2006_2010","2016_2020",10,"RUCC3_EQI_Built","Q1",1.0047,0.9049,1.1126,0.4654,"0.9535"
"G20_G30_G12.2_F01_F03","2006_2010","2016_2020",10,"RUCC3_EQI_Built","Q2",1.0693,0.9635,1.1855,6.9291,"0.2222"
"G20_G30_G12.2_F01_F03","2006_2010","2016_2020",10,"RUCC3_EQI_Built","Q3",1.0604,0.9531,1.1745,6.0352,"0.2892"
"G20_G30_G12.2_F01_F03","2006_2010","2016_2020",10,"RUCC3_EQI_Built","Q4",1.0701,0.9636,1.185,7.0056,"0.2202"
"G20_G30_G12.2_F01_F03","2006_2010","2016_2020",10,"RUCC3_EQI_Built","Q5",0.99,0.8798,1.11,-1.0027,"0.8600"
"G20_G30_G12.2_F01_F03","2006_2010","2016_2020",10,"RUCC3_EQI_Social","Q1",1.0047,0.9049,1.1126,0.4654,"0.9535"
"G20_G30_G12.2_F01_F03","2006_2010","2016_2020",10,"RUCC3_EQI_Social","Q2",1.0616,0.9639,1.1678,6.1589,"0.2352"
"G20_G30_G12.2_F01_F03","2006_2010","2016_2020",10,"RUCC3_EQI_Social","Q3",1.0274,0.9381,1.1238,2.7422,"0.5656"
"G20_G30_G12.2_F01_F03","2006_2010","2016_2020",10,"RUCC3_EQI_Social","Q4",1.0139,0.9241,1.1097,1.3855,"0.7791"
"G20_G30_G12.2_F01_F03","2006_2010","2016_2020",10,"RUCC3_EQI_Social","Q5",0.9536,0.8624,1.0472,-4.635,"0.3047"
"G20_G30_G12.2_F01_F03","2000_2005","2006_2010",5,"RUCC4_EQI","Q1",1,1,1,0,NA
"G20_G30_G12.2_F01_F03","2000_2005","2006_2010",5,"RUCC4_EQI","Q2",1.2023,1.1077,1.2996,20.2263,"0.0002"
"G20_G30_G12.2_F01_F03","2000_2005","2006_2010",5,"RUCC4_EQI","Q3",1.2436,1.1342,1.358,24.3568,"0.0002"
"G20_G30_G12.2_F01_F03","2000_2005","2006_2010",5,"RUCC4_EQI","Q4",1.2391,1.0883,1.3977,23.9119,"0.0007"
"G20_G30_G12.2_F01_F03","2000_2005","2006_2010",5,"RUCC4_EQI","Q5",1.0565,0.8554,1.2596,5.6547,"0.5716"
"G20_G30_G12.2_F01_F03","2000_2005","2006_2010",5,"RUCC4_EQI_Air","Q1",0.8411,0.7053,0.9863,-15.8936,"0.0302"
"G20_G30_G12.2_F01_F03","2000_2005","2006_2010",5,"RUCC4_EQI_Air","Q2",0.9455,0.8024,1.0895,-5.4472,"0.4576"
"G20_G30_G12.2_F01_F03","2000_2005","2006_2010",5,"RUCC4_EQI_Air","Q3",1.0416,0.8721,1.22,4.1561,"0.6356"
"G20_G30_G12.2_F01_F03","2000_2005","2006_2010",5,"RUCC4_EQI_Air","Q4",0.952,0.7427,1.1753,-4.8049,"0.6481"
"G20_G30_G12.2_F01_F03","2000_2005","2006_2010",5,"RUCC4_EQI_Air","Q5",0.8415,0.5734,1.1038,-15.8537,"0.2372"
"G20_G30_G12.2_F01_F03","2000_2005","2006_2010",5,"RUCC4_EQI_Water","Q1",0.8411,0.7053,0.9863,-15.8936,"0.0302"
"G20_G30_G12.2_F01_F03","2000_2005","2006_2010",5,"RUCC4_EQI_Water","Q2",0.8318,0.7022,0.9716,-16.8221,"0.0227"
"G20_G30_G12.2_F01_F03","2000_2005","2006_2010",5,"RUCC4_EQI_Water","Q3",0.8483,0.7006,1.0102,-15.1718,"0.0647"
"G20_G30_G12.2_F01_F03","2000_2005","2006_2010",5,"RUCC4_EQI_Water","Q4",0.9469,0.7937,1.1059,-5.3066,"0.5101"
"G20_G30_G12.2_F01_F03","2000_2005","2006_2010",5,"RUCC4_EQI_Water","Q5",0.9274,0.769,1.0923,-7.2568,"0.3887"
"G20_G30_G12.2_F01_F03","2000_2005","2006_2010",5,"RUCC4_EQI_Land","Q1",0.8411,0.7053,0.9863,-15.8936,"0.0302"
"G20_G30_G12.2_F01_F03","2000_2005","2006_2010",5,"RUCC4_EQI_Land","Q2",0.9019,0.7526,1.0559,-9.8118,"0.2132"
"G20_G30_G12.2_F01_F03","2000_2005","2006_2010",5,"RUCC4_EQI_Land","Q3",0.9459,0.7991,1.1013,-5.4065,"0.4881"
"G20_G30_G12.2_F01_F03","2000_2005","2006_2010",5,"RUCC4_EQI_Land","Q4",0.9304,0.7852,1.0859,-6.964,"0.3647"
"G20_G30_G12.2_F01_F03","2000_2005","2006_2010",5,"RUCC4_EQI_Land","Q5",0.9422,0.7838,1.1093,-5.7767,"0.4771"
"G20_G30_G12.2_F01_F03","2000_2005","2006_2010",5,"RUCC4_EQI_Built","Q1",0.8411,0.7053,0.9863,-15.8936,"0.0302"
"G20_G30_G12.2_F01_F03","2000_2005","2006_2010",5,"RUCC4_EQI_Built","Q2",0.9028,0.7422,1.0674,-9.7178,"0.2312"
"G20_G30_G12.2_F01_F03","2000_2005","2006_2010",5,"RUCC4_EQI_Built","Q3",0.9336,0.7664,1.1094,-6.6379,"0.4366"
"G20_G30_G12.2_F01_F03","2000_2005","2006_2010",5,"RUCC4_EQI_Built","Q4",0.9426,0.7545,1.133,-5.7365,"0.5471"
"G20_G30_G12.2_F01_F03","2000_2005","2006_2010",5,"RUCC4_EQI_Built","Q5",0.8341,0.6473,1.0364,-16.5916,"0.1017"
"G20_G30_G12.2_F01_F03","2000_2005","2006_2010",5,"RUCC4_EQI_Social","Q1",0.8411,0.7053,0.9863,-15.8936,"0.0302"
"G20_G30_G12.2_F01_F03","2000_2005","2006_2010",5,"RUCC4_EQI_Social","Q2",0.9546,0.8047,1.1122,-4.5366,"0.5446"
"G20_G30_G12.2_F01_F03","2000_2005","2006_2010",5,"RUCC4_EQI_Social","Q3",0.9488,0.7902,1.1106,-5.1224,"0.5156"
"G20_G30_G12.2_F01_F03","2000_2005","2006_2010",5,"RUCC4_EQI_Social","Q4",1.0043,0.8307,1.1831,0.427,"0.9755"
"G20_G30_G12.2_F01_F03","2000_2005","2006_2010",5,"RUCC4_EQI_Social","Q5",1.0315,0.8257,1.2428,3.1486,"0.7726"
"G20_G30_G12.2_F01_F03","2000_2005","2011_2015",10,"RUCC4_EQI","Q1",1.1787,1.0605,1.3107,17.8734,"0.0017"
"G20_G30_G12.2_F01_F03","2000_2005","2011_2015",10,"RUCC4_EQI","Q2",1.375,1.237,1.5274,37.4956,"0.0002"
"G20_G30_G12.2_F01_F03","2000_2005","2011_2015",10,"RUCC4_EQI","Q3",1.4354,1.2851,1.6052,43.5419,"0.0002"
"G20_G30_G12.2_F01_F03","2000_2005","2011_2015",10,"RUCC4_EQI","Q4",1.4219,1.2301,1.6211,42.1868,"0.0002"
"G20_G30_G12.2_F01_F03","2000_2005","2011_2015",10,"RUCC4_EQI","Q5",1.2333,1.0045,1.479,23.3322,"0.0462"
"G20_G30_G12.2_F01_F03","2000_2005","2011_2015",10,"RUCC4_EQI_Air","Q1",1.0192,0.8694,1.1714,1.9207,"0.8255"
"G20_G30_G12.2_F01_F03","2000_2005","2011_2015",10,"RUCC4_EQI_Air","Q2",1.139,0.9743,1.3067,13.9008,"0.0947"
"G20_G30_G12.2_F01_F03","2000_2005","2011_2015",10,"RUCC4_EQI_Air","Q3",1.2609,1.063,1.4611,26.0863,"0.0077"
"G20_G30_G12.2_F01_F03","2000_2005","2011_2015",10,"RUCC4_EQI_Air","Q4",1.1255,0.8991,1.3572,12.5471,"0.2677"
"G20_G30_G12.2_F01_F03","2000_2005","2011_2015",10,"RUCC4_EQI_Air","Q5",1.0197,0.7579,1.2912,1.9651,"0.8970"
"G20_G30_G12.2_F01_F03","2000_2005","2011_2015",10,"RUCC4_EQI_Water","Q1",1.0192,0.8694,1.1714,1.9207,"0.8255"
"G20_G30_G12.2_F01_F03","2000_2005","2011_2015",10,"RUCC4_EQI_Water","Q2",1.0144,0.8671,1.1729,1.4402,"0.8660"
"G20_G30_G12.2_F01_F03","2000_2005","2011_2015",10,"RUCC4_EQI_Water","Q3",1.0205,0.8591,1.1906,2.0528,"0.8240"
"G20_G30_G12.2_F01_F03","2000_2005","2011_2015",10,"RUCC4_EQI_Water","Q4",1.168,0.9948,1.3424,16.7993,"0.0537"
"G20_G30_G12.2_F01_F03","2000_2005","2011_2015",10,"RUCC4_EQI_Water","Q5",1.1424,0.9656,1.332,14.2395,"0.1197"
"G20_G30_G12.2_F01_F03","2000_2005","2011_2015",10,"RUCC4_EQI_Land","Q1",1.0192,0.8694,1.1714,1.9207,"0.8255"
"G20_G30_G12.2_F01_F03","2000_2005","2011_2015",10,"RUCC4_EQI_Land","Q2",1.074,0.9114,1.2386,7.4049,"0.3917"
"G20_G30_G12.2_F01_F03","2000_2005","2011_2015",10,"RUCC4_EQI_Land","Q3",1.0287,0.8741,1.2002,2.8744,"0.7506"
"G20_G30_G12.2_F01_F03","2000_2005","2011_2015",10,"RUCC4_EQI_Land","Q4",1.0684,0.9076,1.2362,6.8374,"0.4126"
"G20_G30_G12.2_F01_F03","2000_2005","2011_2015",10,"RUCC4_EQI_Land","Q5",1.1596,0.9814,1.3455,15.9625,"0.0852"
"G20_G30_G12.2_F01_F03","2000_2005","2011_2015",10,"RUCC4_EQI_Built","Q1",1.0192,0.8694,1.1714,1.9207,"0.8255"
"G20_G30_G12.2_F01_F03","2000_2005","2011_2015",10,"RUCC4_EQI_Built","Q2",1.1111,0.9421,1.2819,11.1054,"0.2102"
"G20_G30_G12.2_F01_F03","2000_2005","2011_2015",10,"RUCC4_EQI_Built","Q3",1.1411,0.9619,1.3294,14.1112,"0.1292"
"G20_G30_G12.2_F01_F03","2000_2005","2011_2015",10,"RUCC4_EQI_Built","Q4",1.1124,0.9212,1.3134,11.2406,"0.2512"
"G20_G30_G12.2_F01_F03","2000_2005","2011_2015",10,"RUCC4_EQI_Built","Q5",1.0589,0.8636,1.257,5.8942,"0.5566"
"G20_G30_G12.2_F01_F03","2000_2005","2011_2015",10,"RUCC4_EQI_Social","Q1",1.0192,0.8694,1.1714,1.9207,"0.8255"
"G20_G30_G12.2_F01_F03","2000_2005","2011_2015",10,"RUCC4_EQI_Social","Q2",1.0674,0.9,1.2371,6.7365,"0.4146"
"G20_G30_G12.2_F01_F03","2000_2005","2011_2015",10,"RUCC4_EQI_Social","Q3",1.1259,0.9575,1.3037,12.5907,"0.1397"
"G20_G30_G12.2_F01_F03","2000_2005","2011_2015",10,"RUCC4_EQI_Social","Q4",1.2456,1.058,1.437,24.561,"0.0142"
"G20_G30_G12.2_F01_F03","2000_2005","2011_2015",10,"RUCC4_EQI_Social","Q5",1.1995,0.9851,1.4099,19.9491,"0.0657"
"G20_G30_G12.2_F01_F03","2000_2005","2016_2020",15,"RUCC4_EQI","Q1",1.2256,1.1031,1.3625,22.5574,"0.0007"
"G20_G30_G12.2_F01_F03","2000_2005","2016_2020",15,"RUCC4_EQI","Q2",1.4239,1.2858,1.5805,42.3923,"0.0002"
"G20_G30_G12.2_F01_F03","2000_2005","2016_2020",15,"RUCC4_EQI","Q3",1.4788,1.3242,1.6445,47.8785,"0.0002"
"G20_G30_G12.2_F01_F03","2000_2005","2016_2020",15,"RUCC4_EQI","Q4",1.4308,1.2457,1.6297,43.0782,"0.0002"
"G20_G30_G12.2_F01_F03","2000_2005","2016_2020",15,"RUCC4_EQI","Q5",1.2615,1.0361,1.4971,26.1466,"0.0217"
"G20_G30_G12.2_F01_F03","2000_2005","2016_2020",15,"RUCC4_EQI_Air","Q1",1.0697,0.9172,1.2315,6.9671,"0.3857"
"G20_G30_G12.2_F01_F03","2000_2005","2016_2020",15,"RUCC4_EQI_Air","Q2",1.1867,1.0187,1.3662,18.6689,"0.0292"
"G20_G30_G12.2_F01_F03","2000_2005","2016_2020",15,"RUCC4_EQI_Air","Q3",1.3011,1.1122,1.5017,30.1076,"0.0012"
"G20_G30_G12.2_F01_F03","2000_2005","2016_2020",15,"RUCC4_EQI_Air","Q4",1.1553,0.9298,1.4008,15.5349,"0.1802"
"G20_G30_G12.2_F01_F03","2000_2005","2016_2020",15,"RUCC4_EQI_Air","Q5",1.0715,0.7906,1.3552,7.1454,"0.6016"
"G20_G30_G12.2_F01_F03","2000_2005","2016_2020",15,"RUCC4_EQI_Water","Q1",1.0697,0.9172,1.2315,6.9671,"0.3857"
"G20_G30_G12.2_F01_F03","2000_2005","2016_2020",15,"RUCC4_EQI_Water","Q2",1.0628,0.9118,1.2218,6.2816,"0.4261"
"G20_G30_G12.2_F01_F03","2000_2005","2016_2020",15,"RUCC4_EQI_Water","Q3",1.1011,0.938,1.2752,10.1082,"0.2197"
"G20_G30_G12.2_F01_F03","2000_2005","2016_2020",15,"RUCC4_EQI_Water","Q4",1.1231,0.9526,1.3059,12.3101,"0.1632"
"G20_G30_G12.2_F01_F03","2000_2005","2016_2020",15,"RUCC4_EQI_Water","Q5",1.1605,0.9807,1.3492,16.0525,"0.0772"
"G20_G30_G12.2_F01_F03","2000_2005","2016_2020",15,"RUCC4_EQI_Land","Q1",1.0697,0.9172,1.2315,6.9671,"0.3857"
"G20_G30_G12.2_F01_F03","2000_2005","2016_2020",15,"RUCC4_EQI_Land","Q2",1.129,0.9663,1.3028,12.8983,"0.1157"
"G20_G30_G12.2_F01_F03","2000_2005","2016_2020",15,"RUCC4_EQI_Land","Q3",1.0839,0.9203,1.2544,8.3943,"0.3097"
"G20_G30_G12.2_F01_F03","2000_2005","2016_2020",15,"RUCC4_EQI_Land","Q4",1.1113,0.9546,1.2855,11.1292,"0.1892"
"G20_G30_G12.2_F01_F03","2000_2005","2016_2020",15,"RUCC4_EQI_Land","Q5",1.2408,1.0643,1.4332,24.0835,"0.0087"
"G20_G30_G12.2_F01_F03","2000_2005","2016_2020",15,"RUCC4_EQI_Built","Q1",1.0697,0.9172,1.2315,6.9671,"0.3857"
"G20_G30_G12.2_F01_F03","2000_2005","2016_2020",15,"RUCC4_EQI_Built","Q2",1.1323,0.9643,1.3126,13.2317,"0.1337"
"G20_G30_G12.2_F01_F03","2000_2005","2016_2020",15,"RUCC4_EQI_Built","Q3",1.191,1.0096,1.3866,19.0988,"0.0412"
"G20_G30_G12.2_F01_F03","2000_2005","2016_2020",15,"RUCC4_EQI_Built","Q4",1.15,0.9569,1.3599,15.0004,"0.1427"
"G20_G30_G12.2_F01_F03","2000_2005","2016_2020",15,"RUCC4_EQI_Built","Q5",1.1098,0.9112,1.3211,10.9781,"0.2797"
"G20_G30_G12.2_F01_F03","2000_2005","2016_2020",15,"RUCC4_EQI_Social","Q1",1.0697,0.9172,1.2315,6.9671,"0.3857"
"G20_G30_G12.2_F01_F03","2000_2005","2016_2020",15,"RUCC4_EQI_Social","Q2",1.1335,0.967,1.3118,13.352,"0.1157"
"G20_G30_G12.2_F01_F03","2000_2005","2016_2020",15,"RUCC4_EQI_Social","Q3",1.2271,1.0492,1.4154,22.7063,"0.0162"
"G20_G30_G12.2_F01_F03","2000_2005","2016_2020",15,"RUCC4_EQI_Social","Q4",1.3061,1.1195,1.5005,30.6069,"0.0012"
"G20_G30_G12.2_F01_F03","2000_2005","2016_2020",15,"RUCC4_EQI_Social","Q5",1.2257,1.0106,1.4474,22.5732,"0.0397"
"G20_G30_G12.2_F01_F03","2006_2010","2011_2015",5,"RUCC4_EQI","Q1",1,1,1,0,NA
"G20_G30_G12.2_F01_F03","2006_2010","2011_2015",5,"RUCC4_EQI","Q2",1.1043,1.0154,1.1961,10.4295,"0.0222"
"G20_G30_G12.2_F01_F03","2006_2010","2011_2015",5,"RUCC4_EQI","Q3",1.0212,0.9222,1.1222,2.1207,"0.6746"
"G20_G30_G12.2_F01_F03","2006_2010","2011_2015",5,"RUCC4_EQI","Q4",1.0474,0.9425,1.1531,4.7404,"0.3812"
"G20_G30_G12.2_F01_F03","2006_2010","2011_2015",5,"RUCC4_EQI","Q5",1.0053,0.8855,1.1235,0.5312,"0.9165"
"G20_G30_G12.2_F01_F03","2006_2010","2011_2015",5,"RUCC4_EQI_Air","Q1",0.967,0.8122,1.1217,-3.3002,"0.6776"
"G20_G30_G12.2_F01_F03","2006_2010","2011_2015",5,"RUCC4_EQI_Air","Q2",0.9988,0.8418,1.1641,-0.1221,"0.9720"
"G20_G30_G12.2_F01_F03","2006_2010","2011_2015",5,"RUCC4_EQI_Air","Q3",1.0274,0.8685,1.1892,2.7402,"0.7356"
"G20_G30_G12.2_F01_F03","2006_2010","2011_2015",5,"RUCC4_EQI_Air","Q4",1.0897,0.9248,1.2671,8.9714,"0.3017"
"G20_G30_G12.2_F01_F03","2006_2010","2011_2015",5,"RUCC4_EQI_Air","Q5",1.0521,0.8815,1.2258,5.2057,"0.5566"
"G20_G30_G12.2_F01_F03","2006_2010","2011_2015",5,"RUCC4_EQI_Water","Q1",0.967,0.8122,1.1217,-3.3002,"0.6776"
"G20_G30_G12.2_F01_F03","2006_2010","2011_2015",5,"RUCC4_EQI_Water","Q2",0.8923,0.7435,1.0466,-10.7673,"0.1737"
"G20_G30_G12.2_F01_F03","2006_2010","2011_2015",5,"RUCC4_EQI_Water","Q3",0.9143,0.758,1.0746,-8.5687,"0.2837"
"G20_G30_G12.2_F01_F03","2006_2010","2011_2015",5,"RUCC4_EQI_Water","Q4",1.0792,0.9132,1.2491,7.9214,"0.3857"
"G20_G30_G12.2_F01_F03","2006_2010","2011_2015",5,"RUCC4_EQI_Water","Q5",1.0239,0.8518,1.2053,2.3938,"0.8010"
"G20_G30_G12.2_F01_F03","2006_2010","2011_2015",5,"RUCC4_EQI_Land","Q1",0.967,0.8122,1.1217,-3.3002,"0.6776"
"G20_G30_G12.2_F01_F03","2006_2010","2011_2015",5,"RUCC4_EQI_Land","Q2",1.0343,0.868,1.2018,3.4281,"0.6976"
"G20_G30_G12.2_F01_F03","2006_2010","2011_2015",5,"RUCC4_EQI_Land","Q3",1.0213,0.8549,1.1897,2.1264,"0.8135"
"G20_G30_G12.2_F01_F03","2006_2010","2011_2015",5,"RUCC4_EQI_Land","Q4",1.1129,0.9395,1.288,11.2902,"0.1877"
"G20_G30_G12.2_F01_F03","2006_2010","2011_2015",5,"RUCC4_EQI_Land","Q5",1.1575,0.9803,1.3333,15.7542,"0.0822"
"G20_G30_G12.2_F01_F03","2006_2010","2011_2015",5,"RUCC4_EQI_Built","Q1",0.967,0.8122,1.1217,-3.3002,"0.6776"
"G20_G30_G12.2_F01_F03","2006_2010","2011_2015",5,"RUCC4_EQI_Built","Q2",0.9374,0.7733,1.1031,-6.2577,"0.4626"
"G20_G30_G12.2_F01_F03","2006_2010","2011_2015",5,"RUCC4_EQI_Built","Q3",0.9223,0.7421,1.0973,-7.7748,"0.3662"
"G20_G30_G12.2_F01_F03","2006_2010","2011_2015",5,"RUCC4_EQI_Built","Q4",1.0072,0.8387,1.1831,0.716,"0.9470"
"G20_G30_G12.2_F01_F03","2006_2010","2011_2015",5,"RUCC4_EQI_Built","Q5",0.8731,0.717,1.0337,-12.689,"0.1222"
"G20_G30_G12.2_F01_F03","2006_2010","2011_2015",5,"RUCC4_EQI_Social","Q1",0.967,0.8122,1.1217,-3.3002,"0.6776"
"G20_G30_G12.2_F01_F03","2006_2010","2011_2015",5,"RUCC4_EQI_Social","Q2",0.9874,0.8148,1.1709,-1.2632,"0.8720"
"G20_G30_G12.2_F01_F03","2006_2010","2011_2015",5,"RUCC4_EQI_Social","Q3",0.9986,0.8479,1.1525,-0.1407,"0.9615"
"G20_G30_G12.2_F01_F03","2006_2010","2011_2015",5,"RUCC4_EQI_Social","Q4",0.9958,0.8526,1.1486,-0.4193,"0.9525"
"G20_G30_G12.2_F01_F03","2006_2010","2011_2015",5,"RUCC4_EQI_Social","Q5",0.8936,0.7648,1.0311,-10.6423,"0.1237"
"G20_G30_G12.2_F01_F03","2006_2010","2016_2020",10,"RUCC4_EQI","Q1",1.0747,0.9694,1.1915,7.474,"0.1737"
"G20_G30_G12.2_F01_F03","2006_2010","2016_2020",10,"RUCC4_EQI","Q2",1.1071,0.9878,1.2339,10.7065,"0.0822"
"G20_G30_G12.2_F01_F03","2006_2010","2016_2020",10,"RUCC4_EQI","Q3",1.0962,0.9648,1.2346,9.6172,"0.1547"
"G20_G30_G12.2_F01_F03","2006_2010","2016_2020",10,"RUCC4_EQI","Q4",1.0852,0.9531,1.2218,8.5155,"0.2102"
"G20_G30_G12.2_F01_F03","2006_2010","2016_2020",10,"RUCC4_EQI","Q5",1.032,0.8956,1.1779,3.204,"0.6746"
"G20_G30_G12.2_F01_F03","2006_2010","2016_2020",10,"RUCC4_EQI_Air","Q1",1.0581,0.9027,1.2274,5.8144,"0.4956"
"G20_G30_G12.2_F01_F03","2006_2010","2016_2020",10,"RUCC4_EQI_Air","Q2",1.0714,0.9114,1.2508,7.1397,"0.4201"
"G20_G30_G12.2_F01_F03","2006_2010","2016_2020",10,"RUCC4_EQI_Air","Q3",1.103,0.9427,1.2767,10.2957,"0.2192"
"G20_G30_G12.2_F01_F03","2006_2010","2016_2020",10,"RUCC4_EQI_Air","Q4",1.1722,0.9999,1.3545,17.2206,"0.0507"
"G20_G30_G12.2_F01_F03","2006_2010","2016_2020",10,"RUCC4_EQI_Air","Q5",1.1447,0.9698,1.3305,14.466,"0.1122"
"G20_G30_G12.2_F01_F03","2006_2010","2016_2020",10,"RUCC4_EQI_Water","Q1",1.0581,0.9027,1.2274,5.8144,"0.4956"
"G20_G30_G12.2_F01_F03","2006_2010","2016_2020",10,"RUCC4_EQI_Water","Q2",0.9814,0.8289,1.1419,-1.8604,"0.8105"
"G20_G30_G12.2_F01_F03","2006_2010","2016_2020",10,"RUCC4_EQI_Water","Q3",0.9935,0.841,1.1578,-0.6545,"0.9180"
"G20_G30_G12.2_F01_F03","2006_2010","2016_2020",10,"RUCC4_EQI_Water","Q4",1.0509,0.8847,1.2325,5.0878,"0.5661"
"G20_G30_G12.2_F01_F03","2006_2010","2016_2020",10,"RUCC4_EQI_Water","Q5",1.1285,0.9544,1.3085,12.8486,"0.1577"
"G20_G30_G12.2_F01_F03","2006_2010","2016_2020",10,"RUCC4_EQI_Land","Q1",1.0581,0.9027,1.2274,5.8144,"0.4956"
"G20_G30_G12.2_F01_F03","2006_2010","2016_2020",10,"RUCC4_EQI_Land","Q2",1.1363,0.9686,1.3142,13.6305,"0.1092"
"G20_G30_G12.2_F01_F03","2006_2010","2016_2020",10,"RUCC4_EQI_Land","Q3",1.1035,0.9355,1.2843,10.3453,"0.2477"
"G20_G30_G12.2_F01_F03","2006_2010","2016_2020",10,"RUCC4_EQI_Land","Q4",1.2076,1.03,1.3906,20.7584,"0.0217"
"G20_G30_G12.2_F01_F03","2006_2010","2016_2020",10,"RUCC4_EQI_Land","Q5",1.2679,1.0888,1.4563,26.7914,"0.0022"
"G20_G30_G12.2_F01_F03","2006_2010","2016_2020",10,"RUCC4_EQI_Built","Q1",1.0581,0.9027,1.2274,5.8144,"0.4956"
"G20_G30_G12.2_F01_F03","2006_2010","2016_2020",10,"RUCC4_EQI_Built","Q2",1.0103,0.846,1.1833,1.0332,"0.9130"
"G20_G30_G12.2_F01_F03","2006_2010","2016_2020",10,"RUCC4_EQI_Built","Q3",1.0231,0.8527,1.2017,2.3078,"0.8160"
"G20_G30_G12.2_F01_F03","2006_2010","2016_2020",10,"RUCC4_EQI_Built","Q4",1.0535,0.8835,1.2392,5.3518,"0.5721"
"G20_G30_G12.2_F01_F03","2006_2010","2016_2020",10,"RUCC4_EQI_Built","Q5",0.9396,0.7756,1.1111,-6.0381,"0.4741"
"G20_G30_G12.2_F01_F03","2006_2010","2016_2020",10,"RUCC4_EQI_Social","Q1",1.0581,0.9027,1.2274,5.8144,"0.4956"
"G20_G30_G12.2_F01_F03","2006_2010","2016_2020",10,"RUCC4_EQI_Social","Q2",1.0838,0.9049,1.273,8.3801,"0.3602"
"G20_G30_G12.2_F01_F03","2006_2010","2016_2020",10,"RUCC4_EQI_Social","Q3",1.1402,0.9809,1.3114,14.0244,"0.0952"
"G20_G30_G12.2_F01_F03","2006_2010","2016_2020",10,"RUCC4_EQI_Social","Q4",1.1029,0.9587,1.26,10.2893,"0.1802"
"G20_G30_G12.2_F01_F03","2006_2010","2016_2020",10,"RUCC4_EQI_Social","Q5",0.9387,0.8033,1.08,-6.1322,"0.3797"
