COUNTY_FIPS,RUCC,EQI_Air,EQI_Water,EQI_Land,EQI_Built,EQI_Social,Cluster
01001,1,0.9554,-1.1097,-0.7066,-0.4973,0.6704,1
01003,2,0.718,-0.5659,-1.0843,0.4016,0.5531,1
01005,3,0.131,-0.9781,-1.2815,0.0489,-1.2363,1
01007,1,0.0653,-0.9682,-0.8274,-1.2909,-0.6,0
01009,1,0.4022,-0.7186,-0.6229,-1.2627,0.2965,0
01011,3,-0.3092,-1.4513,-1.258,-1.7959,-1.824,0
01013,3,-0.0705,-1.5282,-1.6785,-0.0581,-1.2955,1
01015,1,1.0273,-0.9281,-0.0667,0.4048,-0.3698,1
01017,3,0.6116,-1.0044,-0.237,-0.4083,-0.6993,1
01019,4,0.177,-0.9704,-0.1945,-0.6189,-0.6738,1
01021,1,0.1707,-1.0595,-0.6655,-0.4473,-0.1413,0
01023,4,-0.3624,-1.2421,-1.717,-0.7427,-1.2426,1
01025,3,-0.1307,-1.1222,-1.8771,-0.2272,-0.9321,0
01027,4,-0.1722,-0.9877,-0.1895,-0.8777,-0.7479,1
01029,4,0.0225,-0.8584,-0.2599,-1.2337,-0.4756,1
01031,3,0.4223,-1.0863,-1.3712,0.0374,-0.1634,1
01033,1,1.0441,-0.9148,-0.2068,0.3971,0.0195,1
01035,4,-0.4583,-0.934,-2.2154,-1.8823,-1.387,0
01037,4,-0.1089,-1.5155,-0.349,-2.3165,-0.783,1
01039,3,0.0334,-1.3891,-2.0859,0.2727,-0.9313,1
01041,4,-0.5156,-1.4827,-1.4506,-1.0181,-1.1555,1
01043,3,0.5872,-1.0335,-0.5936,-0.1462,-0.0685,1
01045,2,0.6043,-0.9135,-1.75,0.0546,-0.3568,0
01047,2,0.5834,-1.4449,-0.2704,0.285,-1.672,1
01049,3,0.3951,-1.498,-0.5406,-0.1095,-0.5786,1
01051,1,0.492,-1.0672,-0.556,-0.8865,0.8347,0
01053,3,0.455,-1.2876,-2.0415,0.0137,-0.7903,1
01055,1,1.2616,-0.839,-0.5927,0.4287,-0.2264,1
01057,3,-0.1948,-1.0471,-0.9446,-0.2929,-0.685,1
01059,3,0.2432,-0.9575,-0.4494,-0.3168,-0.8117,1
01061,1,0.0873,-1.3963,-1.6668,-1.1953,-0.9551,0
01063,1,-0.2029,-1.1616,-0.4427,-0.2799,-2.0105,0
01065,1,-0.0835,-1.5259,-0.3608,-1.7526,-1.2036,0
01067,1,-0.0988,-1.4704,-1.3598,-1.2649,-0.7182,0
01069,1,0.8838,-0.7568,-1.6763,1.1941,-0.0069,1
01071,3,0.3244,-0.9343,-0.3108,0.186,-0.254,1
01073,1,1.5994,-0.7234,-0.158,0.7423,0.2833,1
01075,4,-0.2477,-1.4837,-1.1354,-0.8965,-0.8443,1
01077,1,1.157,-1.0438,0.162,0.2001,0.1062,1
01079,1,0.6954,-1.015,-0.3942,-1.21,-0.1714,0
01081,1,1.0952,-0.8521,-0.3242,-0.0775,-0.2863,1
01083,1,1.1096,-0.9299,0.1351,-0.389,0.3704,1
01085,1,-0.1693,-1.4599,-0.5296,-1.4988,-1.7296,0
01087,3,0.4145,-0.9795,-0.9971,-0.1075,-1.678,1
01089,1,1.1191,-0.7666,-0.0531,0.5962,0.8606,1
01091,3,-0.1303,-0.9846,-0.091,0.4737,-0.9409,1
01093,4,-0.0701,-1.0148,-1.1689,-0.3223,-0.8115,1
01095,2,0.5075,-0.9446,-0.4644,0.2238,-0.1034,1
01097,1,1.2739,-0.776,-1.2492,0.2576,-0.2749,1
01099,3,-0.1766,-1.2016,-1.6797,-0.7703,-0.9407,0
01101,1,1.0639,-0.8454,-0.5596,0.7144,-0.0106,1
01103,1,1.4845,-0.9918,-0.3756,0.343,0.3191,1
01105,4,-0.3714,-1.4887,-0.31,-1.7043,-2.2784,0
01107,4,-0.2984,-1.4812,-0.7059,-0.6436,-1.0098,1
01109,3,0.0598,-1.4165,-1.3676,0.3161,-1.1536,1
01111,3,-0.0577,-1.0462,-0.397,-0.556,-0.7702,1
01113,1,1.2212,-1.0361,-0.6758,0.4151,-0.7564,1
01115,1,0.8209,-1.5467,-0.6216,-0.3742,0.2926,1
01117,1,1.1803,-0.8513,-0.605,0.3075,1.9415,1
01119,4,-0.3331,-1.0026,-0.303,0.1765,-2.1339,1
01121,2,0.9053,-0.5249,0.1186,0.0588,-0.5059,1
01123,3,0.1637,-1.0501,-0.3346,0.1271,-0.5189,1
01125,1,1.1996,-1.0633,-0.5676,0.5976,-0.0084,1
01127,1,0.4715,-0.9927,-0.5558,-0.1866,-0.3599,0
01129,4,-0.2202,-1.0058,-1.702,-2.0454,-0.7196,0
01131,4,-0.5257,-1.0657,-0.8865,-1.3203,-2.6911,0
01133,3,0.0161,-1.082,-1.4063,-0.7411,-0.9773,0
02013,4,-3.0744,-0.0221,-5.1018,-2.5031,-2.415,0
02016,3,-2.7306,-0.0675,-5.0922,-3.9942,-0.3513,0
02020,1,0.4009,0.6172,-4.765,1.2241,1.154,0
02050,3,-2.1711,0.0074,-5.1185,-0.8298,-2.0448,0
02060,4,-2.703,-0.0599,-5.1003,-1.5312,-0.288,0
02068,4,-2.6859,-0.1675,-4.8632,1.2974,-0.6122,0
02070,4,-2.3841,-0.03,-5.091,-0.7797,-1.374,0
02090,1,0.1918,0.9446,-4.8196,0.8873,0.5512,0
02100,4,-2.9204,-0.0642,-5.2077,1.6646,-0.4706,0
02110,2,-0.8386,-0.2959,-5.0191,0.2698,1.7914,0
02122,3,-1.0414,0.0602,-4.9655,0.9926,-0.1157,0
02130,3,-0.7008,-0.197,-5.1192,-2.0637,0.9601,0
02150,3,-0.7916,-0.0211,-5.1158,0.6972,0.8164,0
02164,4,-3.1475,-0.2017,-5.0346,-1.4325,-2.5822,0
02170,1,-0.8422,0.1149,-5.1075,0.6694,0.167,0
02180,3,-2.4311,-0.0217,-5.0983,-0.0815,-1.6382,0
02185,3,-2.3537,0.0626,-5.1046,-1.2651,-0.4335,0
02188,3,-2.6533,-0.2393,-5.1148,-2.322,-1.5177,0
02201,4,-2.2962,-1.5429,-5.2076,-1.2022,-0.6279,0
02220,3,-1.0096,-0.3674,-5.1301,-6.086,0.9889,0
02232,4,-2.3205,-1.5553,-4.9013,0.2397,-0.8521,0
02240,4,-2.5917,0.0099,-5.1326,1.3244,-1.4502,0
02261,4,-2.484,-0.0258,-5.1036,1.761,0.1248,0
02270,4,-2.8388,0.0009,-5.0961,-3.5224,-3.5469,0
02280,3,-2.5489,-1.563,-5.1395,-2.0178,0.3218,0
02282,4,-3.258,-1.5065,-4.9855,-0.1888,-1.1515,0
02290,4,-2.2916,0.0491,-5.0742,-1.2456,-3.0382,0
04001,3,-1.2518,0.9266,0.0936,-2.0075,-3.8663,0
04003,2,-0.2555,1.0955,0.6548,0.2655,-0.4668,0
04005,1,0.3393,1.0547,-0.2089,1.2403,-0.3844,2
04007,2,-0.4473,0.8809,0.6648,0.5678,-0.9099,0
04009,3,-0.4315,0.794,1.0346,-0.1895,-1.125,2
04011,3,-1.7719,0.8779,0.7511,-1.939,-0.2154,0
04012,3,-0.6386,0.9073,0.3781,0.2924,-1.897,0
04013,1,1.3355,1.2976,0.7712,0.4955,0.5286,2
04015,2,0.207,0.9303,0.8186,0.4306,-0.3963,2
04017,2,-0.6371,1.227,-0.3986,-0.128,-2.1904,0
04019,1,0.5804,1.1632,0.639,0.3946,0.0374,2
04021,1,0.0647,1.084,1.0995,-0.4895,-0.763,0
04023,2,-0.0522,1.1483,0.4264,0.0189,-1.6277,0
04025,1,-0.1785,0.9824,0.7651,0.7511,0.2213,2
04027,1,0.3542,0.9619,0.5265,-0.1041,-1.7934,0
05001,3,-0.3297,0.1085,0.3295,0.666,-0.6339,2
05003,3,0.1376,0.8755,-0.1745,0.1071,-0.6706,2
05005,3,-0.2812,0.8428,-0.58,0.7193,0.0052,2
05007,1,0.7388,0.8732,-0.1078,-0.0763,0.5149,2
05009,3,-0.0867,0.8357,-0.2688,0.8687,-0.2022,2
05011,3,-0.5723,0.8392,-1.063,-0.3211,-1.6564,0
05013,4,-0.3748,0.4718,-1.3352,-1.7624,-1.0047,0
05015,3,-0.4426,0.9108,-0.2708,1.0615,-0.6545,2
05017,3,-0.3969,0.8486,0.5906,0.3291,-1.6055,2
05019,3,-0.3259,0.0717,-1.3371,0.2942,-0.2424,0
05021,3,-0.2179,0.8513,0.4638,-0.341,-1.0445,2
05023,3,-0.441,-0.039,-0.9814,0.4708,-0.3128,0
05025,1,-0.8213,0.866,-1.3729,-2.3093,-0.3881,0
05027,3,0.33,0.8767,-1.3376,0.5894,-0.8894,2
05029,3,-0.6559,-0.0248,-0.2894,0.6528,-0.4304,2
05031,1,0.289,-0.0513,0.265,0.6294,-0.1558,0
05033,1,0.0547,0.8594,-0.2181,-0.4628,-0.1882,0
05035,1,1.0434,0.8333,0.6951,-0.0888,-0.6553,2
05037,3,-0.1692,0.8941,0.5442,0.3172,-0.8334,2
05039,3,-0.5917,-0.1575,-1.4107,0.0025,-1.0527,0
05041,3,-0.6965,0.8043,0.6918,-0.2406,-1.5177,0
05043,3,-0.5347,0.8391,-0.2526,0.8541,-0.8467,2
05045,1,0.0606,-0.0297,-0.5441,0.1652,0.507,0
05047,1,-0.7834,0.061,0.0078,-0.654,-0.4368,0
05049,4,-1.0123,0.851,-0.6532,-1.628,-0.6932,0
05051,1,0.0754,-0.0582,-0.0502,1.063,0.0342,2
05053,1,-0.032,-0.517,-1.6026,-1.2633,0.1332,0
05055,3,0.1682,0.0768,0.3547,0.0422,-0.0756,2
05057,3,0.0672,0.8579,-0.4258,0.4376,-0.6669,2
05059,3,0.1442,-0.0124,-0.7587,-0.3771,-0.3316,0
05061,3,-0.2992,0.8525,-0.6823,-0.1493,-0.6562,0
05063,3,0.0388,0.0926,-0.2575,0.07,-0.0365,2
05065,4,-0.8287,0.8405,-1.0295,-1.0792,-0.584,2
05067,3,-0.1858,0.8884,-0.0153,-0.0858,-0.9913,2
05069,1,0.452,0.8779,-0.1363,0.8547,-0.6911,0
05071,3,-0.8356,0.8221,-0.2198,-0.3601,-0.8802,0
05073,4,-0.3827,0.873,-0.7161,-1.5378,-1.446,0
05075,3,-0.4793,-0.0625,0.2116,0.1017,-0.8967,0
05077,3,-0.2646,0.5218,0.35,-0.6672,-2.0659,0
05079,1,-0.6028,0.8469,-0.0033,-1.9909,-0.9085,0
05081,3,0.0275,0.085,-0.2696,0.115,-0.5854,2
05083,3,-0.7755,0.069,-0.0099,-0.0794,-0.5637,0
05085,1,0.0465,0.8865,-0.0062,-0.5276,0.4944,0
05087,1,-0.9619,-0.5907,-0.0664,-1.459,-0.6004,0
05089,4,-0.8598,0.8281,-0.3948,-0.7288,-0.5377,2
05091,1,1.0965,0.8144,-0.5482,-0.5491,-0.4766,0
05093,2,0.5105,0.8563,0.9211,0.1901,-1.3941,0
05095,3,-1.1993,0.9125,0.2498,0.3344,-1.4309,0
05097,4,-1.3937,0.8478,-0.3316,-0.3577,-1.0093,2
05099,3,-0.8771,0.8463,-1.1551,-0.7374,-1.0409,0
05101,4,-1.6242,0.1158,-0.6637,-1.2229,-0.8894,0
05103,3,0.1078,0.0548,-2.0183,0.3129,-0.5378,0
05105,1,-0.845,0.0571,-0.3566,-0.9585,-0.2916,0
05107,3,-0.0256,0.8753,0.6928,0.4191,-1.9675,2
05109,4,-1.2285,0.8428,-1.0255,0.0776,-0.8149,2
05111,1,-0.0427,0.8733,0.5686,-0.4095,-1.0953,0
05113,3,-0.9014,0.062,-0.5111,0.4254,-0.8249,0
05115,2,-0.3083,-0.031,-0.0735,0.2809,-0.2358,0
05117,4,-0.8598,0.8885,-0.033,-0.8158,-0.566,2
05119,1,0.8265,0.078,0.1397,1.214,0.2766,2
05121,3,-0.6167,0.8757,0.0214,-0.7566,-0.7296,0
05123,3,0.0992,-1.5406,0.5466,0.3846,-1.3343,1
05125,1,0.378,-0.0179,-0.6096,-0.2635,0.8139,0
05127,3,-0.817,-0.0819,-0.3125,-0.8839,-0.891,0
05129,4,-1.5959,-0.0073,-0.2877,-0.3755,-1.2078,0
05131,1,0.7106,0.071,-0.0705,1.1664,-0.0872,2
05133,3,-0.2186,0.8427,-0.5795,0.0274,-0.9031,0
05135,3,-0.5082,0.8466,-0.6286,0.1942,-0.9821,0
05137,4,-0.9986,0.0804,-0.7561,-0.2621,-1.0017,2
05139,2,1.1114,0.8615,-1.5949,0.527,-0.7223,0
05141,4,-1.3013,0.0652,-0.7386,-0.293,-0.8201,2
05143,1,0.745,-0.2928,0.0492,0.7978,-0.1905,1
05145,2,-0.0984,0.893,-0.2961,0.3282,-0.514,0
05147,4,-1.0779,-0.3709,0.2596,-0.2446,-1.5576,1
05149,3,-0.9328,0.0663,0.0975,-0.7548,-0.8015,0
06001,1,1.2488,1.2726,1.1076,1.1973,1.2716,2
06003,4,-1.2538,0.2371,0.7463,1.6288,-0.4651,2
06005,3,-0.5078,1.2281,1.1416,0.5978,0.7078,2
06007,1,0.1388,0.8614,1.0383,0.9192,-0.3758,2
06009,3,-0.6783,0.9406,0.6265,0.0311,0.4919,2
06011,3,-0.6509,0.0775,1.1736,-0.0892,-1.0185,2
06013,1,0.7766,1.2805,0.9595,0.9104,2.0122,2
06015,3,-0.1061,0.0725,0.6538,0.7072,-0.9915,2
06017,1,0.2189,1.2815,1.0272,0.9125,1.2973,2
06019,1,0.7954,1.3542,1.2514,0.3016,-1.1644,2
06021,3,-0.2505,0.0415,0.9527,-0.6262,-0.7853,2
06023,2,-0.0681,0.1703,0.7486,0.9483,-0.4284,2
06025,1,0.4573,1.2416,0.4373,-0.149,-1.858,0
06027,3,-0.6708,1.301,0.6372,1.4106,0.0255,2
06029,1,0.9999,1.4248,1.1516,0.2174,-1.0778,2
06031,1,0.4992,1.285,1.0549,-0.2828,-0.9841,0
06033,2,-0.3252,1.2729,1.1386,0.3937,-0.9896,0
06035,3,-1.232,0.2459,0.912,-0.5727,-0.4229,0
06037,1,2.2634,1.4782,1.326,0.9283,-0.5168,2
06039,1,0.2537,0.867,0.9569,-0.0583,-1.0535,0
06041,1,0.4148,1.2104,0.8112,1.9287,3.1862,2
06043,4,-1.1214,0.4722,0.5141,0.6304,-0.5186,2
06045,2,-0.1811,1.068,0.6751,0.546,-0.1565,2
06047,1,0.4323,1.3519,0.9934,-0.0331,-1.2795,0
06049,3,-1.5567,0.159,0.9147,0.2337,-1.1645,0
06051,3,-1.2873,1.1516,0.5534,1.6252,0.2511,2
06053,1,0.4248,1.315,1.015,0.8358,0.0914,2
06055,1,0.3647,1.3041,1.2187,1.2872,1.2525,2
06057,2,0.1054,1.3062,0.822,0.9909,1.2149,2
06059,1,1.9873,1.3284,0.7701,1.0222,1.2683,2
06061,1,0.7404,1.3183,0.9582,0.8396,1.9115,2
06063,3,-1.242,0.0934,0.8626,1.0402,-0.1799,2
06065,1,1.098,1.3543,0.8785,0.3167,0.0654,2
06067,1,1.038,1.2982,1.0209,0.7553,0.4087,2
06069,1,0.1984,1.1952,1.098,-0.0584,1.2153,2
06071,1,1.3421,1.3645,0.8859,0.1699,-0.1584,2
06073,1,1.0909,1.3333,0.8442,0.8639,0.6564,2
06075,1,1.3613,1.2453,0.9586,1.9723,1.0056,2
06077,1,0.889,1.2282,1.1953,0.3532,-0.3377,2
06079,1,0.282,1.2884,0.8209,1.0467,0.7028,2
06081,1,0.9876,1.2734,0.9515,1.1095,2.6711,2
06083,1,0.7755,1.2561,0.9223,1.1365,0.6839,2
06085,1,1.0903,1.3273,1.0152,0.7993,2.4403,2
06087,1,0.6009,1.3073,0.6325,1.3682,1.3115,2
06089,1,0.192,0.4637,0.9787,0.913,-0.108,2
06091,4,-1.4453,0.2075,0.7139,0.1263,-0.1202,2
06093,3,-0.5206,0.1156,0.9925,0.8732,-0.5973,2
06095,1,0.5753,1.2707,0.9706,0.3871,1.2732,2
06097,1,0.6011,1.2932,0.7847,1.1584,1.4969,2
06099,1,0.7607,1.3317,1.0409,0.3277,-0.4583,2
06101,1,0.5522,0.131,1.0684,0.545,-0.2719,2
06103,2,-0.2979,0.0845,0.9249,-0.0317,-0.6523,0
06105,4,-1.8576,0.1282,0.6068,-0.1473,-1.3567,2
06107,1,0.7551,1.2925,1.1103,-0.0898,-1.5044,0
06109,2,-0.4422,0.9466,0.6359,0.718,0.3756,2
06111,1,1.1368,1.2376,0.9621,0.6983,1.499,2
06113,1,0.8723,1.2948,1.123,1.1286,0.036,2
06115,1,0.0854,0.5627,0.9342,0.141,-1.0361,0
08001,1,0.983,0.8949,0.7866,0.0575,1.1075,2
08003,3,-1.2412,0.6944,1.0868,0.8242,-0.709,2
08005,1,0.6892,0.9595,0.6334,0.6639,1.9464,2
08007,3,-1.4355,-1.1896,0.2984,0.7499,0.1787,1
08009,4,-2.819,0.9483,0.4096,-1.022,-0.5226,0
08011,3,-2.4153,0.8569,0.3321,0.1815,-0.5979,0
08013,1,0.6664,0.905,1.4702,1.1113,1.9467,2
08015,3,-1.3412,0.9072,0.7961,1.396,0.3439,2
08017,4,-2.6459,0.9109,0.397,-1.5729,0.4322,2
08019,1,-0.6279,0.8675,0.9027,0.933,1.7267,2
08021,4,-2.1696,0.9329,0.817,-1.2141,-1.3037,0
08023,4,-2.4651,0.8661,0.8572,-0.9635,-2.5872,0
08025,4,-2.2885,-1.0778,0.7427,-2.3284,-0.7133,0
08027,4,-2.0103,-1.1713,0.6321,-0.3857,-0.0829,1
08029,3,-1.3154,0.9261,1.018,0.5122,0.0664,2
08031,1,1.1279,0.5475,0.5733,1.3977,0.1915,2
08033,4,-2.5669,-1.1353,0.3358,-1.1135,-0.8535,0
08035,1,0.0665,0.9429,0.6902,0.1063,3.9795,2
08037,2,-1.5529,0.8927,0.4902,2.016,2.1651,2
08039,1,-1.221,0.8928,0.3879,-0.5482,2.6418,2
08041,1,0.05,1.0094,0.3409,0.4298,1.3968,2
08043,2,-0.802,0.8408,0.8875,0.2046,0.2326,2
08045,2,-1.0551,0.9103,0.6444,1.5242,1.2673,2
08047,1,-0.7714,-0.0789,0.4129,-0.8649,1.4736,0
08049,4,-1.6883,0.9077,0.7054,1.7792,0.7679,2
08051,3,-1.3749,0.8822,0.8016,1.4972,0.1539,2
08053,4,-2.7717,-1.1702,1.1351,1.3789,0.0713,1
08055,3,-1.6873,0.9121,0.5184,1.112,-1.177,2
08057,4,-2.2991,0.3163,0.7209,0.2671,-0.4519,2
08059,1,0.7943,0.9466,0.6275,0.8025,2.3725,2
08061,4,-2.8071,0.8513,0.5186,-2.4972,0.0115,0
08063,3,-2.3453,0.9952,0.4998,0.4785,0.2909,2
08065,3,-1.4949,0.9312,0.6574,0.558,0.0368,2
08067,3,-0.3851,0.9633,0.4766,1.8295,0.6872,2
08069,1,-0.2066,0.9704,0.8187,0.9804,1.4613,2
08071,3,-1.0805,-0.409,0.3812,0.4418,-0.6288,1
08073,4,-2.4052,0.8158,0.4655,0.2207,0.1972,2
08075,3,-1.0482,1.0858,0.4596,0.4197,0.2477,2
08077,1,-0.2947,0.9446,0.3333,0.7947,0.4657,2
08079,4,-2.7317,-1.2155,0.3538,-0.5679,-0.1821,1
08081,3,-0.9763,0.8775,0.3057,0.9956,0.5786,2
08083,3,-0.975,0.905,0.1959,0.748,-0.3021,2
08085,3,-0.9878,-1.0913,0.3402,0.3975,0.2482,1
08087,3,-0.8047,-1.1415,0.524,0.0964,-0.0257,1
08089,3,-1.1755,0.9603,0.9363,0.3331,-0.6621,2
08091,4,-2.1894,0.8836,1.6548,1.5733,1.1963,2
08093,1,-1.4654,0.8765,0.6087,0.253,0.9103,0
08095,4,-2.5316,0.9255,0.5192,0.3349,0.3398,2
08097,3,-1.6973,0.8943,1.0771,2.973,3.1267,2
08099,3,-1.2826,0.8938,0.6802,0.168,-0.6341,2
08101,1,-0.1849,0.9418,1.0611,0.4298,-0.0413,2
08103,4,-2.1569,-1.1901,0.1994,1.0822,0.4318,1
08105,3,-1.7039,0.6737,1.0448,0.2112,-0.3952,2
08107,3,-1.2144,0.6062,0.5171,1.5723,1.6981,2
08109,4,-2.2466,0.8499,1.0119,-1.23,-1.318,0
08111,4,-2.6806,-1.1892,1.6921,2.7865,-0.4765,1
08113,4,-1.7032,0.9498,0.2966,2.3519,1.2383,2
08115,4,-2.2039,-1.1124,0.3548,-0.3897,0.1165,1
08117,3,-1.552,0.8889,0.7415,2.381,1.2504,2
08119,1,-0.9438,0.9402,0.7524,0.5355,1.4018,2
08121,4,-1.9693,0.4762,0.4466,-0.4016,0.3871,2
08123,1,0.5193,0.8986,0.6801,0.0995,0.7191,2
08125,3,-2.3341,0.981,0.4585,0.8093,0.3336,2
09001,1,1.632,1.1313,0.851,1.3735,2.2213,2
09003,1,1.5705,1.1808,0.4908,1.193,0.9941,2
09005,2,1.0771,1.2827,0.7169,1.0913,1.8029,2
09007,1,1.2804,1.179,0.5334,1.0224,1.9211,2
09009,1,1.5968,1.1494,0.7756,1.0391,0.9825,2
09011,1,1.1238,1.1261,0.4718,1.0801,1.2923,2
09013,1,1.1187,1.2358,0.6027,0.2077,2.0483,2
09015,2,0.995,1.011,0.5633,0.5292,0.7319,2
10001,1,0.7781,0.6495,0.6306,0.9654,0.6396,2
10003,1,1.6805,0.9222,0.9995,1.0399,1.42,2
10005,2,0.5745,0.9529,0.2611,0.8879,0.3047,2
11001,1,1.7155,-1.5564,-0.4564,2.1397,-0.6777,1
12001,1,0.843,-1.5687,-1.675,1.1961,-0.3264,1
12003,1,-0.1094,-1.5456,-2.4838,-0.9136,0.3045,0
12005,1,0.717,-1.5612,-1.8005,0.5203,-0.0567,1
12007,3,0.091,-1.543,-1.9798,-0.9631,-0.0698,1
12009,1,0.7239,-1.5728,-1.6125,0.4173,0.6154,1
12011,1,1.1699,-1.5923,-1.1934,1.0351,0.2624,1
12013,3,-0.5349,-1.5515,-2.0994,-0.4528,-0.9976,0
12015,1,0.2676,-1.5527,-2.1339,0.7033,0.4445,1
12017,2,0.3218,-1.5505,-2.107,0.4707,-0.035,1
12019,1,0.8444,-1.5644,-2.0612,-0.0362,1.5872,1
12021,1,0.5398,-1.5664,-1.5089,0.9654,0.6816,1
12023,3,0.4069,-1.5482,-1.9278,-0.0024,-0.3569,1
12027,3,-0.147,-1.5418,-2.2481,-0.6773,-1.1911,0
12029,3,-0.8926,-1.5454,-2.0414,-0.9547,-1.4339,0
12031,1,1.3785,-1.6023,-1.4972,0.6642,0.4548,1
12033,1,1.0483,-1.5667,-1.5063,0.6457,0.0354,1
12035,2,0.3166,-1.5703,-0.5079,0.2257,1.0586,1
12037,3,-1.0126,-1.5603,-2.3713,0.4422,-0.8914,0
12039,1,0.0461,-1.5483,-1.8012,-0.5007,-0.3695,0
12041,1,-0.4263,-1.5437,-1.8951,-1.6779,-0.4039,0
12043,3,-1.0289,-1.5556,-1.6687,-1.5591,-1.5186,0
12045,3,-0.5051,-1.5616,-2.209,-1.0594,-0.7323,0
12047,3,-0.5446,-1.5467,-2.0703,-1.2851,-1.3359,0
12049,3,-0.269,-1.548,-2.5722,-0.4501,-1.7359,0
12051,2,-0.4074,-1.5518,-1.415,0.3408,-1.3416,0
12053,1,0.5382,-1.5821,-2.4138,0.6686,0.2913,1
12055,2,0.1232,-1.5577,-1.7348,0.5148,-0.6345,1
12057,1,1.3429,-1.5959,-1.7297,0.634,0.19,1
12059,3,-0.2391,-1.5512,-1.7252,-1.0615,-0.8831,0
12061,1,0.2693,-1.5704,-1.0616,0.7872,0.4541,1
12063,3,0.0118,-1.551,-1.0923,0.2225,-0.3262,1
12065,1,-0.5747,-1.5469,-1.3206,0.4263,-0.1352,0
12067,4,-0.7875,-1.544,-2.4312,-3.9927,-0.6141,0
12069,1,0.6821,-1.571,-0.9687,0.7616,0.3472,1
12071,1,0.5202,-1.5879,-2.1476,0.6532,0.3438,1
12073,1,0.7215,-1.5812,-1.2269,0.9716,0.0335,1
12075,4,-0.1633,-1.5438,-1.7599,-0.2826,-0.5047,1
12077,4,-0.6356,-1.5508,-2.752,-1.8574,-1.1686,0
12079,3,-0.3121,-1.5494,-1.5934,-0.5914,-1.0171,0
12081,1,0.7933,-1.5554,-1.9627,0.2537,0.2955,1
12083,1,0.7045,-1.5973,-1.3324,0.3387,-0.2227,1
12085,1,0.416,-1.5671,-1.4218,1.2201,0.8401,1
12086,1,1.0847,-1.5647,-4.9071,0.674,-1.2576,0
12087,2,-0.2146,-1.5655,-0.5775,-1.0428,0.3758,0
12089,1,0.5919,-1.5526,-1.8884,-1.6382,0.9004,0
12091,1,0.3639,-1.5647,-1.8217,0.1942,0.7303,1
12093,2,-0.2593,-1.551,-2.3434,0.4887,-0.7337,0
12095,1,1.1727,-1.6413,-1.5507,1.1943,0.3714,1
12097,1,0.8832,-1.5664,-2.1915,0.9125,0.0964,1
12099,1,0.8401,-1.5726,-0.4444,0.7811,0.5325,1
12101,1,0.7201,-1.6007,-2.1602,0.4612,-0.0281,1
12103,1,1.1053,-1.6051,-1.9009,0.7778,0.277,1
12105,1,0.8202,-1.5769,-1.3071,0.5723,-0.2217,1
12107,2,0.6929,-1.5487,-1.2838,0.403,-0.884,1
12109,1,0.6622,-1.5725,-1.3484,0.14,1.3312,1
12111,1,0.4715,-1.5669,-1.3815,0.7041,0.0292,1
12113,1,0.615,-1.5621,-1.8814,-0.1518,1.0203,1
12115,1,0.7135,-1.5795,-1.6596,0.9562,0.7664,1
12117,1,0.9974,-1.608,-2.0268,0.8945,1.4005,1
12119,2,0.1664,-1.5588,-1.5137,-0.4231,-0.0191,0
12121,3,-0.3176,-1.5468,-2.0805,0.011,-0.4158,1
12123,3,-0.4234,-1.5505,-2.4961,-0.1539,-0.9746,0
12125,3,-0.2366,-1.5433,-1.9703,-1.421,-0.2129,0
12127,1,0.7677,-1.5884,-1.337,0.5876,0.1404,1
12129,1,-0.3367,-1.5501,-2.2301,-0.2898,0.3975,0
12131,3,-0.274,-1.5653,-1.8717,0.5437,-0.0827,1
12133,3,-0.3156,-1.5535,-1.4361,0.2043,-0.7745,1
13001,3,-0.2932,0.115,-1.6837,0.4453,-0.6979,0
13003,4,-0.5936,-0.3289,-1.9192,-2.2412,-1.393,0
13005,3,-0.5888,-0.2929,-1.8319,-0.3976,-0.898,0
13007,1,-0.4784,-0.3386,-1.1208,-3.047,-1.0755,0
13009,2,0.7291,-0.2806,-0.4309,0.8316,-0.3112,1
13011,4,0.117,-0.2649,0.1479,-0.9387,0.0637,2
13013,1,0.8396,1.2158,-0.1515,-0.3372,0.7154,2
13015,1,1.0752,-0.2768,0.1686,0.404,0.5549,1
13017,3,0.1472,0.1038,-1.021,0.2882,-0.9462,0
13019,3,-0.2128,0.0888,-1.904,0.2535,-0.564,0
13021,1,1.139,0.1101,-0.0956,1.2262,-0.2786,2
13023,3,-0.2809,-0.3291,-0.8892,-0.7598,-0.245,0
13025,1,-0.5538,-0.2295,-1.6505,-1.8019,-0.4863,0
13027,1,-0.1647,-0.2988,-1.592,-1.2388,-0.5519,0
13029,1,0.2259,1.2103,-1.4328,-0.6296,1.1422,0
13031,2,0.3639,1.2233,-1.621,0.5926,-0.6629,0
13033,1,-0.0113,0.799,-0.8652,-0.8608,-1.3659,0
13035,1,0.5401,-0.281,-0.3591,-0.4211,0.2418,0
13037,4,-0.5695,-0.2962,-1.0162,-0.472,-1.2647,1
13039,2,0.2712,0.9222,-1.4945,0.2277,0.3966,0
13043,3,-0.4528,0.1085,-1.2856,0.2443,-1.4657,0
13045,1,0.8283,1.2222,-0.3638,0.4048,0.0976,2
13047,1,1.0947,0.1191,0.2644,-0.1707,0.8698,2
13049,3,-0.5659,0.1103,-2.447,-0.6102,-0.7642,0
13051,1,1.4568,1.2066,-0.6858,1.3905,0.102,2
13053,1,0.1898,-0.2966,-1.7978,-3.1391,0.0965,0
13055,3,0.5416,-0.2854,-0.672,-1.2196,-0.6664,0
13057,1,1.1824,-0.2406,-0.2937,-0.0968,2.1077,2
13059,1,1.0652,-0.2762,0.2546,1.4196,-0.9269,1
13061,4,-0.5228,-1.5456,-1.1768,-3.563,-1.776,0
13063,1,1.2761,-1.088,-0.7922,0.4451,0.6288,1
13065,3,-0.8162,-1.0887,-2.7886,-0.4174,-1.0705,0
13067,1,1.5565,0.1177,-0.2267,0.8077,1.9649,2
13069,3,0.0105,1.2539,-1.2944,0.2694,-0.9102,0
13071,3,0.3226,1.2053,-1.2572,0.1257,-0.8976,2
13073,1,1.1458,0.1436,-0.491,-0.4382,2.0807,2
13075,3,-0.0691,1.2427,-1.9064,-0.6818,-0.8128,0
13077,1,0.7794,0.1199,-0.1895,0.0963,1.3762,2
13079,1,-0.0476,-1.4813,-0.146,-1.6264,0.0038,0
13081,3,0.2324,1.2169,-0.9108,0.8196,-1.2245,2
13083,1,0.5072,0.0815,-0.2752,0.0552,-0.027,0
13085,1,-0.011,-0.3142,-0.5086,0.0348,1.1811,0
13087,3,0.2709,-1.547,-1.3385,0.3988,-0.8559,1
13089,1,1.5567,0.1142,-0.576,1.0551,1.1144,2
13091,3,-0.4566,-0.3847,-0.6717,-0.3891,-0.7713,0
13093,3,-0.4059,0.8452,-0.8935,-1.704,-0.7771,0
13095,1,0.819,-0.3432,-0.9222,1.3468,-1.0123,0
13097,1,1.1772,-0.2781,-0.6601,0.6328,1.2355,1
13099,3,-0.3908,-1.5466,-0.8608,0.0591,-1.1949,1
13101,1,-0.7149,-0.3448,-2.7309,-4.1092,-1.2926,0
13103,1,0.2978,-0.3399,-1.4897,-1.4414,1.1521,0
13105,3,0.3851,-0.2748,0.2229,-0.3045,-0.5781,1
13107,3,-0.334,0.7678,-1.4845,0.3957,-1.3105,0
13109,3,-0.2606,-0.3326,-1.8649,-0.2702,-1.3707,0
13111,4,-0.116,-0.2571,-0.6966,0.8309,-0.3775,2
13113,1,0.996,0.8114,-0.258,0.4339,3.1085,2
13115,1,1.0434,-0.2813,0.3876,0.5729,-0.2206,1
13117,1,0.9569,-0.2774,-0.3752,0.1702,2.7342,2
13119,4,0.2944,-0.2734,-0.0159,0.7902,-0.3117,2
13121,1,1.726,-0.2805,-0.6092,1.6737,0.5618,1
13123,3,0.0622,-0.26,-0.6613,-0.2667,-0.143,1
13125,4,-0.562,-0.343,-1.4352,-1.9018,-1.0095,0
13127,1,0.9124,-0.3615,-0.4684,1.4768,0.4695,1
13129,3,1.0777,-0.2771,0.0039,0.6259,0.3823,2
13131,3,0.0153,-0.3905,-1.4862,-0.1136,-0.7958,0
13133,3,-0.1565,1.2138,-0.1801,0.0022,-0.5022,2
13135,1,1.4946,0.8109,-0.3748,0.5065,2.0533,2
13137,3,0.1901,0.9073,0.0697,-0.0073,0.2235,2
13139,1,0.7265,1.2531,0.1607,0.5889,0.4437,2
13141,3,-0.3399,0.8146,-0.6253,-0.8697,-1.8719,0
13143,1,0.3865,-0.3186,-0.4269,-0.0742,-0.3894,0
13145,1,0.2384,-0.3079,-0.1814,-0.8729,1.3459,0
13147,3,0.5105,-0.312,-0.0227,0.2948,-0.3598,1
13149,1,-0.0941,-0.3289,-0.6188,-2.2689,-0.2898,0
13151,1,1.0017,0.1195,-0.315,-0.1453,2.0729,2
13153,1,0.7602,0.758,-0.5464,0.1916,0.7398,2
13155,3,-0.4434,-1.5412,-1.0475,-1.5213,-0.5515,0
13157,3,0.3941,0.7871,0.167,-0.3883,0.3321,2
13159,1,0.0493,-0.3178,-0.2573,-1.2547,0.0416,0
13161,3,-0.5416,-0.3875,-1.6046,-0.4273,-0.8947,0
13163,3,-0.2304,-1.5438,-0.9363,-0.3263,-1.4444,1
13165,3,-0.5488,0.878,-1.1268,-1.3035,-1.7744,0
13167,4,-0.55,-1.5413,-1.4969,-1.6424,-1.1033,1
13169,1,0.2998,-1.5346,-0.3458,-1.9741,0.7469,0
13171,1,0.4348,-0.3133,0.0315,-0.1377,0.1306,0
13173,1,-0.2906,-0.3864,-2.4027,-1.2115,-0.6919,0
13175,3,0.2562,-0.2855,-1.2386,0.6898,-0.5584,1
13177,1,0.068,-0.3272,-0.9939,-1.1677,1.3776,0
13179,1,0.6015,0.736,-1.2945,-0.292,-0.2525,0
13181,4,-0.09,-0.2451,-0.7297,-1.2494,-0.6013,2
13183,1,-0.4331,0.7421,-1.8317,-3.0489,-0.7992,0
13185,1,0.757,0.9755,-1.7716,0.9254,-0.2623,0
13187,3,-0.1741,-0.23,-0.1035,-0.3738,0.437,2
13189,1,0.2944,-0.2571,-0.4053,0.5034,-0.5943,0
13191,1,-0.303,0.8238,-0.7424,-0.5518,-0.7025,0
13193,3,-0.4416,-0.3465,-1.091,-0.1635,-1.2878,0
13195,1,0.2308,-0.3337,-0.0589,-1.9498,0.2908,0
13197,1,-0.2313,-0.3442,-1.007,-1.0213,-0.6628,0
13199,1,0.1382,-0.2632,-0.405,-0.4875,-0.541,0
13201,4,-0.5636,-0.3502,-0.7282,-0.4731,-0.6671,2
13205,3,-0.12,-0.3825,-1.1696,-0.8844,-1.1397,0
13207,1,0.3101,-0.2743,-0.1279,0.2599,0.8227,1
13209,4,-0.5947,-1.5458,-1.5069,-0.8636,-0.4733,1
13211,3,0.1394,0.836,-0.2028,0.0861,0.3646,2
13213,1,0.6445,-0.278,-0.0992,-1.0478,-0.0565,0
13215,1,1.4443,-0.2814,-0.9197,0.5361,-0.0915,1
13217,1,1.0298,0.8132,-0.1461,-0.1343,0.667,2
13219,1,0.3684,-0.3437,0.1193,-0.6439,1.9009,2
13221,1,-0.1354,-0.2759,0.1489,-1.7277,0.2978,0
13223,1,1.0659,-1.5337,-0.5709,-0.6263,1.7051,1
13225,3,0.1821,-0.3785,-0.5661,0.674,-0.6437,1
13227,1,0.2755,-0.2791,-0.4609,0.0215,0.679,0
13229,3,-0.4975,-0.2927,-1.8834,-0.8454,-0.459,0
13231,1,0.1277,-0.3747,-0.6307,-2.7921,0.8158,0
13233,3,0.6717,-0.3222,0.165,0.1174,-0.2645,1
13235,3,-0.4378,-1.5426,-0.5268,-0.5697,-0.198,1
13237,3,-0.043,0.8109,-0.2328,0.4437,-0.1118,2
13239,4,-0.4067,-0.3881,-1.2922,-2.9506,-1.7551,0
13241,4,-0.1663,-0.2442,0.0006,0.8359,-0.1752,2
13243,3,-0.4518,-1.5468,-0.7624,-0.5961,-1.4999,0
13245,1,1.5474,0.1176,-0.5895,1.1158,-0.2429,2
13247,1,1.1724,0.8113,0.0002,0.5141,1.3981,2
13249,4,-0.2295,-1.5453,-1.258,-1.6942,-0.5408,1
13251,3,-0.3402,0.7559,-1.3308,-0.0532,-0.968,0
13253,3,-0.1849,-0.352,-0.8135,0.4495,-1.2574,0
13255,1,0.9769,-0.2548,-0.6485,0.4318,-0.2081,0
13257,3,0.5953,-0.277,-0.0609,0.4068,-0.3688,1
13259,4,-0.3421,-0.3416,-1.0193,-0.5925,-1.4314,1
13261,3,0.3542,-0.3388,-1.1115,0.2078,-0.8076,1
13263,4,-0.4119,-0.2315,-0.4547,-2.4868,-0.9548,0
13265,4,-0.5219,-0.3818,-0.5606,-3.1272,-1.7079,0
13267,3,-0.3324,0.7706,-1.3116,-0.6164,-1.1371,0
13269,4,-0.3397,-0.384,-0.8421,-2.2399,-1.3849,0
13271,3,-0.6835,-0.3066,-1.1509,-0.3535,-1.1211,0
13273,1,-0.0743,-1.5477,-0.6257,-0.2571,-1.3214,0
13275,2,0.3742,-0.2312,-1.6083,0.5449,-0.3336,0
13277,2,0.4055,-0.3336,-1.1001,1.0534,-0.6361,0
13279,3,0.0491,0.7448,-1.0595,0.9418,-1.1042,2
13281,4,-0.4077,-0.2894,-0.3433,0.7563,-0.3149,2
13283,3,-0.5619,-1.5442,-1.9322,-1.6137,-1.3731,0
13285,2,0.7858,-0.3199,-0.331,0.9776,-0.0297,1
13287,3,-0.2593,-0.3433,-0.8318,-0.9819,-1.0668,0
13289,1,0.0761,-0.3412,-0.6964,-1.733,-0.6643,0
13291,4,-0.3024,-0.2353,-0.2189,-0.0588,-0.1301,2
13293,3,0.4126,-0.2883,-0.1619,0.2264,-0.5995,1
13295,1,1.078,-0.3274,-0.1801,-0.3763,0.0726,0
13297,1,0.7737,-0.238,0.0805,-0.2496,0.7796,1
13299,2,0.3378,-0.3462,-2.5813,1.1431,-0.7667,0
13301,4,-0.3299,-0.2778,-0.7681,-0.0628,-1.4192,1
13303,3,-0.0674,-0.342,-0.7689,0.1295,-0.9524,0
13305,3,0.0601,-0.3513,-1.8699,0.4088,-0.3819,1
13307,4,-0.466,-1.5454,-1.5531,-5.0217,-0.9927,0
13309,4,-0.6774,-0.3461,-1.6874,-2.7212,-1.039,0
13311,4,-0.134,0.8186,0.4146,0.3173,0.2015,2
13313,1,1.24,-0.2787,0.3375,0.3891,-0.0884,1
13315,4,-0.5499,-1.5431,-0.9553,-2.2445,-0.7972,1
13317,3,-0.3007,-0.2737,-0.4822,0.8969,-0.6256,1
13319,4,0.0138,0.7368,-1.0341,-2.619,-0.5352,0
13321,1,-0.1683,-0.3465,-0.9359,-0.2923,-0.5238,0
15001,2,-0.3007,0.3183,-4.7231,0.1826,0.1167,0
15003,1,0.5121,0.3127,-4.7082,0.8474,0.9672,0
15005,4,-1.8538,-1.36,-5.2096,-5.1312,-4.3323,0
15007,2,-1.0509,0.2775,-4.6894,1.087,0.6949,0
15009,2,-0.2889,0.3037,-4.7326,1.0357,0.6936,0
16001,1,1.312,1.0551,0.6548,1.1095,1.235,2
16003,4,-2.0781,-1.123,0.7208,-0.9146,-0.6709,1
16005,1,1.0091,1.0225,0.5916,1.2229,0.439,2
16007,3,-0.8836,-0.3497,0.091,0.0698,0.1996,1
16009,3,-0.439,-0.172,0.2569,-0.5441,-0.6188,0
16011,3,0.1961,0.6244,0.625,0.0686,0.3635,2
16013,3,-1.4278,0.9733,1.2889,2.5525,1.2227,2
16015,1,-1.4262,0.9706,0.5843,-0.5049,-0.2256,0
16017,3,0.2217,0.9481,0.6951,0.4817,-0.1157,2
16019,1,1.2763,1.0425,0.7536,1.2633,0.9896,2
16021,3,-0.882,1.0081,0.5663,0.1942,-0.3075,2
16023,4,-2.2887,0.8743,0.9182,0.7572,-0.2716,2
16025,4,-2.1649,-0.0196,0.7173,-0.1096,0.0564,2
16027,1,1.2986,1.0,0.8598,0.4915,0.0781,2
16029,3,-0.452,0.5601,0.6198,-0.1804,0.5716,2
16031,3,-0.3469,0.411,0.601,-0.0382,0.0306,2
16033,4,-2.443,0.3814,0.6623,-2.4447,-1.4522,0
16035,3,-1.1912,-1.4224,0.4019,0.6324,-0.4664,1
16037,4,-2.2223,0.5713,1.2303,-0.1806,-0.4315,2
16039,2,-0.6343,0.4271,1.4793,-0.3251,0.0815,0
16041,1,-0.6332,-1.0637,0.1787,-1.0243,0.8413,0
16043,3,-0.6666,0.6084,0.6783,-1.1858,-0.356,0
16045,1,0.4715,-0.902,1.2566,-0.1647,0.1573,1
16047,3,-0.9528,0.0767,0.8573,-0.0706,-0.1687,2
16049,3,-1.5658,0.9754,0.6713,0.1881,-0.6048,2
16051,1,-0.0027,0.5865,0.8516,-0.0954,0.792,2
16053,3,-0.1615,0.4187,0.5462,-0.5825,-0.0359,2
16055,1,1.2297,1.0083,0.7239,0.7597,0.5357,2
16057,2,0.3418,-0.0506,0.4902,0.8974,0.2668,2
16059,3,-1.7725,-1.4082,1.1661,1.0134,-0.4837,1
16061,4,-0.8731,-1.4281,0.5833,-0.0372,-0.1973,1
16063,4,-1.2165,0.9426,0.5103,-1.3383,-0.0962,2
16065,3,1.2044,0.0788,0.6019,-0.1641,-0.1531,2
16067,3,-0.3945,1.018,0.7002,-0.4323,-0.3082,2
16069,1,1.0364,0.4985,0.6917,1.1391,0.5856,2
16071,4,-1.1222,-1.4045,0.193,-0.4279,0.5027,1
16073,1,-0.4644,1.0545,0.688,-0.6966,-0.9078,0
16075,3,0.3433,0.9809,1.1112,-0.0333,-0.0333,2
16077,1,-0.7576,1.0448,0.4297,-0.8277,-0.129,0
16079,3,-0.7435,0.9354,0.7321,0.1946,-0.7735,2
16081,4,-0.8953,-1.4196,1.1871,1.2375,0.4773,1
16083,2,0.3449,1.0129,0.7511,1.1101,0.1119,2
16085,4,-1.7478,-0.138,0.9067,1.8391,0.0143,2
16087,3,-0.7046,1.0007,1.3391,-0.1523,-0.1839,2
17001,2,1.1788,0.8016,0.2238,0.892,0.3636,2
17003,3,0.2165,0.7543,0.0633,0.4439,-1.4297,2
17005,1,0.1529,-0.3371,-0.0081,-0.4062,0.1392,0
17007,1,0.936,1.1769,0.6199,-0.1716,1.4494,2
17009,3,-0.1414,-1.5236,-0.2914,-0.8496,-0.1235,1
17011,3,0.4435,1.2141,0.7316,0.2831,0.9202,2
17013,1,0.1299,-0.3436,0.5683,-1.3059,0.0189,0
17015,3,0.205,1.207,1.0607,0.5755,0.4805,2
17017,3,0.0862,1.1898,0.2706,-0.2933,0.1063,2
17019,1,0.9622,1.1779,0.8004,0.9927,0.3976,2
17021,3,0.4945,1.1768,0.4393,0.2887,0.4059,2
17023,3,0.0634,0.7885,-0.0776,0.0202,0.3461,2
17025,3,-0.0612,0.0769,-0.2801,-0.2587,-0.2924,2
17027,1,0.1833,0.3487,0.5501,0.3754,0.8154,2
17029,2,0.5952,0.0548,0.5109,1.0497,-0.0549,2
17031,1,2.0575,1.1365,1.7299,0.7365,0.5552,2
17033,3,0.5406,0.6378,0.1336,0.2029,0.0104,2
17035,4,-0.3196,0.0458,-0.0446,-0.521,0.2996,2
17037,1,0.8162,1.2802,1.0582,0.4894,0.9772,2
17039,3,0.3513,1.2265,0.683,0.409,0.7355,2
17041,3,0.1722,-0.3531,0.6224,0.6343,0.7826,2
17043,1,1.6029,0.9195,1.4326,0.8945,2.7286,2
17045,3,0.3724,0.7643,0.2695,0.691,0.4503,2
17047,4,0.0062,-0.2873,0.0385,-1.2798,0.2123,2
17049,3,0.2882,0.8813,-0.1928,1.2115,0.7525,2
17051,3,-0.1067,0.732,0.1023,-0.339,-0.2586,2
17053,1,0.0167,1.1832,0.951,0.1284,1.0179,2
17055,2,0.6576,-1.5222,-0.0117,0.5436,-0.5609,1
17057,3,0.3696,0.8561,0.5481,-0.1672,0.2152,2
17059,4,-0.2536,-0.2923,0.2971,-0.1377,-0.8619,2
17061,3,-0.0996,0.7936,0.4987,-0.5518,-0.069,2
17063,1,0.741,1.019,1.557,0.3912,1.4896,2
17065,3,-0.0688,-1.5258,0.06,-1.4353,-0.2513,1
17067,3,-0.0349,1.1597,0.145,0.4097,0.6083,2
17069,4,0.0415,1.0727,-0.1961,-1.081,-1.1503,2
17071,4,-0.2467,1.1133,0.7981,-1.0428,-0.0245,2
17073,1,0.6284,1.1111,0.587,0.6205,0.9563,2
17075,3,0.0161,1.2183,1.1735,0.0825,0.6424,2
17077,2,0.6972,0.775,0.1607,0.844,-0.8984,2
17079,3,0.1532,-0.3426,0.1603,-0.9781,0.5066,1
17081,3,0.7264,-1.5275,0.3793,0.8566,-0.0145,1
17083,1,0.5813,0.0419,0.6975,0.3547,0.6034,2
17085,3,0.0655,1.1708,1.0028,1.2212,0.8223,2
17087,3,0.1435,0.0261,-0.1293,-0.2772,-0.3974,2
17089,1,1.4328,1.2188,1.4078,0.2549,1.8459,2
17091,1,1.1087,1.1871,1.3029,0.6801,0.4364,2
17093,1,1.1605,0.9536,1.3645,-0.1259,2.5478,2
17095,2,0.7815,1.1883,0.7504,0.934,0.2895,2
17097,1,1.3798,1.1877,1.0226,0.7489,2.2748,2
17099,2,1.0125,1.2071,1.3533,0.8326,0.5845,2
17101,3,0.2573,0.9627,0.4679,0.231,-0.0827,2
17103,2,0.5017,1.0228,0.8224,0.8135,0.7805,2
17105,2,0.2588,1.2194,1.0235,0.5654,0.6142,2
17107,3,0.4536,1.1693,0.5941,0.7462,0.527,2
17109,2,0.2646,1.15,0.6327,1.0169,-0.352,2
17111,1,1.1419,1.3169,0.896,0.4181,2.4508,2
17113,1,0.9048,1.2496,0.9636,0.7697,1.1144,2
17115,1,1.2708,0.8789,0.5458,0.6742,0.275,2
17117,1,0.3054,1.1619,0.2319,0.1069,0.2826,2
17119,1,1.5265,0.792,0.3195,0.6977,0.5749,2
17121,2,0.4436,0.7789,0.1568,0.7599,0.0578,2
17123,1,0.2378,1.1262,0.9423,-0.4302,1.0216,2
17125,3,0.0986,0.7835,0.3914,0.2395,0.2019,2
17127,3,0.9236,1.0796,0.1449,0.73,-0.219,2
17129,1,-0.288,1.1599,0.4915,-0.7158,1.2201,2
17131,1,0.1266,1.2142,0.4346,-0.6743,0.8769,2
17133,1,0.7621,-1.3739,0.3132,-0.1169,1.7519,1
17135,3,0.1887,0.7742,0.1186,0.6286,-0.0955,2
17137,2,0.3771,-0.1331,0.5329,0.8692,0.2995,2
17139,3,0.1603,1.1681,0.4147,0.3458,0.6648,2
17141,2,0.3403,1.1778,0.6603,0.1698,1.2203,2
17143,1,1.3408,1.1617,0.7151,0.9776,0.6397,2
17145,3,0.3579,-0.3134,-0.0137,-0.2732,-0.3693,1
17147,1,0.0534,1.2062,0.8163,0.5308,1.4171,2
17149,3,-0.0891,1.19,0.3926,0.2295,-0.1221,2
17151,4,0.2371,-1.5305,-0.2435,-2.7761,-1.0448,1
17153,4,0.0551,1.0027,0.3309,-0.1522,-1.2382,2
17155,4,0.1383,1.2191,0.8521,-0.5701,0.7051,2
17157,3,0.0425,1.1733,0.0621,0.526,0.0545,2
17159,3,0.3903,0.0812,-0.1378,0.1642,-0.0812,2
17161,1,1.6656,1.1911,0.3912,0.8113,0.3948,2
17163,1,1.4958,-1.5215,0.6922,0.7606,0.1475,1
17165,3,0.401,-0.3751,0.1359,0.6777,-0.5097,1
17167,1,0.8173,1.1735,0.6386,1.2669,1.035,2
17169,3,-0.3151,1.1082,-0.0913,0.2159,0.1979,2
17171,4,-0.5472,0.7982,0.3479,-0.4404,0.3891,2
17173,3,-0.0996,1.1126,0.1055,-0.3536,0.5918,2
17175,1,-0.0424,1.1283,0.8288,-1.3786,0.496,0
17177,2,0.6959,1.2343,0.5787,0.7208,0.7077,2
17179,1,1.0357,1.229,0.7403,0.2341,1.1229,2
17181,3,0.2293,1.1012,0.0605,0.2041,-0.6074,2
17183,1,0.8072,1.189,0.8328,0.1667,-0.0653,2
17185,3,0.3268,1.1648,0.3941,-0.0709,0.0895,2
17187,3,0.2841,0.8289,0.5185,0.2877,0.4691,2
17189,3,-0.0122,-0.4021,0.488,0.1063,0.6591,2
17191,3,0.0548,1.1021,0.0254,0.0778,-0.1896,2
17193,3,0.2491,-1.4521,0.2492,0.1455,-0.3145,1
17195,2,0.9537,0.0551,0.6781,0.6254,0.6496,2
17197,1,1.4531,1.1479,1.5417,0.097,2.3616,2
17199,2,0.7764,0.0524,-0.3976,0.5057,-0.1898,2
17201,1,1.3072,1.2219,0.5861,0.8138,0.8954,2
17203,1,0.3228,1.2216,1.0834,-0.8819,1.6882,2
18001,3,0.967,0.0622,1.2703,-0.5319,0.9269,2
18003,1,1.3645,0.9847,1.0321,0.4231,0.9085,2
18005,1,0.8853,-0.0151,0.9468,0.2009,1.005,2
18007,1,-0.147,0.0186,0.862,-0.8603,1.2657,0
18009,3,0.6861,0.8721,0.7929,-0.2616,0.5185,2
18011,1,0.801,0.0214,1.0717,-0.2148,1.7808,2
18013,1,0.2099,0.8464,0.4025,-0.362,0.682,2
18015,1,0.4334,0.0163,0.7648,-0.6128,0.9508,2
18017,2,0.9399,0.7436,1.0523,0.354,0.8144,2
18019,1,1.5789,0.8656,1.3431,0.0547,0.7025,2
18021,1,0.5547,-0.0729,0.2811,-0.2044,0.5886,2
18023,3,0.8134,0.0024,0.865,-0.5603,0.7297,2
18025,4,0.0816,-0.0323,0.1541,-0.5644,-0.3792,2
18027,3,0.6242,-0.0157,0.6083,-0.0063,-0.0262,2
18029,1,0.9929,-0.0167,0.5654,0.6911,1.6066,2
18031,3,0.5453,0.9143,0.6564,0.4275,0.6678,2
18033,2,0.9639,-1.5181,1.019,-0.3179,1.2448,1
18035,1,0.9332,0.9173,0.8198,0.5697,-0.0198,2
18037,3,0.947,0.0791,0.9037,0.2278,1.1814,2
18039,1,1.418,0.9826,0.8809,0.2713,0.7613,2
18041,3,0.7019,0.0331,0.2022,-0.2821,0.3699,2
18043,1,1.6904,-0.067,0.6459,-0.1172,1.0718,2
18045,3,0.5875,-0.0078,0.8377,-1.0332,0.5191,2
18047,1,0.3683,0.002,0.4692,-0.0378,0.8798,2
18049,3,0.5057,0.1098,0.978,0.0719,0.5679,2
18051,1,0.5567,-0.0008,1.2661,-0.0661,0.4643,2
18053,2,0.969,0.9556,1.0478,0.028,0.1542,2
18055,1,0.3679,0.8759,0.0332,-0.1998,0.1478,0
18057,1,1.0784,0.9196,1.1617,0.1009,3.0798,2
18059,1,0.9549,0.9202,1.2182,-0.3661,2.0482,2
18061,1,0.7274,0.824,0.3646,-0.638,1.1537,2
18063,1,0.8875,0.9179,0.7013,-0.497,2.0941,2
18065,2,0.7034,0.9099,0.7851,-0.0092,0.7951,2
18067,1,1.0027,0.937,0.9565,0.2096,0.7416,2
18069,3,0.9364,0.9197,0.9645,-0.0888,1.1609,2
18071,2,0.7382,0.8622,0.6933,0.492,0.6094,2
18073,1,0.2202,0.9411,1.3544,-0.6343,0.9565,2
18075,3,0.5408,0.914,1.0577,-0.8605,0.4639,2
18077,3,0.765,0.8356,0.6139,-0.0654,0.4443,2
18079,3,0.5202,0.0956,0.2619,-1.1752,0.1588,2
18081,1,1.0621,0.9438,0.7234,-0.5759,1.649,2
18083,2,0.8384,0.1715,0.6943,0.8769,-0.3012,2
18085,2,0.9164,0.9676,1.0134,0.3951,0.8951,2
18087,3,0.4883,0.9941,0.937,-0.6538,0.5663,2
18089,1,1.6033,0.906,1.6824,0.4999,0.321,2
18091,1,1.1056,0.8854,1.3062,0.6899,0.7283,2
18093,2,0.7513,0.8507,0.4343,0.1041,0.2573,2
18095,1,1.1352,0.9364,1.157,0.0038,0.7191,2
18097,1,1.5131,0.9742,0.6383,0.6492,0.4395,2
18099,3,0.8389,0.9639,1.1943,0.6227,0.9027,2
18101,3,0.1178,-0.0482,0.0264,-0.5761,-0.0398,2
18103,3,0.7592,0.9397,0.8259,-0.2235,0.7178,2
18105,1,1.0201,0.0362,0.4169,0.8422,0.2371,2
18107,3,0.8105,0.8863,0.5717,0.1263,0.9189,2
18109,1,0.9832,0.9263,0.3011,-0.691,1.2465,2
18111,1,-0.0175,0.0235,1.1874,-0.8124,0.9019,0
18113,3,0.9317,0.9455,0.7471,0.0062,0.8589,2
18115,1,0.9556,-0.098,1.0058,-1.5996,0.8304,0
18117,3,0.1556,0.8405,0.46,-0.3239,-0.0528,2
18119,1,0.1381,-0.048,0.0681,-1.435,0.1924,0
18121,3,0.3166,0.91,-0.0887,-0.4331,0.3292,2
18123,3,0.9333,0.8184,-0.116,0.1153,0.2229,2
18125,3,0.3366,0.0855,0.9664,-1.3397,0.1441,2
18127,1,1.1637,0.8593,1.2658,0.2999,1.6351,2
18129,1,1.0535,0.0765,0.7006,-0.9976,0.9853,2
18131,3,0.0275,0.9309,1.1838,0.0162,0.4298,2
18133,1,0.4504,0.9155,0.2562,-0.2278,0.828,2
18135,3,0.3299,0.9184,0.9006,-0.2383,0.4144,2
18137,3,0.5248,0.1366,0.4595,0.2071,0.9474,2
18139,3,0.3345,-0.0685,0.567,-0.5,0.7984,2
18141,1,1.3107,-1.5197,1.0435,0.71,0.5827,1
18143,3,0.6707,-0.0981,1.2503,-0.6529,0.0125,2
18145,1,0.9554,0.9327,0.8802,-0.3703,1.1344,2
18147,4,0.6505,-0.0483,0.3686,-0.892,0.8044,2
18149,3,0.3252,0.8973,1.3762,-0.9521,0.0913,2
18151,3,0.552,0.9036,0.8156,0.6227,0.962,2
18153,1,0.1766,0.2015,0.3783,-0.4811,0.2047,0
18155,4,0.691,-0.0416,0.8698,-2.7922,-0.218,2
18157,1,1.427,0.9543,0.7681,0.358,0.3443,2
18159,1,0.1688,0.0055,1.0383,-0.3509,1.4037,2
18161,4,0.0516,-0.0317,0.4332,-1.0596,0.6652,2
18163,1,1.4963,0.8909,1.111,0.6433,0.2628,2
18165,1,0.5621,0.8934,0.2478,-0.9708,0.3312,0
18167,1,1.2928,0.8948,0.386,0.8168,-0.0941,2
18169,3,0.9429,0.9055,0.7449,-0.2134,0.9242,2
18171,4,0.0758,-0.011,0.7005,-2.3208,1.1842,2
18173,1,1.0503,0.9124,0.8164,-0.8182,1.6972,2
18175,1,0.6802,0.8463,0.785,0.0702,0.2745,2
18177,2,0.7412,0.9533,0.7886,0.5732,0.1996,2
18179,1,0.8063,-0.0236,1.0425,-0.9649,1.3133,2
18181,3,0.4576,0.8855,0.741,0.0417,0.6048,2
18183,1,0.6068,0.9352,0.8623,-0.3327,1.4014,2
19001,4,-0.8593,-1.0671,0.8063,0.826,0.84,1
19003,4,-0.9715,-1.1568,0.6594,1.4622,0.4229,1
19005,3,-0.3818,0.2255,0.6285,-0.31,0.1668,2
19007,3,-0.2528,-1.0318,0.3404,-0.1345,-0.2423,1
19009,4,-0.7265,-1.436,0.7775,-1.308,0.4756,1
19011,1,0.097,0.1877,0.8117,-0.5282,1.2738,2
19013,1,1.0449,0.212,0.672,0.7053,0.4134,2
19015,3,0.2158,-1.1314,0.7487,-0.1179,1.1486,1
19017,1,0.1922,0.2327,0.6636,0.485,1.1787,2
19019,3,0.0909,-1.125,0.719,-0.1013,0.6858,1
19021,3,-0.5866,-1.0214,0.8704,-0.097,0.4972,1
19023,4,-0.3915,-1.2788,0.6894,-1.1187,0.7755,1
19025,4,-0.7883,-1.0726,0.7313,-0.4142,0.5959,1
19027,3,-0.1455,0.2194,0.8586,0.9244,1.0478,2
19029,3,-0.4925,0.499,0.7841,0.7778,0.5712,2
19031,3,0.1534,0.1829,0.6451,-1.2577,1.3451,2
19033,2,0.6193,-0.9387,0.8868,1.431,0.6796,1
19035,3,-0.7163,0.1304,1.0491,-0.0605,0.912,2
19037,3,-0.2977,0.5137,0.6484,0.8613,0.6623,2
19039,3,-0.4091,-1.0891,0.5388,0.6378,0.3795,1
19041,3,-0.2277,-1.4704,0.857,1.1651,0.8181,1
19043,4,-0.4978,0.4712,0.6331,0.0257,0.5699,2
19045,2,1.1683,0.4757,0.7141,0.5313,0.6523,2
19047,3,-0.7881,0.4656,0.7291,-0.0007,0.5243,2
19049,1,0.2521,0.2351,0.7244,-0.1234,1.7027,2
19051,4,-0.5828,-1.1642,0.623,0.0505,0.0217,1
19053,4,-0.8773,-1.1341,0.7115,-0.2502,-0.2908,1
19055,3,-0.0682,0.1934,0.6533,-0.1432,0.846,2
19057,2,0.822,-1.069,0.5089,1.2972,0.3871,1
19059,3,-0.3424,0.5377,0.8034,1.2465,0.755,2
19061,1,0.9813,0.4975,0.6139,1.0156,0.8643,2
19063,3,-0.3115,0.1472,0.7279,0.2122,0.4742,2
19065,3,-0.1269,0.4898,0.724,0.2013,0.4748,2
19067,3,-0.0354,0.147,0.8805,0.8306,0.7185,2
19069,3,-0.3164,0.1988,0.7796,0.1725,0.7493,2
19071,4,-0.6095,0.6185,0.7431,-0.863,0.7089,2
19073,3,-0.6391,-1.4083,0.7791,0.2072,0.5649,1
19075,1,-0.3831,0.1566,0.7867,0.1016,0.999,2
19077,1,-1.0771,-1.1103,0.6109,-0.2557,0.6658,0
19079,3,-0.1407,0.5519,0.8142,0.1797,1.0963,2
19081,3,-0.6533,-0.9706,0.9561,-1.3498,1.0375,1
19083,3,-0.4157,0.2335,0.6817,0.1874,0.665,2
19085,1,-0.195,0.5119,0.9312,-0.0454,0.8962,2
19087,3,0.2102,0.1523,0.6449,0.3048,0.7335,2
19089,3,-0.5089,0.5006,0.5899,-0.5092,0.5792,2
19091,3,-0.2937,0.2271,0.7378,0.3674,0.9762,2
19093,4,-0.8438,-0.5285,0.7251,-0.0703,0.745,2
19095,4,-0.1684,0.4511,0.6308,0.5521,1.2629,2
19097,3,0.1777,0.1624,0.6234,-0.0706,0.5054,2
19099,3,0.5205,-1.3536,0.8914,0.0663,1.1153,1
19101,3,0.2592,-1.4248,0.4808,0.666,0.4948,1
19103,1,1.4538,0.5196,0.6664,1.0974,0.7949,2
19105,1,0.1837,0.4601,0.3909,0.2196,0.9686,2
19107,4,-0.4415,0.1497,0.6675,-0.4647,0.5471,2
19109,3,-0.1987,0.5183,0.8987,0.197,0.7105,2
19111,2,0.7797,0.5027,0.5061,0.7654,0.3121,2
19113,1,1.1387,0.5175,0.7216,0.6641,1.2736,2
19115,4,-0.1016,0.459,0.6325,-1.0149,0.4118,2
19117,3,-0.2948,-1.1622,0.5505,0.4394,0.0094,1
19119,4,-0.7766,-1.4605,0.9227,-0.63,0.9447,1
19121,1,-0.1515,-1.1238,0.7046,-0.7135,1.1526,1
19123,3,0.3288,0.4865,0.8162,0.1651,0.5623,2
19125,3,0.4704,0.4686,0.6294,-0.1394,0.989,2
19127,2,0.3618,0.1098,0.6142,0.5649,0.5398,2
19129,1,0.3255,-1.4133,0.7543,-0.1618,1.0271,1
19131,3,-0.3087,-1.0957,0.7865,-0.6264,0.7995,1
19133,3,-0.623,0.2058,0.8861,0.6009,0.5251,2
19135,3,-0.3998,-1.5242,0.6095,-0.3399,0.4731,1
19137,3,-0.2036,-1.3838,0.7972,1.3199,0.3758,1
19139,2,1.1356,0.5148,0.5389,0.4662,0.6432,2
19141,3,-0.4863,-1.5195,0.9127,0.1746,0.7612,1
19143,3,-0.8551,-1.4687,0.9554,-1.2195,0.7791,1
19145,3,-0.1152,-0.9564,0.7605,1.0457,0.4931,1
19147,3,-0.6427,-1.3802,0.9434,0.1946,0.6421,1
19149,3,-0.2431,0.2409,1.271,0.0738,1.4658,2
19151,4,-0.9253,0.1925,0.8987,-0.4626,0.6978,2
19153,1,1.1864,0.4574,0.6114,1.0771,1.0135,2
19155,1,0.9138,0.5047,0.8488,0.7081,0.7747,2
19157,3,0.0195,-1.1625,0.8014,0.4285,0.6687,1
19159,4,-1.2302,-1.5229,0.6784,0.3335,-0.1301,1
19161,4,-0.9822,-1.1519,0.939,0.1577,0.5823,1
19163,1,1.6367,0.9489,0.6801,0.8183,0.7967,2
19165,3,-0.7234,0.1379,0.7927,0.1433,1.2315,2
19167,3,-0.1228,-1.0998,1.074,-0.2528,1.1539,1
19169,1,0.7243,0.2048,0.6847,0.7745,0.8557,2
19171,3,-0.2499,-1.4266,0.8388,-0.6019,0.7703,1
19173,4,-1.1755,-1.5228,0.7041,0.5165,0.2461,1
19175,3,-0.0777,-1.076,0.6027,0.9621,0.4754,1
19177,4,-0.4896,-1.5237,0.4754,-0.5773,0.0746,1
19179,2,0.5264,-1.0894,0.5334,1.0575,-0.134,1
19181,1,0.4327,-1.4317,0.5815,-0.2197,1.7757,1
19183,1,0.2633,0.5273,0.8555,0.4294,1.0104,2
19185,4,-1.1177,-1.5121,0.5575,0.034,-0.1774,1
19187,2,0.3475,-1.0133,0.87,1.152,0.4862,1
19189,3,-0.2085,0.5227,0.785,0.005,0.9354,2
19191,3,-0.3325,0.1572,0.6296,0.2513,0.8817,2
19193,1,0.7011,0.5158,1.0431,0.9695,0.4708,2
19195,4,-0.4829,0.5777,0.8086,-0.2437,0.8873,2
19197,3,-0.5048,-1.3924,0.7023,0.1054,0.7062,1
20001,3,-0.1305,-1.519,0.1949,0.5092,-0.026,1
20003,3,-0.7328,-1.52,0.4077,0.2772,0.3107,1
20005,3,0.476,-1.5121,0.3292,0.754,0.2745,1
20007,4,-1.835,-1.5259,0.3671,1.1585,0.4599,1
20009,3,-0.3282,-1.525,0.5545,1.111,-0.0045,1
20011,3,0.0984,-1.519,0.5604,0.499,0.0817,1
20013,3,-0.6177,-1.5163,0.5486,-0.0643,0.1665,1
20015,1,0.1663,-1.5171,0.4692,-0.3968,1.1999,1
20017,4,-1.5781,-1.5217,0.1302,-1.3135,0.1854,1
20019,4,-1.1006,-1.5216,-0.1423,-0.9372,-0.2049,1
20021,3,0.2042,-1.527,0.6571,-0.3135,-0.2161,1
20023,4,-2.1229,-1.5087,0.4204,0.0319,0.3334,1
20025,4,-2.3061,-1.5245,0.0805,-0.1205,0.4659,1
20027,3,-0.5908,-1.5255,0.4758,0.4013,0.6219,1
20029,3,-0.7676,-1.5246,0.3607,0.8574,0.1635,1
20031,3,-0.9642,-1.5195,0.3567,-0.295,0.5607,1
20033,4,-2.2901,-1.5247,-0.0356,-0.8081,0.4243,1
20035,2,0.1089,-1.5243,0.5032,0.3991,0.0045,1
20037,2,0.4588,-1.5259,0.6114,0.8981,-0.1939,1
20039,4,-1.3852,-1.5124,0.4165,1.6014,0.3156,1
20041,3,-0.3682,-1.5232,0.595,0.4982,0.7488,1
20043,1,-0.1768,-1.5174,0.3461,-1.5124,0.0055,0
20045,1,0.8954,-1.5189,0.4268,0.9302,0.5777,1
20047,4,-1.5262,-1.5239,0.3025,-0.3352,0.2075,1
20049,4,-1.0661,-1.5196,0.1815,-2.1278,-0.4684,1
20051,2,-0.5515,-1.5231,0.545,1.278,0.3934,1
20053,3,-1.3052,-1.5197,0.2986,0.4699,0.4252,1
20055,2,-0.0684,-1.5185,0.6707,0.451,-0.3136,1
20057,2,-0.6258,-1.5241,0.4783,0.5927,-0.2245,1
20059,1,0.1657,-1.5202,0.2547,0.5436,0.7618,1
20061,2,0.2887,-1.5212,0.4243,0.6269,-0.1032,1
20063,4,-1.9102,-1.513,0.9082,-1.919,0.7352,1
20065,4,-1.3693,-1.5167,0.3682,0.4107,-0.0045,1
20067,3,-0.6453,-1.5157,0.6307,0.7059,0.0146,1
20069,4,-1.589,-1.5193,0.7105,-1.1094,0.5398,1
20071,4,-2.1381,-1.5097,0.496,-0.9853,0.0428,1
20073,3,-0.9495,-1.5192,0.4508,-0.1443,-0.287,1
20075,4,-1.8266,-1.5109,0.4707,-1.4921,-0.2727,1
20077,4,-1.3095,-1.5271,0.1587,0.5203,0.0308,1
20079,1,0.2705,-1.5298,0.5345,0.3514,0.9265,1
20081,4,-1.5333,-1.5182,0.6406,-1.8628,0.2092,1
20083,4,-1.7755,-1.5209,0.5715,-3.421,0.2345,0
20085,1,-0.1499,-1.5176,-0.1155,0.1578,0.9184,1
20087,1,-0.127,-1.5234,0.1584,-0.0974,1.1843,1
20089,4,-1.7913,-1.5217,1.3148,-0.0913,0.3533,1
20091,1,1.2692,-1.5281,0.684,0.6644,2.5146,1
20093,4,-1.3522,-1.513,0.666,-1.3351,0.2604,1
20095,3,-0.7517,-1.5237,0.5296,-1.155,0.68,1
20097,4,-1.9624,-1.5241,0.1978,-0.071,0.32,1
20099,3,0.2814,-1.5218,0.5146,0.174,0.0674,1
20101,4,-2.1234,-1.5167,0.6095,-1.0166,0.686,1
20103,1,0.7561,-1.5218,0.1648,0.1637,1.295,1
20105,4,-1.6893,-1.5222,0.3873,0.0681,0.4234,1
20107,1,-0.7265,-1.5205,0.5569,-0.2529,0.0809,0
20109,4,-2.0728,-1.5104,0.6468,0.7256,0.6228,1
20111,2,0.2664,-1.5163,0.4623,0.3954,-0.0399,1
20113,3,0.19,-1.5255,0.5813,0.5246,1.0121,1
20115,3,-1.2139,-1.5216,0.6121,-0.0237,0.6628,1
20117,3,-0.7602,-1.5217,0.5997,0.3981,0.4388,1
20119,4,-1.5096,-1.5216,0.447,-1.4139,0.3494,1
20121,1,-0.0109,-1.5223,0.4208,0.1626,1.4222,1
20123,3,-1.4445,-1.5162,1.0075,-0.1916,0.4219,1
20125,2,0.6554,-1.52,0.2166,0.7562,-0.0788,1
20127,4,-1.0262,-1.5119,0.2407,-0.7315,0.3169,1
20129,4,-1.8879,-1.5132,-0.0077,-1.6546,0.0641,1
20131,4,-0.9285,-1.5222,0.2916,0.5853,0.6694,1
20133,3,0.1009,-1.5194,0.3502,0.4534,0.0111,1
20135,4,-1.8558,-1.5198,0.5419,-0.5007,0.4895,1
20137,3,-1.7151,-1.511,0.4706,0.4325,0.2782,1
20139,1,-0.3368,-1.5187,0.4772,-0.1859,0.7868,1
20141,4,-2.0914,-1.5217,0.6803,0.6644,0.1378,1
20143,4,-1.047,-1.5237,0.265,-0.1733,0.7319,1
20145,3,-1.3485,-1.5242,0.6051,-0.0424,-0.0273,1
20147,3,-1.2453,-1.5163,0.6398,0.0181,0.442,1
20149,3,-0.3428,-1.5201,0.6073,0.4458,0.9411,1
20151,3,-0.3815,-1.525,0.6616,0.3592,0.4999,1
20153,4,-2.0019,-1.5085,0.4321,-0.5741,0.2544,1
20155,2,0.3293,-1.5268,0.2348,0.4206,0.3508,1
20157,4,-1.2078,-1.5216,0.6846,-0.3342,0.4098,1
20159,3,-0.7494,-1.5257,0.1887,-0.3302,0.3366,1
20161,2,0.5526,-1.5228,0.4427,0.4436,0.2396,1
20163,4,-1.6876,-1.5208,0.7309,-0.1292,0.3238,1
20165,4,-1.4768,-1.523,0.7155,-0.9571,0.2027,1
20167,3,-1.2727,-1.5169,0.5136,0.8048,0.0732,1
20169,2,0.2849,-1.522,0.4627,1.2267,0.6555,1
20171,3,-1.645,-1.5116,0.8397,-0.3789,0.9612,1
20173,1,0.9562,-1.5241,0.4763,0.5123,0.6463,1
20175,3,-0.1839,-1.5214,0.2136,0.359,-0.6714,1
20177,1,0.9645,-1.5164,0.3966,0.8149,0.729,1
20179,4,-1.1603,-1.512,0.6671,-2.013,0.8331,1
20181,3,-1.0116,-1.5095,0.4528,0.7827,0.3277,1
20183,4,-1.0742,-1.5193,0.64,-0.2876,0.2065,1
20185,4,-1.4688,-1.5242,0.3097,0.2379,0.1129,1
20187,4,-1.9075,-1.5128,0.4673,-3.542,0.0947,0
20189,3,-1.268,-1.5156,0.3049,-1.5358,0.3644,1
20191,1,-0.2798,-1.5252,0.4384,-0.0517,0.6851,1
20193,3,-1.1771,-1.5118,0.5862,1.5353,0.8136,1
20195,4,-1.7253,-1.5203,0.4629,-1.346,0.3527,1
20197,1,-0.6343,-1.5158,0.405,-1.2758,0.9938,0
20199,4,-2.2873,-1.5097,0.444,-2.0805,0.1764,1
20201,4,-1.4118,-1.5223,0.3661,0.295,0.2397,1
20203,4,-1.957,-1.5091,0.6071,-0.4118,-0.3165,1
20205,3,0.2986,-1.5194,0.3944,-0.0167,-0.2033,1
20207,4,-0.5132,-1.5191,0.113,-0.3353,-0.1563,1
20209,1,1.5855,-1.5197,0.4234,0.4171,-0.3828,1
21001,3,-0.2553,1.094,-0.4615,-0.1116,-1.4797,0
21003,3,0.1499,1.0312,-0.1753,-0.9096,-0.7088,0
21005,3,0.245,0.6073,1.3015,-0.8008,0.813,2
21007,4,0.288,1.1049,0.4057,-2.5452,-0.1052,2
21009,3,0.5286,-1.5253,-0.2564,0.2192,-0.3349,1
21011,4,-0.2415,-1.5195,0.6528,-1.1208,-0.9363,1
21013,3,0.0963,0.9219,-0.3093,-0.5629,-2.0326,0
21015,1,1.553,1.0833,1.0427,0.8472,1.77,2
21017,1,0.5149,0.9814,1.6924,0.0407,0.1577,2
21019,1,1.4044,1.037,0.0962,0.8933,-0.0715,2
21021,3,0.6121,0.6422,0.867,0.8225,0.267,2
21023,1,0.1501,-0.3414,0.4856,-2.0962,0.1273,0
21025,3,-0.4471,1.1769,-0.6166,-0.0226,-2.113,0
21027,4,0.0129,1.1012,-0.0102,-0.7725,-0.6482,2
21029,1,1.1572,0.746,0.5743,-0.7293,0.9115,2
21031,4,0.0915,1.106,-0.6149,-0.3387,-0.7216,2
21033,3,0.1845,1.0762,0.138,-0.2091,-0.4146,2
21035,3,0.7098,1.0685,-0.152,0.5952,-0.4875,2
21037,1,1.7183,1.0749,0.9266,0.6723,0.9049,2
21039,4,0.1778,1.0931,0.0118,-2.9655,-0.3271,2
21041,3,0.7015,0.7452,0.9682,1.5867,-0.3451,2
21043,3,0.2336,-0.2049,-0.1298,-0.3557,-1.073,0
21045,4,-0.1916,-1.2227,0.3176,-0.9236,-1.4452,1
21047,1,0.8827,0.83,-0.184,0.0179,-0.3455,0
21049,1,0.8969,1.1085,1.3151,0.3048,0.5253,2
21051,3,-0.1386,-0.3523,-0.3056,-0.6599,-2.6007,0
21053,4,-0.2353,1.0823,-0.7945,-0.1699,-1.716,2
21055,3,0.1756,1.062,0.1843,-1.135,-1.0251,0
21057,4,-0.525,1.0776,-0.6052,-1.6361,-1.5292,0
21059,1,1.4266,0.6428,0.029,0.7276,0.2498,2
21061,1,0.0193,1.102,-0.7228,-1.2952,-0.9533,0
21063,4,-0.2877,0.6155,-0.2862,-2.2757,-1.7143,0
21065,3,-0.0518,1.1051,0.0637,-0.4382,-1.4256,0
21067,1,1.2899,-0.9314,2.0945,1.047,0.5305,1
21069,3,-0.1214,0.6208,1.101,-1.8081,-0.7652,0
21071,3,0.0278,-0.069,-0.8683,0.2544,-1.6512,0
21073,2,0.907,1.0619,1.4614,0.9586,0.4097,2
21075,3,0.0138,1.0946,0.3874,-0.0423,-1.1002,2
21077,1,0.6746,0.09,0.737,-1.0465,0.0554,0
21079,3,0.1486,-1.1965,0.7601,-0.7923,-0.3028,1
21081,1,0.6246,1.1845,0.8036,-0.1114,0.1409,2
21083,3,0.5509,1.1868,0.048,-0.0794,-0.3607,2
21085,3,0.1917,1.0822,-0.596,-0.1708,-0.9964,2
21087,4,-0.2069,-0.0227,-0.2844,-0.709,-0.7659,2
21089,1,1.0292,0.7169,-0.0186,-0.3255,-0.054,0
21091,1,0.5174,1.109,-0.1089,-2.6495,0.135,0
21093,1,1.1021,0.8403,-0.3,0.4793,0.372,2
21095,3,-0.0191,0.9511,-0.3629,0.0267,-2.2036,0
21097,3,0.2297,0.6099,1.3266,-0.8375,0.2656,2
21099,4,0.0283,1.0971,-0.5589,-0.8057,-1.287,2
21101,1,1.4839,1.0547,0.5977,0.5156,0.1374,2
21103,1,0.412,-1.5301,1.1878,-0.2156,0.1687,1
21105,4,-0.1069,1.1096,0.1371,-1.1314,-0.7465,2
21107,2,0.7301,1.079,-0.2067,0.4037,-0.4455,2
21109,4,-0.1069,1.0734,-0.8398,-0.0981,-2.0471,2
21111,1,1.8508,0.7797,1.1602,1.0788,0.4662,2
21113,1,0.774,0.8608,1.0895,-0.4704,0.6177,2
21115,3,-0.0464,-0.2146,-0.7495,0.1475,-1.1592,0
21117,1,1.857,-0.3404,0.9697,0.4115,1.0844,2
21119,4,-0.3492,-0.2982,-1.3759,-1.2801,-2.1894,0
21121,3,0.168,0.8753,-0.0955,0.2599,-2.0884,0
21123,1,-0.084,0.8616,-0.3108,-0.4166,-0.1914,0
21125,3,0.7017,1.0821,-0.1918,-0.1003,-0.8036,2
21127,3,0.0492,-0.3305,-0.5074,-0.6665,-1.855,0
21129,4,-0.4213,1.1153,-0.566,-0.9634,-1.9176,0
21131,4,-0.4271,-0.1932,-0.9749,-1.0225,-2.2445,0
21133,4,-0.109,1.1144,-0.2161,0.2676,-1.7512,2
21135,4,-0.0166,-0.2456,0.5066,-0.5894,-1.7972,2
21137,3,0.0606,0.5656,0.4677,-1.0854,-0.7498,0
21139,4,0.7296,1.0775,0.1855,-0.8603,-0.1258,2
21141,3,0.3427,0.8169,-0.5699,0.4419,-0.2926,2
21143,4,0.0759,1.0937,0.1022,-0.5333,-0.5909,2
21145,2,1.3019,1.1425,0.2668,1.3998,0.0229,2
21147,4,0.0329,1.079,-0.9797,-1.1227,-2.2943,0
21149,1,0.3337,1.0921,0.0221,-1.9578,-0.3309,0
21151,2,1.0023,0.974,0.5825,0.5066,-0.0698,2
21153,4,-0.3975,0.1843,-0.457,-0.518,-2.3303,0
21155,3,-0.0512,1.0892,0.5858,-0.4571,-0.4606,2
21157,3,0.8058,1.0741,0.01,-0.5282,0.3285,2
21159,4,-0.0873,-0.3237,-1.871,-1.5597,-2.3907,0
21161,3,0.4154,-0.055,1.0298,0.8832,-0.2188,2
21163,1,0.7651,0.8826,0.2492,-1.8504,0.1308,0
21165,4,-0.4589,-1.5271,-0.5369,-1.9163,-2.1684,0
21167,3,0.2334,0.7958,0.9439,0.0,0.2634,2
21169,4,-0.2908,-1.5324,-0.6624,-0.8706,-1.2807,1
21171,4,-0.3227,1.0784,-0.2499,-0.2478,-1.5183,2
21173,3,0.2178,1.0907,0.6411,0.693,-0.2209,2
21175,3,-0.4215,-0.3327,-0.4517,-1.3094,-1.6188,0
21177,3,0.3437,1.0897,-0.1859,-0.445,-0.7801,2
21179,1,0.489,0.6133,0.7637,0.3859,0.4737,2
21181,4,-0.0728,-0.0237,0.8631,-0.629,-0.5541,2
21183,3,0.2486,1.1158,-0.2362,-0.7078,-0.6486,2
21185,1,0.9195,0.7359,1.2733,-0.5291,2.5169,2
21187,4,0.2261,-1.5174,0.8257,-1.1005,-0.4808,1
21189,4,-0.4603,1.0784,-0.193,-3.1954,-3.0813,0
21191,1,0.4154,-0.0191,1.0009,-1.0636,0.264,0
21193,3,0.0615,1.0778,-0.7496,0.6606,-1.8269,0
21195,3,0.0749,-0.1512,-0.7897,-0.045,-1.2605,0
21197,3,-0.0194,0.1936,0.2775,0.0421,-1.1463,2
21199,2,0.7178,1.02,-0.4132,0.4534,-0.7756,0
21201,4,-0.1006,-1.5235,0.6037,-0.8653,-0.7598,1
21203,3,0.1479,1.1097,-0.6233,-0.7986,-1.2843,0
21205,3,0.0979,1.0772,0.1204,0.9308,-0.8155,2
21207,4,-0.0971,1.1035,-0.4888,0.3181,-1.4729,2
21209,1,0.8398,0.6578,1.9663,0.4129,0.9398,2
21211,1,0.7252,0.6126,1.5222,0.0294,0.9355,2
21213,3,0.5139,0.2381,-0.0076,0.1087,0.2307,2
21215,1,0.3935,-1.5293,1.195,-1.5382,1.0596,1
21217,3,0.163,0.8031,0.0127,-0.031,-0.6229,2
21219,4,0.125,-1.537,-0.4403,-1.0834,-0.6589,1
21221,1,-0.0045,1.0904,-0.1837,-0.5103,-0.3632,0
21223,1,0.3205,0.738,0.8013,1.3079,0.0434,2
21225,3,0.2504,1.1094,0.6094,-0.1525,-0.6074,2
21227,1,1.2421,0.4673,-0.1334,0.8505,0.0853,2
21229,4,-0.1567,1.1247,0.5283,-0.5941,-0.042,2
21231,3,0.0899,1.0726,-0.7722,-0.6216,-1.8742,0
21233,1,0.26,1.0851,0.313,-0.7719,-0.3559,0
21235,3,0.6563,0.8379,-0.2845,0.3218,-1.3127,2
21237,4,-0.6182,-0.3284,-0.6156,-0.8429,-2.2212,0
21239,1,0.5978,0.6037,1.9439,0.2669,1.3782,2
22001,2,0.3811,-1.5585,-0.1458,-0.0448,-1.1975,1
22003,3,0.2435,-1.5582,-1.038,0.0518,-1.1148,1
22005,1,1.8096,-1.5636,0.5219,0.0822,0.6527,1
22007,3,0.835,-1.552,0.3645,-0.9155,-1.2713,1
22009,3,-0.0004,-1.5548,0.178,-0.3181,-1.3498,1
22011,3,0.67,-1.5563,-1.6312,-0.5071,-0.4286,1
22013,3,-0.305,-1.5481,-1.9208,-0.9653,-1.468,0
22015,1,0.975,-1.5458,-0.7824,0.3681,0.3492,1
22017,1,1.23,-1.5491,-0.6165,0.5239,-0.5899,1
22019,1,1.6138,-1.5664,-1.0513,0.4369,-0.2483,1
22021,4,-0.401,-1.5537,-0.5816,-0.2958,-1.3535,1
22023,1,0.1688,-1.5613,0.2749,-1.2163,-0.9339,0
22025,4,-0.3253,-1.5548,0.1313,-0.9958,-1.8944,1
22027,3,-0.0777,-1.5477,-1.7774,-0.5736,-1.5354,0
22029,3,0.095,-1.5513,0.471,-0.0505,-1.708,1
22031,1,0.3022,-1.5445,-1.1055,-0.3881,-1.0274,0
22033,1,1.9719,-1.5838,0.0755,0.6162,0.1281,1
22035,3,-0.2622,-1.5496,0.4646,-0.2263,-2.5632,1
22037,1,0.3784,-1.5544,-0.7467,-1.524,-0.9741,0
22039,3,0.2515,-1.5585,-0.4726,-0.5081,-1.8148,1
22041,3,-0.1115,-1.5501,0.0845,-0.6304,-1.6074,1
22043,1,-0.1443,-1.5476,-1.5153,-1.6639,-0.9574,0
22045,2,0.6376,-1.5538,0.6554,0.4689,-1.0341,1
22047,1,2.0142,-1.5526,0.862,0.1552,-0.9427,1
22049,3,-0.2094,-1.5512,-2.059,-0.196,-0.6332,1
22051,1,1.4828,-1.5661,0.4957,1.0578,0.2801,1
22053,3,0.3511,-1.5606,-0.4721,-0.2122,-0.9694,1
22055,1,0.8856,-1.5971,0.267,1.1539,-0.108,1
22057,1,0.7296,-1.5564,0.3973,0.3765,-0.5233,1
22059,3,-0.3502,-1.5537,-1.2045,-0.2647,-0.9095,1
22061,2,0.3892,-1.554,-2.0116,0.5034,-1.1539,0
22063,1,1.3035,-1.5595,-0.4161,-0.7377,0.1981,1
22065,3,0.2552,-1.5515,0.5875,0.1581,-2.1431,1
22067,3,0.5766,-1.5497,-0.3923,0.2283,-1.4147,1
22069,3,0.4585,-1.545,-0.5896,0.6539,-1.2374,1
22071,1,1.4097,-1.5597,0.65,1.2916,-1.26,1
22073,1,0.9755,-1.5543,-0.6943,0.9054,-0.5162,1
22075,1,0.0946,-1.5581,0.1588,-0.0223,-0.4071,1
22077,1,0.9799,-1.5545,0.359,-0.7525,-0.9264,1
22079,1,0.8828,-1.5577,-0.7638,0.8889,-0.611,1
22081,3,-0.1691,-1.5478,-0.6888,-1.7424,-1.687,0
22083,3,-0.1272,-1.5487,0.0323,-0.2166,-1.3853,1
22085,3,-0.1496,-1.5429,-1.4825,-0.2321,-1.3811,1
22087,1,0.9774,-1.5544,-0.0809,-0.0475,-0.0118,1
22089,1,1.4445,-1.5532,-0.0597,0.3748,0.9618,1
22091,1,-0.015,-1.5472,-1.2602,-1.7295,-1.4197,0
22093,3,1.0518,-1.5509,0.121,-0.2635,-0.5721,1
22095,1,1.4072,-1.5556,0.0554,0.6301,0.3099,1
22097,2,0.6104,-1.5566,0.2091,0.1518,-1.8182,1
22099,1,0.656,-1.5543,0.5917,-0.2161,-1.0526,1
22101,2,0.5838,-1.5504,-4.622,0.67,-1.1384,0
22103,1,0.6391,-1.5632,-1.4908,0.6675,1.1543,1
22105,2,0.6415,-1.5573,-0.8585,0.4442,-0.6392,1
22107,4,-0.6437,-1.5461,0.3502,-0.8011,-2.2458,1
22109,1,0.6374,-1.5561,0.2776,1.0507,-0.5661,1
22111,1,0.2193,-1.5479,-1.5686,-0.1089,-0.5063,0
22113,2,0.4471,-1.5554,-0.126,0.1528,-0.9157,1
22115,2,0.3213,-1.5539,-1.6469,-0.6175,-0.2549,0
22117,3,0.5248,-1.5484,-1.5397,0.3596,-1.2485,1
22119,3,0.4026,-1.5497,-1.4002,0.0907,-0.8187,1
22121,1,1.9941,-1.5616,0.9689,-0.0661,-0.0729,1
22123,4,-0.6291,-1.5494,0.135,-1.6441,-1.6009,1
22125,1,0.3012,-1.5561,-0.7174,-1.5075,-0.7443,0
22127,3,0.1541,-1.5516,-1.5402,-0.5029,-1.2989,1
23001,1,1.267,0.8101,0.3417,0.8838,0.1887,2
23003,3,-0.0632,0.7969,0.7109,0.4769,-0.4443,2
23005,1,1.4482,0.8148,0.0066,1.6251,1.145,2
23007,3,0.1729,0.775,0.334,0.5426,-0.3609,2
23009,3,-0.0759,0.8251,0.0687,1.0151,0.3437,2
23011,2,0.7864,0.8007,0.6835,1.0654,0.296,2
23013,3,0.6097,0.7639,0.5179,0.8647,0.586,2
23015,4,0.2583,-0.0919,0.6782,0.1449,0.5932,2
23017,3,0.182,0.8088,0.2056,0.3258,0.2286,2
23019,1,0.5088,0.8944,0.7062,1.0256,0.1248,2
23021,4,-0.5452,0.4515,0.4648,0.187,-0.8612,2
23023,1,0.9264,0.7794,0.3874,-1.0937,1.0313,2
23025,3,0.1165,0.8065,0.308,0.0841,-0.2709,2
23027,3,-0.0121,0.8274,0.5053,0.1581,0.2578,2
23029,3,-0.3712,0.7642,0.3135,-1.0393,-1.0026,0
23031,1,1.0782,0.8217,0.0501,0.4004,0.915,2
24001,1,1.1727,0.9944,0.4764,0.9227,-0.1573,2
24003,1,1.6116,1.0257,0.5495,1.032,2.2157,2
24005,1,1.8761,1.1643,0.8846,1.1199,1.7861,2
24009,1,0.6304,0.9693,-0.0718,0.3188,2.4969,2
24011,3,0.2624,1.1135,0.4699,-0.3996,0.4683,2
24013,1,1.1785,1.1757,1.0787,0.7223,2.4378,2
24015,1,1.1953,1.1313,0.7805,0.565,1.2908,2
24017,1,1.0536,1.0283,-0.6473,0.5375,2.5247,2
24019,3,0.4011,1.0048,0.359,0.6106,-0.0253,2
24021,1,1.4504,1.1245,1.1767,0.8877,2.2987,2
24023,3,0.3061,1.15,0.1068,0.8777,0.2188,2
24025,1,1.4644,1.1102,0.8381,0.5699,2.1608,2
24027,1,1.5243,0.9217,0.9817,1.0507,3.4977,2
24029,3,0.9882,1.0017,0.4857,0.6956,0.5173,2
24031,1,1.5958,1.1581,0.8307,1.2518,2.7231,2
24033,1,1.492,-1.5327,-0.0292,0.8097,1.5091,1
24035,1,0.7906,-1.532,0.2947,0.1832,2.0851,1
24037,2,0.5138,-1.542,-0.5041,0.2474,1.7669,1
24039,1,0.0738,0.9367,0.1292,-0.6821,-0.6882,0
24041,3,0.7791,0.9339,0.3887,1.6183,1.1599,2
24043,1,1.4049,1.1178,0.779,1.0957,0.8491,2
24045,1,1.1127,1.025,0.0996,1.1303,0.4325,2
24047,2,0.6093,1.0326,0.0021,0.9796,0.0323,2
24510,1,2.2201,-1.5312,0.0129,1.2834,-0.9324,1
25001,1,0.609,0.9909,-0.0196,1.6126,1.0727,2
25003,1,0.9505,0.9894,0.4856,1.6211,0.6201,2
25005,1,1.5112,0.9478,-0.0087,0.8566,0.5565,2
25007,3,0.1753,0.8921,-0.0525,0.6893,1.106,2
25009,1,1.5108,0.9751,0.6408,0.9738,1.4958,2
25011,1,1.0889,0.6975,0.5554,1.165,0.8744,2
25013,1,1.6124,0.0904,0.4325,0.9493,0.1941,2
25015,1,1.2401,1.0214,0.4971,1.2827,1.1195,2
25017,1,1.638,1.053,0.7102,1.1885,2.1634,2
25019,3,-0.2156,-0.4116,-4.6953,0.8318,2.0468,1
25021,1,1.5193,0.6959,0.3057,1.1701,2.565,2
25023,1,1.3009,0.9621,-0.1206,0.7481,1.8149,2
25025,1,1.7756,-1.5648,0.0596,1.6801,-0.2714,1
25027,1,1.2507,1.0177,0.8509,0.7696,1.1192,2
26001,4,-0.9787,-1.4013,-1.2345,-0.1414,-0.8511,1
26003,4,-1.2608,0.491,-0.4539,1.2357,-0.3795,2
26005,2,0.8024,0.7774,-0.4603,0.3183,1.2859,2
26007,3,0.1817,0.7012,-0.7762,1.3015,0.1302,2
26009,4,-0.2638,0.6712,-0.2331,0.5529,0.2807,2
26011,4,-0.3084,0.7375,-0.333,-0.0058,-0.4855,2
26013,4,-1.1586,-0.0952,0.0568,0.3684,-0.3606,2
26015,1,0.4435,0.755,-0.003,-0.3274,1.4864,2
26017,1,1.0899,0.8015,-0.1766,0.9769,0.5919,2
26019,4,-0.2266,0.8392,-0.8487,0.7992,0.353,2
26021,1,0.9244,0.882,-0.0363,1.111,0.3027,2
26023,3,0.6696,0.7134,0.8641,0.4743,0.4406,2
26025,1,1.0479,0.9098,0.2929,1.1965,0.4402,2
26027,1,0.8677,0.6896,0.2026,0.2032,0.8384,2
26029,3,0.1363,0.8118,-0.0324,0.9596,0.5712,2
26031,3,-0.4285,0.6856,-0.8532,0.8853,-0.6014,2
26033,2,0.0148,0.8923,-0.4662,-0.1458,-0.4361,0
26035,3,-0.0682,0.7098,-0.7025,0.2618,-0.7738,2
26037,1,0.6992,0.7908,0.3244,0.1319,1.9466,2
26039,3,-0.4573,0.652,-0.8633,1.16,-0.4817,2
26041,2,0.181,0.5433,-0.2042,1.0158,0.2069,2
26043,2,0.2066,0.6629,-0.0196,1.0094,0.3464,2
26045,1,0.8577,0.8093,0.385,0.78,1.8487,2
26047,3,0.0413,0.7007,-0.2732,1.3771,0.5605,2
26049,1,1.0662,0.7533,0.2884,0.6907,0.4726,2
26051,3,-0.0769,0.6629,-0.3824,0.1477,-0.517,2
26053,3,-0.2284,0.7014,0.019,1.24,-0.5732,2
26055,2,0.5069,0.8898,-1.0298,1.5643,1.1095,2
26057,3,0.4425,0.8252,0.3486,0.5513,0.6262,2
26059,3,0.567,0.7451,0.5954,0.1521,0.939,2
26061,2,0.0086,0.6733,-0.2973,0.2319,-0.3839,0
26063,3,-0.1832,0.7397,0.0,0.7015,0.0649,2
26065,1,1.2799,0.8567,0.0634,1.0246,0.5212,2
26067,1,0.4748,0.8655,-0.0474,0.0031,1.0452,2
26069,3,-0.3529,0.6556,-0.5112,0.2657,-0.7283,2
26071,3,-0.4289,0.4328,0.4402,0.3095,-0.5487,2
26073,2,0.6503,0.8113,0.1482,0.529,0.0553,2
26075,1,1.2276,0.9068,0.3086,0.4825,0.8467,2
26077,1,1.3164,0.7668,0.2176,0.6503,0.7224,2
26079,3,-0.2879,0.6284,-0.5566,-0.0195,-0.2252,2
26081,1,1.3054,0.8101,-0.185,0.8133,1.056,2
26083,4,-1.7303,0.4185,-5.1128,-3.7289,-0.9469,0
26085,4,-0.4463,0.4027,-0.9616,0.7714,-1.6238,2
26087,1,0.5799,0.7321,0.0842,0.1875,1.6926,2
26089,4,-0.3974,0.6266,-0.4795,0.2923,1.1732,2
26091,2,0.9677,0.7496,0.5886,0.2384,1.12,2
26093,1,0.8828,0.6728,0.7084,0.0468,2.6349,2
26095,3,-1.1974,-0.2888,-0.403,0.5328,-0.9017,0
26097,3,-1.1641,0.7259,-0.4248,0.1348,-0.8188,0
26099,1,1.4048,0.7082,0.1861,0.2125,1.357,2
26101,3,0.3274,0.6609,-0.8055,1.2962,-0.0621,2
26103,2,0.3461,0.8786,0.0191,0.189,0.2164,2
26105,3,0.2712,-0.0738,-0.6959,-0.0012,-0.0337,2
26107,3,0.3477,0.7711,-0.3211,0.3222,-0.3901,2
26109,3,0.6856,0.6929,-0.1657,-0.8909,0.0808,2
26111,2,1.1367,0.6733,-0.1191,0.6695,1.2155,2
26113,4,-0.2958,0.6686,-0.9559,0.3099,-0.2142,2
26115,1,1.1824,0.8343,0.857,0.3652,1.532,2
26117,3,0.2449,0.77,0.0203,0.2446,0.5831,2
26119,4,-0.7501,0.737,-1.0126,0.3908,-1.2139,2
26121,1,1.075,0.52,-0.6052,0.601,0.4937,2
26123,1,0.1478,-1.3952,-0.5646,-0.2577,0.2362,1
26125,1,1.4049,0.7844,0.4574,0.8531,2.0543,2
26127,4,-0.2069,0.6851,-0.5543,0.288,-0.4025,2
26129,4,-0.4355,0.7311,-0.6215,0.5082,-0.9788,2
26131,4,-1.2439,-0.2542,0.0476,1.0883,-0.6246,2
26133,3,-0.2391,0.7355,-0.7138,0.3872,-0.2441,2
26135,4,-0.8526,0.6477,-0.7385,0.3186,-1.2679,2
26137,3,-0.1142,0.6784,-0.4757,1.3475,0.4418,2
26139,1,1.1745,0.9326,-0.4833,0.1694,1.6467,2
26141,3,-0.7078,0.6937,-0.7701,0.974,-0.5926,2
26143,3,-0.1373,0.6626,-1.2376,0.6093,-0.8455,0
26145,1,1.1319,-0.0388,-0.0523,0.8206,0.2475,2
26147,1,0.8005,-1.514,0.1049,0.5766,1.1113,1
26149,2,0.915,-1.5162,0.877,0.3207,0.526,1
26151,3,-0.0926,0.8273,0.3373,0.2938,0.4826,2
26153,3,-0.72,-1.1706,-0.3872,0.9607,-0.8155,1
26155,2,0.7523,0.8537,0.2139,-0.0499,0.9778,2
26157,3,0.2899,0.7389,0.0195,0.2333,0.8862,2
26159,1,0.7026,0.6037,-0.0461,0.4515,0.5933,2
26161,1,1.2915,0.8987,1.0176,1.2277,1.3684,2
26163,1,1.7006,0.8872,0.5569,0.4043,0.1079,2
26165,3,0.8122,0.7571,-1.5031,0.8687,0.0618,2
27001,4,-1.0095,1.0305,0.0918,0.1858,-0.5611,2
27003,1,1.2277,1.1131,0.0346,0.2858,2.3039,2
27005,3,-0.4301,1.0274,0.4713,1.2443,0.1022,2
27007,3,-0.4253,0.9893,-0.1733,1.1101,-0.2031,2
27009,1,0.3157,1.0091,0.7361,0.0293,1.1646,2
27011,4,-0.7989,1.0234,0.9331,1.1145,0.0293,2
27013,2,0.6601,0.9869,0.8067,1.7675,0.8072,2
27015,3,-0.0247,0.9965,1.0185,1.31,1.0461,2
27017,1,-0.0186,1.0334,0.2719,0.6988,0.5877,2
27019,1,0.6117,1.0597,0.551,0.5226,2.9484,2
27021,4,-1.0169,1.0275,-0.0518,1.0095,-0.1444,2
27023,3,-0.6013,0.3282,1.0241,1.0996,0.6183,2
27025,1,0.1625,1.0097,0.3563,0.1803,1.9316,2
27027,1,0.3623,1.0746,0.8546,0.7527,0.7794,2
27029,4,-1.3323,0.9627,0.1689,0.5739,-0.5403,2
27031,4,-1.5602,1.0136,0.7612,0.9647,-0.3103,2
27033,3,-1.0541,1.0127,1.1138,1.0709,0.4483,2
27035,2,-0.0904,1.0079,0.1805,1.5533,0.3674,2
27037,1,1.2233,1.0111,0.6834,0.6034,2.5874,2
27039,1,-0.5196,0.053,0.6238,0.6298,1.719,2
27041,3,-0.404,1.0409,0.7457,0.8392,0.7294,2
27043,3,-0.4352,1.0079,0.8141,1.0835,0.7002,2
27045,4,-0.7184,1.0065,0.8067,1.0741,0.8651,2
27047,3,0.1975,0.0583,0.8573,0.9915,0.7763,2
27049,2,0.4441,1.0135,0.529,1.1467,1.6554,2
27051,4,-1.1814,0.0297,0.9472,-0.0585,0.4822,2
27053,1,1.5187,1.0467,0.4433,1.2491,1.5082,2
27055,1,-0.1824,0.9902,0.4284,-0.2774,1.2147,2
27057,3,-0.5976,0.977,0.244,1.0901,0.0732,2
27059,1,-0.0657,0.9822,0.0302,0.4222,1.7625,2
27061,3,-0.5232,1.009,-0.0526,1.2164,0.2569,2
27063,3,-0.4814,-1.4279,0.9093,0.8267,0.8805,1
27065,3,-0.3586,0.9932,0.2831,0.4307,0.415,2
27067,2,0.1437,1.0253,1.0234,1.2891,0.7405,2
27069,4,-1.4955,0.0258,0.6624,-0.3472,0.1029,2
27071,3,-0.3206,1.0687,0.1048,1.4769,-0.0013,2
27073,4,-1.0165,0.9812,0.9731,0.7356,0.7605,2
27075,3,-0.5826,0.9919,0.3487,1.0736,0.2864,2
27077,4,-1.9,0.0152,-0.0817,1.3253,-0.2415,2
27079,3,-0.1727,1.0113,0.6763,0.319,1.3716,2
27081,4,-1.0868,-1.4752,0.8234,0.8391,0.4954,1
27083,3,-0.2383,0.9837,1.0017,1.2382,0.7091,2
27085,3,0.1713,1.0121,0.6433,1.1113,1.4629,2
27087,4,-1.486,-1.3729,0.3472,0.4713,-0.57,1
27089,4,-1.4163,0.0237,0.7535,-1.2143,0.1354,2
27091,3,-0.0353,0.9758,0.9304,1.1709,0.6635,2
27093,3,-0.0823,1.0591,0.7803,0.5319,0.9288,2
27095,3,-0.2275,1.0155,0.3789,0.7402,0.4573,2
27097,3,-0.0039,1.0308,0.6086,0.9149,0.4433,2
27099,2,0.1032,1.0065,0.7547,1.4626,0.71,2
27101,4,-1.0162,0.0542,0.9766,0.8311,0.6416,2
27103,2,0.4087,0.9751,0.7965,-0.0933,1.573,2
27105,3,-0.2011,0.9852,0.8841,1.1869,0.3826,2
27107,4,-1.1421,0.0324,0.7484,-0.2297,0.3797,2
27109,1,0.405,1.001,0.6547,1.3476,1.7136,2
27111,3,-0.4355,1.0517,0.7162,0.9952,0.0715,2
27113,3,-0.6281,1.0224,0.5505,1.1603,0.2,2
27115,3,-0.6214,1.0502,0.262,0.0903,-0.0066,2
27117,3,-0.2979,1.0075,0.8865,0.8057,0.4942,2
27119,1,-0.1258,0.0478,0.9132,1.0295,0.3939,2
27121,4,-0.8387,1.0204,0.7931,0.8193,0.4792,2
27123,1,1.667,1.0047,-0.1622,1.1898,1.0921,2
27125,4,-1.4111,0.7084,0.5857,0.6431,0.0977,2
27127,3,-0.7118,1.0241,1.2407,0.8169,0.9231,2
27129,4,-0.8958,0.06,1.1399,0.4151,0.824,2
27131,2,0.483,1.012,0.7077,0.864,1.3756,2
27133,3,-0.3022,0.7106,0.8708,-0.0545,1.0537,2
27135,3,-1.3568,1.0316,0.1932,0.2545,0.6938,2
27137,1,0.5849,-1.502,0.3195,1.4104,0.2344,1
27139,1,0.8684,1.0282,0.528,0.641,2.8795,2
27141,1,0.4885,1.027,0.6143,0.3128,2.5211,2
27143,4,-0.4791,0.0498,0.9578,-0.3763,1.1901,2
27145,1,0.6216,1.0621,1.0414,1.1483,1.1721,2
27147,2,0.0532,1.0027,0.8462,1.0847,1.4626,2
27149,3,-0.8966,0.0282,0.9576,0.373,0.5672,2
27151,3,-0.632,1.0158,0.9865,0.28,0.6608,2
27153,3,-0.7789,0.7166,0.6174,0.1392,0.0264,2
27155,4,-1.2817,-1.3407,0.8548,-0.3064,0.103,1
27157,1,-0.1186,1.0292,0.4865,1.2685,1.3412,2
27159,3,-0.8236,1.0326,0.2797,0.7685,-0.0697,2
27161,3,-0.0496,-1.3363,0.9073,0.7247,1.374,1
27163,1,1.2366,1.0157,0.4166,0.4804,2.9102,2
27165,3,-0.3498,1.064,0.858,0.2814,0.5256,2
27167,3,-0.2189,-1.4148,0.9092,0.1006,0.9415,1
27169,2,0.4044,1.0164,0.4791,1.2242,0.7007,2
27171,1,0.456,1.0388,0.7179,0.3136,2.0518,2
27173,4,-1.0865,0.7761,1.0015,0.8259,0.6413,2
28001,2,0.6351,-1.5529,-0.9217,1.3644,-1.0207,1
28003,3,0.4807,-1.5444,-1.2355,0.3486,-0.2597,1
28005,4,-0.1828,-1.548,-1.9227,-1.7845,-1.2611,0
28007,3,0.0493,-1.5459,-1.2111,-1.5728,-1.0954,0
28009,4,-0.3095,-1.537,-1.3035,-1.8883,-1.4462,0
28011,2,0.2497,-1.5451,0.831,0.083,-1.7108,1
28013,3,0.0368,-1.5445,-0.9931,-1.5995,-0.9244,0
28015,4,-0.4072,-1.5423,-0.9739,-2.8353,-0.679,0
28017,3,0.1901,-1.5461,-0.3481,-0.3695,-0.9624,1
28019,4,-0.0842,-1.5444,-0.8237,-1.25,-1.2538,1
28021,3,0.342,-1.5476,-0.8261,-0.4582,-1.972,1
28023,4,-0.1066,-1.5471,-1.798,-1.9156,-1.1395,1
28025,3,0.6595,-1.5454,-0.0692,0.3762,-0.9316,1
28027,2,0.5696,-1.5445,0.7009,0.9652,-1.6151,1
28029,1,0.4404,-1.5475,-1.3642,-0.6356,-1.2059,0
28031,4,0.2472,-1.5491,-1.6696,-0.9162,-1.0231,1
28033,1,1.246,-1.543,-0.1451,-0.1519,1.1961,1
28035,1,1.2171,-1.553,-2.0243,0.7477,-0.6113,1
28037,4,-0.5562,-1.5486,-2.0293,-1.667,-1.5713,0
28039,1,0.2408,-1.5503,-1.8359,-0.4521,-0.6495,0
28041,4,-0.3318,-1.5502,-1.9313,-1.991,-1.0264,0
28043,3,0.6416,-1.544,-1.1911,0.5132,-0.8868,1
28045,1,0.6008,-1.5547,-1.7613,0.0782,-0.1574,1
28047,1,1.1433,-1.5566,-2.1481,0.5705,0.0197,1
28049,1,1.1931,-1.5389,-0.5945,0.7857,-0.3041,1
28051,3,-0.4234,-1.5454,-0.344,-0.3901,-2.7259,0
28053,3,-0.0444,-1.5447,0.4685,-0.2375,-2.4688,1
28055,4,-0.7102,-1.5429,0.4593,-3.3444,-2.1222,0
28057,3,0.289,-1.5392,-1.1948,-0.5532,-0.5477,1
28059,1,1.2968,-1.5562,-1.4049,-0.1137,0.2931,1
28061,4,-0.017,-1.5497,-1.3891,-1.4365,-1.1833,1
28063,3,0.162,-1.548,-1.154,-2.0923,-2.3694,0
28065,4,-0.1772,-1.5503,-1.8142,-1.6811,-1.7252,0
28067,2,0.8084,-1.5517,-1.8433,0.3818,-0.5487,1
28069,4,-0.4556,-1.5466,-0.5527,-1.5345,-1.7027,1
28071,3,0.3265,-1.5404,-1.347,0.4474,-0.3215,1
28073,1,0.3672,-1.5524,-1.8569,0.2586,0.8401,1
28075,2,0.9042,-1.5471,-1.507,0.787,-0.5822,1
28077,4,-0.0459,-1.5489,-1.9561,-0.9144,-0.7346,1
28079,3,-0.2196,-1.5466,-1.431,-1.1569,-1.1398,0
28081,2,1.2043,-1.5417,-0.4851,1.1761,0.0538,1
28083,2,0.8712,-1.5447,0.4156,0.5251,-2.3257,1
28085,3,0.4162,-1.5506,-1.4514,0.3079,-0.6819,1
28087,2,0.8765,-1.5496,0.0444,0.9049,-0.5286,1
28089,1,0.9448,-1.5451,-0.3021,0.1742,0.9612,1
28091,3,0.4204,-1.5511,-1.9656,0.0368,-1.0978,1
28093,1,0.4013,-1.537,-0.7697,-0.7278,-0.7514,0
28095,3,0.6701,-1.5479,-0.408,-0.0614,-0.611,1
28097,3,-0.109,-1.5451,-1.4918,-0.6318,-1.1924,0
28099,3,0.2809,-1.5476,-1.3816,-0.5361,-0.9762,1
28101,3,0.1195,-1.5462,-1.2063,-0.2115,-0.6939,1
28103,3,0.3383,-1.5465,0.5218,-1.1477,-1.8303,1
28105,2,0.6627,-1.546,-0.1279,0.454,-1.1591,1
28107,3,0.2634,-1.5425,-0.9842,0.1991,-0.9409,1
28109,3,0.4427,-1.5515,-1.8782,-0.3508,-0.4865,1
28111,1,-0.1211,-1.5515,-2.2157,-2.1488,-0.872,0
28113,3,0.6878,-1.5525,-1.6735,0.9492,-1.2,1
28115,3,0.4481,-1.5453,-0.5066,-1.0533,-0.1228,1
28117,3,0.571,-1.5451,-0.9871,-0.9245,-0.6172,1
28119,3,-0.0165,-1.5418,0.4469,-2.1,-1.82,0
28121,1,0.8832,-1.5477,-0.8176,-0.2465,0.899,1
28123,3,0.1396,-1.5481,-0.7932,-0.598,-1.0174,1
28125,4,0.1434,-1.5451,0.5636,-0.8547,-2.3011,1
28127,1,0.2406,-1.5499,-1.637,-0.7202,-0.7751,0
28129,4,-0.2195,-1.5459,-1.5375,-3.1736,-0.6413,0
28131,1,0.4599,-1.5526,-2.0236,-0.4162,-0.4148,0
28133,2,0.0437,-1.5438,0.6315,-0.5915,-1.8195,0
28135,3,0.2695,-1.5424,-0.0121,-1.053,-1.8313,1
28137,1,0.6427,-1.5383,-0.6399,-0.8464,-0.3434,0
28139,3,0.4837,-1.5431,-0.9856,-0.8002,-0.6009,1
28141,4,0.3503,-1.5421,-1.3029,-0.3064,-0.6717,1
28143,1,0.1169,-1.5415,0.9548,0.7962,-1.8689,1
28145,3,0.4239,-1.5431,-0.653,-0.5187,-0.2277,1
28147,4,0.3833,-1.5517,-1.6348,-0.7751,-1.4593,1
28149,2,0.8205,-1.5482,0.1828,0.9843,-0.2765,1
28151,2,0.6365,-1.546,0.7199,0.8219,-1.3769,1
28153,3,0.1055,-1.5505,-1.5453,-0.5118,-1.2103,1
28155,4,0.1153,-1.5441,-0.898,-1.0516,-0.6467,1
28157,4,-0.3305,-1.5531,-1.5344,-0.6318,-2.44,1
28159,3,0.3219,-1.546,-0.7918,-0.0381,-1.0141,1
28161,3,-0.2562,-1.5415,-1.6008,-1.3118,-0.9381,0
28163,3,0.6883,-1.5447,-0.0947,0.0432,-1.6501,1
29001,3,0.2846,0.8615,-0.3039,0.9383,-0.4983,2
29003,1,-0.0447,0.9087,0.0465,-1.0252,1.0051,0
29005,4,-0.553,0.8968,0.8135,-0.5784,0.1348,2
29007,3,0.1333,0.8531,-0.0094,0.462,-0.0838,2
29009,3,-0.0178,0.8604,0.2699,-0.1045,-0.4852,2
29011,3,-0.2198,0.8255,0.3492,0.549,-0.1432,2
29013,1,-0.3142,0.8625,0.4489,-0.1044,-0.2044,0
29015,4,-0.7343,0.9001,-0.1269,0.5257,-1.1168,2
29017,4,-0.5753,0.8742,-0.1626,-1.501,-0.4898,2
29019,1,0.6651,-0.6093,-0.1488,1.1381,0.4685,1
29021,1,0.8266,-1.5184,0.7636,0.9531,0.2075,1
29023,3,0.3655,0.8354,0.2676,1.0957,-0.7576,2
29025,1,-0.7722,0.8892,0.2946,-0.888,0.0029,0
29027,1,-0.0032,0.8374,-0.2136,0.0604,0.566,0
29029,3,-0.2263,0.8916,-0.2341,1.1701,0.2448,2
29031,2,0.7083,0.873,0.0569,0.8272,0.4055,2
29033,3,-0.5552,0.899,0.9246,-0.9648,-0.0149,2
29035,4,-0.9476,-0.6602,-0.3714,-1.2344,-1.6245,0
29037,1,0.6206,0.8781,0.9697,-0.3284,1.5348,2
29039,3,-0.4721,-1.4357,-0.2781,-0.5403,-0.5677,1
29041,4,-0.9091,0.8944,0.2826,-0.0228,0.1238,2
29043,1,0.253,0.8097,0.0326,-0.5419,0.8509,0
29045,4,-0.4861,0.8689,0.0389,-0.5863,-0.3197,2
29047,1,1.445,0.8939,0.4807,0.4356,1.489,2
29049,1,0.0756,0.8871,0.3203,-0.6247,0.9079,0
29051,1,0.605,0.9016,-0.065,1.0794,0.9943,2
29053,3,-0.2333,0.8865,0.3493,0.6332,0.3389,2
29055,3,-0.3323,0.0755,-0.4331,-0.4796,-0.612,0
29057,4,-0.579,-1.4738,0.7414,-0.9767,-0.3037,1
29059,1,-0.5989,0.8984,0.1582,-0.1522,-0.5565,0
29061,4,-0.9505,0.8971,-0.2341,-0.6019,-0.0813,2
29063,1,-0.7566,0.929,-0.0269,0.335,0.1893,0
29065,3,0.0942,0.8619,-0.8032,-0.5707,-0.8982,0
29067,3,-0.6782,0.887,-0.5631,-2.5232,-0.6168,0
29069,3,0.2195,-0.6387,0.7713,0.264,-1.2342,1
29071,1,0.5598,0.0984,0.0419,0.2513,0.7898,2
29073,3,-0.0445,0.8768,-0.3346,0.2985,-0.1417,2
29075,4,-1.0712,0.8969,0.1889,0.6695,-0.0226,2
29077,1,0.9244,0.898,0.1489,0.8238,0.2914,2
29079,3,-0.4271,0.8206,0.0846,0.9174,-0.4041,2
29081,3,-0.7727,0.8933,-0.2619,0.586,-0.1343,2
29083,3,0.1334,0.9208,0.7925,0.8191,-0.1422,2
29085,4,-0.789,0.8316,0.0723,-1.2033,-1.2961,2
29087,4,-0.446,0.94,0.7409,0.7894,-0.051,2
29089,1,-0.6001,0.9035,0.3894,0.0216,0.0875,0
29091,3,-0.1033,0.8488,-0.2212,1.0171,-0.6959,2
29093,3,-0.4169,0.8342,-0.3016,-0.3352,-1.0473,0
29095,1,1.4111,0.8508,0.8625,0.8892,0.5092,2
29097,1,0.8507,0.8567,0.6207,0.6465,-0.1816,2
29099,1,1.1707,0.3189,0.1708,-0.3235,0.8746,2
29101,2,0.2748,0.9203,0.5812,0.0637,0.213,2
29103,4,-1.078,-1.5278,-0.2132,-1.2939,-0.5369,1
29105,3,0.2169,0.0773,-0.1325,0.6175,-0.3206,2
29107,1,-0.2175,0.9012,0.7631,0.1835,0.5291,2
29109,3,0.1101,0.9161,0.102,-0.0657,-0.0378,2
29111,4,-0.2968,0.8709,-0.1382,-0.6633,-0.1829,2
29113,1,0.2805,0.0463,0.3392,-0.8527,0.5092,0
29115,3,-0.4766,0.8734,-0.152,0.276,-0.201,2
29117,3,0.2908,0.8416,0.2982,0.9953,0.1561,2
29119,1,-0.1433,-1.4533,-0.3023,-0.1544,-0.7839,0
29121,3,-0.424,0.8082,-0.2963,-0.1635,-0.0514,2
29123,3,-0.3494,0.8673,-0.1578,-0.0803,-0.945,0
29125,4,-0.7077,0.5551,-0.9476,-1.5454,-0.1216,2
29127,2,0.7502,0.8982,0.09,0.9992,-0.0275,2
29129,4,-1.3751,0.8598,-0.2128,0.0342,-0.2387,2
29131,3,-0.2956,0.9279,-0.6009,0.1565,-0.2214,2
29133,3,0.3482,-0.6378,0.9273,0.4256,-1.4186,1
29135,1,-0.1512,0.91,0.0608,-1.2651,0.4191,0
29137,4,-0.682,0.8811,-0.1481,0.0509,-0.1676,2
29139,4,-0.4404,0.8325,-0.1308,-0.2387,-0.3329,2
29141,4,-0.4115,0.9451,0.0695,0.2747,-0.7214,2
29143,3,0.0847,-0.6293,0.5821,0.0431,-1.0993,1
29145,1,0.3716,0.876,0.575,1.2449,0.2446,2
29147,3,0.2035,0.927,0.2925,0.4013,0.1226,2
29149,4,-0.9207,0.883,-0.6679,-0.066,-1.1182,2
29151,1,-0.5421,-0.6218,-0.6005,-0.5079,0.4103,0
29153,4,-0.922,0.0756,-0.4274,-0.9354,-1.0726,0
29155,3,0.3271,0.5541,1.0166,0.1849,-1.7322,2
29157,3,0.3223,0.863,0.1566,0.2191,0.1254,2
29159,2,0.2442,0.9101,0.4177,0.4531,-0.0558,2
29161,2,0.1685,0.5966,-0.7181,1.0818,-0.3156,2
29163,3,0.2107,0.8919,0.115,1.0006,-0.2173,2
29165,1,1.0577,0.8944,0.7004,0.0127,2.0127,2
29167,1,-0.4051,-1.4284,0.3209,-0.0837,-0.2263,0
29169,2,-0.2346,0.8328,-0.836,0.1436,0.3139,0
29171,4,-0.8942,0.8645,-0.3173,-1.3427,-0.4853,2
29173,4,-0.2602,-1.5275,0.3087,0.4745,0.3496,1
29175,3,0.0827,0.8804,0.114,0.8783,-0.1834,2
29177,1,0.1359,0.8859,0.814,-1.0611,0.6561,0
29179,4,-0.8828,0.8359,-0.9457,-0.203,-1.5563,2
29181,4,-0.6527,0.8698,-0.2677,-0.3612,-1.4203,2
29183,1,1.2896,-1.5459,0.4446,0.2197,1.9803,1
29185,4,-0.8309,-1.5265,-0.2371,-0.7909,-0.9732,1
29186,3,-0.0119,-1.5272,-0.1197,0.3479,0.3036,1
29187,2,0.6426,-1.531,0.5536,0.6809,-0.5453,1
29189,1,1.7439,-1.5375,0.522,0.7327,1.4506,1
29195,3,0.1626,0.8552,0.3421,0.5289,-0.0284,2
29197,4,-1.0992,-1.5258,-0.2492,0.0565,-0.331,1
29199,4,-0.6356,0.8491,0.1062,-0.1685,-0.4869,2
29201,2,0.5131,0.859,0.2116,0.3052,-0.3464,2
29203,4,-0.9899,0.8356,-0.504,-0.7357,-1.5211,0
29205,4,-0.8878,0.8663,-0.3806,0.0996,-0.3248,2
29207,3,0.2623,-0.6142,0.088,0.0119,-0.7366,1
29209,4,-0.1352,0.8749,-0.0808,-0.263,0.0001,2
29211,4,-1.158,0.8336,-0.2909,-0.8715,-0.6848,2
29213,3,-0.1091,0.8784,-0.0561,1.9495,-0.1601,2
29215,4,-1.0232,-0.615,-0.4001,-0.0066,-0.9032,1
29217,3,0.0082,-1.4391,0.1749,0.8095,-0.212,1
29219,1,0.2902,0.0609,-0.0004,-0.6552,0.52,0
29221,1,0.1737,0.9133,0.186,-1.0874,-1.1797,0
29223,4,-0.6084,0.8268,-0.4878,-0.7104,-1.77,2
29225,1,-0.2064,-1.0977,-0.0625,-1.0092,0.0635,0
29227,4,-1.4465,0.8844,0.0852,-2.3267,-0.2679,0
29229,3,-0.701,0.8732,0.1153,0.1457,-0.8285,2
29510,1,2.126,-1.5209,0.1118,0.8824,-1.4543,1
30001,3,-1.027,1.081,0.6549,0.3774,-0.0394,2
30003,3,-1.8136,1.0809,0.3656,-0.5193,-1.7135,0
30005,4,-2.3141,0.9766,0.6174,0.3897,-1.2757,2
30007,4,-1.2292,0.9592,1.1109,-0.1986,0.301,2
30009,1,-1.111,1.0137,0.6573,0.0235,0.1123,0
30011,4,-2.5716,-1.4817,0.5186,-0.7898,-0.3799,1
30013,1,-0.1847,1.0154,0.9965,1.1897,0.2079,2
30015,4,-2.2071,1.0361,0.8228,-1.1481,-0.2642,2
30017,3,-0.7175,0.0212,0.4117,0.9602,-0.0402,2
30019,4,-2.5465,-0.0853,0.8411,-0.2188,-0.2045,2
30021,3,-1.1197,0.0207,0.4697,-0.2141,0.1911,2
30023,3,-0.9371,-1.4876,0.994,1.1066,-0.6119,1
30025,4,-2.5353,0.9568,0.5185,-0.4767,0.1959,2
30027,3,-0.8529,0.9575,0.9039,1.0863,-0.0127,2
30029,2,0.4086,1.0703,0.5613,1.3323,0.2149,2
30031,2,0.3724,1.0753,0.8066,1.306,0.6099,2
30033,4,-2.9895,-1.4899,0.3313,-1.2802,-1.2789,0
30035,3,-1.2781,1.0271,0.7178,-0.0141,-1.6069,0
30037,4,-2.9071,0.9835,0.3475,-3.5048,-1.1826,0
30039,4,-2.0472,0.9381,0.6574,-0.7565,-0.861,2
30041,3,-0.6283,0.9391,0.4134,0.3693,-0.3734,2
30043,4,-1.4096,1.0199,1.487,-0.3156,1.1477,2
30045,4,-2.8155,-0.1512,0.61,-0.8381,-0.314,0
30047,3,-0.9671,1.0351,0.7598,1.1506,-0.4776,2
30049,2,0.1203,1.0179,1.1077,1.682,0.6112,2
30051,4,-2.3906,0.9152,0.7383,-0.559,-0.3259,2
30053,3,-0.4284,1.031,0.3931,0.6008,-1.1087,2
30055,4,-2.6111,-1.4873,0.468,0.3957,-0.0605,1
30057,4,-2.2253,0.2389,0.761,0.2163,-0.0431,2
30059,4,-2.3414,-0.3527,0.8102,-0.6619,-1.0265,0
30061,4,-1.8245,1.0018,0.4983,-0.2841,-0.8562,2
30063,1,0.6827,1.0035,0.4238,1.6156,0.3588,2
30065,4,-1.6371,0.0636,0.2763,0.0113,-0.7974,2
30067,3,-0.49,1.0315,0.7916,1.6855,0.193,2
30069,4,-3.2418,-1.4857,0.3475,-2.7247,-1.0343,0
30071,4,-2.4286,0.9959,0.6776,-0.8165,-0.478,2
30073,3,-1.9984,0.9692,0.7968,-0.6637,-0.4164,0
30075,4,-2.3428,-1.5015,0.1659,-1.7798,-0.2315,0
30077,3,-1.6213,0.9954,0.9035,0.0304,-0.0755,2
30079,4,-2.7943,0.969,0.5643,-2.456,-0.4119,0
30081,3,-0.8942,1.0242,0.4801,0.4273,0.5021,2
30083,3,-1.0693,0.9348,0.6933,-0.5992,0.0604,2
30085,3,-1.2921,0.0952,0.6544,0.3418,-1.6066,0
30087,4,-1.3921,1.0183,0.5254,-0.3645,-0.53,2
30089,4,-1.5699,1.0139,0.8599,0.138,-0.8284,2
30091,4,-2.3742,-1.1539,0.9681,-0.2425,-0.0957,1
30093,2,0.0956,0.8473,1.3143,1.5834,0.0693,2
30095,4,-1.7324,0.9777,0.6655,-0.0336,0.4049,2
30097,4,-2.2372,0.0095,0.6566,-1.1701,0.2907,2
30099,4,-2.1676,0.9204,0.7098,0.3997,0.004,2
30101,3,-2.0072,0.944,0.6455,-0.4809,-0.0207,0
30103,4,-2.1131,0.879,0.4631,-2.4687,0.0111,0
30105,3,-1.8849,1.0284,0.7261,0.0927,-0.1497,2
30107,4,-2.471,0.9692,0.4347,-1.2052,-1.198,0
30109,4,-2.0478,-1.4876,0.5102,-3.7673,-0.4547,0
30111,1,0.4189,1.0652,0.3938,1.3567,0.7203,2
31001,2,0.61,0.9253,0.5667,0.6078,0.6549,2
31003,4,-1.2902,-0.0644,0.5401,0.0876,0.3369,2
31005,4,-2.1235,-0.0731,-1.2047,-2.5926,-0.2109,0
31007,4,-1.5037,-0.2117,0.3621,-4.8139,0.3452,0
31009,4,-2.7163,-0.1616,-0.9,-4.1925,-0.5327,0
31011,4,-0.9942,-0.1236,0.7713,0.1542,0.7742,2
31013,3,-0.9229,0.1092,0.4078,0.6275,0.6171,2
31015,4,-1.9565,-0.1831,1.1378,-0.2319,-0.2434,2
31017,4,-2.3634,-1.4724,-0.5981,0.617,0.0057,1
31019,2,0.206,1.0319,0.6324,0.9744,0.7911,2
31021,4,-0.9008,0.1428,0.9512,-0.1718,0.5877,2
31023,3,-0.5739,0.1489,0.8863,-0.5794,0.57,2
31025,1,0.2775,1.0245,0.7818,-0.3918,1.5434,2
31027,4,-1.2993,0.8835,1.1018,-0.6608,0.6099,2
31029,4,-1.7664,0.247,0.1997,-0.3024,0.5063,2
31031,3,-2.4724,0.9279,-0.7189,0.5848,0.1602,0
31033,3,-0.6228,0.9325,0.5134,-0.1728,0.5149,2
31035,4,-0.8884,1.0482,0.7066,-1.5417,0.7212,2
31037,3,-0.7337,0.6843,0.943,-0.9277,0.1828,2
31039,3,-0.8617,1.0065,1.0877,0.5695,0.6175,2
31041,3,-1.1658,1.0266,0.2898,0.3897,0.4366,2
31043,1,0.6089,0.9941,0.9506,-0.739,0.258,2
31045,3,-1.1605,0.6227,0.3971,1.3011,-0.163,2
31047,3,-0.135,1.0249,0.4646,0.7198,0.0912,2
31049,4,-1.775,0.6587,0.4406,-0.2254,0.6908,2
31051,1,-0.7138,0.4835,1.1299,-1.0634,0.6308,0
31053,2,0.5834,0.8894,1.1135,0.559,0.7557,2
31055,1,1.3853,0.6668,0.8103,0.8244,0.949,2
31057,4,-2.3441,0.0108,0.1305,0.1908,-0.0438,2
31059,4,-1.0096,0.952,0.8331,0.1839,0.9182,2
31061,4,-1.4823,0.6788,0.4697,-0.2408,0.1471,2
31063,4,-1.8536,0.6678,0.3723,-0.7869,0.3094,2
31065,4,-1.5347,0.3211,0.4578,-0.0599,0.2918,2
31067,3,0.4869,0.9912,0.8141,0.8604,0.7071,2
31069,4,-2.3955,0.3058,-0.4274,0.3997,-0.111,2
31071,4,-2.0992,0.2062,-0.3142,-0.0177,0.0413,2
31073,4,-1.6234,0.9237,0.3875,-2.4614,0.7152,2
31075,4,-2.8237,-0.2008,-1.2113,1.2096,-0.0071,2
31077,4,-1.9641,-0.2131,0.2178,-0.7712,0.2656,2
31079,2,0.3507,1.007,0.5959,0.6988,0.3557,2
31081,3,-0.4718,0.8847,0.8868,0.6622,1.1799,2
31083,4,-1.6594,0.8838,0.4723,0.3377,-0.0721,2
31085,4,-1.9414,0.331,0.3742,-3.2665,-0.106,0
31087,4,-1.8291,0.5345,0.4473,-2.826,-0.0688,0
31089,3,-1.5612,0.736,0.5614,-0.1503,0.3443,2
31091,4,-2.5724,-0.3172,-1.1016,-1.5528,0.1982,0
31093,4,-0.976,0.5923,0.3665,-1.089,0.5527,2
31095,3,-0.0363,0.9904,0.5755,0.338,0.5296,2
31097,4,-0.7677,1.0223,0.5856,-1.0053,0.3982,2
31099,3,-0.7068,0.3595,0.7783,0.0585,1.0525,2
31101,3,0.1122,0.4985,-0.0558,1.156,0.1223,2
31103,4,-2.6007,-1.36,0.1044,-3.0978,-0.8354,0
31105,3,-1.4558,0.5899,0.5478,-0.5033,0.2274,2
31107,4,-1.4715,0.579,0.8391,0.5031,-0.1653,2
31109,1,0.9485,1.0721,0.7799,0.6062,0.9478,2
31111,2,0.1656,0.9865,-0.2023,0.9511,0.578,2
31113,4,-2.5291,-0.2051,-0.8482,-4.6294,0.3773,0
31115,4,-2.4087,-0.2019,-0.4948,-4.1471,-0.1937,0
31117,4,-2.1054,-0.3067,-1.1551,-4.8941,-0.1831,0
31119,2,0.1347,0.4578,0.8423,1.1665,0.4059,2
31121,3,-0.6809,1.0748,0.7507,-0.6479,0.6631,2
31123,4,-1.6158,0.6248,0.2643,-0.4441,-0.2935,2
31125,4,-1.3816,0.149,0.5175,-0.4313,0.3487,2
31127,3,-0.5758,0.6003,0.6714,-0.1944,0.2856,2
31129,4,-1.1294,0.9914,0.5597,-0.5778,0.3759,2
31131,3,0.1831,0.0645,0.7527,0.8171,0.8143,2
31133,4,-1.1593,-0.3269,0.6736,-0.8106,0.2518,2
31135,4,-1.6304,-0.221,0.2392,-0.3427,0.6229,2
31137,3,-0.5037,0.7221,0.7753,0.0222,0.9664,2
31139,4,-1.2224,0.3612,0.9209,-0.7118,0.5358,2
31141,2,0.0453,0.7539,1.013,0.4017,1.0342,2
31143,4,-1.1047,0.9427,0.9199,-0.5646,1.0615,2
31145,3,-0.5009,0.6342,0.4037,0.8582,0.5582,2
31147,3,-0.751,0.9894,0.7164,0.1348,0.1798,2
31149,4,-2.2477,-0.1626,-0.1146,-1.2828,-0.3914,0
31151,3,-0.5601,0.4432,0.7581,-0.1752,0.6743,2
31153,1,1.0507,0.8928,0.6132,-0.4429,2.1903,2
31155,1,0.0008,1.0535,0.8677,-1.2353,1.2555,2
31157,2,-0.106,1.0589,0.5903,1.2055,-0.0562,2
31159,1,-0.0459,0.6759,0.7601,-0.6734,1.2573,2
31161,4,-1.9,0.9713,0.0133,1.012,0.1807,2
31163,4,-1.5559,-0.2084,0.4277,0.0139,-0.1311,2
31165,4,-2.5112,-1.3923,0.1416,-2.5653,0.0057,0
31167,4,-0.863,-0.2127,0.9342,-1.8833,1.0988,2
31169,4,-1.2094,0.8693,0.7276,-0.4938,0.4026,2
31171,4,-2.5606,-0.2034,-0.9793,-0.8235,-0.3428,0
31173,4,-0.7058,-0.2149,0.969,-0.0237,-0.9729,2
31175,4,-1.3769,0.9559,0.263,-0.007,0.2158,2
31177,1,0.3395,0.9988,1.2171,-0.5758,1.6795,2
31179,3,-0.4717,0.4416,1.1694,-0.5006,0.7072,2
31181,4,-1.2302,-0.1685,0.5453,-0.0597,0.1852,2
31183,4,-2.2523,-0.2101,-0.4828,-3.1448,-0.6466,0
31185,3,-0.3339,0.9954,0.9483,0.5639,0.9257,2
32001,3,-0.7518,1.0538,0.8732,0.4527,0.5236,2
32003,1,0.7465,1.2261,0.4952,0.6041,0.2889,2
32005,2,0.0208,1.0432,1.0026,0.5749,1.6017,2
32007,2,0.0549,1.0793,0.5084,0.365,0.4312,2
32009,4,-2.6641,-1.3457,0.5276,-2.7725,-0.787,0
32011,4,-2.3954,1.1035,1.0873,-2.4176,-0.6563,0
32013,3,-1.4536,0.9524,0.8235,0.516,0.1332,2
32015,3,-1.7971,-1.0356,1.1533,-0.8107,-0.3508,0
32017,4,-2.2518,-1.4625,0.5682,-0.8972,-0.5116,1
32019,3,-0.7008,1.0984,0.9497,-0.82,0.5726,2
32021,3,-1.7524,1.0373,0.4375,-1.27,-1.0141,0
32023,3,-1.506,1.0305,0.6794,-0.7485,0.2321,2
32027,4,-1.9141,-0.1587,1.1329,-1.6774,-0.2815,2
32029,1,-0.4197,-0.1185,0.6048,-2.0531,0.823,0
32031,1,0.616,1.1198,0.721,0.7465,0.6861,2
32033,3,-1.5566,0.983,0.8944,0.5329,-0.2764,2
32510,1,0.5708,-1.5101,0.7192,1.1808,0.9236,1
33001,2,0.7334,0.9973,-0.0162,1.1867,0.7944,2
33003,4,0.0077,1.0078,-0.1796,1.1667,0.4974,2
33005,2,0.8218,0.928,0.1457,0.6371,0.7477,2
33007,3,-0.0079,0.9498,0.0544,0.6164,-0.2871,2
33009,2,0.2693,0.9575,0.2091,1.2821,0.6406,2
33011,1,1.4779,0.9924,0.1777,0.8254,1.5518,2
33013,2,0.9593,0.9954,0.07,0.874,1.323,2
33015,1,1.1983,1.0221,0.2519,0.7902,2.0432,2
33017,1,0.9704,0.9615,0.1866,0.5553,0.9641,2
33019,3,0.4421,0.9803,0.2267,0.0425,0.7066,2
34001,1,0.9693,0.0352,-0.7054,0.5236,0.3156,2
34003,1,1.9614,0.0101,0.651,1.4495,2.2451,2
34005,1,1.6728,0.0861,0.0481,0.6109,2.0556,2
34007,1,1.8808,0.0619,0.2946,0.9483,0.9958,2
34009,1,0.6628,-0.0405,-0.1831,-0.1967,0.1732,0
34011,1,1.1649,0.1362,0.543,0.425,-0.3482,2
34013,1,2.0663,0.0682,0.182,1.3527,0.217,2
34015,1,1.63,0.056,0.6407,0.4083,1.6825,2
34017,1,2.4107,-1.5251,-5.0447,1.7739,-0.6101,1
34019,1,1.2898,0.0989,1.0499,1.293,3.5372,2
34021,1,1.7768,0.1642,0.7735,1.4291,1.2987,2
34023,1,1.8167,0.1353,0.868,0.7854,1.6414,2
34025,1,1.3241,0.0874,0.5119,1.1346,2.2286,2
34027,1,1.3617,0.149,0.7714,1.212,3.1837,2
34029,1,0.9714,0.0911,-0.4252,0.3048,0.9948,2
34031,1,1.8719,0.0447,0.6542,1.1744,0.567,2
34033,1,1.479,-0.0764,0.662,0.4035,0.9106,2
34035,1,1.5486,0.0168,0.8826,1.2451,3.0335,2
34037,1,0.8351,0.0815,0.8777,0.5742,2.4241,2
34039,1,2.0127,-0.0119,0.3396,1.0734,1.3586,2
34041,1,1.5021,0.0679,0.9462,1.084,1.9351,2
35001,1,0.7303,0.8417,0.1402,1.0285,0.2144,2
35003,4,-2.1957,0.7948,0.1439,-0.9306,-1.8705,0
35005,2,0.1282,0.6174,0.1475,0.5774,-1.1427,0
35006,3,-0.4515,0.8917,-0.2526,-0.0834,-1.6142,0
35007,3,-1.5977,0.9772,0.4749,1.2041,-0.6388,2
35009,2,-0.1981,0.8523,0.1609,0.0092,-0.6942,0
35011,4,-2.6871,-1.484,-0.0146,-0.3163,-1.2563,0
35013,1,0.518,1.0375,0.454,0.1054,-1.2876,0
35015,2,0.1845,0.9399,-0.2336,0.5945,-0.7269,0
35017,3,-0.3812,1.0025,0.6226,0.8458,-0.8281,2
35019,3,-2.3247,-0.1517,-0.3249,0.488,-1.6828,0
35021,4,-3.13,0.7801,-0.4511,-2.4277,-1.3305,0
35023,3,-0.8288,-1.4574,0.4346,-0.6309,-1.8069,0
35025,2,0.1048,0.9633,0.2079,-0.0717,-1.3305,0
35027,3,-0.8373,0.8405,-0.2842,1.2321,-0.4945,2
35028,3,-0.3183,-1.4721,-0.5648,-0.1537,3.0694,1
35029,3,-0.5133,0.9251,0.6632,-0.2212,-2.8057,0
35031,2,-0.2785,0.9082,-0.2474,-0.5503,-3.1729,0
35033,4,-1.8426,0.8425,-0.0281,-0.8526,-2.3281,0
35035,2,0.0292,0.8342,-0.227,-0.093,-0.7707,0
35037,3,-0.8548,0.8548,0.0088,0.4812,-1.1495,0
35039,3,-0.7493,0.9465,0.2826,-0.0564,-1.227,0
35041,3,-0.3588,0.8472,0.2327,-0.6789,-1.1482,0
35043,1,0.3189,0.7834,0.0142,-0.4992,0.6344,0
35045,1,0.3244,0.8546,0.6099,-0.0047,-0.9675,0
35047,3,-0.3408,0.9154,-0.0284,0.5223,-1.6126,0
35049,1,0.3933,1.0168,0.4547,1.3177,0.6062,2
35051,3,-0.3353,-0.1198,0.2946,0.0317,-1.397,0
35053,3,-0.7112,0.9149,0.373,0.0448,-1.7954,0
35055,3,-0.8691,1.0499,0.5886,1.3941,-1.115,2
35057,1,-1.0825,0.4179,-0.0747,-0.5952,-0.6882,0
35059,4,-2.5387,0.9915,0.1045,0.4395,-0.7755,2
35061,1,-0.0674,0.8089,0.108,-0.6088,-0.2769,0
36001,1,1.3913,-0.0345,1.0986,1.8196,0.7294,2
36003,3,-0.3041,0.8363,0.3033,-0.0237,-0.3398,2
36005,1,2.3361,-0.4296,0.2693,-0.3156,-1.9926,0
36007,1,1.1312,1.012,0.335,1.0064,0.3097,2
36009,2,0.6045,-1.512,0.466,1.1834,-0.0047,1
36011,2,0.8751,-1.5067,0.4915,0.1102,0.5058,1
36013,2,0.9532,-1.5142,0.7378,0.9715,0.0241,1
36015,1,1.0921,0.7206,0.5163,0.8765,0.24,2
36017,3,0.6107,-1.2396,0.3853,0.3999,0.2574,1
36019,2,0.4893,0.9797,0.0491,0.9951,0.04,2
36021,3,0.5857,1.0015,1.2199,1.1139,0.9039,2
36023,2,0.9292,0.5879,0.9326,1.0019,0.1069,2
36025,3,-0.0917,-1.4813,0.2062,0.7027,0.0128,1
36027,1,1.2625,1.0899,0.9197,1.1335,1.3691,2
36029,1,1.6134,-1.5172,0.8378,1.0695,0.381,1
36031,3,-0.3573,0.7876,0.2713,1.3897,0.0369,2
36033,2,-0.425,0.7919,-0.1501,0.6442,-0.6581,0
36035,2,0.78,0.8603,0.1974,0.8596,-0.0183,2
36037,2,0.7047,-1.4267,0.6958,0.6572,1.0522,1
36039,3,0.3215,-0.4272,0.9809,0.8375,0.1631,2
36041,4,-1.0245,0.778,0.0736,0.8267,-0.9235,2
36043,1,0.6742,0.8652,0.3454,0.5957,0.2858,2
36045,2,0.247,-1.112,0.6967,0.5448,-0.2949,1
36047,1,2.3534,-1.547,1.3744,0.111,-1.0959,1
36049,3,-0.6846,-0.3482,0.312,-0.5613,-0.2288,0
36051,1,0.3685,0.7802,0.355,0.2401,0.9776,2
36053,1,0.492,1.0235,0.7755,0.2791,0.7128,2
36055,1,1.5033,-1.5165,0.0244,0.9551,0.8126,1
36057,2,0.8512,0.8514,0.7617,1.0556,0.1742,2
36059,1,1.7822,-1.5058,0.777,1.3878,2.7971,1
36061,1,2.7898,-1.5393,0.596,2.615,1.8737,1
36063,1,1.5018,0.8121,0.5526,0.7183,0.5167,2
36065,1,1.066,0.874,0.7481,0.7334,0.2048,2
36067,1,1.2657,0.633,0.6375,1.2527,0.6963,2
36069,1,0.6422,0.7774,0.5037,1.0931,1.1942,2
36071,1,1.258,-1.4648,0.461,1.275,1.1157,1
36073,1,0.4769,-1.5193,0.6585,-0.1199,0.4368,1
36075,1,0.5116,0.4163,0.1643,0.2937,0.0266,2
36077,3,0.3978,-1.5167,0.4792,0.8312,-0.0685,1
36079,1,1.1944,0.9147,0.7071,0.8933,2.6927,2
36081,1,2.2028,-1.5492,1.1147,0.222,-0.0429,1
36083,1,1.2936,0.959,0.914,0.3401,0.9379,2
36085,1,2.1285,-1.5482,-0.0451,0.1747,1.4158,1
36087,1,1.5877,-0.0575,0.5227,1.4641,2.343,2
36089,2,0.0439,-1.5102,0.3675,0.3625,-0.3521,1
36091,1,1.0286,0.8752,0.5737,0.8871,1.5146,2
36093,1,1.2519,0.9572,0.7602,0.968,0.8738,2
36095,1,0.0032,0.965,0.6836,0.2241,0.3802,2
36097,3,0.0966,1.1416,0.6091,-0.1502,0.1622,2
36099,3,0.438,-0.2382,0.5638,0.3952,0.3544,2
36101,2,0.4886,0.8214,0.4678,0.4275,0.2455,2
36103,1,1.411,-1.5676,0.0716,1.1731,2.115,1
36105,2,0.2048,-1.4761,-0.2105,1.059,-0.5627,1
36107,1,0.5742,-0.0386,0.5588,-0.5394,1.1206,2
36109,1,1.0757,0.7886,0.6225,1.142,0.3596,2
36111,1,0.8991,-1.4412,0.2713,1.3049,0.5261,1
36113,1,0.7747,0.9586,-0.0358,1.7672,0.4307,2
36115,1,0.4835,0.8655,0.8302,-0.2137,0.6242,2
36117,1,0.6525,0.8001,-0.0947,0.1481,1.1562,2
36119,1,1.8858,0.8624,0.8493,1.6432,2.0384,2
36121,3,-0.0633,-1.0452,0.9275,0.0117,0.7586,1
36123,3,0.117,-0.0337,0.7232,0.4378,0.0183,2
37001,1,1.1845,1.0696,0.517,0.3671,0.2697,2
37003,1,0.5632,1.0838,-0.3138,-0.826,0.489,0
37005,4,0.0007,0.9898,0.228,0.1837,-0.6705,2
37007,1,0.2174,0.9252,0.1787,-0.3522,-0.6283,0
37009,4,-0.0605,1.0358,0.3364,-0.2323,-0.4092,2
37011,4,0.1199,1.0723,0.2799,0.522,-0.6829,2
37013,3,0.6095,0.9508,-0.2092,0.4755,-0.289,2
37015,4,-0.0609,1.0055,-0.3804,-0.2825,-1.2097,2
37017,3,-0.0119,1.0405,-1.1933,-0.2534,-0.5117,0
37019,1,0.4166,1.0203,-0.9501,0.2555,-0.1048,0
37021,1,1.1878,1.1068,0.2457,1.0626,0.3322,2
37023,1,0.9052,0.9428,-0.0174,0.0569,-0.0764,2
37025,1,1.4778,1.0388,0.5008,0.237,0.9237,2
37027,1,0.8767,1.0212,0.0444,-0.2992,0.0269,2
37029,4,-0.1223,0.9141,0.2598,-2.9966,0.8064,2
37031,2,0.2178,1.0692,0.0596,0.1407,0.4237,2
37033,4,0.3786,1.0161,0.3223,-0.5792,-0.1554,2
37035,1,1.3749,1.0297,0.2403,0.6683,0.4162,2
37037,1,0.5472,1.043,0.2457,0.0533,0.792,2
37039,4,-0.2491,1.0238,-0.3589,0.6071,-0.6927,2
37041,3,0.1325,0.5142,0.0477,0.7938,-0.4411,2
37043,4,-0.5009,1.0131,-0.2419,-0.6851,-0.3718,2
37045,2,1.2047,1.0003,-0.256,0.0193,-0.1101,2
37047,3,0.1929,1.0767,-1.2425,0.09,-0.7333,2
37049,2,0.6232,1.0663,-0.9397,0.3959,0.1973,2
37051,1,1.1769,1.072,-0.8529,0.0033,0.0638,0
37053,1,-0.3066,1.0349,0.5609,0.2022,0.6401,2
37055,2,-0.3579,1.0279,-0.8781,0.3959,0.44,0
37057,2,1.3967,1.0115,0.5042,-0.4511,0.2089,2
37059,1,0.748,0.9961,0.4185,-0.5763,1.0032,2
37061,3,-0.1246,1.0558,-0.5894,-0.3964,-0.5935,0
37063,1,1.3452,1.0699,-0.1398,1.2729,0.4939,2
37065,1,0.9091,1.0359,-0.3501,-0.5195,-0.9742,0
37067,1,1.4389,1.0131,0.3462,0.8388,0.653,2
37069,1,0.426,1.0555,-0.015,-0.6953,0.3224,0
37071,1,1.6939,1.0715,-0.0075,0.3133,0.3769,2
37073,4,-0.0822,0.5094,-0.2423,-1.7718,-0.2393,2
37075,4,-0.3833,0.1435,-0.1831,-0.1231,-1.113,2
37077,3,0.8661,1.0109,0.2157,-0.5488,0.5177,2
37079,1,0.1861,1.0078,-0.9774,-1.7509,-0.7212,0
37081,1,1.6343,1.0753,0.2093,1.1167,0.585,2
37083,2,0.5531,0.9224,-0.4913,-0.2192,-1.1447,0
37085,2,0.7845,0.9897,-0.5003,-0.7473,-0.3779,0
37087,1,0.8524,1.0954,0.1205,1.0039,0.2025,2
37089,1,1.008,1.0637,-0.1447,0.4686,0.7397,2
37091,3,0.0431,1.0178,-0.5932,0.5431,-0.8602,2
37093,1,0.5953,1.0292,-1.3224,-1.8013,-0.2222,0
37095,4,-1.4399,0.531,-0.1365,-0.4273,-0.8184,2
37097,2,1.2502,1.0849,0.3806,0.7788,0.6864,2
37099,3,0.1307,1.0775,-0.0158,0.4078,-0.6296,2
37101,1,0.9248,1.0841,-0.4705,0.1556,0.3396,2
37103,4,-0.2311,1.0395,-1.0825,-1.2987,-0.2061,2
37105,2,0.9304,1.0246,-0.2765,0.9582,0.1619,2
37107,2,0.8078,1.0411,-0.8688,0.6053,-0.6112,0
37109,2,1.2916,1.0214,0.0551,-0.4194,0.6459,2
37111,3,0.7124,1.0597,-0.1433,-0.3396,-0.0518,2
37113,3,-0.1248,1.0786,0.1573,0.9637,-0.1559,2
37115,1,0.2641,1.0172,0.2131,-1.0112,-0.4301,0
37117,3,0.2318,1.0831,-0.5007,-0.0452,-0.7098,2
37119,1,1.7954,1.0515,0.3493,1.034,1.0722,2
37121,4,0.2099,0.9752,0.3292,-0.3308,-0.3714,2
37123,3,0.2113,0.9895,0.3919,-0.81,-0.9142,2
37125,2,0.5423,1.0692,-0.1948,0.6513,0.6581,2
37127,1,0.9701,1.0096,-0.3425,0.5328,0.2883,2
37129,1,1.0647,1.0291,-0.2568,1.0591,0.469,2
37131,4,-0.0356,1.0133,-0.6125,-0.3736,-1.1692,2
37133,1,0.4486,1.048,-1.3844,-0.1374,-0.0818,0
37135,1,1.0004,1.0226,0.3152,1.1758,0.8953,2
37137,4,-0.2597,0.9879,-0.3388,-0.1566,-0.391,2
37139,3,0.5901,0.878,0.3822,0.8179,-0.4526,2
37141,1,0.1134,1.0256,-1.1652,-0.6346,0.2725,0
37143,4,-0.1459,0.9323,0.2456,-0.534,-0.503,2
37145,1,0.7555,1.0463,0.2959,0.0002,0.3382,2
37147,1,0.9099,1.0686,-0.5739,0.3579,-0.3287,0
37149,4,0.5453,0.982,-0.1388,0.081,0.5535,2
37151,1,1.3583,1.0455,0.3088,-0.3964,0.2956,2
37153,2,0.5334,1.0425,-0.3174,0.2968,-0.6023,0
37155,2,0.7376,1.0344,-1.1551,-0.1933,-1.2103,0
37157,1,0.921,1.0367,0.1741,-0.0571,0.0052,2
37159,2,1.3424,1.0595,0.4996,0.1888,0.1162,2
37161,2,0.9495,1.1134,-0.0896,0.3801,-0.2627,2
37163,3,0.2657,1.1128,-0.6232,-0.4551,-0.3891,2
37165,3,0.613,0.1041,-1.1203,0.1537,-0.8199,2
37167,3,0.9543,1.0554,0.5495,0.1107,0.0658,2
37169,1,0.5684,1.1333,0.1814,-1.0986,0.4936,0
37171,2,0.7338,1.0316,0.2414,0.3322,0.0105,2
37173,4,-0.2473,0.1543,-0.3855,1.0116,-1.2522,2
37175,3,0.4453,1.0645,-0.1873,0.3788,0.3751,2
37177,4,-0.8242,0.5649,-0.1021,-1.2419,-1.3245,0
37179,1,1.0678,1.0368,0.463,-0.3492,1.3508,2
37181,2,0.6709,0.9989,0.0585,-0.1584,-0.5844,0
37183,1,1.2279,1.1392,-0.069,1.0106,1.5719,2
37185,4,-0.0101,1.0649,-0.4096,-1.3216,-0.8591,2
37187,3,0.0472,1.0563,0.0162,0.1398,-0.995,2
37189,3,0.566,1.0928,0.4577,1.4105,-0.2252,2
37191,1,0.8909,1.0584,-0.6468,0.2338,-0.174,0
37193,3,0.5401,1.0721,-0.1986,-0.2591,0.0213,2
37195,2,1.0085,1.0169,-0.7575,0.4527,-0.5829,2
37197,1,0.4138,1.0272,0.0841,-0.8462,0.3945,0
37199,4,0.0511,0.9806,0.1955,-0.8351,-0.4617,2
38001,4,-1.927,-1.5176,0.5038,0.6429,0.2052,1
38003,3,-0.5026,-1.3189,0.8167,1.0375,0.3606,1
38005,4,-1.8663,0.8851,0.7091,-0.4858,-1.5054,2
38007,4,-1.9012,-1.5073,0.316,0.3978,-0.5612,1
38009,4,-0.7707,-1.4819,0.6227,0.5406,-0.1732,1
38011,4,-1.1765,-1.5127,0.6255,0.7559,0.5093,1
38013,4,-2.2054,-0.413,0.7532,-0.1261,-0.5342,2
38015,1,0.4031,-1.2312,1.1282,1.2051,1.1252,1
38017,1,0.5755,-1.4573,0.9253,1.08,0.8022,1
38019,4,-1.1871,-0.3914,0.6764,0.5266,0.0414,2
38021,4,-1.2785,0.7476,0.7934,0.311,0.0592,2
38023,4,-2.2826,-1.2089,0.9466,0.4074,-0.2696,1
38025,4,-1.7596,-0.3091,0.5803,-1.3529,-0.5601,0
38027,4,-1.9639,-1.5135,0.3608,-1.4903,0.0074,1
38029,4,-1.2137,-0.3989,0.6458,-1.6552,-0.6812,0
38031,4,-1.0896,-0.4027,0.5923,0.4549,0.326,2
38033,4,-2.1837,-1.5139,0.5967,-0.4725,-0.1761,1
38035,1,0.3343,-1.5118,0.9304,0.7985,0.5302,1
38037,4,-2.0367,-1.5171,0.5907,-1.3695,-0.7096,1
38039,4,-1.857,-1.5105,0.5804,0.2221,0.2439,1
38041,4,-2.0878,-1.519,0.8641,-0.0538,-0.2744,1
38043,4,-2.1634,-1.5146,0.6863,-0.7465,-1.0783,1
38045,4,-1.9176,-0.4009,0.8828,0.1275,-0.0102,2
38047,4,-2.1867,-1.514,0.6684,0.0152,-0.5874,1
38049,4,-1.8849,-1.5212,0.5022,-0.4938,-0.1964,1
38051,4,-2.0936,-1.4624,0.6615,-0.5202,-1.0024,1
38053,4,-1.1462,0.85,0.7941,-1.7787,-0.4396,2
38055,4,-1.0976,0.827,0.8705,-0.2336,-0.1961,2
38057,3,-0.5577,-0.1278,0.6782,0.1211,0.5364,2
38059,1,0.1238,-0.1386,0.7815,0.6751,0.6479,2
38061,4,-1.853,-0.146,0.7341,1.3471,-0.7726,2
38063,4,-1.9047,-1.482,0.5561,-0.0478,0.2131,1
38065,4,-1.1246,-1.5172,0.7949,-1.9156,0.4217,1
38067,4,-1.1497,-1.5083,1.0386,0.6558,0.3801,1
38069,3,-1.84,-1.5219,0.4154,-0.5842,0.0632,1
38071,3,-0.4293,-1.516,0.5007,0.897,0.0743,1
38073,4,-1.0045,-0.4013,0.8238,-0.5759,0.8021,2
38075,4,-2.0833,-1.4921,0.6796,-0.8932,0.2235,1
38077,3,-0.3489,0.8778,0.7613,0.2545,0.528,2
38079,4,-1.5205,0.8656,0.5308,-0.7275,-1.6011,2
38081,4,-1.557,-1.5134,0.8817,-0.6495,0.7152,1
38083,4,-1.8634,-1.5168,0.6171,-2.1168,-1.0484,0
38085,4,-1.9285,-1.5139,0.1629,-2.1162,-2.5276,0
38087,4,-2.2939,-1.5091,0.4473,-4.7317,-0.5143,0
38089,3,-0.0635,-1.2511,0.9273,1.2288,0.2636,1
38091,4,-1.9079,-1.5107,0.8336,-2.6271,0.6662,1
38093,3,-0.1893,-0.4027,0.7583,1.0259,0.3747,2
38095,4,-2.0569,-1.5213,0.6407,-0.4719,0.4453,1
38097,4,-0.7557,-1.5114,0.7705,0.3179,0.7981,1
38099,3,-0.6989,-1.4687,1.1693,0.2707,0.0505,1
38101,2,-0.0839,-0.0788,0.8138,1.1136,0.5011,2
38103,4,-1.242,-1.516,0.7549,-0.4066,-0.143,1
38105,3,-0.2695,-0.7078,1.0311,0.8741,0.0821,1
39001,3,0.1053,0.2909,0.6827,0.2305,-0.5706,2
39003,1,1.1531,0.2722,0.992,0.6404,0.4839,2
39005,2,0.9648,0.2232,0.5857,0.005,1.1075,2
39007,2,1.0301,0.7826,0.5933,0.7366,0.4943,2
39009,2,1.2784,0.204,0.4201,0.8149,-0.8224,2
39011,2,0.6708,0.2166,1.0415,-0.291,1.2186,2
39013,1,1.1134,0.2134,0.7936,0.9186,0.154,2
39015,1,0.3552,0.3134,0.4751,0.3039,0.5764,2
39017,1,1.6348,0.9583,0.8102,0.3488,1.269,2
39019,1,0.5568,0.2728,0.4144,-0.7099,0.3729,0
39021,3,0.7315,0.2491,0.9983,-0.5463,1.0972,2
39023,1,1.2427,0.3111,0.862,0.3408,0.5354,2
39025,1,1.3007,0.2276,0.5968,-0.3191,1.5414,2
39027,3,0.6969,0.2501,0.8117,0.6193,1.0533,2
39029,2,1.4375,0.281,0.8032,0.4391,0.4405,2
39031,3,0.8537,0.6396,0.3055,0.1759,0.5055,2
39033,2,0.8013,0.2198,1.1335,0.2683,0.5679,2
39035,1,1.8955,0.2334,0.29,0.9172,0.5247,2
39037,3,0.615,0.223,1.0955,-0.3986,0.8808,2
39039,2,0.8143,0.2751,0.8618,0.2494,1.2446,2
39041,1,1.1935,0.2255,0.9971,0.4043,2.8743,2
39043,1,1.0115,0.227,1.1885,0.7773,0.9999,2
39045,1,1.2567,0.2232,0.7252,-0.1648,1.6757,2
39047,3,0.6381,0.2142,0.7176,0.4843,0.465,2
39049,1,1.7723,0.6265,0.8764,0.9314,0.7685,2
39051,1,0.7806,0.2883,0.7294,-0.064,1.3699,2
39053,3,0.8208,0.2328,0.2797,0.2747,-0.3762,2
39055,1,0.9141,0.2712,0.6989,0.3613,2.6863,2
39057,1,1.1293,0.3071,0.7079,0.2616,1.4384,2
39059,3,0.8976,0.2716,0.4117,0.9495,-0.3311,2
39061,1,2.102,0.5478,0.7081,1.1489,0.628,2
39063,2,0.8587,0.2351,1.0103,0.7767,1.3399,2
39065,3,0.4666,-0.1807,1.1371,-0.1949,0.5089,2
39067,3,0.3383,0.2196,0.5997,0.6177,0.0659,2
39069,3,0.5141,0.1794,0.6439,-0.1703,1.1609,2
39071,3,0.2919,0.2774,0.4757,-0.497,0.4143,2
39073,3,0.503,-1.2862,0.101,0.3121,0.0814,1
39075,3,0.2825,-0.142,0.577,-0.3289,0.0132,2
39077,2,0.7716,0.1885,1.1313,0.0329,0.9363,2
39079,3,0.6911,0.1879,0.0045,0.3993,-0.3425,2
39081,1,1.3992,0.2488,0.5859,0.4075,-0.0508,2
39083,2,0.6038,-0.1796,0.5278,0.2602,0.6633,2
39085,1,1.4117,0.1456,0.3093,0.5748,1.69,2
39087,1,1.3644,0.2551,0.1307,0.3,-0.2303,2
39089,1,1.1553,0.3373,0.6386,0.4226,1.2352,2
39091,2,0.6229,0.2821,0.8926,0.2444,0.749,2
39093,1,1.3492,0.1512,0.7529,0.3198,1.1669,2
39095,1,1.5563,0.2866,0.6841,0.8985,0.4613,2
39097,1,0.8395,-0.2103,1.0637,-0.1503,1.022,2
39099,1,1.3778,0.2425,0.526,0.6756,0.3636,2
39101,2,1.0243,0.8292,1.0402,0.416,0.7143,2
39103,1,1.147,-0.1121,0.6628,0.3694,2.2044,2
39105,3,0.8551,-0.1399,0.4314,-0.4454,-0.7194,2
39107,3,0.4428,0.2063,1.1108,-0.2615,1.1584,2
39109,1,0.9072,0.2551,0.9814,0.6057,1.2295,2
39111,4,0.5394,0.1589,0.5289,-0.1786,-0.1792,2
39113,1,1.4743,0.3253,0.8641,0.7555,0.6487,2
39115,3,0.6296,-0.1952,0.4521,-0.8644,-0.511,1
39117,1,0.2952,-0.19,0.9918,-1.1731,1.0705,0
39119,2,1.0898,0.2518,0.3949,0.5921,0.1647,2
39121,3,0.5574,0.1815,0.3558,-1.1931,0.0711,2
39123,1,0.6907,0.2277,0.9394,0.2709,0.8731,2
39125,3,0.4228,0.303,0.8455,-1.0432,0.8571,2
39127,3,0.4908,0.2075,0.429,-0.8084,0.3197,2
39129,1,1.1504,0.212,0.9676,-0.1013,0.8748,2
39131,3,0.5129,0.5817,0.4872,-0.086,-0.6303,2
39133,1,1.2228,0.6094,0.415,0.0517,1.2283,2
39135,1,0.6019,0.2781,0.872,-0.6226,1.2223,2
39137,3,0.3655,0.1678,0.9794,-0.3931,1.7102,2
39139,1,0.9577,0.6335,0.6452,0.6773,0.7497,2
39141,2,0.9985,-0.8449,0.6825,0.4098,0.2486,1
39143,2,0.9753,0.2553,1.0417,0.6728,0.8944,2
39145,2,1.1178,0.1786,0.2531,0.5857,-0.6505,2
39147,2,0.8467,0.7702,0.9842,-0.1916,0.8523,2
39149,2,0.7387,1.1009,1.0401,0.0466,1.269,2
39151,1,1.3641,0.1778,0.6158,0.3528,0.8928,2
39153,1,1.4364,0.3351,0.6244,0.7734,1.0268,2
39155,1,1.2525,0.6675,0.548,0.321,0.5968,2
39157,2,0.8125,0.1934,0.505,0.6534,0.5832,2
39159,1,0.7651,0.3332,1.0735,-0.196,1.7671,2
39161,3,0.8868,0.2299,1.0584,-0.2174,1.3153,2
39163,4,0.2282,-0.2186,-0.0166,-0.1363,-0.753,2
39165,1,1.3969,0.3062,0.628,-0.0548,2.1448,2
39167,1,1.749,-0.1523,0.6643,0.4645,0.3626,2
39169,2,0.902,0.3178,0.6373,0.2594,0.9346,2
39171,3,0.6744,0.1893,0.9373,-0.2428,0.9086,2
39173,1,1.1169,0.2459,1.0837,0.0291,1.2367,2
39175,3,0.4114,0.1792,0.9131,-0.041,1.1162,2
40001,3,-0.1423,-0.373,-0.1247,-0.7771,-1.3085,0
40003,4,-1.7088,-0.3922,0.0465,-0.527,-0.2439,2
40005,3,-0.8392,-0.3921,-0.9213,-0.0981,-1.0474,0
40007,4,-1.3408,-0.3401,-0.0072,-2.5597,0.2032,0
40009,3,-1.0637,-0.4175,0.1433,0.9646,-0.5994,1
40011,3,-1.2053,-0.3707,-0.278,-0.3499,-0.7216,0
40013,3,0.2159,-0.4175,-0.3467,0.1394,-0.6659,1
40015,3,-0.7622,-0.2862,-0.5546,-0.0125,-0.9649,0
40017,1,0.3151,-0.3538,-0.349,-0.3072,1.115,0
40019,2,0.2071,-0.4127,-0.8491,0.5238,-0.4947,0
40021,3,0.1708,-0.3138,-0.2256,-0.1337,-0.9948,1
40023,3,0.006,-0.4167,-0.8467,0.3421,-1.3439,0
40025,4,-1.7081,-0.3527,0.0834,-1.5507,-0.7617,0
40027,1,0.5742,-0.2926,-0.7997,0.2327,0.8162,1
40029,4,-1.1305,-0.414,-0.5721,-0.7161,-1.2832,0
40031,1,0.5633,-0.3898,-0.0854,0.3942,-0.2259,0
40033,3,-0.7114,-0.3437,-0.469,-1.0327,-0.6345,0
40035,3,-0.0459,-0.4176,0.2881,0.4361,-0.1591,1
40037,1,0.3952,-0.3515,-1.0424,-0.3524,0.0377,0
40039,3,-0.7668,-0.4149,-0.0405,0.807,-0.3773,1
40041,3,-0.148,-0.0158,-0.2383,0.1897,-0.6377,2
40043,4,-1.6826,-0.4105,-0.2725,-1.0889,-0.2878,0
40045,4,-1.9024,-0.4129,-0.3622,-0.7831,-0.0799,0
40047,2,-0.1258,-0.3972,-0.0105,0.5325,-0.0555,1
40049,3,-0.5063,-0.4089,-0.4443,-0.1252,-0.5864,0
40051,1,0.0729,-0.3465,-0.5226,-0.552,-0.0309,0
40053,4,-1.259,-0.3604,0.316,-0.8513,-0.0189,2
40055,3,-1.3319,-0.4144,0.4346,-0.039,-0.9353,0
40057,4,-1.7958,-0.4197,0.1455,0.1387,-1.9815,0
40059,4,-2.0115,-0.4126,0.0999,-1.0165,0.1742,2
40061,3,-0.4657,-0.413,-0.4988,-0.6925,-0.9975,0
40063,3,-0.4094,-0.3923,-1.0433,-0.5246,-1.2397,0
40065,2,-0.3487,-0.4124,0.2909,0.3705,-0.3979,0
40067,4,-1.2391,-0.4141,-0.7484,0.3091,-1.1082,1
40069,3,-0.8532,-0.4193,-0.7757,-0.3376,-1.1164,0
40071,2,0.5669,-0.4106,0.3215,0.5596,-0.3974,1
40073,3,-0.7585,-0.3698,0.2589,0.2044,0.1326,1
40075,3,-1.4166,-0.4116,0.2615,0.2763,-0.8684,0
40077,3,-1.0098,-0.3486,-0.6013,-0.5736,-1.1188,0
40079,1,0.0539,-0.3715,-0.2148,-0.5607,-0.5371,0
40081,1,-0.5883,-0.3372,-1.0616,-1.3343,-0.2207,0
40083,1,0.0818,-0.3398,-0.6828,0.0199,0.146,0
40085,4,-0.458,-0.4013,-0.8447,-1.022,-0.2671,1
40087,1,-0.283,-0.3678,-0.7921,0.3863,0.3814,0
40089,3,-0.0859,-0.418,-0.5975,0.0546,-1.461,0
40091,3,-0.1866,-0.4165,-0.7336,0.645,-1.2088,1
40093,4,-1.4234,-0.3404,-4.3403,-0.8541,0.0288,0
40095,3,0.0723,-0.3697,-0.8088,-0.0504,-1.1784,0
40097,3,0.4051,-0.3682,-0.1092,-0.0392,-0.1665,1
40099,3,-0.6877,-1.5245,-0.7932,-0.6862,-0.6647,1
40101,2,0.5612,-0.3722,-0.2486,0.5352,-0.5759,1
40103,3,-0.2065,-0.4086,-0.1964,-0.4175,0.0228,1
40105,3,-0.2292,-0.4072,-0.0828,-1.2945,-0.3063,0
40107,3,-0.6592,-0.4152,-0.5709,-0.5752,-1.5264,0
40109,1,0.8559,-0.3361,-0.7471,0.7684,-0.018,1
40111,1,0.2327,-0.4139,-0.4009,0.1353,-0.7666,0
40113,1,0.1686,-0.3467,-0.3542,-0.483,0.1094,0
40115,3,0.4987,-0.3462,0.452,0.5188,-0.5097,1
40117,1,-0.2268,-0.41,-0.634,0.1784,-0.1179,0
40119,2,0.4486,0.0533,-0.6061,0.247,-0.2666,0
40121,2,0.214,-0.417,-0.6718,0.1637,-0.7246,0
40123,3,0.3501,-0.3675,-0.9313,0.5108,-0.519,1
40125,2,0.2677,-0.345,-0.9486,0.2878,-0.2038,0
40127,4,-0.8723,-0.4173,-0.8474,-0.0587,-1.3668,1
40129,4,-2.0857,-0.3423,-0.1889,-0.9601,-0.2792,0
40131,1,0.4614,-0.4093,0.0336,-0.644,0.9985,0
40133,3,-0.2275,-0.3912,-0.8911,0.2162,-1.0119,0
40135,1,0.0272,-0.4178,-0.3946,-0.457,-0.5623,0
40137,2,0.0463,-0.381,-0.5439,0.1984,-0.3499,0
40139,3,-0.4224,-0.3357,0.0047,-0.2683,-0.2965,1
40141,3,-0.6077,-0.343,0.0973,-0.4236,-1.1446,0
40143,1,1.0787,-0.4133,-0.2212,0.8622,0.4715,1
40145,1,0.5204,-0.3475,-0.4042,-0.8978,0.9892,0
40147,2,0.5503,-0.4108,-0.3575,0.3809,0.4498,1
40149,3,-1.4631,-0.3925,0.117,-1.2652,-0.2187,0
40151,3,-1.1676,-1.4584,0.4122,0.5444,-0.2279,1
40153,3,-0.5059,-0.3716,-4.4388,0.4636,-0.1033,0
41001,3,0.0685,1.0621,1.0896,0.9102,-0.4012,2
41003,1,1.436,0.9983,0.7836,0.5007,1.0948,2
41005,1,1.8617,1.0272,0.9834,0.5638,1.8636,2
41007,2,0.2206,1.009,0.5457,0.9085,0.24,2
41009,1,1.5486,1.0432,0.362,0.0446,1.1694,2
41011,2,0.8145,1.0249,0.3317,0.8513,-0.2381,2
41013,3,-0.1896,1.0433,1.0251,-1.1053,0.082,2
41015,3,-0.2774,1.0085,0.8251,0.8009,-0.105,2
41017,1,0.987,1.0299,0.7596,1.3527,0.8398,2
41019,2,0.7154,1.0397,0.5645,0.7838,0.0099,2
41021,4,-0.9293,1.0092,0.8251,-0.4655,0.1821,2
41023,4,-1.0104,1.0505,0.8341,-0.0684,-0.5244,2
41025,3,-1.0887,1.0518,0.5916,0.0237,-0.3595,2
41027,3,0.6347,0.968,0.8922,0.9893,0.2433,2
41029,1,1.4912,1.0542,1.0295,1.1039,0.3664,2
41031,3,0.1008,-0.4038,0.8875,-0.5046,-0.3436,1
41033,2,0.8324,1.0548,0.8849,0.9346,-0.2229,2
41035,2,0.89,1.0611,0.9746,0.6967,-0.4845,2
41037,3,-1.3673,1.0592,0.7648,0.9762,-0.762,2
41039,1,1.3364,1.0639,0.9057,1.0985,0.4219,2
41041,2,0.6293,1.0244,0.6412,1.6211,-0.1571,2
41043,2,1.2314,1.0278,1.0582,0.6916,0.3723,2
41045,3,0.5946,1.1129,0.9855,0.6439,-0.8923,2
41047,1,1.5889,1.0399,1.142,0.8103,0.2829,2
41049,3,-0.3648,1.0655,1.0921,-1.3978,-0.4382,2
41051,1,2.5079,0.9989,1.1038,1.6203,0.5343,2
41053,1,1.135,1.0304,0.8665,0.0345,0.9154,2
41055,4,-0.7213,1.0044,0.7717,-1.5722,0.0182,2
41057,3,-0.269,0.9965,0.8361,1.1527,0.1373,2
41059,2,0.5011,1.0577,0.9583,0.4327,-0.0175,2
41061,3,0.2826,1.0324,0.9035,1.1384,0.1973,2
41063,4,-0.8884,0.9756,0.8438,0.6845,-0.2338,2
41065,3,1.0321,1.0751,0.7976,0.7848,0.1716,2
41067,1,1.9143,1.0347,1.1518,0.6522,1.5834,2
41069,4,-2.0128,-1.4956,0.7579,-0.5621,-0.7622,1
41071,1,1.5231,1.0925,1.1224,0.433,0.9762,2
42001,2,1.0188,-1.5156,1.0261,0.2999,0.9702,1
42003,1,1.7155,-1.5209,1.0247,1.2272,0.6158,1
42005,1,0.8278,-1.5203,0.5667,0.378,0.1535,1
42007,1,1.6816,-1.5234,0.6947,0.4603,0.6284,1
42009,3,0.4411,-1.5157,0.2936,0.1725,0.2149,1
42011,1,1.7281,-1.532,0.8641,0.6713,0.8793,1
42013,1,1.0756,-1.5198,0.5429,0.8501,0.3951,1
42015,3,0.5681,-1.524,0.4122,0.4204,0.3883,1
42017,1,1.6802,-1.5383,0.787,0.8798,2.3415,1
42019,1,1.2708,-1.5214,0.4545,0.5256,1.1306,1
42021,1,0.9221,-1.5212,0.6171,0.8596,0.0373,1
42023,3,0.3087,-1.5098,0.0536,0.0754,-0.379,1
42025,1,0.8311,-1.5281,0.5769,0.8571,0.3452,1
42027,1,1.1621,-1.52,0.1553,0.6744,0.4493,1
42029,1,1.5711,-1.5317,1.0603,0.6427,2.5707,1
42031,3,0.2621,-1.5216,0.503,0.7729,-0.0717,1
42033,2,0.656,-1.5186,0.3765,0.3912,0.076,1
42035,3,0.68,-1.5155,-0.1033,0.1643,0.0182,1
42037,2,1.0668,-1.5302,0.3941,0.5087,0.1919,1
42039,2,0.432,-1.5265,0.4483,0.5522,0.0813,1
42041,1,1.343,-1.5206,0.4066,0.9589,1.4596,1
42043,1,1.4389,-1.5238,0.3416,1.2084,0.8257,1
42045,1,1.9211,-1.5425,0.7564,0.6916,1.5349,1
42047,3,0.2704,-1.5138,0.4163,0.624,0.5217,1
42049,1,1.0343,-1.5296,0.601,0.7553,0.4794,1
42051,1,1.0625,-1.5211,0.1958,0.4654,-0.47,1
42053,4,-0.5403,-1.5232,0.3266,-0.7741,-1.1734,1
42055,2,0.9653,-1.5211,0.8258,0.1288,0.8189,1
42057,4,0.0623,-1.5206,0.1796,0.031,0.1868,1
42059,3,0.7402,-1.5187,0.4231,0.1272,-0.3707,1
42061,3,0.3388,-1.5171,0.4151,-0.2282,-0.0076,1
42063,2,0.9529,-1.5184,0.6992,0.7003,-0.1415,1
42065,3,0.7185,-1.5191,0.3976,0.6937,0.1327,1
42067,3,0.1277,-1.5165,-0.0866,-0.8459,0.4111,1
42069,1,1.1117,-1.5277,0.1682,1.2974,0.5489,1
42071,1,1.7525,-1.5246,1.1107,0.482,1.1187,1
42073,2,1.3947,-1.5199,0.534,0.6466,0.2714,1
42075,1,1.334,-1.5317,0.7483,0.5085,0.8577,1
42077,1,1.5487,-1.5401,1.0988,0.7151,1.0338,1
42079,1,1.1418,-1.5241,0.4295,1.2268,0.4347,1
42081,1,1.1007,-1.5202,0.1028,0.8137,0.2645,1
42083,3,0.3766,-1.5159,0.2792,0.9329,0.1456,1
42085,1,1.1607,-1.5244,0.4026,1.0194,0.378,1
42087,2,0.7745,-1.5143,0.0854,0.3962,0.3207,1
42089,2,0.8745,-1.5301,0.1272,0.6613,0.8041,1
42091,1,1.7777,-1.5421,0.927,1.0283,2.2573,1
42093,3,1.1901,-1.5233,0.4191,0.9282,0.6113,1
42095,1,1.5642,-1.5342,1.2325,0.9276,1.2077,1
42097,2,1.2487,-1.5239,0.4531,0.2291,0.5598,1
42099,1,0.402,-1.5211,-0.2212,-0.3138,0.7981,1
42101,1,2.2194,-1.5515,0.0762,0.9895,-0.8528,1
42103,1,0.0893,-1.5316,-0.4542,0.1531,0.529,1
42105,4,-0.6214,-1.5136,0.0557,0.3299,-0.2629,1
42107,2,1.1194,-1.5234,0.717,0.6091,0.3773,1
42109,3,0.7692,-1.5235,0.2553,0.2094,0.4539,1
42111,2,0.6921,-1.5168,0.3071,0.3469,0.0498,1
42113,4,-0.3914,-1.5199,-0.0091,-1.9967,-0.6705,1
42115,3,0.1334,-1.5195,0.1825,-0.1539,0.3939,1
42117,3,-0.1341,-1.5151,0.1491,0.7342,0.0972,1
42119,2,0.9781,-1.517,0.2428,0.3598,0.6432,1
42121,2,0.5636,-1.5298,0.5345,0.5912,0.0146,1
42123,3,0.3807,-1.5256,0.2508,0.7369,0.3501,1
42125,1,1.3539,-1.5185,0.7037,0.7696,0.6975,1
42127,3,0.2031,-1.5275,-0.0709,0.7353,0.0958,1
42129,1,1.3821,-1.5204,0.838,0.737,0.8522,1
42131,1,0.2735,-1.5254,0.057,-0.3588,0.5624,1
42133,1,1.7056,-1.5215,1.1098,0.2283,1.2576,1
44001,1,1.3822,0.88,-0.5031,0.1697,1.4975,2
44003,1,1.3474,0.987,0.0145,0.7918,1.24,2
44005,1,1.0761,0.9291,-0.442,1.226,1.3423,2
44007,1,1.602,0.9475,0.1003,0.9195,-0.0893,2
44009,1,0.9846,0.9717,-0.0877,0.8292,1.461,2
45001,3,0.3635,0.9929,-0.0151,-0.4392,-0.2206,2
45003,1,1.1409,0.9846,-0.8259,0.2346,0.1693,2
45005,3,-0.2893,-1.1488,-1.4113,-0.1562,-1.8406,0
45007,1,1.2338,0.9824,0.2681,0.3325,0.1338,2
45009,3,-0.0275,0.9214,-1.4178,-0.4248,-1.5592,0
45011,3,0.2783,0.9442,-1.3783,0.2923,-0.8459,2
45013,2,0.6211,0.9459,-0.8712,0.8931,1.0896,2
45015,1,1.1859,0.9739,-0.8671,-0.9257,0.5754,0
45017,1,0.3515,-1.4658,-0.8945,-1.2774,-0.3368,0
45019,1,1.428,0.9556,-0.4691,1.4167,0.1947,2
45021,2,1.0857,-0.0057,-0.0152,-0.0936,-0.4338,0
45023,3,0.9232,0.9381,-0.0051,0.1136,-0.5245,2
45025,3,0.3186,0.9442,-0.6316,-0.1418,-0.8333,2
45027,3,0.2289,0.918,-1.1022,0.1308,-0.7079,2
45029,3,0.3442,0.5827,-1.0626,0.2121,-0.4655,2
45031,1,1.0855,0.9379,-0.7516,0.3594,-0.4229,0
45033,3,0.4421,0.9014,-0.8018,-0.3767,-1.2654,0
45035,1,0.9512,0.9862,-1.0289,-0.1672,0.9253,2
45037,1,0.4411,-0.8328,-0.2065,-0.2688,-0.027,0
45039,1,0.3529,-0.0974,0.0779,-0.4068,-0.6907,0
45041,1,1.0155,0.9199,-0.8285,1.1495,-0.2846,2
45043,2,0.4839,0.9026,-0.8152,1.2914,0.2294,2
45045,1,1.6154,0.9661,0.0217,0.6805,0.5864,2
45047,2,0.7068,0.889,0.143,0.2178,-0.3068,2
45049,3,-0.191,0.9067,-1.6658,-0.568,-0.7832,0
45051,1,0.6136,0.9848,-0.6884,1.4945,0.028,2
45053,3,0.165,0.8658,-1.1383,-1.2141,-0.4934,0
45055,1,0.6195,1.0197,-0.5254,-0.0555,0.4477,2
45057,2,1.0034,0.9508,-0.0039,0.1943,0.0192,2
45059,1,0.762,0.8996,0.0134,-0.148,-0.1827,0
45061,3,0.4473,0.9771,-0.6671,-0.1158,-1.2752,0
45063,1,1.3006,1.1689,-0.4332,0.6577,0.9616,2
45065,4,0.0338,0.9119,-0.3921,-0.9032,-0.6709,2
45067,3,0.2837,0.9082,-0.5442,0.5215,-1.2378,2
45069,3,0.4394,0.0246,-0.6991,0.2174,-1.3203,0
45071,3,0.3526,0.9667,-0.0005,0.1587,-0.6562,2
45073,3,0.5927,0.947,-0.0829,0.1096,0.3444,2
45075,2,0.901,0.9407,-1.1245,0.3997,-0.8108,0
45077,1,1.0143,-0.0044,-0.2138,-0.1859,0.126,0
45079,1,1.5807,1.136,-0.497,0.905,0.4117,2
45081,1,0.0185,0.9325,-0.1561,-1.4338,-0.539,0
45083,1,1.7398,1.052,0.0865,0.4883,-0.0024,2
45085,1,1.0095,1.0152,-0.7001,0.4463,-0.3409,0
45087,3,0.7685,0.9233,-0.061,-0.0842,-0.5876,2
45089,3,-0.0059,0.9796,-0.9136,-0.3478,-0.9641,0
45091,1,1.4922,1.0103,0.213,0.3005,0.5674,2
46003,4,-1.6919,-1.5177,0.5817,-1.2476,0.1103,1
46005,3,-0.4003,-1.1806,0.8987,1.1695,0.3986,1
46007,4,-2.1549,-0.5248,-0.0337,-1.3541,-1.9871,0
46009,4,-1.3234,-1.5137,0.9413,-0.2264,0.211,1
46011,3,0.0825,0.9137,1.0621,0.8328,0.5884,2
46013,2,0.1101,-0.2266,0.6806,0.8381,0.5741,2
46015,4,-1.4633,-0.5637,0.7797,0.8287,0.0386,2
46017,4,-2.1659,-0.3588,0.5648,-0.4184,-3.641,0
46019,3,-1.1078,-0.1064,0.9181,0.1257,-0.15,2
46021,4,-2.3038,-1.5201,0.5548,-1.1506,-0.3181,1
46023,4,-1.6914,-1.1574,1.0654,0.4804,-1.0591,1
46025,4,-1.8876,-0.3448,0.931,0.1362,-0.1318,2
46027,3,-0.1508,-1.5219,1.4078,-0.1661,-0.2425,1
46029,3,0.0079,-1.5171,1.1374,0.9242,0.6441,1
46031,4,-2.1304,-0.2471,0.3805,-2.3043,-2.4173,0
46033,4,-1.0083,0.9781,0.5534,0.0277,0.5381,2
46035,3,-0.0695,-1.5093,0.7719,1.339,0.4704,1
46037,4,-1.4949,-1.4502,0.8988,-0.4768,-0.2348,1
46039,4,-0.8846,-1.5197,0.944,-0.9793,0.5189,1
46041,4,-2.0738,-0.1743,0.1157,-1.85,-1.9052,0
46043,4,-1.6744,-1.5176,0.8017,-1.5037,-0.0374,1
46045,4,-2.0067,-1.5199,0.5538,-1.7829,0.0913,1
46047,3,-1.3357,0.9745,0.7574,0.2715,-0.4227,2
46049,4,-2.3522,-1.5197,0.6569,-0.7076,-0.3071,1
46051,3,-1.1775,-0.4374,0.9672,-0.0559,0.5229,2
46053,4,-2.039,-0.5484,0.8253,0.9411,-0.6007,2
46055,4,-2.535,-1.5101,0.6668,-0.9398,0.2307,1
46057,4,-1.3172,-0.2232,1.0519,-0.9085,0.1816,2
46059,4,-1.3143,-1.5159,0.6397,1.4702,0.4648,1
46061,4,-1.2815,-1.5182,0.7925,-2.8401,0.1774,1
46063,4,-2.9563,-0.2585,0.1952,-2.3391,-0.6252,0
46065,3,-0.4739,-0.2683,0.7842,1.436,1.0894,2
46067,4,-1.3806,-1.5175,0.8811,-0.4271,0.0469,1
46069,4,-2.3598,-1.5172,0.5244,-0.7547,0.1126,1
46071,4,-2.3182,-1.0115,0.3478,-1.5126,-2.059,0
46073,4,-2.0623,-1.5084,0.7442,-1.7433,-0.0699,1
46075,4,-2.6698,-1.506,0.9612,-1.1286,-0.0148,1
46077,4,-1.6308,-0.2006,1.0145,-1.068,0.5236,2
46079,3,-0.5417,0.8255,1.1838,-0.2944,0.5671,2
46081,3,-0.4179,0.9452,0.9806,0.5788,-0.072,2
46083,1,-0.5418,-1.1738,0.9867,-0.1726,1.993,1
46085,4,-2.1004,0.7888,1.1529,-0.0379,-0.9495,2
46087,1,-1.3847,-1.5203,0.8846,-0.6056,0.9136,0
46089,4,-1.9847,-1.5194,0.5714,-1.5752,-1.1079,0
46091,4,-1.7603,-1.5169,0.941,-1.4722,-0.3989,1
46093,1,-0.6056,0.3502,0.6275,-0.0368,0.7473,0
46095,4,-2.379,-1.5134,0.6282,-3.3062,-2.086,0
46097,4,-1.6324,0.9261,0.8252,-1.7941,0.3834,2
46099,1,0.7515,-0.5127,0.8893,0.8358,1.0638,1
46101,4,-0.7915,-1.4757,1.0908,-1.2946,0.8154,1
46103,1,0.1244,1.0525,0.8264,1.3547,0.5507,2
46105,4,-2.4176,-1.5111,0.5053,-0.7072,-0.4258,1
46107,4,-2.2853,-1.5199,0.6617,-0.2417,-0.1297,1
46109,4,-1.1363,0.5648,0.9953,0.643,-0.7648,2
46111,4,-1.4344,-1.1811,0.7265,-2.1333,0.2933,1
46113,3,-2.018,1.0617,0.4518,-2.9514,-4.6198,0
46115,3,-1.3681,-1.517,0.8915,-1.3246,0.1771,1
46117,4,-1.7622,0.8097,1.0579,-2.5731,1.1767,2
46119,4,-2.1809,-1.5173,0.7774,-1.4656,0.3557,1
46121,4,-1.9291,-1.4277,0.0384,-1.5075,-3.0704,0
46123,3,-1.2422,-1.5186,0.8816,-0.1004,-0.3628,1
46125,1,-1.0996,-0.2652,1.0685,-1.29,0.9218,0
46127,1,-0.4397,0.5621,1.1472,-0.0586,1.4601,2
46129,3,-1.261,-0.2611,0.8018,0.2741,-0.6088,0
46135,3,0.0877,-1.5116,1.0322,0.9003,0.7072,1
46137,4,-2.1383,-1.5121,0.1696,-1.9362,-2.9322,0
47001,1,1.1395,0.0184,-0.0563,0.5845,0.2487,2
47003,3,0.3607,-0.0213,0.4442,0.2633,-0.0498,2
47005,3,0.2222,-0.0191,-0.5481,-0.074,-0.8433,0
47007,4,-0.0314,-1.5004,-0.859,-1.6795,-0.8407,1
47009,1,1.2734,-0.0009,-0.0719,0.3005,0.5464,2
47011,1,1.1979,-0.0241,0.7901,0.4185,0.056,2
47013,3,0.4358,0.0647,-0.0294,-0.3611,-0.9039,2
47015,1,0.0332,-0.0321,0.3792,-0.7598,-0.0305,0
47017,3,0.003,0.0274,-0.4107,-0.1981,-0.6607,0
47019,1,0.9689,-0.0751,0.2183,-0.0879,-0.5053,0
47021,1,0.9359,-0.0376,0.0195,-1.136,1.1918,0
47023,1,0.1103,-0.0773,-0.9602,-0.9689,-0.2344,0
47025,3,0.1205,-0.0299,0.0795,-1.0879,-0.9494,0
47027,4,-0.3853,-0.0341,0.0346,-0.2577,-1.2571,2
47029,3,0.5518,-0.0813,0.0939,-0.3047,-1.0845,1
47031,2,0.4463,-0.0116,0.0279,1.1305,-0.0121,2
47033,4,-0.1085,-0.0429,0.3349,-1.3336,-0.4657,2
47035,3,0.2678,-0.0337,-0.9291,0.3708,-0.2895,2
47037,1,1.7873,0.0796,0.0244,1.4379,0.3498,2
47039,4,-0.3107,-0.0022,-0.4061,-0.1623,-0.8301,2
47041,3,0.1154,-1.532,-0.0552,0.3925,-0.6219,1
47043,1,0.6095,0.0056,-0.1268,0.2933,0.4072,2
47045,2,0.7114,-0.0347,0.4766,0.7035,-0.5642,2
47047,1,0.2161,-0.084,-1.051,-0.68,0.5726,0
47049,4,-0.1398,-0.3294,-1.1877,-0.5684,-1.3337,1
47051,3,0.158,-0.0602,-0.0642,0.5856,0.0992,2
47053,2,0.316,-0.0381,0.1184,-0.0062,-0.2297,0
47055,3,0.1867,-0.0318,0.5456,-0.2523,0.0078,2
47057,1,0.3579,-1.5259,0.0029,-1.6289,-0.8938,0
47059,3,1.0361,-0.1215,0.0534,-0.0968,-0.3199,2
47061,4,-0.1207,-0.0578,-0.84,-1.6494,-1.5574,0
47063,1,1.0791,-0.0522,0.2605,0.5592,-0.1433,2
47065,1,1.5169,0.8534,-0.0494,1.171,0.3964,2
47067,4,0.1549,0.0255,0.0785,-1.7136,-1.7019,0
47069,3,-0.0314,-0.0538,-1.4277,-0.2915,-0.8116,0
47071,3,0.2575,0.041,-0.5919,0.1029,-0.861,2
47073,1,0.9459,0.0317,0.1427,-1.0009,0.0378,0
47075,3,0.168,-0.0774,-0.0846,0.2591,-0.8569,1
47077,3,0.0405,-0.0303,-0.8754,0.4497,-0.2352,2
47079,3,0.6301,-0.0396,-0.3814,0.1145,-0.5509,2
47081,1,0.0067,0.1038,-0.1407,-0.9077,-0.2575,0
47083,4,0.0548,-1.1782,-0.3302,-0.6634,-0.4203,1
47085,3,0.1891,-0.0503,-0.1446,0.4832,0.0145,2
47087,4,-0.2829,-0.3278,0.2951,-1.3674,-0.8152,2
47089,1,0.7362,0.0412,-0.1371,-0.1515,0.1173,0
47091,3,0.1775,-0.0117,0.3767,-1.0588,-1.2505,0
47093,1,1.6473,0.8763,-0.1147,1.1556,0.4573,2
47095,4,-0.0714,-0.0214,0.5794,-0.7429,-1.5927,2
47097,3,0.2593,-0.0333,0.3002,-0.1581,-0.8926,2
47099,3,0.1723,0.0251,-0.0158,-0.2759,-0.5765,2
47101,3,-0.3254,-1.108,-0.3558,-0.7218,-0.5053,1
47103,3,0.0543,-1.4195,0.4733,0.1904,0.008,1
47105,1,1.0563,-0.1127,0.0996,0.4522,0.8599,2
47107,2,0.9355,0.8044,0.0974,0.1588,-0.3319,2
47109,3,0.0638,-1.175,-0.9029,-0.7232,-0.514,1
47111,1,-0.0645,-0.3235,0.3222,-0.5136,-0.6288,0
47113,1,0.7535,0.011,-1.1496,1.1241,0.1107,1
47115,1,0.1608,-0.0241,-0.4352,-0.1371,-0.3673,0
47117,3,0.6355,0.0668,0.3748,-0.0283,0.33,2
47119,2,0.6586,0.0292,0.494,0.4458,0.5261,2
47121,4,0.3328,-1.5111,-0.19,-1.3655,-0.7257,1
47123,3,0.6515,0.0565,0.13,0.1517,-0.3333,2
47125,1,1.0951,0.956,0.1233,0.2231,0.4365,2
47127,4,-0.3153,0.0043,0.1396,-1.4932,0.5525,2
47129,3,0.088,-0.0128,-0.7175,-1.8219,-0.7732,0
47131,3,0.3722,-0.0547,0.3346,0.3722,-0.2913,2
47133,3,-0.3674,-0.3211,-0.8047,-0.6465,-0.8388,0
47135,4,-0.4349,-0.0377,-0.2305,-0.8412,-0.9253,2
47137,4,-0.4602,-0.3273,-1.0173,-0.6925,-0.8936,1
47139,1,0.0912,-0.0667,-0.138,-1.2807,-0.5742,0
47141,2,0.631,0.0016,-0.8045,0.9265,-0.1654,1
47143,3,0.4192,-0.0425,-0.4727,-0.1563,-0.6833,1
47145,2,0.7638,-0.0336,-0.353,-0.0988,0.3188,2
47147,1,0.9936,0.1051,0.3889,-0.1816,0.7395,2
47149,1,1.1998,-0.1018,0.5502,0.1473,0.9173,2
47151,3,0.2309,-0.0752,-0.9388,-1.0644,-1.0961,0
47153,1,0.1877,-0.0966,-0.63,-0.8397,-0.4966,0
47155,2,0.7666,-0.0233,-0.1742,1.2858,-0.0196,2
47157,1,1.6529,-0.0408,0.1908,0.5923,0.2113,2
47159,1,0.1483,-0.0357,0.3892,-0.6463,0.0244,0
47161,1,0.0639,0.0413,-0.035,-0.104,-0.3424,0
47163,1,1.7057,-0.0166,-0.1059,0.2339,0.2297,2
47165,1,1.2127,-0.0286,0.5767,-0.1247,1.2082,2
47167,1,0.685,-1.1596,0.5524,-0.6708,0.6682,1
47169,1,0.3411,-0.3653,0.6607,-0.4039,-0.1563,0
47171,1,0.7597,-0.0271,-0.1849,-0.715,-0.3301,0
47173,1,0.4776,-1.444,-0.1748,-1.2732,-0.9593,0
47175,4,-0.3578,-0.0488,-1.0622,-3.0202,-0.7915,0
47177,3,0.3666,-0.0258,-0.5295,0.3294,-0.3983,2
47179,1,1.3727,-0.0867,-0.2604,0.5144,0.1262,1
47181,4,-0.2551,-0.0026,-0.657,-0.7886,-0.883,2
47183,3,0.1037,-0.0789,-0.1646,-0.6295,-0.4098,0
47185,3,0.2218,-0.0461,-0.7523,-0.2923,-0.5244,0
47187,1,1.1283,-0.0768,0.7653,0.6644,3.0582,2
47189,1,1.0645,-0.0753,0.217,0.1057,1.4008,2
48001,2,0.3134,0.5999,-0.9033,-0.1111,-0.7861,0
48003,3,0.2977,0.7405,-1.1526,-0.0506,-0.8387,0
48005,2,0.8339,0.5744,-0.7861,0.3201,-0.4839,0
48007,1,0.0734,-0.3512,-1.2936,0.8214,-0.9903,0
48009,1,-0.6634,0.6612,-0.597,-0.8832,0.4159,0
48011,1,-1.2987,-0.3532,-0.3208,-1.4159,0.4989,0
48013,1,0.2427,0.5547,-0.3738,-0.5129,-1.1152,0
48015,1,-0.0555,0.0833,-0.3817,0.6352,0.2188,0
48017,3,-1.2719,0.6868,-0.2081,-0.5756,-1.411,0
48019,1,-0.531,0.6296,-0.4933,-0.32,-0.1345,0
48021,1,0.1931,0.5564,-0.3322,0.1623,0.487,0
48023,3,-1.1502,0.6796,-0.2468,0.8576,-1.1904,0
48025,2,0.3105,0.6107,-0.5827,-0.1472,-1.2774,0
48027,1,0.7571,0.5755,0.1382,0.4817,0.0853,2
48029,1,1.3175,0.6559,0.1077,0.7964,-0.2727,2
48031,4,-0.7845,0.5952,-0.445,0.5608,0.1185,2
48033,4,-1.8635,-1.528,-0.2283,-3.6027,-0.6589,0
48035,3,-0.3224,0.7394,-0.2283,-0.4824,-0.349,2
48037,1,1.0003,0.589,-0.4726,1.1525,-0.3182,2
48039,1,1.7166,0.6626,0.3179,0.31,0.6169,2
48041,1,0.8694,0.5455,-0.5825,1.174,-0.9378,0
48043,3,-0.7734,0.6752,0.3443,1.5539,-1.2897,2
48045,4,-2.1614,0.6715,-0.0097,-1.0433,-0.7806,0
48047,3,-0.4487,0.6687,-1.1963,0.3487,-2.9912,0
48049,2,-0.0782,0.6495,-0.4211,0.8346,-0.8217,0
48051,1,0.0216,0.0052,-0.5423,-0.5765,-0.6221,0
48053,3,-0.2817,0.6183,-0.3033,0.7048,0.0906,2
48055,1,0.0854,0.5794,-0.3122,0.1594,-0.2973,0
48057,1,0.5295,0.516,-1.1237,0.7596,-1.0006,0
48059,1,-1.1304,0.6647,-0.3524,0.0413,-0.1969,0
48061,1,0.5128,0.6119,0.2658,0.1111,-2.6872,0
48063,3,0.3592,0.5924,-4.5925,-0.0032,-0.9157,0
48065,1,-0.9118,0.6621,0.0381,-1.7132,0.4615,0
48067,3,0.4484,0.6013,-1.5528,0.5016,-0.577,2
48069,3,-0.9376,0.7033,0.2873,-1.0407,-1.0028,0
48071,1,1.1449,0.6488,-0.8315,-1.1529,0.5146,0
48073,3,0.3543,0.6015,-0.869,0.1977,-0.753,2
48075,3,-0.8308,-1.5311,0.0781,0.6324,-1.0516,1
48077,1,-0.7805,0.6818,-0.489,-0.8492,0.0816,0
48079,4,-1.5432,0.6964,-0.3804,-2.5006,-2.0344,0
48081,4,-1.4838,0.8724,-0.2623,-0.8262,-1.1185,0
48083,3,-0.9413,0.6382,-0.1161,0.9372,-1.1236,2
48085,1,1.2809,0.6321,0.29,0.7272,2.4851,2
48087,4,-1.0482,0.6916,0.061,-1.1899,-1.2142,2
48089,3,-0.4202,0.6506,-0.2976,0.7616,-0.6057,2
48091,1,0.6703,0.5908,0.2126,0.8491,0.8331,2
48093,3,-0.7618,0.6601,-0.7471,0.1999,-0.9178,0
48095,4,-1.7291,0.6927,0.2679,-0.924,-1.0604,0
48097,3,0.3048,0.5889,-0.5126,1.0424,0.0919,2
48099,1,0.1475,0.5725,-0.386,-1.1362,0.1919,0
48101,4,-2.0471,0.2408,-0.2025,-1.5088,-1.3106,0
48103,3,-1.4419,0.7227,-0.5534,0.5647,-0.9739,0
48105,3,-2.3672,0.677,-0.3112,0.4708,-1.5432,0
48107,1,-1.2932,0.7255,0.0433,-0.5978,-1.99,0
48109,4,-1.9495,0.6473,0.118,0.3884,-2.105,0
48111,3,-0.8018,0.6804,0.2635,0.9584,-0.8731,2
48113,1,1.6642,0.6358,-0.012,1.1619,-0.0188,2
48115,3,-0.3246,0.743,-0.8223,0.1356,-1.3238,0
48117,3,-0.0098,0.6752,0.2432,-0.2505,-1.4842,0
48119,1,-0.2308,0.6084,-4.4965,-0.5682,-0.47,0
48121,1,1.2164,0.6518,-0.118,0.614,1.7573,2
48123,3,-0.4211,-1.552,-0.5713,0.9612,-1.0396,1
48125,4,-2.1459,0.2502,-0.1192,-0.2724,-1.4438,0
48127,3,-1.4782,0.5372,-0.0845,-0.4741,-3.1087,0
48129,4,-1.0364,0.6693,-0.2166,-0.0903,-1.1759,2
48131,3,-1.2646,0.6792,-0.3611,-1.2839,-2.3178,0
48133,3,-1.1254,0.6685,-0.6486,0.6088,-0.989,0
48135,1,0.4441,0.3036,-0.6311,0.9439,-1.0176,0
48137,4,-2.1096,-0.3618,-0.0902,-3.2358,-1.9907,0
48139,1,0.8038,0.6691,0.1564,0.3105,0.813,2
48141,1,0.9866,0.6834,0.3045,0.2372,-1.3775,0
48143,3,-0.126,0.6383,-0.8003,0.3685,-0.7253,2
48145,3,-0.1396,0.5793,-0.201,-0.0296,-1.136,0
48147,3,-0.3119,0.6185,0.0896,0.1272,-0.3126,2
48149,3,-0.1577,0.0148,-0.2712,1.4591,-0.1991,2
48151,4,-1.4055,-1.5333,0.1511,-1.0994,-0.9628,1
48153,3,-1.4443,0.6783,-0.1232,-0.755,-1.4698,0
48155,4,-1.6193,0.2525,-0.0695,-1.2787,-0.7456,0
48157,1,1.5296,0.6478,-0.3316,0.7732,1.8128,2
48159,4,0.0625,0.5899,-4.5207,-0.0217,-0.4511,0
48161,3,0.0669,0.6182,-1.105,-0.0532,-0.3559,2
48163,3,-0.9039,0.0143,-0.0729,-0.5437,-2.1827,0
48165,3,-0.3654,0.7607,-0.6747,-0.7611,-1.4549,0
48167,1,1.661,0.6792,-1.166,1.0074,0.1736,2
48169,3,-1.7065,-0.308,-0.0164,0.9016,-1.0247,0
48171,3,-0.8045,0.6154,0.0984,1.3682,0.332,2
48173,4,-1.6445,-0.3015,-0.0283,-4.9439,-0.878,0
48175,1,-0.4549,-1.55,-0.5263,0.3634,-0.5987,0
48177,3,0.1237,0.5715,-0.5712,0.3778,-1.2116,2
48179,3,0.2921,0.6862,-0.3193,0.9029,-0.4284,2
48181,1,0.7937,0.6109,-0.0113,0.8867,0.1983,2
48183,1,1.2371,0.0694,-4.6336,1.4607,-0.1221,0
48185,3,-0.0406,0.6399,-0.5306,-0.1596,-0.7245,0
48187,1,0.5984,0.5798,-0.101,0.1708,0.4445,2
48189,2,0.1657,0.6976,0.1268,0.47,-1.0461,0
48191,4,-1.7676,-0.3555,-0.0341,-0.6794,-1.8748,0
48193,3,-0.7819,-0.3695,-0.6789,0.2495,-0.3969,0
48195,3,-1.4439,0.6648,-4.2633,-0.3397,-0.5869,0
48197,3,-1.2663,0.2429,0.1458,-0.1298,-0.7642,0
48199,1,0.8881,0.8161,-1.3743,-0.4053,0.447,0
48201,1,2.3469,0.7022,-1.2996,1.1077,-0.1725,2
48203,2,0.8346,0.6027,-1.4102,0.322,-0.3122,0
48205,4,-1.8835,-0.3473,0.1752,-2.0355,1.0581,2
48207,3,-1.4874,0.7197,0.2423,0.9421,-1.4396,0
48209,1,0.544,0.7697,0.1869,0.8303,0.5218,2
48211,4,-1.0494,0.6623,-0.172,1.8352,0.0607,2
48213,2,0.2638,0.621,-1.2497,0.0525,-0.5221,0
48215,1,0.4388,0.6135,0.1825,-0.0792,-3.0272,0
48217,3,0.2141,0.5969,0.2064,0.3345,-0.5283,2
48219,3,-0.4164,0.902,-0.3012,0.5321,-0.8846,2
48221,2,-0.1129,0.6658,-1.1168,0.7789,0.8668,2
48223,3,0.369,0.8012,-4.4861,0.1871,-0.2864,0
48225,3,0.1344,0.5825,-0.6876,-0.5935,-1.0753,0
48227,2,0.095,-0.3044,0.059,0.7858,-0.9499,0
48229,4,-2.4037,0.0772,0.0712,-3.0767,-3.3037,0
48231,1,0.3374,0.7985,-0.1657,0.5564,-0.0645,0
48233,3,0.2658,0.8878,-0.097,0.6745,-0.07,2
48235,1,-1.7996,-0.3551,-0.282,-1.4644,-0.215,0
48237,3,-0.6556,0.6337,-0.7758,-0.6112,-0.3274,0
48239,3,-0.1572,0.0185,-0.5641,0.022,-0.3968,2
48241,3,0.5298,0.8178,-1.6483,0.4516,-0.4667,2
48243,4,-2.3213,0.6095,0.1219,-0.917,-1.2056,0
48245,1,1.9151,0.765,-0.6246,1.1711,-0.3668,2
48247,3,-1.5356,0.1605,-0.5814,-0.3508,-2.2278,0
48249,2,0.0963,0.7665,-0.4575,0.4121,-1.471,0
48251,1,0.7376,0.7888,-0.2231,-0.2587,0.6048,2
48253,1,-0.6594,-1.5282,0.2914,-0.7498,-0.8475,0
48255,3,-0.3955,0.0345,-0.2924,0.2506,-1.6298,0
48257,1,0.8107,0.6299,-0.5203,0.4725,0.4593,2
48259,1,0.1076,0.5752,-0.3676,0.9553,1.1091,2
48261,4,-2.1449,-0.391,-1.4835,-5.5297,-2.5472,0
48263,4,-2.3443,0.2425,-0.1566,-4.7883,-0.8889,0
48265,2,-0.0194,0.7667,0.1061,1.1858,-0.0133,2
48267,3,-1.0835,0.6284,-0.4354,-0.1242,-1.106,0
48269,4,-2.6194,0.2378,-0.1095,-1.944,-1.0162,0
48271,4,-2.0576,0.0071,-4.9797,-0.8447,-1.7976,0
48273,2,0.1132,0.7635,-0.6901,0.6649,-1.7143,0
48275,4,-1.6949,0.2433,0.3725,-1.2763,-1.5321,0
48277,2,0.5516,0.8009,-0.85,1.0027,-0.3832,2
48279,3,-1.0121,0.712,-0.1783,-0.0862,-1.2804,0
48281,1,-0.3855,-0.0221,-0.6598,0.1192,-0.0271,0
48283,3,-1.4262,0.0025,-0.3151,-0.6575,-2.6354,0
48285,3,-0.1802,0.0005,-0.2702,0.2598,-0.4887,2
48287,3,0.1126,0.5253,-0.5604,0.0192,-0.1211,2
48289,4,-0.4946,0.0341,-1.2239,0.2491,-0.6809,2
48291,1,0.8798,0.6483,-0.8401,-0.7507,-0.0652,0
48293,3,0.111,0.5417,-0.649,0.1048,-0.8927,2
48295,4,-1.8372,-0.3493,-4.5266,-1.2227,-0.4982,0
48297,3,-0.3378,-0.0093,-0.1405,-0.3096,-1.0947,0
48299,3,-0.5521,0.6653,0.0963,0.2935,0.0869,2
48301,4,-2.2046,-1.5164,-4.9698,-3.9578,-0.1876,0
48303,1,0.3307,0.7969,-0.0537,1.1989,-0.4981,2
48305,3,-1.1775,0.702,-0.2998,-1.2781,-1.4402,0
48307,3,-0.6581,0.0718,-0.0626,1.3805,-1.3647,2
48309,1,0.5555,0.6189,0.1963,0.7803,-0.4296,2
48311,4,-1.2122,0.547,-0.3473,-2.6057,-1.3082,0
48313,3,-0.0759,0.0158,-0.7133,-0.5706,-0.7144,0
48315,4,0.2419,0.6048,-1.8326,0.2721,-1.4972,2
48317,3,-0.9855,0.9164,-0.7114,-2.6532,-1.041,0
48319,4,-1.1416,0.6252,-0.0159,-0.4357,-0.5325,2
48321,2,0.366,0.0745,-0.216,0.57,-1.1026,0
48323,2,-0.2825,0.5662,-4.667,0.0301,-3.5052,0
48325,1,-0.1935,0.5798,0.1086,-0.0112,-0.1953,0
48327,4,-1.4096,-0.3599,-0.0021,-2.0667,-1.7408,0
48329,1,0.5588,0.3585,-0.3437,1.0225,0.0487,2
48331,3,0.3301,0.5957,-0.1323,0.1051,-0.5503,2
48333,4,-1.3495,0.6588,-0.5376,-0.4039,-0.7893,2
48335,3,-1.4971,0.6226,-0.2357,-0.3039,-1.1038,0
48337,3,-0.3565,0.6432,-0.8409,0.5223,-0.5833,2
48339,1,1.378,0.9146,-1.4839,0.5553,1.0722,2
48341,3,-0.0771,0.6905,0.0721,0.1556,-0.7055,2
48343,3,0.2556,0.063,-4.629,-0.255,-0.642,0
48345,4,-2.4411,0.2649,-0.1717,-3.1423,-0.8535,0
48347,2,0.7556,0.6121,-0.5317,0.6837,-1.1358,0
48349,2,0.4134,0.624,-0.3656,0.3297,-0.7214,0
48351,4,0.4068,0.5964,-1.8837,-1.9635,-1.3268,0
48353,3,-0.2389,0.7395,-0.0178,1.0141,-1.0842,2
48355,1,0.856,0.5635,-0.2716,1.0902,-0.6887,2
48357,3,-0.51,0.6701,-4.2577,0.2025,-0.405,0
48359,4,-1.8863,0.6837,0.0417,-3.1257,-0.7768,0
48361,1,1.5545,0.6041,-0.9939,0.5159,-0.0306,2
48363,3,0.0493,0.6127,-0.6283,0.9868,-0.6182,2
48365,3,0.4781,0.5773,-1.0521,-0.3893,-0.401,2
48367,1,0.144,0.6513,-0.9625,0.4472,0.8098,0
48369,3,-1.1234,0.713,0.2905,-2.7065,-1.0896,0
48371,3,-0.5198,0.6631,-0.0376,0.3646,-1.4179,0
48373,3,-0.101,0.678,-1.1636,0.263,-0.8122,0
48375,1,0.4952,-0.3002,-0.3694,1.4784,-0.9382,1
48377,3,-2.3182,0.6409,0.1627,-0.7267,-3.4789,0
48379,4,-0.4292,0.6059,-4.512,-0.137,-0.5463,0
48381,1,0.3355,0.6978,-0.2484,0.3459,1.1567,2
48383,3,-2.302,-0.3576,-0.2694,-0.5978,-0.8518,0
48385,4,-1.9143,0.5214,-0.3724,-0.3055,-1.4596,0
48387,3,-0.4624,0.5965,-0.1926,-0.5449,-0.9908,0
48389,3,-0.4378,0.6748,0.1921,-0.2909,-2.8328,0
48391,3,-0.2624,-0.02,-0.5272,0.1559,-1.0121,0
48393,4,-1.4168,-0.2937,-0.6065,-2.1773,0.8022,0
48395,1,-0.2357,0.0029,-0.773,-0.4801,-1.0422,0
48397,1,0.6879,-1.5432,-0.2804,0.9269,2.3439,1
48399,3,-0.792,0.6847,0.0694,1.1702,-1.0923,2
48401,1,0.5476,0.6172,-0.8311,-0.1977,-0.3553,0
48403,4,-0.5971,0.5906,-1.3154,-0.7545,-1.4211,0
48405,4,-0.2526,0.5479,-1.0959,-0.2961,-1.2621,2
48407,1,-0.1552,0.6482,-1.5562,-1.6971,-0.5617,0
48409,1,0.3895,0.5542,-0.5313,0.2689,-0.6182,0
48411,3,-1.0915,0.6455,-0.1422,0.9456,-0.9908,2
48413,4,-1.4277,0.669,0.0025,-2.02,-1.208,0
48415,3,-0.748,0.6829,0.0951,-0.3099,-0.6963,0
48417,4,-1.4172,0.6903,-0.1251,-0.5088,0.003,2
48419,3,0.0875,0.6063,-1.0864,-0.479,-0.9886,0
48421,4,-1.4936,-0.2875,0.4066,-0.0964,-0.5952,2
48423,1,0.8993,0.6161,-4.5426,0.8144,0.0489,0
48425,4,0.1163,0.614,-1.3454,0.7247,0.2437,2
48427,2,-0.2781,0.6113,-0.2299,-0.5526,-4.81,0
48429,3,-0.7786,0.6762,-0.1901,1.3416,-0.6304,2
48431,4,-2.1961,0.0685,-0.3674,-2.927,-0.7149,0
48433,4,-1.998,-0.3588,0.0437,-0.6617,-1.2104,0
48435,3,-1.6133,0.6704,-0.0296,0.423,-1.0802,0
48437,3,-0.7896,0.681,0.1413,-0.0361,-0.8491,0
48439,1,1.3578,0.6393,-0.5067,0.9974,0.6043,2
48441,1,0.286,0.6698,-0.0547,0.9991,-0.2927,2
48443,4,-3.024,-0.3518,-0.0796,0.4781,-2.2271,0
48445,3,-0.2515,0.7286,-0.3654,-0.7428,-1.3943,0
48447,4,-2.0461,0.6408,-0.1613,-1.2058,-0.774,0
48449,3,0.864,0.605,-4.6033,0.4045,-0.7975,0
48451,1,0.2541,0.6992,0.1422,0.981,-0.4943,2
48453,1,1.2405,0.6375,0.0539,1.1613,0.5752,2
48455,4,-0.1004,0.6448,-1.1987,-0.9609,-0.9987,2
48457,3,0.004,0.6023,-1.3334,-0.6124,-0.7764,0
48459,1,0.4919,0.5926,-4.6563,-0.6057,0.0401,0
48461,4,-1.7168,0.2665,-0.2504,-0.365,-1.4215,0
48463,3,-0.1653,0.574,0.138,0.4681,-1.8167,0
48465,2,-0.103,0.5761,-0.0661,0.2695,-2.1064,0
48467,3,0.1557,0.6164,-0.7828,-0.1436,-0.0873,2
48469,1,0.888,0.5975,-0.6871,1.1431,-0.0265,2
48471,2,0.6353,0.6186,-0.8697,-0.3363,-0.7179,0
48473,1,0.5203,0.6348,-0.7548,-0.764,-0.6157,0
48475,3,-0.4631,0.6839,-0.4385,0.6622,-1.1716,0
48477,3,0.3996,0.6191,-0.2765,1.0776,-0.0962,2
48479,1,0.6132,0.5946,-0.279,0.5776,-2.3947,0
48481,2,0.2092,0.6395,-0.0729,0.3214,-0.5749,0
48483,4,-1.5296,0.7266,-0.2907,-1.2358,-0.5564,0
48485,1,0.5738,0.6945,-0.301,1.0527,-0.1348,2
48487,3,0.0011,0.6813,-0.1147,0.7159,-0.4443,2
48489,3,-0.418,0.6002,-0.0568,-1.2249,-3.1491,0
48491,1,0.8766,0.6082,0.185,0.3578,1.9235,2
48493,1,0.132,0.5623,-0.4101,-0.4799,0.3331,0
48495,3,-0.4038,0.6739,-1.1266,0.1111,-1.5444,0
48497,1,-0.1054,0.64,-0.9016,-0.3461,0.5824,0
48499,3,0.2647,0.6101,-4.5304,-0.2892,-0.2779,0
48501,3,-1.3623,0.7044,-0.0068,-0.6609,-1.6618,0
48503,3,-0.056,0.6411,-0.6086,1.0498,-0.6321,2
48505,3,-0.8739,0.6219,-0.8803,-0.4575,-3.3314,0
48507,3,-1.2009,-0.0027,-0.0748,-1.0216,-4.3896,0
49001,4,-2.1636,1.0111,0.7355,-0.4562,0.4242,2
49003,2,0.0852,1.0027,0.5572,0.0711,1.4615,2
49005,1,0.3258,0.9369,0.2851,0.2999,0.9827,2
49007,3,-0.4452,-1.1145,0.0132,0.8802,-0.1927,1
49009,4,-2.3069,1.021,-0.1817,-1.87,-1.1073,0
49011,1,0.583,0.9998,0.763,-0.0989,2.3553,2
49013,3,-1.2073,0.0057,0.128,-0.0901,-0.7681,0
49015,4,-1.3935,0.9549,-0.2504,-0.6786,0.2454,2
49017,4,-2.1126,1.0331,-0.2088,-0.2796,-0.4735,2
49019,3,-0.9742,1.0093,-0.1362,1.2439,-0.3658,2
49021,2,-0.7819,1.0359,0.4023,0.565,0.0552,2
49023,1,-1.1973,0.969,0.1654,-0.7285,0.6882,0
49025,3,-1.4211,1.0305,-0.7234,0.6997,-0.0761,2
49027,3,-1.5822,0.9847,0.4274,0.4599,0.4952,2
49029,1,-0.7797,0.9819,-0.053,-0.7709,2.0704,0
49031,4,-2.2724,-0.0133,0.594,-3.3173,-0.5144,0
49033,4,-1.5737,-0.0264,-0.1911,-0.508,-0.0554,2
49035,1,0.867,1.0378,1.5072,0.6559,1.4081,2
49037,3,-1.8232,1.0699,-0.172,-0.3195,-2.4985,0
49039,3,-1.1444,0.962,0.1683,-0.9803,0.3075,0
49041,3,-1.0844,0.9859,0.4286,0.4335,0.6007,2
49043,1,-0.6211,1.0189,-0.1359,1.884,2.4041,2
49045,1,-0.0294,1.0112,0.3515,0.1583,1.1115,2
49047,3,-0.8273,0.9526,0.0997,0.4074,-0.0658,2
49049,1,0.5623,1.0371,0.5726,0.1093,1.4973,2
49051,3,-0.9571,1.0403,-0.3134,0.0472,1.575,2
49053,1,-0.2128,1.0461,0.0703,0.6269,0.5065,2
49055,4,-2.567,0.9944,-0.2917,0.0709,-0.1327,2
49057,1,0.6443,0.9868,0.9843,0.3929,1.0786,2
50001,3,-0.0859,0.9316,0.4604,0.3918,0.8819,2
50003,3,0.3551,0.9501,0.3249,1.535,0.6784,2
50005,3,-0.2046,0.9081,0.0842,0.5038,0.1961,2
50007,1,0.8448,0.9677,0.1427,1.7092,1.2744,2
50009,4,-0.8192,0.8226,-0.1057,-2.2126,-0.6994,0
50011,1,0.0278,0.9395,0.3619,0.3598,0.7906,2
50013,1,-0.4194,0.8692,0.4243,-1.0978,0.559,0
50015,4,-0.4766,0.911,0.1806,1.0762,0.6949,2
50017,4,-0.2598,0.9151,0.3208,0.0086,0.6221,2
50019,3,-0.3412,0.8511,0.0065,0.1788,-0.4039,2
50021,2,0.5809,0.9496,0.1598,1.3936,0.4473,2
50023,2,0.2593,0.9317,0.2866,1.4962,0.9607,2
50025,3,0.2985,0.9735,0.4641,1.6169,0.492,2
50027,3,0.1135,0.8881,0.3189,1.1998,0.9189,2
51001,3,-0.3585,-0.3725,0.5539,-0.3387,-0.5845,1
51003,1,0.747,-0.296,0.8778,0.4281,1.9842,2
51005,3,-0.1244,-1.4723,0.5857,0.4048,0.5519,1
51007,1,-0.015,-1.5303,-0.0342,-0.9306,0.2933,0
51009,1,0.6876,-1.4725,0.5113,-0.3043,0.5438,1
51011,1,0.1376,-1.5038,0.3744,-1.0964,0.2691,0
51013,1,1.7063,-1.5362,-0.1501,1.3052,1.8849,1
51015,2,0.2468,-1.472,0.4214,-0.9162,1.3458,1
51017,4,-0.7336,-0.3707,0.2776,-3.2126,-0.1816,0
51019,1,0.5236,-0.3058,0.2671,-0.9912,1.3009,0
51021,4,-0.1982,-1.5273,-0.0487,-1.4573,-0.3763,1
51023,1,0.3727,-0.3639,0.338,-1.2057,1.7264,1
51025,3,-0.2301,-0.2983,-0.3857,-0.9658,-0.6434,0
51027,4,-0.0836,-1.524,-0.1804,-0.6972,-1.6027,1
51029,4,-0.2253,-1.5185,0.1578,-2.875,-0.7189,1
51031,1,0.7096,-1.4965,0.2552,-0.9249,0.5561,1
51033,1,0.1651,0.0431,-0.3894,-0.6264,0.6326,0
51035,3,0.1259,0.132,0.2653,-0.7009,-0.3512,2
51036,1,0.4505,-1.5357,-0.4421,-1.371,0.4264,0
51037,4,-0.3254,-0.9093,-0.0528,-0.6729,-0.6868,1
51041,1,1.3553,-1.5321,-0.2855,-0.1312,2.4134,1
51043,1,0.4272,0.0754,0.7486,-0.6793,1.6943,2
51045,1,-0.0831,-1.5207,-0.0916,-1.9028,0.4466,0
51047,3,0.0932,-0.4734,0.858,-0.0011,1.0157,2
51049,1,-0.232,0.7199,0.2609,-0.8615,-0.2511,0
51051,4,-0.1204,-1.514,-0.4156,-1.0975,-1.2042,1
51053,1,0.7011,-0.3433,-0.1467,-1.7055,0.8167,0
51057,4,0.0055,-1.5362,-0.4832,0.8968,0.4419,1
51059,1,1.4366,0.1095,0.4174,0.7989,3.309,2
51061,1,0.465,-0.3107,0.8927,0.4632,2.5378,2
51063,4,-0.0807,-0.3724,0.2592,-2.0039,-0.0061,2
51065,1,0.0034,-1.3805,0.6125,-1.9459,1.4206,0
51067,1,0.3085,1.0429,0.2101,-0.7572,0.5261,0
51069,1,0.8716,-0.3177,0.5633,-0.4743,1.5339,2
51071,1,0.3072,0.8356,0.2287,0.2116,0.2416,2
51073,1,0.4823,-1.5345,-0.3341,-0.5432,1.2683,1
51075,1,0.2869,0.0842,0.0251,-0.8333,1.7728,2
51077,4,-0.2091,-1.4635,0.3273,-2.1663,-0.5641,1
51079,1,-0.0799,-1.4802,0.5941,-1.753,1.0736,0
51081,3,0.0498,-1.5371,-0.7113,-0.6332,-0.4055,1
51083,3,0.4463,0.3381,0.1153,-0.2838,-0.4356,2
51085,1,1.1245,1.0269,-0.5618,-0.1538,2.692,2
51087,1,1.4507,0.1214,-0.6076,0.3643,1.8056,2
51089,2,0.6818,-1.462,0.2752,-0.8114,-0.06,1
51091,4,-1.0227,-1.5173,-0.0654,-1.5001,-0.6467,1
51093,1,0.4541,-1.4904,-0.8047,-0.1268,1.3257,1
51095,1,0.7486,-0.3722,-0.5787,1.0233,2.2273,2
51097,1,0.0738,-1.5348,-0.4614,-3.6177,0.0728,0
51099,4,0.3521,0.0732,-0.6548,-0.9223,1.1568,2
51101,1,0.8605,-1.5365,-0.4001,-1.0027,1.2212,1
51103,4,-0.2613,0.0753,-0.4463,0.2937,0.1441,2
51105,4,0.1094,-1.4972,0.6192,-0.8064,-1.2963,1
51107,1,1.2071,0.1667,0.9439,0.7712,3.5311,2
51109,1,-0.0791,-0.1868,0.0914,-1.0575,0.6874,0
51111,4,-0.2894,0.0906,-0.2304,-1.5437,-0.7049,2
51113,4,-0.3924,-1.5184,0.5407,-1.1723,0.5707,1
51115,1,-0.0395,-0.3636,-0.2645,-0.9402,0.9606,0
51117,3,0.0337,-0.3178,-0.1524,0.6235,-0.6733,1
51119,4,-0.1088,-1.543,-0.2725,-1.23,-0.0253,1
51121,1,0.927,-1.43,0.6206,0.4376,0.0107,1
51125,1,-0.0938,-0.3139,0.8015,-0.4039,0.0615,0
51127,1,0.487,-0.3377,-0.522,-0.5309,1.4981,1
51131,4,-0.57,-0.3611,0.2658,0.3108,-0.7712,2
51133,4,-0.5311,0.3117,-0.4238,-0.0158,0.2201,2
51135,3,-0.0896,-0.8901,-0.1139,-0.594,-0.6005,1
51137,3,-0.0187,0.7703,0.5732,-0.6191,1.1144,2
51139,3,-0.0478,-0.3273,0.642,-0.7321,0.124,1
51141,4,-0.0398,-1.5232,0.4923,-0.9524,-0.6238,1
51143,1,0.4754,0.1961,0.12,-1.3278,0.2021,0
51145,1,0.2083,-1.0953,-0.1857,-1.4795,1.9522,1
51147,3,-0.1413,-0.827,0.1733,0.4604,-0.868,1
51149,1,1.0105,-1.5407,-0.7825,-0.8069,1.4494,1
51153,1,1.1572,0.0979,0.4814,0.2669,2.8819,2
51155,1,0.6069,0.1033,0.0805,-0.7863,0.0381,0
51157,4,-0.2477,-1.5208,0.4931,-0.3644,0.8067,1
51159,4,-0.1367,0.0239,-0.3385,-0.3428,-0.3661,2
51161,1,0.9163,0.0857,0.412,0.6564,2.1513,2
51163,3,-0.1796,0.0949,0.8028,-0.3715,0.3343,2
51165,1,0.5292,-1.4692,0.4734,-1.0203,0.9589,1
51167,3,0.2538,0.1805,0.3164,-1.086,-0.7521,0
51169,1,0.611,-0.3064,0.2109,-0.2668,-0.6203,0
51171,3,0.1493,0.0716,0.5298,-0.2628,0.6677,2
51173,3,0.1931,-1.0636,0.2591,-0.2352,-0.3179,1
51175,3,0.0577,0.0269,-0.6564,0.0174,-0.2032,2
51177,1,0.5165,-1.5249,-0.075,0.1357,2.2158,1
51179,1,0.7409,0.0701,0.1036,-0.2011,3.0185,2
51181,1,0.1119,-1.5394,-0.5679,-1.667,0.1983,0
51183,1,0.1459,-1.4887,-0.6986,-0.4577,-0.5428,0
51185,3,0.1762,-1.4997,-0.1233,0.2039,-0.4478,1
51187,1,0.7607,0.0968,0.7248,0.3594,0.9034,2
51191,1,0.7141,-1.0623,0.2874,0.5695,0.4495,1
51193,3,0.1308,-1.512,-0.3087,-1.4998,-0.2284,1
51195,3,0.3261,-1.5186,-0.0559,0.1708,-0.6986,1
51197,3,0.0939,-0.3143,0.2947,0.214,-0.044,1
51199,1,0.9187,-1.4938,-0.7902,-0.2331,2.6467,1
51510,1,1.6134,-1.5383,-0.5571,2.0428,1.378,1
51515,1,1.1843,-1.532,-0.6225,0.9489,-0.749,1
51520,1,1.4085,-1.5296,-0.6173,1.0187,-0.2821,1
51530,3,0.4235,-1.5313,0.4176,-1.2454,0.1503,1
51540,1,1.2243,-1.5329,0.4026,2.4709,-0.2287,1
51550,1,1.2206,-1.5553,0.3405,0.3397,1.5926,1
51560,3,-0.1025,-1.5277,0.5607,-6.0606,-0.2504,0
51570,1,1.4818,-1.5436,-0.9947,1.0381,1.4427,1
51580,3,0.8733,-1.5312,-0.1491,1.1681,-0.1294,1
51590,1,1.1306,-1.5267,-1.1027,1.2977,-0.9364,1
51595,3,0.9739,-1.5378,-1.5835,1.8562,-0.6336,1
51600,1,1.3508,-1.5338,-0.3417,3.4853,2.6466,1
51610,1,1.4551,-1.5376,0.1223,3.8838,3.0873,1
51620,3,0.8914,-1.5515,-1.756,0.9637,-0.3894,1
51630,1,1.0038,-1.5415,-0.5024,1.5628,-0.0828,1
51640,3,0.787,-1.526,-0.5283,1.501,-0.5916,1
51650,1,1.1355,-1.5576,-1.2263,0.2041,0.6252,1
51660,1,1.2239,-1.528,-0.5218,1.4127,-0.7079,1
51670,1,1.7714,-1.543,-1.3149,-0.0884,-0.078,1
51678,3,0.5535,-1.5321,-4.9948,2.0093,-0.1957,1
51680,1,1.3067,-1.5343,-0.3342,1.4967,-0.0161,1
51683,1,1.2083,-1.528,-0.2077,0.7478,2.0426,1
51685,1,1.1774,-1.5334,-5.1365,-2.1925,1.6671,0
51690,2,1.149,-1.5306,-0.215,1.7824,-0.6894,1
51700,1,1.1748,-1.5464,-1.3865,0.7042,0.3898,1
51710,1,1.4563,-1.5554,-0.6516,0.3239,-0.4898,1
51720,3,0.5793,-1.5205,-0.3831,3.0242,-1.0736,1
51730,1,1.4772,-1.546,-1.1315,1.2875,-0.814,1
51735,1,0.7535,-1.5566,-1.4018,-1.0792,2.6049,1
51740,1,1.3265,-1.561,-0.7248,0.0559,-0.1905,1
51750,1,1.006,-1.5239,-0.2827,-0.0535,-0.6201,1
51760,1,1.7446,-1.533,-1.2033,1.6848,-0.5453,1
51770,1,1.3171,-1.5321,-0.4999,0.8596,-0.0877,1
51775,1,1.1056,-1.5222,-0.1878,0.4959,1.0829,1
51790,2,0.8966,-1.5308,-0.5567,0.9976,0.4544,1
51800,1,0.8635,-1.5447,-0.3383,0.3427,0.6947,1
51810,1,1.1265,-1.552,0.3401,0.1977,1.5941,1
51820,2,1.5171,-1.5313,0.3428,0.7601,0.2041,1
51830,1,0.9175,-1.5539,-1.4835,0.8266,-1.3622,1
51840,1,1.5426,-1.527,-0.211,2.174,0.248,1
53001,3,-0.3616,-1.5329,0.8354,0.741,-0.8715,1
53003,1,0.9346,-1.5239,0.5131,0.5097,0.3569,1
53005,1,0.596,-1.5371,0.8894,0.8476,0.9823,1
53007,1,0.1716,-1.5527,0.6034,1.7157,-0.1224,1
53009,2,0.0674,-1.5556,0.5928,0.8396,0.302,1
53011,1,1.7464,-1.5535,1.4369,0.7173,1.2956,1
53013,3,-1.7793,-1.5241,0.7074,0.8289,-0.1064,1
53015,1,1.3914,-1.5462,0.7341,0.8082,0.4213,1
53017,1,0.1202,-1.5469,0.6361,-0.7739,0.3694,1
53019,4,-1.7857,-1.5394,0.4327,0.0745,-1.3075,1
53021,1,0.5248,-1.5266,0.9528,0.9503,-0.7855,1
53023,4,-0.7813,-1.5215,0.5481,-0.6644,-0.0084,1
53025,2,-0.1777,-1.5395,0.9754,0.581,-0.8443,1
53027,2,0.3382,-1.5582,0.9955,1.1847,-0.2113,1
53029,2,0.3469,-1.5542,0.531,0.6906,1.1988,1
53031,3,0.0626,-1.5566,0.4838,-0.1022,0.5703,1
53033,1,1.3158,-1.548,1.0437,1.5738,1.5954,1
53035,1,0.7945,-1.5545,0.2036,0.9604,1.1872,1
53037,3,0.1383,-1.5472,0.8488,1.1926,-0.312,1
53039,3,-0.3848,-1.5477,0.9338,0.0471,-0.3526,1
53041,2,0.5567,-1.5423,0.6297,0.9015,0.0189,1
53043,4,-0.5644,-1.5352,0.7373,-0.5434,0.3414,1
53045,3,0.3294,-1.5577,0.4994,0.0789,0.2916,1
53047,3,-0.98,-1.546,0.8116,0.9214,-1.1608,1
53049,3,-0.3431,-1.5563,0.6959,0.9746,-0.5642,1
53051,4,-0.8098,-1.5288,0.3284,0.6719,-0.7264,1
53053,1,0.991,-1.5465,0.8402,0.7813,0.9033,1
53055,4,-0.2344,-1.5535,0.5586,1.0077,1.0627,1
53057,1,0.5258,-1.5385,1.119,1.2643,0.7031,1
53059,1,-0.157,-1.5434,0.8521,-0.1969,0.2114,1
53061,1,0.851,-1.5415,0.8921,0.8696,1.6967,1
53063,1,0.9308,-1.5322,0.7995,1.0466,0.5007,1
53065,3,-0.2764,-1.5358,1.0571,0.4016,0.1491,1
53067,1,0.9074,-1.549,0.804,1.1196,1.1399,1
53069,4,-0.0277,-1.5542,0.4464,-0.8659,0.691,1
53071,2,0.4142,-1.5239,0.8529,0.8959,0.0929,1
53073,1,1.0537,-1.5438,1.1052,1.4648,0.4282,1
53075,2,0.2744,-1.5268,0.5519,0.7488,-0.4334,1
53077,1,0.6933,-1.5451,1.0049,0.5914,-0.8043,1
54001,3,0.1181,1.1003,0.5735,-1.117,-0.8397,2
54003,1,1.2324,1.0838,0.488,-0.0888,0.4879,2
54005,1,0.3408,1.0437,-0.644,-0.6149,-1.0572,0
54007,4,-0.3076,1.0479,-0.0737,0.0026,-1.2357,2
54009,1,1.4217,1.1152,0.6314,-0.0912,0.3121,2
54011,1,1.5915,1.0219,0.1413,0.8212,-0.3066,2
54013,4,-0.1746,1.0108,0.0979,-1.1291,-1.8064,2
54015,1,0.0159,1.0535,-0.6427,-3.112,-1.6501,0
54017,4,0.2228,0.2424,0.1844,-3.301,-0.8906,0
54019,3,0.4032,1.2913,-0.8902,-0.0836,-0.9247,2
54021,4,0.0221,1.1809,-0.0508,-0.9685,-1.751,2
54023,3,-0.0226,0.2517,-0.0095,-0.4787,-0.5758,2
54025,3,-0.0563,1.0727,0.0141,0.7147,-0.7158,2
54027,1,0.0837,1.0743,0.1978,-1.1379,-0.5295,0
54029,1,1.542,1.0499,0.5374,0.671,0.3523,2
54031,4,0.051,0.2332,0.2553,-1.1991,-0.3081,2
54033,2,0.9882,1.0717,0.6835,0.7242,-0.246,2
54035,3,0.7755,0.2397,0.2098,-0.3019,0.0223,2
54037,1,0.8568,1.0966,0.5988,-0.4313,1.1407,2
54039,1,1.697,1.0851,-0.1737,1.0893,0.0708,2
54041,3,0.4719,1.0749,0.1978,-0.4974,-0.534,2
54043,1,0.431,-1.4863,-0.0621,-1.198,-1.4163,0
54045,3,0.168,1.0116,-0.4324,-0.4998,-1.049,0
54047,3,-0.0527,1.1001,-0.3825,-1.2825,-2.7127,0
54049,2,1.114,1.0775,0.3432,0.2606,-0.3192,2
54051,1,1.0278,1.0741,0.5845,-0.1484,-0.2115,2
54053,3,0.7893,0.78,0.3555,-0.9282,-0.7831,2
54055,2,0.6312,1.0953,0.039,0.4125,-0.7542,2
54057,1,0.7195,0.2128,0.5415,-0.4223,0.1279,0
54059,3,0.0747,1.0696,-0.9067,-0.2484,-1.6707,0
54061,1,1.3268,1.0665,0.2411,0.602,-0.4167,2
54063,4,-0.0953,1.0989,0.0145,-2.7489,-0.4507,2
54065,1,0.3414,0.2423,0.2425,-1.3063,0.0874,0
54067,3,-0.0954,1.0909,-0.7174,-0.7215,-0.6496,0
54069,1,1.4041,1.0352,0.7543,1.4256,-0.0923,2
54071,4,-0.3498,0.2533,-0.1112,-1.8849,-0.5748,2
54073,1,0.9147,0.9568,0.2258,-1.2102,0.1084,0
54075,4,-0.7865,1.1215,-0.1881,-0.2581,-1.0321,2
54077,1,0.2697,1.0689,0.1031,-0.6361,-0.4497,0
54079,1,1.2174,1.0265,0.1406,-0.6924,1.1889,2
54081,2,0.7117,1.0482,-0.3949,0.5793,-0.3773,2
54083,3,0.4442,1.1289,-0.6019,0.2967,-0.5101,2
54085,4,0.3936,1.032,0.2943,-0.9693,-0.8128,2
54087,3,0.4426,1.2628,0.038,-0.5675,-1.288,2
54089,3,0.3039,1.0669,-0.5468,-1.3302,-1.5274,0
54091,3,0.4942,-0.6462,0.3099,-1.2051,-0.5096,1
54093,4,-0.2468,1.0915,-0.7205,-1.5309,-0.8573,2
54095,3,0.5422,1.0621,0.2351,-1.4546,-0.4979,2
54097,3,0.6032,1.1126,0.3381,0.1249,-0.5729,2
54099,1,1.1598,1.0955,-0.3962,-0.7953,-0.2197,0
54101,4,-0.6486,1.1125,-0.821,-1.676,-2.2553,0
54103,3,0.8649,1.0261,0.2386,-0.6629,-0.5293,2
54105,1,0.4214,-1.5117,0.0325,-2.2193,-0.6808,0
54107,1,1.7231,1.0278,0.222,0.8611,0.191,2
54109,3,-0.0997,1.0711,-0.6724,-1.2102,-1.2449,0
55001,4,-0.0864,-0.0822,-0.0144,-0.0455,-0.5062,2
55003,3,0.1441,0.7569,0.1037,1.468,-0.3,2
55005,3,0.1605,0.0152,0.5252,0.8442,0.6205,2
55007,4,-1.0093,0.5656,-0.2562,0.9463,-0.4449,2
55009,1,1.5505,0.7827,0.3112,0.7478,1.0965,2
55011,4,-0.2733,-0.2482,-0.0908,-0.0771,0.8953,2
55013,4,-0.7211,0.6628,-0.0972,0.9339,-0.2796,2
55015,1,0.7189,0.8338,0.7198,-0.6812,1.8461,2
55017,1,0.2462,0.765,0.4497,0.6744,0.8098,2
55019,4,-0.4361,0.8261,0.3435,0.1578,0.4477,2
55021,1,0.6007,0.802,-0.1136,0.6936,1.5487,2
55023,3,0.1365,0.55,-0.0231,0.5314,0.1371,2
55025,1,1.4272,0.8574,0.6648,1.0567,1.3246,2
55027,2,0.8262,0.8141,0.8205,-0.2203,1.3122,2
55029,3,-0.0536,-0.1356,0.0138,1.3328,0.5193,2
55031,1,0.7183,-0.0705,-0.0827,1.0528,0.3056,2
55033,3,0.2321,0.6707,-0.1143,-0.0129,0.5738,2
55035,1,0.7364,0.7089,0.1805,1.1195,0.7607,2
55037,4,-0.8081,-0.1735,0.09,-1.2954,-0.1375,2
55039,1,0.8799,0.8403,0.8411,0.4659,1.1889,2
55041,4,-0.9993,-0.2146,-0.0088,0.3861,-0.7283,2
55043,3,0.174,0.7358,0.6174,0.7949,0.8025,2
55045,3,0.5641,0.7645,0.9899,0.6893,1.3386,2
55047,3,0.1273,0.775,0.5438,0.8035,0.7876,2
55049,1,-0.3065,0.7149,0.8676,0.7529,1.1204,2
55051,4,-0.6025,-0.193,0.0728,1.6038,-0.5835,2
55053,3,-0.1579,-0.0703,-0.0508,0.3682,0.2357,2
55055,2,0.9288,0.7421,0.8389,0.1783,1.3213,2
55057,3,-0.0272,-0.1449,-0.48,0.7787,0.0554,2
55059,1,1.4351,0.7158,0.7326,0.2742,0.9443,2
55061,1,0.2585,0.7407,-0.2724,0.1712,1.2545,2
55063,1,0.7703,0.6572,-0.4687,1.0636,0.8218,2
55065,4,-0.3381,0.7814,1.7232,-0.307,1.0015,2
55067,3,0.2349,-0.0943,0.4323,0.7982,0.0148,2
55069,3,0.1867,0.73,0.4894,0.745,0.4714,2
55071,2,1.0155,0.8654,0.3085,0.5687,1.0701,2
55073,1,0.6689,0.9115,0.8205,0.8819,1.1092,2
55075,3,0.334,0.7357,0.0081,0.906,0.0628,2
55077,4,-0.1661,0.6634,-0.0395,-0.4243,0.1937,2
55078,4,-0.6472,-1.5073,-0.6154,-2.4288,-1.7318,0
55079,1,1.9266,0.6208,0.4791,0.5094,0.0689,2
55081,3,0.3339,0.602,-0.3159,0.3673,0.5901,2
55083,1,0.1228,0.7918,0.1749,0.479,0.6193,2
55085,3,0.0219,0.7861,0.003,1.609,0.08,2
55087,1,1.3157,0.8347,0.8199,0.642,1.5288,2
55089,1,1.2342,0.9026,0.4236,0.1538,2.6445,2
55091,4,-0.3493,0.7275,-0.0811,0.6441,0.8876,2
55093,1,0.5052,0.6695,0.0828,-0.2096,1.6721,2
55095,3,-0.1912,-0.0489,0.321,0.4987,0.9632,2
55097,2,0.7735,0.8488,0.8304,0.806,0.84,2
55099,4,-0.6088,-0.1732,0.2293,0.8947,-0.042,2
55101,1,1.3682,0.8798,0.9894,0.2822,0.99,2
55103,3,0.0205,0.8426,-0.5812,0.7226,0.4813,2
55105,1,1.2663,0.8145,0.766,0.5792,0.8881,2
55107,3,-0.2767,0.7095,0.2546,0.5084,-0.198,2
55109,1,0.472,-1.5184,0.24,0.3955,2.1773,1
55111,2,0.3723,0.6816,-0.5929,1.3407,0.9162,2
55113,4,-0.4513,0.6548,0.3217,0.9781,-0.5855,2
55115,3,0.3511,0.6635,0.5008,0.7064,0.8493,2
55117,1,1.0721,0.7589,0.4149,0.4358,1.2285,2
55119,3,-0.2182,0.8497,0.4279,0.4391,0.3479,2
55121,4,-0.2873,0.6568,0.1745,0.2775,0.7369,2
55123,3,-0.1628,0.4926,-0.3812,0.2258,0.1926,2
55125,4,-0.7978,-0.1256,0.015,1.4098,-0.1319,2
55127,2,0.8455,0.8393,0.9547,0.9103,0.9487,2
55129,3,-0.6661,0.8089,0.0672,1.0214,-0.1903,2
55131,1,1.1712,0.8444,0.5907,0.2084,2.1041,2
55133,1,1.3908,0.8273,1.0431,0.3246,2.4978,2
55135,3,0.5079,0.8425,0.628,0.638,1.0331,2
55137,4,-0.2939,0.8201,0.5138,0.2529,0.0374,2
55139,1,1.1763,0.7546,0.7533,0.685,1.1163,2
55141,2,0.9145,0.7885,0.567,0.6839,0.9018,2
56001,2,0.0009,1.0732,0.1576,1.0557,-0.258,2
56003,4,-1.5938,1.1391,0.2636,0.7304,-0.0709,2
56005,2,0.0403,1.0688,0.3393,0.8454,1.1537,2
56007,3,-0.5644,1.0098,0.2778,1.1915,-0.0647,2
56009,3,-0.5167,1.063,0.0672,1.0622,0.5611,2
56011,4,-1.8779,0.98,0.3501,-0.8082,0.384,2
56013,3,-0.2969,1.083,0.4449,1.0182,-0.2787,2
56015,3,-0.5936,1.09,0.3632,0.5906,0.062,2
56017,3,-0.8724,0.0794,0.2003,0.6567,0.2071,2
56019,3,-0.7283,1.0189,0.0912,1.2204,0.4734,2
56021,1,-0.105,1.0681,0.3691,1.1032,0.9131,2
56023,3,-0.775,1.0224,0.2906,0.5959,0.7095,2
56025,1,0.139,1.0039,0.1744,1.2099,0.5861,2
56027,4,-2.3546,1.0225,0.5345,0.0906,0.1897,2
56029,3,-0.3206,1.037,0.8193,1.3517,0.3981,2
56031,3,-1.3228,1.0223,0.2847,0.6535,0.143,2
56033,3,0.1101,0.6471,0.283,1.1154,0.5051,2
56035,4,-1.7345,1.088,0.376,0.2264,0.1178,2
56037,2,-0.0395,1.1304,0.3291,1.3093,0.8329,2
56039,3,-0.5573,1.0716,0.3165,2.4189,1.8121,2
56041,3,-0.8144,1.1627,0.2533,1.1342,0.7159,2
56043,3,-0.2443,1.0046,0.151,0.7285,-0.068,2
56045,3,-1.6385,1.0395,0.2976,0.6379,0.0439,2
